# Blender 5.0.1
# www.blender.org
mtllib base_link.mtl
o base_link
v 0.361728 -0.255745 0.025002
v 0.361728 -0.240711 0.025002
v 0.392508 -0.256976 0.025002
v 0.427521 -0.278444 0.025002
v 0.453765 -0.296066 0.025002
v 0.449826 -0.305516 0.025002
v 0.361608 -0.257246 0.025002
v 0.440091 -0.319261 0.025002
v 0.360309 -0.260749 0.025002
v 0.449739 -0.305688 0.025002
v 0.360499 -0.260426 0.025002
v 0.335053 -0.265745 0.025002
v 0.350961 -0.265745 0.025002
v 0.358806 -0.288176 0.025002
v 0.354792 -0.265112 0.025002
v 0.378197 -0.304506 0.025002
v 0.356391 -0.264415 0.025002
v 0.415983 -0.333510 0.025002
v 0.358186 -0.263205 0.025002
v 0.425851 -0.329853 0.025002
v 0.437678 -0.321745 0.025002
v 0.361728 -0.224255 0.025002
v 0.361182 -0.221082 0.025002
v 0.466746 -0.191561 0.025002
v 0.468664 -0.135368 0.025002
v 0.360308 -0.219249 0.025002
v 0.359622 -0.218268 0.025002
v 0.303198 -0.214255 0.025002
v 0.320288 -0.202911 0.025002
v 0.350961 -0.214255 0.025002
v 0.341933 -0.190721 0.025002
v 0.354063 -0.214663 0.025002
v 0.391086 -0.167311 0.025002
v 0.356397 -0.215588 0.025002
v 0.357200 -0.216065 0.025002
v 0.405635 -0.161000 0.025002
v 0.463532 -0.240822 0.025002
v 0.460801 -0.264376 0.025002
v 0.457557 -0.282378 0.025002
v 0.453900 -0.295670 0.025002
v 0.000052 -0.217885 0.025002
v 0.000052 -0.239361 0.025002
v -0.066262 -0.236648 0.025002
v -0.280808 -0.233339 0.025002
v -0.289372 -0.225325 0.025002
v -0.247356 -0.229191 0.025002
v -0.289372 -0.224255 0.025002
v -0.289918 -0.221082 0.025002
v -0.290792 -0.219249 0.025002
v -0.263887 -0.210492 0.025002
v -0.291478 -0.218268 0.025002
v -0.293612 -0.216260 0.025002
v -0.054065 -0.322033 0.025002
v -0.051366 -0.324439 0.025002
v -0.050558 -0.349672 0.025002
v -0.048900 -0.325696 0.025002
v 0.000052 -0.327000 0.025002
v 0.000052 -0.349753 0.025002
v -0.041533 -0.327000 0.025002
v -0.046805 -0.326372 0.025002
v -0.041533 -0.282000 0.025002
v -0.048669 -0.283214 0.025002
v -0.061718 -0.275865 0.025002
v -0.048971 -0.283332 0.025002
v -0.052265 -0.285198 0.025002
v -0.054070 -0.286974 0.025002
v -0.054545 -0.287630 0.025002
v -0.055665 -0.290130 0.025002
v -0.055902 -0.292000 0.025002
v -0.055902 -0.317000 0.025002
v -0.100446 -0.349417 0.025002
v -0.055411 -0.319678 0.025002
v -0.054090 -0.322001 0.025002
v -0.141496 -0.197854 0.025002
v -0.211520 -0.225287 0.025002
v -0.229732 -0.205692 0.025002
v -0.232833 -0.248246 0.025002
v -0.200008 -0.245098 0.025002
v -0.180965 -0.282215 0.025002
v -0.132680 -0.239804 0.025002
v -0.122440 -0.278085 0.025002
v 0.000052 -0.281999 0.025002
v -0.148890 -0.348969 0.025002
v -0.195167 -0.348311 0.025002
v -0.223860 -0.304544 0.025002
v -0.235034 -0.288618 0.025002
v -0.259303 -0.256973 0.025002
v -0.263360 -0.252156 0.025002
v 0.000052 -0.193683 0.025002
v -0.069293 -0.194611 0.025002
v -0.125444 -0.196919 0.025002
v -0.299544 -0.329774 0.025002
v -0.278331 -0.346290 0.025002
v -0.344160 -0.343207 0.025002
v -0.275298 -0.346391 0.025002
v -0.340016 -0.298893 0.025002
v -0.319191 -0.312907 0.025002
v -0.354902 -0.325958 0.025002
v -0.289372 -0.255745 0.025002
v -0.294709 -0.264415 0.025002
v -0.292914 -0.263205 0.025002
v -0.284246 -0.264748 0.025002
v -0.296308 -0.265112 0.025002
v -0.290791 -0.260749 0.025002
v -0.290601 -0.260426 0.025002
v -0.289492 -0.257246 0.025002
v -0.410664 -0.334921 0.025002
v -0.415879 -0.333510 0.025002
v -0.381202 -0.315195 0.025002
v -0.378092 -0.304506 0.025002
v -0.358702 -0.288176 0.025002
v -0.388983 -0.338916 0.025002
v -0.395541 -0.337931 0.025002
v -0.372862 -0.318219 0.025002
v -0.350451 -0.293418 0.025002
v -0.334949 -0.265745 0.025002
v -0.300139 -0.265745 0.025002
v -0.303766 -0.276980 0.025002
v -0.280015 -0.300032 0.025002
v -0.238554 -0.347424 0.025002
v -0.258609 -0.323690 0.025002
v -0.315869 -0.266493 0.025002
v -0.375364 -0.340580 0.025002
v -0.232833 0.248246 0.025002
v -0.259312 0.256959 0.025002
v -0.235033 0.288617 0.025002
v 0.000052 0.235786 0.025002
v 0.000052 0.193683 0.025002
v -0.069293 0.194611 0.025002
v -0.293612 0.216260 0.025002
v -0.290791 0.219250 0.025002
v -0.263887 0.210492 0.025002
v -0.290601 0.219574 0.025002
v -0.289492 0.222754 0.025002
v -0.289372 0.224255 0.025002
v -0.247356 0.229191 0.025002
v -0.061718 0.275865 0.025002
v -0.055411 0.288322 0.025002
v -0.054090 0.285999 0.025002
v -0.054065 0.285967 0.025002
v -0.051366 0.283561 0.025002
v -0.048900 0.282304 0.025002
v 0.000052 0.280999 0.025002
v 0.000052 0.275244 0.025002
v -0.041533 0.281000 0.025002
v -0.046805 0.281628 0.025002
v -0.050558 0.349672 0.025002
v -0.055665 0.317870 0.025002
v -0.100446 0.349417 0.025002
v -0.055902 0.316000 0.025002
v -0.148890 0.348969 0.025002
v -0.122440 0.278085 0.025002
v -0.055902 0.291000 0.025002
v 0.000052 0.349753 0.025002
v 0.000052 0.326000 0.025002
v -0.041533 0.326000 0.025002
v -0.048669 0.324786 0.025002
v -0.048971 0.324668 0.025002
v -0.052265 0.322802 0.025002
v -0.054070 0.321026 0.025002
v -0.054545 0.320370 0.025002
v -0.066262 0.236648 0.025002
v -0.132680 0.239804 0.025002
v -0.200008 0.245098 0.025002
v -0.180965 0.282215 0.025002
v -0.211520 0.225287 0.025002
v -0.222063 0.204790 0.025002
v -0.141496 0.197854 0.025002
v -0.289372 0.225325 0.025002
v -0.280808 0.233339 0.025002
v -0.263360 0.252156 0.025002
v -0.121431 0.196704 0.025002
v -0.223690 0.304798 0.025002
v -0.195167 0.348311 0.025002
v -0.300139 0.214255 0.025002
v -0.297341 0.214585 0.025002
v -0.289095 0.194266 0.025002
v -0.320184 0.202911 0.025002
v -0.303093 0.214255 0.025002
v -0.313152 0.180153 0.025002
v -0.386162 0.149546 0.025002
v -0.390982 0.167311 0.025002
v -0.341829 0.190721 0.025002
v -0.382064 0.129682 0.025002
v -0.469201 0.103755 0.025002
v -0.468560 0.135368 0.025002
v -0.405531 0.161000 0.025002
v -0.338073 0.168722 0.025002
v -0.280126 0.163006 0.025002
v -0.307179 0.154042 0.025002
v -0.274970 0.138695 0.025002
v -0.274004 0.133417 0.025002
v -0.262999 0.000000 0.025002
v -0.319343 0.000000 0.025002
v -0.264402 0.050280 0.025002
v -0.320659 0.048021 0.025002
v -0.333315 0.144956 0.025002
v -0.329197 0.120489 0.025002
v -0.376016 0.087801 0.025002
v -0.325401 0.096141 0.025002
v -0.372696 0.044289 0.025002
v -0.371744 0.000000 0.025002
v -0.273841 0.132498 0.025002
v -0.266187 0.074372 0.025002
v -0.264420 0.050583 0.025002
v -0.469645 0.069963 0.025002
v -0.469897 0.035220 0.025002
v -0.469951 0.019750 0.025002
v -0.469976 0.000000 0.025002
v -0.404406 0.336323 0.025002
v -0.411846 0.330497 0.025002
v -0.415549 0.333607 0.025002
v -0.415879 0.333510 0.025002
v -0.300139 0.265745 0.025002
v -0.334949 0.265745 0.025002
v -0.315869 0.266493 0.025002
v -0.360497 0.289746 0.025002
v -0.350451 0.293418 0.025002
v -0.373919 0.301104 0.025002
v -0.381202 0.315195 0.025002
v -0.289372 0.255745 0.025002
v -0.289918 0.258918 0.025002
v -0.284246 0.264748 0.025002
v -0.290792 0.260751 0.025002
v -0.291478 0.261732 0.025002
v -0.293900 0.263935 0.025002
v -0.294703 0.264412 0.025002
v -0.303766 0.276980 0.025002
v -0.297037 0.265337 0.025002
v -0.275298 0.346391 0.025002
v -0.238554 0.347424 0.025002
v -0.258609 0.323690 0.025002
v -0.280015 0.300032 0.025002
v -0.340016 0.298893 0.025002
v -0.372862 0.318219 0.025002
v -0.319191 0.312907 0.025002
v -0.278331 0.346290 0.025002
v -0.299544 0.329774 0.025002
v -0.344160 0.343207 0.025002
v -0.401130 0.336961 0.025002
v -0.388983 0.338916 0.025002
v -0.377289 0.340370 0.025002
v 0.320288 0.202911 0.025002
v 0.303198 0.214255 0.025002
v 0.350961 0.214255 0.025002
v 0.382982 0.170919 0.025002
v 0.354792 0.214888 0.025002
v 0.356391 0.215585 0.025002
v 0.468664 0.135368 0.025002
v 0.466277 0.201105 0.025002
v 0.361728 0.224255 0.025002
v 0.361728 0.240711 0.025002
v 0.336451 0.193647 0.025002
v 0.358186 0.216795 0.025002
v 0.360309 0.219251 0.025002
v 0.468197 0.152719 0.025002
v 0.360499 0.219574 0.025002
v 0.361608 0.222754 0.025002
v 0.392508 0.256976 0.025002
v 0.427521 0.278444 0.025002
v 0.463532 0.240822 0.025002
v 0.453765 0.296066 0.025002
v 0.456826 0.285502 0.025002
v 0.460488 0.266478 0.025002
v 0.350961 0.265745 0.025002
v 0.335053 0.265745 0.025002
v 0.360601 0.289746 0.025002
v 0.361728 0.255745 0.025002
v 0.448827 0.307406 0.025002
v 0.360308 0.260751 0.025002
v 0.440091 0.319261 0.025002
v 0.359622 0.261732 0.025002
v 0.453036 0.298106 0.025002
v 0.357200 0.263935 0.025002
v 0.421810 0.331554 0.025002
v 0.429716 0.327837 0.025002
v 0.361182 0.258918 0.025002
v 0.415983 0.333510 0.025002
v 0.411951 0.330497 0.025002
v 0.374023 0.301104 0.025002
v 0.356397 0.264412 0.025002
v 0.354063 0.265337 0.025002
v 0.466271 -0.130719 0.164910
v 0.456395 -0.125000 0.164910
v 0.466200 -0.133650 0.164910
v 0.455552 -0.125000 0.164910
v 0.464287 -0.189226 0.164910
v 0.456395 0.125000 0.164910
v 0.466271 0.130719 0.164910
v 0.465734 0.150800 0.164910
v -0.454942 0.279638 0.164910
v -0.458185 0.261578 0.164910
v -0.335850 0.211279 0.164910
v -0.467453 0.019492 0.164910
v -0.467477 0.000000 0.164910
v -0.354948 0.152500 0.164910
v -0.350053 0.183402 0.164910
v -0.354948 -0.152500 0.164910
v -0.460916 0.238092 0.164910
v -0.463664 0.198676 0.164910
v -0.465587 0.150796 0.164910
v 0.350158 -0.183402 0.164910
v 0.335954 -0.211279 0.164910
v 0.288754 -0.344877 0.164910
v 0.342128 -0.342265 0.164910
v 0.461078 -0.238093 0.164910
v 0.375082 -0.339396 0.164910
v 0.458350 -0.261578 0.164910
v 0.455110 -0.279638 0.164910
v 0.335954 0.211279 0.164910
v 0.455552 0.125000 0.164910
v 0.313831 0.233402 0.164910
v 0.222699 0.346671 0.164910
v 0.285954 0.247606 0.164910
v 0.255052 0.252500 0.164910
v 0.313831 -0.233402 0.164910
v 0.222699 -0.346671 0.164910
v 0.285954 -0.247606 0.164910
v 0.255052 -0.252500 0.164910
v 0.033119 -0.348405 0.164910
v 0.288754 0.344877 0.164910
v 0.463819 0.198678 0.164910
v 0.342128 0.342265 0.164910
v 0.461078 0.238093 0.164910
v 0.373164 0.339610 0.164910
v 0.393249 0.336894 0.164910
v 0.350158 0.183402 0.164910
v 0.355052 0.152500 0.164910
v 0.355052 -0.152500 0.164910
v -0.313726 -0.233402 0.164910
v -0.373009 -0.339609 0.164910
v -0.285850 -0.247606 0.164910
v -0.341969 -0.342265 0.164910
v -0.254948 -0.252500 0.164910
v -0.335850 -0.211279 0.164910
v -0.408159 -0.333780 0.164910
v -0.393092 -0.336893 0.164910
v -0.466056 -0.133649 0.164910
v -0.464134 -0.189225 0.164910
v -0.350053 -0.183402 0.164910
v -0.460916 -0.238092 0.164910
v -0.457873 -0.263681 0.164910
v -0.454211 -0.282787 0.164910
v -0.437461 0.317424 0.164910
v -0.447122 0.303317 0.164910
v -0.313726 0.233402 0.164910
v -0.447208 0.303143 0.164910
v -0.451285 0.293082 0.164910
v -0.285850 0.247606 0.164910
v -0.374924 0.339395 0.164910
v -0.398659 0.335892 0.164910
v -0.413030 0.332416 0.164910
v 0.447289 -0.303319 0.164910
v 0.447376 -0.303143 0.164910
v 0.413190 -0.332417 0.164910
v 0.398818 -0.335893 0.164910
v 0.451453 -0.293081 0.164910
v -0.254948 0.252500 0.164910
v -0.273514 0.345385 0.164910
v -0.341969 0.342265 0.164910
v -0.273514 -0.345385 0.164910
v -0.193881 -0.347180 0.164910
v 0.000084 -0.348432 0.164910
v -0.450420 -0.295559 0.164910
v -0.446209 -0.305088 0.164910
v -0.437461 -0.317424 0.164910
v -0.427071 -0.326398 0.164910
v -0.419173 -0.330278 0.164910
v -0.423207 0.328504 0.164910
v -0.435236 0.319827 0.164910
v 0.423369 -0.328506 0.164910
v 0.435207 -0.320026 0.164910
v 0.437625 -0.317426 0.164910
v 0.033119 0.348405 0.164910
v 0.000084 0.348432 0.164910
v -0.193881 0.347180 0.164910
v 0.437625 0.317426 0.164910
v 0.427233 0.326400 0.164910
v 0.419333 0.330279 0.164910
v 0.458038 0.263682 0.164910
v 0.454379 0.282787 0.164910
v 0.408317 0.333782 0.164910
v 0.450588 0.295560 0.164910
v 0.446377 0.305089 0.164910
v 0.467835 -0.130714 0.079083
v 0.468316 -0.123224 0.061055
v 0.468181 -0.126394 0.064903
v 0.468452 -0.119343 0.057881
v 0.470001 -0.035220 0.025002
v 0.470080 0.000000 0.025002
v 0.469592 0.000000 0.053595
v 0.469750 -0.069963 0.025002
v 0.468789 -0.105167 0.053596
v 0.469305 -0.103755 0.025002
v 0.468694 -0.110144 0.054085
v 0.468579 -0.114942 0.055536
v 0.468051 -0.128760 0.069308
v 0.467934 -0.130219 0.074089
v 0.470056 0.019755 0.025002
v 0.468789 0.105167 0.053596
v 0.467835 0.130714 0.079083
v 0.467933 0.130224 0.074117
v 0.468050 0.128769 0.069329
v 0.468180 0.126418 0.064939
v 0.468316 0.123236 0.061068
v 0.468451 0.119379 0.057906
v 0.468579 0.114963 0.055545
v 0.469305 0.103755 0.025002
v 0.468693 0.110172 0.054090
v 0.469750 0.069963 0.025002
v 0.470001 0.035220 0.025002
v 0.137593 0.051246 0.025002
v 0.136835 0.000000 0.025002
v 0.000052 0.000000 0.025002
v 0.000052 0.146474 0.025002
v 0.069397 0.194611 0.025002
v 0.297445 0.214584 0.025002
v 0.289198 0.194265 0.025002
v 0.297137 0.214663 0.025002
v 0.294807 0.215586 0.025002
v 0.000052 0.100368 0.025002
v 0.070411 0.149112 0.025002
v 0.070135 0.100859 0.025002
v 0.140998 0.151176 0.025002
v 0.254879 0.185822 0.025002
v 0.247708 0.158785 0.025002
v 0.217999 0.181036 0.025002
v 0.212733 0.155321 0.025002
v 0.280490 0.164086 0.025002
v 0.280230 0.163006 0.025002
v 0.141644 0.175010 0.025002
v 0.229831 0.205691 0.025002
v 0.263991 0.210492 0.025002
v 0.293714 0.216259 0.025002
v 0.263103 0.000000 0.025002
v 0.203105 0.051274 0.025002
v 0.206326 0.102793 0.025002
v 0.139232 0.101856 0.025002
v 0.208809 0.128957 0.025002
v 0.125541 0.196919 0.025002
v 0.141600 0.197854 0.025002
v 0.274108 0.133417 0.025002
v 0.266291 0.074372 0.025002
v 0.264524 0.050583 0.025002
v 0.275075 0.138695 0.025002
v 0.070411 -0.149112 0.025002
v 0.000052 -0.148348 0.025002
v 0.000052 -0.100368 0.025002
v 0.288780 -0.193046 0.025002
v 0.297445 -0.214584 0.025002
v 0.296408 -0.214888 0.025002
v 0.294802 -0.215589 0.025002
v 0.293714 -0.216259 0.025002
v 0.254879 -0.185822 0.025002
v 0.137593 -0.051246 0.025002
v 0.203105 -0.051274 0.025002
v 0.206326 -0.102793 0.025002
v 0.140998 -0.151176 0.025002
v 0.212733 -0.155321 0.025002
v 0.141644 -0.175010 0.025002
v 0.217999 -0.181036 0.025002
v 0.247708 -0.158785 0.025002
v 0.208809 -0.128957 0.025002
v 0.139232 -0.101856 0.025002
v 0.266018 -0.071280 0.025002
v 0.269398 -0.102698 0.025002
v 0.269486 -0.103379 0.025002
v 0.275123 -0.138950 0.025002
v 0.280230 -0.163006 0.025002
v 0.283697 -0.176482 0.025002
v 0.069397 -0.194611 0.025002
v 0.121535 -0.196704 0.025002
v 0.264883 -0.056355 0.025002
v 0.264506 -0.050280 0.025002
v 0.263991 -0.210492 0.025002
v 0.222167 -0.204790 0.025002
v 0.141600 -0.197854 0.025002
v -0.070307 0.149112 0.025002
v -0.294702 0.215589 0.025002
v -0.296308 0.214888 0.025002
v -0.140894 0.151176 0.025002
v -0.212628 0.155321 0.025002
v -0.141540 0.175010 0.025002
v -0.217894 0.181036 0.025002
v -0.139128 0.101856 0.025002
v -0.206221 0.102793 0.025002
v -0.208705 0.128957 0.025002
v -0.247604 0.158785 0.025002
v -0.254775 0.185822 0.025002
v -0.137489 0.051246 0.025002
v -0.203001 0.051274 0.025002
v -0.136730 0.000000 0.025002
v -0.199299 0.000000 0.025002
v -0.137489 -0.051246 0.025002
v -0.297341 -0.214585 0.025002
v -0.288286 -0.191895 0.025002
v -0.297037 -0.214663 0.025002
v -0.294707 -0.215586 0.025002
v -0.070307 -0.149112 0.025002
v -0.070030 -0.100859 0.025002
v -0.140894 -0.151176 0.025002
v -0.206221 -0.102793 0.025002
v -0.208705 -0.128957 0.025002
v -0.275018 -0.138949 0.025002
v -0.283593 -0.176483 0.025002
v -0.254775 -0.185822 0.025002
v -0.247604 -0.158785 0.025002
v -0.217894 -0.181036 0.025002
v -0.212628 -0.155321 0.025002
v -0.141540 -0.175010 0.025002
v -0.264420 -0.050583 0.025002
v -0.203001 -0.051274 0.025002
v -0.139128 -0.101856 0.025002
v -0.269294 -0.102698 0.025002
v -0.265914 -0.071279 0.025002
v -0.264779 -0.056358 0.025002
v -0.280126 -0.163006 0.025002
v 0.320763 0.048021 0.025002
v 0.371849 0.000000 0.025002
v 0.300239 0.214255 0.025002
v 0.313256 0.180153 0.025002
v 0.321610 0.000000 0.025002
v 0.382168 0.129682 0.025002
v 0.333419 0.144956 0.025002
v 0.386267 0.149546 0.025002
v 0.338177 0.168722 0.025002
v 0.372800 0.044289 0.025002
v 0.325505 0.096141 0.025002
v 0.376120 0.087801 0.025002
v 0.329302 0.120489 0.025002
v 0.307284 0.154042 0.025002
v 0.376120 -0.087801 0.025002
v 0.320763 -0.048021 0.025002
v 0.300239 -0.214255 0.025002
v 0.313256 -0.180153 0.025002
v 0.338177 -0.168722 0.025002
v 0.382168 -0.129682 0.025002
v 0.386267 -0.149546 0.025002
v 0.329302 -0.120489 0.025002
v 0.333419 -0.144956 0.025002
v 0.307284 -0.154042 0.025002
v 0.325505 -0.096141 0.025002
v 0.372800 -0.044289 0.025002
v 0.056439 0.313229 0.025002
v 0.050663 0.349672 0.025002
v 0.100551 0.349417 0.025002
v 0.061823 0.275865 0.025002
v 0.122544 0.278085 0.025002
v 0.132784 0.239804 0.025002
v 0.066366 0.236648 0.025002
v 0.247460 0.229191 0.025002
v 0.289472 0.225329 0.025002
v 0.289472 0.224255 0.025002
v 0.290018 0.221082 0.025002
v 0.290892 0.219249 0.025002
v 0.291578 0.218268 0.025002
v 0.041533 0.281000 0.025002
v 0.048669 0.282214 0.025002
v 0.048971 0.282332 0.025002
v 0.052265 0.284198 0.025002
v 0.054070 0.285974 0.025002
v 0.054545 0.286630 0.025002
v 0.055665 0.289130 0.025002
v 0.055902 0.291000 0.025002
v 0.055902 0.316000 0.025002
v 0.055411 0.318678 0.025002
v 0.054090 0.321001 0.025002
v 0.054065 0.321033 0.025002
v 0.051366 0.323439 0.025002
v 0.048900 0.324696 0.025002
v 0.046805 0.325372 0.025002
v 0.041533 0.326000 0.025002
v 0.033302 0.349718 0.025002
v 0.232937 0.248246 0.025002
v 0.263465 0.252156 0.025002
v 0.280169 0.234073 0.025002
v 0.211624 0.225287 0.025002
v 0.200112 0.245098 0.025002
v 0.181070 0.282215 0.025002
v 0.148994 0.348969 0.025002
v 0.195271 0.348311 0.025002
v 0.223959 0.304552 0.025002
v 0.234509 0.289493 0.025002
v 0.259402 0.256979 0.025002
v 0.224108 0.347756 0.025002
v 0.278435 0.346290 0.025002
v 0.319045 0.313088 0.025002
v 0.300239 0.265745 0.025002
v 0.315460 0.266904 0.025002
v 0.283866 0.265264 0.025002
v 0.289592 0.257246 0.025002
v 0.289472 0.255745 0.025002
v 0.294809 0.264415 0.025002
v 0.293014 0.263205 0.025002
v 0.303442 0.277377 0.025002
v 0.296408 0.265112 0.025002
v 0.290891 0.260749 0.025002
v 0.290701 0.260426 0.025002
v 0.380964 0.315307 0.025002
v 0.372660 0.318340 0.025002
v 0.291630 0.288701 0.025002
v 0.279836 0.300310 0.025002
v 0.350117 0.293617 0.025002
v 0.339747 0.299114 0.025002
v 0.329409 0.305754 0.025002
v 0.290574 0.345861 0.025002
v 0.354780 0.326061 0.025002
v 0.363950 0.321970 0.025002
v 0.344264 0.343207 0.025002
v 0.375465 0.340580 0.025002
v 0.395643 0.337931 0.025002
v 0.404269 0.336372 0.025002
v 0.410767 0.334922 0.025002
v 0.372660 -0.318340 0.025002
v 0.401235 -0.336961 0.025002
v 0.397076 -0.337695 0.025002
v 0.350117 -0.293617 0.025002
v 0.339747 -0.299114 0.025002
v 0.303442 -0.277377 0.025002
v 0.289472 -0.255745 0.025002
v 0.265815 -0.249437 0.025002
v 0.289472 -0.225329 0.025002
v 0.315460 -0.266904 0.025002
v 0.300239 -0.265745 0.025002
v 0.294803 -0.264412 0.025002
v 0.297137 -0.265337 0.025002
v 0.290018 -0.258918 0.025002
v 0.290892 -0.260751 0.025002
v 0.283866 -0.265264 0.025002
v 0.291578 -0.261732 0.025002
v 0.294000 -0.263935 0.025002
v 0.237264 -0.285678 0.025002
v 0.291630 -0.288701 0.025002
v 0.329409 -0.305754 0.025002
v 0.234509 -0.289493 0.025002
v 0.279836 -0.300310 0.025002
v 0.319045 -0.313088 0.025002
v 0.380964 -0.315307 0.025002
v 0.415654 -0.333607 0.025002
v 0.404269 -0.336372 0.025002
v 0.195271 -0.348311 0.025002
v 0.224108 -0.347756 0.025002
v 0.278435 -0.346290 0.025002
v 0.290574 -0.345861 0.025002
v 0.344264 -0.343207 0.025002
v 0.377393 -0.340370 0.025002
v 0.041533 -0.282000 0.025002
v 0.055902 -0.317000 0.025002
v 0.055902 -0.292000 0.025002
v 0.061823 -0.275865 0.025002
v 0.055411 -0.289322 0.025002
v 0.054090 -0.286999 0.025002
v 0.054065 -0.286967 0.025002
v 0.051366 -0.284561 0.025002
v 0.048900 -0.283304 0.025002
v 0.046805 -0.282628 0.025002
v 0.033302 -0.349718 0.025002
v 0.041533 -0.327000 0.025002
v 0.050663 -0.349672 0.025002
v 0.048669 -0.325786 0.025002
v 0.048971 -0.325668 0.025002
v 0.052265 -0.323802 0.025002
v 0.054070 -0.322026 0.025002
v 0.290891 -0.219250 0.025002
v 0.290701 -0.219574 0.025002
v 0.289592 -0.222754 0.025002
v 0.247460 -0.229191 0.025002
v 0.289472 -0.224255 0.025002
v 0.066366 -0.236648 0.025002
v 0.232937 -0.248246 0.025002
v 0.211624 -0.225287 0.025002
v 0.132784 -0.239804 0.025002
v 0.200112 -0.245098 0.025002
v 0.181070 -0.282215 0.025002
v 0.122544 -0.278085 0.025002
v 0.148994 -0.348969 0.025002
v 0.100551 -0.349417 0.025002
v 0.055665 -0.318870 0.025002
v 0.054545 -0.321370 0.025002
v -0.361628 0.255745 0.025002
v -0.361628 0.240714 0.025002
v -0.392409 0.256979 0.025002
v -0.427422 0.278447 0.025002
v -0.453661 0.296066 0.025002
v -0.449721 0.305518 0.025002
v -0.361508 0.257246 0.025002
v -0.350861 0.265745 0.025002
v -0.354692 0.265112 0.025002
v -0.356291 0.264415 0.025002
v -0.358086 0.263205 0.025002
v -0.439987 0.319261 0.025002
v -0.360209 0.260749 0.025002
v -0.449634 0.305687 0.025002
v -0.360399 0.260426 0.025002
v -0.437767 0.321556 0.025002
v -0.425746 0.329853 0.025002
v -0.395238 -0.258601 0.025002
v -0.361628 -0.240714 0.025002
v -0.361628 -0.255745 0.025002
v -0.423022 -0.275591 0.025002
v -0.350861 -0.265745 0.025002
v -0.353963 -0.265337 0.025002
v -0.448722 -0.307407 0.025002
v -0.360208 -0.260751 0.025002
v -0.439987 -0.319261 0.025002
v -0.359522 -0.261732 0.025002
v -0.357100 -0.263935 0.025002
v -0.421706 -0.331553 0.025002
v -0.429612 -0.327837 0.025002
v -0.452931 -0.298107 0.025002
v -0.453661 -0.296066 0.025002
v -0.356297 -0.264412 0.025002
v -0.361082 -0.258918 0.025002
v -0.359522 0.218268 0.025002
v -0.357100 0.216065 0.025002
v -0.350861 0.214255 0.025002
v -0.353963 0.214663 0.025002
v -0.356297 0.215588 0.025002
v -0.360208 0.219249 0.025002
v -0.468093 0.152715 0.025002
v -0.361082 0.221082 0.025002
v -0.466173 0.201103 0.025002
v -0.361628 0.224255 0.025002
v -0.463428 0.240822 0.025002
v -0.460696 0.264377 0.025002
v -0.457453 0.282380 0.025002
v -0.453795 0.295672 0.025002
v -0.390982 -0.167311 0.025002
v -0.341829 -0.190721 0.025002
v -0.350861 -0.214255 0.025002
v -0.320184 -0.202911 0.025002
v -0.303093 -0.214255 0.025002
v -0.466642 -0.191561 0.025002
v -0.361508 -0.222754 0.025002
v -0.463428 -0.240822 0.025002
v -0.361628 -0.224255 0.025002
v -0.354692 -0.214888 0.025002
v -0.356291 -0.215585 0.025002
v -0.405531 -0.161000 0.025002
v -0.358086 -0.216795 0.025002
v -0.468560 -0.135368 0.025002
v -0.360209 -0.219251 0.025002
v -0.360399 -0.219574 0.025002
v -0.456722 -0.285503 0.025002
v -0.460384 -0.266479 0.025002
v -0.307179 -0.154042 0.025002
v -0.333315 -0.144956 0.025002
v -0.329197 -0.120489 0.025002
v -0.386162 -0.149546 0.025002
v -0.382064 -0.129682 0.025002
v -0.469201 -0.103755 0.025002
v -0.313152 -0.180153 0.025002
v -0.300139 -0.214255 0.025002
v -0.320659 -0.048021 0.025002
v -0.376016 -0.087801 0.025002
v -0.325401 -0.096141 0.025002
v -0.372696 -0.044289 0.025002
v -0.338073 -0.168722 0.025002
v -0.469897 -0.035220 0.025002
v -0.469645 -0.069963 0.025002
v 0.458915 0.105000 0.058910
v 0.455552 0.105000 0.058910
v 0.459716 0.000000 0.058910
v 0.455552 -0.105000 0.058910
v 0.458915 -0.105000 0.058910
v 0.455552 0.119142 0.064768
v 0.455552 0.123764 0.071988
v 0.455552 0.111922 0.060146
v 0.455552 0.125000 0.078910
v 0.455552 -0.119142 0.064768
v 0.455552 -0.111922 0.060146
v 0.455552 -0.123764 0.071988
v 0.455552 -0.125000 0.078910
v 0.457962 -0.125000 0.078910
v 0.457962 0.125000 0.078910
v 0.458060 0.124617 0.075013
v 0.458177 0.123477 0.071256
v 0.458306 0.121638 0.067811
v 0.458442 0.119147 0.064773
v 0.458819 0.108919 0.059298
v 0.458705 0.112671 0.060439
v 0.458577 0.116128 0.062291
v 0.458820 -0.108897 0.059293
v 0.458705 -0.112654 0.060432
v 0.458578 -0.116099 0.062272
v 0.458443 -0.119137 0.064763
v 0.458061 -0.124612 0.074991
v 0.458178 -0.123471 0.071239
v 0.458308 -0.121618 0.067782
v 0.255052 -0.252500 0.206910
v 0.285954 -0.247606 0.206910
v 0.313831 -0.233402 0.206910
v 0.335954 -0.211279 0.206910
v 0.350158 -0.183402 0.206910
v 0.355052 -0.152500 0.206910
v 0.355052 0.152500 0.206910
v 0.350158 0.183402 0.206910
v 0.335954 0.211279 0.206910
v 0.313831 0.233402 0.206910
v 0.285954 0.247606 0.206910
v 0.255052 0.252500 0.206910
v -0.254948 0.252500 0.206910
v -0.285850 0.247606 0.206910
v -0.313726 0.233402 0.206910
v -0.335850 0.211279 0.206910
v -0.350053 0.183402 0.206910
v -0.354948 0.152500 0.206910
v -0.354948 -0.152500 0.206910
v -0.350053 -0.183402 0.206910
v -0.335850 -0.211279 0.206910
v -0.313726 -0.233402 0.206910
v -0.285850 -0.247606 0.206910
v -0.254948 -0.252500 0.206910
v 0.454300 0.268752 0.278645
v 0.458619 0.235485 0.278645
v 0.460256 0.237202 0.206910
v 0.436793 0.316828 0.206910
v 0.435119 0.315677 0.278645
v 0.445377 0.304663 0.206910
v 0.442414 0.305578 0.278645
v 0.449655 0.295033 0.206910
v 0.448853 0.291027 0.278645
v 0.453503 0.282126 0.206910
v 0.457194 0.262921 0.206910
v 0.448853 -0.291027 0.278645
v 0.451134 -0.290684 0.206910
v 0.454300 -0.268752 0.278645
v 0.454785 -0.276433 0.206910
v 0.458619 -0.235485 0.278645
v 0.460256 -0.237202 0.206910
v 0.435119 -0.315677 0.278645
v 0.436793 -0.316828 0.206910
v 0.442414 -0.305578 0.278645
v 0.446300 -0.302882 0.206910
v 0.447043 -0.301344 0.206910
v 0.463006 0.197681 0.206910
v 0.461368 0.196154 0.278645
v 0.464924 0.149696 0.206910
v 0.463284 0.148490 0.278645
v 0.466762 0.018861 0.206910
v 0.465118 0.018703 0.278645
v 0.466785 0.000000 0.206910
v 0.465141 0.000000 0.278645
v 0.384077 0.336922 0.278645
v 0.410985 0.331143 0.278645
v 0.408254 0.333200 0.206910
v 0.341403 0.341947 0.206910
v 0.339938 0.341305 0.278645
v 0.374705 0.339021 0.206910
v 0.393839 0.336305 0.206910
v 0.426164 0.324037 0.278645
v 0.426519 0.325849 0.206910
v 0.418860 0.329709 0.206910
v 0.339938 -0.341305 0.278645
v 0.341403 -0.341947 0.206910
v 0.384077 -0.336922 0.278645
v 0.385709 -0.337599 0.206910
v 0.410985 -0.331143 0.278645
v 0.412681 -0.331920 0.206910
v 0.426164 -0.324037 0.278645
v 0.427862 -0.324975 0.206910
v 0.463734 -0.132006 0.278645
v 0.465375 -0.133089 0.206910
v 0.461825 -0.186992 0.278645
v 0.463463 -0.188463 0.206910
v 0.192860 0.346056 0.278645
v 0.037358 0.347965 0.206910
v 0.000291 0.347147 0.278645
v 0.000127 0.347997 0.206910
v 0.274926 0.344276 0.278645
v 0.289670 0.344489 0.206910
v 0.225846 0.346236 0.206910
v 0.192860 -0.346056 0.278645
v 0.000291 -0.347147 0.278645
v 0.000127 -0.347997 0.206910
v 0.289670 -0.344489 0.206910
v 0.274926 -0.344276 0.278645
v 0.225846 -0.346236 0.206910
v 0.037358 -0.347965 0.206910
v -0.192307 0.346056 0.278645
v -0.193397 0.346803 0.206910
v -0.274395 0.344275 0.278645
v -0.272856 0.345046 0.206910
v -0.339422 0.341302 0.278645
v -0.341171 0.341946 0.206910
v -0.193397 -0.346803 0.206910
v -0.192307 -0.346056 0.278645
v -0.272856 -0.345046 0.206910
v -0.274395 -0.344275 0.278645
v -0.341171 -0.341946 0.206910
v -0.339422 -0.341302 0.278645
v -0.383563 0.336917 0.278645
v -0.436547 0.316823 0.206910
v -0.434563 0.315665 0.278645
v -0.433671 0.319925 0.206910
v -0.425625 0.324026 0.278645
v -0.421430 0.328473 0.206910
v -0.419434 0.327613 0.278645
v -0.411173 0.332307 0.206910
v -0.410462 0.331134 0.278645
v -0.396833 0.335713 0.206910
v -0.373408 0.339141 0.206910
v -0.383563 -0.336917 0.278645
v -0.410462 -0.331134 0.278645
v -0.408040 -0.333192 0.206910
v -0.374524 -0.339013 0.206910
v -0.393639 -0.336297 0.206910
v -0.434563 -0.315665 0.278645
v -0.436547 -0.316823 0.206910
v -0.425625 -0.324026 0.278645
v -0.426286 -0.325842 0.206910
v -0.418634 -0.329702 0.206910
v -0.441844 0.305567 0.278645
v -0.443817 0.306969 0.206910
v -0.448278 0.291018 0.278645
v -0.450243 0.292639 0.206910
v -0.453736 0.268746 0.278645
v -0.455689 0.270495 0.206910
v -0.458089 0.235481 0.278645
v -0.460018 0.237200 0.206910
v -0.453736 -0.268746 0.278645
v -0.458089 -0.235481 0.278645
v -0.460018 -0.237200 0.206910
v -0.445101 -0.304705 0.206910
v -0.441844 -0.305567 0.278645
v -0.449386 -0.295077 0.206910
v -0.448278 -0.291018 0.278645
v -0.453241 -0.282166 0.206910
v -0.456942 -0.262948 0.206910
v -0.462786 0.197635 0.206910
v -0.460891 0.196107 0.278645
v -0.464723 0.149590 0.206910
v -0.462867 0.148384 0.278645
v -0.466589 0.018740 0.206910
v -0.464794 0.018582 0.278645
v -0.466612 0.000000 0.206910
v -0.464819 0.000000 0.278645
v -0.465177 -0.133088 0.206910
v -0.463333 -0.132004 0.278645
v -0.463245 -0.188462 0.206910
v -0.461357 -0.186990 0.278645
v 0.458159 0.065313 0.415098
v 0.458607 0.000000 0.415096
v 0.462272 0.000000 0.362060
v 0.455577 0.232513 0.362081
v 0.453456 0.230536 0.391947
v 0.456779 0.184823 0.391907
v 0.458747 0.186524 0.362069
v 0.458979 0.128892 0.391886
v 0.460813 0.130131 0.362063
v 0.456752 0.127299 0.415116
v 0.454288 0.182631 0.415165
v 0.450670 0.227980 0.415259
v 0.454288 -0.182631 0.415165
v 0.450670 -0.227980 0.415259
v 0.453456 -0.230536 0.391947
v 0.456752 -0.127299 0.415116
v 0.456779 -0.184823 0.391907
v 0.458979 -0.128892 0.391886
v 0.458747 -0.186524 0.362069
v 0.460813 -0.130131 0.362063
v 0.455577 -0.232513 0.362081
v 0.448913 0.263705 0.392009
v 0.439122 0.303144 0.362146
v 0.445660 0.288223 0.362122
v 0.451188 0.265730 0.362099
v 0.428869 0.312207 0.392240
v 0.431700 0.313644 0.362168
v 0.436503 0.301467 0.392167
v 0.443223 0.286324 0.392086
v 0.445831 0.261072 0.415408
v 0.439836 0.283832 0.415591
v 0.432781 0.299239 0.415782
v 0.424761 0.310270 0.415954
v 0.439075 0.170573 0.456151
v 0.433583 0.213836 0.456554
v 0.428738 0.163536 0.464030
v 0.422379 0.205551 0.464542
v 0.451010 0.179753 0.432870
v 0.446919 0.224615 0.433050
v 0.453893 0.125212 0.432776
v 0.446219 0.175856 0.446148
v 0.441493 0.220045 0.446436
v 0.433428 0.113487 0.463702
v 0.436329 0.058083 0.463528
v 0.443119 0.118571 0.455916
v 0.445617 0.060742 0.455808
v 0.451730 0.062741 0.445928
v 0.449645 0.122391 0.445992
v 0.455600 0.064219 0.432741
v 0.456162 0.000000 0.432735
v 0.452434 0.000000 0.445915
v 0.446472 0.000000 0.455781
v 0.437322 0.000000 0.463477
v 0.433583 -0.213836 0.456554
v 0.441493 -0.220045 0.446436
v 0.439075 -0.170573 0.456151
v 0.446219 -0.175856 0.446148
v 0.443119 -0.118571 0.455916
v 0.449645 -0.122391 0.445992
v 0.455600 -0.064219 0.432741
v 0.422379 -0.205551 0.464542
v 0.428738 -0.163536 0.464030
v 0.433428 -0.113487 0.463702
v 0.436329 -0.058083 0.463528
v 0.445617 -0.060742 0.455808
v 0.451730 -0.062741 0.445928
v 0.453893 -0.125212 0.432776
v 0.451010 -0.179753 0.432870
v 0.446919 -0.224615 0.433050
v 0.436503 -0.301467 0.392167
v 0.427293 -0.311450 0.403089
v 0.431700 -0.313644 0.362168
v 0.451188 -0.265730 0.362099
v 0.445660 -0.288223 0.362122
v 0.439122 -0.303144 0.362146
v 0.448913 -0.263705 0.392009
v 0.443223 -0.286324 0.392086
v 0.424761 -0.310270 0.415954
v 0.432781 -0.299239 0.415782
v 0.439836 -0.283832 0.415591
v 0.445831 -0.261072 0.415408
v 0.419531 0.321094 0.392296
v 0.380496 0.335610 0.362202
v 0.407334 0.329681 0.362195
v 0.422599 0.322334 0.362184
v 0.333607 0.339101 0.392364
v 0.336678 0.340049 0.362204
v 0.377211 0.334609 0.392356
v 0.404082 0.328584 0.392334
v 0.414995 0.319396 0.416087
v 0.399200 0.327066 0.416178
v 0.372213 0.333219 0.416230
v 0.328873 0.337798 0.416249
v 0.426735 0.246348 0.457146
v 0.414465 0.237676 0.465247
v 0.398579 0.299018 0.459220
v 0.382339 0.292348 0.467590
v 0.409184 0.286435 0.458577
v 0.394353 0.278818 0.466878
v 0.410467 0.304001 0.448468
v 0.419951 0.292108 0.447969
v 0.418586 0.269713 0.457853
v 0.405092 0.261346 0.466062
v 0.435510 0.252832 0.446877
v 0.441604 0.257586 0.433332
v 0.435117 0.280510 0.433680
v 0.428314 0.275952 0.447413
v 0.427525 0.296241 0.434042
v 0.418897 0.307638 0.434369
v 0.407458 0.050833 0.475839
v 0.408650 0.000000 0.475714
v 0.424408 0.000000 0.469994
v 0.414729 0.154577 0.470772
v 0.420047 0.107020 0.470341
v 0.423303 0.054700 0.470081
v 0.389793 0.182898 0.477370
v 0.407438 0.194991 0.471374
v 0.398002 0.144325 0.476710
v 0.403899 0.099622 0.476185
v 0.373774 0.000000 0.485666
v 0.372456 0.042892 0.485832
v 0.368445 0.084429 0.486261
v 0.361652 0.123257 0.486846
v 0.351993 0.158020 0.487481
v 0.398002 -0.144325 0.476710
v 0.389793 -0.182898 0.477370
v 0.407438 -0.194991 0.471374
v 0.423303 -0.054700 0.470081
v 0.420047 -0.107020 0.470341
v 0.414729 -0.154577 0.470772
v 0.407458 -0.050833 0.475839
v 0.403899 -0.099622 0.476185
v 0.351993 -0.158020 0.487481
v 0.361652 -0.123257 0.486846
v 0.368445 -0.084429 0.486261
v 0.372456 -0.042892 0.485832
v 0.441604 -0.257586 0.433332
v 0.418897 -0.307638 0.434369
v 0.427525 -0.296241 0.434042
v 0.410467 -0.304001 0.448468
v 0.419951 -0.292108 0.447969
v 0.435117 -0.280510 0.433680
v 0.435510 -0.252832 0.446877
v 0.426735 -0.246348 0.457146
v 0.418586 -0.269713 0.457853
v 0.428314 -0.275952 0.447413
v 0.409184 -0.286435 0.458577
v 0.398579 -0.299018 0.459220
v 0.382339 -0.292348 0.467590
v 0.394353 -0.278818 0.466878
v 0.405092 -0.261346 0.466062
v 0.414465 -0.237676 0.465247
v 0.375316 -0.334070 0.403263
v 0.333607 -0.339101 0.392364
v 0.336678 -0.340049 0.362204
v 0.422599 -0.322334 0.362184
v 0.407334 -0.329681 0.362195
v 0.380496 -0.335610 0.362202
v 0.417799 -0.320433 0.403172
v 0.402225 -0.327995 0.403230
v 0.328873 -0.337798 0.416249
v 0.372213 -0.333219 0.416230
v 0.399200 -0.327066 0.416178
v 0.414995 -0.319396 0.416087
v 0.191129 0.344692 0.362202
v 0.000734 0.345677 0.362213
v 0.272304 0.342990 0.362203
v 0.000911 0.344750 0.392394
v 0.189360 0.343760 0.392356
v 0.269757 0.342060 0.392361
v 0.265772 0.340813 0.416240
v 0.186516 0.342550 0.416230
v 0.000962 0.343608 0.416321
v 0.386095 0.309544 0.459704
v 0.368488 0.303806 0.468114
v 0.298848 0.330895 0.460283
v 0.281395 0.327385 0.468726
v 0.340515 0.325525 0.460215
v 0.321861 0.321393 0.468652
v 0.312140 0.333760 0.449309
v 0.354613 0.328795 0.449256
v 0.368169 0.318394 0.460029
v 0.349610 0.313511 0.468458
v 0.399126 0.313878 0.448848
v 0.408465 0.317073 0.434619
v 0.392121 0.324982 0.434790
v 0.382058 0.322155 0.449107
v 0.364923 0.331321 0.434890
v 0.321929 0.336041 0.434925
v 0.379346 0.213907 0.478117
v 0.375060 0.269070 0.473757
v 0.387425 0.250645 0.472957
v 0.398280 0.226603 0.472130
v 0.337356 0.274030 0.480137
v 0.361371 0.283832 0.474432
v 0.352821 0.257859 0.479578
v 0.366920 0.238356 0.478879
v 0.339474 0.187742 0.488075
v 0.324478 0.212959 0.488585
v 0.307484 0.234586 0.488984
v 0.288969 0.253537 0.489245
v 0.286640 0.118708 0.503869
v 0.293676 0.100026 0.503869
v 0.296884 0.090045 0.503869
v 0.304272 0.060513 0.503869
v 0.310252 0.000000 0.503869
v 0.308748 0.030401 0.503869
v 0.306090 0.050532 0.503869
v 0.000052 0.000000 0.475910
v 0.304272 -0.060513 0.475910
v 0.309604 -0.019953 0.475910
v 0.310252 0.000000 0.475910
v 0.306090 0.050532 0.475910
v 0.304272 0.060513 0.475910
v 0.309604 -0.019953 0.503869
v 0.286640 -0.118708 0.503869
v 0.296884 -0.090045 0.503869
v 0.302131 -0.070430 0.503869
v 0.304272 -0.060513 0.503869
v 0.352821 -0.257859 0.479578
v 0.337356 -0.274030 0.480137
v 0.361371 -0.283832 0.474432
v 0.398280 -0.226603 0.472130
v 0.387425 -0.250645 0.472957
v 0.375060 -0.269070 0.473757
v 0.379346 -0.213907 0.478117
v 0.366920 -0.238356 0.478879
v 0.288969 -0.253537 0.489245
v 0.307484 -0.234586 0.488984
v 0.324478 -0.212959 0.488585
v 0.339474 -0.187742 0.488075
v 0.408465 -0.317073 0.434619
v 0.321929 -0.336041 0.434925
v 0.364923 -0.331321 0.434890
v 0.312140 -0.333760 0.449309
v 0.354613 -0.328795 0.449256
v 0.392121 -0.324982 0.434790
v 0.399126 -0.313878 0.448848
v 0.386095 -0.309544 0.459704
v 0.368169 -0.318394 0.460029
v 0.382058 -0.322155 0.449107
v 0.340515 -0.325525 0.460215
v 0.298848 -0.330895 0.460283
v 0.281395 -0.327385 0.468726
v 0.321861 -0.321393 0.468652
v 0.349610 -0.313511 0.468458
v 0.368488 -0.303806 0.468114
v 0.189360 -0.343760 0.392356
v 0.186516 -0.342550 0.416230
v 0.000911 -0.344750 0.392394
v 0.000962 -0.343608 0.416321
v 0.269757 -0.342060 0.392361
v 0.265772 -0.340813 0.416240
v 0.000734 -0.345677 0.362213
v 0.191129 -0.344692 0.362202
v 0.272304 -0.342990 0.362203
v -0.271012 0.343035 0.362287
v -0.335445 0.340093 0.362317
v -0.189759 0.344727 0.362258
v -0.332188 0.339269 0.392745
v -0.268230 0.342219 0.392644
v -0.187699 0.343882 0.392545
v -0.184842 0.342839 0.416677
v -0.264313 0.341195 0.416913
v -0.327599 0.338209 0.417151
v 0.168092 0.336739 0.460250
v 0.157546 0.334031 0.468735
v 0.225695 0.331493 0.468723
v 0.259880 0.339165 0.434909
v 0.251576 0.337079 0.449289
v 0.240351 0.334530 0.460265
v 0.182246 0.340989 0.434891
v 0.176215 0.339055 0.449266
v 0.000355 0.335948 0.469220
v 0.000437 0.338391 0.460634
v 0.000636 0.340461 0.449542
v 0.000845 0.342191 0.435064
v 0.320316 0.288183 0.480502
v 0.298401 0.316346 0.475365
v 0.326080 0.307417 0.475204
v 0.345960 0.296539 0.474908
v 0.235102 0.318489 0.480862
v 0.259590 0.323206 0.475433
v 0.271961 0.310596 0.480808
v 0.299442 0.300432 0.480706
v 0.269056 0.270528 0.489355
v 0.246456 0.285474 0.489367
v 0.219527 0.298096 0.489349
v 0.186626 0.308111 0.489371
v 0.286640 0.118708 0.475910
v 0.293676 0.100026 0.475910
v 0.277514 0.138688 0.475910
v 0.266994 0.157973 0.475910
v 0.257957 0.172327 0.475910
v 0.270621 0.214496 0.496781
v 0.241826 0.194323 0.503869
v 0.255055 0.176594 0.503869
v 0.223826 0.214823 0.503869
v 0.250641 0.235501 0.496863
v 0.219397 0.219345 0.503869
v 0.266994 0.157973 0.503869
v 0.273615 0.146220 0.503869
v 0.277514 0.138688 0.503869
v 0.257957 -0.172327 0.475910
v 0.260789 -0.168012 0.475910
v 0.272106 -0.149006 0.475910
v 0.284157 -0.124530 0.475910
v 0.286640 -0.118708 0.475910
v 0.302131 -0.070430 0.475910
v 0.250641 -0.235501 0.496863
v 0.270621 -0.214496 0.496781
v 0.284157 -0.124530 0.503869
v 0.272106 -0.149006 0.503869
v 0.260789 -0.168012 0.503869
v 0.248154 -0.186169 0.503869
v 0.239830 -0.196784 0.503869
v 0.234364 -0.203268 0.503869
v 0.219397 -0.219345 0.503869
v 0.271961 -0.310596 0.480808
v 0.235102 -0.318489 0.480862
v 0.259590 -0.323206 0.475433
v 0.345960 -0.296539 0.474908
v 0.326080 -0.307417 0.475204
v 0.298401 -0.316346 0.475365
v 0.320316 -0.288183 0.480502
v 0.299442 -0.300432 0.480706
v 0.186626 -0.308111 0.489371
v 0.219527 -0.298096 0.489349
v 0.246456 -0.285474 0.489367
v 0.269056 -0.270528 0.489355
v 0.182246 -0.340989 0.434891
v 0.240351 -0.334530 0.460265
v 0.251576 -0.337079 0.449289
v 0.259880 -0.339165 0.434909
v 0.157546 -0.334031 0.468735
v 0.225695 -0.331493 0.468723
v 0.168092 -0.336739 0.460250
v 0.176215 -0.339055 0.449266
v 0.000845 -0.342191 0.435064
v 0.000636 -0.340461 0.449542
v 0.000437 -0.338391 0.460634
v 0.000355 -0.335948 0.469220
v -0.268230 -0.342219 0.392644
v -0.264313 -0.341195 0.416913
v -0.332188 -0.339269 0.392745
v -0.327599 -0.338209 0.417151
v -0.187699 -0.343882 0.392545
v -0.184842 -0.342839 0.416677
v -0.335445 -0.340093 0.362317
v -0.271012 -0.343035 0.362287
v -0.189759 -0.344727 0.362258
v -0.375841 0.334753 0.392836
v -0.421326 0.322328 0.362393
v -0.406101 0.329695 0.362369
v -0.379282 0.335643 0.362344
v -0.427378 0.312207 0.393080
v -0.430376 0.313623 0.362417
v -0.418109 0.321138 0.393000
v -0.402705 0.328681 0.392920
v -0.371044 0.333585 0.417368
v -0.398058 0.327335 0.417567
v -0.413818 0.319551 0.417757
v -0.423500 0.310325 0.417946
v -0.240459 0.335932 0.462886
v -0.225887 0.333001 0.471771
v -0.157249 0.335132 0.470751
v -0.180917 0.341536 0.435739
v -0.175402 0.339883 0.450579
v -0.167709 0.337781 0.461987
v -0.258871 0.339891 0.436187
v -0.251187 0.338182 0.451268
v -0.282241 0.329126 0.472837
v -0.299502 0.332464 0.463807
v -0.312172 0.334973 0.451965
v -0.321215 0.336830 0.436638
v 0.051934 0.322610 0.489955
v 0.101158 0.320056 0.489686
v 0.129938 0.327520 0.481049
v 0.166139 0.312309 0.489419
v 0.187064 0.324026 0.480926
v 0.207473 0.327964 0.475460
v 0.144504 0.330936 0.475523
v 0.000456 0.333128 0.476089
v 0.066786 0.329380 0.481279
v 0.000671 0.330017 0.481664
v 0.001014 0.323372 0.490270
v 0.146713 0.315345 0.489485
v 0.255055 0.176594 0.475910
v 0.241826 0.194323 0.475910
v 0.223826 0.214823 0.475910
v 0.219397 0.219345 0.475910
v 0.203320 0.234311 0.475910
v 0.186221 0.248102 0.475910
v 0.172379 0.257905 0.475910
v 0.229030 0.254498 0.496864
v 0.148967 0.297384 0.496783
v 0.178842 0.285700 0.496779
v 0.205313 0.271318 0.496821
v 0.168064 0.260737 0.503869
v 0.149058 0.272054 0.503869
v 0.124583 0.284105 0.503869
v 0.118761 0.286587 0.503869
v 0.186221 0.248102 0.503869
v 0.203320 0.234311 0.503869
v 0.196836 0.239778 0.503869
v 0.172379 -0.257905 0.475910
v 0.176646 -0.255003 0.475910
v 0.194375 -0.241774 0.475910
v 0.214875 -0.223773 0.475910
v 0.219397 -0.219345 0.475910
v 0.234364 -0.203268 0.475910
v 0.248154 -0.186169 0.475910
v 0.148967 -0.297384 0.496783
v 0.178842 -0.285700 0.496779
v 0.205313 -0.271318 0.496821
v 0.229030 -0.254498 0.496864
v 0.214875 -0.223773 0.503869
v 0.194375 -0.241774 0.503869
v 0.176646 -0.255003 0.503869
v 0.158025 -0.266942 0.503869
v 0.146272 -0.273563 0.503869
v 0.138740 -0.277462 0.503869
v 0.118761 -0.286587 0.503869
v 0.000456 -0.333128 0.476089
v 0.187064 -0.324026 0.480926
v 0.146713 -0.315345 0.489485
v 0.129938 -0.327520 0.481049
v 0.127466 -0.317684 0.489563
v 0.101158 -0.320056 0.489686
v 0.207473 -0.327964 0.475460
v 0.144504 -0.330936 0.475523
v 0.066786 -0.329380 0.481279
v 0.000671 -0.330017 0.481664
v 0.037251 -0.322999 0.490042
v 0.001014 -0.323372 0.490270
v -0.258871 -0.339891 0.436187
v -0.167709 -0.337781 0.461987
v -0.175402 -0.339883 0.450579
v -0.180917 -0.341536 0.435739
v -0.225887 -0.333001 0.471771
v -0.157249 -0.335132 0.470751
v -0.240459 -0.335932 0.462886
v -0.251187 -0.338182 0.451268
v -0.321215 -0.336830 0.436638
v -0.312172 -0.334973 0.451965
v -0.299502 -0.332464 0.463807
v -0.282241 -0.329126 0.472837
v -0.418109 -0.321138 0.393000
v -0.427378 -0.312207 0.393080
v -0.430376 -0.313623 0.362417
v -0.379282 -0.335643 0.362344
v -0.406101 -0.329695 0.362369
v -0.421326 -0.322328 0.362393
v -0.375841 -0.334753 0.392836
v -0.402705 -0.328681 0.392920
v -0.423500 -0.310325 0.417946
v -0.413818 -0.319551 0.417757
v -0.398058 -0.327335 0.417567
v -0.371044 -0.333585 0.417368
v -0.434939 0.301444 0.393162
v -0.449817 0.265712 0.362485
v -0.444267 0.288199 0.362464
v -0.437751 0.303118 0.362441
v -0.451946 0.230521 0.393366
v -0.454296 0.232502 0.362501
v -0.447307 0.263681 0.393312
v -0.441610 0.286295 0.393242
v -0.431411 0.299234 0.418141
v -0.438371 0.283804 0.418329
v -0.444329 0.261042 0.418495
v -0.449234 0.227958 0.418624
v -0.341694 0.327033 0.464674
v -0.323487 0.323163 0.473870
v -0.400636 0.299793 0.467057
v -0.385853 0.293751 0.476798
v -0.388029 0.310555 0.466276
v -0.371580 0.305314 0.475839
v -0.411126 0.304385 0.454350
v -0.399814 0.314504 0.453779
v -0.369792 0.319682 0.465489
v -0.352029 0.315172 0.474867
v -0.354979 0.329921 0.452610
v -0.364406 0.332036 0.437050
v -0.391698 0.325530 0.437430
v -0.382646 0.323057 0.453207
v -0.408042 0.317418 0.437792
v -0.418391 0.307803 0.438154
v -0.234671 0.319859 0.484903
v -0.184679 0.308751 0.492286
v -0.185879 0.325031 0.483888
v -0.144095 0.315584 0.491587
v -0.128507 0.328179 0.482991
v -0.098586 0.320100 0.491048
v -0.259997 0.324859 0.479697
v -0.207155 0.329313 0.478607
v -0.143790 0.331887 0.477596
v -0.065381 0.329706 0.482240
v -0.049699 0.322597 0.490624
v 0.168064 0.260737 0.475910
v 0.149058 0.272054 0.475910
v 0.124583 0.284105 0.475910
v 0.118761 0.286587 0.475910
v 0.098180 0.294263 0.475910
v 0.077105 0.300460 0.475910
v 0.060565 0.304220 0.475910
v 0.115323 0.306182 0.496867
v 0.078692 0.312212 0.497011
v 0.040142 0.315668 0.497186
v 0.098180 0.294263 0.503869
v 0.000052 0.310200 0.503869
v 0.006381 0.310135 0.503869
v 0.000740 0.316741 0.497362
v 0.033605 0.308367 0.503869
v 0.055495 0.305185 0.503869
v 0.077105 0.300460 0.503869
v 0.090098 0.296831 0.503869
v 0.060565 -0.304220 0.475910
v 0.065619 -0.303171 0.475910
v 0.087060 -0.297734 0.475910
v 0.112889 -0.288949 0.475910
v 0.118761 -0.286587 0.475910
v 0.138740 -0.277462 0.475910
v 0.158025 -0.266942 0.475910
v 0.115323 -0.306182 0.496867
v 0.087060 -0.297734 0.503869
v 0.065619 -0.303171 0.503869
v 0.040142 -0.315668 0.497186
v 0.078692 -0.312212 0.497011
v 0.022003 -0.309415 0.503869
v 0.000052 -0.310200 0.503869
v 0.000740 -0.316741 0.497362
v 0.030454 -0.308695 0.503869
v 0.112889 -0.288949 0.503869
v 0.043846 -0.307076 0.503869
v -0.259997 -0.324859 0.479697
v -0.207155 -0.329313 0.478607
v -0.143790 -0.331887 0.477596
v -0.065381 -0.329706 0.482240
v -0.184679 -0.308751 0.492286
v -0.234671 -0.319859 0.484903
v -0.144095 -0.315584 0.491587
v -0.185879 -0.325031 0.483888
v -0.098586 -0.320100 0.491048
v -0.128507 -0.328179 0.482991
v -0.049699 -0.322597 0.490624
v -0.388029 -0.310555 0.466276
v -0.371580 -0.305314 0.475839
v -0.400636 -0.299793 0.467057
v -0.385853 -0.293751 0.476798
v -0.341694 -0.327033 0.464674
v -0.323487 -0.323163 0.473870
v -0.354979 -0.329921 0.452610
v -0.369792 -0.319682 0.465489
v -0.352029 -0.315172 0.474867
v -0.411126 -0.304385 0.454350
v -0.418391 -0.307803 0.438154
v -0.399814 -0.314504 0.453779
v -0.408042 -0.317418 0.437792
v -0.391698 -0.325530 0.437430
v -0.382646 -0.323057 0.453207
v -0.364406 -0.332036 0.437050
v -0.447307 -0.263681 0.393312
v -0.451946 -0.230521 0.393366
v -0.454296 -0.232502 0.362501
v -0.437751 -0.303118 0.362441
v -0.444267 -0.288199 0.362464
v -0.449817 -0.265712 0.362485
v -0.434939 -0.301444 0.393162
v -0.441610 -0.286295 0.393242
v -0.449234 -0.227958 0.418624
v -0.444329 -0.261042 0.418495
v -0.438371 -0.283804 0.418329
v -0.431411 -0.299234 0.418141
v -0.457632 0.186519 0.362511
v -0.459891 0.130128 0.362517
v -0.453045 0.182616 0.418705
v -0.455468 0.184814 0.393400
v -0.455759 0.127291 0.418746
v -0.457910 0.128887 0.393418
v -0.457922 0.000000 0.418764
v -0.461578 0.000000 0.362519
v -0.411149 0.287089 0.467842
v -0.397949 0.280228 0.477743
v -0.434865 0.214433 0.469672
v -0.425306 0.207026 0.479810
v -0.428208 0.246968 0.469212
v -0.417629 0.239203 0.479326
v -0.441475 0.220197 0.456335
v -0.435596 0.252988 0.455969
v -0.420322 0.270333 0.468581
v -0.408525 0.262824 0.478611
v -0.420454 0.292345 0.454930
v -0.426872 0.296294 0.438525
v -0.434302 0.280511 0.438882
v -0.428600 0.276125 0.455485
v -0.440675 0.257575 0.439197
v -0.445982 0.224608 0.439440
v -0.272928 0.312360 0.486003
v -0.349930 0.298639 0.483014
v -0.328851 0.309394 0.481917
v -0.299901 0.318194 0.480807
v -0.343247 0.277223 0.489427
v -0.366223 0.286107 0.484090
v -0.324817 0.290848 0.488306
v -0.302177 0.302625 0.487151
v -0.219232 0.299389 0.493166
v -0.248438 0.287620 0.494167
v -0.273424 0.273648 0.495204
v -0.295319 0.257678 0.496194
v 0.055495 0.305185 0.475910
v 0.033605 0.308367 0.475910
v 0.006381 0.310135 0.475910
v 0.000052 0.310200 0.475910
v -0.021899 0.309415 0.475910
v -0.043741 0.307076 0.475910
v -0.060461 0.304220 0.475910
v -0.038497 0.315572 0.497520
v -0.076759 0.312079 0.497696
v -0.113287 0.306128 0.497934
v -0.118656 0.286587 0.503869
v -0.147321 0.297586 0.498280
v -0.112784 0.288949 0.503869
v -0.086956 0.297734 0.503869
v -0.065514 0.303171 0.503869
v -0.043741 0.307076 0.503869
v -0.021899 0.309415 0.503869
v -0.030349 0.308695 0.503869
v -0.060461 -0.304220 0.475910
v -0.055391 -0.305185 0.475910
v -0.033501 -0.308367 0.475910
v -0.006277 -0.310135 0.475910
v 0.000052 -0.310200 0.475910
v 0.022003 -0.309415 0.475910
v 0.043846 -0.307076 0.475910
v -0.113287 -0.306128 0.497934
v -0.147321 -0.297586 0.498280
v -0.038497 -0.315572 0.497520
v -0.076759 -0.312079 0.497696
v -0.055391 -0.305185 0.503869
v -0.033501 -0.308367 0.503869
v -0.006277 -0.310135 0.503869
v -0.077001 -0.300460 0.503869
v -0.118656 -0.286587 0.503869
v -0.098076 -0.294263 0.503869
v -0.089993 -0.296831 0.503869
v -0.324817 -0.290848 0.488306
v -0.343247 -0.277223 0.489427
v -0.366223 -0.286107 0.484090
v -0.299901 -0.318194 0.480807
v -0.328851 -0.309394 0.481917
v -0.349930 -0.298639 0.483014
v -0.272928 -0.312360 0.486003
v -0.302177 -0.302625 0.487151
v -0.295319 -0.257678 0.496194
v -0.273424 -0.273648 0.495204
v -0.248438 -0.287620 0.494167
v -0.219232 -0.299389 0.493166
v -0.428208 -0.246968 0.469212
v -0.417629 -0.239203 0.479326
v -0.434865 -0.214433 0.469672
v -0.425306 -0.207026 0.479810
v -0.411149 -0.287089 0.467842
v -0.397949 -0.280228 0.477743
v -0.420454 -0.292345 0.454930
v -0.420322 -0.270333 0.468581
v -0.408525 -0.262824 0.478611
v -0.441475 -0.220197 0.456335
v -0.445982 -0.224608 0.439440
v -0.435596 -0.252988 0.455969
v -0.440675 -0.257575 0.439197
v -0.434302 -0.280511 0.438882
v -0.428600 -0.276125 0.455485
v -0.426872 -0.296294 0.438525
v -0.457632 -0.186519 0.362511
v -0.459891 -0.130128 0.362517
v -0.455468 -0.184814 0.393400
v -0.457382 -0.065309 0.418762
v -0.455759 -0.127291 0.418746
v -0.453045 -0.182616 0.418705
v -0.440311 0.171087 0.469921
v -0.455840 0.000000 0.439697
v -0.452799 0.000000 0.456681
v -0.455194 0.064220 0.439694
v -0.452029 0.062793 0.456682
v -0.431564 0.164801 0.480019
v -0.436260 0.114406 0.480032
v -0.453296 0.125213 0.439667
v -0.449802 0.122488 0.456654
v -0.450206 0.179751 0.439591
v -0.446243 0.175989 0.456554
v -0.444412 0.118944 0.470009
v -0.446998 0.060938 0.470008
v -0.447897 0.000000 0.469992
v -0.439212 0.058564 0.479959
v -0.440236 0.000000 0.479910
v -0.359452 0.261615 0.490465
v -0.403317 0.229530 0.486735
v -0.392664 0.253434 0.486029
v -0.380297 0.271603 0.485119
v -0.396390 0.187236 0.492246
v -0.412253 0.197825 0.487150
v -0.386105 0.218383 0.491963
v -0.373765 0.242589 0.491340
v -0.315027 0.239700 0.497055
v -0.332553 0.218837 0.497708
v -0.347677 0.193997 0.498077
v -0.360180 0.164088 0.498084
v -0.065514 0.303171 0.475910
v -0.086956 0.297734 0.475910
v -0.112784 0.288949 0.475910
v -0.118656 0.286587 0.475910
v -0.163748 0.263404 0.475910
v -0.172275 0.257905 0.475910
v -0.178278 0.286372 0.498764
v -0.206280 0.272623 0.499340
v -0.231623 0.256533 0.499946
v -0.254606 0.238291 0.500519
v -0.219292 0.219345 0.503869
v -0.204725 0.232995 0.503869
v -0.172275 0.257905 0.503869
v -0.146168 0.273563 0.503869
v -0.163748 0.263404 0.503869
v -0.118656 -0.286587 0.475910
v -0.136843 -0.278353 0.475910
v -0.172275 -0.257905 0.475910
v -0.098076 -0.294263 0.475910
v -0.077001 -0.300460 0.475910
v -0.254606 -0.238291 0.500519
v -0.231623 -0.256533 0.499946
v -0.206280 -0.272623 0.499340
v -0.178278 -0.286372 0.498764
v -0.219292 -0.219345 0.503869
v -0.196731 -0.239778 0.503869
v -0.180618 -0.252132 0.503869
v -0.146168 -0.273563 0.503869
v -0.136843 -0.278353 0.503869
v -0.386105 -0.218383 0.491963
v -0.396390 -0.187236 0.492246
v -0.412253 -0.197825 0.487150
v -0.380297 -0.271603 0.485119
v -0.392664 -0.253434 0.486029
v -0.403317 -0.229530 0.486735
v -0.359452 -0.261615 0.490465
v -0.373765 -0.242589 0.491340
v -0.360180 -0.164088 0.498084
v -0.347677 -0.193997 0.498077
v -0.332553 -0.218837 0.497708
v -0.315027 -0.239700 0.497055
v -0.455194 -0.064220 0.439694
v -0.439212 -0.058564 0.479959
v -0.446998 -0.060938 0.470008
v -0.436260 -0.114406 0.480032
v -0.444412 -0.118944 0.470009
v -0.452029 -0.062793 0.456682
v -0.453296 -0.125213 0.439667
v -0.450206 -0.179751 0.439591
v -0.446243 -0.175989 0.456554
v -0.449802 -0.122488 0.456654
v -0.440311 -0.171087 0.469921
v -0.431564 -0.164801 0.480019
v -0.404540 0.148043 0.492149
v -0.428066 0.055625 0.486894
v -0.424765 0.108783 0.487092
v -0.419444 0.157005 0.487230
v -0.415316 0.000000 0.491324
v -0.429200 0.000000 0.486793
v -0.414090 0.052249 0.491483
v -0.410469 0.102321 0.491826
v -0.369884 0.128457 0.497705
v -0.376778 0.088205 0.497132
v -0.380892 0.044872 0.496609
v -0.382257 0.000000 0.496380
v -0.204725 0.232995 0.475910
v -0.219292 0.219345 0.475910
v -0.252080 0.180670 0.475910
v -0.257853 0.172327 0.475910
v -0.309970 0.169835 0.501506
v -0.293969 0.195311 0.501345
v -0.275436 0.217990 0.501002
v -0.286535 0.118708 0.503869
v -0.278300 0.136895 0.503869
v -0.273511 0.146220 0.503869
v -0.257853 0.172327 0.503869
v -0.252080 0.180670 0.503869
v -0.239726 0.196784 0.503869
v -0.257853 -0.172327 0.475910
v -0.232943 -0.204777 0.475910
v -0.219292 -0.219345 0.475910
v -0.180618 -0.252132 0.475910
v -0.309970 -0.169835 0.501506
v -0.293969 -0.195311 0.501345
v -0.275436 -0.217990 0.501002
v -0.286535 -0.118708 0.503869
v -0.232943 -0.204777 0.503869
v -0.239726 -0.196784 0.503869
v -0.257853 -0.172327 0.503869
v -0.263352 -0.163801 0.503869
v -0.273511 -0.146220 0.503869
v -0.414090 -0.052249 0.491483
v -0.419444 -0.157005 0.487230
v -0.424765 -0.108783 0.487092
v -0.428066 -0.055625 0.486894
v -0.404540 -0.148043 0.492149
v -0.410469 -0.102321 0.491826
v -0.380892 -0.044872 0.496609
v -0.376778 -0.088205 0.497132
v -0.369884 -0.128457 0.497705
v -0.278300 0.136895 0.475910
v -0.286535 0.118708 0.475910
v -0.302027 0.070430 0.475910
v -0.304168 0.060513 0.475910
v -0.310148 0.000000 0.503869
v -0.309499 0.019953 0.503869
v -0.296779 0.090045 0.503869
v -0.302027 0.070430 0.503869
v -0.304168 0.060513 0.503869
v -0.304168 -0.060513 0.475910
v -0.293572 -0.100026 0.475910
v -0.286535 -0.118708 0.475910
v -0.263352 -0.163801 0.475910
v -0.309499 0.019953 0.475910
v -0.310148 0.000000 0.475910
v -0.305985 -0.050532 0.475910
v -0.293572 -0.100026 0.503869
v -0.296779 -0.090045 0.503869
v -0.304168 -0.060513 0.503869
v -0.308643 -0.030401 0.503869
v -0.305985 -0.050532 0.503869
v 0.301984 0.265745 0.021875
v 0.306475 0.265745 0.016515
v 0.349216 0.265745 0.021875
v 0.332539 0.265745 0.009873
v 0.325600 0.265745 0.009002
v 0.344725 0.265745 0.016515
v 0.339048 0.265745 0.012430
v 0.318661 0.265745 0.009873
v 0.312152 0.265745 0.012430
v 0.349216 0.214255 0.021875
v 0.344725 0.214255 0.016515
v 0.306475 0.214255 0.016515
v 0.301984 0.214255 0.021875
v 0.312152 0.214255 0.012430
v 0.318661 0.214255 0.009873
v 0.325600 0.214255 0.009002
v 0.332539 0.214255 0.009873
v 0.339048 0.214255 0.012430
v 0.351531 0.255745 0.009188
v 0.357621 0.255745 0.016456
v 0.293579 0.255745 0.016456
v 0.357621 0.224255 0.016456
v 0.351531 0.224255 0.009188
v 0.343834 0.255745 0.003649
v 0.343834 0.224255 0.003649
v 0.335008 0.255745 0.000182
v 0.335008 0.224255 0.000182
v 0.325600 0.255745 -0.000998
v 0.325600 0.224255 -0.000998
v 0.316192 0.255745 0.000182
v 0.316192 0.224255 0.000182
v 0.307366 0.255745 0.003649
v 0.307366 0.224255 0.003649
v 0.299670 0.255745 0.009188
v 0.299670 0.224255 0.009188
v 0.293579 0.224255 0.016456
v 0.353419 0.264405 0.019165
v 0.356495 0.260745 0.017182
v 0.297781 0.264405 0.019165
v 0.294705 0.260745 0.017182
v 0.348128 0.264405 0.012851
v 0.341441 0.264405 0.008039
v 0.333774 0.264405 0.005028
v 0.325600 0.264405 0.004002
v 0.317426 0.264405 0.005028
v 0.309759 0.264405 0.008039
v 0.303072 0.264405 0.012851
v 0.350619 0.260745 0.010170
v 0.343193 0.260745 0.004825
v 0.334678 0.260745 0.001481
v 0.325600 0.260745 0.000342
v 0.316522 0.260745 0.001481
v 0.308007 0.260745 0.004825
v 0.300581 0.260745 0.010170
v 0.297781 0.215595 0.019165
v 0.294705 0.219255 0.017182
v 0.353419 0.215595 0.019165
v 0.356495 0.219255 0.017182
v 0.303072 0.215595 0.012851
v 0.309759 0.215595 0.008039
v 0.317426 0.215595 0.005028
v 0.325600 0.215595 0.004002
v 0.333774 0.215595 0.005028
v 0.341441 0.215595 0.008039
v 0.348128 0.215595 0.012851
v 0.300581 0.219255 0.010170
v 0.308007 0.219255 0.004825
v 0.316522 0.219255 0.001481
v 0.325600 0.219255 0.000342
v 0.334678 0.219255 0.001481
v 0.343193 0.219255 0.004825
v 0.350619 0.219255 0.010170
v 0.046742 0.316000 0.016349
v 0.046742 0.291000 0.016349
v 0.036262 0.316000 0.009351
v 0.036262 0.291000 0.009351
v 0.024759 0.316000 0.004207
v 0.024759 0.291000 0.004207
v 0.012557 0.316000 0.001061
v 0.012557 0.291000 0.001061
v 0.000000 0.316000 0.000002
v 0.000000 0.291000 0.000002
v -0.012557 0.316000 0.001061
v -0.012557 0.291000 0.001061
v -0.024759 0.316000 0.004207
v -0.024759 0.291000 0.004207
v -0.036262 0.316000 0.009351
v -0.036262 0.291000 0.009351
v -0.046742 0.316000 0.016349
v -0.046742 0.291000 0.016349
v -0.040509 0.281000 0.024169
v -0.010882 0.281000 0.010920
v 0.000000 0.281000 0.010002
v 0.010882 0.281000 0.010920
v 0.021458 0.281000 0.013646
v 0.031427 0.281000 0.018105
v 0.040509 0.281000 0.024169
v -0.031427 0.281000 0.018105
v -0.021458 0.281000 0.013646
v 0.040509 0.326000 0.024169
v 0.010882 0.326000 0.010920
v 0.000000 0.326000 0.010002
v -0.010882 0.326000 0.010920
v -0.021458 0.326000 0.013646
v -0.031427 0.326000 0.018105
v -0.040509 0.326000 0.024169
v 0.031427 0.326000 0.018105
v 0.021458 0.326000 0.013646
v -0.043625 0.282340 0.020259
v 0.043625 0.282340 0.020259
v 0.045907 0.286000 0.017397
v -0.045907 0.286000 0.017397
v -0.033845 0.282340 0.013728
v -0.023108 0.282340 0.008927
v -0.011720 0.282340 0.005990
v 0.000000 0.282340 0.005002
v 0.011720 0.282340 0.005990
v 0.023108 0.282340 0.008927
v 0.033845 0.282340 0.013728
v -0.035614 0.286000 0.010524
v -0.024316 0.286000 0.005472
v -0.012332 0.286000 0.002382
v 0.000000 0.286000 0.001342
v 0.012332 0.286000 0.002382
v 0.024316 0.286000 0.005472
v 0.035614 0.286000 0.010524
v 0.043625 0.324660 0.020259
v -0.043625 0.324660 0.020259
v -0.045907 0.321000 0.017397
v 0.045907 0.321000 0.017397
v -0.035614 0.321000 0.010524
v -0.024316 0.321000 0.005472
v -0.012332 0.321000 0.002382
v 0.000000 0.321000 0.001342
v 0.012332 0.321000 0.002382
v 0.024316 0.321000 0.005472
v 0.035614 0.321000 0.010524
v -0.033845 0.324660 0.013728
v -0.023108 0.324660 0.008927
v -0.011720 0.324660 0.005990
v 0.000000 0.324660 0.005002
v 0.011720 0.324660 0.005990
v 0.023108 0.324660 0.008927
v 0.033845 0.324660 0.013728
v -0.349116 0.265745 0.021875
v -0.332439 0.265745 0.009873
v -0.338948 0.265745 0.012430
v -0.344625 0.265745 0.016515
v -0.301884 0.265745 0.021875
v -0.306375 0.265745 0.016515
v -0.312052 0.265745 0.012430
v -0.318561 0.265745 0.009873
v -0.325500 0.265745 0.009002
v -0.312052 0.214255 0.012430
v -0.306375 0.214255 0.016515
v -0.301884 0.214255 0.021875
v -0.349116 0.214255 0.021875
v -0.344625 0.214255 0.016515
v -0.338948 0.214255 0.012430
v -0.332439 0.214255 0.009873
v -0.325500 0.214255 0.009002
v -0.318561 0.214255 0.009873
v -0.293479 0.255745 0.016456
v -0.299569 0.255745 0.009188
v -0.299569 0.224255 0.009188
v -0.293479 0.224255 0.016456
v -0.357521 0.255745 0.016456
v -0.307266 0.255745 0.003649
v -0.307266 0.224255 0.003649
v -0.316092 0.255745 0.000182
v -0.316092 0.224255 0.000182
v -0.325500 0.255745 -0.000998
v -0.325500 0.224255 -0.000998
v -0.334908 0.255745 0.000182
v -0.334908 0.224255 0.000182
v -0.343734 0.255745 0.003649
v -0.343734 0.224255 0.003649
v -0.351431 0.255745 0.009188
v -0.351431 0.224255 0.009188
v -0.357521 0.224255 0.016456
v -0.297681 0.264405 0.019165
v -0.294605 0.260745 0.017182
v -0.353319 0.264405 0.019165
v -0.356395 0.260745 0.017182
v -0.302972 0.264405 0.012851
v -0.309659 0.264405 0.008039
v -0.317326 0.264405 0.005028
v -0.325500 0.264405 0.004002
v -0.333674 0.264405 0.005028
v -0.341341 0.264405 0.008039
v -0.348028 0.264405 0.012851
v -0.300481 0.260745 0.010170
v -0.307907 0.260745 0.004825
v -0.316422 0.260745 0.001481
v -0.325500 0.260745 0.000342
v -0.334578 0.260745 0.001481
v -0.343093 0.260745 0.004825
v -0.350519 0.260745 0.010170
v -0.353319 0.215595 0.019165
v -0.297681 0.215595 0.019165
v -0.294605 0.219255 0.017182
v -0.356395 0.219255 0.017182
v -0.348028 0.215595 0.012851
v -0.341341 0.215595 0.008039
v -0.333674 0.215595 0.005028
v -0.325500 0.215595 0.004002
v -0.317326 0.215595 0.005028
v -0.309659 0.215595 0.008039
v -0.302972 0.215595 0.012851
v -0.350519 0.219255 0.010170
v -0.343093 0.219255 0.004825
v -0.334578 0.219255 0.001481
v -0.325500 0.219255 0.000342
v -0.316422 0.219255 0.001481
v -0.307907 0.219255 0.004825
v -0.300481 0.219255 0.010170
v -0.349116 -0.214255 0.021875
v -0.301884 -0.214255 0.021875
v -0.306375 -0.214255 0.016515
v -0.312052 -0.214255 0.012430
v -0.344625 -0.214255 0.016515
v -0.318561 -0.214255 0.009873
v -0.325500 -0.214255 0.009002
v -0.332439 -0.214255 0.009873
v -0.338948 -0.214255 0.012430
v -0.301884 -0.265745 0.021875
v -0.306375 -0.265745 0.016515
v -0.349116 -0.265745 0.021875
v -0.344625 -0.265745 0.016515
v -0.338948 -0.265745 0.012430
v -0.332439 -0.265745 0.009873
v -0.325500 -0.265745 0.009002
v -0.318561 -0.265745 0.009873
v -0.312052 -0.265745 0.012430
v -0.357521 -0.224255 0.016456
v -0.293479 -0.255745 0.016456
v -0.357521 -0.255745 0.016456
v -0.351431 -0.255745 0.009188
v -0.351431 -0.224255 0.009188
v -0.343734 -0.255745 0.003649
v -0.343734 -0.224255 0.003649
v -0.334908 -0.255745 0.000182
v -0.334908 -0.224255 0.000182
v -0.325500 -0.255745 -0.000998
v -0.325500 -0.224255 -0.000998
v -0.316092 -0.255745 0.000182
v -0.316092 -0.224255 0.000182
v -0.307266 -0.255745 0.003649
v -0.307266 -0.224255 0.003649
v -0.299569 -0.255745 0.009188
v -0.299569 -0.224255 0.009188
v -0.293479 -0.224255 0.016456
v -0.297681 -0.215595 0.019165
v -0.294605 -0.219255 0.017182
v -0.353319 -0.215595 0.019165
v -0.356395 -0.219255 0.017182
v -0.302972 -0.215595 0.012851
v -0.309659 -0.215595 0.008039
v -0.317326 -0.215595 0.005028
v -0.325500 -0.215595 0.004002
v -0.333674 -0.215595 0.005028
v -0.341341 -0.215595 0.008039
v -0.348028 -0.215595 0.012851
v -0.300481 -0.219255 0.010170
v -0.307907 -0.219255 0.004825
v -0.316422 -0.219255 0.001481
v -0.325500 -0.219255 0.000342
v -0.334578 -0.219255 0.001481
v -0.343093 -0.219255 0.004825
v -0.350519 -0.219255 0.010170
v -0.353319 -0.264405 0.019165
v -0.297681 -0.264405 0.019165
v -0.294605 -0.260745 0.017182
v -0.356395 -0.260745 0.017182
v -0.348028 -0.264405 0.012851
v -0.341341 -0.264405 0.008039
v -0.333674 -0.264405 0.005028
v -0.325500 -0.264405 0.004002
v -0.317326 -0.264405 0.005028
v -0.309659 -0.264405 0.008039
v -0.302972 -0.264405 0.012851
v -0.350519 -0.260745 0.010170
v -0.343093 -0.260745 0.004825
v -0.334578 -0.260745 0.001481
v -0.325500 -0.260745 0.000342
v -0.316422 -0.260745 0.001481
v -0.307907 -0.260745 0.004825
v -0.300481 -0.260745 0.010170
v -0.046742 -0.317000 0.016349
v -0.046742 -0.292000 0.016349
v -0.036262 -0.317000 0.009351
v -0.036262 -0.292000 0.009351
v -0.024759 -0.317000 0.004207
v -0.024759 -0.292000 0.004207
v -0.012557 -0.317000 0.001061
v -0.012557 -0.292000 0.001061
v 0.000000 -0.317000 0.000002
v 0.000000 -0.292000 0.000002
v 0.012557 -0.317000 0.001061
v 0.012557 -0.292000 0.001061
v 0.024759 -0.317000 0.004207
v 0.024759 -0.292000 0.004207
v 0.036262 -0.317000 0.009351
v 0.036262 -0.292000 0.009351
v 0.046742 -0.317000 0.016349
v 0.046742 -0.292000 0.016349
v 0.000000 -0.327000 0.010002
v 0.010882 -0.327000 0.010920
v 0.021458 -0.327000 0.013646
v -0.040509 -0.327000 0.024169
v -0.031427 -0.327000 0.018105
v 0.031427 -0.327000 0.018105
v 0.040509 -0.327000 0.024169
v -0.021458 -0.327000 0.013646
v -0.010882 -0.327000 0.010920
v 0.010882 -0.282000 0.010920
v 0.000000 -0.282000 0.010002
v -0.040509 -0.282000 0.024169
v -0.031427 -0.282000 0.018105
v 0.040509 -0.282000 0.024169
v -0.010882 -0.282000 0.010920
v -0.021458 -0.282000 0.013646
v 0.031427 -0.282000 0.018105
v 0.021458 -0.282000 0.013646
v -0.043625 -0.325660 0.020259
v 0.043625 -0.325660 0.020259
v 0.045907 -0.322000 0.017397
v -0.045907 -0.322000 0.017397
v -0.033845 -0.325660 0.013728
v -0.023108 -0.325660 0.008927
v -0.011720 -0.325660 0.005990
v 0.000000 -0.325660 0.005002
v 0.011720 -0.325660 0.005990
v 0.023108 -0.325660 0.008927
v 0.033845 -0.325660 0.013728
v -0.035614 -0.322000 0.010524
v -0.024316 -0.322000 0.005472
v -0.012332 -0.322000 0.002382
v 0.000000 -0.322000 0.001342
v 0.012332 -0.322000 0.002382
v 0.024316 -0.322000 0.005472
v 0.035614 -0.322000 0.010524
v 0.043625 -0.283340 0.020259
v -0.043625 -0.283340 0.020259
v -0.045907 -0.287000 0.017397
v 0.045907 -0.287000 0.017397
v -0.035614 -0.287000 0.010524
v -0.024316 -0.287000 0.005472
v -0.012332 -0.287000 0.002382
v 0.000000 -0.287000 0.001342
v 0.012332 -0.287000 0.002382
v 0.024316 -0.287000 0.005472
v 0.035614 -0.287000 0.010524
v -0.033845 -0.283340 0.013728
v -0.023108 -0.283340 0.008927
v -0.011720 -0.283340 0.005990
v 0.000000 -0.283340 0.005002
v 0.011720 -0.283340 0.005990
v 0.023108 -0.283340 0.008927
v 0.033845 -0.283340 0.013728
v 0.312152 -0.214255 0.012430
v 0.306475 -0.214255 0.016515
v 0.301984 -0.214255 0.021875
v 0.349216 -0.214255 0.021875
v 0.344725 -0.214255 0.016515
v 0.339048 -0.214255 0.012430
v 0.332539 -0.214255 0.009873
v 0.325600 -0.214255 0.009002
v 0.318661 -0.214255 0.009873
v 0.301984 -0.265745 0.021875
v 0.339048 -0.265745 0.012430
v 0.344725 -0.265745 0.016515
v 0.349216 -0.265745 0.021875
v 0.306475 -0.265745 0.016515
v 0.312152 -0.265745 0.012430
v 0.318661 -0.265745 0.009873
v 0.325600 -0.265745 0.009002
v 0.332539 -0.265745 0.009873
v 0.357621 -0.255745 0.016456
v 0.293579 -0.224255 0.016456
v 0.293579 -0.255745 0.016456
v 0.299670 -0.255745 0.009188
v 0.299670 -0.224255 0.009188
v 0.307366 -0.255745 0.003649
v 0.307366 -0.224255 0.003649
v 0.316192 -0.255745 0.000182
v 0.316192 -0.224255 0.000182
v 0.325600 -0.255745 -0.000998
v 0.325600 -0.224255 -0.000998
v 0.335008 -0.255745 0.000182
v 0.335008 -0.224255 0.000182
v 0.343834 -0.255745 0.003649
v 0.343834 -0.224255 0.003649
v 0.351531 -0.255745 0.009188
v 0.351531 -0.224255 0.009188
v 0.357621 -0.224255 0.016456
v 0.353419 -0.215595 0.019165
v 0.297781 -0.215595 0.019165
v 0.294705 -0.219255 0.017182
v 0.356495 -0.219255 0.017182
v 0.348128 -0.215595 0.012851
v 0.341441 -0.215595 0.008039
v 0.333774 -0.215595 0.005028
v 0.325600 -0.215595 0.004002
v 0.317426 -0.215595 0.005028
v 0.309759 -0.215595 0.008039
v 0.303072 -0.215595 0.012851
v 0.350619 -0.219255 0.010170
v 0.343193 -0.219255 0.004825
v 0.334678 -0.219255 0.001481
v 0.325600 -0.219255 0.000342
v 0.316522 -0.219255 0.001481
v 0.308007 -0.219255 0.004825
v 0.300581 -0.219255 0.010170
v 0.297781 -0.264405 0.019165
v 0.353419 -0.264405 0.019165
v 0.356495 -0.260745 0.017182
v 0.294705 -0.260745 0.017182
v 0.303072 -0.264405 0.012851
v 0.309759 -0.264405 0.008039
v 0.317426 -0.264405 0.005028
v 0.325600 -0.264405 0.004002
v 0.333774 -0.264405 0.005028
v 0.341441 -0.264405 0.008039
v 0.348128 -0.264405 0.012851
v 0.300581 -0.260745 0.010170
v 0.308007 -0.260745 0.004825
v 0.316522 -0.260745 0.001481
v 0.325600 -0.260745 0.000342
v 0.334678 -0.260745 0.001481
v 0.343193 -0.260745 0.004825
v 0.350619 -0.260745 0.010170
vn -0.0000 -0.0000 -1.0000
vn -0.0000 -0.0000 1.0000
vn 0.9995 -0.0241 0.0182
vn 0.9996 -0.0220 0.0171
vn 0.9996 -0.0212 0.0168
vn 0.9999 -0.0022 0.0171
vn 0.9997 -0.0072 0.0232
vn 0.9997 -0.0076 0.0242
vn 0.9998 -0.0132 0.0174
vn 0.9997 -0.0175 0.0172
vn 0.9997 -0.0203 0.0166
vn 0.9997 -0.0191 0.0156
vn 0.9997 -0.0202 0.0163
vn 0.9996 -0.0227 0.0172
vn 0.9996 -0.0234 0.0173
vn 0.9996 -0.0243 0.0174
vn 0.9994 -0.0308 0.0180
vn 0.9992 -0.0344 0.0180
vn 0.9993 -0.0341 0.0181
vn 0.9977 -0.0655 0.0186
vn 0.9977 -0.0651 0.0188
vn 0.9999 0.0012 0.0171
vn 0.9997 0.0076 0.0215
vn 0.9994 0.0283 0.0182
vn 0.9995 0.0259 0.0172
vn 0.9995 0.0250 0.0168
vn 0.9996 0.0243 0.0164
vn 0.9996 0.0235 0.0159
vn 0.9995 0.0269 0.0187
vn 0.9996 0.0212 0.0168
vn 0.9997 0.0203 0.0163
vn 0.9997 0.0187 0.0169
vn 0.9997 0.0132 0.0181
vn 0.9998 0.0181 0.0113
vn 0.9997 0.0072 0.0247
vn 0.9994 0.0035 0.0337
vn 0.9974 0.0689 0.0188
vn 0.9974 0.0694 0.0187
vn 0.9990 0.0396 0.0182
vn 0.9990 0.0400 0.0181
vn 0.9995 0.0267 0.0180
vn -0.0001 -0.0000 -1.0000
vn -0.9998 -0.0022 0.0179
vn -0.9997 -0.0106 0.0200
vn -0.9997 -0.0072 0.0224
vn -0.9997 -0.0132 0.0197
vn -0.9996 -0.0203 0.0181
vn -0.9993 -0.0341 0.0183
vn -0.9992 -0.0346 0.0185
vn -0.9977 -0.0651 0.0190
vn -0.9977 -0.0657 0.0192
vn -0.9974 0.0689 0.0192
vn -0.9974 0.0695 0.0191
vn -0.9990 0.0396 0.0186
vn -0.9990 0.0401 0.0184
vn -0.9995 0.0269 0.0183
vn -0.9996 0.0203 0.0190
vn -0.9997 0.0142 0.0210
vn -0.9997 0.0132 0.0204
vn -0.9998 0.0072 0.0183
vn -0.9998 0.0035 0.0179
vn -0.9998 0.0012 0.0179
vn -0.9998 0.0013 0.0179
vn -0.8048 -0.5931 0.0223
vn -0.8155 -0.5783 0.0242
vn -0.9108 -0.4122 0.0232
vn -0.9144 -0.4041 0.0238
vn -0.9413 -0.3367 0.0230
vn -0.9584 -0.2845 0.0232
vn -0.9928 -0.1181 0.0201
vn -0.9928 -0.1178 0.0202
vn -0.9819 -0.1882 0.0214
vn -0.9818 -0.1890 0.0213
vn -0.9602 -0.2782 0.0226
vn -0.9931 0.1152 0.0201
vn -0.9931 0.1155 0.0201
vn -0.9839 0.1773 0.0212
vn -0.9840 0.1767 0.0211
vn -0.9639 0.2652 0.0225
vn -0.9647 0.2625 0.0222
vn -0.9461 0.3232 0.0230
vn -0.9265 0.3754 0.0237
vn -0.8249 0.5649 0.0223
vn -0.8148 0.5792 0.0244
vn -0.8964 0.4426 0.0236
vn -0.8914 0.4526 0.0237
vn -0.9228 0.3847 0.0231
vn -0.0839 -0.9964 0.0080
vn -0.0852 -0.9963 0.0083
vn -0.1213 -0.9926 0.0089
vn -0.1340 -0.9909 0.0104
vn -0.3030 -0.9529 0.0149
vn -0.2612 -0.9652 0.0125
vn -0.2023 -0.9793 0.0116
vn -0.1952 -0.9807 0.0107
vn -0.1486 -0.9889 0.0099
vn -0.6535 -0.7566 0.0217
vn -0.6370 -0.7706 0.0195
vn -0.4408 -0.8974 0.0172
vn -0.4254 -0.9049 0.0160
vn -0.3183 -0.9479 0.0144
vn -0.0868 0.9962 0.0081
vn -0.7186 0.6950 0.0221
vn -0.7337 0.6792 0.0217
vn -0.5679 0.8228 0.0204
vn -0.5849 0.8109 0.0184
vn -0.3475 0.9376 0.0153
vn -0.3587 0.9333 0.0146
vn -0.2351 0.9719 0.0127
vn -0.2367 0.9715 0.0125
vn -0.2832 0.9590 0.0133
vn -0.0853 0.9963 0.0084
vn -0.1234 0.9923 0.0090
vn -0.1460 0.9892 0.0113
vn -0.1589 0.9872 0.0103
vn -0.1911 0.9815 0.0109
vn -0.0468 -0.9989 0.0075
vn -0.0455 -0.9989 0.0080
vn -0.0204 -0.9998 0.0083
vn -0.0225 -0.9997 0.0089
vn -0.0281 -0.9996 0.0075
vn -0.0331 -0.9994 0.0076
vn -0.0142 -0.9999 0.0082
vn -0.0092 -0.9999 0.0098
vn -0.0065 -0.9999 0.0117
vn -0.0051 -0.9999 0.0107
vn -0.0016 -1.0000 0.0094
vn -0.0468 0.9989 0.0075
vn -0.0455 0.9989 0.0080
vn -0.0142 0.9999 0.0082
vn -0.0204 0.9998 0.0083
vn -0.0225 0.9997 0.0089
vn -0.0281 0.9996 0.0075
vn -0.0331 0.9994 0.0076
vn -0.0016 1.0000 0.0094
vn -0.0065 0.9999 0.0112
vn -0.0051 0.9999 0.0126
vn -0.0092 0.9999 0.0098
vn 0.0010 -1.0000 0.0094
vn 0.0008 -1.0000 0.0094
vn 0.0027 -1.0000 0.0094
vn 0.0051 -0.9999 0.0097
vn 0.0091 -0.9999 0.0116
vn 0.0092 -0.9999 0.0116
vn 0.0142 -0.9999 0.0089
vn 0.0494 -0.9988 0.0075
vn 0.0489 -0.9988 0.0077
vn 0.0353 -0.9993 0.0075
vn 0.0272 -0.9996 0.0081
vn 0.0270 -0.9996 0.0080
vn 0.0192 -0.9998 0.0079
vn 0.0489 0.9988 0.0075
vn 0.0010 1.0000 0.0094
vn 0.0008 1.0000 0.0094
vn 0.0027 1.0000 0.0094
vn 0.0051 0.9999 0.0097
vn 0.0092 0.9999 0.0117
vn 0.0091 0.9999 0.0116
vn 0.0142 0.9999 0.0089
vn 0.0494 0.9988 0.0077
vn 0.0353 0.9993 0.0075
vn 0.0272 0.9996 0.0081
vn 0.0270 0.9996 0.0080
vn 0.0192 0.9998 0.0079
vn 0.0867 -0.9962 0.0080
vn 0.7171 -0.6966 0.0218
vn 0.7321 -0.6809 0.0213
vn 0.5653 -0.8246 0.0201
vn 0.5822 -0.8128 0.0182
vn 0.3475 -0.9376 0.0152
vn 0.3587 -0.9334 0.0145
vn 0.2351 -0.9719 0.0125
vn 0.2360 -0.9717 0.0124
vn 0.2833 -0.9590 0.0131
vn 0.0853 -0.9963 0.0083
vn 0.1347 -0.9909 0.0091
vn 0.1460 -0.9892 0.0109
vn 0.1739 -0.9847 0.0105
vn 0.1905 -0.9816 0.0108
vn 0.0839 0.9964 0.0080
vn 0.0852 0.9963 0.0083
vn 0.1302 0.9915 0.0090
vn 0.1340 0.9909 0.0096
vn 0.1778 0.9840 0.0103
vn 0.2023 0.9793 0.0123
vn 0.3030 0.9529 0.0148
vn 0.2612 0.9652 0.0124
vn 0.2178 0.9759 0.0118
vn 0.6534 0.7567 0.0214
vn 0.6370 0.7706 0.0192
vn 0.4407 0.8975 0.0170
vn 0.4254 0.9049 0.0158
vn 0.3183 0.9479 0.0143
vn 0.9932 -0.1152 0.0197
vn 0.9931 -0.1154 0.0197
vn 0.9839 -0.1773 0.0208
vn 0.9841 -0.1766 0.0207
vn 0.9639 -0.2652 0.0221
vn 0.9647 -0.2624 0.0217
vn 0.9459 -0.3236 0.0225
vn 0.9266 -0.3754 0.0233
vn 0.8248 -0.5650 0.0219
vn 0.8148 -0.5792 0.0241
vn 0.8966 -0.4423 0.0232
vn 0.8913 -0.4528 0.0233
vn 0.9228 -0.3847 0.0227
vn 0.8048 0.5931 0.0220
vn 0.8154 0.5784 0.0239
vn 0.9108 0.4122 0.0228
vn 0.9144 0.4041 0.0234
vn 0.9414 0.3366 0.0226
vn 0.9584 0.2844 0.0228
vn 0.9928 0.1180 0.0197
vn 0.9928 0.1178 0.0197
vn 0.9819 0.1881 0.0210
vn 0.9818 0.1890 0.0208
vn 0.9603 0.2782 0.0222
vn 1.0000 -0.0000 -0.0000
vn -0.0000 1.0000 -0.0000
vn -0.0000 -1.0000 -0.0000
vn -0.0000 -0.9952 0.0979
vn 0.1218 -0.9771 0.1745
vn -0.0237 -0.9569 0.2894
vn 0.0354 -0.8810 0.4718
vn 0.1651 -0.8307 0.5317
vn 0.0002 -0.7733 0.6340
vn -0.0000 -0.1758 0.9844
vn 0.1694 -0.0929 0.9812
vn -0.0197 -0.2916 0.9563
vn 0.0495 -0.5385 0.8412
vn 0.2533 -0.4495 0.8566
vn -0.0002 -0.6349 0.7726
vn -0.0000 0.0979 0.9952
vn 0.0938 0.1750 0.9801
vn -0.0194 0.2907 0.9566
vn 0.0290 0.4701 0.8822
vn 0.1506 0.5330 0.8326
vn 0.0002 0.6340 0.7734
vn -0.0000 0.9844 0.1758
vn 0.2075 0.9729 0.1015
vn -0.0241 0.9566 0.2904
vn 0.0595 0.8407 0.5382
vn 0.2548 0.8484 0.4640
vn -0.0002 0.7726 0.6349
vn 0.5008 0.8655 0.0092
vn 0.5011 0.8654 0.0091
vn 0.4735 0.0771 0.8774
vn 0.4726 0.0748 0.8781
vn 0.4764 0.2442 0.8446
vn 0.4755 0.2420 0.8458
vn 0.4798 0.4017 0.7800
vn 0.4789 0.3997 0.7816
vn 0.4837 0.5439 0.6857
vn 0.4827 0.5423 0.6877
vn 0.4876 0.6653 0.5653
vn 0.4867 0.6641 0.5676
vn 0.4915 0.7611 0.4233
vn 0.4906 0.7603 0.4257
vn 0.4951 0.8275 0.2646
vn 0.4942 0.8273 0.2672
vn 0.4981 0.8618 0.0954
vn 0.4973 0.8621 0.0978
vn 0.4739 -0.0036 0.8806
vn 0.4738 -0.0036 0.8806
vn 0.4738 0.0036 0.8806
vn 0.4739 0.0036 0.8806
vn 0.4974 -0.8623 0.0949
vn 0.4982 -0.8616 0.0973
vn 0.4944 -0.8282 0.2639
vn 0.4952 -0.8270 0.2662
vn 0.4908 -0.7620 0.4224
vn 0.4916 -0.7604 0.4245
vn 0.4869 -0.6663 0.5647
vn 0.4877 -0.6643 0.5664
vn 0.4829 -0.5450 0.6854
vn 0.4837 -0.5427 0.6866
vn 0.4791 -0.4029 0.7798
vn 0.4799 -0.4005 0.7806
vn 0.4757 -0.2452 0.8448
vn 0.4765 -0.2427 0.8450
vn 0.4728 -0.0776 0.8778
vn 0.4735 -0.0752 0.8776
vn 0.5008 -0.8655 0.0091
vn 0.5011 -0.8654 0.0092
vn 0.1564 -0.9877 -0.0000
vn 0.4540 -0.8910 -0.0000
vn 0.7071 -0.7071 -0.0000
vn 0.8910 -0.4540 -0.0000
vn 0.9877 -0.1564 -0.0000
vn 0.9877 0.1564 -0.0000
vn 0.8910 0.4540 -0.0000
vn 0.7071 0.7071 -0.0000
vn 0.4540 0.8910 -0.0000
vn 0.1564 0.9877 -0.0000
vn -0.1564 0.9877 -0.0000
vn -0.4540 0.8910 -0.0000
vn -0.7071 0.7071 -0.0000
vn -0.8910 0.4540 -0.0000
vn -0.9877 0.1564 -0.0000
vn -1.0000 -0.0000 -0.0000
vn -0.9877 -0.1564 -0.0000
vn -0.8910 -0.4540 -0.0000
vn -0.7071 -0.7071 -0.0000
vn -0.4540 -0.8910 -0.0000
vn -0.1564 -0.9877 -0.0000
vn 0.9914 0.1287 0.0257
vn 0.8167 0.5763 0.0283
vn 0.8104 0.5854 0.0260
vn 0.9134 0.4058 0.0325
vn 0.9140 0.4044 0.0328
vn 0.9580 0.2856 0.0267
vn 0.9708 0.2374 0.0335
vn 0.9817 0.1887 0.0243
vn 0.9925 0.1182 0.0304
vn 0.9709 -0.2374 0.0297
vn 0.9682 -0.2481 0.0331
vn 0.9915 -0.1287 0.0205
vn 0.9901 -0.1381 0.0259
vn 0.8103 -0.5853 0.0283
vn 0.8260 -0.5631 0.0236
vn 0.9139 -0.4044 0.0343
vn 0.8998 -0.4346 0.0398
vn 0.9332 -0.3582 0.0280
vn 0.9973 0.0694 0.0244
vn 0.9973 0.0697 0.0243
vn 0.9989 0.0399 0.0237
vn 0.9989 0.0401 0.0235
vn 0.9996 0.0140 0.0231
vn 0.9996 0.0141 0.0229
vn 0.9997 0.0012 0.0229
vn 0.2100 0.9775 0.0200
vn 0.0875 0.9961 0.0107
vn 0.0988 0.9950 0.0162
vn 0.1405 0.9900 0.0106
vn 0.2105 0.9774 0.0202
vn 0.6821 0.7307 0.0276
vn 0.6597 0.7512 0.0222
vn 0.4238 0.9054 0.0250
vn 0.4499 0.8925 0.0316
vn 0.3126 0.9498 0.0153
vn 0.0988 -0.9950 0.0109
vn 0.0977 -0.9952 0.0116
vn 0.2100 -0.9776 0.0140
vn 0.2060 -0.9784 0.0155
vn 0.4239 -0.9055 0.0198
vn 0.4159 -0.9091 0.0217
vn 0.6822 -0.7308 0.0257
vn 0.6737 -0.7385 0.0276
vn 0.9997 -0.0106 0.0229
vn 0.9997 -0.0106 0.0230
vn 0.9991 -0.0347 0.0234
vn 0.9991 -0.0345 0.0235
vn 0.9975 -0.0659 0.0241
vn 0.9975 -0.0656 0.0243
vn 0.0057 0.9999 0.0143
vn 0.0009 0.9999 0.0118
vn 0.0457 0.9989 0.0099
vn 0.0491 0.9987 0.0131
vn 0.0217 0.9997 0.0074
vn 0.0274 0.9995 0.0151
vn 0.0092 0.9999 0.0067
vn 0.0057 -0.9999 0.0118
vn 0.0491 -0.9987 0.0099
vn 0.0457 -0.9989 0.0123
vn 0.0274 -0.9996 0.0086
vn 0.0217 -0.9997 0.0125
vn 0.0092 -0.9999 0.0067
vn 0.0009 -0.9997 0.0247
vn -0.0057 0.9999 0.0119
vn -0.0062 0.9999 0.0105
vn -0.0217 0.9997 0.0107
vn -0.0221 0.9997 0.0103
vn -0.0457 0.9989 0.0098
vn -0.0453 0.9989 0.0101
vn -0.0062 -0.9999 0.0119
vn -0.0057 -0.9999 0.0105
vn -0.0221 -0.9997 0.0107
vn -0.0217 -0.9997 0.0103
vn -0.0453 -0.9989 0.0098
vn -0.0457 -0.9989 0.0101
vn -0.0988 0.9950 0.0113
vn -0.7330 0.6795 0.0312
vn -0.6827 0.7298 0.0349
vn -0.5724 0.8198 0.0173
vn -0.5011 0.8650 0.0243
vn -0.3501 0.9365 0.0210
vn -0.3653 0.9307 0.0188
vn -0.2311 0.9728 0.0182
vn -0.2101 0.9774 0.0225
vn -0.1448 0.9894 0.0102
vn -0.0867 0.9961 0.0186
vn -0.2101 -0.9774 0.0210
vn -0.0876 -0.9961 0.0111
vn -0.0988 -0.9950 0.0166
vn -0.1407 -0.9900 0.0112
vn -0.2107 -0.9773 0.0212
vn -0.6828 -0.7299 0.0307
vn -0.6599 -0.7509 0.0251
vn -0.4243 -0.9051 0.0268
vn -0.4502 -0.8923 0.0335
vn -0.3129 -0.9496 0.0167
vn -0.8107 0.5845 0.0319
vn -0.8042 0.5934 0.0337
vn -0.9141 0.4042 0.0330
vn -0.9119 0.4089 0.0342
vn -0.9708 0.2379 0.0320
vn -0.9706 0.2387 0.0322
vn -0.9911 0.1297 0.0301
vn -0.9912 0.1289 0.0297
vn -0.9911 -0.1297 0.0298
vn -0.8166 -0.5764 0.0319
vn -0.8108 -0.5846 0.0298
vn -0.9130 -0.4063 0.0366
vn -0.9139 -0.4042 0.0370
vn -0.9577 -0.2860 0.0310
vn -0.9706 -0.2379 0.0378
vn -0.9816 -0.1890 0.0286
vn -0.9923 -0.1185 0.0348
vn -0.9972 0.0698 0.0285
vn -0.9971 0.0710 0.0279
vn -0.9988 0.0403 0.0272
vn -0.9988 0.0413 0.0265
vn -0.9996 0.0142 0.0261
vn -0.9996 0.0148 0.0250
vn -0.9997 0.0012 0.0250
vn -0.9997 0.0013 0.0250
vn -0.9996 -0.0108 0.0250
vn -0.9996 -0.0113 0.0259
vn -0.9990 -0.0349 0.0262
vn -0.9990 -0.0359 0.0270
vn -0.9974 -0.0660 0.0276
vn -0.9973 -0.0672 0.0284
vn 0.9976 0.0068 0.0689
vn 0.9945 0.0722 0.0754
vn 0.9952 0.0686 0.0696
vn 0.9969 0.0392 0.0680
vn 0.9974 0.0365 0.0628
vn 0.9979 0.0112 0.0636
vn 0.9980 0.0097 0.0618
vn 0.9950 0.0226 0.0969
vn 0.9944 0.0391 0.0980
vn 0.9929 0.0441 0.1105
vn 0.9910 0.0719 0.1129
vn 0.9888 0.0786 0.1268
vn 0.9968 0.0697 0.0388
vn 0.9969 0.0687 0.0392
vn 0.9985 0.0401 0.0360
vn 0.9986 0.0366 0.0376
vn 0.9994 0.0141 0.0327
vn 0.9993 0.0112 0.0366
vn 0.9994 0.0012 0.0344
vn 0.9888 -0.0786 0.1268
vn 0.9929 -0.0441 0.1105
vn 0.9944 -0.0391 0.0980
vn 0.9969 -0.0392 0.0680
vn 0.9974 -0.0365 0.0628
vn 0.9986 -0.0366 0.0370
vn 0.9988 -0.0347 0.0358
vn 0.9910 -0.0719 0.1129
vn 0.9945 -0.0722 0.0754
vn 0.9952 -0.0686 0.0696
vn 0.9969 -0.0687 0.0388
vn 0.9971 -0.0659 0.0372
vn 0.9993 -0.0106 0.0352
vn 0.9993 -0.0112 0.0344
vn 0.9980 -0.0112 0.0618
vn 0.9976 -0.0095 0.0689
vn 0.9952 -0.0145 0.0964
vn 0.9877 0.1351 0.0791
vn 0.9134 0.4042 0.0478
vn 0.9149 0.4008 0.0484
vn 0.9704 0.2373 0.0451
vn 0.9701 0.2383 0.0448
vn 0.9908 0.1286 0.0416
vn 0.8122 0.5740 0.1039
vn 0.8156 0.5765 0.0490
vn 0.8097 0.5849 0.0474
vn 0.8110 0.5759 0.1029
vn 0.9095 0.4031 0.1019
vn 0.9114 0.3992 0.0994
vn 0.9656 0.2426 0.0939
vn 0.9672 0.2376 0.0897
vn 0.9879 0.1305 0.0840
vn 0.9906 0.1309 0.0408
vn 0.9808 0.1428 0.1329
vn 0.9804 0.1340 0.1442
vn 0.9558 0.2505 0.1541
vn 0.9569 0.2401 0.1633
vn 0.8964 0.4084 0.1725
vn 0.8996 0.3983 0.1794
vn 0.7969 0.5766 0.1800
vn 0.8015 0.5685 0.1853
vn 0.5763 0.0656 0.8146
vn 0.5432 0.0720 0.8365
vn 0.9780 0.0776 0.1937
vn 0.9712 0.0877 0.2214
vn 0.9854 0.0437 0.1647
vn 0.9804 0.0515 0.1899
vn 0.9349 0.0488 0.3517
vn 0.9293 0.0833 0.3598
vn 0.9109 0.0948 0.4016
vn 0.6165 0.0298 0.7868
vn 0.6346 0.0260 0.7724
vn 0.8466 0.0356 0.5310
vn 0.5840 0.0494 0.8103
vn 0.6116 0.0440 0.7900
vn 0.8229 0.0614 0.5648
vn 0.8301 0.0284 0.5568
vn 0.9580 0.0332 0.2849
vn 0.9892 0.0224 0.1449
vn 0.9863 0.0275 0.1629
vn 0.9500 0.0264 0.3111
vn 0.9465 0.0597 0.3171
vn 0.8002 0.0495 0.5977
vn 0.7905 0.0806 0.6071
vn 0.7571 0.0901 0.6471
vn 0.9905 0.0068 0.1373
vn 0.9895 0.0086 0.1441
vn 0.9622 0.0084 0.2721
vn 0.9592 0.0107 0.2827
vn 0.8558 0.0095 0.5172
vn 0.8493 0.0117 0.5279
vn 0.6437 0.0087 0.7653
vn 0.6374 0.0102 0.7704
vn 0.7571 -0.0901 0.6471
vn 0.7905 -0.0806 0.6071
vn 0.7973 -0.0593 0.6007
vn 0.8253 -0.0512 0.5624
vn 0.9931 -0.0144 0.1166
vn 0.9905 -0.0087 0.1373
vn 0.9622 -0.0084 0.2721
vn 0.5432 -0.0720 0.8365
vn 0.5763 -0.0656 0.8146
vn 0.5840 -0.0494 0.8103
vn 0.6116 -0.0440 0.7900
vn 0.6337 -0.0308 0.7730
vn 0.6180 -0.0252 0.7857
vn 0.8466 -0.0356 0.5310
vn 0.8301 -0.0284 0.5568
vn 0.9494 -0.0329 0.3123
vn 0.9465 -0.0597 0.3171
vn 0.9349 -0.0488 0.3517
vn 0.9268 -0.0968 0.3628
vn 0.9136 -0.0817 0.3982
vn 0.6437 -0.0103 0.7652
vn 0.6377 -0.0086 0.7702
vn 0.8558 -0.0118 0.5172
vn 0.8495 -0.0094 0.5275
vn 0.9592 -0.0107 0.2827
vn 0.9584 -0.0267 0.2842
vn 0.9863 -0.0275 0.1629
vn 0.9848 -0.0518 0.1656
vn 0.9811 -0.0435 0.1887
vn 0.9768 -0.0883 0.1952
vn 0.9725 -0.0771 0.2197
vn 0.7906 -0.6010 0.1174
vn 0.9704 -0.2373 0.0448
vn 0.9701 -0.2383 0.0451
vn 0.9134 -0.4042 0.0485
vn 0.9149 -0.4008 0.0478
vn 0.8097 -0.5849 0.0490
vn 0.9883 -0.1305 0.0788
vn 0.9905 -0.1308 0.0417
vn 0.9909 -0.1286 0.0407
vn 0.9873 -0.1351 0.0842
vn 0.9659 -0.2427 0.0899
vn 0.9669 -0.2375 0.0937
vn 0.9097 -0.4032 0.0995
vn 0.9112 -0.3991 0.1018
vn 0.8123 -0.5740 0.1029
vn 0.8157 -0.5765 0.0474
vn 0.7926 -0.5730 0.2085
vn 0.8134 -0.5531 0.1804
vn 0.8953 -0.4078 0.1796
vn 0.9007 -0.3988 0.1721
vn 0.9542 -0.2500 0.1640
vn 0.9585 -0.2406 0.1533
vn 0.9791 -0.1425 0.1450
vn 0.9821 -0.1343 0.1321
vn 0.6863 0.7205 0.0990
vn 0.2100 0.9774 0.0244
vn 0.2157 0.9761 0.0265
vn 0.4237 0.9051 0.0344
vn 0.4334 0.9005 0.0368
vn 0.6817 0.7303 0.0440
vn 0.1007 0.9941 0.0415
vn 0.1008 0.9947 0.0199
vn 0.0988 0.9949 0.0188
vn 0.1024 0.9938 0.0441
vn 0.2185 0.9742 0.0561
vn 0.2154 0.9748 0.0587
vn 0.4350 0.8969 0.0796
vn 0.4323 0.8981 0.0810
vn 0.6873 0.7195 0.0997
vn 0.6899 0.7224 0.0458
vn 0.6735 0.7181 0.1753
vn 0.6787 0.7120 0.1802
vn 0.4328 0.8896 0.1460
vn 0.4319 0.8901 0.1451
vn 0.2212 0.9693 0.1070
vn 0.2177 0.9707 0.1021
vn 0.1048 0.9913 0.0797
vn 0.1022 0.9920 0.0744
vn 0.5034 0.0904 0.8593
vn 0.5218 0.1100 0.8459
vn 0.3579 0.2557 0.8981
vn 0.3596 0.2724 0.8925
vn 0.5244 0.3863 0.7588
vn 0.5250 0.4042 0.7490
vn 0.5862 0.2970 0.7538
vn 0.4042 0.1885 0.8951
vn 0.4096 0.2103 0.8877
vn 0.8952 0.1578 0.4167
vn 0.8840 0.1387 0.4464
vn 0.8531 0.2344 0.4661
vn 0.7353 0.1428 0.6625
vn 0.7155 0.1213 0.6880
vn 0.6812 0.1956 0.7055
vn 0.8329 0.2478 0.4948
vn 0.7804 0.3649 0.5077
vn 0.6805 0.4998 0.5358
vn 0.6773 0.5182 0.5222
vn 0.7624 0.3765 0.5264
vn 0.6080 0.2893 0.7394
vn 0.6518 0.2053 0.7301
vn 0.4542 0.1318 0.8811
vn 0.4660 0.1545 0.8712
vn 0.7677 0.5531 0.3235
vn 0.7617 0.5677 0.3124
vn 0.8649 0.3922 0.3133
vn 0.8618 0.4090 0.3000
vn 0.9271 0.2419 0.2863
vn 0.9278 0.2585 0.2691
vn 0.9575 0.1389 0.2528
vn 0.9607 0.1529 0.2315
vn 0.3412 0.0057 0.9400
vn 0.4162 0.0330 0.9087
vn 0.4286 0.0397 0.9026
vn 0.4366 0.0200 0.8994
vn 0.4445 0.0232 0.8955
vn 0.4480 0.0069 0.8940
vn 0.2972 0.0394 0.9540
vn 0.4021 0.0589 0.9137
vn 0.3875 0.0474 0.9207
vn 0.3073 0.0491 0.9504
vn 0.3176 0.0308 0.9477
vn 0.3288 0.0282 0.9440
vn 0.3331 0.0176 0.9427
vn 0.3379 0.0164 0.9410
vn 0.3404 0.0054 0.9403
vn 0.4506 0.0077 0.8927
vn 0.2744 0.0047 0.9616
vn 0.2737 0.0041 0.9618
vn 0.2711 0.0163 0.9624
vn 0.2683 0.0127 0.9633
vn 0.2609 0.0311 0.9649
vn 0.2564 0.0225 0.9663
vn 0.2416 0.0494 0.9691
vn 0.2374 0.0339 0.9708
vn 0.2930 -0.0460 0.9550
vn 0.4451 -0.0205 0.8952
vn 0.4355 -0.0226 0.8999
vn 0.4308 -0.0345 0.9018
vn 0.4135 -0.0380 0.9097
vn 0.4067 -0.0504 0.9121
vn 0.3412 -0.0054 0.9400
vn 0.4478 -0.0076 0.8941
vn 0.4506 -0.0069 0.8927
vn 0.3403 -0.0057 0.9403
vn 0.3376 -0.0179 0.9411
vn 0.3338 -0.0161 0.9425
vn 0.3271 -0.0321 0.9444
vn 0.3196 -0.0271 0.9472
vn 0.3113 -0.0420 0.9494
vn 0.3826 -0.0553 0.9222
vn 0.2297 -0.0461 0.9722
vn 0.2488 -0.0364 0.9679
vn 0.2525 -0.0296 0.9671
vn 0.2639 -0.0235 0.9643
vn 0.2670 -0.0159 0.9636
vn 0.2718 -0.0130 0.9623
vn 0.2736 -0.0047 0.9618
vn 0.2744 -0.0041 0.9616
vn 0.9550 -0.1518 0.2548
vn 0.9632 -0.1398 0.2295
vn 0.7591 -0.5655 0.3225
vn 0.7705 -0.5553 0.3129
vn 0.6718 -0.5133 0.5341
vn 0.6866 -0.5048 0.5232
vn 0.7707 -0.3598 0.5259
vn 0.8580 -0.4068 0.3137
vn 0.8690 -0.3942 0.2991
vn 0.7423 -0.1266 0.6580
vn 0.7089 -0.1367 0.6920
vn 0.6723 -0.2130 0.7089
vn 0.8997 -0.1415 0.4130
vn 0.8796 -0.1545 0.4500
vn 0.8462 -0.2525 0.4693
vn 0.6598 -0.1885 0.7274
vn 0.5991 -0.3048 0.7404
vn 0.5180 -0.3979 0.7572
vn 0.5320 -0.3928 0.7501
vn 0.5940 -0.2816 0.7535
vn 0.7715 -0.3819 0.5089
vn 0.8395 -0.2301 0.4922
vn 0.9226 -0.2567 0.2879
vn 0.9324 -0.2434 0.2672
vn 0.3530 -0.2662 0.8970
vn 0.3653 -0.2622 0.8932
vn 0.3972 -0.2023 0.8952
vn 0.4178 -0.1965 0.8871
vn 0.4463 -0.1464 0.8828
vn 0.4751 -0.1394 0.8688
vn 0.4961 -0.1033 0.8621
vn 0.5297 -0.0962 0.8427
vn 0.1088 -0.9932 0.0423
vn 0.4237 -0.9051 0.0365
vn 0.4334 -0.9005 0.0347
vn 0.2099 -0.9774 0.0263
vn 0.2157 -0.9762 0.0246
vn 0.0988 -0.9949 0.0199
vn 0.6863 -0.7185 0.1124
vn 0.6900 -0.7225 0.0442
vn 0.6817 -0.7302 0.0457
vn 0.6834 -0.7212 0.1135
vn 0.4352 -0.8956 0.0925
vn 0.4319 -0.8973 0.0907
vn 0.2198 -0.9732 0.0674
vn 0.2153 -0.9745 0.0637
vn 0.1007 -0.9937 0.0500
vn 0.1008 -0.9947 0.0189
vn 0.1048 -0.9917 0.0749
vn 0.0966 -0.9914 0.0881
vn 0.2210 -0.9683 0.1164
vn 0.2188 -0.9683 0.1206
vn 0.4316 -0.8869 0.1645
vn 0.4313 -0.8870 0.1648
vn 0.6701 -0.7141 0.2028
vn 0.6746 -0.7111 0.1980
vn 0.0052 0.9999 0.0164
vn 0.0057 0.9998 0.0176
vn 0.0456 0.9988 0.0168
vn 0.0457 0.9988 0.0168
vn 0.0052 0.9995 0.0307
vn 0.0053 0.9995 0.0312
vn 0.0211 0.9993 0.0321
vn 0.0463 0.9983 0.0361
vn 0.0456 0.9984 0.0346
vn 0.0210 0.9992 0.0326
vn 0.0210 0.9997 0.0160
vn 0.0217 0.9996 0.0168
vn 0.0476 0.9968 0.0638
vn 0.0462 0.9971 0.0598
vn 0.0219 0.9982 0.0558
vn 0.0211 0.9984 0.0531
vn 0.0057 0.9987 0.0513
vn 0.0053 0.9988 0.0477
vn 0.3157 0.3335 0.8883
vn 0.3160 0.3415 0.8852
vn 0.1066 0.8205 0.5616
vn 0.1149 0.7679 0.6301
vn 0.1082 0.9220 0.3718
vn 0.1167 0.9005 0.4189
vn 0.2160 0.8240 0.5238
vn 0.1776 0.6699 0.7209
vn 0.1821 0.6222 0.7614
vn 0.5749 0.6406 0.5090
vn 0.5794 0.6268 0.5210
vn 0.3949 0.8064 0.4402
vn 0.4535 0.5040 0.7350
vn 0.4542 0.4930 0.7420
vn 0.3335 0.6668 0.6665
vn 0.3975 0.8060 0.4386
vn 0.2152 0.9182 0.3326
vn 0.1065 0.9683 0.2260
vn 0.1127 0.9617 0.2499
vn 0.2243 0.9196 0.3226
vn 0.2011 0.8189 0.5376
vn 0.3410 0.6663 0.6631
vn 0.2536 0.4829 0.8382
vn 0.2541 0.4642 0.8485
vn 0.1042 0.9858 0.1315
vn 0.1081 0.9839 0.1424
vn 0.2189 0.9584 0.1830
vn 0.2234 0.9556 0.1919
vn 0.4232 0.8685 0.2581
vn 0.4231 0.8686 0.2580
vn 0.6502 0.6911 0.3158
vn 0.6428 0.7027 0.3051
vn 0.2774 0.0704 0.9582
vn 0.2764 0.1254 0.9528
vn 0.2809 0.1473 0.9484
vn 0.3134 0.0916 0.9452
vn 0.3222 0.1132 0.9399
vn 0.3518 0.0662 0.9337
vn 0.1813 0.1235 0.9756
vn 0.2460 0.1846 0.9515
vn 0.2441 0.1665 0.9554
vn 0.1832 0.1416 0.9728
vn 0.1997 0.1095 0.9737
vn 0.2179 0.1041 0.9704
vn 0.2285 0.0859 0.9697
vn 0.2512 0.0802 0.9646
vn 0.2676 0.0545 0.9620
vn 0.3650 0.0836 0.9273
vn 0.2141 0.0707 0.9743
vn 0.2122 0.0480 0.9760
vn 0.1851 0.0903 0.9786
vn 0.1860 0.0640 0.9805
vn 0.1600 0.1076 0.9812
vn 0.1620 0.0819 0.9834
vn 0.1404 0.1236 0.9824
vn 0.1422 0.1019 0.9846
vn 0.2186 0.0429 0.9749
vn 0.2159 0.0813 0.9730
vn 0.2196 0.0706 0.9730
vn 0.2409 0.0275 0.9702
vn 0.2430 0.0608 0.9681
vn 0.2593 0.0151 0.9657
vn 0.2754 0.0136 0.9612
vn 0.2716 0.0046 0.9624
vn 0.2659 0.0351 0.9634
vn 0.2672 0.0486 0.9624
vn 0.2755 -0.0047 0.9613
vn 0.2728 -0.0089 0.9620
vn 0.2703 -0.0162 0.9626
vn 0.2016 -0.0721 0.9768
vn 0.2315 -0.0466 0.9717
vn 0.2248 -0.0601 0.9726
vn 0.2507 -0.0293 0.9676
vn 0.2458 -0.0531 0.9679
vn 0.2529 -0.0332 0.9669
vn 0.1765 -0.1351 0.9750
vn 0.3313 -0.0989 0.9383
vn 0.3055 -0.1054 0.9463
vn 0.2891 -0.1334 0.9479
vn 0.2693 -0.1394 0.9529
vn 0.2518 -0.1735 0.9521
vn 0.2844 -0.0595 0.9569
vn 0.3448 -0.0775 0.9355
vn 0.3726 -0.0715 0.9252
vn 0.2611 -0.0648 0.9631
vn 0.2428 -0.0933 0.9656
vn 0.2360 -0.0732 0.9690
vn 0.2101 -0.1171 0.9706
vn 0.2064 -0.0962 0.9737
vn 0.1889 -0.1306 0.9733
vn 0.2391 -0.1781 0.9545
vn 0.1350 -0.1184 0.9837
vn 0.1485 -0.1080 0.9830
vn 0.1520 -0.1013 0.9832
vn 0.1713 -0.0887 0.9812
vn 0.1743 -0.0838 0.9811
vn 0.1981 -0.0702 0.9777
vn 0.2013 -0.0653 0.9774
vn 0.2256 -0.0526 0.9728
vn 0.6410 -0.7005 0.3137
vn 0.6521 -0.6933 0.3067
vn 0.1083 -0.9852 0.1330
vn 0.1041 -0.9845 0.1408
vn 0.1133 -0.9665 0.2303
vn 0.1060 -0.9636 0.2454
vn 0.2163 -0.9232 0.3175
vn 0.2237 -0.9570 0.1848
vn 0.2186 -0.9571 0.1903
vn 0.4579 -0.4974 0.7368
vn 0.4502 -0.4999 0.7399
vn 0.3384 -0.6608 0.6700
vn 0.5831 -0.6312 0.5115
vn 0.5715 -0.6364 0.5180
vn 0.3970 -0.8048 0.4413
vn 0.3362 -0.6726 0.6592
vn 0.2123 -0.8088 0.5484
vn 0.1187 -0.9161 0.3829
vn 0.1065 -0.9069 0.4076
vn 0.2046 -0.8342 0.5121
vn 0.2231 -0.9145 0.3374
vn 0.3954 -0.8076 0.4374
vn 0.4231 -0.8686 0.2581
vn 0.4232 -0.8685 0.2580
vn 0.1201 -0.8039 0.5825
vn 0.1022 -0.7853 0.6106
vn 0.1895 -0.6490 0.7369
vn 0.1706 -0.6420 0.7475
vn 0.2583 -0.4726 0.8425
vn 0.2492 -0.4737 0.8447
vn 0.3135 -0.3384 0.8872
vn 0.3184 -0.3369 0.8861
vn 0.0053 -0.9987 0.0513
vn 0.0057 -0.9988 0.0477
vn 0.0462 -0.9969 0.0635
vn 0.0476 -0.9971 0.0600
vn 0.0053 -0.9995 0.0307
vn 0.0052 -0.9995 0.0312
vn 0.0210 -0.9993 0.0321
vn 0.0456 -0.9983 0.0360
vn 0.0463 -0.9983 0.0347
vn 0.0211 -0.9992 0.0326
vn 0.0211 -0.9982 0.0557
vn 0.0219 -0.9983 0.0532
vn 0.0457 -0.9988 0.0168
vn 0.0456 -0.9988 0.0168
vn 0.0217 -0.9996 0.0161
vn 0.0210 -0.9996 0.0168
vn 0.0057 -0.9998 0.0164
vn 0.0052 -0.9998 0.0176
vn -0.0456 0.9988 0.0167
vn -0.0457 0.9988 0.0166
vn -0.0050 0.9998 0.0176
vn -0.0057 0.9999 0.0161
vn -0.0456 0.9985 0.0319
vn -0.0460 0.9985 0.0311
vn -0.0206 0.9994 0.0287
vn -0.0046 0.9995 0.0307
vn -0.0050 0.9996 0.0283
vn -0.0208 0.9994 0.0293
vn -0.0208 0.9996 0.0165
vn -0.0217 0.9996 0.0157
vn -0.0040 0.9989 0.0477
vn -0.0046 0.9990 0.0437
vn -0.0205 0.9987 0.0456
vn -0.0206 0.9988 0.0455
vn -0.0469 0.9977 0.0497
vn -0.0459 0.9976 0.0519
vn 0.0350 0.9386 0.3431
vn 0.0493 0.9807 0.1891
vn 0.0538 0.9833 0.1737
vn 0.0519 0.9491 0.3107
vn 0.0594 0.9573 0.2830
vn 0.0544 0.8772 0.4771
vn 0.0218 0.9953 0.0947
vn 0.0500 0.9934 0.1035
vn 0.0474 0.9927 0.1110
vn 0.0234 0.9958 0.0886
vn 0.0232 0.9895 0.1428
vn 0.0258 0.9871 0.1581
vn 0.0255 0.9742 0.2243
vn 0.0295 0.9666 0.2546
vn 0.0282 0.9243 0.3807
vn 0.0662 0.8971 0.4368
vn 0.0126 0.9617 0.2737
vn 0.0101 0.9489 0.3154
vn 0.0101 0.9829 0.1837
vn 0.0082 0.9772 0.2121
vn 0.0081 0.9929 0.1187
vn 0.0067 0.9907 0.1361
vn 0.0067 0.9971 0.0755
vn 0.0057 0.9964 0.0847
vn 0.1617 0.1696 0.9721
vn 0.1432 0.4831 0.8638
vn 0.1440 0.4304 0.8911
vn 0.1827 0.3226 0.9287
vn 0.1823 0.3078 0.9338
vn 0.2165 0.2182 0.9516
vn 0.0916 0.5094 0.8556
vn 0.1047 0.5841 0.8049
vn 0.0999 0.6657 0.7395
vn 0.0926 0.4261 0.8999
vn 0.1229 0.3230 0.9384
vn 0.1096 0.3227 0.9401
vn 0.1406 0.2235 0.9645
vn 0.1373 0.2246 0.9647
vn 0.1608 0.1586 0.9742
vn 0.2172 0.2279 0.9492
vn 0.1253 0.1405 0.9821
vn 0.1263 0.1267 0.9839
vn 0.1114 0.1677 0.9795
vn 0.1111 0.1730 0.9786
vn 0.0989 0.2124 0.9722
vn 0.0968 0.2521 0.9629
vn 0.0875 0.2853 0.9544
vn 0.0817 0.3752 0.9233
vn 0.1585 0.1182 0.9803
vn 0.1494 0.1312 0.9800
vn 0.1493 0.1382 0.9791
vn 0.1457 0.1427 0.9790
vn 0.1727 0.0828 0.9815
vn 0.1598 0.1074 0.9813
vn 0.1386 0.1268 0.9822
vn 0.1404 0.1236 0.9823
vn 0.1362 0.1257 0.9827
vn 0.1690 0.1083 0.9796
vn 0.1734 0.0977 0.9800
vn 0.1952 0.0627 0.9788
vn 0.1895 0.0981 0.9770
vn 0.1923 0.0878 0.9774
vn -0.9358 -0.3525 -0.0000
vn -0.9966 -0.0821 -0.0000
vn -0.9970 -0.0493 0.0593
vn -0.9914 -0.1309 -0.0000
vn -0.9838 -0.1791 -0.0000
vn -0.9701 -0.2427 -0.0000
vn -0.9657 -0.2590 0.0183
vn -0.9521 -0.3059 -0.0000
vn -0.9995 0.0325 -0.0000
vn -0.9522 0.3055 -0.0000
vn -0.9400 0.3360 0.0593
vn -0.9660 0.2584 -0.0000
vn -0.9775 0.2110 -0.0000
vn -0.9915 0.1303 -0.0000
vn 0.1382 -0.1215 0.9829
vn 0.1382 -0.1276 0.9822
vn 0.1950 -0.0832 0.9773
vn 0.2033 -0.0661 0.9769
vn 0.1790 -0.0882 0.9799
vn 0.1797 -0.0870 0.9799
vn 0.1658 -0.0987 0.9812
vn 0.1597 -0.1074 0.9813
vn 0.1571 -0.1093 0.9815
vn 0.1298 -0.1426 0.9812
vn 0.1555 -0.1220 0.9803
vn 0.1472 -0.1362 0.9797
vn 0.1578 -0.1330 0.9785
vn 0.1482 -0.1380 0.9793
vn 0.1027 -0.4736 0.8748
vn 0.1792 -0.3156 0.9318
vn 0.1856 -0.3139 0.9311
vn 0.1350 -0.4537 0.8808
vn 0.1525 -0.4569 0.8764
vn 0.0923 -0.6138 0.7841
vn 0.1645 -0.1631 0.9728
vn 0.2143 -0.2243 0.9507
vn 0.2197 -0.2222 0.9499
vn 0.1584 -0.1656 0.9734
vn 0.1388 -0.2204 0.9655
vn 0.1392 -0.2282 0.9636
vn 0.1158 -0.3036 0.9458
vn 0.1167 -0.3450 0.9313
vn 0.0825 -0.4582 0.8850
vn 0.1135 -0.6346 0.7644
vn 0.0974 -0.3181 0.9430
vn 0.0731 -0.3351 0.9393
vn 0.1044 -0.2241 0.9689
vn 0.0912 -0.2370 0.9672
vn 0.1123 -0.1691 0.9792
vn 0.1101 -0.1713 0.9791
vn 0.1225 -0.1372 0.9829
vn 0.1296 -0.1308 0.9829
vn 0.0218 -0.9959 0.0883
vn 0.0587 -0.9462 0.3182
vn 0.0525 -0.9596 0.2765
vn 0.0536 -0.9800 0.1919
vn 0.0495 -0.9840 0.1713
vn 0.0499 -0.9925 0.1120
vn 0.0343 -0.9202 0.3899
vn 0.0561 -0.9048 0.4221
vn 0.0640 -0.8677 0.4930
vn 0.0287 -0.9414 0.3362
vn 0.0297 -0.9734 0.2272
vn 0.0253 -0.9678 0.2506
vn 0.0259 -0.9893 0.1439
vn 0.0232 -0.9874 0.1566
vn 0.0234 -0.9952 0.0952
vn 0.0475 -0.9936 0.1027
vn 0.0057 -0.9971 0.0754
vn 0.0067 -0.9964 0.0849
vn 0.0067 -0.9929 0.1187
vn 0.0081 -0.9906 0.1366
vn 0.0082 -0.9830 0.1836
vn 0.0101 -0.9769 0.2135
vn 0.0101 -0.9618 0.2737
vn 0.0125 -0.9479 0.3182
vn -0.0459 -0.9977 0.0495
vn -0.0469 -0.9975 0.0521
vn -0.0046 -0.9989 0.0477
vn -0.0041 -0.9990 0.0436
vn -0.0460 -0.9984 0.0320
vn -0.0456 -0.9985 0.0310
vn -0.0208 -0.9994 0.0288
vn -0.0050 -0.9995 0.0307
vn -0.0046 -0.9996 0.0282
vn -0.0206 -0.9994 0.0293
vn -0.0206 -0.9987 0.0456
vn -0.0205 -0.9988 0.0455
vn -0.0057 -0.9998 0.0176
vn -0.0050 -0.9999 0.0160
vn -0.0217 -0.9996 0.0165
vn -0.0208 -0.9997 0.0157
vn -0.0457 -0.9988 0.0167
vn -0.0456 -0.9988 0.0166
vn -0.1028 0.9940 0.0379
vn -0.5008 0.8645 0.0432
vn -0.4350 0.8992 0.0469
vn -0.3651 0.9303 0.0350
vn -0.2101 0.9773 0.0277
vn -0.2164 0.9760 0.0259
vn -0.0988 0.9949 0.0202
vn -0.6896 0.7172 0.1005
vn -0.6923 0.7199 0.0501
vn -0.6822 0.7293 0.0519
vn -0.6899 0.7169 0.1004
vn -0.4380 0.8953 0.0809
vn -0.4341 0.8975 0.0780
vn -0.2199 0.9739 0.0568
vn -0.2162 0.9749 0.0529
vn -0.1009 0.9941 0.0404
vn -0.1010 0.9947 0.0192
vn -0.1053 0.9924 0.0629
vn -0.1025 0.9925 0.0673
vn -0.2239 0.9705 0.0900
vn -0.2192 0.9711 0.0944
vn -0.4377 0.8895 0.1311
vn -0.4354 0.8904 0.1326
vn -0.6789 0.7158 0.1636
vn -0.6841 0.7115 0.1605
vn -0.0239 0.9371 0.3483
vn -0.0031 0.9929 0.1185
vn -0.0026 0.9937 0.1117
vn -0.0022 0.9830 0.1835
vn -0.0021 0.9832 0.1826
vn -0.0013 0.9618 0.2736
vn -0.0204 0.9972 0.0723
vn -0.0033 0.9976 0.0689
vn -0.0040 0.9971 0.0754
vn -0.0206 0.9971 0.0733
vn -0.0202 0.9922 0.1227
vn -0.0212 0.9927 0.1185
vn -0.0201 0.9779 0.2080
vn -0.0225 0.9804 0.1958
vn -0.0203 0.9501 0.3113
vn -0.0021 0.9565 0.2916
vn -0.0536 0.8990 0.4347
vn -0.0482 0.9224 0.3833
vn -0.0526 0.9640 0.2605
vn -0.0484 0.9713 0.2329
vn -0.0503 0.9875 0.1493
vn -0.0476 0.9895 0.1363
vn -0.0482 0.9951 0.0862
vn -0.0467 0.9957 0.0805
vn 0.0557 0.7560 0.6522
vn 0.0396 0.6870 0.7256
vn 0.0802 0.3807 0.9212
vn 0.0603 0.5130 0.8563
vn 0.0724 0.7896 0.6094
vn 0.0317 0.8476 0.5296
vn 0.0418 0.8763 0.4800
vn 0.0123 0.9006 0.4344
vn 0.0156 0.9250 0.3796
vn 0.0154 0.8935 0.4489
vn 0.0113 0.8734 0.4869
vn 0.0112 0.7917 0.6108
vn 0.0432 0.6803 0.7317
vn 0.0601 0.5451 0.8362
vn 0.0792 0.4884 0.8690
vn 0.0155 0.7752 0.6315
vn 0.0249 0.7670 0.6412
vn 0.0262 0.8180 0.5746
vn 0.0494 0.7861 0.6161
vn 0.0357 0.7428 0.6685
vn 0.0762 0.6521 0.7543
vn 0.0564 0.6136 0.7876
vn 0.1270 0.1445 0.9813
vn 0.0963 0.3144 0.9444
vn 0.0989 0.2525 0.9625
vn 0.1068 0.2293 0.9675
vn 0.1074 0.2005 0.9738
vn 0.1167 0.1756 0.9775
vn 0.1243 0.2087 0.9701
vn 0.1239 0.2309 0.9651
vn 0.1188 0.2412 0.9632
vn 0.1153 0.2945 0.9487
vn 0.1213 0.2846 0.9509
vn 0.1308 0.1880 0.9734
vn 0.1313 0.1876 0.9734
vn 0.1167 0.1671 0.9790
vn 0.1271 0.1426 0.9816
vn 0.1410 0.1515 0.9783
vn 0.1406 0.1599 0.9771
vn 0.1378 0.1635 0.9769
vn 0.1342 0.1711 0.9761
vn -0.9096 -0.4154 -0.0000
vn -0.8881 -0.4597 -0.0000
vn -0.8779 -0.4789 0.0066
vn -0.8713 -0.4908 -0.0000
vn -0.8463 -0.5328 -0.0000
vn -0.8418 -0.5397 -0.0050
vn -0.8269 -0.5624 -0.0000
vn -0.8015 -0.5980 -0.0000
vn -0.7514 -0.6598 -0.0000
vn -0.7144 -0.6998 -0.0000
vn -0.7319 0.6814 -0.0000
vn -0.7646 0.6445 -0.0000
vn -0.7784 0.6278 0.0066
vn -0.7869 0.6171 -0.0000
vn -0.8161 0.5780 -0.0000
vn -0.8208 0.5712 -0.0050
vn -0.8360 0.5487 -0.0000
vn -0.8592 0.5116 -0.0000
vn -0.8971 0.4417 -0.0000
vn -0.9199 0.3922 -0.0000
vn 0.1088 -0.2778 0.9545
vn 0.0874 -0.2852 0.9545
vn 0.1131 -0.2109 0.9709
vn 0.1012 -0.2172 0.9709
vn 0.1188 -0.1699 0.9783
vn 0.1145 -0.1724 0.9784
vn 0.1381 -0.1570 0.9779
vn 0.1265 -0.1439 0.9815
vn 0.1276 -0.1432 0.9814
vn 0.1503 -0.1534 0.9767
vn 0.1393 -0.1587 0.9775
vn 0.1292 -0.1846 0.9743
vn 0.1358 -0.1820 0.9739
vn 0.1156 -0.2157 0.9696
vn 0.1370 -0.2136 0.9673
vn 0.1266 -0.2247 0.9662
vn 0.1067 -0.2724 0.9563
vn 0.1387 -0.2679 0.9534
vn 0.1255 -0.2747 0.9533
vn 0.0125 -0.9250 0.3797
vn 0.0550 -0.4668 0.8826
vn 0.0868 -0.4651 0.8810
vn 0.0387 -0.6046 0.7956
vn 0.0809 -0.6406 0.7636
vn 0.0617 -0.6443 0.7623
vn 0.0557 -0.7560 0.6522
vn 0.0724 -0.7896 0.6094
vn 0.0317 -0.8476 0.5296
vn 0.0418 -0.8763 0.4800
vn 0.0154 -0.8983 0.4392
vn 0.0154 -0.8935 0.4489
vn 0.0113 -0.8734 0.4869
vn 0.0112 -0.7901 0.6129
vn 0.0120 -0.7917 0.6108
vn 0.0564 -0.6136 0.7876
vn 0.0762 -0.6521 0.7543
vn 0.0357 -0.7428 0.6685
vn 0.0494 -0.7861 0.6161
vn 0.0262 -0.8180 0.5746
vn 0.0236 -0.7161 0.6976
vn 0.0379 -0.7427 0.6686
vn -0.0204 -0.9971 0.0732
vn -0.0021 -0.9830 0.1835
vn -0.0022 -0.9832 0.1826
vn -0.0026 -0.9929 0.1185
vn -0.0032 -0.9937 0.1119
vn -0.0033 -0.9971 0.0754
vn -0.0247 -0.9484 0.3161
vn -0.0011 -0.9569 0.2905
vn -0.0023 -0.9618 0.2736
vn -0.0196 -0.9395 0.3421
vn -0.0222 -0.9775 0.2099
vn -0.0202 -0.9807 0.1944
vn -0.0211 -0.9922 0.1232
vn -0.0203 -0.9928 0.1182
vn -0.0206 -0.9972 0.0724
vn -0.0040 -0.9976 0.0690
vn -0.0466 -0.9952 0.0857
vn -0.0483 -0.9955 0.0810
vn -0.0474 -0.9879 0.1476
vn -0.0505 -0.9892 0.1378
vn -0.0479 -0.9655 0.2558
vn -0.0533 -0.9700 0.2371
vn -0.0465 -0.9048 0.4234
vn -0.0556 -0.9175 0.3939
vn -0.6899 -0.7169 0.1006
vn -0.2101 -0.9773 0.0256
vn -0.2164 -0.9759 0.0280
vn -0.4241 -0.9048 0.0376
vn -0.4351 -0.8995 0.0406
vn -0.6823 -0.7294 0.0498
vn -0.1009 -0.9942 0.0377
vn -0.1010 -0.9947 0.0203
vn -0.0988 -0.9949 0.0191
vn -0.1027 -0.9939 0.0406
vn -0.2200 -0.9741 0.0533
vn -0.2161 -0.9747 0.0564
vn -0.4381 -0.8955 0.0784
vn -0.4340 -0.8973 0.0805
vn -0.6896 -0.7172 0.1004
vn -0.6922 -0.7198 0.0521
vn -0.6793 -0.7162 0.1601
vn -0.6837 -0.7111 0.1641
vn -0.4376 -0.8893 0.1329
vn -0.4355 -0.8907 0.1308
vn -0.2237 -0.9700 0.0952
vn -0.2193 -0.9716 0.0891
vn -0.1053 -0.9921 0.0678
vn -0.1026 -0.9928 0.0624
vn -0.8133 0.5721 0.1059
vn -0.9698 0.2377 0.0539
vn -0.9694 0.2393 0.0544
vn -0.9131 0.4038 0.0573
vn -0.9149 0.3997 0.0564
vn -0.8099 0.5839 0.0566
vn -0.9875 0.1332 0.0837
vn -0.9897 0.1335 0.0511
vn -0.9903 0.1296 0.0494
vn -0.9864 0.1381 0.0894
vn -0.9653 0.2435 0.0947
vn -0.9662 0.2386 0.0982
vn -0.9101 0.4013 0.1034
vn -0.9113 0.3982 0.1051
vn -0.8137 0.5716 0.1056
vn -0.8171 0.5738 0.0548
vn -0.8011 0.5744 0.1684
vn -0.8066 0.5679 0.1641
vn -0.8986 0.4073 0.1629
vn -0.9037 0.3987 0.1563
vn -0.9564 0.2514 0.1484
vn -0.9602 0.2423 0.1389
vn -0.9806 0.1459 0.1312
vn -0.9832 0.1378 0.1196
vn -0.0963 0.8348 0.5420
vn -0.1093 0.8461 0.5216
vn -0.3466 0.4652 0.8146
vn -0.3264 0.4709 0.8196
vn -0.5008 0.5952 0.6285
vn -0.4758 0.6038 0.6396
vn -0.3494 0.7470 0.5656
vn -0.2599 0.5855 0.7679
vn -0.2571 0.5857 0.7687
vn -0.1125 0.9764 0.1846
vn -0.1063 0.9746 0.1969
vn -0.2204 0.9398 0.2613
vn -0.1144 0.9399 0.3216
vn -0.1052 0.9347 0.3396
vn -0.2075 0.8747 0.4380
vn -0.2258 0.9343 0.2760
vn -0.4074 0.8371 0.3650
vn -0.6110 0.6734 0.4162
vn -0.5903 0.6840 0.4285
vn -0.4060 0.8392 0.3619
vn -0.3507 0.7422 0.5710
vn -0.2123 0.8626 0.4592
vn -0.1698 0.7232 0.6694
vn -0.1803 0.7267 0.6628
vn -0.6643 0.7024 0.2556
vn -0.6516 0.7113 0.2636
vn -0.4302 0.8762 0.2173
vn -0.4301 0.8762 0.2173
vn -0.2215 0.9622 0.1583
vn -0.2272 0.9619 0.1523
vn -0.1046 0.9881 0.1130
vn -0.1087 0.9885 0.1056
vn -0.0011 0.9250 0.3799
vn -0.0299 0.4565 0.8892
vn -0.0611 0.4540 0.8889
vn -0.0191 0.5796 0.8147
vn -0.0506 0.6050 0.7946
vn -0.0420 0.7816 0.6223
vn -0.0559 0.8067 0.5883
vn -0.0190 0.8573 0.5145
vn -0.0282 0.8806 0.4730
vn -0.0032 0.9011 0.4336
vn -0.0028 0.8863 0.4632
vn 0.0001 0.8733 0.4872
vn 0.0020 0.7646 0.6445
vn -0.0078 0.7913 0.6113
vn -0.0367 0.6257 0.7792
vn -0.0541 0.6578 0.7513
vn -0.0192 0.7374 0.6752
vn -0.0329 0.7778 0.6277
vn -0.0125 0.8072 0.5902
vn -0.0081 0.6909 0.7229
vn -0.0315 0.7325 0.6800
vn 0.0776 0.3679 0.9266
vn 0.0746 0.4581 0.8858
vn 0.0559 0.5033 0.8623
vn 0.0904 0.5290 0.8438
vn 0.0366 0.6240 0.7806
vn 0.0631 0.6665 0.7428
vn 0.0942 0.3513 0.9315
vn 0.1039 0.3885 0.9156
vn 0.1133 0.3038 0.9460
vn 0.0073 0.7049 0.7093
vn 0.0225 0.7113 0.7026
vn 0.0229 0.7298 0.6833
vn 0.0150 0.7090 0.7051
vn 0.0424 0.6537 0.7556
vn 0.0911 0.6268 0.7738
vn 0.0570 0.5947 0.8019
vn 0.1072 0.4903 0.8649
vn 0.0847 0.4937 0.8655
vn 0.1090 0.3904 0.9142
vn 0.1180 0.3713 0.9210
vn -0.6814 -0.7319 -0.0000
vn -0.6445 -0.7646 -0.0000
vn -0.6278 -0.7784 0.0066
vn -0.6171 -0.7869 -0.0000
vn -0.5780 -0.8161 -0.0000
vn -0.5712 -0.8208 -0.0050
vn -0.5487 -0.8360 -0.0000
vn -0.5116 -0.8592 -0.0000
vn -0.4417 -0.8971 -0.0000
vn -0.3922 -0.9199 -0.0000
vn -0.4154 0.9096 -0.0000
vn -0.4597 0.8881 -0.0000
vn -0.4789 0.8779 0.0066
vn -0.4908 0.8713 -0.0000
vn -0.5328 0.8463 -0.0000
vn -0.5397 0.8418 -0.0050
vn -0.5624 0.8269 -0.0000
vn -0.5980 0.8015 -0.0000
vn -0.6598 0.7514 -0.0000
vn -0.6998 0.7144 -0.0000
vn 0.1032 -0.4070 0.9076
vn 0.0490 -0.4981 0.8658
vn 0.0627 -0.4870 0.8712
vn 0.0822 -0.4392 0.8946
vn 0.0896 -0.3338 0.9384
vn 0.0364 -0.7047 0.7085
vn 0.0566 -0.5901 0.8054
vn 0.0252 -0.7037 0.7100
vn 0.0118 -0.7302 0.6832
vn 0.0223 -0.7022 0.7116
vn 0.0222 -0.6993 0.7145
vn 0.0554 -0.6498 0.7581
vn 0.0937 -0.3496 0.9322
vn 0.1429 -0.3552 0.9238
vn 0.1220 -0.3588 0.9254
vn 0.0904 -0.5290 0.8438
vn 0.0886 -0.5176 0.8511
vn 0.0534 -0.5534 0.8312
vn 0.1148 -0.6403 0.7595
vn 0.0765 -0.6325 0.7708
vn -0.0420 -0.7816 0.6223
vn -0.0559 -0.8067 0.5883
vn -0.0190 -0.8573 0.5145
vn -0.0282 -0.8806 0.4730
vn -0.0005 -0.9032 0.4292
vn -0.0040 -0.9250 0.3799
vn -0.0028 -0.8863 0.4632
vn 0.0001 -0.8733 0.4872
vn 0.0016 -0.7915 0.6111
vn -0.0496 -0.3885 0.9201
vn -0.0380 -0.5250 0.8503
vn -0.0410 -0.5158 0.8557
vn -0.0244 -0.6592 0.7516
vn -0.0269 -0.6543 0.7558
vn -0.0070 -0.7562 0.6543
vn -0.0104 -0.7530 0.6579
vn -0.0125 -0.8072 0.5902
vn -0.0329 -0.7778 0.6277
vn -0.0192 -0.7374 0.6752
vn -0.0541 -0.6578 0.7513
vn -0.0367 -0.6257 0.7792
vn -0.3357 -0.4532 0.8258
vn -0.3361 -0.4820 0.8091
vn -0.0998 -0.8560 0.5072
vn -0.1053 -0.8248 0.5556
vn -0.1066 -0.9434 0.3140
vn -0.1127 -0.9310 0.3471
vn -0.2146 -0.8697 0.4446
vn -0.1737 -0.7365 0.6538
vn -0.1763 -0.7141 0.6774
vn -0.5957 -0.6891 0.4126
vn -0.6053 -0.6678 0.4332
vn -0.4079 -0.8379 0.3626
vn -0.4854 -0.6139 0.6225
vn -0.4901 -0.5843 0.6469
vn -0.3520 -0.7445 0.5673
vn -0.4055 -0.8384 0.3641
vn -0.2195 -0.9367 0.2728
vn -0.1068 -0.9776 0.1814
vn -0.1119 -0.9734 0.2001
vn -0.2268 -0.9372 0.2648
vn -0.2054 -0.8674 0.4533
vn -0.3482 -0.7449 0.5691
vn -0.2586 -0.5830 0.7702
vn -0.2583 -0.5879 0.7666
vn -0.1048 -0.9890 0.1043
vn -0.1085 -0.9875 0.1143
vn -0.2218 -0.9634 0.1506
vn -0.2268 -0.9607 0.1599
vn -0.4301 -0.8762 0.2173
vn -0.6623 -0.7006 0.2655
vn -0.6535 -0.7130 0.2542
vn -0.9868 -0.1382 0.0840
vn -0.9131 -0.4038 0.0564
vn -0.9149 -0.3997 0.0572
vn -0.9698 -0.2377 0.0544
vn -0.9694 -0.2393 0.0540
vn -0.9903 -0.1296 0.0510
vn -0.8137 -0.5716 0.1059
vn -0.8170 -0.5738 0.0567
vn -0.8099 -0.5839 0.0547
vn -0.8133 -0.5721 0.1056
vn -0.9099 -0.4012 0.1052
vn -0.9114 -0.3982 0.1033
vn -0.9649 -0.2434 0.0984
vn -0.9665 -0.2386 0.0944
vn -0.9871 -0.1332 0.0892
vn -0.9898 -0.1335 0.0495
vn -0.9819 -0.1461 0.1203
vn -0.9819 -0.1376 0.1305
vn -0.9577 -0.2517 0.1396
vn -0.9589 -0.2420 0.1478
vn -0.8996 -0.4077 0.1566
vn -0.9027 -0.3984 0.1627
vn -0.8017 -0.5748 0.1641
vn -0.8060 -0.5675 0.1686
vn -0.9962 0.0723 0.0476
vn -0.9964 0.0709 0.0468
vn -0.9983 0.0400 0.0434
vn -0.9982 0.0413 0.0444
vn -0.9991 0.0148 0.0387
vn -0.9899 0.0834 0.1148
vn -0.9919 0.0765 0.1016
vn -0.9938 0.0488 0.0994
vn -0.9952 0.0435 0.0873
vn -0.9962 0.0169 0.0857
vn -0.9978 0.0128 0.0649
vn -0.9938 0.0766 0.0806
vn -0.9947 0.0722 0.0737
vn -0.9964 0.0435 0.0722
vn -0.9971 0.0399 0.0655
vn -0.9978 0.0129 0.0645
vn -0.9991 0.0130 0.0412
vn -0.9993 0.0013 0.0386
vn -0.4127 0.3923 0.8221
vn -0.3838 0.4014 0.8316
vn -0.6642 0.1463 0.7331
vn -0.6187 0.1592 0.7694
vn -0.8556 0.1589 0.4927
vn -0.8234 0.1761 0.5394
vn -0.7794 0.2782 0.5613
vn -0.5856 0.2187 0.7805
vn -0.5398 0.2325 0.8090
vn -0.7019 0.5647 0.4340
vn -0.7257 0.5481 0.4158
vn -0.8193 0.3951 0.4156
vn -0.5652 0.5079 0.6501
vn -0.5978 0.4936 0.6317
vn -0.6795 0.3631 0.6375
vn -0.8165 0.4235 0.3923
vn -0.8925 0.2531 0.3734
vn -0.9439 0.1541 0.2920
vn -0.9292 0.1703 0.3280
vn -0.8956 0.2781 0.3473
vn -0.7672 0.2444 0.5930
vn -0.6837 0.4012 0.6096
vn -0.4954 0.3071 0.8126
vn -0.4569 0.3191 0.8303
vn -0.9737 0.1451 0.1755
vn -0.9677 0.1572 0.1971
vn -0.9457 0.2491 0.2086
vn -0.9374 0.2636 0.2278
vn -0.8840 0.4016 0.2393
vn -0.8727 0.4166 0.2545
vn -0.7848 0.5643 0.2562
vn -0.7717 0.5772 0.2671
vn -0.0754 0.5102 0.8567
vn -0.1668 0.4188 0.8927
vn -0.1671 0.4187 0.8926
vn -0.1208 0.5355 0.8359
vn -0.1316 0.5379 0.8327
vn -0.0777 0.6663 0.7416
vn -0.1273 0.2479 0.9604
vn -0.2001 0.3391 0.9192
vn -0.2103 0.3358 0.9182
vn -0.1253 0.2485 0.9605
vn -0.1071 0.2989 0.9483
vn -0.1076 0.3073 0.9455
vn -0.0872 0.3712 0.9245
vn -0.0880 0.4042 0.9104
vn -0.0591 0.4977 0.8653
vn -0.0935 0.6807 0.7266
vn -0.0656 0.3306 0.9415
vn -0.0411 0.3472 0.9369
vn -0.0681 0.2512 0.9655
vn -0.0511 0.2670 0.9623
vn -0.0716 0.2005 0.9771
vn -0.0602 0.2114 0.9755
vn -0.0765 0.1658 0.9832
vn -0.0682 0.1730 0.9826
vn -0.0190 0.7307 0.6825
vn -0.0056 0.6959 0.7181
vn -0.0561 0.6524 0.7558
vn -0.0236 0.5990 0.8004
vn -0.0766 0.5044 0.8601
vn -0.0364 0.4724 0.8807
vn -0.0674 0.3069 0.9494
vn -0.0809 0.3601 0.9294
vn -0.0437 0.3551 0.9338
vn -0.1289 0.3205 0.9385
vn -0.1094 0.3217 0.9405
vn -0.0647 0.4329 0.8991
vn -0.1171 0.4616 0.8793
vn -0.0445 0.5305 0.8465
vn -0.1146 0.6391 0.7606
vn -0.0252 0.7064 0.7074
vn -0.0178 0.6942 0.7196
vn -0.0547 0.6416 0.7651
vn -0.0758 0.6265 0.7758
vn -0.3494 -0.9370 -0.0000
vn -0.3029 -0.9530 -0.0000
vn -0.2821 -0.9594 0.0066
vn -0.2690 -0.9631 -0.0000
vn -0.2217 -0.9751 -0.0000
vn -0.2136 -0.9769 -0.0050
vn -0.1870 -0.9824 -0.0000
vn -0.1439 -0.9896 -0.0000
vn -0.0648 -0.9979 -0.0000
vn -0.0103 -0.9999 -0.0000
vn -0.0357 0.9994 -0.0000
vn -0.0849 0.9964 -0.0000
vn -0.1065 0.9943 0.0066
vn -0.1201 0.9928 -0.0000
vn -0.1684 0.9857 -0.0000
vn -0.1765 0.9843 -0.0050
vn -0.2032 0.9791 -0.0000
vn -0.2458 0.9693 -0.0000
vn -0.3220 0.9467 -0.0000
vn -0.3731 0.9278 -0.0000
vn -0.0645 -0.2958 0.9531
vn -0.0064 -0.7305 0.6828
vn -0.0175 -0.6861 0.7273
vn -0.0282 -0.6770 0.7355
vn -0.0472 -0.5582 0.8284
vn -0.0458 -0.5605 0.8269
vn -0.0761 -0.5238 0.8485
vn -0.0548 -0.6385 0.7677
vn -0.0418 -0.6441 0.7638
vn -0.0184 -0.7115 0.7025
vn -0.0073 -0.7056 0.7085
vn -0.1024 -0.4684 0.8776
vn -0.0707 -0.4692 0.8803
vn -0.0611 -0.4114 0.9094
vn -0.0559 -0.4244 0.9037
vn -0.0927 -0.2484 0.9642
vn -0.0811 -0.3608 0.9291
vn -0.1058 -0.3330 0.9370
vn -0.0977 -0.3499 0.9317
vn -0.1264 -0.2499 0.9600
vn -0.1259 -0.5525 0.8240
vn -0.1264 -0.5221 0.8434
vn -0.1670 -0.4191 0.8924
vn -0.1669 -0.4184 0.8928
vn -0.2043 -0.3287 0.9221
vn -0.0665 -0.5381 0.8403
vn -0.0868 -0.6462 0.7582
vn -0.0837 -0.7015 0.7077
vn -0.0672 -0.4720 0.8790
vn -0.0929 -0.3874 0.9172
vn -0.0822 -0.3864 0.9187
vn -0.1091 -0.3025 0.9469
vn -0.1055 -0.3034 0.9470
vn -0.1261 -0.2464 0.9609
vn -0.2055 -0.3457 0.9156
vn -0.0732 -0.1613 0.9842
vn -0.0721 -0.1782 0.9814
vn -0.0670 -0.1924 0.9790
vn -0.0653 -0.2210 0.9731
vn -0.0612 -0.2344 0.9702
vn -0.0581 -0.2874 0.9560
vn -0.0558 -0.2957 0.9537
vn -0.0496 -0.3883 0.9202
vn -0.6289 -0.1395 0.7649
vn -0.6535 -0.1670 0.7383
vn -0.3960 -0.3793 0.8362
vn -0.3987 -0.4138 0.8184
vn -0.5819 -0.4824 0.6547
vn -0.5796 -0.5185 0.6287
vn -0.6636 -0.3914 0.6375
vn -0.4708 -0.2944 0.8317
vn -0.4795 -0.3319 0.8124
vn -0.9398 -0.1718 0.2955
vn -0.9335 -0.1527 0.3244
vn -0.9036 -0.2558 0.3436
vn -0.8480 -0.1806 0.4983
vn -0.8311 -0.1550 0.5341
vn -0.7922 -0.2512 0.5561
vn -0.8845 -0.2753 0.3765
vn -0.8295 -0.3994 0.3904
vn -0.7176 -0.5428 0.4364
vn -0.7095 -0.5697 0.4147
vn -0.8066 -0.4193 0.4165
vn -0.7010 -0.3728 0.6080
vn -0.7550 -0.2710 0.5971
vn -0.5531 -0.2085 0.8066
vn -0.5707 -0.2437 0.7841
vn -0.7821 -0.5626 0.2679
vn -0.7743 -0.5788 0.2559
vn -0.8805 -0.4003 0.2538
vn -0.8761 -0.4179 0.2404
vn -0.9419 -0.2482 0.2262
vn -0.9412 -0.2644 0.2104
vn -0.9700 -0.1446 0.1954
vn -0.9715 -0.1577 0.1772
vn -0.9992 -0.0112 0.0386
vn -0.9966 -0.0672 0.0475
vn -0.9964 -0.0723 0.0447
vn -0.9984 -0.0359 0.0445
vn -0.9991 -0.0130 0.0413
vn -0.9983 -0.0400 0.0419
vn -0.9966 -0.0399 0.0720
vn -0.9947 -0.0722 0.0737
vn -0.9938 -0.0766 0.0806
vn -0.9979 -0.0082 0.0649
vn -0.9981 -0.0129 0.0594
vn -0.9969 -0.0261 0.0746
vn -0.9964 -0.0381 0.0752
vn -0.9938 -0.0488 0.0994
vn -0.9919 -0.0765 0.1016
vn -0.9899 -0.0834 0.1148
vn -0.8702 0.1121 0.4797
vn -0.9843 0.0099 0.1763
vn -0.9828 0.0120 0.1842
vn -0.6841 0.1050 0.7218
vn -0.7226 0.0947 0.6848
vn -0.7326 0.0684 0.6772
vn -0.9949 0.0169 0.0990
vn -0.9983 0.0100 0.0571
vn -0.9923 0.0309 0.1199
vn -0.9821 0.0306 0.1856
vn -0.9777 0.0366 0.2070
vn -0.9888 0.0486 0.1411
vn -0.9909 0.0563 0.1222
vn -0.9695 0.0553 0.2388
vn -0.9753 0.0653 0.2111
vn -0.9197 0.0619 0.3877
vn -0.9235 0.0346 0.3820
vn -0.9328 0.0416 0.3580
vn -0.9350 0.0115 0.3546
vn -0.9383 0.0138 0.3455
vn -0.9825 0.0829 0.1669
vn -0.9848 0.0932 0.1467
vn -0.9560 0.0910 0.2788
vn -0.9630 0.1051 0.2483
vn -0.8956 0.0987 0.4337
vn -0.9017 0.0716 0.4264
vn -0.7607 0.0609 0.6462
vn -0.7677 0.0342 0.6399
vn -0.7822 0.0405 0.6217
vn -0.7862 0.0114 0.6179
vn -0.7913 0.0133 0.6113
vn -0.1425 0.2123 0.9668
vn -0.3618 0.1672 0.9171
vn -0.3304 0.1746 0.9275
vn -0.2986 0.2277 0.9268
vn -0.2753 0.2341 0.9324
vn -0.2472 0.2858 0.9258
vn -0.2535 0.0841 0.9637
vn -0.3901 0.1219 0.9127
vn -0.4242 0.1147 0.8983
vn -0.2374 0.0872 0.9675
vn -0.2092 0.1316 0.9690
vn -0.2043 0.1197 0.9716
vn -0.1724 0.1743 0.9695
vn -0.1703 0.1646 0.9715
vn -0.1468 0.2110 0.9664
vn -0.2317 0.2907 0.9284
vn -0.0830 0.1382 0.9869
vn -0.0754 0.1439 0.9867
vn -0.0930 0.1091 0.9897
vn -0.0884 0.1120 0.9898
vn -0.1071 0.0799 0.9910
vn -0.1069 0.0800 0.9910
vn -0.1245 0.0523 0.9908
vn -0.1271 0.0510 0.9906
vn -0.0779 0.2566 0.9634
vn -0.0473 0.2652 0.9630
vn -0.0733 0.1903 0.9790
vn -0.0480 0.2023 0.9781
vn -0.0691 0.1461 0.9869
vn -0.0473 0.1578 0.9863
vn -0.0658 0.1140 0.9913
vn -0.0460 0.1245 0.9911
vn -0.0463 0.0896 0.9949
vn -0.0750 0.0800 0.9940
vn -0.0471 0.1116 0.9926
vn -0.0844 0.1099 0.9904
vn -0.0602 0.1639 0.9846
vn -0.1044 0.2206 0.9698
vn -0.0656 0.2231 0.9726
vn -0.0924 0.1600 0.9828
vn -0.1001 0.1552 0.9828
vn 0.0357 -0.9994 -0.0000
vn 0.0849 -0.9964 -0.0000
vn 0.1065 -0.9943 0.0066
vn 0.1200 -0.9928 -0.0000
vn 0.1684 -0.9857 -0.0000
vn 0.1765 -0.9843 -0.0050
vn 0.2032 -0.9791 -0.0000
vn 0.2458 -0.9693 -0.0000
vn 0.3220 -0.9467 -0.0000
vn 0.3731 -0.9278 -0.0000
vn 0.3494 0.9370 -0.0000
vn 0.3029 0.9530 -0.0000
vn 0.2821 0.9594 0.0066
vn 0.2690 0.9631 -0.0000
vn 0.2217 0.9751 -0.0000
vn 0.2136 0.9769 -0.0050
vn 0.1870 0.9824 -0.0000
vn 0.1439 0.9896 -0.0000
vn 0.0648 0.9979 -0.0000
vn 0.0103 0.9999 -0.0000
vn -0.0566 -0.1026 0.9931
vn -0.0558 -0.1378 0.9889
vn -0.0590 -0.1302 0.9897
vn -0.0578 -0.1763 0.9826
vn -0.0615 -0.1665 0.9841
vn -0.0595 -0.2303 0.9713
vn -0.0638 -0.2181 0.9738
vn -0.0597 -0.3097 0.9490
vn -0.0593 -0.0655 0.9961
vn -0.0602 -0.1071 0.9924
vn -0.0687 -0.0896 0.9936
vn -0.0641 -0.1382 0.9883
vn -0.0765 -0.1229 0.9895
vn -0.0767 -0.1972 0.9774
vn -0.0878 -0.1710 0.9814
vn -0.0724 -0.2417 0.9676
vn -0.1022 -0.2258 0.9688
vn -0.2490 -0.0910 0.9642
vn -0.2833 -0.2188 0.9337
vn -0.2891 -0.2431 0.9259
vn -0.3395 -0.1589 0.9271
vn -0.3512 -0.1836 0.9181
vn -0.3981 -0.1087 0.9109
vn -0.1441 -0.2085 0.9674
vn -0.2401 -0.2986 0.9237
vn -0.2377 -0.2776 0.9308
vn -0.1449 -0.2147 0.9659
vn -0.1673 -0.1705 0.9710
vn -0.1760 -0.1683 0.9699
vn -0.2001 -0.1270 0.9715
vn -0.2140 -0.1240 0.9689
vn -0.2415 -0.0807 0.9670
vn -0.4155 -0.1289 0.9004
vn -0.1259 -0.0529 0.9906
vn -0.1256 -0.0505 0.9908
vn -0.1070 -0.0799 0.9910
vn -0.1070 -0.0801 0.9910
vn -0.0910 -0.1075 0.9900
vn -0.0907 -0.1137 0.9894
vn -0.0799 -0.1349 0.9876
vn -0.0790 -0.1476 0.9859
vn -0.9945 -0.0100 0.1045
vn -0.9951 -0.0082 0.0990
vn -0.7860 -0.0132 0.6181
vn -0.7913 -0.0115 0.6113
vn -0.7664 -0.0397 0.6412
vn -0.7830 -0.0349 0.6210
vn -0.9328 -0.0416 0.3580
vn -0.9348 -0.0137 0.3548
vn -0.9383 -0.0115 0.3455
vn -0.9914 -0.0487 0.1215
vn -0.9883 -0.0562 0.1421
vn -0.9695 -0.0553 0.2388
vn -0.9941 -0.0261 0.1053
vn -0.9923 -0.0309 0.1199
vn -0.9781 -0.0305 0.2061
vn -0.9753 -0.0653 0.2111
vn -0.9039 -0.0609 0.4235
vn -0.7326 -0.0684 0.6772
vn -0.7607 -0.0609 0.6462
vn -0.9180 -0.0729 0.3899
vn -0.9235 -0.0346 0.3820
vn -0.9819 -0.0367 0.1860
vn -0.9828 -0.0120 0.1842
vn -0.9843 -0.0099 0.1763
vn -0.6841 -0.1050 0.7218
vn -0.7226 -0.0947 0.6848
vn -0.8702 -0.1121 0.4797
vn -0.8956 -0.0987 0.4337
vn -0.9538 -0.1043 0.2817
vn -0.9650 -0.0917 0.2458
vn -0.9813 -0.0930 0.1683
vn -0.9859 -0.0831 0.1454
vn -0.2724 0.0543 0.9607
vn -0.5231 0.0265 0.8519
vn -0.5129 0.0287 0.8580
vn -0.5058 0.0474 0.8613
vn -0.4861 0.0511 0.8724
vn -0.4740 0.0746 0.8774
vn -0.3102 0.0046 0.9507
vn -0.5266 0.0092 0.8501
vn -0.5292 0.0085 0.8485
vn -0.3110 0.0044 0.9504
vn -0.3085 0.0158 0.9511
vn -0.3080 0.0156 0.9513
vn -0.3010 0.0323 0.9531
vn -0.2969 0.0300 0.9544
vn -0.2846 0.0520 0.9572
vn -0.4450 0.0802 0.8919
vn -0.1416 0.0280 0.9895
vn -0.1432 0.0273 0.9893
vn -0.1517 0.0119 0.9883
vn -0.1504 0.0125 0.9885
vn -0.1544 0.0027 0.9880
vn -0.1517 0.0042 0.9884
vn -0.1527 -0.0004 0.9883
vn -0.1512 0.0005 0.9885
vn -0.0714 0.0301 0.9970
vn -0.0618 0.0451 0.9971
vn -0.0619 0.0525 0.9967
vn -0.0566 0.0613 0.9965
vn -0.0562 0.0784 0.9953
vn -0.0544 0.1072 0.9927
vn -0.0552 0.0803 0.9952
vn -0.0527 0.0778 0.9956
vn -0.0613 0.0277 0.9977
vn -0.0602 0.0309 0.9977
vn -0.0675 -0.0043 0.9977
vn -0.0466 0.0280 0.9985
vn -0.0470 0.0358 0.9983
vn -0.0484 0.0335 0.9983
vn -0.0426 0.0500 0.9978
vn -0.0550 0.0422 0.9976
vn -0.0521 0.0472 0.9975
vn 0.6838 -0.7297 -0.0000
vn 0.4572 -0.8893 -0.0000
vn 0.4271 -0.9022 0.0593
vn 0.5003 -0.8658 -0.0000
vn 0.5420 -0.8404 -0.0000
vn 0.6089 -0.7932 -0.0000
vn 0.4125 0.9110 -0.0000
vn 0.6467 0.7628 -0.0000
vn 0.6701 0.7399 0.0593
vn 0.6085 0.7936 -0.0000
vn 0.5690 0.8223 -0.0000
vn 0.5281 0.8490 -0.0177
vn 0.4997 0.8660 0.0183
vn 0.4569 0.8895 -0.0000
vn -0.0652 -0.0472 0.9968
vn -0.0495 -0.0728 0.9961
vn -0.0628 -0.0664 0.9958
vn -0.0696 -0.0142 0.9975
vn -0.0714 -0.0301 0.9970
vn -0.0584 -0.0504 0.9970
vn -0.0629 -0.0589 0.9963
vn -0.0454 -0.0703 0.9965
vn -0.0634 -0.0887 0.9940
vn -0.0456 -0.0976 0.9942
vn -0.0533 -0.0452 0.9976
vn -0.0556 -0.0412 0.9976
vn -0.0395 -0.0474 0.9981
vn -0.0495 -0.0319 0.9983
vn -0.0461 -0.0352 0.9983
vn -0.0471 -0.0272 0.9985
vn -0.0495 -0.0235 0.9985
vn -0.3102 -0.0044 0.9507
vn -0.4889 -0.0458 0.8712
vn -0.5036 -0.0531 0.8623
vn -0.5139 -0.0260 0.8575
vn -0.5225 -0.0293 0.8521
vn -0.5267 -0.0085 0.8500
vn -0.2749 -0.0503 0.9602
vn -0.4689 -0.0843 0.8792
vn -0.4503 -0.0712 0.8900
vn -0.2822 -0.0563 0.9577
vn -0.2960 -0.0317 0.9547
vn -0.3017 -0.0306 0.9529
vn -0.3079 -0.0157 0.9513
vn -0.3085 -0.0156 0.9511
vn -0.3110 -0.0046 0.9504
vn -0.5292 -0.0092 0.8485
vn -0.1512 0.0004 0.9885
vn -0.1525 -0.0006 0.9883
vn -0.1520 -0.0025 0.9884
vn -0.1538 -0.0044 0.9881
vn -0.1508 -0.0117 0.9885
vn -0.1513 -0.0127 0.9884
vn -0.1426 -0.0283 0.9894
vn -0.1422 -0.0271 0.9895
vn -0.1033 -0.0019 0.9946
vn -0.1000 0.0033 0.9950
vn -0.1020 -0.0023 0.9948
vn -0.0642 0.0230 0.9977
vn -0.0784 0.0108 0.9969
vn -0.0737 0.0197 0.9971
vn -0.0895 0.0011 0.9960
vn -0.0854 0.0184 0.9962
vn -0.0880 0.0116 0.9961
vn 0.9110 -0.4125 -0.0000
vn 0.8223 -0.5690 -0.0000
vn 0.7628 -0.6467 -0.0000
vn 0.7399 -0.6701 0.0593
vn 0.7936 -0.6085 -0.0000
vn 0.8576 -0.5143 -0.0000
vn 0.8660 -0.4997 0.0183
vn 0.8895 -0.4569 -0.0000
vn 0.7297 0.6838 -0.0000
vn 0.8404 0.5420 -0.0000
vn 0.8893 0.4572 -0.0000
vn 0.9022 0.4271 0.0593
vn 0.8658 0.5003 -0.0000
vn 0.8034 0.5955 -0.0000
vn 0.7931 0.6088 0.0183
vn 0.7625 0.6470 -0.0000
vn -0.0727 -0.0092 0.9973
vn -0.0706 -0.0266 0.9971
vn -0.0719 -0.0231 0.9971
vn -0.0839 -0.0002 0.9965
vn -0.0844 -0.0211 0.9962
vn -0.0936 0.0031 0.9956
vn -0.1033 -0.0051 0.9946
vn -0.1004 0.0020 0.9949
vn -0.0974 -0.0129 0.9952
vn -0.0978 -0.0178 0.9950
vn 0.9995 -0.0325 -0.0000
vn 0.9522 -0.3055 -0.0000
vn 0.9400 -0.3360 0.0593
vn 0.9660 -0.2585 -0.0000
vn 0.9775 -0.2110 -0.0000
vn 0.9915 -0.1303 -0.0000
vn 0.9358 0.3525 -0.0000
vn 0.9966 0.0821 -0.0000
vn 0.9970 0.0493 0.0593
vn 0.9914 0.1309 -0.0000
vn 0.9838 0.1791 -0.0000
vn 0.9701 0.2427 -0.0000
vn 0.9657 0.2590 0.0183
vn 0.9520 0.3059 -0.0000
vn 0.8404 -0.0000 -0.5419
vn 0.7573 -0.1539 -0.6346
vn 0.9013 -0.0000 -0.4331
vn -0.9013 -0.0000 -0.4331
vn 0.8989 0.0742 -0.4319
vn 0.7665 -0.0000 -0.6423
vn 0.5841 -0.0000 -0.8117
vn 0.3656 -0.0000 -0.9308
vn 0.1244 -0.0000 -0.9922
vn -0.1244 -0.0000 -0.9922
vn -0.3656 -0.0000 -0.9308
vn -0.5841 -0.0000 -0.8117
vn -0.7665 -0.0000 -0.6423
vn 0.3620 0.9135 -0.1858
vn 0.8907 0.1531 -0.4280
vn 0.4742 0.7994 -0.3689
vn 0.6327 0.6954 -0.3408
vn 0.7609 0.5320 -0.3714
vn 0.8261 0.3939 -0.4031
vn 0.1302 0.9888 -0.0726
vn -0.3916 0.8979 -0.2009
vn -0.7951 0.4660 -0.3881
vn -0.7096 0.6136 -0.3464
vn -0.8990 0.0715 -0.4320
vn 0.1945 0.9651 -0.1755
vn 0.1998 0.9654 -0.1675
vn 0.1998 0.9654 -0.1674
vn 0.1523 0.9654 -0.2116
vn 0.0953 0.9654 -0.2427
vn 0.0324 0.9654 -0.2587
vn -0.0324 0.9654 -0.2587
vn -0.0953 0.9654 -0.2427
vn -0.0953 0.9654 -0.2426
vn -0.1523 0.9654 -0.2116
vn -0.1998 0.9654 -0.1674
vn -0.1998 0.9654 -0.1675
vn -0.2018 0.9655 -0.1645
vn -0.1623 0.9826 -0.0905
vn 0.6311 0.7053 -0.3228
vn 0.5441 0.7043 -0.4559
vn 0.4147 0.7043 -0.5762
vn 0.2595 0.7043 -0.6607
vn 0.0883 0.7043 -0.7043
vn -0.0883 0.7043 -0.7043
vn -0.2595 0.7043 -0.6607
vn -0.4147 0.7043 -0.5762
vn -0.4146 0.7043 -0.5762
vn -0.5441 0.7043 -0.4559
vn -0.6122 0.7067 -0.3546
vn -0.5375 0.7971 -0.2750
vn 0.8541 0.2579 -0.4517
vn 0.7407 0.2570 -0.6207
vn 0.7407 0.2569 -0.6207
vn 0.5645 0.2569 -0.7844
vn 0.3533 0.2569 -0.8995
vn 0.1203 0.2569 -0.9589
vn -0.1203 0.2569 -0.9589
vn -0.3533 0.2569 -0.8995
vn -0.5645 0.2569 -0.7844
vn -0.7407 0.2569 -0.6207
vn -0.8575 0.2578 -0.4453
vn -0.8545 0.2981 -0.4253
vn -0.8907 -0.1531 -0.4280
vn -0.3618 -0.9136 -0.1857
vn -0.4877 -0.7928 -0.3656
vn -0.2444 -0.9530 -0.1791
vn -0.1168 -0.9910 -0.0652
vn 0.3916 -0.8979 -0.2009
vn 0.7951 -0.4662 -0.3880
vn 0.7096 -0.6136 -0.3464
vn 0.8990 -0.0716 -0.4320
vn -0.6435 -0.6840 -0.3436
vn -0.7609 -0.5320 -0.3714
vn -0.8261 -0.3939 -0.4031
vn -0.1928 -0.9649 -0.1781
vn -0.1998 -0.9654 -0.1674
vn -0.1998 -0.9654 -0.1675
vn -0.1523 -0.9654 -0.2116
vn -0.0953 -0.9654 -0.2427
vn -0.0324 -0.9654 -0.2587
vn 0.0324 -0.9654 -0.2587
vn 0.0953 -0.9654 -0.2427
vn 0.1523 -0.9654 -0.2116
vn 0.1998 -0.9654 -0.1674
vn 0.2018 -0.9655 -0.1644
vn 0.1623 -0.9826 -0.0905
vn -0.6312 -0.7053 -0.3227
vn -0.5441 -0.7043 -0.4559
vn -0.4147 -0.7043 -0.5762
vn -0.4146 -0.7043 -0.5762
vn -0.2595 -0.7043 -0.6607
vn -0.0883 -0.7043 -0.7043
vn 0.0883 -0.7043 -0.7043
vn 0.2595 -0.7043 -0.6607
vn 0.4147 -0.7043 -0.5762
vn 0.5441 -0.7043 -0.4559
vn 0.6122 -0.7067 -0.3546
vn 0.5375 -0.7972 -0.2750
vn -0.8541 -0.2579 -0.4517
vn -0.7407 -0.2569 -0.6207
vn -0.5645 -0.2569 -0.7844
vn -0.3533 -0.2570 -0.8995
vn -0.3533 -0.2569 -0.8995
vn -0.1203 -0.2569 -0.9589
vn 0.1203 -0.2569 -0.9589
vn 0.3533 -0.2569 -0.8995
vn 0.5645 -0.2569 -0.7844
vn 0.7407 -0.2569 -0.6207
vn 0.8575 -0.2578 -0.4453
vn 0.8545 -0.2981 -0.4253
vn 0.6867 -0.0000 -0.7269
vn 0.5553 -0.0000 -0.8316
vn 0.4082 -0.0000 -0.9129
vn 0.2497 -0.0000 -0.9683
vn 0.0840 -0.0000 -0.9965
vn -0.0840 -0.0000 -0.9965
vn -0.2497 -0.0000 -0.9683
vn -0.4082 -0.0000 -0.9129
vn -0.5553 -0.0000 -0.8316
vn -0.6867 -0.0000 -0.7269
vn -0.0000 -1.0000 -0.0001
vn -0.2898 -0.8988 -0.3290
vn -0.6813 -0.1249 -0.7212
vn 0.3365 -0.8613 -0.3807
vn 0.5597 -0.5688 -0.6027
vn 0.6359 -0.2848 -0.7173
vn 0.6841 -0.0867 -0.7242
vn -0.6349 -0.3609 -0.6832
vn -0.3875 -0.7600 -0.5218
vn -0.5408 -0.6067 -0.5827
vn -0.5993 -0.4732 -0.6457
vn -0.1154 -0.9681 -0.2225
vn -0.1634 -0.9659 -0.2008
vn -0.1442 -0.9657 -0.2160
vn -0.1060 -0.9657 -0.2371
vn -0.0648 -0.9657 -0.2515
vn -0.0648 -0.9657 -0.2514
vn -0.0218 -0.9657 -0.2588
vn 0.0218 -0.9657 -0.2588
vn 0.0648 -0.9657 -0.2515
vn 0.0648 -0.9657 -0.2514
vn 0.1060 -0.9657 -0.2371
vn 0.1060 -0.9657 -0.2370
vn 0.1442 -0.9657 -0.2160
vn 0.1642 -0.9659 -0.2001
vn 0.1643 -0.9655 -0.2019
vn -0.4705 -0.7066 -0.5286
vn -0.3934 -0.7059 -0.5891
vn -0.2892 -0.7059 -0.6466
vn -0.1768 -0.7059 -0.6859
vn -0.0595 -0.7059 -0.7059
vn 0.0595 -0.7059 -0.7059
vn 0.1768 -0.7059 -0.6859
vn 0.2892 -0.7059 -0.6466
vn 0.3934 -0.7059 -0.5891
vn 0.4511 -0.7070 -0.5446
vn 0.4306 -0.7602 -0.4864
vn -0.6413 -0.2585 -0.7224
vn -0.5365 -0.2580 -0.8035
vn -0.3944 -0.2580 -0.8820
vn -0.2412 -0.2580 -0.9356
vn -0.0812 -0.2580 -0.9627
vn 0.0812 -0.2580 -0.9627
vn 0.2412 -0.2580 -0.9356
vn 0.3944 -0.2580 -0.8820
vn 0.5365 -0.2580 -0.8035
vn 0.6489 -0.2583 -0.7157
vn 0.6107 -0.4421 -0.6570
vn 0.2898 0.8987 -0.3291
vn -0.1643 0.9655 -0.2019
vn -0.4306 0.7602 -0.4865
vn -0.3365 0.8613 -0.3807
vn -0.6107 0.4421 -0.6570
vn -0.5597 0.5688 -0.6027
vn -0.6359 0.2847 -0.7173
vn -0.6841 0.0867 -0.7242
vn 0.5408 0.6066 -0.5827
vn 0.5999 0.4737 -0.6448
vn 0.6349 0.3609 -0.6831
vn -0.6489 0.2583 -0.7157
vn -0.5365 0.2580 -0.8035
vn -0.3944 0.2580 -0.8820
vn -0.2412 0.2580 -0.9356
vn -0.0812 0.2580 -0.9627
vn 0.0812 0.2580 -0.9627
vn 0.2412 0.2580 -0.9356
vn 0.3944 0.2580 -0.8820
vn 0.5365 0.2580 -0.8035
vn 0.6413 0.2585 -0.7224
vn 0.6813 0.1249 -0.7212
vn -0.4511 0.7070 -0.5446
vn -0.3934 0.7059 -0.5891
vn -0.2892 0.7059 -0.6466
vn -0.1768 0.7059 -0.6859
vn -0.0595 0.7059 -0.7058
vn -0.0595 0.7059 -0.7059
vn 0.0595 0.7059 -0.7058
vn 0.0595 0.7058 -0.7059
vn 0.1768 0.7059 -0.6859
vn 0.2892 0.7059 -0.6466
vn 0.3934 0.7059 -0.5891
vn 0.4705 0.7066 -0.5286
vn 0.3875 0.7600 -0.5218
vn -0.1642 0.9659 -0.2001
vn -0.1442 0.9657 -0.2160
vn -0.1060 0.9657 -0.2370
vn -0.1060 0.9657 -0.2371
vn -0.0648 0.9657 -0.2514
vn -0.0648 0.9657 -0.2515
vn -0.0218 0.9657 -0.2587
vn -0.0218 0.9657 -0.2588
vn 0.0218 0.9657 -0.2588
vn 0.0648 0.9657 -0.2515
vn 0.1060 0.9657 -0.2371
vn 0.1442 0.9657 -0.2160
vn 0.1634 0.9659 -0.2008
vn 0.1154 0.9681 -0.2225
vn 0.8410 -0.0381 -0.5397
vn 0.3186 0.9095 -0.2670
vn 0.7609 0.5321 -0.3714
vn -0.7951 0.4661 -0.3880
vn -0.8990 0.0716 -0.4320
vn 0.4146 0.7043 -0.5762
vn -0.5375 0.7972 -0.2750
vn -0.3620 -0.9135 -0.1858
vn 0.3919 -0.8978 -0.2010
vn 0.2764 -0.9441 -0.1794
vn 0.7951 -0.4660 -0.3881
vn 0.6854 -0.6467 -0.3347
vn 0.8990 -0.0715 -0.4320
vn -0.4742 -0.7994 -0.3689
vn -0.6327 -0.6954 -0.3407
vn -0.1302 -0.9888 -0.0726
vn -0.1945 -0.9651 -0.1755
vn 0.1928 -0.9649 -0.1781
vn 0.1170 -0.9910 -0.0653
vn -0.6311 -0.7053 -0.3228
vn 0.4146 -0.7043 -0.5762
vn 0.6158 -0.7065 -0.3488
vn 0.5063 -0.8224 -0.2593
vn -0.7407 -0.2570 -0.6207
vn 0.8545 -0.2982 -0.4253
vn 0.3618 0.9136 -0.1857
vn 0.4877 0.7928 -0.3655
vn 0.6436 0.6839 -0.3436
vn 0.2446 0.9529 -0.1791
vn 0.1170 0.9910 -0.0653
vn 0.1928 0.9649 -0.1781
vn -0.2018 0.9655 -0.1644
vn 0.6312 0.7053 -0.3227
vn -0.7407 0.2570 -0.6207
vn 0.7952 -0.4659 -0.3881
vn 0.0953 -0.9654 -0.2426
vn 0.1998 -0.9654 -0.1675
vn 0.2018 -0.9655 -0.1645
vn -0.0000 1.0000 -0.0001
vn 0.3366 -0.8613 -0.3806
vn 0.6359 -0.2847 -0.7173
vn -0.5408 -0.6066 -0.5827
vn -0.5994 -0.4737 -0.6452
vn -0.1634 -0.9659 -0.2007
vn -0.1060 -0.9657 -0.2370
vn 0.4306 -0.7602 -0.4865
vn 0.2898 0.8988 -0.3290
vn -0.3366 0.8612 -0.3809
vn -0.6106 0.4421 -0.6570
vn -0.6359 0.2848 -0.7173
vn 0.5995 0.4733 -0.6454
vn 0.6349 0.3609 -0.6832
vn 0.0595 0.7059 -0.7059
vn 0.0648 0.9657 -0.2514
vn 0.1060 0.9657 -0.2370
vn -0.3919 0.8978 -0.2010
vn -0.2762 0.9442 -0.1794
vn -0.6854 0.6467 -0.3347
vn 0.6327 0.6954 -0.3407
vn -0.1928 0.9649 -0.1781
vn -0.1168 0.9910 -0.0652
vn -0.6158 0.7065 -0.3488
vn -0.5063 0.8225 -0.2593
vn -0.6327 -0.6954 -0.3408
vn 0.6122 -0.7067 -0.3547
s 0
f 1//1 2//1 3//1
f 4//1 5//1 6//1
f 1//1 3//1 7//1
f 8//1 9//1 10//1
f 10//1 9//1 11//1
f 10//1 11//1 6//1
f 6//1 11//1 7//1
f 6//1 7//1 4//1
f 4//1 7//1 3//1
f 12//1 13//1 14//1
f 14//1 13//1 15//1
f 14//1 15//1 16//1
f 16//1 15//1 17//1
f 16//1 17//1 18//1
f 18//1 17//1 19//1
f 18//1 19//1 20//1
f 20//1 19//1 9//1
f 20//1 9//1 21//1
f 21//1 9//1 8//1
f 22//1 23//1 24//1
f 24//1 23//1 25//1
f 25//1 23//1 26//1
f 25//1 26//1 27//1
f 28//1 29//1 30//1
f 30//1 29//1 31//1
f 30//1 31//1 32//1
f 32//1 31//1 33//1
f 32//1 33//1 34//1
f 34//1 33//1 35//1
f 35//1 33//1 27//1
f 27//1 33//1 36//1
f 27//1 36//1 25//1
f 2//1 22//1 3//1
f 3//1 22//1 24//1
f 3//1 24//1 4//1
f 4//1 24//1 37//1
f 4//1 37//1 38//1
f 38//1 39//1 4//1
f 4//1 39//1 40//1
f 4//1 40//1 5//1
f 41//1 42//1 43//1
f 44//1 45//1 46//1
f 46//1 45//1 47//1
f 48//1 49//1 50//1
f 50//1 49//1 51//1
f 50//1 51//1 52//1
f 53//1 54//1 55//1
f 55//1 54//1 56//1
f 57//1 58//1 59//1
f 59//1 58//1 55//1
f 59//1 55//1 60//1
f 60//1 55//1 56//1
f 61//1 62//1 63//1
f 63//1 62//1 64//1
f 63//1 64//1 65//1
f 65//1 66//1 63//1
f 63//1 66//1 67//1
f 63//1 67//1 68//1
f 68//1 69//1 63//1
f 63//1 69//1 70//1
f 63//1 70//1 71//1
f 71//1 70//1 72//1
f 71//1 72//1 55//1
f 55//1 72//1 73//1
f 55//1 73//1 53//1
f 74//1 75//1 76//1
f 76//1 75//1 46//1
f 76//1 46//1 50//1
f 50//1 46//1 47//1
f 50//1 47//1 48//1
f 77//1 78//1 79//1
f 79//1 78//1 80//1
f 79//1 80//1 81//1
f 82//1 61//1 42//1
f 42//1 61//1 63//1
f 42//1 63//1 43//1
f 43//1 63//1 80//1
f 80//1 63//1 81//1
f 81//1 63//1 71//1
f 81//1 71//1 79//1
f 79//1 71//1 83//1
f 79//1 83//1 84//1
f 84//1 85//1 79//1
f 79//1 85//1 86//1
f 79//1 86//1 77//1
f 77//1 86//1 87//1
f 77//1 87//1 88//1
f 89//1 41//1 90//1
f 90//1 41//1 43//1
f 90//1 43//1 91//1
f 91//1 43//1 80//1
f 91//1 80//1 74//1
f 74//1 80//1 78//1
f 74//1 78//1 75//1
f 75//1 78//1 77//1
f 75//1 77//1 46//1
f 46//1 77//1 88//1
f 46//1 88//1 44//1
f 92//1 93//1 94//1
f 93//1 92//1 95//1
f 96//1 97//1 98//1
f 45//1 44//1 99//1
f 99//1 44//1 88//1
f 100//1 101//1 102//1
f 100//1 102//1 103//1
f 101//1 104//1 102//1
f 102//1 104//1 105//1
f 102//1 105//1 106//1
f 107//1 108//1 109//1
f 109//1 108//1 110//1
f 109//1 110//1 111//1
f 112//1 113//1 114//1
f 113//1 107//1 114//1
f 114//1 107//1 109//1
f 114//1 109//1 115//1
f 115//1 109//1 111//1
f 115//1 111//1 116//1
f 117//1 103//1 118//1
f 118//1 103//1 102//1
f 118//1 102//1 119//1
f 120//1 95//1 121//1
f 121//1 95//1 92//1
f 121//1 92//1 119//1
f 84//1 120//1 85//1
f 85//1 120//1 121//1
f 85//1 121//1 86//1
f 86//1 121//1 119//1
f 86//1 119//1 87//1
f 87//1 119//1 102//1
f 87//1 102//1 88//1
f 88//1 102//1 106//1
f 88//1 106//1 99//1
f 116//1 122//1 115//1
f 115//1 122//1 96//1
f 115//1 96//1 114//1
f 114//1 96//1 98//1
f 114//1 98//1 112//1
f 112//1 98//1 123//1
f 116//1 117//1 122//1
f 122//1 117//1 118//1
f 122//1 118//1 96//1
f 96//1 118//1 119//1
f 96//1 119//1 97//1
f 97//1 119//1 92//1
f 97//1 92//1 98//1
f 98//1 92//1 94//1
f 98//1 94//1 123//1
f 124//1 125//1 126//1
f 127//1 128//1 129//1
f 130//1 131//1 132//1
f 132//1 131//1 133//1
f 134//1 135//1 136//1
f 137//1 138//1 139//1
f 139//1 140//1 137//1
f 137//1 140//1 141//1
f 137//1 141//1 142//1
f 143//1 144//1 145//1
f 145//1 144//1 137//1
f 145//1 137//1 146//1
f 146//1 137//1 142//1
f 147//1 148//1 149//1
f 149//1 148//1 150//1
f 151//1 149//1 152//1
f 152//1 149//1 150//1
f 152//1 150//1 137//1
f 137//1 150//1 153//1
f 137//1 153//1 138//1
f 154//1 155//1 147//1
f 147//1 155//1 156//1
f 156//1 157//1 147//1
f 147//1 157//1 158//1
f 147//1 158//1 159//1
f 159//1 160//1 147//1
f 147//1 160//1 161//1
f 147//1 161//1 148//1
f 144//1 127//1 162//1
f 163//1 164//1 165//1
f 166//1 136//1 124//1
f 133//1 134//1 132//1
f 132//1 134//1 136//1
f 132//1 136//1 167//1
f 167//1 136//1 166//1
f 167//1 166//1 168//1
f 135//1 169//1 136//1
f 136//1 169//1 170//1
f 136//1 170//1 124//1
f 124//1 170//1 171//1
f 124//1 171//1 125//1
f 127//1 129//1 162//1
f 162//1 129//1 172//1
f 162//1 172//1 163//1
f 172//1 168//1 163//1
f 163//1 168//1 166//1
f 163//1 166//1 164//1
f 164//1 166//1 124//1
f 164//1 124//1 165//1
f 165//1 124//1 126//1
f 165//1 126//1 173//1
f 144//1 162//1 137//1
f 137//1 162//1 163//1
f 137//1 163//1 152//1
f 152//1 163//1 165//1
f 152//1 165//1 151//1
f 151//1 165//1 173//1
f 151//1 173//1 174//1
f 175//1 176//1 177//1
f 178//1 179//1 180//1
f 180//1 179//1 175//1
f 181//1 182//1 183//1
f 184//1 185//1 186//1
f 182//1 181//1 187//1
f 186//1 187//1 184//1
f 184//1 187//1 181//1
f 184//1 181//1 188//1
f 188//1 181//1 183//1
f 188//1 183//1 178//1
f 175//1 177//1 180//1
f 180//1 177//1 189//1
f 180//1 189//1 190//1
f 190//1 189//1 191//1
f 190//1 191//1 192//1
f 193//1 194//1 195//1
f 195//1 194//1 196//1
f 188//1 197//1 184//1
f 184//1 197//1 198//1
f 184//1 198//1 199//1
f 199//1 198//1 200//1
f 199//1 200//1 201//1
f 201//1 200//1 196//1
f 201//1 196//1 202//1
f 202//1 196//1 194//1
f 178//1 180//1 188//1
f 188//1 180//1 190//1
f 188//1 190//1 197//1
f 197//1 190//1 192//1
f 197//1 192//1 198//1
f 198//1 192//1 203//1
f 198//1 203//1 200//1
f 200//1 203//1 204//1
f 200//1 204//1 196//1
f 196//1 204//1 205//1
f 196//1 205//1 195//1
f 185//1 184//1 206//1
f 206//1 184//1 199//1
f 206//1 199//1 207//1
f 207//1 199//1 201//1
f 207//1 201//1 208//1
f 208//1 201//1 202//1
f 208//1 202//1 209//1
f 210//1 211//1 212//1
f 212//1 211//1 213//1
f 214//1 215//1 216//1
f 216//1 215//1 217//1
f 216//1 217//1 218//1
f 218//1 217//1 219//1
f 218//1 219//1 220//1
f 221//1 222//1 223//1
f 223//1 222//1 224//1
f 223//1 224//1 225//1
f 226//1 227//1 228//1
f 228//1 227//1 229//1
f 228//1 229//1 214//1
f 230//1 231//1 232//1
f 232//1 231//1 174//1
f 232//1 174//1 173//1
f 173//1 126//1 233//1
f 233//1 126//1 125//1
f 233//1 125//1 223//1
f 223//1 125//1 171//1
f 223//1 171//1 221//1
f 221//1 171//1 170//1
f 221//1 170//1 169//1
f 214//1 216//1 228//1
f 228//1 216//1 218//1
f 228//1 218//1 234//1
f 234//1 218//1 220//1
f 234//1 220//1 235//1
f 225//1 226//1 223//1
f 223//1 226//1 228//1
f 223//1 228//1 233//1
f 233//1 228//1 234//1
f 233//1 234//1 236//1
f 236//1 234//1 235//1
f 230//1 232//1 237//1
f 237//1 232//1 238//1
f 237//1 238//1 239//1
f 219//1 211//1 220//1
f 220//1 211//1 210//1
f 220//1 210//1 235//1
f 235//1 210//1 240//1
f 235//1 240//1 236//1
f 236//1 240//1 241//1
f 236//1 241//1 242//1
f 173//1 233//1 232//1
f 232//1 233//1 236//1
f 232//1 236//1 238//1
f 238//1 236//1 242//1
f 238//1 242//1 239//1
f 243//1 244//1 245//1
f 246//1 247//1 248//1
f 246//1 248//1 249//1
f 250//1 251//1 252//1
f 247//1 246//1 245//1
f 245//1 246//1 253//1
f 245//1 253//1 243//1
f 248//1 254//1 249//1
f 249//1 254//1 255//1
f 249//1 255//1 256//1
f 256//1 255//1 257//1
f 256//1 257//1 250//1
f 250//1 257//1 258//1
f 250//1 258//1 251//1
f 252//1 259//1 250//1
f 250//1 259//1 260//1
f 250//1 260//1 261//1
f 262//1 263//1 260//1
f 260//1 263//1 264//1
f 260//1 264//1 261//1
f 265//1 266//1 267//1
f 259//1 252//1 268//1
f 259//1 268//1 260//1
f 269//1 270//1 271//1
f 271//1 270//1 272//1
f 273//1 262//1 260//1
f 274//1 275//1 272//1
f 272//1 275//1 276//1
f 272//1 276//1 271//1
f 269//1 273//1 270//1
f 270//1 273//1 260//1
f 270//1 260//1 277//1
f 277//1 260//1 268//1
f 278//1 275//1 279//1
f 279//1 275//1 274//1
f 279//1 274//1 280//1
f 280//1 274//1 281//1
f 280//1 281//1 267//1
f 267//1 281//1 282//1
f 267//1 282//1 265//1
f 283//2 284//2 285//2
f 285//2 284//2 286//2
f 285//2 286//2 287//2
f 288//2 289//2 290//2
f 291//2 292//2 293//2
f 294//2 295//2 296//2
f 293//2 292//2 297//2
f 296//2 295//2 298//2
f 292//2 299//2 297//2
f 297//2 299//2 300//2
f 297//2 300//2 296//2
f 296//2 300//2 301//2
f 296//2 301//2 294//2
f 286//2 302//2 303//2
f 286//2 304//2 287//2
f 287//2 304//2 305//2
f 287//2 305//2 306//2
f 306//2 305//2 307//2
f 306//2 307//2 308//2
f 308//2 307//2 309//2
f 310//2 311//2 312//2
f 312//2 311//2 313//2
f 312//2 313//2 314//2
f 314//2 313//2 315//2
f 303//2 316//2 286//2
f 286//2 316//2 317//2
f 286//2 317//2 304//2
f 316//2 318//2 317//2
f 317//2 318//2 319//2
f 317//2 319//2 320//2
f 311//2 288//2 313//2
f 313//2 288//2 290//2
f 313//2 290//2 321//2
f 321//2 290//2 322//2
f 321//2 322//2 323//2
f 323//2 322//2 324//2
f 323//2 324//2 325//2
f 325//2 324//2 326//2
f 310//2 327//2 311//2
f 311//2 327//2 328//2
f 311//2 328//2 286//2
f 286//2 328//2 329//2
f 286//2 329//2 302//2
f 330//2 331//2 332//2
f 332//2 331//2 333//2
f 332//2 333//2 334//2
f 335//2 336//2 330//2
f 330//2 336//2 337//2
f 330//2 337//2 331//2
f 295//2 338//2 298//2
f 298//2 338//2 339//2
f 298//2 339//2 340//2
f 340//2 339//2 341//2
f 340//2 341//2 335//2
f 335//2 341//2 342//2
f 335//2 342//2 343//2
f 344//2 345//2 346//2
f 346//2 345//2 347//2
f 346//2 347//2 293//2
f 293//2 347//2 348//2
f 293//2 348//2 291//2
f 349//2 350//2 346//2
f 346//2 350//2 351//2
f 346//2 351//2 352//2
f 353//2 354//2 355//2
f 355//2 354//2 356//2
f 356//2 354//2 307//2
f 307//2 354//2 357//2
f 307//2 357//2 309//2
f 358//2 359//2 349//2
f 349//2 359//2 360//2
f 349//2 360//2 350//2
f 333//2 361//2 334//2
f 334//2 361//2 362//2
f 334//2 362//2 319//2
f 319//2 362//2 363//2
f 319//2 363//2 320//2
f 343//2 364//2 335//2
f 335//2 364//2 365//2
f 335//2 365//2 366//2
f 366//2 367//2 335//2
f 335//2 367//2 368//2
f 335//2 368//2 336//2
f 352//2 369//2 346//2
f 346//2 369//2 370//2
f 346//2 370//2 344//2
f 371//2 372//2 355//2
f 355//2 372//2 373//2
f 355//2 373//2 353//2
f 313//2 374//2 315//2
f 315//2 374//2 375//2
f 315//2 375//2 358//2
f 358//2 375//2 376//2
f 358//2 376//2 359//2
f 377//2 378//2 379//2
f 324//2 380//2 326//2
f 326//2 380//2 381//2
f 326//2 381//2 382//2
f 382//2 381//2 383//2
f 382//2 383//2 379//2
f 379//2 383//2 384//2
f 379//2 384//2 377//2
f 385//3 283//3 285//3
f 386//4 387//4 25//4
f 386//5 25//5 388//5
f 389//6 390//6 391//6
f 389//7 391//7 392//7
f 392//8 391//8 393//8
f 392//9 393//9 394//9
f 394//10 393//10 395//10
f 394//11 395//11 25//11
f 25//12 395//12 396//12
f 25//13 396//13 388//13
f 387//14 397//14 25//14
f 25//15 397//15 398//15
f 25//16 398//16 385//16
f 385//17 285//17 25//17
f 25//18 285//18 287//18
f 25//19 287//19 24//19
f 24//20 287//20 306//20
f 24//21 306//21 37//21
f 390//22 399//22 391//22
f 391//23 399//23 400//23
f 289//24 401//24 256//24
f 256//25 401//25 402//25
f 256//26 402//26 403//26
f 403//27 404//27 256//27
f 256//28 404//28 405//28
f 256//29 405//29 249//29
f 405//30 406//30 249//30
f 249//31 406//31 407//31
f 249//31 407//31 408//31
f 408//32 407//32 409//32
f 408//33 409//33 410//33
f 410//34 409//34 400//34
f 410//35 400//35 411//35
f 411//36 400//36 399//36
f 261//37 324//37 250//37
f 250//38 324//38 322//38
f 250//39 322//39 256//39
f 256//40 322//40 290//40
f 256//41 290//41 289//41
f 412//1 413//1 414//1
f 415//1 128//1 416//1
f 417//1 418//1 419//1
f 419//1 418//1 420//1
f 421//1 422//1 423//1
f 423//1 422//1 424//1
f 425//1 426//1 427//1
f 427//1 426//1 428//1
f 427//1 428//1 424//1
f 425//1 418//1 426//1
f 426//1 418//1 429//1
f 426//1 429//1 430//1
f 424//1 431//1 427//1
f 427//1 431//1 432//1
f 427//1 432//1 425//1
f 425//1 432//1 433//1
f 425//1 433//1 418//1
f 418//1 433//1 434//1
f 418//1 434//1 420//1
f 435//1 413//1 436//1
f 436//1 413//1 412//1
f 436//1 412//1 437//1
f 437//1 412//1 438//1
f 437//1 438//1 439//1
f 421//1 415//1 422//1
f 422//1 415//1 416//1
f 422//1 416//1 424//1
f 424//1 416//1 440//1
f 424//1 440//1 431//1
f 431//1 440//1 441//1
f 431//1 441//1 432//1
f 439//1 442//1 437//1
f 437//1 442//1 443//1
f 437//1 443//1 436//1
f 436//1 443//1 444//1
f 436//1 444//1 435//1
f 430//1 445//1 426//1
f 426//1 445//1 442//1
f 426//1 442//1 428//1
f 428//1 442//1 439//1
f 428//1 439//1 424//1
f 424//1 439//1 438//1
f 424//1 438//1 423//1
f 423//1 438//1 412//1
f 423//1 412//1 421//1
f 421//1 412//1 414//1
f 446//1 447//1 448//1
f 449//1 450//1 451//1
f 451//1 452//1 449//1
f 449//1 452//1 453//1
f 449//1 453//1 454//1
f 455//1 456//1 457//1
f 458//1 459//1 460//1
f 460//1 459//1 461//1
f 454//1 461//1 462//1
f 462//1 461//1 459//1
f 462//1 459//1 463//1
f 463//1 459//1 458//1
f 463//1 458//1 457//1
f 457//1 458//1 464//1
f 457//1 464//1 455//1
f 465//1 466//1 457//1
f 457//1 466//1 467//1
f 457//1 467//1 463//1
f 463//1 467//1 468//1
f 463//1 468//1 462//1
f 462//1 468//1 469//1
f 462//1 469//1 454//1
f 454//1 469//1 470//1
f 454//1 470//1 449//1
f 89//1 447//1 471//1
f 471//1 447//1 446//1
f 471//1 446//1 472//1
f 465//1 457//1 473//1
f 473//1 457//1 456//1
f 473//1 456//1 474//1
f 448//1 414//1 413//1
f 453//1 475//1 454//1
f 454//1 475//1 476//1
f 454//1 476//1 461//1
f 461//1 476//1 477//1
f 461//1 477//1 460//1
f 460//1 477//1 472//1
f 460//1 472//1 458//1
f 458//1 472//1 446//1
f 458//1 446//1 464//1
f 464//1 446//1 448//1
f 464//1 448//1 455//1
f 455//1 448//1 413//1
f 455//1 413//1 456//1
f 456//1 413//1 435//1
f 456//1 435//1 474//1
f 478//1 415//1 421//1
f 479//1 177//1 480//1
f 480//1 177//1 176//1
f 481//1 482//1 483//1
f 483//1 482//1 484//1
f 485//1 486//1 481//1
f 481//1 486//1 487//1
f 481//1 487//1 482//1
f 482//1 487//1 488//1
f 482//1 488//1 484//1
f 484//1 488//1 489//1
f 479//1 130//1 177//1
f 177//1 130//1 489//1
f 177//1 489//1 189//1
f 189//1 489//1 488//1
f 189//1 488//1 191//1
f 128//1 415//1 129//1
f 129//1 415//1 478//1
f 129//1 478//1 172//1
f 485//1 490//1 486//1
f 486//1 490//1 491//1
f 486//1 491//1 195//1
f 195//1 205//1 486//1
f 486//1 205//1 204//1
f 486//1 204//1 487//1
f 487//1 204//1 203//1
f 487//1 203//1 488//1
f 488//1 203//1 192//1
f 488//1 192//1 191//1
f 421//1 414//1 492//1
f 130//1 132//1 489//1
f 489//1 132//1 167//1
f 489//1 167//1 484//1
f 484//1 167//1 168//1
f 484//1 168//1 483//1
f 483//1 168//1 172//1
f 483//1 172//1 481//1
f 481//1 172//1 478//1
f 481//1 478//1 485//1
f 485//1 478//1 421//1
f 485//1 421//1 490//1
f 490//1 421//1 492//1
f 490//1 492//1 491//1
f 491//1 492//1 493//1
f 491//1 493//1 195//1
f 195//1 493//1 193//1
f 494//1 492//1 414//1
f 447//1 89//1 90//1
f 495//1 496//1 497//1
f 497//1 496//1 498//1
f 448//1 499//1 500//1
f 500//1 499//1 501//1
f 502//1 503//1 504//1
f 496//1 505//1 506//1
f 506//1 505//1 507//1
f 506//1 507//1 508//1
f 508//1 507//1 509//1
f 508//1 509//1 501//1
f 501//1 510//1 508//1
f 508//1 510//1 76//1
f 508//1 76//1 506//1
f 506//1 76//1 50//1
f 506//1 50//1 496//1
f 496//1 50//1 52//1
f 496//1 52//1 498//1
f 193//1 493//1 511//1
f 511//1 493//1 512//1
f 493//1 492//1 512//1
f 512//1 492//1 494//1
f 512//1 494//1 502//1
f 502//1 494//1 513//1
f 502//1 513//1 503//1
f 448//1 447//1 499//1
f 499//1 447//1 90//1
f 499//1 90//1 501//1
f 501//1 90//1 91//1
f 501//1 91//1 510//1
f 510//1 91//1 74//1
f 510//1 74//1 76//1
f 504//1 514//1 502//1
f 502//1 514//1 515//1
f 502//1 515//1 512//1
f 512//1 515//1 516//1
f 512//1 516//1 511//1
f 505//1 517//1 507//1
f 507//1 517//1 504//1
f 507//1 504//1 509//1
f 509//1 504//1 503//1
f 509//1 503//1 501//1
f 501//1 503//1 513//1
f 501//1 513//1 500//1
f 500//1 513//1 494//1
f 500//1 494//1 448//1
f 448//1 494//1 414//1
f 518//1 444//1 443//1
f 399//1 390//1 519//1
f 520//1 244//1 243//1
f 418//1 417//1 521//1
f 521//1 417//1 520//1
f 435//1 444//1 522//1
f 522//1 444//1 518//1
f 522//1 518//1 519//1
f 523//1 524//1 525//1
f 525//1 524//1 526//1
f 527//1 528//1 529//1
f 529//1 528//1 530//1
f 521//1 526//1 531//1
f 531//1 526//1 524//1
f 531//1 524//1 530//1
f 530//1 524//1 523//1
f 530//1 523//1 529//1
f 418//1 521//1 429//1
f 429//1 521//1 531//1
f 429//1 531//1 430//1
f 399//1 519//1 527//1
f 527//1 519//1 518//1
f 527//1 518//1 528//1
f 528//1 518//1 443//1
f 528//1 443//1 530//1
f 530//1 443//1 442//1
f 530//1 442//1 531//1
f 531//1 442//1 445//1
f 531//1 445//1 430//1
f 520//1 243//1 521//1
f 521//1 243//1 253//1
f 521//1 253//1 526//1
f 526//1 253//1 246//1
f 526//1 246//1 525//1
f 525//1 246//1 249//1
f 525//1 249//1 523//1
f 523//1 249//1 408//1
f 523//1 408//1 529//1
f 529//1 408//1 410//1
f 529//1 410//1 527//1
f 527//1 410//1 411//1
f 527//1 411//1 399//1
f 389//1 392//1 532//1
f 533//1 522//1 519//1
f 534//1 450//1 449//1
f 28//1 534//1 535//1
f 536//1 31//1 29//1
f 394//1 25//1 537//1
f 537//1 25//1 36//1
f 537//1 36//1 538//1
f 538//1 36//1 33//1
f 539//1 532//1 537//1
f 537//1 532//1 392//1
f 537//1 392//1 394//1
f 33//1 31//1 538//1
f 538//1 31//1 536//1
f 538//1 536//1 537//1
f 537//1 536//1 540//1
f 537//1 540//1 539//1
f 534//1 449//1 535//1
f 535//1 449//1 470//1
f 535//1 470//1 541//1
f 541//1 470//1 469//1
f 541//1 469//1 468//1
f 435//1 522//1 474//1
f 474//1 522//1 533//1
f 474//1 533//1 473//1
f 473//1 533//1 465//1
f 468//1 467//1 542//1
f 542//1 467//1 466//1
f 466//1 465//1 542//1
f 542//1 465//1 533//1
f 542//1 533//1 543//1
f 543//1 533//1 519//1
f 543//1 519//1 390//1
f 390//1 389//1 543//1
f 543//1 389//1 532//1
f 543//1 532//1 542//1
f 542//1 532//1 539//1
f 542//1 539//1 468//1
f 468//1 539//1 540//1
f 468//1 540//1 541//1
f 541//1 540//1 536//1
f 541//1 536//1 535//1
f 535//1 536//1 29//1
f 535//1 29//1 28//1
f 544//1 545//1 546//1
f 547//1 548//1 549//1
f 550//1 127//1 144//1
f 551//1 552//1 553//1
f 554//1 555//1 433//1
f 433//1 555//1 556//1
f 433//1 556//1 434//1
f 557//1 558//1 547//1
f 558//1 559//1 547//1
f 547//1 559//1 560//1
f 547//1 560//1 561//1
f 561//1 562//1 547//1
f 547//1 562//1 563//1
f 547//1 563//1 564//1
f 564//1 565//1 544//1
f 544//1 565//1 545//1
f 545//1 565//1 566//1
f 545//1 566//1 567//1
f 567//1 568//1 545//1
f 545//1 568//1 569//1
f 545//1 569//1 570//1
f 570//1 571//1 545//1
f 545//1 571//1 572//1
f 545//1 572//1 573//1
f 573//1 572//1 155//1
f 573//1 155//1 154//1
f 574//1 575//1 551//1
f 551//1 575//1 576//1
f 551//1 576//1 552//1
f 551//1 577//1 574//1
f 574//1 577//1 578//1
f 574//1 578//1 579//1
f 128//1 127//1 416//1
f 416//1 127//1 550//1
f 416//1 550//1 440//1
f 546//1 580//1 579//1
f 579//1 580//1 581//1
f 581//1 582//1 579//1
f 579//1 582//1 583//1
f 579//1 583//1 574//1
f 574//1 583//1 584//1
f 574//1 584//1 575//1
f 441//1 440//1 549//1
f 549//1 440//1 550//1
f 549//1 550//1 547//1
f 547//1 550//1 144//1
f 547//1 144//1 557//1
f 557//1 144//1 143//1
f 564//1 544//1 547//1
f 547//1 544//1 546//1
f 547//1 546//1 548//1
f 548//1 546//1 579//1
f 548//1 579//1 549//1
f 549//1 579//1 578//1
f 549//1 578//1 441//1
f 441//1 578//1 577//1
f 441//1 577//1 432//1
f 432//1 577//1 551//1
f 432//1 551//1 433//1
f 433//1 551//1 553//1
f 433//1 553//1 554//1
f 585//1 586//1 587//1
f 588//1 589//1 266//1
f 575//1 584//1 590//1
f 590//1 591//1 575//1
f 575//1 591//1 592//1
f 575//1 592//1 576//1
f 576//1 592//1 552//1
f 593//1 594//1 590//1
f 589//1 588//1 595//1
f 593//1 590//1 596//1
f 594//1 597//1 590//1
f 590//1 597//1 598//1
f 590//1 598//1 591//1
f 280//1 599//1 279//1
f 279//1 599//1 600//1
f 588//1 596//1 595//1
f 595//1 596//1 590//1
f 595//1 590//1 601//1
f 601//1 590//1 584//1
f 601//1 584//1 602//1
f 602//1 584//1 583//1
f 602//1 583//1 582//1
f 267//1 266//1 603//1
f 603//1 266//1 589//1
f 603//1 589//1 604//1
f 604//1 589//1 595//1
f 604//1 595//1 605//1
f 605//1 595//1 601//1
f 605//1 601//1 587//1
f 587//1 601//1 602//1
f 587//1 602//1 585//1
f 585//1 602//1 582//1
f 585//1 582//1 581//1
f 586//1 606//1 587//1
f 587//1 606//1 607//1
f 587//1 607//1 605//1
f 605//1 607//1 608//1
f 605//1 608//1 604//1
f 604//1 608//1 600//1
f 604//1 600//1 603//1
f 603//1 600//1 599//1
f 603//1 599//1 267//1
f 267//1 599//1 280//1
f 606//1 609//1 607//1
f 607//1 609//1 610//1
f 607//1 610//1 608//1
f 608//1 610//1 611//1
f 608//1 611//1 600//1
f 600//1 611//1 612//1
f 600//1 612//1 279//1
f 279//1 612//1 613//1
f 279//1 613//1 278//1
f 614//1 615//1 616//1
f 617//1 618//1 619//1
f 620//1 621//1 622//1
f 12//1 623//1 624//1
f 625//1 626//1 619//1
f 627//1 628//1 629//1
f 629//1 628//1 630//1
f 629//1 630//1 631//1
f 626//1 624//1 619//1
f 619//1 624//1 623//1
f 619//1 623//1 617//1
f 617//1 623//1 12//1
f 617//1 12//1 14//1
f 620//1 627//1 621//1
f 621//1 627//1 629//1
f 621//1 629//1 632//1
f 631//1 625//1 629//1
f 629//1 625//1 619//1
f 629//1 619//1 633//1
f 633//1 619//1 618//1
f 633//1 618//1 634//1
f 632//1 629//1 635//1
f 635//1 629//1 633//1
f 635//1 633//1 636//1
f 636//1 633//1 634//1
f 636//1 634//1 637//1
f 16//1 18//1 638//1
f 638//1 18//1 639//1
f 638//1 639//1 614//1
f 614//1 639//1 640//1
f 614//1 640//1 615//1
f 641//1 635//1 642//1
f 642//1 635//1 636//1
f 642//1 636//1 643//1
f 643//1 636//1 637//1
f 643//1 637//1 644//1
f 644//1 637//1 645//1
f 14//1 16//1 617//1
f 617//1 16//1 638//1
f 617//1 638//1 618//1
f 618//1 638//1 614//1
f 618//1 614//1 634//1
f 634//1 614//1 616//1
f 634//1 616//1 637//1
f 637//1 616//1 646//1
f 637//1 646//1 645//1
f 647//1 82//1 42//1
f 648//1 649//1 650//1
f 650//1 649//1 651//1
f 650//1 651//1 652//1
f 652//42 653//42 650//42
f 650//1 653//1 654//1
f 650//1 654//1 655//1
f 647//1 42//1 656//1
f 58//1 57//1 657//1
f 657//1 57//1 658//1
f 657//1 658//1 659//1
f 659//1 658//1 660//1
f 660//1 661//1 659//1
f 659//1 661//1 662//1
f 659//1 662//1 663//1
f 475//1 453//1 664//1
f 664//1 665//1 475//1
f 475//1 665//1 666//1
f 475//1 666//1 667//1
f 667//1 666//1 668//1
f 89//1 471//1 41//1
f 41//1 471//1 669//1
f 41//1 669//1 42//1
f 42//1 669//1 650//1
f 42//1 650//1 656//1
f 656//1 650//1 655//1
f 632//1 670//1 621//1
f 621//1 670//1 667//1
f 621//1 667//1 622//1
f 622//1 667//1 668//1
f 476//1 671//1 477//1
f 477//1 671//1 672//1
f 477//1 672//1 472//1
f 671//1 673//1 672//1
f 672//1 673//1 674//1
f 672//1 674//1 675//1
f 675//1 674//1 676//1
f 675//1 676//1 677//1
f 471//1 472//1 669//1
f 669//1 472//1 672//1
f 669//1 672//1 650//1
f 650//1 672//1 675//1
f 650//1 675//1 648//1
f 648//1 675//1 677//1
f 648//1 677//1 678//1
f 678//1 677//1 659//1
f 678//1 659//1 679//1
f 679//1 659//1 663//1
f 641//1 676//1 635//1
f 635//1 676//1 674//1
f 635//1 674//1 632//1
f 632//1 674//1 673//1
f 632//1 673//1 670//1
f 670//1 673//1 671//1
f 670//1 671//1 667//1
f 667//1 671//1 476//1
f 667//1 476//1 475//1
f 680//1 681//1 682//1
f 683//1 684//1 685//1
f 680//1 682//1 686//1
f 215//1 687//1 217//1
f 217//1 687//1 688//1
f 217//1 688//1 219//1
f 219//1 688//1 689//1
f 219//1 689//1 211//1
f 211//1 689//1 690//1
f 691//1 692//1 693//1
f 693//1 692//1 694//1
f 693//1 694//1 685//1
f 685//1 694//1 686//1
f 685//1 686//1 683//1
f 683//1 686//1 682//1
f 691//1 695//1 692//1
f 692//1 695//1 696//1
f 692//1 696//1 690//1
f 690//1 696//1 213//1
f 690//1 213//1 211//1
f 697//1 698//1 699//1
f 697//1 699//1 700//1
f 116//1 111//1 701//1
f 701//1 111//1 702//1
f 703//1 704//1 705//1
f 705//1 704//1 706//1
f 707//1 708//1 706//1
f 706//1 708//1 709//1
f 706//1 709//1 705//1
f 710//1 711//1 700//1
f 702//1 111//1 712//1
f 712//1 111//1 110//1
f 712//1 110//1 707//1
f 707//1 110//1 108//1
f 707//1 108//1 708//1
f 703//1 710//1 704//1
f 704//1 710//1 700//1
f 704//1 700//1 713//1
f 713//1 700//1 699//1
f 714//1 715//1 182//1
f 179//1 178//1 716//1
f 716//1 178//1 183//1
f 716//1 183//1 717//1
f 717//1 183//1 182//1
f 717//1 182//1 718//1
f 718//1 182//1 715//1
f 182//1 187//1 714//1
f 714//1 187//1 186//1
f 714//1 186//1 719//1
f 719//1 186//1 720//1
f 719//1 720//1 721//1
f 721//1 720//1 722//1
f 721//1 722//1 723//1
f 681//1 723//1 682//1
f 682//1 723//1 722//1
f 682//1 722//1 683//1
f 683//1 722//1 724//1
f 683//1 724//1 725//1
f 725//1 726//1 683//1
f 683//1 726//1 727//1
f 683//1 727//1 684//1
f 728//1 729//1 730//1
f 730//1 729//1 731//1
f 730//1 731//1 732//1
f 733//1 734//1 735//1
f 735//1 734//1 736//1
f 730//1 737//1 728//1
f 728//1 737//1 738//1
f 728//1 738//1 739//1
f 739//1 738//1 740//1
f 739//1 740//1 741//1
f 741//1 740//1 742//1
f 741//1 742//1 733//1
f 733//1 742//1 743//1
f 733//1 743//1 734//1
f 736//1 698//1 735//1
f 735//1 698//1 697//1
f 735//1 697//1 700//1
f 711//1 744//1 700//1
f 700//1 744//1 745//1
f 700//1 745//1 735//1
f 746//1 747//1 748//1
f 749//1 750//1 747//1
f 739//1 741//1 751//1
f 496//1 495//1 752//1
f 752//1 495//1 753//1
f 193//1 511//1 194//1
f 194//1 511//1 754//1
f 747//1 750//1 748//1
f 748//1 750//1 755//1
f 748//1 755//1 756//1
f 756//1 755//1 757//1
f 756//1 757//1 754//1
f 754//1 757//1 202//1
f 754//1 202//1 194//1
f 749//1 747//1 758//1
f 758//1 747//1 746//1
f 758//1 746//1 752//1
f 752//1 746//1 505//1
f 752//1 505//1 496//1
f 511//1 516//1 754//1
f 754//1 516//1 515//1
f 754//1 515//1 756//1
f 756//1 515//1 514//1
f 756//1 514//1 748//1
f 748//1 514//1 504//1
f 748//1 504//1 746//1
f 746//1 504//1 517//1
f 746//1 517//1 505//1
f 209//1 202//1 759//1
f 759//1 202//1 757//1
f 759//1 757//1 760//1
f 760//1 757//1 755//1
f 760//1 755//1 751//1
f 751//1 755//1 750//1
f 751//1 750//1 739//1
f 739//1 750//1 749//1
f 739//1 749//1 728//1
f 728//1 749//1 758//1
f 728//1 758//1 729//1
f 729//1 758//1 752//1
f 729//1 752//1 731//1
f 731//1 752//1 753//1
f 731//1 753//1 732//1
f 295//43 209//43 759//43
f 295//44 759//44 338//44
f 338//45 759//45 760//45
f 338//46 760//46 751//46
f 751//47 741//47 338//47
f 338//48 741//48 733//48
f 338//49 733//49 339//49
f 339//50 733//50 735//50
f 339//51 735//51 341//51
f 299//52 724//52 722//52
f 299//53 722//53 300//53
f 300//54 722//54 720//54
f 300//55 720//55 301//55
f 720//56 186//56 301//56
f 301//57 186//57 185//57
f 301//58 185//58 294//58
f 294//59 185//59 206//59
f 294//60 206//60 207//60
f 207//61 208//61 294//61
f 294//62 208//62 209//62
f 294//63 209//63 295//63
f 705//64 366//64 703//64
f 703//65 366//65 365//65
f 703//66 365//66 710//66
f 710//67 365//67 364//67
f 710//68 364//68 711//68
f 711//69 364//69 343//69
f 341//70 735//70 342//70
f 342//71 735//71 745//71
f 342//72 745//72 343//72
f 343//73 745//73 744//73
f 343//74 744//74 711//74
f 724//75 299//75 725//75
f 725//76 299//76 292//76
f 725//77 292//77 726//77
f 726//78 292//78 291//78
f 726//79 291//79 727//79
f 727//80 291//80 348//80
f 727//81 348//81 684//81
f 684//82 348//82 347//82
f 344//83 691//83 345//83
f 345//84 691//84 693//84
f 345//85 693//85 347//85
f 347//86 693//86 685//86
f 347//87 685//87 684//87
f 94//88 333//88 123//88
f 123//89 333//89 331//89
f 123//90 331//90 112//90
f 112//91 331//91 337//91
f 368//92 108//92 336//92
f 336//93 108//93 107//93
f 336//94 107//94 337//94
f 337//95 107//95 113//95
f 337//96 113//96 112//96
f 366//97 705//97 367//97
f 367//98 705//98 709//98
f 367//99 709//99 368//99
f 368//100 709//100 708//100
f 368//101 708//101 108//101
f 350//102 360//102 239//102
f 691//103 344//103 695//103
f 695//104 344//104 370//104
f 695//105 370//105 696//105
f 696//106 370//106 369//106
f 696//107 369//107 213//107
f 213//108 369//108 352//108
f 351//109 210//109 352//109
f 352//110 210//110 212//110
f 352//111 212//111 213//111
f 239//112 242//112 350//112
f 350//113 242//113 241//113
f 350//114 241//114 351//114
f 351//115 241//115 240//115
f 351//116 240//116 210//116
f 94//117 93//117 333//117
f 333//118 93//118 361//118
f 84//119 362//119 120//119
f 120//120 362//120 361//120
f 120//121 361//121 95//121
f 95//122 361//122 93//122
f 84//123 83//123 362//123
f 362//124 83//124 71//124
f 362//125 71//125 363//125
f 363//126 71//126 55//126
f 363//127 55//127 58//127
f 239//128 360//128 237//128
f 237//129 360//129 359//129
f 151//130 174//130 376//130
f 376//131 174//131 231//131
f 376//132 231//132 359//132
f 359//133 231//133 230//133
f 359//134 230//134 237//134
f 375//135 154//135 147//135
f 375//136 147//136 376//136
f 376//137 147//137 149//137
f 376//138 149//138 151//138
f 657//139 320//139 58//139
f 58//140 320//140 363//140
f 657//141 659//141 320//141
f 320//142 659//142 677//142
f 320//143 677//143 317//143
f 317//144 677//144 676//144
f 317//145 676//145 641//145
f 645//146 305//146 644//146
f 644//147 305//147 304//147
f 644//148 304//148 643//148
f 643//149 304//149 317//149
f 643//150 317//150 642//150
f 642//151 317//151 641//151
f 321//152 323//152 609//152
f 154//153 375//153 573//153
f 573//154 375//154 374//154
f 573//155 374//155 545//155
f 545//156 374//156 546//156
f 546//157 374//157 580//157
f 580//158 374//158 313//158
f 580//159 313//159 581//159
f 609//160 606//160 321//160
f 321//161 606//161 586//161
f 321//162 586//162 313//162
f 313//163 586//163 585//163
f 313//164 585//164 581//164
f 307//165 305//165 645//165
f 8//166 373//166 21//166
f 21//167 373//167 372//167
f 21//168 372//168 20//168
f 20//169 372//169 371//169
f 20//170 371//170 18//170
f 18//171 371//171 355//171
f 356//172 640//172 355//172
f 355//173 640//173 639//173
f 355//174 639//174 18//174
f 645//175 646//175 307//175
f 307//176 646//176 616//176
f 307//177 616//177 356//177
f 356//178 616//178 615//178
f 356//179 615//179 640//179
f 609//180 323//180 610//180
f 610//181 323//181 325//181
f 610//182 325//182 611//182
f 611//183 325//183 326//183
f 611//184 326//184 612//184
f 612//185 326//185 382//185
f 379//186 278//186 382//186
f 382//187 278//187 613//187
f 382//188 613//188 612//188
f 377//189 271//189 378//189
f 378//190 271//190 276//190
f 378//191 276//191 379//191
f 379//192 276//192 275//192
f 379//193 275//193 278//193
f 37//194 306//194 38//194
f 38//195 306//195 308//195
f 38//196 308//196 39//196
f 39//197 308//197 309//197
f 39//198 309//198 40//198
f 40//199 309//199 357//199
f 40//200 357//200 5//200
f 5//201 357//201 354//201
f 373//202 8//202 353//202
f 353//203 8//203 10//203
f 353//204 10//204 354//204
f 354//205 10//205 6//205
f 354//206 6//206 5//206
f 271//207 377//207 269//207
f 269//208 377//208 384//208
f 269//209 384//209 273//209
f 273//210 384//210 383//210
f 273//211 383//211 262//211
f 262//212 383//212 381//212
f 324//213 261//213 380//213
f 380//214 261//214 264//214
f 380//215 264//215 381//215
f 381//216 264//216 263//216
f 381//217 263//217 262//217
f 761//2 762//2 763//2
f 763//2 762//2 764//2
f 763//2 764//2 765//2
f 766//218 767//218 768//218
f 768//218 767//218 769//218
f 768//218 769//218 762//218
f 762//218 769//218 311//218
f 762//218 311//218 764//218
f 764//218 311//218 286//218
f 770//218 771//218 772//218
f 772//218 771//218 764//218
f 772//218 764//218 773//218
f 773//218 764//218 286//218
f 774//219 773//219 284//219
f 284//219 773//219 286//219
f 288//220 311//220 775//220
f 775//220 311//220 769//220
f 775//221 769//221 776//221
f 776//222 769//222 767//222
f 776//223 767//223 777//223
f 777//224 767//224 778//224
f 778//225 767//225 766//225
f 778//226 766//226 779//226
f 768//227 762//227 761//227
f 761//228 780//228 768//228
f 768//229 780//229 781//229
f 768//230 781//230 766//230
f 766//231 781//231 782//231
f 766//232 782//232 779//232
f 765//233 764//233 783//233
f 783//234 764//234 771//234
f 783//235 771//235 784//235
f 784//236 771//236 785//236
f 785//237 771//237 770//237
f 785//238 770//238 786//238
f 772//239 773//239 774//239
f 774//240 787//240 772//240
f 772//241 787//241 788//241
f 772//242 788//242 770//242
f 770//243 788//243 789//243
f 770//244 789//244 786//244
f 385//245 774//245 283//245
f 283//246 774//246 284//246
f 393//247 765//247 395//247
f 395//248 765//248 783//248
f 395//249 783//249 396//249
f 396//250 783//250 784//250
f 396//251 784//251 388//251
f 388//252 784//252 785//252
f 388//253 785//253 386//253
f 386//254 785//254 786//254
f 386//255 786//255 387//255
f 387//256 786//256 789//256
f 387//257 789//257 397//257
f 397//258 789//258 788//258
f 397//259 788//259 398//259
f 398//260 788//260 787//260
f 398//261 787//261 385//261
f 385//262 787//262 774//262
f 763//263 765//263 391//263
f 391//264 765//264 393//264
f 761//265 763//265 400//265
f 400//266 763//266 391//266
f 401//267 775//267 402//267
f 402//268 775//268 776//268
f 402//269 776//269 403//269
f 403//270 776//270 777//270
f 403//271 777//271 404//271
f 404//272 777//272 778//272
f 404//273 778//273 405//273
f 405//274 778//274 779//274
f 405//275 779//275 406//275
f 406//276 779//276 782//276
f 406//277 782//277 407//277
f 407//278 782//278 781//278
f 407//279 781//279 409//279
f 409//280 781//280 780//280
f 409//281 780//281 400//281
f 400//282 780//282 761//282
f 775//283 401//283 288//283
f 288//284 401//284 289//284
f 790//285 319//285 318//285
f 790//285 318//285 791//285
f 791//286 318//286 316//286
f 791//286 316//286 792//286
f 792//287 316//287 303//287
f 792//287 303//287 793//287
f 793//288 303//288 302//288
f 793//288 302//288 794//288
f 794//289 302//289 329//289
f 794//289 329//289 795//289
f 796//218 795//218 328//218
f 328//218 795//218 329//218
f 796//290 328//290 327//290
f 796//290 327//290 797//290
f 797//291 327//291 310//291
f 797//291 310//291 798//291
f 798//292 310//292 312//292
f 798//292 312//292 799//292
f 799//293 312//293 314//293
f 799//293 314//293 800//293
f 800//294 314//294 315//294
f 800//294 315//294 801//294
f 802//219 801//219 358//219
f 358//219 801//219 315//219
f 802//295 358//295 349//295
f 802//295 349//295 803//295
f 803//296 349//296 346//296
f 803//296 346//296 804//296
f 804//297 346//297 293//297
f 804//297 293//297 805//297
f 805//298 293//298 297//298
f 805//298 297//298 806//298
f 806//299 297//299 296//299
f 806//299 296//299 807//299
f 808//300 807//300 298//300
f 298//300 807//300 296//300
f 808//301 298//301 340//301
f 808//301 340//301 809//301
f 809//302 340//302 335//302
f 809//302 335//302 810//302
f 810//303 335//303 330//303
f 810//303 330//303 811//303
f 811//304 330//304 332//304
f 811//304 332//304 812//304
f 812//305 332//305 334//305
f 812//305 334//305 813//305
f 790//220 813//220 319//220
f 319//220 813//220 334//220
f 814//306 815//306 816//306
f 817//307 818//307 819//307
f 819//308 818//308 820//308
f 819//309 820//309 821//309
f 821//310 820//310 822//310
f 821//311 822//311 823//311
f 823//312 822//312 814//312
f 823//313 814//313 824//313
f 824//314 814//314 816//314
f 825//315 826//315 827//315
f 827//316 826//316 828//316
f 827//317 828//317 829//317
f 829//318 828//318 830//318
f 831//319 832//319 833//319
f 833//320 832//320 834//320
f 833//321 834//321 825//321
f 825//322 834//322 835//322
f 825//323 835//323 826//323
f 816//324 815//324 836//324
f 836//325 815//325 837//325
f 836//326 837//326 838//326
f 838//327 837//327 839//327
f 838//328 839//328 840//328
f 840//329 839//329 841//329
f 840//330 841//330 842//330
f 842//330 841//330 843//330
f 844//331 845//331 846//331
f 847//332 848//332 849//332
f 849//333 848//333 844//333
f 849//334 844//334 850//334
f 850//335 844//335 846//335
f 818//336 817//336 851//336
f 851//337 817//337 852//337
f 851//338 852//338 845//338
f 845//339 852//339 853//339
f 845//340 853//340 846//340
f 854//341 855//341 856//341
f 856//342 855//342 857//342
f 856//343 857//343 858//343
f 858//344 857//344 859//344
f 858//345 859//345 860//345
f 860//346 859//346 861//346
f 860//347 861//347 831//347
f 831//348 861//348 832//348
f 842//349 843//349 862//349
f 842//350 862//350 863//350
f 863//351 862//351 864//351
f 863//352 864//352 865//352
f 865//353 864//353 829//353
f 865//354 829//354 830//354
f 866//355 867//355 868//355
f 868//356 867//356 869//356
f 848//357 847//357 870//357
f 870//358 847//358 871//358
f 870//359 871//359 866//359
f 866//360 871//360 872//360
f 866//361 872//361 867//361
f 873//362 874//362 875//362
f 855//363 854//363 876//363
f 876//364 854//364 877//364
f 876//365 877//365 878//365
f 878//366 877//366 873//366
f 878//367 873//367 879//367
f 879//368 873//368 875//368
f 868//369 869//369 880//369
f 880//370 869//370 881//370
f 880//371 881//371 882//371
f 882//372 881//372 883//372
f 882//373 883//373 884//373
f 884//374 883//374 885//374
f 875//375 874//375 886//375
f 886//376 874//376 887//376
f 886//377 887//377 888//377
f 888//378 887//378 889//378
f 888//379 889//379 890//379
f 890//380 889//380 891//380
f 892//381 884//381 885//381
f 893//382 894//382 895//382
f 895//383 894//383 896//383
f 895//384 896//384 897//384
f 897//385 896//385 898//385
f 897//386 898//386 899//386
f 899//387 898//387 900//387
f 899//388 900//388 901//388
f 901//389 900//389 892//389
f 901//390 892//390 902//390
f 902//391 892//391 885//391
f 903//392 904//392 905//392
f 890//393 891//393 906//393
f 906//394 891//394 903//394
f 906//395 903//395 907//395
f 907//396 903//396 905//396
f 908//397 909//397 910//397
f 910//398 909//398 911//398
f 910//399 911//399 904//399
f 904//400 911//400 912//400
f 904//401 912//401 905//401
f 894//402 893//402 913//402
f 913//403 893//403 914//403
f 913//404 914//404 915//404
f 915//405 914//405 916//405
f 915//406 916//406 917//406
f 917//407 916//407 918//407
f 917//408 918//408 919//408
f 919//409 918//409 920//409
f 921//410 922//410 923//410
f 909//411 908//411 924//411
f 924//412 908//412 925//412
f 924//413 925//413 926//413
f 926//414 925//414 927//414
f 926//415 927//415 928//415
f 928//416 927//416 921//416
f 928//417 921//417 929//417
f 929//418 921//418 923//418
f 919//419 920//419 930//419
f 919//420 930//420 931//420
f 931//421 930//421 932//421
f 931//422 932//422 933//422
f 933//423 932//423 934//423
f 933//424 934//424 935//424
f 935//425 934//425 936//425
f 935//426 936//426 937//426
f 937//427 936//427 938//427
f 937//428 938//428 939//428
f 939//429 938//429 940//429
f 939//430 940//430 941//430
f 941//431 940//431 923//431
f 941//432 923//432 922//432
f 942//433 943//433 944//433
f 945//434 946//434 947//434
f 945//435 947//435 948//435
f 948//436 947//436 949//436
f 948//437 949//437 950//437
f 944//438 950//438 942//438
f 942//439 950//439 949//439
f 942//440 949//440 951//440
f 951//441 949//441 947//441
f 951//442 947//442 952//442
f 952//443 947//443 946//443
f 952//444 946//444 953//444
f 815//445 945//445 837//445
f 837//446 945//446 948//446
f 837//447 948//447 839//447
f 839//448 948//448 950//448
f 839//449 950//449 841//449
f 841//450 950//450 944//450
f 841//451 944//451 843//451
f 954//452 955//452 956//452
f 957//453 954//453 958//453
f 957//454 958//454 959//454
f 959//455 958//455 960//455
f 959//456 960//456 961//456
f 961//457 960//457 864//457
f 961//458 864//458 862//458
f 954//459 956//459 958//459
f 958//460 956//460 962//460
f 958//461 962//461 960//461
f 960//462 962//462 829//462
f 960//463 829//463 864//463
f 862//464 843//464 961//464
f 961//465 843//465 944//465
f 961//466 944//466 959//466
f 959//467 944//467 943//467
f 959//468 943//468 957//468
f 963//469 946//469 945//469
f 820//470 964//470 822//470
f 822//471 964//471 965//471
f 822//472 965//472 814//472
f 814//473 965//473 966//473
f 814//474 966//474 815//474
f 967//475 964//475 968//475
f 968//476 964//476 820//476
f 968//477 820//477 818//477
f 967//478 969//478 964//478
f 964//479 969//479 970//479
f 964//480 970//480 965//480
f 965//481 970//481 963//481
f 965//482 963//482 966//482
f 966//483 963//483 945//483
f 966//484 945//484 815//484
f 953//485 946//485 971//485
f 971//486 946//486 963//486
f 971//487 963//487 972//487
f 972//488 963//488 970//488
f 972//489 970//489 973//489
f 973//490 970//490 969//490
f 973//491 969//491 974//491
f 974//492 969//492 967//492
f 975//493 976//493 977//493
f 977//494 976//494 978//494
f 952//495 953//495 979//495
f 979//496 953//496 980//496
f 951//497 952//497 981//497
f 981//498 952//498 979//498
f 981//499 979//499 982//499
f 982//500 979//500 980//500
f 982//501 980//501 983//501
f 984//502 985//502 986//502
f 986//503 985//503 987//503
f 986//504 987//504 988//504
f 977//505 984//505 975//505
f 975//506 984//506 986//506
f 975//507 986//507 989//507
f 989//508 986//508 988//508
f 989//509 988//509 990//509
f 942//510 951//510 990//510
f 990//511 951//511 981//511
f 990//512 981//512 989//512
f 989//513 981//513 982//513
f 989//514 982//514 975//514
f 975//515 982//515 983//515
f 975//516 983//516 976//516
f 943//517 942//517 991//517
f 991//518 942//518 990//518
f 991//519 990//519 992//519
f 992//520 990//520 988//520
f 992//521 988//521 993//521
f 993//522 988//522 987//522
f 993//523 987//523 994//523
f 994//524 987//524 985//524
f 995//525 996//525 997//525
f 997//526 996//526 998//526
f 997//527 998//527 999//527
f 999//528 998//528 1000//528
f 957//529 943//529 1001//529
f 1001//530 943//530 991//530
f 1001//531 991//531 992//531
f 1002//532 995//532 1003//532
f 1003//533 995//533 997//533
f 1003//534 997//534 1004//534
f 1004//535 997//535 999//535
f 1005//536 1004//536 1006//536
f 1006//537 1004//537 999//537
f 1006//538 999//538 1007//538
f 1007//539 999//539 1000//539
f 1007//540 1000//540 1008//540
f 1008//541 1000//541 998//541
f 1008//542 998//542 1009//542
f 1009//543 998//543 996//543
f 1009//544 996//544 1010//544
f 994//545 1005//545 993//545
f 993//546 1005//546 1006//546
f 993//547 1006//547 992//547
f 992//548 1006//548 1007//548
f 992//549 1007//549 1001//549
f 1001//550 1007//550 1008//550
f 1001//551 1008//551 957//551
f 957//552 1008//552 1009//552
f 957//553 1009//553 954//553
f 954//554 1009//554 1010//554
f 954//555 1010//555 955//555
f 1011//556 1012//556 1013//556
f 827//557 1014//557 825//557
f 825//558 1014//558 1015//558
f 825//559 1015//559 833//559
f 833//560 1015//560 1016//560
f 833//561 1016//561 831//561
f 956//562 1014//562 962//562
f 962//563 1014//563 827//563
f 962//564 827//564 829//564
f 956//565 1017//565 1014//565
f 1014//566 1017//566 1018//566
f 1014//567 1018//567 1015//567
f 1015//568 1018//568 1011//568
f 1015//569 1011//569 1016//569
f 1016//570 1011//570 1013//570
f 1016//571 1013//571 831//571
f 1019//572 1012//572 1020//572
f 1020//573 1012//573 1011//573
f 1020//574 1011//574 1021//574
f 1021//575 1011//575 1018//575
f 1021//576 1018//576 1022//576
f 1022//577 1018//577 1017//577
f 1022//578 1017//578 955//578
f 955//579 1017//579 956//579
f 1023//580 967//580 968//580
f 844//581 1024//581 845//581
f 845//582 1024//582 1025//582
f 845//583 1025//583 851//583
f 851//584 1025//584 1026//584
f 851//585 1026//585 818//585
f 1027//586 1024//586 1028//586
f 1028//587 1024//587 844//587
f 1028//588 844//588 848//588
f 1027//589 1029//589 1024//589
f 1024//590 1029//590 1030//590
f 1024//591 1030//591 1025//591
f 1025//592 1030//592 1023//592
f 1025//593 1023//593 1026//593
f 1026//594 1023//594 968//594
f 1026//595 968//595 818//595
f 974//596 967//596 1031//596
f 1031//597 967//597 1023//597
f 1031//598 1023//598 1032//598
f 1032//599 1023//599 1030//599
f 1032//600 1030//600 1033//600
f 1033//601 1030//601 1029//601
f 1033//602 1029//602 1034//602
f 1034//603 1029//603 1027//603
f 1035//604 1036//604 976//604
f 976//605 1036//605 978//605
f 1037//606 1038//606 1039//606
f 1039//607 1038//607 1040//607
f 1041//608 1037//608 1042//608
f 1042//609 1037//609 1039//609
f 1042//610 1039//610 1043//610
f 1043//611 1039//611 1040//611
f 1043//612 1040//612 1044//612
f 983//613 980//613 1045//613
f 1045//614 980//614 1046//614
f 1045//615 1046//615 1047//615
f 976//616 983//616 1035//616
f 1035//617 983//617 1045//617
f 1035//618 1045//618 1048//618
f 1048//619 1045//619 1047//619
f 1048//620 1047//620 1049//620
f 1050//621 1041//621 1049//621
f 1049//622 1041//622 1042//622
f 1049//623 1042//623 1048//623
f 1048//624 1042//624 1043//624
f 1048//625 1043//625 1035//625
f 1035//626 1043//626 1044//626
f 1035//627 1044//627 1036//627
f 974//628 1050//628 973//628
f 973//629 1050//629 1049//629
f 973//630 1049//630 972//630
f 972//631 1049//631 1047//631
f 972//632 1047//632 971//632
f 971//633 1047//633 1046//633
f 971//634 1046//634 953//634
f 953//635 1046//635 980//635
f 1051//636 1052//636 1053//636
f 977//637 1054//637 984//637
f 984//638 1054//638 1055//638
f 984//639 1055//639 985//639
f 985//640 1055//640 1056//640
f 985//641 1056//641 994//641
f 1057//642 1054//642 1058//642
f 1058//643 1054//643 977//643
f 1058//644 977//644 978//644
f 1057//645 1059//645 1054//645
f 1054//646 1059//646 1060//646
f 1054//647 1060//647 1055//647
f 1055//648 1060//648 1051//648
f 1055//649 1051//649 1056//649
f 1056//650 1051//650 1053//650
f 1056//651 1053//651 994//651
f 1061//652 1052//652 1062//652
f 1062//653 1052//653 1051//653
f 1062//654 1051//654 1063//654
f 1063//655 1051//655 1060//655
f 1063//656 1060//656 1064//656
f 1064//657 1060//657 1059//657
f 1064//658 1059//658 1065//658
f 1065//659 1059//659 1057//659
f 1066//660 1067//660 1068//660
f 1005//661 1069//661 1004//661
f 1004//662 1069//662 1070//662
f 1004//663 1070//663 1003//663
f 1003//664 1070//664 1071//664
f 1003//665 1071//665 1002//665
f 1052//666 1069//666 1053//666
f 1053//667 1069//667 1005//667
f 1053//668 1005//668 994//668
f 1052//669 1072//669 1069//669
f 1069//670 1072//670 1073//670
f 1069//671 1073//671 1070//671
f 1070//672 1073//672 1066//672
f 1070//673 1066//673 1071//673
f 1071//674 1066//674 1068//674
f 1071//675 1068//675 1002//675
f 1074//676 1067//676 1075//676
f 1075//677 1067//677 1066//677
f 1075//678 1066//678 1076//678
f 1076//679 1066//679 1073//679
f 1076//680 1073//680 1077//680
f 1077//681 1073//681 1072//681
f 1077//682 1072//682 1061//682
f 1061//683 1072//683 1052//683
f 1078//684 1022//684 1010//684
f 1010//685 1022//685 955//685
f 1079//686 1019//686 1080//686
f 1080//687 1019//687 1020//687
f 1081//688 1079//688 1082//688
f 1082//689 1079//689 1080//689
f 1082//690 1080//690 1083//690
f 1083//691 1080//691 1020//691
f 1083//692 1020//692 1021//692
f 996//693 995//693 1084//693
f 1084//694 995//694 1085//694
f 1084//695 1085//695 1086//695
f 1010//696 996//696 1078//696
f 1078//697 996//697 1084//697
f 1078//698 1084//698 1087//698
f 1087//699 1084//699 1086//699
f 1087//700 1086//700 1088//700
f 1089//701 1081//701 1088//701
f 1088//702 1081//702 1082//702
f 1088//703 1082//703 1087//703
f 1087//704 1082//704 1083//704
f 1087//705 1083//705 1078//705
f 1078//706 1083//706 1021//706
f 1078//707 1021//707 1022//707
f 1090//708 1089//708 1091//708
f 1091//709 1089//709 1088//709
f 1091//710 1088//710 1092//710
f 1092//711 1088//711 1086//711
f 1092//712 1086//712 1093//712
f 1093//713 1086//713 1085//713
f 1093//714 1085//714 1002//714
f 1002//715 1085//715 995//715
f 1094//716 1095//716 1096//716
f 860//717 1097//717 858//717
f 858//718 1097//718 1098//718
f 858//719 1098//719 856//719
f 856//720 1098//720 1099//720
f 856//721 1099//721 854//721
f 1012//722 1097//722 1013//722
f 1013//723 1097//723 860//723
f 1013//724 860//724 831//724
f 1012//725 1100//725 1097//725
f 1097//726 1100//726 1101//726
f 1097//727 1101//727 1098//727
f 1098//728 1101//728 1094//728
f 1098//729 1094//729 1099//729
f 1099//730 1094//730 1096//730
f 1099//731 1096//731 854//731
f 1102//732 1095//732 1103//732
f 1103//733 1095//733 1094//733
f 1103//734 1094//734 1104//734
f 1104//735 1094//735 1101//735
f 1104//736 1101//736 1105//736
f 1105//737 1101//737 1100//737
f 1105//738 1100//738 1019//738
f 1019//739 1100//739 1012//739
f 1106//740 866//740 1107//740
f 1107//741 866//741 868//741
f 1028//742 848//742 1108//742
f 1108//743 848//743 870//743
f 1107//744 1109//744 1106//744
f 1106//745 1109//745 1110//745
f 1106//746 1110//746 1111//746
f 1027//747 1028//747 1111//747
f 1111//748 1028//748 1108//748
f 1111//749 1108//749 1106//749
f 1106//750 1108//750 870//750
f 1106//751 870//751 866//751
f 1034//752 1027//752 1112//752
f 1112//753 1027//753 1111//753
f 1112//754 1111//754 1113//754
f 1113//755 1111//755 1110//755
f 1113//756 1110//756 1114//756
f 1114//757 1110//757 1109//757
f 1115//758 1116//758 1037//758
f 1037//759 1116//759 1038//759
f 1117//760 1118//760 1119//760
f 1119//761 1118//761 1120//761
f 1121//762 1117//762 1122//762
f 1122//763 1117//763 1119//763
f 1122//764 1119//764 1123//764
f 1123//765 1119//765 1120//765
f 1123//766 1120//766 1124//766
f 1041//767 1050//767 1125//767
f 1125//768 1050//768 1126//768
f 1125//769 1126//769 1127//769
f 1037//770 1041//770 1115//770
f 1115//771 1041//771 1125//771
f 1115//772 1125//772 1128//772
f 1128//773 1125//773 1127//773
f 1128//774 1127//774 1129//774
f 1130//775 1121//775 1129//775
f 1129//776 1121//776 1122//776
f 1129//777 1122//777 1128//777
f 1128//778 1122//778 1123//778
f 1128//779 1123//779 1115//779
f 1115//780 1123//780 1124//780
f 1115//781 1124//781 1116//781
f 1034//782 1130//782 1033//782
f 1033//783 1130//783 1129//783
f 1033//784 1129//784 1032//784
f 1032//785 1129//785 1127//785
f 1032//786 1127//786 1031//786
f 1031//787 1127//787 1126//787
f 1031//788 1126//788 974//788
f 974//789 1126//789 1050//789
f 1131//790 1057//790 1058//790
f 1040//791 1132//791 1044//791
f 1044//792 1132//792 1133//792
f 1044//793 1133//793 1036//793
f 1036//794 1133//794 1134//794
f 1036//795 1134//795 978//795
f 1135//796 1132//796 1136//796
f 1136//797 1132//797 1040//797
f 1136//798 1040//798 1038//798
f 1135//799 1137//799 1132//799
f 1132//800 1137//800 1138//800
f 1132//801 1138//801 1133//801
f 1133//802 1138//802 1131//802
f 1133//803 1131//803 1134//803
f 1134//804 1131//804 1058//804
f 1134//805 1058//805 978//805
f 1065//806 1057//806 1139//806
f 1139//807 1057//807 1131//807
f 1139//808 1131//808 1140//808
f 1140//809 1131//809 1138//809
f 1140//810 1138//810 1141//810
f 1141//811 1138//811 1137//811
f 1141//812 1137//812 1142//812
f 1142//813 1137//813 1135//813
f 1064//814 1065//814 1143//814
f 1143//815 1144//815 1064//815
f 1064//816 1144//816 1145//816
f 1064//817 1145//817 1063//817
f 1063//818 1145//818 1146//818
f 1063//819 1146//819 1062//819
f 1147//820 1061//820 1148//820
f 1148//821 1061//821 1062//821
f 1148//822 1062//822 1149//822
f 1149//823 1062//823 1146//823
f 1150//2 1151//2 1152//2
f 1152//2 1153//2 1150//2
f 1150//2 1153//2 1154//2
f 1150//2 1154//2 1155//2
f 1061//824 1147//824 1077//824
f 1077//825 1147//825 1156//825
f 1077//826 1156//826 1076//826
f 1157//827 1074//827 1158//827
f 1158//828 1074//828 1075//828
f 1158//829 1075//829 1159//829
f 1159//830 1075//830 1076//830
f 1159//831 1076//831 1160//831
f 1160//832 1076//832 1156//832
f 1161//833 1162//833 1163//833
f 1093//834 1164//834 1092//834
f 1092//835 1164//835 1165//835
f 1092//836 1165//836 1091//836
f 1091//837 1165//837 1166//837
f 1091//838 1166//838 1090//838
f 1067//839 1164//839 1068//839
f 1068//840 1164//840 1093//840
f 1068//841 1093//841 1002//841
f 1067//842 1167//842 1164//842
f 1164//843 1167//843 1168//843
f 1164//844 1168//844 1165//844
f 1165//845 1168//845 1161//845
f 1165//846 1161//846 1166//846
f 1166//847 1161//847 1163//847
f 1166//848 1163//848 1090//848
f 1169//849 1162//849 1170//849
f 1170//850 1162//850 1161//850
f 1170//851 1161//851 1171//851
f 1171//852 1161//852 1168//852
f 1171//853 1168//853 1172//853
f 1172//854 1168//854 1167//854
f 1172//855 1167//855 1074//855
f 1074//856 1167//856 1067//856
f 1173//857 1105//857 1079//857
f 1079//858 1105//858 1019//858
f 1174//859 1102//859 1175//859
f 1175//860 1102//860 1103//860
f 1176//861 1174//861 1177//861
f 1177//862 1174//862 1175//862
f 1177//863 1175//863 1178//863
f 1178//864 1175//864 1103//864
f 1178//865 1103//865 1104//865
f 1081//866 1089//866 1179//866
f 1179//867 1089//867 1180//867
f 1179//868 1180//868 1181//868
f 1079//869 1081//869 1173//869
f 1173//870 1081//870 1179//870
f 1173//871 1179//871 1182//871
f 1182//872 1179//872 1181//872
f 1182//873 1181//873 1183//873
f 1184//874 1176//874 1183//874
f 1183//875 1176//875 1177//875
f 1183//876 1177//876 1182//876
f 1182//877 1177//877 1178//877
f 1182//878 1178//878 1173//878
f 1173//879 1178//879 1104//879
f 1173//880 1104//880 1105//880
f 1185//881 1184//881 1186//881
f 1186//882 1184//882 1183//882
f 1186//883 1183//883 1187//883
f 1187//884 1183//884 1181//884
f 1187//885 1181//885 1188//885
f 1188//886 1181//886 1180//886
f 1188//887 1180//887 1090//887
f 1090//888 1180//888 1089//888
f 1189//889 1190//889 1191//889
f 1191//890 1190//890 1192//890
f 1095//891 1102//891 1193//891
f 1193//892 1102//892 1194//892
f 1191//893 1195//893 1189//893
f 1189//894 1195//894 1196//894
f 1189//895 1196//895 1197//895
f 1096//896 1095//896 1197//896
f 1197//897 1095//897 1193//897
f 1197//898 1193//898 1189//898
f 1189//899 1193//899 1194//899
f 1189//900 1194//900 1190//900
f 854//901 1096//901 877//901
f 877//902 1096//902 1197//902
f 877//903 1197//903 873//903
f 873//904 1197//904 1196//904
f 873//905 1196//905 874//905
f 874//906 1196//906 1195//906
f 1198//907 882//907 1199//907
f 1199//908 882//908 884//908
f 1107//909 868//909 1200//909
f 1200//910 868//910 880//910
f 1199//911 1201//911 1198//911
f 1198//912 1201//912 1202//912
f 1198//913 1202//913 1203//913
f 1109//914 1107//914 1203//914
f 1203//915 1107//915 1200//915
f 1203//916 1200//916 1198//916
f 1198//917 1200//917 880//917
f 1198//918 880//918 882//918
f 1114//919 1109//919 1204//919
f 1204//920 1109//920 1203//920
f 1204//921 1203//921 1205//921
f 1205//922 1203//922 1202//922
f 1205//923 1202//923 1206//923
f 1206//924 1202//924 1201//924
f 1207//925 1208//925 1209//925
f 1130//926 1210//926 1121//926
f 1121//927 1210//927 1211//927
f 1121//928 1211//928 1117//928
f 1117//929 1211//929 1212//929
f 1117//930 1212//930 1118//930
f 1113//931 1210//931 1112//931
f 1112//932 1210//932 1130//932
f 1112//933 1130//933 1034//933
f 1113//934 1213//934 1210//934
f 1210//935 1213//935 1214//935
f 1210//936 1214//936 1211//936
f 1211//937 1214//937 1207//937
f 1211//938 1207//938 1212//938
f 1212//939 1207//939 1209//939
f 1212//940 1209//940 1118//940
f 1215//941 1208//941 1216//941
f 1216//942 1208//942 1207//942
f 1216//943 1207//943 1217//943
f 1217//944 1207//944 1214//944
f 1217//945 1214//945 1218//945
f 1218//946 1214//946 1213//946
f 1218//947 1213//947 1114//947
f 1114//948 1213//948 1113//948
f 1219//949 1135//949 1136//949
f 1120//950 1220//950 1124//950
f 1124//951 1220//951 1221//951
f 1124//952 1221//952 1116//952
f 1116//953 1221//953 1222//953
f 1116//954 1222//954 1038//954
f 1223//955 1220//955 1224//955
f 1224//956 1220//956 1120//956
f 1224//957 1120//957 1118//957
f 1223//958 1225//958 1220//958
f 1220//959 1225//959 1226//959
f 1220//960 1226//960 1221//960
f 1221//961 1226//961 1219//961
f 1221//962 1219//962 1222//962
f 1222//963 1219//963 1136//963
f 1222//964 1136//964 1038//964
f 1142//965 1135//965 1227//965
f 1227//966 1135//966 1219//966
f 1227//967 1219//967 1228//967
f 1228//968 1219//968 1226//968
f 1228//969 1226//969 1229//969
f 1229//970 1226//970 1225//970
f 1229//971 1225//971 1230//971
f 1230//972 1225//972 1223//972
f 1231//2 1150//2 1232//2
f 1232//2 1150//2 1155//2
f 1231//2 1233//2 1150//2
f 1150//2 1233//2 1234//2
f 1150//2 1234//2 1235//2
f 1236//973 1237//973 1238//973
f 1237//974 1236//974 1239//974
f 1239//975 1236//975 1240//975
f 1239//976 1240//976 1241//976
f 1139//977 1140//977 1238//977
f 1238//978 1140//978 1141//978
f 1238//979 1141//979 1236//979
f 1236//980 1141//980 1142//980
f 1236//981 1142//981 1240//981
f 1238//982 1242//982 1139//982
f 1139//983 1242//983 1243//983
f 1139//984 1243//984 1065//984
f 1065//985 1243//985 1244//985
f 1065//986 1244//986 1143//986
f 1143//987 1231//987 1232//987
f 1154//988 1153//988 1147//988
f 1147//989 1148//989 1154//989
f 1154//990 1148//990 1149//990
f 1154//991 1149//991 1155//991
f 1149//991 1146//991 1155//991
f 1155//992 1146//992 1145//992
f 1155//993 1145//993 1232//993
f 1232//994 1145//994 1144//994
f 1232//987 1144//987 1143//987
f 1245//2 1246//2 1150//2
f 1150//2 1246//2 1247//2
f 1150//2 1247//2 1248//2
f 1248//2 1249//2 1150//2
f 1150//2 1249//2 1250//2
f 1150//2 1250//2 1151//2
f 1147//995 1153//995 1152//995
f 1250//996 1249//996 1157//996
f 1157//997 1158//997 1250//997
f 1250//998 1158//998 1159//998
f 1250//999 1159//999 1151//999
f 1151//999 1159//999 1160//999
f 1151//1000 1160//1000 1152//1000
f 1152//1000 1160//1000 1156//1000
f 1152//995 1156//995 1147//995
f 1169//1001 1170//1001 1251//1001
f 1251//1002 1170//1002 1252//1002
f 1074//1003 1157//1003 1253//1003
f 1074//1004 1253//1004 1172//1004
f 1172//1005 1253//1005 1254//1005
f 1172//1006 1254//1006 1171//1006
f 1171//1007 1254//1007 1255//1007
f 1171//1008 1255//1008 1170//1008
f 1170//1009 1255//1009 1256//1009
f 1170//1010 1256//1010 1252//1010
f 1252//1011 1256//1011 1257//1011
f 1252//1012 1257//1012 1251//1012
f 1251//1013 1257//1013 1258//1013
f 1251//1014 1258//1014 1259//1014
f 1260//1015 1261//1015 1262//1015
f 1188//1016 1263//1016 1187//1016
f 1187//1017 1263//1017 1264//1017
f 1187//1018 1264//1018 1186//1018
f 1186//1019 1264//1019 1265//1019
f 1186//1020 1265//1020 1185//1020
f 1162//1021 1263//1021 1163//1021
f 1163//1022 1263//1022 1188//1022
f 1163//1023 1188//1023 1090//1023
f 1162//1024 1266//1024 1263//1024
f 1263//1025 1266//1025 1267//1025
f 1263//1026 1267//1026 1264//1026
f 1264//1027 1267//1027 1260//1027
f 1264//1028 1260//1028 1265//1028
f 1265//1029 1260//1029 1262//1029
f 1265//1030 1262//1030 1185//1030
f 1268//1031 1261//1031 1269//1031
f 1269//1032 1261//1032 1260//1032
f 1269//1033 1260//1033 1270//1033
f 1270//1034 1260//1034 1267//1034
f 1270//1035 1267//1035 1271//1035
f 1271//1036 1267//1036 1266//1036
f 1271//1037 1266//1037 1169//1037
f 1169//1038 1266//1038 1162//1038
f 1272//1039 1190//1039 1194//1039
f 1184//1040 1273//1040 1176//1040
f 1176//1041 1273//1041 1274//1041
f 1176//1042 1274//1042 1174//1042
f 1174//1043 1274//1043 1275//1043
f 1174//1044 1275//1044 1102//1044
f 1276//1045 1273//1045 1277//1045
f 1277//1046 1273//1046 1184//1046
f 1277//1047 1184//1047 1185//1047
f 1276//1048 1278//1048 1273//1048
f 1273//1049 1278//1049 1279//1049
f 1273//1050 1279//1050 1274//1050
f 1274//1051 1279//1051 1272//1051
f 1274//1052 1272//1052 1275//1052
f 1275//1053 1272//1053 1194//1053
f 1275//1054 1194//1054 1102//1054
f 1192//1055 1190//1055 1280//1055
f 1280//1056 1190//1056 1272//1056
f 1280//1057 1272//1057 1281//1057
f 1281//1058 1272//1058 1279//1058
f 1281//1059 1279//1059 1282//1059
f 1282//1060 1279//1060 1278//1060
f 1282//1061 1278//1061 1283//1061
f 1283//1062 1278//1062 1276//1062
f 1284//1063 1285//1063 1286//1063
f 1286//1064 1285//1064 1287//1064
f 1191//1065 1192//1065 1288//1065
f 1288//1066 1192//1066 1289//1066
f 1286//1067 1290//1067 1284//1067
f 1284//1068 1290//1068 1291//1068
f 1284//1069 1291//1069 1292//1069
f 1195//1070 1191//1070 1292//1070
f 1292//1071 1191//1071 1288//1071
f 1292//1072 1288//1072 1284//1072
f 1284//1073 1288//1073 1289//1073
f 1284//1074 1289//1074 1285//1074
f 874//1075 1195//1075 887//1075
f 887//1076 1195//1076 1292//1076
f 887//1077 1292//1077 889//1077
f 889//1078 1292//1078 1291//1078
f 889//1079 1291//1079 891//1079
f 891//1080 1291//1080 1290//1080
f 1293//1081 1201//1081 1199//1081
f 896//1082 1294//1082 898//1082
f 898//1083 1294//1083 1295//1083
f 898//1084 1295//1084 900//1084
f 900//1085 1295//1085 892//1085
f 892//1086 1295//1086 1296//1086
f 892//1087 1296//1087 884//1087
f 1297//1088 1294//1088 1298//1088
f 1298//1089 1294//1089 896//1089
f 1298//1090 896//1090 894//1090
f 1297//1091 1299//1091 1294//1091
f 1294//1092 1299//1092 1300//1092
f 1294//1093 1300//1093 1295//1093
f 1295//1094 1300//1094 1293//1094
f 1295//1095 1293//1095 1296//1095
f 1296//1096 1293//1096 1199//1096
f 1296//1097 1199//1097 884//1097
f 1206//1098 1201//1098 1301//1098
f 1301//1099 1201//1099 1293//1099
f 1301//1100 1293//1100 1302//1100
f 1302//1101 1293//1101 1300//1101
f 1302//1102 1300//1102 1303//1102
f 1303//1103 1300//1103 1299//1103
f 1303//1104 1299//1104 1304//1104
f 1304//1105 1299//1105 1297//1105
f 1305//1106 1306//1106 1307//1106
f 1218//1107 1308//1107 1217//1107
f 1217//1108 1308//1108 1309//1108
f 1217//1109 1309//1109 1216//1109
f 1216//1110 1309//1110 1310//1110
f 1216//1111 1310//1111 1215//1111
f 1205//1112 1308//1112 1204//1112
f 1204//1113 1308//1113 1218//1113
f 1204//1114 1218//1114 1114//1114
f 1205//1115 1311//1115 1308//1115
f 1308//1116 1311//1116 1312//1116
f 1308//1117 1312//1117 1309//1117
f 1309//1118 1312//1118 1305//1118
f 1309//1119 1305//1119 1310//1119
f 1310//1120 1305//1120 1307//1120
f 1310//1121 1307//1121 1215//1121
f 1313//1122 1306//1122 1314//1122
f 1314//1123 1306//1123 1305//1123
f 1314//1124 1305//1124 1315//1124
f 1315//1125 1305//1125 1312//1125
f 1315//1126 1312//1126 1316//1126
f 1316//1127 1312//1127 1311//1127
f 1316//1128 1311//1128 1206//1128
f 1206//1129 1311//1129 1205//1129
f 1224//1130 1118//1130 1209//1130
f 1317//1131 1318//1131 1319//1131
f 1230//1132 1223//1132 1320//1132
f 1320//1133 1223//1133 1321//1133
f 1224//1134 1209//1134 1322//1134
f 1322//1135 1209//1135 1208//1135
f 1322//1136 1208//1136 1323//1136
f 1208//1137 1215//1137 1323//1137
f 1323//1138 1215//1138 1324//1138
f 1323//1139 1324//1139 1325//1139
f 1325//1140 1324//1140 1326//1140
f 1325//1141 1326//1141 1327//1141
f 1319//1142 1318//1142 1321//1142
f 1321//1143 1318//1143 1328//1143
f 1321//1144 1328//1144 1320//1144
f 1327//1145 1317//1145 1325//1145
f 1325//1146 1317//1146 1319//1146
f 1325//1147 1319//1147 1323//1147
f 1323//1148 1319//1148 1321//1148
f 1323//1149 1321//1149 1322//1149
f 1322//1150 1321//1150 1223//1150
f 1322//1151 1223//1151 1224//1151
f 1150//2 1235//2 1329//2
f 1329//2 1330//2 1150//2
f 1150//2 1330//2 1331//2
f 1150//2 1331//2 1332//2
f 1332//2 1333//2 1150//2
f 1150//2 1333//2 1334//2
f 1150//2 1334//2 1335//2
f 1336//1152 1240//1152 1142//1152
f 1230//1153 1337//1153 1229//1153
f 1229//1154 1337//1154 1338//1154
f 1229//1155 1338//1155 1228//1155
f 1228//1156 1338//1156 1339//1156
f 1228//1157 1339//1157 1227//1157
f 1340//1158 1339//1158 1341//1158
f 1341//1159 1339//1159 1338//1159
f 1341//1160 1338//1160 1342//1160
f 1342//1161 1338//1161 1337//1161
f 1342//1162 1337//1162 1343//1162
f 1340//1163 1344//1163 1339//1163
f 1339//1164 1344//1164 1336//1164
f 1339//1165 1336//1165 1227//1165
f 1227//1166 1336//1166 1142//1166
f 1241//1167 1240//1167 1345//1167
f 1345//1168 1240//1168 1336//1168
f 1345//1169 1336//1169 1346//1169
f 1346//1170 1336//1170 1344//1170
f 1231//1171 1143//1171 1244//1171
f 1231//1171 1244//1171 1233//1171
f 1233//1172 1244//1172 1243//1172
f 1233//1173 1243//1173 1234//1173
f 1234//1174 1243//1174 1242//1174
f 1234//1175 1242//1175 1235//1175
f 1235//1176 1242//1176 1238//1176
f 1235//1177 1238//1177 1329//1177
f 1329//1178 1238//1178 1237//1178
f 1329//1178 1237//1178 1330//1178
f 1330//1179 1237//1179 1239//1179
f 1330//1179 1239//1179 1331//1179
f 1331//1180 1239//1180 1241//1180
f 1331//1180 1241//1180 1332//1180
f 1150//2 1347//2 1348//2
f 1348//2 1349//2 1150//2
f 1150//2 1349//2 1350//2
f 1150//2 1350//2 1351//2
f 1351//2 1352//2 1150//2
f 1150//2 1352//2 1353//2
f 1150//2 1353//2 1245//2
f 1351//1181 1259//1181 1258//1181
f 1351//1181 1258//1181 1352//1181
f 1352//1182 1258//1182 1257//1182
f 1352//1183 1257//1183 1353//1183
f 1353//1184 1257//1184 1256//1184
f 1353//1185 1256//1185 1245//1185
f 1245//1186 1256//1186 1255//1186
f 1245//1187 1255//1187 1246//1187
f 1246//1188 1255//1188 1254//1188
f 1246//1188 1254//1188 1247//1188
f 1247//1189 1254//1189 1253//1189
f 1247//1189 1253//1189 1248//1189
f 1248//1190 1253//1190 1157//1190
f 1248//1190 1157//1190 1249//1190
f 1354//1191 1268//1191 1355//1191
f 1355//1192 1268//1192 1269//1192
f 1355//1193 1269//1193 1356//1193
f 1356//1194 1269//1194 1270//1194
f 1356//1195 1270//1195 1357//1195
f 1357//1196 1270//1196 1271//1196
f 1259//1197 1357//1197 1251//1197
f 1251//1198 1357//1198 1271//1198
f 1251//1199 1271//1199 1169//1199
f 1259//1200 1358//1200 1357//1200
f 1357//1201 1358//1201 1359//1201
f 1357//1202 1359//1202 1356//1202
f 1356//1203 1359//1203 1360//1203
f 1356//1204 1360//1204 1355//1204
f 1360//1205 1361//1205 1355//1205
f 1355//1206 1361//1206 1362//1206
f 1355//1207 1362//1207 1354//1207
f 1354//1208 1362//1208 1363//1208
f 1354//1209 1363//1209 1364//1209
f 1365//1210 1283//1210 1276//1210
f 1261//1211 1268//1211 1366//1211
f 1366//1212 1268//1212 1367//1212
f 1366//1213 1367//1213 1368//1213
f 1368//1214 1367//1214 1369//1214
f 1368//1215 1369//1215 1370//1215
f 1185//1216 1262//1216 1277//1216
f 1277//1217 1262//1217 1371//1217
f 1277//1218 1371//1218 1276//1218
f 1276//1219 1371//1219 1372//1219
f 1276//1220 1372//1220 1365//1220
f 1365//1221 1372//1221 1373//1221
f 1365//1222 1373//1222 1374//1222
f 1374//1223 1373//1223 1375//1223
f 1374//1224 1375//1224 1376//1224
f 1262//1225 1261//1225 1371//1225
f 1371//1226 1261//1226 1366//1226
f 1371//1227 1366//1227 1372//1227
f 1372//1228 1366//1228 1368//1228
f 1372//1229 1368//1229 1373//1229
f 1373//1230 1368//1230 1370//1230
f 1373//1231 1370//1231 1375//1231
f 1377//1232 1285//1232 1289//1232
f 1282//1233 1378//1233 1281//1233
f 1281//1234 1378//1234 1379//1234
f 1281//1235 1379//1235 1280//1235
f 1280//1236 1379//1236 1380//1236
f 1280//1237 1380//1237 1192//1237
f 1381//1238 1378//1238 1382//1238
f 1382//1239 1378//1239 1282//1239
f 1382//1240 1282//1240 1283//1240
f 1381//1241 1383//1241 1378//1241
f 1378//1242 1383//1242 1384//1242
f 1378//1243 1384//1243 1379//1243
f 1379//1244 1384//1244 1377//1244
f 1379//1245 1377//1245 1380//1245
f 1380//1246 1377//1246 1289//1246
f 1380//1247 1289//1247 1192//1247
f 1287//1248 1285//1248 1385//1248
f 1385//1249 1285//1249 1377//1249
f 1385//1250 1377//1250 1386//1250
f 1386//1251 1377//1251 1384//1251
f 1386//1252 1384//1252 1387//1252
f 1387//1253 1384//1253 1383//1253
f 1387//1254 1383//1254 1388//1254
f 1388//1255 1383//1255 1381//1255
f 1389//1256 1390//1256 1391//1256
f 903//1257 1392//1257 904//1257
f 904//1258 1392//1258 1393//1258
f 904//1259 1393//1259 910//1259
f 910//1260 1393//1260 1394//1260
f 910//1261 1394//1261 908//1261
f 1286//1262 1392//1262 1290//1262
f 1290//1263 1392//1263 903//1263
f 1290//1264 903//1264 891//1264
f 1286//1265 1395//1265 1392//1265
f 1392//1266 1395//1266 1396//1266
f 1392//1267 1396//1267 1393//1267
f 1393//1268 1396//1268 1389//1268
f 1393//1269 1389//1269 1394//1269
f 1394//1270 1389//1270 1391//1270
f 1394//1271 1391//1271 908//1271
f 1397//1272 1390//1272 1398//1272
f 1398//1273 1390//1273 1389//1273
f 1398//1274 1389//1274 1399//1274
f 1399//1275 1389//1275 1396//1275
f 1399//1276 1396//1276 1400//1276
f 1400//1277 1396//1277 1395//1277
f 1400//1278 1395//1278 1287//1278
f 1287//1279 1395//1279 1286//1279
f 1401//1280 1297//1280 1298//1280
f 917//1281 1402//1281 915//1281
f 915//1282 1402//1282 1403//1282
f 915//1283 1403//1283 913//1283
f 913//1284 1403//1284 1404//1284
f 913//1285 1404//1285 894//1285
f 1405//1286 1402//1286 1406//1286
f 1406//1287 1402//1287 917//1287
f 1406//1288 917//1288 919//1288
f 1405//1289 1407//1289 1402//1289
f 1402//1290 1407//1290 1408//1290
f 1402//1291 1408//1291 1403//1291
f 1403//1292 1408//1292 1401//1292
f 1403//1293 1401//1293 1404//1293
f 1404//1294 1401//1294 1298//1294
f 1404//1295 1298//1295 894//1295
f 1304//1296 1297//1296 1409//1296
f 1409//1297 1297//1297 1401//1297
f 1409//1298 1401//1298 1410//1298
f 1410//1299 1401//1299 1408//1299
f 1410//1300 1408//1300 1411//1300
f 1411//1301 1408//1301 1407//1301
f 1411//1302 1407//1302 1412//1302
f 1412//1303 1407//1303 1405//1303
f 1413//1304 1414//1304 1314//1304
f 1314//1305 1414//1305 1313//1305
f 1415//1306 1416//1306 1417//1306
f 1417//1307 1416//1307 1418//1307
f 1419//1308 1415//1308 1420//1308
f 1420//1309 1415//1309 1417//1309
f 1420//1310 1417//1310 1421//1310
f 1421//1311 1417//1311 1418//1311
f 1421//1312 1418//1312 1422//1312
f 1315//1313 1316//1313 1423//1313
f 1423//1314 1316//1314 1424//1314
f 1423//1315 1424//1315 1425//1315
f 1314//1316 1315//1316 1413//1316
f 1413//1317 1315//1317 1423//1317
f 1413//1318 1423//1318 1426//1318
f 1426//1319 1423//1319 1425//1319
f 1426//1320 1425//1320 1427//1320
f 1428//1321 1419//1321 1427//1321
f 1427//1322 1419//1322 1420//1322
f 1427//1323 1420//1323 1426//1323
f 1426//1324 1420//1324 1421//1324
f 1426//1325 1421//1325 1413//1325
f 1413//1326 1421//1326 1422//1326
f 1413//1327 1422//1327 1414//1327
f 1304//1328 1428//1328 1303//1328
f 1303//1329 1428//1329 1427//1329
f 1303//1330 1427//1330 1302//1330
f 1302//1331 1427//1331 1425//1331
f 1302//1332 1425//1332 1301//1332
f 1301//1333 1425//1333 1424//1333
f 1301//1334 1424//1334 1206//1334
f 1206//1335 1424//1335 1316//1335
f 1324//1336 1215//1336 1307//1336
f 1429//1337 1430//1337 1431//1337
f 1431//1338 1430//1338 1432//1338
f 1431//1339 1432//1339 1433//1339
f 1433//1340 1432//1340 1434//1340
f 1313//1341 1435//1341 1306//1341
f 1306//1342 1435//1342 1436//1342
f 1306//1343 1436//1343 1307//1343
f 1307//1344 1436//1344 1437//1344
f 1307//1345 1437//1345 1324//1345
f 1324//1346 1437//1346 1438//1346
f 1324//1347 1438//1347 1326//1347
f 1326//1348 1438//1348 1439//1348
f 1326//1349 1439//1349 1327//1349
f 1435//1350 1429//1350 1436//1350
f 1436//1351 1429//1351 1431//1351
f 1436//1352 1431//1352 1437//1352
f 1437//1353 1431//1353 1433//1353
f 1437//1354 1433//1354 1438//1354
f 1438//1355 1433//1355 1434//1355
f 1438//1356 1434//1356 1439//1356
f 1150//2 1335//2 1440//2
f 1440//2 1441//2 1150//2
f 1150//2 1441//2 1442//2
f 1150//2 1442//2 1443//2
f 1443//2 1444//2 1150//2
f 1150//2 1444//2 1445//2
f 1150//2 1445//2 1446//2
f 1337//1357 1230//1357 1320//1357
f 1320//1358 1328//1358 1447//1358
f 1447//1359 1328//1359 1318//1359
f 1447//1360 1318//1360 1448//1360
f 1448//1361 1318//1361 1317//1361
f 1448//1362 1317//1362 1449//1362
f 1320//1363 1447//1363 1337//1363
f 1337//1364 1447//1364 1450//1364
f 1337//1365 1450//1365 1343//1365
f 1451//1366 1452//1366 1453//1366
f 1453//1367 1452//1367 1449//1367
f 1453//1368 1449//1368 1327//1368
f 1327//1369 1449//1369 1317//1369
f 1452//1370 1454//1370 1449//1370
f 1449//1371 1454//1371 1455//1371
f 1449//1372 1455//1372 1448//1372
f 1448//1373 1455//1373 1456//1373
f 1448//1374 1456//1374 1447//1374
f 1447//1375 1456//1375 1457//1375
f 1447//1376 1457//1376 1450//1376
f 1332//1377 1241//1377 1345//1377
f 1332//1377 1345//1377 1333//1377
f 1333//1378 1345//1378 1346//1378
f 1333//1379 1346//1379 1334//1379
f 1334//1380 1346//1380 1344//1380
f 1334//1381 1344//1381 1335//1381
f 1335//1382 1344//1382 1340//1382
f 1335//1383 1340//1383 1440//1383
f 1440//1384 1340//1384 1341//1384
f 1440//1384 1341//1384 1441//1384
f 1441//1385 1341//1385 1342//1385
f 1441//1385 1342//1385 1442//1385
f 1442//1386 1342//1386 1343//1386
f 1442//1386 1343//1386 1443//1386
f 1150//2 1458//2 1459//2
f 1459//2 1460//2 1150//2
f 1150//2 1460//2 1461//2
f 1150//2 1461//2 1462//2
f 1462//2 1463//2 1150//2
f 1150//2 1463//2 1464//2
f 1150//2 1464//2 1347//2
f 1462//1387 1364//1387 1363//1387
f 1462//1387 1363//1387 1463//1387
f 1463//1388 1363//1388 1362//1388
f 1463//1389 1362//1389 1464//1389
f 1464//1390 1362//1390 1361//1390
f 1464//1391 1361//1391 1347//1391
f 1347//1392 1361//1392 1360//1392
f 1347//1393 1360//1393 1348//1393
f 1348//1394 1360//1394 1359//1394
f 1348//1394 1359//1394 1349//1394
f 1349//1395 1359//1395 1358//1395
f 1349//1395 1358//1395 1350//1395
f 1350//1396 1358//1396 1259//1396
f 1350//1396 1259//1396 1351//1396
f 1465//1397 1466//1397 1467//1397
f 1370//1398 1369//1398 1465//1398
f 1369//1399 1367//1399 1465//1399
f 1465//1400 1367//1400 1268//1400
f 1465//1401 1268//1401 1354//1401
f 1375//1402 1370//1402 1468//1402
f 1468//1403 1370//1403 1469//1403
f 1470//1404 1471//1404 1472//1404
f 1376//1405 1375//1405 1472//1405
f 1472//1406 1375//1406 1468//1406
f 1472//1407 1468//1407 1470//1407
f 1470//1408 1468//1408 1473//1408
f 1354//1409 1364//1409 1465//1409
f 1465//1410 1364//1410 1474//1410
f 1465//1411 1474//1411 1466//1411
f 1370//1412 1465//1412 1469//1412
f 1469//1413 1465//1413 1467//1413
f 1469//1414 1467//1414 1468//1414
f 1468//1415 1467//1415 1475//1415
f 1468//1416 1475//1416 1473//1416
f 1476//1417 1388//1417 1381//1417
f 1476//1418 1381//1418 1477//1418
f 1477//1419 1381//1419 1382//1419
f 1477//1420 1382//1420 1478//1420
f 1382//1421 1283//1421 1478//1421
f 1478//1422 1283//1422 1365//1422
f 1478//1423 1365//1423 1479//1423
f 1479//1424 1365//1424 1374//1424
f 1479//1425 1374//1425 1376//1425
f 1480//1426 1481//1426 1482//1426
f 1482//1427 1481//1427 1483//1427
f 1482//1428 1483//1428 1484//1428
f 1484//1429 1483//1429 1485//1429
f 1484//1430 1485//1430 1486//1430
f 1376//1431 1486//1431 1479//1431
f 1479//1432 1486//1432 1485//1432
f 1479//1433 1485//1433 1478//1433
f 1478//1434 1485//1434 1483//1434
f 1478//1435 1483//1435 1477//1435
f 1477//1436 1483//1436 1481//1436
f 1477//1437 1481//1437 1476//1437
f 1487//1438 1488//1438 1489//1438
f 1489//1439 1488//1439 1490//1439
f 1387//1440 1388//1440 1491//1440
f 1491//1441 1388//1441 1492//1441
f 1386//1442 1387//1442 1493//1442
f 1493//1443 1387//1443 1491//1443
f 1493//1444 1491//1444 1494//1444
f 1494//1445 1491//1445 1492//1445
f 1494//1446 1492//1446 1495//1446
f 1496//1447 1497//1447 1498//1447
f 1498//1448 1497//1448 1499//1448
f 1498//1449 1499//1449 1500//1449
f 1489//1450 1496//1450 1487//1450
f 1487//1451 1496//1451 1498//1451
f 1487//1452 1498//1452 1501//1452
f 1501//1453 1498//1453 1500//1453
f 1501//1454 1500//1454 1502//1454
f 1385//1455 1386//1455 1502//1455
f 1502//1456 1386//1456 1493//1456
f 1502//1457 1493//1457 1501//1457
f 1501//1458 1493//1458 1494//1458
f 1501//1459 1494//1459 1487//1459
f 1487//1460 1494//1460 1495//1460
f 1487//1461 1495//1461 1488//1461
f 1287//1462 1385//1462 1400//1462
f 1400//1463 1385//1463 1502//1463
f 1400//1464 1502//1464 1399//1464
f 1399//1465 1502//1465 1500//1465
f 1399//1466 1500//1466 1398//1466
f 1398//1466 1500//1466 1499//1466
f 1398//1467 1499//1467 1397//1467
f 1397//1468 1499//1468 1497//1468
f 1503//1469 1504//1469 1505//1469
f 925//1470 1506//1470 927//1470
f 927//1471 1506//1471 1507//1471
f 927//1472 1507//1472 921//1472
f 921//1473 1507//1473 1508//1473
f 921//1474 1508//1474 922//1474
f 1390//1475 1506//1475 1391//1475
f 1391//1476 1506//1476 925//1476
f 1391//1477 925//1477 908//1477
f 1390//1478 1509//1478 1506//1478
f 1506//1479 1509//1479 1510//1479
f 1506//1480 1510//1480 1507//1480
f 1507//1481 1510//1481 1503//1481
f 1507//1482 1503//1482 1508//1482
f 1508//1483 1503//1483 1505//1483
f 1508//1484 1505//1484 922//1484
f 1511//1485 1504//1485 1512//1485
f 1512//1486 1504//1486 1503//1486
f 1512//1487 1503//1487 1513//1487
f 1513//1488 1503//1488 1510//1488
f 1513//1489 1510//1489 1514//1489
f 1514//1490 1510//1490 1509//1490
f 1514//1491 1509//1491 1397//1491
f 1397//1492 1509//1492 1390//1492
f 1406//1493 919//1493 1515//1493
f 1515//1494 919//1494 931//1494
f 1515//1495 931//1495 1516//1495
f 1516//1496 931//1496 933//1496
f 1516//1497 933//1497 935//1497
f 1412//1498 1405//1498 1517//1498
f 1517//1499 1405//1499 1518//1499
f 1517//1500 1518//1500 1519//1500
f 1519//1501 1518//1501 1520//1501
f 1519//1502 1520//1502 1521//1502
f 1521//1503 1520//1503 1522//1503
f 1405//1504 1406//1504 1518//1504
f 1518//1505 1406//1505 1515//1505
f 1518//1506 1515//1506 1520//1506
f 1520//1507 1515//1507 1516//1507
f 1520//1508 1516//1508 1522//1508
f 1522//1509 1516//1509 935//1509
f 1522//1510 935//1510 937//1510
f 1523//1511 1524//1511 1415//1511
f 1415//1512 1524//1512 1416//1512
f 1525//1513 1526//1513 1527//1513
f 1527//1514 1526//1514 1528//1514
f 1529//1515 1525//1515 1530//1515
f 1530//1516 1525//1516 1527//1516
f 1530//1517 1527//1517 1531//1517
f 1531//1518 1527//1518 1528//1518
f 1531//1519 1528//1519 1532//1519
f 1419//1520 1428//1520 1533//1520
f 1533//1521 1428//1521 1534//1521
f 1533//1522 1534//1522 1535//1522
f 1415//1523 1419//1523 1523//1523
f 1523//1524 1419//1524 1533//1524
f 1523//1525 1533//1525 1536//1525
f 1536//1526 1533//1526 1535//1526
f 1536//1527 1535//1527 1537//1527
f 1538//1528 1529//1528 1537//1528
f 1537//1529 1529//1529 1530//1529
f 1537//1530 1530//1530 1536//1530
f 1536//1531 1530//1531 1531//1531
f 1536//1532 1531//1532 1523//1532
f 1523//1533 1531//1533 1532//1533
f 1523//1534 1532//1534 1524//1534
f 1412//1535 1538//1535 1411//1535
f 1411//1536 1538//1536 1537//1536
f 1411//1537 1537//1537 1410//1537
f 1410//1538 1537//1538 1535//1538
f 1410//1539 1535//1539 1409//1539
f 1409//1540 1535//1540 1534//1540
f 1409//1541 1534//1541 1304//1541
f 1304//1542 1534//1542 1428//1542
f 1539//1543 1429//1543 1435//1543
f 1418//1544 1540//1544 1422//1544
f 1422//1545 1540//1545 1541//1545
f 1422//1546 1541//1546 1414//1546
f 1414//1547 1541//1547 1542//1547
f 1414//1548 1542//1548 1313//1548
f 1543//1549 1540//1549 1544//1549
f 1544//1550 1540//1550 1418//1550
f 1544//1551 1418//1551 1416//1551
f 1543//1552 1545//1552 1540//1552
f 1540//1553 1545//1553 1546//1553
f 1540//1554 1546//1554 1541//1554
f 1541//1555 1546//1555 1539//1555
f 1541//1556 1539//1556 1542//1556
f 1542//1557 1539//1557 1435//1557
f 1542//1558 1435//1558 1313//1558
f 1430//1559 1429//1559 1547//1559
f 1547//1560 1429//1560 1539//1560
f 1547//1561 1539//1561 1548//1561
f 1548//1562 1539//1562 1546//1562
f 1548//1563 1546//1563 1549//1563
f 1549//1564 1546//1564 1545//1564
f 1549//1565 1545//1565 1550//1565
f 1550//1566 1545//1566 1543//1566
f 1150//2 1446//2 1551//2
f 1551//2 1552//2 1150//2
f 1150//2 1552//2 1553//2
f 1150//2 1553//2 1554//2
f 1554//2 1555//2 1150//2
f 1150//2 1555//2 1556//2
f 1150//2 1556//2 1557//2
f 1453//1567 1327//1567 1558//1567
f 1558//1568 1327//1568 1439//1568
f 1558//1569 1439//1569 1559//1569
f 1559//1570 1439//1570 1434//1570
f 1559//1571 1434//1571 1560//1571
f 1560//1572 1434//1572 1432//1572
f 1561//1573 1560//1573 1562//1573
f 1562//1574 1560//1574 1432//1574
f 1562//1575 1432//1575 1430//1575
f 1561//1576 1563//1576 1560//1576
f 1560//1577 1563//1577 1564//1577
f 1560//1578 1564//1578 1559//1578
f 1559//1579 1564//1579 1565//1579
f 1559//1580 1565//1580 1558//1580
f 1558//1581 1565//1581 1566//1581
f 1451//1582 1453//1582 1567//1582
f 1567//1583 1453//1583 1558//1583
f 1567//1584 1558//1584 1568//1584
f 1568//1585 1558//1585 1566//1585
f 1443//1586 1343//1586 1450//1586
f 1443//1586 1450//1586 1444//1586
f 1444//1587 1450//1587 1457//1587
f 1444//1588 1457//1588 1445//1588
f 1445//1589 1457//1589 1456//1589
f 1445//1590 1456//1590 1446//1590
f 1446//1591 1456//1591 1455//1591
f 1446//1592 1455//1592 1551//1592
f 1551//1593 1455//1593 1454//1593
f 1551//1593 1454//1593 1552//1593
f 1552//1594 1454//1594 1452//1594
f 1552//1594 1452//1594 1553//1594
f 1553//1595 1452//1595 1451//1595
f 1553//1595 1451//1595 1554//1595
f 1150//2 1569//2 1570//2
f 1570//2 1571//2 1150//2
f 1150//2 1571//2 1572//2
f 1150//2 1572//2 1573//2
f 1573//2 1574//2 1150//2
f 1150//2 1574//2 1575//2
f 1150//2 1575//2 1458//2
f 1573//1596 1471//1596 1470//1596
f 1573//1596 1470//1596 1574//1596
f 1574//1597 1470//1597 1473//1597
f 1574//1598 1473//1598 1575//1598
f 1575//1599 1473//1599 1475//1599
f 1575//1600 1475//1600 1458//1600
f 1458//1601 1475//1601 1467//1601
f 1458//1602 1467//1602 1459//1602
f 1459//1603 1467//1603 1466//1603
f 1459//1603 1466//1603 1460//1603
f 1460//1604 1466//1604 1474//1604
f 1460//1604 1474//1604 1461//1604
f 1461//1605 1474//1605 1364//1605
f 1461//1605 1364//1605 1462//1605
f 1576//1606 1577//1606 1480//1606
f 1376//1607 1472//1607 1486//1607
f 1486//1608 1472//1608 1578//1608
f 1486//1609 1578//1609 1484//1609
f 1484//1610 1578//1610 1579//1610
f 1484//1611 1579//1611 1482//1611
f 1580//1612 1579//1612 1581//1612
f 1581//1613 1579//1613 1578//1613
f 1581//1614 1578//1614 1582//1614
f 1582//1615 1578//1615 1472//1615
f 1582//1616 1472//1616 1471//1616
f 1580//1617 1583//1617 1579//1617
f 1579//1618 1583//1618 1576//1618
f 1579//1619 1576//1619 1482//1619
f 1482//1620 1576//1620 1480//1620
f 1584//1621 1577//1621 1585//1621
f 1585//1622 1577//1622 1576//1622
f 1585//1623 1576//1623 1586//1623
f 1586//1624 1576//1624 1583//1624
f 1587//1625 1588//1625 1589//1625
f 1492//1626 1590//1626 1495//1626
f 1495//1627 1590//1627 1591//1627
f 1495//1628 1591//1628 1488//1628
f 1488//1629 1591//1629 1592//1629
f 1488//1630 1592//1630 1490//1630
f 1481//1631 1590//1631 1476//1631
f 1476//1632 1590//1632 1492//1632
f 1476//1633 1492//1633 1388//1633
f 1481//1634 1593//1634 1590//1634
f 1590//1635 1593//1635 1594//1635
f 1590//1636 1594//1636 1591//1636
f 1591//1637 1594//1637 1587//1637
f 1591//1638 1587//1638 1592//1638
f 1592//1639 1587//1639 1589//1639
f 1592//1640 1589//1640 1490//1640
f 1595//1641 1588//1641 1596//1641
f 1596//1642 1588//1642 1587//1642
f 1596//1643 1587//1643 1597//1643
f 1597//1644 1587//1644 1594//1644
f 1597//1645 1594//1645 1598//1645
f 1598//1646 1594//1646 1593//1646
f 1598//1647 1593//1647 1480//1647
f 1480//1648 1593//1648 1481//1648
f 1599//1649 1600//1649 1601//1649
f 1601//1650 1600//1650 1602//1650
f 1489//1651 1490//1651 1603//1651
f 1603//1652 1490//1652 1604//1652
f 1496//1653 1489//1653 1605//1653
f 1605//1654 1489//1654 1603//1654
f 1605//1655 1603//1655 1606//1655
f 1606//1656 1603//1656 1604//1656
f 1606//1657 1604//1657 1607//1657
f 1608//1658 1609//1658 1610//1658
f 1610//1659 1609//1659 1611//1659
f 1610//1660 1611//1660 1612//1660
f 1601//1661 1608//1661 1599//1661
f 1599//1662 1608//1662 1610//1662
f 1599//1663 1610//1663 1613//1663
f 1613//1664 1610//1664 1612//1664
f 1613//1665 1612//1665 1614//1665
f 1497//1666 1496//1666 1614//1666
f 1614//1667 1496//1667 1605//1667
f 1614//1668 1605//1668 1613//1668
f 1613//1669 1605//1669 1606//1669
f 1613//1670 1606//1670 1599//1670
f 1599//1671 1606//1671 1607//1671
f 1599//1672 1607//1672 1600//1672
f 1397//1673 1497//1673 1514//1673
f 1514//1674 1497//1674 1614//1674
f 1514//1675 1614//1675 1513//1675
f 1513//1676 1614//1676 1612//1676
f 1513//1677 1612//1677 1512//1677
f 1512//1678 1612//1678 1611//1678
f 1512//1679 1611//1679 1511//1679
f 1511//1680 1611//1680 1609//1680
f 1522//1681 937//1681 939//1681
f 922//1682 1505//1682 941//1682
f 941//1683 1505//1683 1615//1683
f 941//1684 1615//1684 939//1684
f 1522//1685 939//1685 1616//1685
f 1616//1686 939//1686 1615//1686
f 1616//1687 1615//1687 1617//1687
f 1617//1688 1615//1688 1505//1688
f 1617//1689 1505//1689 1504//1689
f 1521//1690 1522//1690 1618//1690
f 1618//1691 1522//1691 1616//1691
f 1618//1692 1616//1692 1619//1692
f 1619//1693 1616//1693 1617//1693
f 1619//1694 1617//1694 1620//1694
f 1620//1695 1617//1695 1504//1695
f 1620//1696 1504//1696 1511//1696
f 1621//1697 1525//1697 1529//1697
f 1622//1698 1623//1698 1624//1698
f 1624//1699 1623//1699 1625//1699
f 1526//1700 1525//1700 1626//1700
f 1626//1701 1525//1701 1621//1701
f 1626//1702 1621//1702 1627//1702
f 1521//1703 1622//1703 1519//1703
f 1519//1704 1622//1704 1624//1704
f 1519//1705 1624//1705 1628//1705
f 1628//1706 1624//1706 1625//1706
f 1628//1707 1625//1707 1629//1707
f 1517//1708 1519//1708 1630//1708
f 1630//1709 1519//1709 1628//1709
f 1630//1710 1628//1710 1631//1710
f 1631//1711 1628//1711 1629//1711
f 1631//1712 1629//1712 1632//1712
f 1632//1713 1629//1713 1625//1713
f 1632//1714 1625//1714 1633//1714
f 1633//1715 1625//1715 1623//1715
f 1633//1716 1623//1716 1634//1716
f 1412//1717 1517//1717 1538//1717
f 1538//1718 1517//1718 1630//1718
f 1538//1719 1630//1719 1529//1719
f 1529//1720 1630//1720 1631//1720
f 1529//1721 1631//1721 1621//1721
f 1621//1722 1631//1722 1632//1722
f 1621//1723 1632//1723 1627//1723
f 1627//1724 1632//1724 1633//1724
f 1627//1725 1633//1725 1635//1725
f 1635//1726 1633//1726 1634//1726
f 1635//1727 1634//1727 1636//1727
f 1637//1728 1543//1728 1544//1728
f 1528//1729 1638//1729 1532//1729
f 1532//1730 1638//1730 1639//1730
f 1532//1731 1639//1731 1524//1731
f 1524//1732 1639//1732 1640//1732
f 1524//1733 1640//1733 1416//1733
f 1641//1734 1638//1734 1642//1734
f 1642//1735 1638//1735 1528//1735
f 1642//1736 1528//1736 1526//1736
f 1641//1737 1643//1737 1638//1737
f 1638//1738 1643//1738 1644//1738
f 1638//1739 1644//1739 1639//1739
f 1639//1740 1644//1740 1637//1740
f 1639//1741 1637//1741 1640//1741
f 1640//1742 1637//1742 1544//1742
f 1640//1743 1544//1743 1416//1743
f 1550//1744 1543//1744 1645//1744
f 1645//1745 1543//1745 1637//1745
f 1645//1746 1637//1746 1646//1746
f 1646//1747 1637//1747 1644//1747
f 1646//1748 1644//1748 1647//1748
f 1647//1749 1644//1749 1643//1749
f 1647//1750 1643//1750 1648//1750
f 1648//1751 1643//1751 1641//1751
f 1557//2 1649//2 1150//2
f 1150//2 1649//2 1650//2
f 1150//2 1650//2 1651//2
f 1651//2 1652//2 1150//2
f 1150//2 1652//2 1653//2
f 1150//2 1653//2 1654//2
f 1562//1752 1430//1752 1655//1752
f 1655//1753 1430//1753 1547//1753
f 1655//1754 1547//1754 1656//1754
f 1656//1755 1547//1755 1548//1755
f 1656//1756 1548//1756 1657//1756
f 1657//1757 1548//1757 1549//1757
f 1657//1758 1549//1758 1658//1758
f 1658//1759 1549//1759 1550//1759
f 1658//1760 1659//1760 1657//1760
f 1657//1761 1659//1761 1660//1761
f 1657//1762 1660//1762 1656//1762
f 1656//1763 1660//1763 1661//1763
f 1656//1764 1661//1764 1655//1764
f 1561//1765 1562//1765 1662//1765
f 1662//1766 1562//1766 1655//1766
f 1662//1767 1655//1767 1663//1767
f 1663//1768 1655//1768 1661//1768
f 1554//1769 1451//1769 1567//1769
f 1554//1769 1567//1769 1555//1769
f 1555//1770 1567//1770 1568//1770
f 1555//1771 1568//1771 1556//1771
f 1556//1772 1568//1772 1566//1772
f 1556//1773 1566//1773 1557//1773
f 1557//1774 1566//1774 1565//1774
f 1557//1775 1565//1775 1649//1775
f 1649//1776 1565//1776 1564//1776
f 1649//1776 1564//1776 1650//1776
f 1650//1777 1564//1777 1563//1777
f 1650//1777 1563//1777 1651//1777
f 1651//1778 1563//1778 1561//1778
f 1651//1778 1561//1778 1652//1778
f 1664//2 1150//2 1665//2
f 1665//2 1150//2 1666//2
f 1664//2 1667//2 1150//2
f 1150//2 1667//2 1668//2
f 1150//2 1668//2 1569//2
f 1664//1779 1584//1779 1585//1779
f 1664//1779 1585//1779 1667//1779
f 1667//1780 1585//1780 1586//1780
f 1667//1781 1586//1781 1668//1781
f 1668//1782 1586//1782 1583//1782
f 1668//1783 1583//1783 1569//1783
f 1569//1784 1583//1784 1580//1784
f 1569//1785 1580//1785 1570//1785
f 1570//1786 1580//1786 1581//1786
f 1570//1786 1581//1786 1571//1786
f 1571//1787 1581//1787 1582//1787
f 1571//1787 1582//1787 1572//1787
f 1572//1788 1582//1788 1471//1788
f 1572//1788 1471//1788 1573//1788
f 1669//1789 1595//1789 1670//1789
f 1670//1790 1595//1790 1596//1790
f 1670//1791 1596//1791 1671//1791
f 1671//1792 1596//1792 1597//1792
f 1671//1793 1597//1793 1672//1793
f 1672//1794 1597//1794 1598//1794
f 1672//1795 1598//1795 1577//1795
f 1577//1796 1598//1796 1480//1796
f 1673//1797 1669//1797 1674//1797
f 1674//1798 1669//1798 1670//1798
f 1674//1799 1670//1799 1675//1799
f 1675//1800 1670//1800 1671//1800
f 1675//1801 1671//1801 1676//1801
f 1676//1802 1671//1802 1672//1802
f 1676//1803 1672//1803 1677//1803
f 1677//1804 1672//1804 1577//1804
f 1677//1805 1577//1805 1584//1805
f 1678//1806 1679//1806 1680//1806
f 1604//1807 1681//1807 1607//1807
f 1607//1808 1681//1808 1682//1808
f 1607//1809 1682//1809 1600//1809
f 1600//1810 1682//1810 1683//1810
f 1600//1811 1683//1811 1602//1811
f 1588//1812 1681//1812 1589//1812
f 1589//1813 1681//1813 1604//1813
f 1589//1814 1604//1814 1490//1814
f 1588//1815 1684//1815 1681//1815
f 1681//1816 1684//1816 1685//1816
f 1681//1817 1685//1817 1682//1817
f 1682//1818 1685//1818 1678//1818
f 1682//1819 1678//1819 1683//1819
f 1683//1820 1678//1820 1680//1820
f 1683//1821 1680//1821 1602//1821
f 1686//1822 1679//1822 1687//1822
f 1687//1823 1679//1823 1678//1823
f 1687//1824 1678//1824 1688//1824
f 1688//1825 1678//1825 1685//1825
f 1688//1826 1685//1826 1689//1826
f 1689//1827 1685//1827 1684//1827
f 1689//1828 1684//1828 1595//1828
f 1595//1829 1684//1829 1588//1829
f 1690//1830 1622//1830 1618//1830
f 1618//1831 1622//1831 1521//1831
f 1691//1832 1636//1832 1692//1832
f 1692//1833 1636//1833 1634//1833
f 1693//1834 1691//1834 1694//1834
f 1694//1835 1691//1835 1692//1835
f 1694//1836 1692//1836 1695//1836
f 1695//1837 1692//1837 1634//1837
f 1695//1838 1634//1838 1623//1838
f 1619//1839 1620//1839 1696//1839
f 1696//1840 1620//1840 1697//1840
f 1696//1841 1697//1841 1698//1841
f 1618//1842 1619//1842 1690//1842
f 1690//1843 1619//1843 1696//1843
f 1690//1844 1696//1844 1699//1844
f 1699//1845 1696//1845 1698//1845
f 1699//1846 1698//1846 1700//1846
f 1701//1847 1693//1847 1700//1847
f 1700//1848 1693//1848 1694//1848
f 1700//1849 1694//1849 1699//1849
f 1699//1850 1694//1850 1695//1850
f 1699//1851 1695//1851 1690//1851
f 1690//1852 1695//1852 1623//1852
f 1690//1853 1623//1853 1622//1853
f 1602//1854 1701//1854 1601//1854
f 1601//1855 1701//1855 1700//1855
f 1601//1856 1700//1856 1608//1856
f 1608//1857 1700//1857 1698//1857
f 1608//1858 1698//1858 1609//1858
f 1609//1859 1698//1859 1697//1859
f 1609//1860 1697//1860 1511//1860
f 1511//1861 1697//1861 1620//1861
f 1702//1862 1641//1862 1642//1862
f 1635//1863 1703//1863 1627//1863
f 1627//1864 1703//1864 1704//1864
f 1627//1865 1704//1865 1626//1865
f 1626//1866 1704//1866 1705//1866
f 1626//1867 1705//1867 1526//1867
f 1706//1868 1703//1868 1707//1868
f 1707//1869 1703//1869 1635//1869
f 1707//1870 1635//1870 1636//1870
f 1706//1871 1708//1871 1703//1871
f 1703//1872 1708//1872 1709//1872
f 1703//1873 1709//1873 1704//1873
f 1704//1874 1709//1874 1702//1874
f 1704//1875 1702//1875 1705//1875
f 1705//1876 1702//1876 1642//1876
f 1705//1877 1642//1877 1526//1877
f 1648//1878 1641//1878 1710//1878
f 1710//1879 1641//1879 1702//1879
f 1710//1880 1702//1880 1711//1880
f 1711//1881 1702//1881 1709//1881
f 1711//1882 1709//1882 1712//1882
f 1712//1883 1709//1883 1708//1883
f 1712//1884 1708//1884 1713//1884
f 1713//1885 1708//1885 1706//1885
f 1150//2 1654//2 1714//2
f 1714//2 1715//2 1150//2
f 1150//2 1715//2 1716//2
f 1150//2 1716//2 1717//2
f 1648//1886 1718//1886 1647//1886
f 1647//1887 1718//1887 1719//1887
f 1647//1888 1719//1888 1646//1888
f 1646//1889 1719//1889 1720//1889
f 1646//1890 1720//1890 1645//1890
f 1550//1891 1645//1891 1658//1891
f 1658//1892 1645//1892 1720//1892
f 1658//1893 1720//1893 1659//1893
f 1721//1894 1722//1894 1648//1894
f 1648//1895 1722//1895 1723//1895
f 1648//1896 1723//1896 1718//1896
f 1718//1897 1723//1897 1724//1897
f 1718//1898 1724//1898 1719//1898
f 1719//1899 1724//1899 1725//1899
f 1719//1900 1725//1900 1720//1900
f 1720//1901 1725//1901 1726//1901
f 1720//1902 1726//1902 1659//1902
f 1659//1903 1715//1903 1714//1903
f 1653//1904 1652//1904 1561//1904
f 1561//1905 1662//1905 1653//1905
f 1653//1906 1662//1906 1663//1906
f 1653//1907 1663//1907 1654//1907
f 1654//1907 1663//1907 1661//1907
f 1654//1908 1661//1908 1714//1908
f 1714//1908 1661//1908 1660//1908
f 1714//1903 1660//1903 1659//1903
f 1150//2 1727//2 1728//2
f 1728//2 1729//2 1150//2
f 1150//2 1729//2 1730//2
f 1150//2 1730//2 1666//2
f 1584//1909 1664//1909 1665//1909
f 1730//1910 1729//1910 1673//1910
f 1673//1911 1674//1911 1730//1911
f 1730//1912 1674//1912 1675//1912
f 1730//1913 1675//1913 1666//1913
f 1666//1914 1675//1914 1676//1914
f 1666//1915 1676//1915 1665//1915
f 1665//1916 1676//1916 1677//1916
f 1665//1909 1677//1909 1584//1909
f 1731//1917 1688//1917 1732//1917
f 1732//1918 1688//1918 1689//1918
f 1732//1919 1689//1919 1733//1919
f 1734//1920 1686//1920 1731//1920
f 1731//1921 1686//1921 1687//1921
f 1731//1922 1687//1922 1688//1922
f 1673//1923 1735//1923 1669//1923
f 1669//1924 1735//1924 1733//1924
f 1669//1925 1733//1925 1595//1925
f 1595//1926 1733//1926 1689//1926
f 1735//1927 1736//1927 1733//1927
f 1733//1928 1736//1928 1737//1928
f 1733//1929 1737//1929 1732//1929
f 1732//1930 1737//1930 1738//1930
f 1732//1931 1738//1931 1731//1931
f 1731//1932 1738//1932 1739//1932
f 1731//1933 1739//1933 1734//1933
f 1740//1934 1706//1934 1707//1934
f 1701//1935 1741//1935 1693//1935
f 1693//1936 1741//1936 1742//1936
f 1693//1937 1742//1937 1691//1937
f 1691//1938 1742//1938 1743//1938
f 1691//1939 1743//1939 1636//1939
f 1679//1940 1741//1940 1680//1940
f 1680//1941 1741//1941 1701//1941
f 1680//1942 1701//1942 1602//1942
f 1679//1943 1744//1943 1741//1943
f 1741//1944 1744//1944 1745//1944
f 1741//1945 1745//1945 1742//1945
f 1742//1946 1745//1946 1740//1946
f 1742//1947 1740//1947 1743//1947
f 1743//1948 1740//1948 1707//1948
f 1743//1949 1707//1949 1636//1949
f 1713//1950 1706//1950 1746//1950
f 1746//1951 1706//1951 1740//1951
f 1746//1952 1740//1952 1747//1952
f 1747//1953 1740//1953 1745//1953
f 1747//1954 1745//1954 1748//1954
f 1748//1955 1745//1955 1744//1955
f 1748//1956 1744//1956 1686//1956
f 1686//1957 1744//1957 1679//1957
f 1150//2 1717//2 1749//2
f 1749//2 1750//2 1150//2
f 1150//2 1750//2 1751//2
f 1150//2 1751//2 1752//2
f 1713//1958 1753//1958 1712//1958
f 1712//1959 1753//1959 1754//1959
f 1712//1960 1754//1960 1711//1960
f 1721//1961 1648//1961 1755//1961
f 1755//1962 1648//1962 1710//1962
f 1755//1963 1710//1963 1756//1963
f 1756//1964 1710//1964 1711//1964
f 1756//1965 1711//1965 1757//1965
f 1757//1966 1711//1966 1754//1966
f 1721//1967 1750//1967 1749//1967
f 1717//1968 1716//1968 1725//1968
f 1715//1969 1659//1969 1716//1969
f 1716//1970 1659//1970 1726//1970
f 1716//1971 1726//1971 1725//1971
f 1725//1968 1724//1968 1717//1968
f 1717//1972 1724//1972 1723//1972
f 1717//1973 1723//1973 1749//1973
f 1749//1974 1723//1974 1722//1974
f 1749//1967 1722//1967 1721//1967
f 1150//2 1758//2 1759//2
f 1759//2 1760//2 1150//2
f 1150//2 1760//2 1761//2
f 1150//2 1761//2 1727//2
f 1150//2 1752//2 1762//2
f 1762//2 1763//2 1150//2
f 1150//2 1763//2 1764//2
f 1150//2 1764//2 1758//2
f 1673//1975 1729//1975 1728//1975
f 1727//1976 1761//1976 1738//1976
f 1760//1977 1734//1977 1761//1977
f 1761//1978 1734//1978 1739//1978
f 1761//1979 1739//1979 1738//1979
f 1738//1976 1737//1976 1727//1976
f 1727//1980 1737//1980 1736//1980
f 1727//1981 1736//1981 1728//1981
f 1728//1982 1736//1982 1735//1982
f 1728//1975 1735//1975 1673//1975
f 1748//1983 1686//1983 1734//1983
f 1734//1984 1765//1984 1748//1984
f 1748//1985 1765//1985 1766//1985
f 1748//1986 1766//1986 1747//1986
f 1747//1987 1766//1987 1767//1987
f 1747//1988 1767//1988 1746//1988
f 1753//1989 1713//1989 1768//1989
f 1768//1990 1713//1990 1746//1990
f 1768//1991 1746//1991 1769//1991
f 1769//1992 1746//1992 1767//1992
f 1753//1993 1763//1993 1762//1993
f 1751//1994 1750//1994 1721//1994
f 1721//1995 1755//1995 1751//1995
f 1751//1996 1755//1996 1756//1996
f 1751//1997 1756//1997 1752//1997
f 1752//1997 1756//1997 1757//1997
f 1752//1998 1757//1998 1762//1998
f 1762//1998 1757//1998 1754//1998
f 1762//1993 1754//1993 1753//1993
f 1734//1999 1760//1999 1759//1999
f 1764//2000 1763//2000 1753//2000
f 1753//2001 1768//2001 1764//2001
f 1764//2002 1768//2002 1769//2002
f 1764//2003 1769//2003 1758//2003
f 1769//2003 1767//2003 1758//2003
f 1758//2004 1767//2004 1766//2004
f 1758//2005 1766//2005 1759//2005
f 1759//2006 1766//2006 1765//2006
f 1759//1999 1765//1999 1734//1999
f 794//1 795//1 865//1
f 819//1 821//1 798//1
f 838//1 796//1 836//1
f 836//1 796//1 797//1
f 924//1 926//1 810//1
f 865//1 830//1 794//1
f 794//1 830//1 828//1
f 794//1 828//1 793//1
f 793//1 828//1 826//1
f 793//1 826//1 792//1
f 838//1 840//1 796//1
f 796//1 840//1 842//1
f 796//1 842//1 795//1
f 795//1 842//1 863//1
f 795//1 863//1 865//1
f 821//1 823//1 798//1
f 798//1 823//1 824//1
f 798//1 824//1 797//1
f 797//1 824//1 816//1
f 797//1 816//1 836//1
f 800//1 849//1 799//1
f 799//1 849//1 850//1
f 799//1 850//1 798//1
f 798//1 850//1 846//1
f 798//1 846//1 853//1
f 802//1 803//1 885//1
f 805//1 914//1 804//1
f 804//1 914//1 893//1
f 804//1 893//1 895//1
f 806//1 918//1 805//1
f 805//1 918//1 916//1
f 805//1 916//1 914//1
f 926//1 928//1 810//1
f 810//1 928//1 929//1
f 810//1 929//1 809//1
f 809//1 929//1 923//1
f 809//1 923//1 808//1
f 812//1 906//1 811//1
f 811//1 906//1 907//1
f 811//1 907//1 810//1
f 810//1 907//1 905//1
f 810//1 905//1 912//1
f 813//1 888//1 812//1
f 812//1 888//1 890//1
f 812//1 890//1 906//1
f 885//1 803//1 902//1
f 902//1 803//1 804//1
f 902//1 804//1 901//1
f 895//1 897//1 804//1
f 804//1 897//1 899//1
f 804//1 899//1 901//1
f 934//1 932//1 807//1
f 807//1 932//1 930//1
f 807//1 930//1 806//1
f 806//1 930//1 920//1
f 806//1 920//1 918//1
f 826//1 835//1 792//1
f 792//1 835//1 834//1
f 792//1 834//1 832//1
f 853//1 852//1 798//1
f 798//1 852//1 817//1
f 798//1 817//1 819//1
f 792//1 857//1 791//1
f 791//1 857//1 855//1
f 791//1 855//1 790//1
f 790//1 855//1 876//1
f 790//1 876//1 878//1
f 878//1 879//1 790//1
f 790//1 879//1 875//1
f 790//1 875//1 813//1
f 813//1 875//1 886//1
f 813//1 886//1 888//1
f 832//1 861//1 792//1
f 792//1 861//1 859//1
f 792//1 859//1 857//1
f 912//1 911//1 810//1
f 810//1 911//1 909//1
f 810//1 909//1 924//1
f 885//1 883//1 802//1
f 802//1 883//1 881//1
f 802//1 881//1 801//1
f 801//1 881//1 869//1
f 801//1 869//1 867//1
f 867//1 872//1 801//1
f 801//1 872//1 871//1
f 801//1 871//1 800//1
f 800//1 871//1 847//1
f 800//1 847//1 849//1
f 923//1 940//1 808//1
f 808//1 940//1 938//1
f 808//1 938//1 807//1
f 807//1 938//1 936//1
f 807//1 936//1 934//1
f 1770//219 588//219 266//219
f 1770//219 266//219 1771//219
f 266//219 265//219 1772//219
f 266//219 1773//219 1774//219
f 1772//219 1775//219 266//219
f 266//219 1775//219 1776//219
f 266//219 1776//219 1773//219
f 1774//219 1777//219 266//219
f 266//219 1777//219 1778//219
f 266//219 1778//219 1771//219
f 1779//220 245//220 244//220
f 1779//220 244//220 1780//220
f 1781//220 244//220 1782//220
f 1782//220 244//220 520//220
f 1781//220 1783//220 244//220
f 244//220 1783//220 1784//220
f 244//220 1784//220 1785//220
f 1785//220 1786//220 244//220
f 244//220 1786//220 1787//220
f 244//220 1787//220 1780//220
f 251//2007 1788//2007 252//2007
f 252//2008 1788//2008 1789//2008
f 252//2009 1789//2009 268//2009
f 552//2010 592//2010 1790//2010
f 251//2011 1791//2011 1788//2011
f 1788//2012 1791//2012 1792//2012
f 1788//2013 1792//2013 1793//2013
f 1793//2013 1792//2013 1794//2013
f 1793//2014 1794//2014 1795//2014
f 1795//2014 1794//2014 1796//2014
f 1795//2015 1796//2015 1797//2015
f 1797//2015 1796//2015 1798//2015
f 1797//2016 1798//2016 1799//2016
f 1799//2016 1798//2016 1800//2016
f 1799//2017 1800//2017 1801//2017
f 1801//2017 1800//2017 1802//2017
f 1801//2018 1802//2018 1803//2018
f 1803//2018 1802//2018 1804//2018
f 1803//2019 1804//2019 1790//2019
f 1790//2019 1804//2019 1805//2019
f 1790//2010 1805//2010 552//2010
f 552//2010 1805//2010 553//2010
f 282//2020 281//2020 1806//2020
f 277//2021 268//2021 1789//2021
f 281//2022 274//2022 1807//2022
f 274//2023 272//2023 1807//2023
f 1807//2024 272//2024 270//2024
f 1807//2025 270//2025 277//2025
f 1772//2026 265//2026 282//2026
f 1808//2027 593//2027 596//2027
f 598//2028 597//2028 1809//2028
f 1809//2029 597//2029 594//2029
f 1790//2030 592//2030 591//2030
f 282//2031 1806//2031 1772//2031
f 1772//2032 1806//2032 1810//2032
f 1772//2033 1810//2033 1775//2033
f 1775//2034 1810//2034 1811//2034
f 1775//2034 1811//2034 1776//2034
f 1776//2035 1811//2035 1812//2035
f 1776//2035 1812//2035 1773//2035
f 1773//2036 1812//2036 1813//2036
f 1773//2036 1813//2036 1774//2036
f 1774//2037 1813//2037 1814//2037
f 1774//2037 1814//2037 1777//2037
f 1777//2038 1814//2038 1815//2038
f 1777//2039 1815//2039 1778//2039
f 1778//2040 1815//2040 1816//2040
f 1778//2040 1816//2040 1771//2040
f 1771//2041 1816//2041 1808//2041
f 1771//2042 1808//2042 1770//2042
f 1770//2043 1808//2043 596//2043
f 1770//2044 596//2044 588//2044
f 281//2045 1807//2045 1806//2045
f 1806//2046 1807//2046 1817//2046
f 1806//2046 1817//2046 1810//2046
f 1810//2047 1817//2047 1818//2047
f 1810//2047 1818//2047 1811//2047
f 1811//2048 1818//2048 1819//2048
f 1811//2048 1819//2048 1812//2048
f 1812//2049 1819//2049 1820//2049
f 1812//2049 1820//2049 1813//2049
f 1813//2050 1820//2050 1821//2050
f 1813//2050 1821//2050 1814//2050
f 1814//2051 1821//2051 1822//2051
f 1814//2051 1822//2051 1815//2051
f 1815//2052 1822//2052 1823//2052
f 1815//2053 1823//2053 1816//2053
f 1816//2054 1823//2054 1809//2054
f 1816//2054 1809//2054 1808//2054
f 1808//2055 1809//2055 594//2055
f 1808//2056 594//2056 593//2056
f 277//2057 1789//2057 1807//2057
f 1807//2058 1789//2058 1788//2058
f 1807//2059 1788//2059 1817//2059
f 1817//2060 1788//2060 1793//2060
f 1817//2060 1793//2060 1818//2060
f 1818//2061 1793//2061 1795//2061
f 1818//2061 1795//2061 1819//2061
f 1819//2062 1795//2062 1797//2062
f 1819//2062 1797//2062 1820//2062
f 1820//2063 1797//2063 1799//2063
f 1820//2063 1799//2063 1821//2063
f 1821//2064 1799//2064 1801//2064
f 1821//2064 1801//2064 1822//2064
f 1822//2065 1801//2065 1803//2065
f 1822//2065 1803//2065 1823//2065
f 1823//2066 1803//2066 1790//2066
f 1823//2066 1790//2066 1809//2066
f 1809//2067 1790//2067 591//2067
f 1809//2068 591//2068 598//2068
f 554//2069 553//2069 1805//2069
f 419//2070 420//2070 1824//2070
f 420//2071 434//2071 1825//2071
f 419//2072 1824//2072 417//2072
f 1782//2073 520//2073 417//2073
f 1826//2074 248//2074 247//2074
f 257//2075 255//2075 1827//2075
f 1827//2076 255//2076 254//2076
f 1791//2077 251//2077 258//2077
f 434//2078 556//2078 1825//2078
f 1825//2079 556//2079 555//2079
f 1825//2080 555//2080 554//2080
f 417//2081 1824//2081 1782//2081
f 1782//2082 1824//2082 1828//2082
f 1782//2083 1828//2083 1781//2083
f 1781//2084 1828//2084 1829//2084
f 1781//2084 1829//2084 1783//2084
f 1783//2085 1829//2085 1830//2085
f 1783//2085 1830//2085 1784//2085
f 1784//2086 1830//2086 1831//2086
f 1784//2086 1831//2086 1785//2086
f 1785//2087 1831//2087 1832//2087
f 1785//2087 1832//2087 1786//2087
f 1786//2088 1832//2088 1833//2088
f 1786//2088 1833//2088 1787//2088
f 1787//2089 1833//2089 1834//2089
f 1787//2089 1834//2089 1780//2089
f 1780//2090 1834//2090 1826//2090
f 1780//2090 1826//2090 1779//2090
f 1779//2091 1826//2091 247//2091
f 1779//2092 247//2092 245//2092
f 420//2093 1825//2093 1824//2093
f 1824//2094 1825//2094 1835//2094
f 1824//2094 1835//2094 1828//2094
f 1828//2095 1835//2095 1836//2095
f 1828//2096 1836//2096 1829//2096
f 1829//2097 1836//2097 1837//2097
f 1829//2097 1837//2097 1830//2097
f 1830//2098 1837//2098 1838//2098
f 1830//2098 1838//2098 1831//2098
f 1831//2099 1838//2099 1839//2099
f 1831//2099 1839//2099 1832//2099
f 1832//2100 1839//2100 1840//2100
f 1832//2100 1840//2100 1833//2100
f 1833//2101 1840//2101 1841//2101
f 1833//2101 1841//2101 1834//2101
f 1834//2102 1841//2102 1827//2102
f 1834//2102 1827//2102 1826//2102
f 1826//2103 1827//2103 254//2103
f 1826//2104 254//2104 248//2104
f 554//2105 1805//2105 1825//2105
f 1825//2106 1805//2106 1804//2106
f 1825//2106 1804//2106 1835//2106
f 1835//2107 1804//2107 1802//2107
f 1835//2107 1802//2107 1836//2107
f 1836//2108 1802//2108 1800//2108
f 1836//2109 1800//2109 1837//2109
f 1837//2110 1800//2110 1798//2110
f 1837//2110 1798//2110 1838//2110
f 1838//2111 1798//2111 1796//2111
f 1838//2111 1796//2111 1839//2111
f 1839//2112 1796//2112 1794//2112
f 1839//2112 1794//2112 1840//2112
f 1840//2113 1794//2113 1792//2113
f 1840//2113 1792//2113 1841//2113
f 1841//2114 1792//2114 1791//2114
f 1841//2114 1791//2114 1827//2114
f 1827//2115 1791//2115 258//2115
f 1827//2116 258//2116 257//2116
f 565//2117 564//2117 1842//2117
f 1842//2117 564//2117 1843//2117
f 1842//2118 1843//2118 1844//2118
f 1844//2118 1843//2118 1845//2118
f 1844//2119 1845//2119 1846//2119
f 1846//2119 1845//2119 1847//2119
f 1846//2120 1847//2120 1848//2120
f 1848//2120 1847//2120 1849//2120
f 1848//2121 1849//2121 1850//2121
f 1850//2121 1849//2121 1851//2121
f 1850//2122 1851//2122 1852//2122
f 1852//2122 1851//2122 1853//2122
f 1852//2123 1853//2123 1854//2123
f 1854//2123 1853//2123 1855//2123
f 1854//2124 1855//2124 1856//2124
f 1856//2124 1855//2124 1857//2124
f 1856//2125 1857//2125 1858//2125
f 1858//2125 1857//2125 1859//2125
f 1858//2126 1859//2126 150//2126
f 150//2126 1859//2126 153//2126
f 143//220 145//220 1860//220
f 1861//2127 1862//2127 143//2127
f 143//2127 1862//2127 1863//2127
f 143//220 1863//220 1864//220
f 1864//220 1865//220 143//220
f 143//220 1865//220 1866//220
f 143//220 1866//220 557//220
f 1860//220 1867//220 143//220
f 143//220 1867//220 1868//220
f 143//220 1868//220 1861//220
f 155//219 572//219 1869//219
f 1870//219 1871//219 155//219
f 155//219 1871//219 1872//219
f 155//219 1872//219 1873//219
f 1873//219 1874//219 155//219
f 155//219 1874//219 1875//219
f 155//219 1875//219 156//219
f 1869//219 1876//219 155//219
f 155//219 1876//219 1877//219
f 155//219 1877//219 1870//219
f 146//2128 142//2128 1878//2128
f 138//2129 153//2129 1859//2129
f 1879//2130 559//2130 558//2130
f 1880//2131 561//2131 560//2131
f 562//2132 1843//2132 563//2132
f 563//2133 1843//2133 564//2133
f 1881//2134 139//2134 138//2134
f 142//2135 141//2135 1881//2135
f 1881//2136 141//2136 140//2136
f 1881//2137 140//2137 139//2137
f 146//2138 1878//2138 145//2138
f 145//2139 1878//2139 1860//2139
f 1860//2140 1878//2140 1882//2140
f 1860//2140 1882//2140 1867//2140
f 1867//2141 1882//2141 1883//2141
f 1867//2141 1883//2141 1868//2141
f 1868//2142 1883//2142 1884//2142
f 1868//2143 1884//2143 1861//2143
f 1861//2144 1884//2144 1885//2144
f 1861//2144 1885//2144 1862//2144
f 1862//2145 1885//2145 1886//2145
f 1862//2145 1886//2145 1863//2145
f 1863//2146 1886//2146 1887//2146
f 1863//2147 1887//2147 1864//2147
f 1864//2148 1887//2148 1888//2148
f 1864//2149 1888//2149 1865//2149
f 1865//2150 1888//2150 1879//2150
f 1865//2150 1879//2150 1866//2150
f 1866//2151 1879//2151 558//2151
f 1866//2152 558//2152 557//2152
f 142//2153 1881//2153 1878//2153
f 1878//2154 1881//2154 1889//2154
f 1878//2154 1889//2154 1882//2154
f 1882//2155 1889//2155 1890//2155
f 1882//2155 1890//2155 1883//2155
f 1883//2156 1890//2156 1891//2156
f 1883//2156 1891//2156 1884//2156
f 1884//2157 1891//2157 1892//2157
f 1884//2157 1892//2157 1885//2157
f 1885//2158 1892//2158 1893//2158
f 1885//2158 1893//2158 1886//2158
f 1886//2159 1893//2159 1894//2159
f 1886//2159 1894//2159 1887//2159
f 1887//2160 1894//2160 1895//2160
f 1887//2160 1895//2160 1888//2160
f 1888//2161 1895//2161 1880//2161
f 1888//2161 1880//2161 1879//2161
f 1879//2162 1880//2162 560//2162
f 1879//2163 560//2163 559//2163
f 138//2164 1859//2164 1881//2164
f 1881//2165 1859//2165 1857//2165
f 1881//2165 1857//2165 1889//2165
f 1889//2166 1857//2166 1855//2166
f 1889//2166 1855//2166 1890//2166
f 1890//2167 1855//2167 1853//2167
f 1890//2167 1853//2167 1891//2167
f 1891//2168 1853//2168 1851//2168
f 1891//2168 1851//2168 1892//2168
f 1892//2169 1851//2169 1849//2169
f 1892//2169 1849//2169 1893//2169
f 1893//2170 1849//2170 1847//2170
f 1893//2170 1847//2170 1894//2170
f 1894//2171 1847//2171 1845//2171
f 1894//2171 1845//2171 1895//2171
f 1895//2172 1845//2172 1843//2172
f 1895//2172 1843//2172 1880//2172
f 1880//2173 1843//2173 562//2173
f 1880//2174 562//2174 561//2174
f 571//2175 570//2175 1896//2175
f 157//2176 156//2176 1875//2176
f 159//2177 158//2177 1897//2177
f 1897//2178 158//2178 157//2178
f 161//2179 160//2179 1898//2179
f 1898//2180 160//2180 159//2180
f 161//2181 1858//2181 148//2181
f 148//2182 1858//2182 150//2182
f 569//2183 568//2183 1899//2183
f 1899//2184 568//2184 567//2184
f 1899//2185 567//2185 566//2185
f 161//2186 1898//2186 1858//2186
f 1858//2187 1898//2187 1900//2187
f 1858//2187 1900//2187 1856//2187
f 1856//2188 1900//2188 1901//2188
f 1856//2188 1901//2188 1854//2188
f 1854//2189 1901//2189 1902//2189
f 1854//2189 1902//2189 1852//2189
f 1852//2190 1902//2190 1903//2190
f 1852//2190 1903//2190 1850//2190
f 1850//2191 1903//2191 1904//2191
f 1850//2191 1904//2191 1848//2191
f 1848//2192 1904//2192 1905//2192
f 1848//2192 1905//2192 1846//2192
f 1846//2193 1905//2193 1906//2193
f 1846//2193 1906//2193 1844//2193
f 1844//2194 1906//2194 1899//2194
f 1844//2194 1899//2194 1842//2194
f 1842//2195 1899//2195 566//2195
f 1842//2196 566//2196 565//2196
f 159//2197 1897//2197 1898//2197
f 1898//2198 1897//2198 1907//2198
f 1898//2198 1907//2198 1900//2198
f 1900//2199 1907//2199 1908//2199
f 1900//2199 1908//2199 1901//2199
f 1901//2200 1908//2200 1909//2200
f 1901//2200 1909//2200 1902//2200
f 1902//2201 1909//2201 1910//2201
f 1902//2202 1910//2202 1903//2202
f 1903//2203 1910//2203 1911//2203
f 1903//2204 1911//2204 1904//2204
f 1904//2205 1911//2205 1912//2205
f 1904//2205 1912//2205 1905//2205
f 1905//2206 1912//2206 1913//2206
f 1905//2206 1913//2206 1906//2206
f 1906//2207 1913//2207 1896//2207
f 1906//2207 1896//2207 1899//2207
f 1899//2208 1896//2208 570//2208
f 1899//2209 570//2209 569//2209
f 157//2210 1875//2210 1897//2210
f 1897//2211 1875//2211 1874//2211
f 1897//2211 1874//2211 1907//2211
f 1907//2212 1874//2212 1873//2212
f 1907//2213 1873//2213 1908//2213
f 1908//2214 1873//2214 1872//2214
f 1908//2215 1872//2215 1909//2215
f 1909//2216 1872//2216 1871//2216
f 1909//2217 1871//2217 1910//2217
f 1910//2218 1871//2218 1870//2218
f 1910//2218 1870//2218 1911//2218
f 1911//2219 1870//2219 1877//2219
f 1911//2219 1877//2219 1912//2219
f 1912//2220 1877//2220 1876//2220
f 1912//2220 1876//2220 1913//2220
f 1913//2221 1876//2221 1869//2221
f 1913//2221 1869//2221 1896//2221
f 1896//2222 1869//2222 572//2222
f 1896//2223 572//2223 571//2223
f 1914//219 687//219 215//219
f 1915//219 1916//219 215//219
f 215//219 1916//219 1917//219
f 215//219 1917//219 1914//219
f 214//219 1918//219 215//219
f 215//219 1918//219 1919//219
f 215//219 1919//219 1920//219
f 1920//219 1921//219 215//219
f 215//219 1921//219 1922//219
f 215//219 1922//219 1915//219
f 1923//220 1924//220 179//220
f 179//220 1924//220 1925//220
f 179//220 1925//220 175//220
f 179//220 716//220 1926//220
f 179//220 1926//220 1923//220
f 1923//220 1926//220 1927//220
f 1923//220 1927//220 1928//220
f 1928//220 1929//220 1923//220
f 1923//220 1929//220 1930//220
f 1923//220 1930//220 1931//220
f 1932//2009 221//2009 169//2009
f 1933//2012 1932//2012 1934//2012
f 1934//2224 1932//2224 169//2224
f 1934//2225 169//2225 1935//2225
f 1935//2009 169//2009 135//2009
f 681//2010 680//2010 1936//2010
f 681//2010 1936//2010 723//2010
f 1933//2013 1934//2013 1937//2013
f 1937//2013 1934//2013 1938//2013
f 1937//2014 1938//2014 1939//2014
f 1939//2014 1938//2014 1940//2014
f 1939//2015 1940//2015 1941//2015
f 1941//2015 1940//2015 1942//2015
f 1941//2016 1942//2016 1943//2016
f 1943//2016 1942//2016 1944//2016
f 1943//2017 1944//2017 1945//2017
f 1945//2017 1944//2017 1946//2017
f 1945//2018 1946//2018 1947//2018
f 1947//2018 1946//2018 1948//2018
f 1947//2019 1948//2019 1936//2019
f 1936//2019 1948//2019 1949//2019
f 1936//2010 1949//2010 723//2010
f 229//2020 227//2020 1950//2020
f 222//2021 221//2021 1932//2021
f 227//2022 226//2022 1951//2022
f 226//2023 225//2023 1951//2023
f 1951//2226 225//2226 224//2226
f 1951//2025 224//2025 222//2025
f 1918//2026 214//2026 229//2026
f 1952//2027 689//2027 688//2027
f 694//2227 692//2227 1953//2227
f 1953//2029 692//2029 690//2029
f 1936//2228 680//2228 686//2228
f 229//2031 1950//2031 1918//2031
f 1918//2032 1950//2032 1954//2032
f 1918//2032 1954//2032 1919//2032
f 1919//2034 1954//2034 1955//2034
f 1919//2034 1955//2034 1920//2034
f 1920//2035 1955//2035 1956//2035
f 1920//2035 1956//2035 1921//2035
f 1921//2036 1956//2036 1957//2036
f 1921//2036 1957//2036 1922//2036
f 1922//2037 1957//2037 1958//2037
f 1922//2037 1958//2037 1915//2037
f 1915//2038 1958//2038 1959//2038
f 1915//2038 1959//2038 1916//2038
f 1916//2040 1959//2040 1960//2040
f 1916//2040 1960//2040 1917//2040
f 1917//2041 1960//2041 1952//2041
f 1917//2042 1952//2042 1914//2042
f 1914//2043 1952//2043 688//2043
f 1914//2044 688//2044 687//2044
f 227//2045 1951//2045 1950//2045
f 1950//2046 1951//2046 1961//2046
f 1950//2046 1961//2046 1954//2046
f 1954//2047 1961//2047 1962//2047
f 1954//2229 1962//2229 1955//2229
f 1955//2048 1962//2048 1963//2048
f 1955//2048 1963//2048 1956//2048
f 1956//2049 1963//2049 1964//2049
f 1956//2049 1964//2049 1957//2049
f 1957//2050 1964//2050 1965//2050
f 1957//2050 1965//2050 1958//2050
f 1958//2051 1965//2051 1966//2051
f 1958//2051 1966//2051 1959//2051
f 1959//2052 1966//2052 1967//2052
f 1959//2052 1967//2052 1960//2052
f 1960//2054 1967//2054 1953//2054
f 1960//2054 1953//2054 1952//2054
f 1952//2055 1953//2055 690//2055
f 1952//2230 690//2230 689//2230
f 222//2057 1932//2057 1951//2057
f 1951//2059 1932//2059 1933//2059
f 1951//2059 1933//2059 1961//2059
f 1961//2060 1933//2060 1937//2060
f 1961//2060 1937//2060 1962//2060
f 1962//2061 1937//2061 1939//2061
f 1962//2061 1939//2061 1963//2061
f 1963//2062 1939//2062 1941//2062
f 1963//2062 1941//2062 1964//2062
f 1964//2063 1941//2063 1943//2063
f 1964//2063 1943//2063 1965//2063
f 1965//2064 1943//2064 1945//2064
f 1965//2064 1945//2064 1966//2064
f 1966//2065 1945//2065 1947//2065
f 1966//2065 1947//2065 1967//2065
f 1967//2066 1947//2066 1936//2066
f 1967//2066 1936//2066 1953//2066
f 1953//2067 1936//2067 686//2067
f 1953//2068 686//2068 694//2068
f 717//2231 718//2231 1968//2231
f 721//2069 723//2069 1949//2069
f 479//2232 480//2232 1969//2232
f 1969//2233 480//2233 176//2233
f 133//2234 131//2234 1970//2234
f 1970//2235 131//2235 130//2235
f 1935//2236 135//2236 134//2236
f 718//2237 715//2237 1971//2237
f 715//2238 714//2238 1971//2238
f 1971//2079 714//2079 719//2079
f 1971//2080 719//2080 721//2080
f 1926//2239 716//2239 717//2239
f 717//2240 1968//2240 1926//2240
f 1926//2082 1968//2082 1972//2082
f 1926//2082 1972//2082 1927//2082
f 1927//2084 1972//2084 1973//2084
f 1927//2084 1973//2084 1928//2084
f 1928//2085 1973//2085 1974//2085
f 1928//2085 1974//2085 1929//2085
f 1929//2086 1974//2086 1975//2086
f 1929//2086 1975//2086 1930//2086
f 1930//2087 1975//2087 1976//2087
f 1930//2087 1976//2087 1931//2087
f 1931//2088 1976//2088 1977//2088
f 1931//2088 1977//2088 1923//2088
f 1923//2089 1977//2089 1978//2089
f 1923//2089 1978//2089 1924//2089
f 1924//2090 1978//2090 1969//2090
f 1924//2090 1969//2090 1925//2090
f 1925//2241 1969//2241 176//2241
f 1925//2242 176//2242 175//2242
f 718//2243 1971//2243 1968//2243
f 1968//2094 1971//2094 1979//2094
f 1968//2094 1979//2094 1972//2094
f 1972//2095 1979//2095 1980//2095
f 1972//2095 1980//2095 1973//2095
f 1973//2097 1980//2097 1981//2097
f 1973//2097 1981//2097 1974//2097
f 1974//2098 1981//2098 1982//2098
f 1974//2098 1982//2098 1975//2098
f 1975//2099 1982//2099 1983//2099
f 1975//2099 1983//2099 1976//2099
f 1976//2100 1983//2100 1984//2100
f 1976//2100 1984//2100 1977//2100
f 1977//2101 1984//2101 1985//2101
f 1977//2244 1985//2244 1978//2244
f 1978//2102 1985//2102 1970//2102
f 1978//2102 1970//2102 1969//2102
f 1969//2245 1970//2245 130//2245
f 1969//2246 130//2246 479//2246
f 721//2105 1949//2105 1971//2105
f 1971//2247 1949//2247 1948//2247
f 1971//2106 1948//2106 1979//2106
f 1979//2107 1948//2107 1946//2107
f 1979//2107 1946//2107 1980//2107
f 1980//2109 1946//2109 1944//2109
f 1980//2109 1944//2109 1981//2109
f 1981//2110 1944//2110 1942//2110
f 1981//2110 1942//2110 1982//2110
f 1982//2111 1942//2111 1940//2111
f 1982//2111 1940//2111 1983//2111
f 1983//2112 1940//2112 1938//2112
f 1983//2112 1938//2112 1984//2112
f 1984//2113 1938//2113 1934//2113
f 1984//2113 1934//2113 1985//2113
f 1985//2114 1934//2114 1935//2114
f 1985//2114 1935//2114 1970//2114
f 1970//2115 1935//2115 134//2115
f 1970//2248 134//2248 133//2248
f 1986//219 730//219 732//219
f 753//219 1987//219 732//219
f 732//219 1987//219 1988//219
f 732//219 1988//219 1986//219
f 1986//219 1988//219 1989//219
f 1986//219 1989//219 1990//219
f 1990//219 1989//219 1991//219
f 1991//219 1992//219 1990//219
f 1990//219 1992//219 1993//219
f 1990//219 1993//219 1994//219
f 1995//220 117//220 116//220
f 1995//220 116//220 1996//220
f 701//220 1997//220 116//220
f 116//220 1997//220 1998//220
f 1998//220 1999//220 116//220
f 116//220 1999//220 2000//220
f 116//220 2000//220 2001//220
f 2001//220 2002//220 116//220
f 116//220 2002//220 2003//220
f 116//220 2003//220 1996//220
f 698//2010 736//2010 2004//2010
f 45//2009 99//2009 2005//2009
f 699//2010 698//2010 2006//2010
f 2006//2010 698//2010 2004//2010
f 2006//2019 2004//2019 2007//2019
f 2007//2019 2004//2019 2008//2019
f 2007//2018 2008//2018 2009//2018
f 2009//2018 2008//2018 2010//2018
f 2009//2017 2010//2017 2011//2017
f 2011//2017 2010//2017 2012//2017
f 2011//2016 2012//2016 2013//2016
f 2013//2016 2012//2016 2014//2016
f 2013//2015 2014//2015 2015//2015
f 2015//2015 2014//2015 2016//2015
f 2015//2014 2016//2014 2017//2014
f 2017//2014 2016//2014 2018//2014
f 2017//2013 2018//2013 2019//2013
f 2019//2013 2018//2013 2020//2013
f 2019//2012 2020//2012 2005//2012
f 2005//2012 2020//2012 2021//2012
f 2005//2009 2021//2009 45//2009
f 45//2009 2021//2009 47//2009
f 497//2249 498//2249 2022//2249
f 48//2021 47//2021 2021//2021
f 498//2250 52//2250 2023//2250
f 52//2251 51//2251 2023//2251
f 2023//2226 51//2226 49//2226
f 2023//2025 49//2025 48//2025
f 497//2252 2022//2252 495//2252
f 1987//2253 753//2253 495//2253
f 2024//2027 738//2027 737//2027
f 743//2227 742//2227 2025//2227
f 2025//2029 742//2029 740//2029
f 2004//2228 736//2228 734//2228
f 495//2254 2022//2254 1987//2254
f 1987//2033 2022//2033 2026//2033
f 1987//2032 2026//2032 1988//2032
f 1988//2034 2026//2034 2027//2034
f 1988//2034 2027//2034 1989//2034
f 1989//2035 2027//2035 2028//2035
f 1989//2035 2028//2035 1991//2035
f 1991//2036 2028//2036 2029//2036
f 1991//2036 2029//2036 1992//2036
f 1992//2037 2029//2037 2030//2037
f 1992//2037 2030//2037 1993//2037
f 1993//2038 2030//2038 2031//2038
f 1993//2038 2031//2038 1994//2038
f 1994//2040 2031//2040 2032//2040
f 1994//2040 2032//2040 1990//2040
f 1990//2041 2032//2041 2024//2041
f 1990//2041 2024//2041 1986//2041
f 1986//2255 2024//2255 737//2255
f 1986//2044 737//2044 730//2044
f 498//2256 2023//2256 2022//2256
f 2022//2046 2023//2046 2033//2046
f 2022//2046 2033//2046 2026//2046
f 2026//2047 2033//2047 2034//2047
f 2026//2229 2034//2229 2027//2229
f 2027//2048 2034//2048 2035//2048
f 2027//2048 2035//2048 2028//2048
f 2028//2049 2035//2049 2036//2049
f 2028//2049 2036//2049 2029//2049
f 2029//2050 2036//2050 2037//2050
f 2029//2050 2037//2050 2030//2050
f 2030//2051 2037//2051 2038//2051
f 2030//2051 2038//2051 2031//2051
f 2031//2052 2038//2052 2039//2052
f 2031//2052 2039//2052 2032//2052
f 2032//2054 2039//2054 2025//2054
f 2032//2054 2025//2054 2024//2054
f 2024//2055 2025//2055 740//2055
f 2024//2230 740//2230 738//2230
f 48//2057 2021//2057 2023//2057
f 2023//2059 2021//2059 2020//2059
f 2023//2059 2020//2059 2033//2059
f 2033//2060 2020//2060 2018//2060
f 2033//2060 2018//2060 2034//2060
f 2034//2061 2018//2061 2016//2061
f 2034//2061 2016//2061 2035//2061
f 2035//2062 2016//2062 2014//2062
f 2035//2062 2014//2062 2036//2062
f 2036//2063 2014//2063 2012//2063
f 2036//2063 2012//2063 2037//2063
f 2037//2064 2012//2064 2010//2064
f 2037//2064 2010//2064 2038//2064
f 2038//2065 2010//2065 2008//2065
f 2038//2065 2008//2065 2039//2065
f 2039//2066 2008//2066 2004//2066
f 2039//2257 2004//2257 2025//2257
f 2025//2067 2004//2067 734//2067
f 2025//2068 734//2068 743//2068
f 702//2231 712//2231 2040//2231
f 713//2069 699//2069 2006//2069
f 2041//2074 100//2074 103//2074
f 105//2258 104//2258 2042//2258
f 2042//2076 104//2076 101//2076
f 2005//2236 99//2236 106//2236
f 712//2237 707//2237 2043//2237
f 707//2238 706//2238 2043//2238
f 2043//2079 706//2079 704//2079
f 2043//2080 704//2080 713//2080
f 1997//2239 701//2239 702//2239
f 702//2240 2040//2240 1997//2240
f 1997//2083 2040//2083 2044//2083
f 1997//2082 2044//2082 1998//2082
f 1998//2084 2044//2084 2045//2084
f 1998//2084 2045//2084 1999//2084
f 1999//2085 2045//2085 2046//2085
f 1999//2085 2046//2085 2000//2085
f 2000//2086 2046//2086 2047//2086
f 2000//2086 2047//2086 2001//2086
f 2001//2087 2047//2087 2048//2087
f 2001//2087 2048//2087 2002//2087
f 2002//2088 2048//2088 2049//2088
f 2002//2259 2049//2259 2003//2259
f 2003//2089 2049//2089 2050//2089
f 2003//2089 2050//2089 1996//2089
f 1996//2090 2050//2090 2041//2090
f 1996//2260 2041//2260 1995//2260
f 1995//2261 2041//2261 103//2261
f 1995//2092 103//2092 117//2092
f 712//2243 2043//2243 2040//2243
f 2040//2094 2043//2094 2051//2094
f 2040//2094 2051//2094 2044//2094
f 2044//2095 2051//2095 2052//2095
f 2044//2095 2052//2095 2045//2095
f 2045//2097 2052//2097 2053//2097
f 2045//2097 2053//2097 2046//2097
f 2046//2098 2053//2098 2054//2098
f 2046//2098 2054//2098 2047//2098
f 2047//2099 2054//2099 2055//2099
f 2047//2099 2055//2099 2048//2099
f 2048//2100 2055//2100 2056//2100
f 2048//2100 2056//2100 2049//2100
f 2049//2101 2056//2101 2057//2101
f 2049//2244 2057//2244 2050//2244
f 2050//2102 2057//2102 2042//2102
f 2050//2102 2042//2102 2041//2102
f 2041//2103 2042//2103 101//2103
f 2041//2104 101//2104 100//2104
f 713//2105 2006//2105 2043//2105
f 2043//2247 2006//2247 2007//2247
f 2043//2106 2007//2106 2051//2106
f 2051//2107 2007//2107 2009//2107
f 2051//2107 2009//2107 2052//2107
f 2052//2109 2009//2109 2011//2109
f 2052//2109 2011//2109 2053//2109
f 2053//2110 2011//2110 2013//2110
f 2053//2110 2013//2110 2054//2110
f 2054//2111 2013//2111 2015//2111
f 2054//2111 2015//2111 2055//2111
f 2055//2112 2015//2112 2017//2112
f 2055//2112 2017//2112 2056//2112
f 2056//2113 2017//2113 2019//2113
f 2056//2113 2019//2113 2057//2113
f 2057//2114 2019//2114 2005//2114
f 2057//2114 2005//2114 2042//2114
f 2042//2115 2005//2115 106//2115
f 2042//2248 106//2248 105//2248
f 70//2126 69//2126 2058//2126
f 2058//2126 69//2126 2059//2126
f 2058//2125 2059//2125 2060//2125
f 2060//2125 2059//2125 2061//2125
f 2060//2124 2061//2124 2062//2124
f 2062//2124 2061//2124 2063//2124
f 2062//2123 2063//2123 2064//2123
f 2064//2123 2063//2123 2065//2123
f 2064//2122 2065//2122 2066//2122
f 2066//2122 2065//2122 2067//2122
f 2066//2121 2067//2121 2068//2121
f 2068//2121 2067//2121 2069//2121
f 2068//2120 2069//2120 2070//2120
f 2070//2120 2069//2120 2071//2120
f 2070//2119 2071//2119 2072//2119
f 2072//2119 2071//2119 2073//2119
f 2072//2118 2073//2118 2074//2118
f 2074//2118 2073//2118 2075//2118
f 2074//2117 2075//2117 648//2117
f 648//2117 2075//2117 649//2117
f 2076//220 2077//220 57//220
f 57//220 2077//220 2078//220
f 59//220 2079//220 57//220
f 57//220 2079//220 2080//220
f 2078//220 2081//220 57//220
f 57//220 2081//220 2082//220
f 57//220 2082//220 658//220
f 2080//220 2083//220 57//220
f 57//220 2083//220 2084//220
f 57//220 2084//220 2076//220
f 2085//2262 2086//2262 82//2262
f 2087//219 61//219 82//219
f 2087//219 82//219 2088//219
f 82//219 647//219 2089//219
f 2086//2262 2090//2262 82//2262
f 82//219 2090//219 2091//219
f 82//219 2091//219 2088//219
f 2089//219 2092//219 82//219
f 82//219 2092//219 2093//219
f 82//219 2093//219 2085//219
f 60//2128 56//2128 2094//2128
f 72//2129 70//2129 2058//2129
f 2095//2263 661//2263 660//2263
f 2096//2131 663//2131 662//2131
f 679//2264 2074//2264 678//2264
f 678//2133 2074//2133 648//2133
f 2097//2134 73//2134 72//2134
f 56//2135 54//2135 2097//2135
f 2097//2265 54//2265 53//2265
f 2097//2266 53//2266 73//2266
f 60//2138 2094//2138 59//2138
f 59//2267 2094//2267 2079//2267
f 2079//2140 2094//2140 2098//2140
f 2079//2140 2098//2140 2080//2140
f 2080//2268 2098//2268 2099//2268
f 2080//2268 2099//2268 2083//2268
f 2083//2143 2099//2143 2100//2143
f 2083//2142 2100//2142 2084//2142
f 2084//2144 2100//2144 2101//2144
f 2084//2144 2101//2144 2076//2144
f 2076//2145 2101//2145 2102//2145
f 2076//2145 2102//2145 2077//2145
f 2077//2147 2102//2147 2103//2147
f 2077//2146 2103//2146 2078//2146
f 2078//2149 2103//2149 2104//2149
f 2078//2148 2104//2148 2081//2148
f 2081//2150 2104//2150 2095//2150
f 2081//2150 2095//2150 2082//2150
f 2082//2151 2095//2151 660//2151
f 2082//2152 660//2152 658//2152
f 56//2153 2097//2153 2094//2153
f 2094//2154 2097//2154 2105//2154
f 2094//2154 2105//2154 2098//2154
f 2098//2155 2105//2155 2106//2155
f 2098//2155 2106//2155 2099//2155
f 2099//2156 2106//2156 2107//2156
f 2099//2156 2107//2156 2100//2156
f 2100//2157 2107//2157 2108//2157
f 2100//2157 2108//2157 2101//2157
f 2101//2158 2108//2158 2109//2158
f 2101//2158 2109//2158 2102//2158
f 2102//2159 2109//2159 2110//2159
f 2102//2159 2110//2159 2103//2159
f 2103//2160 2110//2160 2111//2160
f 2103//2160 2111//2160 2104//2160
f 2104//2161 2111//2161 2096//2161
f 2104//2161 2096//2161 2095//2161
f 2095//2162 2096//2162 662//2162
f 2095//2269 662//2269 661//2269
f 72//2164 2058//2164 2097//2164
f 2097//2165 2058//2165 2060//2165
f 2097//2165 2060//2165 2105//2165
f 2105//2166 2060//2166 2062//2166
f 2105//2166 2062//2166 2106//2166
f 2106//2167 2062//2167 2064//2167
f 2106//2167 2064//2167 2107//2167
f 2107//2168 2064//2168 2066//2168
f 2107//2168 2066//2168 2108//2168
f 2108//2169 2066//2169 2068//2169
f 2108//2169 2068//2169 2109//2169
f 2109//2170 2068//2170 2070//2170
f 2109//2170 2070//2170 2110//2170
f 2110//2171 2070//2171 2072//2171
f 2110//2171 2072//2171 2111//2171
f 2111//2172 2072//2172 2074//2172
f 2111//2172 2074//2172 2096//2172
f 2096//2173 2074//2173 679//2173
f 2096//2174 679//2174 663//2174
f 656//2270 655//2270 2112//2270
f 62//2176 61//2176 2087//2176
f 65//2177 64//2177 2113//2177
f 2113//2271 64//2271 62//2271
f 67//2272 66//2272 2114//2272
f 2114//2180 66//2180 65//2180
f 67//2273 2059//2273 68//2273
f 68//2182 2059//2182 69//2182
f 654//2183 653//2183 2115//2183
f 2115//2274 653//2274 652//2274
f 2115//2275 652//2275 651//2275
f 67//2186 2114//2186 2059//2186
f 2059//2187 2114//2187 2116//2187
f 2059//2187 2116//2187 2061//2187
f 2061//2188 2116//2188 2117//2188
f 2061//2188 2117//2188 2063//2188
f 2063//2189 2117//2189 2118//2189
f 2063//2189 2118//2189 2065//2189
f 2065//2190 2118//2190 2119//2190
f 2065//2190 2119//2190 2067//2190
f 2067//2191 2119//2191 2120//2191
f 2067//2191 2120//2191 2069//2191
f 2069//2192 2120//2192 2121//2192
f 2069//2192 2121//2192 2071//2192
f 2071//2193 2121//2193 2122//2193
f 2071//2193 2122//2193 2073//2193
f 2073//2194 2122//2194 2115//2194
f 2073//2194 2115//2194 2075//2194
f 2075//2195 2115//2195 651//2195
f 2075//2196 651//2196 649//2196
f 65//2197 2113//2197 2114//2197
f 2114//2198 2113//2198 2123//2198
f 2114//2198 2123//2198 2116//2198
f 2116//2199 2123//2199 2124//2199
f 2116//2199 2124//2199 2117//2199
f 2117//2200 2124//2200 2125//2200
f 2117//2200 2125//2200 2118//2200
f 2118//2202 2125//2202 2126//2202
f 2118//2202 2126//2202 2119//2202
f 2119//2276 2126//2276 2127//2276
f 2119//2276 2127//2276 2120//2276
f 2120//2205 2127//2205 2128//2205
f 2120//2205 2128//2205 2121//2205
f 2121//2206 2128//2206 2129//2206
f 2121//2206 2129//2206 2122//2206
f 2122//2207 2129//2207 2112//2207
f 2122//2207 2112//2207 2115//2207
f 2115//2208 2112//2208 655//2208
f 2115//2209 655//2209 654//2209
f 62//2210 2087//2210 2113//2210
f 2113//2211 2087//2211 2088//2211
f 2113//2211 2088//2211 2123//2211
f 2123//2212 2088//2212 2091//2212
f 2123//2212 2091//2212 2124//2212
f 2124//2215 2091//2215 2090//2215
f 2124//2214 2090//2214 2125//2214
f 2125//2217 2090//2217 2086//2217
f 2125//2217 2086//2217 2126//2217
f 2126//2218 2086//2218 2085//2218
f 2126//2218 2085//2218 2127//2218
f 2127//2277 2085//2277 2093//2277
f 2127//2219 2093//2219 2128//2219
f 2128//2278 2093//2278 2092//2278
f 2128//2278 2092//2278 2129//2278
f 2129//2221 2092//2221 2089//2221
f 2129//2221 2089//2221 2112//2221
f 2112//2222 2089//2222 647//2222
f 2112//2223 647//2223 656//2223
f 2130//219 2131//219 28//219
f 28//219 2131//219 2132//219
f 28//219 2132//219 534//219
f 28//219 30//219 2133//219
f 28//219 2133//219 2130//219
f 2130//219 2133//219 2134//219
f 2130//219 2134//219 2135//219
f 2135//219 2136//219 2130//219
f 2130//219 2136//219 2137//219
f 2130//219 2137//219 2138//219
f 12//220 624//220 2139//220
f 2140//220 2141//220 12//220
f 12//220 2141//220 2142//220
f 12//220 2142//220 13//220
f 2139//220 2143//220 12//220
f 12//220 2143//220 2144//220
f 12//220 2144//220 2145//220
f 2145//220 2146//220 12//220
f 12//220 2146//220 2147//220
f 12//220 2147//220 2140//220
f 2//2009 1//2009 2148//2009
f 2//2009 2148//2009 22//2009
f 622//2010 668//2010 2149//2010
f 620//2010 622//2010 2150//2010
f 2150//2010 622//2010 2149//2010
f 2150//2019 2149//2019 2151//2019
f 2151//2019 2149//2019 2152//2019
f 2151//2018 2152//2018 2153//2018
f 2153//2018 2152//2018 2154//2018
f 2153//2017 2154//2017 2155//2017
f 2155//2017 2154//2017 2156//2017
f 2155//2016 2156//2016 2157//2016
f 2157//2016 2156//2016 2158//2016
f 2157//2015 2158//2015 2159//2015
f 2159//2015 2158//2015 2160//2015
f 2159//2014 2160//2014 2161//2014
f 2161//2014 2160//2014 2162//2014
f 2161//2013 2162//2013 2163//2013
f 2163//2013 2162//2013 2164//2013
f 2163//2012 2164//2012 2148//2012
f 2148//2012 2164//2012 2165//2012
f 2148//2009 2165//2009 22//2009
f 32//2020 34//2020 2166//2020
f 23//2021 22//2021 2165//2021
f 452//2279 451//2279 2167//2279
f 2167//2280 451//2280 450//2280
f 665//2227 664//2227 2168//2227
f 2168//2281 664//2281 453//2281
f 2149//2030 668//2030 666//2030
f 34//2022 35//2022 2169//2022
f 35//2282 27//2282 2169//2282
f 2169//2024 27//2024 26//2024
f 2169//2025 26//2025 23//2025
f 2133//2026 30//2026 32//2026
f 32//2031 2166//2031 2133//2031
f 2133//2033 2166//2033 2170//2033
f 2133//2033 2170//2033 2134//2033
f 2134//2034 2170//2034 2171//2034
f 2134//2034 2171//2034 2135//2034
f 2135//2035 2171//2035 2172//2035
f 2135//2035 2172//2035 2136//2035
f 2136//2036 2172//2036 2173//2036
f 2136//2036 2173//2036 2137//2036
f 2137//2037 2173//2037 2174//2037
f 2137//2037 2174//2037 2138//2037
f 2138//2038 2174//2038 2175//2038
f 2138//2038 2175//2038 2130//2038
f 2130//2040 2175//2040 2176//2040
f 2130//2040 2176//2040 2131//2040
f 2131//2041 2176//2041 2167//2041
f 2131//2041 2167//2041 2132//2041
f 2132//2283 2167//2283 450//2283
f 2132//2284 450//2284 534//2284
f 34//2045 2169//2045 2166//2045
f 2166//2046 2169//2046 2177//2046
f 2166//2046 2177//2046 2170//2046
f 2170//2229 2177//2229 2178//2229
f 2170//2047 2178//2047 2171//2047
f 2171//2048 2178//2048 2179//2048
f 2171//2048 2179//2048 2172//2048
f 2172//2049 2179//2049 2180//2049
f 2172//2049 2180//2049 2173//2049
f 2173//2050 2180//2050 2181//2050
f 2173//2050 2181//2050 2174//2050
f 2174//2051 2181//2051 2182//2051
f 2174//2051 2182//2051 2175//2051
f 2175//2052 2182//2052 2183//2052
f 2175//2053 2183//2053 2176//2053
f 2176//2054 2183//2054 2168//2054
f 2176//2054 2168//2054 2167//2054
f 2167//2285 2168//2285 453//2285
f 2167//2286 453//2286 452//2286
f 23//2057 2165//2057 2169//2057
f 2169//2058 2165//2058 2164//2058
f 2169//2059 2164//2059 2177//2059
f 2177//2060 2164//2060 2162//2060
f 2177//2060 2162//2060 2178//2060
f 2178//2061 2162//2061 2160//2061
f 2178//2061 2160//2061 2179//2061
f 2179//2062 2160//2062 2158//2062
f 2179//2062 2158//2062 2180//2062
f 2180//2063 2158//2063 2156//2063
f 2180//2063 2156//2063 2181//2063
f 2181//2064 2156//2064 2154//2064
f 2181//2064 2154//2064 2182//2064
f 2182//2065 2154//2065 2152//2065
f 2182//2065 2152//2065 2183//2065
f 2183//2066 2152//2066 2149//2066
f 2183//2066 2149//2066 2168//2066
f 2168//2067 2149//2067 666//2067
f 2168//2068 666//2068 665//2068
f 626//2231 625//2231 2184//2231
f 627//2069 620//2069 2150//2069
f 2185//2074 17//2074 15//2074
f 11//2075 9//2075 2186//2075
f 2186//2076 9//2076 19//2076
f 2148//2077 1//2077 7//2077
f 625//2237 631//2237 2187//2237
f 631//2287 630//2287 2187//2287
f 2187//2079 630//2079 628//2079
f 2187//2080 628//2080 627//2080
f 2139//2239 624//2239 626//2239
f 626//2240 2184//2240 2139//2240
f 2139//2083 2184//2083 2188//2083
f 2139//2083 2188//2083 2143//2083
f 2143//2084 2188//2084 2189//2084
f 2143//2084 2189//2084 2144//2084
f 2144//2085 2189//2085 2190//2085
f 2144//2085 2190//2085 2145//2085
f 2145//2086 2190//2086 2191//2086
f 2145//2086 2191//2086 2146//2086
f 2146//2087 2191//2087 2192//2087
f 2146//2087 2192//2087 2147//2087
f 2147//2088 2192//2088 2193//2088
f 2147//2259 2193//2259 2140//2259
f 2140//2089 2193//2089 2194//2089
f 2140//2089 2194//2089 2141//2089
f 2141//2090 2194//2090 2185//2090
f 2141//2260 2185//2260 2142//2260
f 2142//2261 2185//2261 15//2261
f 2142//2092 15//2092 13//2092
f 625//2243 2187//2243 2184//2243
f 2184//2094 2187//2094 2195//2094
f 2184//2094 2195//2094 2188//2094
f 2188//2095 2195//2095 2196//2095
f 2188//2096 2196//2096 2189//2096
f 2189//2097 2196//2097 2197//2097
f 2189//2097 2197//2097 2190//2097
f 2190//2098 2197//2098 2198//2098
f 2190//2098 2198//2098 2191//2098
f 2191//2099 2198//2099 2199//2099
f 2191//2099 2199//2099 2192//2099
f 2192//2100 2199//2100 2200//2100
f 2192//2100 2200//2100 2193//2100
f 2193//2101 2200//2101 2201//2101
f 2193//2101 2201//2101 2194//2101
f 2194//2102 2201//2102 2186//2102
f 2194//2102 2186//2102 2185//2102
f 2185//2288 2186//2288 19//2288
f 2185//2104 19//2104 17//2104
f 627//2105 2150//2105 2187//2105
f 2187//2106 2150//2106 2151//2106
f 2187//2106 2151//2106 2195//2106
f 2195//2107 2151//2107 2153//2107
f 2195//2107 2153//2107 2196//2107
f 2196//2108 2153//2108 2155//2108
f 2196//2109 2155//2109 2197//2109
f 2197//2110 2155//2110 2157//2110
f 2197//2110 2157//2110 2198//2110
f 2198//2111 2157//2111 2159//2111
f 2198//2111 2159//2111 2199//2111
f 2199//2112 2159//2112 2161//2112
f 2199//2112 2161//2112 2200//2112
f 2200//2113 2161//2113 2163//2113
f 2200//2113 2163//2113 2201//2113
f 2201//2114 2163//2114 2148//2114
f 2201//2114 2148//2114 2186//2114
f 2186//2115 2148//2115 7//2115
f 2186//2116 7//2116 11//2116
