# Blender 5.0.1
# www.blender.org
mtllib link1.mtl
o Yaw-link
v -0.160781 0.160000 0.013160
v -0.160331 0.160000 0.041410
v -0.110000 0.160000 0.041410
v -0.059470 0.160000 0.187448
v -0.045696 0.160000 0.194970
v 0.110000 0.160000 0.094910
v -0.161189 0.160000 -0.015090
v 0.110000 0.160000 -0.015090
v -0.110000 0.160000 0.094910
v -0.108880 0.160000 0.110565
v 0.100060 0.160000 0.140606
v 0.105544 0.160000 0.125901
v 0.108880 0.160000 0.110565
v -0.105544 0.160000 0.125901
v -0.100060 0.160000 0.140606
v -0.092538 0.160000 0.154381
v -0.030991 0.160000 0.200454
v -0.015655 0.160000 0.203790
v 0.000000 0.160000 0.204910
v 0.015655 0.160000 0.203790
v 0.030991 0.160000 0.200454
v 0.045696 0.160000 0.194970
v -0.083132 0.160000 0.166945
v -0.072035 0.160000 0.178042
v 0.092538 0.160000 0.154381
v 0.059470 0.160000 0.187448
v 0.072035 0.160000 0.178042
v 0.083132 0.160000 0.166945
v -0.160781 -0.160000 0.013160
v -0.161189 -0.160000 -0.015090
v 0.110000 -0.160000 -0.015090
v -0.160331 -0.160000 0.041410
v -0.110000 -0.160000 0.041410
v -0.110000 -0.160000 0.094910
v 0.110000 -0.160000 0.094910
v 0.045696 -0.160000 0.194970
v 0.059470 -0.160000 0.187448
v 0.072035 -0.160000 0.178042
v 0.108880 -0.160000 0.110565
v 0.105544 -0.160000 0.125901
v 0.100060 -0.160000 0.140606
v 0.030991 -0.160000 0.200454
v 0.015655 -0.160000 0.203790
v -0.000000 -0.160000 0.204910
v -0.015655 -0.160000 0.203790
v -0.030991 -0.160000 0.200454
v -0.045696 -0.160000 0.194970
v -0.059470 -0.160000 0.187448
v -0.072035 -0.160000 0.178042
v -0.083132 -0.160000 0.166945
v -0.092538 -0.160000 0.154381
v -0.100060 -0.160000 0.140606
v -0.108880 -0.160000 0.110565
v -0.105544 -0.160000 0.125901
v 0.092538 -0.160000 0.154381
v 0.083132 -0.160000 0.166945
v -0.176035 0.105662 -0.035016
v -0.173976 0.118048 -0.034655
v -0.174380 0.116837 -0.054049
v -0.167192 0.146234 -0.017989
v -0.166067 0.149649 -0.010723
v -0.163067 0.158688 -0.015064
v -0.165652 0.150794 -0.006630
v -0.165271 0.151650 0.001337
v -0.165064 0.151623 0.016941
v -0.164845 0.151594 0.032545
v -0.162828 0.156362 0.055372
v -0.164985 0.150819 0.039973
v -0.169544 0.139176 -0.053982
v -0.172876 0.123716 -0.033987
v -0.172011 0.127803 -0.032877
v -0.170381 0.134778 -0.029573
v -0.169467 0.138334 -0.027038
v -0.167918 0.143852 -0.021418
v -0.163714 0.162575 -0.181496
v -0.163050 0.158775 -0.016158
v -0.162800 0.159534 -0.018382
v -0.162636 0.160000 -0.019124
v -0.162239 0.161092 -0.020320
v -0.161393 0.163302 -0.021624
v -0.160386 0.165775 -0.022063
v -0.155573 0.180144 -0.181277
v -0.157948 0.171241 -0.022062
v -0.155473 0.178548 -0.107202
v -0.155244 0.176599 -0.022061
v -0.162362 0.157901 0.049674
v -0.162203 0.158703 0.041442
v -0.162656 0.158696 0.013189
v -0.175199 0.104648 0.068789
v -0.177002 0.091333 0.069097
v -0.176871 0.091063 0.084432
v -0.165268 0.149752 0.043957
v -0.166189 0.146439 0.051246
v -0.164007 0.152602 0.063422
v -0.166769 0.144339 0.054394
v -0.165041 0.149222 0.068264
v -0.168206 0.138923 0.060189
v -0.166884 0.142828 0.074688
v -0.168943 0.136005 0.062428
v -0.168113 0.138239 0.077950
v -0.170569 0.129131 0.066079
v -0.170140 0.129966 0.081920
v -0.171363 0.125522 0.067267
v -0.171360 0.124478 0.083475
v -0.172913 0.117904 0.068398
v -0.173182 0.115367 0.084437
v -0.175228 0.103243 0.084434
v -0.179181 0.095935 -0.182146
v -0.178264 0.094677 -0.113610
v -0.177684 0.093228 -0.035305
v -0.170322 0.142057 -0.181720
v -0.175457 0.119530 -0.181940
v -0.179036 0.079879 -0.035543
v -0.180827 0.048810 -0.035856
v -0.181420 0.053764 -0.113735
v -0.182070 0.029138 -0.113782
v -0.181306 0.024368 -0.035939
v -0.182222 0.000000 -0.113804
v -0.181380 0.000000 -0.035952
v -0.182673 0.054565 -0.182434
v -0.183464 0.029588 -0.182546
v -0.183684 0.000000 -0.182596
v -0.176035 -0.105662 -0.035016
v -0.177684 -0.093228 -0.035305
v -0.174380 -0.116837 -0.054049
v -0.162203 -0.158703 0.041442
v -0.162394 -0.157789 0.050225
v -0.162795 -0.156466 0.055070
v -0.166912 -0.143812 0.055084
v -0.166271 -0.146146 0.051730
v -0.165317 -0.149574 0.044486
v -0.165012 -0.150712 0.040466
v -0.164845 -0.151594 0.032545
v -0.165064 -0.151623 0.016941
v -0.163067 -0.158688 -0.015064
v -0.165271 -0.151650 0.001337
v -0.165633 -0.150846 -0.006392
v -0.163967 -0.152730 0.063208
v -0.164785 -0.150072 0.067174
v -0.168370 -0.138285 0.060722
v -0.166600 -0.143849 0.073831
v -0.169235 -0.134816 0.063209
v -0.167671 -0.139925 0.076854
v -0.170859 -0.127832 0.066559
v -0.169699 -0.131848 0.081201
v -0.171735 -0.123769 0.067687
v -0.170901 -0.126594 0.082967
v -0.172764 -0.117571 0.084382
v -0.172913 -0.117904 0.068398
v -0.173182 -0.115367 0.084437
v -0.175199 -0.104648 0.068789
v -0.175228 -0.103243 0.084434
v -0.177002 -0.091333 0.069097
v -0.176871 -0.091063 0.084432
v -0.162656 -0.158696 0.013189
v -0.163714 -0.162575 -0.181496
v -0.155573 -0.180144 -0.181277
v -0.157948 -0.171241 -0.022062
v -0.155473 -0.178548 -0.107202
v -0.155244 -0.176599 -0.022061
v -0.160386 -0.165775 -0.022063
v -0.161393 -0.163302 -0.021624
v -0.162239 -0.161092 -0.020320
v -0.162636 -0.160000 -0.019124
v -0.162980 -0.159002 -0.017126
v -0.166022 -0.149777 -0.010345
v -0.167128 -0.146437 -0.017653
v -0.167763 -0.144369 -0.020742
v -0.169544 -0.139176 -0.053982
v -0.169301 -0.138954 -0.026522
v -0.170055 -0.136071 -0.028729
v -0.171697 -0.129217 -0.032360
v -0.172475 -0.125647 -0.033532
v -0.173976 -0.118048 -0.034655
v -0.179181 -0.095935 -0.182146
v -0.175457 -0.119530 -0.181940
v -0.170322 -0.142057 -0.181720
v -0.182952 -0.048094 -0.182468
v -0.180897 -0.046591 -0.035869
v -0.180967 -0.044133 -0.035881
v -0.179877 -0.068678 -0.035690
v -0.115000 0.115000 0.086410
v -0.171217 0.115000 0.086410
v -0.173251 0.102944 0.086410
v -0.177062 -0.066721 0.086410
v -0.174885 -0.090827 0.086410
v -0.115000 -0.115000 0.086410
v -0.173251 -0.102944 0.086410
v -0.171217 -0.115000 0.086410
v -0.174885 0.090827 0.086410
v -0.176140 0.078746 0.086410
v -0.177951 0.048341 0.086410
v -0.178430 0.024172 0.086410
v -0.178498 0.000000 0.086410
v -0.178125 -0.042544 0.086410
v -0.115000 -0.146820 0.073230
v -0.115000 -0.155000 0.062026
v -0.115000 -0.155000 0.094910
v -0.115000 0.132221 0.082985
v -0.115000 0.155000 0.094910
v -0.115000 0.146820 0.073230
v -0.115000 0.155000 0.062026
v -0.115000 -0.132221 0.082985
v -0.178132 0.078924 0.084430
v -0.179194 0.066830 0.069472
v -0.179950 0.048409 0.084428
v -0.180254 0.042334 0.069654
v -0.180617 0.000000 0.069717
v -0.180498 0.000000 0.084427
v -0.180164 0.045575 0.069639
v -0.180430 0.024189 0.084427
v -0.180124 -0.042597 0.084427
v -0.180547 -0.024424 0.069705
v -0.180044 -0.045440 0.084428
v -0.180057 -0.048929 0.069620
v -0.179057 -0.066849 0.084429
v -0.178240 -0.079365 0.069309
v 0.115000 -0.163660 -0.020090
v 0.110000 -0.165000 -0.020090
v 0.112451 -0.194445 -0.020090
v 0.115000 0.163660 -0.020090
v 0.118660 0.160000 -0.020090
v 0.134318 0.167967 -0.020090
v -0.153483 -0.175650 -0.020090
v -0.156141 -0.170386 -0.020090
v -0.158542 -0.165000 -0.020090
v 0.013050 0.231803 -0.020090
v -0.012191 0.232241 -0.020090
v 0.110000 0.165000 -0.020090
v -0.079804 -0.224656 -0.020090
v -0.058708 -0.228551 -0.020090
v 0.137929 -0.162327 -0.020090
v 0.118660 -0.160000 -0.020090
v 0.127571 -0.177466 -0.020090
v 0.123427 -0.182679 -0.020090
v 0.137929 0.162327 -0.020090
v 0.120000 0.155000 -0.020090
v 0.120000 -0.155000 -0.020090
v -0.037397 -0.230928 -0.020090
v -0.025908 -0.231724 -0.020090
v 0.001076 -0.232253 -0.020090
v -0.037397 0.230928 -0.020090
v -0.041394 0.230577 -0.020090
v -0.066144 0.227384 -0.020090
v 0.026349 -0.230713 -0.020090
v 0.032016 -0.230034 -0.020090
v 0.051349 -0.226539 -0.020090
v 0.123427 0.182679 -0.020090
v 0.121474 0.184980 -0.020090
v 0.110130 0.196600 -0.020090
v 0.101835 0.203485 -0.020090
v 0.067532 0.221819 -0.020090
v 0.051349 0.226539 -0.020090
v 0.033254 0.229866 -0.020090
v -0.087158 0.222813 -0.020090
v -0.090866 0.221768 -0.020090
v -0.107548 0.215902 -0.020090
v -0.120448 -0.209628 -0.020090
v -0.107548 -0.215902 -0.020090
v -0.097171 -0.219790 -0.020090
v 0.088891 0.212062 -0.020090
v 0.074768 0.219028 -0.020090
v -0.152328 -0.177733 -0.020090
v -0.145000 -0.188691 -0.020090
v -0.143336 -0.190745 -0.020090
v -0.109077 0.215253 -0.020090
v -0.122083 0.208676 -0.020090
v -0.123475 0.207831 -0.020090
v -0.146518 0.186695 -0.020090
v -0.153483 0.175650 -0.020090
v -0.156141 0.170386 -0.020090
v -0.158542 0.165000 -0.020090
v -0.134579 -0.199679 -0.020090
v -0.124398 -0.207252 -0.020090
v 0.054319 -0.225812 -0.020090
v 0.070597 -0.220694 -0.020090
v 0.079599 -0.216888 -0.020090
v 0.093359 -0.209367 -0.020090
v 0.106064 -0.200127 -0.020090
v -0.133858 0.200300 -0.020090
v -0.142822 0.191353 -0.020090
v 0.304220 -0.060513 -0.359090
v 0.000000 0.000000 -0.359090
v 0.308647 -0.030889 -0.359090
v 0.309864 -0.014360 -0.359090
v 0.304220 0.060513 -0.359090
v 0.306843 0.045393 -0.359090
v 0.310200 -0.000000 -0.359090
v 0.257905 0.172327 -0.359090
v 0.265197 0.160884 -0.359090
v 0.269208 0.154084 -0.359090
v 0.296973 0.089577 -0.359090
v 0.291772 0.105313 -0.359090
v 0.278462 0.136672 -0.359090
v 0.286587 0.118708 -0.359090
v 0.286587 0.118708 -0.331131
v 0.291772 0.105313 -0.331131
v 0.296973 0.089577 -0.331131
v 0.304220 0.060513 -0.331131
v 0.310200 -0.000000 -0.331131
v 0.308695 0.030401 -0.331131
v 0.306843 0.045393 -0.331131
v 0.309864 -0.014360 -0.331131
v 0.308647 -0.030889 -0.331131
v 0.304220 -0.060513 -0.331131
v 0.300857 -0.075486 -0.359090
v 0.286587 -0.118708 -0.331131
v 0.286587 -0.118708 -0.359090
v 0.296831 -0.090045 -0.331131
v 0.300857 -0.075486 -0.331131
v 0.285443 -0.121434 -0.359090
v 0.271511 -0.149991 -0.359090
v 0.261350 -0.167057 -0.359090
v 0.257905 -0.172327 -0.359090
v 0.172327 0.257905 -0.359090
v 0.183442 0.250123 -0.359090
v 0.189750 0.245376 -0.359090
v 0.204963 0.232832 -0.359090
v 0.219345 0.219345 -0.359090
v 0.221424 0.217245 -0.359090
v 0.242477 0.193445 -0.359090
v 0.254355 0.177526 -0.359090
v 0.250123 -0.183442 -0.359090
v 0.245376 -0.189750 -0.359090
v 0.232832 -0.204963 -0.359090
v 0.219345 -0.219345 -0.359090
v 0.217244 -0.221424 -0.359090
v 0.193445 -0.242477 -0.359090
v 0.177526 -0.254355 -0.359090
v 0.172327 -0.257905 -0.359090
v 0.060513 0.304220 -0.359090
v 0.073761 0.301284 -0.359090
v 0.081405 0.299312 -0.359090
v 0.100260 0.293544 -0.359090
v 0.118708 0.286587 -0.359090
v 0.121434 0.285443 -0.359090
v 0.149991 0.271511 -0.359090
v 0.167057 0.261350 -0.359090
v 0.160884 -0.265197 -0.359090
v 0.154084 -0.269208 -0.359090
v 0.136672 -0.278462 -0.359090
v 0.118708 -0.286587 -0.359090
v 0.115972 -0.287705 -0.359090
v 0.085928 -0.298047 -0.359090
v 0.066675 -0.302930 -0.359090
v 0.060513 -0.304220 -0.359090
v -0.060513 0.304220 -0.359090
v -0.047151 0.306577 -0.359090
v -0.039333 0.307681 -0.359090
v -0.019706 0.309568 -0.359090
v 0.000000 0.310200 -0.359090
v 0.002956 0.310186 -0.359090
v 0.034671 0.308243 -0.359090
v 0.054326 0.305386 -0.359090
v 0.047151 -0.306577 -0.359090
v 0.039333 -0.307681 -0.359090
v 0.019706 -0.309568 -0.359090
v -0.000000 -0.310200 -0.359090
v -0.002956 -0.310186 -0.359090
v -0.034671 -0.308243 -0.359090
v -0.054326 -0.305386 -0.359090
v -0.060513 -0.304220 -0.359090
v -0.115972 0.287705 -0.359090
v -0.085928 0.298047 -0.359090
v -0.066675 0.302930 -0.359090
v -0.172327 0.257905 -0.359090
v -0.159362 0.266115 -0.359090
v -0.118708 0.286587 -0.359090
v -0.073761 -0.301284 -0.359090
v -0.081405 -0.299312 -0.359090
v -0.172327 -0.257905 -0.359090
v -0.146651 -0.273332 -0.359090
v -0.131847 -0.280782 -0.359090
v -0.100260 -0.293544 -0.359090
v -0.118708 -0.286587 -0.359090
v -0.196405 0.240088 -0.359090
v -0.208953 0.229261 -0.359090
v -0.257905 0.172327 -0.359090
v -0.249069 0.184873 -0.359090
v -0.219345 0.219345 -0.359090
v -0.257905 -0.172327 -0.359090
v -0.240088 -0.196405 -0.359090
v -0.229261 -0.208953 -0.359090
v -0.184873 -0.249069 -0.359090
v -0.219345 -0.219345 -0.359090
v -0.273332 0.146651 -0.359090
v -0.280782 0.131847 -0.359090
v -0.304220 0.060513 -0.359090
v -0.300857 0.075486 -0.359090
v -0.286587 0.118708 -0.359090
v -0.304220 -0.060513 -0.359090
v -0.296973 -0.089577 -0.359090
v -0.291772 -0.105313 -0.359090
v -0.266115 -0.159362 -0.359090
v -0.286587 -0.118708 -0.359090
v -0.308647 0.030889 -0.359090
v -0.309864 0.014360 -0.359090
v -0.306843 -0.045393 -0.359090
v -0.310200 0.000000 -0.359090
v 0.256622 0.113980 -0.325390
v 0.272856 0.058027 -0.324661
v 0.201592 0.025849 -0.297348
v 0.202604 -0.000000 -0.297060
v 0.210686 0.026313 -0.303065
v 0.211779 -0.000000 -0.302783
v 0.221498 0.026819 -0.308184
v 0.222665 -0.000000 -0.307921
v 0.247292 0.027933 -0.316972
v 0.248587 -0.000000 -0.316773
v 0.277012 0.029143 -0.324393
v 0.278417 -0.000000 -0.324287
v 0.198557 0.051546 -0.298079
v 0.207435 0.052453 -0.303780
v 0.218045 0.053445 -0.308853
v 0.243471 0.055638 -0.317474
v 0.193495 0.076938 -0.299052
v 0.202067 0.078247 -0.304731
v 0.212376 0.079688 -0.309742
v 0.237217 0.082889 -0.318143
v 0.266031 0.086392 -0.325018
v 0.186405 0.101872 -0.300065
v 0.194623 0.103522 -0.305721
v 0.204563 0.105354 -0.310668
v 0.228624 0.109459 -0.318840
v 0.273563 0.146220 -0.331131
v 0.239778 0.196784 -0.331131
v 0.219345 0.219345 -0.331131
v 0.254355 0.177526 -0.331131
v 0.257905 0.172327 -0.331131
v 0.265197 0.160884 -0.331131
v 0.272856 -0.058027 -0.324661
v 0.193495 -0.076938 -0.299052
v 0.186405 -0.101872 -0.300065
v 0.202067 -0.078247 -0.304731
v 0.194623 -0.103522 -0.305721
v 0.212376 -0.079688 -0.309742
v 0.204563 -0.105354 -0.310668
v 0.237217 -0.082889 -0.318143
v 0.228624 -0.109459 -0.318840
v 0.266031 -0.086392 -0.325018
v 0.256622 -0.113980 -0.325390
v 0.198557 -0.051546 -0.298079
v 0.207435 -0.052453 -0.303780
v 0.218045 -0.053445 -0.308853
v 0.243471 -0.055638 -0.317474
v 0.201592 -0.025849 -0.297348
v 0.210686 -0.026313 -0.303065
v 0.221498 -0.026819 -0.308184
v 0.247292 -0.027933 -0.316972
v 0.277012 -0.029143 -0.324393
v 0.239778 -0.196784 -0.331131
v 0.273563 -0.146220 -0.331131
v 0.261350 -0.167057 -0.331131
v 0.257905 -0.172327 -0.331131
v 0.250123 -0.183442 -0.331131
v 0.219345 -0.219345 -0.331131
v 0.196784 0.239778 -0.331131
v 0.146220 0.273563 -0.331131
v 0.118708 0.286587 -0.331131
v 0.167057 0.261350 -0.331131
v 0.172327 0.257905 -0.331131
v 0.183442 0.250123 -0.331131
v 0.146220 -0.273563 -0.331131
v 0.196784 -0.239778 -0.331131
v 0.177526 -0.254355 -0.331131
v 0.172327 -0.257905 -0.331131
v 0.160884 -0.265197 -0.331131
v 0.118708 -0.286587 -0.331131
v 0.054326 0.305386 -0.331131
v 0.034671 0.308243 -0.331131
v 0.002956 0.310186 -0.331131
v -0.000000 0.310200 -0.331131
v 0.073761 0.301284 -0.331131
v 0.081405 0.299312 -0.331131
v 0.090045 0.296831 -0.331131
v 0.100260 0.293544 -0.331131
v -0.000000 -0.310200 -0.331131
v 0.066675 -0.302930 -0.331131
v 0.085928 -0.298047 -0.331131
v 0.115972 -0.287705 -0.331131
v 0.047151 -0.306577 -0.331131
v 0.039333 -0.307681 -0.331131
v 0.030401 -0.308695 -0.331131
v 0.019706 -0.309568 -0.331131
v -0.030401 0.308695 -0.331131
v -0.090045 0.296831 -0.331131
v -0.118708 0.286587 -0.331131
v -0.066675 0.302930 -0.331131
v -0.060513 0.304220 -0.331131
v -0.047151 0.306577 -0.331131
v -0.090045 -0.296831 -0.331131
v -0.030401 -0.308695 -0.331131
v -0.054326 -0.305386 -0.331131
v -0.060513 -0.304220 -0.331131
v -0.073761 -0.301284 -0.331131
v -0.118708 -0.286587 -0.331131
v -0.219345 0.219345 -0.331131
v -0.208953 0.229261 -0.331131
v -0.196405 0.240088 -0.331131
v -0.172327 0.257905 -0.331131
v -0.146220 0.273563 -0.331131
v -0.159362 0.266115 -0.331131
v -0.131847 -0.280782 -0.331131
v -0.146651 -0.273332 -0.331131
v -0.172327 -0.257905 -0.331131
v -0.219345 -0.219345 -0.331131
v -0.196784 -0.239778 -0.331131
v -0.184873 -0.249069 -0.331131
v -0.286587 0.118708 -0.331131
v -0.280782 0.131847 -0.331131
v -0.273332 0.146651 -0.331131
v -0.257905 0.172327 -0.331131
v -0.239778 0.196784 -0.331131
v -0.249069 0.184873 -0.331131
v -0.229261 -0.208953 -0.331131
v -0.240088 -0.196405 -0.331131
v -0.257905 -0.172327 -0.331131
v -0.286587 -0.118708 -0.331131
v -0.273563 -0.146220 -0.331131
v -0.266115 -0.159362 -0.331131
v -0.310200 0.000000 -0.331131
v -0.309864 0.014360 -0.331131
v -0.308647 0.030889 -0.331131
v -0.304220 0.060513 -0.331131
v -0.296831 0.090045 -0.331131
v -0.300857 0.075486 -0.331131
v -0.291772 -0.105313 -0.331131
v -0.296973 -0.089577 -0.331131
v -0.304220 -0.060513 -0.331131
v -0.308695 -0.030401 -0.331131
v -0.306843 -0.045393 -0.331131
v 0.174449 0.070282 -0.180485
v 0.177336 0.046711 -0.180242
v 0.177696 0.047690 -0.229272
v 0.174399 0.071561 -0.229732
v 0.168973 0.095465 -0.230211
v 0.169355 0.094113 -0.180738
v 0.194380 0.025432 -0.290870
v 0.191576 0.050733 -0.291586
v 0.188890 0.025056 -0.283158
v 0.186326 0.050005 -0.283829
v 0.184881 0.024716 -0.273659
v 0.182561 0.049350 -0.274265
v 0.182112 0.024404 -0.261822
v 0.180033 0.048754 -0.262348
v 0.180343 0.024114 -0.247095
v 0.178494 0.048205 -0.247532
v 0.179332 0.023840 -0.228927
v 0.178623 0.023312 -0.180059
v 0.170323 0.097083 -0.263775
v 0.186827 0.075773 -0.292537
v 0.180072 0.100422 -0.293528
v 0.181891 0.074741 -0.284722
v 0.175451 0.099156 -0.285652
v 0.178434 0.073822 -0.275071
v 0.172287 0.098051 -0.275910
v 0.176202 0.072998 -0.263047
v 0.174942 0.072251 -0.248113
v 0.195302 -0.000000 -0.290588
v 0.190559 -0.000000 -0.284320
v 0.185607 -0.000000 -0.273420
v 0.183735 -0.000000 -0.266572
v 0.180874 -0.000000 -0.246923
v 0.179885 -0.000000 -0.231422
v 0.178917 -0.000000 -0.179986
v 0.213876 0.189273 -0.326134
v 0.230430 0.165723 -0.325965
v 0.177297 0.126137 -0.300945
v 0.185149 0.128055 -0.306581
v 0.194673 0.130211 -0.311472
v 0.217784 0.135096 -0.319444
v 0.244718 0.140523 -0.325713
v 0.166229 0.149284 -0.301631
v 0.173701 0.151426 -0.307252
v 0.182769 0.153864 -0.312099
v 0.204777 0.159456 -0.319916
v 0.153269 0.170805 -0.302092
v 0.160342 0.173163 -0.307702
v 0.168911 0.175877 -0.312520
v 0.189683 0.182168 -0.320233
v 0.138489 0.190192 -0.302294
v 0.145131 0.192795 -0.307900
v 0.153160 0.195814 -0.312705
v 0.172582 0.202865 -0.320372
v 0.195171 0.210867 -0.326209
v 0.179332 -0.023840 -0.228927
v 0.194380 -0.025432 -0.290870
v 0.188890 -0.025056 -0.283158
v 0.184881 -0.024716 -0.273659
v 0.182112 -0.024404 -0.261822
v 0.186827 -0.075773 -0.292537
v 0.191576 -0.050733 -0.291586
v 0.181891 -0.074741 -0.284722
v 0.186326 -0.050005 -0.283829
v 0.178434 -0.073822 -0.275071
v 0.182561 -0.049350 -0.274265
v 0.176202 -0.072998 -0.263047
v 0.180033 -0.048754 -0.262348
v 0.177696 -0.047690 -0.229272
v 0.174449 -0.070282 -0.180485
v 0.174399 -0.071561 -0.229732
v 0.169355 -0.094113 -0.180738
v 0.168973 -0.095465 -0.230211
v 0.178623 -0.023312 -0.180059
v 0.177336 -0.046711 -0.180242
v 0.180343 -0.024114 -0.247095
v 0.178494 -0.048205 -0.247532
v 0.174942 -0.072251 -0.248113
v 0.170323 -0.097083 -0.263775
v 0.180072 -0.100422 -0.293528
v 0.175451 -0.099156 -0.285652
v 0.172287 -0.098051 -0.275910
v 0.244718 -0.140523 -0.325713
v 0.230430 -0.165723 -0.325965
v 0.153269 -0.170805 -0.302092
v 0.138489 -0.190192 -0.302294
v 0.160342 -0.173163 -0.307702
v 0.145131 -0.192795 -0.307900
v 0.168911 -0.175877 -0.312520
v 0.153160 -0.195814 -0.312705
v 0.189683 -0.182168 -0.320233
v 0.172582 -0.202865 -0.320372
v 0.213876 -0.189273 -0.326134
v 0.195171 -0.210867 -0.326209
v 0.166229 -0.149284 -0.301631
v 0.173701 -0.151426 -0.307252
v 0.182769 -0.153864 -0.312099
v 0.204777 -0.159456 -0.319916
v 0.177297 -0.126137 -0.300945
v 0.185149 -0.128055 -0.306581
v 0.194673 -0.130211 -0.311472
v 0.217784 -0.135096 -0.319444
v 0.127941 0.261703 -0.325940
v 0.151962 0.247214 -0.326083
v 0.121984 0.207023 -0.302226
v 0.128160 0.209928 -0.307833
v 0.135606 0.213309 -0.312643
v 0.153581 0.221226 -0.320325
v 0.174457 0.230230 -0.326184
v 0.103962 0.221219 -0.301953
v 0.109643 0.224475 -0.307566
v 0.116470 0.228263 -0.312393
v 0.132907 0.237131 -0.320137
v 0.084656 0.232788 -0.301562
v 0.089824 0.236427 -0.307185
v 0.096003 0.240648 -0.312036
v 0.110817 0.250509 -0.319869
v 0.064299 0.241737 -0.301140
v 0.068947 0.245773 -0.306772
v 0.074456 0.250436 -0.311650
v 0.087566 0.261289 -0.319578
v 0.102645 0.273579 -0.325785
v 0.174457 -0.230230 -0.326184
v 0.151962 -0.247214 -0.326083
v 0.084656 -0.232788 -0.301562
v 0.064299 -0.241737 -0.301140
v 0.089824 -0.236427 -0.307185
v 0.068947 -0.245773 -0.306772
v 0.096003 -0.240648 -0.312036
v 0.074456 -0.250436 -0.311650
v 0.110817 -0.250509 -0.319869
v 0.087566 -0.261289 -0.319578
v 0.127941 -0.261703 -0.325940
v 0.102645 -0.273579 -0.325785
v 0.103962 -0.221219 -0.301953
v 0.109643 -0.224475 -0.307566
v 0.116470 -0.228263 -0.312393
v 0.132907 -0.237131 -0.320137
v 0.121984 -0.207023 -0.302226
v 0.128160 -0.209928 -0.307833
v 0.135606 -0.213309 -0.312643
v 0.153581 -0.221226 -0.320325
v -0.006257 0.293933 -0.325325
v 0.076327 0.282748 -0.325644
v 0.047252 0.252532 -0.306397
v 0.052073 0.257624 -0.311300
v 0.029077 0.262319 -0.310995
v 0.038561 0.274961 -0.319085
v -0.022818 0.253536 -0.299888
v 0.005685 0.264653 -0.310732
v -0.017887 0.264761 -0.310506
v 0.013254 0.277965 -0.318887
v -0.012293 0.278507 -0.318717
v 0.043128 0.248106 -0.300756
v 0.024971 0.256842 -0.306071
v 0.021386 0.252062 -0.300423
v -0.000678 0.253805 -0.300135
v 0.063405 0.269425 -0.319315
v 0.049238 0.289193 -0.325522
v 0.021627 0.292920 -0.325416
v 0.047252 -0.252532 -0.306397
v 0.043128 -0.248106 -0.300756
v 0.021386 -0.252062 -0.300423
v 0.038561 -0.274961 -0.319085
v 0.049238 -0.289193 -0.325522
v 0.076327 -0.282748 -0.325644
v 0.029077 -0.262319 -0.310995
v 0.005685 -0.264653 -0.310732
v 0.063405 -0.269425 -0.319315
v 0.052073 -0.257624 -0.311300
v 0.024971 -0.256842 -0.306071
v -0.000678 -0.253805 -0.300135
v -0.006257 -0.293933 -0.325325
v -0.017887 -0.264761 -0.310506
v -0.012293 -0.278507 -0.318717
v 0.013254 -0.277965 -0.318887
v 0.021627 -0.292920 -0.325416
v -0.022818 -0.253536 -0.299888
v -0.088660 0.281060 -0.325209
v -0.061730 0.287934 -0.325207
v -0.044765 0.251437 -0.299685
v -0.041395 0.262769 -0.310320
v -0.037835 0.276658 -0.318578
v -0.034150 0.292250 -0.325251
v -0.066168 0.247621 -0.299565
v -0.064478 0.258780 -0.310210
v -0.063025 0.272503 -0.318495
v -0.086654 0.242181 -0.299572
v -0.086750 0.252891 -0.310217
v -0.087490 0.266131 -0.318500
v -0.105851 0.235212 -0.299752
v -0.107821 0.245197 -0.310382
v -0.110858 0.257632 -0.318624
v -0.114605 0.271701 -0.325275
v -0.034150 -0.292250 -0.325251
v -0.061730 -0.287934 -0.325207
v -0.086654 -0.242181 -0.299572
v -0.105851 -0.235212 -0.299752
v -0.086750 -0.252891 -0.310217
v -0.107821 -0.245197 -0.310382
v -0.087490 -0.266131 -0.318500
v -0.110858 -0.257632 -0.318624
v -0.088660 -0.281060 -0.325209
v -0.114605 -0.271701 -0.325275
v -0.066168 -0.247621 -0.299565
v -0.064478 -0.258780 -0.310210
v -0.063025 -0.272503 -0.318495
v -0.044765 -0.251437 -0.299685
v -0.041395 -0.262769 -0.310320
v -0.037835 -0.276658 -0.318578
v -0.142074 0.219977 -0.306344
v -0.139420 0.216344 -0.300703
v -0.124777 0.225972 -0.300176
v -0.203710 0.210101 -0.326182
v -0.153205 0.234267 -0.319278
v -0.162432 0.245729 -0.325624
v -0.183969 0.229123 -0.325884
v -0.145311 0.224234 -0.311251
v -0.127367 0.235726 -0.310734
v -0.157352 0.206739 -0.307036
v -0.153784 0.203639 -0.301410
v -0.147357 0.209816 -0.301069
v -0.166572 0.188154 -0.302221
v -0.171033 0.190787 -0.307828
v -0.176348 0.193927 -0.312638
v -0.189053 0.201435 -0.320321
v -0.171980 0.219116 -0.319764
v -0.161643 0.210405 -0.311897
v -0.132805 0.247051 -0.318889
v -0.139258 0.259921 -0.325417
v -0.183969 -0.229123 -0.325884
v -0.153205 -0.234267 -0.319278
v -0.145311 -0.224234 -0.311251
v -0.161643 -0.210405 -0.311897
v -0.157352 -0.206739 -0.307036
v -0.171033 -0.190787 -0.307828
v -0.155276 -0.202070 -0.301495
v -0.166572 -0.188154 -0.302221
v -0.127367 -0.235726 -0.310734
v -0.132805 -0.247051 -0.318889
v -0.153784 -0.203639 -0.301410
v -0.142074 -0.219977 -0.306344
v -0.134872 -0.219631 -0.300519
v -0.123452 -0.226720 -0.300137
v -0.176348 -0.193927 -0.312638
v -0.189053 -0.201435 -0.320321
v -0.171980 -0.219116 -0.319764
v -0.203710 -0.210101 -0.326182
v -0.162432 -0.245729 -0.325624
v -0.139258 -0.259921 -0.325417
v -0.261910 0.113609 -0.327458
v -0.237221 0.165273 -0.326833
v -0.177805 0.169628 -0.303096
v -0.183119 0.171906 -0.308684
v -0.189407 0.174631 -0.313438
v -0.204344 0.181165 -0.320923
v -0.221505 0.188719 -0.326503
v -0.187468 0.148542 -0.303994
v -0.193582 0.150546 -0.309562
v -0.200772 0.152938 -0.314259
v -0.217766 0.158663 -0.321541
v -0.195539 0.125563 -0.304874
v -0.202382 0.127325 -0.310422
v -0.210388 0.129415 -0.315064
v -0.229229 0.134392 -0.322146
v -0.250731 0.140118 -0.327156
v -0.201994 0.101358 -0.305695
v -0.209480 0.102860 -0.311225
v -0.218202 0.104629 -0.315814
v -0.238644 0.108814 -0.322710
v -0.237221 -0.165273 -0.326833
v -0.195539 -0.125563 -0.304874
v -0.201994 -0.101358 -0.305695
v -0.202382 -0.127325 -0.310422
v -0.209480 -0.102860 -0.311225
v -0.210388 -0.129415 -0.315064
v -0.218202 -0.104629 -0.315814
v -0.229229 -0.134392 -0.322146
v -0.238644 -0.108814 -0.322710
v -0.250731 -0.140118 -0.327156
v -0.261910 -0.113609 -0.327458
v -0.187468 -0.148542 -0.303994
v -0.193582 -0.150546 -0.309562
v -0.200772 -0.152938 -0.314259
v -0.217766 -0.158663 -0.321541
v -0.177805 -0.169628 -0.303096
v -0.183119 -0.171906 -0.308684
v -0.189407 -0.174631 -0.313438
v -0.204344 -0.181165 -0.320923
v -0.221505 -0.188719 -0.326503
v -0.281945 0.000000 -0.328120
v -0.276913 0.057804 -0.327931
v -0.206833 0.076507 -0.306414
v -0.214860 0.077692 -0.311928
v -0.224177 0.079081 -0.316471
v -0.245940 0.082349 -0.323205
v -0.270649 0.086081 -0.327722
v -0.210148 0.051237 -0.306986
v -0.218591 0.052056 -0.312486
v -0.228361 0.053011 -0.316994
v -0.251121 0.055251 -0.323597
v -0.212053 0.025688 -0.307363
v -0.220764 0.026106 -0.312855
v -0.230822 0.026592 -0.317338
v -0.254213 0.027731 -0.323857
v -0.280684 0.029027 -0.328070
v -0.212663 0.000000 -0.307499
v -0.221468 0.000000 -0.312988
v -0.231628 0.000000 -0.317463
v -0.255238 0.000000 -0.323950
v -0.276913 -0.057804 -0.327931
v -0.212053 -0.025688 -0.307363
v -0.220764 -0.026106 -0.312855
v -0.230822 -0.026592 -0.317338
v -0.254213 -0.027731 -0.323857
v -0.280684 -0.029027 -0.328070
v -0.210148 -0.051237 -0.306986
v -0.218591 -0.052056 -0.312486
v -0.228361 -0.053011 -0.316994
v -0.251121 -0.055251 -0.323597
v -0.206833 -0.076507 -0.306414
v -0.214860 -0.077692 -0.311928
v -0.224177 -0.079081 -0.316471
v -0.245940 -0.082349 -0.323205
v -0.270649 -0.086081 -0.327722
v 0.178386 -0.000000 -0.059298
v 0.178336 0.014124 -0.059249
v 0.177468 0.041381 -0.058385
v 0.177091 0.046801 -0.058011
v 0.174852 0.066985 -0.055786
v 0.173781 0.073643 -0.054723
v 0.169859 0.091931 -0.050832
v 0.161601 0.118118 -0.180958
v 0.161072 0.119276 -0.230627
v 0.162175 0.120850 -0.264407
v 0.163966 0.121863 -0.276639
v 0.166915 0.123063 -0.286460
v 0.171276 0.124479 -0.294388
v 0.151347 0.141529 -0.181130
v 0.150827 0.142331 -0.230951
v 0.151859 0.143722 -0.264901
v 0.153555 0.144717 -0.277208
v 0.156355 0.145955 -0.287090
v 0.160500 0.147466 -0.295059
v 0.138907 0.163406 -0.181245
v 0.138489 0.163833 -0.231169
v 0.139553 0.165015 -0.265231
v 0.141199 0.165980 -0.277590
v 0.143884 0.167242 -0.287512
v 0.147833 0.168838 -0.295510
v 0.124594 0.182809 -0.181295
v 0.124309 0.182983 -0.231265
v 0.125435 0.184046 -0.265377
v 0.127041 0.185017 -0.277757
v 0.129615 0.186336 -0.287698
v 0.133362 0.188047 -0.295707
v 0.174317 -0.070449 -0.055255
v 0.170635 -0.088811 -0.051602
v 0.169859 -0.091931 -0.050832
v 0.176960 -0.048446 -0.057880
v 0.176701 -0.051425 -0.057622
v 0.178139 -0.025702 -0.059053
v 0.177221 -0.045063 -0.058140
v 0.138907 -0.163406 -0.181245
v 0.124594 -0.182809 -0.181295
v 0.138489 -0.163833 -0.231169
v 0.124309 -0.182983 -0.231265
v 0.139553 -0.165015 -0.265231
v 0.125435 -0.184046 -0.265377
v 0.141199 -0.165980 -0.277590
v 0.127041 -0.185017 -0.277757
v 0.143884 -0.167242 -0.287512
v 0.129615 -0.186336 -0.287698
v 0.147833 -0.168838 -0.295510
v 0.133362 -0.188047 -0.295707
v 0.151347 -0.141529 -0.181130
v 0.150827 -0.142331 -0.230951
v 0.151859 -0.143722 -0.264901
v 0.153555 -0.144717 -0.277208
v 0.156355 -0.145955 -0.287090
v 0.160500 -0.147466 -0.295059
v 0.161601 -0.118118 -0.180958
v 0.161072 -0.119276 -0.230627
v 0.162175 -0.120850 -0.264407
v 0.163966 -0.121863 -0.276639
v 0.166915 -0.123063 -0.286460
v 0.171276 -0.124479 -0.294388
v 0.077906 0.219335 -0.181142
v 0.091272 0.211936 -0.181210
v 0.091234 0.212256 -0.231103
v 0.098693 0.206929 -0.181243
v 0.108939 0.198761 -0.181279
v 0.108513 0.199136 -0.231232
v 0.109681 0.200258 -0.265328
v 0.111232 0.201309 -0.277701
v 0.113675 0.202753 -0.287635
v 0.117197 0.204641 -0.295641
v 0.118648 0.189433 -0.181296
v 0.092451 0.213596 -0.265132
v 0.093946 0.214796 -0.277475
v 0.096252 0.216427 -0.287385
v 0.099535 0.218548 -0.295374
v 0.072425 0.221844 -0.181112
v 0.072581 0.222459 -0.230919
v 0.073904 0.224130 -0.264851
v 0.075363 0.225530 -0.277151
v 0.077545 0.227394 -0.287026
v 0.080595 0.229792 -0.294992
v 0.052665 0.229864 -0.230719
v 0.054198 0.231933 -0.264547
v 0.055664 0.233565 -0.276801
v 0.057757 0.235694 -0.286639
v 0.060596 0.238393 -0.294579
v 0.052203 0.228898 -0.181007
v 0.065333 0.224691 -0.181074
v 0.139630 0.163378 -0.022091
v 0.141204 0.160791 -0.022527
v 0.141675 0.160000 -0.022878
v 0.141771 0.159838 -0.022969
v 0.124935 0.183244 -0.107265
v 0.135984 0.169073 -0.022093
v 0.124965 0.183957 -0.022098
v 0.167965 0.098893 -0.048953
v 0.151152 0.142416 -0.032269
v 0.154762 0.134729 -0.035851
v 0.162018 0.116994 -0.043052
v 0.124935 -0.183244 -0.107265
v 0.152713 -0.139168 -0.033818
v 0.143558 -0.156767 -0.024739
v 0.141771 -0.159838 -0.022969
v 0.141675 -0.160000 -0.022878
v 0.160747 -0.120370 -0.041791
v 0.164347 -0.110415 -0.045364
v 0.140376 -0.162163 -0.022183
v 0.139630 -0.163378 -0.022091
v 0.129163 -0.178677 -0.022096
v 0.124965 -0.183957 -0.022098
v 0.105699 -0.201515 -0.181269
v 0.091272 -0.211936 -0.181210
v 0.091234 -0.212256 -0.231103
v 0.084813 -0.215753 -0.181178
v 0.072425 -0.221844 -0.181112
v 0.072581 -0.222459 -0.230919
v 0.052203 -0.228898 -0.181007
v 0.052665 -0.229864 -0.230719
v 0.073904 -0.224130 -0.264851
v 0.054198 -0.231933 -0.264547
v 0.075363 -0.225530 -0.277151
v 0.055664 -0.233565 -0.276801
v 0.077545 -0.227394 -0.287026
v 0.057757 -0.235694 -0.286639
v 0.080595 -0.229792 -0.294992
v 0.060596 -0.238393 -0.294579
v 0.092451 -0.213596 -0.265132
v 0.093946 -0.214796 -0.277475
v 0.096252 -0.216427 -0.287385
v 0.099535 -0.218548 -0.295374
v 0.108682 -0.198986 -0.181278
v 0.108513 -0.199136 -0.231232
v 0.109681 -0.200258 -0.265328
v 0.111232 -0.201309 -0.277701
v 0.113675 -0.202753 -0.287635
v 0.117197 -0.204641 -0.295641
v 0.033577 0.232886 -0.180922
v 0.031665 0.234631 -0.230538
v 0.033533 0.237117 -0.264272
v 0.035061 0.238996 -0.276483
v 0.037108 0.241401 -0.286287
v 0.039766 0.244412 -0.294204
v 0.003070 0.235727 -0.180808
v 0.010052 0.237099 -0.230380
v 0.012292 0.239972 -0.264032
v 0.013893 0.242081 -0.276207
v 0.015899 0.244746 -0.285981
v 0.018376 0.248047 -0.293878
v -0.032840 0.236661 -0.230127
v -0.011630 0.237648 -0.230244
v -0.030225 0.240017 -0.263647
v -0.009103 0.240828 -0.263825
v -0.028664 0.242423 -0.275763
v -0.007472 0.243124 -0.275968
v -0.026916 0.245423 -0.285489
v -0.005549 0.245998 -0.285716
v -0.024972 0.249100 -0.293354
v -0.003296 0.249531 -0.293596
v -0.034854 0.234701 -0.180694
v 0.051988 0.228499 -0.107140
v 0.065296 0.224529 -0.107168
v 0.122986 0.186290 -0.022099
v 0.118960 0.189928 -0.107263
v 0.111472 0.198082 -0.022102
v 0.109211 0.199259 -0.107254
v 0.103044 0.205078 -0.022103
v 0.098919 0.207338 -0.107238
v 0.089887 0.213796 -0.022102
v 0.077996 0.219411 -0.107195
v 0.077983 0.219821 -0.022099
v 0.075541 0.220873 -0.022099
v 0.068199 0.223705 -0.022096
v 0.051807 0.228486 -0.022091
v 0.051989 -0.228500 -0.107684
v 0.054812 -0.227751 -0.022092
v 0.051807 -0.228486 -0.022091
v 0.071308 -0.222563 -0.022097
v 0.084957 -0.215953 -0.107210
v 0.080446 -0.218700 -0.022100
v 0.095715 -0.209533 -0.107232
v 0.094429 -0.211057 -0.022103
v 0.105957 -0.201993 -0.107249
v 0.107341 -0.201665 -0.022103
v 0.115709 -0.193243 -0.107261
v 0.113830 -0.195895 -0.022102
v 0.061635 -0.225752 -0.107160
v -0.013421 -0.235810 -0.180755
v -0.034854 -0.234701 -0.180694
v -0.011630 -0.237648 -0.230244
v -0.032840 -0.236661 -0.230127
v -0.009103 -0.240828 -0.263825
v -0.030225 -0.240017 -0.263647
v -0.007472 -0.243124 -0.275968
v -0.028664 -0.242423 -0.275763
v -0.005549 -0.245998 -0.285716
v -0.026916 -0.245423 -0.285489
v -0.003296 -0.249531 -0.293596
v -0.024972 -0.249100 -0.293354
v 0.008672 -0.235487 -0.180827
v 0.010052 -0.237099 -0.230380
v 0.012292 -0.239972 -0.264032
v 0.013893 -0.242081 -0.276207
v 0.015899 -0.244746 -0.285981
v 0.018376 -0.248047 -0.293878
v 0.030766 -0.233321 -0.180911
v 0.031665 -0.234631 -0.230538
v 0.033533 -0.237117 -0.264272
v 0.035061 -0.238996 -0.276483
v 0.037108 -0.241401 -0.286287
v 0.039766 -0.244412 -0.294204
v -0.055070 0.232502 -0.180643
v -0.053100 0.234461 -0.230032
v -0.050682 0.237825 -0.263502
v -0.049326 0.240242 -0.275596
v -0.047882 0.243261 -0.285303
v -0.046359 0.246965 -0.293156
v -0.073915 0.229271 -0.180613
v -0.072198 0.231132 -0.229975
v -0.070203 0.234354 -0.263415
v -0.069162 0.236689 -0.275496
v -0.068127 0.239622 -0.285193
v -0.067120 0.243237 -0.293038
v -0.091334 0.224996 -0.180615
v -0.089987 0.226701 -0.229978
v -0.088546 0.229663 -0.263420
v -0.087890 0.231835 -0.275502
v -0.087329 0.234587 -0.285199
v -0.086904 0.238006 -0.293045
v -0.107274 0.219665 -0.180660
v -0.106320 0.221192 -0.230063
v -0.105473 0.223807 -0.263550
v -0.105226 0.225751 -0.275651
v -0.105170 0.228239 -0.285365
v -0.105360 0.231363 -0.293222
v 0.033034 0.232206 -0.107163
v 0.033528 0.231848 -0.022087
v 0.013165 0.233800 -0.022084
v 0.001937 0.234716 -0.107118
v 0.001142 0.234252 -0.022084
v -0.036464 0.233493 -0.107074
v -0.037562 0.232921 -0.022084
v -0.012230 0.234240 -0.022083
v 0.021833 -0.233551 -0.107145
v 0.021293 -0.233215 -0.022085
v 0.001113 -0.234253 -0.022084
v 0.037133 -0.231569 -0.107170
v 0.032278 -0.232016 -0.022087
v 0.026563 -0.232702 -0.022086
v -0.009861 -0.234780 -0.107103
v -0.036455 -0.233498 -0.107576
v -0.026019 -0.233720 -0.022084
v -0.037562 -0.232921 -0.022084
v -0.091334 -0.224996 -0.180615
v -0.107274 -0.219665 -0.180660
v -0.089987 -0.226701 -0.229978
v -0.106320 -0.221192 -0.230063
v -0.088546 -0.229663 -0.263420
v -0.105473 -0.223807 -0.263550
v -0.087890 -0.231835 -0.275502
v -0.105226 -0.225751 -0.275651
v -0.087329 -0.234587 -0.285199
v -0.105170 -0.228239 -0.285365
v -0.086904 -0.238006 -0.293045
v -0.105360 -0.231363 -0.293222
v -0.073915 -0.229271 -0.180613
v -0.072198 -0.231132 -0.229975
v -0.070203 -0.234354 -0.263415
v -0.069162 -0.236689 -0.275496
v -0.068127 -0.239622 -0.285193
v -0.067120 -0.243237 -0.293038
v -0.055070 -0.232502 -0.180643
v -0.053100 -0.234461 -0.230032
v -0.050682 -0.237825 -0.263502
v -0.049326 -0.240242 -0.275596
v -0.047882 -0.243261 -0.285303
v -0.046359 -0.246965 -0.293156
v -0.120787 0.216729 -0.263827
v -0.121076 0.214510 -0.230245
v -0.118527 0.214771 -0.180730
v -0.128862 0.208918 -0.180828
v -0.151007 0.201158 -0.294843
v -0.163047 0.186072 -0.295636
v -0.160378 0.184479 -0.287631
v -0.148950 0.199231 -0.286887
v -0.147509 0.197766 -0.277025
v -0.158443 0.183284 -0.277697
v -0.146579 0.196670 -0.264742
v -0.157123 0.182398 -0.265324
v -0.155844 0.181193 -0.231230
v -0.122202 0.223295 -0.293598
v -0.137405 0.213396 -0.294151
v -0.121389 0.220551 -0.285718
v -0.134241 0.206080 -0.230512
v -0.134478 0.207898 -0.264233
v -0.145826 0.195207 -0.230847
v -0.149776 0.189149 -0.181150
v -0.145852 0.194096 -0.181074
v -0.143378 0.196844 -0.181031
v -0.134551 0.204863 -0.180897
v -0.135968 0.211068 -0.286237
v -0.041579 0.232568 -0.022084
v -0.061058 0.230650 -0.107038
v -0.066481 0.229356 -0.022085
v -0.078680 0.227373 -0.107031
v -0.087681 0.224743 -0.022083
v -0.093950 0.223407 -0.107035
v -0.091429 0.223687 -0.022083
v -0.108007 0.218536 -0.106942
v -0.108318 0.217748 -0.022077
v -0.042001 0.232999 -0.107055
v -0.108007 -0.218536 -0.106942
v -0.097807 -0.221686 -0.022081
v -0.075279 -0.228103 -0.107031
v -0.080255 -0.226604 -0.022084
v -0.056649 -0.231292 -0.107041
v -0.058993 -0.230531 -0.022085
v -0.090294 -0.224469 -0.107033
v -0.104171 -0.220002 -0.107047
v -0.108318 -0.217748 -0.022077
v -0.151007 -0.201158 -0.294843
v -0.149663 -0.189302 -0.181147
v -0.155844 -0.181193 -0.231230
v -0.121389 -0.220551 -0.285718
v -0.120787 -0.216729 -0.263827
v -0.122202 -0.223295 -0.293598
v -0.135968 -0.211068 -0.286237
v -0.134478 -0.207898 -0.264233
v -0.146579 -0.196670 -0.264742
v -0.137405 -0.213396 -0.294151
v -0.148950 -0.199231 -0.286887
v -0.147509 -0.197766 -0.277025
v -0.118557 -0.214757 -0.180730
v -0.121076 -0.214510 -0.230245
v -0.134241 -0.206080 -0.230512
v -0.145826 -0.195207 -0.230847
v -0.128916 -0.208882 -0.180828
v -0.134551 -0.204863 -0.180897
v -0.143131 -0.197104 -0.181026
v -0.145852 -0.194096 -0.181074
v -0.163047 -0.186072 -0.295636
v -0.160378 -0.184479 -0.287631
v -0.158443 -0.183284 -0.277697
v -0.157123 -0.182398 -0.265324
v -0.173556 0.167835 -0.296492
v -0.170286 0.166469 -0.288434
v -0.167860 0.165447 -0.278422
v -0.166145 0.164685 -0.265953
v -0.164311 0.163609 -0.231643
v -0.182535 0.146958 -0.297370
v -0.178687 0.145744 -0.289259
v -0.175781 0.144824 -0.279166
v -0.173672 0.144125 -0.266599
v -0.189973 0.124157 -0.298231
v -0.185586 0.123063 -0.290067
v -0.182224 0.122219 -0.279896
v -0.179734 0.121560 -0.267232
v -0.195863 0.100146 -0.299034
v -0.190986 0.099188 -0.290820
v -0.187204 0.098434 -0.280576
v -0.184359 0.097832 -0.267822
v -0.182293 0.097332 -0.252080
v -0.171269 0.143094 -0.232068
v -0.176765 0.120550 -0.232484
v -0.180846 0.096883 -0.232872
v -0.109869 0.217090 -0.022076
v -0.123106 0.210395 -0.022069
v -0.119053 0.213587 -0.106972
v -0.124527 0.209532 -0.022068
v -0.129216 0.207643 -0.107013
v -0.135153 0.201823 -0.022062
v -0.143500 0.195396 -0.107098
v -0.143384 0.193754 -0.022060
v -0.149789 0.187619 -0.107148
v -0.148127 0.187881 -0.022059
v -0.144342 0.192652 -0.022059
v -0.125471 -0.208940 -0.022068
v -0.135892 -0.201187 -0.022062
v -0.129269 -0.207607 -0.107013
v -0.154066 -0.178723 -0.022060
v -0.146574 -0.189925 -0.022059
v -0.149678 -0.187773 -0.107147
v -0.144869 -0.192029 -0.022059
v -0.143257 -0.195660 -0.107097
v -0.143143 -0.194025 -0.022060
v -0.121438 -0.211366 -0.022070
v -0.119083 -0.213572 -0.106972
v -0.179734 -0.121560 -0.267232
v -0.184359 -0.097832 -0.267822
v -0.182224 -0.122219 -0.279896
v -0.187204 -0.098434 -0.280576
v -0.185586 -0.123063 -0.290067
v -0.190986 -0.099188 -0.290820
v -0.189973 -0.124157 -0.298231
v -0.195863 -0.100146 -0.299034
v -0.176765 -0.120550 -0.232484
v -0.180846 -0.096883 -0.232872
v -0.182293 -0.097332 -0.252080
v -0.171269 -0.143094 -0.232068
v -0.173672 -0.144125 -0.266599
v -0.175781 -0.144824 -0.279166
v -0.178687 -0.145744 -0.289259
v -0.182535 -0.146958 -0.297370
v -0.164311 -0.163609 -0.231643
v -0.166145 -0.164685 -0.265953
v -0.167860 -0.165447 -0.278422
v -0.170286 -0.166469 -0.288434
v -0.173556 -0.167835 -0.296492
v -0.187100 0.048935 -0.252850
v -0.185238 0.048661 -0.233482
v -0.183596 0.072854 -0.233212
v -0.198970 0.025068 -0.292351
v -0.199414 0.000000 -0.292476
v -0.194328 0.024844 -0.281957
v -0.192783 0.000000 -0.276050
v -0.190734 0.024659 -0.269020
v -0.191045 0.000000 -0.269118
v -0.204823 0.025346 -0.300665
v -0.205346 0.000000 -0.300798
v -0.200681 0.000000 -0.294583
v -0.200221 0.075542 -0.299737
v -0.203162 0.050567 -0.300296
v -0.194921 0.074771 -0.291480
v -0.197527 0.050028 -0.292005
v -0.190770 0.074155 -0.281171
v -0.193081 0.049593 -0.281645
v -0.187607 0.073655 -0.268338
v -0.189660 0.049237 -0.268749
v -0.185269 0.073235 -0.252509
v -0.187271 0.000000 -0.244775
v -0.186240 0.000000 -0.233725
v -0.204823 -0.025346 -0.300665
v -0.203162 -0.050567 -0.300296
v -0.198970 -0.025068 -0.292351
v -0.197527 -0.050028 -0.292005
v -0.193081 -0.049593 -0.281645
v -0.200221 -0.075542 -0.299737
v -0.194921 -0.074771 -0.291480
v -0.190770 -0.074155 -0.281171
v -0.187607 -0.073655 -0.268338
v -0.185269 -0.073235 -0.252509
v -0.183596 -0.072854 -0.233212
v -0.185238 -0.048661 -0.233482
v -0.187100 -0.048935 -0.252850
v -0.189660 -0.049237 -0.268749
v -0.113829 0.155000 0.111276
v -0.113829 -0.155000 0.111276
v -0.110342 0.155000 0.127309
v -0.110342 -0.155000 0.127309
v -0.104608 0.155000 0.142683
v -0.104608 -0.155000 0.142683
v -0.096744 0.155000 0.157084
v -0.096744 -0.155000 0.157084
v -0.086911 0.155000 0.170219
v -0.086911 -0.155000 0.170219
v -0.075309 0.155000 0.181821
v -0.075309 -0.155000 0.181821
v -0.062174 0.155000 0.191654
v -0.062174 -0.155000 0.191654
v -0.047773 0.155000 0.199518
v -0.047773 -0.155000 0.199518
v -0.032399 0.155000 0.205252
v -0.032399 -0.155000 0.205252
v -0.016366 0.155000 0.208739
v -0.016366 -0.155000 0.208739
v 0.000000 0.155000 0.209910
v -0.000000 -0.155000 0.209910
v 0.016366 0.155000 0.208739
v 0.016366 -0.155000 0.208739
v 0.032399 0.155000 0.205252
v 0.032399 -0.155000 0.205252
v 0.047773 0.155000 0.199518
v 0.047773 -0.155000 0.199518
v 0.062174 0.155000 0.191654
v 0.062174 -0.155000 0.191654
v 0.075309 0.155000 0.181821
v 0.075309 -0.155000 0.181821
v 0.086911 0.155000 0.170219
v 0.086911 -0.155000 0.170219
v 0.096744 0.155000 0.157084
v 0.096744 -0.155000 0.157084
v 0.104608 0.155000 0.142683
v 0.104608 -0.155000 0.142683
v 0.110342 0.155000 0.127309
v 0.110342 -0.155000 0.127309
v 0.113829 0.155000 0.111276
v 0.113829 -0.155000 0.111276
v 0.115000 0.155000 0.094910
v 0.115000 -0.155000 0.094910
v 0.115000 -0.155000 -0.015090
v 0.115000 0.155000 -0.015090
v 0.176381 -0.048282 -0.056471
v 0.177554 -0.025650 -0.057644
v 0.141464 0.158819 -0.021554
v 0.177800 -0.000000 -0.057890
v 0.177750 0.014105 -0.057840
v 0.161555 0.116304 -0.041645
v 0.154352 0.133909 -0.034442
v 0.176512 0.046647 -0.056602
v 0.173225 0.073300 -0.053315
v 0.169335 0.091437 -0.049425
v 0.167456 0.098341 -0.047546
v 0.176886 0.041258 -0.056976
v 0.150769 0.141538 -0.030859
v 0.141464 -0.158819 -0.021554
v 0.143236 -0.155774 -0.023326
v 0.152318 -0.138315 -0.032408
v 0.160293 -0.119655 -0.040383
v 0.163867 -0.109775 -0.043957
v 0.169335 -0.091437 -0.049425
v 0.170105 -0.088343 -0.050195
v 0.173757 -0.070131 -0.053847
v 0.176123 -0.051242 -0.056213
v 0.174288 0.066694 -0.054378
v 0.141306 -0.158980 -0.021403
v 0.141306 0.158980 -0.021403
v 0.140527 0.159764 -0.020818
v 0.139159 -0.161123 -0.020244
v 0.110000 -0.162500 -0.019420
v -0.159536 -0.163257 -0.019776
v 0.110000 -0.161464 -0.018626
v -0.160372 -0.161698 -0.018844
v -0.160764 -0.160927 -0.017990
v 0.110000 -0.160670 -0.017590
v -0.161103 -0.160222 -0.016563
v -0.161173 0.160061 -0.015871
v -0.160926 0.160597 -0.017460
v -0.160890 0.160672 -0.017593
v 0.110000 0.160670 -0.017590
v -0.160372 0.161698 -0.018844
v 0.110000 0.162500 -0.019420
v -0.159943 0.162510 -0.019426
v -0.159536 0.163257 -0.019776
v -0.110013 0.160000 0.041450
v -0.111213 0.159851 0.045073
v -0.114591 0.156980 0.057618
v -0.114141 0.157801 0.055304
v -0.160487 0.159168 0.050024
v -0.113837 0.158206 0.053991
v -0.111889 0.159629 0.047173
v -0.114743 0.156583 0.058611
v -0.160947 0.157573 0.055988
v -0.162114 0.153677 0.064411
v -0.163137 0.150173 0.069479
v -0.164081 0.146816 0.073234
v -0.164964 0.143540 0.076202
v -0.166182 0.138775 0.079617
v -0.169405 0.124476 0.085401
v -0.168194 0.130180 0.083772
v -0.170800 -0.117292 0.086352
v -0.168950 -0.126675 0.084869
v -0.164682 -0.144600 0.075305
v -0.165743 -0.140526 0.078470
v -0.167757 -0.132136 0.083019
v -0.111893 -0.159628 0.047187
v -0.110013 -0.160000 0.041450
v -0.112873 -0.159092 0.050402
v -0.113837 -0.158206 0.053991
v -0.160519 -0.159051 0.050601
v -0.114592 -0.156979 0.057620
v -0.160916 -0.157681 0.055671
v -0.114961 -0.155626 0.060763
v -0.161247 -0.156572 0.058638
v -0.162075 -0.153810 0.064187
v -0.162884 -0.151054 0.068338
v 0.134956 0.168390 -0.020243
v 0.138580 0.162729 -0.020242
v 0.135497 0.168749 -0.020677
v 0.139132 0.163070 -0.020676
v 0.135858 0.168989 -0.021327
v 0.139501 0.163298 -0.021325
v 0.124017 0.183170 -0.020243
v 0.124517 0.183585 -0.020679
v 0.124850 0.183862 -0.021330
v 0.122873 0.186192 -0.021331
v 0.122545 0.185908 -0.020679
v 0.122054 0.185482 -0.020243
v 0.111373 0.197972 -0.021333
v 0.102955 0.204960 -0.021334
v 0.089813 0.213667 -0.021333
v 0.075483 0.220734 -0.021331
v 0.068149 0.223563 -0.021329
v 0.051772 0.228338 -0.021326
v 0.111082 0.197651 -0.020680
v 0.102693 0.204615 -0.020680
v 0.089598 0.213292 -0.020680
v 0.075316 0.220335 -0.020679
v 0.068004 0.223154 -0.020678
v 0.051673 0.227916 -0.020676
v 0.110646 0.197169 -0.020243
v 0.102300 0.204097 -0.020244
v 0.089274 0.212728 -0.020243
v 0.075064 0.219736 -0.020243
v 0.067788 0.222542 -0.020243
v 0.051524 0.227284 -0.020242
v 0.140870 0.160078 -0.021116
v 0.141538 0.159275 -0.021692
v 0.141108 0.160368 -0.021522
v 0.141682 0.159553 -0.022048
v 0.141222 0.160612 -0.022005
v 0.141728 0.159800 -0.022451
v 0.033507 0.231696 -0.021323
v 0.033447 0.231266 -0.020675
v 0.033359 0.230624 -0.020242
v 0.013156 0.233646 -0.021321
v 0.013131 0.233213 -0.020674
v -0.012227 0.234086 -0.021320
v -0.012219 0.233652 -0.020673
v -0.037549 0.232768 -0.021320
v -0.037540 0.232652 -0.021086
v -0.037514 0.232335 -0.020674
v -0.037479 0.231923 -0.020357
v 0.013094 0.232566 -0.020242
v -0.012206 0.233005 -0.020242
v -0.037460 0.231689 -0.020242
v 0.141798 0.159387 -0.022180
v -0.041554 0.232300 -0.021087
v -0.041487 0.231571 -0.020357
v -0.066436 0.229090 -0.021087
v -0.087611 0.224482 -0.021086
v -0.091353 0.223427 -0.021086
v -0.108213 0.217496 -0.021083
v -0.066312 0.228368 -0.020357
v -0.087419 0.223776 -0.020357
v -0.091147 0.222725 -0.020357
v -0.107931 0.216821 -0.020356
v 0.169746 0.091706 -0.050066
v 0.167861 0.098642 -0.048186
v 0.161943 0.116682 -0.042280
v 0.154722 0.134361 -0.035074
v 0.151129 0.142023 -0.031489
v -0.109762 0.216839 -0.021082
v -0.109472 0.216168 -0.020356
v -0.124382 0.209298 -0.021077
v -0.122965 0.210158 -0.021078
v -0.144131 0.192471 -0.021072
v -0.134974 0.201612 -0.021074
v -0.147904 0.187716 -0.021072
v -0.154999 0.176467 -0.021073
v -0.122592 0.209530 -0.020354
v -0.123998 0.208676 -0.020354
v -0.134500 0.201055 -0.020353
v -0.143575 0.191997 -0.020353
v -0.147316 0.187283 -0.020353
v -0.154356 0.176120 -0.020353
v 0.178232 -0.000000 -0.058536
v 0.178183 0.014115 -0.058487
v 0.177317 0.041325 -0.057622
v 0.176942 0.046730 -0.057248
v 0.174713 0.066852 -0.055022
v 0.173647 0.073486 -0.053958
v -0.157037 0.170810 -0.020353
v -0.157698 0.171123 -0.021074
v -0.159457 0.165384 -0.020353
v -0.160130 0.165668 -0.021074
v 0.177987 -0.025678 -0.058291
v 0.169746 -0.091706 -0.050066
v 0.170517 -0.088597 -0.050836
v 0.174180 -0.070303 -0.054491
v 0.176553 -0.051341 -0.056859
v 0.176811 -0.048371 -0.057117
v -0.160396 0.163477 -0.020096
v -0.162626 0.159452 -0.016032
v -0.162642 0.159375 -0.015070
v -0.161964 0.159905 -0.015931
v -0.161980 0.159837 -0.015079
v -0.161726 0.160508 -0.017657
v -0.162389 0.160132 -0.017983
v -0.161194 0.161743 -0.019139
v -0.161858 0.161528 -0.019664
v -0.161064 0.163493 -0.020761
v 0.141798 -0.159387 -0.022180
v 0.143575 -0.156327 -0.023953
v 0.152683 -0.138786 -0.033040
v 0.160679 -0.120047 -0.041018
v 0.164262 -0.110125 -0.044594
v -0.161569 0.159838 0.013172
v -0.162230 0.159378 0.013182
v -0.161116 0.159839 0.041423
v -0.161776 0.159382 0.041434
v 0.141538 -0.159275 -0.021692
v 0.141728 -0.159800 -0.022451
v 0.141682 -0.159553 -0.022048
v -0.161937 0.158570 0.049828
v -0.161276 0.159016 0.049951
v -0.161745 0.157441 0.055857
v -0.162932 0.153589 0.064208
v -0.163974 0.150122 0.069238
v -0.162409 0.157013 0.055640
v -0.163604 0.153208 0.063857
v -0.164651 0.149783 0.068806
v -0.166520 0.143297 0.075381
v -0.167767 0.138633 0.078727
v -0.169824 0.130212 0.082809
v -0.171061 0.124617 0.084416
v -0.172910 0.115317 0.085426
v -0.165832 0.143551 0.075923
v -0.167072 0.138825 0.079327
v -0.169119 0.130289 0.083480
v -0.170351 0.124616 0.085116
v -0.172192 0.115182 0.086147
v 0.139678 -0.161477 -0.020494
v 0.138580 -0.162729 -0.020242
v 0.140082 -0.161791 -0.020937
v 0.139132 -0.163070 -0.020676
v 0.140323 -0.162029 -0.021522
v 0.139501 -0.163298 -0.021325
v -0.174233 0.103092 0.086146
v -0.174956 0.103202 0.085424
v -0.175872 0.090944 0.086146
v -0.176598 0.091031 0.085423
v 0.128182 -0.177930 -0.020243
v 0.124017 -0.183170 -0.020243
v 0.128698 -0.178324 -0.020678
v 0.124517 -0.183585 -0.020679
v 0.129043 -0.178586 -0.021329
v 0.124850 -0.183862 -0.021330
v -0.177858 0.078899 0.085422
v -0.177130 0.078834 0.086145
v -0.179676 0.048400 0.085420
v -0.180156 0.024187 0.085420
v -0.180225 0.000000 0.085420
v -0.178945 0.048375 0.086145
v -0.179425 0.024181 0.086145
v -0.179493 0.000000 0.086145
v 0.051772 -0.228338 -0.021326
v 0.051673 -0.227916 -0.020676
v 0.054775 -0.227604 -0.021326
v 0.051524 -0.227284 -0.020242
v 0.054668 -0.227184 -0.020677
v 0.054508 -0.226555 -0.020242
v 0.071255 -0.222423 -0.021330
v 0.080383 -0.218564 -0.021332
v 0.094349 -0.210932 -0.021333
v 0.107246 -0.201551 -0.021334
v 0.113727 -0.195787 -0.021333
v 0.071101 -0.222018 -0.020678
v 0.080200 -0.218172 -0.020679
v 0.094118 -0.210566 -0.020680
v 0.106970 -0.201218 -0.020680
v 0.113429 -0.195473 -0.020680
v 0.070870 -0.221411 -0.020243
v 0.079924 -0.217583 -0.020243
v 0.093770 -0.210016 -0.020243
v 0.106555 -0.200718 -0.020244
v 0.112981 -0.195002 -0.020243
v -0.178784 -0.066832 0.085421
v -0.179120 -0.042570 0.086145
v -0.179851 -0.042589 0.085420
v -0.178054 -0.066785 0.086145
v -0.175872 -0.090944 0.086146
v -0.176598 -0.091031 0.085423
v -0.037540 -0.232652 -0.021086
v -0.037549 -0.232768 -0.021320
v -0.026010 -0.233567 -0.021320
v -0.037479 -0.231923 -0.020357
v -0.037514 -0.232335 -0.020674
v -0.025986 -0.233133 -0.020673
v -0.025951 -0.232486 -0.020242
v -0.037460 -0.231689 -0.020242
v 0.001110 -0.234099 -0.021320
v 0.026547 -0.232549 -0.021322
v 0.032258 -0.231865 -0.021322
v 0.001102 -0.233665 -0.020674
v 0.026500 -0.232118 -0.020674
v 0.032201 -0.231435 -0.020675
v 0.001090 -0.233017 -0.020242
v 0.026431 -0.231473 -0.020242
v 0.032116 -0.230792 -0.020242
v -0.174233 -0.103092 0.086146
v -0.174956 -0.103202 0.085424
v -0.172192 -0.115182 0.086147
v -0.172910 -0.115317 0.085426
v -0.107931 -0.216821 -0.020356
v -0.108213 -0.217496 -0.021083
v -0.097721 -0.221429 -0.021085
v -0.097488 -0.220736 -0.020356
v -0.080194 -0.226341 -0.021087
v -0.080029 -0.225628 -0.020357
v -0.058955 -0.230264 -0.021087
v -0.058851 -0.229540 -0.020357
v -0.172486 -0.117567 0.085363
v -0.171769 -0.117465 0.086082
v -0.169887 -0.126804 0.084581
v -0.168674 -0.132233 0.082726
v -0.166626 -0.140563 0.078183
v -0.165546 -0.144602 0.075030
v -0.163716 -0.150994 0.068105
v -0.162892 -0.153720 0.063985
v -0.170596 -0.126775 0.083891
v -0.169376 -0.132129 0.082069
v -0.167318 -0.140347 0.077603
v -0.166232 -0.144333 0.074503
v -0.164392 -0.150645 0.067691
v -0.163563 -0.153338 0.063638
v -0.162376 -0.157118 0.055331
v -0.161970 -0.158456 0.050390
v -0.161776 -0.159382 0.041434
v -0.161713 -0.157547 0.055543
v -0.161309 -0.158901 0.050522
v -0.161116 -0.159839 0.041423
v -0.154999 -0.176467 -0.021073
v -0.154356 -0.176120 -0.020353
v -0.153824 -0.178586 -0.021073
v -0.153190 -0.178224 -0.020353
v -0.146355 -0.189753 -0.021072
v -0.144656 -0.191850 -0.021072
v -0.135710 -0.200978 -0.021074
v -0.125323 -0.208708 -0.021077
v -0.121302 -0.211127 -0.021078
v -0.145780 -0.189303 -0.020353
v -0.144096 -0.191381 -0.020353
v -0.135230 -0.200427 -0.020353
v -0.124931 -0.208091 -0.020354
v -0.120940 -0.210492 -0.020355
v -0.162230 -0.159378 0.013182
v -0.162642 -0.159375 -0.015070
v -0.161569 -0.159838 0.013172
v -0.161980 -0.159837 -0.015079
v -0.157037 -0.170810 -0.020353
v -0.159457 -0.165384 -0.020353
v -0.157698 -0.171123 -0.021074
v -0.160130 -0.165668 -0.021074
v -0.161897 -0.160086 -0.016684
v -0.162559 -0.159655 -0.016883
v -0.161570 -0.160879 -0.018228
v -0.162234 -0.160550 -0.018630
v -0.161194 -0.161743 -0.019139
v -0.161858 -0.161528 -0.019664
v -0.160396 -0.163477 -0.020096
v -0.161064 -0.163493 -0.020761
v -0.161384 0.145181 0.001273
v -0.136132 0.140729 0.005726
v -0.161180 0.145145 0.016873
v -0.136132 0.140729 0.028094
v -0.160964 0.145107 0.032473
v -0.136132 0.111184 -0.023819
v -0.169927 0.117143 -0.029778
v -0.171958 0.104927 -0.030136
v -0.175756 -0.068358 -0.030805
v -0.173586 -0.092648 -0.030423
v -0.136132 -0.111184 -0.023819
v -0.171958 -0.104927 -0.030136
v -0.169927 -0.117143 -0.029778
v -0.173586 0.092648 -0.030423
v -0.174923 0.079449 -0.030659
v -0.176698 0.048645 -0.030971
v -0.177174 0.024324 -0.031055
v -0.177249 0.000000 -0.031069
v -0.176838 -0.043997 -0.030996
v -0.160964 -0.145107 0.032473
v -0.136132 -0.140729 0.028094
v -0.161180 -0.145145 0.016873
v -0.136132 -0.140729 0.005726
v -0.161384 -0.145181 0.001273
v -0.136132 -0.111184 0.057639
v -0.168872 -0.116957 0.063411
v -0.171126 -0.103889 0.063809
v -0.175073 0.066512 0.064505
v -0.172905 0.090746 0.064123
v -0.136132 0.111184 0.057639
v -0.171126 0.103889 0.063809
v -0.168872 0.116957 0.063411
v -0.172905 -0.090746 0.064123
v -0.174128 -0.078919 0.064338
v -0.175928 -0.048758 0.064656
v -0.176416 -0.024381 0.064742
v -0.176485 0.000000 0.064754
v -0.176124 0.042206 0.064690
v -0.132000 -0.123604 -0.015590
v -0.132000 -0.132500 -0.006694
v -0.132000 -0.111184 -0.018894
v -0.132000 -0.135805 0.005726
v -0.132000 0.123604 0.049410
v -0.132000 0.132500 0.040514
v -0.132000 0.111184 0.052714
v -0.132000 0.135805 0.028094
v -0.132000 -0.111184 0.052714
v -0.132000 -0.132500 0.040514
v -0.132000 -0.123604 0.049410
v -0.132000 -0.135805 0.028094
v -0.132000 0.132500 -0.006694
v -0.132000 0.123604 -0.015590
v -0.132000 0.135805 0.005726
v -0.132000 0.111184 -0.018894
v -0.135829 -0.126034 0.053619
v -0.167056 -0.125317 0.061816
v -0.167842 -0.121900 0.062793
v -0.163318 -0.138687 0.051901
v -0.164738 -0.134078 0.056770
v -0.165557 -0.131177 0.058918
v -0.135829 -0.136709 0.042944
v -0.161292 -0.144399 0.039295
v -0.161656 -0.143463 0.042759
v -0.162393 -0.141429 0.047565
v -0.162671 -0.140627 0.049007
v -0.161900 -0.144550 -0.005388
v -0.135829 -0.136709 -0.009124
v -0.162346 -0.143678 -0.008796
v -0.165663 -0.134705 -0.022756
v -0.164157 -0.139213 -0.017766
v -0.135829 -0.126034 -0.019800
v -0.163515 -0.140927 -0.015101
v -0.163255 -0.141582 -0.013897
v -0.168612 -0.123549 -0.028808
v -0.167908 -0.126551 -0.027796
v -0.166382 -0.132296 -0.024661
v -0.135829 0.126034 -0.019800
v -0.168194 0.125362 -0.028243
v -0.168969 0.121923 -0.029202
v -0.164311 0.138784 -0.018350
v -0.165822 0.134187 -0.023202
v -0.166689 0.131214 -0.025390
v -0.135829 0.136709 -0.009124
v -0.161924 0.144508 -0.005593
v -0.162396 0.143574 -0.009123
v -0.163255 0.141582 -0.013896
v -0.163580 0.140758 -0.015391
v -0.167510 0.123375 0.062429
v -0.166792 0.126409 0.061401
v -0.135829 0.126034 0.053619
v -0.165547 0.131214 0.058894
v -0.165283 0.132171 0.058244
v -0.164582 0.134611 0.056309
v -0.162393 0.141429 0.047565
v -0.135829 0.136709 0.042944
v -0.162587 0.140870 0.048588
v -0.163175 0.139126 0.051306
v -0.161257 0.144486 0.038870
v -0.161600 0.143610 0.042303
v -0.134014 0.111184 -0.022905
v -0.134014 -0.111184 -0.022905
v -0.132532 0.111184 -0.021138
v -0.132532 -0.111184 -0.021138
v -0.132487 0.124679 -0.017453
v -0.132487 0.134363 -0.007769
v -0.133851 0.135864 -0.008636
v -0.133851 0.125546 -0.018954
v -0.134014 0.139815 0.005726
v -0.132532 0.138048 0.005726
v -0.132487 -0.134363 -0.007769
v -0.132487 -0.124679 -0.017453
v -0.133851 -0.125546 -0.018954
v -0.132532 -0.138048 0.005726
v -0.133851 -0.135864 -0.008636
v -0.134014 -0.139815 0.005726
v -0.134014 0.139815 0.028094
v -0.132532 0.138048 0.028094
v -0.132532 -0.138048 0.028094
v -0.134014 -0.139815 0.028094
v -0.132487 0.134363 0.041589
v -0.132487 0.124679 0.051273
v -0.133851 0.125546 0.052774
v -0.133851 0.135864 0.042456
v -0.134014 0.111184 0.056725
v -0.132532 0.111184 0.054958
v -0.132487 -0.124679 0.051273
v -0.132487 -0.134363 0.041589
v -0.133851 -0.135864 0.042456
v -0.132532 -0.111184 0.054958
v -0.133851 -0.125546 0.052774
v -0.134014 -0.111184 0.056725
v -0.178678 0.066771 0.067210
v -0.178252 0.042264 0.065611
v -0.178613 0.000000 0.065675
v -0.179735 0.042311 0.067394
v -0.180097 0.000000 0.067457
v -0.177198 0.066657 0.065426
v -0.175022 0.091015 0.065045
v -0.176494 0.091226 0.066831
v -0.176494 -0.091226 0.066831
v -0.175022 -0.091015 0.065045
v -0.177726 -0.079284 0.067045
v -0.176250 -0.079124 0.065260
v -0.179538 -0.048898 0.067360
v -0.180027 -0.024416 0.067445
v -0.178056 -0.048836 0.065577
v -0.178543 -0.024400 0.065663
v -0.173234 0.104237 0.064731
v -0.174698 0.104510 0.066520
v -0.170969 0.117392 0.064333
v -0.171800 0.117580 0.065141
v -0.172421 0.117733 0.066126
v -0.173234 -0.104237 0.064731
v -0.172421 -0.117733 0.066126
v -0.174698 -0.104510 0.066520
v -0.171800 -0.117580 0.065141
v -0.170969 -0.117392 0.064333
v -0.164386 0.147464 0.032528
v -0.162931 0.145913 0.032503
v -0.163156 0.145328 0.038945
v -0.165065 0.149479 0.032542
v -0.164550 0.146852 0.039185
v -0.165197 0.148794 0.039549
v -0.164359 0.141722 0.048798
v -0.163457 0.144465 0.042415
v -0.164908 0.139960 0.051569
v -0.166248 0.135373 0.056693
v -0.166925 0.132883 0.058681
v -0.168404 0.126985 0.061932
v -0.169117 0.123874 0.062994
v -0.164819 0.145950 0.042774
v -0.165669 0.143083 0.049378
v -0.166199 0.141243 0.052248
v -0.167512 0.136451 0.057557
v -0.168184 0.133850 0.059617
v -0.169668 0.127692 0.062988
v -0.170392 0.124446 0.064089
v -0.165458 0.147817 0.043318
v -0.166313 0.144742 0.050239
v -0.166852 0.142780 0.053240
v -0.168197 0.137692 0.058779
v -0.168889 0.134940 0.060926
v -0.170422 0.128440 0.064432
v -0.171173 0.125020 0.065576
v -0.169449 -0.122361 0.063370
v -0.170730 -0.122868 0.064478
v -0.171525 -0.123357 0.065980
v -0.168666 -0.125866 0.062361
v -0.167192 -0.131867 0.059375
v -0.166399 -0.134829 0.057166
v -0.165043 -0.139517 0.052178
v -0.164436 -0.141476 0.049224
v -0.163506 -0.144319 0.042877
v -0.163186 -0.145243 0.039374
v -0.162931 -0.145913 0.032503
v -0.169933 -0.126524 0.063432
v -0.168451 -0.132788 0.060336
v -0.167661 -0.135882 0.058046
v -0.166330 -0.140779 0.052878
v -0.165743 -0.142827 0.049820
v -0.164864 -0.145797 0.043251
v -0.164576 -0.146763 0.039628
v -0.164386 -0.147464 0.032528
v -0.170696 -0.127209 0.064894
v -0.169163 -0.133818 0.061674
v -0.168350 -0.137090 0.059290
v -0.166986 -0.142286 0.053898
v -0.166388 -0.144469 0.050701
v -0.165504 -0.147652 0.043819
v -0.165222 -0.148697 0.040015
v -0.165065 -0.149479 0.032542
v -0.163145 0.145950 0.016901
v -0.164599 0.147498 0.016925
v -0.165280 0.149510 0.016939
v -0.163348 0.145985 0.001300
v -0.164802 0.147530 0.001322
v -0.165484 0.149539 0.001335
v -0.163145 -0.145950 0.016901
v -0.163348 -0.145985 0.001300
v -0.164599 -0.147498 0.016925
v -0.164802 -0.147530 0.001322
v -0.165280 -0.149510 0.016939
v -0.165484 -0.149539 0.001335
v -0.171999 0.117554 -0.030678
v -0.171523 0.117457 -0.030362
v -0.170553 0.122364 -0.029766
v -0.173450 0.117879 -0.032427
v -0.172825 0.117732 -0.031466
v -0.171825 0.122848 -0.030847
v -0.172632 0.123318 -0.032313
v -0.173677 0.117938 -0.032956
v -0.169778 0.125894 -0.028776
v -0.168295 0.131893 -0.025832
v -0.167453 0.134933 -0.023579
v -0.166007 0.139613 -0.018600
v -0.165319 0.141611 -0.015574
v -0.164226 0.144434 -0.009195
v -0.163803 0.145355 -0.005622
v -0.171035 0.126531 -0.029819
v -0.169542 0.132794 -0.026765
v -0.168704 0.135969 -0.024428
v -0.167282 0.140860 -0.019266
v -0.166615 0.142950 -0.016132
v -0.165576 0.145903 -0.009528
v -0.165186 0.146868 -0.005832
v -0.171811 0.127195 -0.031245
v -0.170269 0.133798 -0.028068
v -0.169406 0.137156 -0.025635
v -0.167952 0.142345 -0.020254
v -0.167273 0.144573 -0.016980
v -0.166225 0.147742 -0.010067
v -0.165840 0.148790 -0.006188
v -0.173450 -0.117879 -0.032427
v -0.173677 -0.117938 -0.032956
v -0.172252 -0.125150 -0.031875
v -0.171999 -0.117554 -0.030678
v -0.172825 -0.117732 -0.031466
v -0.171459 -0.124589 -0.030425
v -0.163782 -0.145396 -0.005414
v -0.165168 -0.146911 -0.005617
v -0.165822 -0.148837 -0.005962
v -0.165258 -0.141780 -0.015278
v -0.164181 -0.144537 -0.008865
v -0.165862 -0.140048 -0.018002
v -0.167299 -0.135462 -0.023121
v -0.167996 -0.133001 -0.025081
v -0.169494 -0.127114 -0.028315
v -0.170195 -0.124033 -0.029360
v -0.171523 -0.117457 -0.030362
v -0.165534 -0.146012 -0.009186
v -0.166556 -0.143127 -0.015825
v -0.167141 -0.141316 -0.018647
v -0.168552 -0.136522 -0.023953
v -0.169244 -0.133950 -0.025986
v -0.170748 -0.127804 -0.029340
v -0.166183 -0.147859 -0.009708
v -0.167213 -0.144762 -0.016659
v -0.167807 -0.142830 -0.019608
v -0.169250 -0.137741 -0.025140
v -0.169961 -0.135020 -0.027258
v -0.171513 -0.128535 -0.030747
v -0.175503 0.105524 -0.032788
v -0.174041 0.105261 -0.031038
v -0.175679 0.092912 -0.031327
v -0.177148 0.093120 -0.033077
v -0.175503 -0.105524 -0.032788
v -0.174041 -0.105261 -0.031038
v -0.177148 -0.093120 -0.033077
v -0.175679 -0.092912 -0.031327
v -0.178497 0.079799 -0.033314
v -0.177023 0.079645 -0.031563
v -0.180284 0.048779 -0.033628
v -0.180762 0.024360 -0.033712
v -0.180836 0.000000 -0.033724
v -0.178804 0.048720 -0.031877
v -0.179281 0.024344 -0.031961
v -0.179355 0.000000 -0.031974
v -0.179336 -0.068618 -0.033462
v -0.178944 -0.044059 -0.031902
v -0.180424 -0.044107 -0.033653
v -0.177858 -0.068503 -0.031710
v -0.114330 0.157500 0.094910
v -0.113536 0.158536 0.094910
v -0.112500 0.159330 0.094910
v -0.113166 0.157500 0.111181
v -0.111355 0.159330 0.110920
v -0.109699 0.157500 0.127121
v -0.103998 0.157500 0.142404
v -0.096181 0.157500 0.156722
v -0.086405 0.157500 0.169780
v -0.074870 0.157500 0.181315
v -0.061812 0.157500 0.191091
v -0.047494 0.157500 0.198908
v -0.032211 0.157500 0.204609
v -0.016271 0.157500 0.208076
v 0.000000 0.155000 0.209910
v 0.000000 0.157500 0.209240
v 0.016271 0.157500 0.208076
v 0.032211 0.157500 0.204609
v 0.047494 0.157500 0.198908
v 0.061812 0.157500 0.191091
v 0.074870 0.157500 0.181315
v 0.086405 0.157500 0.169780
v 0.096181 0.157500 0.156722
v 0.103998 0.157500 0.142404
v 0.109699 0.157500 0.127121
v 0.113166 0.157500 0.111181
v 0.114330 0.157500 0.094910
v -0.107943 0.159330 0.126605
v -0.102334 0.159330 0.141644
v -0.094641 0.159330 0.155732
v -0.085022 0.159330 0.168582
v -0.073672 0.159330 0.179932
v -0.060822 0.159330 0.189551
v -0.046734 0.159330 0.197244
v -0.031695 0.159330 0.202853
v -0.016010 0.159330 0.206265
v 0.000000 0.159330 0.207410
v 0.016010 0.159330 0.206265
v 0.031695 0.159330 0.202853
v 0.046734 0.159330 0.197244
v 0.060822 0.159330 0.189551
v 0.073672 0.159330 0.179932
v 0.085022 0.159330 0.168582
v 0.094641 0.159330 0.155732
v 0.102334 0.159330 0.141644
v 0.107943 0.159330 0.126605
v 0.111355 0.159330 0.110920
v 0.112500 0.159330 0.094910
v 0.000000 0.160000 0.204910
v 0.114330 0.157500 -0.015090
v 0.112500 0.159330 -0.015090
v 0.113750 0.161495 -0.019420
v 0.116495 0.158750 -0.019420
v 0.117500 0.155000 -0.019420
v 0.112835 0.159910 -0.017590
v 0.114910 0.157835 -0.017590
v 0.115670 0.155000 -0.017590
v 0.117500 -0.155000 -0.019420
v 0.115670 -0.155000 -0.017590
v 0.116495 -0.158750 -0.019420
v 0.113750 -0.161495 -0.019420
v 0.114910 -0.157835 -0.017590
v 0.112835 -0.159910 -0.017590
v 0.114330 -0.157500 -0.015090
v 0.112500 -0.159330 -0.015090
v 0.114330 -0.157500 0.094910
v 0.112500 -0.159330 0.094910
v 0.111355 -0.159330 0.110920
v 0.113166 -0.157500 0.111181
v 0.109699 -0.157500 0.127121
v 0.103998 -0.157500 0.142404
v 0.096181 -0.157500 0.156722
v 0.086405 -0.157500 0.169780
v 0.074870 -0.157500 0.181315
v 0.061812 -0.157500 0.191091
v 0.047494 -0.157500 0.198908
v 0.032211 -0.157500 0.204609
v 0.016271 -0.157500 0.208076
v -0.000000 -0.157500 0.209240
v -0.016271 -0.157500 0.208076
v -0.032211 -0.157500 0.204609
v -0.047494 -0.157500 0.198908
v -0.061812 -0.157500 0.191091
v -0.074870 -0.157500 0.181315
v -0.086405 -0.157500 0.169780
v -0.096181 -0.157500 0.156722
v -0.103998 -0.157500 0.142404
v -0.109699 -0.157500 0.127121
v -0.113166 -0.157500 0.111181
v -0.114330 -0.157500 0.094910
v -0.113536 -0.158536 0.094910
v 0.107943 -0.159330 0.126605
v 0.102334 -0.159330 0.141644
v 0.094641 -0.159330 0.155732
v 0.085022 -0.159330 0.168582
v 0.073672 -0.159330 0.179932
v 0.060822 -0.159330 0.189551
v 0.046734 -0.159330 0.197244
v 0.031695 -0.159330 0.202853
v 0.016010 -0.159330 0.206265
v -0.000000 -0.159330 0.207410
v -0.016010 -0.159330 0.206265
v -0.031695 -0.159330 0.202853
v -0.046734 -0.159330 0.197244
v -0.060822 -0.159330 0.189551
v -0.073672 -0.159330 0.179932
v -0.085022 -0.159330 0.168582
v -0.094641 -0.159330 0.155732
v -0.102334 -0.159330 0.141644
v -0.107943 -0.159330 0.126605
v -0.111355 -0.159330 0.110920
v -0.112500 -0.159330 0.094910
v -0.000000 -0.160000 0.204910
vn -0.0000 1.0000 -0.0000
vn -0.0000 -1.0000 -0.0000
vn -0.9865 0.1637 0.0103
vn -0.9492 0.3146 -0.0009
vn -0.9481 0.3180 0.0070
vn -0.9468 0.3216 0.0108
vn -0.9451 0.3266 0.0131
vn -0.9440 0.3296 0.0139
vn -0.9434 0.3313 0.0141
vn -0.9459 0.3240 0.0159
vn -0.9773 0.2115 0.0071
vn -0.9812 0.1922 -0.0149
vn -0.9782 0.2077 -0.0024
vn -0.9745 0.2244 0.0070
vn -0.9702 0.2421 0.0104
vn -0.9656 0.2599 0.0109
vn -0.9460 0.3240 0.0112
vn -0.9392 0.3432 0.0117
vn -0.9374 0.3482 0.0117
vn -0.9354 0.3533 0.0118
vn -0.9314 0.3637 0.0119
vn -0.9253 0.3790 0.0117
vn -0.9073 0.4203 0.0105
vn -0.9133 0.4072 0.0091
vn -0.9038 0.4278 0.0104
vn -0.8926 0.4506 0.0127
vn -0.9404 0.3398 0.0149
vn -0.9402 0.3403 0.0150
vn -0.9481 0.3176 0.0137
vn -0.9909 0.1344 0.0108
vn -0.9477 0.3188 0.0180
vn -0.9496 0.3126 0.0220
vn -0.9483 0.3174 0.0093
vn -0.9550 0.2957 0.0215
vn -0.9518 0.3064 0.0107
vn -0.9603 0.2781 0.0217
vn -0.9580 0.2865 0.0102
vn -0.9660 0.2580 0.0186
vn -0.9635 0.2673 0.0130
vn -0.9709 0.2389 0.0175
vn -0.9697 0.2440 0.0134
vn -0.9755 0.2196 0.0148
vn -0.9752 0.2208 0.0144
vn -0.9795 0.2012 0.0132
vn -0.9802 0.1976 0.0148
vn -0.9853 0.1702 0.0104
vn -0.9860 0.1664 0.0131
vn -0.9910 0.1336 0.0101
vn -0.9912 0.1316 0.0157
vn -0.9892 0.1464 0.0100
vn -0.9912 0.1317 -0.0089
vn -0.9476 0.3187 -0.0207
vn -0.9518 0.3065 0.0109
vn -0.9598 0.2807 0.0076
vn -0.9518 0.3064 0.0127
vn -0.9773 0.2115 0.0107
vn -0.9749 0.2221 0.0129
vn -0.9877 0.1558 0.0116
vn -0.9949 0.1006 0.0092
vn -0.9983 0.0575 0.0010
vn -0.9970 0.0769 0.0125
vn -0.9996 0.0264 0.0093
vn -0.9997 0.0195 0.0110
vn -0.9999 0.0052 0.0101
vn -0.9999 0.0031 0.0108
vn -0.9964 0.0840 0.0149
vn -0.9969 0.0768 0.0191
vn -0.9993 0.0316 0.0186
vn -0.9994 0.0263 0.0204
vn -0.9998 0.0074 0.0203
vn -0.9998 0.0052 0.0212
vn -0.9912 -0.1317 -0.0089
vn -0.9404 -0.3396 0.0149
vn -0.9504 -0.3093 0.0334
vn -0.9497 -0.3124 0.0228
vn -0.9477 -0.3186 0.0183
vn -0.9460 -0.3238 0.0160
vn -0.9440 -0.3296 0.0139
vn -0.9451 -0.3266 0.0131
vn -0.9468 -0.3218 0.0108
vn -0.9509 -0.3094 0.0051
vn -0.9519 -0.3062 0.0090
vn -0.9601 -0.2785 0.0248
vn -0.9578 -0.2873 0.0073
vn -0.9663 -0.2564 0.0216
vn -0.9629 -0.2698 0.0093
vn -0.9713 -0.2368 0.0227
vn -0.9687 -0.2480 0.0087
vn -0.9763 -0.2155 0.0182
vn -0.9739 -0.2265 0.0113
vn -0.9787 -0.2045 0.0156
vn -0.9800 -0.1985 0.0133
vn -0.9823 -0.1870 0.0131
vn -0.9853 -0.1702 0.0104
vn -0.9860 -0.1664 0.0131
vn -0.9909 -0.1344 0.0102
vn -0.9910 -0.1336 0.0108
vn -0.9434 -0.3314 0.0142
vn -0.9484 -0.3168 0.0137
vn -0.9402 -0.3404 0.0150
vn -0.9073 -0.4203 0.0100
vn -0.9038 -0.4278 0.0104
vn -0.8926 -0.4506 0.0127
vn -0.9133 -0.4072 0.0109
vn -0.9253 -0.3790 0.0117
vn -0.9314 -0.3637 0.0119
vn -0.9354 -0.3533 0.0118
vn -0.9381 -0.3463 0.0117
vn -0.9417 -0.3362 0.0115
vn -0.9480 -0.3182 0.0073
vn -0.9492 -0.3147 -0.0002
vn -0.9498 -0.3125 0.0110
vn -0.9591 -0.2830 0.0079
vn -0.9598 -0.2805 0.0076
vn -0.9649 -0.2625 0.0107
vn -0.9693 -0.2456 0.0106
vn -0.9735 -0.2287 0.0084
vn -0.9771 -0.2128 0.0007
vn -0.9774 -0.2116 -0.0001
vn -0.9812 -0.1926 0.0084
vn -0.9865 -0.1637 0.0103
vn -0.9888 -0.1486 0.0128
vn -0.9877 -0.1558 0.0116
vn -0.9773 -0.2115 0.0127
vn -0.9750 -0.2221 0.0109
vn -0.9518 -0.3064 0.0127
vn -0.9995 -0.0286 0.0143
vn -0.9999 -0.0093 0.0138
vn -0.9999 -0.0003 0.0108
vn -0.9997 -0.0152 0.0212
vn -0.9968 -0.0785 0.0116
vn -0.9960 -0.0888 0.0084
vn -0.9988 -0.0460 0.0145
vn -0.0000 -0.0000 1.0000
vn -1.0000 -0.0000 -0.0000
vn -0.9946 0.1033 0.0103
vn -0.9960 0.0891 -0.0013
vn -0.9980 0.0595 0.0228
vn -0.9999 0.0086 0.0081
vn -0.9989 0.0456 0.0057
vn -0.9996 0.0277 0.0092
vn -0.9997 0.0198 0.0124
vn -1.0000 0.0028 -0.0084
vn -0.9999 -0.0088 0.0081
vn -0.9997 -0.0029 0.0252
vn -0.9996 -0.0281 -0.0059
vn -0.9998 -0.0200 0.0056
vn -0.9989 -0.0460 0.0117
vn -0.9982 -0.0596 -0.0047
vn -0.9957 -0.0899 0.0206
vn -0.9946 -0.1030 0.0103
vn -0.0000 -0.0000 -1.0000
vn 0.9326 0.3610 -0.0000
vn 0.9495 0.3138 -0.0000
vn 0.9703 0.2419 -0.0000
vn 0.9853 0.1709 -0.0000
vn 0.9988 0.0494 -0.0000
vn 0.9969 0.0737 -0.0265
vn 0.9925 0.1226 -0.0000
vn 0.9997 -0.0234 -0.0000
vn 0.9973 -0.0734 -0.0000
vn 0.9890 -0.1478 -0.0000
vn 0.9757 -0.2191 -0.0000
vn 0.9417 -0.3365 -0.0000
vn 0.9493 -0.3134 -0.0265
vn 0.9638 -0.2665 -0.0000
vn 0.1772 0.0686 0.9818
vn 0.1993 0.0346 0.9793
vn 0.5309 0.0302 0.8469
vn 0.5290 0.0311 0.8481
vn 0.4267 0.0274 0.9040
vn 0.4267 0.0275 0.9040
vn 0.3215 0.0233 0.9466
vn 0.3231 0.0217 0.9461
vn 0.2415 0.0181 0.9702
vn 0.2442 0.0153 0.9696
vn 0.2075 0.0136 0.9781
vn 0.2105 0.0104 0.9775
vn 0.5320 0.0868 0.8423
vn 0.5269 0.0887 0.8453
vn 0.4242 0.0774 0.9023
vn 0.4237 0.0776 0.9025
vn 0.3154 0.0647 0.9467
vn 0.3195 0.0612 0.9456
vn 0.2335 0.0498 0.9711
vn 0.2404 0.0436 0.9697
vn 0.2005 0.0379 0.9790
vn 0.2070 0.0256 0.9780
vn 0.5323 0.1381 0.8352
vn 0.5248 0.1402 0.8396
vn 0.4203 0.1206 0.8993
vn 0.4190 0.1210 0.8999
vn 0.3074 0.0985 0.9465
vn 0.3123 0.0949 0.9452
vn 0.2228 0.0750 0.9720
vn 0.2318 0.0680 0.9704
vn 0.1878 0.0575 0.9805
vn 0.1980 0.0494 0.9790
vn 0.5318 0.1848 0.8265
vn 0.5227 0.1865 0.8319
vn 0.4165 0.1577 0.8953
vn 0.4137 0.1583 0.8966
vn 0.2998 0.1254 0.9457
vn 0.3037 0.1230 0.9448
vn 0.2124 0.0942 0.9726
vn 0.2210 0.0885 0.9713
vn 0.1785 0.0741 0.9811
vn 0.1873 0.0619 0.9804
vn 0.8613 0.5080 0.0087
vn 0.7097 0.7029 0.0485
vn 0.7412 0.6713 -0.0000
vn 0.7490 0.6625 -0.0068
vn 0.7973 0.6035 0.0049
vn 0.8015 0.5980 -0.0000
vn 0.8258 0.5639 -0.0000
vn 0.8433 0.5374 -0.0000
vn 0.8686 0.4956 -0.0000
vn 0.8830 0.4693 -0.0056
vn 0.9038 0.4279 0.0122
vn 0.9111 0.4121 -0.0000
vn 0.2105 -0.0049 0.9776
vn 0.1984 -0.0446 0.9791
vn 0.5235 -0.1827 0.8322
vn 0.5308 -0.1887 0.8262
vn 0.4139 -0.1570 0.8967
vn 0.4162 -0.1590 0.8952
vn 0.3031 -0.1264 0.9445
vn 0.3005 -0.1220 0.9460
vn 0.2199 -0.0966 0.9707
vn 0.2138 -0.0860 0.9731
vn 0.1854 -0.0764 0.9797
vn 0.1781 -0.0636 0.9820
vn 0.5253 -0.1369 0.8398
vn 0.5317 -0.1414 0.8351
vn 0.4190 -0.1204 0.9000
vn 0.4202 -0.1212 0.8993
vn 0.3118 -0.0994 0.9449
vn 0.3081 -0.0939 0.9467
vn 0.2310 -0.0768 0.9699
vn 0.2240 -0.0661 0.9723
vn 0.1902 -0.0581 0.9800
vn 0.1884 -0.0521 0.9807
vn 0.5271 -0.0863 0.8454
vn 0.5317 -0.0892 0.8422
vn 0.4237 -0.0774 0.9025
vn 0.4241 -0.0777 0.9023
vn 0.3193 -0.0651 0.9454
vn 0.3158 -0.0607 0.9469
vn 0.2400 -0.0507 0.9694
vn 0.2341 -0.0427 0.9713
vn 0.2061 -0.0388 0.9778
vn 0.1997 -0.0298 0.9794
vn 0.5290 -0.0302 0.8481
vn 0.5308 -0.0311 0.8469
vn 0.4267 -0.0274 0.9040
vn 0.4267 -0.0275 0.9040
vn 0.3231 -0.0234 0.9461
vn 0.3216 -0.0216 0.9466
vn 0.2442 -0.0182 0.9696
vn 0.2417 -0.0152 0.9702
vn 0.2067 -0.0135 0.9783
vn 0.2075 -0.0153 0.9781
vn 0.7990 -0.6013 0.0087
vn 0.9209 -0.3867 0.0485
vn 0.9038 -0.4279 -0.0000
vn 0.8987 -0.4384 -0.0068
vn 0.8627 -0.5057 0.0049
vn 0.8592 -0.5116 -0.0000
vn 0.8370 -0.5472 -0.0000
vn 0.8192 -0.5735 -0.0000
vn 0.7902 -0.6128 -0.0000
vn 0.7715 -0.6362 -0.0056
vn 0.7411 -0.6712 0.0122
vn 0.7294 -0.6841 -0.0000
vn 0.6013 0.7990 0.0087
vn 0.3867 0.9209 0.0485
vn 0.4279 0.9038 -0.0000
vn 0.4384 0.8987 -0.0068
vn 0.5057 0.8627 0.0049
vn 0.5116 0.8592 -0.0000
vn 0.5472 0.8370 -0.0000
vn 0.5735 0.8192 -0.0000
vn 0.6128 0.7902 -0.0000
vn 0.6362 0.7715 -0.0056
vn 0.6712 0.7411 0.0122
vn 0.6841 0.7294 -0.0000
vn 0.5080 -0.8613 0.0087
vn 0.7029 -0.7097 0.0485
vn 0.6713 -0.7412 -0.0000
vn 0.6625 -0.7490 -0.0068
vn 0.6035 -0.7973 0.0049
vn 0.5980 -0.8015 -0.0000
vn 0.5639 -0.8258 -0.0000
vn 0.5374 -0.8433 -0.0000
vn 0.4956 -0.8686 -0.0000
vn 0.4693 -0.8830 -0.0056
vn 0.4279 -0.9038 0.0122
vn 0.4121 -0.9111 -0.0000
vn 0.3529 0.9357 -0.0000
vn 0.1438 0.9896 -0.0000
vn 0.0611 0.9981 -0.0000
vn 0.0048 1.0000 -0.0000
vn 0.2163 0.9763 0.0072
vn 0.1852 0.9827 -0.0000
vn 0.2065 0.9784 -0.0000
vn 0.2498 0.9683 -0.0000
vn 0.2760 0.9612 -0.0000
vn 0.2925 0.9562 -0.0056
vn 0.3063 0.9519 -0.0000
vn 0.0321 -0.9995 -0.0000
vn 0.2458 -0.9693 -0.0000
vn 0.3255 -0.9455 -0.0000
vn 0.3782 -0.9257 -0.0000
vn 0.1737 -0.9848 0.0072
vn 0.2050 -0.9788 -0.0000
vn 0.1837 -0.9830 -0.0000
vn 0.1398 -0.9902 -0.0000
vn 0.1129 -0.9936 -0.0000
vn 0.0957 -0.9954 -0.0056
vn 0.0813 -0.9967 -0.0000
vn -0.1398 0.9901 0.0087
vn -0.3778 0.9246 0.0485
vn -0.3365 0.9417 -0.0000
vn -0.3255 0.9455 -0.0068
vn -0.2525 0.9676 0.0049
vn -0.2458 0.9693 -0.0000
vn -0.2050 0.9788 -0.0000
vn -0.1737 0.9848 -0.0000
vn -0.1255 0.9921 -0.0000
vn -0.0957 0.9954 -0.0056
vn -0.0494 0.9987 0.0122
vn -0.0321 0.9995 -0.0000
vn -0.2498 -0.9683 0.0087
vn -0.0048 -0.9988 0.0485
vn -0.0494 -0.9988 -0.0000
vn -0.0611 -0.9981 -0.0068
vn -0.1370 -0.9906 0.0049
vn -0.1438 -0.9896 -0.0000
vn -0.1852 -0.9827 -0.0000
vn -0.2164 -0.9763 -0.0000
vn -0.2638 -0.9646 -0.0000
vn -0.2925 -0.9562 -0.0056
vn -0.3365 -0.9416 0.0122
vn -0.3529 -0.9357 -0.0000
vn -0.6904 0.7235 -0.0000
vn -0.6533 0.7571 -0.0000
vn -0.5948 0.8038 -0.0000
vn -0.5350 0.8449 -0.0000
vn -0.4279 0.9038 -0.0000
vn -0.4496 0.8928 -0.0265
vn -0.4931 0.8700 -0.0000
vn -0.4042 -0.9147 -0.0000
vn -0.4495 -0.8933 -0.0000
vn -0.5150 -0.8572 -0.0000
vn -0.5758 -0.8176 -0.0000
vn -0.6713 -0.7412 -0.0000
vn -0.6528 -0.7571 -0.0265
vn -0.6151 -0.7885 -0.0000
vn -0.9147 0.4042 -0.0000
vn -0.8933 0.4495 -0.0000
vn -0.8572 0.5150 -0.0000
vn -0.8176 0.5758 -0.0000
vn -0.7412 0.6713 -0.0000
vn -0.7571 0.6528 -0.0265
vn -0.7885 0.6151 -0.0000
vn -0.7235 -0.6904 -0.0000
vn -0.7571 -0.6533 -0.0000
vn -0.8038 -0.5948 -0.0000
vn -0.8449 -0.5350 -0.0000
vn -0.9038 -0.4279 -0.0000
vn -0.8928 -0.4496 -0.0265
vn -0.8700 -0.4931 -0.0000
vn -0.9997 0.0234 -0.0000
vn -0.9973 0.0734 -0.0000
vn -0.9890 0.1478 -0.0000
vn -0.9757 0.2191 -0.0000
vn -0.9417 0.3365 -0.0000
vn -0.9493 0.3134 -0.0265
vn -0.9638 0.2665 -0.0000
vn -0.9326 -0.3610 -0.0000
vn -0.9495 -0.3138 -0.0000
vn -0.9703 -0.2419 -0.0000
vn -0.9853 -0.1709 -0.0000
vn -0.9988 -0.0494 -0.0000
vn -0.9969 -0.0737 -0.0265
vn -0.9925 -0.1226 -0.0000
vn 0.9925 0.1217 0.0097
vn 0.9752 0.2213 -0.0015
vn 0.6617 0.0993 0.7431
vn 0.6720 0.0952 0.7344
vn 0.8076 0.1059 0.5801
vn 0.8197 0.0994 0.5641
vn 0.9149 0.1045 0.3899
vn 0.9239 0.0961 0.3703
vn 0.9686 0.0969 0.2291
vn 0.9736 0.0877 0.2109
vn 0.9889 0.0871 0.1205
vn 0.9913 0.0780 0.1059
vn 0.9954 0.0774 0.0565
vn 0.9966 0.0690 0.0455
vn 0.9975 0.0687 0.0152
vn 0.9985 0.0550 0.0084
vn 0.9738 0.2220 0.0499
vn 0.6624 0.2175 0.7169
vn 0.6775 0.2139 0.7038
vn 0.8055 0.2425 0.5408
vn 0.8210 0.2363 0.5197
vn 0.9033 0.2515 0.3475
vn 0.9141 0.2432 0.3245
vn 0.9494 0.2476 0.1932
vn 0.9555 0.2385 0.1737
vn 0.9666 0.2388 0.0935
vn 0.9781 0.2050 0.0366
vn 0.6629 0.0343 0.7480
vn 0.6668 0.0324 0.7445
vn 0.7970 0.0356 0.6030
vn 0.8137 0.0273 0.5806
vn 0.9097 0.0414 0.4133
vn 0.9205 0.0308 0.3896
vn 0.9641 0.0309 0.2636
vn 0.9734 0.0203 0.2282
vn 0.9889 0.0377 0.1440
vn 0.9926 0.0227 0.1197
vn 0.9977 0.0224 0.0637
vn 0.9983 0.0173 0.0558
vn 0.9996 0.0212 0.0188
vn 0.9998 0.0127 0.0147
vn 0.6622 0.1601 0.7320
vn 0.6763 0.1556 0.7200
vn 0.8078 0.1746 0.5631
vn 0.8235 0.1672 0.5422
vn 0.9116 0.1769 0.3710
vn 0.9230 0.1671 0.3465
vn 0.9624 0.1693 0.2126
vn 0.9688 0.1586 0.1907
vn 0.9815 0.1582 0.1078
vn 0.9849 0.1477 0.0905
vn 0.9880 0.1471 0.0473
vn 0.9899 0.1374 0.0344
vn 0.9906 0.1369 0.0025
vn 0.9779 0.2091 0.0044
vn 0.1552 0.1174 0.9809
vn 0.1601 0.1020 0.9818
vn 0.5302 0.2286 0.8164
vn 0.5201 0.2297 0.8226
vn 0.4139 0.1910 0.8901
vn 0.4088 0.1915 0.8923
vn 0.2945 0.1477 0.9442
vn 0.2955 0.1472 0.9439
vn 0.2044 0.1094 0.9728
vn 0.2103 0.1061 0.9719
vn 0.1673 0.0870 0.9821
vn 0.1749 0.0828 0.9811
vn 0.5262 0.2755 0.8045
vn 0.5152 0.2756 0.8115
vn 0.4111 0.2267 0.8830
vn 0.4038 0.2267 0.8863
vn 0.2908 0.1713 0.9413
vn 0.2885 0.1723 0.9419
vn 0.1987 0.1249 0.9721
vn 0.2012 0.1238 0.9717
vn 0.1599 0.1005 0.9820
vn 0.1657 0.0945 0.9816
vn 0.5173 0.3284 0.7902
vn 0.5061 0.3276 0.7978
vn 0.4064 0.2678 0.8736
vn 0.3975 0.2670 0.8779
vn 0.2876 0.1990 0.9369
vn 0.2822 0.2006 0.9381
vn 0.1947 0.1429 0.9704
vn 0.1939 0.1432 0.9705
vn 0.1547 0.1158 0.9812
vn 0.1585 0.1082 0.9814
vn 0.5001 0.3894 0.7735
vn 0.4901 0.3876 0.7808
vn 0.3969 0.3162 0.8617
vn 0.3877 0.3143 0.8665
vn 0.2830 0.2322 0.9306
vn 0.2754 0.2338 0.9325
vn 0.1916 0.1648 0.9675
vn 0.1875 0.1657 0.9682
vn 0.1520 0.1350 0.9791
vn 0.1496 0.1355 0.9794
vn 0.9978 -0.0165 0.0637
vn 0.6667 -0.0344 0.7445
vn 0.6629 -0.0323 0.7480
vn 0.8133 -0.0359 0.5807
vn 0.7972 -0.0251 0.6031
vn 0.9199 -0.0432 0.3898
vn 0.9100 -0.0307 0.4134
vn 0.9731 -0.0308 0.2284
vn 0.9645 -0.0128 0.2637
vn 0.6750 -0.1621 0.7198
vn 0.6633 -0.1536 0.7324
vn 0.8215 -0.1764 0.5422
vn 0.8095 -0.1655 0.5634
vn 0.9210 -0.1777 0.3468
vn 0.9136 -0.1663 0.3711
vn 0.9669 -0.1693 0.1911
vn 0.9642 -0.1585 0.2125
vn 0.9906 -0.1369 0.0025
vn 0.9779 -0.2091 0.0044
vn 0.9752 -0.2213 -0.0015
vn 0.9996 -0.0212 0.0188
vn 0.9998 -0.0127 0.0147
vn 0.9975 -0.0687 0.0152
vn 0.9985 -0.0550 0.0084
vn 0.9925 -0.1217 0.0097
vn 0.6714 -0.1002 0.7343
vn 0.6622 -0.0944 0.7434
vn 0.8188 -0.1067 0.5641
vn 0.8084 -0.0987 0.5803
vn 0.9229 -0.1048 0.3705
vn 0.9158 -0.0958 0.3900
vn 0.9726 -0.0968 0.2112
vn 0.9694 -0.0877 0.2291
vn 0.9982 -0.0224 0.0559
vn 0.9960 -0.0691 0.0565
vn 0.9960 -0.0773 0.0457
vn 0.9894 -0.1376 0.0471
vn 0.9885 -0.1469 0.0347
vn 0.9744 -0.2219 0.0371
vn 0.9759 -0.2127 0.0495
vn 0.6756 -0.2207 0.7035
vn 0.6641 -0.2108 0.7174
vn 0.8185 -0.2452 0.5196
vn 0.8078 -0.2337 0.5411
vn 0.9114 -0.2528 0.3247
vn 0.9059 -0.2419 0.3475
vn 0.9530 -0.2478 0.1740
vn 0.9518 -0.2382 0.1930
vn 0.9666 -0.2388 0.0935
vn 0.9833 -0.1580 0.0909
vn 0.9831 -0.1478 0.1076
vn 0.9905 -0.0869 0.1061
vn 0.9896 -0.0782 0.1204
vn 0.9919 -0.0426 0.1200
vn 0.9893 -0.0228 0.1440
vn 0.1652 -0.0968 0.9815
vn 0.1579 -0.1105 0.9812
vn 0.4921 -0.3834 0.7816
vn 0.4979 -0.3936 0.7728
vn 0.3893 -0.3104 0.8672
vn 0.3950 -0.3201 0.8611
vn 0.2775 -0.2279 0.9333
vn 0.2806 -0.2381 0.9298
vn 0.1886 -0.1623 0.9685
vn 0.1903 -0.1682 0.9672
vn 0.1502 -0.1335 0.9796
vn 0.1513 -0.1370 0.9789
vn 0.5080 -0.3230 0.7985
vn 0.5153 -0.3331 0.7896
vn 0.3988 -0.2633 0.8784
vn 0.4049 -0.2716 0.8731
vn 0.2835 -0.1964 0.9386
vn 0.2861 -0.2032 0.9364
vn 0.1941 -0.1425 0.9706
vn 0.1945 -0.1437 0.9703
vn 0.1538 -0.1152 0.9814
vn 0.1544 -0.1198 0.9807
vn 0.5167 -0.2712 0.8121
vn 0.5245 -0.2800 0.8041
vn 0.4047 -0.2237 0.8867
vn 0.4101 -0.2298 0.8826
vn 0.2890 -0.1704 0.9421
vn 0.2903 -0.1732 0.9411
vn 0.2007 -0.1260 0.9715
vn 0.1993 -0.1227 0.9722
vn 0.1597 -0.1004 0.9820
vn 0.1595 -0.1043 0.9817
vn 0.5212 -0.2255 0.8231
vn 0.5289 -0.2329 0.8161
vn 0.4093 -0.1894 0.8925
vn 0.4133 -0.1932 0.8899
vn 0.2953 -0.1480 0.9439
vn 0.2947 -0.1469 0.9442
vn 0.2093 -0.1114 0.9715
vn 0.2055 -0.1040 0.9731
vn 0.1737 -0.0898 0.9807
vn 0.1687 -0.0799 0.9824
vn 0.1302 0.2222 0.9663
vn 0.1375 0.1964 0.9708
vn 0.4699 0.4577 0.7548
vn 0.4630 0.4557 0.7603
vn 0.3787 0.3718 0.8476
vn 0.3711 0.3693 0.8520
vn 0.2744 0.2720 0.9223
vn 0.2659 0.2728 0.9246
vn 0.1877 0.1917 0.9633
vn 0.1810 0.1924 0.9645
vn 0.1488 0.1579 0.9762
vn 0.1434 0.1583 0.9769
vn 0.4257 0.5263 0.7361
vn 0.4232 0.5252 0.7383
vn 0.3498 0.4301 0.8323
vn 0.3453 0.4279 0.8353
vn 0.2592 0.3165 0.9125
vn 0.2516 0.3163 0.9147
vn 0.1806 0.2235 0.9578
vn 0.1729 0.2233 0.9593
vn 0.1396 0.1791 0.9739
vn 0.1391 0.1794 0.9739
vn 0.3677 0.5893 0.7194
vn 0.3700 0.5907 0.7171
vn 0.3092 0.4866 0.8171
vn 0.3084 0.4861 0.8177
vn 0.2353 0.3628 0.9017
vn 0.2302 0.3620 0.9033
vn 0.1682 0.2586 0.9512
vn 0.1610 0.2575 0.9528
vn 0.1305 0.2068 0.9696
vn 0.1333 0.2039 0.9699
vn 0.2973 0.6429 0.7059
vn 0.3038 0.6479 0.6985
vn 0.2565 0.5374 0.8034
vn 0.2597 0.5400 0.8006
vn 0.2011 0.4077 0.8907
vn 0.2000 0.4074 0.8911
vn 0.1484 0.2947 0.9440
vn 0.1435 0.2932 0.9452
vn 0.1212 0.2456 0.9618
vn 0.1154 0.2437 0.9630
vn 0.1378 -0.1821 0.9736
vn 0.1317 -0.2068 0.9695
vn 0.3005 -0.6507 0.6973
vn 0.3006 -0.6403 0.7068
vn 0.2582 -0.5415 0.8001
vn 0.2579 -0.5361 0.8038
vn 0.2006 -0.4066 0.8913
vn 0.2005 -0.4084 0.8905
vn 0.1461 -0.2896 0.9459
vn 0.1456 -0.2978 0.9435
vn 0.1183 -0.2394 0.9637
vn 0.1180 -0.2493 0.9612
vn 0.3691 -0.5917 0.7167
vn 0.3687 -0.5884 0.7197
vn 0.3087 -0.4858 0.8178
vn 0.3089 -0.4869 0.8170
vn 0.2326 -0.3584 0.9041
vn 0.2327 -0.3661 0.9010
vn 0.1642 -0.2520 0.9537
vn 0.1647 -0.2636 0.9505
vn 0.1308 -0.2072 0.9695
vn 0.1283 -0.2249 0.9659
vn 0.4240 -0.5241 0.7386
vn 0.4249 -0.5273 0.7358
vn 0.3466 -0.4258 0.8358
vn 0.3484 -0.4320 0.8318
vn 0.2546 -0.3106 0.9158
vn 0.2559 -0.3218 0.9116
vn 0.1758 -0.2172 0.9602
vn 0.1773 -0.2292 0.9571
vn 0.1414 -0.1816 0.9732
vn 0.1360 -0.1991 0.9705
vn 0.4648 -0.4527 0.7610
vn 0.4680 -0.4606 0.7542
vn 0.3728 -0.3659 0.8527
vn 0.3768 -0.3751 0.8470
vn 0.2687 -0.2663 0.9257
vn 0.2712 -0.2783 0.9214
vn 0.1831 -0.1870 0.9651
vn 0.1853 -0.1969 0.9628
vn 0.1450 -0.1539 0.9774
vn 0.1469 -0.1622 0.9758
vn 0.0016 0.3356 0.9420
vn 0.0200 0.3263 0.9451
vn 0.0833 0.2902 0.9533
vn 0.0755 0.2926 0.9532
vn 0.2277 0.6928 0.6843
vn 0.1941 0.5789 0.7920
vn 0.1363 0.6172 0.7749
vn 0.1089 0.4766 0.8723
vn 0.0101 0.6848 0.7286
vn 0.0106 0.5180 0.8553
vn 0.0165 0.5078 0.8613
vn 0.0144 0.3889 0.9212
vn 0.1398 0.7103 0.6899
vn 0.1246 0.7169 0.6859
vn 0.0631 0.6782 0.7322
vn -0.0005 0.6989 0.7152
vn 0.1013 0.2686 0.9579
vn 0.1606 0.4484 0.8793
vn 0.1201 0.3262 0.9376
vn 0.1196 0.3290 0.9367
vn 0.0986 0.2684 0.9583
vn 0.0911 0.2832 0.9547
vn 0.0457 0.3141 0.9483
vn 0.0461 0.3144 0.9482
vn 0.0545 0.3772 0.9245
vn 0.2003 0.5853 0.7857
vn 0.1573 0.4470 0.8806
vn 0.1150 0.4802 0.8696
vn 0.0880 0.3565 0.9301
vn 0.0886 0.3545 0.9308
vn 0.0739 0.2924 0.9534
vn 0.0651 0.3083 0.9491
vn 0.0153 0.3379 0.9411
vn 0.0172 0.3919 0.9198
vn 0.0518 0.3751 0.9256
vn 0.0654 0.4940 0.8670
vn 0.0602 0.5057 0.8606
vn 0.0722 0.6364 0.7680
vn 0.1290 0.6078 0.7835
vn 0.1495 0.7218 0.6758
vn 0.2183 0.6838 0.6962
vn 0.1423 -0.7255 0.6734
vn 0.1070 -0.2620 0.9591
vn 0.0886 -0.3545 0.9308
vn 0.0440 -0.3115 0.9492
vn 0.0602 -0.5057 0.8606
vn 0.2219 -0.6966 0.6822
vn 0.2241 -0.6804 0.6978
vn 0.1968 -0.5881 0.7844
vn 0.1201 -0.3262 0.9376
vn 0.1606 -0.4484 0.8793
vn 0.1573 -0.4470 0.8806
vn 0.1975 -0.5765 0.7929
vn 0.1313 -0.6203 0.7733
vn 0.1469 -0.7071 0.6917
vn 0.0672 -0.7401 0.6691
vn 0.0107 -0.3325 0.9431
vn 0.0165 -0.5078 0.8613
vn 0.0144 -0.3889 0.9212
vn 0.0172 -0.3919 0.9198
vn 0.0149 -0.3262 0.9452
vn 0.0267 -0.3273 0.9445
vn 0.0969 -0.2815 0.9546
vn 0.0745 -0.2949 0.9526
vn 0.0746 -0.2943 0.9528
vn 0.0585 -0.3129 0.9480
vn 0.0101 -0.6848 0.7286
vn 0.0106 -0.5180 0.8553
vn 0.0654 -0.4940 0.8670
vn 0.0518 -0.3751 0.9256
vn 0.0545 -0.3772 0.9245
vn 0.0465 -0.3173 0.9472
vn 0.0349 -0.3072 0.9510
vn 0.0989 -0.2692 0.9580
vn 0.1196 -0.3290 0.9367
vn 0.0880 -0.3565 0.9301
vn 0.1150 -0.4802 0.8696
vn 0.1089 -0.4766 0.8723
vn 0.1340 -0.6052 0.7847
vn 0.0722 -0.6364 0.7680
vn 0.0919 -0.6677 0.7387
vn -0.0005 -0.6989 0.7152
vn -0.0896 0.3432 0.9350
vn -0.0609 0.3452 0.9365
vn -0.0596 0.6925 0.7190
vn -0.0536 0.6985 0.7136
vn -0.0371 0.5177 0.8547
vn -0.0332 0.5225 0.8520
vn -0.0238 0.3981 0.9171
vn -0.0217 0.4008 0.9159
vn -0.0180 0.3403 0.9402
vn -0.0169 0.3419 0.9396
vn -0.1199 0.6947 0.7092
vn -0.1172 0.6979 0.7065
vn -0.0861 0.5216 0.8488
vn -0.0838 0.5250 0.8469
vn -0.0634 0.4025 0.9132
vn -0.0619 0.4050 0.9122
vn -0.0515 0.3388 0.9394
vn -0.0436 0.3452 0.9375
vn -0.1840 0.6921 0.6980
vn -0.1834 0.6929 0.6973
vn -0.1377 0.5198 0.8431
vn -0.1363 0.5226 0.8416
vn -0.1046 0.4008 0.9102
vn -0.1032 0.4040 0.9089
vn -0.0871 0.3410 0.9360
vn -0.0724 0.3457 0.9355
vn -0.2537 0.6811 0.6868
vn -0.2539 0.6807 0.6871
vn -0.1924 0.5091 0.8389
vn -0.1910 0.5129 0.8369
vn -0.1469 0.3905 0.9088
vn -0.1452 0.3961 0.9067
vn -0.1228 0.3338 0.9346
vn -0.1214 0.3395 0.9327
vn -0.0479 -0.3459 0.9370
vn -0.0767 -0.3459 0.9351
vn -0.2536 -0.6808 0.6872
vn -0.2540 -0.6810 0.6868
vn -0.1937 -0.5125 0.8366
vn -0.1899 -0.5098 0.8391
vn -0.1487 -0.3956 0.9063
vn -0.1435 -0.3915 0.9089
vn -0.1247 -0.3391 0.9324
vn -0.1196 -0.3347 0.9347
vn -0.1842 -0.6929 0.6971
vn -0.1833 -0.6922 0.6981
vn -0.1384 -0.5226 0.8413
vn -0.1356 -0.5200 0.8433
vn -0.1054 -0.4040 0.9087
vn -0.1025 -0.4011 0.9103
vn -0.0864 -0.3380 0.9372
vn -0.0937 -0.3427 0.9347
vn -0.1205 -0.6982 0.7057
vn -0.1167 -0.6947 0.7097
vn -0.0868 -0.5255 0.8464
vn -0.0832 -0.5215 0.8492
vn -0.0639 -0.4053 0.9119
vn -0.0615 -0.4024 0.9134
vn -0.0518 -0.3407 0.9388
vn -0.0651 -0.3454 0.9362
vn -0.0604 -0.6998 0.7118
vn -0.0529 -0.6917 0.7202
vn -0.0377 -0.5237 0.8510
vn -0.0328 -0.5170 0.8554
vn -0.0241 -0.4016 0.9155
vn -0.0215 -0.3976 0.9173
vn -0.0181 -0.3423 0.9394
vn -0.0168 -0.3400 0.9403
vn -0.4451 0.6429 0.6233
vn -0.1881 0.1971 0.9622
vn -0.2487 0.3082 0.9182
vn -0.3045 0.4374 0.8461
vn -0.5484 0.5350 0.6426
vn -0.5852 0.4479 0.6759
vn -0.5968 0.4799 0.6430
vn -0.4877 0.3792 0.7864
vn -0.2515 0.2131 0.9441
vn -0.3506 0.3107 0.8835
vn -0.3941 0.3128 0.8642
vn -0.5035 0.4153 0.7576
vn -0.4481 0.4776 0.7557
vn -0.5397 0.5916 0.5989
vn -0.5143 0.5904 0.6220
vn -0.2475 0.4926 0.8343
vn -0.1927 0.3770 0.9060
vn -0.1823 0.3705 0.9108
vn -0.1597 0.3229 0.9329
vn -0.1496 0.3161 0.9369
vn -0.1988 0.2304 0.9526
vn -0.1935 0.2361 0.9523
vn -0.1972 0.2664 0.9435
vn -0.1783 0.2815 0.9429
vn -0.3304 0.6566 0.6780
vn -0.2497 0.4841 0.8387
vn -0.3024 0.4571 0.8364
vn -0.2331 0.3444 0.9094
vn -0.2139 0.3358 0.9173
vn -0.1894 0.2955 0.9364
vn -0.1585 0.2796 0.9469
vn -0.2006 0.1932 0.9604
vn -0.2611 0.2564 0.9306
vn -0.2455 0.2744 0.9297
vn -0.3321 0.3839 0.8616
vn -0.3640 0.3903 0.8457
vn -0.4544 0.5023 0.7357
vn -0.3798 0.5599 0.7364
vn -0.4451 0.6007 0.6642
vn -0.3329 0.6505 0.6827
vn -0.1447 -0.3274 0.9337
vn -0.1557 -0.3094 0.9381
vn -0.1886 -0.2418 0.9518
vn -0.3640 -0.3903 0.8457
vn -0.4408 -0.4853 0.7551
vn -0.5137 -0.4030 0.7574
vn -0.6021 -0.4849 0.6342
vn -0.5888 -0.4427 0.6763
vn -0.3304 -0.6566 0.6780
vn -0.2496 -0.4841 0.8387
vn -0.2475 -0.4926 0.8343
vn -0.1927 -0.3770 0.9060
vn -0.5046 -0.5601 0.6570
vn -0.4759 -0.6187 0.6251
vn -0.4056 -0.6171 0.6743
vn -0.3310 -0.6552 0.6791
vn -0.3506 -0.3107 0.8835
vn -0.2515 -0.2131 0.9441
vn -0.2611 -0.2564 0.9306
vn -0.1944 -0.1867 0.9630
vn -0.2034 -0.2246 0.9530
vn -0.1721 -0.2864 0.9425
vn -0.1890 -0.2949 0.9367
vn -0.2139 -0.3358 0.9173
vn -0.4790 -0.3922 0.7853
vn -0.3941 -0.3128 0.8642
vn -0.3321 -0.3839 0.8616
vn -0.2455 -0.2744 0.9297
vn -0.2487 -0.3082 0.9182
vn -0.1973 -0.2410 0.9503
vn -0.1911 -0.2713 0.9433
vn -0.1552 -0.3136 0.9368
vn -0.1823 -0.3705 0.9108
vn -0.2331 -0.3444 0.9094
vn -0.3024 -0.4571 0.8364
vn -0.3045 -0.4374 0.8461
vn -0.3798 -0.5599 0.7364
vn -0.4626 -0.4955 0.7352
vn -0.5191 -0.5656 0.6409
vn -0.5719 -0.5090 0.6433
vn -0.1349 0.0596 0.9891
vn -0.1641 0.1156 0.9796
vn -0.6102 0.3361 0.7174
vn -0.6322 0.3740 0.6786
vn -0.4981 0.2817 0.8201
vn -0.5237 0.3218 0.7888
vn -0.3637 0.2085 0.9079
vn -0.3816 0.2615 0.8866
vn -0.2431 0.1550 0.9575
vn -0.2588 0.2012 0.9447
vn -0.1849 0.1393 0.9728
vn -0.1986 0.1799 0.9634
vn -0.6073 0.2461 0.7554
vn -0.6353 0.2816 0.7191
vn -0.4871 0.2037 0.8493
vn -0.5173 0.2399 0.8215
vn -0.3473 0.1469 0.9262
vn -0.3696 0.1955 0.9084
vn -0.2265 0.1085 0.9680
vn -0.2450 0.1508 0.9577
vn -0.1790 0.1062 0.9781
vn -0.1832 0.1429 0.9726
vn -0.5917 0.1777 0.7863
vn -0.6207 0.2072 0.7562
vn -0.4677 0.1449 0.8720
vn -0.4973 0.1742 0.8499
vn -0.3265 0.1013 0.9398
vn -0.3491 0.1418 0.9263
vn -0.2076 0.0737 0.9754
vn -0.2263 0.1091 0.9679
vn -0.1532 0.0696 0.9857
vn -0.1691 0.1016 0.9804
vn -0.5730 0.1254 0.8099
vn -0.5995 0.1482 0.7865
vn -0.4473 0.1006 0.8887
vn -0.4735 0.1229 0.8722
vn -0.3064 0.0678 0.9495
vn -0.3269 0.0996 0.9398
vn -0.1901 0.0483 0.9806
vn -0.2070 0.0762 0.9754
vn -0.1444 0.0496 0.9883
vn -0.1513 0.0761 0.9856
vn -0.1949 -0.1860 0.9630
vn -0.1675 -0.1061 0.9802
vn -0.6030 -0.1342 0.7864
vn -0.5702 -0.1389 0.8097
vn -0.4769 -0.1098 0.8721
vn -0.4446 -0.1133 0.8885
vn -0.3330 -0.0765 0.9398
vn -0.3017 -0.0901 0.9491
vn -0.2123 -0.0566 0.9756
vn -0.1861 -0.0673 0.9802
vn -0.1570 -0.0550 0.9861
vn -0.1341 -0.0635 0.9889
vn -0.6260 -0.1909 0.7561
vn -0.5873 -0.1935 0.7859
vn -0.5024 -0.1589 0.8499
vn -0.4636 -0.1597 0.8716
vn -0.3583 -0.1148 0.9265
vn -0.3193 -0.1274 0.9390
vn -0.2341 -0.0864 0.9684
vn -0.2016 -0.0958 0.9748
vn -0.1615 -0.0741 0.9841
vn -0.1489 -0.0844 0.9852
vn -0.6429 -0.2640 0.7191
vn -0.6009 -0.2633 0.7547
vn -0.5246 -0.2232 0.8216
vn -0.4812 -0.2200 0.8486
vn -0.3827 -0.1661 0.9088
vn -0.3371 -0.1757 0.9249
vn -0.2560 -0.1264 0.9584
vn -0.2180 -0.1325 0.9669
vn -0.1943 -0.1166 0.9740
vn -0.1625 -0.1202 0.9794
vn -0.6420 -0.3572 0.6784
vn -0.6019 -0.3529 0.7164
vn -0.5333 -0.3056 0.7888
vn -0.4903 -0.2979 0.8191
vn -0.3987 -0.2330 0.8870
vn -0.3502 -0.2373 0.9061
vn -0.2729 -0.1778 0.9455
vn -0.2322 -0.1788 0.9561
vn -0.1945 -0.1473 0.9698
vn -0.1784 -0.1539 0.9719
vn -0.1060 0.0025 0.9944
vn -0.1138 0.0256 0.9932
vn -0.5556 0.0843 0.8271
vn -0.5779 0.1009 0.8098
vn -0.4294 0.0666 0.9007
vn -0.4509 0.0826 0.8887
vn -0.2894 0.0431 0.9562
vn -0.3066 0.0668 0.9495
vn -0.1754 0.0300 0.9840
vn -0.1896 0.0508 0.9805
vn -0.1246 0.0300 0.9918
vn -0.1371 0.0490 0.9893
vn -0.5416 0.0521 0.8391
vn -0.5586 0.0633 0.8270
vn -0.4153 0.0406 0.9088
vn -0.4316 0.0512 0.9006
vn -0.2763 0.0251 0.9607
vn -0.2896 0.0415 0.9562
vn -0.1641 0.0171 0.9863
vn -0.1751 0.0315 0.9840
vn -0.1187 0.0189 0.9928
vn -0.1239 0.0343 0.9917
vn -0.5322 0.0272 0.8462
vn -0.5433 0.0336 0.8389
vn -0.4062 0.0210 0.9135
vn -0.4166 0.0270 0.9087
vn -0.2679 0.0124 0.9634
vn -0.2766 0.0220 0.9607
vn -0.1568 0.0083 0.9876
vn -0.1641 0.0168 0.9863
vn -0.1082 0.0094 0.9941
vn -0.1147 0.0171 0.9933
vn -0.5290 0.0081 0.8486
vn -0.5330 0.0101 0.8461
vn -0.4031 0.0062 0.9151
vn -0.4068 0.0080 0.9135
vn -0.2650 0.0035 0.9643
vn -0.2681 0.0067 0.9634
vn -0.1543 0.0024 0.9880
vn -0.1569 0.0051 0.9876
vn -0.1058 0.0029 0.9944
vn -0.1083 0.0080 0.9941
vn -0.1363 -0.0528 0.9893
vn -0.1144 -0.0198 0.9932
vn -0.5330 -0.0082 0.8460
vn -0.5290 -0.0099 0.8486
vn -0.4069 -0.0063 0.9135
vn -0.4031 -0.0079 0.9151
vn -0.2683 -0.0036 0.9633
vn -0.2650 -0.0065 0.9642
vn -0.1571 -0.0025 0.9876
vn -0.1543 -0.0050 0.9880
vn -0.1085 -0.0030 0.9941
vn -0.1060 -0.0052 0.9944
vn -0.5437 -0.0282 0.8388
vn -0.5319 -0.0325 0.8462
vn -0.4171 -0.0220 0.9086
vn -0.4059 -0.0259 0.9135
vn -0.2774 -0.0133 0.9607
vn -0.2674 -0.0210 0.9633
vn -0.1648 -0.0092 0.9863
vn -0.1564 -0.0157 0.9876
vn -0.1102 -0.0097 0.9939
vn -0.1080 -0.0133 0.9941
vn -0.5598 -0.0547 0.8268
vn -0.5407 -0.0604 0.8390
vn -0.4327 -0.0434 0.9005
vn -0.4146 -0.0483 0.9087
vn -0.2917 -0.0277 0.9561
vn -0.2749 -0.0386 0.9607
vn -0.1769 -0.0196 0.9840
vn -0.1629 -0.0288 0.9862
vn -0.1257 -0.0205 0.9919
vn -0.1135 -0.0283 0.9931
vn -0.5801 -0.0895 0.8096
vn -0.5540 -0.0953 0.8271
vn -0.4530 -0.0720 0.8886
vn -0.4278 -0.0769 0.9006
vn -0.3104 -0.0482 0.9494
vn -0.2866 -0.0612 0.9561
vn -0.1929 -0.0349 0.9806
vn -0.1730 -0.0455 0.9839
vn -0.1308 -0.0320 0.9909
vn -0.1230 -0.0407 0.9916
vn 1.0000 0.0035 0.0044
vn 0.9999 0.0126 0.0033
vn 0.9995 0.0317 0.0048
vn 0.9985 0.0549 0.0013
vn 0.9976 0.0692 0.0019
vn 0.9939 0.1100 0.0019
vn 0.9926 0.1216 -0.0000
vn 0.9873 0.1587 0.0010
vn 0.9779 0.2090 -0.0004
vn 0.9778 0.2097 -0.0003
vn 0.9516 0.3074 -0.0030
vn 0.9491 0.3149 0.0013
vn 0.9479 0.3153 0.0457
vn 0.9442 0.3251 0.0536
vn 0.9319 0.3238 0.1632
vn 0.9275 0.3295 0.1764
vn 0.8951 0.3222 0.3083
vn 0.8870 0.3277 0.3253
vn 0.8100 0.3061 0.5001
vn 0.7974 0.3101 0.5177
vn 0.6739 0.2710 0.6874
vn 0.6600 0.2731 0.6999
vn 0.9160 0.4012 -0.0031
vn 0.9138 0.4061 -0.0003
vn 0.9127 0.4062 0.0444
vn 0.9101 0.4115 0.0489
vn 0.8990 0.4089 0.1569
vn 0.8960 0.4122 0.1653
vn 0.8665 0.4021 0.2959
vn 0.8606 0.4055 0.3081
vn 0.7902 0.3778 0.4826
vn 0.7801 0.3802 0.4969
vn 0.6641 0.3309 0.6704
vn 0.6515 0.3318 0.6822
vn 0.8693 0.4943 -0.0030
vn 0.8674 0.4977 -0.0010
vn 0.8663 0.4975 0.0443
vn 0.8645 0.5004 0.0468
vn 0.8546 0.4963 0.1525
vn 0.8525 0.4983 0.1577
vn 0.8264 0.4854 0.2854
vn 0.8221 0.4875 0.2941
vn 0.7595 0.4542 0.4657
vn 0.7515 0.4555 0.4772
vn 0.6461 0.3967 0.6521
vn 0.6349 0.3965 0.6631
vn 0.8048 0.5936 -0.0025
vn 0.8037 0.5951 -0.0016
vn 0.8027 0.5946 0.0450
vn 0.8021 0.5954 0.0457
vn 0.7936 0.5899 0.1492
vn 0.7925 0.5907 0.1516
vn 0.7701 0.5752 0.2758
vn 0.7674 0.5763 0.2810
vn 0.7137 0.5377 0.4488
vn 0.7081 0.5382 0.4571
vn 0.6157 0.4703 0.6323
vn 0.6069 0.4694 0.6414
vn 0.9779 -0.2090 0.0008
vn 0.9804 -0.1969 -0.0016
vn 0.9705 -0.2412 0.0003
vn 0.9926 -0.1216 0.0013
vn 0.9962 -0.0871 -0.0049
vn 0.9923 -0.1242 0.0009
vn 0.9999 -0.0126 0.0044
vn 0.9999 -0.0095 0.0038
vn 0.9985 -0.0549 0.0029
vn 0.9989 -0.0473 0.0016
vn 0.9970 -0.0769 0.0020
vn 0.8048 -0.5936 -0.0017
vn 0.8037 -0.5951 -0.0025
vn 0.8027 -0.5946 0.0457
vn 0.8022 -0.5954 0.0450
vn 0.7933 -0.5896 0.1517
vn 0.7928 -0.5909 0.1491
vn 0.7689 -0.5743 0.2812
vn 0.7687 -0.5771 0.2757
vn 0.7102 -0.5352 0.4575
vn 0.7117 -0.5407 0.4485
vn 0.6091 -0.4655 0.6421
vn 0.6133 -0.4742 0.6317
vn 0.8693 -0.4943 -0.0011
vn 0.8674 -0.4977 -0.0030
vn 0.8662 -0.4975 0.0467
vn 0.8646 -0.5004 0.0444
vn 0.8539 -0.4960 0.1577
vn 0.8533 -0.4986 0.1525
vn 0.8240 -0.4842 0.2942
vn 0.8245 -0.4887 0.2853
vn 0.7539 -0.4511 0.4776
vn 0.7571 -0.4585 0.4654
vn 0.6372 -0.3917 0.6637
vn 0.6437 -0.4015 0.6515
vn 0.9160 -0.4012 -0.0004
vn 0.9139 -0.4060 -0.0030
vn 0.9125 -0.4062 0.0487
vn 0.9103 -0.4115 0.0445
vn 0.8977 -0.4085 0.1652
vn 0.8973 -0.4126 0.1570
vn 0.8628 -0.4007 0.3082
vn 0.8643 -0.4068 0.2959
vn 0.7825 -0.3747 0.4973
vn 0.7877 -0.3833 0.4823
vn 0.6537 -0.3263 0.6828
vn 0.6619 -0.3364 0.6699
vn 0.9516 -0.3074 0.0010
vn 0.9491 -0.3149 -0.0028
vn 0.9475 -0.3153 0.0533
vn 0.9446 -0.3250 0.0460
vn 0.9297 -0.3234 0.1763
vn 0.9298 -0.3299 0.1634
vn 0.8895 -0.3208 0.3253
vn 0.8925 -0.3291 0.3083
vn 0.7999 -0.3031 0.5180
vn 0.8075 -0.3131 0.5000
vn 0.6619 -0.2671 0.7004
vn 0.6718 -0.2771 0.6870
vn 0.4844 0.8749 0.0052
vn 0.6233 0.7820 0.0005
vn 0.7142 0.6983 0.0475
vn 0.7165 0.6961 0.0454
vn 0.7095 0.6891 0.1475
vn 0.7102 0.6886 0.1461
vn 0.6919 0.6705 0.2677
vn 0.6917 0.6706 0.2681
vn 0.6476 0.6271 0.4328
vn 0.6455 0.6271 0.4360
vn 0.5678 0.5506 0.6119
vn 0.5630 0.5496 0.6172
vn 0.7150 0.6992 -0.0009
vn 0.6928 0.7210 -0.0146
vn 0.7441 0.6681 -0.0019
vn 0.5593 0.8289 0.0049
vn 0.6047 0.7964 -0.0054
vn 0.6041 0.7951 0.0529
vn 0.6118 0.7896 0.0470
vn 0.6063 0.7811 0.1493
vn 0.6100 0.7795 0.1427
vn 0.5955 0.7589 0.2635
vn 0.5988 0.7583 0.2575
vn 0.5639 0.7108 0.4205
vn 0.5662 0.7111 0.4168
vn 0.5034 0.6279 0.5936
vn 0.5037 0.6280 0.5932
vn 0.4162 0.9092 0.0125
vn 0.4800 0.8773 0.0037
vn 0.4795 0.8754 0.0618
vn 0.4938 0.8680 0.0519
vn 0.4896 0.8579 0.1557
vn 0.4969 0.8559 0.1434
vn 0.4858 0.8330 0.2646
vn 0.4931 0.8328 0.2518
vn 0.4663 0.7818 0.4138
vn 0.4732 0.7836 0.4026
vn 0.4246 0.6955 0.5796
vn 0.4299 0.6980 0.5726
vn 0.3482 0.9346 0.0729
vn 0.3683 0.9278 0.0600
vn 0.3652 0.9160 0.1657
vn 0.3758 0.9147 0.1486
vn 0.3677 0.8897 0.2708
vn 0.3785 0.8907 0.2518
vn 0.3591 0.8370 0.4129
vn 0.3699 0.8411 0.3947
vn 0.3343 0.7499 0.5709
vn 0.3438 0.7558 0.5572
vn 0.3486 0.9370 0.0215
vn 0.3052 0.9523 0.0017
vn 0.3725 0.9279 0.0126
vn 0.8541 0.5201 -0.0038
vn 0.8582 0.5132 -0.0040
vn 0.8592 0.5116 -0.0040
vn 0.8693 0.4943 -0.0046
vn 0.8047 0.5936 -0.0072
vn 0.8421 0.5392 -0.0037
vn 0.8065 0.5913 -0.0062
vn 0.8037 0.5950 -0.0053
vn 0.9650 0.2624 0.0007
vn 0.9516 0.3074 -0.0011
vn 0.8801 0.4748 -0.0017
vn 0.9049 0.4256 -0.0013
vn 0.9160 0.4012 -0.0028
vn 0.9256 0.3785 0.0003
vn 0.9500 0.3122 -0.0003
vn 0.8047 -0.5936 -0.0072
vn 0.8857 -0.4642 -0.0066
vn 0.8632 -0.5048 -0.0042
vn 0.8592 -0.5116 -0.0040
vn 0.8693 -0.4943 -0.0001
vn 0.9160 -0.4012 -0.0021
vn 0.9194 -0.3932 -0.0007
vn 0.9516 -0.3074 0.0015
vn 0.9580 -0.2866 -0.0031
vn 0.9404 -0.3400 0.0003
vn 0.8566 -0.5159 -0.0039
vn 0.8524 -0.5229 -0.0038
vn 0.8112 -0.5847 -0.0036
vn 0.8253 -0.5646 -0.0107
vn 0.7828 -0.6223 -0.0055
vn 0.5855 -0.8106 0.0048
vn 0.4413 -0.8973 0.0125
vn 0.3294 -0.9441 0.0127
vn 0.3486 -0.9370 0.0215
vn 0.3484 -0.9354 0.0597
vn 0.3681 -0.9269 0.0734
vn 0.3660 -0.9188 0.1479
vn 0.3750 -0.9120 0.1664
vn 0.3695 -0.8948 0.2506
vn 0.3767 -0.8856 0.2718
vn 0.3622 -0.8452 0.3930
vn 0.3668 -0.8329 0.4143
vn 0.3382 -0.7596 0.5555
vn 0.3400 -0.7463 0.5723
vn 0.5088 -0.8609 0.0051
vn 0.4799 -0.8773 0.0003
vn 0.4797 -0.8759 0.0517
vn 0.4936 -0.8675 0.0620
vn 0.4905 -0.8597 0.1429
vn 0.4961 -0.8541 0.1560
vn 0.4874 -0.8363 0.2511
vn 0.4914 -0.8295 0.2652
vn 0.4689 -0.7866 0.4016
vn 0.4707 -0.7788 0.4146
vn 0.4273 -0.7003 0.5718
vn 0.4272 -0.6933 0.5803
vn 0.6467 -0.7628 0.0001
vn 0.6047 -0.7964 -0.0039
vn 0.6043 -0.7954 0.0469
vn 0.6117 -0.7893 0.0530
vn 0.6069 -0.7819 0.1425
vn 0.6094 -0.7786 0.1495
vn 0.5965 -0.7603 0.2572
vn 0.5978 -0.7570 0.2637
vn 0.5650 -0.7123 0.4165
vn 0.5651 -0.7097 0.4207
vn 0.5035 -0.6281 0.5932
vn 0.5035 -0.6278 0.5936
vn 0.7129 -0.7013 -0.0016
vn 0.7150 -0.6992 -0.0003
vn 0.7143 -0.6984 0.0453
vn 0.7164 -0.6961 0.0475
vn 0.7097 -0.6892 0.1461
vn 0.7101 -0.6885 0.1475
vn 0.6919 -0.6704 0.2681
vn 0.6918 -0.6707 0.2677
vn 0.6464 -0.6260 0.4362
vn 0.6467 -0.6282 0.4327
vn 0.5646 -0.5475 0.6177
vn 0.5662 -0.5527 0.6115
vn 0.2094 0.9775 0.0263
vn 0.2215 0.9749 0.0210
vn 0.2213 0.9716 0.0839
vn 0.2436 0.9673 0.0702
vn 0.2417 0.9541 0.1770
vn 0.2540 0.9543 0.1575
vn 0.2487 0.9274 0.2795
vn 0.2615 0.9304 0.2570
vn 0.2488 0.8746 0.4161
vn 0.2618 0.8814 0.3932
vn 0.2381 0.7887 0.5668
vn 0.2500 0.7982 0.5480
vn 0.0928 0.9949 0.0406
vn 0.1136 0.9931 0.0306
vn 0.1136 0.9893 0.0920
vn 0.1336 0.9878 0.0802
vn 0.1329 0.9735 0.1862
vn 0.1443 0.9752 0.1681
vn 0.1418 0.9472 0.2874
vn 0.1539 0.9517 0.2657
vn 0.1473 0.8953 0.4203
vn 0.1596 0.9037 0.3973
vn 0.1465 0.8117 0.5654
vn 0.1582 0.8232 0.5452
vn -0.0457 0.9943 0.0960
vn -0.0374 0.9951 0.0914
vn -0.0361 0.9811 0.1902
vn -0.0307 0.9829 0.1817
vn -0.0288 0.9566 0.2900
vn -0.0228 0.9601 0.2786
vn -0.0199 0.9076 0.4194
vn -0.0136 0.9138 0.4059
vn -0.0102 0.8289 0.5593
vn -0.0041 0.8378 0.5460
vn 0.0731 0.8348 0.5457
vn 0.0637 0.8235 0.5638
vn 0.0678 0.9128 0.4027
vn 0.0580 0.9046 0.4222
vn 0.0594 0.9599 0.2739
vn 0.0499 0.9553 0.2915
vn 0.0499 0.9830 0.1769
vn 0.0411 0.9807 0.1909
vn 0.0407 0.9953 0.0877
vn 0.0258 0.9950 0.0962
vn 0.0255 0.9992 0.0312
vn -0.0461 0.9976 0.0525
vn -0.0269 0.9989 0.0385
vn 0.2859 0.9582 0.0060
vn 0.7624 0.6471 -0.0057
vn 0.7455 0.6664 -0.0068
vn 0.7155 0.6986 -0.0040
vn 0.6914 0.7224 -0.0084
vn 0.6387 0.7695 -0.0063
vn 0.6174 0.7866 -0.0090
vn 0.5524 0.8336 -0.0046
vn 0.4997 0.8661 -0.0127
vn 0.4515 0.8922 -0.0042
vn 0.3956 0.9184 -0.0044
vn 0.3738 0.9275 -0.0051
vn 0.3599 0.9330 -0.0032
vn 0.2859 0.9583 -0.0005
vn 0.2800 0.9600 0.0007
vn 0.7441 0.6680 -0.0073
vn 0.7455 0.6664 -0.0076
vn 0.6928 0.7211 -0.0077
vn 0.6914 0.7224 -0.0074
vn 0.6233 0.7820 -0.0075
vn 0.6174 0.7866 -0.0062
vn 0.5593 0.8289 -0.0063
vn 0.4998 0.8661 0.0022
vn 0.4843 0.8749 -0.0015
vn 0.4162 0.9093 -0.0014
vn 0.3738 0.9275 0.0024
vn 0.3725 0.9280 0.0022
vn 0.3052 0.9523 0.0022
vn 0.3294 -0.9442 0.0061
vn 0.2377 -0.9713 0.0007
vn 0.3894 -0.9210 -0.0091
vn 0.5124 -0.8587 -0.0006
vn 0.4796 -0.8774 -0.0085
vn 0.5929 -0.8053 -0.0055
vn 0.5882 -0.8087 -0.0065
vn 0.6678 -0.7443 -0.0080
vn 0.6646 -0.7472 -0.0086
vn 0.7349 -0.6782 -0.0049
vn 0.7312 -0.6821 -0.0060
vn 0.2741 -0.9617 -0.0006
vn 0.2746 -0.9615 -0.0107
vn 0.4413 -0.8972 0.0170
vn 0.7129 -0.7012 -0.0074
vn 0.7348 -0.6781 -0.0171
vn 0.6467 -0.7628 -0.0022
vn 0.6678 -0.7443 -0.0071
vn 0.5855 -0.8106 -0.0073
vn 0.5929 -0.8053 -0.0095
vn 0.5088 -0.8609 -0.0026
vn 0.5124 -0.8587 -0.0033
vn 0.3873 -0.9219 -0.0032
vn 0.3873 -0.9219 -0.0095
vn 0.3000 -0.9539 0.0016
vn -0.0515 -0.9981 0.0352
vn -0.0462 -0.9982 0.0377
vn -0.0458 -0.9948 0.0908
vn -0.0374 -0.9946 0.0967
vn -0.0362 -0.9828 0.1809
vn -0.0306 -0.9811 0.1909
vn -0.0291 -0.9603 0.2774
vn -0.0226 -0.9564 0.2910
vn -0.0203 -0.9144 0.4043
vn -0.0133 -0.9071 0.4208
vn -0.0106 -0.8390 0.5441
vn -0.0038 -0.8279 0.5608
vn 0.0147 -0.9994 0.0329
vn 0.0255 -0.9990 0.0380
vn 0.0258 -0.9959 0.0867
vn 0.0407 -0.9944 0.0972
vn 0.0411 -0.9836 0.1758
vn 0.0500 -0.9801 0.1920
vn 0.0499 -0.9609 0.2723
vn 0.0593 -0.9543 0.2931
vn 0.0583 -0.9145 0.4004
vn 0.0674 -0.9030 0.4242
vn 0.0644 -0.8371 0.5432
vn 0.0723 -0.8214 0.5658
vn 0.0977 -0.9948 0.0280
vn 0.1136 -0.9929 0.0355
vn 0.1136 -0.9904 0.0793
vn 0.1336 -0.9866 0.0931
vn 0.1332 -0.9769 0.1669
vn 0.1441 -0.9717 0.1873
vn 0.1425 -0.9540 0.2639
vn 0.1532 -0.9450 0.2891
vn 0.1487 -0.9067 0.3947
vn 0.1581 -0.8925 0.4225
vn 0.1488 -0.8268 0.5424
vn 0.1558 -0.8084 0.5676
vn 0.2021 -0.9791 0.0209
vn 0.2215 -0.9747 0.0298
vn 0.2214 -0.9727 0.0695
vn 0.2435 -0.9662 0.0847
vn 0.2423 -0.9575 0.1565
vn 0.2534 -0.9509 0.1780
vn 0.2501 -0.9339 0.2553
vn 0.2601 -0.9238 0.2810
vn 0.2514 -0.8854 0.3909
vn 0.2591 -0.8707 0.4181
vn 0.2417 -0.8025 0.5455
vn 0.2464 -0.7847 0.5688
vn -0.1080 0.9935 0.0351
vn -0.1077 0.9936 0.0350
vn -0.1071 0.9900 0.0918
vn -0.1055 0.9903 0.0909
vn -0.1034 0.9775 0.1838
vn -0.1018 0.9782 0.1811
vn -0.0984 0.9543 0.2821
vn -0.0961 0.9559 0.2776
vn -0.0900 0.9074 0.4105
vn -0.0872 0.9105 0.4041
vn -0.0779 0.8313 0.5504
vn -0.0750 0.8363 0.5431
vn -0.1689 0.9851 0.0313
vn -0.1715 0.9847 0.0322
vn -0.1708 0.9817 0.0844
vn -0.1740 0.9810 0.0860
vn -0.1717 0.9699 0.1727
vn -0.1727 0.9694 0.1744
vn -0.1685 0.9483 0.2688
vn -0.1689 0.9480 0.2697
vn -0.1604 0.9041 0.3960
vn -0.1601 0.9044 0.3955
vn -0.1462 0.8309 0.5368
vn -0.1454 0.8324 0.5347
vn -0.2383 0.9708 0.0270
vn -0.2416 0.9700 0.0282
vn -0.2411 0.9676 0.0753
vn -0.2470 0.9658 0.0783
vn -0.2447 0.9565 0.1587
vn -0.2476 0.9550 0.1633
vn -0.2429 0.9368 0.2518
vn -0.2452 0.9349 0.2565
vn -0.2349 0.8957 0.3776
vn -0.2364 0.8936 0.3815
vn -0.2185 0.8258 0.5198
vn -0.2191 0.8244 0.5218
vn -0.3171 0.9481 0.0232
vn -0.3196 0.9472 0.0240
vn -0.3192 0.9454 0.0658
vn -0.3266 0.9426 0.0694
vn -0.3245 0.9349 0.1435
vn -0.3286 0.9325 0.1499
vn -0.3238 0.9170 0.2330
vn -0.3274 0.9138 0.2404
vn -0.3161 0.8790 0.3571
vn -0.3185 0.8752 0.3641
vn -0.2973 0.8126 0.5014
vn -0.2985 0.8092 0.5061
vn 0.1919 0.9814 0.0006
vn 0.1809 0.9835 0.0031
vn 0.0954 0.9954 0.0036
vn 0.0804 0.9968 0.0001
vn 0.0376 0.9993 0.0058
vn -0.0318 0.9995 0.0063
vn -0.0520 0.9986 -0.0031
vn -0.0009 1.0000 0.0054
vn 0.2094 0.9778 0.0059
vn 0.1919 0.9814 0.0105
vn 0.0927 0.9956 0.0099
vn 0.0805 0.9966 0.0149
vn -0.0270 0.9995 0.0133
vn -0.0318 0.9994 0.0157
vn 0.0514 -0.9987 0.0043
vn 0.2023 -0.9793 0.0006
vn 0.1779 -0.9840 0.0050
vn 0.1285 -0.9917 0.0021
vn 0.1190 -0.9929 0.0033
vn 0.0969 -0.9953 0.0046
vn 0.0146 -0.9998 0.0133
vn -0.0484 -0.9987 0.0163
vn -0.0516 -0.9985 0.0153
vn 0.2021 -0.9794 0.0059
vn 0.2025 -0.9793 0.0058
vn 0.0976 -0.9951 0.0152
vn 0.1285 -0.9917 0.0031
vn 0.0388 -0.9991 0.0193
vn 0.0387 -0.9992 0.0012
vn -0.0484 -0.9988 0.0124
vn -0.0196 -0.9998 -0.0002
vn -0.0691 -0.9976 0.0058
vn -0.3171 -0.9481 0.0241
vn -0.3196 -0.9473 0.0231
vn -0.3192 -0.9451 0.0700
vn -0.3267 -0.9429 0.0654
vn -0.3242 -0.9340 0.1504
vn -0.3289 -0.9335 0.1432
vn -0.3233 -0.9151 0.2410
vn -0.3280 -0.9156 0.2326
vn -0.3152 -0.8762 0.3647
vn -0.3194 -0.8779 0.3567
vn -0.2963 -0.8097 0.5065
vn -0.2994 -0.8119 0.5011
vn -0.2382 -0.9708 0.0283
vn -0.2417 -0.9700 0.0269
vn -0.2410 -0.9673 0.0788
vn -0.2471 -0.9661 0.0749
vn -0.2445 -0.9557 0.1637
vn -0.2478 -0.9558 0.1584
vn -0.2425 -0.9355 0.2570
vn -0.2455 -0.9362 0.2515
vn -0.2345 -0.8940 0.3819
vn -0.2368 -0.8953 0.3773
vn -0.2182 -0.8246 0.5220
vn -0.2194 -0.8257 0.5197
vn -0.1689 -0.9851 0.0323
vn -0.1715 -0.9847 0.0312
vn -0.1708 -0.9815 0.0863
vn -0.1741 -0.9811 0.0841
vn -0.1716 -0.9696 0.1745
vn -0.1728 -0.9697 0.1726
vn -0.1684 -0.9481 0.2698
vn -0.1690 -0.9483 0.2687
vn -0.1604 -0.9044 0.3955
vn -0.1601 -0.9041 0.3961
vn -0.1464 -0.8324 0.5345
vn -0.1452 -0.8310 0.5370
vn -0.1080 -0.9935 0.0350
vn -0.1077 -0.9936 0.0351
vn -0.1071 -0.9901 0.0908
vn -0.1055 -0.9902 0.0919
vn -0.1035 -0.9780 0.1809
vn -0.1017 -0.9777 0.1840
vn -0.0986 -0.9558 0.2771
vn -0.0960 -0.9544 0.2825
vn -0.0904 -0.9106 0.4034
vn -0.0868 -0.9074 0.4112
vn -0.0785 -0.8366 0.5421
vn -0.0744 -0.8311 0.5511
vn -0.4197 0.9057 0.0601
vn -0.3988 0.9169 0.0157
vn -0.4929 0.8699 0.0208
vn -0.6165 0.6141 0.4927
vn -0.6835 0.5387 0.4926
vn -0.7462 0.5598 0.3602
vn -0.7792 0.5934 0.2020
vn -0.7831 0.5809 0.2223
vn -0.7955 0.5953 0.1134
vn -0.8002 0.5860 0.1273
vn -0.8042 0.5921 0.0511
vn -0.4921 0.7219 0.4864
vn -0.4913 0.7277 0.4786
vn -0.5238 0.7862 0.3279
vn -0.4161 0.8937 0.1675
vn -0.5394 0.8420 0.0103
vn -0.5393 0.8407 0.0491
vn -0.6844 0.7278 0.0440
vn -0.8408 0.5413 -0.0008
vn -0.7835 0.6213 0.0135
vn -0.7432 0.6689 0.0146
vn -0.6845 0.7290 0.0097
vn -0.6725 0.7400 0.0140
vn -0.5804 0.8141 0.0163
vn -0.3915 0.7795 0.4889
vn -0.3890 0.7901 0.4738
vn -0.4117 0.8434 0.3453
vn -0.4092 0.8477 0.3375
vn -0.4215 0.8790 0.2227
vn -0.3807 0.9142 0.1391
vn -0.4126 0.9107 0.0202
vn -0.4124 0.9092 0.0565
vn -0.5424 0.8386 0.0507
vn -0.5385 0.8275 0.1593
vn -0.5425 0.8255 0.1557
vn -0.5235 0.7870 0.3265
vn -0.6424 0.6958 0.3213
vn -0.6021 0.6423 0.4743
vn -0.5430 0.6289 0.5564
vn -0.6782 0.5137 0.5255
vn -0.7456 0.5776 0.3325
vn -0.6443 0.6884 0.3332
vn -0.6652 0.7183 0.2039
vn -0.6937 0.7048 0.1485
vn -0.6782 0.7256 0.1162
vn -0.6805 0.7313 0.0467
vn -0.8133 0.5802 0.0431
vn -0.8136 0.5811 0.0166
vn -0.1280 0.9918 0.0069
vn -0.1828 0.9831 0.0033
vn -0.2126 0.9771 0.0077
vn -0.2514 0.9679 0.0033
vn -0.2713 0.9625 0.0049
vn -0.3274 0.9449 0.0066
vn -0.3317 0.9433 0.0075
vn -0.1081 0.9940 0.0140
vn -0.0888 0.9960 0.0090
vn -0.0888 0.9960 0.0055
vn -0.3172 0.9483 0.0114
vn -0.3274 0.9449 0.0088
vn -0.2383 0.9711 0.0125
vn -0.2514 0.9678 0.0087
vn -0.1690 0.9855 0.0145
vn -0.1828 0.9831 0.0099
vn -0.1223 0.9924 0.0150
vn -0.1223 0.9925 0.0056
vn -0.0875 0.9961 0.0055
vn -0.3172 -0.9483 0.0114
vn -0.2698 -0.9629 0.0012
vn -0.1687 -0.9856 0.0075
vn -0.1816 -0.9834 0.0038
vn -0.1084 -0.9941 0.0059
vn -0.1108 -0.9938 0.0053
vn -0.2383 -0.9711 0.0103
vn -0.3064 -0.9518 0.0111
vn -0.3570 -0.9341 0.0011
vn -0.1081 -0.9940 0.0140
vn -0.1082 -0.9940 0.0140
vn -0.1690 -0.9855 0.0126
vn -0.1687 -0.9856 0.0125
vn -0.2352 -0.9719 0.0111
vn -0.2352 -0.9719 0.0110
vn -0.3064 -0.9519 0.0041
vn -0.3509 -0.9364 0.0077
vn -0.3568 -0.9341 0.0074
vn -0.6435 -0.5853 0.4933
vn -0.8402 -0.5420 0.0159
vn -0.3954 -0.9029 0.1685
vn -0.4177 -0.8984 0.1358
vn -0.4197 -0.9057 0.0601
vn -0.3887 -0.7836 0.4846
vn -0.3855 -0.7819 0.4899
vn -0.4128 -0.8461 0.3373
vn -0.4081 -0.8449 0.3458
vn -0.4215 -0.8790 0.2227
vn -0.6759 -0.7216 0.1498
vn -0.5760 -0.6538 0.4906
vn -0.6223 -0.6686 0.4071
vn -0.6400 -0.6925 0.3330
vn -0.6468 -0.6918 0.3209
vn -0.6652 -0.7183 0.2039
vn -0.7091 -0.6955 0.1158
vn -0.3989 -0.9168 0.0157
vn -0.5394 -0.8417 0.0233
vn -0.5393 -0.8407 0.0491
vn -0.6844 -0.7278 0.0440
vn -0.6805 -0.7313 0.0467
vn -0.4933 -0.8699 0.0038
vn -0.5808 -0.8139 0.0163
vn -0.6845 -0.7289 0.0136
vn -0.6708 -0.7416 0.0081
vn -0.7417 -0.6706 0.0146
vn -0.6739 -0.5197 0.5251
vn -0.6848 -0.5197 0.5108
vn -0.7384 -0.5704 0.3598
vn -0.7537 -0.5671 0.3321
vn -0.7762 -0.5900 0.2221
vn -0.7862 -0.5842 0.2016
vn -0.7944 -0.5939 0.1273
vn -0.8013 -0.5874 0.1132
vn -0.8042 -0.5921 0.0511
vn -0.8133 -0.5802 0.0431
vn -0.8136 -0.5814 0.0063
vn -0.7828 -0.6222 0.0135
vn -0.4632 -0.7183 0.5191
vn -0.4920 -0.7290 0.4758
vn -0.5241 -0.7866 0.3265
vn -0.5232 -0.7865 0.3280
vn -0.5425 -0.8255 0.1557
vn -0.5385 -0.8275 0.1593
vn -0.5424 -0.8386 0.0507
vn -0.4124 -0.9092 0.0565
vn -0.4126 -0.9107 0.0202
vn -0.7370 0.4219 0.5280
vn -0.7228 0.3897 0.5707
vn -0.8150 0.4527 0.3618
vn -0.8100 0.4277 0.4012
vn -0.8583 0.4623 0.2227
vn -0.8596 0.4435 0.2536
vn -0.8793 0.4591 0.1267
vn -0.8833 0.4446 0.1487
vn -0.8907 0.4519 0.0494
vn -0.9010 0.4335 0.0140
vn -0.7543 0.3213 0.5725
vn -0.7332 0.2894 0.6153
vn -0.8469 0.3473 0.4026
vn -0.8361 0.3212 0.4447
vn -0.8998 0.3546 0.2542
vn -0.8972 0.3342 0.2888
vn -0.9249 0.3499 0.1486
vn -0.9265 0.3337 0.1740
vn -0.7502 0.2399 0.6161
vn -0.7265 0.2123 0.6536
vn -0.8560 0.2625 0.4453
vn -0.8417 0.2387 0.4843
vn -0.9187 0.2691 0.2890
vn -0.9130 0.2498 0.3225
vn -0.9485 0.2647 0.1739
vn -0.9478 0.2490 0.1992
vn -0.7364 0.1742 0.6538
vn -0.7133 0.1521 0.6841
vn -0.8533 0.1931 0.4844
vn -0.8379 0.1732 0.5177
vn -0.9254 0.1992 0.3224
vn -0.9180 0.1822 0.3523
vn -0.9603 0.1954 0.1989
vn -0.9580 0.1812 0.2223
vn -0.9733 0.1864 0.1337
vn -0.8998 0.4319 0.0616
vn -0.9379 0.3415 0.0608
vn -0.9448 0.3189 0.0753
vn -0.9636 0.2568 0.0747
vn -0.9680 0.2344 0.0895
vn -0.9832 0.1593 0.0887
vn -0.9827 0.1682 0.0779
vn -0.9072 0.4201 0.0195
vn -0.9470 0.3208 0.0179
vn -0.9517 0.3062 0.0242
vn -0.9714 0.2364 0.0231
vn -0.9746 0.2219 0.0297
vn -0.9851 0.1694 0.0289
vn -0.9872 0.1555 0.0353
vn -0.3905 0.9206 0.0071
vn -0.4513 0.8923 0.0053
vn -0.4088 0.9125 0.0148
vn -0.5188 0.8549 0.0074
vn -0.5049 0.8631 0.0087
vn -0.5872 0.8093 0.0144
vn -0.6509 0.7591 0.0065
vn -0.7000 0.7140 0.0147
vn -0.7775 0.6287 0.0132
vn -0.7833 0.6215 0.0123
vn -0.7545 0.6561 0.0137
vn -0.8457 0.5334 0.0145
vn -0.8473 0.5309 0.0149
vn -0.8473 0.5309 0.0126
vn -0.3988 0.9170 0.0101
vn -0.4088 0.9125 0.0117
vn -0.4929 0.8700 0.0105
vn -0.5049 0.8631 0.0125
vn -0.5804 0.8142 0.0113
vn -0.6509 0.7590 0.0184
vn -0.6725 0.7400 0.0134
vn -0.7432 0.6690 0.0119
vn -0.7775 0.6287 0.0137
vn -0.7835 0.6213 0.0127
vn -0.8408 0.5412 0.0110
vn -0.5969 -0.8022 0.0141
vn -0.8745 -0.4848 0.0135
vn -0.8312 -0.5559 0.0126
vn -0.8467 -0.5317 0.0174
vn -0.7769 -0.6295 0.0124
vn -0.7754 -0.6313 0.0123
vn -0.7563 -0.6541 0.0136
vn -0.5153 -0.8570 0.0096
vn -0.5053 -0.8629 0.0084
vn -0.4090 -0.9125 0.0124
vn -0.4374 -0.8992 0.0067
vn -0.7417 -0.6707 0.0118
vn -0.7754 -0.6313 0.0139
vn -0.7828 -0.6222 0.0127
vn -0.8468 -0.5318 0.0108
vn -0.8402 -0.5421 0.0128
vn -0.6708 -0.7415 0.0133
vn -0.6494 -0.7602 0.0182
vn -0.6495 -0.7602 0.0155
vn -0.7027 -0.7114 -0.0010
vn -0.5808 -0.8140 0.0113
vn -0.4933 -0.8698 0.0127
vn -0.5053 -0.8629 0.0103
vn -0.3989 -0.9169 0.0119
vn -0.4090 -0.9125 0.0099
vn -0.9629 -0.1827 0.1988
vn -0.9555 -0.1937 0.2223
vn -0.9284 -0.1852 0.3222
vn -0.9152 -0.1959 0.3523
vn -0.8566 -0.1785 0.4842
vn -0.8348 -0.1875 0.5176
vn -0.7398 -0.1596 0.6536
vn -0.7103 -0.1662 0.6840
vn -0.9874 -0.1556 0.0287
vn -0.9849 -0.1693 0.0355
vn -0.9818 -0.1679 0.0888
vn -0.9852 -0.1527 0.0778
vn -0.9733 -0.1864 0.1337
vn -0.9748 -0.2220 0.0229
vn -0.9712 -0.2362 0.0299
vn -0.9692 -0.2349 0.0745
vn -0.9625 -0.2561 0.0897
vn -0.9523 -0.2510 0.1738
vn -0.9441 -0.2626 0.1992
vn -0.9231 -0.2538 0.2889
vn -0.9088 -0.2649 0.3224
vn -0.8610 -0.2460 0.4452
vn -0.8371 -0.2548 0.4840
vn -0.7555 -0.2232 0.6160
vn -0.7219 -0.2285 0.6532
vn -0.9518 -0.3063 0.0176
vn -0.9469 -0.3206 0.0244
vn -0.9457 -0.3195 0.0606
vn -0.9371 -0.3407 0.0754
vn -0.9301 -0.3359 0.1485
vn -0.9214 -0.3476 0.1739
vn -0.9059 -0.3388 0.2541
vn -0.8913 -0.3498 0.2885
vn -0.8538 -0.3301 0.4025
vn -0.8297 -0.3381 0.4442
vn -0.7617 -0.3035 0.5724
vn -0.7267 -0.3069 0.6146
vn -0.9073 -0.4202 0.0137
vn -0.9010 -0.4334 0.0197
vn -0.9003 -0.4324 0.0491
vn -0.8903 -0.4512 0.0617
vn -0.8857 -0.4466 0.1265
vn -0.8770 -0.4570 0.1486
vn -0.8659 -0.4481 0.2225
vn -0.8523 -0.4576 0.2532
vn -0.8236 -0.4370 0.3616
vn -0.8019 -0.4433 0.4006
vn -0.7464 -0.4054 0.5277
vn -0.7144 -0.4062 0.5698
vn -0.9931 0.0663 0.0964
vn -0.9129 0.0141 0.4080
vn -0.9268 0.0313 0.3742
vn -0.9635 0.0037 0.2677
vn -0.9699 0.0112 0.2431
vn -0.6792 0.0122 0.7338
vn -0.6754 0.0101 0.7374
vn -0.8174 0.0138 0.5759
vn -0.7997 0.0011 0.6004
vn -0.8570 0.0126 0.5151
vn -0.7030 0.0762 0.7071
vn -0.6869 0.0647 0.7239
vn -0.8347 0.0861 0.5439
vn -0.8225 0.0747 0.5638
vn -0.9221 0.0891 0.3766
vn -0.9149 0.0785 0.3959
vn -0.9665 0.0863 0.2416
vn -0.9632 0.0767 0.2576
vn -0.9934 0.0736 0.0876
vn -0.9898 0.1120 0.0880
vn -0.9897 0.1209 0.0773
vn -0.9993 0.0073 0.0375
vn -0.9984 0.0314 0.0465
vn -0.9968 0.0672 0.0423
vn -0.9953 0.0837 0.0482
vn -0.9930 0.1131 0.0347
vn -0.7195 0.1203 0.6840
vn -0.6992 0.1036 0.7074
vn -0.8450 0.1349 0.5175
vn -0.8304 0.1191 0.5442
vn -0.9255 0.1396 0.3520
vn -0.9177 0.1255 0.3770
vn -0.9655 0.1363 0.2218
vn -0.9623 0.1241 0.2420
vn -0.9827 0.1291 0.1331
vn -0.9818 0.1186 0.1481
vn -0.9858 0.0804 0.1477
vn -0.9845 0.0719 0.1599
vn -0.9868 0.0298 0.1594
vn -0.9952 0.0193 0.0960
vn -0.9955 0.0200 0.0929
vn -0.9985 0.0203 0.0499
vn -0.9881 0.0118 0.1532
vn -0.9824 0.0409 0.1820
vn -0.9626 0.0391 0.2680
vn -0.9653 0.0454 0.2573
vn -0.9120 0.0408 0.4082
vn -0.9172 0.0475 0.3956
vn -0.8164 0.0392 0.5761
vn -0.8248 0.0461 0.5635
vn -0.6783 0.0340 0.7340
vn -0.6890 0.0407 0.7236
vn -0.6781 -0.0397 0.7339
vn -0.6894 -0.0349 0.7235
vn -0.8161 -0.0454 0.5761
vn -0.8252 -0.0399 0.5634
vn -0.9172 -0.0475 0.3956
vn -0.6974 -0.1153 0.7073
vn -0.7216 -0.1083 0.6838
vn -0.8286 -0.1312 0.5442
vn -0.8470 -0.1225 0.5172
vn -0.9160 -0.1374 0.3770
vn -0.9274 -0.1276 0.3517
vn -0.9608 -0.1352 0.2421
vn -0.9671 -0.1252 0.2216
vn -0.9806 -0.1285 0.1482
vn -0.9839 -0.1192 0.1330
vn -0.9888 -0.1206 0.0881
vn -0.9907 -0.1123 0.0772
vn -0.9930 -0.1131 0.0347
vn -0.6754 -0.0121 0.7374
vn -0.6793 -0.0102 0.7338
vn -0.7997 -0.0134 0.6003
vn -0.8176 -0.0045 0.5758
vn -0.9989 -0.0151 0.0449
vn -0.9985 -0.0203 0.0499
vn -0.9952 -0.0200 0.0960
vn -0.9955 -0.0188 0.0929
vn -0.9868 -0.0298 0.1594
vn -0.9878 -0.0266 0.1531
vn -0.9661 -0.0252 0.2570
vn -0.9698 -0.0216 0.2431
vn -0.9118 -0.0406 0.4085
vn -0.9272 -0.0146 0.3743
vn -0.8570 -0.0126 0.5151
vn -0.6860 -0.0736 0.7239
vn -0.7041 -0.0671 0.7069
vn -0.8216 -0.0841 0.5638
vn -0.8358 -0.0765 0.5437
vn -0.9141 -0.0879 0.3960
vn -0.9230 -0.0796 0.3764
vn -0.9624 -0.0856 0.2577
vn -0.9673 -0.0773 0.2414
vn -0.9839 -0.0801 0.1599
vn -0.9864 -0.0723 0.1476
vn -0.9926 -0.0734 0.0965
vn -0.9939 -0.0665 0.0875
vn -0.9967 -0.0671 0.0454
vn -0.9957 -0.0781 0.0508
vn -0.9975 -0.0000 0.0713
vn -0.9771 -0.0000 0.2126
vn -0.9370 -0.0000 0.3495
vn -0.8777 -0.0000 0.4792
vn -0.8005 -0.0000 0.5993
vn -0.7071 -0.0000 0.7071
vn -0.5993 -0.0000 0.8005
vn -0.4792 -0.0000 0.8777
vn -0.3495 -0.0000 0.9369
vn -0.2126 -0.0000 0.9771
vn -0.0713 -0.0000 0.9975
vn 0.0713 -0.0000 0.9975
vn 0.2126 -0.0000 0.9771
vn 0.3495 -0.0000 0.9369
vn 0.4792 -0.0000 0.8777
vn 0.5993 -0.0000 0.8005
vn 0.7071 -0.0000 0.7071
vn 0.8005 -0.0000 0.5993
vn 0.8777 -0.0000 0.4792
vn 0.9370 -0.0000 0.3495
vn 0.9771 -0.0000 0.2126
vn 0.9975 -0.0000 0.0713
vn 1.0000 -0.0000 -0.0000
vn 0.7070 -0.0000 0.7072
vn 0.6914 -0.0000 0.7225
vn 0.6003 -0.0000 0.7998
vn 0.4754 -0.0005 0.8798
vn 0.2703 0.0006 0.9628
vn 0.1240 -0.0000 0.9923
vn -0.0000 -0.2588 0.9659
vn -0.0008 -0.1776 0.9841
vn 0.0007 -0.6088 0.7934
vn -0.0003 -0.5132 0.8583
vn 0.0001 -0.7424 0.6699
vn -0.0001 -0.7933 0.6088
vn 0.0002 -0.8966 0.4429
vn -0.0006 -0.9659 0.2588
vn -0.0000 -0.9888 0.1489
vn -0.0000 0.9969 0.0784
vn -0.0007 0.9476 0.3195
vn -0.0023 0.8735 0.4868
vn -0.0000 0.9659 0.2588
vn -0.0000 0.7733 0.6341
vn -0.0006 0.7071 0.7071
vn -0.0000 0.5822 0.8131
vn -0.0000 0.4249 0.9053
vn -0.0005 0.2588 0.9659
vn -0.0000 0.1771 0.9842
vn -0.0000 0.9992 0.0412
vn -0.0101 0.9429 0.3328
vn -0.0052 0.9561 0.2931
vn 0.0123 0.9953 0.0964
vn -0.0163 0.9797 0.1999
vn -0.0047 0.9946 0.1033
vn -0.0167 0.9293 0.3690
vn 0.0060 0.9659 0.2587
vn -0.0044 0.9074 0.4203
vn -0.0043 0.9078 0.4193
vn 0.0072 0.8076 0.5896
vn 0.0128 0.8212 0.5705
vn -0.0000 0.7455 0.6665
vn -0.0000 0.5556 0.8315
vn 0.0489 0.6634 0.7467
vn 0.0205 0.5789 0.8151
vn -0.0000 0.1059 0.9944
vn 0.0158 0.1951 0.9807
vn 0.0037 0.2738 0.9618
vn -0.0034 0.4359 0.9000
vn -0.0000 -0.0255 0.9997
vn 0.0053 -0.1550 0.9879
vn 0.0142 -0.1951 0.9807
vn 0.0056 -0.6126 0.7904
vn 0.0169 -0.5555 0.8313
vn -0.0002 -0.4767 0.8790
vn 0.0001 -0.3208 0.9472
vn -0.0001 -0.9979 0.0648
vn -0.0116 -0.9869 0.1608
vn -0.0256 -0.9721 0.2333
vn 0.0106 -0.9946 0.1029
vn -0.0060 -0.9477 0.3191
vn 0.0036 -0.9653 0.2613
vn -0.0027 -0.9186 0.3952
vn 0.0030 -0.9366 0.3504
vn -0.0021 -0.8960 0.4441
vn -0.0022 -0.8954 0.4453
vn 0.0067 -0.8076 0.5896
vn 0.0168 -0.8315 0.5553
vn -0.0044 -0.7341 0.6790
vn 0.1645 0.1053 0.9807
vn 0.1643 0.1052 0.9808
vn 0.4683 0.2998 0.8311
vn 0.4681 0.2998 0.8313
vn 0.7007 0.4486 0.5547
vn 0.7004 0.4485 0.5552
vn 0.8262 0.5290 0.1938
vn 0.8260 0.5290 0.1946
vn 0.1574 0.1165 0.9806
vn 0.1571 0.1163 0.9807
vn 0.4481 0.3317 0.8302
vn 0.4473 0.3311 0.8308
vn 0.6698 0.4958 0.5528
vn 0.6689 0.4953 0.5543
vn 0.7889 0.5840 0.1912
vn 0.7885 0.5838 0.1936
vn 0.7483 0.6351 0.1915
vn 0.6350 0.5390 0.5534
vn 0.4246 0.3604 0.8306
vn 0.1491 0.1266 0.9807
vn 0.7484 0.6351 0.1912
vn 0.7024 0.6858 0.1908
vn 0.7026 0.6859 0.1894
vn 0.6271 0.7555 0.1896
vn 0.6271 0.7556 0.1892
vn 0.5424 0.8186 0.1890
vn 0.5424 0.8185 0.1895
vn 0.4434 0.8760 0.1896
vn 0.4145 0.8404 0.3491
vn 0.3883 0.9014 0.1914
vn 0.3533 0.9158 0.1913
vn 0.3531 0.9156 0.1924
vn 0.2749 0.9421 0.1921
vn 0.2746 0.9417 0.1943
vn 0.6352 0.5390 0.5532
vn 0.5964 0.5823 0.5525
vn 0.5969 0.5827 0.5516
vn 0.5326 0.6416 0.5520
vn 0.5326 0.6417 0.5518
vn 0.4608 0.6954 0.5514
vn 0.4607 0.6953 0.5516
vn 0.3690 0.7480 0.5516
vn 0.3687 0.7475 0.5526
vn 0.2998 0.7772 0.5532
vn 0.2996 0.7769 0.5538
vn 0.2333 0.7996 0.5533
vn 0.2330 0.7988 0.5547
vn 0.4247 0.3604 0.8305
vn 0.3990 0.3896 0.8301
vn 0.3994 0.3899 0.8297
vn 0.3563 0.4293 0.8299
vn 0.3564 0.4294 0.8298
vn 0.3085 0.4655 0.8295
vn 0.3083 0.4653 0.8297
vn 0.2469 0.5006 0.8297
vn 0.2467 0.5001 0.8301
vn 0.2005 0.5197 0.8305
vn 0.2003 0.5194 0.8307
vn 0.1560 0.5349 0.8304
vn 0.1558 0.5340 0.8310
vn 0.1492 0.1266 0.9807
vn 0.1402 0.1369 0.9806
vn 0.1404 0.1371 0.9806
vn 0.1252 0.1508 0.9806
vn 0.1252 0.1509 0.9806
vn 0.1084 0.1636 0.9806
vn 0.1084 0.1635 0.9806
vn 0.0868 0.1759 0.9806
vn 0.0867 0.1758 0.9806
vn 0.0704 0.1826 0.9807
vn 0.0704 0.1824 0.9807
vn 0.0548 0.1879 0.9807
vn 0.0547 0.1876 0.9807
vn 0.6298 0.0475 0.7753
vn 0.7192 0.1061 0.6866
vn 0.7707 0.2100 0.6016
vn 0.8194 0.2419 0.5197
vn 0.8535 0.3553 0.3812
vn 0.8723 0.3658 0.3243
vn 0.8719 0.4718 0.1311
vn 0.8746 0.4717 0.1119
vn 0.2440 -0.0280 0.9694
vn 0.5368 0.1929 0.8214
vn 0.5325 0.1879 0.8253
vn 0.7035 0.3148 0.6372
vn 0.7453 0.3715 0.5537
vn 0.8133 0.4189 0.4039
vn 0.8476 0.4937 0.1946
vn 0.8563 0.4971 0.1404
vn 0.1775 0.9648 0.1943
vn 0.1505 0.8183 0.5547
vn 0.1006 0.5470 0.8310
vn 0.0353 0.1922 0.9807
vn 0.1503 0.8175 0.5559
vn 0.0793 0.8274 0.5560
vn 0.0793 0.8269 0.5567
vn 0.0144 0.8306 0.5567
vn 0.0144 0.8304 0.5570
vn 0.1773 0.9644 0.1961
vn 0.0936 0.9761 0.1962
vn 0.0935 0.9759 0.1973
vn 0.0369 0.9796 0.1974
vn 0.0154 0.8866 0.4622
vn -0.0009 0.9802 0.1979
vn -0.0510 0.9789 0.1978
vn -0.0510 0.9790 0.1975
vn -0.0466 0.8948 0.4440
vn -0.0419 0.8294 0.5571
vn -0.0412 0.7913 0.6100
vn -0.0316 0.6071 0.7940
vn 0.1005 0.5463 0.8315
vn 0.0530 0.5529 0.8316
vn 0.0530 0.5524 0.8319
vn 0.0096 0.5549 0.8318
vn 0.0096 0.5547 0.8320
vn -0.0275 0.5540 0.8320
vn -0.0230 0.4411 0.8972
vn 0.0353 0.1918 0.9808
vn 0.0186 0.1941 0.9808
vn 0.0186 0.1940 0.9808
vn 0.0034 0.1948 0.9808
vn 0.0034 0.1947 0.9808
vn -0.0101 0.1945 0.9809
vn -0.0101 0.1945 0.9808
vn 0.8882 0.4113 0.2047
vn 0.9901 0.1245 -0.0654
vn 0.8770 0.3582 0.3202
vn 0.8204 0.1311 0.5566
vn 0.9392 -0.0499 0.3397
vn 0.7324 0.0849 0.6756
vn -0.0858 0.9765 0.1977
vn -0.0693 0.7892 0.6102
vn -0.0784 0.8925 0.4442
vn -0.0386 0.4397 0.8973
vn -0.0532 0.6055 0.7941
vn -0.0170 0.1939 0.9809
vn -0.0970 0.9604 0.2612
vn -0.1235 0.9574 0.2610
vn -0.1235 0.9575 0.2607
vn -0.2052 0.9434 0.2606
vn -0.2052 0.9432 0.2612
vn -0.2618 0.9290 0.2615
vn -0.2619 0.9289 0.2618
vn -0.3201 0.9106 0.2615
vn -0.3200 0.9100 0.2637
vn -0.0786 0.7017 0.7081
vn -0.0904 0.7005 0.7079
vn -0.0904 0.7007 0.7077
vn -0.1502 0.6904 0.7077
vn -0.1502 0.6902 0.7078
vn -0.1915 0.6795 0.7083
vn -0.1915 0.6794 0.7084
vn -0.2343 0.6663 0.7079
vn -0.2340 0.6654 0.7088
vn -0.0352 0.2562 0.9660
vn -0.0331 0.2564 0.9660
vn -0.0331 0.2565 0.9660
vn -0.0550 0.2527 0.9660
vn -0.0550 0.2526 0.9660
vn -0.0701 0.2486 0.9661
vn -0.0701 0.2485 0.9661
vn -0.0857 0.2439 0.9660
vn -0.0856 0.2435 0.9661
vn 0.9574 0.2060 0.2022
vn 0.8257 0.0727 0.5595
vn 0.9583 0.2070 0.1968
vn 0.9474 0.2437 0.2073
vn 0.9494 0.2486 0.1919
vn 0.9319 0.2962 0.2094
vn 0.9335 0.3032 0.1915
vn 0.9192 0.3357 0.2061
vn 0.9199 0.3392 0.1970
vn 0.9032 0.3725 0.2133
vn 0.9037 0.3844 0.1888
vn 0.8266 0.0731 0.5580
vn 0.8229 0.0861 0.5617
vn 0.8256 0.0881 0.5574
vn 0.8194 0.1049 0.5636
vn 0.8223 0.1079 0.5587
vn 0.8172 0.1193 0.5639
vn 0.8187 0.1208 0.5614
vn 0.8128 0.1327 0.5672
vn 0.8165 0.1378 0.5606
vn -0.2752 0.6488 0.7094
vn -0.1006 0.2373 0.9662
vn -0.5658 0.7801 0.2669
vn -0.5000 0.8237 0.2676
vn -0.4998 0.8239 0.2673
vn -0.4351 0.8600 0.2667
vn -0.4352 0.8608 0.2639
vn -0.3767 0.8878 0.2643
vn -0.3766 0.8879 0.2641
vn -0.6503 0.6635 0.3700
vn -0.6804 0.6817 0.2691
vn -0.5656 0.7795 0.2692
vn -0.7263 0.6316 0.2711
vn -0.7540 0.5983 0.2709
vn -0.7540 0.5983 0.2710
vn -0.8143 0.5136 0.2705
vn -0.8144 0.5137 0.2700
vn -0.2752 0.6487 0.7095
vn -0.3183 0.6295 0.7089
vn -0.3179 0.6284 0.7100
vn -0.3649 0.6014 0.7108
vn -0.3649 0.6012 0.7110
vn -0.4134 0.5700 0.7100
vn -0.4130 0.5692 0.7109
vn -0.4968 0.4978 0.7109
vn -0.4965 0.4974 0.7114
vn -0.5498 0.4363 0.7123
vn -0.5943 0.3748 0.7116
vn -0.5944 0.3749 0.7114
vn -0.1006 0.2372 0.9662
vn -0.1165 0.2304 0.9661
vn -0.1163 0.2299 0.9662
vn -0.1334 0.2198 0.9664
vn -0.1334 0.2197 0.9664
vn -0.1513 0.2086 0.9662
vn -0.1511 0.2083 0.9663
vn -0.1818 0.1821 0.9663
vn -0.1816 0.1820 0.9664
vn -0.2009 0.1594 0.9665
vn -0.2009 0.1594 0.9666
vn -0.2173 0.1370 0.9664
vn -0.2174 0.1371 0.9664
vn 0.9803 0.0028 0.1973
vn 0.8311 0.0010 0.5562
vn 0.9804 0.0028 0.1972
vn 0.9800 0.0250 0.1973
vn 0.9804 0.0250 0.1955
vn 0.9788 0.0544 0.1974
vn 0.9790 0.0543 0.1966
vn 0.9762 0.0864 0.1990
vn 0.9772 0.0869 0.1935
vn 0.9720 0.1246 0.1992
vn 0.9726 0.1248 0.1963
vn 0.9654 0.1638 0.2031
vn 0.9673 0.1661 0.1919
vn 0.8310 0.0088 0.5562
vn 0.8313 0.0088 0.5557
vn 0.8307 0.0191 0.5564
vn 0.8309 0.0191 0.5561
vn 0.8300 0.0304 0.5569
vn 0.8310 0.0306 0.5555
vn 0.8291 0.0438 0.5574
vn 0.8296 0.0439 0.5566
vn 0.8272 0.0577 0.5590
vn 0.8292 0.0586 0.5558
vn -0.2291 0.1156 0.9665
vn -0.2290 0.1156 0.9665
vn -0.6269 0.3165 0.7120
vn -0.6267 0.3164 0.7121
vn -0.8595 0.4339 0.2700
vn -0.8594 0.4338 0.2705
vn -0.2344 0.1045 0.9665
vn -0.6415 0.2860 0.7118
vn -0.6414 0.2859 0.7120
vn -0.8795 0.3922 0.2696
vn -0.8794 0.3920 0.2701
vn 0.9803 -0.0075 0.1973
vn 0.9615 -0.1902 0.1981
vn 0.8271 -0.0671 0.5580
vn 0.9613 -0.1891 0.2002
vn 0.9689 -0.1561 0.1922
vn 0.9672 -0.1532 0.2024
vn 0.9762 -0.0982 0.1935
vn 0.9751 -0.0971 0.1994
vn 0.9781 -0.0681 0.1969
vn 0.9780 -0.0679 0.1974
vn 0.9786 -0.0605 0.1968
vn 0.9623 -0.0359 0.2697
vn 0.9796 -0.0371 0.1975
vn 0.9804 -0.0075 0.1967
vn 0.8267 -0.0667 0.5586
vn 0.8295 -0.0550 0.5558
vn 0.8277 -0.0540 0.5586
vn 0.8308 -0.0346 0.5555
vn 0.8297 -0.0341 0.5572
vn 0.8307 -0.0240 0.5562
vn 0.8306 -0.0239 0.5564
vn 0.8313 -0.0143 0.5556
vn 0.8308 -0.0142 0.5563
vn 0.8311 -0.0026 0.5560
vn 0.8311 -0.0026 0.5562
vn -0.1865 0.4988 0.8464
vn -0.8493 0.5271 0.0288
vn -0.8497 0.5265 0.0282
vn -0.5702 0.8196 0.0563
vn -0.5713 0.8189 0.0550
vn -0.1984 0.9773 0.0746
vn -0.2004 0.9770 0.0727
vn -0.2061 0.9364 0.2839
vn -0.1786 0.9363 0.3025
vn -0.5744 0.7942 0.1984
vn -0.5591 0.8016 0.2117
vn -0.8512 0.5191 0.0778
vn -0.8741 0.4665 0.1355
vn -0.8550 0.5028 0.1272
vn -0.8465 0.5257 0.0843
vn 0.0194 0.5753 0.8177
vn -0.1651 0.7951 0.5836
vn -0.2535 0.5541 0.7929
vn -0.6128 0.5788 0.5380
vn -0.5760 0.5632 0.5925
vn -0.6058 0.3624 0.7083
vn -0.6404 0.4037 0.6534
vn -0.1835 0.2199 0.9581
vn -0.2594 0.3124 0.9139
vn -0.2045 0.8773 0.4342
vn -0.1984 0.7869 0.5844
vn -0.5909 0.7114 0.3804
vn -0.5611 0.7153 0.4166
vn -0.8473 0.5081 0.1544
vn -0.8658 0.4598 0.1972
vn -0.8585 0.4612 0.2244
vn -0.8782 0.4122 0.2427
vn -0.8742 0.4039 0.2695
vn 0.8926 -0.4039 0.2003
vn 0.8125 -0.1447 0.5648
vn 0.8933 -0.4003 0.2045
vn 0.9077 -0.3743 0.1897
vn 0.9079 -0.3614 0.2123
vn 0.9293 -0.3162 0.1909
vn 0.9283 -0.3067 0.2101
vn 0.9425 -0.2705 0.1962
vn 0.9419 -0.2663 0.2049
vn 0.9546 -0.2279 0.1918
vn 0.9529 -0.2224 0.2063
vn 0.8120 -0.1432 0.5658
vn 0.8172 -0.1340 0.5605
vn 0.8139 -0.1287 0.5665
vn 0.8215 -0.1126 0.5589
vn 0.8185 -0.1087 0.5641
vn 0.8235 -0.0959 0.5592
vn 0.8221 -0.0942 0.5616
vn 0.8266 -0.0806 0.5569
vn 0.8241 -0.0785 0.5609
vn -0.2012 0.9795 0.0029
vn -0.2018 0.9794 0.0029
vn -0.5710 0.8209 0.0083
vn -0.5726 0.8198 0.0082
vn -0.8484 0.5293 0.0123
vn -0.8500 0.5266 0.0122
vn -0.2005 0.9797 0.0032
vn -0.2012 0.9795 0.0032
vn -0.5692 0.8221 0.0091
vn -0.5710 0.8209 0.0091
vn -0.8464 0.5323 0.0135
vn -0.8483 0.5293 0.0135
vn 0.7324 -0.0849 0.6756
vn 0.8829 0.0015 0.4695
vn 0.8805 -0.4619 0.1066
vn 0.9690 -0.2272 0.0967
vn 0.8770 -0.3582 0.3202
vn 0.8459 -0.1974 0.4954
vn -0.8459 0.5322 0.0355
vn -0.5673 0.8207 0.0685
vn -0.1983 0.9760 0.0905
vn -0.1959 0.9764 0.0908
vn -0.2043 0.9497 0.2371
vn -0.1971 0.9508 0.2390
vn -0.2122 0.8985 0.3842
vn -0.1938 0.9004 0.3896
vn -0.2187 0.8240 0.5227
vn -0.2026 0.8241 0.5290
vn -0.8471 0.5302 0.0350
vn -0.8493 0.5231 0.0719
vn -0.8517 0.5193 0.0700
vn -0.8558 0.5053 0.1106
vn -0.8609 0.4978 0.1053
vn -0.8684 0.4740 0.1455
vn -0.8717 0.4695 0.1403
vn -0.8812 0.4364 0.1815
vn -0.8854 0.4312 0.1738
vn -0.8974 0.3887 0.2087
vn -0.8990 0.3871 0.2046
vn -0.9117 0.3365 0.2359
vn -0.9130 0.3355 0.2322
vn -0.9268 0.2777 0.2530
vn -0.9268 0.2777 0.2529
vn -0.9394 0.2160 0.2661
vn -0.9385 0.2158 0.2694
vn -0.5732 0.8019 0.1682
vn -0.5722 0.8026 0.1687
vn -0.5823 0.7667 0.2704
vn -0.5788 0.7687 0.2723
vn -0.5969 0.7133 0.3672
vn -0.5932 0.7150 0.3700
vn -0.6138 0.6422 0.4592
vn -0.6060 0.6450 0.4655
vn -0.6317 0.5563 0.5399
vn -0.6258 0.5572 0.5458
vn -0.6511 0.4539 0.6083
vn -0.6398 0.4548 0.6195
vn -0.6682 0.3382 0.6627
vn -0.6607 0.3369 0.6708
vn -0.6859 0.2119 0.6962
vn -0.6731 0.2088 0.7095
vn -0.2239 0.7538 0.6178
vn -0.4330 0.7001 0.5677
vn -0.2136 0.6869 0.6946
vn -0.2351 0.6079 0.7584
vn -0.2157 0.6047 0.7667
vn -0.2491 0.4714 0.8460
vn -0.2161 0.4655 0.8582
vn -0.2511 0.3182 0.9142
vn -0.2310 0.3122 0.9215
vn -0.2635 0.1554 0.9520
vn -0.2323 0.1468 0.9615
vn 0.3111 -0.1993 0.9293
vn 0.2260 -0.0028 0.9741
vn 0.5617 -0.3415 0.7536
vn 0.5175 -0.2156 0.8281
vn 0.7444 -0.4527 0.4909
vn 0.7350 -0.3903 0.5545
vn 0.8388 -0.5169 0.1709
vn 0.8427 -0.5020 0.1946
vn 0.6302 -0.2301 0.7415
vn 0.4744 0.0766 0.8770
vn 0.7561 -0.3315 0.5642
vn 0.6841 -0.1329 0.7172
vn 0.8350 -0.4213 0.3539
vn 0.8218 -0.3222 0.4699
vn 0.8619 -0.4920 0.1231
vn 0.8679 -0.4690 0.1635
vn -0.2533 0.0428 0.9664
vn -0.2531 0.0427 0.9665
vn -0.6930 0.1170 0.7114
vn -0.6926 0.1168 0.7118
vn -0.9498 0.1603 0.2686
vn -0.9496 0.1602 0.2696
vn -0.2548 0.0344 0.9664
vn -0.2546 0.0343 0.9664
vn -0.6969 0.0940 0.7110
vn -0.6965 0.0939 0.7114
vn -0.9549 0.1288 0.2677
vn -0.9546 0.1287 0.2686
vn 0.1530 -0.1216 0.9807
vn 0.1531 -0.1217 0.9807
vn 0.4358 -0.3464 0.8307
vn 0.4360 -0.3466 0.8305
vn 0.6518 -0.5181 0.5538
vn 0.6520 -0.5184 0.5533
vn 0.7682 -0.6106 0.1923
vn 0.7683 -0.6108 0.1914
vn 0.1612 -0.1103 0.9807
vn 0.1615 -0.1105 0.9807
vn 0.4591 -0.3141 0.8310
vn 0.4597 -0.3146 0.8305
vn 0.6866 -0.4698 0.5549
vn 0.6874 -0.4704 0.5534
vn 0.8096 -0.5539 0.1944
vn 0.8099 -0.5542 0.1921
vn -0.9584 0.0995 0.2677
vn -0.6994 0.0726 0.7110
vn -0.2557 0.0265 0.9664
vn -0.9585 0.0996 0.2670
vn -0.9620 0.0573 0.2669
vn -0.9623 0.0573 0.2659
vn -0.9638 0.0191 0.2659
vn -0.9639 0.0191 0.2657
vn -0.9641 0.0027 0.2657
vn -0.9641 0.0027 0.2656
vn -0.6998 0.0727 0.7107
vn -0.7024 0.0418 0.7105
vn -0.7028 0.0419 0.7101
vn -0.7039 0.0139 0.7102
vn -0.7040 0.0139 0.7101
vn -0.7041 0.0020 0.7101
vn -0.2558 0.0266 0.9664
vn -0.2569 0.0153 0.9663
vn -0.2570 0.0153 0.9663
vn -0.2574 0.0051 0.9663
vn -0.2574 0.0007 0.9663
vn -0.2575 0.0007 0.9663
vn 0.2332 -0.9528 0.1945
vn 0.1977 -0.8079 0.5552
vn 0.1321 -0.5398 0.8313
vn 0.0464 -0.1896 0.9808
vn 0.2331 -0.9529 0.1941
vn 0.2943 -0.9358 0.1938
vn 0.2944 -0.9363 0.1916
vn 0.3823 -0.9039 0.1918
vn 0.3823 -0.9042 0.1907
vn 0.4709 -0.8614 0.1904
vn 0.4709 -0.8616 0.1893
vn 0.5776 -0.7941 0.1892
vn 0.5776 -0.7941 0.1891
vn 0.6525 -0.7337 0.1894
vn 0.6525 -0.7336 0.1899
vn 0.7179 -0.6698 0.1896
vn 0.7178 -0.6695 0.1912
vn 0.1977 -0.8080 0.5550
vn 0.2497 -0.7939 0.5544
vn 0.2499 -0.7948 0.5530
vn 0.3244 -0.7671 0.5534
vn 0.3245 -0.7676 0.5528
vn 0.3999 -0.7315 0.5522
vn 0.4001 -0.7320 0.5514
vn 0.4907 -0.6746 0.5514
vn 0.5542 -0.6231 0.5520
vn 0.5541 -0.6229 0.5523
vn 0.6098 -0.5689 0.5518
vn 0.6094 -0.5684 0.5527
vn 0.1321 -0.5400 0.8312
vn 0.1670 -0.5309 0.8308
vn 0.1672 -0.5317 0.8303
vn 0.2169 -0.5130 0.8305
vn 0.2171 -0.5134 0.8303
vn 0.2676 -0.4895 0.8299
vn 0.2678 -0.4899 0.8296
vn 0.3284 -0.4516 0.8296
vn 0.3285 -0.4516 0.8296
vn 0.3707 -0.4168 0.8300
vn 0.3706 -0.4167 0.8301
vn 0.4081 -0.3807 0.8297
vn 0.4077 -0.3803 0.8302
vn 0.0586 -0.1865 0.9807
vn 0.0587 -0.1868 0.9806
vn 0.0762 -0.1802 0.9807
vn 0.0763 -0.1804 0.9806
vn 0.0940 -0.1720 0.9806
vn 0.0941 -0.1722 0.9806
vn 0.1154 -0.1587 0.9806
vn 0.1155 -0.1587 0.9805
vn 0.1303 -0.1465 0.9806
vn 0.1302 -0.1464 0.9806
vn 0.1434 -0.1338 0.9806
vn 0.1432 -0.1336 0.9806
vn -0.9628 -0.0444 0.2664
vn -0.2574 -0.0023 0.9663
vn -0.7040 -0.0062 0.7101
vn -0.7041 -0.0062 0.7101
vn -0.9640 -0.0085 0.2658
vn -0.9640 -0.0085 0.2656
vn -0.2571 -0.0113 0.9663
vn -0.2572 -0.0113 0.9663
vn -0.7031 -0.0309 0.7104
vn -0.7034 -0.0309 0.7102
vn -0.9511 -0.0418 0.3059
vn -0.9636 -0.0270 0.2658
vn -0.2561 -0.0231 0.9664
vn -0.2563 -0.0231 0.9663
vn -0.7004 -0.0633 0.7109
vn -0.7010 -0.0633 0.7103
vn -0.9596 -0.0867 0.2676
vn -0.9600 -0.0867 0.2664
vn -0.0619 -0.8939 0.4441
vn -0.0677 -0.9779 0.1977
vn -0.0420 -0.6064 0.7941
vn -0.0547 -0.7904 0.6102
vn -0.0305 -0.4405 0.8972
vn -0.0135 -0.1942 0.9809
vn -0.0677 -0.9779 0.1978
vn -0.0192 -0.9801 0.1977
vn -0.0192 -0.9801 0.1976
vn 0.0504 -0.9790 0.1977
vn 0.0555 -0.9098 0.4113
vn 0.0950 -0.9758 0.1968
vn 0.1167 -0.9735 0.1968
vn 0.1167 -0.9736 0.1964
vn 0.1745 -0.9649 0.1962
vn 0.1745 -0.9653 0.1943
vn -0.0544 -0.8286 0.5572
vn -0.0163 -0.8304 0.5570
vn -0.0163 -0.8304 0.5569
vn 0.0506 -0.8291 0.5569
vn 0.0506 -0.8295 0.5562
vn 0.0989 -0.8249 0.5566
vn 0.0989 -0.8250 0.5563
vn 0.1479 -0.8179 0.5560
vn 0.1480 -0.8188 0.5547
vn -0.0354 -0.5534 0.8321
vn -0.0109 -0.5547 0.8320
vn 0.0338 -0.5539 0.8319
vn 0.0338 -0.5544 0.8316
vn 0.0661 -0.5511 0.8319
vn 0.0661 -0.5512 0.8318
vn 0.0988 -0.5466 0.8315
vn 0.0989 -0.5474 0.8310
vn -0.0134 -0.1942 0.9809
vn -0.0038 -0.1947 0.9809
vn -0.0038 -0.1948 0.9808
vn 0.0119 -0.1945 0.9808
vn 0.0119 -0.1946 0.9808
vn 0.0232 -0.1934 0.9808
vn 0.0232 -0.1935 0.9808
vn 0.0347 -0.1920 0.9808
vn 0.0348 -0.1923 0.9807
vn -0.2546 -0.0343 0.9664
vn -0.2548 -0.0343 0.9664
vn -0.6965 -0.0939 0.7114
vn -0.6969 -0.0940 0.7110
vn -0.9546 -0.1288 0.2686
vn -0.9549 -0.1287 0.2677
vn -0.2531 -0.0427 0.9665
vn -0.2533 -0.0427 0.9664
vn -0.6926 -0.1169 0.7118
vn -0.6930 -0.1169 0.7114
vn -0.9495 -0.1603 0.2696
vn -0.9498 -0.1602 0.2686
vn -0.2473 -0.6602 0.7092
vn -0.0905 -0.2415 0.9662
vn -0.2476 -0.6608 0.7085
vn -0.1904 -0.6798 0.7083
vn -0.1906 -0.6802 0.7078
vn -0.1283 -0.6947 0.7078
vn -0.1283 -0.6947 0.7077
vn -0.1087 -0.9742 0.1976
vn -0.1093 -0.9592 0.2608
vn -0.1753 -0.9494 0.2607
vn -0.1753 -0.9493 0.2609
vn -0.2605 -0.9296 0.2609
vn -0.2603 -0.9293 0.2621
vn -0.3386 -0.9036 0.2623
vn -0.3383 -0.9032 0.2640
vn -0.0993 -0.8904 0.4441
vn -0.0878 -0.7875 0.6100
vn -0.0814 -0.7016 0.7079
vn -0.0674 -0.6042 0.7940
vn -0.0489 -0.4389 0.8972
vn -0.0906 -0.2418 0.9661
vn -0.0697 -0.2488 0.9660
vn -0.0698 -0.2490 0.9660
vn -0.0470 -0.2543 0.9660
vn -0.0469 -0.2542 0.9660
vn -0.0310 -0.2565 0.9660
vn -0.0216 -0.1936 0.9809
vn -0.9448 -0.1863 0.2696
vn -0.6865 -0.1492 0.7117
vn -0.2473 -0.0730 0.9662
vn -0.2554 -0.0709 0.9642
vn -0.2293 -0.1994 0.9527
vn -0.2624 -0.2009 0.9438
vn -0.2284 -0.3601 0.9045
vn -0.2495 -0.3591 0.8993
vn -0.2132 -0.5077 0.8347
vn -0.2475 -0.5071 0.8256
vn -0.2147 -0.6360 0.7413
vn -0.2328 -0.6338 0.7377
vn -0.2001 -0.7458 0.6354
vn -0.2297 -0.7428 0.6288
vn -0.2036 -0.8347 0.5117
vn -0.2170 -0.8322 0.5102
vn -0.9452 -0.1858 0.2685
vn -0.9350 -0.2347 0.2658
vn -0.9358 -0.2342 0.2635
vn -0.9231 -0.2943 0.2475
vn -0.9228 -0.2946 0.2482
vn -0.9094 -0.3497 0.2253
vn -0.9075 -0.3520 0.2294
vn -0.8960 -0.3973 0.1985
vn -0.8940 -0.4002 0.2015
vn -0.8832 -0.4378 0.1684
vn -0.8784 -0.4449 0.1748
vn -0.8703 -0.4729 0.1376
vn -0.8673 -0.4776 0.1401
vn -0.8607 -0.4982 0.1048
vn -0.8554 -0.5066 0.1083
vn -0.8517 -0.5191 0.0712
vn -0.8495 -0.5226 0.0717
vn -0.8473 -0.5298 0.0367
vn -0.8458 -0.5322 0.0367
vn -0.6900 -0.1478 0.7086
vn -0.6681 -0.2493 0.7011
vn -0.6815 -0.2480 0.6885
vn -0.6556 -0.3727 0.6567
vn -0.6635 -0.3704 0.6501
vn -0.6347 -0.4856 0.6011
vn -0.6463 -0.4817 0.5918
vn -0.6222 -0.5791 0.5268
vn -0.6276 -0.5763 0.5234
vn -0.6028 -0.6599 0.4485
vn -0.6106 -0.6558 0.4439
vn -0.5923 -0.7216 0.3584
vn -0.5954 -0.7197 0.3573
vn -0.5782 -0.7706 0.2680
vn -0.5818 -0.7683 0.2669
vn -0.5726 -0.8020 0.1701
vn -0.5736 -0.8013 0.1700
vn -0.5670 -0.8205 0.0726
vn -0.5671 -0.8205 0.0726
vn -0.1992 -0.8888 0.4127
vn -0.4059 -0.8524 0.3296
vn -0.2067 -0.9238 0.3222
vn -0.1980 -0.9503 0.2404
vn -0.2044 -0.9489 0.2406
vn -0.1952 -0.9760 0.0965
vn -0.1981 -0.9754 0.0966
vn -0.8420 -0.4668 0.2706
vn -0.6139 -0.3403 0.7122
vn -0.2243 -0.1243 0.9666
vn -0.8419 -0.4668 0.2708
vn -0.8003 -0.5353 0.2701
vn -0.8002 -0.5352 0.2705
vn -0.7478 -0.6060 0.2711
vn -0.7479 -0.6060 0.2711
vn -0.7280 -0.6296 0.2711
vn -0.6519 -0.6390 0.4083
vn -0.6767 -0.6852 0.2696
vn -0.5748 -0.7727 0.2693
vn -0.5753 -0.7731 0.2672
vn -0.4964 -0.8258 0.2678
vn -0.4967 -0.8259 0.2668
vn -0.4215 -0.8668 0.2664
vn -0.4220 -0.8674 0.2636
vn -0.6138 -0.3403 0.7123
vn -0.5842 -0.3907 0.7114
vn -0.5841 -0.3906 0.7115
vn -0.5452 -0.4418 0.7125
vn -0.5018 -0.4919 0.7114
vn -0.5023 -0.4923 0.7109
vn -0.4197 -0.5642 0.7110
vn -0.4203 -0.5649 0.7101
vn -0.3623 -0.6027 0.7109
vn -0.3626 -0.6030 0.7105
vn -0.3080 -0.6334 0.7099
vn -0.3086 -0.6343 0.7088
vn -0.2242 -0.1243 0.9666
vn -0.2136 -0.1429 0.9664
vn -0.1991 -0.1614 0.9666
vn -0.1992 -0.1614 0.9666
vn -0.1836 -0.1800 0.9664
vn -0.1837 -0.1801 0.9663
vn -0.1535 -0.2064 0.9663
vn -0.1538 -0.2067 0.9662
vn -0.1324 -0.2203 0.9664
vn -0.1326 -0.2205 0.9663
vn -0.1127 -0.2317 0.9662
vn -0.1129 -0.2322 0.9661
vn -0.8483 -0.5293 0.0122
vn -0.8500 -0.5266 0.0123
vn -0.5710 -0.8209 0.0082
vn -0.5726 -0.8198 0.0083
vn -0.2012 -0.9795 0.0029
vn -0.2018 -0.9794 0.0029
vn -0.8464 -0.5323 0.0134
vn -0.8483 -0.5293 0.0136
vn -0.5693 -0.8221 0.0090
vn -0.5710 -0.8209 0.0091
vn -0.2005 -0.9797 0.0032
vn -0.2012 -0.9795 0.0032
vn -0.2344 -0.1045 0.9665
vn -0.6413 -0.2860 0.7120
vn -0.6415 -0.2860 0.7118
vn -0.8794 -0.3921 0.2701
vn -0.8795 -0.3921 0.2696
vn -0.2290 -0.1156 0.9665
vn -0.2291 -0.1156 0.9665
vn -0.6267 -0.3164 0.7121
vn -0.6269 -0.3164 0.7120
vn -0.8594 -0.4339 0.2705
vn -0.8595 -0.4339 0.2701
vn -0.1875 -0.9728 0.1356
vn -0.1980 -0.9701 0.1401
vn -0.5629 -0.8206 0.0982
vn -0.5688 -0.8163 0.1005
vn -0.8472 -0.5295 0.0434
vn -0.8491 -0.5263 0.0443
vn -0.1726 -0.8988 0.4030
vn -0.2146 -0.8865 0.4099
vn -0.5576 -0.7804 0.2829
vn -0.5810 -0.7632 0.2828
vn -0.8464 -0.5212 0.1094
vn -0.8536 -0.5096 0.1078
vn -0.1771 -0.7698 0.6132
vn -0.2277 -0.7516 0.6191
vn -0.5678 -0.7014 0.4308
vn -0.5954 -0.6806 0.4269
vn -0.8512 -0.4990 0.1627
vn -0.8592 -0.4864 0.1586
vn -0.1552 -0.5668 0.8091
vn -0.2535 -0.5541 0.7929
vn -0.5663 -0.5823 0.5832
vn -0.6182 -0.5584 0.5532
vn -0.8550 -0.4689 0.2214
vn -0.8682 -0.4526 0.2034
vn -0.1629 -0.2640 0.9507
vn -0.2765 -0.2612 0.9248
vn -0.5928 -0.3874 0.7061
vn -0.6495 -0.3744 0.6618
vn -0.8701 -0.4126 0.2694
vn -0.8816 -0.4028 0.2461
vn -0.1736 -0.9848 -0.0000
vn -0.1736 -0.0000 0.9848
vn -0.1737 -0.0000 0.9848
vn -0.1736 0.9848 -0.0000
vn -0.1736 -0.0000 -0.9848
vn -0.1737 -0.0000 -0.9848
vn -0.2405 0.2490 -0.9382
vn -0.2282 0.2188 -0.9487
vn -0.1873 0.0834 -0.9788
vn -0.2608 0.6619 -0.7027
vn -0.2370 0.5341 -0.8115
vn -0.2261 0.3847 -0.8949
vn -0.2109 0.9446 -0.2514
vn -0.2725 0.9556 -0.1124
vn -0.2413 0.9302 -0.2766
vn -0.2281 0.8836 -0.4088
vn -0.2413 0.6862 -0.6862
vn -0.3429 0.7910 -0.5067
vn -0.3118 0.7556 -0.5761
vn -0.1910 0.9757 0.1073
vn -0.2461 0.9368 0.2485
vn -0.2416 0.9321 0.2699
vn -0.2644 0.6746 0.6892
vn -0.3141 0.7624 0.5657
vn -0.2520 0.6843 0.6843
vn -0.2353 0.8315 0.5032
vn -0.2278 0.8857 0.4047
vn -0.1911 0.1084 0.9756
vn -0.2420 0.2584 0.9352
vn -0.2380 0.2492 0.9387
vn -0.2259 0.4197 0.8791
vn -0.2406 0.5568 0.7950
vn -0.2396 -0.2491 0.9384
vn -0.2258 -0.2140 0.9504
vn -0.1868 -0.0805 0.9791
vn -0.2593 -0.6595 0.7055
vn -0.2365 -0.5303 0.8142
vn -0.2262 -0.3793 0.8972
vn -0.2109 -0.9446 0.2514
vn -0.2701 -0.9559 0.1149
vn -0.2403 -0.9300 0.2783
vn -0.2282 -0.8832 0.4097
vn -0.2413 -0.6862 0.6862
vn -0.3387 -0.7910 0.5096
vn -0.3082 -0.7544 0.5796
vn -0.1912 -0.1087 -0.9755
vn -0.2434 -0.2592 -0.9346
vn -0.2389 -0.2491 -0.9385
vn -0.2276 -0.4033 -0.8863
vn -0.2351 -0.5008 -0.8330
vn -0.2411 -0.5595 -0.7930
vn -0.2351 -0.8332 -0.5004
vn -0.2508 -0.6845 -0.6845
vn -0.3188 -0.7648 -0.5598
vn -0.2662 -0.6773 -0.6859
vn -0.1904 -0.9762 -0.1036
vn -0.2466 -0.9367 -0.2485
vn -0.2435 -0.9337 -0.2625
vn -0.2275 -0.8870 -0.4018
vn -0.3961 -0.0000 0.9182
vn -0.7660 -0.0000 0.6428
vn -0.9730 -0.0000 0.2306
vn -0.7750 -0.4469 0.4469
vn -0.9712 -0.0613 0.2302
vn -0.4300 -0.2277 0.8737
vn -0.3844 -0.2409 0.8912
vn -0.9735 -0.0571 0.2212
vn -0.9737 -0.1612 0.1612
vn -0.4306 -0.6382 0.6382
vn -0.7744 -0.1597 0.6122
vn -0.7548 -0.1704 0.6334
vn -0.3851 -0.8928 0.2338
vn -0.4307 -0.8714 0.2349
vn -0.7554 -0.6339 0.1659
vn -0.7750 -0.6102 0.1641
vn -0.9713 -0.2302 0.0596
vn -0.9736 -0.2204 0.0586
vn -0.7750 0.4469 0.4469
vn -0.9712 0.2302 0.0613
vn -0.4299 0.8737 0.2277
vn -0.3844 0.8912 0.2409
vn -0.9735 0.2212 0.0572
vn -0.9737 0.1612 0.1612
vn -0.4306 0.6382 0.6382
vn -0.7744 0.6122 0.1597
vn -0.7548 0.6334 0.1704
vn -0.3851 0.2338 0.8928
vn -0.4307 0.2349 0.8714
vn -0.7554 0.1659 0.6339
vn -0.7750 0.1641 0.6102
vn -0.9713 0.0596 0.2302
vn -0.9736 0.0586 0.2204
vn -0.3961 -0.9182 -0.0000
vn -0.7660 -0.6428 -0.0000
vn -0.9730 -0.2306 -0.0000
vn -0.9730 0.2306 -0.0000
vn -0.7660 0.6428 -0.0000
vn -0.3961 0.9182 -0.0000
vn -0.7750 -0.4469 -0.4469
vn -0.9712 -0.2302 -0.0613
vn -0.4299 -0.8737 -0.2277
vn -0.3844 -0.8912 -0.2409
vn -0.9735 -0.2212 -0.0572
vn -0.9737 -0.1612 -0.1612
vn -0.4306 -0.6382 -0.6382
vn -0.7744 -0.6122 -0.1597
vn -0.7548 -0.6334 -0.1704
vn -0.3851 -0.2338 -0.8928
vn -0.4307 -0.2349 -0.8714
vn -0.7554 -0.1659 -0.6339
vn -0.7750 -0.1641 -0.6102
vn -0.9713 -0.0596 -0.2302
vn -0.9736 -0.0586 -0.2204
vn -0.7750 0.4469 -0.4469
vn -0.9712 0.0613 -0.2302
vn -0.4299 0.2277 -0.8737
vn -0.3844 0.2409 -0.8912
vn -0.9735 0.0571 -0.2212
vn -0.9737 0.1612 -0.1612
vn -0.4306 0.6382 -0.6382
vn -0.7744 0.1597 -0.6122
vn -0.7548 0.1704 -0.6334
vn -0.3851 0.8928 -0.2338
vn -0.4307 0.8714 -0.2349
vn -0.7554 0.6339 -0.1659
vn -0.7750 0.6102 -0.1641
vn -0.9713 0.2302 -0.0596
vn -0.9736 0.2204 -0.0586
vn -0.9730 -0.0000 -0.2306
vn -0.7660 -0.0000 -0.6428
vn -0.3961 -0.0000 -0.9182
vn -0.9738 0.0427 -0.2234
vn -0.3973 0.0020 -0.9177
vn -0.7686 0.0056 -0.6397
vn -0.7685 0.0056 -0.6398
vn -0.9745 0.0080 -0.2241
vn -0.9745 0.0080 -0.2243
vn -0.3973 0.0102 -0.9176
vn -0.3971 0.0102 -0.9177
vn -0.7684 0.0283 -0.6394
vn -0.7680 0.0284 -0.6398
vn -0.9690 0.0400 -0.2437
vn -0.9742 0.0259 -0.2242
vn -0.3970 0.0210 -0.9176
vn -0.3966 0.0210 -0.9178
vn -0.7672 0.0585 -0.6388
vn -0.7664 0.0586 -0.6397
vn -0.9715 0.0833 -0.2219
vn -0.9710 0.0835 -0.2238
vn -0.9702 -0.0964 -0.2223
vn -0.7662 -0.0677 -0.6390
vn -0.3966 -0.0243 -0.9177
vn -0.9700 -0.0961 -0.2234
vn -0.9733 -0.0558 -0.2227
vn -0.9730 -0.0557 -0.2242
vn -0.9744 -0.0187 -0.2240
vn -0.9743 -0.0187 -0.2243
vn -0.9745 -0.0027 -0.2243
vn -0.7658 -0.0675 -0.6395
vn -0.7682 -0.0392 -0.6390
vn -0.7676 -0.0391 -0.6397
vn -0.7686 -0.0131 -0.6396
vn -0.7684 -0.0131 -0.6398
vn -0.7685 -0.0019 -0.6398
vn -0.3964 -0.0243 -0.9178
vn -0.3973 -0.0141 -0.9176
vn -0.3970 -0.0140 -0.9177
vn -0.3973 -0.0047 -0.9177
vn -0.3972 -0.0047 -0.9177
vn -0.3973 -0.0007 -0.9177
vn -0.3960 0.0317 -0.9177
vn -0.3957 0.0317 -0.9178
vn -0.7644 0.0882 -0.6387
vn -0.7638 0.0883 -0.6394
vn -0.9619 0.1593 -0.2222
vn -0.9671 0.1255 -0.2213
vn -0.9667 0.1257 -0.2229
vn -0.3951 0.0402 -0.9178
vn -0.3947 0.0402 -0.9179
vn -0.6829 0.0957 -0.7242
vn -0.7624 0.1016 -0.6391
vn -0.8297 0.1266 -0.5436
vn -0.9624 0.1591 -0.2202
vn -0.3947 -0.0402 -0.9179
vn -0.9623 -0.1595 -0.2202
vn -0.9620 -0.1590 -0.2222
vn -0.8297 -0.1266 -0.5436
vn -0.7624 -0.1016 -0.6391
vn -0.6829 -0.0957 -0.7242
vn -0.3951 -0.0403 -0.9178
vn -0.3957 -0.0317 -0.9178
vn -0.3960 -0.0318 -0.9177
vn -0.7638 -0.0881 -0.6394
vn -0.7644 -0.0884 -0.6387
vn -0.9667 -0.1255 -0.2229
vn -0.9671 -0.1258 -0.2213
vn -0.7273 -0.6808 -0.0872
vn -0.9465 -0.3184 -0.0525
vn -0.9946 0.1035 -0.0086
vn -0.3998 -0.8778 -0.2639
vn -0.4068 -0.9084 -0.0967
vn -0.3783 -0.9195 -0.1067
vn -0.3763 -0.8345 -0.4025
vn -0.4019 -0.8193 -0.4089
vn -0.4172 -0.8728 -0.2533
vn -0.4233 -0.7586 -0.4954
vn -0.4132 -0.7232 -0.5535
vn -0.4299 -0.7210 -0.5434
vn -0.4015 -0.6210 -0.6732
vn -0.4326 -0.6126 -0.6615
vn -0.4035 -0.4945 -0.7699
vn -0.4173 -0.4949 -0.7622
vn -0.4029 -0.4354 -0.8050
vn -0.3375 -0.3881 -0.8576
vn -0.4018 -0.3395 -0.8504
vn -0.3748 -0.2169 -0.9014
vn -0.3832 -0.2184 -0.8975
vn -0.3497 -0.0688 -0.9343
vn -0.4135 -0.0695 -0.9079
vn -0.7419 -0.6658 -0.0794
vn -0.7367 -0.6385 -0.2227
vn -0.7450 -0.6315 -0.2147
vn -0.7302 -0.5842 -0.3543
vn -0.7457 -0.5708 -0.3437
vn -0.7288 -0.5032 -0.4643
vn -0.7364 -0.4995 -0.4563
vn -0.7127 -0.4197 -0.5621
vn -0.7265 -0.4110 -0.5507
vn -0.7039 -0.3162 -0.6360
vn -0.7101 -0.3152 -0.6296
vn -0.6832 -0.2136 -0.6983
vn -0.6933 -0.2103 -0.6893
vn -0.6696 -0.0977 -0.7363
vn -0.6734 -0.0982 -0.7327
vn -0.6446 0.0262 -0.7641
vn -0.6932 0.0317 -0.7200
vn -0.9503 -0.3076 -0.0480
vn -0.9467 -0.2885 -0.1436
vn -0.9485 -0.2843 -0.1396
vn -0.9391 -0.2544 -0.2312
vn -0.9419 -0.2480 -0.2264
vn -0.9309 -0.2041 -0.3028
vn -0.9322 -0.2025 -0.3000
vn -0.9178 -0.1539 -0.3660
vn -0.9199 -0.1510 -0.3620
vn -0.9059 -0.0931 -0.4130
vn -0.9069 -0.0926 -0.4111
vn -0.8912 -0.0329 -0.4524
vn -0.8927 -0.0319 -0.4495
vn -0.8785 0.0344 -0.4764
vn -0.8792 0.0343 -0.4752
vn -0.8640 0.1015 -0.4932
vn -0.8339 0.1019 -0.5424
vn -0.9944 0.1055 -0.0078
vn -0.9929 0.1121 -0.0399
vn -0.9930 0.1111 -0.0408
vn -0.9904 0.1201 -0.0689
vn -0.9907 0.1151 -0.0729
vn -0.9874 0.1274 -0.0941
vn -0.9873 0.1252 -0.0981
vn -0.9841 0.1365 -0.1136
vn -0.9839 0.1313 -0.1214
vn -0.9808 0.1435 -0.1321
vn -0.9803 0.1427 -0.1364
vn -0.9777 0.1531 -0.1437
vn -0.9770 0.1511 -0.1505
vn -0.9745 0.1623 -0.1550
vn -0.9740 0.1626 -0.1575
vn -0.9755 0.1553 -0.1555
vn -0.9617 0.1629 -0.2203
vn -0.4073 0.0293 -0.9128
vn -0.6874 -0.0701 -0.7229
vn -0.8341 -0.1007 -0.5424
vn -0.9643 -0.1479 -0.2197
vn -0.3551 0.0721 -0.9320
vn -0.3764 0.1737 -0.9100
vn -0.3698 0.1798 -0.9115
vn -0.4002 0.3219 -0.8580
vn -0.3818 0.3349 -0.8614
vn -0.4142 0.4633 -0.7834
vn -0.4020 0.4757 -0.7824
vn -0.4300 0.5896 -0.6837
vn -0.4026 0.6099 -0.6825
vn -0.4289 0.7032 -0.5671
vn -0.4141 0.7169 -0.5608
vn -0.4245 0.7537 -0.5017
vn -0.3637 0.8291 -0.4246
vn -0.4045 0.8183 -0.4083
vn -0.4178 0.8651 -0.2775
vn -0.4016 0.8758 -0.2678
vn -0.4085 0.9056 -0.1137
vn -0.3784 0.9198 -0.1038
vn -0.6460 -0.0350 -0.7626
vn -0.6674 0.0644 -0.7419
vn -0.6645 0.0680 -0.7442
vn -0.6881 0.1808 -0.7028
vn -0.6800 0.1892 -0.7084
vn -0.7064 0.2916 -0.6449
vn -0.7013 0.2998 -0.6468
vn -0.7238 0.3938 -0.5667
vn -0.7120 0.4089 -0.5708
vn -0.7346 0.4860 -0.4734
vn -0.7284 0.4965 -0.4722
vn -0.7447 0.5616 -0.3606
vn -0.7307 0.5800 -0.3601
vn -0.7449 0.6252 -0.2330
vn -0.7374 0.6358 -0.2282
vn -0.7426 0.6633 -0.0923
vn -0.7273 0.6808 -0.0866
vn -0.8596 -0.1241 -0.4956
vn -0.8752 -0.0533 -0.4807
vn -0.8748 -0.0524 -0.4816
vn -0.8892 0.0156 -0.4573
vn -0.8881 0.0178 -0.4594
vn -0.9040 0.0801 -0.4199
vn -0.9034 0.0822 -0.4209
vn -0.9178 0.1419 -0.3708
vn -0.9162 0.1464 -0.3729
vn -0.9306 0.1955 -0.3095
vn -0.9298 0.1991 -0.3097
vn -0.9409 0.2431 -0.2358
vn -0.9386 0.2510 -0.2367
vn -0.9480 0.2807 -0.1503
vn -0.9465 0.2863 -0.1488
vn -0.9503 0.3062 -0.0556
vn -0.9465 0.3184 -0.0532
vn -0.9711 -0.1755 -0.1615
vn -0.9734 -0.1646 -0.1591
vn -0.9735 -0.1661 -0.1572
vn -0.9765 -0.1523 -0.1524
vn -0.9766 -0.1565 -0.1473
vn -0.9800 -0.1427 -0.1384
vn -0.9798 -0.1468 -0.1359
vn -0.9838 -0.1310 -0.1227
vn -0.9832 -0.1390 -0.1179
vn -0.9872 -0.1248 -0.0994
vn -0.9867 -0.1295 -0.0986
vn -0.9906 -0.1149 -0.0742
vn -0.9899 -0.1214 -0.0729
vn -0.9929 -0.1113 -0.0430
vn -0.9927 -0.1129 -0.0433
vn -0.9944 -0.1056 -0.0099
vn -0.9946 -0.1035 -0.0095
vn -0.3788 -0.9255 0.0030
vn -0.3791 -0.9254 0.0030
vn -0.7288 -0.6847 0.0084
vn -0.7293 -0.6842 0.0085
vn -0.9472 -0.3204 0.0123
vn -0.9476 -0.3192 0.0124
vn -0.9947 0.1017 0.0139
vn -0.9945 0.1034 0.0142
vn -0.3786 -0.9255 0.0028
vn -0.3788 -0.9255 0.0029
vn -0.7283 -0.6852 0.0079
vn -0.7288 -0.6847 0.0080
vn -0.9468 -0.3215 0.0116
vn -0.9472 -0.3204 0.0118
vn -0.9949 0.1001 0.0132
vn -0.9947 0.1017 0.0134
vn -0.3788 0.9255 0.0028
vn -0.3786 0.9255 0.0029
vn -0.7288 0.6847 0.0079
vn -0.7283 0.6852 0.0080
vn -0.9472 0.3204 0.0116
vn -0.9468 0.3215 0.0118
vn -0.9947 -0.1017 0.0132
vn -0.9949 -0.1001 0.0134
vn -0.3791 0.9254 0.0030
vn -0.3788 0.9255 0.0030
vn -0.7293 0.6842 0.0084
vn -0.7288 0.6847 0.0085
vn -0.9476 0.3192 0.0123
vn -0.9472 0.3204 0.0124
vn -0.9945 -0.1035 0.0139
vn -0.9947 -0.1017 0.0142
vn -0.5520 0.0079 0.8338
vn -0.3511 -0.0423 0.9354
vn -0.8277 0.0949 0.5531
vn -0.6841 0.0457 0.7279
vn -0.9067 0.1280 0.4018
vn -0.9692 0.1665 0.1818
vn -0.3467 -0.0452 0.9369
vn -0.3727 -0.1702 0.9122
vn -0.3664 -0.1759 0.9137
vn -0.3965 -0.3179 0.8612
vn -0.3779 -0.3309 0.8647
vn -0.4110 -0.4596 0.7873
vn -0.3980 -0.4725 0.7863
vn -0.4273 -0.5862 0.6883
vn -0.3983 -0.6079 0.6869
vn -0.4266 -0.7001 0.5726
vn -0.4103 -0.7153 0.5657
vn -0.4221 -0.7521 0.5062
vn -0.3599 -0.8288 0.4284
vn -0.4005 -0.8177 0.4134
vn -0.4168 -0.8634 0.2843
vn -0.3987 -0.8755 0.2729
vn -0.4094 -0.9043 0.1208
vn -0.3752 -0.9206 0.1084
vn -0.6367 0.0455 0.7698
vn -0.6604 -0.0650 0.7481
vn -0.6574 -0.0685 0.7504
vn -0.6806 -0.1803 0.7101
vn -0.6721 -0.1889 0.7160
vn -0.6989 -0.2907 0.6535
vn -0.6931 -0.2995 0.6557
vn -0.7165 -0.3924 0.5768
vn -0.7037 -0.4088 0.5811
vn -0.7278 -0.4844 0.4855
vn -0.7208 -0.4961 0.4841
vn -0.7393 -0.5597 0.3744
vn -0.7238 -0.5803 0.3734
vn -0.7407 -0.6241 0.2486
vn -0.7323 -0.6361 0.2431
vn -0.7410 -0.6626 0.1089
vn -0.7239 -0.6824 0.1021
vn -0.8535 0.1178 0.5075
vn -0.8684 0.0485 0.4935
vn -0.8678 0.0473 0.4946
vn -0.8819 -0.0195 0.4711
vn -0.8804 -0.0222 0.4737
vn -0.8964 -0.0836 0.4353
vn -0.8956 -0.0863 0.4365
vn -0.9104 -0.1446 0.3877
vn -0.9084 -0.1500 0.3902
vn -0.9236 -0.1978 0.3285
vn -0.9226 -0.2019 0.3288
vn -0.9350 -0.2447 0.2566
vn -0.9324 -0.2536 0.2576
vn -0.9436 -0.2823 0.1731
vn -0.9420 -0.2886 0.1714
vn -0.9482 -0.3077 0.0795
vn -0.9440 -0.3210 0.0767
vn -0.9692 0.1668 0.1811
vn -0.9714 0.1563 0.1789
vn -0.9714 0.1574 0.1775
vn -0.9743 0.1444 0.1730
vn -0.9745 0.1478 0.1688
vn -0.9778 0.1348 0.1605
vn -0.9776 0.1386 0.1582
vn -0.9815 0.1238 0.1459
vn -0.9812 0.1314 0.1414
vn -0.9852 0.1181 0.1240
vn -0.9847 0.1229 0.1232
vn -0.9890 0.1090 0.0999
vn -0.9884 0.1159 0.0985
vn -0.9919 0.1062 0.0697
vn -0.9916 0.1083 0.0701
vn -0.9942 0.1012 0.0370
vn -0.9943 0.1000 0.0368
vn -0.9081 -0.1192 0.4014
vn -0.6868 -0.0266 0.7264
vn -0.7235 0.6821 0.1066
vn -0.9438 0.3209 0.0785
vn -0.9943 -0.1000 0.0365
vn -0.3972 0.8753 0.2758
vn -0.4089 0.9064 0.1059
vn -0.3747 0.9198 0.1162
vn -0.3650 0.8364 0.4089
vn -0.3979 0.8167 0.4179
vn -0.4169 0.8696 0.2645
vn -0.4211 0.7555 0.5019
vn -0.4095 0.7194 0.5611
vn -0.4275 0.7170 0.5506
vn -0.3968 0.6183 0.6784
vn -0.4301 0.6090 0.6665
vn -0.3998 0.4921 0.7733
vn -0.4141 0.4925 0.7655
vn -0.3799 0.3633 0.8507
vn -0.4027 0.3598 0.8416
vn -0.3719 0.2170 0.9026
vn -0.3801 0.2185 0.8988
vn -0.3474 0.0702 0.9351
vn -0.3554 0.0703 0.9321
vn -0.7408 0.6645 0.0984
vn -0.7317 0.6368 0.2431
vn -0.7411 0.6291 0.2345
vn -0.7229 0.5824 0.3717
vn -0.7404 0.5674 0.3605
vn -0.7212 0.5010 0.4784
vn -0.7295 0.4969 0.4700
vn -0.7042 0.4189 0.5732
vn -0.7194 0.4094 0.5612
vn -0.6960 0.3163 0.6446
vn -0.7026 0.3152 0.6379
vn -0.6755 0.2155 0.7052
vn -0.6862 0.2119 0.6959
vn -0.6628 0.1009 0.7420
vn -0.6668 0.1015 0.7383
vn -0.6411 -0.0125 0.7674
vn -0.5514 -0.0123 0.8342
vn -0.9483 0.3088 0.0737
vn -0.9420 0.2895 0.1696
vn -0.9441 0.2850 0.1655
vn -0.9326 0.2557 0.2547
vn -0.9359 0.2486 0.2494
vn -0.9236 0.2059 0.3234
vn -0.9251 0.2041 0.3202
vn -0.9099 0.1570 0.3839
vn -0.9125 0.1535 0.3792
vn -0.8982 0.0972 0.4287
vn -0.8994 0.0967 0.4263
vn -0.8837 0.0384 0.4665
vn -0.8856 0.0371 0.4629
vn -0.8717 -0.0279 0.4892
vn -0.8726 -0.0278 0.4877
vn -0.8578 -0.0942 0.5053
vn -0.8278 -0.0945 0.5531
vn -0.9942 -0.1012 0.0360
vn -0.9919 -0.1077 0.0676
vn -0.9919 -0.1064 0.0689
vn -0.9888 -0.1148 0.0953
vn -0.9890 -0.1095 0.0996
vn -0.9855 -0.1210 0.1193
vn -0.9852 -0.1188 0.1232
vn -0.9821 -0.1292 0.1373
vn -0.9816 -0.1241 0.1448
vn -0.9786 -0.1355 0.1546
vn -0.9781 -0.1347 0.1585
vn -0.9756 -0.1445 0.1654
vn -0.9748 -0.1428 0.1712
vn -0.9724 -0.1536 0.1755
vn -0.9721 -0.1537 0.1774
vn -0.9697 -0.1646 0.1803
vn -0.9695 -0.1646 0.1817
vn -0.9709 0.1561 0.1814
vn -0.9604 0.1446 0.2381
vn -0.9050 0.1386 0.4022
vn -0.8235 0.1206 0.5543
vn -0.7567 0.0960 0.6467
vn -0.6768 0.0911 0.7305
vn -0.5426 0.0656 0.8374
vn -0.3931 0.0303 0.9190
vn -0.3389 0.0288 0.9404
vn -0.3930 0.0306 0.9190
vn -0.7582 0.0854 0.6465
vn -0.7582 0.0855 0.6464
vn -0.9636 0.1222 0.2377
vn -0.9637 0.1223 0.2375
vn -0.9050 -0.1386 0.4022
vn -0.3930 -0.0306 0.9190
vn -0.9636 -0.1223 0.2377
vn -0.9709 -0.1561 0.1814
vn -0.9604 -0.1446 0.2381
vn -0.9637 -0.1223 0.2375
vn -0.7582 -0.0855 0.6465
vn -0.8235 -0.1206 0.5543
vn -0.7567 -0.0960 0.6467
vn -0.7582 -0.0855 0.6464
vn -0.3389 -0.0288 0.9404
vn -0.3931 -0.0303 0.9190
vn -0.5426 -0.0656 0.8375
vn -0.6768 -0.0911 0.7305
vn -0.9669 0.0937 0.2372
vn -0.7605 0.0655 0.6460
vn -0.3938 0.0235 0.9189
vn -0.9669 0.0937 0.2373
vn -0.9701 0.0535 0.2367
vn -0.9700 0.0535 0.2370
vn -0.9714 0.0182 0.2369
vn -0.9713 0.0182 0.2371
vn -0.9715 0.0029 0.2371
vn -0.9714 0.0028 0.2372
vn -0.7604 0.0655 0.6461
vn -0.7627 0.0374 0.6456
vn -0.7626 0.0374 0.6458
vn -0.7635 0.0127 0.6457
vn -0.7634 0.0127 0.6458
vn -0.7635 0.0020 0.6458
vn -0.7634 0.0020 0.6459
vn -0.3947 0.0134 0.9187
vn -0.3946 0.0134 0.9188
vn -0.3949 0.0046 0.9187
vn -0.3948 0.0046 0.9187
vn -0.3949 0.0007 0.9187
vn -0.3948 0.0007 0.9188
vn -0.9706 -0.0429 0.2368
vn -0.3949 -0.0022 0.9187
vn -0.3948 -0.0022 0.9188
vn -0.7636 -0.0061 0.6457
vn -0.7634 -0.0061 0.6459
vn -0.9715 -0.0087 0.2369
vn -0.9714 -0.0087 0.2372
vn -0.3948 -0.0103 0.9187
vn -0.3947 -0.0103 0.9188
vn -0.7631 -0.0288 0.6457
vn -0.7630 -0.0288 0.6458
vn -0.9668 -0.0410 0.2521
vn -0.9711 -0.0267 0.2370
vn -0.3941 -0.0207 0.9188
vn -0.7613 -0.0578 0.6458
vn -0.7612 -0.0578 0.6460
vn -0.9680 -0.0827 0.2369
vn -0.9679 -0.0827 0.2372
vn -0.9871 0.1603 -0.0000
vn -0.9659 0.2588 0.0044
vn -0.9330 0.3599 0.0015
vn -0.8778 0.4791 -0.0005
vn -0.7934 0.6088 0.0009
vn -0.7973 0.6036 0.0010
vn -0.6088 0.7934 -0.0019
vn -0.5960 0.8030 -0.0026
vn -0.0011 1.0000 -0.0000
vn -0.2588 0.9659 0.0001
vn -0.1003 0.9949 0.0078
vn -0.3052 0.9523 0.0021
vn -0.7921 0.6078 0.0567
vn -0.9636 0.2582 0.0689
vn -0.2588 0.9658 0.0185
vn -0.6082 0.7926 0.0435
vn -0.9440 0.2582 0.2054
vn -0.9052 0.2582 0.3376
vn -0.8479 0.2582 0.4630
vn -0.7734 0.2582 0.5790
vn -0.6831 0.2582 0.6831
vn -0.5790 0.2582 0.7734
vn -0.4630 0.2582 0.8479
vn -0.3376 0.2582 0.9052
vn -0.2054 0.2582 0.9440
vn -0.0689 0.2582 0.9636
vn 0.0689 0.2582 0.9636
vn 0.2054 0.2582 0.9440
vn 0.3376 0.2582 0.9052
vn 0.4630 0.2582 0.8479
vn 0.5790 0.2582 0.7734
vn 0.6831 0.2582 0.6831
vn 0.7734 0.2582 0.5790
vn 0.8479 0.2582 0.4630
vn 0.9052 0.2582 0.3376
vn 0.9440 0.2582 0.2054
vn 0.9636 0.2582 0.0689
vn -0.7050 0.7065 0.0610
vn -0.6918 0.7062 0.1505
vn -0.6634 0.7062 0.2474
vn -0.6214 0.7062 0.3393
vn -0.5668 0.7062 0.4243
vn -0.5006 0.7062 0.5006
vn -0.4243 0.7062 0.5668
vn -0.3393 0.7062 0.6214
vn -0.2474 0.7062 0.6634
vn -0.1505 0.7062 0.6918
vn -0.0505 0.7062 0.7062
vn 0.0505 0.7062 0.7062
vn 0.1505 0.7062 0.6918
vn 0.2474 0.7062 0.6634
vn 0.3393 0.7062 0.6214
vn 0.4243 0.7062 0.5668
vn 0.5006 0.7062 0.5006
vn 0.5668 0.7062 0.4243
vn 0.6214 0.7062 0.3393
vn 0.6634 0.7062 0.2474
vn 0.6918 0.7062 0.1505
vn 0.7062 0.7062 0.0505
vn -0.2535 0.9658 0.0551
vn -0.2431 0.9658 0.0907
vn -0.2277 0.9658 0.1243
vn -0.2077 0.9658 0.1555
vn -0.1834 0.9658 0.1834
vn -0.1555 0.9658 0.2077
vn -0.1243 0.9658 0.2277
vn -0.0907 0.9658 0.2431
vn -0.0551 0.9658 0.2535
vn -0.0185 0.9658 0.2588
vn 0.0185 0.9658 0.2588
vn 0.0551 0.9658 0.2535
vn 0.0907 0.9658 0.2431
vn 0.1243 0.9658 0.2277
vn 0.1555 0.9658 0.2077
vn 0.1834 0.9658 0.1834
vn 0.2077 0.9658 0.1555
vn 0.2277 0.9658 0.1243
vn 0.2431 0.9658 0.0907
vn 0.2535 0.9658 0.0551
vn 0.2588 0.9658 0.0185
vn 0.9659 0.2588 -0.0000
vn 0.7071 0.7071 -0.0000
vn 0.2588 0.9659 -0.0000
vn 0.0692 0.2582 0.9636
vn 0.1890 0.1890 0.9636
vn 0.2582 0.0692 0.9636
vn 0.1862 0.6947 0.6947
vn 0.1862 0.6947 0.6948
vn 0.5086 0.5086 0.6948
vn 0.6947 0.1862 0.6948
vn 0.6947 0.1862 0.6947
vn 0.2506 0.9351 0.2506
vn 0.6846 0.6846 0.2506
vn 0.6846 0.6845 0.2506
vn 0.9351 0.2506 0.2506
vn 0.2588 -0.0000 0.9659
vn 0.9659 -0.0000 0.2588
vn 0.2582 -0.0692 0.9636
vn 0.1890 -0.1890 0.9636
vn 0.0692 -0.2582 0.9636
vn 0.1216 -0.7875 0.6043
vn 0.1610 -0.6008 0.7830
vn 0.6947 -0.1862 0.6948
vn 0.5086 -0.5086 0.6948
vn 0.1862 -0.6947 0.6948
vn 0.9351 -0.2506 0.2506
vn 0.6846 -0.6845 0.2506
vn 0.2506 -0.9351 0.2506
vn 0.9659 -0.2588 -0.0000
vn 0.7071 -0.7071 -0.0000
vn 0.2588 -0.9659 -0.0000
vn 0.2588 -0.9658 0.0185
vn 0.7062 -0.7062 0.0505
vn 0.9636 -0.2582 0.0689
vn 0.9440 -0.2582 0.2054
vn 0.9052 -0.2582 0.3376
vn 0.8479 -0.2582 0.4630
vn 0.7734 -0.2582 0.5790
vn 0.6831 -0.2582 0.6831
vn 0.5790 -0.2582 0.7734
vn 0.4630 -0.2582 0.8479
vn 0.3376 -0.2582 0.9052
vn 0.2054 -0.2582 0.9440
vn 0.0689 -0.2582 0.9636
vn -0.0689 -0.2582 0.9636
vn -0.2054 -0.2582 0.9440
vn -0.3376 -0.2582 0.9052
vn -0.4630 -0.2582 0.8479
vn -0.5790 -0.2582 0.7734
vn -0.6831 -0.2582 0.6831
vn -0.7734 -0.2582 0.5790
vn -0.8479 -0.2582 0.4630
vn -0.9052 -0.2582 0.3376
vn -0.9440 -0.2582 0.2054
vn -0.9636 -0.2582 0.0689
vn -0.7921 -0.6078 0.0567
vn 0.6918 -0.7062 0.1505
vn 0.6634 -0.7062 0.2474
vn 0.6214 -0.7062 0.3393
vn 0.5668 -0.7062 0.4243
vn 0.5006 -0.7062 0.5006
vn 0.4243 -0.7062 0.5668
vn 0.3393 -0.7062 0.6214
vn 0.2474 -0.7062 0.6634
vn 0.1505 -0.7062 0.6918
vn 0.0505 -0.7062 0.7062
vn -0.0505 -0.7062 0.7062
vn -0.1505 -0.7062 0.6918
vn -0.2474 -0.7062 0.6634
vn -0.3393 -0.7062 0.6214
vn -0.4243 -0.7062 0.5668
vn -0.5006 -0.7062 0.5006
vn -0.5668 -0.7062 0.4243
vn -0.6214 -0.7062 0.3393
vn -0.6634 -0.7062 0.2474
vn -0.6918 -0.7062 0.1505
vn -0.7050 -0.7065 0.0610
vn -0.6082 -0.7926 0.0435
vn 0.2535 -0.9658 0.0551
vn 0.2431 -0.9658 0.0907
vn 0.2277 -0.9658 0.1243
vn 0.2077 -0.9658 0.1555
vn 0.1834 -0.9658 0.1834
vn 0.1555 -0.9658 0.2077
vn 0.1243 -0.9658 0.2277
vn 0.0907 -0.9658 0.2431
vn 0.0551 -0.9658 0.2535
vn 0.0185 -0.9658 0.2588
vn -0.0185 -0.9658 0.2588
vn -0.0551 -0.9658 0.2535
vn -0.0907 -0.9658 0.2431
vn -0.1243 -0.9658 0.2277
vn -0.1555 -0.9658 0.2077
vn -0.1834 -0.9658 0.1834
vn -0.2077 -0.9658 0.1555
vn -0.2277 -0.9658 0.1243
vn -0.2431 -0.9658 0.0907
vn -0.2535 -0.9658 0.0551
vn -0.2588 -0.9658 0.0185
vn -0.6734 -0.7393 0.0017
vn -0.4813 -0.8766 -0.0007
vn -0.2588 -0.9659 0.0027
vn -0.1941 -0.9810 -0.0000
vn -0.0011 -1.0000 -0.0000
vn -0.6088 -0.7934 -0.0019
vn -0.7934 -0.6088 0.0009
vn -0.8535 -0.5211 -0.0013
vn -0.9659 -0.2588 -0.0000
vn -0.9959 -0.0897 0.0135
vn -0.9630 -0.2695 0.0030
s 0
f 1//1 2//1 3//1
f 4//1 5//1 6//1
f 7//1 1//1 8//1
f 8//1 1//1 3//1
f 8//1 3//1 6//1
f 6//1 3//1 9//1
f 6//1 9//1 10//1
f 11//1 12//1 13//1
f 10//1 14//1 6//1
f 6//1 14//1 15//1
f 6//1 15//1 16//1
f 5//1 17//1 6//1
f 6//1 17//1 18//1
f 6//1 18//1 19//1
f 19//1 20//1 6//1
f 6//1 20//1 21//1
f 6//1 21//1 22//1
f 16//1 23//1 6//1
f 6//1 23//1 24//1
f 6//1 24//1 4//1
f 11//1 13//1 25//1
f 22//1 26//1 6//1
f 6//1 26//1 27//1
f 6//1 27//1 13//1
f 13//1 27//1 28//1
f 13//1 28//1 25//1
f 29//2 30//2 31//2
f 32//2 29//2 33//2
f 33//2 29//2 31//2
f 33//2 31//2 34//2
f 34//2 31//2 35//2
f 36//2 34//2 37//2
f 37//2 34//2 38//2
f 35//2 39//2 34//2
f 34//2 39//2 40//2
f 34//2 40//2 41//2
f 36//2 42//2 34//2
f 34//2 42//2 43//2
f 34//2 43//2 44//2
f 44//2 45//2 34//2
f 34//2 45//2 46//2
f 34//2 46//2 47//2
f 47//2 48//2 34//2
f 34//2 48//2 49//2
f 34//2 49//2 50//2
f 50//2 51//2 34//2
f 34//2 51//2 52//2
f 34//2 52//2 53//2
f 53//2 52//2 54//2
f 41//2 55//2 34//2
f 34//2 55//2 56//2
f 34//2 56//2 38//2
f 57//3 58//3 59//3
f 60//4 61//4 62//4
f 62//5 61//5 63//5
f 62//6 63//6 64//6
f 64//7 65//7 62//7
f 62//8 65//8 66//8
f 62//9 66//9 67//9
f 67//10 66//10 68//10
f 59//11 58//11 69//11
f 69//12 58//12 70//12
f 69//13 70//13 71//13
f 71//14 72//14 69//14
f 69//15 72//15 73//15
f 69//16 73//16 74//16
f 75//17 62//17 76//17
f 76//18 77//18 75//18
f 75//19 77//19 78//19
f 75//20 78//20 79//20
f 79//21 80//21 75//21
f 75//22 80//22 81//22
f 75//23 81//23 82//23
f 82//24 81//24 83//24
f 82//25 83//25 84//25
f 84//26 83//26 85//26
f 86//27 87//27 67//27
f 67//28 87//28 88//28
f 67//29 88//29 62//29
f 89//30 90//30 91//30
f 68//31 92//31 67//31
f 67//32 92//32 93//32
f 67//33 93//33 94//33
f 94//34 93//34 95//34
f 94//35 95//35 96//35
f 96//36 95//36 97//36
f 96//37 97//37 98//37
f 98//38 97//38 99//38
f 98//39 99//39 100//39
f 100//40 99//40 101//40
f 100//41 101//41 102//41
f 102//42 101//42 103//42
f 102//43 103//43 104//43
f 104//44 103//44 105//44
f 104//45 105//45 106//45
f 106//46 105//46 89//46
f 106//47 89//47 107//47
f 107//48 89//48 91//48
f 108//49 109//49 59//49
f 59//50 109//50 110//50
f 59//51 110//51 57//51
f 60//52 62//52 74//52
f 74//53 62//53 75//53
f 74//54 75//54 69//54
f 69//55 75//55 111//55
f 69//56 111//56 59//56
f 59//57 111//57 112//57
f 59//58 112//58 108//58
f 113//59 110//59 109//59
f 113//60 109//60 114//60
f 109//61 115//61 114//61
f 114//62 115//62 116//62
f 114//63 116//63 117//63
f 117//64 116//64 118//64
f 117//65 118//65 119//65
f 109//66 108//66 120//66
f 109//67 120//67 115//67
f 115//68 120//68 121//68
f 115//69 121//69 116//69
f 116//70 121//70 122//70
f 116//71 122//71 118//71
f 123//72 124//72 125//72
f 126//73 127//73 128//73
f 129//74 130//74 128//74
f 130//75 131//75 128//75
f 128//76 131//76 132//76
f 128//77 132//77 133//77
f 133//78 134//78 135//78
f 135//79 134//79 136//79
f 135//80 136//80 137//80
f 128//81 138//81 129//81
f 129//82 138//82 139//82
f 129//83 139//83 140//83
f 140//84 139//84 141//84
f 140//85 141//85 142//85
f 142//86 141//86 143//86
f 142//87 143//87 144//87
f 144//88 143//88 145//88
f 144//89 145//89 146//89
f 145//90 147//90 146//90
f 146//91 147//91 148//91
f 146//92 148//92 149//92
f 149//93 148//93 150//93
f 149//94 150//94 151//94
f 151//95 150//95 152//95
f 151//96 152//96 153//96
f 153//97 152//97 154//97
f 133//98 135//98 128//98
f 128//99 135//99 155//99
f 128//100 155//100 126//100
f 156//101 157//101 158//101
f 158//102 157//102 159//102
f 158//103 159//103 160//103
f 158//104 161//104 156//104
f 156//105 161//105 162//105
f 156//106 162//106 163//106
f 163//107 164//107 156//107
f 156//108 164//108 165//108
f 156//109 165//109 135//109
f 137//110 166//110 135//110
f 135//111 166//111 167//111
f 135//112 167//112 156//112
f 156//113 167//113 168//113
f 156//114 168//114 169//114
f 169//115 168//115 170//115
f 169//116 170//116 171//116
f 171//117 172//117 169//117
f 169//118 172//118 173//118
f 169//119 173//119 125//119
f 125//120 173//120 174//120
f 125//121 174//121 123//121
f 124//122 175//122 125//122
f 125//123 175//123 176//123
f 125//124 176//124 169//124
f 169//125 176//125 177//125
f 169//126 177//126 156//126
f 178//127 179//127 180//127
f 180//128 119//128 178//128
f 178//129 119//129 118//129
f 178//130 118//130 122//130
f 175//131 124//131 178//131
f 178//132 124//132 181//132
f 178//133 181//133 179//133
f 182//134 183//134 184//134
f 185//134 186//134 187//134
f 187//134 186//134 188//134
f 187//134 188//134 189//134
f 184//134 190//134 182//134
f 182//134 190//134 191//134
f 182//134 191//134 192//134
f 192//134 193//134 182//134
f 182//134 193//134 194//134
f 182//134 194//134 187//134
f 187//134 194//134 195//134
f 187//134 195//134 185//134
f 196//135 197//135 198//135
f 199//135 200//135 201//135
f 201//135 200//135 202//135
f 199//135 182//135 200//135
f 200//135 182//135 187//135
f 200//135 187//135 198//135
f 198//135 187//135 203//135
f 198//135 203//135 196//135
f 91//136 90//136 204//136
f 204//137 90//137 205//137
f 204//138 205//138 206//138
f 207//139 208//139 209//139
f 205//140 210//140 206//140
f 206//141 210//141 207//141
f 206//142 207//142 211//142
f 211//143 207//143 209//143
f 209//144 208//144 212//144
f 212//145 208//145 213//145
f 212//146 213//146 214//146
f 214//147 213//147 215//147
f 214//148 215//148 216//148
f 216//149 215//149 217//149
f 216//150 217//150 154//150
f 154//151 217//151 153//151
f 218//134 219//134 220//134
f 221//134 222//134 223//134
f 224//134 219//134 225//134
f 225//134 219//134 226//134
f 227//134 228//134 229//134
f 230//134 231//134 219//134
f 232//134 233//134 234//134
f 234//134 233//134 218//134
f 234//134 218//134 235//134
f 235//134 218//134 220//134
f 223//134 222//134 236//134
f 236//134 222//134 237//134
f 236//134 237//134 232//134
f 232//134 237//134 238//134
f 232//134 238//134 233//134
f 231//134 239//134 219//134
f 219//134 239//134 240//134
f 219//134 240//134 241//134
f 228//134 242//134 229//134
f 229//134 242//134 243//134
f 229//134 243//134 244//134
f 241//134 245//134 219//134
f 219//134 245//134 246//134
f 219//134 246//134 247//134
f 223//134 248//134 221//134
f 221//134 248//134 249//134
f 221//134 249//134 229//134
f 229//134 249//134 250//134
f 229//134 250//134 251//134
f 252//134 253//134 229//134
f 229//134 253//134 254//134
f 229//134 254//134 227//134
f 244//134 255//134 229//134
f 229//134 255//134 256//134
f 229//134 256//134 257//134
f 258//134 259//134 219//134
f 219//134 259//134 260//134
f 219//134 260//134 230//134
f 251//134 261//134 229//134
f 229//134 261//134 262//134
f 229//134 262//134 252//134
f 224//134 263//134 219//134
f 219//134 263//134 264//134
f 219//134 264//134 265//134
f 257//134 266//134 229//134
f 229//134 266//134 267//134
f 229//134 267//134 268//134
f 269//134 270//134 229//134
f 229//134 270//134 271//134
f 229//134 271//134 272//134
f 265//134 273//134 219//134
f 219//134 273//134 274//134
f 219//134 274//134 258//134
f 247//134 275//134 219//134
f 219//134 275//134 276//134
f 219//134 276//134 277//134
f 277//134 278//134 219//134
f 219//134 278//134 279//134
f 219//134 279//134 220//134
f 268//134 280//134 229//134
f 229//134 280//134 281//134
f 229//134 281//134 269//134
f 282//152 283//152 284//152
f 284//152 283//152 285//152
f 286//152 287//152 283//152
f 283//152 287//152 288//152
f 283//152 288//152 285//152
f 289//152 290//152 283//152
f 283//152 290//152 291//152
f 286//152 283//152 292//152
f 292//152 283//152 293//152
f 291//152 294//152 283//152
f 283//152 294//152 295//152
f 283//152 295//152 293//152
f 295//153 296//153 297//153
f 295//153 297//153 293//153
f 293//154 297//154 298//154
f 293//154 298//154 292//154
f 292//155 298//155 286//155
f 286//155 298//155 299//155
f 286//156 299//156 287//156
f 300//157 288//157 301//157
f 301//158 288//158 287//158
f 301//159 287//159 302//159
f 302//156 287//156 299//156
f 288//160 300//160 303//160
f 288//160 303//160 285//160
f 285//161 303//161 304//161
f 285//161 304//161 284//161
f 284//162 304//162 282//162
f 282//162 304//162 305//162
f 282//163 305//163 306//163
f 307//164 308//164 309//164
f 309//165 308//165 306//165
f 309//166 306//166 310//166
f 310//163 306//163 305//163
f 311//152 312//152 283//152
f 283//152 312//152 313//152
f 283//152 313//152 314//152
f 282//152 306//152 283//152
f 283//152 306//152 308//152
f 283//152 308//152 311//152
f 315//152 316//152 283//152
f 283//152 316//152 317//152
f 317//152 318//152 283//152
f 283//152 318//152 319//152
f 283//152 319//152 320//152
f 320//152 321//152 283//152
f 283//152 321//152 322//152
f 283//152 322//152 289//152
f 314//152 323//152 283//152
f 283//152 323//152 324//152
f 324//152 325//152 283//152
f 283//152 325//152 326//152
f 283//152 326//152 327//152
f 327//152 328//152 283//152
f 283//152 328//152 329//152
f 283//152 329//152 330//152
f 331//152 332//152 283//152
f 283//152 332//152 333//152
f 333//152 334//152 283//152
f 283//152 334//152 335//152
f 283//152 335//152 336//152
f 336//152 337//152 283//152
f 283//152 337//152 338//152
f 283//152 338//152 315//152
f 330//152 339//152 283//152
f 283//152 339//152 340//152
f 340//152 341//152 283//152
f 283//152 341//152 342//152
f 283//152 342//152 343//152
f 343//152 344//152 283//152
f 283//152 344//152 345//152
f 283//152 345//152 346//152
f 347//152 348//152 283//152
f 283//152 348//152 349//152
f 349//152 350//152 283//152
f 283//152 350//152 351//152
f 283//152 351//152 352//152
f 352//152 353//152 283//152
f 283//152 353//152 354//152
f 283//152 354//152 331//152
f 346//152 355//152 283//152
f 283//152 355//152 356//152
f 356//152 357//152 283//152
f 283//152 357//152 358//152
f 283//152 358//152 359//152
f 359//152 360//152 283//152
f 283//152 360//152 361//152
f 283//152 361//152 362//152
f 363//152 364//152 283//152
f 283//152 364//152 365//152
f 283//152 365//152 347//152
f 366//152 367//152 283//152
f 283//152 367//152 368//152
f 283//152 368//152 363//152
f 362//152 369//152 283//152
f 283//152 369//152 370//152
f 371//152 283//152 372//152
f 372//152 283//152 373//152
f 370//152 374//152 283//152
f 283//152 374//152 375//152
f 283//152 375//152 373//152
f 366//152 283//152 376//152
f 376//152 283//152 377//152
f 378//152 379//152 283//152
f 283//152 379//152 380//152
f 283//152 380//152 377//152
f 381//152 283//152 382//152
f 382//152 283//152 383//152
f 371//152 384//152 283//152
f 283//152 384//152 385//152
f 283//152 385//152 383//152
f 378//152 283//152 386//152
f 386//152 283//152 387//152
f 388//152 389//152 283//152
f 283//152 389//152 390//152
f 283//152 390//152 387//152
f 391//152 283//152 392//152
f 392//152 283//152 393//152
f 381//152 394//152 283//152
f 283//152 394//152 395//152
f 283//152 395//152 393//152
f 388//152 283//152 396//152
f 396//152 283//152 397//152
f 391//152 398//152 283//152
f 283//152 398//152 399//152
f 283//152 399//152 397//152
f 297//167 296//167 400//167
f 302//168 299//168 401//168
f 402//169 403//169 404//169
f 404//170 403//170 405//170
f 404//171 405//171 406//171
f 406//172 405//172 407//172
f 406//173 407//173 408//173
f 408//174 407//174 409//174
f 408//175 409//175 410//175
f 410//176 409//176 411//176
f 410//177 411//177 301//177
f 301//178 411//178 300//178
f 412//179 402//179 413//179
f 413//180 402//180 404//180
f 413//181 404//181 414//181
f 414//182 404//182 406//182
f 414//183 406//183 415//183
f 415//184 406//184 408//184
f 415//185 408//185 401//185
f 401//186 408//186 410//186
f 401//187 410//187 302//187
f 302//188 410//188 301//188
f 416//189 412//189 417//189
f 417//190 412//190 413//190
f 417//191 413//191 418//191
f 418//192 413//192 414//192
f 418//193 414//193 419//193
f 419//194 414//194 415//194
f 419//195 415//195 420//195
f 420//196 415//196 401//196
f 420//197 401//197 298//197
f 298//198 401//198 299//198
f 421//199 416//199 422//199
f 422//200 416//200 417//200
f 422//201 417//201 423//201
f 423//202 417//202 418//202
f 423//203 418//203 424//203
f 424//204 418//204 419//204
f 424//205 419//205 400//205
f 400//206 419//206 420//206
f 400//207 420//207 297//207
f 297//208 420//208 298//208
f 425//209 291//209 290//209
f 320//210 319//210 426//210
f 426//211 319//211 427//211
f 320//212 426//212 321//212
f 321//213 426//213 428//213
f 321//214 428//214 322//214
f 322//215 428//215 289//215
f 289//215 428//215 429//215
f 289//216 429//216 290//216
f 290//216 429//216 430//216
f 290//217 430//217 425//217
f 291//218 425//218 294//218
f 294//219 425//219 296//219
f 294//220 296//220 295//220
f 303//221 300//221 411//221
f 310//222 305//222 431//222
f 432//223 433//223 434//223
f 434//224 433//224 435//224
f 434//225 435//225 436//225
f 436//226 435//226 437//226
f 436//227 437//227 438//227
f 438//228 437//228 439//228
f 438//229 439//229 440//229
f 440//230 439//230 441//230
f 440//231 441//231 309//231
f 309//232 441//232 307//232
f 442//233 432//233 443//233
f 443//234 432//234 434//234
f 443//235 434//235 444//235
f 444//236 434//236 436//236
f 444//237 436//237 445//237
f 445//238 436//238 438//238
f 445//239 438//239 431//239
f 431//240 438//240 440//240
f 431//241 440//241 310//241
f 310//242 440//242 309//242
f 446//243 442//243 447//243
f 447//244 442//244 443//244
f 447//245 443//245 448//245
f 448//246 443//246 444//246
f 448//247 444//247 449//247
f 449//248 444//248 445//248
f 449//249 445//249 450//249
f 450//250 445//250 431//250
f 450//251 431//251 304//251
f 304//252 431//252 305//252
f 403//253 446//253 405//253
f 405//254 446//254 447//254
f 405//255 447//255 407//255
f 407//256 447//256 448//256
f 407//257 448//257 409//257
f 409//258 448//258 449//258
f 409//259 449//259 411//259
f 411//260 449//260 450//260
f 411//261 450//261 303//261
f 303//262 450//262 304//262
f 451//263 324//263 323//263
f 311//264 308//264 452//264
f 452//265 308//265 307//265
f 311//266 452//266 312//266
f 312//267 452//267 453//267
f 312//268 453//268 313//268
f 313//269 453//269 314//269
f 314//269 453//269 454//269
f 314//270 454//270 323//270
f 323//270 454//270 455//270
f 323//271 455//271 451//271
f 324//272 451//272 325//272
f 325//273 451//273 456//273
f 325//274 456//274 326//274
f 457//275 317//275 316//275
f 336//276 335//276 458//276
f 458//277 335//277 459//277
f 336//278 458//278 337//278
f 337//279 458//279 460//279
f 337//280 460//280 338//280
f 338//281 460//281 315//281
f 315//281 460//281 461//281
f 315//282 461//282 316//282
f 316//282 461//282 462//282
f 316//283 462//283 457//283
f 317//284 457//284 318//284
f 318//285 457//285 427//285
f 318//286 427//286 319//286
f 463//287 340//287 339//287
f 327//288 326//288 464//288
f 464//289 326//289 456//289
f 327//290 464//290 328//290
f 328//291 464//291 465//291
f 328//292 465//292 329//292
f 329//293 465//293 330//293
f 330//293 465//293 466//293
f 330//294 466//294 339//294
f 339//294 466//294 467//294
f 339//295 467//295 463//295
f 340//296 463//296 341//296
f 341//297 463//297 468//297
f 341//298 468//298 342//298
f 459//299 335//299 334//299
f 469//300 353//300 470//300
f 470//301 353//301 352//301
f 470//301 352//301 471//301
f 471//302 352//302 351//302
f 471//302 351//302 472//302
f 332//303 331//303 469//303
f 469//304 331//304 354//304
f 469//300 354//300 353//300
f 469//305 473//305 332//305
f 332//306 473//306 474//306
f 332//306 474//306 333//306
f 333//307 474//307 475//307
f 333//308 475//308 334//308
f 334//309 475//309 476//309
f 334//299 476//299 459//299
f 477//310 358//310 357//310
f 478//311 344//311 479//311
f 479//312 344//312 343//312
f 479//312 343//312 480//312
f 480//313 343//313 342//313
f 480//313 342//313 468//313
f 355//314 346//314 478//314
f 478//315 346//315 345//315
f 478//311 345//311 344//311
f 478//316 481//316 355//316
f 355//317 481//317 482//317
f 355//317 482//317 356//317
f 356//318 482//318 483//318
f 356//319 483//319 357//319
f 357//320 483//320 484//320
f 357//310 484//310 477//310
f 485//321 349//321 348//321
f 363//322 368//322 486//322
f 486//323 368//323 487//323
f 363//324 486//324 364//324
f 364//325 486//325 488//325
f 364//326 488//326 365//326
f 365//327 488//327 347//327
f 347//327 488//327 489//327
f 347//328 489//328 348//328
f 348//328 489//328 490//328
f 348//329 490//329 485//329
f 349//330 485//330 350//330
f 350//331 485//331 472//331
f 350//332 472//332 351//332
f 491//333 370//333 369//333
f 359//334 358//334 492//334
f 492//335 358//335 477//335
f 359//336 492//336 360//336
f 360//337 492//337 493//337
f 360//338 493//338 361//338
f 361//339 493//339 362//339
f 362//339 493//339 494//339
f 362//340 494//340 369//340
f 369//340 494//340 495//340
f 369//341 495//341 491//341
f 370//342 491//342 374//342
f 374//343 491//343 496//343
f 374//344 496//344 375//344
f 380//345 497//345 498//345
f 380//345 498//345 377//345
f 377//346 498//346 499//346
f 377//346 499//346 376//346
f 376//347 499//347 366//347
f 366//347 499//347 500//347
f 366//348 500//348 367//348
f 487//349 368//349 501//349
f 501//350 368//350 367//350
f 501//351 367//351 502//351
f 502//348 367//348 500//348
f 375//352 496//352 503//352
f 375//352 503//352 373//352
f 373//353 503//353 504//353
f 373//353 504//353 372//353
f 372//354 504//354 371//354
f 371//354 504//354 505//354
f 371//355 505//355 384//355
f 506//356 385//356 507//356
f 507//357 385//357 384//357
f 507//358 384//358 508//358
f 508//355 384//355 505//355
f 390//359 509//359 510//359
f 390//359 510//359 387//359
f 387//360 510//360 511//360
f 387//360 511//360 386//360
f 386//361 511//361 378//361
f 378//361 511//361 512//361
f 378//362 512//362 379//362
f 497//363 380//363 513//363
f 513//364 380//364 379//364
f 513//365 379//365 514//365
f 514//362 379//362 512//362
f 385//366 506//366 515//366
f 385//366 515//366 383//366
f 383//367 515//367 516//367
f 383//367 516//367 382//367
f 382//368 516//368 381//368
f 381//368 516//368 517//368
f 381//369 517//369 394//369
f 518//370 395//370 519//370
f 519//371 395//371 394//371
f 519//372 394//372 520//372
f 520//369 394//369 517//369
f 399//373 521//373 522//373
f 399//373 522//373 397//373
f 397//374 522//374 523//374
f 397//374 523//374 396//374
f 396//375 523//375 388//375
f 388//375 523//375 524//375
f 388//376 524//376 389//376
f 509//377 390//377 525//377
f 525//378 390//378 389//378
f 525//379 389//379 526//379
f 526//376 389//376 524//376
f 395//380 518//380 527//380
f 395//380 527//380 393//380
f 393//381 527//381 528//381
f 393//381 528//381 392//381
f 392//382 528//382 391//382
f 391//382 528//382 529//382
f 391//383 529//383 398//383
f 521//384 399//384 530//384
f 530//385 399//385 398//385
f 530//386 398//386 531//386
f 531//383 398//383 529//383
f 532//387 533//387 534//387
f 535//388 536//388 537//388
f 402//389 412//389 538//389
f 538//390 412//390 539//390
f 538//391 539//391 540//391
f 540//392 539//392 541//392
f 540//393 541//393 542//393
f 542//394 541//394 543//394
f 542//395 543//395 544//395
f 544//396 543//396 545//396
f 544//397 545//397 546//397
f 546//398 545//398 547//398
f 546//399 547//399 548//399
f 548//400 547//400 534//400
f 548//401 534//401 549//401
f 549//402 534//402 533//402
f 536//403 535//403 550//403
f 416//404 421//404 551//404
f 551//405 421//405 552//405
f 551//406 552//406 553//406
f 553//407 552//407 554//407
f 553//408 554//408 555//408
f 555//409 554//409 556//409
f 555//410 556//410 557//410
f 557//411 556//411 550//411
f 557//412 550//412 558//412
f 558//413 550//413 535//413
f 403//414 402//414 559//414
f 559//415 402//415 538//415
f 559//416 538//416 560//416
f 560//417 538//417 540//417
f 560//418 540//418 561//418
f 561//419 540//419 542//419
f 561//420 542//420 562//420
f 562//421 542//421 544//421
f 562//422 544//422 563//422
f 563//423 544//423 546//423
f 563//424 546//424 564//424
f 564//425 546//425 548//425
f 564//426 548//426 565//426
f 565//427 548//427 549//427
f 412//428 416//428 539//428
f 539//429 416//429 551//429
f 539//430 551//430 541//430
f 541//431 551//431 553//431
f 541//432 553//432 543//432
f 543//433 553//433 555//433
f 543//434 555//434 545//434
f 545//435 555//435 557//435
f 545//436 557//436 547//436
f 547//437 557//437 558//437
f 547//438 558//438 534//438
f 534//439 558//439 535//439
f 534//440 535//440 532//440
f 532//441 535//441 537//441
f 428//442 426//442 566//442
f 430//443 429//443 567//443
f 568//444 421//444 569//444
f 569//445 421//445 422//445
f 569//446 422//446 570//446
f 570//447 422//447 423//447
f 570//448 423//448 571//448
f 571//449 423//449 424//449
f 571//450 424//450 572//450
f 572//451 424//451 400//451
f 572//452 400//452 425//452
f 425//453 400//453 296//453
f 573//454 568//454 574//454
f 574//455 568//455 569//455
f 574//456 569//456 575//456
f 575//457 569//457 570//457
f 575//458 570//458 576//458
f 576//459 570//459 571//459
f 576//460 571//460 567//460
f 567//461 571//461 572//461
f 567//462 572//462 430//462
f 430//463 572//463 425//463
f 577//464 573//464 578//464
f 578//465 573//465 574//465
f 578//466 574//466 579//466
f 579//467 574//467 575//467
f 579//468 575//468 580//468
f 580//469 575//469 576//469
f 580//470 576//470 566//470
f 566//471 576//471 567//471
f 566//472 567//472 428//472
f 428//473 567//473 429//473
f 581//474 577//474 582//474
f 582//475 577//475 578//475
f 582//476 578//476 583//476
f 583//477 578//477 579//477
f 583//478 579//478 584//478
f 584//479 579//479 580//479
f 584//480 580//480 585//480
f 585//481 580//481 566//481
f 585//482 566//482 427//482
f 427//483 566//483 426//483
f 563//484 564//484 586//484
f 446//485 403//485 587//485
f 587//486 403//486 559//486
f 587//487 559//487 588//487
f 588//488 559//488 560//488
f 588//489 560//489 589//489
f 589//490 560//490 561//490
f 589//491 561//491 590//491
f 590//492 561//492 562//492
f 432//493 442//493 591//493
f 591//494 442//494 592//494
f 591//495 592//495 593//495
f 593//496 592//496 594//496
f 593//497 594//497 595//497
f 595//498 594//498 596//498
f 595//499 596//499 597//499
f 597//500 596//500 598//500
f 599//501 600//501 601//501
f 601//502 600//502 602//502
f 601//503 602//503 603//503
f 564//504 565//504 586//504
f 586//505 565//505 604//505
f 586//506 604//506 599//506
f 599//507 604//507 605//507
f 599//508 605//508 600//508
f 442//509 446//509 592//509
f 592//510 446//510 587//510
f 592//511 587//511 594//511
f 594//512 587//512 588//512
f 594//513 588//513 596//513
f 596//514 588//514 589//514
f 596//515 589//515 598//515
f 598//516 589//516 590//516
f 563//517 586//517 606//517
f 606//518 586//518 599//518
f 606//519 599//519 607//519
f 607//520 599//520 601//520
f 607//521 601//521 608//521
f 608//522 601//522 603//522
f 608//523 603//523 609//523
f 433//524 432//524 610//524
f 610//525 432//525 591//525
f 610//526 591//526 611//526
f 611//527 591//527 593//527
f 611//528 593//528 612//528
f 612//529 593//529 595//529
f 612//530 595//530 609//530
f 609//531 595//531 597//531
f 609//532 597//532 608//532
f 608//533 597//533 598//533
f 608//534 598//534 607//534
f 607//535 598//535 590//535
f 607//536 590//536 606//536
f 606//537 590//537 562//537
f 606//538 562//538 563//538
f 453//539 452//539 613//539
f 455//540 454//540 614//540
f 615//541 616//541 617//541
f 617//542 616//542 618//542
f 617//543 618//543 619//543
f 619//544 618//544 620//544
f 619//545 620//545 621//545
f 621//546 620//546 622//546
f 621//547 622//547 623//547
f 623//548 622//548 624//548
f 623//549 624//549 451//549
f 451//550 624//550 456//550
f 625//551 615//551 626//551
f 626//552 615//552 617//552
f 626//553 617//553 627//553
f 627//554 617//554 619//554
f 627//555 619//555 628//555
f 628//556 619//556 621//556
f 628//557 621//557 614//557
f 614//558 621//558 623//558
f 614//559 623//559 455//559
f 455//560 623//560 451//560
f 629//561 625//561 630//561
f 630//562 625//562 626//562
f 630//563 626//563 631//563
f 631//564 626//564 627//564
f 631//565 627//565 632//565
f 632//566 627//566 628//566
f 632//567 628//567 613//567
f 613//568 628//568 614//568
f 613//569 614//569 453//569
f 453//570 614//570 454//570
f 433//571 629//571 435//571
f 435//572 629//572 630//572
f 435//573 630//573 437//573
f 437//574 630//574 631//574
f 437//575 631//575 439//575
f 439//576 631//576 632//576
f 439//577 632//577 441//577
f 441//578 632//578 613//578
f 441//579 613//579 307//579
f 307//580 613//580 452//580
f 460//581 458//581 633//581
f 462//582 461//582 634//582
f 635//583 581//583 636//583
f 636//584 581//584 582//584
f 636//585 582//585 637//585
f 637//586 582//586 583//586
f 637//587 583//587 638//587
f 638//588 583//588 584//588
f 638//589 584//589 639//589
f 639//590 584//590 585//590
f 639//591 585//591 457//591
f 457//592 585//592 427//592
f 640//593 635//593 641//593
f 641//594 635//594 636//594
f 641//595 636//595 642//595
f 642//596 636//596 637//596
f 642//597 637//597 643//597
f 643//598 637//598 638//598
f 643//599 638//599 634//599
f 634//600 638//600 639//600
f 634//601 639//601 462//601
f 462//602 639//602 457//602
f 644//603 640//603 645//603
f 645//604 640//604 641//604
f 645//605 641//605 646//605
f 646//606 641//606 642//606
f 646//607 642//607 647//607
f 647//608 642//608 643//608
f 647//609 643//609 633//609
f 633//610 643//610 634//610
f 633//611 634//611 460//611
f 460//612 634//612 461//612
f 648//613 644//613 649//613
f 649//614 644//614 645//614
f 649//615 645//615 650//615
f 650//616 645//616 646//616
f 650//617 646//617 651//617
f 651//618 646//618 647//618
f 651//619 647//619 652//619
f 652//620 647//620 633//620
f 652//621 633//621 459//621
f 459//622 633//622 458//622
f 465//623 464//623 653//623
f 467//624 466//624 654//624
f 655//625 656//625 657//625
f 657//626 656//626 658//626
f 657//627 658//627 659//627
f 659//628 658//628 660//628
f 659//629 660//629 661//629
f 661//630 660//630 662//630
f 661//631 662//631 663//631
f 663//632 662//632 664//632
f 663//633 664//633 463//633
f 463//634 664//634 468//634
f 665//635 655//635 666//635
f 666//636 655//636 657//636
f 666//637 657//637 667//637
f 667//638 657//638 659//638
f 667//639 659//639 668//639
f 668//640 659//640 661//640
f 668//641 661//641 654//641
f 654//642 661//642 663//642
f 654//643 663//643 467//643
f 467//644 663//644 463//644
f 669//645 665//645 670//645
f 670//646 665//646 666//646
f 670//647 666//647 671//647
f 671//648 666//648 667//648
f 671//649 667//649 672//649
f 672//650 667//650 668//650
f 672//651 668//651 653//651
f 653//652 668//652 654//652
f 653//653 654//653 465//653
f 465//654 654//654 466//654
f 616//655 669//655 618//655
f 618//656 669//656 670//656
f 618//657 670//657 620//657
f 620//658 670//658 671//658
f 620//659 671//659 622//659
f 622//660 671//660 672//660
f 622//661 672//661 624//661
f 624//662 672//662 653//662
f 624//663 653//663 456//663
f 456//664 653//664 464//664
f 471//665 472//665 673//665
f 471//666 673//666 470//666
f 475//667 474//667 674//667
f 674//668 474//668 473//668
f 648//669 649//669 675//669
f 675//670 649//670 676//670
f 675//671 676//671 677//671
f 677//672 676//672 678//672
f 679//673 680//673 681//673
f 681//674 680//674 682//674
f 681//675 682//675 683//675
f 683//676 682//676 673//676
f 684//677 685//677 686//677
f 686//678 685//678 680//678
f 686//679 680//679 687//679
f 687//680 680//680 679//680
f 652//681 459//681 476//681
f 650//682 651//682 688//682
f 688//683 651//683 652//683
f 688//684 652//684 674//684
f 674//685 652//685 476//685
f 674//686 476//686 475//686
f 469//687 470//687 689//687
f 689//688 470//688 690//688
f 689//689 690//689 678//689
f 649//690 650//690 676//690
f 676//691 650//691 688//691
f 676//692 688//692 678//692
f 678//693 688//693 674//693
f 678//694 674//694 689//694
f 689//695 674//695 473//695
f 689//696 473//696 469//696
f 470//697 673//697 690//697
f 690//698 673//698 682//698
f 690//699 682//699 678//699
f 678//700 682//700 680//700
f 678//701 680//701 677//701
f 677//702 680//702 685//702
f 677//703 685//703 675//703
f 675//704 685//704 684//704
f 675//705 684//705 648//705
f 691//706 692//706 693//706
f 480//707 468//707 664//707
f 694//708 695//708 696//708
f 695//709 482//709 481//709
f 694//710 697//710 698//710
f 656//711 692//711 658//711
f 658//712 692//712 691//712
f 658//713 691//713 660//713
f 664//714 662//714 699//714
f 699//715 662//715 660//715
f 699//716 660//716 700//716
f 700//717 660//717 691//717
f 700//718 691//718 701//718
f 701//719 691//719 693//719
f 701//720 693//720 702//720
f 703//721 477//721 484//721
f 704//722 705//722 706//722
f 706//723 705//723 703//723
f 706//724 703//724 707//724
f 707//725 703//725 484//725
f 707//726 484//726 483//726
f 480//727 696//727 479//727
f 479//728 696//728 695//728
f 479//729 695//729 478//729
f 478//730 695//730 481//730
f 708//731 704//731 698//731
f 698//732 704//732 706//732
f 698//733 706//733 694//733
f 694//734 706//734 707//734
f 694//735 707//735 695//735
f 695//736 707//736 483//736
f 695//737 483//737 482//737
f 480//738 664//738 696//738
f 696//739 664//739 699//739
f 696//740 699//740 694//740
f 694//741 699//741 700//741
f 694//742 700//742 697//742
f 697//743 700//743 701//743
f 697//744 701//744 698//744
f 698//745 701//745 702//745
f 698//746 702//746 708//746
f 488//747 486//747 709//747
f 490//748 489//748 710//748
f 711//749 679//749 712//749
f 712//750 679//750 681//750
f 712//751 681//751 713//751
f 713//752 681//752 683//752
f 713//753 683//753 714//753
f 714//754 683//754 673//754
f 714//755 673//755 485//755
f 485//756 673//756 472//756
f 715//757 711//757 716//757
f 716//758 711//758 712//758
f 716//759 712//759 717//759
f 717//760 712//760 713//760
f 717//761 713//761 710//761
f 710//762 713//762 714//762
f 710//763 714//763 490//763
f 490//764 714//764 485//764
f 718//765 715//765 719//765
f 719//766 715//766 716//766
f 719//767 716//767 720//767
f 720//768 716//768 717//768
f 720//769 717//769 709//769
f 709//770 717//770 710//770
f 709//771 710//771 488//771
f 488//772 710//772 489//772
f 721//773 718//773 722//773
f 722//774 718//774 719//774
f 722//775 719//775 723//775
f 723//776 719//776 720//776
f 723//777 720//777 724//777
f 724//778 720//778 709//778
f 724//779 709//779 487//779
f 487//780 709//780 486//780
f 493//781 492//781 725//781
f 495//782 494//782 726//782
f 727//783 728//783 729//783
f 729//784 728//784 730//784
f 729//785 730//785 731//785
f 731//786 730//786 732//786
f 731//787 732//787 733//787
f 733//788 732//788 734//788
f 733//789 734//789 491//789
f 491//790 734//790 496//790
f 735//791 727//791 736//791
f 736//792 727//792 729//792
f 736//793 729//793 737//793
f 737//794 729//794 731//794
f 737//795 731//795 726//795
f 726//796 731//796 733//796
f 726//797 733//797 495//797
f 495//798 733//798 491//798
f 738//799 735//799 739//799
f 739//800 735//800 736//800
f 739//801 736//801 740//801
f 740//802 736//802 737//802
f 740//803 737//803 725//803
f 725//804 737//804 726//804
f 725//805 726//805 493//805
f 493//806 726//806 494//806
f 708//807 738//807 704//807
f 704//808 738//808 739//808
f 704//809 739//809 705//809
f 705//810 739//810 740//810
f 705//811 740//811 703//811
f 703//812 740//812 725//812
f 703//813 725//813 477//813
f 477//814 725//814 492//814
f 741//815 742//815 743//815
f 498//816 497//816 744//816
f 745//817 746//817 747//817
f 745//818 748//818 749//818
f 750//819 751//819 752//819
f 753//820 751//820 754//820
f 754//821 751//821 750//821
f 754//822 750//822 755//822
f 744//823 756//823 757//823
f 757//824 756//824 755//824
f 757//825 755//825 758//825
f 758//826 755//826 750//826
f 758//827 750//827 741//827
f 741//828 750//828 752//828
f 741//829 752//829 742//829
f 722//830 723//830 759//830
f 759//831 723//831 724//831
f 759//832 724//832 760//832
f 760//833 724//833 487//833
f 760//834 487//834 501//834
f 498//835 747//835 499//835
f 499//836 747//836 746//836
f 499//837 746//837 500//837
f 500//838 746//838 502//838
f 721//839 722//839 749//839
f 749//840 722//840 759//840
f 749//841 759//841 745//841
f 745//842 759//842 760//842
f 745//843 760//843 746//843
f 746//844 760//844 501//844
f 746//845 501//845 502//845
f 498//846 744//846 747//846
f 747//847 744//847 757//847
f 747//848 757//848 745//848
f 745//849 757//849 758//849
f 745//850 758//850 748//850
f 748//851 758//851 741//851
f 748//852 741//852 749//852
f 749//853 741//853 743//853
f 749//854 743//854 721//854
f 503//855 496//855 734//855
f 503//856 734//856 504//856
f 761//857 507//857 508//857
f 762//858 763//858 764//858
f 764//859 763//859 765//859
f 764//860 765//860 766//860
f 766//861 765//861 767//861
f 766//862 767//862 768//862
f 728//863 769//863 730//863
f 730//864 769//864 770//864
f 730//865 770//865 732//865
f 732//866 770//866 734//866
f 771//867 772//867 773//867
f 773//868 772//868 769//868
f 773//869 769//869 774//869
f 774//870 769//870 728//870
f 775//871 776//871 777//871
f 777//872 776//872 778//872
f 777//873 778//873 761//873
f 761//874 778//874 506//874
f 761//875 506//875 507//875
f 505//876 504//876 779//876
f 779//877 504//877 780//877
f 779//878 780//878 762//878
f 766//879 775//879 764//879
f 764//880 775//880 777//880
f 764//881 777//881 762//881
f 762//882 777//882 761//882
f 762//883 761//883 779//883
f 779//884 761//884 508//884
f 779//885 508//885 505//885
f 504//886 734//886 780//886
f 780//887 734//887 770//887
f 780//888 770//888 762//888
f 762//889 770//889 769//889
f 762//890 769//890 763//890
f 763//891 769//891 772//891
f 763//892 772//892 765//892
f 765//893 772//893 771//893
f 765//894 771//894 767//894
f 510//895 509//895 781//895
f 514//896 512//896 782//896
f 783//897 753//897 784//897
f 784//898 753//898 754//898
f 784//899 754//899 785//899
f 785//900 754//900 755//900
f 785//901 755//901 786//901
f 786//902 755//902 756//902
f 786//903 756//903 787//903
f 787//904 756//904 744//904
f 787//905 744//905 513//905
f 513//906 744//906 497//906
f 788//907 783//907 789//907
f 789//908 783//908 784//908
f 789//909 784//909 790//909
f 790//910 784//910 785//910
f 790//911 785//911 791//911
f 791//912 785//912 786//912
f 791//913 786//913 782//913
f 782//914 786//914 787//914
f 782//915 787//915 514//915
f 514//916 787//916 513//916
f 792//917 788//917 793//917
f 793//918 788//918 789//918
f 793//919 789//919 794//919
f 794//920 789//920 790//920
f 794//921 790//921 795//921
f 795//922 790//922 791//922
f 795//923 791//923 796//923
f 796//924 791//924 782//924
f 796//925 782//925 511//925
f 511//926 782//926 512//926
f 797//927 792//927 798//927
f 798//928 792//928 793//928
f 798//929 793//929 799//929
f 799//930 793//930 794//930
f 799//931 794//931 800//931
f 800//932 794//932 795//932
f 800//933 795//933 781//933
f 781//934 795//934 796//934
f 781//935 796//935 510//935
f 510//936 796//936 511//936
f 515//937 506//937 778//937
f 520//938 517//938 801//938
f 802//939 803//939 804//939
f 804//940 803//940 805//940
f 804//941 805//941 806//941
f 806//942 805//942 807//942
f 806//943 807//943 808//943
f 808//944 807//944 809//944
f 808//945 809//945 810//945
f 810//946 809//946 811//946
f 810//947 811//947 519//947
f 519//948 811//948 518//948
f 812//949 802//949 813//949
f 813//950 802//950 804//950
f 813//951 804//951 814//951
f 814//952 804//952 806//952
f 814//953 806//953 815//953
f 815//954 806//954 808//954
f 815//955 808//955 801//955
f 801//956 808//956 810//956
f 801//957 810//957 520//957
f 520//958 810//958 519//958
f 816//959 812//959 817//959
f 817//960 812//960 813//960
f 817//961 813//961 818//961
f 818//962 813//962 814//962
f 818//963 814//963 819//963
f 819//964 814//964 815//964
f 819//965 815//965 820//965
f 820//966 815//966 801//966
f 820//967 801//967 516//967
f 516//968 801//968 517//968
f 768//969 816//969 766//969
f 766//970 816//970 817//970
f 766//971 817//971 775//971
f 775//972 817//972 818//972
f 775//973 818//973 776//973
f 776//974 818//974 819//974
f 776//975 819//975 778//975
f 778//976 819//976 820//976
f 778//977 820//977 515//977
f 515//978 820//978 516//978
f 522//979 521//979 821//979
f 526//980 524//980 822//980
f 823//981 797//981 824//981
f 824//982 797//982 798//982
f 824//983 798//983 825//983
f 825//984 798//984 799//984
f 825//985 799//985 826//985
f 826//986 799//986 800//986
f 826//987 800//987 827//987
f 827//988 800//988 781//988
f 827//989 781//989 525//989
f 525//990 781//990 509//990
f 828//991 823//991 829//991
f 829//992 823//992 824//992
f 829//993 824//993 830//993
f 830//994 824//994 825//994
f 830//995 825//995 831//995
f 831//996 825//996 826//996
f 831//997 826//997 822//997
f 822//998 826//998 827//998
f 822//999 827//999 526//999
f 526//1000 827//1000 525//1000
f 832//1001 828//1001 833//1001
f 833//1002 828//1002 829//1002
f 833//1003 829//1003 834//1003
f 834//1004 829//1004 830//1004
f 834//1005 830//1005 835//1005
f 835//1006 830//1006 831//1006
f 835//1007 831//1007 836//1007
f 836//1008 831//1008 822//1008
f 836//1009 822//1009 523//1009
f 523//1010 822//1010 524//1010
f 837//1011 832//1011 838//1011
f 838//1012 832//1012 833//1012
f 838//1013 833//1013 839//1013
f 839//1014 833//1014 834//1014
f 839//1015 834//1015 840//1015
f 840//1016 834//1016 835//1016
f 840//1017 835//1017 821//1017
f 821//1018 835//1018 836//1018
f 821//1019 836//1019 522//1019
f 522//1020 836//1020 523//1020
f 527//1021 518//1021 811//1021
f 531//1022 529//1022 841//1022
f 842//1023 837//1023 843//1023
f 843//1024 837//1024 838//1024
f 843//1025 838//1025 844//1025
f 844//1026 838//1026 839//1026
f 844//1027 839//1027 845//1027
f 845//1028 839//1028 840//1028
f 845//1029 840//1029 846//1029
f 846//1030 840//1030 821//1030
f 846//1031 821//1031 530//1031
f 530//1032 821//1032 521//1032
f 847//1033 842//1033 848//1033
f 848//1034 842//1034 843//1034
f 848//1035 843//1035 849//1035
f 849//1036 843//1036 844//1036
f 849//1037 844//1037 850//1037
f 850//1038 844//1038 845//1038
f 850//1039 845//1039 841//1039
f 841//1040 845//1040 846//1040
f 841//1041 846//1041 531//1041
f 531//1042 846//1042 530//1042
f 851//1043 847//1043 852//1043
f 852//1044 847//1044 848//1044
f 852//1045 848//1045 853//1045
f 853//1046 848//1046 849//1046
f 853//1047 849//1047 854//1047
f 854//1048 849//1048 850//1048
f 854//1049 850//1049 855//1049
f 855//1050 850//1050 841//1050
f 855//1051 841//1051 528//1051
f 528//1052 841//1052 529//1052
f 803//1053 851//1053 805//1053
f 805//1054 851//1054 852//1054
f 805//1055 852//1055 807//1055
f 807//1056 852//1056 853//1056
f 807//1057 853//1057 809//1057
f 809//1058 853//1058 854//1058
f 809//1059 854//1059 811//1059
f 811//1060 854//1060 855//1060
f 811//1061 855//1061 527//1061
f 527//1062 855//1062 528//1062
f 856//1063 565//1063 857//1063
f 857//1064 565//1064 549//1064
f 857//1065 549//1065 858//1065
f 858//1066 549//1066 533//1066
f 858//1067 533//1067 859//1067
f 859//1068 533//1068 860//1068
f 860//1069 533//1069 532//1069
f 860//1070 532//1070 861//1070
f 861//1071 532//1071 537//1071
f 861//1072 537//1072 862//1072
f 863//1073 537//1073 864//1073
f 864//1074 537//1074 536//1074
f 864//1075 536//1075 865//1075
f 865//1076 536//1076 550//1076
f 865//1077 550//1077 866//1077
f 866//1078 550//1078 556//1078
f 866//1079 556//1079 867//1079
f 867//1080 556//1080 554//1080
f 867//1081 554//1081 868//1081
f 868//1082 554//1082 552//1082
f 868//1083 552//1083 568//1083
f 568//1084 552//1084 421//1084
f 869//1085 863//1085 870//1085
f 870//1086 863//1086 864//1086
f 870//1087 864//1087 871//1087
f 871//1088 864//1088 865//1088
f 871//1089 865//1089 872//1089
f 872//1090 865//1090 866//1090
f 872//1091 866//1091 873//1091
f 873//1092 866//1092 867//1092
f 873//1093 867//1093 874//1093
f 874//1094 867//1094 868//1094
f 874//1095 868//1095 573//1095
f 573//1096 868//1096 568//1096
f 875//1097 869//1097 876//1097
f 876//1098 869//1098 870//1098
f 876//1099 870//1099 877//1099
f 877//1100 870//1100 871//1100
f 877//1101 871//1101 878//1101
f 878//1102 871//1102 872//1102
f 878//1103 872//1103 879//1103
f 879//1104 872//1104 873//1104
f 879//1105 873//1105 880//1105
f 880//1106 873//1106 874//1106
f 880//1107 874//1107 577//1107
f 577//1108 874//1108 573//1108
f 881//1109 875//1109 882//1109
f 882//1110 875//1110 876//1110
f 882//1111 876//1111 883//1111
f 883//1112 876//1112 877//1112
f 883//1113 877//1113 884//1113
f 884//1114 877//1114 878//1114
f 884//1115 878//1115 885//1115
f 885//1116 878//1116 879//1116
f 885//1117 879//1117 886//1117
f 886//1118 879//1118 880//1118
f 886//1119 880//1119 581//1119
f 581//1120 880//1120 577//1120
f 600//1121 887//1121 602//1121
f 602//1122 887//1122 888//1122
f 602//1123 888//1123 889//1123
f 605//1124 890//1124 600//1124
f 600//1125 890//1125 891//1125
f 600//1126 891//1126 887//1126
f 565//1127 856//1127 604//1127
f 604//1128 856//1128 892//1128
f 604//1129 892//1129 605//1129
f 605//1130 892//1130 893//1130
f 605//1131 893//1131 890//1131
f 894//1132 895//1132 896//1132
f 896//1133 895//1133 897//1133
f 896//1134 897//1134 898//1134
f 898//1135 897//1135 899//1135
f 898//1136 899//1136 900//1136
f 900//1137 899//1137 901//1137
f 900//1138 901//1138 902//1138
f 902//1139 901//1139 903//1139
f 902//1140 903//1140 904//1140
f 904//1141 903//1141 905//1141
f 904//1142 905//1142 615//1142
f 615//1143 905//1143 616//1143
f 906//1144 894//1144 907//1144
f 907//1145 894//1145 896//1145
f 907//1146 896//1146 908//1146
f 908//1147 896//1147 898//1147
f 908//1148 898//1148 909//1148
f 909//1149 898//1149 900//1149
f 909//1150 900//1150 910//1150
f 910//1151 900//1151 902//1151
f 910//1152 902//1152 911//1152
f 911//1153 902//1153 904//1153
f 911//1154 904//1154 625//1154
f 625//1155 904//1155 615//1155
f 912//1156 906//1156 913//1156
f 913//1157 906//1157 907//1157
f 913//1158 907//1158 914//1158
f 914//1159 907//1159 908//1159
f 914//1160 908//1160 915//1160
f 915//1161 908//1161 909//1161
f 915//1162 909//1162 916//1162
f 916//1163 909//1163 910//1163
f 916//1164 910//1164 917//1164
f 917//1165 910//1165 911//1165
f 917//1166 911//1166 629//1166
f 629//1167 911//1167 625//1167
f 602//1168 912//1168 603//1168
f 603//1169 912//1169 913//1169
f 603//1170 913//1170 609//1170
f 609//1171 913//1171 914//1171
f 609//1172 914//1172 612//1172
f 612//1173 914//1173 915//1173
f 612//1174 915//1174 611//1174
f 611//1175 915//1175 916//1175
f 611//1176 916//1176 610//1176
f 610//1177 916//1177 917//1177
f 610//1178 917//1178 433//1178
f 433//1179 917//1179 629//1179
f 918//1180 919//1180 920//1180
f 921//1181 922//1181 923//1181
f 923//1182 882//1182 924//1182
f 924//1183 882//1183 883//1183
f 924//1184 883//1184 925//1184
f 925//1185 883//1185 884//1185
f 925//1186 884//1186 926//1186
f 926//1187 884//1187 885//1187
f 926//1188 885//1188 927//1188
f 927//1189 885//1189 886//1189
f 927//1190 886//1190 635//1190
f 635//1191 886//1191 581//1191
f 923//1192 922//1192 882//1192
f 882//1193 922//1193 928//1193
f 882//1194 928//1194 881//1194
f 919//1195 921//1195 920//1195
f 920//1196 921//1196 923//1196
f 920//1197 923//1197 929//1197
f 929//1198 923//1198 924//1198
f 929//1199 924//1199 930//1199
f 930//1200 924//1200 925//1200
f 930//1201 925//1201 931//1201
f 931//1202 925//1202 926//1202
f 931//1203 926//1203 932//1203
f 932//1204 926//1204 927//1204
f 932//1205 927//1205 640//1205
f 640//1206 927//1206 635//1206
f 933//1207 918//1207 934//1207
f 934//1208 918//1208 920//1208
f 934//1209 920//1209 935//1209
f 935//1210 920//1210 929//1210
f 935//1211 929//1211 936//1211
f 936//1212 929//1212 930//1212
f 936//1213 930//1213 937//1213
f 937//1214 930//1214 931//1214
f 937//1215 931//1215 938//1215
f 938//1216 931//1216 932//1216
f 938//1217 932//1217 644//1217
f 644//1218 932//1218 640//1218
f 939//1219 934//1219 940//1219
f 940//1220 934//1220 935//1220
f 940//1221 935//1221 941//1221
f 941//1222 935//1222 936//1222
f 941//1223 936//1223 942//1223
f 942//1224 936//1224 937//1224
f 942//1225 937//1225 943//1225
f 943//1226 937//1226 938//1226
f 943//1227 938//1227 648//1227
f 648//1228 938//1228 644//1228
f 939//1229 944//1229 934//1229
f 934//1230 944//1230 945//1230
f 934//1231 945//1231 933//1231
f 875//1232 946//1232 947//1232
f 947//1233 948//1233 875//1233
f 875//1234 948//1234 949//1234
f 875//1235 949//1235 869//1235
f 875//1236 881//1236 950//1236
f 946//1237 875//1237 951//1237
f 951//1238 875//1238 950//1238
f 951//1239 950//1239 952//1239
f 862//1240 537//1240 953//1240
f 953//1241 537//1241 863//1241
f 949//1242 954//1242 869//1242
f 869//1243 954//1243 955//1243
f 869//1244 955//1244 863//1244
f 863//1245 955//1245 956//1245
f 863//1246 956//1246 953//1246
f 957//1247 895//1247 894//1247
f 958//1248 959//1248 894//1248
f 894//1249 959//1249 960//1249
f 894//1250 960//1250 961//1250
f 894//1251 906//1251 958//1251
f 958//1252 906//1252 912//1252
f 958//1253 912//1253 962//1253
f 602//1254 889//1254 912//1254
f 912//1255 889//1255 963//1255
f 912//1256 963//1256 962//1256
f 961//1257 964//1257 894//1257
f 894//1258 964//1258 965//1258
f 894//1259 965//1259 957//1259
f 957//1260 965//1260 966//1260
f 957//1261 966//1261 967//1261
f 968//1262 969//1262 970//1262
f 971//1263 972//1263 973//1263
f 972//1264 974//1264 973//1264
f 973//1265 974//1265 975//1265
f 973//1266 975//1266 976//1266
f 976//1267 975//1267 977//1267
f 976//1268 977//1268 978//1268
f 978//1269 977//1269 979//1269
f 978//1270 979//1270 980//1270
f 980//1271 979//1271 981//1271
f 980//1272 981//1272 982//1272
f 982//1273 981//1273 983//1273
f 982//1274 983//1274 655//1274
f 655//1275 983//1275 656//1275
f 969//1276 971//1276 970//1276
f 970//1277 971//1277 973//1277
f 970//1278 973//1278 984//1278
f 984//1279 973//1279 976//1279
f 984//1280 976//1280 985//1280
f 985//1281 976//1281 978//1281
f 985//1282 978//1282 986//1282
f 986//1283 978//1283 980//1283
f 986//1284 980//1284 987//1284
f 987//1285 980//1285 982//1285
f 987//1286 982//1286 665//1286
f 665//1287 982//1287 655//1287
f 988//1288 968//1288 989//1288
f 989//1289 968//1289 970//1289
f 989//1290 970//1290 990//1290
f 990//1291 970//1291 984//1291
f 990//1292 984//1292 991//1292
f 991//1293 984//1293 985//1293
f 991//1294 985//1294 992//1294
f 992//1295 985//1295 986//1295
f 992//1296 986//1296 993//1296
f 993//1297 986//1297 987//1297
f 993//1298 987//1298 669//1298
f 669//1299 987//1299 665//1299
f 895//1300 988//1300 897//1300
f 897//1301 988//1301 989//1301
f 897//1302 989//1302 899//1302
f 899//1303 989//1303 990//1303
f 899//1304 990//1304 901//1304
f 901//1305 990//1305 991//1305
f 901//1306 991//1306 903//1306
f 903//1307 991//1307 992//1307
f 903//1308 992//1308 905//1308
f 905//1309 992//1309 993//1309
f 905//1310 993//1310 616//1310
f 616//1311 993//1311 669//1311
f 994//1312 944//1312 995//1312
f 995//1313 944//1313 939//1313
f 995//1314 939//1314 996//1314
f 996//1315 939//1315 940//1315
f 996//1316 940//1316 997//1316
f 997//1317 940//1317 941//1317
f 997//1318 941//1318 998//1318
f 998//1319 941//1319 942//1319
f 998//1320 942//1320 999//1320
f 999//1321 942//1321 943//1321
f 999//1322 943//1322 684//1322
f 684//1323 943//1323 648//1323
f 1000//1324 994//1324 1001//1324
f 1001//1325 994//1325 995//1325
f 1001//1326 995//1326 1002//1326
f 1002//1327 995//1327 996//1327
f 1002//1328 996//1328 1003//1328
f 1003//1329 996//1329 997//1329
f 1003//1330 997//1330 1004//1330
f 1004//1331 997//1331 998//1331
f 1004//1332 998//1332 1005//1332
f 1005//1333 998//1333 999//1333
f 1005//1334 999//1334 686//1334
f 686//1335 999//1335 684//1335
f 1006//1336 1007//1336 1008//1336
f 1008//1337 1007//1337 1009//1337
f 1008//1338 1009//1338 1010//1338
f 1010//1339 1009//1339 1011//1339
f 1010//1340 1011//1340 1012//1340
f 1012//1341 1011//1341 1013//1341
f 1012//1342 1013//1342 1014//1342
f 1014//1343 1013//1343 1015//1343
f 1014//1344 1015//1344 679//1344
f 679//1345 1015//1345 687//1345
f 686//1346 687//1346 1005//1346
f 1005//1347 687//1347 1015//1347
f 1005//1348 1015//1348 1004//1348
f 1004//1349 1015//1349 1013//1349
f 1004//1350 1013//1350 1003//1350
f 1003//1351 1013//1351 1011//1351
f 1003//1352 1011//1352 1002//1352
f 1002//1353 1011//1353 1009//1353
f 1002//1354 1009//1354 1001//1354
f 1001//1355 1009//1355 1007//1355
f 1001//1356 1007//1356 1000//1356
f 1000//1357 1007//1357 1006//1357
f 1000//1358 1006//1358 1016//1358
f 944//1359 1017//1359 1018//1359
f 952//1360 950//1360 1019//1360
f 1019//1361 950//1361 1020//1361
f 1019//1362 1020//1362 1021//1362
f 1021//1363 1020//1363 1022//1363
f 1021//1364 1022//1364 1023//1364
f 1023//1365 1022//1365 1024//1365
f 1023//1366 1024//1366 1025//1366
f 1025//1367 1024//1367 1026//1367
f 1025//1368 1026//1368 1027//1368
f 1027//1369 1026//1369 1028//1369
f 1028//1370 1026//1370 1018//1370
f 1028//1371 1018//1371 1029//1371
f 1029//1372 1018//1372 1017//1372
f 1029//1373 1017//1373 1030//1373
f 950//1374 881//1374 928//1374
f 950//1375 928//1375 1020//1375
f 1020//1376 928//1376 922//1376
f 1020//1377 922//1377 1022//1377
f 1022//1378 922//1378 921//1378
f 1022//1379 921//1379 1024//1379
f 1024//1380 921//1380 919//1380
f 1024//1381 919//1381 1026//1381
f 919//1382 918//1382 1026//1382
f 1026//1383 918//1383 933//1383
f 1026//1384 933//1384 1018//1384
f 1018//1385 933//1385 945//1385
f 1018//1386 945//1386 944//1386
f 1031//1387 974//1387 972//1387
f 1032//1388 1033//1388 1031//1388
f 1034//1389 1035//1389 1036//1389
f 1036//1390 1035//1390 1037//1390
f 1036//1391 1037//1391 1038//1391
f 1038//1392 1037//1392 1039//1392
f 1038//1393 1039//1393 1040//1393
f 1040//1394 1039//1394 1041//1394
f 1040//1395 1041//1395 1042//1395
f 1042//1396 1041//1396 957//1396
f 1042//1397 957//1397 967//1397
f 1032//1398 1031//1398 1043//1398
f 1043//1399 1031//1399 972//1399
f 1043//1400 972//1400 971//1400
f 895//1401 957//1401 988//1401
f 988//1402 957//1402 1041//1402
f 988//1403 1041//1403 968//1403
f 968//1404 1041//1404 1039//1404
f 968//1405 1039//1405 969//1405
f 969//1406 1039//1406 1037//1406
f 969//1407 1037//1407 971//1407
f 971//1408 1037//1408 1035//1408
f 971//1409 1035//1409 1043//1409
f 1043//1410 1035//1410 1034//1410
f 1043//1411 1034//1411 1032//1411
f 1044//1412 1045//1412 1046//1412
f 1046//1413 1045//1413 1047//1413
f 1046//1414 1047//1414 1048//1414
f 1048//1415 1047//1415 1049//1415
f 1048//1416 1049//1416 1050//1416
f 1050//1417 1049//1417 1051//1417
f 1050//1418 1051//1418 1052//1418
f 1052//1419 1051//1419 1053//1419
f 1052//1420 1053//1420 1054//1420
f 1054//1421 1053//1421 1055//1421
f 1054//1422 1055//1422 702//1422
f 702//1423 1055//1423 708//1423
f 1056//1424 1044//1424 1057//1424
f 1057//1425 1044//1425 1046//1425
f 1057//1426 1046//1426 1058//1426
f 1058//1427 1046//1427 1048//1427
f 1058//1428 1048//1428 1059//1428
f 1059//1429 1048//1429 1050//1429
f 1059//1430 1050//1430 1060//1430
f 1060//1431 1050//1431 1052//1431
f 1060//1432 1052//1432 1061//1432
f 1061//1433 1052//1433 1054//1433
f 1061//1434 1054//1434 693//1434
f 693//1435 1054//1435 702//1435
f 1062//1436 1056//1436 1063//1436
f 1063//1437 1056//1437 1057//1437
f 1063//1438 1057//1438 1064//1438
f 1064//1439 1057//1439 1058//1439
f 1064//1440 1058//1440 1065//1440
f 1065//1441 1058//1441 1059//1441
f 1065//1442 1059//1442 1066//1442
f 1066//1443 1059//1443 1060//1443
f 1066//1444 1060//1444 1067//1444
f 1067//1445 1060//1445 1061//1445
f 1067//1446 1061//1446 692//1446
f 692//1447 1061//1447 693//1447
f 974//1448 1062//1448 975//1448
f 975//1449 1062//1449 1063//1449
f 975//1450 1063//1450 977//1450
f 977//1451 1063//1451 1064//1451
f 977//1452 1064//1452 979//1452
f 979//1453 1064//1453 1065//1453
f 979//1454 1065//1454 981//1454
f 981//1455 1065//1455 1066//1455
f 981//1456 1066//1456 983//1456
f 983//1457 1066//1457 1067//1457
f 983//1458 1067//1458 656//1458
f 656//1459 1067//1459 692//1459
f 1068//1460 1016//1460 1069//1460
f 1069//1461 1016//1461 1006//1461
f 1069//1462 1006//1462 1070//1462
f 1070//1463 1006//1463 1008//1463
f 1070//1464 1008//1464 1071//1464
f 1071//1465 1008//1465 1010//1465
f 1071//1466 1010//1466 1072//1466
f 1072//1467 1010//1467 1012//1467
f 1072//1468 1012//1468 1073//1468
f 1073//1469 1012//1469 1014//1469
f 1073//1470 1014//1470 711//1470
f 711//1471 1014//1471 679//1471
f 1074//1472 1068//1472 1075//1472
f 1075//1473 1068//1473 1069//1473
f 1075//1474 1069//1474 1076//1474
f 1076//1475 1069//1475 1070//1475
f 1076//1476 1070//1476 1077//1476
f 1077//1477 1070//1477 1071//1477
f 1077//1478 1071//1478 1078//1478
f 1078//1479 1071//1479 1072//1479
f 1078//1480 1072//1480 1079//1480
f 1079//1481 1072//1481 1073//1481
f 1079//1482 1073//1482 715//1482
f 715//1483 1073//1483 711//1483
f 1080//1484 1074//1484 1081//1484
f 1081//1485 1074//1485 1075//1485
f 1081//1486 1075//1486 1082//1486
f 1082//1487 1075//1487 1076//1487
f 1082//1488 1076//1488 1083//1488
f 1083//1489 1076//1489 1077//1489
f 1083//1490 1077//1490 1084//1490
f 1084//1491 1077//1491 1078//1491
f 1084//1492 1078//1492 1085//1492
f 1085//1493 1078//1493 1079//1493
f 1085//1494 1079//1494 718//1494
f 718//1495 1079//1495 715//1495
f 1086//1496 1080//1496 1087//1496
f 1087//1497 1080//1497 1081//1497
f 1087//1498 1081//1498 1088//1498
f 1088//1499 1081//1499 1082//1499
f 1088//1500 1082//1500 1089//1500
f 1089//1501 1082//1501 1083//1501
f 1089//1502 1083//1502 1090//1502
f 1090//1503 1083//1503 1084//1503
f 1090//1504 1084//1504 1091//1504
f 1091//1505 1084//1505 1085//1505
f 1091//1506 1085//1506 721//1506
f 721//1507 1085//1507 718//1507
f 1017//1508 1092//1508 1030//1508
f 1030//1509 1092//1509 1093//1509
f 1093//1510 1092//1510 1094//1510
f 1094//1511 1092//1511 1095//1511
f 1094//1512 1095//1512 1096//1512
f 1097//1513 1098//1513 1095//1513
f 1095//1514 1098//1514 1099//1514
f 1095//1515 1099//1515 1096//1515
f 1017//1516 944//1516 994//1516
f 1017//1517 994//1517 1092//1517
f 1092//1518 994//1518 1000//1518
f 1092//1519 1000//1519 1095//1519
f 1095//1520 1000//1520 1016//1520
f 1095//1521 1016//1521 1097//1521
f 1100//1522 1101//1522 1102//1522
f 1031//1523 1033//1523 1103//1523
f 1103//1524 1033//1524 1104//1524
f 1103//1525 1104//1525 1100//1525
f 1100//1526 1104//1526 1105//1526
f 1100//1527 1105//1527 1101//1527
f 1056//1528 1106//1528 1044//1528
f 1044//1529 1106//1529 1107//1529
f 1044//1530 1107//1530 1045//1530
f 974//1531 1031//1531 1062//1531
f 1062//1532 1031//1532 1103//1532
f 1062//1533 1103//1533 1056//1533
f 1056//1534 1103//1534 1100//1534
f 1056//1535 1100//1535 1106//1535
f 1106//1536 1100//1536 1102//1536
f 1106//1537 1102//1537 1107//1537
f 1107//1538 1102//1538 1108//1538
f 1107//1539 1108//1539 1109//1539
f 1110//1540 1111//1540 1112//1540
f 1112//1541 1111//1541 1113//1541
f 1112//1542 1113//1542 1114//1542
f 1114//1543 1113//1543 1115//1543
f 1114//1544 1115//1544 1116//1544
f 1116//1545 1115//1545 1117//1545
f 1116//1546 1117//1546 1118//1546
f 1118//1547 1117//1547 1119//1547
f 1118//1548 1119//1548 1120//1548
f 1120//1549 1119//1549 1121//1549
f 1120//1550 1121//1550 727//1550
f 727//1551 1121//1551 728//1551
f 1122//1552 1110//1552 1123//1552
f 1123//1553 1110//1553 1112//1553
f 1123//1554 1112//1554 1124//1554
f 1124//1555 1112//1555 1114//1555
f 1124//1556 1114//1556 1125//1556
f 1125//1557 1114//1557 1116//1557
f 1125//1558 1116//1558 1126//1558
f 1126//1559 1116//1559 1118//1559
f 1126//1560 1118//1560 1127//1560
f 1127//1561 1118//1561 1120//1561
f 1127//1562 1120//1562 735//1562
f 735//1563 1120//1563 727//1563
f 1128//1564 1122//1564 1129//1564
f 1129//1565 1122//1565 1123//1565
f 1129//1566 1123//1566 1130//1566
f 1130//1567 1123//1567 1124//1567
f 1130//1568 1124//1568 1131//1568
f 1131//1569 1124//1569 1125//1569
f 1131//1570 1125//1570 1132//1570
f 1132//1571 1125//1571 1126//1571
f 1132//1572 1126//1572 1133//1572
f 1133//1573 1126//1573 1127//1573
f 1133//1574 1127//1574 738//1574
f 738//1575 1127//1575 735//1575
f 1045//1576 1128//1576 1047//1576
f 1047//1577 1128//1577 1129//1577
f 1047//1578 1129//1578 1049//1578
f 1049//1579 1129//1579 1130//1579
f 1049//1580 1130//1580 1051//1580
f 1051//1581 1130//1581 1131//1581
f 1051//1582 1131//1582 1053//1582
f 1053//1583 1131//1583 1132//1583
f 1053//1584 1132//1584 1055//1584
f 1055//1585 1132//1585 1133//1585
f 1055//1586 1133//1586 708//1586
f 708//1587 1133//1587 738//1587
f 1087//1588 1088//1588 1134//1588
f 1135//1589 1136//1589 1086//1589
f 1136//1590 1135//1590 1137//1590
f 752//1591 751//1591 1138//1591
f 1138//1592 751//1592 753//1592
f 1139//1593 1140//1593 1141//1593
f 1141//1594 1140//1594 1142//1594
f 1142//1595 1140//1595 1143//1595
f 1142//1596 1143//1596 1144//1596
f 1144//1597 1143//1597 1145//1597
f 1144//1598 1145//1598 1146//1598
f 743//1599 742//1599 1147//1599
f 1147//1600 742//1600 1148//1600
f 1147//1601 1148//1601 1149//1601
f 1134//1602 1088//1602 1149//1602
f 1137//1603 1135//1603 1150//1603
f 1150//1604 1135//1604 1151//1604
f 1150//1605 1151//1605 1152//1605
f 82//1606 1153//1606 1152//1606
f 1153//1607 1154//1607 1152//1607
f 1152//1608 1154//1608 1155//1608
f 1152//1609 1155//1609 1150//1609
f 1150//1610 1155//1610 1156//1610
f 1150//1611 1156//1611 1137//1611
f 721//1612 743//1612 1091//1612
f 1091//1613 743//1613 1147//1613
f 1091//1614 1147//1614 1090//1614
f 1090//1615 1147//1615 1149//1615
f 1090//1616 1149//1616 1089//1616
f 1089//1617 1149//1617 1088//1617
f 1086//1618 1087//1618 1135//1618
f 1135//1619 1087//1619 1134//1619
f 1135//1620 1134//1620 1151//1620
f 1151//1621 1134//1621 1149//1621
f 1151//1622 1149//1622 1157//1622
f 1157//1623 1149//1623 1148//1623
f 1157//1624 1148//1624 1138//1624
f 1138//1625 1148//1625 742//1625
f 1138//1626 742//1626 752//1626
f 753//1627 1139//1627 1138//1627
f 1138//1628 1139//1628 1141//1628
f 1138//1629 1141//1629 1157//1629
f 1157//1630 1141//1630 1142//1630
f 1157//1631 1142//1631 1151//1631
f 1151//1632 1142//1632 1144//1632
f 1151//1633 1144//1633 1152//1633
f 1152//1634 1144//1634 1146//1634
f 1152//1635 1146//1635 82//1635
f 1158//1636 1159//1636 1160//1636
f 1160//1637 1159//1637 1161//1637
f 1160//1638 1161//1638 1162//1638
f 1162//1639 1161//1639 1163//1639
f 1162//1640 1163//1640 1164//1640
f 1164//1641 1163//1641 1165//1641
f 1164//1642 1165//1642 1166//1642
f 1016//1643 1068//1643 1097//1643
f 1097//1644 1068//1644 1167//1644
f 1097//1645 1167//1645 1098//1645
f 1086//1646 1165//1646 1080//1646
f 1080//1647 1165//1647 1163//1647
f 1080//1648 1163//1648 1074//1648
f 1074//1649 1163//1649 1161//1649
f 1074//1650 1161//1650 1068//1650
f 1068//1651 1161//1651 1159//1651
f 1068//1652 1159//1652 1167//1652
f 1167//1653 1159//1653 1158//1653
f 1167//1654 1158//1654 1098//1654
f 1168//1655 1111//1655 1110//1655
f 1169//1656 1170//1656 1171//1656
f 1171//1657 1170//1657 1172//1657
f 1171//1658 1172//1658 1173//1658
f 1173//1659 1172//1659 1107//1659
f 1173//1660 1107//1660 1109//1660
f 1122//1661 1174//1661 1110//1661
f 1110//1662 1174//1662 1175//1662
f 1110//1663 1175//1663 1168//1663
f 1045//1664 1107//1664 1128//1664
f 1128//1665 1107//1665 1172//1665
f 1128//1666 1172//1666 1122//1666
f 1122//1667 1172//1667 1170//1667
f 1122//1668 1170//1668 1174//1668
f 1174//1669 1170//1669 1169//1669
f 1174//1670 1169//1670 1175//1670
f 1175//1671 1169//1671 1176//1671
f 1175//1672 1176//1672 1168//1672
f 767//1673 771//1673 1177//1673
f 1178//1674 157//1674 1179//1674
f 1180//1675 1117//1675 1181//1675
f 1181//1676 1117//1676 1115//1676
f 1181//1677 1115//1677 1113//1677
f 774//1678 728//1678 1182//1678
f 1182//1679 728//1679 1121//1679
f 1182//1680 1121//1680 1180//1680
f 1180//1681 1121//1681 1119//1681
f 1180//1682 1119//1682 1117//1682
f 1183//1683 1184//1683 1185//1683
f 771//1684 773//1684 1177//1684
f 1177//1685 773//1685 1186//1685
f 1177//1686 1186//1686 1187//1686
f 1187//1687 1186//1687 1183//1687
f 1187//1688 1183//1688 1188//1688
f 1188//1689 1183//1689 1185//1689
f 1111//1690 1189//1690 1190//1690
f 1190//1691 1189//1691 1191//1691
f 1190//1692 1191//1692 1184//1692
f 1184//1693 1191//1693 1192//1693
f 1184//1694 1192//1694 1185//1694
f 1189//1695 1193//1695 1191//1695
f 1191//1696 1193//1696 1194//1696
f 1191//1697 1194//1697 1192//1697
f 1192//1698 1194//1698 1195//1698
f 1192//1699 1195//1699 1196//1699
f 768//1700 767//1700 1197//1700
f 1197//1701 767//1701 1177//1701
f 1197//1702 1177//1702 1198//1702
f 1198//1703 1177//1703 1187//1703
f 1198//1704 1187//1704 1199//1704
f 1199//1705 1187//1705 1188//1705
f 1199//1706 1188//1706 1200//1706
f 1200//1707 1188//1707 1185//1707
f 1200//1708 1185//1708 1179//1708
f 1179//1709 1185//1709 1192//1709
f 1179//1710 1192//1710 1178//1710
f 1178//1711 1192//1711 1196//1711
f 773//1712 774//1712 1186//1712
f 1186//1713 774//1713 1182//1713
f 1186//1714 1182//1714 1183//1714
f 1183//1715 1182//1715 1180//1715
f 1183//1716 1180//1716 1184//1716
f 1184//1717 1180//1717 1181//1717
f 1184//1718 1181//1718 1190//1718
f 1190//1719 1181//1719 1113//1719
f 1190//1720 1113//1720 1111//1720
f 753//1721 783//1721 1139//1721
f 1139//1722 783//1722 1201//1722
f 1139//1723 1201//1723 1140//1723
f 1140//1724 1201//1724 1202//1724
f 1140//1725 1202//1725 1143//1725
f 1143//1726 1202//1726 1203//1726
f 1143//1727 1203//1727 1145//1727
f 1145//1728 1203//1728 1204//1728
f 1145//1729 1204//1729 1146//1729
f 82//1730 1146//1730 1205//1730
f 783//1731 788//1731 1201//1731
f 1201//1732 788//1732 1206//1732
f 1201//1733 1206//1733 1202//1733
f 1202//1734 1206//1734 1207//1734
f 1202//1735 1207//1735 1203//1735
f 1203//1736 1207//1736 1208//1736
f 1203//1737 1208//1737 1204//1737
f 1204//1738 1208//1738 1209//1738
f 788//1739 792//1739 1206//1739
f 1206//1740 792//1740 1210//1740
f 1206//1741 1210//1741 1207//1741
f 1207//1742 1210//1742 1211//1742
f 1207//1743 1211//1743 1208//1743
f 1208//1744 1211//1744 1212//1744
f 1208//1745 1212//1745 1209//1745
f 1209//1746 1212//1746 1213//1746
f 792//1747 797//1747 1210//1747
f 1210//1748 797//1748 1214//1748
f 1210//1749 1214//1749 1211//1749
f 1211//1750 1214//1750 1215//1750
f 1211//1751 1215//1751 1212//1751
f 1212//1752 1215//1752 1216//1752
f 1212//1753 1216//1753 1213//1753
f 1213//1754 1216//1754 1217//1754
f 1213//1755 1217//1755 1218//1755
f 1146//1756 1204//1756 1205//1756
f 1205//1757 1204//1757 1209//1757
f 1205//1758 1209//1758 1219//1758
f 1219//1759 1209//1759 1213//1759
f 1219//1760 1213//1760 1220//1760
f 1220//1761 1213//1761 1218//1761
f 1220//1762 1218//1762 1221//1762
f 82//1763 1205//1763 75//1763
f 75//1764 1205//1764 1219//1764
f 75//1765 1219//1765 111//1765
f 111//1766 1219//1766 1220//1766
f 111//1767 1220//1767 112//1767
f 112//1768 1220//1768 1221//1768
f 112//1769 1221//1769 108//1769
f 1222//1770 1166//1770 1165//1770
f 1222//1771 1165//1771 1223//1771
f 1223//1772 1165//1772 1224//1772
f 1223//1773 1224//1773 1225//1773
f 1225//1774 1224//1774 1226//1774
f 1225//1775 1226//1775 1227//1775
f 1227//1776 1226//1776 1228//1776
f 1227//1777 1228//1777 1229//1777
f 1230//1778 1231//1778 1228//1778
f 1228//1779 1231//1779 1232//1779
f 1228//1780 1232//1780 1229//1780
f 85//1781 1231//1781 84//1781
f 84//1782 1231//1782 1230//1782
f 84//1783 1230//1783 82//1783
f 1165//1784 1086//1784 1136//1784
f 1165//1785 1136//1785 1224//1785
f 1224//1786 1136//1786 1137//1786
f 1224//1787 1137//1787 1226//1787
f 1226//1788 1137//1788 1156//1788
f 1226//1789 1156//1789 1228//1789
f 1156//1790 1155//1790 1228//1790
f 1228//1791 1155//1791 1154//1791
f 1228//1792 1154//1792 1230//1792
f 1230//1793 1154//1793 1153//1793
f 1230//1794 1153//1794 82//1794
f 1233//1795 1234//1795 1235//1795
f 1236//1796 160//1796 159//1796
f 1236//1797 159//1797 1237//1797
f 1237//1798 159//1798 1238//1798
f 1237//1799 1238//1799 1239//1799
f 1239//1800 1238//1800 1240//1800
f 1239//1801 1240//1801 1241//1801
f 1233//1802 1235//1802 1242//1802
f 1235//1803 1243//1803 1242//1803
f 1242//1804 1243//1804 1168//1804
f 1242//1805 1168//1805 1176//1805
f 1195//1806 1240//1806 1196//1806
f 1196//1807 1240//1807 1238//1807
f 1196//1808 1238//1808 1178//1808
f 1178//1809 1238//1809 159//1809
f 1178//1810 159//1810 157//1810
f 1195//1811 1194//1811 1240//1811
f 1240//1812 1194//1812 1235//1812
f 1240//1813 1235//1813 1241//1813
f 1241//1814 1235//1814 1234//1814
f 1194//1815 1193//1815 1235//1815
f 1235//1816 1193//1816 1189//1816
f 1235//1817 1189//1817 1243//1817
f 1243//1818 1189//1818 1111//1818
f 1243//1819 1111//1819 1168//1819
f 1244//1820 1245//1820 1246//1820
f 1246//1821 1245//1821 1247//1821
f 1246//1822 1247//1822 1248//1822
f 1248//1823 1247//1823 1249//1823
f 1248//1824 1249//1824 1250//1824
f 1250//1825 1249//1825 1251//1825
f 1250//1826 1251//1826 802//1826
f 802//1827 1251//1827 803//1827
f 176//1828 175//1828 1252//1828
f 1252//1829 175//1829 1253//1829
f 1252//1830 1253//1830 1244//1830
f 1244//1831 1253//1831 1254//1831
f 1244//1832 1254//1832 1245//1832
f 177//1833 176//1833 1255//1833
f 1255//1834 176//1834 1252//1834
f 1255//1835 1252//1835 1256//1835
f 1256//1836 1252//1836 1244//1836
f 1256//1837 1244//1837 1257//1837
f 1257//1838 1244//1838 1246//1838
f 1257//1839 1246//1839 1258//1839
f 1258//1840 1246//1840 1248//1840
f 1258//1841 1248//1841 1259//1841
f 1259//1842 1248//1842 1250//1842
f 1259//1843 1250//1843 812//1843
f 812//1844 1250//1844 802//1844
f 156//1845 177//1845 1260//1845
f 1260//1846 177//1846 1255//1846
f 1260//1847 1255//1847 1261//1847
f 1261//1848 1255//1848 1256//1848
f 1261//1849 1256//1849 1262//1849
f 1262//1850 1256//1850 1257//1850
f 1262//1851 1257//1851 1263//1851
f 1263//1852 1257//1852 1258//1852
f 1263//1853 1258//1853 1264//1853
f 1264//1854 1258//1854 1259//1854
f 1264//1855 1259//1855 816//1855
f 816//1856 1259//1856 812//1856
f 157//1857 156//1857 1179//1857
f 1179//1858 156//1858 1260//1858
f 1179//1859 1260//1859 1200//1859
f 1200//1860 1260//1860 1261//1860
f 1200//1861 1261//1861 1199//1861
f 1199//1862 1261//1862 1262//1862
f 1199//1863 1262//1863 1198//1863
f 1198//1864 1262//1864 1263//1864
f 1198//1865 1263//1865 1197//1865
f 1197//1866 1263//1866 1264//1866
f 1197//1867 1264//1867 768//1867
f 768//1868 1264//1868 816//1868
f 1265//1869 1266//1869 1267//1869
f 1268//1870 1269//1870 1270//1870
f 1270//1871 1269//1871 1271//1871
f 1270//1872 1271//1872 1272//1872
f 1272//1873 1271//1873 1273//1873
f 832//1874 837//1874 1274//1874
f 1274//1875 837//1875 1275//1875
f 1274//1876 1275//1876 1268//1876
f 1268//1877 1275//1877 1276//1877
f 1268//1878 1276//1878 1269//1878
f 823//1879 828//1879 1277//1879
f 1277//1880 828//1880 1278//1880
f 1277//1881 1278//1881 1279//1881
f 1279//1882 1278//1882 1280//1882
f 1279//1883 1280//1883 1281//1883
f 1281//1884 1280//1884 1282//1884
f 1281//1885 1282//1885 1283//1885
f 1283//1886 1282//1886 1284//1886
f 1265//1887 1267//1887 1285//1887
f 1285//1888 1267//1888 1221//1888
f 1285//1889 1221//1889 1218//1889
f 122//1890 121//1890 1266//1890
f 1266//1891 121//1891 120//1891
f 1266//1892 120//1892 1267//1892
f 1267//1893 120//1893 108//1893
f 1267//1894 108//1894 1221//1894
f 797//1895 823//1895 1214//1895
f 1214//1896 823//1896 1277//1896
f 1214//1897 1277//1897 1215//1897
f 1215//1898 1277//1898 1279//1898
f 1215//1899 1279//1899 1216//1899
f 1216//1900 1279//1900 1281//1900
f 1216//1901 1281//1901 1217//1901
f 1217//1902 1281//1902 1283//1902
f 1217//1903 1283//1903 1218//1903
f 1218//1904 1283//1904 1285//1904
f 1285//1905 1283//1905 1284//1905
f 1285//1906 1284//1906 1265//1906
f 1265//1907 1284//1907 1286//1907
f 1265//1908 1286//1908 1266//1908
f 1266//1909 1286//1909 1287//1909
f 1266//1910 1287//1910 122//1910
f 1273//1911 1286//1911 1272//1911
f 1272//1912 1286//1912 1284//1912
f 1272//1913 1284//1913 1270//1913
f 1270//1914 1284//1914 1282//1914
f 1270//1915 1282//1915 1268//1915
f 1268//1916 1282//1916 1280//1916
f 1268//1917 1280//1917 1274//1917
f 1274//1918 1280//1918 1278//1918
f 1274//1919 1278//1919 832//1919
f 832//1920 1278//1920 828//1920
f 842//1921 847//1921 1288//1921
f 1288//1922 847//1922 1289//1922
f 1288//1923 1289//1923 1290//1923
f 1290//1924 1289//1924 1291//1924
f 1290//1925 1291//1925 1292//1925
f 851//1926 803//1926 1293//1926
f 1293//1927 803//1927 1251//1927
f 1293//1928 1251//1928 1294//1928
f 1294//1929 1251//1929 1249//1929
f 1294//1930 1249//1930 1295//1930
f 1295//1931 1249//1931 1247//1931
f 1295//1932 1247//1932 1296//1932
f 1296//1933 1247//1933 1245//1933
f 1296//1934 1245//1934 1297//1934
f 1297//1935 1245//1935 1254//1935
f 1297//1936 1254//1936 1298//1936
f 1298//1937 1254//1937 1253//1937
f 1298//1938 1253//1938 175//1938
f 837//1939 842//1939 1275//1939
f 1275//1940 842//1940 1288//1940
f 1275//1941 1288//1941 1276//1941
f 1276//1942 1288//1942 1290//1942
f 178//1943 122//1943 1299//1943
f 1299//1944 122//1944 1287//1944
f 1299//1945 1287//1945 1300//1945
f 1300//1946 1287//1946 1286//1946
f 1300//1947 1286//1947 1301//1947
f 1301//1948 1286//1948 1273//1948
f 1301//1949 1273//1949 1292//1949
f 1292//1950 1273//1950 1271//1950
f 1292//1951 1271//1951 1290//1951
f 1290//1952 1271//1952 1269//1952
f 1290//1953 1269//1953 1276//1953
f 847//1954 851//1954 1289//1954
f 1289//1955 851//1955 1293//1955
f 1289//1956 1293//1956 1291//1956
f 1291//1957 1293//1957 1294//1957
f 1291//1958 1294//1958 1292//1958
f 1292//1959 1294//1959 1295//1959
f 1292//1960 1295//1960 1301//1960
f 1301//1961 1295//1961 1296//1961
f 1301//1962 1296//1962 1300//1962
f 1300//1963 1296//1963 1297//1963
f 1300//1964 1297//1964 1299//1964
f 1299//1965 1297//1965 1298//1965
f 1299//1966 1298//1966 178//1966
f 178//1967 1298//1967 175//1967
f 200//1968 198//1968 1302//1968
f 1302//1968 198//1968 1303//1968
f 1302//1969 1303//1969 1304//1969
f 1304//1969 1303//1969 1305//1969
f 1304//1970 1305//1970 1306//1970
f 1306//1970 1305//1970 1307//1970
f 1306//1971 1307//1971 1308//1971
f 1308//1971 1307//1971 1309//1971
f 1308//1972 1309//1972 1310//1972
f 1310//1972 1309//1972 1311//1972
f 1310//1973 1311//1973 1312//1973
f 1312//1973 1311//1973 1313//1973
f 1312//1974 1313//1974 1314//1974
f 1314//1974 1313//1974 1315//1974
f 1314//1975 1315//1975 1316//1975
f 1316//1975 1315//1975 1317//1975
f 1316//1976 1317//1976 1318//1976
f 1318//1976 1317//1976 1319//1976
f 1318//1977 1319//1977 1320//1977
f 1320//1977 1319//1977 1321//1977
f 1320//1978 1321//1978 1322//1978
f 1322//1978 1321//1978 1323//1978
f 1322//1979 1323//1979 1324//1979
f 1324//1979 1323//1979 1325//1979
f 1324//1980 1325//1980 1326//1980
f 1326//1980 1325//1980 1327//1980
f 1326//1981 1327//1981 1328//1981
f 1328//1981 1327//1981 1329//1981
f 1328//1982 1329//1982 1330//1982
f 1330//1982 1329//1982 1331//1982
f 1330//1983 1331//1983 1332//1983
f 1332//1983 1331//1983 1333//1983
f 1332//1984 1333//1984 1334//1984
f 1334//1984 1333//1984 1335//1984
f 1334//1985 1335//1985 1336//1985
f 1336//1985 1335//1985 1337//1985
f 1336//1986 1337//1986 1338//1986
f 1338//1986 1337//1986 1339//1986
f 1338//1987 1339//1987 1340//1987
f 1340//1987 1339//1987 1341//1987
f 1340//1988 1341//1988 1342//1988
f 1342//1988 1341//1988 1343//1988
f 1342//1989 1343//1989 1344//1989
f 1344//1989 1343//1989 1345//1989
f 1346//1990 1347//1990 1345//1990
f 1345//1990 1347//1990 1344//1990
f 1348//1984 1349//1984 1350//1984
f 1350//1984 1349//1984 1351//1984
f 1350//1984 1351//1984 1352//1984
f 1353//1984 1354//1984 1355//1984
f 1356//1991 1357//1991 1358//1991
f 1352//1984 1359//1984 1350//1984
f 1350//1984 1359//1984 1355//1984
f 1350//1984 1355//1984 1360//1984
f 1360//1984 1355//1984 1354//1984
f 1361//1984 1362//1984 1350//1984
f 1350//1984 1362//1984 1363//1984
f 1350//1984 1363//1984 1364//1984
f 1364//1984 1365//1984 1350//1984
f 1350//1984 1365//1984 1366//1984
f 1350//1984 1366//1984 1367//1984
f 1367//1984 1368//1984 1350//1984
f 1350//1984 1368//1984 1369//1984
f 1350//1984 1369//1984 1348//1984
f 1353//1984 1355//1984 1358//1984
f 1358//1984 1355//1984 1370//1984
f 1358//1984 1370//1984 1356//1984
f 1371//1992 1361//1992 1350//1992
f 1350//1992 1372//1992 1371//1992
f 1371//1993 1372//1993 1373//1993
f 1371//1994 1373//1994 1374//1994
f 1374//1995 1373//1995 236//1995
f 1374//1996 236//1996 232//1996
f 226//1997 219//1997 1375//1997
f 226//1998 1375//1998 1376//1998
f 1376//1999 1375//1999 1377//1999
f 1376//2000 1377//2000 1378//2000
f 1378//2001 1377//2001 1379//2001
f 1379//2002 1377//2002 1380//2002
f 1379//2003 1380//2003 1381//2003
f 1381//2004 1380//2004 31//2004
f 1381//2005 31//2005 30//2005
f 7//2006 8//2006 1382//2006
f 1382//2007 8//2007 1383//2007
f 1383//2008 8//2008 1384//2008
f 1384//2009 8//2009 1385//2009
f 1384//2010 1385//2010 1386//2010
f 1386//2011 1385//2011 1387//2011
f 1386//2012 1387//2012 1388//2012
f 1388//2013 1387//2013 1389//2013
f 1389//2014 1387//2014 229//2014
f 1389//2015 229//2015 272//2015
f 3//1 2//1 1390//1
f 1390//2016 2//2016 1391//2016
f 1392//2017 1393//2017 1394//2017
f 1394//2018 1393//2018 1395//2018
f 1394//2019 1395//2019 2//2019
f 2//2020 1395//2020 1396//2020
f 2//2021 1396//2021 1391//2021
f 1392//2022 1394//2022 1397//2022
f 1397//2023 1394//2023 1398//2023
f 1397//2024 1398//2024 202//2024
f 202//2025 1398//2025 1399//2025
f 202//2026 1399//2026 201//2026
f 1399//2027 1400//2027 201//2027
f 201//2028 1400//2028 1401//2028
f 201//2029 1401//2029 199//2029
f 199//2030 1401//2030 1402//2030
f 199//2031 1402//2031 1403//2031
f 183//2032 182//2032 1404//2032
f 1404//2033 182//2033 199//2033
f 1404//2034 199//2034 1405//2034
f 1405//2035 199//2035 1403//2035
f 189//2036 1406//2036 187//2036
f 187//2037 1406//2037 1407//2037
f 187//2038 1407//2038 203//2038
f 1408//2039 196//2039 1409//2039
f 1409//2040 196//2040 203//2040
f 1409//2041 203//2041 1410//2041
f 1410//2042 203//2042 1407//2042
f 1411//2043 32//2043 1412//2043
f 1412//2 32//2 33//2
f 1411//2044 1413//2044 32//2044
f 32//2045 1413//2045 1414//2045
f 32//2046 1414//2046 1415//2046
f 1415//2047 1414//2047 1416//2047
f 1415//2048 1416//2048 1417//2048
f 1417//2049 1416//2049 1418//2049
f 1417//2050 1418//2050 1419//2050
f 1419//2051 1418//2051 197//2051
f 1419//2052 197//2052 1420//2052
f 1420//2053 197//2053 196//2053
f 1420//2054 196//2054 1421//2054
f 1421//2055 196//2055 1408//2055
f 223//2056 236//2056 1422//2056
f 1422//2057 236//2057 1423//2057
f 1422//2058 1423//2058 1424//2058
f 1424//2059 1423//2059 1425//2059
f 1424//2060 1425//2060 1426//2060
f 1426//2061 1425//2061 1427//2061
f 1426//2062 1427//2062 951//2062
f 951//2063 1427//2063 946//2063
f 248//2064 223//2064 1428//2064
f 1428//2065 223//2065 1422//2065
f 1428//2066 1422//2066 1429//2066
f 1429//2067 1422//2067 1424//2067
f 1429//2068 1424//2068 1430//2068
f 1430//2069 1424//2069 1426//2069
f 1430//2070 1426//2070 952//2070
f 952//2071 1426//2071 951//2071
f 1430//2072 952//2072 1019//2072
f 1429//2073 1430//2073 1431//2073
f 1428//2074 1429//2074 1432//2074
f 248//2075 1428//2075 1433//2075
f 1430//2076 1019//2076 1431//2076
f 1431//2077 1019//2077 1021//2077
f 1431//2078 1021//2078 1434//2078
f 1434//2079 1021//2079 1023//2079
f 1434//2080 1023//2080 1435//2080
f 1435//2081 1023//2081 1025//2081
f 1435//2082 1025//2082 1436//2082
f 1436//2083 1025//2083 1027//2083
f 1436//2084 1027//2084 1437//2084
f 1027//2085 1028//2085 1437//2085
f 1437//2086 1028//2086 1029//2086
f 1437//2087 1029//2087 1438//2087
f 1438//2088 1029//2088 1030//2088
f 1438//2089 1030//2089 1439//2089
f 1429//2090 1431//2090 1432//2090
f 1432//2091 1431//2091 1434//2091
f 1432//2092 1434//2092 1440//2092
f 1440//2093 1434//2093 1435//2093
f 1440//2094 1435//2094 1441//2094
f 1441//2095 1435//2095 1436//2095
f 1441//2096 1436//2096 1442//2096
f 1442//2097 1436//2097 1437//2097
f 1442//2098 1437//2098 1443//2098
f 1443//2099 1437//2099 1438//2099
f 1443//2100 1438//2100 1444//2100
f 1444//2101 1438//2101 1439//2101
f 1444//2102 1439//2102 1445//2102
f 1428//2103 1432//2103 1433//2103
f 1433//2104 1432//2104 1440//2104
f 1433//2105 1440//2105 1446//2105
f 1446//2106 1440//2106 1441//2106
f 1446//2107 1441//2107 1447//2107
f 1447//2108 1441//2108 1442//2108
f 1447//2109 1442//2109 1448//2109
f 1448//2110 1442//2110 1443//2110
f 1448//2111 1443//2111 1449//2111
f 1449//2112 1443//2112 1444//2112
f 1449//2113 1444//2113 1450//2113
f 1450//2114 1444//2114 1445//2114
f 1450//2115 1445//2115 1451//2115
f 248//2116 1433//2116 249//2116
f 249//2117 1433//2117 1446//2117
f 249//2118 1446//2118 250//2118
f 250//2119 1446//2119 1447//2119
f 250//2120 1447//2120 251//2120
f 251//2121 1447//2121 1448//2121
f 251//2122 1448//2122 261//2122
f 261//2123 1448//2123 1449//2123
f 261//2124 1449//2124 262//2124
f 262//2125 1449//2125 1450//2125
f 262//2126 1450//2126 252//2126
f 252//2127 1450//2127 1451//2127
f 252//2128 1451//2128 253//2128
f 1373//2129 1372//2129 1452//2129
f 1452//2130 1372//2130 1453//2130
f 1452//2131 1453//2131 1454//2131
f 1454//2132 1453//2132 1455//2132
f 1454//2133 1455//2133 1456//2133
f 1456//2134 1455//2134 1457//2134
f 1456//2135 1457//2135 947//2135
f 947//2136 1457//2136 948//2136
f 236//2137 1373//2137 1423//2137
f 1423//2138 1373//2138 1452//2138
f 1423//2139 1452//2139 1425//2139
f 1425//2140 1452//2140 1454//2140
f 1425//2141 1454//2141 1427//2141
f 1427//2142 1454//2142 1456//2142
f 1427//2143 1456//2143 946//2143
f 946//2144 1456//2144 947//2144
f 1439//2145 1030//2145 1093//2145
f 1445//2146 1439//2146 1458//2146
f 1451//2147 1445//2147 1459//2147
f 253//2148 1451//2148 1460//2148
f 1445//2149 1458//2149 1459//2149
f 1459//2150 1458//2150 1461//2150
f 1459//2151 1461//2151 1462//2151
f 1462//2152 1461//2152 1463//2152
f 1462//2153 1463//2153 1464//2153
f 1439//2154 1093//2154 1458//2154
f 1458//2155 1093//2155 1094//2155
f 1458//2156 1094//2156 1461//2156
f 1461//2157 1094//2157 1096//2157
f 1461//2158 1096//2158 1463//2158
f 1463//2159 1096//2159 1099//2159
f 1463//2160 1099//2160 1098//2160
f 1098//2161 1465//2161 1463//2161
f 1463//2162 1465//2162 1466//2162
f 1463//2163 1466//2163 1464//2163
f 1464//2164 1466//2164 1467//2164
f 1464//2165 1467//2165 1468//2165
f 1451//2166 1459//2166 1460//2166
f 1460//2167 1459//2167 1462//2167
f 1460//2168 1462//2168 1469//2168
f 1469//2169 1462//2169 1464//2169
f 1469//2170 1464//2170 1470//2170
f 1470//2171 1464//2171 1468//2171
f 1470//2172 1468//2172 1471//2172
f 253//2173 1460//2173 254//2173
f 254//2174 1460//2174 1469//2174
f 254//2175 1469//2175 227//2175
f 227//2176 1469//2176 1470//2176
f 227//2177 1470//2177 228//2177
f 228//2178 1470//2178 1471//2178
f 228//2179 1471//2179 242//2179
f 1472//2180 949//2180 948//2180
f 948//2181 1457//2181 1472//2181
f 1472//2182 1457//2182 1455//2182
f 1472//2183 1455//2183 1350//2183
f 1350//2184 1455//2184 1453//2184
f 1350//2185 1453//2185 1372//2185
f 1465//2186 1098//2186 1158//2186
f 1467//2187 1466//2187 1473//2187
f 1473//2188 1466//2188 1465//2188
f 1471//2189 1468//2189 1474//2189
f 1474//2190 1468//2190 1467//2190
f 243//2191 242//2191 1471//2191
f 1465//2192 1158//2192 1473//2192
f 1473//2193 1158//2193 1160//2193
f 1473//2194 1160//2194 1475//2194
f 1475//2195 1160//2195 1162//2195
f 1475//2196 1162//2196 1476//2196
f 1476//2197 1162//2197 1164//2197
f 1476//2198 1164//2198 1477//2198
f 1477//2199 1164//2199 1166//2199
f 1477//2200 1166//2200 1478//2200
f 1467//2201 1473//2201 1474//2201
f 1474//2202 1473//2202 1475//2202
f 1474//2203 1475//2203 1479//2203
f 1479//2204 1475//2204 1476//2204
f 1479//2205 1476//2205 1480//2205
f 1480//2206 1476//2206 1477//2206
f 1480//2207 1477//2207 1481//2207
f 1481//2208 1477//2208 1478//2208
f 1481//2209 1478//2209 1482//2209
f 1471//2210 1474//2210 243//2210
f 243//2211 1474//2211 1479//2211
f 243//2212 1479//2212 244//2212
f 244//2213 1479//2213 1480//2213
f 244//2214 1480//2214 255//2214
f 255//2215 1480//2215 1481//2215
f 255//2216 1481//2216 256//2216
f 256//2217 1481//2217 1482//2217
f 256//2218 1482//2218 257//2218
f 1483//2219 862//2219 953//2219
f 1357//2220 1483//2220 1484//2220
f 1483//2221 953//2221 1484//2221
f 1484//2222 953//2222 956//2222
f 1484//2223 956//2223 1485//2223
f 1485//2224 956//2224 955//2224
f 1485//2225 955//2225 1486//2225
f 1486//2226 955//2226 954//2226
f 1486//2227 954//2227 1487//2227
f 1487//2228 954//2228 949//2228
f 1487//2229 949//2229 1472//2229
f 1357//2230 1484//2230 1358//2230
f 1358//2231 1484//2231 1485//2231
f 1358//2232 1485//2232 1353//2232
f 1353//2233 1485//2233 1486//2233
f 1353//2234 1486//2234 1354//2234
f 1354//2235 1486//2235 1487//2235
f 1354//2236 1487//2236 1360//2236
f 1360//2237 1487//2237 1472//2237
f 1360//2238 1472//2238 1350//2238
f 1482//2239 1478//2239 1488//2239
f 257//2240 1482//2240 1489//2240
f 1227//2241 1490//2241 1225//2241
f 1225//2242 1490//2242 1491//2242
f 1225//2243 1491//2243 1223//2243
f 1223//2244 1491//2244 1488//2244
f 1223//2245 1488//2245 1222//2245
f 1222//2246 1488//2246 1478//2246
f 1222//2247 1478//2247 1166//2247
f 1229//2248 1492//2248 1227//2248
f 1227//2249 1492//2249 1493//2249
f 1227//2250 1493//2250 1490//2250
f 1229//2251 1232//2251 1492//2251
f 1492//2252 1232//2252 1231//2252
f 1492//2253 1231//2253 1494//2253
f 1494//2254 1231//2254 85//2254
f 1494//2255 85//2255 1495//2255
f 1482//2256 1488//2256 1489//2256
f 1489//2257 1488//2257 1491//2257
f 1489//2258 1491//2258 1496//2258
f 1496//2259 1491//2259 1490//2259
f 1496//2260 1490//2260 1497//2260
f 1497//2261 1490//2261 1493//2261
f 1497//2262 1493//2262 1498//2262
f 1498//2263 1493//2263 1492//2263
f 1498//2264 1492//2264 1499//2264
f 1499//2265 1492//2265 1494//2265
f 1499//2265 1494//2265 1500//2265
f 1500//2266 1494//2266 1495//2266
f 1500//2267 1495//2267 1501//2267
f 257//2268 1489//2268 266//2268
f 266//2269 1489//2269 1496//2269
f 266//2270 1496//2270 267//2270
f 267//2271 1496//2271 1497//2271
f 267//2272 1497//2272 268//2272
f 268//2273 1497//2273 1498//2273
f 268//2274 1498//2274 280//2274
f 280//2275 1498//2275 1499//2275
f 280//2276 1499//2276 281//2276
f 281//2277 1499//2277 1500//2277
f 281//2278 1500//2278 269//2278
f 269//2279 1500//2279 1501//2279
f 269//2280 1501//2280 270//2280
f 1502//2281 856//2281 857//2281
f 1351//2282 1502//2282 1503//2282
f 1502//2283 857//2283 1503//2283
f 1503//2284 857//2284 858//2284
f 1503//2285 858//2285 1504//2285
f 1504//2286 858//2286 859//2286
f 1504//2287 859//2287 1505//2287
f 1505//2288 859//2288 860//2288
f 1505//2289 860//2289 1506//2289
f 1506//2290 860//2290 861//2290
f 1506//2291 861//2291 1507//2291
f 1507//2292 861//2292 862//2292
f 1507//2293 862//2293 1483//2293
f 1351//2282 1503//2282 1352//2282
f 1352//2294 1503//2294 1504//2294
f 1352//2295 1504//2295 1359//2295
f 1359//2296 1504//2296 1505//2296
f 1359//2297 1505//2297 1355//2297
f 1355//2298 1505//2298 1506//2298
f 1355//2299 1506//2299 1370//2299
f 1370//2300 1506//2300 1507//2300
f 1370//2301 1507//2301 1356//2301
f 1356//2302 1507//2302 1483//2302
f 1356//2303 1483//2303 1357//2303
f 271//2304 270//2304 1508//2304
f 1508//2305 270//2305 1501//2305
f 1508//2306 1501//2306 1509//2306
f 1509//2307 1501//2307 1495//2307
f 1509//2308 1495//2308 83//2308
f 83//2309 1495//2309 85//2309
f 272//2310 271//2310 1510//2310
f 1510//2310 271//2310 1508//2310
f 1510//2311 1508//2311 1511//2311
f 1511//2312 1508//2312 1509//2312
f 1511//2313 1509//2313 81//2313
f 81//2314 1509//2314 83//2314
f 856//2315 1502//2315 1512//2315
f 1513//2316 889//2316 888//2316
f 1366//2317 1513//2317 1514//2317
f 1513//2318 888//2318 1514//2318
f 1514//2319 888//2319 887//2319
f 1514//2320 887//2320 1515//2320
f 1515//2321 887//2321 891//2321
f 1515//2322 891//2322 1516//2322
f 1516//2323 891//2323 890//2323
f 1516//2324 890//2324 1517//2324
f 1517//2325 890//2325 893//2325
f 1517//2326 893//2326 1512//2326
f 1512//2327 893//2327 892//2327
f 1512//2328 892//2328 856//2328
f 1366//2329 1514//2329 1367//2329
f 1367//2330 1514//2330 1515//2330
f 1367//2331 1515//2331 1368//2331
f 1368//2332 1515//2332 1516//2332
f 1368//2333 1516//2333 1369//2333
f 1369//2334 1516//2334 1517//2334
f 1369//2335 1517//2335 1348//2335
f 1348//2336 1517//2336 1512//2336
f 1348//2337 1512//2337 1349//2337
f 1349//2338 1512//2338 1502//2338
f 1349//2339 1502//2339 1351//2339
f 1388//2340 1389//2340 1518//2340
f 76//2341 62//2341 1519//2341
f 1519//2342 62//2342 1520//2342
f 1519//2343 1520//2343 1521//2343
f 1521//2344 1520//2344 1522//2344
f 1521//2345 1522//2345 1382//2345
f 1382//2346 1522//2346 7//2346
f 1382//2347 1383//2347 1521//2347
f 1521//2348 1383//2348 1523//2348
f 1521//2349 1523//2349 1519//2349
f 1519//2350 1523//2350 1524//2350
f 1519//2351 1524//2351 76//2351
f 79//2352 78//2352 1524//2352
f 1524//2353 78//2353 77//2353
f 1524//2354 77//2354 76//2354
f 1388//2355 1518//2355 1386//2355
f 1384//2356 1386//2356 1525//2356
f 1525//2357 1386//2357 1518//2357
f 1525//2358 1518//2358 1526//2358
f 1526//2359 1518//2359 1527//2359
f 1511//2360 1527//2360 1510//2360
f 1510//2361 1527//2361 1518//2361
f 1510//2362 1518//2362 272//2362
f 272//2363 1518//2363 1389//2363
f 1383//2364 1384//2364 1523//2364
f 1523//2365 1384//2365 1525//2365
f 1523//2366 1525//2366 1524//2366
f 1524//2367 1525//2367 1526//2367
f 1524//2368 1526//2368 79//2368
f 79//2369 1526//2369 1527//2369
f 79//2370 1527//2370 80//2370
f 80//2371 1527//2371 1511//2371
f 80//2372 1511//2372 81//2372
f 1528//2373 960//2373 959//2373
f 1361//2374 1528//2374 1529//2374
f 1528//2375 959//2375 1529//2375
f 1529//2376 959//2376 958//2376
f 1529//2377 958//2377 1530//2377
f 1530//2378 958//2378 962//2378
f 1530//2379 962//2379 1531//2379
f 1531//2380 962//2380 963//2380
f 1531//2381 963//2381 1532//2381
f 1532//2382 963//2382 889//2382
f 1532//2383 889//2383 1513//2383
f 1361//2384 1529//2384 1362//2384
f 1362//2385 1529//2385 1530//2385
f 1362//2386 1530//2386 1363//2386
f 1363//2387 1530//2387 1531//2387
f 1363//2388 1531//2388 1364//2388
f 1364//2389 1531//2389 1532//2389
f 1364//2390 1532//2390 1365//2390
f 1365//2391 1532//2391 1513//2391
f 1365//2392 1513//2392 1366//2392
f 1//2393 7//2393 1533//2393
f 1533//2394 7//2394 1522//2394
f 1533//2395 1522//2395 1534//2395
f 1534//2396 1522//2396 1520//2396
f 1534//2397 1520//2397 88//2397
f 88//2398 1520//2398 62//2398
f 2//2399 1//2399 1535//2399
f 1535//2400 1//2400 1533//2400
f 1535//2401 1533//2401 1536//2401
f 1536//2402 1533//2402 1534//2402
f 1536//2403 1534//2403 87//2403
f 87//2404 1534//2404 88//2404
f 1361//2405 1371//2405 1537//2405
f 1361//2406 1537//2406 1528//2406
f 961//2407 960//2407 1538//2407
f 1538//2408 960//2408 1528//2408
f 1538//2409 1528//2409 1539//2409
f 1539//2410 1528//2410 1537//2410
f 1536//2411 87//2411 86//2411
f 1535//2412 1536//2412 1540//2412
f 2//2413 1535//2413 1541//2413
f 2//2414 1541//2414 1394//2414
f 1394//2415 1541//2415 1542//2415
f 1394//2416 1542//2416 1398//2416
f 1398//2417 1542//2417 1543//2417
f 1398//2418 1543//2418 1399//2418
f 1399//2419 1543//2419 1544//2419
f 1399//2420 1544//2420 1400//2420
f 1536//2421 86//2421 1540//2421
f 1540//2422 86//2422 67//2422
f 1540//2423 67//2423 1545//2423
f 1545//2424 67//2424 94//2424
f 1545//2425 94//2425 1546//2425
f 1546//2426 94//2426 96//2426
f 1546//2427 96//2427 1547//2427
f 1547//2428 96//2428 98//2428
f 1547//2429 98//2429 1548//2429
f 1548//2430 98//2430 100//2430
f 1548//2431 100//2431 1549//2431
f 1549//2432 100//2432 102//2432
f 1549//2433 102//2433 1550//2433
f 1550//2434 102//2434 104//2434
f 1550//2435 104//2435 1551//2435
f 1551//2436 104//2436 106//2436
f 1551//2437 106//2437 1552//2437
f 1535//2412 1540//2412 1541//2412
f 1541//2438 1540//2438 1545//2438
f 1541//2439 1545//2439 1542//2439
f 1542//2440 1545//2440 1546//2440
f 1542//2441 1546//2441 1543//2441
f 1543//2442 1546//2442 1547//2442
f 1543//2443 1547//2443 1544//2443
f 1544//2444 1547//2444 1548//2444
f 1544//2445 1548//2445 1553//2445
f 1553//2446 1548//2446 1549//2446
f 1553//2447 1549//2447 1554//2447
f 1554//2448 1549//2448 1550//2448
f 1554//2449 1550//2449 1555//2449
f 1555//2450 1550//2450 1551//2450
f 1555//2451 1551//2451 1556//2451
f 1556//2452 1551//2452 1552//2452
f 1556//2453 1552//2453 1557//2453
f 1400//2454 1544//2454 1401//2454
f 1401//2455 1544//2455 1553//2455
f 1401//2456 1553//2456 1402//2456
f 1402//2457 1553//2457 1554//2457
f 1402//2458 1554//2458 1403//2458
f 1403//2459 1554//2459 1555//2459
f 1403//2460 1555//2460 1405//2460
f 1405//2461 1555//2461 1556//2461
f 1405//2462 1556//2462 1404//2462
f 1404//2463 1556//2463 1557//2463
f 1404//2464 1557//2464 183//2464
f 1374//2465 232//2465 1558//2465
f 1558//2466 232//2466 1559//2466
f 1558//2467 1559//2467 1560//2467
f 1560//2468 1559//2468 1561//2468
f 1560//2469 1561//2469 1562//2469
f 1562//2470 1561//2470 1563//2470
f 1562//2471 1563//2471 964//2471
f 964//2472 1563//2472 965//2472
f 1371//2473 1374//2473 1537//2473
f 1537//2474 1374//2474 1558//2474
f 1537//2475 1558//2475 1539//2475
f 1539//2476 1558//2476 1560//2476
f 1539//2477 1560//2477 1538//2477
f 1538//2478 1560//2478 1562//2478
f 1538//2479 1562//2479 961//2479
f 961//2480 1562//2480 964//2480
f 184//2481 183//2481 1564//2481
f 1564//2482 183//2482 1557//2482
f 1564//2483 1557//2483 1565//2483
f 1565//2484 1557//2484 1552//2484
f 1565//2485 1552//2485 107//2485
f 107//2486 1552//2486 106//2486
f 190//2487 184//2487 1566//2487
f 1566//2488 184//2488 1564//2488
f 1566//2489 1564//2489 1567//2489
f 1567//2490 1564//2490 1565//2490
f 1567//2491 1565//2491 91//2491
f 91//2492 1565//2492 107//2492
f 234//2493 235//2493 1568//2493
f 1568//2494 235//2494 1569//2494
f 1568//2495 1569//2495 1570//2495
f 1570//2496 1569//2496 1571//2496
f 1570//2497 1571//2497 1572//2497
f 1572//2498 1571//2498 1573//2498
f 1572//2499 1573//2499 966//2499
f 966//2500 1573//2500 967//2500
f 232//2501 234//2501 1559//2501
f 1559//2502 234//2502 1568//2502
f 1559//2503 1568//2503 1561//2503
f 1561//2504 1568//2504 1570//2504
f 1561//2505 1570//2505 1563//2505
f 1563//2506 1570//2506 1572//2506
f 1563//2507 1572//2507 965//2507
f 965//2508 1572//2508 966//2508
f 1567//2509 91//2509 204//2509
f 1566//2510 1567//2510 1574//2510
f 190//2511 1566//2511 1575//2511
f 1567//2512 204//2512 1574//2512
f 1574//2513 204//2513 206//2513
f 1574//2514 206//2514 1576//2514
f 1576//2515 206//2515 211//2515
f 1576//2516 211//2516 1577//2516
f 1577//2517 211//2517 209//2517
f 1577//2518 209//2518 1578//2518
f 1566//2519 1574//2519 1575//2519
f 1575//2520 1574//2520 1576//2520
f 1575//2521 1576//2521 1579//2521
f 1579//2522 1576//2522 1577//2522
f 1579//2523 1577//2523 1580//2523
f 1580//2524 1577//2524 1578//2524
f 1580//2524 1578//2524 1581//2524
f 190//2525 1575//2525 191//2525
f 191//2526 1575//2526 1579//2526
f 191//2527 1579//2527 192//2527
f 192//2528 1579//2528 1580//2528
f 192//2528 1580//2528 193//2528
f 193//2529 1580//2529 1581//2529
f 193//2530 1581//2530 194//2530
f 1582//2531 1033//2531 1032//2531
f 1583//2532 1582//2532 1584//2532
f 1585//2533 1583//2533 1586//2533
f 247//2534 1585//2534 1587//2534
f 1582//2535 1032//2535 1584//2535
f 1584//2536 1032//2536 1034//2536
f 1584//2537 1034//2537 1588//2537
f 1588//2538 1034//2538 1036//2538
f 1588//2539 1036//2539 1589//2539
f 1589//2540 1036//2540 1038//2540
f 1589//2541 1038//2541 1590//2541
f 1590//2542 1038//2542 1040//2542
f 1590//2543 1040//2543 1591//2543
f 1591//2544 1040//2544 1042//2544
f 1591//2545 1042//2545 1592//2545
f 1592//2546 1042//2546 967//2546
f 1592//2547 967//2547 1573//2547
f 1583//2548 1584//2548 1586//2548
f 1586//2549 1584//2549 1588//2549
f 1586//2550 1588//2550 1593//2550
f 1593//2551 1588//2551 1589//2551
f 1593//2552 1589//2552 1594//2552
f 1594//2553 1589//2553 1590//2553
f 1594//2554 1590//2554 1595//2554
f 1595//2555 1590//2555 1591//2555
f 1595//2555 1591//2555 1596//2555
f 1596//2556 1591//2556 1592//2556
f 1596//2557 1592//2557 1597//2557
f 1597//2558 1592//2558 1573//2558
f 1597//2559 1573//2559 1571//2559
f 1585//2560 1586//2560 1587//2560
f 1587//2561 1586//2561 1593//2561
f 1587//2562 1593//2562 1598//2562
f 1598//2563 1593//2563 1594//2563
f 1598//2564 1594//2564 1599//2564
f 1599//2565 1594//2565 1595//2565
f 1599//2566 1595//2566 1600//2566
f 1600//2567 1595//2567 1596//2567
f 1600//2568 1596//2568 1601//2568
f 1601//2569 1596//2569 1597//2569
f 1601//2570 1597//2570 1602//2570
f 1602//2571 1597//2571 1571//2571
f 1602//2572 1571//2572 1569//2572
f 247//2534 1587//2534 275//2534
f 275//2573 1587//2573 1598//2573
f 275//2574 1598//2574 276//2574
f 276//2575 1598//2575 1599//2575
f 276//2576 1599//2576 277//2576
f 277//2577 1599//2577 1600//2577
f 277//2578 1600//2578 278//2578
f 278//2579 1600//2579 1601//2579
f 278//2580 1601//2580 279//2580
f 279//2581 1601//2581 1602//2581
f 279//2582 1602//2582 220//2582
f 220//2583 1602//2583 1569//2583
f 220//2584 1569//2584 235//2584
f 214//2585 216//2585 1603//2585
f 195//2586 194//2586 1604//2586
f 1604//2586 194//2586 1581//2586
f 1604//2587 1581//2587 1605//2587
f 1605//2588 1581//2588 1578//2588
f 1605//2589 1578//2589 212//2589
f 212//2590 1578//2590 209//2590
f 185//2591 195//2591 1606//2591
f 1606//2592 195//2592 1604//2592
f 1606//2593 1604//2593 1603//2593
f 1603//2594 1604//2594 1605//2594
f 1603//2595 1605//2595 214//2595
f 214//2596 1605//2596 212//2596
f 186//2597 185//2597 1607//2597
f 1607//2598 185//2598 1606//2598
f 1607//2599 1606//2599 1608//2599
f 1608//2600 1606//2600 1603//2600
f 1608//2601 1603//2601 154//2601
f 154//2602 1603//2602 216//2602
f 1609//2603 1610//2603 1611//2603
f 1610//2604 1109//2604 1108//2604
f 1612//2605 1613//2605 1614//2605
f 1614//2606 1613//2606 1609//2606
f 1615//2607 1616//2607 1612//2607
f 1616//2608 1615//2608 239//2608
f 1610//2609 1108//2609 1611//2609
f 1611//2610 1108//2610 1102//2610
f 1611//2611 1102//2611 1617//2611
f 1617//2612 1102//2612 1101//2612
f 1617//2613 1101//2613 1618//2613
f 1101//2614 1105//2614 1618//2614
f 1618//2615 1105//2615 1104//2615
f 1618//2616 1104//2616 1619//2616
f 1619//2617 1104//2617 1033//2617
f 1619//2618 1033//2618 1582//2618
f 1609//2619 1611//2619 1614//2619
f 1614//2620 1611//2620 1617//2620
f 1614//2621 1617//2621 1620//2621
f 1620//2622 1617//2622 1618//2622
f 1620//2623 1618//2623 1621//2623
f 1621//2624 1618//2624 1619//2624
f 1621//2625 1619//2625 1622//2625
f 1622//2626 1619//2626 1582//2626
f 1622//2627 1582//2627 1583//2627
f 1612//2628 1614//2628 1615//2628
f 1615//2629 1614//2629 1620//2629
f 1615//2629 1620//2629 1623//2629
f 1623//2630 1620//2630 1621//2630
f 1623//2631 1621//2631 1624//2631
f 1624//2632 1621//2632 1622//2632
f 1624//2633 1622//2633 1625//2633
f 1625//2634 1622//2634 1583//2634
f 1625//2635 1583//2635 1585//2635
f 239//2636 1615//2636 240//2636
f 240//2637 1615//2637 1623//2637
f 240//2638 1623//2638 241//2638
f 241//2639 1623//2639 1624//2639
f 241//2640 1624//2640 245//2640
f 245//2641 1624//2641 1625//2641
f 245//2642 1625//2642 246//2642
f 246//2643 1625//2643 1585//2643
f 246//2644 1585//2644 247//2644
f 188//2645 186//2645 1626//2645
f 1626//2646 186//2646 1607//2646
f 1626//2647 1607//2647 1627//2647
f 1627//2648 1607//2648 1608//2648
f 1627//2649 1608//2649 152//2649
f 152//2650 1608//2650 154//2650
f 189//2651 188//2651 1628//2651
f 1628//2652 188//2652 1626//2652
f 1628//2653 1626//2653 1629//2653
f 1629//2654 1626//2654 1627//2654
f 1629//2655 1627//2655 150//2655
f 150//2656 1627//2656 152//2656
f 1630//2657 1631//2657 1632//2657
f 259//2658 1630//2658 1633//2658
f 1630//2659 1632//2659 1633//2659
f 1633//2660 1632//2660 1634//2660
f 1633//2661 1634//2661 1635//2661
f 1635//2662 1634//2662 1636//2662
f 1635//2663 1636//2663 1637//2663
f 1173//2664 1109//2664 1610//2664
f 1610//2665 1636//2665 1173//2665
f 1173//2666 1636//2666 1634//2666
f 1173//2667 1634//2667 1171//2667
f 1171//2668 1634//2668 1632//2668
f 1171//2669 1632//2669 1169//2669
f 1169//2670 1632//2670 1631//2670
f 1169//2671 1631//2671 1176//2671
f 1610//2672 1609//2672 1636//2672
f 1636//2673 1609//2673 1613//2673
f 1636//2674 1613//2674 1637//2674
f 1637//2675 1613//2675 1612//2675
f 1637//2676 1612//2676 1616//2676
f 259//2677 1633//2677 260//2677
f 260//2678 1633//2678 1635//2678
f 260//2679 1635//2679 230//2679
f 230//2680 1635//2680 1637//2680
f 230//2681 1637//2681 231//2681
f 231//2682 1637//2682 1616//2682
f 231//2683 1616//2683 239//2683
f 1629//2684 150//2684 148//2684
f 1628//2685 1629//2685 1638//2685
f 189//2686 1628//2686 1639//2686
f 189//2687 1639//2687 1406//2687
f 1406//2688 1639//2688 1640//2688
f 1406//2689 1640//2689 1407//2689
f 1407//2690 1640//2690 1641//2690
f 1407//2691 1641//2691 1410//2691
f 1410//2692 1641//2692 1642//2692
f 1410//2693 1642//2693 1409//2693
f 1409//2694 1642//2694 1643//2694
f 1409//2695 1643//2695 1408//2695
f 1408//2696 1643//2696 1644//2696
f 1408//2697 1644//2697 1421//2697
f 1421//2698 1644//2698 1645//2698
f 1421//2699 1645//2699 1420//2699
f 1629//2700 148//2700 1638//2700
f 1638//2701 148//2701 147//2701
f 1638//2702 147//2702 1646//2702
f 1646//2703 147//2703 145//2703
f 1646//2704 145//2704 1647//2704
f 1647//2705 145//2705 143//2705
f 1647//2706 143//2706 1648//2706
f 1648//2707 143//2707 141//2707
f 1648//2708 141//2708 1649//2708
f 1649//2709 141//2709 139//2709
f 1649//2710 139//2710 1650//2710
f 1650//2711 139//2711 138//2711
f 1650//2712 138//2712 1651//2712
f 1651//2713 138//2713 128//2713
f 1651//2714 128//2714 1652//2714
f 1652//2715 128//2715 127//2715
f 1652//2716 127//2716 1653//2716
f 1653//2717 127//2717 126//2717
f 1653//2718 126//2718 1654//2718
f 1628//2719 1638//2719 1639//2719
f 1639//2720 1638//2720 1646//2720
f 1639//2721 1646//2721 1640//2721
f 1640//2722 1646//2722 1647//2722
f 1640//2723 1647//2723 1641//2723
f 1641//2724 1647//2724 1648//2724
f 1641//2725 1648//2725 1642//2725
f 1642//2726 1648//2726 1649//2726
f 1642//2727 1649//2727 1643//2727
f 1643//2728 1649//2728 1650//2728
f 1643//2729 1650//2729 1644//2729
f 1644//2730 1650//2730 1651//2730
f 1644//2731 1651//2731 1645//2731
f 1645//2732 1651//2732 1652//2732
f 1645//2733 1652//2733 1655//2733
f 1655//2734 1652//2734 1653//2734
f 1655//2735 1653//2735 1656//2735
f 1656//2736 1653//2736 1654//2736
f 1656//2737 1654//2737 1657//2737
f 1420//2738 1645//2738 1419//2738
f 1419//2739 1645//2739 1655//2739
f 1419//2740 1655//2740 1417//2740
f 1417//2741 1655//2741 1656//2741
f 1417//2742 1656//2742 1415//2742
f 1415//2743 1656//2743 1657//2743
f 1415//2744 1657//2744 32//2744
f 1658//2745 160//2745 1236//2745
f 1659//2746 1658//2746 1660//2746
f 224//2747 1659//2747 1661//2747
f 1658//2748 1236//2748 1660//2748
f 1660//2749 1236//2749 1237//2749
f 1660//2750 1237//2750 1662//2750
f 1662//2751 1237//2751 1239//2751
f 1662//2752 1239//2752 1663//2752
f 1663//2753 1239//2753 1241//2753
f 1663//2754 1241//2754 1664//2754
f 1241//2755 1234//2755 1664//2755
f 1664//2756 1234//2756 1233//2756
f 1664//2757 1233//2757 1665//2757
f 1665//2758 1233//2758 1242//2758
f 1665//2759 1242//2759 1666//2759
f 1666//2760 1242//2760 1176//2760
f 1666//2761 1176//2761 1631//2761
f 1659//2762 1660//2762 1661//2762
f 1661//2763 1660//2763 1662//2763
f 1661//2764 1662//2764 1667//2764
f 1667//2765 1662//2765 1663//2765
f 1667//2765 1663//2765 1668//2765
f 1668//2766 1663//2766 1664//2766
f 1668//2767 1664//2767 1669//2767
f 1669//2768 1664//2768 1665//2768
f 1669//2769 1665//2769 1670//2769
f 1670//2770 1665//2770 1666//2770
f 1670//2771 1666//2771 1671//2771
f 1671//2772 1666//2772 1631//2772
f 1671//2773 1631//2773 1630//2773
f 224//2774 1661//2774 263//2774
f 263//2775 1661//2775 1667//2775
f 263//2775 1667//2775 264//2775
f 264//2776 1667//2776 1668//2776
f 264//2777 1668//2777 265//2777
f 265//2778 1668//2778 1669//2778
f 265//2779 1669//2779 273//2779
f 273//2780 1669//2780 1670//2780
f 273//2781 1670//2781 274//2781
f 274//2782 1670//2782 1671//2782
f 274//2783 1671//2783 258//2783
f 258//2784 1671//2784 1630//2784
f 258//2785 1630//2785 259//2785
f 155//2786 135//2786 1672//2786
f 1672//2787 135//2787 1673//2787
f 1672//2788 1673//2788 1674//2788
f 1674//2789 1673//2789 1675//2789
f 1674//2790 1675//2790 29//2790
f 29//2791 1675//2791 30//2791
f 126//2792 155//2792 1654//2792
f 1654//2793 155//2793 1672//2793
f 1654//2794 1672//2794 1657//2794
f 1657//2795 1672//2795 1674//2795
f 1657//2796 1674//2796 32//2796
f 32//2797 1674//2797 29//2797
f 225//2798 226//2798 1676//2798
f 1676//2798 226//2798 1677//2798
f 1676//2799 1677//2799 1678//2799
f 1678//2800 1677//2800 1679//2800
f 1678//2801 1679//2801 158//2801
f 158//2802 1679//2802 161//2802
f 224//2803 225//2803 1659//2803
f 1659//2804 225//2804 1676//2804
f 1659//2805 1676//2805 1658//2805
f 1658//2806 1676//2806 1678//2806
f 1658//2807 1678//2807 160//2807
f 160//2808 1678//2808 158//2808
f 1381//2809 30//2809 1680//2809
f 1680//2810 30//2810 1675//2810
f 1680//2811 1675//2811 1681//2811
f 1681//2812 1675//2812 1673//2812
f 1681//2813 1673//2813 165//2813
f 165//2814 1673//2814 135//2814
f 1379//2815 1381//2815 1682//2815
f 1682//2816 1381//2816 1680//2816
f 1682//2817 1680//2817 1683//2817
f 1683//2818 1680//2818 1681//2818
f 1683//2819 1681//2819 164//2819
f 164//2820 1681//2820 165//2820
f 1378//2821 1379//2821 1684//2821
f 1684//2822 1379//2822 1682//2822
f 1684//2823 1682//2823 1685//2823
f 1685//2824 1682//2824 1683//2824
f 1685//2825 1683//2825 163//2825
f 163//2826 1683//2826 164//2826
f 1376//2827 1378//2827 1686//2827
f 1686//2828 1378//2828 1684//2828
f 1686//2829 1684//2829 1687//2829
f 1687//2830 1684//2830 1685//2830
f 1687//2831 1685//2831 162//2831
f 162//2832 1685//2832 163//2832
f 226//2833 1376//2833 1677//2833
f 1677//2834 1376//2834 1686//2834
f 1677//2835 1686//2835 1679//2835
f 1679//2836 1686//2836 1687//2836
f 1679//2837 1687//2837 161//2837
f 161//2838 1687//2838 162//2838
f 1688//2839 1689//2839 1690//2839
f 1690//2839 1689//2839 1691//2839
f 1690//2839 1691//2839 1692//2839
f 1693//2840 1694//2840 1695//2840
f 1696//2841 1697//2841 1698//2841
f 1698//2840 1697//2840 1699//2840
f 1698//2840 1699//2840 1700//2840
f 1695//2840 1701//2840 1693//2840
f 1693//2840 1701//2840 1702//2840
f 1693//2840 1702//2840 1703//2840
f 1703//2840 1704//2840 1693//2840
f 1693//2840 1704//2840 1705//2840
f 1693//2840 1705//2840 1698//2840
f 1698//2840 1705//2840 1706//2840
f 1698//2840 1706//2840 1696//2840
f 1707//2842 1708//2842 1709//2842
f 1709//2842 1708//2842 1710//2842
f 1709//2842 1710//2842 1711//2842
f 1712//2843 1713//2843 1714//2843
f 1715//2843 1716//2843 1717//2843
f 1717//2843 1716//2843 1718//2843
f 1717//2843 1718//2843 1719//2843
f 1714//2843 1720//2843 1712//2843
f 1712//2843 1720//2843 1721//2843
f 1712//2843 1721//2843 1722//2843
f 1722//2844 1723//2844 1712//2844
f 1712//2844 1723//2844 1724//2844
f 1712//2843 1724//2843 1717//2843
f 1717//2843 1724//2843 1725//2843
f 1717//2843 1725//2843 1715//2843
f 1726//135 1727//135 1728//135
f 1728//135 1727//135 1729//135
f 1730//135 1731//135 1732//135
f 1732//135 1731//135 1733//135
f 1732//135 1733//135 1734//135
f 1735//135 1736//135 1737//135
f 1737//135 1736//135 1734//135
f 1738//135 1739//135 1740//135
f 1740//135 1739//135 1741//135
f 1740//135 1741//135 1733//135
f 1733//135 1741//135 1728//135
f 1733//135 1728//135 1734//135
f 1734//135 1728//135 1729//135
f 1734//135 1729//135 1737//135
f 1742//2845 1743//2845 1712//2845
f 1712//2846 1743//2846 1744//2846
f 1712//2847 1744//2847 1713//2847
f 1745//2848 1746//2848 1742//2848
f 1742//2849 1746//2849 1747//2849
f 1742//2850 1747//2850 1743//2850
f 1708//2851 1707//2851 1748//2851
f 1748//2852 1707//2852 1749//2852
f 1749//2853 1750//2853 1748//2853
f 1748//2854 1750//2854 1751//2854
f 1748//2855 1751//2855 1742//2855
f 1742//2856 1751//2856 1752//2856
f 1742//2857 1752//2857 1745//2857
f 1711//2858 1710//2858 1753//2858
f 1753//2859 1710//2859 1754//2859
f 1753//2860 1754//2860 1755//2860
f 1756//2861 1757//2861 1758//2861
f 1758//2862 1757//2862 1759//2862
f 1758//2863 1759//2863 1754//2863
f 1754//2864 1759//2864 1760//2864
f 1754//2865 1760//2865 1755//2865
f 1700//2866 1761//2866 1698//2866
f 1698//2867 1761//2867 1762//2867
f 1698//2868 1762//2868 1758//2868
f 1758//2869 1762//2869 1763//2869
f 1758//2870 1763//2870 1756//2870
f 1764//2871 1765//2871 1693//2871
f 1693//2872 1765//2872 1766//2872
f 1693//2873 1766//2873 1694//2873
f 1767//2874 1768//2874 1764//2874
f 1764//2875 1768//2875 1769//2875
f 1764//2876 1769//2876 1765//2876
f 1689//2877 1688//2877 1770//2877
f 1770//2878 1688//2878 1771//2878
f 1771//2879 1772//2879 1770//2879
f 1770//2880 1772//2880 1773//2880
f 1770//2881 1773//2881 1764//2881
f 1764//2882 1773//2882 1774//2882
f 1764//2883 1774//2883 1767//2883
f 1719//2884 1775//2884 1717//2884
f 1717//2885 1775//2885 1776//2885
f 1717//2886 1776//2886 1777//2886
f 1776//2887 1778//2887 1777//2887
f 1777//2888 1778//2888 1779//2888
f 1777//2889 1779//2889 1780//2889
f 1781//2890 1782//2890 1783//2890
f 1783//2891 1782//2891 1777//2891
f 1783//2892 1777//2892 1784//2892
f 1784//2893 1777//2893 1780//2893
f 1692//2894 1691//2894 1785//2894
f 1785//2895 1691//2895 1782//2895
f 1785//2896 1782//2896 1786//2896
f 1786//2897 1782//2897 1781//2897
f 1693//2898 1698//2898 1787//2898
f 1787//2898 1698//2898 1788//2898
f 1787//2899 1788//2899 1789//2899
f 1789//2899 1788//2899 1790//2899
f 1789//2900 1790//2900 1741//2900
f 1741//2900 1790//2900 1728//2900
f 1791//2901 1792//2901 1793//2901
f 1789//2902 1741//2902 1739//2902
f 1764//2903 1693//2903 1794//2903
f 1794//2904 1693//2904 1787//2904
f 1789//2905 1739//2905 1791//2905
f 1791//2906 1739//2906 1738//2906
f 1791//2906 1738//2906 1792//2906
f 1770//2907 1764//2907 1793//2907
f 1793//2907 1764//2907 1794//2907
f 1793//2901 1794//2901 1791//2901
f 1791//2908 1794//2908 1787//2908
f 1791//2909 1787//2909 1789//2909
f 1689//2910 1770//2910 1795//2910
f 1795//2911 1770//2911 1793//2911
f 1795//2912 1793//2912 1796//2912
f 1796//2913 1793//2913 1792//2913
f 1796//2914 1792//2914 1740//2914
f 1740//2915 1792//2915 1738//2915
f 1797//2916 1798//2916 1799//2916
f 1800//2917 1729//2917 1727//2917
f 1754//2918 1710//2918 1801//2918
f 1801//2919 1710//2919 1802//2919
f 1800//2920 1727//2920 1797//2920
f 1797//2921 1727//2921 1726//2921
f 1797//2921 1726//2921 1798//2921
f 1758//2922 1754//2922 1799//2922
f 1799//2922 1754//2922 1801//2922
f 1799//2916 1801//2916 1797//2916
f 1797//2923 1801//2923 1802//2923
f 1797//2924 1802//2924 1800//2924
f 1698//2925 1758//2925 1788//2925
f 1788//2926 1758//2926 1799//2926
f 1788//2927 1799//2927 1790//2927
f 1790//2928 1799//2928 1798//2928
f 1790//2929 1798//2929 1728//2929
f 1728//2930 1798//2930 1726//2930
f 1691//2931 1689//2931 1803//2931
f 1803//2931 1689//2931 1795//2931
f 1803//2932 1795//2932 1804//2932
f 1804//2932 1795//2932 1796//2932
f 1804//2933 1796//2933 1733//2933
f 1733//2933 1796//2933 1740//2933
f 1737//2934 1729//2934 1805//2934
f 1805//2934 1729//2934 1800//2934
f 1805//2935 1800//2935 1806//2935
f 1806//2935 1800//2935 1802//2935
f 1806//2936 1802//2936 1708//2936
f 1708//2936 1802//2936 1710//2936
f 1807//2937 1808//2937 1809//2937
f 1804//2938 1733//2938 1731//2938
f 1782//2939 1691//2939 1810//2939
f 1810//2940 1691//2940 1803//2940
f 1804//2941 1731//2941 1807//2941
f 1807//2942 1731//2942 1730//2942
f 1807//2942 1730//2942 1808//2942
f 1777//2943 1782//2943 1809//2943
f 1809//2943 1782//2943 1810//2943
f 1809//2937 1810//2937 1807//2937
f 1807//2944 1810//2944 1803//2944
f 1807//2945 1803//2945 1804//2945
f 1717//2946 1777//2946 1811//2946
f 1811//2947 1777//2947 1809//2947
f 1811//2948 1809//2948 1812//2948
f 1812//2949 1809//2949 1808//2949
f 1812//2950 1808//2950 1732//2950
f 1732//2951 1808//2951 1730//2951
f 1813//2952 1814//2952 1815//2952
f 1816//2953 1734//2953 1736//2953
f 1742//2954 1712//2954 1817//2954
f 1817//2955 1712//2955 1818//2955
f 1816//2956 1736//2956 1813//2956
f 1813//2957 1736//2957 1735//2957
f 1813//2957 1735//2957 1814//2957
f 1748//2958 1742//2958 1815//2958
f 1815//2958 1742//2958 1817//2958
f 1815//2952 1817//2952 1813//2952
f 1813//2959 1817//2959 1818//2959
f 1813//2960 1818//2960 1816//2960
f 1708//2961 1748//2961 1806//2961
f 1806//2962 1748//2962 1815//2962
f 1806//2963 1815//2963 1805//2963
f 1805//2964 1815//2964 1814//2964
f 1805//2965 1814//2965 1737//2965
f 1737//2966 1814//2966 1735//2966
f 1732//2967 1734//2967 1812//2967
f 1812//2967 1734//2967 1816//2967
f 1812//2968 1816//2968 1811//2968
f 1811//2968 1816//2968 1818//2968
f 1811//2969 1818//2969 1717//2969
f 1717//2969 1818//2969 1712//2969
f 210//2970 205//2970 1819//2970
f 1725//2971 1724//2971 1820//2971
f 1820//2971 1724//2971 1821//2971
f 1820//2972 1821//2972 1822//2972
f 1822//2973 1821//2973 1823//2973
f 1822//2974 1823//2974 207//2974
f 207//2975 1823//2975 208//2975
f 1715//2976 1725//2976 1824//2976
f 1824//2977 1725//2977 1820//2977
f 1824//2978 1820//2978 1819//2978
f 1819//2979 1820//2979 1822//2979
f 1819//2980 1822//2980 210//2980
f 210//2981 1822//2981 207//2981
f 1716//2982 1715//2982 1825//2982
f 1825//2983 1715//2983 1824//2983
f 1825//2984 1824//2984 1826//2984
f 1826//2985 1824//2985 1819//2985
f 1826//2986 1819//2986 90//2986
f 90//2987 1819//2987 205//2987
f 1827//2988 153//2988 217//2988
f 1828//2989 1827//2989 1829//2989
f 1720//2990 1828//2990 1830//2990
f 1827//2991 217//2991 1829//2991
f 1829//2992 217//2992 215//2992
f 1829//2993 215//2993 1831//2993
f 1831//2994 215//2994 213//2994
f 1831//2995 213//2995 1832//2995
f 1832//2996 213//2996 208//2996
f 1832//2996 208//2996 1823//2996
f 1828//2997 1829//2997 1830//2997
f 1830//2998 1829//2998 1831//2998
f 1830//2999 1831//2999 1833//2999
f 1833//3000 1831//3000 1832//3000
f 1833//3001 1832//3001 1834//3001
f 1834//3002 1832//3002 1823//3002
f 1834//3002 1823//3002 1821//3002
f 1720//3003 1830//3003 1721//3003
f 1721//3004 1830//3004 1833//3004
f 1721//3005 1833//3005 1722//3005
f 1722//3006 1833//3006 1834//3006
f 1722//3007 1834//3007 1723//3007
f 1723//3008 1834//3008 1821//3008
f 1723//3008 1821//3008 1724//3008
f 1718//3009 1716//3009 1835//3009
f 1835//3010 1716//3010 1825//3010
f 1835//3011 1825//3011 1836//3011
f 1836//3012 1825//3012 1826//3012
f 105//3013 1836//3013 89//3013
f 89//3014 1836//3014 1826//3014
f 89//3015 1826//3015 90//3015
f 1719//3016 1718//3016 1837//3016
f 1837//3017 1718//3017 1835//3017
f 1837//3018 1835//3018 1838//3018
f 1838//3019 1835//3019 1836//3019
f 1838//3020 1836//3020 1839//3020
f 1839//3021 1836//3021 105//3021
f 1840//3022 1714//3022 1713//3022
f 149//3023 151//3023 1841//3023
f 1841//3024 151//3024 1842//3024
f 1841//3025 1842//3025 1843//3025
f 1843//3026 1842//3026 1840//3026
f 1843//3027 1840//3027 1844//3027
f 1844//3028 1840//3028 1713//3028
f 1720//3029 1714//3029 1828//3029
f 1828//3030 1714//3030 1840//3030
f 1828//3031 1840//3031 1827//3031
f 1827//3032 1840//3032 1842//3032
f 1827//3033 1842//3033 153//3033
f 153//3034 1842//3034 151//3034
f 1845//3035 1846//3035 1847//3035
f 1848//3036 1845//3036 1849//3036
f 66//3037 1848//3037 1850//3037
f 1786//3038 1847//3038 1785//3038
f 1785//3039 1847//3039 1846//3039
f 1785//3040 1846//3040 1692//3040
f 1781//3041 1851//3041 1786//3041
f 1786//3042 1851//3042 1852//3042
f 1786//3043 1852//3043 1847//3043
f 1781//3044 1783//3044 1851//3044
f 1851//3045 1783//3045 1784//3045
f 1851//3046 1784//3046 1853//3046
f 1853//3047 1784//3047 1780//3047
f 1853//3048 1780//3048 1854//3048
f 1854//3049 1780//3049 1779//3049
f 1854//3050 1779//3050 1855//3050
f 1855//3051 1779//3051 1778//3051
f 1855//3052 1778//3052 1856//3052
f 1778//3053 1776//3053 1856//3053
f 1856//3054 1776//3054 1775//3054
f 1856//3055 1775//3055 1857//3055
f 1857//3056 1775//3056 1719//3056
f 1857//3057 1719//3057 1837//3057
f 1845//3058 1847//3058 1849//3058
f 1849//3059 1847//3059 1852//3059
f 1849//3060 1852//3060 1858//3060
f 1858//3061 1852//3061 1851//3061
f 1858//3062 1851//3062 1859//3062
f 1859//3063 1851//3063 1853//3063
f 1859//3064 1853//3064 1860//3064
f 1860//3065 1853//3065 1854//3065
f 1860//3066 1854//3066 1861//3066
f 1861//3067 1854//3067 1855//3067
f 1861//3068 1855//3068 1862//3068
f 1862//3069 1855//3069 1856//3069
f 1862//3070 1856//3070 1863//3070
f 1863//3071 1856//3071 1857//3071
f 1863//3072 1857//3072 1864//3072
f 1864//3073 1857//3073 1837//3073
f 1864//3074 1837//3074 1838//3074
f 1848//3075 1849//3075 1850//3075
f 1850//3076 1849//3076 1858//3076
f 1850//3077 1858//3077 1865//3077
f 1865//3078 1858//3078 1859//3078
f 1865//3079 1859//3079 1866//3079
f 1866//3080 1859//3080 1860//3080
f 1866//3081 1860//3081 1867//3081
f 1867//3082 1860//3082 1861//3082
f 1867//3083 1861//3083 1868//3083
f 1868//3084 1861//3084 1862//3084
f 1868//3085 1862//3085 1869//3085
f 1869//3086 1862//3086 1863//3086
f 1869//3087 1863//3087 1870//3087
f 1870//3088 1863//3088 1864//3088
f 1870//3089 1864//3089 1871//3089
f 1871//3090 1864//3090 1838//3090
f 1871//3091 1838//3091 1839//3091
f 66//3092 1850//3092 68//3092
f 68//3093 1850//3093 1865//3093
f 68//3094 1865//3094 92//3094
f 92//3095 1865//3095 1866//3095
f 92//3096 1866//3096 93//3096
f 93//3097 1866//3097 1867//3097
f 93//3098 1867//3098 95//3098
f 95//3099 1867//3099 1868//3099
f 95//3100 1868//3100 97//3100
f 97//3101 1868//3101 1869//3101
f 97//3102 1869//3102 99//3102
f 99//3103 1869//3103 1870//3103
f 99//3104 1870//3104 101//3104
f 101//3105 1870//3105 1871//3105
f 101//3106 1871//3106 103//3106
f 103//3107 1871//3107 1839//3107
f 103//3108 1839//3108 105//3108
f 1844//3109 1713//3109 1744//3109
f 1843//3110 1844//3110 1872//3110
f 1841//3111 1843//3111 1873//3111
f 149//3112 1841//3112 1874//3112
f 1844//3113 1744//3113 1872//3113
f 1872//3114 1744//3114 1743//3114
f 1872//3115 1743//3115 1875//3115
f 1875//3116 1743//3116 1747//3116
f 1875//3117 1747//3117 1876//3117
f 1876//3118 1747//3118 1746//3118
f 1876//3119 1746//3119 1877//3119
f 1877//3120 1746//3120 1745//3120
f 1877//3121 1745//3121 1878//3121
f 1878//3122 1745//3122 1752//3122
f 1878//3123 1752//3123 1879//3123
f 1879//3124 1752//3124 1751//3124
f 1879//3125 1751//3125 1880//3125
f 1751//3126 1750//3126 1880//3126
f 1880//3127 1750//3127 1749//3127
f 1880//3128 1749//3128 1881//3128
f 1881//3129 1749//3129 1707//3129
f 1881//3130 1707//3130 1882//3130
f 1843//3131 1872//3131 1873//3131
f 1873//3132 1872//3132 1875//3132
f 1873//3133 1875//3133 1883//3133
f 1883//3134 1875//3134 1876//3134
f 1883//3135 1876//3135 1884//3135
f 1884//3136 1876//3136 1877//3136
f 1884//3137 1877//3137 1885//3137
f 1885//3138 1877//3138 1878//3138
f 1885//3139 1878//3139 1886//3139
f 1886//3140 1878//3140 1879//3140
f 1886//3141 1879//3141 1887//3141
f 1887//3142 1879//3142 1880//3142
f 1887//3143 1880//3143 1888//3143
f 1888//3144 1880//3144 1881//3144
f 1888//3145 1881//3145 1889//3145
f 1889//3146 1881//3146 1882//3146
f 1889//3147 1882//3147 1890//3147
f 1841//3148 1873//3148 1874//3148
f 1874//3149 1873//3149 1883//3149
f 1874//3150 1883//3150 1891//3150
f 1891//3151 1883//3151 1884//3151
f 1891//3152 1884//3152 1892//3152
f 1892//3153 1884//3153 1885//3153
f 1892//3154 1885//3154 1893//3154
f 1893//3155 1885//3155 1886//3155
f 1893//3156 1886//3156 1894//3156
f 1894//3157 1886//3157 1887//3157
f 1894//3158 1887//3158 1895//3158
f 1895//3159 1887//3159 1888//3159
f 1895//3160 1888//3160 1896//3160
f 1896//3161 1888//3161 1889//3161
f 1896//3162 1889//3162 1897//3162
f 1897//3163 1889//3163 1890//3163
f 1897//3164 1890//3164 1898//3164
f 149//3165 1874//3165 146//3165
f 146//3166 1874//3166 1891//3166
f 146//3167 1891//3167 144//3167
f 144//3168 1891//3168 1892//3168
f 144//3169 1892//3169 142//3169
f 142//3170 1892//3170 1893//3170
f 142//3171 1893//3171 140//3171
f 140//3172 1893//3172 1894//3172
f 140//3173 1894//3173 129//3173
f 129//3174 1894//3174 1895//3174
f 129//3175 1895//3175 130//3175
f 130//3176 1895//3176 1896//3176
f 130//3177 1896//3177 131//3177
f 131//3178 1896//3178 1897//3178
f 131//3179 1897//3179 132//3179
f 132//3180 1897//3180 1898//3180
f 132//3181 1898//3181 133//3181
f 1690//3182 1692//3182 1899//3182
f 1899//3183 1692//3183 1846//3183
f 1899//3184 1846//3184 1900//3184
f 1900//3185 1846//3185 1845//3185
f 1900//3186 1845//3186 1901//3186
f 1901//3187 1845//3187 1848//3187
f 1901//3188 1848//3188 65//3188
f 65//3189 1848//3189 66//3189
f 1688//3190 1690//3190 1902//3190
f 1902//3191 1690//3191 1899//3191
f 1902//3192 1899//3192 1903//3192
f 1903//3193 1899//3193 1900//3193
f 1903//3194 1900//3194 1904//3194
f 1904//3195 1900//3195 1901//3195
f 1904//3196 1901//3196 64//3196
f 64//3197 1901//3197 65//3197
f 1709//3198 1711//3198 1905//3198
f 1905//3199 1711//3199 1906//3199
f 1905//3200 1906//3200 1907//3200
f 1907//3201 1906//3201 1908//3201
f 1907//3202 1908//3202 1909//3202
f 1909//3203 1908//3203 1910//3203
f 1909//3204 1910//3204 134//3204
f 134//3205 1910//3205 136//3205
f 1707//3206 1709//3206 1882//3206
f 1882//3207 1709//3207 1905//3207
f 1882//3208 1905//3208 1890//3208
f 1890//3209 1905//3209 1907//3209
f 1890//3210 1907//3210 1898//3210
f 1898//3211 1907//3211 1909//3211
f 1898//3212 1909//3212 133//3212
f 133//3213 1909//3213 134//3213
f 1911//3214 1912//3214 1913//3214
f 1912//3215 1694//3215 1766//3215
f 1914//3216 1915//3216 1916//3216
f 1916//3217 1915//3217 1911//3217
f 1917//3218 1918//3218 1914//3218
f 1918//3219 1917//3219 58//3219
f 1912//3220 1766//3220 1913//3220
f 1913//3221 1766//3221 1765//3221
f 1913//3222 1765//3222 1919//3222
f 1919//3223 1765//3223 1769//3223
f 1919//3224 1769//3224 1920//3224
f 1920//3225 1769//3225 1768//3225
f 1920//3226 1768//3226 1921//3226
f 1921//3227 1768//3227 1767//3227
f 1921//3228 1767//3228 1922//3228
f 1922//3229 1767//3229 1774//3229
f 1922//3230 1774//3230 1923//3230
f 1923//3231 1774//3231 1773//3231
f 1923//3232 1773//3232 1924//3232
f 1773//3233 1772//3233 1924//3233
f 1924//3234 1772//3234 1771//3234
f 1924//3235 1771//3235 1925//3235
f 1925//3236 1771//3236 1688//3236
f 1925//3237 1688//3237 1902//3237
f 1911//3238 1913//3238 1916//3238
f 1916//3239 1913//3239 1919//3239
f 1916//3240 1919//3240 1926//3240
f 1926//3241 1919//3241 1920//3241
f 1926//3242 1920//3242 1927//3242
f 1927//3243 1920//3243 1921//3243
f 1927//3244 1921//3244 1928//3244
f 1928//3245 1921//3245 1922//3245
f 1928//3246 1922//3246 1929//3246
f 1929//3247 1922//3247 1923//3247
f 1929//3248 1923//3248 1930//3248
f 1930//3249 1923//3249 1924//3249
f 1930//3250 1924//3250 1931//3250
f 1931//3251 1924//3251 1925//3251
f 1931//3252 1925//3252 1932//3252
f 1932//3253 1925//3253 1902//3253
f 1932//3254 1902//3254 1903//3254
f 1914//3255 1916//3255 1917//3255
f 1917//3256 1916//3256 1926//3256
f 1917//3257 1926//3257 1933//3257
f 1933//3258 1926//3258 1927//3258
f 1933//3259 1927//3259 1934//3259
f 1934//3260 1927//3260 1928//3260
f 1934//3261 1928//3261 1935//3261
f 1935//3262 1928//3262 1929//3262
f 1935//3263 1929//3263 1936//3263
f 1936//3264 1929//3264 1930//3264
f 1936//3265 1930//3265 1937//3265
f 1937//3266 1930//3266 1931//3266
f 1937//3267 1931//3267 1938//3267
f 1938//3268 1931//3268 1932//3268
f 1938//3269 1932//3269 1939//3269
f 1939//3270 1932//3270 1903//3270
f 1939//3271 1903//3271 1904//3271
f 58//3272 1917//3272 70//3272
f 70//3273 1917//3273 1933//3273
f 70//3274 1933//3274 71//3274
f 71//3275 1933//3275 1934//3275
f 71//3276 1934//3276 72//3276
f 72//3277 1934//3277 1935//3277
f 72//3278 1935//3278 73//3278
f 73//3279 1935//3279 1936//3279
f 73//3280 1936//3280 74//3280
f 74//3281 1936//3281 1937//3281
f 74//3282 1937//3282 60//3282
f 60//3283 1937//3283 1938//3283
f 60//3284 1938//3284 61//3284
f 61//3285 1938//3285 1939//3285
f 61//3286 1939//3286 63//3286
f 63//3287 1939//3287 1904//3287
f 63//3288 1904//3288 64//3288
f 1940//3289 1941//3289 1942//3289
f 1943//3290 1944//3290 1945//3290
f 1908//3291 1906//3291 1946//3291
f 1910//3292 1908//3292 1947//3292
f 136//3293 1910//3293 1948//3293
f 1755//3294 1946//3294 1753//3294
f 1753//3295 1946//3295 1906//3295
f 1753//3296 1906//3296 1711//3296
f 1760//3297 1949//3297 1755//3297
f 1755//3298 1949//3298 1950//3298
f 1755//3299 1950//3299 1946//3299
f 1760//3300 1759//3300 1949//3300
f 1949//3301 1759//3301 1757//3301
f 1949//3302 1757//3302 1951//3302
f 1951//3303 1757//3303 1756//3303
f 1951//3304 1756//3304 1952//3304
f 1952//3305 1756//3305 1763//3305
f 1952//3306 1763//3306 1953//3306
f 1953//3307 1763//3307 1762//3307
f 1953//3308 1762//3308 1954//3308
f 1954//3309 1762//3309 1761//3309
f 1954//3310 1761//3310 1955//3310
f 1955//3311 1761//3311 1700//3311
f 1955//3312 1700//3312 1956//3312
f 1908//3313 1946//3313 1947//3313
f 1947//3314 1946//3314 1950//3314
f 1947//3315 1950//3315 1957//3315
f 1957//3316 1950//3316 1949//3316
f 1957//3317 1949//3317 1958//3317
f 1958//3318 1949//3318 1951//3318
f 1958//3319 1951//3319 1959//3319
f 1959//3320 1951//3320 1952//3320
f 1959//3321 1952//3321 1960//3321
f 1960//3322 1952//3322 1953//3322
f 1960//3323 1953//3323 1961//3323
f 1961//3324 1953//3324 1954//3324
f 1961//3325 1954//3325 1962//3325
f 1962//3326 1954//3326 1955//3326
f 1962//3327 1955//3327 1945//3327
f 1945//3328 1955//3328 1956//3328
f 1945//3329 1956//3329 1943//3329
f 1910//3330 1947//3330 1948//3330
f 1948//3331 1947//3331 1957//3331
f 1948//3332 1957//3332 1963//3332
f 1963//3333 1957//3333 1958//3333
f 1963//3334 1958//3334 1964//3334
f 1964//3335 1958//3335 1959//3335
f 1964//3336 1959//3336 1965//3336
f 1965//3337 1959//3337 1960//3337
f 1965//3338 1960//3338 1966//3338
f 1966//3339 1960//3339 1961//3339
f 1966//3340 1961//3340 1967//3340
f 1967//3341 1961//3341 1962//3341
f 1967//3342 1962//3342 1968//3342
f 1968//3343 1962//3343 1945//3343
f 1968//3344 1945//3344 1942//3344
f 1942//3345 1945//3345 1944//3345
f 1942//3346 1944//3346 1940//3346
f 136//3347 1948//3347 137//3347
f 137//3348 1948//3348 1963//3348
f 137//3349 1963//3349 166//3349
f 166//3350 1963//3350 1964//3350
f 166//3351 1964//3351 167//3351
f 167//3352 1964//3352 1965//3352
f 167//3353 1965//3353 168//3353
f 168//3354 1965//3354 1966//3354
f 168//3355 1966//3355 170//3355
f 170//3356 1966//3356 1967//3356
f 170//3357 1967//3357 171//3357
f 171//3358 1967//3358 1968//3358
f 171//3359 1968//3359 172//3359
f 172//3360 1968//3360 1942//3360
f 172//3361 1942//3361 173//3361
f 173//3362 1942//3362 1941//3362
f 173//3363 1941//3363 174//3363
f 58//3364 57//3364 1918//3364
f 1918//3365 57//3365 1969//3365
f 1918//3366 1969//3366 1914//3366
f 1914//3367 1969//3367 1915//3367
f 1915//3368 1969//3368 1970//3368
f 1915//3369 1970//3369 1911//3369
f 1911//3370 1970//3370 1912//3370
f 1912//3371 1970//3371 1695//3371
f 1912//3372 1695//3372 1694//3372
f 1701//3373 1695//3373 1971//3373
f 1971//3373 1695//3373 1970//3373
f 1971//3374 1970//3374 1972//3374
f 1972//3375 1970//3375 1969//3375
f 1972//3376 1969//3376 110//3376
f 110//3377 1969//3377 57//3377
f 1941//3378 1940//3378 1973//3378
f 1974//3379 1699//3379 1697//3379
f 1975//3380 124//3380 123//3380
f 174//3381 1941//3381 123//3381
f 123//3382 1941//3382 1973//3382
f 123//3383 1973//3383 1975//3383
f 1975//3384 1973//3384 1976//3384
f 1940//3385 1944//3385 1973//3385
f 1973//3386 1944//3386 1974//3386
f 1973//3387 1974//3387 1976//3387
f 1976//3379 1974//3379 1697//3379
f 1700//3388 1699//3388 1956//3388
f 1956//3389 1699//3389 1974//3389
f 1956//3390 1974//3390 1943//3390
f 1943//3391 1974//3391 1944//3391
f 1972//3392 110//3392 113//3392
f 1971//3393 1972//3393 1977//3393
f 1701//3394 1971//3394 1978//3394
f 1972//3395 113//3395 1977//3395
f 1977//3396 113//3396 114//3396
f 1977//3397 114//3397 1979//3397
f 1979//3398 114//3398 117//3398
f 1979//3399 117//3399 1980//3399
f 1980//3400 117//3400 119//3400
f 1980//3401 119//3401 1981//3401
f 1971//3402 1977//3402 1978//3402
f 1978//3403 1977//3403 1979//3403
f 1978//3404 1979//3404 1982//3404
f 1982//3405 1979//3405 1980//3405
f 1982//3406 1980//3406 1983//3406
f 1983//3407 1980//3407 1981//3407
f 1983//3408 1981//3408 1984//3408
f 1701//3394 1978//3394 1702//3394
f 1702//3409 1978//3409 1982//3409
f 1702//3410 1982//3410 1703//3410
f 1703//3411 1982//3411 1983//3411
f 1703//3412 1983//3412 1704//3412
f 1704//3413 1983//3413 1984//3413
f 1704//3414 1984//3414 1705//3414
f 179//3415 181//3415 1985//3415
f 1706//3416 1705//3416 1986//3416
f 1986//3417 1705//3417 1984//3417
f 1986//3418 1984//3418 1987//3418
f 1987//3419 1984//3419 1981//3419
f 1987//3420 1981//3420 180//3420
f 180//3421 1981//3421 119//3421
f 1696//3422 1706//3422 1988//3422
f 1988//3423 1706//3423 1986//3423
f 1988//3424 1986//3424 1985//3424
f 1985//3425 1986//3425 1987//3425
f 1985//3426 1987//3426 179//3426
f 179//3427 1987//3427 180//3427
f 1697//3428 1696//3428 1976//3428
f 1976//3428 1696//3428 1988//3428
f 1976//3429 1988//3429 1975//3429
f 1975//3430 1988//3430 1985//3430
f 1975//3431 1985//3431 124//3431
f 124//3432 1985//3432 181//3432
f 202//3433 200//3433 1397//3433
f 1397//3434 200//3434 1989//3434
f 1397//3435 1989//3435 1392//3435
f 1392//3436 1989//3436 1393//3436
f 1393//3437 1989//3437 1990//3437
f 1393//3438 1990//3438 1395//3438
f 1395//3439 1990//3439 1991//3439
f 1395//3440 1991//3440 1396//3440
f 9//3441 3//3441 1390//3441
f 9//3442 1390//3442 1991//3442
f 1991//3443 1390//3443 1391//3443
f 1991//3444 1391//3444 1396//3444
f 1990//3445 1989//3445 1992//3445
f 1989//3446 200//3446 1302//3446
f 9//3447 1991//3447 1993//3447
f 1993//3448 1991//3448 1990//3448
f 1989//3446 1302//3446 1992//3446
f 1992//3449 1302//3449 1304//3449
f 1992//3449 1304//3449 1994//3449
f 1994//3450 1304//3450 1306//3450
f 1994//3450 1306//3450 1995//3450
f 1995//3451 1306//3451 1308//3451
f 1995//3451 1308//3451 1996//3451
f 1996//3452 1308//3452 1310//3452
f 1996//3452 1310//3452 1997//3452
f 1997//3453 1310//3453 1312//3453
f 1997//3453 1312//3453 1998//3453
f 1998//3454 1312//3454 1314//3454
f 1998//3454 1314//3454 1999//3454
f 1999//3455 1314//3455 1316//3455
f 1999//3455 1316//3455 2000//3455
f 2000//3456 1316//3456 1318//3456
f 2000//3456 1318//3456 2001//3456
f 2001//3457 1318//3457 1320//3457
f 2001//3457 1320//3457 2002//3457
f 2002//3458 1320//3458 2003//3458
f 2002//3458 2003//3458 2004//3458
f 2004//3459 2003//3459 1324//3459
f 2004//3459 1324//3459 2005//3459
f 2005//3460 1324//3460 1326//3460
f 2005//3460 1326//3460 2006//3460
f 2006//3461 1326//3461 1328//3461
f 2006//3461 1328//3461 2007//3461
f 2007//3462 1328//3462 1330//3462
f 2007//3462 1330//3462 2008//3462
f 2008//3463 1330//3463 1332//3463
f 2008//3463 1332//3463 2009//3463
f 2009//3464 1332//3464 1334//3464
f 2009//3464 1334//3464 2010//3464
f 2010//3465 1334//3465 1336//3465
f 2010//3465 1336//3465 2011//3465
f 2011//3466 1336//3466 1338//3466
f 2011//3466 1338//3466 2012//3466
f 2012//3467 1338//3467 1340//3467
f 2012//3467 1340//3467 2013//3467
f 2013//3468 1340//3468 1342//3468
f 2013//3468 1342//3468 2014//3468
f 2014//3469 1342//3469 1344//3469
f 2014//3469 1344//3469 2015//3469
f 1990//3470 1992//3470 1993//3470
f 1993//3471 1992//3471 1994//3471
f 1993//3471 1994//3471 2016//3471
f 2016//3472 1994//3472 1995//3472
f 2016//3472 1995//3472 2017//3472
f 2017//3473 1995//3473 1996//3473
f 2017//3473 1996//3473 2018//3473
f 2018//3474 1996//3474 1997//3474
f 2018//3474 1997//3474 2019//3474
f 2019//3475 1997//3475 1998//3475
f 2019//3475 1998//3475 2020//3475
f 2020//3476 1998//3476 1999//3476
f 2020//3476 1999//3476 2021//3476
f 2021//3477 1999//3477 2000//3477
f 2021//3477 2000//3477 2022//3477
f 2022//3478 2000//3478 2001//3478
f 2022//3478 2001//3478 2023//3478
f 2023//3479 2001//3479 2002//3479
f 2023//3479 2002//3479 2024//3479
f 2024//3480 2002//3480 2004//3480
f 2024//3480 2004//3480 2025//3480
f 2025//3481 2004//3481 2005//3481
f 2025//3481 2005//3481 2026//3481
f 2026//3482 2005//3482 2006//3482
f 2026//3482 2006//3482 2027//3482
f 2027//3483 2006//3483 2007//3483
f 2027//3483 2007//3483 2028//3483
f 2028//3484 2007//3484 2008//3484
f 2028//3484 2008//3484 2029//3484
f 2029//3485 2008//3485 2009//3485
f 2029//3485 2009//3485 2030//3485
f 2030//3486 2009//3486 2010//3486
f 2030//3486 2010//3486 2031//3486
f 2031//3487 2010//3487 2011//3487
f 2031//3487 2011//3487 2032//3487
f 2032//3488 2011//3488 2012//3488
f 2032//3488 2012//3488 2033//3488
f 2033//3489 2012//3489 2013//3489
f 2033//3489 2013//3489 2034//3489
f 2034//3490 2013//3490 2014//3490
f 2034//3490 2014//3490 2035//3490
f 2035//3491 2014//3491 2015//3491
f 2035//3491 2015//3491 2036//3491
f 9//3447 1993//3447 10//3447
f 10//3492 1993//3492 2016//3492
f 10//3492 2016//3492 14//3492
f 14//3493 2016//3493 2017//3493
f 14//3493 2017//3493 15//3493
f 15//3494 2017//3494 2018//3494
f 15//3494 2018//3494 16//3494
f 16//3495 2018//3495 2019//3495
f 16//3495 2019//3495 23//3495
f 23//3496 2019//3496 2020//3496
f 23//3496 2020//3496 24//3496
f 24//3497 2020//3497 2021//3497
f 24//3497 2021//3497 4//3497
f 4//3498 2021//3498 2022//3498
f 4//3498 2022//3498 5//3498
f 5//3499 2022//3499 2023//3499
f 5//3499 2023//3499 17//3499
f 17//3500 2023//3500 2024//3500
f 17//3500 2024//3500 18//3500
f 18//3501 2024//3501 2025//3501
f 18//3501 2025//3501 2037//3501
f 2037//3502 2025//3502 2026//3502
f 2037//3502 2026//3502 20//3502
f 20//3503 2026//3503 2027//3503
f 20//3503 2027//3503 21//3503
f 21//3504 2027//3504 2028//3504
f 21//3504 2028//3504 22//3504
f 22//3505 2028//3505 2029//3505
f 22//3505 2029//3505 26//3505
f 26//3506 2029//3506 2030//3506
f 26//3506 2030//3506 27//3506
f 27//3507 2030//3507 2031//3507
f 27//3507 2031//3507 28//3507
f 28//3508 2031//3508 2032//3508
f 28//3508 2032//3508 25//3508
f 25//3509 2032//3509 2033//3509
f 25//3509 2033//3509 11//3509
f 11//3510 2033//3510 2034//3510
f 11//3510 2034//3510 12//3510
f 12//3511 2034//3511 2035//3511
f 12//3511 2035//3511 13//3511
f 13//3512 2035//3512 2036//3512
f 13//3512 2036//3512 6//3512
f 1344//3513 1347//3513 2038//3513
f 1344//3513 2038//3513 2015//3513
f 2015//3514 2038//3514 2039//3514
f 2015//3514 2039//3514 2036//3514
f 2036//3515 2039//3515 8//3515
f 2036//3515 8//3515 6//3515
f 229//3516 1387//3516 221//3516
f 221//3516 1387//3516 2040//3516
f 221//3517 2040//3517 222//3517
f 222//3517 2040//3517 2041//3517
f 222//3518 2041//3518 237//3518
f 237//3518 2041//3518 2042//3518
f 1387//3519 1385//3519 2040//3519
f 2040//3520 1385//3520 2043//3520
f 2040//3521 2043//3521 2041//3521
f 2041//3521 2043//3521 2044//3521
f 2041//3522 2044//3522 2042//3522
f 2042//3523 2044//3523 2045//3523
f 1385//3524 8//3524 2043//3524
f 2043//3524 8//3524 2039//3524
f 2043//3525 2039//3525 2044//3525
f 2044//3526 2039//3526 2038//3526
f 2044//3527 2038//3527 2045//3527
f 2045//3527 2038//3527 1347//3527
f 238//3528 237//3528 2046//3528
f 2046//3528 237//3528 2042//3528
f 2046//1984 2042//1984 2047//1984
f 2047//1984 2042//1984 2045//1984
f 2047//3529 2045//3529 1346//3529
f 1346//3529 2045//3529 1347//3529
f 238//3530 2046//3530 233//3530
f 233//3530 2046//3530 2048//3530
f 233//3531 2048//3531 218//3531
f 218//3531 2048//3531 2049//3531
f 218//3532 2049//3532 219//3532
f 1380//3533 1377//3533 2049//3533
f 2049//3534 1377//3534 1375//3534
f 2049//3532 1375//3532 219//3532
f 2046//3535 2047//3535 2048//3535
f 2048//3535 2047//3535 2050//3535
f 2048//3536 2050//3536 2049//3536
f 2049//3536 2050//3536 2051//3536
f 2049//3537 2051//3537 1380//3537
f 2047//3538 1346//3538 2050//3538
f 2050//3538 1346//3538 2052//3538
f 2050//3539 2052//3539 2051//3539
f 2051//3539 2052//3539 2053//3539
f 2051//3540 2053//3540 1380//3540
f 1380//3540 2053//3540 31//3540
f 1346//3541 1345//3541 2054//3541
f 1346//3541 2054//3541 2052//3541
f 2052//3542 2054//3542 2055//3542
f 2052//3542 2055//3542 2053//3542
f 2053//3543 2055//3543 35//3543
f 2053//3543 35//3543 31//3543
f 35//3544 2055//3544 2056//3544
f 2055//3545 2054//3545 2057//3545
f 2054//3546 1345//3546 1343//3546
f 2054//3546 1343//3546 2057//3546
f 2057//3547 1343//3547 1341//3547
f 2057//3547 1341//3547 2058//3547
f 2058//3548 1341//3548 1339//3548
f 2058//3548 1339//3548 2059//3548
f 2059//3549 1339//3549 1337//3549
f 2059//3549 1337//3549 2060//3549
f 2060//3550 1337//3550 1335//3550
f 2060//3550 1335//3550 2061//3550
f 2061//3551 1335//3551 1333//3551
f 2061//3551 1333//3551 2062//3551
f 2062//3552 1333//3552 1331//3552
f 2062//3552 1331//3552 2063//3552
f 2063//3553 1331//3553 1329//3553
f 2063//3553 1329//3553 2064//3553
f 2064//3554 1329//3554 1327//3554
f 2064//3554 1327//3554 2065//3554
f 2065//3555 1327//3555 1325//3555
f 2065//3555 1325//3555 2066//3555
f 2066//3556 1325//3556 1323//3556
f 2066//3556 1323//3556 2067//3556
f 2067//3557 1323//3557 1321//3557
f 2067//3557 1321//3557 2068//3557
f 2068//3558 1321//3558 1319//3558
f 2068//3558 1319//3558 2069//3558
f 2069//3559 1319//3559 1317//3559
f 2069//3559 1317//3559 2070//3559
f 2070//3560 1317//3560 1315//3560
f 2070//3560 1315//3560 2071//3560
f 2071//3561 1315//3561 1313//3561
f 2071//3561 1313//3561 2072//3561
f 2072//3562 1313//3562 1311//3562
f 2072//3562 1311//3562 2073//3562
f 2073//3563 1311//3563 1309//3563
f 2073//3563 1309//3563 2074//3563
f 2074//3564 1309//3564 1307//3564
f 2074//3564 1307//3564 2075//3564
f 2075//3565 1307//3565 1305//3565
f 2075//3565 1305//3565 2076//3565
f 2076//3566 1305//3566 1303//3566
f 2076//3566 1303//3566 2077//3566
f 1303//3567 198//3567 2077//3567
f 2077//3567 198//3567 2078//3567
f 2077//3568 2078//3568 2079//3568
f 2055//3545 2057//3545 2056//3545
f 2056//3569 2057//3569 2058//3569
f 2056//3569 2058//3569 2080//3569
f 2080//3570 2058//3570 2059//3570
f 2080//3570 2059//3570 2081//3570
f 2081//3571 2059//3571 2060//3571
f 2081//3571 2060//3571 2082//3571
f 2082//3572 2060//3572 2061//3572
f 2082//3572 2061//3572 2083//3572
f 2083//3573 2061//3573 2062//3573
f 2083//3573 2062//3573 2084//3573
f 2084//3574 2062//3574 2063//3574
f 2084//3574 2063//3574 2085//3574
f 2085//3575 2063//3575 2064//3575
f 2085//3575 2064//3575 2086//3575
f 2086//3576 2064//3576 2065//3576
f 2086//3576 2065//3576 2087//3576
f 2087//3577 2065//3577 2066//3577
f 2087//3577 2066//3577 2088//3577
f 2088//3578 2066//3578 2067//3578
f 2088//3578 2067//3578 2089//3578
f 2089//3579 2067//3579 2068//3579
f 2089//3579 2068//3579 2090//3579
f 2090//3580 2068//3580 2069//3580
f 2090//3580 2069//3580 2091//3580
f 2091//3581 2069//3581 2070//3581
f 2091//3581 2070//3581 2092//3581
f 2092//3582 2070//3582 2071//3582
f 2092//3582 2071//3582 2093//3582
f 2093//3583 2071//3583 2072//3583
f 2093//3583 2072//3583 2094//3583
f 2094//3584 2072//3584 2073//3584
f 2094//3584 2073//3584 2095//3584
f 2095//3585 2073//3585 2074//3585
f 2095//3585 2074//3585 2096//3585
f 2096//3586 2074//3586 2075//3586
f 2096//3586 2075//3586 2097//3586
f 2097//3587 2075//3587 2076//3587
f 2097//3587 2076//3587 2098//3587
f 2098//3588 2076//3588 2077//3588
f 2098//3588 2077//3588 2099//3588
f 2099//3589 2077//3589 2079//3589
f 2099//3590 2079//3590 2100//3590
f 35//3544 2056//3544 39//3544
f 39//3591 2056//3591 2080//3591
f 39//3591 2080//3591 40//3591
f 40//3592 2080//3592 2081//3592
f 40//3592 2081//3592 41//3592
f 41//3593 2081//3593 2082//3593
f 41//3593 2082//3593 55//3593
f 55//3594 2082//3594 2083//3594
f 55//3594 2083//3594 56//3594
f 56//3595 2083//3595 2084//3595
f 56//3595 2084//3595 38//3595
f 38//3596 2084//3596 2085//3596
f 38//3596 2085//3596 37//3596
f 37//3597 2085//3597 2086//3597
f 37//3597 2086//3597 36//3597
f 36//3598 2086//3598 2087//3598
f 36//3598 2087//3598 42//3598
f 42//3599 2087//3599 2088//3599
f 42//3599 2088//3599 43//3599
f 43//3600 2088//3600 2089//3600
f 43//3600 2089//3600 2101//3600
f 2101//3601 2089//3601 2090//3601
f 2101//3601 2090//3601 45//3601
f 45//3602 2090//3602 2091//3602
f 45//3602 2091//3602 46//3602
f 46//3603 2091//3603 2092//3603
f 46//3603 2092//3603 47//3603
f 47//3604 2092//3604 2093//3604
f 47//3604 2093//3604 48//3604
f 48//3605 2093//3605 2094//3605
f 48//3605 2094//3605 49//3605
f 49//3606 2094//3606 2095//3606
f 49//3606 2095//3606 50//3606
f 50//3607 2095//3607 2096//3607
f 50//3607 2096//3607 51//3607
f 51//3608 2096//3608 2097//3608
f 51//3608 2097//3608 52//3608
f 52//3609 2097//3609 2098//3609
f 52//3609 2098//3609 54//3609
f 54//3610 2098//3610 2099//3610
f 54//3610 2099//3610 53//3610
f 53//3611 2099//3611 2100//3611
f 53//3611 2100//3611 34//3611
f 1414//3612 1413//3612 2100//3612
f 2100//3613 1413//3613 1411//3613
f 2100//3614 1411//3614 34//3614
f 34//3615 1411//3615 1412//3615
f 34//3616 1412//3616 33//3616
f 2100//3617 2079//3617 1414//3617
f 1414//3618 2079//3618 2078//3618
f 1414//3619 2078//3619 1416//3619
f 198//3620 197//3620 2078//3620
f 2078//3621 197//3621 1418//3621
f 2078//3622 1418//3622 1416//3622
