# Blender 5.0.1
# www.blender.org
mtllib link2.mtl
o Pitch-link
v -0.242765 0.136234 0.055801
v -0.243196 0.141019 0.059926
v -0.117000 0.140506 0.059404
v -0.243407 0.146822 0.068875
v -0.117000 0.149000 0.079910
v -0.117000 0.146793 0.068812
v -0.243213 0.144541 0.064458
v -0.243563 0.148271 0.073451
v -0.243757 0.148983 0.078726
v -0.117000 0.120000 0.050910
v -0.242655 0.120000 0.050910
v -0.117000 0.131098 0.053117
v -0.242674 0.125183 0.051377
v -0.242666 0.130614 0.052872
v -0.242639 -0.121021 0.050920
v -0.117000 -0.120000 0.050910
v -0.242756 -0.130867 0.053013
v -0.242684 -0.126271 0.051596
v -0.117000 -0.131098 0.053117
v -0.242996 -0.139571 0.058463
v -0.117000 -0.140506 0.059404
v -0.242838 -0.135298 0.055274
v -0.243187 -0.144070 0.063683
v -0.117000 -0.146793 0.068812
v -0.243884 -0.149004 0.080098
v -0.243611 -0.148529 0.074705
v -0.117000 -0.149000 0.079910
v -0.243414 -0.147202 0.069745
v -0.246922 -0.149000 0.141529
v -0.242462 -0.148959 0.248882
v -0.246202 -0.149000 0.200933
v -0.117000 -0.149000 0.244910
v -0.228809 -0.068608 0.341352
v -0.117000 -0.071133 0.340642
v -0.229644 -0.080656 0.337895
v -0.230676 -0.091102 0.334070
v -0.117000 -0.089114 0.334863
v -0.231617 -0.104270 0.327879
v -0.117000 -0.105826 0.326922
v -0.232517 -0.111146 0.323642
v -0.233484 -0.118700 0.317990
v -0.117000 -0.118621 0.318053
v -0.234436 -0.125122 0.312015
v -0.235518 -0.130468 0.305856
v -0.117000 -0.129463 0.307104
v -0.240097 -0.146331 0.270630
v -0.241212 -0.147768 0.262623
v -0.117000 -0.147455 0.264678
v -0.117000 -0.137568 0.294892
v -0.237752 -0.140384 0.289122
v -0.117000 -0.143522 0.280956
v -0.238877 -0.143589 0.280763
v -0.236785 -0.136899 0.296170
v -0.227858 -0.047410 0.345583
v -0.117000 -0.049422 0.345167
v -0.227153 -0.020331 0.348401
v -0.117000 -0.023899 0.348071
v -0.227063 0.008360 0.348903
v -0.117000 0.008370 0.348808
v -0.227942 0.046138 0.345713
v -0.117000 0.040700 0.346417
v -0.227531 0.032527 0.347339
v -0.228722 0.064484 0.342282
v -0.117000 0.065236 0.342097
v -0.229693 0.081095 0.337793
v -0.117000 0.085504 0.336212
v -0.231599 0.102869 0.328589
v -0.117000 0.103564 0.328194
v -0.230616 0.092532 0.333482
v -0.232548 0.111735 0.323239
v -0.117000 0.116821 0.319509
v -0.234684 0.126491 0.310599
v -0.117000 0.127510 0.309418
v -0.233465 0.118663 0.318072
v -0.235687 0.132000 0.303813
v -0.117000 0.136596 0.296649
v -0.117000 0.140470 0.288926
v -0.236767 0.136796 0.296320
v -0.239328 0.144731 0.277294
v -0.117000 0.145617 0.273698
v -0.237870 0.140766 0.288244
v -0.240776 0.147441 0.264770
v -0.117000 0.148421 0.257133
v -0.241744 0.148553 0.255937
v -0.117000 0.149000 0.244910
v -0.243091 0.149009 0.243565
v -0.247451 0.149000 0.154958
v -0.257913 0.129617 0.068167
v -0.257617 0.122870 0.064818
v -0.258538 0.133850 0.075801
v -0.257986 -0.130529 0.069069
v -0.257629 -0.122926 0.064795
v -0.258573 -0.133869 0.076268
v -0.259938 -0.134000 0.095768
v -0.261578 0.133970 0.130437
v -0.260581 0.134000 0.107063
v -0.257736 0.000000 0.246463
v -0.258457 0.134031 0.239493
v -0.255873 0.133065 0.262852
v -0.255928 -0.133133 0.262455
v -0.253094 -0.128091 0.282193
v -0.245746 0.091907 0.320750
v -0.250478 -0.012145 0.297504
v -0.250702 -0.120921 0.296322
v -0.248597 -0.111561 0.307355
v -0.246169 -0.095882 0.318897
v -0.253228 0.128412 0.281308
v -0.248263 0.110055 0.309071
v -0.251022 0.122091 0.294542
v -0.241587 -0.002701 0.337991
v -0.243804 -0.069847 0.329126
v -0.242428 -0.043073 0.334692
v -0.242328 0.040556 0.335088
v -0.243860 0.070657 0.328886
v -0.261422 -0.134018 0.126430
v -0.261999 -0.134000 0.158792
v -0.259313 -0.134132 0.230374
v -0.260250 0.134000 0.216492
v -0.261664 -0.134040 0.186293
v -0.261675 0.134001 0.186001
v -0.261998 0.134000 0.162542
v -0.250331 0.146996 0.245259
v -0.255911 0.141507 0.244732
v -0.252766 0.146990 0.216010
v -0.254409 0.146998 0.178516
v -0.258245 0.141500 0.216363
v -0.259528 0.141500 0.189645
v -0.253895 0.146997 0.123870
v -0.259988 0.141500 0.162537
v -0.259660 0.141500 0.135043
v -0.256706 0.141483 0.078132
v -0.258574 0.141500 0.107167
v -0.251226 0.146969 0.078304
v -0.249246 0.146563 0.255665
v -0.249932 -0.146945 0.249356
v -0.255417 -0.141470 0.249470
v -0.248635 -0.145990 0.261096
v -0.247406 -0.144229 0.271180
v -0.251523 -0.136394 0.279910
v -0.253404 -0.139809 0.266604
v -0.246124 -0.141589 0.280777
v -0.244890 -0.138262 0.289347
v -0.243715 -0.134309 0.297013
v -0.242476 -0.129179 0.304685
v -0.241285 -0.123237 0.311537
v -0.240261 -0.117149 0.317144
v -0.239193 -0.109733 0.322674
v -0.238091 -0.100498 0.328063
v -0.237218 -0.091864 0.332110
v -0.236203 -0.079861 0.336608
v -0.234926 -0.059296 0.341977
v -0.233939 -0.033395 0.345884
v -0.233580 -0.011653 0.347286
v -0.233559 0.010008 0.347406
v -0.234446 0.048260 0.343887
v -0.233930 0.032226 0.345927
v -0.235152 0.063357 0.341023
v -0.236082 0.078194 0.337126
v -0.237175 0.091406 0.332303
v -0.238140 0.100950 0.327827
v -0.239269 0.110276 0.322304
v -0.240370 0.117843 0.316562
v -0.241418 0.123957 0.310788
v -0.242633 0.129924 0.303708
v -0.243871 0.134883 0.296017
v -0.249563 -0.131357 0.292278
v -0.247783 -0.124787 0.302500
v -0.246031 -0.116490 0.311737
v -0.244425 -0.106485 0.319485
v -0.242867 -0.093961 0.326575
v -0.241370 -0.077606 0.332937
v -0.240401 -0.063139 0.336859
v -0.239495 -0.044347 0.340450
v -0.238810 -0.017545 0.343077
v -0.238729 0.010306 0.343383
v -0.239381 0.041316 0.340904
v -0.240973 0.072468 0.334606
v -0.242994 0.095105 0.326038
v -0.244557 0.107401 0.318862
v -0.246292 0.117859 0.310433
v -0.247981 0.125593 0.301417
v -0.249896 0.132238 0.290441
v -0.245017 0.138642 0.288490
v -0.246543 0.142519 0.277954
v -0.248127 0.145357 0.265387
v -0.252020 0.137481 0.276567
v -0.254207 0.140747 0.260182
v -0.250901 0.145736 0.071394
v -0.250403 0.141732 0.063521
v -0.250033 0.135098 0.057201
v -0.249862 0.128781 0.054175
v -0.249850 0.123416 0.052921
v -0.256303 0.140428 0.072301
v -0.255836 0.137015 0.065944
v -0.255462 0.131743 0.061090
v -0.255238 0.124338 0.058015
v -0.251396 -0.147021 0.080177
v -0.257932 -0.141500 0.095892
v -0.259989 -0.141500 0.158795
v -0.259449 -0.141500 0.127820
v -0.254429 -0.146997 0.142038
v -0.253661 -0.146998 0.201894
v -0.259553 -0.141500 0.188841
v -0.258139 -0.141500 0.217982
v -0.249769 -0.120946 0.052715
v -0.255184 -0.120750 0.057671
v -0.249874 -0.127694 0.053769
v -0.250065 -0.135705 0.057629
v -0.250361 -0.140847 0.062559
v -0.250560 -0.143270 0.066028
v -0.250805 -0.145338 0.070405
v -0.251028 -0.146484 0.074496
v -0.255265 -0.126454 0.058594
v -0.255524 -0.132836 0.061856
v -0.255922 -0.137819 0.067060
v -0.256488 -0.141197 0.074858
v -0.159974 -0.160725 0.022730
v -0.154024 -0.173178 0.029468
v -0.161586 -0.159381 -0.034003
v -0.158027 -0.170844 -0.109606
v -0.160557 -0.165139 -0.109567
v -0.161417 -0.162972 -0.108411
v -0.160796 -0.161904 -0.050087
v -0.155313 -0.176247 -0.109630
v -0.160623 -0.162518 -0.044219
v -0.161900 0.158652 -0.029848
v -0.160073 0.160000 0.029196
v -0.154024 0.173178 0.029468
v -0.158132 0.170621 -0.109599
v -0.160563 0.165059 -0.109597
v -0.161399 0.163107 -0.108492
v -0.160794 0.161933 -0.050300
v -0.154129 0.178519 -0.109573
v -0.160656 0.162396 -0.043175
v -0.164570 0.144715 0.062759
v -0.166800 0.138095 0.055901
v -0.117000 0.141213 0.058697
v -0.171283 0.120000 0.049910
v -0.117000 0.120000 0.049910
v -0.169358 0.128488 0.051030
v -0.117000 0.131481 0.052194
v -0.117000 0.150000 0.079910
v -0.162371 0.150066 0.080416
v -0.117000 0.147716 0.068430
v -0.162635 0.149490 0.074400
v -0.163319 0.147990 0.068944
v -0.178431 -0.066233 0.049909
v -0.175735 -0.094118 0.049910
v -0.117000 -0.120000 0.049910
v -0.171283 -0.120000 0.049910
v -0.173034 0.111024 0.049909
v -0.179559 0.041490 0.049908
v -0.179887 0.000176 0.049910
v -0.179396 -0.046131 0.049908
v -0.176350 0.088835 0.049909
v -0.178182 0.069682 0.049909
v -0.162270 -0.150000 0.079910
v -0.117000 -0.150000 0.079910
v -0.162906 -0.148959 0.071749
v -0.117000 -0.147716 0.068430
v -0.164475 -0.144979 0.063209
v -0.117000 -0.141213 0.058697
v -0.169263 -0.128910 0.051152
v -0.166500 -0.138886 0.056461
v -0.117000 -0.131481 0.052194
v -0.152881 -0.149996 0.213438
v -0.146749 -0.149911 0.251155
v -0.117000 -0.150000 0.244910
v -0.161792 -0.150014 0.096363
v -0.157414 -0.149996 0.169714
v -0.117000 0.149153 0.259711
v -0.117000 0.144129 0.282288
v -0.141485 0.144387 0.281525
v -0.143298 0.147472 0.270079
v -0.145245 0.149246 0.258989
v -0.117000 0.150000 0.244910
v -0.148375 0.150028 0.242568
v -0.138978 0.132243 0.305152
v -0.117000 0.137197 0.297612
v -0.138842 0.126678 0.311897
v -0.117000 0.124769 0.313802
v -0.139421 0.136734 0.298507
v -0.140145 0.140335 0.291630
v -0.139384 0.107494 0.327209
v -0.117000 0.109209 0.326057
v -0.138891 0.118470 0.319471
v -0.140137 0.092271 0.334686
v -0.117000 0.090850 0.335253
v -0.140393 0.077615 0.339858
v -0.117000 0.064370 0.343320
v -0.139718 0.034371 0.348203
v -0.117000 0.030580 0.348529
v -0.140293 0.060300 0.344266
v -0.117000 -0.011147 0.349730
v -0.139326 -0.017665 0.349512
v -0.139251 0.008416 0.349838
v -0.117000 -0.047024 0.346551
v -0.139911 -0.043438 0.347112
v -0.140405 -0.076603 0.340176
v -0.117000 -0.076374 0.340225
v -0.140268 -0.059075 0.344447
v -0.140023 -0.094601 0.333816
v -0.117000 -0.099524 0.331408
v -0.117000 -0.131875 0.305643
v -0.139001 -0.132878 0.304355
v -0.138853 -0.127467 0.311017
v -0.117000 -0.117869 0.319955
v -0.138908 -0.117947 0.319900
v -0.139310 -0.109008 0.326182
v -0.117000 -0.141195 0.289759
v -0.140114 -0.140459 0.291636
v -0.117000 -0.147650 0.269214
v -0.143909 -0.148219 0.266461
v -0.142252 -0.145919 0.276491
v -0.159652 0.150023 0.138580
v -0.153418 0.150000 0.208680
v -0.157296 0.150019 0.170693
v -0.101504 0.055656 0.385580
v -0.101160 0.072150 0.383905
v -0.108908 0.072731 0.378145
v -0.133771 0.058367 0.354175
v -0.134753 0.039589 0.354947
v -0.124721 0.038924 0.367157
v -0.135291 0.000000 0.355545
v -0.123897 0.057293 0.366291
v -0.130140 0.075584 0.355681
v -0.101816 0.037839 0.386760
v -0.113699 0.038328 0.377782
v -0.119567 0.073491 0.368522
v -0.121735 0.000000 0.371486
v -0.114128 0.000000 0.378568
v -0.101337 -0.000077 0.388252
v -0.133771 -0.058367 0.354175
v -0.130140 -0.075584 0.355681
v -0.134753 -0.039589 0.354947
v -0.124721 -0.038924 0.367157
v -0.113699 -0.038328 0.377782
v -0.101816 -0.037839 0.386760
v -0.119519 -0.073796 0.368501
v -0.123897 -0.057293 0.366291
v -0.101160 -0.072150 0.383905
v -0.108908 -0.072731 0.378145
v -0.134584 0.110336 0.333881
v -0.127604 0.091457 0.354181
v -0.129163 0.124311 0.332033
v -0.102939 0.111891 0.371843
v -0.099679 0.119693 0.369834
v -0.105820 0.122894 0.362545
v -0.110350 0.113802 0.363962
v -0.119970 0.118521 0.349892
v -0.114605 0.129778 0.347525
v -0.122659 0.136777 0.330033
v -0.129920 0.143873 0.309849
v -0.103601 0.100545 0.376100
v -0.112774 0.102056 0.367219
v -0.124217 0.105749 0.352245
v -0.100849 0.086966 0.381635
v -0.107910 0.087626 0.376154
v -0.114761 0.088639 0.369714
v -0.127604 -0.091457 0.354181
v -0.129163 -0.124311 0.332033
v -0.134584 -0.110336 0.333881
v -0.114761 -0.088639 0.369714
v -0.100849 -0.086966 0.381635
v -0.107910 -0.087626 0.376154
v -0.100686 -0.100085 0.378322
v -0.106787 -0.100802 0.373281
v -0.112774 -0.102056 0.367219
v -0.124217 -0.105749 0.352245
v -0.100739 -0.111297 0.373754
v -0.105506 -0.112195 0.369426
v -0.110350 -0.113802 0.363962
v -0.119970 -0.118521 0.349892
v -0.101700 -0.120020 0.368074
v -0.106811 -0.123628 0.360972
v -0.114605 -0.129778 0.347525
v -0.122659 -0.136777 0.330033
v -0.129920 -0.143873 0.309849
v -0.135665 0.150449 0.288014
v -0.140049 0.156273 0.264352
v -0.143448 0.161207 0.238384
v -0.146240 0.165114 0.209630
v -0.146240 -0.165114 0.209630
v -0.143448 -0.161207 0.238384
v -0.140049 -0.156273 0.264352
v -0.135665 -0.150449 0.288014
v -0.148725 0.167943 0.177176
v -0.169466 0.130139 0.028355
v -0.152693 0.171601 0.090169
v -0.150901 0.169981 0.138380
v -0.168479 -0.136206 -0.001610
v -0.164457 -0.147838 0.028963
v -0.158826 -0.152196 0.137382
v -0.148725 -0.167943 0.177176
v -0.174441 -0.105127 0.028304
v -0.176500 -0.090466 0.028145
v -0.152693 -0.171601 0.090169
v -0.150901 -0.169981 0.138380
v -0.004279 0.109296 0.388780
v -0.016142 0.101197 0.392868
v 0.010755 0.098321 0.391207
v 0.026795 0.134520 0.372471
v 0.024577 0.143394 0.367454
v 0.011598 0.141694 0.370920
v 0.044698 0.137302 0.366391
v 0.041268 0.148769 0.359549
v 0.018422 0.117068 0.382751
v 0.003922 0.125412 0.380886
v 0.075649 0.108703 0.367744
v 0.072175 0.123415 0.362518
v 0.067135 0.108697 0.372320
v 0.061946 0.124835 0.367225
v 0.054237 0.109839 0.377296
v 0.046091 0.128742 0.371086
v 0.039697 0.112187 0.380597
v 0.037324 0.093609 0.387788
v 0.032421 0.074687 0.394140
v 0.048475 0.092398 0.385148
v 0.059518 0.073158 0.386516
v 0.083147 0.072987 0.375591
v 0.079591 0.091288 0.372189
v 0.072178 0.072911 0.381307
v 0.069680 0.091220 0.377428
v 0.059284 0.091596 0.381721
v -0.020693 0.082244 0.399059
v -0.004083 0.083273 0.397630
v 0.010638 0.080422 0.396627
v 0.069707 0.132543 0.358552
v 0.061110 0.132317 0.363293
v 0.058407 0.139608 0.359681
v -0.026950 0.111616 0.389296
v -0.023210 0.146821 0.371304
v -0.044664 0.156416 0.362395
v -0.056291 0.151482 0.363775
v -0.048335 0.149027 0.367621
v -0.034769 0.151408 0.367735
v -0.046043 0.141600 0.373304
v -0.006747 0.134084 0.377631
v 0.000409 0.141801 0.372338
v -0.012388 0.143839 0.372484
v -0.031854 0.133869 0.378878
v -0.014460 0.122135 0.384229
v -0.044690 0.120714 0.385058
v -0.036185 0.104048 0.392358
v -0.035947 0.089650 0.397257
v -0.068189 0.142116 0.367693
v -0.060502 0.132420 0.376696
v -0.054044 0.122234 0.383393
v 0.094939 0.156045 0.315755
v 0.101901 0.161798 0.299622
v 0.086411 0.176945 0.298357
v 0.085423 0.163665 0.317157
v 0.076553 0.171115 0.316238
v 0.069064 0.162170 0.332992
v 0.073167 0.185812 0.297585
v 0.065190 0.189866 0.297274
v 0.067940 0.180478 0.310295
v 0.060460 0.150171 0.350397
v 0.053234 0.155321 0.349217
v 0.060424 0.161123 0.339784
v 0.067653 0.173779 0.320028
v 0.064807 0.166932 0.330512
v 0.077245 0.155393 0.333876
v 0.068100 0.145035 0.350304
v 0.075153 0.139381 0.350026
v 0.083654 0.146296 0.337121
v -0.064497 0.194446 0.300287
v -0.066895 0.188684 0.309521
v -0.078881 0.188660 0.301748
v -0.067596 0.181908 0.320860
v -0.074701 0.179926 0.319667
v -0.065896 0.175986 0.331066
v -0.064195 0.172592 0.337144
v -0.064850 0.160561 0.351648
v -0.055231 0.163298 0.352616
v -0.061497 0.155433 0.358353
v -0.075414 0.153278 0.354447
v -0.081510 0.163562 0.338929
v -0.086625 0.173145 0.321690
v -0.090910 0.182200 0.303279
v 0.093224 0.182501 0.279909
v 0.060590 0.196931 0.287781
v 0.077306 0.193460 0.279445
v 0.060217 0.201275 0.279089
v 0.054315 0.202846 0.279905
v 0.063327 0.207983 0.259863
v 0.044312 0.213533 0.259888
v 0.041687 0.210645 0.269368
v 0.045772 0.218397 0.242682
v 0.065719 0.213530 0.237956
v 0.046788 0.221131 0.229359
v 0.067595 0.217737 0.212085
v 0.047709 0.223761 0.212374
v 0.112549 0.172793 0.259888
v 0.115808 0.176811 0.236919
v 0.105093 0.181017 0.259910
v 0.108266 0.185351 0.237170
v 0.097353 0.188200 0.259913
v 0.100419 0.192828 0.237383
v 0.092253 0.199313 0.237563
v 0.100771 0.175660 0.280162
v 0.108057 0.167812 0.280420
v 0.118270 0.179938 0.210405
v 0.110682 0.188704 0.210794
v 0.102769 0.196390 0.211134
v 0.094517 0.203065 0.211429
v 0.085913 0.208802 0.211683
v 0.083756 0.204877 0.237715
v 0.080977 0.199735 0.259888
v 0.025691 0.224713 0.229554
v 0.027824 0.215577 0.262484
v 0.003578 0.222950 0.244864
v 0.001598 0.219251 0.257866
v 0.012857 0.218452 0.258632
v 0.024966 0.221379 0.244673
v -0.011075 0.219077 0.258821
v -0.017516 0.222882 0.245089
v -0.035983 0.214576 0.267840
v -0.022161 0.217728 0.261687
v -0.037434 0.222041 0.243293
v 0.026328 0.227400 0.212582
v 0.004243 0.229038 0.212725
v 0.003928 0.226325 0.229721
v -0.017576 0.229021 0.212819
v -0.017555 0.226287 0.229874
v -0.038158 0.227697 0.212877
v -0.037808 0.224920 0.230023
v -0.057785 0.202571 0.287550
v -0.053065 0.206318 0.281637
v -0.047727 0.209549 0.276363
v -0.054406 0.214169 0.261447
v -0.068110 0.202558 0.281942
v -0.056745 0.225321 0.212906
v -0.055682 0.220530 0.239145
v -0.073422 0.221786 0.212872
v -0.071930 0.216840 0.239362
v -0.070162 0.210298 0.262001
v -0.081873 0.197291 0.282944
v -0.084436 0.205150 0.262562
v -0.086624 0.211823 0.239519
v -0.088488 0.216896 0.212736
v -0.094504 0.190805 0.283988
v -0.097521 0.198653 0.263084
v -0.100065 0.205337 0.239571
v -0.102241 0.210453 0.212457
v 0.163528 0.085660 0.206213
v 0.167950 0.069401 0.198285
v 0.170252 0.056163 0.201376
v 0.173094 0.025712 0.204019
v 0.173636 -0.000873 0.204657
v 0.171850 0.042748 0.202868
v 0.173467 -0.013791 0.203774
v 0.172863 -0.027700 0.205763
v 0.172162 -0.039877 0.203035
v 0.170129 -0.056944 0.201206
v 0.163756 -0.086415 0.201065
v 0.168362 -0.066986 0.198463
v 0.120024 0.181957 0.183914
v 0.132438 0.159247 0.209488
v 0.120842 0.184313 0.151507
v 0.127485 0.171707 0.183440
v 0.129905 0.170736 0.160362
v 0.134551 0.160455 0.182927
v 0.137264 0.157618 0.167631
v 0.146785 0.137774 0.177789
v 0.155421 0.110579 0.207518
v 0.144956 0.135584 0.208484
v 0.155167 0.115958 0.185531
v 0.154375 -0.113204 0.209272
v 0.160601 -0.099423 0.191550
v 0.155622 -0.114559 0.185780
v 0.148802 -0.132794 0.179853
v 0.142175 -0.141180 0.210302
v 0.142061 -0.148291 0.173323
v 0.136712 -0.158730 0.167122
v 0.127371 -0.171877 0.183448
v 0.129484 -0.171407 0.159908
v 0.120024 -0.181957 0.183914
v 0.120779 -0.184338 0.151211
v 0.132438 -0.159247 0.209488
v 0.118270 -0.179938 0.210405
v 0.114787 0.192791 0.127800
v 0.114733 0.191866 0.145522
v 0.114878 0.194284 0.082836
v 0.107456 0.201265 0.091981
v 0.114766 0.195423 0.008030
v 0.106255 0.200494 0.140891
v 0.112665 0.191125 0.179390
v 0.108300 0.201348 0.030446
v 0.099797 0.208044 0.030543
v 0.099003 0.207992 0.092161
v 0.090906 0.213794 0.030626
v 0.073094 0.222339 0.037133
v 0.071282 0.222703 0.092565
v 0.090164 0.213758 0.092318
v 0.050865 0.228743 0.086037
v 0.097862 0.207256 0.141156
v 0.089089 0.213055 0.141386
v 0.070353 0.222060 0.141750
v 0.049945 0.228100 0.142000
v 0.104694 0.198910 0.179751
v 0.096368 0.205669 0.180066
v 0.087674 0.211473 0.180339
v 0.069127 0.220506 0.180770
v 0.048945 0.226582 0.181072
v 0.112665 -0.191125 0.179390
v 0.114817 -0.191783 0.145693
v 0.106255 -0.200494 0.140891
v 0.114882 -0.194317 0.083038
v 0.108300 -0.201348 0.030446
v 0.114760 -0.195430 0.002363
v 0.047709 -0.223761 0.212374
v 0.048945 -0.226582 0.181072
v 0.069127 -0.220506 0.180770
v 0.099198 -0.208492 0.030706
v 0.099003 -0.207992 0.092161
v 0.090906 -0.213794 0.030626
v 0.090164 -0.213758 0.092318
v 0.080530 -0.219173 0.030705
v 0.071282 -0.222703 0.092565
v 0.071920 -0.222739 0.030758
v 0.050718 -0.228696 0.092735
v 0.051578 -0.228705 0.019054
v 0.107456 -0.201265 0.091981
v 0.097862 -0.207256 0.141156
v 0.089089 -0.213055 0.141386
v 0.070353 -0.222060 0.141750
v 0.049945 -0.228100 0.142000
v 0.104694 -0.198910 0.179751
v 0.096368 -0.205669 0.180066
v 0.087674 -0.211473 0.180339
v 0.067595 -0.217737 0.212085
v 0.085913 -0.208802 0.211683
v 0.094517 -0.203065 0.211429
v 0.102769 -0.196390 0.211134
v 0.110682 -0.188704 0.210794
v -0.115000 -0.156587 0.118679
v -0.115000 0.155000 0.118910
v 0.110000 -0.155000 0.118910
v 0.111719 0.154984 0.119150
v -0.179103 -0.012762 -0.004517
v -0.115000 -0.115000 -0.004590
v -0.171435 -0.116861 -0.004533
v -0.174930 -0.095448 -0.004509
v -0.177612 0.066297 -0.004533
v -0.174756 0.096863 -0.004508
v -0.115000 0.115000 -0.004590
v -0.171773 0.114995 -0.004508
v -0.177260 -0.070966 -0.004545
v -0.115000 -0.159820 0.115337
v -0.115000 -0.160000 -0.049590
v -0.115000 -0.156575 -0.032369
v -0.115000 0.132221 -0.008015
v -0.115000 0.146820 -0.017770
v -0.115000 0.160000 0.113910
v -0.115000 0.156575 -0.032369
v -0.115000 0.160000 -0.049590
v -0.115000 0.159330 0.116410
v -0.115000 0.157500 0.118240
v -0.115000 -0.146820 -0.017770
v -0.115000 -0.132221 -0.008015
v -0.115000 -0.158536 0.117446
v -0.066952 0.071120 0.398400
v -0.076091 0.072113 0.395803
v -0.042394 0.037492 0.406484
v -0.018178 0.037567 0.407082
v -0.031576 0.057396 0.404493
v -0.019611 0.068779 0.402212
v -0.033860 0.073768 0.401366
v -0.047339 0.080756 0.399214
v -0.043622 0.059346 0.403694
v -0.053770 0.058531 0.402717
v -0.058579 0.078383 0.398584
v -0.051953 0.000000 0.407015
v -0.042116 0.018641 0.407836
v -0.063417 0.009167 0.404664
v -0.086366 0.072501 0.391981
v -0.093001 0.055331 0.390676
v -0.084117 0.055176 0.394930
v -0.074785 0.055222 0.398368
v -0.064937 0.055495 0.401017
v -0.042092 0.000000 0.408258
v -0.014249 -0.000424 0.409056
v -0.017882 0.018549 0.408577
v -0.064213 0.037301 0.403003
v -0.074305 0.037307 0.400130
v -0.083906 0.037402 0.396477
v -0.081436 -0.000640 0.398862
v -0.083906 -0.037402 0.396477
v -0.093001 -0.055331 0.390676
v -0.064047 -0.018728 0.404137
v -0.064213 -0.037301 0.403003
v -0.074305 -0.037307 0.400130
v -0.074785 -0.055222 0.398368
v -0.082295 -0.065686 0.394623
v -0.042394 -0.037492 0.406484
v -0.042116 -0.018641 0.407836
v -0.064937 -0.055495 0.401017
v -0.058588 -0.069872 0.400170
v -0.054505 -0.056005 0.402905
v -0.045357 -0.070604 0.401538
v -0.043411 -0.056672 0.404054
v -0.032227 -0.060707 0.403967
v -0.067258 -0.076884 0.397356
v -0.044824 -0.080778 0.399423
v -0.017950 -0.017851 0.408631
v -0.020066 -0.054515 0.404953
v -0.021375 -0.083047 0.398907
v -0.093146 -0.071824 0.388747
v 0.036132 0.018234 0.401223
v 0.033205 0.000000 0.402479
v 0.061867 -0.000000 0.393772
v 0.008612 0.018394 0.406416
v 0.008688 -0.000000 0.406884
v 0.048876 0.054943 0.393691
v 0.035554 0.055400 0.397232
v 0.035843 0.036654 0.399797
v 0.008131 0.056744 0.402109
v 0.008362 0.037187 0.404900
v -0.005595 0.057451 0.403510
v 0.061755 0.054667 0.389362
v 0.062627 0.036351 0.391562
v 0.074075 0.054566 0.384200
v 0.075323 0.036320 0.386198
v 0.085803 0.053903 0.378247
v 0.087339 0.036373 0.379963
v 0.088178 0.018171 0.381024
v 0.076006 0.018143 0.387357
v 0.063151 0.018147 0.392819
v 0.088418 -0.000000 0.381372
v 0.076213 -0.000000 0.387731
v 0.008362 -0.037187 0.404900
v -0.005595 -0.057451 0.403510
v -0.003187 -0.082621 0.397718
v 0.008612 -0.018394 0.406416
v 0.035843 -0.036654 0.399797
v 0.008131 -0.056744 0.402109
v 0.036132 -0.018234 0.401223
v 0.087338 -0.036384 0.379962
v 0.088158 -0.018865 0.380997
v 0.075323 -0.036320 0.386198
v 0.076006 -0.018143 0.387357
v 0.062627 -0.036351 0.391562
v 0.063151 -0.018147 0.392819
v 0.083147 -0.072987 0.375591
v 0.085721 -0.054635 0.378160
v 0.068237 -0.072952 0.383072
v 0.074075 -0.054566 0.384200
v 0.060593 -0.073124 0.386123
v 0.061755 -0.054667 0.389362
v 0.038544 -0.074506 0.392688
v 0.048876 -0.054943 0.393691
v 0.035554 -0.055400 0.397232
v 0.009036 -0.077137 0.397628
v 0.003775 -0.126212 0.380513
v 0.011570 -0.140320 0.371653
v 0.026795 -0.134520 0.372471
v 0.014494 -0.097390 0.390913
v 0.018411 -0.117355 0.382618
v 0.039697 -0.112187 0.380597
v 0.042764 -0.129404 0.371623
v 0.023024 -0.141662 0.368903
v 0.042261 -0.147668 0.359957
v 0.048352 -0.143942 0.360660
v 0.033995 -0.144562 0.364522
v 0.044698 -0.137302 0.366391
v -0.013978 -0.092310 0.395671
v 0.003291 -0.100193 0.391407
v 0.055530 -0.125726 0.369432
v 0.072572 -0.133805 0.355907
v 0.064473 -0.134647 0.360134
v 0.058771 -0.136755 0.361504
v 0.065325 -0.124286 0.365820
v 0.075672 -0.124199 0.359909
v 0.080722 -0.085896 0.373298
v 0.069680 -0.091220 0.377428
v 0.059284 -0.091596 0.381721
v 0.048475 -0.092398 0.385148
v 0.037324 -0.093609 0.387788
v 0.075215 -0.110561 0.367168
v 0.067135 -0.108697 0.372320
v 0.054248 -0.109969 0.377239
v -0.004141 -0.117708 0.385306
v -0.047970 -0.156694 0.361392
v -0.035984 -0.150368 0.368478
v -0.048769 -0.148659 0.367815
v -0.022205 -0.145062 0.372348
v -0.010844 -0.134936 0.377500
v -0.008402 -0.141503 0.373591
v -0.029391 -0.108218 0.390750
v -0.020423 -0.101930 0.392827
v -0.045177 -0.120309 0.385172
v -0.032310 -0.133328 0.379161
v -0.018473 -0.122991 0.384014
v -0.057270 -0.130363 0.378559
v -0.042053 -0.106738 0.391194
v -0.036438 -0.090013 0.397124
v -0.043850 -0.143612 0.372205
v -0.062098 -0.147198 0.365608
v -0.070330 0.122360 0.380731
v -0.081137 0.132368 0.370816
v -0.083175 0.115356 0.381156
v -0.093755 0.111754 0.378145
v -0.085455 0.101042 0.386397
v -0.070607 0.088800 0.394106
v -0.049594 0.094445 0.395315
v -0.060331 0.109471 0.388816
v -0.062377 0.090558 0.395131
v -0.073191 0.104105 0.388953
v -0.078543 0.087607 0.392297
v -0.091491 0.124932 0.371454
v -0.094511 0.099991 0.382313
v -0.093621 0.086719 0.386122
v -0.086200 0.086923 0.389656
v -0.093338 -0.112104 0.378230
v -0.061375 -0.088225 0.395967
v -0.070330 -0.122360 0.380731
v -0.060040 -0.109704 0.388734
v -0.072880 -0.104261 0.388977
v -0.082809 -0.115669 0.381101
v -0.094511 -0.099991 0.382313
v -0.088259 -0.100519 0.385310
v -0.081918 -0.101647 0.387395
v -0.093621 -0.086719 0.386122
v -0.049801 -0.094301 0.395353
v -0.070607 -0.088800 0.394106
v -0.078543 -0.087607 0.392297
v -0.086200 -0.086923 0.389656
v -0.088892 -0.126758 0.371479
v -0.080511 -0.132715 0.370773
v -0.096283 -0.122068 0.370603
v 0.154494 0.019213 0.305925
v 0.153065 0.038728 0.305503
v 0.141773 0.037999 0.326960
v 0.138882 0.057541 0.326039
v 0.150013 0.058847 0.304847
v 0.144791 0.079872 0.303998
v 0.119993 0.075631 0.344227
v 0.132062 0.056887 0.336157
v 0.132572 0.077903 0.326989
v 0.095920 0.073467 0.367119
v 0.096597 0.054863 0.371222
v 0.103014 0.073927 0.361425
v 0.106676 0.055228 0.363458
v 0.114484 0.074981 0.350436
v 0.115952 0.055704 0.354962
v 0.124416 0.056266 0.345830
v 0.098537 0.036508 0.372847
v 0.099512 0.018234 0.373818
v 0.108889 0.036715 0.364922
v 0.109977 0.018326 0.365808
v 0.118391 0.036981 0.356279
v 0.119573 0.018444 0.357086
v 0.127041 0.037293 0.347011
v 0.128298 0.018581 0.347740
v 0.134836 0.037636 0.337207
v 0.136153 0.018732 0.337861
v 0.143138 0.018891 0.327539
v 0.154848 -0.000000 0.306075
v 0.102339 -0.000000 0.372309
v 0.110268 -0.000000 0.366106
v 0.122194 -0.000000 0.355024
v 0.128621 -0.000000 0.347989
v 0.142208 0.000722 0.329897
v 0.150013 -0.058847 0.304847
v 0.153065 -0.038728 0.305503
v 0.141773 -0.037999 0.326960
v 0.099512 -0.018234 0.373818
v 0.098537 -0.036508 0.372847
v 0.109977 -0.018326 0.365808
v 0.108889 -0.036715 0.364922
v 0.119573 -0.018444 0.357086
v 0.118391 -0.036981 0.356279
v 0.128298 -0.018581 0.347740
v 0.127041 -0.037293 0.347011
v 0.136153 -0.018732 0.337861
v 0.134836 -0.037636 0.337207
v 0.143138 -0.018891 0.327539
v 0.154494 -0.019213 0.305925
v 0.096597 -0.054863 0.371222
v 0.093433 -0.073339 0.368938
v 0.106676 -0.055228 0.363458
v 0.103740 -0.073982 0.360798
v 0.115952 -0.055704 0.354962
v 0.111872 -0.074706 0.353154
v 0.124416 -0.056266 0.345830
v 0.121350 -0.075806 0.342588
v 0.132062 -0.056887 0.336157
v 0.135152 -0.078000 0.322985
v 0.138882 -0.057541 0.326039
v 0.144791 -0.079872 0.303998
v 0.126660 0.098567 0.323321
v 0.117270 0.119120 0.321645
v 0.105268 0.114518 0.339881
v 0.093416 0.135317 0.337352
v 0.106222 0.138245 0.319881
v 0.115118 0.144117 0.300756
v 0.083731 0.109404 0.362127
v 0.088955 0.091800 0.365959
v 0.091363 0.110698 0.355541
v 0.097742 0.092695 0.358816
v 0.098543 0.112448 0.348091
v 0.105929 0.093896 0.350870
v 0.113494 0.095326 0.342230
v 0.082947 0.129760 0.351063
v 0.077014 0.127333 0.357128
v 0.090130 0.129356 0.344961
v 0.137016 0.101836 0.302999
v 0.126974 0.123691 0.301900
v 0.095134 -0.155909 0.315690
v 0.101901 -0.161798 0.299622
v 0.115118 -0.144117 0.300756
v 0.083380 -0.130090 0.350463
v 0.087016 -0.143915 0.336256
v 0.094525 -0.131130 0.339497
v 0.105268 -0.114518 0.339881
v 0.098543 -0.112448 0.348091
v 0.091363 -0.110698 0.355541
v 0.083731 -0.109404 0.362127
v 0.088955 -0.091800 0.365959
v 0.097742 -0.092695 0.358816
v 0.105929 -0.093896 0.350870
v 0.113494 -0.095326 0.342230
v 0.126660 -0.098567 0.323321
v 0.137016 -0.101836 0.302999
v 0.106222 -0.138245 0.319881
v 0.117270 -0.119120 0.321645
v 0.126974 -0.123691 0.301900
v 0.076176 -0.140165 0.348569
v 0.052421 -0.153005 0.351755
v 0.060728 -0.159265 0.341504
v 0.061178 -0.149316 0.350719
v 0.068753 -0.171820 0.321756
v 0.077499 -0.170399 0.316330
v 0.069340 -0.181323 0.307990
v 0.065520 -0.164815 0.332766
v 0.085875 -0.163238 0.317208
v 0.068726 -0.144478 0.350383
v 0.077659 -0.155006 0.333928
v 0.066483 -0.189917 0.296205
v 0.074254 -0.185215 0.297610
v 0.085928 -0.177189 0.298435
v 0.093307 -0.170776 0.298957
v -0.071952 -0.147817 0.361388
v -0.056999 -0.162754 0.352591
v -0.072020 -0.156457 0.352861
v -0.066076 -0.172526 0.336236
v -0.068921 -0.186530 0.312173
v -0.075460 -0.179543 0.319785
v -0.068305 -0.177496 0.327449
v -0.066186 -0.193872 0.300382
v -0.078881 -0.188660 0.301748
v -0.090910 -0.182200 0.303279
v -0.086625 -0.173145 0.321690
v -0.081510 -0.163562 0.338929
v -0.104594 0.172804 0.305260
v -0.101879 0.161681 0.324808
v -0.089092 0.142359 0.357988
v -0.095715 0.152368 0.342429
v -0.095265 0.136908 0.359141
v -0.102082 0.146196 0.344027
v -0.108752 0.155049 0.326398
v -0.114721 0.163478 0.306972
v -0.100842 0.131468 0.359839
v -0.107898 0.139583 0.345491
v -0.115090 0.147733 0.327971
v -0.121611 0.155689 0.308220
v -0.100842 -0.131468 0.359839
v -0.121611 -0.155689 0.308220
v -0.115090 -0.147733 0.327971
v -0.107898 -0.139583 0.345491
v -0.091682 -0.140212 0.358582
v -0.104063 -0.172620 0.306153
v -0.102082 -0.146196 0.344027
v -0.108752 -0.155049 0.326398
v -0.114721 -0.163478 0.306972
v -0.095715 -0.152368 0.342429
v -0.101879 -0.161681 0.324808
v 0.162490 0.019511 0.283399
v 0.162852 -0.000000 0.283494
v 0.167765 0.019782 0.259586
v 0.168128 -0.000000 0.259628
v 0.171085 0.020031 0.233894
v 0.171439 -0.000000 0.233891
v 0.161025 0.039392 0.283145
v 0.166292 0.039985 0.259497
v 0.169632 0.040520 0.233944
v 0.157887 0.060015 0.282780
v 0.163128 0.061032 0.259417
v 0.166496 0.061924 0.234102
v 0.152505 0.081750 0.282349
v 0.157694 0.083345 0.259399
v 0.161091 0.084701 0.234428
v 0.171085 -0.020031 0.233894
v 0.167765 -0.019782 0.259586
v 0.162490 -0.019511 0.283399
v 0.169632 -0.040520 0.233944
v 0.166292 -0.039985 0.259497
v 0.161025 -0.039392 0.283145
v 0.166496 -0.061924 0.234102
v 0.163128 -0.061032 0.259417
v 0.157887 -0.060015 0.282780
v 0.161091 -0.084701 0.234428
v 0.157694 -0.083345 0.259399
v 0.152505 -0.081750 0.282349
v 0.144480 0.104666 0.281892
v 0.149581 0.107018 0.259481
v 0.153001 0.108965 0.234958
v 0.134094 0.127614 0.281417
v 0.139058 0.130842 0.259626
v 0.142476 0.133467 0.235617
v 0.121802 0.149146 0.280926
v 0.126568 0.153279 0.259780
v 0.129939 0.156613 0.236305
v 0.153001 -0.108965 0.234958
v 0.142476 -0.133467 0.235617
v 0.121802 -0.149146 0.280926
v 0.108057 -0.167812 0.280420
v 0.126568 -0.153279 0.259780
v 0.112549 -0.172793 0.259888
v 0.129939 -0.156613 0.236305
v 0.115808 -0.176811 0.236919
v 0.134094 -0.127614 0.281417
v 0.139058 -0.130842 0.259626
v 0.144480 -0.104666 0.281892
v 0.149581 -0.107018 0.259481
v 0.046823 -0.221234 0.228796
v 0.053291 -0.204773 0.276479
v 0.041231 -0.211538 0.267288
v 0.044312 -0.213533 0.259888
v 0.063327 -0.207983 0.259863
v 0.060217 -0.201275 0.279089
v 0.077306 -0.193460 0.279445
v 0.062905 -0.195470 0.288806
v 0.108266 -0.185351 0.237170
v 0.105093 -0.181017 0.259910
v 0.100419 -0.192828 0.237383
v 0.097353 -0.188200 0.259913
v 0.092253 -0.199313 0.237563
v 0.080977 -0.199735 0.259888
v 0.083756 -0.204877 0.237715
v 0.065719 -0.213530 0.237956
v 0.045952 -0.218584 0.241744
v 0.100771 -0.175660 0.280162
v 0.093224 -0.182501 0.279909
v -0.037511 -0.222126 0.242913
v -0.037822 -0.225029 0.229454
v -0.017556 -0.226394 0.229308
v -0.036662 -0.214874 0.266561
v -0.025492 -0.217751 0.261151
v 0.003605 -0.223206 0.243855
v -0.001140 -0.219809 0.256341
v -0.017519 -0.223141 0.244073
v -0.013950 -0.219271 0.257952
v 0.025021 -0.221632 0.243665
v 0.025996 -0.216547 0.260359
v 0.014888 -0.218664 0.257468
v -0.038158 -0.227697 0.212877
v -0.017576 -0.229021 0.212819
v 0.004243 -0.229038 0.212725
v 0.003939 -0.226432 0.229158
v 0.026328 -0.227400 0.212582
v 0.025715 -0.224819 0.228991
v -0.039040 0.232628 0.084280
v -0.038764 0.232098 0.142180
v -0.017403 0.233357 0.142232
v -0.038558 0.230604 0.181381
v -0.017538 0.231885 0.181406
v 0.004713 0.231887 0.181374
v 0.027946 0.231730 0.142156
v 0.028755 0.232330 0.086862
v 0.005165 0.233358 0.142229
v 0.005604 0.233905 0.092882
v -0.018604 0.233894 0.024480
v -0.000298 0.234134 -0.013749
v 0.027204 0.230242 0.181267
v -0.081873 -0.197291 0.282944
v -0.084436 -0.205150 0.262562
v -0.070162 -0.210298 0.262001
v -0.050566 -0.209000 0.276689
v -0.059430 -0.202406 0.287122
v -0.068110 -0.202558 0.281942
v -0.100065 -0.205337 0.239571
v -0.102241 -0.210453 0.212457
v -0.088488 -0.216896 0.212736
v -0.097521 -0.198653 0.263084
v -0.086624 -0.211823 0.239519
v -0.094504 -0.190805 0.283988
v -0.054406 -0.214169 0.261447
v -0.073422 -0.221786 0.212872
v -0.071930 -0.216840 0.239362
v -0.056745 -0.225321 0.212906
v -0.055682 -0.220530 0.239145
v 0.022969 -0.233005 0.004279
v 0.028232 -0.232376 0.086464
v 0.027946 -0.231730 0.142156
v 0.005165 -0.233358 0.142229
v 0.005604 -0.233905 0.092882
v 0.027204 -0.230242 0.181267
v 0.004713 -0.231887 0.181374
v -0.038694 -0.232673 0.090808
v -0.021260 -0.233816 0.030919
v -0.017403 -0.233357 0.142232
v -0.038764 -0.232098 0.142180
v -0.038558 -0.230604 0.181381
v 0.001406 -0.234164 0.044325
v -0.017538 -0.231885 0.181406
v -0.058348 0.230523 0.006243
v -0.075071 0.227530 0.073304
v -0.057568 0.228314 0.181304
v -0.058136 0.229854 0.142077
v -0.058437 0.230424 0.092751
v -0.074642 0.224890 0.181150
v -0.075573 0.226501 0.141905
v -0.090066 0.220108 0.180884
v -0.091344 0.221816 0.141639
v -0.091571 0.222907 0.083741
v -0.104129 0.213746 0.180474
v -0.105714 0.215575 0.141254
v -0.106955 0.216448 0.092153
v -0.107824 0.217105 0.003986
v -0.106225 0.183068 0.285037
v -0.109649 0.190711 0.263529
v -0.112491 0.197228 0.239481
v -0.114918 0.202257 0.212001
v -0.117031 0.173904 0.286068
v -0.120820 0.181140 0.263890
v -0.123904 0.187304 0.239248
v -0.126517 0.192106 0.211371
v -0.126864 0.163101 0.287065
v -0.130973 0.169730 0.264165
v -0.134243 0.175364 0.238881
v -0.136979 0.179793 0.210577
v -0.126864 -0.163101 0.287065
v -0.130973 -0.169730 0.264165
v -0.134243 -0.175364 0.238881
v -0.136979 -0.179793 0.210577
v -0.126517 -0.192106 0.211371
v -0.123904 -0.187304 0.239248
v -0.120820 -0.181140 0.263890
v -0.117031 -0.173904 0.286068
v -0.106225 -0.183068 0.285037
v -0.109649 -0.190711 0.263529
v -0.112491 -0.197228 0.239481
v -0.114918 -0.202257 0.212001
v -0.090066 -0.220108 0.180884
v -0.104129 -0.213746 0.180474
v -0.091344 -0.221816 0.141639
v -0.105714 -0.215575 0.141254
v -0.092292 -0.222529 0.092427
v -0.106955 -0.216448 0.092153
v -0.095984 -0.221886 -0.010648
v -0.107655 -0.217151 0.011322
v -0.074642 -0.224890 0.181150
v -0.075573 -0.226501 0.141905
v -0.076505 -0.227142 0.082813
v -0.057568 -0.228314 0.181304
v -0.058136 -0.229854 0.142077
v -0.058472 -0.230455 0.088622
v -0.117057 0.205580 0.179891
v -0.118894 0.207547 0.140730
v -0.120284 0.209362 0.073093
v -0.128844 0.195379 0.179141
v -0.130867 0.197460 0.140071
v -0.132522 0.198808 0.091330
v -0.133741 0.199885 0.030089
v -0.139422 0.182910 0.178232
v -0.141561 0.185031 0.139284
v -0.143321 0.186575 0.090789
v -0.144627 0.187961 0.029799
v -0.139422 -0.182910 0.178232
v -0.141561 -0.185031 0.139284
v -0.143321 -0.186575 0.090789
v -0.144627 -0.187961 0.029799
v -0.128844 -0.195379 0.179141
v -0.130867 -0.197460 0.140071
v -0.132522 -0.198808 0.091330
v -0.133741 -0.199885 0.030089
v -0.117057 -0.205580 0.179891
v -0.118894 -0.207547 0.140730
v -0.120374 -0.208650 0.091787
v -0.121443 -0.209379 0.030333
v -0.146524 0.189621 -0.110044
v -0.142700 0.194344 -0.109635
v -0.134600 0.202123 -0.109674
v -0.125765 0.208519 -0.110020
v -0.119791 0.212171 -0.109648
v -0.108275 0.217578 -0.110026
v -0.109961 -0.216987 -0.109688
v -0.122887 -0.210401 -0.109647
v -0.127436 -0.207526 -0.109648
v -0.136335 -0.200626 -0.109674
v -0.144498 -0.192335 -0.109562
v -0.149062 -0.186392 -0.109629
v -0.176772 0.090879 -0.003180
v -0.175175 0.102870 -0.003142
v -0.170759 0.127098 -0.003800
v -0.165105 0.148730 -0.015952
v -0.167825 0.138830 -0.009432
v -0.180439 -0.014478 -0.003165
v -0.180020 0.042841 -0.003155
v -0.162981 -0.155190 -0.025120
v -0.165905 -0.146052 -0.013453
v -0.174410 -0.108427 -0.002316
v -0.169999 -0.130525 -0.004670
v -0.176768 -0.091395 -0.003046
v -0.179831 -0.048604 -0.003182
v -0.159500 -0.160114 -0.049813
v 0.110000 -0.160000 0.113910
v 0.109665 -0.160142 -0.015599
v 0.089414 -0.159998 -0.060793
v 0.061892 -0.159998 -0.087472
v 0.037750 -0.160201 -0.101016
v -0.160397 -0.160154 -0.106836
v 0.018620 -0.160099 -0.105767
v 0.104643 -0.160201 -0.034617
v 0.115002 -0.191046 0.143258
v 0.114938 -0.194760 -0.000723
v 0.115000 -0.165000 0.003910
v 0.115001 0.191063 0.143225
v 0.115007 -0.158097 0.123665
v 0.114995 0.159154 0.123121
v 0.114982 0.194660 0.003904
v 0.115000 0.165000 0.003910
v 0.114997 0.164273 0.117790
v 0.114990 -0.164353 0.117830
v 0.104085 -0.204001 -0.044947
v 0.103611 -0.165000 -0.045987
v -0.000760 -0.233190 -0.110977
v -0.000000 -0.165000 -0.111090
v 0.022530 -0.164884 -0.108962
v 0.026072 -0.231342 -0.108030
v 0.039332 -0.165000 -0.104155
v 0.051264 -0.227372 -0.099002
v 0.049897 -0.165000 -0.099701
v 0.057372 -0.163592 -0.095594
v 0.063519 -0.224239 -0.091860
v 0.072997 -0.164875 -0.085019
v 0.073236 -0.220831 -0.084709
v 0.083091 -0.216734 -0.075499
v 0.088158 -0.163651 -0.069738
v 0.091224 -0.212391 -0.066091
v 0.099719 -0.163617 -0.053096
v 0.098808 -0.207810 -0.054820
v 0.108645 -0.200482 -0.033674
v 0.108010 -0.163596 -0.035162
v 0.111782 -0.198161 -0.022584
v 0.112117 -0.165000 -0.021680
v 0.113541 -0.196504 -0.013696
v 0.113095 -0.163623 -0.016118
v -0.042256 -0.231147 -0.111010
v -0.068719 -0.227571 -0.111009
v -0.091140 -0.222373 -0.111010
v -0.109940 -0.215560 -0.111009
v -0.155122 -0.173839 -0.111008
v -0.159414 -0.163995 -0.110938
v -0.125082 -0.207575 -0.111009
v 0.073634 -0.221703 -0.083210
v 0.082604 -0.217822 -0.074862
v 0.080870 -0.218903 -0.030765
v 0.098872 -0.208559 -0.053356
v 0.104011 -0.204748 -0.043919
v 0.108217 -0.201436 -0.033430
v 0.091443 -0.213136 -0.064652
v 0.060847 -0.226277 -0.030710
v 0.063048 -0.225383 -0.091048
v 0.051133 -0.228537 -0.098060
v 0.012829 -0.233742 -0.108942
v 0.026291 -0.232547 -0.107017
v 0.038337 -0.231101 -0.102984
v -0.013802 -0.234133 -0.109653
v -0.000252 -0.234217 -0.109616
v -0.004626 -0.234170 -0.036628
v -0.041301 -0.232554 -0.109705
v -0.038197 -0.232749 -0.036641
v -0.068816 -0.228910 -0.109647
v -0.072895 -0.228057 -0.036685
v -0.056273 -0.230808 -0.036658
v -0.091263 -0.223732 -0.109656
v -0.160410 0.160127 -0.106534
v 0.009965 0.159998 -0.105723
v -0.159479 0.160091 -0.049290
v 0.031546 0.160000 -0.101632
v 0.060067 0.159999 -0.088762
v 0.082862 0.160000 -0.068672
v 0.100165 0.159999 -0.042600
v 0.111611 0.160210 0.113779
v 0.109363 0.159995 -0.010268
v 0.090445 0.212980 -0.066984
v 0.097955 0.208413 -0.056222
v 0.089911 0.165000 -0.067791
v 0.101348 0.205926 -0.050468
v 0.097373 0.165000 -0.057274
v 0.103611 0.165000 -0.045987
v 0.106186 0.202476 -0.040143
v 0.108547 0.165000 -0.034072
v 0.112117 0.165000 -0.021680
v 0.114277 0.165000 -0.008966
v 0.081983 0.217263 -0.076623
v 0.081317 0.165000 -0.077407
v 0.073576 0.220817 -0.084360
v 0.071701 0.165000 -0.086001
v 0.063326 0.224333 -0.091973
v 0.061184 0.165000 -0.093463
v 0.052308 0.227160 -0.098428
v 0.049897 0.165000 -0.099701
v 0.037982 0.165000 -0.104637
v 0.027972 0.231142 -0.107569
v 0.025590 0.165000 -0.108207
v 0.012876 0.165000 -0.110367
v 0.002302 0.232822 -0.111002
v 0.000000 0.165000 -0.111090
v -0.078433 0.225603 -0.111009
v -0.034981 0.231667 -0.111038
v -0.152435 0.178728 -0.111008
v -0.159234 0.164476 -0.111016
v -0.123940 0.208149 -0.111036
v -0.105656 0.217230 -0.111049
v -0.144830 0.189709 -0.111037
v 0.052222 0.228282 -0.097444
v 0.051570 0.228636 -0.030693
v 0.063452 0.225508 -0.030716
v 0.081294 0.218440 -0.076202
v 0.073059 0.221904 -0.083729
v 0.062897 0.225414 -0.091156
v 0.074806 0.221518 -0.030746
v 0.092950 0.212478 -0.030813
v 0.090042 0.213925 -0.066487
v 0.110320 0.199498 -0.028068
v 0.104865 0.204197 -0.041621
v 0.098751 0.208567 -0.054013
v 0.114344 0.195736 -0.007357
v 0.112627 0.197364 -0.018783
v -0.037243 0.232786 -0.110034
v 0.001034 0.234188 -0.109683
v -0.023807 0.233745 -0.109695
v 0.040371 0.230727 -0.102345
v 0.027556 0.232410 -0.106713
v 0.030743 0.232160 -0.036642
v 0.015074 0.233608 -0.108665
v -0.097286 0.221537 -0.036758
v -0.095643 0.222310 -0.109660
v -0.085575 0.225113 -0.036717
v -0.079198 0.226787 -0.109675
v -0.058960 0.230459 -0.109666
v 0.171243 0.047040 0.201285
v 0.173009 0.023644 0.203052
v 0.116142 -0.189354 0.146069
v 0.173386 -0.003254 0.203338
v 0.116124 0.189469 0.146071
v 0.146713 0.137380 0.176784
v 0.133410 0.163543 0.163313
v 0.146548 -0.137735 0.176610
v 0.132546 -0.164972 0.162450
v 0.171948 -0.039905 0.201962
v 0.163552 -0.088538 0.193629
v 0.158612 0.105599 0.188719
v 0.164499 0.084704 0.194527
v -0.013728 0.213305 0.260016
v -0.021157 0.212364 0.262058
v -0.020781 0.132023 0.181531
v -0.050513 0.201655 0.281192
v -0.054238 0.198744 0.285805
v -0.053579 0.113972 0.199582
v -0.047086 0.058569 0.254984
v -0.047940 0.158441 0.353694
v -0.030461 0.049419 0.264134
v -0.043441 0.155749 0.357385
v -0.030988 0.149581 0.363931
v -0.058609 0.071041 0.242513
v -0.053917 0.162841 0.346719
v -0.062380 0.173232 0.328583
v -0.059474 0.168356 0.337188
v -0.063402 0.185134 0.307910
v -0.063781 0.085483 0.228071
v -0.061711 0.189770 0.300270
v -0.062042 0.100329 0.213225
v -0.063992 0.181087 0.314793
v -0.063770 0.177705 0.320650
v -0.039310 0.124932 0.188622
v -0.034869 0.209122 0.268340
v -0.039314 0.207529 0.271224
v -0.045411 0.204735 0.276071
v 0.009033 0.213293 0.258804
v 0.000000 0.134475 0.179079
v 0.016459 0.212349 0.259997
v 0.020781 0.132023 0.181531
v 0.022661 0.211174 0.261588
v 0.000427 0.213811 0.258374
v -0.006122 0.213771 0.258791
v 0.039869 0.205468 0.269616
v 0.039310 0.124932 0.188622
v 0.030596 0.209011 0.264629
v 0.053579 0.113972 0.199582
v 0.051294 0.198363 0.279350
v 0.062042 0.100329 0.213225
v 0.061893 0.185300 0.297144
v 0.058966 0.190325 0.290255
v 0.055110 0.194997 0.283935
v 0.063933 0.177393 0.308357
v 0.063781 0.085483 0.228071
v 0.063826 0.173018 0.314795
v 0.062817 0.168788 0.321224
v 0.058609 0.071041 0.242513
v 0.060903 0.164711 0.327639
v 0.048476 0.152787 0.347162
v 0.054464 0.157225 0.339871
v 0.047086 0.058569 0.254984
v 0.058240 0.160977 0.333695
v 0.030465 0.144835 0.359547
v 0.038277 0.147586 0.355339
v 0.030461 0.049419 0.264134
v 0.021358 0.142564 0.363057
v 0.010534 0.044582 0.268972
v -0.004579 0.142092 0.367484
v 0.003054 0.141384 0.366905
v -0.010534 0.044582 0.268972
v 0.000000 0.043965 0.269589
v 0.011454 0.141401 0.365623
v -0.019599 0.145437 0.366713
v -0.011797 0.143370 0.367486
v 0.000000 0.043965 0.262518
v 0.009711 0.044534 0.261949
v -0.009711 0.044534 0.261949
v -0.054031 0.068926 0.237557
v -0.043408 0.057428 0.249054
v -0.028081 0.048993 0.257490
v -0.049393 0.108502 0.197980
v -0.057195 0.095926 0.210557
v -0.058798 0.082239 0.224244
v 0.000000 0.127403 0.179079
v -0.019157 0.125143 0.181340
v -0.036239 0.118607 0.187876
v 0.049393 0.108502 0.197980
v 0.036239 0.118607 0.187876
v 0.019157 0.125143 0.181340
v 0.054031 0.068926 0.237557
v 0.058798 0.082239 0.224244
v 0.057195 0.095926 0.210557
v 0.028081 0.048993 0.257490
v 0.043408 0.057428 0.249054
v 0.058412 -0.191209 0.289195
v 0.058609 -0.107398 0.206155
v 0.021921 -0.142939 0.363215
v 0.020781 -0.046417 0.267137
v 0.010534 -0.133857 0.179696
v 0.010268 -0.213182 0.258929
v 0.030461 -0.129020 0.184534
v 0.016862 -0.212289 0.260092
v 0.024048 -0.210851 0.262088
v 0.030465 -0.209079 0.264596
v 0.047086 -0.119870 0.193684
v 0.038163 -0.206244 0.268590
v -0.010534 -0.133857 0.179696
v -0.005541 -0.213791 0.258736
v -0.000000 -0.134475 0.179079
v 0.002007 -0.213748 0.258397
v -0.030461 -0.129020 0.184534
v -0.028555 -0.210969 0.265023
v -0.020362 -0.212520 0.261828
v -0.012434 -0.213458 0.259727
v -0.034125 -0.209434 0.267978
v -0.047086 -0.119870 0.193684
v -0.045606 -0.204791 0.276318
v -0.058609 -0.107398 0.206155
v -0.058614 -0.194435 0.293205
v -0.054997 -0.198282 0.287047
v -0.050222 -0.201993 0.281005
v -0.061372 -0.190347 0.299793
v -0.063781 -0.092957 0.220597
v -0.063595 -0.184716 0.309162
v -0.062251 -0.173198 0.329442
v -0.063636 -0.177309 0.322069
v -0.062042 -0.078110 0.235443
v -0.063994 -0.181249 0.315125
v -0.053579 -0.064468 0.249086
v -0.060212 -0.169787 0.335577
v -0.039310 -0.053507 0.260046
v -0.038072 -0.153243 0.361161
v -0.044222 -0.156573 0.357182
v -0.049853 -0.160145 0.352015
v -0.053968 -0.163244 0.347010
v -0.012773 -0.143913 0.367716
v -0.020165 -0.145941 0.366955
v -0.020781 -0.046417 0.267137
v -0.031143 -0.150024 0.364210
v 0.012576 -0.141697 0.365708
v -0.000000 -0.043965 0.269589
v -0.001301 -0.141929 0.367587
v 0.039310 -0.053507 0.260046
v 0.038648 -0.148023 0.355410
v 0.031321 -0.145372 0.359417
v 0.053579 -0.064468 0.249086
v 0.049740 -0.153898 0.345968
v 0.059442 -0.162522 0.331529
v 0.053968 -0.156989 0.340798
v 0.063767 -0.172683 0.315506
v 0.062306 -0.167424 0.323603
v 0.062042 -0.078110 0.235443
v 0.061225 -0.186756 0.295278
v 0.063827 -0.179269 0.305774
v 0.063781 -0.092957 0.220597
v 0.046752 -0.201698 0.274915
v 0.050729 -0.198867 0.278798
v 0.000000 -0.127403 0.179079
v 0.009711 -0.126834 0.179648
v -0.009711 -0.126834 0.179648
v -0.054031 -0.102443 0.204040
v -0.043408 -0.113940 0.192543
v -0.028081 -0.122375 0.184108
v -0.049393 -0.062866 0.243617
v -0.057195 -0.075443 0.231040
v -0.058798 -0.089129 0.217353
v -0.000000 -0.043965 0.262518
v -0.019157 -0.046225 0.260257
v -0.036239 -0.052762 0.253721
v 0.049393 -0.062866 0.243617
v 0.036239 -0.052762 0.253721
v 0.019157 -0.046225 0.260257
v 0.054031 -0.102443 0.204040
v 0.058798 -0.089129 0.217353
v 0.057195 -0.075443 0.231040
v 0.028081 -0.122375 0.184108
v 0.043408 -0.113940 0.192543
v -0.162832 -0.150217 -0.021378
v -0.163147 -0.146817 -0.017767
v -0.166171 -0.139117 -0.011471
v -0.168039 -0.131992 -0.007817
v -0.169705 -0.124857 -0.005603
v -0.164572 -0.144800 -0.015691
v -0.159673 -0.159493 -0.041989
v -0.160448 -0.157324 -0.033845
v -0.161434 -0.154229 -0.027336
v -0.159622 0.159446 -0.041904
v -0.160370 0.157285 -0.033781
v -0.163212 0.148816 -0.019692
v -0.161567 0.153840 -0.026655
v -0.164818 0.143795 -0.014872
v -0.166926 0.137715 -0.010537
v -0.170139 0.123025 -0.005222
v -0.168404 0.130629 -0.007278
v -0.175531 -0.098609 -0.003801
v -0.172556 -0.116834 -0.003720
v -0.170870 -0.124986 -0.004751
v -0.169187 -0.132297 -0.006982
v -0.167327 -0.139573 -0.010656
v -0.165710 -0.145335 -0.014879
v -0.163983 -0.151015 -0.020717
v -0.162307 -0.154980 -0.027198
v -0.161197 -0.158261 -0.034381
v -0.178290 -0.075141 -0.003495
v -0.179073 -0.047680 -0.004282
v -0.179928 -0.014769 -0.003996
v -0.160838 -0.160606 -0.041611
v -0.160430 -0.160872 -0.049420
v -0.179201 0.043314 -0.004282
v -0.178859 0.067064 -0.003523
v -0.175673 0.096151 -0.003995
v -0.161320 -0.160928 -0.106793
v -0.161647 -0.161824 -0.106683
v -0.172778 0.116362 -0.003585
v -0.155658 -0.174585 -0.110488
v -0.160166 -0.164562 -0.110458
v -0.161248 0.158106 -0.033894
v -0.161594 0.158942 -0.033596
v -0.162702 0.154998 -0.026423
v -0.164173 0.150437 -0.020003
v -0.165897 0.144720 -0.014349
v -0.169481 0.131102 -0.006517
v -0.171159 0.123673 -0.004478
v -0.109957 -0.216434 -0.110504
v -0.125239 -0.208434 -0.110505
v -0.136042 -0.199615 -0.110912
v -0.144096 -0.191184 -0.110965
v -0.148554 -0.185700 -0.110780
v -0.160821 0.160673 -0.041977
v -0.160441 0.160886 -0.049435
v -0.041733 -0.232006 -0.110508
v -0.068436 -0.228442 -0.110505
v -0.090946 -0.223270 -0.110509
v -0.014415 -0.233303 -0.110784
v -0.159719 0.165417 -0.110725
v -0.153281 0.178877 -0.110504
v 0.038206 -0.230137 -0.104408
v 0.012654 -0.232765 -0.110241
v -0.141863 0.194057 -0.110780
v -0.133637 0.201690 -0.110912
v -0.119093 0.211628 -0.110782
v -0.095075 0.221644 -0.110784
v -0.079000 0.226304 -0.110504
v -0.058087 0.229612 -0.110915
v -0.023107 0.232981 -0.110784
v 0.001809 0.233657 -0.110503
v 0.015508 0.232596 -0.109887
v 0.040829 0.229697 -0.103449
v 0.115319 -0.190172 0.144800
v 0.115268 0.190307 0.144694
v -0.160207 -0.160772 -0.108589
v -0.159795 -0.161999 -0.110039
v -0.161018 -0.162059 -0.109136
v -0.000129 -0.162379 -0.110435
v -0.000141 -0.160466 -0.108284
v 0.019903 -0.163087 -0.108968
v 0.071937 -0.160381 -0.081821
v 0.055957 -0.160381 -0.093010
v 0.019715 -0.161464 -0.107901
v 0.112716 -0.160686 0.004512
v 0.111811 -0.161464 -0.015805
v 0.038831 -0.161464 -0.102779
v 0.072979 -0.161464 -0.083063
v 0.073676 -0.163087 -0.083894
v 0.086973 -0.161464 -0.069069
v 0.085731 -0.160381 -0.068027
v 0.096920 -0.160381 -0.052047
v 0.098325 -0.161464 -0.052858
v 0.056768 -0.161464 -0.094415
v 0.039202 -0.163087 -0.103797
v 0.106689 -0.161464 -0.034921
v 0.114549 -0.162857 0.003839
v 0.109922 -0.157853 0.118072
v 0.110000 -0.159330 0.116410
v 0.114330 -0.162500 0.113910
v 0.112500 -0.160670 0.113910
v 0.112500 -0.157835 0.118820
v 0.112500 -0.159910 0.116745
v 0.114330 -0.161495 0.117660
v 0.114330 -0.158750 0.120405
v 0.112500 -0.155000 0.119580
v 0.114330 -0.155000 0.121410
v 0.111385 0.157639 0.118345
v 0.111440 0.159517 0.116422
v 0.114281 0.155118 0.121168
v 0.114353 0.162347 0.114086
v 0.114619 0.162003 0.117953
v 0.113536 0.160598 0.117142
v 0.113536 0.158232 0.119508
v 0.114619 0.159043 0.120913
v 0.114330 0.162500 0.003910
v 0.112217 0.160645 -0.004719
v 0.113611 0.162500 -0.008891
v 0.109679 0.160670 -0.021124
v 0.106187 0.160670 -0.033246
v 0.101359 0.160670 -0.044902
v 0.095256 0.160670 -0.055944
v 0.087956 0.160670 -0.066233
v 0.079550 0.160670 -0.075640
v 0.070143 0.160670 -0.084046
v 0.059854 0.160670 -0.091346
v 0.048812 0.160670 -0.097449
v 0.037156 0.160670 -0.102277
v 0.025034 0.160670 -0.105769
v 0.009055 0.160568 -0.108192
v 0.000484 0.162126 -0.110245
v 0.111464 0.162500 -0.021531
v 0.107914 0.162500 -0.033851
v 0.103008 0.162500 -0.045696
v 0.096806 0.162500 -0.056917
v 0.089387 0.162500 -0.067374
v 0.080844 0.162500 -0.076934
v 0.071284 0.162500 -0.085477
v 0.060827 0.162500 -0.092896
v 0.049606 0.162500 -0.099098
v 0.037761 0.162500 -0.104004
v 0.025441 0.162500 -0.107554
v 0.012801 0.162500 -0.109701
v -0.159750 0.162624 -0.110390
v -0.160070 0.161398 -0.109417
v -0.160280 0.160554 -0.108144
v -0.160832 0.162586 -0.109615
v -0.161321 0.160981 -0.107229
v -0.161644 0.161857 -0.106999
v -0.155689 -0.015106 0.316959
v -0.159340 -0.035933 0.304792
v -0.159715 0.016343 0.304671
v -0.162666 -0.036412 0.292202
v -0.163040 0.016905 0.291955
v -0.165439 -0.036821 0.279040
v -0.165811 0.017355 0.278642
v -0.167762 -0.037105 0.265202
v -0.168096 0.017747 0.264835
v -0.171535 -0.017909 0.236062
v -0.173980 -0.036982 0.203089
v -0.174077 0.018871 0.204760
v -0.155183 -0.041345 0.316462
v -0.171046 -0.043357 0.235819
v -0.153995 -0.061306 0.315918
v -0.157932 -0.062025 0.304010
v -0.161246 -0.062687 0.291488
v -0.165404 -0.063560 0.271057
v -0.169811 -0.064790 0.235893
v -0.173486 -0.064832 0.190901
v -0.151746 -0.080416 0.315129
v -0.155613 -0.081536 0.303362
v -0.158877 -0.082575 0.291007
v -0.163001 -0.083992 0.270837
v -0.167408 -0.085927 0.236125
v -0.170001 -0.087114 0.205702
v -0.153995 0.061306 0.315918
v -0.151746 0.080416 0.315129
v -0.157932 0.062025 0.304010
v -0.155613 0.081536 0.303362
v -0.161246 0.062687 0.291488
v -0.158877 0.082575 0.291007
v -0.164014 0.063294 0.278383
v -0.161615 0.083535 0.278085
v -0.166312 0.063847 0.264728
v -0.163899 0.084413 0.264616
v -0.169811 0.064790 0.235893
v -0.167408 0.085927 0.236125
v -0.173356 0.065732 0.191924
v -0.170001 0.087114 0.205702
v -0.155505 0.035481 0.316431
v -0.159145 0.041765 0.304464
v -0.162476 0.042151 0.291839
v -0.165254 0.042502 0.278624
v -0.167556 0.042820 0.264858
v -0.171321 0.037929 0.235432
v -0.174257 0.044821 0.195234
v -0.178894 0.000000 0.099862
v -0.177570 0.000000 0.141376
v -0.177721 0.044975 0.125353
v -0.179596 0.040253 0.050910
v -0.176659 0.066746 0.124210
v -0.178444 0.065356 0.050910
v -0.176496 0.087736 0.050910
v -0.174379 0.088993 0.125997
v -0.179745 -0.034353 0.050910
v -0.172007 0.087938 0.175701
v -0.178194 -0.069426 0.050910
v -0.175366 -0.096760 0.050910
v -0.175128 -0.089302 0.100148
v -0.178422 -0.044580 0.099936
v -0.172913 -0.088990 0.158335
v -0.176584 -0.067053 0.125416
v -0.176365 -0.045021 0.158895
v -0.170899 -0.121760 0.050947
v -0.169097 -0.123364 0.101058
v -0.166721 -0.138031 0.057072
v -0.164808 -0.139574 0.101625
v -0.158175 -0.137720 0.207315
v -0.161233 -0.136799 0.177989
v -0.153832 -0.149000 0.208619
v -0.160080 -0.149001 0.136439
v -0.157421 -0.149000 0.174221
v -0.163179 -0.138281 0.143456
v -0.164721 -0.144149 0.063612
v -0.163443 -0.147456 0.070573
v -0.162790 -0.148807 0.076848
v -0.169036 -0.129675 0.052441
v -0.167989 -0.105758 0.192426
v -0.171858 -0.105754 0.125017
v -0.162444 -0.123595 0.207188
v -0.166623 -0.121964 0.161303
v -0.154279 -0.137670 0.237527
v -0.143152 -0.127069 0.300837
v -0.139720 -0.133085 0.302461
v -0.147210 -0.130214 0.284828
v -0.140799 -0.139628 0.290883
v -0.145310 -0.147964 0.261410
v -0.150785 -0.133946 0.264483
v -0.142628 -0.144625 0.277630
v -0.149007 -0.149049 0.241649
v -0.149509 -0.092562 0.314459
v -0.152476 -0.097671 0.302642
v -0.156940 -0.099710 0.285172
v -0.160609 -0.101744 0.264559
v -0.164126 -0.103912 0.236494
v -0.159729 -0.121270 0.236981
v -0.156215 -0.118344 0.264523
v -0.152643 -0.115609 0.284625
v -0.148301 -0.112900 0.301793
v -0.145118 -0.109729 0.313286
v -0.139418 -0.125282 0.311851
v -0.144597 -0.090850 0.326643
v -0.140166 -0.104908 0.327471
v -0.140622 -0.094173 0.332888
v -0.146713 -0.079095 0.327416
v -0.141019 -0.076252 0.339286
v -0.139557 -0.116701 0.319728
v -0.140867 -0.057508 0.343791
v -0.146786 -0.060132 0.332634
v -0.139889 0.008666 0.348837
v -0.148435 -0.015199 0.333793
v -0.139969 -0.015502 0.348577
v -0.147918 -0.040651 0.333282
v -0.140386 -0.036178 0.346996
v -0.140977 0.080958 0.337825
v -0.146713 0.079095 0.327416
v -0.140964 0.062533 0.342756
v -0.146786 0.060132 0.332634
v -0.140442 0.038043 0.346847
v -0.148205 0.032727 0.333536
v -0.139411 0.124865 0.312299
v -0.143839 0.113663 0.312858
v -0.139601 0.115202 0.320911
v -0.144597 0.090850 0.326643
v -0.140261 0.102905 0.328587
v -0.140632 0.093230 0.333187
v -0.148773 0.097449 0.313399
v -0.148235 0.113110 0.301780
v -0.143032 0.127359 0.300815
v -0.158192 0.137283 0.208590
v -0.162374 0.123845 0.207201
v -0.159659 0.121512 0.236988
v -0.140955 0.140168 0.289660
v -0.145970 0.129824 0.289209
v -0.154797 0.148999 0.200910
v -0.149730 0.149043 0.237605
v -0.154151 0.138008 0.237539
v -0.145707 0.148331 0.259125
v -0.150658 0.134267 0.264482
v -0.142632 0.144728 0.277459
v -0.148493 0.132129 0.277108
v -0.139749 0.133502 0.301900
v -0.151310 0.115067 0.289886
v -0.153925 0.116890 0.277470
v -0.156145 0.118574 0.264522
v -0.152450 0.097783 0.302637
v -0.155636 0.099251 0.290489
v -0.158323 0.100612 0.277794
v -0.160582 0.101865 0.264559
v -0.164098 0.104039 0.236497
v -0.166749 0.105757 0.206361
v -0.170514 0.123565 0.051086
v -0.173729 0.106945 0.050910
v -0.172535 0.106489 0.100543
v -0.165284 0.142517 0.061564
v -0.167206 0.136396 0.055839
v -0.169098 0.123364 0.101047
v -0.168983 0.129829 0.052627
v -0.162836 0.148788 0.076059
v -0.163869 0.146429 0.067829
v -0.164809 0.139574 0.101614
v -0.163179 0.138281 0.143450
v -0.159289 0.148999 0.150309
v -0.161234 0.136799 0.177987
v -0.165676 0.121059 0.177107
v -0.167544 0.122267 0.142676
v -0.169274 0.104672 0.176326
v -0.171060 0.105605 0.141989
v -0.118000 0.149000 0.079910
v -0.118000 0.149000 0.244910
v -0.118000 -0.149000 0.244910
v -0.118000 -0.147596 0.263782
v -0.118000 -0.138467 0.293169
v -0.118000 -0.144004 0.279457
v -0.118000 -0.134616 0.299939
v -0.118000 -0.114223 0.321475
v -0.118000 -0.125306 0.311823
v -0.118000 -0.099556 0.330345
v -0.118000 -0.081054 0.337734
v -0.118000 -0.062186 0.342778
v -0.118000 -0.039909 0.346516
v -0.118000 -0.013841 0.348632
v -0.118000 0.013944 0.348627
v -0.118000 0.041421 0.346324
v -0.118000 0.064890 0.342176
v -0.118000 0.084429 0.336593
v -0.118000 0.100610 0.329750
v -0.118000 0.113849 0.321745
v -0.118000 0.124667 0.312484
v -0.118000 0.134190 0.300601
v -0.118000 0.140593 0.288645
v -0.118000 0.145465 0.274302
v -0.118000 0.148278 0.258537
v -0.118000 -0.149000 0.079910
v -0.118000 -0.120000 0.050910
v -0.118000 -0.128961 0.052329
v -0.118000 -0.137046 0.056448
v -0.118000 -0.143461 0.062864
v -0.118000 -0.147581 0.070949
v -0.118000 0.120000 0.050910
v -0.118000 0.147581 0.070949
v -0.118000 0.143461 0.062864
v -0.118000 0.137046 0.056448
v -0.118000 0.128961 0.052329
v 0.002044 -0.128819 0.354910
v -0.006697 -0.128476 0.354910
v 0.019077 -0.117000 0.354910
v 0.012399 -0.124416 0.354910
v 0.016128 -0.088941 0.354910
v 0.021118 -0.097584 0.354910
v 0.022161 -0.107509 0.354910
v -0.011469 -0.083075 0.354910
v -0.001708 -0.081000 0.354910
v 0.008054 -0.083075 0.354910
v -0.025576 -0.107509 0.354910
v -0.024533 -0.097584 0.354910
v -0.019543 -0.088941 0.354910
v -0.015814 -0.124416 0.354910
v -0.022492 -0.117000 0.354910
v -0.001471 -0.080850 0.424138
v -0.009172 -0.082059 0.424245
v -0.015633 -0.085334 0.424489
v -0.011469 -0.083075 0.421910
v -0.020948 -0.090391 0.425665
v -0.025701 -0.104178 0.430987
v -0.024528 -0.097319 0.426212
v -0.024553 -0.112120 0.427924
v -0.025576 -0.107509 0.421910
v -0.021721 -0.118399 0.422326
v -0.008209 -0.128193 0.421962
v -0.015814 -0.124416 0.421910
v 0.004824 -0.128197 0.421976
v -0.001708 -0.129000 0.421910
v 0.018346 -0.118343 0.422035
v 0.012399 -0.124416 0.421910
v 0.021152 -0.112098 0.427593
v 0.022348 -0.105742 0.423684
v 0.017438 -0.090231 0.425780
v 0.021120 -0.097324 0.426439
v 0.012581 -0.085633 0.424278
v 0.006177 -0.082194 0.424173
v -0.014117 0.003076 0.499342
v -0.013747 -0.000000 0.500177
v -0.013279 -0.047101 0.499821
v -0.013311 0.046319 0.499841
v -0.010218 -0.045875 0.498189
v -0.018392 -0.045875 0.479163
v -0.012574 -0.049144 0.499484
v -0.011297 -0.050432 0.498788
v -0.012731 0.048846 0.499560
v -0.011542 0.050275 0.498915
v -0.009627 0.049987 0.497830
v -0.012360 -0.046038 0.499402
v -0.022869 -0.045881 0.473229
v -0.025272 -0.045832 0.466788
v -0.024128 -0.046033 0.472010
v -0.021035 -0.045859 0.444924
v -0.023761 -0.045857 0.447970
v -0.024974 -0.046057 0.445437
v -0.025171 -0.045875 0.451217
v -0.027094 -0.046075 0.449130
v -0.025684 -0.045876 0.454974
v -0.028024 -0.046059 0.453050
v -0.028141 -0.046035 0.457022
v -0.016883 -0.049989 0.480628
v -0.009597 -0.049984 0.497835
v -0.011703 -0.048893 0.499032
v -0.021348 -0.049124 0.475796
v -0.023917 -0.048460 0.471122
v -0.010218 0.045875 0.498189
v -0.018394 0.045875 0.479159
v -0.012372 0.046044 0.499408
v -0.023936 0.048444 0.471108
v -0.011684 0.048841 0.499021
v -0.021233 0.049190 0.475908
v -0.016575 0.049999 0.480860
v -0.025320 0.045921 0.466278
v -0.022931 0.045871 0.473144
v -0.023996 0.046048 0.472330
v -0.025234 0.045862 0.451381
v -0.027131 0.046048 0.449217
v -0.023759 0.045875 0.447970
v -0.021017 0.045993 0.444924
v -0.024981 0.046037 0.445469
v -0.026820 0.046045 0.464564
v -0.025695 0.045851 0.454823
v -0.028161 0.046076 0.456937
v -0.028000 0.046046 0.452948
v -0.012103 -0.045648 0.499258
v -0.025105 -0.045591 0.468890
v -0.026213 -0.014463 0.467714
v -0.012650 0.000000 0.499564
v -0.012084 0.045658 0.499246
v -0.023781 0.045480 0.472265
v -0.026605 0.014113 0.466602
v 0.012399 -0.050000 0.481326
v 0.019077 -0.050000 0.473910
v 0.031334 -0.050025 0.473770
v 0.016128 -0.050000 0.445851
v 0.009723 -0.050006 0.440693
v 0.022161 -0.050000 0.464419
v 0.021118 -0.050000 0.454494
v 0.018418 -0.049947 0.444968
v 0.013041 -0.050030 0.484259
v 0.003282 -0.050000 0.485386
v -0.006697 -0.050000 0.485386
v 0.009975 0.050029 0.440840
v 0.016128 0.050000 0.445851
v -0.006697 0.050000 0.485386
v 0.003282 0.050000 0.485386
v 0.017835 0.049937 0.443789
v 0.012399 0.050000 0.481326
v 0.019077 0.050000 0.473910
v 0.031174 0.050011 0.473694
v 0.022161 0.050000 0.464419
v 0.021118 0.050000 0.454494
v 0.013098 0.050031 0.484203
v 0.013207 -0.050087 0.484646
v 0.013266 -0.050232 0.484325
v 0.013208 0.050131 0.484649
v 0.013283 0.050252 0.484322
v -0.019140 0.043164 0.443477
v -0.019581 -0.000006 0.442741
v -0.019410 0.044176 0.443651
v -0.019564 0.045146 0.443872
v -0.020452 0.045647 0.444429
v -0.010280 0.065086 0.439416
v -0.012328 0.049569 0.440294
v -0.015630 0.067516 0.442252
v -0.018613 0.050037 0.444756
v -0.020941 0.068731 0.447295
v -0.002161 0.067014 0.437793
v -0.004844 0.048331 0.438059
v 0.004672 0.049338 0.438773
v -0.001584 0.048200 0.437908
v 0.008039 0.049869 0.439978
v 0.005932 0.067506 0.438982
v 0.012576 0.067353 0.442542
v 0.017462 0.068924 0.447160
v 0.022350 0.066537 0.462674
v 0.021165 0.069764 0.469110
v 0.018349 0.065026 0.475252
v 0.012399 0.065000 0.481326
v 0.004873 0.065176 0.485081
v -0.001708 0.065000 0.485910
v -0.021719 0.066132 0.475264
v -0.015814 0.065000 0.481326
v -0.008206 0.065014 0.485105
v -0.024539 0.071026 0.469069
v -0.025641 0.049206 0.464602
v -0.025758 0.066934 0.462619
v -0.025478 0.049869 0.458332
v -0.024334 0.049997 0.453713
v -0.024526 0.068690 0.454324
v 0.008054 0.083075 0.421910
v 0.012218 0.085334 0.424489
v -0.009597 0.082198 0.424157
v -0.001948 0.080868 0.424046
v -0.009020 0.069082 0.438647
v -0.020853 0.090231 0.425780
v -0.015996 0.085633 0.424278
v -0.024567 0.112098 0.427593
v -0.025763 0.105742 0.423684
v -0.024535 0.097324 0.426439
v -0.021124 0.118285 0.431306
v -0.021761 0.118343 0.422035
v -0.021124 0.074396 0.475195
v -0.015814 0.075318 0.480424
v -0.009124 0.075910 0.483781
v -0.001708 0.128028 0.433023
v -0.008287 0.128169 0.422121
v -0.009124 0.126871 0.432820
v -0.015814 0.123514 0.432228
v -0.015814 0.124416 0.421910
v -0.001708 0.076113 0.484938
v 0.005709 0.126871 0.432820
v 0.004794 0.128193 0.421962
v -0.001708 0.129000 0.421910
v 0.005709 0.075910 0.483781
v 0.012399 0.075318 0.480424
v 0.017709 0.074396 0.475195
v 0.021137 0.112120 0.427924
v 0.018306 0.118399 0.422326
v 0.017709 0.118285 0.431306
v 0.012399 0.123514 0.432228
v 0.012399 0.124416 0.421910
v 0.022286 0.104178 0.430987
v 0.022161 0.107509 0.421910
v -0.001708 0.079555 0.428697
v -0.009124 0.081139 0.427784
v -0.015814 0.084342 0.428950
v -0.021124 0.089332 0.430766
v -0.024525 0.094445 0.436087
v -0.025708 0.101389 0.438878
v -0.024544 0.108347 0.441474
v -0.021124 0.115844 0.440416
v -0.015814 0.120833 0.442232
v -0.009124 0.124037 0.443398
v -0.001708 0.125140 0.443799
v 0.005709 0.124037 0.443398
v 0.012399 0.120833 0.442232
v 0.017709 0.115844 0.440416
v 0.021129 0.107849 0.442540
v 0.021112 0.097319 0.426212
v 0.021110 0.094787 0.435354
v 0.017533 0.090391 0.425665
v 0.017709 0.089332 0.430766
v -0.009108 0.079100 0.431821
v -0.015790 0.081865 0.433816
v -0.021103 0.086166 0.436945
v -0.021124 0.111858 0.448963
v -0.015814 0.116456 0.451618
v -0.009124 0.119408 0.453323
v -0.001708 0.120426 0.453910
v 0.005709 0.119408 0.453323
v 0.012399 0.116456 0.451618
v 0.017709 0.111858 0.448963
v 0.022292 0.095949 0.447879
v 0.017688 0.086368 0.436657
v -0.001708 0.076356 0.433266
v -0.024525 0.087821 0.445303
v -0.025708 0.093391 0.450301
v -0.024544 0.099041 0.455119
v -0.021124 0.106448 0.456689
v -0.015814 0.110516 0.460102
v -0.009124 0.113127 0.462293
v -0.001708 0.114027 0.463048
v 0.005709 0.113127 0.462293
v 0.012399 0.110516 0.460102
v 0.017709 0.106448 0.456689
v 0.021118 0.101323 0.452389
v 0.021118 0.089960 0.442854
v -0.009108 0.074860 0.436045
v -0.015790 0.076776 0.438866
v -0.021103 0.079747 0.443278
v -0.021124 0.099779 0.463358
v -0.015814 0.103192 0.467426
v -0.009124 0.105383 0.470037
v -0.001708 0.106138 0.470937
v 0.005709 0.105383 0.470037
v 0.012399 0.103192 0.467426
v 0.017709 0.099779 0.463358
v 0.021129 0.091794 0.461201
v 0.021110 0.084074 0.448446
v 0.017688 0.080035 0.443076
v -0.001708 0.071787 0.436466
v -0.024525 0.078444 0.451697
v -0.025708 0.081968 0.458299
v -0.024544 0.085630 0.464759
v -0.021124 0.092053 0.468768
v -0.015814 0.094708 0.473366
v -0.009124 0.096413 0.476318
v -0.001708 0.097000 0.477336
v 0.005709 0.096413 0.476318
v 0.012399 0.094708 0.473366
v 0.017709 0.092053 0.468768
v 0.022292 0.081968 0.458299
v -0.015814 0.072040 0.441252
v -0.021124 0.073856 0.446242
v -0.021124 0.083506 0.472754
v -0.015814 0.085322 0.477743
v -0.009124 0.086488 0.480947
v -0.001708 0.086889 0.482050
v 0.005709 0.086488 0.480947
v 0.012399 0.085322 0.477743
v 0.017709 0.083506 0.472754
v 0.021118 0.081217 0.466467
v 0.021123 0.072327 0.453926
v 0.017709 0.073856 0.446242
v 0.012399 0.084342 0.428950
v 0.012375 0.081956 0.433685
v 0.012375 0.076906 0.438775
v 0.012399 0.072040 0.441252
v 0.005757 0.082059 0.424245
v 0.005693 0.080633 0.429165
v 0.005709 0.078157 0.432950
v 0.005693 0.074911 0.436010
v 0.005709 0.070874 0.438049
v 0.007221 0.032960 0.589126
v 0.011213 0.030252 0.589351
v 0.018313 0.022831 0.589476
v 0.016587 0.025046 0.589474
v 0.001298 0.036037 0.589065
v -0.003009 0.037511 0.589020
v -0.010529 0.038884 0.588959
v -0.018621 0.038795 0.589013
v -0.026308 0.037168 0.589159
v -0.029814 0.036194 0.589444
v -0.032676 0.034482 0.589157
v -0.036698 0.032044 0.589220
v -0.039729 0.029819 0.589316
v -0.049504 0.017854 0.589708
v -0.045075 0.024503 0.589530
v -0.047963 0.021615 0.590302
v -0.044542 0.026171 0.590341
v -0.052508 0.010433 0.589854
v -0.054434 0.003722 0.590732
v -0.053889 -0.000511 0.589860
v -0.053742 0.003923 0.589898
v 0.023547 0.013365 0.589816
v 0.024572 0.010988 0.590065
v 0.025932 0.001337 0.589888
v 0.025667 -0.004606 0.589895
v 0.023938 -0.012161 0.589792
v -0.041906 0.029196 0.590830
v -0.037263 0.032875 0.590742
v 0.000009 0.037617 0.590667
v -0.000335 0.037896 0.593364
v -0.007079 0.039420 0.590333
v 0.013857 0.029362 0.593244
v 0.019192 0.023316 0.591015
v 0.018827 0.024071 0.593722
v 0.021509 0.019804 0.591141
v 0.008884 0.033316 0.593518
v 0.009084 0.033027 0.590697
v 0.015131 0.028041 0.590900
v 0.004723 0.035626 0.591425
v -0.009264 0.039865 0.593235
v -0.014512 0.040128 0.593225
v -0.013428 0.039969 0.590389
v -0.019636 0.039600 0.590460
v -0.019744 0.039707 0.593144
v -0.024498 0.038608 0.590416
v -0.025312 0.038528 0.593066
v -0.029600 0.036998 0.590729
v -0.029145 0.037282 0.593331
v -0.033501 0.035298 0.593400
v -0.042421 0.028991 0.593650
v -0.048075 0.022361 0.593781
v -0.046736 0.024055 0.591803
v -0.050235 0.018435 0.591029
v -0.052774 0.013109 0.593987
v -0.052542 0.013189 0.591158
v -0.054239 0.007388 0.591465
v -0.054155 0.008239 0.594042
v -0.055028 -0.000134 0.594099
v -0.054842 -0.000183 0.591295
v 0.012213 0.030495 0.590509
v 0.018134 -0.147374 0.496669
v 0.003601 -0.147094 0.504369
v 0.016597 -0.144565 0.492834
v -0.001597 -0.144376 0.503259
v -0.004612 -0.140565 0.502318
v 0.015465 -0.138899 0.490068
v -0.006205 -0.135753 0.501989
v -0.027549 -0.141041 0.512091
v -0.016244 -0.144305 0.510931
v -0.015940 -0.146926 0.514457
v -0.012407 -0.148681 0.518335
v -0.015007 -0.140629 0.507878
v -0.015342 -0.135792 0.506833
v -0.025759 -0.135264 0.510080
v 0.030743 0.151506 0.582550
v 0.029366 0.156106 0.580691
v -0.077402 0.147368 0.581139
v 0.029264 0.158892 0.578336
v -0.078096 0.149457 0.578791
v 0.026737 0.160351 0.575530
v -0.080392 0.150709 0.575014
v 0.028783 0.161455 0.571218
v -0.081301 0.150945 0.572705
v 0.027674 0.161052 0.566620
v -0.084087 0.150383 0.568688
v -0.082547 0.000246 0.594136
v -0.082298 0.030518 0.593646
v -0.050775 0.017841 0.593935
v -0.081626 0.047520 0.593045
v -0.004833 0.039283 0.593359
v 0.030331 0.041302 0.593346
v -0.012406 0.040555 0.593361
v -0.047198 0.024294 0.593889
v -0.037932 0.032607 0.593536
v -0.031904 0.036602 0.593514
v -0.022969 0.039388 0.593361
v 0.004191 0.035983 0.593407
v 0.016520 0.026940 0.593761
v 0.021726 0.020687 0.593973
v 0.027646 0.000206 0.594208
v 0.028408 0.075102 0.591357
v -0.079199 0.107677 0.588330
v 0.027543 0.108602 0.588317
v 0.038264 -0.149709 0.582661
v 0.030455 -0.152091 0.582389
v 0.041972 -0.153505 0.581401
v 0.051435 -0.154711 0.578494
v 0.046076 -0.152681 0.580873
v 0.046732 -0.156838 0.579023
v 0.050774 -0.158134 0.576868
v 0.042806 -0.159827 0.577485
v 0.040282 -0.161596 0.574544
v 0.048754 -0.162108 0.571891
v 0.039555 -0.162366 0.570452
v 0.047314 -0.162742 0.568366
v 0.045684 -0.162412 0.564275
v 0.028016 -0.161412 0.571255
v 0.029279 -0.160651 0.575310
v 0.027726 -0.158519 0.578682
v 0.030108 -0.155484 0.581041
v 0.041553 -0.156575 0.580153
v 0.056093 -0.036880 0.589759
v 0.049650 -0.037273 0.591833
v 0.055269 -0.074532 0.587762
v 0.049075 -0.075393 0.589684
v 0.048111 -0.113396 0.586086
v 0.053821 -0.113027 0.584275
v 0.041321 -0.113330 0.587321
v 0.027647 -0.108358 0.588346
v 0.028408 -0.075102 0.591357
v 0.042258 -0.075348 0.590919
v 0.030733 -0.041359 0.593329
v 0.042818 -0.037250 0.593069
v 0.049836 0.000000 0.592528
v 0.043000 0.000000 0.593764
v 0.041321 0.113330 0.587321
v 0.041155 0.152388 0.581877
v 0.051921 0.150515 0.579579
v 0.046357 0.153018 0.580762
v 0.053791 0.113864 0.584195
v 0.048111 0.113397 0.586086
v 0.055236 0.075213 0.587705
v 0.049075 0.075393 0.589684
v 0.049650 0.037273 0.591833
v 0.042818 0.037251 0.593069
v 0.042258 0.075349 0.590919
v 0.040283 0.161596 0.574543
v 0.049015 0.161835 0.572552
v 0.047284 0.162744 0.568294
v 0.049857 0.160625 0.574615
v 0.043067 0.159875 0.577393
v 0.051420 0.154819 0.578456
v 0.050746 0.158235 0.576800
v 0.045521 0.162332 0.563860
v 0.039556 0.162366 0.570451
v 0.041555 0.156575 0.580153
v 0.046733 0.156839 0.579022
v -0.100598 0.144152 0.541927
v 0.019684 0.148604 0.500403
v -0.017802 0.148410 0.519902
v 0.018459 0.147636 0.497413
v 0.017142 0.145774 0.494232
v -0.002022 0.145699 0.505100
v 0.016470 0.144170 0.492486
v -0.000674 0.142636 0.501298
v 0.015419 0.138700 0.489985
v -0.002451 0.139509 0.500701
v -0.005534 0.135598 0.501596
v -0.015017 0.138195 0.507046
v -0.016887 0.141816 0.509352
v -0.016299 0.145266 0.512002
v -0.015006 0.147693 0.515776
v -0.025168 0.137866 0.510266
v -0.024727 0.146105 0.516111
v -0.102322 0.143246 0.539195
v -0.103841 0.141687 0.536304
v -0.107449 0.134355 0.532177
v -0.028071 0.007762 0.504327
v -0.119839 0.007209 0.529009
v -0.111501 0.110813 0.530993
v -0.026964 0.095545 0.507229
v -0.118261 0.046517 0.529240
v -0.027801 0.060564 0.505546
v -0.119646 -0.010893 0.528941
v -0.023684 -0.037730 0.503642
v -0.116403 -0.070838 0.529789
v -0.022403 -0.075879 0.504780
v -0.022201 -0.111145 0.507046
v -0.108213 -0.130952 0.531797
v -0.107611 -0.134067 0.532192
v -0.100819 -0.144065 0.541555
v -0.102322 -0.143206 0.538911
v -0.103956 -0.141836 0.536812
v -0.105071 -0.140333 0.535098
v -0.083838 -0.150486 0.569039
v -0.007634 -0.096111 0.499262
v -0.016649 -0.077037 0.502804
v -0.017126 -0.047174 0.501650
v -0.018132 -0.004999 0.501237
v -0.015942 -0.106865 0.504512
v -0.017544 0.066205 0.502626
v -0.017938 0.036278 0.501675
v -0.007663 0.094941 0.499192
v -0.016170 0.122586 0.505941
v 0.013989 0.092441 0.486358
v 0.018233 -0.024469 0.590689
v 0.016492 -0.025212 0.589567
v 0.011855 -0.029743 0.589353
v 0.006258 -0.033631 0.589192
v -0.005376 -0.038096 0.588975
v 0.000639 -0.036369 0.589161
v -0.011786 -0.039008 0.589008
v -0.017718 -0.038879 0.589014
v -0.029250 -0.036059 0.589093
v -0.036315 -0.032422 0.589328
v -0.040908 -0.028869 0.589437
v -0.048837 -0.019081 0.589712
v -0.051789 -0.012559 0.589796
v -0.053570 -0.005066 0.589851
v -0.054295 -0.006303 0.591049
v -0.036403 -0.033402 0.590668
v -0.030514 -0.036567 0.590549
v -0.050001 -0.018865 0.591059
v -0.052740 -0.012681 0.591206
v -0.046277 -0.024493 0.590996
v -0.041684 -0.029386 0.590788
v 0.021653 -0.019530 0.591042
v -0.023987 -0.038757 0.590501
v -0.017398 -0.039831 0.590412
v -0.010710 -0.039831 0.590394
v -0.004107 -0.038772 0.590444
v 0.002261 -0.036679 0.590581
v 0.008263 -0.033493 0.590640
v 0.013613 -0.029441 0.590789
v -0.036445 -0.033600 0.593517
v -0.041771 -0.029554 0.593649
v -0.054535 -0.006225 0.594074
v -0.030395 -0.036800 0.593400
v -0.024008 -0.038934 0.593323
v -0.010671 -0.040015 0.593282
v -0.004130 -0.038959 0.593320
v 0.008345 -0.033667 0.593517
v 0.013597 -0.029690 0.593634
v 0.018138 -0.024965 0.593768
v 0.023836 -0.015051 0.591138
v 0.025521 -0.010089 0.591204
v 0.025739 -0.009820 0.593819
v 0.026519 -0.005038 0.591224
v 0.027012 -0.001008 0.594014
v 0.026897 0.001050 0.591388
v 0.024030 0.014612 0.591176
v 0.025516 0.010317 0.591370
v 0.026400 0.006493 0.593662
v 0.024015 0.015132 0.593959
v 0.027063 0.001558 0.594094
v 0.025549 0.010641 0.594027
v 0.021851 0.019483 0.593821
v -0.045413 0.025847 0.593720
v 0.022596 -0.019127 0.594003
v 0.021796 -0.019593 0.593849
v 0.002350 -0.036834 0.593414
v -0.052892 -0.012784 0.594003
v -0.050143 -0.019011 0.593916
v -0.046404 -0.024625 0.593783
v -0.017372 -0.040021 0.593293
v 0.023958 -0.015180 0.593915
v 0.025709 -0.010725 0.594092
v -0.081626 -0.047520 0.593045
v -0.081132 -0.069863 0.591686
v -0.079201 -0.107636 0.588329
v -0.076987 -0.138615 0.584485
v -0.077606 -0.147964 0.580639
v -0.076918 -0.146351 0.581909
v -0.076817 -0.144016 0.583151
v -0.080673 -0.150742 0.574542
v -0.078822 -0.149818 0.578006
v -0.107971 -0.133209 0.532289
v -0.106114 -0.138553 0.533855
v -0.119976 -0.006263 0.529290
v -0.119332 -0.027757 0.529744
v -0.118354 -0.049057 0.529522
v -0.116900 -0.067671 0.530081
v -0.114687 -0.088815 0.530516
v -0.111831 -0.109956 0.531111
v -0.111929 0.109310 0.531315
v -0.107832 0.133719 0.532423
v -0.119849 0.011729 0.529495
v -0.108213 0.131238 0.531843
v -0.118410 0.048309 0.529704
v -0.116677 0.070239 0.530021
v -0.114549 0.089444 0.530394
v -0.104776 0.140842 0.535632
v -0.106043 0.138696 0.533917
v -0.076953 0.138882 0.584460
v -0.076869 0.144152 0.583055
v -0.078661 0.149554 0.578397
v -0.081160 0.069939 0.591666
v -0.082042 0.048197 0.592768
v -0.082301 -0.033138 0.593565
v -0.077438 -0.140427 0.567540
v -0.076322 -0.141420 0.570342
v -0.075592 -0.140247 0.570448
v -0.073936 -0.137560 0.574547
v -0.074211 -0.138749 0.573279
v -0.074215 -0.134921 0.575891
v -0.075189 -0.139830 0.574688
v -0.074684 -0.138281 0.575502
v -0.075721 -0.141316 0.571691
v -0.075439 -0.140892 0.573391
v -0.078057 -0.141242 0.567860
v -0.074428 -0.139496 0.574149
v -0.075020 -0.134847 0.576523
v -0.074689 -0.140192 0.572533
v -0.093016 -0.135392 0.543435
v -0.092152 -0.134906 0.543716
v -0.093395 -0.132709 0.541617
v -0.093811 -0.133820 0.541560
v -0.094653 -0.131654 0.540390
v -0.077506 0.140451 0.567465
v -0.092103 0.134927 0.543840
v -0.093445 0.132772 0.541526
v -0.075514 0.140152 0.570577
v -0.077842 0.141264 0.568131
v -0.107013 -0.022324 0.537212
v -0.101940 -0.088007 0.538461
v -0.105982 0.041793 0.537466
v -0.101178 0.094150 0.538648
v -0.094649 0.131286 0.540371
v -0.104581 0.132033 0.538468
v -0.094776 0.132411 0.540551
v -0.103360 0.134962 0.539745
v -0.102442 0.136081 0.541035
v -0.093817 0.134023 0.541691
v -0.092867 0.135581 0.543807
v -0.106079 0.009649 0.537648
v -0.079864 -0.006247 0.582915
v -0.079118 0.025566 0.583790
v -0.104445 0.049893 0.538039
v -0.078098 0.064461 0.582018
v -0.101785 0.079843 0.538687
v -0.076921 0.090552 0.579958
v -0.098564 0.102168 0.539928
v -0.075559 0.113398 0.577553
v -0.074040 0.137116 0.574062
v -0.097493 -0.111931 0.539764
v -0.102182 -0.076821 0.538570
v -0.103594 -0.055262 0.538684
v -0.105542 -0.029508 0.537766
v -0.076626 -0.104567 0.577423
v -0.077846 -0.070987 0.581553
v -0.078718 -0.044809 0.583101
v -0.079297 -0.011543 0.584286
v -0.076345 -0.101551 0.579155
v -0.079117 -0.040168 0.584430
v -0.079620 0.000556 0.585304
v -0.079712 -0.033803 0.585089
v -0.079952 0.003959 0.585652
v -0.078696 -0.067832 0.583320
v -0.077393 -0.088063 0.581417
v -0.076985 -0.103074 0.580299
v -0.079640 0.036272 0.584991
v -0.078622 0.069706 0.583191
v -0.076850 0.104634 0.580114
v -0.074718 0.134916 0.576395
v -0.074059 0.134795 0.575558
v -0.077360 0.088852 0.581351
v -0.078557 0.050403 0.583340
v -0.074306 0.139434 0.573926
v -0.074166 0.138039 0.575121
v -0.075335 0.140873 0.573324
v -0.075203 0.139870 0.574663
v -0.075861 0.138577 0.575795
v -0.074673 0.140103 0.572453
v -0.076086 0.141375 0.570601
v -0.075931 0.141429 0.571841
v -0.081540 0.141917 0.575172
v -0.082304 0.142916 0.573716
v -0.081019 0.140212 0.576400
v -0.081046 0.136331 0.577510
v -0.085206 0.143091 0.568902
v -0.083253 0.143281 0.571900
v -0.082672 0.143334 0.573257
v -0.081100 0.139481 0.577128
v -0.081547 0.141770 0.575674
v -0.100620 0.137201 0.543860
v -0.104146 0.133523 0.538845
v -0.107557 0.114716 0.537676
v -0.111757 0.083188 0.536676
v -0.114386 0.055705 0.536009
v -0.115898 0.029982 0.535617
v -0.116394 0.006036 0.535534
v -0.104865 -0.131030 0.538332
v -0.109298 -0.103561 0.537131
v -0.112290 -0.078797 0.536530
v -0.114860 -0.049270 0.535889
v -0.116110 -0.021735 0.535592
v -0.101500 -0.136820 0.542438
v -0.103004 -0.135495 0.540252
v -0.104067 -0.133652 0.538930
v -0.085213 -0.143113 0.568905
v -0.081760 -0.142492 0.574253
v -0.081011 -0.140625 0.576095
v -0.083252 -0.143351 0.572195
v -0.081546 -0.141627 0.575587
v -0.081152 -0.136401 0.577590
v -0.081123 -0.139761 0.576716
v -0.080934 -0.138860 0.577642
v -0.082348 -0.142964 0.573828
v -0.083685 -0.097276 0.582166
v -0.085099 -0.067557 0.584633
v -0.086175 -0.028739 0.586535
v -0.083028 0.106733 0.581138
v -0.085045 0.068858 0.584540
v -0.085968 0.039353 0.586164
v -0.085925 0.045492 0.586289
v -0.086419 0.021268 0.586855
v -0.086545 -0.001885 0.587027
v -0.083213 0.107815 0.581397
v -0.084960 0.073837 0.584600
v -0.084204 0.089676 0.582986
v -0.085924 -0.045463 0.586008
v -0.082660 -0.116352 0.580260
v -0.086297 -0.027979 0.586975
v -0.084162 -0.090568 0.583189
v -0.085418 -0.061915 0.585424
v 0.010326 0.030601 0.598962
v -0.049480 0.017729 0.599255
v 0.023208 0.014086 0.599217
v -0.033312 0.034072 0.598793
v -0.039730 0.029749 0.598916
v -0.052393 0.010455 0.599298
v -0.053523 0.002523 0.599455
v 0.003846 0.034844 0.598752
v -0.003382 0.037579 0.598635
v -0.018789 0.038732 0.598579
v -0.026270 0.037094 0.598650
v 0.017356 -0.024035 0.599113
v -0.053482 -0.005110 0.599374
v -0.051796 -0.012514 0.599223
v -0.038719 -0.030520 0.598897
v -0.032653 -0.034272 0.598840
v -0.025932 -0.037199 0.598652
v -0.015830 -0.038872 0.598635
v 0.002532 -0.035419 0.598750
v 0.006337 -0.033579 0.598755
v 0.025624 -0.002134 0.599428
v 0.025427 0.005380 0.599349
v -0.011912 -0.038968 0.598564
v -0.006580 -0.038310 0.598627
v 0.024715 -0.009514 0.599193
v 0.025684 -0.004372 0.599169
v 0.020848 0.018960 0.599155
v 0.024921 0.008775 0.599214
v 0.025923 0.001202 0.599161
v 0.018303 -0.023012 0.598826
v 0.022611 -0.015349 0.599261
v 0.015169 -0.026691 0.598589
v 0.010832 -0.030570 0.598781
v -0.000002 -0.036589 0.598285
v -0.018916 -0.038769 0.598206
v -0.045885 -0.023533 0.598665
v -0.041970 -0.027845 0.598915
v -0.035675 -0.032826 0.598632
v -0.048496 -0.019596 0.599132
v -0.030699 -0.035484 0.598548
v -0.053810 0.002750 0.599214
v -0.045183 0.024326 0.599023
v -0.010971 0.038875 0.598590
v 0.010969 0.030521 0.598674
v 0.016305 0.025333 0.599009
v -0.045007 -0.024631 0.589540
v -0.031704 -0.035010 0.589199
v -0.024116 -0.037821 0.589141
v 0.024788 -0.009417 0.589990
v 0.021881 -0.017198 0.589732
v 0.019534 -0.021225 0.589878
v 0.025230 0.007337 0.589923
v 0.020975 0.018838 0.589722
v 0.004592 0.034524 0.589203
v 0.077142 0.138089 0.550096
v 0.075707 0.141142 0.548365
v 0.078443 0.157218 0.558070
v 0.080221 0.154984 0.560373
v 0.059472 0.136922 0.518959
v 0.074045 0.141684 0.545755
v 0.076121 0.158481 0.554525
v 0.082729 0.107729 0.552060
v 0.087877 0.121063 0.564189
v 0.086207 0.081029 0.553051
v 0.093156 0.083511 0.565703
v 0.090087 0.027564 0.553985
v 0.096881 0.038925 0.566594
v 0.097667 0.018167 0.566742
v 0.073230 0.158187 0.549374
v 0.057196 0.152149 0.519582
v 0.083431 0.145286 0.563151
v 0.081970 0.151014 0.562259
v 0.080836 0.153672 0.561377
v 0.079373 0.155978 0.559981
v 0.077566 0.157845 0.557425
v 0.090493 0.103801 0.565088
v 0.097900 -0.001523 0.567055
v 0.097341 0.023168 0.567125
v 0.095439 0.060271 0.566317
v 0.083430 -0.145353 0.563117
v 0.087915 -0.120881 0.564302
v 0.097673 -0.018642 0.566830
v 0.096890 -0.038908 0.566702
v 0.095327 -0.061692 0.566282
v 0.091124 -0.099682 0.565045
v 0.093135 -0.083193 0.565797
v 0.057183 -0.152152 0.519545
v 0.075751 -0.141175 0.548434
v 0.076390 -0.158376 0.554818
v 0.077151 -0.138141 0.550088
v 0.080225 -0.154956 0.560471
v 0.078019 -0.134749 0.550652
v 0.082725 -0.107023 0.551954
v 0.086278 -0.079406 0.552942
v 0.088717 -0.052389 0.553622
v 0.090212 -0.024867 0.554031
v 0.055269 -0.150938 0.513978
v 0.056156 -0.142890 0.511759
v 0.054775 -0.149778 0.508748
v 0.059313 -0.136569 0.518549
v 0.057453 -0.135623 0.513146
v 0.057006 -0.134422 0.508074
v 0.038349 -0.146037 0.489421
v 0.019935 -0.148801 0.500137
v 0.015739 -0.139247 0.489777
v 0.015946 -0.141853 0.490916
v 0.016369 -0.143427 0.491752
v 0.025336 -0.145380 0.490196
v 0.017064 -0.145338 0.493330
v 0.026896 -0.146707 0.492485
v 0.018054 -0.147184 0.495766
v 0.034722 -0.144956 0.486560
v 0.034138 -0.143677 0.484375
v 0.014023 -0.093891 0.486442
v 0.030702 -0.089154 0.476354
v 0.031101 -0.050194 0.474056
v 0.032260 -0.132471 0.479139
v 0.033546 -0.049713 0.473272
v 0.033589 -0.101646 0.476053
v 0.038661 -0.093893 0.475169
v 0.036684 -0.133189 0.478189
v 0.038146 -0.054599 0.473222
v 0.035645 -0.020970 0.472349
v 0.035437 -0.046086 0.472918
v -0.019144 -0.043684 0.443501
v -0.019367 -0.043749 0.443625
v -0.019851 -0.045188 0.444055
v -0.019679 -0.045330 0.443950
v -0.025587 -0.049178 0.464952
v -0.026733 -0.048430 0.462920
v -0.021816 -0.046115 0.442416
v -0.020005 -0.047849 0.441543
v -0.015322 -0.046070 0.439309
v -0.009869 -0.046142 0.438114
v -0.004879 -0.048333 0.438061
v -0.014105 -0.048448 0.439533
v -0.024609 -0.047921 0.445481
v -0.027069 -0.047915 0.450060
v -0.027882 -0.047898 0.455906
v -0.025403 -0.049905 0.457940
v -0.026988 -0.049225 0.455795
v -0.024204 -0.050006 0.453437
v -0.023722 -0.049928 0.448465
v -0.018408 -0.050018 0.444539
v -0.011889 -0.049508 0.440071
v -0.001541 -0.046122 0.437450
v -0.001584 -0.048201 0.437908
v -0.026212 -0.049220 0.450289
v -0.023894 -0.049222 0.446008
v -0.020223 -0.049251 0.442894
v 0.008024 -0.047639 0.437490
v 0.007969 -0.049205 0.438497
v 0.004672 -0.049338 0.438773
v 0.013628 -0.045851 0.437903
v 0.016781 -0.047494 0.439631
v 0.019324 -0.049270 0.443358
v 0.021667 -0.049138 0.446817
v 0.020181 -0.047521 0.442649
v 0.022745 -0.047531 0.446817
v 0.012163 -0.049484 0.439353
v 0.012362 -0.048408 0.438235
v 0.014223 -0.049914 0.441209
v 0.016222 -0.049223 0.440529
v 0.032956 -0.049794 0.473213
v 0.034096 -0.049202 0.473001
v 0.034963 -0.048241 0.473001
v 0.035653 0.001560 0.472182
v 0.022953 0.000000 0.445679
v 0.022555 0.047774 0.446616
v 0.035406 0.046064 0.472901
v 0.035648 0.030967 0.472532
v 0.030528 0.092520 0.476677
v 0.030984 0.050185 0.474111
v 0.035108 0.047854 0.472971
v 0.039075 0.073212 0.473952
v 0.033347 0.099637 0.475970
v 0.036986 0.132841 0.478100
v 0.032636 0.132444 0.478957
v 0.038909 0.135940 0.478570
v 0.015451 0.135210 0.489096
v 0.015288 -0.135807 0.489356
v 0.019646 -0.148579 0.500313
v 0.018447 -0.147693 0.497094
v 0.035983 -0.157416 0.540096
v 0.045754 -0.162548 0.563825
v 0.049961 -0.160413 0.574897
v 0.050507 -0.159788 0.575824
v 0.051443 -0.156259 0.578072
v 0.051963 -0.150351 0.579611
v 0.051184 -0.158892 0.576488
v 0.049594 -0.161657 0.573506
v 0.048097 -0.162801 0.569914
v 0.049235 -0.162417 0.571641
v 0.048087 -0.163020 0.568607
v 0.054155 -0.113479 0.584266
v 0.056354 0.000412 0.590402
v 0.056091 0.036794 0.589751
v 0.054143 0.113533 0.584261
v 0.049596 0.161889 0.573082
v 0.048051 0.162880 0.569666
v 0.045860 0.162580 0.563936
v 0.051400 0.156415 0.578001
v 0.050488 0.159799 0.575810
v 0.019889 0.148768 0.499971
v 0.018621 0.147841 0.497178
v 0.015599 0.139528 0.489992
v 0.015901 0.141418 0.490700
v 0.016452 0.143511 0.491740
v 0.017370 0.146156 0.494305
v 0.033360 0.143390 0.484356
v 0.034601 0.145215 0.487216
v 0.030248 0.136920 0.481146
v 0.031934 0.140864 0.482320
v 0.038457 0.146046 0.489421
v 0.034445 0.143821 0.484478
v 0.033727 0.140713 0.481331
v 0.033981 0.136356 0.479176
v 0.037308 0.145132 0.486400
v 0.036967 0.142574 0.482346
v 0.035915 0.139599 0.480070
v 0.036943 0.137387 0.479039
v 0.038963 0.144817 0.485827
v 0.039157 0.143081 0.482996
v 0.039553 0.140033 0.480271
v 0.054732 0.149756 0.508530
v 0.055279 0.145366 0.488998
v 0.057154 0.132567 0.478169
v 0.056691 0.135830 0.478711
v 0.056191 0.139134 0.480042
v 0.048459 0.143326 0.483623
v 0.048515 0.144772 0.486306
v 0.055506 0.144358 0.485997
v 0.055878 0.142046 0.482458
v 0.054964 0.148469 0.503718
v 0.055268 0.150960 0.514008
v 0.056156 0.142890 0.511759
v 0.057479 0.135430 0.513273
v 0.057005 0.134407 0.508086
v 0.066048 0.001226 0.487188
v 0.057257 0.132051 0.498235
v 0.057956 0.126914 0.492675
v 0.061620 0.094598 0.490123
v 0.064157 0.061897 0.473910
v 0.064013 0.064388 0.488506
v 0.065333 0.037872 0.487655
v 0.059849 0.110525 0.476375
v 0.062083 0.088718 0.475023
v 0.063492 0.068110 0.473794
v 0.064944 0.043929 0.472928
v 0.065732 0.023272 0.472512
v 0.065989 0.000785 0.472319
v 0.065712 -0.022683 0.472472
v 0.063703 -0.067646 0.473848
v 0.062014 -0.088124 0.474876
v 0.056961 -0.132137 0.478020
v 0.065066 -0.043985 0.473051
v 0.057054 -0.133896 0.478491
v 0.060761 -0.102896 0.476260
v 0.064298 -0.059468 0.488327
v 0.065431 -0.035286 0.487590
v 0.062282 -0.087272 0.489629
v 0.060210 -0.107954 0.491084
v 0.057909 -0.126963 0.492726
v 0.057643 -0.129149 0.493613
v 0.057430 -0.130860 0.495275
v 0.055469 -0.144748 0.487024
v 0.055877 -0.142059 0.482478
v 0.055625 -0.140641 0.480949
v 0.056302 -0.138561 0.479800
v 0.056446 -0.136397 0.478813
v 0.055155 -0.143917 0.484861
v 0.040131 -0.141568 0.481429
v 0.037465 -0.137867 0.479181
v 0.048098 -0.132877 0.478125
v 0.038081 -0.144507 0.485059
v 0.037485 -0.142616 0.482318
v 0.035864 -0.139675 0.480181
v 0.037416 -0.145112 0.486356
v 0.034644 -0.136269 0.479024
v 0.032153 -0.136660 0.480051
v 0.034990 -0.142613 0.482749
v 0.033026 -0.140799 0.481732
v 0.057221 -0.132014 0.498259
v 0.056871 -0.134384 0.509132
v 0.054088 -0.133204 0.511774
v 0.050414 -0.128379 0.501819
v 0.057553 -0.135511 0.514129
v 0.062024 -0.137601 0.523785
v 0.056203 -0.134941 0.518151
v 0.058403 -0.135579 0.526149
v 0.072587 -0.141479 0.543211
v 0.074145 -0.141657 0.545926
v 0.075773 -0.140600 0.548493
v 0.076498 -0.139474 0.549448
v 0.074936 -0.141300 0.547280
v 0.066786 -0.135151 0.551351
v 0.067764 -0.134481 0.551920
v 0.066725 -0.136135 0.550613
v 0.065996 -0.137038 0.549016
v 0.067593 -0.131898 0.552729
v 0.070778 -0.000024 0.557938
v 0.090598 0.001363 0.554123
v 0.068929 -0.098822 0.555064
v 0.083113 0.103008 0.552062
v 0.078016 0.134749 0.550657
v 0.088372 0.056612 0.553515
v 0.068033 0.130334 0.552924
v 0.068965 0.097869 0.555120
v 0.069872 0.065138 0.556692
v 0.070261 0.032059 0.557620
v 0.067728 0.134582 0.551879
v 0.074935 0.141300 0.547279
v 0.075764 0.140595 0.548493
v 0.066734 0.136216 0.550529
v 0.076497 0.139477 0.549445
v 0.072527 0.141415 0.543254
v 0.066099 0.137545 0.548064
v 0.059402 0.136575 0.519095
v 0.056897 0.134396 0.509055
v 0.057425 0.130839 0.495307
v 0.057642 0.129293 0.493703
v 0.049752 -0.005316 0.495702
v 0.049766 -0.061576 0.495959
v 0.049646 0.059336 0.496030
v 0.049455 0.062156 0.496694
v 0.049605 0.003103 0.496310
v 0.049124 0.124149 0.498233
v 0.049460 -0.061231 0.496673
v 0.049179 -0.124717 0.498410
v 0.049151 -0.122648 0.497319
v 0.049667 -0.126969 0.499847
v 0.049558 -0.125416 0.498072
v 0.052729 -0.131525 0.509167
v 0.054793 -0.133859 0.515605
v 0.064672 -0.137418 0.545271
v 0.067207 -0.131378 0.552548
v 0.070173 -0.006098 0.557699
v 0.068596 -0.092173 0.554978
v 0.069563 -0.067507 0.556566
v 0.070417 -0.033007 0.557624
v 0.067230 0.130671 0.552650
v 0.068920 0.083081 0.555544
v 0.065934 0.136885 0.549035
v 0.067330 0.132420 0.552529
v 0.066708 0.134990 0.551302
v 0.064902 0.137565 0.545412
v 0.067014 0.072708 0.549653
v 0.066441 0.077386 0.548155
v 0.067292 -0.001408 0.549458
v 0.065548 0.080711 0.545545
v 0.064117 0.083189 0.541356
v 0.059087 0.083464 0.526382
v 0.057768 0.081977 0.522367
v 0.055062 0.133969 0.516525
v 0.049662 0.126922 0.499914
v 0.056233 0.000831 0.516505
v 0.066709 0.073009 0.549461
v 0.066982 -0.073250 0.549589
v 0.066580 -0.071359 0.549555
v 0.056112 -0.075663 0.517400
v 0.057769 -0.081981 0.522373
v 0.059106 -0.083475 0.526442
v 0.064369 -0.082793 0.542117
v 0.065527 -0.080778 0.545472
v 0.062964 -0.083401 0.538159
v 0.066516 -0.073875 0.549322
v 0.066311 -0.077286 0.548047
v 0.063274 -0.083100 0.540263
v 0.064149 -0.082418 0.542576
v 0.065247 -0.080380 0.545659
v 0.044383 -0.074243 0.556023
v 0.044690 -0.070149 0.556708
v 0.043576 -0.078092 0.553859
v 0.042879 -0.079764 0.552095
v 0.044648 0.069913 0.556739
v 0.033258 0.072995 0.527686
v 0.041429 -0.081573 0.548521
v 0.037461 -0.081995 0.538181
v 0.033244 -0.073172 0.527508
v 0.041350 0.081377 0.548443
v 0.034528 0.078894 0.530748
v 0.035946 0.081242 0.534287
v 0.043524 0.078119 0.553826
v 0.044416 0.074281 0.556017
v 0.033172 -0.069957 0.527039
v 0.033167 0.070060 0.527062
v 0.034003 0.077185 0.529269
v 0.033456 0.073359 0.527358
v 0.037439 0.081980 0.538206
v 0.056733 0.079122 0.519323
v 0.057624 0.082034 0.522994
v 0.059003 0.083297 0.526777
v 0.062812 0.083336 0.538187
v 0.040402 0.082019 0.545611
v 0.042944 0.079674 0.552213
v 0.041733 0.081640 0.548597
v 0.064048 0.082628 0.541981
v 0.065331 0.080199 0.545871
v 0.064621 0.081482 0.544237
v 0.066132 0.076712 0.548393
v 0.055931 0.071338 0.516617
v 0.056111 0.075643 0.517408
v 0.055932 -0.071416 0.516633
v 0.058935 -0.083279 0.526764
v 0.057624 -0.082034 0.522993
v 0.056736 -0.079137 0.519356
v 0.040395 -0.082021 0.545598
v 0.034564 -0.078928 0.530731
v 0.033946 -0.077023 0.529179
v 0.035927 -0.081235 0.534321
v -0.019958 -0.043948 0.441439
v -0.020334 -0.003189 0.440311
v -0.019992 0.044255 0.441442
v -0.020032 -0.044429 0.441254
v -0.020462 -0.045392 0.441800
v -0.021492 -0.045947 0.442470
v -0.026898 -0.046132 0.464396
v -0.020599 -0.045571 0.441611
v -0.005514 -0.011877 0.436840
v -0.015195 -0.009616 0.438328
v -0.019158 -0.023343 0.440028
v -0.009101 -0.000000 0.437199
v 0.009656 -0.000699 0.436584
v 0.015519 0.000000 0.437938
v 0.019766 0.001050 0.440874
v 0.019903 0.047173 0.442164
v 0.016705 0.047430 0.439556
v 0.014790 0.046130 0.438439
v 0.012447 0.047483 0.437864
v 0.007987 0.046122 0.437281
v 0.019347 0.049232 0.443318
v 0.021652 0.049204 0.446984
v 0.012297 0.049213 0.438906
v 0.007752 0.048786 0.437993
v 0.016222 0.049223 0.440529
v 0.034555 0.048761 0.473014
v 0.033564 0.049598 0.473180
v 0.032609 0.049970 0.473472
v -0.005228 0.046262 0.437604
v -0.024040 0.049934 0.449157
v -0.026974 0.049242 0.455969
v -0.026980 0.047882 0.462748
v -0.027882 0.047898 0.455906
v -0.024609 0.047921 0.445481
v -0.027069 0.047915 0.450060
v -0.021745 0.046103 0.442356
v -0.020696 0.047915 0.442088
v -0.012190 0.046149 0.438535
v -0.014194 0.048404 0.439532
v -0.020318 0.049200 0.442875
v -0.023946 0.049222 0.446073
v -0.026240 0.049219 0.450370
v -0.017040 0.047562 0.440101
v -0.020484 0.045387 0.441811
v -0.021588 0.045968 0.442546
v -0.019976 0.044454 0.441197
v -0.019928 0.027170 0.440468
v -0.005792 0.025756 0.437111
v -0.015527 0.023294 0.438693
v -0.020612 0.045562 0.441661
v 0.058345 0.135636 0.525629
v 0.055343 0.134431 0.516077
v 0.053238 0.132288 0.510478
v 0.050066 0.126768 0.498707
v 0.049360 0.124964 0.498003
v 0.049163 0.122477 0.497265
v 0.050365 0.128296 0.501655
v 0.069941 0.159526 0.555952
v 0.074559 0.150656 0.567102
v 0.071017 0.153461 0.568182
v 0.065442 0.156731 0.569440
v 0.057775 0.149699 0.577153
v 0.055705 0.161913 0.564643
v 0.056820 0.161316 0.568646
v 0.064302 0.158783 0.567878
v 0.062018 0.118940 0.579625
v 0.061542 0.080817 0.584267
v 0.062469 0.055429 0.585727
v 0.062131 -0.004589 0.587698
v 0.063141 0.011887 0.587040
v 0.059324 -0.149434 0.576360
v 0.060346 -0.128040 0.579231
v 0.061169 -0.101099 0.582330
v 0.061807 -0.073192 0.584800
v 0.062498 -0.054472 0.585794
v 0.068958 -0.032184 0.583207
v 0.071722 -0.151755 0.568393
v 0.081858 -0.151312 0.562207
v 0.074339 -0.153695 0.565766
v 0.080892 -0.153557 0.561441
v 0.078332 -0.157330 0.557884
v 0.079215 -0.156173 0.559854
v 0.073546 -0.156818 0.563360
v 0.075012 -0.158688 0.553438
v 0.077294 -0.157976 0.557021
v 0.065442 -0.156731 0.569440
v 0.065400 -0.158604 0.567278
v 0.056543 -0.161357 0.568789
v 0.073454 -0.158218 0.549724
v 0.055933 -0.153589 0.577143
v 0.055759 -0.156550 0.575869
v 0.055705 -0.159699 0.573015
v 0.060914 0.103134 0.582232
v 0.056957 0.153328 0.576728
v 0.056717 0.156495 0.575357
v 0.055061 0.159779 0.573360
v -0.024205 0.045714 0.470439
v -0.001645 -0.066740 0.437864
v -0.011469 -0.065000 0.439985
v -0.009175 -0.067427 0.438952
v -0.020867 -0.068735 0.447184
v -0.015910 -0.067363 0.442485
v -0.024514 -0.068793 0.454317
v -0.025774 -0.066653 0.462725
v -0.024554 -0.070737 0.469043
v -0.022492 -0.065000 0.473910
v -0.021124 -0.065000 0.476017
v -0.015814 -0.065000 0.481326
v -0.008288 -0.065176 0.485081
v -0.001708 -0.065000 0.485910
v 0.004791 -0.065014 0.485105
v 0.012399 -0.065000 0.481326
v 0.018306 -0.065313 0.475314
v 0.021142 -0.070195 0.469160
v 0.022355 -0.066029 0.462689
v 0.021112 -0.069302 0.454229
v 0.017485 -0.068891 0.447195
v 0.012316 -0.067551 0.442324
v 0.008054 -0.065000 0.439985
v 0.005695 -0.067283 0.438957
v -0.023855 -0.023043 0.443337
v -0.025518 0.000000 0.444684
v -0.020812 -0.000617 0.440858
v -0.026625 -0.045264 0.464485
v -0.028524 -0.021527 0.458255
v -0.027793 -0.045382 0.458782
v -0.028460 -0.022994 0.452501
v -0.027101 -0.009523 0.446969
v -0.027693 -0.045386 0.451798
v -0.022882 -0.045323 0.443493
v -0.025782 -0.045384 0.446886
v -0.021069 -0.045064 0.442159
v -0.020686 -0.024178 0.441127
v -0.028619 0.000242 0.451440
v -0.028507 0.010294 0.459230
v -0.022219 -0.045721 0.443327
v -0.025760 -0.045711 0.447333
v -0.027650 -0.045721 0.458209
v -0.027471 -0.045693 0.451778
v -0.027828 0.045679 0.455135
v -0.026771 0.045731 0.462584
v -0.021734 0.045688 0.442946
v -0.024381 0.045688 0.445296
v -0.023000 0.045294 0.443583
v -0.026985 0.045424 0.463148
v -0.027775 0.045267 0.458945
v -0.026006 0.045240 0.447208
v -0.026938 0.045652 0.449696
v -0.027881 0.045253 0.453182
v -0.028460 0.022994 0.452501
v -0.020498 0.043763 0.441741
v -0.020477 0.021666 0.441065
v -0.023855 0.023043 0.443337
v -0.026892 0.023042 0.447280
v -0.028586 0.022939 0.456391
v -0.020351 -0.012437 0.441090
v -0.020044 0.043914 0.441974
v -0.020390 -0.043902 0.441785
v -0.020046 -0.044100 0.442030
v -0.021220 -0.045571 0.442637
v -0.020530 -0.045036 0.442174
v -0.020580 0.045156 0.442230
v -0.021096 0.045148 0.442196
v 0.017709 -0.118285 0.431306
v 0.017709 -0.074396 0.475195
v 0.012399 -0.075318 0.480424
v 0.005709 -0.075910 0.483781
v -0.001708 -0.128028 0.433023
v 0.005709 -0.126871 0.432820
v 0.012399 -0.123514 0.432228
v -0.001708 -0.076113 0.484938
v -0.009124 -0.126871 0.432820
v -0.009124 -0.075910 0.483781
v -0.015814 -0.075318 0.480424
v -0.021124 -0.074396 0.475195
v -0.021124 -0.118285 0.431306
v -0.015814 -0.123514 0.432228
v -0.001708 -0.079555 0.428697
v 0.005709 -0.081139 0.427784
v 0.012399 -0.084342 0.428950
v 0.017709 -0.089332 0.430766
v 0.021110 -0.094445 0.436087
v 0.022292 -0.101389 0.438878
v 0.021129 -0.108347 0.441474
v 0.017709 -0.115844 0.440416
v 0.012399 -0.120833 0.442232
v 0.005709 -0.124037 0.443398
v -0.001708 -0.125140 0.443799
v -0.009124 -0.124037 0.443398
v -0.015814 -0.120833 0.442232
v -0.021124 -0.115844 0.440416
v -0.024544 -0.107849 0.442540
v -0.024525 -0.094787 0.435354
v -0.021124 -0.089332 0.430766
v 0.005693 -0.079100 0.431821
v 0.012375 -0.081865 0.433816
v 0.017688 -0.086166 0.436945
v 0.017709 -0.111858 0.448963
v 0.012399 -0.116456 0.451618
v 0.005709 -0.119408 0.453323
v -0.001708 -0.120426 0.453910
v -0.009124 -0.119408 0.453323
v -0.015814 -0.116456 0.451618
v -0.021124 -0.111858 0.448963
v -0.025708 -0.097889 0.444939
v -0.021103 -0.086368 0.436657
v -0.001708 -0.076356 0.433266
v 0.021110 -0.087821 0.445303
v 0.022292 -0.093391 0.450301
v 0.021129 -0.099041 0.455119
v 0.017709 -0.106448 0.456689
v 0.012399 -0.110516 0.460102
v 0.005709 -0.113127 0.462293
v -0.001708 -0.114027 0.463048
v -0.009124 -0.113127 0.462293
v -0.015814 -0.110516 0.460102
v -0.021124 -0.106448 0.456689
v -0.024533 -0.101323 0.452389
v -0.024533 -0.089960 0.442854
v 0.005693 -0.074860 0.436045
v 0.012375 -0.076776 0.438866
v 0.017688 -0.079747 0.443278
v 0.017709 -0.099779 0.463358
v 0.012399 -0.103192 0.467426
v 0.005709 -0.105383 0.470037
v -0.001708 -0.106138 0.470937
v -0.009124 -0.105383 0.470037
v -0.015814 -0.103192 0.467426
v -0.021124 -0.099779 0.463358
v -0.024544 -0.091794 0.461201
v -0.025708 -0.088029 0.454799
v -0.024525 -0.084074 0.448446
v -0.021103 -0.080035 0.443076
v -0.001708 -0.071787 0.436466
v 0.021110 -0.078444 0.451697
v 0.022292 -0.081968 0.458299
v 0.021129 -0.085630 0.464759
v 0.017709 -0.092053 0.468768
v 0.012399 -0.094708 0.473366
v 0.005709 -0.096413 0.476318
v -0.001708 -0.097000 0.477336
v -0.009124 -0.096413 0.476318
v -0.015814 -0.094708 0.473366
v -0.021124 -0.092053 0.468768
v 0.005709 -0.070874 0.438049
v 0.012399 -0.072040 0.441252
v 0.017709 -0.073856 0.446242
v 0.017709 -0.083506 0.472754
v 0.012399 -0.085322 0.477743
v 0.005709 -0.086488 0.480947
v -0.001708 -0.086889 0.482050
v -0.009124 -0.086488 0.480947
v -0.015814 -0.085322 0.477743
v -0.021124 -0.083506 0.472754
v -0.024533 -0.081217 0.466467
v -0.025693 -0.076315 0.460305
v -0.024533 -0.076144 0.452529
v -0.021124 -0.073856 0.446242
v -0.015814 -0.084342 0.428950
v -0.015790 -0.081956 0.433685
v -0.015790 -0.076906 0.438775
v -0.015814 -0.072040 0.441252
v -0.009108 -0.080633 0.429165
v -0.009124 -0.078157 0.432950
v -0.009108 -0.074911 0.436010
v -0.009124 -0.070874 0.438049
v 0.008054 0.083075 0.354910
v 0.016128 0.088941 0.354910
v 0.021118 0.097584 0.354910
v 0.022161 0.107509 0.354910
v 0.019077 0.117000 0.354910
v 0.012399 0.124416 0.354910
v 0.003282 0.128476 0.354910
v -0.006697 0.128476 0.354910
v -0.015814 0.124416 0.354910
v -0.022492 0.117000 0.354910
v -0.025576 0.107509 0.354910
v -0.024533 0.097584 0.354910
v -0.019543 0.088941 0.354910
v -0.011469 0.083075 0.354910
v -0.002458 0.080930 0.354910
v -0.018913 -0.033350 0.478644
v -0.015832 -0.033350 0.481314
v -0.014866 -0.033417 0.483562
v -0.015921 -0.034715 0.485482
v -0.014374 -0.034369 0.484706
v -0.016371 -0.033447 0.484491
v -0.014303 -0.044350 0.484872
v -0.015716 -0.044350 0.485479
v -0.015716 0.044350 0.485479
v -0.014303 0.044350 0.484872
v -0.014329 0.034776 0.484811
v -0.016449 0.033429 0.484310
v -0.014705 0.033530 0.483936
v -0.015933 0.034517 0.485467
v -0.015832 0.033350 0.481314
v -0.018865 0.033350 0.478691
v -0.019439 -0.001306 0.478087
v -0.010248 0.044350 0.498206
v -0.010679 0.000000 0.498452
v -0.010248 -0.044350 0.498206
v -0.008905 0.044350 0.497437
v -0.008905 -0.044350 0.497437
v 0.012882 -0.047500 0.484766
v 0.013097 0.047500 0.484665
v 0.013950 0.047657 0.486399
v 0.013951 -0.047657 0.486398
v 0.013504 -0.047686 0.486619
v 0.013587 0.047887 0.486800
v 0.031063 0.071984 0.528435
v 0.030844 -0.073010 0.527687
v 0.042676 0.073197 0.556968
v 0.039671 -0.081286 0.549601
v 0.040493 0.080954 0.551603
v 0.033713 -0.081121 0.534954
v 0.042720 -0.074740 0.556993
v 0.033856 0.081797 0.535118
v 0.031989 0.078794 0.530387
v 0.039558 0.082879 0.548687
v 0.041658 0.084007 0.549199
v 0.043423 0.081662 0.553672
v 0.044271 0.079888 0.555511
v 0.045289 0.075216 0.558190
v 0.045685 0.070070 0.559053
v 0.043258 0.073505 0.557887
v 0.041909 0.079532 0.554568
v 0.044364 0.070216 0.558928
v 0.043948 0.074961 0.558090
v 0.042940 0.079326 0.555619
v 0.042186 0.081151 0.553761
v 0.040548 0.083385 0.549595
v 0.039651 0.084400 0.545726
v 0.035944 0.083687 0.539028
v 0.037382 0.084529 0.538198
v 0.030784 0.072616 0.527128
v 0.031108 0.073749 0.526412
v 0.030924 0.070121 0.525968
v 0.032022 0.073864 0.525397
v 0.031923 0.070063 0.524868
v 0.033647 0.080716 0.529194
v 0.032885 0.078649 0.527540
v 0.035352 0.083587 0.533566
v 0.034283 0.083008 0.534254
v 0.032627 0.080334 0.530201
v 0.031926 0.078283 0.528473
v 0.030895 -0.070067 0.526007
v 0.031871 -0.070118 0.524902
v 0.034361 -0.082648 0.535925
v 0.032876 -0.078553 0.527481
v 0.033679 -0.080698 0.529140
v 0.032023 -0.073866 0.525404
v 0.031987 -0.078886 0.530227
v 0.034244 -0.082959 0.534246
v 0.036171 -0.083938 0.538761
v 0.035348 -0.083588 0.533572
v 0.037386 -0.084530 0.538214
v 0.031122 -0.073723 0.526366
v 0.031926 -0.078283 0.528473
v 0.032627 -0.080334 0.530202
v 0.039730 -0.084398 0.545894
v 0.039585 -0.082919 0.548698
v 0.043407 -0.081711 0.553594
v 0.044295 -0.079901 0.555498
v 0.041667 -0.083986 0.549243
v 0.041878 -0.079544 0.554534
v 0.043912 -0.074976 0.558066
v 0.043850 -0.070500 0.558696
v 0.045265 -0.075173 0.558208
v 0.045750 -0.070120 0.559026
v 0.040501 -0.083413 0.549520
v 0.042186 -0.081151 0.553761
v 0.042940 -0.079326 0.555619
v 0.065105 0.074816 0.552257
v 0.064360 0.079428 0.550269
v 0.063528 0.081279 0.548875
v 0.062965 0.083241 0.546649
v 0.061737 0.085269 0.542483
v 0.060516 0.085783 0.538815
v 0.054085 0.082261 0.520319
v 0.052839 0.074111 0.515636
v 0.053380 0.078645 0.517273
v 0.052697 -0.071387 0.515432
v 0.054243 -0.082401 0.520437
v 0.052793 -0.074511 0.515775
v 0.065143 -0.074842 0.552269
v 0.065325 -0.071092 0.552708
v 0.064378 -0.079490 0.550258
v 0.063490 -0.081398 0.548753
v 0.062969 -0.083255 0.546636
v 0.061745 -0.085254 0.542524
v 0.065372 0.071012 0.552723
v 0.065686 -0.008347 0.552611
v 0.063518 0.083019 0.547431
v 0.057330 0.085810 0.529232
v 0.054442 0.082632 0.520364
v 0.052829 0.074012 0.515136
v 0.052751 0.071304 0.515387
v 0.055754 0.084951 0.524476
v 0.053150 0.007103 0.515155
v 0.052844 -0.073485 0.515104
v 0.057310 -0.085797 0.529250
v 0.055757 -0.084952 0.524481
v 0.054448 -0.082775 0.520287
v 0.053384 -0.078648 0.517272
v 0.060548 -0.085789 0.538878
v 0.063502 -0.083017 0.547391
v -0.077014 -0.000547 0.582973
v -0.103886 0.000282 0.536346
v -0.103326 0.029286 0.536510
v -0.101646 0.057177 0.536922
v -0.075616 0.069580 0.580516
v -0.099879 0.080598 0.536902
v -0.088724 0.133900 0.544321
v -0.091942 0.131342 0.539429
v -0.094874 0.115104 0.538539
v -0.073049 0.139507 0.569910
v -0.071640 0.136899 0.573335
v -0.072575 -0.138568 0.570983
v -0.071699 -0.133774 0.574034
v -0.073261 -0.113463 0.576449
v -0.089206 -0.133593 0.543569
v -0.095100 -0.114237 0.538439
v -0.099936 -0.080042 0.536899
v -0.075799 -0.064801 0.580854
v -0.102257 -0.049433 0.536765
v -0.103977 -0.020598 0.535927
v 0.015818 -0.145924 0.542960
v 0.018172 -0.146262 0.543824
v 0.018032 -0.145249 0.538414
v 0.016152 -0.145236 0.539108
v 0.015183 -0.145436 0.540584
v 0.020356 -0.146143 0.542294
v 0.020207 -0.145642 0.539648
v 0.015744 0.145907 0.542895
v 0.018835 0.145336 0.538557
v 0.018337 0.146271 0.543808
v 0.016109 0.145222 0.539051
v 0.015209 0.145475 0.540781
v 0.019988 0.146198 0.542741
v 0.020600 0.145854 0.540633
v 0.046977 0.125741 0.499826
v 0.047447 0.061115 0.498618
v 0.065983 0.089572 0.554910
v 0.064222 0.137474 0.551815
v 0.053092 0.134221 0.518320
v 0.067297 0.066736 0.557284
v 0.046970 -0.125615 0.499795
v 0.052871 -0.134209 0.517609
v 0.064219 -0.137365 0.551853
v 0.047571 -0.034953 0.498262
v 0.066802 -0.078981 0.556531
v -0.039250 -0.008089 0.594413
v 0.010381 -0.009887 0.594465
v -0.034232 -0.017136 0.594413
v -0.040424 0.002189 0.594413
v -0.038429 0.010007 0.594409
v 0.011250 0.008089 0.594413
v -0.019302 0.025798 0.594448
v 0.012424 -0.002189 0.594413
v -0.034754 0.016500 0.594413
v -0.026860 0.023187 0.594413
v 0.006754 -0.016500 0.594413
v -0.010981 -0.026314 0.594431
v -0.021302 -0.025489 0.594413
v 0.007814 0.014769 0.594444
v -0.014103 0.026399 0.594409
v -0.006698 0.025489 0.594413
v 0.000759 -0.021862 0.594423
v -0.028581 -0.022007 0.594409
v 0.000581 0.022007 0.594409
v -0.014381 -0.028580 0.585632
v -0.014496 -0.031751 0.588803
v -0.012620 -0.031497 0.588549
v -0.012703 -0.028839 0.585891
v -0.016071 -0.029431 0.586484
v -0.016016 -0.030919 0.587972
v -0.011697 -0.030092 0.587144
v -0.013619 0.028580 0.585632
v -0.013505 0.031751 0.588803
v -0.015297 0.028839 0.585891
v -0.015380 0.031497 0.588549
v -0.011929 0.029431 0.586484
v -0.011984 0.030919 0.587972
v -0.016303 0.030092 0.587144
v -0.094685 0.130005 0.537660
v -0.092954 0.132047 0.538437
v -0.104236 0.062145 0.535327
v -0.102987 0.052780 0.535929
v -0.104777 0.011646 0.535493
v -0.106794 -0.002663 0.534696
v -0.090785 0.134062 0.540962
v -0.091776 0.134969 0.540209
v -0.089811 0.136177 0.543156
v -0.091718 0.138176 0.544025
v -0.090986 0.137652 0.543578
v -0.093767 0.132872 0.538248
v -0.092171 0.137089 0.541849
v -0.093039 0.135377 0.539682
v -0.077033 0.143237 0.566710
v -0.075956 0.142018 0.566253
v -0.073985 0.141089 0.568420
v -0.073848 0.142524 0.570069
v -0.072534 0.141487 0.572294
v -0.072099 0.139749 0.572032
v -0.073578 0.142666 0.573559
v -0.073269 0.141260 0.575785
v -0.072870 0.135100 0.578107
v -0.072845 0.139033 0.577077
v -0.071589 0.138336 0.575141
v -0.071608 0.134706 0.576133
v -0.074888 0.135280 0.579060
v -0.075214 0.138712 0.578339
v -0.075206 0.141073 0.577060
v -0.074856 0.143035 0.574603
v -0.075813 0.143954 0.570078
v -0.074405 0.143382 0.571320
v -0.075542 0.143902 0.572374
v -0.071883 0.140112 0.574067
v -0.078792 0.068155 0.585954
v -0.079819 0.036963 0.587638
v -0.077284 0.057900 0.585773
v -0.077002 0.088376 0.584068
v -0.077008 0.105346 0.582727
v -0.079145 0.020089 0.587812
v -0.080135 -0.000215 0.588301
v -0.078135 0.006209 0.587346
v -0.077315 0.009490 0.586284
v -0.076839 -0.011752 0.585013
v -0.076573 0.032562 0.584548
v -0.076887 0.020832 0.582762
v -0.074580 0.110806 0.581140
v -0.074898 0.086453 0.582038
v -0.073987 0.099709 0.580021
v -0.073694 0.107509 0.576990
v -0.074673 0.089027 0.579117
v -0.076448 0.044059 0.582014
v -0.078622 -0.046742 0.586908
v -0.079285 -0.030664 0.587708
v -0.078168 -0.068555 0.585779
v -0.077642 -0.031580 0.586621
v -0.076849 -0.025351 0.582635
v -0.073918 -0.100862 0.579958
v -0.071708 -0.134580 0.576467
v -0.072655 -0.134712 0.577980
v -0.079033 -0.107360 0.582930
v -0.074229 -0.135705 0.578838
v -0.076424 -0.101669 0.582907
v -0.075468 -0.080537 0.583060
v -0.075953 -0.056511 0.583465
v -0.076391 -0.044865 0.582134
v -0.076221 -0.076895 0.584138
v -0.074688 -0.089495 0.578899
v -0.076702 -0.142942 0.566605
v -0.075810 -0.141371 0.565822
v -0.073915 -0.142502 0.569907
v -0.071821 -0.138578 0.575679
v -0.071490 -0.137938 0.574111
v -0.073399 -0.140593 0.569288
v -0.071812 -0.139527 0.572829
v -0.075595 -0.143887 0.570185
v -0.078099 -0.143744 0.567122
v -0.075001 -0.143035 0.574709
v -0.075687 -0.143953 0.572502
v -0.072938 -0.139111 0.577107
v -0.075345 -0.140770 0.577411
v -0.073807 -0.141348 0.576140
v -0.072606 -0.141538 0.572129
v -0.074314 -0.143315 0.571303
v -0.072318 -0.140754 0.574763
v -0.073546 -0.142647 0.573541
v -0.090167 -0.136785 0.543301
v -0.091215 -0.137723 0.543515
v -0.091855 -0.138256 0.544101
v -0.091569 -0.138100 0.543959
v -0.091195 -0.137825 0.543723
v -0.091058 -0.133653 0.540520
v -0.091619 -0.135044 0.540363
v -0.091496 -0.138044 0.543909
v -0.091937 -0.131638 0.539409
v -0.094594 -0.129903 0.537686
v -0.092943 -0.131949 0.538454
v -0.093623 -0.133054 0.538356
v -0.092934 -0.135588 0.539897
v -0.092013 -0.137229 0.542089
v -0.091356 -0.137943 0.543815
v -0.089499 -0.135467 0.543202
v -0.091606 -0.138113 0.543970
v -0.103776 -0.067258 0.535443
v -0.103006 -0.052455 0.535927
v 0.055533 0.137414 0.516606
v 0.054446 0.136382 0.511387
v 0.053209 0.135651 0.515586
v 0.056685 0.138012 0.519448
v 0.055098 0.136790 0.521041
v 0.046942 0.127201 0.498657
v 0.047920 0.128934 0.498572
v 0.056579 -0.137976 0.519242
v 0.055278 -0.137039 0.520357
v 0.055484 -0.137397 0.516509
v 0.053361 -0.135585 0.511095
v 0.053226 -0.135709 0.515531
v 0.050397 -0.132243 0.506400
v 0.054645 -0.136121 0.521069
v 0.047026 -0.127364 0.498673
v 0.018712 -0.142350 0.544510
v 0.016285 -0.142046 0.543857
v 0.015482 -0.141654 0.542063
v 0.015891 -0.141369 0.540358
v 0.018082 -0.141308 0.539140
v 0.020362 -0.141672 0.540176
v 0.020762 -0.142182 0.542766
v 0.065865 -0.140267 0.551428
v 0.065927 -0.137251 0.553948
v 0.064949 -0.136168 0.553182
v 0.064903 -0.138879 0.552088
v 0.068122 -0.136494 0.554822
v 0.067579 -0.138012 0.554421
v 0.066775 -0.139414 0.553303
v 0.070810 -0.041534 0.559803
v 0.072575 0.008374 0.560200
v 0.070929 0.015652 0.560199
v 0.069121 -0.099944 0.557300
v 0.070043 -0.119211 0.556006
v 0.071772 -0.070865 0.558729
v 0.068185 -0.000000 0.558791
v 0.069294 -0.016038 0.559640
v 0.068731 -0.058525 0.558652
v 0.067563 -0.102215 0.556635
v 0.070749 0.057865 0.559323
v 0.069711 0.096110 0.557608
v 0.068031 0.136368 0.554873
v 0.069078 0.043816 0.559193
v 0.064944 0.136183 0.553177
v 0.065909 0.137175 0.553946
v 0.067569 0.100673 0.556693
v 0.067474 0.138053 0.554366
v 0.067935 0.139512 0.553571
v 0.064728 0.139025 0.551481
v 0.065812 0.138823 0.553141
v 0.066212 0.139994 0.552252
v 0.065474 0.140216 0.550420
v 0.016628 0.141286 0.539609
v 0.015410 0.141650 0.542074
v 0.016502 0.142082 0.543960
v 0.018356 0.142335 0.544570
v 0.020284 0.142276 0.543467
v 0.020928 0.141984 0.541632
v 0.019387 0.141453 0.539388
v 0.046838 0.125934 0.497433
v 0.047589 0.126326 0.495773
v 0.048828 0.126852 0.494694
v 0.048047 0.128248 0.496446
v 0.048678 0.068022 0.493862
v 0.049833 -0.023568 0.492756
v 0.047361 -0.022815 0.496718
v 0.048547 -0.037537 0.493789
v 0.047678 0.026765 0.495125
v 0.049070 -0.126977 0.494549
v 0.046797 -0.126136 0.497762
v 0.047348 -0.126403 0.496104
v 0.047990 -0.128855 0.497956
v 0.047980 -0.128271 0.496580
v 0.012927 -0.000020 0.593884
v 0.012421 -0.005282 0.593856
v 0.010870 -0.010323 0.593884
v 0.008389 -0.014991 0.593856
v 0.005026 -0.019055 0.593884
v 0.000948 -0.022418 0.593856
v -0.003746 -0.024754 0.594225
v -0.008769 -0.026432 0.593856
v -0.014020 -0.026927 0.593884
v -0.019282 -0.026421 0.593856
v -0.024323 -0.024870 0.593884
v -0.028991 -0.022389 0.593856
v -0.033055 -0.019026 0.593884
v -0.036418 -0.014948 0.593856
v -0.038885 -0.010286 0.593884
v -0.040432 -0.005231 0.593856
v -0.040927 0.000020 0.593884
v -0.040421 0.005282 0.593856
v -0.038870 0.010323 0.593884
v -0.036389 0.014991 0.593856
v -0.033026 0.019055 0.593884
v -0.028948 0.022418 0.593856
v -0.024286 0.024885 0.593884
v -0.019231 0.026432 0.593856
v -0.013980 0.026927 0.593884
v -0.008718 0.026421 0.593856
v -0.003677 0.024870 0.593884
v 0.000991 0.022389 0.593856
v 0.004946 0.018946 0.594225
v 0.008418 0.014948 0.593856
v 0.010885 0.010286 0.593884
v 0.012432 0.005231 0.593856
v -0.011677 -0.033658 0.583720
v -0.014300 -0.035312 0.585292
v -0.012494 -0.034925 0.584937
v -0.012381 -0.032573 0.582594
v -0.013677 -0.032109 0.582089
v -0.015504 -0.032463 0.582477
v -0.015592 -0.034816 0.584834
v -0.016392 -0.033804 0.583870
v -0.016026 0.032856 0.582898
v -0.014184 0.035424 0.585403
v -0.015675 0.034893 0.584913
v -0.016276 0.034085 0.584142
v -0.014323 0.032109 0.582089
v -0.012496 0.032463 0.582477
v -0.012409 0.034817 0.584835
v -0.011671 0.033712 0.583773
v -0.097445 0.139134 0.543492
v -0.100831 0.136722 0.538572
v -0.102235 0.134238 0.536839
v -0.077181 0.136297 0.579428
v -0.080074 0.145106 0.571726
v -0.077909 0.143308 0.575870
v -0.082293 0.023867 0.588484
v -0.081795 0.047758 0.587617
v -0.080662 0.079312 0.585640
v -0.078933 0.110281 0.582627
v -0.080061 -0.091130 0.584591
v -0.081271 -0.064143 0.586707
v -0.079190 -0.144728 0.573473
v -0.078176 -0.143789 0.575283
v -0.076963 -0.139674 0.578401
v -0.097475 -0.139099 0.543405
v -0.103171 -0.131001 0.536136
v -0.102227 -0.134253 0.536846
v -0.100865 -0.136686 0.538524
v 0.054449 0.134572 0.503771
v 0.054452 -0.136179 0.510868
v 0.031058 -0.145579 0.556924
v 0.068261 -0.145581 0.541793
v 0.056368 -0.140572 0.519581
v 0.018093 -0.144351 0.555571
v 0.025156 -0.145303 0.557839
v 0.054231 -0.139135 0.512685
v 0.054014 -0.137740 0.505244
v 0.014708 -0.137766 0.521383
v 0.007535 -0.139438 0.533341
v 0.008464 -0.140596 0.539207
v 0.013217 -0.143069 0.550626
v 0.009824 -0.138283 0.526172
v 0.073123 -0.143884 0.549724
v 0.074519 -0.142899 0.551850
v 0.075567 -0.140755 0.553034
v 0.088753 -0.027440 0.556679
v 0.089290 0.007632 0.556824
v 0.087204 -0.054808 0.556255
v 0.082835 -0.097422 0.555037
v 0.087758 0.048079 0.556402
v 0.083596 0.091659 0.555248
v 0.075701 0.140491 0.553096
v 0.074629 0.142709 0.551983
v 0.073148 0.143913 0.549769
v 0.011419 0.138015 0.524073
v 0.016279 0.137741 0.520612
v 0.054013 0.137740 0.505244
v 0.054185 0.138959 0.511757
v 0.055650 0.140238 0.518086
v 0.068261 0.145581 0.541793
v 0.007892 0.140230 0.537463
v 0.007945 0.138967 0.530627
v 0.015910 0.143880 0.553918
v 0.012472 0.142722 0.549060
v 0.022557 0.145035 0.557452
v 0.029400 0.145556 0.557467
v 0.054780 0.132122 0.493451
v 0.055070 0.130123 0.491517
v 0.059573 0.089192 0.488390
v 0.062635 0.044648 0.486336
v 0.063595 -0.012216 0.485696
v 0.055098 -0.130085 0.491502
v 0.061086 -0.071836 0.487369
v 0.054733 -0.132283 0.493667
v 0.008890 0.144937 0.540442
v 0.007535 0.143520 0.533341
v 0.009826 0.142365 0.526170
v 0.014714 0.141844 0.521380
v 0.053440 0.141819 0.505478
v 0.067692 0.149660 0.542025
v 0.031057 0.149659 0.556925
v 0.011925 0.146541 0.547869
v 0.014187 0.147456 0.551894
v 0.018098 0.148433 0.555575
v 0.025162 0.149385 0.557840
v 0.013000 -0.000000 0.578481
v 0.010945 -0.010332 0.578481
v 0.005092 -0.019092 0.578481
v -0.003668 -0.024945 0.578481
v -0.014000 -0.027000 0.578481
v -0.024332 -0.024945 0.578481
v -0.033092 -0.019092 0.578481
v -0.038945 -0.010332 0.578481
v -0.041000 0.000000 0.578481
v -0.038945 0.010332 0.578481
v -0.033092 0.019092 0.578481
v -0.024332 0.024945 0.578481
v -0.014000 0.027000 0.578481
v -0.003668 0.024945 0.578481
v 0.005092 0.019092 0.578481
v 0.010945 0.010332 0.578481
v -0.016224 -0.032759 0.582813
v -0.011791 -0.034618 0.584667
v -0.013562 -0.035492 0.585473
v -0.015701 -0.035050 0.585070
v -0.011528 -0.033340 0.583413
v -0.012358 -0.032291 0.582311
v -0.014470 -0.031940 0.581923
v -0.016452 0.033293 0.583364
v -0.015644 0.032293 0.582313
v -0.013535 0.031939 0.581922
v -0.011531 0.033998 0.584069
v -0.011778 0.032752 0.582805
v -0.012316 0.035055 0.585074
v 0.029197 -0.149623 0.557495
v 0.022554 -0.149117 0.557452
v 0.015910 -0.147962 0.553919
v 0.011904 -0.146538 0.547873
v 0.067691 -0.149661 0.542026
v 0.053436 -0.141819 0.505479
v 0.016279 -0.141821 0.520611
v 0.011416 -0.142097 0.524078
v 0.007944 -0.143050 0.530633
v 0.007715 -0.144023 0.535993
v 0.008909 -0.144937 0.540436
v -0.107777 0.102932 0.534950
v -0.111652 0.068982 0.534023
v -0.103276 0.130710 0.536069
v -0.113324 0.047784 0.533632
v -0.114753 0.013931 0.533231
v -0.114903 -0.005786 0.533202
v -0.099112 0.138462 0.541105
v -0.081736 0.145198 0.569225
v -0.076977 0.139180 0.579364
v -0.077158 0.139766 0.578470
v -0.077677 0.142374 0.576947
v -0.078665 0.144265 0.574762
v -0.079711 0.145147 0.572828
v -0.082595 0.002894 0.588870
v -0.082344 0.027974 0.588812
v -0.081617 0.058426 0.587463
v -0.080184 0.090819 0.585014
v -0.078623 0.116830 0.582252
v -0.079279 -0.107292 0.583309
v -0.080841 -0.078098 0.586112
v -0.082018 -0.045196 0.587917
v -0.082462 -0.021776 0.588651
v -0.077260 -0.135747 0.579571
v -0.078672 -0.144400 0.574841
v -0.080133 -0.145188 0.572011
v -0.081705 -0.145196 0.569273
v -0.077207 -0.139831 0.578665
v -0.077661 -0.142331 0.576990
v -0.099055 -0.138491 0.541170
v -0.113630 -0.043454 0.533543
v -0.110350 -0.082343 0.534326
v -0.106833 -0.109027 0.535205
v 0.053510 0.143032 0.512001
v 0.052683 0.147801 0.510691
v 0.054207 0.149463 0.518240
v 0.055701 0.144599 0.519573
v 0.052666 -0.147753 0.510468
v 0.053613 -0.143037 0.511987
v 0.054124 -0.149440 0.518139
v 0.055205 -0.144370 0.518531
v 0.072196 0.156236 0.551872
v 0.074475 0.156207 0.555818
v 0.076236 0.155021 0.558492
v 0.077700 0.152917 0.560379
v 0.078935 0.149875 0.561581
v 0.085010 0.118289 0.563520
v 0.088955 0.090894 0.564577
v 0.091863 0.063465 0.565356
v 0.093736 0.036019 0.565857
v 0.094644 0.005029 0.566098
v 0.094109 -0.027444 0.565957
v 0.092830 -0.051693 0.565615
v 0.089978 -0.082306 0.564851
v 0.086361 -0.109688 0.563882
v 0.079872 -0.146653 0.562140
v 0.078398 -0.151363 0.561092
v 0.077250 -0.153582 0.559822
v 0.075801 -0.155340 0.557857
v 0.074082 -0.156257 0.555165
v 0.071671 -0.156073 0.550909
v 0.049735 -0.159838 0.563698
v 0.072371 -0.151001 0.565163
v 0.065027 -0.149272 0.570198
v 0.059425 -0.158728 0.563318
v 0.060067 -0.157895 0.566784
v 0.060904 -0.156090 0.569107
v 0.060442 -0.153335 0.571525
v 0.055831 -0.129018 0.578676
v 0.070851 0.001091 0.579946
v 0.067430 -0.054378 0.580082
v 0.057118 -0.099547 0.581825
v 0.066971 -0.078417 0.578494
v 0.065557 0.126333 0.573602
v 0.065458 0.148015 0.570211
v 0.080030 0.145609 0.562186
v 0.066346 0.102408 0.576334
v 0.058482 0.053062 0.585191
v 0.057743 0.081507 0.583362
v 0.057860 0.158994 0.564220
v 0.059493 0.158080 0.566971
v 0.060460 0.156312 0.569253
v 0.064557 0.153524 0.568781
v 0.053265 0.142990 0.489381
v 0.053473 0.141554 0.485804
v 0.039392 0.139550 0.482975
v 0.053803 0.139243 0.483112
v 0.054213 0.136296 0.481441
v 0.038807 0.132241 0.480488
v 0.054969 0.131347 0.480438
v 0.038385 0.141769 0.485426
v 0.038749 0.135904 0.481194
v 0.063568 -0.000000 0.474728
v 0.063124 0.029786 0.475024
v 0.061791 0.059538 0.475912
v 0.059568 0.089251 0.477390
v 0.007893 0.047127 0.439911
v 0.008373 0.012257 0.439075
v 0.005781 0.009288 0.439103
v 0.006532 -0.028901 0.439317
v 0.007882 -0.047096 0.439904
v 0.059559 -0.089349 0.477397
v 0.053278 -0.142913 0.489040
v 0.053775 -0.139427 0.483277
v 0.053453 -0.141670 0.485984
v 0.054907 -0.131515 0.480428
v 0.054216 -0.136263 0.481434
v 0.063124 -0.029778 0.475025
v 0.061788 -0.059577 0.475915
v 0.038362 -0.132933 0.480603
v 0.039714 -0.142193 0.486212
v 0.038389 -0.143549 0.489808
v 0.038662 -0.139160 0.482713
v 0.038545 -0.135985 0.481219
v 0.009537 0.145740 0.544519
v 0.023136 0.147450 0.548224
v 0.025953 0.147042 0.544871
v 0.026841 0.146322 0.540624
v 0.009794 0.144437 0.537382
v 0.012611 0.144029 0.534029
v 0.016684 0.144029 0.532371
v 0.019063 0.147450 0.549882
v 0.014705 0.147042 0.549449
v 0.026210 0.145740 0.537734
v 0.024643 0.145157 0.535224
v 0.021042 0.144437 0.532804
v -0.081655 0.148087 0.568294
v -0.075384 0.143582 0.580663
v -0.078180 0.148614 0.573812
v -0.079784 0.148526 0.571719
v -0.077341 0.148082 0.575989
v -0.076346 0.146984 0.578073
v -0.075686 0.145073 0.579801
v -0.075535 0.138483 0.581989
v -0.081074 0.000011 0.591653
v -0.080830 0.033014 0.591089
v -0.077730 0.107553 0.585833
v -0.079658 0.069817 0.589194
v -0.080182 0.047401 0.590544
v -0.018190 -0.032473 0.578481
v -0.028020 -0.029589 0.578481
v -0.036477 -0.023809 0.578481
v -0.042734 -0.015698 0.578481
v 0.018774 -0.002611 0.578479
v 0.015589 -0.014020 0.578481
v 0.009809 -0.022477 0.578481
v 0.001698 -0.028734 0.578481
v -0.007950 -0.032179 0.578481
v 0.017725 0.008101 0.578481
v -0.009810 0.032473 0.578481
v 0.000020 0.029589 0.578481
v 0.008477 0.023809 0.578481
v 0.014734 0.015698 0.578481
v -0.046179 -0.006050 0.578481
v -0.046473 0.004190 0.578481
v -0.043589 0.014020 0.578481
v -0.037809 0.022477 0.578481
v -0.029698 0.028734 0.578481
v -0.020050 0.032179 0.578481
v -0.012291 -0.037141 0.582925
v -0.014335 -0.037618 0.583348
v -0.011418 -0.035681 0.581514
v -0.012228 -0.034550 0.580334
v -0.013610 -0.034057 0.579799
v -0.015588 -0.034382 0.580152
v -0.016453 -0.035419 0.581242
v -0.016192 -0.036748 0.582549
v -0.015667 0.037182 0.582968
v -0.013684 0.037619 0.583348
v -0.016461 0.036159 0.581982
v -0.016210 0.034855 0.580661
v -0.014397 0.034058 0.579800
v -0.012414 0.034380 0.580150
v -0.011418 0.035897 0.581728
v -0.012248 0.037085 0.582865
v -0.077711 -0.107163 0.585905
v -0.080615 -0.047413 0.590299
v -0.080797 -0.030701 0.591168
v -0.075362 -0.139859 0.581797
v -0.079653 -0.069809 0.589195
v -0.080182 -0.047401 0.590544
v -0.081595 -0.148112 0.568461
v -0.079717 -0.148505 0.571814
v -0.078400 -0.148702 0.573275
v -0.077355 -0.148052 0.576006
v -0.076242 -0.146888 0.578237
v -0.075521 -0.144382 0.580283
v 0.023136 -0.147450 0.548224
v 0.014705 -0.147042 0.549449
v 0.019063 -0.147450 0.549882
v 0.016684 -0.144029 0.532371
v 0.012611 -0.144029 0.534029
v 0.009794 -0.144437 0.537382
v 0.021042 -0.144437 0.532804
v 0.024643 -0.145157 0.535224
v 0.025953 -0.147042 0.544871
v 0.026841 -0.146322 0.540624
v 0.026210 -0.145740 0.537734
v 0.009537 -0.145740 0.544519
v -0.102574 0.137517 0.535221
v -0.103953 0.133824 0.533908
v -0.107733 0.110963 0.533216
v -0.116199 0.000296 0.530710
v -0.115835 0.022218 0.531078
v -0.100547 0.140198 0.537628
v -0.098119 0.141823 0.541453
v -0.099426 0.141150 0.539786
v -0.101656 0.139080 0.536481
v -0.103215 0.135456 0.534108
v -0.104522 0.131296 0.533545
v -0.115911 -0.020474 0.530775
v -0.104034 -0.133616 0.533895
v -0.108846 -0.103288 0.532945
v -0.111731 -0.081328 0.532020
v -0.102581 -0.137511 0.535216
v -0.098198 -0.141734 0.541788
v -0.101678 -0.139065 0.536514
v -0.100540 -0.140221 0.537673
v -0.102963 -0.135794 0.534190
v -0.104352 -0.131234 0.533396
v -0.098899 -0.141513 0.540333
v 0.022892 0.145655 0.497748
v 0.038466 0.143660 0.490164
v 0.049340 0.159649 0.562732
v 0.023805 0.143510 0.499992
v 0.016346 0.143456 0.502886
v 0.014686 0.141605 0.498808
v 0.022096 0.141605 0.495792
v 0.013765 0.138408 0.496545
v 0.021291 0.138918 0.493813
v 0.020935 0.135146 0.492939
v 0.050689 0.157558 0.566050
v 0.043241 0.157620 0.568970
v 0.053592 0.149634 0.573182
v 0.046182 0.149634 0.576198
v 0.045514 0.154773 0.574555
v 0.052924 0.154773 0.571540
v 0.044723 0.156708 0.572613
v 0.052133 0.156708 0.569598
v 0.057966 -0.000000 0.583929
v 0.050556 -0.000000 0.586945
v 0.049953 0.055711 0.585462
v 0.057362 0.055711 0.582446
v 0.048145 0.111261 0.581020
v 0.055555 0.111261 0.578005
v 0.053381 -0.152402 0.572664
v 0.045909 -0.152837 0.575526
v 0.048822 -0.094432 0.582683
v 0.056231 -0.094432 0.579667
v 0.050263 -0.038889 0.586225
v 0.057673 -0.038889 0.583210
v 0.049506 -0.157148 0.563142
v 0.042156 -0.157152 0.566305
v 0.044184 -0.157243 0.571288
v 0.051594 -0.157243 0.568273
v 0.045138 -0.155940 0.573631
v 0.052547 -0.155940 0.570615
v 0.023756 -0.143456 0.499871
v 0.016411 -0.143519 0.503047
v 0.020935 -0.135146 0.492939
v 0.013525 -0.135146 0.495955
v 0.014034 -0.139678 0.497205
v 0.021444 -0.139678 0.494190
v 0.014957 -0.142096 0.499473
v 0.022367 -0.142096 0.496457
v 0.023310 -0.145885 0.498775
v 0.037011 -0.143811 0.490742
v 0.054390 -0.153275 0.575141
v 0.053559 -0.157011 0.573100
v 0.052677 -0.158881 0.570934
v 0.051543 -0.159877 0.568147
v 0.059012 0.010578 0.586497
v 0.058811 -0.032363 0.586005
v 0.058207 -0.064706 0.584520
v 0.056343 0.117681 0.579942
v 0.054594 0.151137 0.575644
v 0.051059 0.160015 0.566958
v 0.052323 0.159317 0.570065
v 0.053282 0.157752 0.572421
v 0.059615 0.153147 0.572118
v 0.054022 0.155251 0.574238
v 0.033149 0.133669 0.481690
v 0.034071 0.137797 0.482616
v 0.032466 0.136403 0.482848
v 0.035109 0.140421 0.484193
v 0.033902 0.139697 0.484102
v 0.036929 0.142562 0.486867
v 0.035353 0.141785 0.486063
v 0.034648 0.142631 0.487597
v 0.036225 0.137372 0.481800
v 0.035511 0.132728 0.480773
v 0.036692 0.140353 0.483725
v 0.037956 0.028660 0.475002
v 0.034398 0.045570 0.475518
v 0.038562 0.087537 0.477289
v 0.034064 0.023598 0.474875
v 0.034099 -0.002386 0.474664
v 0.033764 0.046639 0.475365
v 0.034872 0.002347 0.474767
v 0.011964 0.047102 0.440309
v 0.012429 0.010425 0.439506
v 0.015678 0.023223 0.441063
v 0.015446 0.047142 0.441754
v 0.018435 0.023200 0.443462
v 0.018254 0.047148 0.444248
v 0.020634 0.023158 0.446934
v 0.020381 0.047093 0.447635
v 0.020711 -0.012804 0.446803
v 0.018516 -0.010602 0.443308
v 0.015824 -0.011701 0.440938
v 0.011011 -0.047529 0.441489
v 0.011128 0.047534 0.441507
v 0.015677 -0.047544 0.443534
v 0.015605 0.047542 0.443468
v 0.017772 -0.047501 0.445742
v 0.018098 0.047499 0.446197
v 0.012301 -0.023088 0.439665
v 0.018237 -0.047126 0.444202
v 0.020347 -0.047120 0.447597
v 0.015400 -0.047141 0.441725
v 0.011918 -0.047145 0.440321
v 0.034218 -0.026979 0.475027
v 0.033792 -0.046009 0.475322
v 0.033990 -0.047253 0.475616
v 0.039750 -0.076253 0.476572
v 0.036131 -0.137376 0.481750
v 0.038536 -0.141588 0.485150
v 0.037463 -0.139875 0.483224
v 0.037283 -0.142632 0.487080
v 0.035785 -0.140535 0.484235
v 0.034107 -0.137732 0.482767
v 0.034842 -0.132274 0.480809
v 0.033332 -0.133329 0.481579
v 0.032177 -0.136340 0.482990
v 0.033447 -0.139767 0.484421
v 0.035157 -0.142176 0.486755
v 0.009188 0.152723 0.543741
v 0.011385 0.153428 0.546539
v 0.014046 0.153963 0.548114
v 0.018291 0.154485 0.548737
v 0.022443 0.154591 0.547014
v 0.025017 0.154376 0.544343
v 0.026385 0.153789 0.540221
v 0.025527 0.152960 0.535985
v 0.023470 0.152277 0.533245
v 0.019759 0.151540 0.531135
v 0.015449 0.151121 0.531139
v 0.011311 0.151086 0.533232
v 0.008939 0.151476 0.536764
v 0.008382 0.152031 0.540235
v 0.025729 0.156876 0.576426
v 0.025848 0.157845 0.574805
v 0.025737 0.158572 0.572017
v 0.025214 0.158280 0.566701
v 0.025999 0.153672 0.579062
v 0.026364 0.148293 0.580598
v 0.029073 0.047081 0.590600
v 0.030248 0.012574 0.591598
v 0.024370 0.024977 0.591385
v 0.014828 0.035162 0.591066
v 0.002554 0.042063 0.590797
v -0.010991 0.044865 0.590673
v -0.024251 0.044000 0.590715
v -0.038343 0.038268 0.590951
v -0.049050 0.029256 0.591252
v -0.056469 0.017520 0.591535
v -0.059921 0.003956 0.591682
v 0.027664 0.095986 0.587120
v 0.032048 0.000429 0.591688
v 0.030219 -0.012601 0.591609
v 0.026287 -0.021694 0.591450
v -0.059049 -0.009735 0.591638
v -0.044379 -0.033914 0.591109
v -0.053475 -0.023279 0.591412
v -0.019179 -0.044729 0.590680
v -0.032419 -0.041334 0.590827
v -0.004941 -0.044214 0.590704
v 0.008632 -0.039280 0.590910
v 0.019744 -0.030722 0.591212
v 0.029380 -0.051122 0.590393
v 0.028242 -0.075665 0.588835
v 0.028874 -0.102402 0.586412
v 0.028210 -0.126390 0.583643
v 0.026364 -0.148293 0.580598
v 0.025952 -0.156856 0.576499
v 0.026010 -0.153515 0.579148
v 0.025816 -0.158577 0.571930
v 0.025586 -0.157789 0.574889
v 0.025214 -0.158280 0.566701
v 0.025738 -0.153078 0.536536
v 0.025725 -0.154195 0.542911
v 0.026299 -0.153660 0.539540
v 0.023089 -0.154596 0.546685
v 0.017862 -0.154450 0.548767
v 0.013487 -0.153876 0.547925
v 0.010651 -0.153232 0.545826
v 0.008918 -0.152575 0.543042
v 0.012244 -0.151061 0.532571
v 0.008379 -0.151964 0.539854
v 0.009346 -0.151325 0.535691
v 0.016596 -0.151181 0.530853
v 0.021209 -0.151784 0.531703
v 0.024017 -0.152426 0.533789
v -0.115791 0.020107 0.530652
v -0.106045 0.122268 0.533130
v -0.111667 0.081919 0.531815
v -0.113723 0.060607 0.531322
v -0.115028 0.040785 0.530933
v -0.025115 0.135039 0.512484
v -0.021098 0.142870 0.514794
v -0.015674 0.145111 0.516434
v -0.011875 0.146246 0.518670
v -0.106034 -0.122344 0.533132
v -0.111421 -0.082465 0.531676
v -0.113591 -0.061631 0.531293
v -0.114986 -0.042501 0.531020
v -0.020559 -0.145850 0.521280
v -0.014484 -0.145257 0.516235
v -0.018755 -0.143298 0.514449
v -0.024926 -0.141072 0.514374
v -0.024638 -0.137392 0.512672
v 0.012293 0.092810 0.492927
v 0.019702 0.092810 0.489911
v 0.011518 0.050398 0.491024
v 0.018928 0.050398 0.488009
v 0.018928 -0.050398 0.488009
v 0.011518 -0.050398 0.491024
v 0.012293 -0.092810 0.492927
v 0.019702 -0.092810 0.489911
v 0.010313 0.050507 0.488062
v 0.011089 0.093010 0.489968
v 0.012324 0.135438 0.493003
v 0.012947 0.141088 0.494535
v 0.014054 0.144346 0.497254
v 0.016157 0.146647 0.502422
v 0.041923 0.160291 0.565733
v 0.044250 0.160478 0.571449
v 0.045641 0.158961 0.574869
v 0.046752 0.155498 0.577597
v 0.047374 0.150128 0.579126
v 0.010313 -0.050507 0.488062
v 0.011089 -0.093009 0.489968
v 0.012324 -0.135438 0.493003
v 0.012952 -0.141111 0.494547
v 0.014046 -0.144331 0.497235
v 0.016106 -0.146592 0.502296
v 0.041849 -0.160281 0.565552
v 0.044031 -0.160571 0.570912
v 0.045641 -0.158961 0.574869
v 0.046643 -0.156017 0.577330
v 0.050016 0.094885 0.585618
v 0.051463 0.039295 0.589174
v 0.051762 0.000000 0.589909
v 0.051159 -0.055878 0.588426
v 0.049349 -0.111510 0.583979
v 0.047374 -0.150128 0.579126
v 0.021475 0.144017 0.494267
v 0.020609 0.142025 0.492137
v 0.019920 0.138928 0.490446
v 0.019571 0.134756 0.489589
v 0.019912 -0.138948 0.490391
v 0.020755 -0.142439 0.492495
v 0.021840 -0.144576 0.495162
v 0.019631 -0.135843 0.489737
v 0.018419 -0.095200 0.486756
v 0.017581 -0.050521 0.484697
v 0.017590 0.050519 0.484721
v 0.018303 0.090287 0.486471
v 0.032435 0.048069 0.476171
v 0.033589 0.058143 0.476200
v 0.033767 0.047652 0.475692
v 0.034070 0.097782 0.478233
v 0.029855 0.089288 0.479732
v 0.033373 0.047321 0.475332
v 0.032238 0.047529 0.475683
v 0.018780 0.047413 0.445690
v 0.031195 -0.047500 0.473480
v 0.031184 0.047500 0.473476
v 0.018783 -0.047428 0.445879
v 0.033496 -0.047732 0.475729
v 0.033376 -0.047298 0.475225
v 0.032119 -0.047534 0.475604
v 0.032317 -0.047947 0.476160
v 0.033809 -0.074767 0.476910
v 0.029581 -0.048169 0.477691
v 0.029932 -0.093947 0.480017
v 0.015825 0.145967 0.502005
v 0.041816 0.159758 0.565869
v 0.046814 0.152141 0.578149
v 0.042549 0.152089 0.579120
v 0.039562 0.155357 0.578232
v 0.046274 0.155732 0.576820
v 0.039058 0.157822 0.576256
v 0.045538 0.158116 0.575013
v 0.043613 0.160173 0.570314
v 0.044611 0.159507 0.572737
v 0.035912 0.158753 0.574549
v 0.038308 0.151742 0.579749
v 0.028217 0.126371 0.583645
v 0.048674 0.118120 0.582719
v 0.049962 0.086091 0.585884
v 0.050842 0.054132 0.588046
v 0.043714 0.055120 0.589666
v 0.051442 0.007826 0.589522
v 0.046766 0.009101 0.590627
v 0.041924 0.004246 0.591377
v 0.039740 0.126719 0.583285
v 0.040738 0.089591 0.587410
v 0.049054 -0.110707 0.583652
v 0.046653 -0.153608 0.577759
v 0.040442 -0.149398 0.579989
v 0.044021 -0.008042 0.591164
v 0.051216 -0.032028 0.588963
v 0.043259 -0.053478 0.589790
v 0.050614 -0.063980 0.587485
v 0.035877 -0.151612 0.579901
v 0.041030 -0.078753 0.588250
v 0.040032 -0.115607 0.584713
v 0.035912 -0.158754 0.574546
v 0.043705 -0.160123 0.570512
v 0.042083 -0.159884 0.566550
v 0.044967 -0.159109 0.573611
v 0.041794 -0.152912 0.578967
v 0.045855 -0.157295 0.575790
v 0.039785 -0.155505 0.578124
v 0.038866 -0.157811 0.576245
v 0.016472 -0.146326 0.503599
v 0.012619 -0.136681 0.494127
v -0.005219 -0.135601 0.504300
v -0.005080 -0.141153 0.505996
v 0.013332 -0.141852 0.495877
v -0.011566 -0.143550 0.511833
v 0.014594 -0.144633 0.498991
v 0.014531 0.144492 0.498846
v -0.013304 0.135893 0.508788
v 0.012552 0.135248 0.493963
v -0.003555 0.140708 0.504870
v 0.012902 0.139475 0.494817
v 0.013443 0.142135 0.496149
v -0.012137 0.143263 0.511733
v 0.014044 -0.050504 0.486614
v 0.014769 -0.093164 0.488400
v 0.016004 -0.135561 0.491434
v 0.019841 -0.146678 0.500862
v 0.017774 -0.144467 0.495783
v 0.016650 -0.141228 0.493021
v 0.045570 -0.160382 0.564082
v 0.051130 -0.149873 0.577744
v 0.050399 -0.155939 0.575946
v 0.049395 -0.158964 0.573480
v 0.047783 -0.160627 0.569519
v 0.055497 0.001023 0.588475
v 0.054911 -0.055010 0.587034
v 0.053125 -0.110495 0.582645
v 0.051084 0.150422 0.577630
v 0.053717 0.095764 0.584100
v 0.055179 0.040326 0.587693
v 0.045581 0.160337 0.564110
v 0.047910 0.160577 0.569832
v 0.049331 0.159083 0.573324
v 0.050460 0.155635 0.576098
v 0.019839 0.146728 0.500858
v 0.015984 0.135207 0.491386
v 0.016604 0.141015 0.492908
v 0.017714 0.144352 0.495636
v 0.014044 0.050504 0.486614
v 0.014728 0.091415 0.488299
v 0.015956 0.146739 0.502325
v 0.013893 0.144488 0.497256
v 0.012753 0.141132 0.494455
v 0.012128 0.135451 0.492921
v 0.041708 0.160433 0.565603
v 0.047291 0.150151 0.579320
v 0.046664 0.155561 0.577780
v 0.045535 0.159083 0.575005
v 0.044109 0.160631 0.571502
v 0.051680 0.000000 0.590105
v 0.051381 0.039309 0.589369
v 0.049933 0.094903 0.585812
v 0.047291 -0.150151 0.579320
v 0.049266 -0.111519 0.584174
v 0.051076 -0.055882 0.588621
v 0.041773 -0.160439 0.565762
v 0.043897 -0.160721 0.570980
v 0.045535 -0.159083 0.575005
v 0.046559 -0.156065 0.577522
v 0.016007 -0.146794 0.502451
v 0.012128 -0.135451 0.492921
v 0.012758 -0.141156 0.494467
v 0.013885 -0.144473 0.497236
v -0.026016 0.106728 0.510352
v -0.022903 -0.008217 0.505543
v -0.027474 0.017173 0.506901
v -0.027248 0.063429 0.508068
v -0.016579 0.140248 0.511372
v 0.011295 0.091246 0.490873
v -0.008407 0.051226 0.500003
v 0.010548 0.051140 0.489037
v -0.006805 0.076906 0.500392
v -0.014812 0.108411 0.506923
v 0.011183 -0.086714 0.490598
v -0.008078 -0.051170 0.499799
v -0.006836 -0.093362 0.501376
v -0.013912 -0.140790 0.510475
v -0.013792 -0.136872 0.509092
v -0.026291 -0.089508 0.509148
v -0.027222 -0.047049 0.507498
v -0.008021 0.049999 0.499493
v -0.008021 -0.049999 0.499493
v -0.008879 -0.049962 0.499799
v -0.010331 -0.049300 0.500704
v -0.009390 -0.045875 0.500116
v -0.011145 -0.048245 0.501134
v -0.011552 -0.046048 0.501317
v -0.008098 -0.044349 0.499314
v -0.009439 -0.044349 0.500090
v -0.011175 0.048261 0.501212
v -0.009391 0.045916 0.500111
v -0.009437 0.044349 0.500092
v -0.008096 0.044350 0.499319
v 0.013917 0.050031 0.486822
v 0.010446 -0.050000 0.488787
v 0.013847 -0.050011 0.486862
v 0.013639 -0.048176 0.486949
v -0.010150 0.049479 0.500621
v -0.011545 0.046044 0.501318
v -0.015783 -0.044728 0.503739
v -0.016402 -0.076856 0.505409
v -0.009536 -0.050932 0.500579
v -0.015696 -0.106659 0.507115
v -0.017126 -0.017162 0.503661
v -0.012437 -0.047787 0.502133
v -0.012441 -0.046798 0.501810
v -0.011925 -0.048725 0.501658
v -0.011038 -0.049972 0.501364
v -0.010504 -0.050473 0.500689
v -0.008022 -0.050988 0.499281
v -0.012823 -0.037233 0.502028
v -0.012811 0.037697 0.502024
v -0.012537 0.046104 0.502134
v -0.012179 0.048103 0.501705
v -0.009031 0.051023 0.500181
v -0.010513 0.050542 0.501181
v -0.011852 0.049157 0.501871
v -0.010400 0.050453 0.500680
v -0.008663 0.050990 0.499627
v -0.011451 0.049550 0.501275
v -0.015806 0.044996 0.503757
v -0.016402 0.076856 0.505409
v -0.016067 0.004589 0.503059
v 0.010485 -0.051025 0.488882
v 0.013924 0.050094 0.486448
v 0.010124 0.050000 0.487995
v 0.010383 0.050000 0.488632
v -0.008781 0.049985 0.499694
v -0.011303 0.045650 0.501176
v -0.011293 -0.045654 0.501173
v -0.008102 -0.016870 0.499304
v 0.013921 -0.050090 0.486445
v 0.010120 -0.050001 0.487986
v 0.010899 -0.093264 0.489900
v 0.010383 0.051000 0.488632
v 0.010899 0.093264 0.489901
v 0.010124 0.051000 0.487995
v 0.029051 0.047849 0.477924
v 0.012984 -0.047500 0.483955
v 0.012846 0.047500 0.484108
vn -0.0005 0.6529 -0.7574
vn 0.0001 0.9808 -0.1951
vn -0.0000 0.8885 -0.4588
vn 0.0099 0.9533 -0.3017
vn 0.0011 0.9910 -0.1337
vn 0.0011 0.8315 -0.5556
vn 0.0071 0.7896 -0.6135
vn -0.0000 0.1951 -0.9808
vn 0.0096 0.0898 -0.9959
vn 0.0009 0.2654 -0.9641
vn -0.0005 0.5556 -0.8315
vn 0.0097 0.4623 -0.8867
vn -0.0000 -0.0000 -1.0000
vn -0.0001 -0.0000 -1.0000
vn 0.0003 -0.2945 -0.9556
vn 0.0044 -0.1951 -0.9808
vn 0.0010 -0.1278 -0.9918
vn 0.0015 -0.5982 -0.8013
vn 0.0043 -0.5556 -0.8315
vn -0.0001 -0.4545 -0.8908
vn -0.0007 -0.7575 -0.6529
vn 0.0046 -0.8315 -0.5556
vn -0.0001 -0.9961 -0.0878
vn 0.0070 -0.9660 -0.2583
vn 0.0017 -0.9808 -0.1951
vn -0.0005 -0.8884 -0.4590
vn -0.0000 -1.0000 0.0001
vn -0.0003 -1.0000 0.0009
vn -0.0000 -1.0000 -0.0000
vn -0.0005 -0.3439 0.9390
vn -0.0000 -0.5991 0.8007
vn -0.0005 -0.7551 0.6556
vn -0.0004 -0.9843 0.1767
vn 0.0012 -0.9970 0.0779
vn 0.0024 -0.9963 0.0861
vn 0.0027 -0.9196 0.3929
vn -0.0001 -0.9337 0.3580
vn 0.0002 -0.9720 0.2349
vn 0.0038 -0.9654 0.2608
vn 0.0012 -0.8332 0.5530
vn -0.0003 -0.8964 0.4432
vn 0.0001 -0.7106 0.7036
vn 0.0054 -0.6816 0.7317
vn -0.0009 -0.5697 0.8219
vn 0.0072 -0.5253 0.8509
vn 0.0012 -0.4292 0.9032
vn 0.0018 -0.4255 0.9049
vn -0.0009 -0.3060 0.9520
vn 0.0051 -0.2761 0.9611
vn 0.0018 -0.1958 0.9806
vn -0.0000 -0.2040 0.9790
vn -0.0007 -0.1131 0.9936
vn 0.0018 -0.1036 0.9946
vn 0.0024 -0.0175 0.9998
vn 0.0009 -0.0228 0.9997
vn -0.0005 0.1186 0.9929
vn 0.0029 0.0738 0.9973
vn 0.0009 0.0646 0.9979
vn 0.0028 0.1840 0.9829
vn 0.0005 0.1734 0.9848
vn -0.0002 0.2609 0.9654
vn 0.0026 0.2788 0.9603
vn 0.0005 0.4279 0.9038
vn 0.0031 0.4058 0.9140
vn -0.0007 0.3527 0.9358
vn -0.0002 0.5166 0.8562
vn 0.0029 0.5480 0.8365
vn 0.0013 0.6907 0.7232
vn 0.0019 0.6865 0.7272
vn -0.0004 0.5978 0.8017
vn -0.0004 0.7763 0.6304
vn 0.0034 0.8148 0.5798
vn 0.0003 0.8939 0.4484
vn -0.0001 0.8423 0.5391
vn 0.0025 0.9473 0.3202
vn 0.0004 0.9403 0.3404
vn -0.0003 0.8974 0.4412
vn -0.0009 0.9774 0.2115
vn 0.0025 0.9860 0.1669
vn -0.0002 0.9922 0.1249
vn 0.0006 0.9989 0.0473
vn -0.0003 0.9993 0.0369
vn -0.0001 1.0000 -0.0002
vn -0.0000 1.0000 -0.0000
vn 0.0001 1.0000 -0.0001
vn 1.0000 -0.0000 -0.0000
vn -0.9967 0.0016 -0.0806
vn -0.9961 0.0001 -0.0883
vn -0.9972 -0.0001 -0.0744
vn -0.9975 0.0130 -0.0697
vn -0.9991 -0.0006 -0.0426
vn -0.9979 0.0004 -0.0652
vn -0.9967 -0.0008 -0.0811
vn -0.9939 0.0004 0.1100
vn -0.9900 0.0035 0.1412
vn -0.9860 0.0002 0.1668
vn -0.9823 -0.0000 0.1874
vn -0.9790 0.0017 0.2037
vn -0.9858 0.0001 0.1680
vn -0.9917 -0.0001 0.1286
vn -0.9900 -0.0035 0.1410
vn -0.9782 -0.0019 0.2078
vn -0.9824 0.0001 0.1867
vn -0.9864 -0.0004 0.1642
vn -0.9719 0.0010 0.2353
vn -0.9697 -0.0002 0.2443
vn -0.9708 -0.0000 0.2399
vn -0.9801 0.0003 0.1984
vn -0.9743 -0.0000 0.2253
vn -0.9742 -0.0000 0.2257
vn -0.9988 0.0001 -0.0483
vn -0.9998 -0.0003 -0.0178
vn -0.9945 -0.0009 0.1050
vn -0.9951 -0.0002 0.0992
vn -0.9970 0.0005 0.0777
vn -0.9986 -0.0007 0.0532
vn -0.9989 -0.0000 0.0467
vn -0.9999 -0.0000 0.0122
vn -0.9999 -0.0002 0.0138
vn -0.9999 0.0002 -0.0131
vn -0.9587 0.2744 0.0744
vn -0.2355 0.9718 0.0115
vn -0.2425 0.9701 0.0108
vn -0.7065 0.7070 0.0311
vn -0.6968 0.7165 0.0335
vn -0.2630 0.9645 0.0217
vn -0.7029 0.7089 0.0584
vn -0.7048 0.7071 0.0578
vn -0.9627 0.2588 0.0791
vn -0.9648 0.2588 0.0463
vn -0.9630 0.2692 0.0133
vn -0.9660 0.2546 0.0451
vn -0.2849 0.9585 -0.0027
vn -0.6924 0.7215 -0.0065
vn -0.6985 0.7156 -0.0083
vn -0.7194 0.6945 0.0122
vn -0.9658 0.2588 0.0164
vn -0.9659 0.2588 -0.0115
vn -0.9620 0.2699 -0.0407
vn -0.9671 0.2542 -0.0129
vn -0.7060 0.7067 -0.0458
vn -0.6956 0.7172 -0.0412
vn -0.2596 0.9656 -0.0158
vn -0.2435 0.9698 -0.0120
vn -0.7177 0.6958 -0.0280
vn -0.9652 0.2588 -0.0376
vn -0.9639 0.2588 -0.0622
vn -0.9658 0.2514 -0.0643
vn -0.2527 0.9652 0.0666
vn -0.2525 -0.9617 0.1063
vn -0.2522 -0.9618 0.1061
vn -0.2665 -0.9434 0.1972
vn -0.9513 -0.2381 0.1955
vn -0.9518 -0.2738 0.1384
vn -0.9672 -0.2293 0.1092
vn -0.2563 -0.9446 0.2051
vn -0.2458 -0.9278 0.2807
vn -0.2542 -0.9233 0.2879
vn -0.2452 -0.8913 0.3813
vn -0.9521 -0.2341 0.1965
vn -0.2532 -0.8914 0.3758
vn -0.2403 -0.8567 0.4565
vn -0.2572 -0.8423 0.4737
vn -0.2297 -0.7967 0.5590
vn -0.2413 -0.7883 0.5661
vn -0.2428 -0.7116 0.6593
vn -0.2418 -0.7113 0.6599
vn -0.2284 -0.6448 0.7294
vn -0.2372 -0.6363 0.7341
vn -0.2276 -0.5608 0.7960
vn -0.2341 -0.5631 0.7925
vn -0.2573 -0.4823 0.8373
vn -0.2234 -0.4712 0.8532
vn -0.2099 -0.4036 0.8905
vn -0.2209 -0.3956 0.8915
vn -0.2367 -0.3233 0.9162
vn -0.2195 -0.3163 0.9229
vn -0.2159 -0.2554 0.9424
vn -0.2535 -0.2296 0.9397
vn -0.1823 -0.1846 0.9658
vn -0.2619 -0.1342 0.9557
vn -0.1759 -0.0974 0.9796
vn -0.2465 -0.0583 0.9674
vn -0.1926 -0.0166 0.9811
vn -0.2258 -0.0052 0.9742
vn -0.2099 0.0591 0.9759
vn -0.2359 0.1082 0.9657
vn -0.2191 0.1162 0.9687
vn -0.2177 0.0612 0.9741
vn -0.2143 0.1708 0.9617
vn -0.2182 0.1720 0.9606
vn -0.2262 0.2341 0.9455
vn -0.2094 0.2437 0.9470
vn -0.2390 0.3155 0.9183
vn -0.2214 0.3283 0.9183
vn -0.2281 0.3988 0.8882
vn -0.2200 0.3959 0.8916
vn -0.2377 0.4735 0.8481
vn -0.2231 0.4860 0.8450
vn -0.2324 0.5615 0.7942
vn -0.2398 0.5644 0.7899
vn -0.2351 0.6518 0.7210
vn -0.2236 0.6487 0.7275
vn -0.2520 0.7183 0.6485
vn -0.2304 0.7385 0.6337
vn -0.2473 0.7995 0.5473
vn -0.2385 0.7982 0.5531
vn -0.9370 -0.2455 0.2486
vn -0.9426 -0.2051 0.2636
vn -0.9280 -0.2183 0.3019
vn -0.9279 -0.1722 0.3306
vn -0.9245 -0.1849 0.3333
vn -0.9159 -0.1434 0.3750
vn -0.9194 -0.1306 0.3709
vn -0.8998 -0.1248 0.4182
vn -0.9089 -0.0763 0.4100
vn -0.9064 -0.0806 0.4147
vn -0.8930 -0.0611 0.4459
vn -0.9018 -0.0388 0.4304
vn -0.8942 -0.0466 0.4452
vn -0.8928 -0.0213 0.4500
vn -0.8979 -0.0172 0.4399
vn -0.8809 -0.0026 0.4733
vn -0.8990 0.0161 0.4377
vn -0.8927 0.0149 0.4503
vn -0.8935 0.0447 0.4468
vn -0.8974 0.0448 0.4389
vn -0.8999 0.0818 0.4284
vn -0.9034 0.0811 0.4211
vn -0.9084 0.1185 0.4010
vn -0.9180 0.1166 0.3790
vn -0.9077 0.1616 0.3873
vn -0.9285 0.1775 0.3262
vn -0.9303 0.1756 0.3221
vn -0.9284 0.2231 0.2971
vn -0.9437 0.2085 0.2569
vn -0.2496 0.8551 0.4545
vn -0.2379 0.8540 0.4627
vn -0.2545 0.8980 0.3590
vn -0.2421 0.8987 0.3657
vn -0.2638 0.9332 0.2440
vn -0.2472 0.9408 0.2321
vn -0.2582 0.9546 0.1485
vn -0.2586 0.9546 0.1482
vn -0.2580 0.9640 0.0636
vn -0.6987 -0.7027 0.1344
vn -0.7135 -0.6844 0.1502
vn -0.6774 -0.7062 0.2059
vn -0.6975 -0.6617 0.2751
vn -0.6898 -0.6719 0.2699
vn -0.6783 -0.6468 0.3488
vn -0.6926 -0.6230 0.3635
vn -0.6572 -0.6241 0.4226
vn -0.6735 -0.5596 0.4829
vn -0.6679 -0.5677 0.4812
vn -0.6533 -0.5120 0.5576
vn -0.6677 -0.4864 0.5636
vn -0.6334 -0.4640 0.6193
vn -0.6530 -0.3900 0.6492
vn -0.6452 -0.4004 0.6507
vn -0.6327 -0.3326 0.6994
vn -0.6460 -0.3136 0.6959
vn -0.6158 -0.2825 0.7355
vn -0.6392 -0.2219 0.7364
vn -0.6286 -0.2313 0.7426
vn -0.6176 -0.1625 0.7695
vn -0.6067 -0.1699 0.7766
vn -0.6338 -0.1156 0.7648
vn -0.5898 -0.0984 0.8015
vn -0.6359 -0.0592 0.7695
vn -0.5974 -0.0418 0.8008
vn -0.6244 -0.0037 0.7811
vn -0.6145 -0.0069 0.7889
vn -0.6122 0.0424 0.7896
vn -0.6318 0.0485 0.7736
vn -0.5976 0.0823 0.7975
vn -0.6285 0.1165 0.7690
vn -0.6449 0.1197 0.7549
vn -0.5998 0.1679 0.7823
vn -0.6363 0.2176 0.7401
vn -0.6473 0.2186 0.7302
vn -0.6134 0.2837 0.7371
vn -0.6485 0.3283 0.6868
vn -0.6341 0.3280 0.7003
vn -0.6428 0.4014 0.6524
vn -0.6574 0.4037 0.6362
vn -0.6338 0.4709 0.6136
vn -0.6719 0.5055 0.5413
vn -0.6529 0.5101 0.5599
vn -0.6675 0.5722 0.4765
vn -0.6789 0.5696 0.4633
vn -0.6589 0.6281 0.4140
vn -0.6979 0.6334 0.3341
vn -0.6809 0.6445 0.3478
vn -0.6894 0.6831 0.2411
vn -0.7046 0.6720 0.2280
vn -0.6824 0.7117 0.1669
vn -0.7156 0.6908 0.1034
vn -0.7022 0.7031 0.1120
vn -0.9387 0.2495 0.2380
vn -0.9539 0.2287 0.1943
vn -0.9466 0.2678 0.1797
vn -0.9611 0.2496 0.1183
vn -0.9622 0.2460 0.1166
vn -0.2506 0.9581 -0.1385
vn -0.2754 0.9441 -0.1814
vn -0.2351 0.9242 -0.3009
vn -0.2743 0.8501 -0.4496
vn -0.2731 0.8498 -0.4509
vn -0.2225 0.7695 -0.5987
vn -0.2855 0.6527 -0.7018
vn -0.2407 0.6212 -0.7458
vn -0.2360 0.4459 -0.8634
vn -0.2628 0.4110 -0.8729
vn -0.2355 0.2583 -0.9369
vn -0.2566 0.2194 -0.9413
vn -0.2299 0.0865 -0.9694
vn -0.6961 0.7004 -0.1577
vn -0.7049 0.6879 -0.1731
vn -0.6829 0.6328 -0.3650
vn -0.6973 0.6088 -0.3782
vn -0.6728 0.4903 -0.5540
vn -0.6872 0.4651 -0.5580
vn -0.6719 0.3050 -0.6749
vn -0.6937 0.2582 -0.6724
vn -0.6617 0.1693 -0.7304
vn -0.9576 0.2646 -0.1140
vn -0.9560 0.2235 -0.1903
vn -0.9579 0.2105 -0.1950
vn -0.9446 0.1836 -0.2721
vn -0.9491 0.0958 -0.3000
vn -0.9453 0.1107 -0.3067
vn -0.9629 -0.2606 -0.0699
vn -0.9660 -0.2579 -0.0168
vn -0.9638 -0.2627 -0.0458
vn -0.9648 -0.2588 -0.0468
vn -0.9634 -0.2588 -0.0692
vn -0.2554 -0.9668 -0.0126
vn -0.2585 -0.9659 -0.0123
vn -0.2576 -0.9663 0.0031
vn -0.2588 -0.9659 0.0033
vn -0.7239 -0.6873 -0.0596
vn -0.6908 -0.7222 -0.0336
vn -0.6941 -0.7191 -0.0330
vn -0.7220 -0.6918 -0.0126
vn -0.6895 -0.7243 0.0088
vn -0.6940 -0.7199 0.0101
vn -0.7222 -0.6908 0.0351
vn -0.9693 -0.2406 0.0512
vn -0.9653 -0.2571 0.0469
vn -0.9634 -0.2678 0.0140
vn -0.9659 -0.2588 0.0114
vn -0.9658 -0.2588 -0.0171
vn -0.9531 -0.2910 0.0827
vn -0.7045 -0.7071 0.0616
vn -0.6894 -0.7223 0.0550
vn -0.2590 -0.9657 0.0214
vn -0.2567 -0.9663 0.0209
vn -0.2442 -0.0001 -0.9697
vn -0.2689 0.0007 -0.9632
vn -0.6751 0.0004 -0.7378
vn -0.6870 0.0009 -0.7267
vn -0.9459 0.0002 -0.3245
vn -0.9439 0.0001 -0.3301
vn -0.2436 -0.1219 -0.9622
vn -0.2598 -0.1450 -0.9547
vn -0.2255 -0.2837 -0.9320
vn -0.2759 -0.4119 -0.8685
vn -0.2567 -0.4355 -0.8628
vn -0.2234 -0.5777 -0.7850
vn -0.2764 -0.6567 -0.7017
vn -0.2291 -0.7332 -0.6403
vn -0.2639 -0.7837 -0.5623
vn -0.2373 -0.8594 -0.4529
vn -0.2568 -0.8682 -0.4246
vn -0.2578 -0.9307 -0.2594
vn -0.2485 -0.9291 -0.2738
vn -0.2620 -0.9601 -0.0979
vn -0.2549 -0.9610 -0.1074
vn -0.6735 -0.1038 -0.7319
vn -0.6767 -0.1083 -0.7283
vn -0.6728 -0.3081 -0.6726
vn -0.6787 -0.3122 -0.6647
vn -0.6802 -0.4865 -0.5483
vn -0.6936 -0.4931 -0.5252
vn -0.6788 -0.5832 -0.4462
vn -0.7025 -0.6275 -0.3358
vn -0.7095 -0.6264 -0.3229
vn -0.6847 -0.6913 -0.2309
vn -0.6951 -0.7101 -0.1122
vn -0.9412 -0.0409 -0.3354
vn -0.9482 -0.1133 -0.2969
vn -0.9507 -0.1167 -0.2872
vn -0.9455 -0.1960 -0.2600
vn -0.9597 -0.2256 -0.1674
vn -0.9537 -0.2354 -0.1870
vn -0.9054 -0.4242 0.0157
vn -0.9110 -0.4045 0.0805
vn -0.9174 -0.3976 0.0170
vn -0.8932 -0.4489 0.0259
vn -0.9433 -0.3319 -0.0069
vn -0.9008 -0.4338 0.0179
vn -0.9258 -0.3769 0.0284
vn -0.9088 0.4168 0.0186
vn -0.9162 0.4005 0.0149
vn -0.9160 0.4008 0.0176
vn -0.8917 0.4518 0.0262
vn -0.9341 0.3570 -0.0051
vn -0.8998 0.4360 0.0174
vn -0.9183 0.3950 0.0252
vn 0.0062 -0.7205 0.6935
vn -0.0000 -0.1309 0.9914
vn -0.0106 -0.1951 0.9807
vn -0.0119 -0.5555 0.8314
vn 0.0061 -0.4535 0.8912
vn 0.0007 -0.9808 0.1951
vn -0.0260 -0.9950 0.0965
vn -0.0028 -0.9642 0.2653
vn 0.0013 -0.8315 0.5556
vn -0.0246 -0.8814 0.4717
vn -0.0000 -0.0000 1.0000
vn -0.0000 -0.0001 1.0000
vn -0.0001 -0.0000 1.0000
vn -0.0000 0.9920 0.1265
vn -0.0124 0.9807 0.1951
vn 0.0059 0.9068 0.4216
vn -0.0131 0.8314 0.5555
vn 0.0056 0.4710 0.8821
vn -0.0114 0.5555 0.8314
vn 0.0047 0.7429 0.6694
vn -0.0100 0.1951 0.9807
vn -0.0000 0.1381 0.9904
vn 0.0024 1.0000 -0.0027
vn -0.0000 1.0000 0.0008
vn -0.0004 1.0000 -0.0002
vn 0.0001 1.0000 -0.0000
vn -0.0035 -0.9761 -0.2172
vn -0.0385 -0.9663 -0.2543
vn 0.0008 -0.9874 -0.1581
vn -0.0018 -0.9984 -0.0571
vn 0.0027 -0.9988 -0.0480
vn -0.0441 -0.7711 -0.6352
vn -0.0162 -0.7931 -0.6088
vn -0.0052 -0.8287 -0.5597
vn 0.0024 -0.9111 -0.4121
vn -0.0404 -0.8869 -0.4602
vn 0.0018 -0.9281 -0.3723
vn 0.0070 -0.6187 -0.7856
vn -0.0465 -0.5741 -0.8174
vn 0.0048 -0.6782 -0.7349
vn -0.0124 -0.4404 -0.8977
vn -0.0056 -0.4478 -0.8941
vn 0.0027 -0.3328 -0.9430
vn -0.0234 -0.2914 -0.9563
vn 0.0038 -0.2467 -0.9691
vn -0.0109 -0.1504 -0.9886
vn -0.0135 -0.1524 -0.9882
vn 0.0061 0.0125 -0.9999
vn -0.0301 -0.0287 -0.9991
vn 0.0038 -0.0628 -0.9980
vn -0.0106 0.0883 -0.9960
vn -0.0175 0.0931 -0.9955
vn -0.0003 0.2367 -0.9716
vn -0.0207 0.2106 -0.9773
vn 0.0021 0.1680 -0.9858
vn -0.0216 0.3558 -0.9343
vn -0.0013 0.3332 -0.9429
vn 0.0015 0.7762 -0.6305
vn -0.0278 0.7144 -0.6992
vn -0.0006 0.6822 -0.7311
vn 0.0002 0.5296 -0.8483
vn -0.0518 0.5726 -0.8182
vn 0.0078 0.4685 -0.8834
vn -0.0136 0.8624 -0.5060
vn -0.0092 0.8593 -0.5114
vn 0.0023 0.9746 -0.2239
vn -0.0210 0.9538 -0.2996
vn 0.0024 0.9406 -0.3394
vn -0.0172 0.9952 -0.0962
vn -0.0100 0.9941 -0.1081
vn -0.0015 -1.0000 -0.0007
vn -0.0010 -1.0000 0.0010
vn -0.0013 -1.0000 -0.0004
vn -0.0006 -1.0000 -0.0001
vn -0.5894 0.0938 0.8023
vn -0.7692 0.0664 0.6356
vn -0.8273 0.0662 0.5579
vn -0.8053 0.0228 0.5925
vn -0.8275 0.0663 0.5576
vn -0.7707 0.0645 0.6339
vn -0.7662 0.1061 0.6338
vn -0.8177 0.1233 0.5623
vn -0.8234 0.1355 0.5510
vn -0.5999 0.0633 0.7975
vn -0.6125 0.0770 0.7867
vn -0.6888 0.0883 0.7195
vn -0.6657 0.0699 0.7429
vn -0.6379 0.0648 0.7674
vn -0.7577 0.1141 0.6425
vn -0.8124 0.0198 0.5828
vn -0.7720 0.0201 0.6353
vn -0.7617 0.0136 0.6478
vn -0.6930 0.0269 0.7204
vn -0.6812 0.0226 0.7317
vn -0.6020 0.0231 0.7981
vn -0.6034 0.0238 0.7971
vn -0.8266 -0.0762 0.5576
vn -0.8272 -0.0334 0.5610
vn -0.8181 -0.0663 0.5712
vn -0.7692 -0.0664 0.6356
vn -0.8248 -0.0047 0.5654
vn -0.8032 -0.0199 0.5954
vn -0.7616 -0.0201 0.6477
vn -0.7723 -0.0114 0.6352
vn -0.6811 -0.0291 0.7316
vn -0.6932 -0.0225 0.7204
vn -0.6036 -0.0231 0.7970
vn -0.6020 -0.0239 0.7981
vn -0.7571 -0.1147 0.6432
vn -0.5910 -0.0781 0.8029
vn -0.5991 -0.0750 0.7971
vn -0.6655 -0.0848 0.7416
vn -0.6899 -0.0752 0.7200
vn -0.6335 -0.0648 0.7710
vn -0.7707 -0.0645 0.6339
vn -0.7662 -0.1061 0.6338
vn -0.8209 -0.1244 0.5573
vn -0.8230 -0.1284 0.5533
vn -0.8197 0.2033 0.5355
vn -0.8247 0.3501 0.4442
vn -0.5923 0.4239 0.6852
vn -0.6126 0.4104 0.6755
vn -0.6722 0.4289 0.6035
vn -0.6696 0.4443 0.5952
vn -0.7236 0.4542 0.5198
vn -0.7223 0.4598 0.5166
vn -0.7720 0.4713 0.4265
vn -0.7752 0.4545 0.4387
vn -0.6366 0.3031 0.7091
vn -0.6485 0.3248 0.6885
vn -0.7130 0.3201 0.6238
vn -0.7148 0.3493 0.6059
vn -0.7738 0.3541 0.5253
vn -0.7727 0.3681 0.5171
vn -0.8094 0.3738 0.4530
vn -0.8043 0.4055 0.4343
vn -0.5891 0.1997 0.7830
vn -0.6506 0.2200 0.7269
vn -0.6569 0.2308 0.7178
vn -0.7297 0.2280 0.6447
vn -0.7355 0.2591 0.6260
vn -0.8066 0.2629 0.5295
vn -0.8075 0.2716 0.5237
vn -0.8320 0.2772 0.4805
vn -0.5846 0.1349 0.8000
vn -0.5982 0.1455 0.7881
vn -0.6576 0.1430 0.7397
vn -0.6646 0.1533 0.7313
vn -0.7408 0.1842 0.6459
vn -0.7448 0.1797 0.6426
vn -0.8143 0.1822 0.5511
vn -0.8043 -0.4079 0.4321
vn -0.8104 -0.3608 0.4616
vn -0.8086 -0.2112 0.5492
vn -0.8267 -0.1824 0.5323
vn -0.7451 -0.1797 0.6423
vn -0.7407 -0.1846 0.6459
vn -0.5999 -0.1335 0.7889
vn -0.5831 -0.1460 0.7991
vn -0.6666 -0.1425 0.7317
vn -0.6567 -0.1501 0.7391
vn -0.6099 -0.2011 0.7666
vn -0.5853 -0.2200 0.7804
vn -0.6730 -0.2119 0.7086
vn -0.6480 -0.2310 0.7258
vn -0.7460 -0.2269 0.6261
vn -0.7211 -0.2580 0.6430
vn -0.8106 -0.2630 0.5233
vn -0.8014 -0.2749 0.5312
vn -0.6108 -0.2963 0.7342
vn -0.5813 -0.3187 0.7487
vn -0.6662 -0.3052 0.6804
vn -0.6383 -0.3252 0.6977
vn -0.7294 -0.3184 0.6055
vn -0.7016 -0.3479 0.6219
vn -0.7797 -0.3544 0.5163
vn -0.7677 -0.3672 0.5251
vn -0.8175 -0.3749 0.4372
vn -0.8375 -0.2876 0.4646
vn -0.5728 -0.4020 0.7143
vn -0.6236 -0.4175 0.6609
vn -0.6124 -0.4236 0.6675
vn -0.6842 -0.4264 0.5916
vn -0.6638 -0.4431 0.6025
vn -0.7259 -0.4545 0.5161
vn -0.7204 -0.4593 0.5197
vn -0.7650 -0.4698 0.4404
vn -0.7805 -0.4554 0.4282
vn -0.8007 0.4819 0.3558
vn -0.7918 0.5029 0.3467
vn -0.7991 0.4721 0.3722
vn -0.7952 0.4597 0.3953
vn -0.8576 0.4627 0.2246
vn -0.8310 0.4846 0.2732
vn -0.8217 0.5040 0.2660
vn -0.8280 0.4739 0.2998
vn -0.8525 0.4886 0.1858
vn -0.8667 0.4569 0.2003
vn -0.8839 0.4442 0.1462
vn -0.8985 0.4183 0.1334
vn -0.8917 -0.4285 0.1459
vn -0.8938 -0.4245 0.1445
vn -0.8542 -0.4788 0.2028
vn -0.8588 -0.4668 0.2110
vn -0.8314 -0.4749 0.2886
vn -0.8229 -0.4973 0.2749
vn -0.8468 -0.4707 0.2478
vn -0.7958 -0.4612 0.3923
vn -0.7999 -0.4821 0.3574
vn -0.7988 -0.4849 0.3562
vn -0.9008 0.4212 0.1057
vn -0.9462 0.3231 0.0203
vn -0.9409 0.3378 0.0252
vn -0.9756 0.2185 0.0205
vn -0.9815 0.1915 0.0073
vn -0.9689 0.2466 0.0225
vn -0.9515 0.3075 0.0125
vn -0.9184 0.3932 0.0432
vn -0.9168 0.3982 0.0304
vn -0.9084 0.4162 0.0400
vn -0.9562 0.2924 0.0138
vn -0.9109 0.4019 0.0932
vn -0.9093 0.4107 0.0668
vn -0.9132 0.4011 0.0723
vn -0.9146 0.4015 0.0475
vn -0.9360 -0.3508 0.0282
vn -0.9451 -0.3259 0.0217
vn -0.9528 -0.3033 0.0121
vn -0.9369 -0.3469 0.0433
vn -0.9598 -0.2798 0.0198
vn -0.9716 -0.2293 0.0580
vn -0.9004 -0.4221 0.1057
vn -0.9663 -0.2565 0.0211
vn -0.9796 -0.2006 0.0132
vn -0.9749 -0.2224 -0.0106
vn -0.9891 -0.1384 0.0493
vn -0.9855 -0.1695 0.0062
vn -0.9159 -0.3989 0.0450
vn -0.9384 -0.3446 0.0270
vn -0.9094 -0.4141 0.0378
vn -0.9179 -0.3956 0.0304
vn -0.9134 -0.4043 0.0475
vn -0.9125 -0.4026 0.0723
vn -0.9087 -0.4118 0.0677
vn -0.9109 -0.4018 0.0944
vn -0.9952 -0.0962 0.0188
vn 0.0938 0.3358 0.9373
vn 0.1574 0.5155 0.8423
vn 0.1926 0.5447 0.8163
vn 0.2223 0.5213 0.8239
vn 0.1263 0.4578 0.8800
vn 0.4355 0.3909 0.8109
vn 0.4287 0.3945 0.8128
vn 0.3617 0.3845 0.8493
vn 0.3105 0.4148 0.8553
vn 0.2640 0.4018 0.8768
vn 0.2487 0.2497 0.9358
vn 0.2756 0.2247 0.9346
vn 0.4466 0.2466 0.8601
vn 0.4519 0.2435 0.8582
vn 0.3733 0.2408 0.8959
vn 0.3781 0.2375 0.8948
vn 0.3095 0.2430 0.9193
vn 0.1536 0.4622 0.8734
vn 0.0977 0.3757 0.9216
vn 0.1308 0.3816 0.9150
vn 0.1203 0.2869 0.9504
vn 0.1718 0.2844 0.9432
vn 0.1793 0.2710 0.9457
vn 0.4014 0.5218 0.7527
vn 0.3069 0.5114 0.8027
vn 0.2895 0.5528 0.7814
vn 0.4419 0.3145 0.8401
vn 0.4499 0.3102 0.8375
vn 0.3725 0.3099 0.8748
vn 0.3658 0.3137 0.8762
vn 0.3084 0.3039 0.9014
vn 0.2512 0.3271 0.9110
vn 0.2586 0.3198 0.9115
vn 0.1785 0.3353 0.9251
vn 0.4236 0.4549 0.7833
vn 0.4199 0.4585 0.7832
vn 0.3164 0.4687 0.8247
vn 0.3041 0.4957 0.8135
vn 0.2091 0.4962 0.8427
vn 0.1926 0.4319 0.8811
vn 0.1881 0.4300 0.8830
vn 0.1727 0.3455 0.9224
vn 0.0918 0.3129 0.9453
vn 0.0637 0.2960 0.9531
vn 0.0903 0.5050 0.8584
vn 0.1249 0.4798 0.8685
vn 0.1149 0.4786 0.8705
vn -0.0434 0.5306 0.8465
vn -0.0514 0.5294 0.8468
vn 0.0577 0.3768 0.9245
vn 0.0087 0.4256 0.9049
vn 0.0400 0.4631 0.8854
vn 0.0392 0.4847 0.8738
vn 0.0378 0.4833 0.8747
vn -0.1956 0.5795 0.7911
vn -0.1750 0.6250 0.7607
vn -0.2205 0.5489 0.8063
vn -0.1810 0.5789 0.7950
vn -0.1025 0.4828 0.8697
vn -0.0676 0.5179 0.8528
vn 0.0345 0.3028 0.9524
vn 0.0615 0.3765 0.9244
vn 0.1238 0.4173 0.9003
vn 0.0597 0.4144 0.9081
vn 0.0218 0.3224 0.9464
vn 0.0256 0.3480 0.9372
vn -0.0177 0.3936 0.9191
vn 0.0012 0.4242 0.9056
vn -0.0778 0.4851 0.8710
vn -0.1090 0.5826 0.8054
vn -0.1138 0.6108 0.7836
vn 0.5909 0.6448 0.4849
vn 0.4926 0.6568 0.5709
vn 0.3807 0.7863 0.4866
vn 0.3110 0.5926 0.7431
vn 0.3078 0.6010 0.7376
vn 0.4324 0.6282 0.6468
vn 0.3546 0.6513 0.6709
vn 0.4401 0.7336 0.5179
vn 0.4485 0.6895 0.5687
vn 0.4410 0.6919 0.5716
vn 0.4012 0.6789 0.6150
vn 0.5628 0.5977 0.5710
vn 0.4882 0.6634 0.5670
vn 0.4469 0.6232 0.6418
vn 0.4310 0.6292 0.6468
vn 0.3885 0.5645 0.7283
vn 0.5885 0.6454 0.4869
vn 0.5215 0.6838 0.5104
vn 0.4605 0.7374 0.4942
vn 0.4622 0.7337 0.4980
vn 0.4103 0.5387 0.7359
vn 0.4538 0.5309 0.7157
vn 0.4940 0.5846 0.6436
vn 0.5006 0.5814 0.6413
vn 0.5619 0.5993 0.5702
vn -0.2935 0.8434 0.4501
vn -0.3089 0.8247 0.4737
vn -0.3096 0.8243 0.4740
vn -0.3095 0.7992 0.5153
vn -0.3362 0.7791 0.5291
vn -0.2734 0.7464 0.6068
vn -0.2059 0.6816 0.7022
vn -0.2129 0.6809 0.7008
vn -0.3003 0.6102 0.7332
vn -0.2819 0.6524 0.7035
vn -0.2654 0.6973 0.6659
vn -0.2936 0.6829 0.6690
vn -0.3468 0.7295 0.5895
vn -0.3172 0.7283 0.6073
vn -0.3475 0.7717 0.5327
vn -0.3485 0.7715 0.5323
vn -0.3726 0.7970 0.4754
vn -0.3677 0.7978 0.4779
vn 0.3739 0.8360 0.4017
vn 0.2873 0.8617 0.4183
vn 0.2632 0.9002 0.3471
vn 0.2690 0.9206 0.2831
vn 0.2873 0.9206 0.2645
vn 0.2790 0.9363 0.2134
vn 0.2977 0.9386 0.1742
vn 0.2882 0.9438 0.1618
vn 0.7235 0.6553 0.2173
vn 0.7337 0.6413 0.2246
vn 0.6623 0.7135 0.2284
vn 0.6737 0.7004 0.2355
vn 0.6072 0.7580 0.2383
vn 0.3847 0.8158 0.4318
vn 0.3993 0.8175 0.4149
vn 0.5999 0.6775 0.4256
vn 0.6109 0.6611 0.4355
vn 0.6620 0.6281 0.4090
vn 0.7437 0.6524 0.1460
vn 0.7508 0.6432 0.1505
vn 0.6838 0.7134 0.1533
vn 0.6915 0.7050 0.1576
vn 0.6160 0.7713 0.1598
vn 0.6240 0.7641 0.1638
vn 0.4351 0.8843 0.1694
vn 0.4278 0.8867 0.1752
vn 0.4211 0.8705 0.2547
vn 0.4079 0.8735 0.2657
vn 0.6917 0.6524 0.3096
vn 0.7028 0.6362 0.3183
vn 0.6301 0.7069 0.3214
vn 0.6423 0.6919 0.3298
vn 0.5429 0.7714 0.3319
vn 0.5549 0.7884 0.2654
vn 0.5331 0.8071 0.2540
vn 0.5424 0.8237 0.1653
vn 0.5502 0.8178 0.1689
vn 0.2639 0.8991 0.3491
vn 0.2861 0.8894 0.3566
vn 0.3948 0.8458 0.3590
vn 0.3841 0.8558 0.3466
vn 0.5248 0.7770 0.3478
vn 0.5032 0.7492 0.4307
vn 0.4901 0.7680 0.4123
vn 0.1655 0.9635 0.2104
vn 0.1616 0.9460 0.2811
vn 0.1671 0.9293 0.3293
vn 0.0490 0.9587 0.2802
vn 0.0730 0.9615 0.2649
vn 0.1073 0.9503 0.2923
vn 0.0075 0.9615 0.2747
vn -0.0003 0.9637 0.2671
vn -0.0428 0.9575 0.2853
vn -0.0656 0.9580 0.2791
vn -0.0859 0.9518 0.2945
vn 0.1671 0.9729 0.1597
vn 0.1625 0.9456 0.2819
vn 0.1667 0.9729 0.1603
vn 0.0740 0.9846 0.1586
vn 0.0741 0.9846 0.1585
vn -0.0001 0.9875 0.1576
vn -0.0006 0.9874 0.1583
vn -0.0630 0.9854 0.1581
vn -0.0653 0.9848 0.1608
vn -0.0642 0.9749 0.2133
vn 0.1590 0.9625 0.2199
vn 0.0737 0.9731 0.2182
vn 0.0734 0.9731 0.2186
vn -0.0002 0.9760 0.2176
vn -0.0008 0.9759 0.2184
vn -0.0608 0.9740 0.2181
vn -0.1890 0.9109 0.3668
vn -0.1249 0.9790 0.1611
vn -0.1452 0.9723 0.1834
vn -0.1288 0.9684 0.2137
vn -0.1421 0.9497 0.2790
vn -0.1234 0.9474 0.2954
vn -0.1420 0.9258 0.3504
vn -0.2041 0.9615 0.1838
vn -0.2150 0.9578 0.1910
vn -0.2091 0.9372 0.2793
vn -0.2191 0.9327 0.2866
vn -0.2098 0.9065 0.3665
vn -0.2178 0.9021 0.3725
vn -0.2152 0.8934 0.3943
vn -0.2354 0.8709 0.4315
vn -0.2971 0.8490 0.4369
vn -0.2942 0.8513 0.4344
vn -0.3073 0.8743 0.3758
vn -0.3020 0.8778 0.3718
vn -0.3144 0.9034 0.2915
vn -0.3068 0.9077 0.2863
vn -0.3148 0.9283 0.1977
vn -0.3046 0.9331 0.1914
vn -0.3825 0.8152 0.4349
vn -0.3826 0.8151 0.4350
vn -0.3994 0.8378 0.3722
vn -0.4006 0.8368 0.3731
vn -0.4163 0.8617 0.2900
vn -0.4151 0.8626 0.2892
vn -0.4252 0.8826 0.2006
vn -0.4192 0.8862 0.1970
vn 0.9703 0.2339 0.0615
vn 0.9709 0.1997 0.1321
vn 0.9896 -0.0227 0.1421
vn 0.9981 -0.0488 -0.0382
vn 0.9735 -0.2257 0.0378
vn 0.9669 -0.2098 0.1454
vn 0.8232 0.5594 0.0972
vn 0.9568 0.2852 0.0562
vn 0.8115 0.5812 0.0606
vn 0.8464 0.5285 0.0665
vn 0.8569 0.5123 0.0570
vn 0.8846 0.4609 0.0714
vn 0.9491 0.3046 0.0804
vn 0.9218 0.3837 0.0548
vn 0.9308 0.3459 0.1183
vn 0.8083 0.5854 0.0629
vn 0.8049 0.5801 0.1245
vn 0.8452 0.5266 0.0912
vn 0.8819 0.4626 0.0912
vn 0.8849 0.4579 0.0854
vn 0.9202 0.3827 0.0822
vn 0.9527 -0.2806 0.1165
vn 0.9478 -0.3125 0.0633
vn 0.9395 -0.3355 0.0692
vn 0.9266 -0.3694 0.0705
vn 0.9141 -0.3953 0.0901
vn 0.9015 -0.4255 0.0790
vn 0.8626 -0.4973 0.0931
vn 0.8502 -0.5223 0.0659
vn 0.8080 -0.5860 0.0608
vn 0.8084 -0.5854 0.0613
vn 0.8751 -0.4756 0.0888
vn 0.8607 -0.5032 0.0766
vn 0.8223 -0.5582 0.1107
vn 0.8064 -0.5832 0.0979
vn 0.7011 0.7126 0.0251
vn 0.6916 0.7222 0.0100
vn 0.7021 0.7110 0.0392
vn 0.7522 0.6562 0.0603
vn 0.7514 0.6523 0.0995
vn 0.7620 0.6443 0.0661
vn 0.6952 0.7188 0.0105
vn 0.6187 0.7855 0.0095
vn 0.6228 0.7823 0.0087
vn 0.5431 0.8397 0.0077
vn 0.4350 0.9004 0.0083
vn 0.4282 0.9037 0.0057
vn 0.5464 0.8375 0.0071
vn 0.2828 0.9592 0.0030
vn 0.6935 0.7199 0.0284
vn 0.6228 0.7819 0.0276
vn 0.6276 0.7781 0.0263
vn 0.5465 0.8371 0.0253
vn 0.5517 0.8337 0.0240
vn 0.4283 0.9034 0.0223
vn 0.4334 0.9010 0.0200
vn 0.2784 0.9603 0.0178
vn 0.2840 0.9587 0.0157
vn 0.6963 0.7154 0.0582
vn 0.6989 0.7129 0.0571
vn 0.6274 0.7766 0.0569
vn 0.6305 0.7741 0.0558
vn 0.5516 0.8323 0.0551
vn 0.5556 0.8297 0.0539
vn 0.4334 0.8997 0.0523
vn 0.4382 0.8975 0.0495
vn 0.2840 0.9577 0.0471
vn 0.2886 0.9564 0.0445
vn 0.7546 0.6488 0.0977
vn 0.6976 0.7097 0.0988
vn 0.6954 0.7116 0.0998
vn 0.6294 0.7706 0.1005
vn 0.6279 0.7717 0.1011
vn 0.5546 0.8259 0.1013
vn 0.5539 0.8264 0.1016
vn 0.4375 0.8936 0.1007
vn 0.4380 0.8933 0.1004
vn 0.2882 0.9525 0.0983
vn 0.2898 0.9521 0.0973
vn 0.7624 -0.6438 0.0644
vn 0.7566 -0.6510 0.0610
vn 0.7047 -0.7089 0.0294
vn 0.6962 -0.7178 0.0089
vn 0.2883 -0.9526 0.0972
vn 0.5386 -0.8425 0.0086
vn 0.5464 -0.8375 0.0071
vn 0.4603 -0.8878 0.0061
vn 0.4282 -0.9036 0.0125
vn 0.3827 -0.9239 0.0045
vn 0.2798 -0.9601 0.0035
vn 0.2796 -0.9601 0.0034
vn 0.6175 -0.7865 0.0084
vn 0.6228 -0.7823 0.0096
vn 0.6899 -0.7238 0.0104
vn 0.7010 -0.7126 0.0284
vn 0.6276 -0.7780 0.0277
vn 0.6228 -0.7819 0.0263
vn 0.5517 -0.8336 0.0254
vn 0.5465 -0.8371 0.0240
vn 0.4334 -0.9009 0.0224
vn 0.4282 -0.9034 0.0199
vn 0.2840 -0.9587 0.0179
vn 0.2799 -0.9599 0.0160
vn 0.6989 -0.7129 0.0586
vn 0.6961 -0.7157 0.0571
vn 0.6305 -0.7741 0.0569
vn 0.6274 -0.7767 0.0558
vn 0.5556 -0.8296 0.0552
vn 0.5516 -0.8324 0.0538
vn 0.4382 -0.8973 0.0524
vn 0.4334 -0.8998 0.0495
vn 0.2886 -0.9563 0.0472
vn 0.2840 -0.9578 0.0445
vn 0.2898 -0.9520 0.0983
vn 0.4375 -0.8936 0.1004
vn 0.4380 -0.8933 0.1008
vn 0.5546 -0.8259 0.1016
vn 0.5539 -0.8264 0.1013
vn 0.6293 -0.7705 0.1011
vn 0.6279 -0.7718 0.1005
vn 0.6975 -0.7096 0.0998
vn 0.6955 -0.7117 0.0988
vn 0.7520 -0.6519 0.0977
vn 0.7545 -0.6487 0.0994
vn 0.0010 0.0007 -1.0000
vn 0.0011 0.0008 -1.0000
vn -0.0010 0.0010 -1.0000
vn -0.0017 0.0010 -1.0000
vn -0.0014 0.0003 -1.0000
vn -0.0011 -0.0000 -1.0000
vn -0.0008 -0.0002 -1.0000
vn -0.0019 -0.0017 -1.0000
vn -0.0004 0.0005 -1.0000
vn -0.0249 0.1129 0.9933
vn 0.0399 0.1558 0.9870
vn -0.0551 0.1953 0.9792
vn -0.1089 0.1854 0.9766
vn -0.0931 0.1812 0.9790
vn -0.1629 0.1631 0.9731
vn -0.1665 0.0444 0.9850
vn -0.4284 0.0973 0.8983
vn -0.3425 0.1143 0.9325
vn -0.3439 0.1149 0.9320
vn -0.2585 0.1255 0.9578
vn -0.2610 0.1267 0.9570
vn -0.1858 0.1390 0.9727
vn -0.1251 0.0223 0.9919
vn -0.0283 0.0226 0.9993
vn -0.0305 0.0194 0.9993
vn -0.1575 0.1164 0.9806
vn -0.0457 0.1240 0.9912
vn -0.0356 0.1827 0.9825
vn 0.0077 0.1886 0.9820
vn 0.0226 0.2297 0.9730
vn -0.2734 0.0490 0.9606
vn -0.1702 0.0533 0.9840
vn -0.1578 0.0683 0.9851
vn -0.0302 0.0711 0.9970
vn -0.0248 0.0780 0.9966
vn -0.4762 0.0286 0.8789
vn -0.4698 0.0248 0.8824
vn -0.3551 0.0355 0.9342
vn -0.3204 0.0286 0.9468
vn -0.1007 0.0629 0.9929
vn -0.1762 0.0999 0.9793
vn -0.2726 0.0937 0.9576
vn -0.2611 0.0876 0.9613
vn -0.3537 0.0822 0.9317
vn -0.3450 0.0773 0.9354
vn -0.4744 0.0707 0.8775
vn -0.4316 0.0155 0.9019
vn -0.5111 0.0657 0.8570
vn -0.5060 0.1307 0.8526
vn -0.4786 0.0986 0.8725
vn -0.4756 -0.0430 0.8786
vn -0.2114 -0.0137 0.9773
vn -0.3009 -0.0112 0.9536
vn -0.2727 -0.0869 0.9582
vn -0.3504 -0.0824 0.9330
vn -0.1578 -0.0683 0.9851
vn -0.1828 -0.1381 0.9734
vn -0.1103 -0.1609 0.9808
vn -0.1113 -0.1615 0.9806
vn -0.0537 -0.1702 0.9839
vn -0.2726 -0.1335 0.9528
vn -0.1979 -0.1445 0.9695
vn -0.0266 -0.2048 0.9784
vn -0.0305 -0.0711 0.9970
vn -0.0075 -0.0994 0.9950
vn -0.0210 -0.1169 0.9929
vn 0.0268 -0.2084 0.9777
vn -0.4762 -0.0287 0.8789
vn -0.4709 -0.0256 0.8818
vn -0.1251 -0.0223 0.9919
vn -0.0321 -0.0226 0.9992
vn -0.0289 -0.0182 0.9994
vn -0.1660 -0.0442 0.9851
vn -0.1658 -0.0586 0.9844
vn -0.3411 -0.0542 0.9385
vn -0.2737 -0.0200 0.9616
vn -0.3551 -0.0368 0.9341
vn -0.3537 -0.0812 0.9318
vn -0.4144 -0.0830 0.9063
vn 0.0001 -0.2209 0.9753
vn -0.0369 -0.1237 0.9916
vn -0.1094 -0.1192 0.9868
vn -0.1577 -0.0870 0.9836
vn -0.1818 -0.0995 0.9783
vn -0.2611 -0.0945 0.9607
vn -0.2607 -0.1540 0.9531
vn -0.4288 -0.1012 0.8977
vn -0.5119 -0.0954 0.8537
vn -0.5334 -0.0802 0.8420
vn 0.2906 0.0193 0.9566
vn 0.1855 0.0379 0.9819
vn 0.1768 0.0257 0.9839
vn 0.0938 0.0257 0.9953
vn 0.0815 0.0407 0.9958
vn 0.2588 0.1349 0.9565
vn 0.1799 0.1361 0.9742
vn 0.1834 0.1410 0.9729
vn 0.0831 0.1417 0.9864
vn 0.1065 0.1101 0.9882
vn 0.0343 0.1556 0.9872
vn 0.3842 0.1281 0.9143
vn 0.3863 0.1265 0.9136
vn 0.4546 0.1276 0.8815
vn 0.4565 0.1262 0.8807
vn 0.3770 0.1853 0.9075
vn 0.3812 0.1823 0.9063
vn 0.4533 0.1844 0.8721
vn 0.4531 0.1845 0.8722
vn 0.0690 0.2328 0.9701
vn 0.0849 0.2165 0.9726
vn 0.1077 0.2147 0.9707
vn 0.1101 0.2131 0.9708
vn 0.1643 0.2060 0.9647
vn 0.1809 0.1843 0.9661
vn 0.4602 0.0728 0.8848
vn 0.4591 0.0737 0.8853
vn 0.3900 0.0732 0.9179
vn 0.3883 0.0746 0.9185
vn 0.2938 0.0742 0.9530
vn 0.2928 0.1278 0.9476
vn 0.3191 0.0877 0.9437
vn 0.3168 0.1816 0.9309
vn 0.2576 0.2201 0.9408
vn 0.2758 0.1957 0.9411
vn 0.4619 0.0231 0.8866
vn 0.4614 0.0236 0.8869
vn 0.3880 0.0234 0.9214
vn 0.3910 0.0207 0.9202
vn 0.2970 0.0291 0.9544
vn 0.2963 0.0783 0.9519
vn 0.1853 0.0787 0.9795
vn 0.1835 0.0815 0.9796
vn 0.0815 0.0812 0.9934
vn 0.0828 0.0794 0.9934
vn 0.0648 -0.1033 0.9925
vn 0.0549 -0.2094 0.9763
vn 0.0688 -0.2175 0.9736
vn 0.0812 -0.0812 0.9934
vn 0.1835 -0.0815 0.9796
vn 0.1834 -0.1410 0.9729
vn 0.4591 -0.0738 0.8853
vn 0.4590 -0.0737 0.8854
vn 0.3883 -0.0732 0.9186
vn 0.3900 -0.0746 0.9178
vn 0.2938 -0.0742 0.9530
vn 0.2963 -0.0783 0.9519
vn 0.1853 -0.0787 0.9795
vn 0.4404 -0.1848 0.8786
vn 0.4505 -0.1965 0.8709
vn 0.3685 -0.1730 0.9134
vn 0.3812 -0.1830 0.9062
vn 0.2911 -0.1831 0.9390
vn 0.3154 -0.2140 0.9245
vn 0.2584 -0.1851 0.9482
vn 0.1792 -0.2010 0.9631
vn 0.1855 -0.0379 0.9819
vn 0.1768 -0.0257 0.9839
vn 0.0825 -0.0257 0.9963
vn 0.0950 -0.0444 0.9945
vn 0.0745 -0.1192 0.9901
vn 0.1077 -0.1417 0.9840
vn 0.1100 -0.2129 0.9709
vn 0.1010 -0.2092 0.9726
vn 0.4624 -0.0240 0.8863
vn 0.4619 -0.0236 0.8866
vn 0.3909 -0.0234 0.9201
vn 0.3880 -0.0210 0.9214
vn 0.2970 -0.0291 0.9544
vn 0.2906 -0.0193 0.9566
vn 0.4560 -0.1273 0.8808
vn 0.4564 -0.1277 0.8806
vn 0.3842 -0.1264 0.9145
vn 0.3862 -0.1281 0.9135
vn 0.3185 -0.1280 0.9392
vn 0.2933 -0.1081 0.9499
vn 0.2588 -0.1349 0.9565
vn 0.1799 -0.1361 0.9742
vn 0.1811 -0.2034 0.9622
vn 0.1335 -0.4732 0.8708
vn 0.1722 -0.3489 0.9212
vn 0.2117 -0.5239 0.8250
vn 0.2398 -0.5439 0.8041
vn 0.2382 -0.5561 0.7962
vn 0.1457 -0.5026 0.8521
vn 0.0692 -0.2793 0.9577
vn 0.0945 -0.3054 0.9475
vn 0.1162 -0.2975 0.9476
vn 0.1305 -0.3584 0.9244
vn 0.2001 -0.5082 0.8377
vn 0.1976 -0.5073 0.8388
vn 0.2811 -0.4812 0.8303
vn 0.2974 -0.5248 0.7976
vn 0.3019 -0.4964 0.8139
vn 0.3666 -0.4696 0.8032
vn 0.3653 -0.4708 0.8031
vn 0.4482 -0.4581 0.7676
vn 0.4427 -0.4628 0.7680
vn 0.4383 -0.2363 0.8672
vn 0.4356 -0.2341 0.8692
vn 0.3776 -0.2460 0.8927
vn 0.3646 -0.2403 0.8997
vn 0.3095 -0.2412 0.9198
vn 0.2909 -0.2299 0.9287
vn 0.2489 -0.2555 0.9342
vn 0.1817 -0.2552 0.9497
vn 0.4594 -0.3095 0.8326
vn 0.4606 -0.3101 0.8317
vn 0.3656 -0.3097 0.8777
vn 0.3720 -0.3149 0.8732
vn 0.3084 -0.3044 0.9013
vn 0.2594 -0.3243 0.9097
vn 0.2511 -0.3214 0.9131
vn 0.1820 -0.3346 0.9246
vn 0.1740 -0.2674 0.9478
vn 0.1324 -0.2796 0.9509
vn 0.4558 -0.4063 0.7919
vn 0.4296 -0.3896 0.8147
vn 0.3684 -0.3939 0.8421
vn 0.3617 -0.3901 0.8467
vn 0.2678 -0.4102 0.8718
vn 0.2639 -0.4084 0.8738
vn 0.1842 -0.4283 0.8847
vn 0.1883 -0.4300 0.8830
vn 0.1455 -0.4499 0.8812
vn 0.0995 -0.3827 0.9185
vn 0.1452 -0.3798 0.9136
vn 0.0687 -0.3540 0.9327
vn -0.1237 -0.6270 0.7691
vn 0.0501 -0.4970 0.8663
vn 0.0002 -0.4191 0.9080
vn -0.0059 -0.4185 0.9082
vn 0.0535 -0.3812 0.9229
vn 0.0751 -0.4357 0.8970
vn 0.1063 -0.4791 0.8713
vn 0.1129 -0.4830 0.8683
vn -0.0150 -0.4027 0.9152
vn -0.0058 -0.3325 0.9431
vn -0.1196 -0.5827 0.8039
vn -0.1604 -0.5542 0.8168
vn -0.1947 -0.5624 0.8037
vn -0.1937 -0.6242 0.7569
vn 0.0348 -0.3047 0.9518
vn 0.0993 -0.3427 0.9342
vn 0.0572 -0.3809 0.9229
vn 0.0804 -0.4372 0.8958
vn 0.0340 -0.4617 0.8864
vn 0.0317 -0.4813 0.8760
vn -0.0366 -0.5251 0.8502
vn -0.0464 -0.5234 0.8508
vn -0.0797 -0.4956 0.8649
vn -0.0782 -0.4806 0.8735
vn 0.0103 -0.3269 0.9450
vn 0.0284 -0.3051 0.9519
vn -0.1377 0.4817 0.8654
vn -0.2286 0.5589 0.7971
vn -0.3688 0.3708 0.8523
vn -0.2508 0.1792 0.9513
vn -0.1125 0.3257 0.9388
vn -0.1262 0.3265 0.9367
vn -0.1785 0.2868 0.9412
vn -0.2524 0.2702 0.9291
vn -0.2440 0.1771 0.9535
vn -0.3391 0.1562 0.9277
vn -0.4484 0.4647 0.7635
vn -0.3858 0.4695 0.7941
vn -0.3243 0.5194 0.7906
vn -0.4198 0.3270 0.8467
vn -0.4221 0.2238 0.8785
vn -0.2305 0.5478 0.8042
vn -0.2590 0.5242 0.8113
vn -0.4240 0.2249 0.8773
vn -0.4285 0.1486 0.8912
vn -0.4781 0.1149 0.8708
vn -0.0266 0.2471 0.9686
vn 0.0078 0.2514 0.9679
vn -0.1899 0.1944 0.9624
vn -0.1668 0.2205 0.9610
vn -0.1049 0.2409 0.9649
vn -0.0924 0.2587 0.9615
vn -0.0432 0.2671 0.9627
vn -0.5188 0.1401 0.8433
vn -0.5111 0.2053 0.8346
vn -0.5411 0.2211 0.8114
vn -0.5226 0.3144 0.7925
vn -0.5319 0.3245 0.7822
vn -0.5123 0.4086 0.7554
vn -0.0217 0.3217 0.9466
vn -0.0632 0.3732 0.9256
vn -0.0433 0.3704 0.9279
vn -0.0907 0.4269 0.8997
vn -0.1411 0.4452 0.8843
vn -0.1685 0.4266 0.8886
vn -0.2045 0.4284 0.8801
vn -0.2771 0.3690 0.8872
vn -0.2610 0.2724 0.9261
vn -0.3356 0.2286 0.9138
vn -0.3345 0.1538 0.9298
vn -0.5006 -0.4329 0.7496
vn -0.1095 -0.2078 0.9720
vn -0.1119 -0.2057 0.9722
vn -0.1538 -0.1984 0.9680
vn -0.0022 -0.2434 0.9699
vn -0.1647 -0.4280 0.8886
vn -0.2042 -0.4295 0.8797
vn -0.1302 -0.4521 0.8824
vn -0.1095 -0.4510 0.8858
vn -0.5103 -0.3225 0.7973
vn -0.5158 -0.3181 0.7955
vn -0.4310 -0.3254 0.8416
vn -0.3490 -0.3725 0.8599
vn -0.3576 -0.3634 0.8603
vn -0.2651 -0.3808 0.8858
vn -0.5078 -0.1409 0.8499
vn -0.5196 -0.1322 0.8441
vn -0.4059 -0.1461 0.9022
vn -0.0199 -0.3282 0.9444
vn -0.0392 -0.2747 0.9607
vn -0.0847 -0.2584 0.9623
vn -0.1804 -0.2113 0.9606
vn -0.2453 -0.1903 0.9506
vn -0.2831 -0.1490 0.9474
vn -0.3345 -0.1559 0.9294
vn -0.4292 -0.1301 0.8938
vn -0.3049 -0.5233 0.7958
vn -0.2579 -0.5259 0.8105
vn -0.2150 -0.5589 0.8009
vn -0.2083 -0.5581 0.8032
vn -0.5097 -0.4229 0.7493
vn -0.3976 -0.4807 0.7815
vn -0.3783 -0.4795 0.7918
vn -0.0606 -0.3932 0.9175
vn -0.0690 -0.3548 0.9324
vn -0.1196 -0.3238 0.9385
vn -0.1199 -0.3232 0.9387
vn -0.1720 -0.2873 0.9423
vn -0.2420 -0.2733 0.9310
vn -0.2519 -0.2645 0.9309
vn -0.3411 -0.2357 0.9100
vn -0.3357 -0.2403 0.9108
vn -0.4370 -0.2131 0.8739
vn -0.4241 -0.2234 0.8776
vn -0.5295 -0.2010 0.8241
vn -0.5096 -0.2166 0.8327
vn 0.8814 0.0746 0.4664
vn 0.8554 0.2312 0.4635
vn 0.7689 0.2399 0.5927
vn 0.8017 0.2226 0.5547
vn 0.8483 0.2409 0.4715
vn 0.5378 0.1892 0.8216
vn 0.5216 0.2018 0.8290
vn 0.6066 0.1922 0.7714
vn 0.5932 0.2009 0.7796
vn 0.6666 0.2083 0.7157
vn 0.6527 0.2199 0.7250
vn 0.7203 0.2101 0.6610
vn 0.7091 0.2175 0.6707
vn 0.7576 0.2238 0.6132
vn 0.5342 0.0738 0.8421
vn 0.5348 0.0732 0.8418
vn 0.6053 0.0744 0.7925
vn 0.6057 0.0740 0.7922
vn 0.6698 0.0752 0.7387
vn 0.6703 0.0748 0.7383
vn 0.7277 0.0760 0.6817
vn 0.7283 0.0755 0.6811
vn 0.7791 0.0766 0.6222
vn 0.7799 0.0759 0.6213
vn 0.8244 0.0769 0.5608
vn 0.8253 0.0759 0.5596
vn 0.8822 0.0771 0.4646
vn 0.8850 0.0199 0.4652
vn 0.5363 0.0232 0.8437
vn 0.5455 0.0153 0.8380
vn 0.6074 0.0285 0.7939
vn 0.6161 0.0226 0.7874
vn 0.6723 0.0227 0.7399
vn 0.6806 0.0149 0.7325
vn 0.7305 0.0276 0.6824
vn 0.7381 0.0219 0.6743
vn 0.7824 0.0220 0.6224
vn 0.7996 0.0032 0.6006
vn 0.8276 0.0304 0.5605
vn 0.8834 0.0155 0.4683
vn 0.8732 0.1476 0.4645
vn 0.8713 0.1509 0.4670
vn 0.8166 0.1471 0.5581
vn 0.8156 0.1480 0.5593
vn 0.7720 0.1450 0.6189
vn 0.7716 0.1453 0.6193
vn 0.7213 0.1420 0.6779
vn 0.7216 0.1417 0.6776
vn 0.6643 0.1382 0.7346
vn 0.6652 0.1375 0.7339
vn 0.6007 0.1341 0.7881
vn 0.6018 0.1333 0.7875
vn 0.5306 0.1302 0.8375
vn 0.5329 0.1285 0.8364
vn 0.8732 -0.1476 0.4645
vn 0.5359 -0.0748 0.8410
vn 0.5342 -0.0732 0.8422
vn 0.6057 -0.0744 0.7922
vn 0.6053 -0.0740 0.7926
vn 0.6702 -0.0753 0.7383
vn 0.6698 -0.0748 0.7387
vn 0.7283 -0.0761 0.6811
vn 0.7277 -0.0755 0.6817
vn 0.7798 -0.0766 0.6213
vn 0.7792 -0.0758 0.6222
vn 0.8252 -0.0769 0.5596
vn 0.8244 -0.0759 0.5609
vn 0.8822 -0.0771 0.4646
vn 0.8814 -0.0746 0.4664
vn 0.5252 -0.1898 0.8295
vn 0.5282 -0.1927 0.8270
vn 0.5937 -0.1981 0.7800
vn 0.5990 -0.2036 0.7745
vn 0.6552 -0.2057 0.7269
vn 0.6596 -0.2103 0.7216
vn 0.7094 -0.2161 0.6708
vn 0.7142 -0.2222 0.6638
vn 0.7582 -0.2208 0.6135
vn 0.7795 -0.2455 0.5763
vn 0.8003 -0.2287 0.5542
vn 0.5454 -0.0242 0.8378
vn 0.5349 -0.0130 0.8448
vn 0.6159 -0.0304 0.7872
vn 0.6075 -0.0225 0.7940
vn 0.6805 -0.0227 0.7324
vn 0.6725 -0.0129 0.7400
vn 0.7380 -0.0295 0.6742
vn 0.7306 -0.0219 0.6824
vn 0.7999 -0.0220 0.5998
vn 0.7827 0.0111 0.6222
vn 0.8277 -0.0281 0.5605
vn 0.8831 -0.0145 0.4690
vn 0.8850 -0.0199 0.4652
vn 0.5307 -0.1297 0.8376
vn 0.5313 -0.1303 0.8371
vn 0.6008 -0.1333 0.7882
vn 0.6017 -0.1342 0.7874
vn 0.6644 -0.1375 0.7347
vn 0.6651 -0.1383 0.7339
vn 0.7213 -0.1417 0.6779
vn 0.7216 -0.1420 0.6776
vn 0.7719 -0.1453 0.6189
vn 0.7717 -0.1450 0.6193
vn 0.8165 -0.1481 0.5580
vn 0.8158 -0.1471 0.5594
vn 0.8713 -0.1509 0.4670
vn 0.8567 -0.2254 0.4639
vn 0.8580 -0.2316 0.4584
vn 0.7264 0.3786 0.5736
vn 0.6374 0.5330 0.5565
vn 0.6850 0.5432 0.4854
vn 0.6814 0.5451 0.4884
vn 0.5219 0.3200 0.7907
vn 0.5115 0.3250 0.7955
vn 0.5826 0.3342 0.7409
vn 0.5725 0.3387 0.7467
vn 0.6322 0.3498 0.6914
vn 0.6245 0.3530 0.6967
vn 0.6733 0.3644 0.6434
vn 0.6693 0.3660 0.6466
vn 0.7267 0.3814 0.5714
vn 0.7518 0.3176 0.5779
vn 0.6069 0.5516 0.5722
vn 0.5632 0.5144 0.6467
vn 0.5613 0.5238 0.6408
vn 0.5151 0.4929 0.7012
vn 0.4934 0.4970 0.7138
vn 0.5753 0.5046 0.6438
vn 0.4719 0.4556 0.7548
vn 0.8254 0.3188 0.4660
vn 0.8248 0.3134 0.4707
vn 0.7895 0.3988 0.4665
vn 0.7891 0.3866 0.4773
vn 0.5262 0.2531 0.8118
vn 0.5283 0.2520 0.8108
vn 0.5901 0.2723 0.7600
vn 0.5916 0.2717 0.7591
vn 0.6470 0.2804 0.7090
vn 0.6510 0.2783 0.7062
vn 0.6930 0.2984 0.6562
vn 0.6988 0.2966 0.6510
vn 0.7492 0.3067 0.5871
vn 0.7492 0.4615 0.4750
vn 0.7362 0.4702 0.4868
vn 0.6893 0.4505 0.5674
vn 0.6792 0.4569 0.5744
vn 0.6371 0.4400 0.6328
vn 0.6482 0.4379 0.6230
vn 0.6002 0.4242 0.6781
vn 0.6000 0.4242 0.6782
vn 0.5534 0.4141 0.7227
vn 0.5640 0.4110 0.7162
vn 0.4991 0.4011 0.7681
vn 0.5243 0.3923 0.7558
vn 0.6842 -0.5427 0.4871
vn 0.5816 -0.5035 0.6389
vn 0.5206 -0.4660 0.7154
vn 0.6423 -0.4300 0.6345
vn 0.6103 -0.4356 0.6616
vn 0.6000 -0.4246 0.6780
vn 0.5588 -0.4177 0.7164
vn 0.5548 -0.4106 0.7236
vn 0.5208 -0.2432 0.8183
vn 0.5324 -0.2592 0.8058
vn 0.5872 -0.2658 0.7645
vn 0.5907 -0.2699 0.7604
vn 0.6437 -0.2817 0.7115
vn 0.6459 -0.2844 0.7085
vn 0.6962 -0.2936 0.6551
vn 0.6951 -0.2918 0.6570
vn 0.7588 -0.3158 0.5696
vn 0.7569 -0.3030 0.5790
vn 0.8185 -0.3302 0.4702
vn 0.8332 -0.3156 0.4541
vn 0.6840 -0.5445 0.4854
vn 0.7362 -0.4702 0.4868
vn 0.7492 -0.4615 0.4750
vn 0.6893 -0.4505 0.5674
vn 0.6827 -0.4547 0.5720
vn 0.6298 -0.5301 0.5678
vn 0.6456 -0.5208 0.5585
vn 0.5564 -0.5198 0.6482
vn 0.5205 -0.5020 0.6907
vn 0.5076 -0.3915 0.7675
vn 0.7891 -0.3866 0.4773
vn 0.7895 -0.3988 0.4665
vn 0.7264 -0.3786 0.5736
vn 0.7267 -0.3814 0.5714
vn 0.6722 -0.3668 0.6431
vn 0.6701 -0.3637 0.6470
vn 0.6303 -0.3544 0.6907
vn 0.6259 -0.3487 0.6976
vn 0.5806 -0.3403 0.7397
vn 0.5741 -0.3332 0.7479
vn 0.5141 -0.3253 0.7937
vn 0.4975 -0.3122 0.8093
vn 0.3519 -0.6446 0.6788
vn 0.4425 -0.7291 0.5222
vn 0.4579 -0.6151 0.6418
vn 0.4934 -0.6483 0.5799
vn 0.4632 -0.6798 0.5686
vn 0.5903 -0.6452 0.4851
vn 0.3326 -0.5808 0.7430
vn 0.3837 -0.5613 0.7333
vn 0.4707 -0.5103 0.7197
vn 0.4260 -0.5696 0.7029
vn 0.5647 -0.5962 0.5706
vn 0.5210 -0.5725 0.6331
vn 0.4950 -0.5846 0.6428
vn 0.3891 -0.5561 0.7344
vn 0.3366 -0.5755 0.7453
vn 0.3893 -0.7866 0.4792
vn 0.4679 -0.7316 0.4958
vn 0.4686 -0.7299 0.4977
vn 0.5287 -0.6806 0.5073
vn 0.5477 -0.6708 0.5001
vn 0.6060 -0.6173 0.5017
vn 0.5651 -0.5956 0.5709
vn 0.4845 -0.6667 0.5663
vn 0.4441 -0.6256 0.6414
vn 0.4317 -0.6285 0.6470
vn 0.2836 -0.6043 0.7446
vn -0.2982 -0.7374 0.6061
vn -0.2965 -0.8167 0.4950
vn -0.3416 -0.7783 0.5268
vn -0.2960 -0.8401 0.4545
vn -0.3221 -0.8189 0.4750
vn -0.3690 -0.7994 0.4741
vn -0.3739 -0.7948 0.4779
vn -0.3518 -0.7717 0.5298
vn -0.3537 -0.7690 0.5324
vn -0.3233 -0.7355 0.5953
vn -0.2707 -0.6752 0.6862
vn -0.2453 -0.6625 0.7078
vn -0.2520 -0.6804 0.6882
vn -0.3095 0.6372 0.7058
vn -0.3272 0.6364 0.6986
vn -0.3919 0.6888 0.6099
vn -0.3921 0.6884 0.6103
vn -0.4377 0.7226 0.5350
vn -0.4362 0.7253 0.5326
vn -0.4591 0.7432 0.4867
vn -0.4498 0.7556 0.4763
vn -0.3869 0.5989 0.7011
vn -0.3916 0.5923 0.7042
vn -0.4598 0.6489 0.6062
vn -0.4669 0.6399 0.6104
vn -0.5165 0.6708 0.5322
vn -0.5198 0.6667 0.5342
vn -0.5548 0.6873 0.4688
vn -0.5543 0.6880 0.4684
vn -0.4613 0.5612 0.6872
vn -0.5190 0.6091 0.5997
vn -0.5269 0.5972 0.6047
vn -0.5769 0.6240 0.5271
vn -0.5812 0.6175 0.5300
vn -0.6195 0.6357 0.4606
vn -0.6252 0.6274 0.4643
vn -0.5278 0.5188 0.6725
vn -0.4816 0.5390 0.6910
vn -0.6984 0.5536 0.4536
vn -0.6940 0.5637 0.4479
vn -0.6520 0.5489 0.5230
vn -0.6504 0.5529 0.5208
vn -0.5993 0.5337 0.5966
vn -0.5987 0.5356 0.5956
vn -0.7014 -0.5549 0.4474
vn -0.6905 -0.5626 0.4546
vn -0.6534 -0.5494 0.5207
vn -0.6489 -0.5524 0.5233
vn -0.6018 -0.5347 0.5933
vn -0.5943 -0.5388 0.5970
vn -0.5506 -0.5143 0.6575
vn -0.5149 -0.5257 0.6771
vn -0.4472 -0.7570 0.4764
vn -0.4439 -0.5704 0.6911
vn -0.4496 -0.5698 0.6879
vn -0.5015 -0.6131 0.6104
vn -0.5304 -0.5992 0.5997
vn -0.5750 -0.6230 0.5304
vn -0.5830 -0.6184 0.5270
vn -0.6172 -0.6347 0.4651
vn -0.6271 -0.6284 0.4602
vn -0.3685 -0.6023 0.7081
vn -0.4725 -0.6435 0.6022
vn -0.5153 -0.6700 0.5344
vn -0.5209 -0.6674 0.5322
vn -0.5552 -0.6875 0.4681
vn -0.5540 -0.6880 0.4688
vn -0.4580 -0.7424 0.4889
vn -0.4350 -0.7243 0.5350
vn -0.4391 -0.7236 0.5325
vn -0.3897 -0.6865 0.6139
vn -0.2773 -0.6156 0.7377
vn -0.3415 -0.6281 0.6992
vn -0.3483 -0.6571 0.6685
vn -0.3884 -0.6866 0.6147
vn 0.9421 0.0200 0.3347
vn 0.9424 0.0191 0.3340
vn 0.9761 0.0191 0.2164
vn 0.9763 0.0183 0.2158
vn 0.9916 0.0184 0.1283
vn 0.9917 0.0175 0.1276
vn 0.9974 0.0176 0.0704
vn 0.9970 0.0221 0.0743
vn 0.9386 0.0760 0.3365
vn 0.9395 0.0735 0.3345
vn 0.9730 0.0745 0.2185
vn 0.9736 0.0720 0.2165
vn 0.9887 0.0727 0.1308
vn 0.9892 0.0698 0.1285
vn 0.9946 0.0703 0.0760
vn 0.9936 0.0780 0.0817
vn 0.9283 0.1519 0.3393
vn 0.9304 0.1475 0.3357
vn 0.9632 0.1505 0.2226
vn 0.9649 0.1459 0.2185
vn 0.9797 0.1478 0.1356
vn 0.9810 0.1428 0.1312
vn 0.9857 0.1438 0.0878
vn 0.9887 0.1267 0.0797
vn 0.9078 0.2394 0.3443
vn 0.9121 0.2325 0.3377
vn 0.9436 0.2382 0.2299
vn 0.9472 0.2309 0.2225
vn 0.9615 0.2343 0.1436
vn 0.9643 0.2269 0.1363
vn 0.9692 0.2287 0.0915
vn 0.9748 0.2099 0.0749
vn 0.9972 -0.0259 0.0701
vn 0.9970 -0.0176 0.0755
vn 0.9916 -0.0175 0.1283
vn 0.9917 -0.0184 0.1276
vn 0.9761 -0.0183 0.2164
vn 0.9762 -0.0191 0.2158
vn 0.9421 -0.0191 0.3347
vn 0.9424 -0.0200 0.3340
vn 0.9940 -0.0750 0.0798
vn 0.9942 -0.0703 0.0820
vn 0.9890 -0.0698 0.1307
vn 0.9890 -0.0727 0.1285
vn 0.9732 -0.0719 0.2185
vn 0.9734 -0.0745 0.2165
vn 0.9388 -0.0735 0.3365
vn 0.9393 -0.0760 0.3345
vn 0.9878 -0.1273 0.0898
vn 0.9865 -0.1440 0.0778
vn 0.9805 -0.1427 0.1355
vn 0.9803 -0.1479 0.1312
vn 0.9640 -0.1458 0.2226
vn 0.9641 -0.1506 0.2185
vn 0.9291 -0.1474 0.3393
vn 0.9297 -0.1519 0.3355
vn 0.9735 -0.2109 0.0886
vn 0.9707 -0.2293 0.0725
vn 0.9634 -0.2266 0.1434
vn 0.9625 -0.2345 0.1363
vn 0.9456 -0.2305 0.2298
vn 0.9453 -0.2385 0.2224
vn 0.9097 -0.2321 0.3443
vn 0.9103 -0.2397 0.3375
vn 0.8766 0.3264 0.3537
vn 0.8845 0.3166 0.3426
vn 0.9142 0.3250 0.2422
vn 0.9209 0.3148 0.2301
vn 0.9346 0.3198 0.1557
vn 0.9396 0.3101 0.1447
vn 0.9444 0.3127 0.1017
vn 0.9483 0.3037 0.0922
vn 0.8376 0.4034 0.3684
vn 0.8496 0.3918 0.3530
vn 0.8778 0.4026 0.2596
vn 0.8879 0.3907 0.2431
vn 0.9015 0.3971 0.1718
vn 0.9089 0.3862 0.1574
vn 0.9140 0.3895 0.1139
vn 0.9189 0.3806 0.1034
vn 0.7879 0.4790 0.3870
vn 0.8036 0.4672 0.3688
vn 0.8307 0.4806 0.2811
vn 0.8441 0.4681 0.2616
vn 0.8582 0.4765 0.1909
vn 0.8680 0.4650 0.1744
vn 0.8737 0.4695 0.1275
vn 0.8800 0.4606 0.1163
vn 0.7189 0.5635 0.4070
vn 0.7369 0.5531 0.3886
vn 0.7629 0.5700 0.3051
vn 0.7793 0.5583 0.2847
vn 0.7942 0.5694 0.2123
vn 0.8064 0.5582 0.1951
vn 0.8131 0.5645 0.1421
vn 0.8207 0.5562 0.1311
vn 0.7259 -0.5676 0.3886
vn 0.7305 -0.5489 0.4061
vn 0.7681 -0.5733 0.2852
vn 0.7745 -0.5547 0.3040
vn 0.7970 -0.5715 0.1956
vn 0.8039 -0.5560 0.2113
vn 0.8141 -0.5656 0.1314
vn 0.8197 -0.5550 0.1416
vn 0.7949 -0.4820 0.3686
vn 0.7972 -0.4639 0.3863
vn 0.8356 -0.4830 0.2619
vn 0.8396 -0.4655 0.2802
vn 0.8608 -0.4780 0.1748
vn 0.8656 -0.4632 0.1901
vn 0.8732 -0.4690 0.1325
vn 0.8707 -0.4750 0.1278
vn 0.8435 -0.4053 0.3526
vn 0.8442 -0.3897 0.3681
vn 0.8818 -0.4041 0.2431
vn 0.8841 -0.3889 0.2590
vn 0.9037 -0.3982 0.1576
vn 0.9069 -0.3849 0.1712
vn 0.9140 -0.3896 0.1132
vn 0.9126 -0.3940 0.1092
vn 0.8808 -0.3274 0.3422
vn 0.8806 -0.3155 0.3537
vn 0.9171 -0.3258 0.2300
vn 0.9181 -0.3138 0.2419
vn 0.9362 -0.3203 0.1448
vn 0.9381 -0.3094 0.1554
vn 0.9453 -0.3132 0.0916
vn 0.9482 -0.3013 0.1005
vn 0.2883 -0.9440 0.1608
vn 0.2445 -0.9058 0.3460
vn 0.3102 -0.8809 0.3575
vn 0.4079 -0.8037 0.4333
vn 0.3901 -0.8170 0.4247
vn 0.7349 -0.6426 0.2167
vn 0.7221 -0.6540 0.2254
vn 0.6749 -0.7019 0.2280
vn 0.6611 -0.7122 0.2362
vn 0.6072 -0.7580 0.2383
vn 0.5549 -0.7884 0.2654
vn 0.5331 -0.8071 0.2540
vn 0.3948 -0.8458 0.3590
vn 0.4079 -0.8735 0.2657
vn 0.4211 -0.8705 0.2547
vn 0.2644 -0.9045 0.3345
vn 0.2705 -0.9258 0.2640
vn 0.2879 -0.9155 0.2809
vn 0.6620 -0.6281 0.4090
vn 0.6394 -0.6433 0.4211
vn 0.6030 -0.6805 0.4163
vn 0.5759 -0.6973 0.4267
vn 0.5074 -0.7546 0.4162
vn 0.4916 -0.7589 0.4271
vn 0.2798 -0.9367 0.2106
vn 0.2982 -0.9385 0.1742
vn 0.4278 -0.8867 0.1752
vn 0.4351 -0.8843 0.1694
vn 0.5421 -0.8232 0.1690
vn 0.5505 -0.8184 0.1652
vn 0.6157 -0.7707 0.1640
vn 0.6243 -0.7647 0.1597
vn 0.6834 -0.7128 0.1579
vn 0.6919 -0.7056 0.1531
vn 0.7432 -0.6519 0.1509
vn 0.7512 -0.6438 0.1457
vn 0.7050 -0.6383 0.3091
vn 0.6893 -0.6504 0.3191
vn 0.6443 -0.6941 0.3211
vn 0.6278 -0.7047 0.3305
vn 0.5429 -0.7714 0.3319
vn 0.5248 -0.7770 0.3478
vn 0.3841 -0.8558 0.3466
vn 0.3749 -0.8379 0.3968
vn 0.2681 -0.8579 0.4383
vn -0.0642 -0.9752 0.2118
vn -0.1018 -0.9501 0.2950
vn -0.0003 -0.9649 0.2625
vn -0.0064 -0.9628 0.2701
vn 0.1634 -0.9465 0.2783
vn 0.1619 -0.9338 0.3191
vn 0.1629 -0.9464 0.2788
vn 0.1076 -0.9528 0.2839
vn 0.0731 -0.9627 0.2607
vn 0.0488 -0.9589 0.2795
vn -0.0629 -0.9851 0.1598
vn -0.0650 -0.9568 0.2835
vn -0.0531 -0.9625 0.2659
vn -0.0653 -0.9854 0.1571
vn -0.0001 -0.9875 0.1573
vn -0.0006 -0.9877 0.1566
vn 0.0740 -0.9847 0.1575
vn 0.0741 -0.9847 0.1577
vn 0.1672 -0.9730 0.1593
vn 0.1667 -0.9731 0.1587
vn 0.1656 -0.9639 0.2085
vn -0.0620 -0.9747 0.2149
vn -0.0002 -0.9766 0.2152
vn -0.0008 -0.9768 0.2143
vn 0.0738 -0.9737 0.2154
vn 0.0735 -0.9739 0.2150
vn 0.1601 -0.9630 0.2167
vn -0.0589 0.9982 0.0094
vn -0.0607 0.9939 0.0925
vn -0.0637 0.9939 0.0905
vn 0.0001 0.9959 0.0908
vn -0.0004 0.9959 0.0905
vn 0.0742 0.9930 0.0914
vn 0.1629 0.9857 0.0425
vn 0.1629 0.9865 0.0140
vn 0.1606 0.9869 0.0131
vn -0.0001 0.9999 0.0111
vn -0.0471 0.9989 0.0050
vn -0.0137 0.9999 0.0047
vn -0.0077 1.0000 0.0026
vn 0.1661 0.9815 0.0950
vn 0.1662 0.9853 0.0406
vn 0.0714 0.9967 0.0393
vn 0.0713 0.9974 0.0119
vn 0.0709 0.9974 0.0117
vn 0.0675 0.9977 -0.0016
vn -0.0589 0.9975 0.0383
vn -0.0608 0.9975 0.0373
vn -0.0001 0.9993 0.0375
vn -0.0000 0.9993 0.0376
vn 0.0731 0.9966 0.0383
vn 0.0731 0.9931 0.0922
vn 0.1679 0.9813 0.0937
vn -0.3013 -0.8764 0.3758
vn -0.2142 -0.8976 0.3853
vn -0.2437 -0.8673 0.4340
vn -0.4190 -0.8855 0.2007
vn -0.4150 -0.8623 0.2900
vn -0.3825 -0.8152 0.4350
vn -0.3826 -0.8152 0.4349
vn -0.3992 -0.8375 0.3731
vn -0.4008 -0.8372 0.3721
vn -0.1374 -0.9270 0.3490
vn -0.2105 -0.9084 0.3612
vn -0.2195 -0.9017 0.3725
vn -0.3082 -0.8758 0.3716
vn -0.2947 -0.8522 0.4322
vn -0.3010 -0.8476 0.4369
vn -0.4255 -0.8833 0.1969
vn -0.3043 -0.9319 0.1977
vn -0.3153 -0.9295 0.1913
vn -0.2039 -0.9602 0.1908
vn -0.2154 -0.9591 0.1838
vn -0.1249 -0.9792 0.1601
vn -0.1454 -0.9722 0.1834
vn -0.1290 -0.9687 0.2119
vn -0.4165 -0.8619 0.2892
vn -0.3063 -0.9062 0.2915
vn -0.3151 -0.9049 0.2861
vn -0.2086 -0.9351 0.2865
vn -0.2199 -0.9347 0.2792
vn -0.1413 -0.9498 0.2790
vn -0.1226 -0.9476 0.2950
vn 0.0713 -0.9974 0.0119
vn 0.0707 -0.9974 0.0117
vn 0.1610 -0.9870 0.0020
vn 0.1582 -0.9873 0.0123
vn 0.1629 -0.9865 0.0145
vn 0.1661 -0.9815 0.0950
vn 0.1679 -0.9813 0.0937
vn 0.0731 -0.9931 0.0922
vn 0.0742 -0.9930 0.0914
vn -0.0004 -0.9959 0.0905
vn -0.0459 -0.9989 0.0057
vn -0.0589 -0.9982 0.0111
vn -0.0589 -0.9975 0.0383
vn -0.0602 -0.9981 0.0105
vn 0.0673 -0.9977 -0.0005
vn 0.0606 -0.9982 0.0037
vn -0.0607 -0.9939 0.0925
vn -0.0608 -0.9975 0.0373
vn -0.0001 -0.9993 0.0375
vn -0.0001 -1.0000 0.0041
vn -0.0207 -0.9997 0.0090
vn 0.1629 -0.9857 0.0425
vn 0.1662 -0.9853 0.0406
vn 0.0714 -0.9967 0.0393
vn 0.0731 -0.9966 0.0383
vn -0.0000 -0.9993 0.0376
vn 0.0001 -0.9959 0.0908
vn -0.0637 -0.9939 0.0905
vn -0.1261 0.9873 0.0968
vn -0.1195 0.9885 0.0928
vn -0.1197 0.9920 0.0407
vn -0.1152 0.9926 0.0384
vn -0.1151 0.9933 0.0122
vn -0.1088 0.9940 0.0096
vn -0.1125 0.9937 0.0010
vn -0.2064 0.9730 0.1031
vn -0.1966 0.9756 0.0975
vn -0.1968 0.9794 0.0449
vn -0.1891 0.9811 0.0412
vn -0.1889 0.9819 0.0134
vn -0.1855 0.9826 0.0125
vn -0.1725 0.9850 0.0010
vn -0.3077 0.9450 0.1105
vn -0.2961 0.9494 0.1043
vn -0.2965 0.9537 0.0511
vn -0.2852 0.9574 0.0461
vn -0.2850 0.9583 0.0192
vn -0.2624 0.9649 0.0126
vn -0.4233 0.8983 0.1175
vn -0.4123 0.9042 0.1116
vn -0.4129 0.9089 0.0591
vn -0.3989 0.9155 0.0528
vn -0.3988 0.9167 0.0264
vn -0.3782 0.9255 0.0189
vn -0.3821 0.9241 0.0106
vn -0.4680 0.7722 0.4297
vn -0.4699 0.7702 0.4312
vn -0.4913 0.7931 0.3601
vn -0.5002 0.7845 0.3667
vn -0.5186 0.8078 0.2802
vn -0.5253 0.8018 0.2848
vn -0.5367 0.8203 0.1975
vn -0.5372 0.8199 0.1978
vn -0.5775 0.7033 0.4145
vn -0.5673 0.7150 0.4086
vn -0.5892 0.7330 0.3398
vn -0.6028 0.7167 0.3507
vn -0.6230 0.7369 0.2623
vn -0.6347 0.7236 0.2711
vn -0.6467 0.7393 0.1879
vn -0.6522 0.7334 0.1918
vn -0.6581 0.6445 0.3892
vn -0.6621 0.6389 0.3918
vn -0.6878 0.6550 0.3130
vn -0.7022 0.6327 0.3264
vn -0.7227 0.6488 0.2381
vn -0.7358 0.6295 0.2496
vn -0.7472 0.6417 0.1726
vn -0.7554 0.6302 0.1794
vn -0.7371 0.5687 0.3652
vn -0.7467 0.5477 0.3773
vn -0.7775 0.5620 0.2824
vn -0.7897 0.5368 0.2971
vn -0.8092 0.5487 0.2102
vn -0.8207 0.5259 0.2233
vn -0.8309 0.5349 0.1534
vn -0.8392 0.5190 0.1623
vn -0.7312 -0.5665 0.3801
vn -0.7518 -0.5502 0.3635
vn -0.7723 -0.5597 0.3006
vn -0.7941 -0.5395 0.2799
vn -0.8061 -0.5468 0.2261
vn -0.8233 -0.5281 0.2081
vn -0.8297 -0.5337 0.1637
vn -0.8403 -0.5203 0.1523
vn -0.7562 -0.6314 0.1719
vn -0.7463 -0.6407 0.1803
vn -0.7382 -0.6319 0.2363
vn -0.7199 -0.6467 0.2519
vn -0.7063 -0.6360 0.3108
vn -0.6829 -0.6520 0.3294
vn -0.6632 -0.6396 0.3888
vn -0.5736 -0.7060 0.4155
vn -0.6564 -0.6437 0.3935
vn -0.4893 -0.7909 0.3675
vn -0.5019 -0.7867 0.3595
vn -0.5177 -0.8066 0.2853
vn -0.5261 -0.8031 0.2798
vn -0.5367 -0.8203 0.1978
vn -0.5372 -0.8200 0.1975
vn -0.6526 -0.7341 0.1876
vn -0.6462 -0.7386 0.1922
vn -0.6364 -0.7258 0.2612
vn -0.6209 -0.7349 0.2725
vn -0.6060 -0.7199 0.3384
vn -0.5854 -0.7300 0.3526
vn -0.5664 -0.7141 0.4113
vn -0.4704 -0.7708 0.4296
vn -0.4677 -0.7715 0.4313
vn -0.4235 -0.8990 0.1116
vn -0.4122 -0.9035 0.1174
vn -0.4129 -0.9092 0.0530
vn -0.3989 -0.9151 0.0588
vn -0.3987 -0.9168 0.0210
vn -0.3833 -0.9232 0.0261
vn -0.3831 -0.9237 0.0080
vn -0.3578 -0.9337 0.0112
vn -0.3079 -0.9457 0.1043
vn -0.2960 -0.9488 0.1103
vn -0.2965 -0.9539 0.0462
vn -0.2852 -0.9571 0.0509
vn -0.2850 -0.9584 0.0149
vn -0.2697 -0.9628 0.0191
vn -0.2783 -0.9605 0.0040
vn -0.2065 -0.9736 0.0976
vn -0.1965 -0.9751 0.1029
vn -0.1968 -0.9796 0.0413
vn -0.1891 -0.9809 0.0448
vn -0.1889 -0.9819 0.0122
vn -0.1849 -0.9827 0.0136
vn -0.1261 -0.9877 0.0928
vn -0.1194 -0.9881 0.0967
vn -0.1197 -0.9921 0.0384
vn -0.1152 -0.9925 0.0406
vn -0.1151 -0.9933 0.0110
vn -0.1128 -0.9936 0.0119
vn -0.5419 0.8315 0.1222
vn -0.5341 0.8372 0.1178
vn -0.5350 0.8422 0.0674
vn -0.5210 0.8514 0.0608
vn -0.5209 0.8530 0.0336
vn -0.5002 0.8654 0.0280
vn -0.4819 0.8761 0.0113
vn -0.6573 0.7435 0.1230
vn -0.6540 0.7468 0.1209
vn -0.6553 0.7517 0.0740
vn -0.6450 0.7611 0.0685
vn -0.6451 0.7629 0.0430
vn -0.6234 0.7812 0.0338
vn -0.6302 0.7760 0.0262
vn -0.7604 0.6384 0.1190
vn -0.7614 0.6372 0.1197
vn -0.7631 0.6418 0.0769
vn -0.7583 0.6477 0.0738
vn -0.7587 0.6497 0.0482
vn -0.7499 0.6601 0.0437
vn -0.7500 0.6607 0.0311
vn -0.7386 0.6737 0.0265
vn -0.8438 0.5252 0.1104
vn -0.8474 0.5186 0.1140
vn -0.8493 0.5226 0.0751
vn -0.8500 0.5245 0.0492
vn -0.8476 0.5285 0.0476
vn -0.8478 0.5293 0.0323
vn -0.8439 0.5357 0.0302
vn -0.8435 -0.5248 0.1143
vn -0.8476 -0.5191 0.1101
vn -0.8493 -0.5226 0.0751
vn -0.8500 -0.5246 0.0475
vn -0.8475 -0.5284 0.0493
vn -0.8478 -0.5294 0.0302
vn -0.8438 -0.5356 0.0324
vn -0.7604 -0.6383 0.1197
vn -0.7614 -0.6373 0.1189
vn -0.7631 -0.6420 0.0737
vn -0.7582 -0.6475 0.0769
vn -0.7587 -0.6500 0.0437
vn -0.7499 -0.6598 0.0482
vn -0.7500 -0.6609 0.0265
vn -0.7385 -0.6735 0.0311
vn -0.6575 -0.7437 0.1208
vn -0.6539 -0.7465 0.1230
vn -0.6554 -0.7522 0.0685
vn -0.6449 -0.7607 0.0739
vn -0.6451 -0.7632 0.0367
vn -0.6299 -0.7755 0.0428
vn -0.6298 -0.7765 0.0202
vn -0.6112 -0.7910 0.0261
vn -0.5421 -0.8320 0.1177
vn -0.5340 -0.8366 0.1222
vn -0.5350 -0.8427 0.0609
vn -0.5210 -0.8509 0.0672
vn -0.5208 -0.8532 0.0283
vn -0.5029 -0.8637 0.0347
vn -0.5027 -0.8644 0.0119
vn -0.4713 -0.8818 0.0187
vn -0.8440 0.5360 0.0212
vn -0.8245 0.5656 0.0179
vn -0.7779 0.6281 0.0180
vn -0.7386 0.6738 0.0206
vn -0.6925 0.7212 0.0158
vn -0.5859 0.8102 0.0166
vn -0.6063 0.7951 0.0145
vn -0.5221 0.8528 0.0117
vn -0.4780 0.8783 0.0122
vn -0.4248 0.9053 0.0054
vn -0.4539 -0.8910 0.0074
vn -0.4791 -0.8777 0.0114
vn -0.5343 -0.8452 0.0117
vn -0.6112 -0.7913 0.0157
vn -0.6127 -0.7902 0.0156
vn -0.7123 -0.7016 0.0169
vn -0.7386 -0.6738 0.0205
vn -0.7931 -0.6088 0.0184
vn -0.8440 -0.5360 0.0208
vn -0.8512 -0.5245 0.0195
vn -0.9912 0.1319 0.0130
vn -0.9889 0.1478 0.0172
vn -0.9844 0.1754 0.0128
vn -0.9826 0.1850 0.0137
vn -0.9785 0.2052 0.0200
vn -0.9422 0.3345 0.0215
vn -0.9466 0.3215 0.0253
vn -0.9610 0.2760 0.0182
vn -0.9682 0.2495 0.0154
vn -0.9652 0.2608 0.0181
vn -0.9999 0.0079 0.0082
vn -0.9999 0.0073 0.0089
vn -0.9988 0.0488 0.0099
vn -0.9988 0.0480 0.0103
vn -0.9954 0.0952 0.0079
vn -0.9961 0.0871 0.0113
vn -0.9364 -0.3505 0.0183
vn -0.9440 -0.3292 0.0213
vn -0.9733 -0.2052 0.1026
vn -0.9665 -0.2567 0.0035
vn -0.9416 -0.3363 0.0180
vn -0.9608 -0.2765 0.0212
vn -0.9778 -0.2082 0.0214
vn -0.9902 -0.1389 0.0139
vn -0.9905 -0.1366 0.0126
vn -0.9959 -0.0894 0.0112
vn -0.9956 -0.0929 0.0129
vn -0.9988 -0.0479 0.0053
vn -0.9983 -0.0581 0.0109
vn -0.9999 -0.0106 0.0133
vn -0.9998 -0.0178 0.0090
vn 0.0008 1.0000 -0.0011
vn -0.0023 0.9999 -0.0108
vn -0.0003 1.0000 -0.0007
vn -0.0025 1.0000 -0.0077
vn 0.0036 1.0000 0.0069
vn 0.0011 1.0000 -0.0034
vn 0.0004 1.0000 0.0075
vn 1.0000 -0.0000 0.0003
vn 1.0000 -0.0000 -0.0003
vn 1.0000 0.0006 -0.0000
vn 1.0000 -0.0003 0.0002
vn 1.0000 0.0017 -0.0019
vn 1.0000 0.0055 0.0013
vn 1.0000 -0.0022 0.0007
vn 1.0000 -0.0037 0.0001
vn 1.0000 -0.0014 -0.0019
vn 1.0000 -0.0012 -0.0017
vn 0.0549 -0.0023 -0.9985
vn 0.0940 0.0051 -0.9956
vn 0.1631 -0.0051 -0.9866
vn 0.2859 0.0018 -0.9583
vn 0.2751 -0.0010 -0.9614
vn 0.3831 -0.0030 -0.9237
vn 0.3884 -0.0018 -0.9215
vn 0.4814 0.0007 -0.8765
vn 0.5039 -0.0021 -0.8638
vn 0.5608 0.0059 -0.8279
vn 0.5932 -0.0019 -0.8051
vn 0.6831 -0.0011 -0.7304
vn 0.7095 0.0087 -0.7047
vn 0.7568 -0.0013 -0.6537
vn 0.8770 -0.0022 -0.4806
vn 0.8819 0.0002 -0.4715
vn 0.8213 0.0053 -0.5705
vn 0.8277 0.0101 -0.5611
vn 0.9269 0.0013 -0.3753
vn 0.9264 0.0008 -0.3765
vn 0.9619 0.0055 -0.2733
vn 0.9565 -0.0017 -0.2916
vn 0.9811 -0.0046 -0.1933
vn 0.9849 0.0006 -0.1733
vn 0.9942 0.0056 -0.1078
vn 0.9955 0.0125 -0.0938
vn 0.0007 -0.0017 -1.0000
vn -0.0002 -0.0011 -1.0000
vn -0.0002 -0.0010 -1.0000
vn -0.0003 -0.0009 -1.0000
vn -0.0004 -0.0027 -1.0000
vn -0.0009 0.0067 -1.0000
vn -0.0004 -0.0008 -1.0000
vn -0.0033 0.0077 -1.0000
vn 0.0002 -0.0061 -1.0000
vn 0.4023 -0.9155 -0.0066
vn 0.6720 -0.7405 -0.0015
vn 0.5217 -0.8510 0.0595
vn 0.4712 -0.8820 -0.0031
vn 0.5103 -0.8599 0.0129
vn 0.2787 -0.9604 0.0051
vn 0.2211 -0.9752 -0.0064
vn 0.2572 -0.9664 -0.0024
vn 0.3826 -0.9239 -0.0019
vn 0.3456 -0.9384 -0.0082
vn 0.3456 -0.9384 0.0024
vn 0.3297 -0.9441 -0.0020
vn 0.4602 -0.8878 -0.0014
vn 0.4909 -0.8712 -0.0077
vn 0.5387 -0.8425 -0.0014
vn 0.6085 -0.7935 -0.0017
vn 0.6174 -0.7866 0.0003
vn 0.6764 -0.7366 0.0001
vn 0.6831 -0.7303 0.0010
vn 0.0887 -0.9961 -0.0015
vn 0.1194 -0.9929 -0.0005
vn 0.1973 -0.9803 -0.0022
vn -0.0062 -1.0000 0.0003
vn -0.0161 -0.9999 0.0013
vn -0.0573 -0.9984 -0.0002
vn -0.0423 -0.9991 0.0048
vn -0.0423 -0.9991 -0.0052
vn -0.0642 -0.9979 0.0003
vn 0.0473 -0.9989 -0.0034
vn 0.0375 -0.9993 0.0032
vn 0.0361 -0.9993 0.0028
vn 0.1608 -0.9870 0.0019
vn 0.1216 -0.9926 -0.0002
vn -0.1633 -0.9866 0.0024
vn -0.1313 -0.9913 -0.0032
vn -0.2248 -0.9744 -0.0012
vn -0.2518 -0.9678 0.0060
vn -0.3393 -0.9407 0.0052
vn -0.3772 -0.9261 -0.0007
vn -0.2586 -0.9660 -0.0004
vn -0.1633 -0.9866 0.0026
vn -0.1806 -0.9836 -0.0004
vn -0.1068 -0.9943 0.0019
vn -0.1068 -0.9943 0.0009
vn -0.1115 -0.9938 0.0002
vn -0.0008 -1.0000 -0.0006
vn -0.0021 -1.0000 -0.0046
vn 0.0009 -1.0000 0.0017
vn -0.0000 -1.0000 -0.0001
vn 0.8202 0.0005 -0.5721
vn 0.8571 -0.0216 -0.5147
vn 0.8154 0.0170 -0.5786
vn 0.8752 -0.0046 -0.4837
vn 0.9060 0.0038 -0.4233
vn 0.9239 -0.0038 -0.3827
vn 0.9466 0.0074 -0.3223
vn 0.9609 -0.0012 -0.2768
vn 0.9708 0.0062 -0.2398
vn 0.9859 -0.0006 -0.1675
vn 0.9890 0.0056 -0.1479
vn 0.9984 0.0007 -0.0561
vn 0.9984 0.0006 -0.0564
vn 0.7521 0.0027 -0.6591
vn 0.7456 0.0005 -0.6663
vn 0.6777 0.0024 -0.7353
vn 0.6663 -0.0005 -0.7456
vn 0.5970 0.0035 -0.8022
vn 0.5787 -0.0004 -0.8156
vn 0.5062 0.0034 -0.8624
vn 0.4837 -0.0008 -0.8752
vn 0.4013 0.0032 -0.9159
vn 0.3827 0.0001 -0.9239
vn 0.3056 0.0040 -0.9522
vn 0.2768 -0.0007 -0.9609
vn 0.1831 0.0029 -0.9831
vn 0.1675 0.0005 -0.9859
vn 0.0842 0.0038 -0.9964
vn 0.0561 -0.0006 -0.9984
vn 0.0035 0.0059 -1.0000
vn -0.0052 -0.0019 -1.0000
vn 0.0009 0.0013 -1.0000
vn -0.0005 0.0008 -1.0000
vn -0.0005 -0.0003 -1.0000
vn 0.0008 0.0023 -1.0000
vn -0.0007 -0.0021 -1.0000
vn 0.0012 0.0092 -1.0000
vn -0.0047 -0.0122 -0.9999
vn 0.2546 0.9671 -0.0026
vn 0.3827 0.9239 0.0066
vn 0.3294 0.9442 -0.0045
vn 0.2615 0.9652 -0.0039
vn 0.3315 0.9433 -0.0166
vn 0.4460 0.8950 0.0030
vn 0.4599 0.8880 -0.0014
vn 0.5741 0.8188 0.0055
vn 0.5335 0.8457 -0.0092
vn 0.6187 0.7856 -0.0035
vn 0.6695 0.7428 -0.0032
vn 0.6841 0.7294 0.0011
vn 0.6786 0.7345 0.0002
vn 0.6460 0.7634 0.0047
vn 0.5683 0.8228 -0.0040
vn 0.5430 0.8397 0.0001
vn 0.4459 0.8951 -0.0043
vn 0.4325 0.9016 -0.0000
vn 0.3316 0.9434 -0.0031
vn 0.2546 0.9670 0.0090
vn 0.2785 0.9604 0.0008
vn -0.0611 0.9981 0.0002
vn -0.0122 0.9999 0.0004
vn -0.0179 0.9998 -0.0004
vn -0.0712 0.9975 0.0017
vn 0.1310 0.9914 -0.0024
vn 0.0956 0.9954 -0.0008
vn 0.0674 0.9977 0.0054
vn 0.0412 0.9991 0.0011
vn 0.2034 0.9791 -0.0032
vn 0.1661 0.9861 0.0028
vn 0.1668 0.9860 0.0001
vn 0.1602 0.9871 0.0012
vn 0.0632 0.9980 -0.0004
vn -0.3701 0.9290 0.0053
vn -0.3509 0.9364 0.0020
vn -0.2920 0.9564 0.0036
vn -0.2626 0.9649 -0.0008
vn -0.2022 0.9793 0.0048
vn -0.1785 0.9839 0.0004
vn -0.1085 0.9941 -0.0000
vn -0.1065 0.9943 -0.0002
vn -0.1896 0.9818 -0.0035
vn -0.2920 0.9564 0.0069
vn -0.2688 0.9632 0.0018
vn -0.3654 0.9308 0.0067
vn 0.7077 0.0001 -0.7065
vn 0.7035 0.0023 -0.7107
vn 0.7062 -0.0000 -0.7080
vn 0.7111 -0.0004 -0.7031
vn 0.7144 -0.0035 -0.6997
vn 0.7232 -0.0065 -0.6906
vn 0.7082 -0.0013 -0.7060
vn 0.7039 -0.0003 -0.7103
vn 0.7161 -0.0042 -0.6980
vn 0.7060 0.0007 -0.7082
vn 0.7083 0.0001 -0.7059
vn 0.7044 0.0012 -0.7098
vn 0.7078 -0.0000 -0.7064
vn 0.2730 -0.6804 0.6801
vn 0.8192 -0.4058 0.4053
vn 0.6142 0.5574 -0.5586
vn 0.7066 0.5134 -0.4870
vn 0.5853 0.5738 -0.5728
vn 0.8372 0.3912 -0.3823
vn 0.8025 0.4229 -0.4209
vn 0.9564 0.2080 -0.2051
vn 0.8865 0.3268 -0.3278
vn 0.9822 -0.1197 0.1448
vn 0.9966 -0.0595 0.0573
vn 0.9972 -0.0491 0.0566
vn 0.9994 0.0241 -0.0241
vn 0.9694 0.1739 -0.1733
vn 0.9870 0.1234 -0.1033
vn 0.9158 -0.2829 0.2852
vn 0.9119 -0.2880 0.2925
vn 0.4759 -0.6215 0.6223
vn 0.4418 -0.6290 0.6397
vn 0.5801 -0.5760 0.5760
vn 0.7357 -0.4789 0.4789
vn 0.6655 -0.5151 0.5402
vn 0.7513 -0.4635 0.4698
vn -0.1997 -0.6854 0.7002
vn -0.1646 -0.6938 0.7011
vn -0.3007 -0.6747 0.6741
vn -0.0776 -0.7046 0.7054
vn 0.1646 -0.6977 0.6972
vn 0.0501 -0.6907 0.7214
vn 0.1559 -0.6931 0.7038
vn -0.5453 -0.5925 0.5929
vn -0.4759 -0.6164 0.6273
vn -0.4208 -0.6401 0.6428
vn -0.7357 -0.4777 0.4801
vn -0.7220 -0.4855 0.4930
vn -0.9447 -0.2313 0.2325
vn -0.8964 -0.3055 0.3212
vn -0.9158 -0.2813 0.2868
vn -0.8274 -0.3974 0.3968
vn -0.9888 -0.1058 0.1053
vn -0.9966 -0.0536 0.0632
vn -0.9999 0.0101 -0.0097
vn -0.9912 0.0936 -0.0940
vn -0.9694 0.1780 -0.1692
vn -0.9680 0.1814 -0.1735
vn -0.8105 0.4157 -0.4127
vn -0.8792 0.3469 -0.3267
vn -0.8372 0.3877 -0.3858
vn -0.9333 0.2537 -0.2540
vn -0.5330 0.5983 -0.5983
vn -0.6142 0.5628 -0.5532
vn -0.6801 0.5178 -0.5190
vn -0.4095 0.6451 -0.6451
vn -0.3247 0.6735 -0.6641
vn 0.0125 0.7103 -0.7038
vn 0.0826 0.7030 -0.7064
vn -0.1085 0.7043 -0.7016
vn -0.0826 0.7045 -0.7049
vn -0.2572 0.6839 -0.6827
vn 0.3950 0.6495 -0.6497
vn 0.2507 0.6934 -0.6756
vn 0.3247 0.6699 -0.6676
vn 0.1240 0.7015 -0.7018
vn -0.0000 0.7071 0.7071
vn -0.3247 0.6689 0.6686
vn -0.2159 0.6752 0.7053
vn -0.3205 0.6647 0.6749
vn -0.4265 0.6396 0.6396
vn -0.6142 0.5580 0.5580
vn -0.5327 0.5852 0.6113
vn 0.0826 0.7033 0.7061
vn 0.0276 0.7074 0.7063
vn -0.0826 0.7038 0.7055
vn -0.0935 0.7038 0.7043
vn 0.3793 0.6528 0.6557
vn 0.2628 0.6724 0.6920
vn 0.3247 0.6667 0.6709
vn 0.1347 0.7010 0.7004
vn 0.4952 0.6146 0.6140
vn 0.6142 0.5546 0.5614
vn 0.6249 0.5500 0.5540
vn 0.8904 0.3219 0.3219
vn 0.8231 0.3954 0.4075
vn 0.8372 0.3831 0.3904
vn 0.7535 0.4652 0.4645
vn 0.9392 0.2427 0.2427
vn 0.9694 0.1689 0.1782
vn 0.9788 0.1431 0.1462
vn 0.9857 -0.1194 -0.1186
vn 0.9988 -0.0408 -0.0284
vn 0.9966 -0.0615 -0.0552
vn 0.9982 0.0425 0.0420
vn 0.9158 -0.2878 -0.2802
vn 0.9573 -0.2043 -0.2045
vn 0.6434 -0.5411 -0.5415
vn 0.7385 -0.4807 -0.4727
vn 0.7357 -0.4826 -0.4752
vn 0.8124 -0.4122 -0.4125
vn 0.8975 -0.3123 -0.3115
vn 0.2578 -0.6834 -0.6830
vn 0.4026 -0.6470 -0.6476
vn 0.4759 -0.6262 -0.6175
vn 0.5388 -0.5965 -0.5949
vn -0.0837 -0.7042 -0.7051
vn 0.1646 -0.6987 -0.6962
vn 0.1148 -0.7087 -0.6961
vn -0.1646 -0.6968 -0.6981
vn -0.2704 -0.6925 -0.6688
vn -0.4759 -0.6230 -0.6208
vn -0.5393 -0.6043 -0.5865
vn -0.4243 -0.6413 -0.6392
vn -0.7357 -0.4829 -0.4749
vn -0.6987 -0.5057 -0.5061
vn -0.8861 -0.3282 -0.3274
vn -0.8101 -0.4145 -0.4147
vn -0.9882 -0.1091 -0.1075
vn -0.9158 -0.2836 -0.2845
vn -0.9523 -0.2278 -0.2032
vn -0.9797 0.1404 0.1428
vn -0.9966 -0.0583 -0.0585
vn -0.9999 -0.0149 0.0040
vn -0.9694 0.1739 0.1732
vn -0.9364 0.2339 0.2617
vn -0.6670 0.5263 0.5274
vn -0.8372 0.3871 0.3864
vn -0.7680 0.4376 0.4677
vn -0.8569 0.3639 0.3652
vn -0.0000 -0.7071 0.7071
vn 0.3388 0.0538 0.9393
vn 0.5238 0.1556 0.8375
vn 0.6520 0.2943 0.6988
vn 0.7095 0.4550 0.5381
vn 0.6902 0.6201 0.3730
vn 0.5960 0.7719 0.2212
vn 0.4373 0.8938 0.0993
vn 0.2312 0.9727 0.0204
vn 0.0585 0.9983 -0.0000
vn -0.0585 0.9983 -0.0000
vn -0.2312 0.9727 0.0204
vn -0.4373 0.8938 0.0993
vn -0.5960 0.7719 0.2212
vn -0.6902 0.6201 0.3730
vn -0.7095 0.4550 0.5381
vn -0.6520 0.2943 0.6988
vn -0.5238 0.1556 0.8375
vn -0.3388 0.0538 0.9393
vn -0.1172 -0.0000 0.9931
vn 0.1172 -0.0000 0.9931
vn -0.3106 0.1741 0.9345
vn -0.4054 0.1246 0.9056
vn -0.4092 0.1863 0.8932
vn -0.0600 0.1056 0.9926
vn -0.0457 0.0671 0.9967
vn -0.1402 0.1367 0.9806
vn -0.2343 0.0785 0.9690
vn -0.2340 0.0772 0.9692
vn 0.3709 0.1596 0.9149
vn 0.3860 0.1354 0.9125
vn 0.2360 0.1109 0.9654
vn 0.2544 0.0826 0.9636
vn 0.1495 0.1341 0.9796
vn 0.0741 0.0636 0.9952
vn 0.0629 0.0793 0.9949
vn 0.6790 0.4021 0.6143
vn 0.7046 0.3796 0.5995
vn 0.6529 0.2851 0.7018
vn 0.6483 0.2876 0.7050
vn 0.5974 0.2544 0.7605
vn 0.6082 0.2468 0.7544
vn 0.5184 0.1989 0.8317
vn 0.5883 0.1068 0.8015
vn 0.4898 0.1782 0.8534
vn -0.6167 0.4045 0.6753
vn -0.6731 0.3987 0.6229
vn -0.6520 0.4534 0.6077
vn -0.5373 0.2274 0.8122
vn -0.5294 0.2566 0.8086
vn -0.6089 0.3204 0.7257
vn -0.6165 0.2955 0.7298
vn 0.7052 0.6253 0.3342
vn 0.7510 0.5453 0.3723
vn 0.7390 0.5512 0.3874
vn 0.7219 0.4871 0.4915
vn 0.7691 0.4565 0.4473
vn 0.6498 0.7265 0.2237
vn 0.6803 0.7121 0.1738
vn 0.7036 0.6592 0.2654
vn 0.7241 0.6473 0.2381
vn 0.6670 0.7439 0.0415
vn 0.6433 0.7609 0.0844
vn 0.5477 0.8347 0.0573
vn 0.5560 0.8310 -0.0160
vn 0.5076 0.8615 0.0094
vn -0.4237 0.9046 0.0469
vn -0.4735 0.8807 0.0102
vn -0.5374 0.8254 0.1729
vn -0.5438 0.8335 0.0982
vn -0.5034 0.8573 0.1084
vn -0.6130 0.7639 0.2015
vn -0.5941 0.7775 0.2063
vn -0.6218 0.7316 0.2795
vn -0.6548 0.7017 0.2806
vn -0.6265 0.6927 0.3573
vn -0.6773 0.6136 0.4059
vn -0.6725 0.6188 0.4060
vn -0.6661 0.5471 0.5069
vn -0.7060 0.4953 0.5063
vn 0.4458 0.8950 0.0134
vn 0.4479 0.8941 -0.0095
vn 0.2711 0.9608 -0.0581
vn 0.2629 0.9613 -0.0830
vn 0.3445 0.9387 -0.0120
vn 0.3842 0.9213 -0.0604
vn 0.0025 0.9985 -0.0553
vn -0.0148 0.9964 -0.0836
vn 0.0899 0.9954 -0.0326
vn 0.1554 0.9827 -0.1007
vn 0.1738 0.9822 -0.0716
vn -0.3221 0.9460 -0.0369
vn -0.1296 0.9902 -0.0512
vn -0.1496 0.9858 -0.0766
vn -0.2436 0.9699 -0.0047
vn -0.3877 0.9137 -0.1222
vn 0.3388 -0.9393 0.0538
vn 0.5238 -0.8375 0.1556
vn 0.6520 -0.6988 0.2943
vn 0.7095 -0.5381 0.4550
vn 0.6902 -0.3730 0.6201
vn 0.5960 -0.2212 0.7719
vn 0.4373 -0.0993 0.8938
vn 0.2312 -0.0204 0.9727
vn 0.0585 -0.0000 0.9983
vn -0.0585 -0.0000 0.9983
vn -0.2312 -0.0204 0.9727
vn -0.4373 -0.0993 0.8938
vn -0.5960 -0.2212 0.7719
vn -0.6902 -0.3730 0.6201
vn -0.7095 -0.5381 0.4550
vn -0.6520 -0.6988 0.2943
vn -0.5238 -0.8375 0.1556
vn -0.3388 -0.9393 0.0538
vn -0.1172 -0.9931 -0.0000
vn 0.1172 -0.9931 -0.0000
vn 0.4192 -0.4070 0.8116
vn 0.4163 -0.4195 0.8067
vn 0.4638 -0.4810 0.7439
vn 0.5027 -0.4712 0.7248
vn 0.4904 -0.5144 0.7035
vn 0.5203 -0.6107 0.5969
vn 0.5581 -0.5388 0.6311
vn 0.5229 -0.5503 0.6509
vn 0.5420 -0.6512 0.5312
vn 0.5254 -0.6685 0.5264
vn 0.5076 -0.7297 0.4581
vn 0.5397 -0.7340 0.4123
vn 0.5003 -0.7639 0.4077
vn 0.3293 -0.9056 0.2671
vn 0.3496 -0.8998 0.2609
vn 0.3494 -0.8976 0.2686
vn 0.3891 -0.8750 0.2882
vn 0.4322 -0.8593 0.2736
vn 0.4300 -0.8422 0.3253
vn 0.4661 -0.8155 0.3430
vn 0.4552 -0.8113 0.3669
vn -0.2774 -0.3780 0.8833
vn -0.3533 -0.2926 0.8886
vn -0.2520 -0.3590 0.8987
vn -0.1756 -0.3404 0.9237
vn -0.1931 -0.3217 0.9269
vn -0.1172 -0.3468 0.9306
vn -0.0462 -0.2934 0.9549
vn -0.0407 -0.3020 0.9524
vn 0.0441 -0.3414 0.9389
vn 0.1067 -0.2994 0.9482
vn 0.1199 -0.3185 0.9403
vn 0.2103 -0.3353 0.9183
vn 0.2066 -0.3222 0.9238
vn 0.3477 -0.3850 0.8550
vn 0.3342 -0.3489 0.8755
vn 0.2723 -0.3814 0.8834
vn 0.3244 -0.9087 0.2626
vn 0.3204 -0.9092 0.2658
vn 0.3044 -0.9129 0.2718
vn 0.2860 -0.9251 0.2500
vn 0.2799 -0.9251 0.2567
vn 0.2223 -0.9454 0.2383
vn 0.2383 -0.9479 0.2116
vn 0.0478 -0.9713 0.2330
vn 0.0736 -0.9849 0.1568
vn 0.1673 -0.9496 0.2651
vn -0.4677 -0.5833 0.6640
vn -0.4920 -0.5782 0.6508
vn -0.4334 -0.5239 0.7333
vn -0.4847 -0.4938 0.7219
vn -0.3813 -0.4231 0.8219
vn -0.3919 -0.4161 0.8205
vn -0.4117 -0.4823 0.7733
vn -0.0626 -0.9746 0.2151
vn -0.2106 -0.9473 0.2414
vn -0.2105 -0.9424 0.2599
vn -0.1543 -0.9601 0.2333
vn -0.1552 -0.9571 0.2448
vn -0.0674 -0.9707 0.2308
vn -0.2603 -0.9243 0.2791
vn -0.2649 -0.9270 0.2657
vn -0.3230 -0.9013 0.2886
vn -0.3324 -0.9040 0.2687
vn -0.3320 -0.8832 0.3312
vn -0.3913 -0.8588 0.3308
vn -0.3938 -0.8235 0.4084
vn -0.4614 -0.8194 0.3401
vn -0.4158 -0.7952 0.4414
vn -0.4805 -0.7312 0.4843
vn -0.4916 -0.6467 0.5832
vn -0.4793 -0.6498 0.5900
vn -0.4707 -0.7320 0.4925
vn -0.0000 0.7280 -0.6856
vn -0.0014 0.4560 -0.8900
vn -0.0023 0.2959 -0.9552
vn -0.0170 0.1951 -0.9806
vn -0.0053 0.1315 -0.9913
vn -0.0000 0.5556 -0.8315
vn -0.0648 0.6932 -0.7178
vn -0.0253 0.5914 -0.8060
vn -0.0015 0.9808 -0.1951
vn -0.0478 0.9956 -0.0800
vn -0.0076 0.9661 -0.2580
vn 0.0043 0.8315 -0.5556
vn -0.0537 0.8986 -0.4355
vn -0.0165 0.8276 -0.5611
vn -0.0026 -0.9962 -0.0871
vn -0.0214 -0.9806 -0.1950
vn -0.0071 -0.9662 -0.2577
vn -0.0101 -0.8098 -0.5866
vn -0.0193 -0.8313 -0.5555
vn -0.0006 -0.9003 -0.4353
vn 0.0001 -0.6926 -0.7214
vn -0.0146 -0.5555 -0.8314
vn -0.0212 -0.5755 -0.8175
vn -0.0014 -0.0883 -0.9961
vn -0.0261 -0.2553 -0.9665
vn -0.0077 -0.1951 -0.9808
vn -0.0001 -0.4179 -0.9085
vn -0.5355 -0.0865 -0.8401
vn -0.5861 -0.0993 -0.8041
vn -0.9371 -0.1544 -0.3131
vn -0.9658 -0.1430 -0.2162
vn 0.0358 0.7291 -0.6835
vn -0.5876 -0.0189 -0.8089
vn -0.5886 -0.0194 -0.8082
vn -0.5943 0.1086 -0.7968
vn -0.6030 0.1026 -0.7911
vn -0.6118 0.2279 -0.7574
vn -0.6189 0.2222 -0.7534
vn -0.6279 0.3424 -0.6989
vn -0.6456 0.3253 -0.6909
vn -0.6492 0.4416 -0.6193
vn -0.6557 0.4349 -0.6171
vn -0.6679 0.5353 -0.5171
vn -0.6015 0.6028 -0.5243
vn -0.6314 0.6588 -0.4090
vn -0.5833 0.7010 -0.4104
vn -0.9501 0.0877 -0.2994
vn -0.9210 0.2803 -0.2704
vn -0.9361 0.2377 -0.2592
vn -0.9355 -0.1532 -0.3183
vn -0.9333 -0.1517 -0.3254
vn -0.9633 -0.1548 -0.2194
vn -0.9621 -0.1233 -0.2431
vn -0.9470 -0.0725 -0.3131
vn -0.9719 -0.1279 -0.1975
vn -0.9768 -0.1051 -0.1867
vn -0.9327 0.1306 -0.3361
vn -0.5892 -0.0573 -0.8059
vn -0.6093 -0.0613 -0.7906
vn -0.8580 -0.0943 -0.5049
vn -0.6286 -0.0402 -0.7767
vn -0.8068 -0.0399 -0.5894
vn -0.2279 -0.0067 -0.9737
vn -0.5235 -0.0062 -0.8520
vn -0.8545 -0.0177 -0.5192
vn -0.8177 -0.0143 -0.5754
vn -0.9944 0.0270 -0.1021
vn -0.9491 0.2828 -0.1388
vn -0.7098 0.6589 -0.2489
vn -0.6826 0.6875 -0.2480
vn -0.9910 -0.1327 0.0153
vn -0.9279 0.3679 -0.0610
vn -0.6459 0.7611 -0.0597
vn -0.7009 0.7097 -0.0718
vn -0.2086 0.0037 -0.9780
vn -0.5388 0.0026 -0.8424
vn -0.8105 0.0072 -0.5857
vn -0.8509 0.0063 -0.5253
vn -0.6165 0.0340 -0.7866
vn -0.8147 0.0303 -0.5791
vn -0.5166 0.0490 -0.8548
vn -0.6085 0.0538 -0.7918
vn -0.8114 0.0795 -0.5791
vn -0.6296 0.7769 0.0093
vn -0.6417 0.7669 0.0092
vn -0.9454 0.3255 0.0143
vn -0.9386 0.3447 0.0146
vn -0.9759 -0.2178 0.0144
vn -0.8961 0.1206 -0.4273
vn -0.5975 0.0983 -0.7958
vn -0.5412 0.0945 -0.8356
vn -0.8318 0.1301 -0.5396
vn -0.7297 -0.3195 -0.6045
vn -0.7599 -0.3400 -0.5540
vn -0.5008 -0.2227 -0.8365
vn -0.4286 -0.1805 -0.8853
vn -0.7982 -0.3990 -0.4514
vn -0.5860 -0.6865 -0.4304
vn -0.6963 -0.6045 -0.3870
vn -0.6535 -0.5322 -0.5383
vn -0.6882 -0.5076 -0.5184
vn -0.5692 -0.4673 -0.6765
vn -0.6607 -0.4177 -0.6237
vn -0.6146 -0.3054 -0.7273
vn -0.6244 -0.2152 -0.7509
vn -0.5978 -0.0792 -0.7977
vn -0.6183 -0.0751 -0.7824
vn -0.5707 0.0432 -0.8201
vn -0.6397 0.0479 -0.7671
vn -0.9160 -0.2746 -0.2925
vn -0.8385 -0.1602 -0.5208
vn -0.8003 -0.0538 -0.5971
vn -0.9860 0.1518 -0.0688
vn -0.9767 0.0133 -0.2144
vn -0.9747 0.0021 -0.2233
vn -0.9772 0.1239 -0.1726
vn -0.9555 0.0744 -0.2856
vn -0.9414 0.0779 -0.3282
vn -0.9623 0.1563 -0.2224
vn -0.9367 0.1699 -0.3062
vn -0.3897 -0.7618 -0.5174
vn -0.3692 -0.7053 -0.6052
vn -0.4829 -0.7640 -0.4280
vn -0.4942 -0.6396 -0.5888
vn -0.4822 -0.6193 -0.6196
vn -0.5772 -0.5604 -0.5940
vn -0.5694 -0.5478 -0.6129
vn -0.6373 -0.4960 -0.5898
vn -0.6399 -0.5006 -0.5830
vn -0.7005 -0.4317 -0.5683
vn -0.7046 -0.4356 -0.5601
vn -0.2515 -0.4805 -0.8402
vn -0.2414 -0.4577 -0.8557
vn -0.3228 -0.4342 -0.8410
vn -0.4528 -0.2671 -0.8507
vn -0.1986 -0.1287 -0.9716
vn -0.9945 0.1040 0.0125
vn -0.9307 -0.3611 -0.0577
vn -0.7125 -0.6994 -0.0563
vn -0.6275 -0.7745 -0.0799
vn -0.9954 0.0571 -0.0769
vn -0.9958 0.0369 -0.0842
vn -0.9313 -0.3302 -0.1541
vn -0.6403 -0.7217 -0.2630
vn -0.6862 -0.6848 -0.2453
vn -0.1134 -0.8481 -0.5175
vn -0.1135 -0.8501 -0.5142
vn -0.1899 -0.8240 -0.5338
vn -0.1910 -0.8315 -0.5217
vn -0.2855 -0.7940 -0.5366
vn -0.2853 -0.7931 -0.5381
vn -0.0715 -0.5351 -0.8418
vn -0.0698 -0.5165 -0.8535
vn -0.1208 -0.5262 -0.8417
vn -0.1167 -0.5034 -0.8561
vn -0.1833 -0.5093 -0.8408
vn -0.1775 -0.4898 -0.8536
vn -0.9778 0.2089 0.0144
vn -0.9512 -0.3082 0.0147
vn -0.9370 -0.3491 0.0137
vn -0.6877 -0.7259 0.0093
vn -0.6376 -0.7703 0.0099
vn -0.0017 -0.8068 -0.5908
vn -0.0033 -0.7989 -0.6015
vn -0.0116 -0.2510 -0.9679
vn -0.0333 -0.5190 -0.8541
vn -0.0452 -0.8364 -0.5463
vn -0.0458 -0.8172 -0.5745
vn -0.8000 0.3495 -0.4877
vn -0.2938 0.1407 -0.9455
vn -0.4664 0.2371 -0.8522
vn -0.7532 0.3692 -0.5445
vn -0.6810 0.3472 -0.6448
vn 0.3613 -0.7565 -0.5451
vn 0.2799 -0.7830 -0.5555
vn 0.1560 -0.7792 -0.6070
vn 0.0600 -0.7939 -0.6051
vn 0.0587 -0.7862 -0.6151
vn 0.4111 -0.6006 -0.6857
vn 0.2846 -0.5866 -0.7582
vn 0.1913 -0.6116 -0.7677
vn -0.7322 0.4811 -0.4821
vn -0.6076 0.5420 -0.5805
vn -0.5719 0.5927 -0.5671
vn -0.5396 0.5708 -0.6189
vn -0.4847 0.6371 -0.5993
vn -0.3967 0.7084 -0.5837
vn -0.3631 0.7332 -0.5749
vn -0.4444 0.3154 -0.8384
vn -0.4891 0.3367 -0.8046
vn -0.4830 0.3763 -0.7907
vn -0.3421 0.4984 -0.7966
vn -0.3322 0.5202 -0.7867
vn -0.2420 0.5423 -0.8046
vn -0.1865 0.1843 -0.9650
vn -0.1158 0.2319 -0.9658
vn 0.6773 -0.5732 -0.4612
vn 0.7422 -0.5423 -0.3937
vn 0.7911 -0.5299 -0.3055
vn 0.8440 -0.4617 -0.2730
vn 0.8444 -0.4603 -0.2740
vn 0.8844 -0.4054 -0.2312
vn 0.8713 -0.4438 -0.2093
vn 0.8852 -0.4372 -0.1589
vn 0.9040 -0.4257 -0.0401
vn 0.8126 -0.4577 -0.3607
vn 0.7388 -0.5547 -0.3826
vn 0.5963 -0.6131 -0.5181
vn 0.5960 -0.6152 -0.5161
vn 0.6845 -0.5364 -0.4938
vn 0.5116 -0.6273 -0.5872
vn 0.5171 -0.5725 -0.6363
vn -0.2255 0.5871 -0.7775
vn -0.2688 0.7630 -0.5878
vn -0.2152 0.7886 -0.5760
vn -0.2275 0.8167 -0.5304
vn -0.1518 0.8377 -0.5246
vn -0.1346 0.7737 -0.6190
vn -0.0950 0.7916 -0.6035
vn -0.1322 0.5074 -0.8515
vn -0.1000 0.5277 -0.8435
vn -0.0576 0.5999 -0.7980
vn -0.0631 0.2098 -0.9757
vn -0.0504 0.6088 -0.7917
vn -0.0425 0.8053 -0.5914
vn -0.0067 0.2481 -0.9687
vn -0.0042 0.5112 -0.8594
vn -0.0163 0.8319 -0.5548
vn -0.0143 0.8146 -0.5798
vn 0.9770 -0.2132 0.0096
vn 0.9686 -0.2488 0.0020
vn 0.0717 0.8665 -0.4941
vn 0.0884 0.7822 -0.6168
vn 0.1683 0.7875 -0.5929
vn 0.2978 0.7563 -0.5825
vn 0.3791 0.7496 -0.5426
vn 0.4262 0.6147 -0.6637
vn 0.0798 0.5457 -0.8342
vn 0.2135 0.5938 -0.7757
vn 0.3046 0.5997 -0.7400
vn 0.5161 0.5867 -0.6240
vn 0.5108 0.6379 -0.5763
vn 0.5905 0.6223 -0.5138
vn 0.6006 0.5954 -0.5337
vn 0.6674 0.5849 -0.4609
vn 0.6753 0.5650 -0.4742
vn 0.7262 0.5652 -0.3913
vn 0.7393 0.5322 -0.4125
vn 0.7917 0.5125 -0.3325
vn 0.7826 0.5344 -0.3193
vn 0.8567 0.3914 -0.3360
vn 0.8307 0.5063 -0.2314
vn 0.8604 0.4406 -0.2560
vn 0.8455 0.5081 -0.1641
vn 0.9320 0.3621 -0.0181
vn 0.8397 -0.4010 -0.3661
vn 0.9375 -0.1997 -0.2851
vn 0.9335 -0.2738 -0.2317
vn 0.9262 -0.3677 -0.0835
vn 0.9115 -0.2997 -0.2818
vn 0.8228 -0.1361 -0.5518
vn 0.8567 -0.2240 -0.4646
vn 0.8047 -0.1565 -0.5727
vn 0.8044 -0.1561 -0.5732
vn 0.9621 0.2720 0.0171
vn 0.9802 0.1977 0.0085
vn 0.9656 0.2599 0.0025
vn 0.9826 -0.0002 -0.1857
vn 0.9800 -0.0435 -0.1944
vn 0.9766 -0.0958 -0.1923
vn 0.9535 -0.0890 -0.2879
vn 0.8596 -0.0146 -0.5107
vn 0.9605 0.1070 -0.2571
vn 0.9904 0.1085 -0.0856
vn 0.9736 0.0561 -0.2212
vn 0.9762 0.0579 -0.2092
vn 0.9922 0.0173 -0.1237
vn 0.9785 0.0115 -0.2060
vn 0.8177 0.0434 -0.5740
vn 0.8445 0.4119 -0.3422
vn 0.8306 0.2211 -0.5112
vn 0.9194 0.3395 -0.1986
vn 0.9377 0.2955 -0.1827
vn 0.8070 0.1600 -0.5685
vn 0.8641 0.2394 -0.4428
vn 0.8252 0.1376 -0.5478
vn 0.8448 0.1205 -0.5214
vn -1.0000 -0.0000 -0.0000
vn 0.9512 -0.3079 -0.0210
vn 0.8598 -0.4248 -0.2834
vn 0.9795 -0.0000 -0.2013
vn 0.9839 0.0001 -0.1788
vn 0.8392 -0.0000 -0.5438
vn 0.8491 -0.0000 -0.5282
vn 0.8585 0.4370 -0.2683
vn 0.9453 0.3263 -0.0038
vn -0.6169 0.7190 -0.3201
vn -0.6999 0.6039 -0.3815
vn -0.4991 0.5864 -0.6380
vn -0.5840 0.2380 -0.7761
vn -0.6248 0.1874 -0.7580
vn -0.9160 0.3022 -0.2638
vn -0.9435 0.2037 -0.2614
vn -0.8619 -0.0263 -0.5064
vn -0.8831 -0.1066 -0.4569
vn 0.0006 0.2425 -0.9701
vn -0.0013 0.4105 -0.9119
vn 0.0001 0.7473 -0.6645
vn -0.0002 0.7633 -0.6460
vn -0.0012 0.9431 -0.3324
vn 0.0006 0.9889 -0.1487
vn 0.0899 0.9916 -0.0928
vn 0.1258 0.8637 -0.4881
vn 0.0529 0.8532 -0.5189
vn 0.0503 0.7465 -0.6635
vn 0.5199 0.8524 -0.0558
vn 0.0750 0.9861 -0.1485
vn 0.2180 0.8516 -0.4767
vn 0.1391 0.8433 -0.5191
vn 0.2155 0.5541 -0.8041
vn 0.0802 0.5544 -0.8284
vn 0.4740 0.5539 -0.6844
vn 0.6094 0.5148 -0.6030
vn 0.5886 0.5541 -0.5886
vn 0.3939 0.8305 -0.3939
vn 0.2621 0.9474 -0.1835
vn 0.4563 0.8305 -0.3195
vn 0.6963 0.5267 -0.4876
vn 0.7054 0.5112 -0.4910
vn 0.0925 0.1319 -0.9869
vn 0.0794 0.2454 -0.9662
vn 0.1835 0.9474 -0.2621
vn 0.3195 0.8305 -0.4563
vn 0.2354 0.8305 -0.5048
vn 0.3518 0.5541 -0.7545
vn 0.2539 0.1944 -0.9475
vn 0.2576 0.3733 -0.8912
vn 0.1065 0.9886 -0.1064
vn 0.4881 0.5251 -0.6971
vn 0.3615 0.5285 -0.7681
vn 0.3893 0.3803 -0.8389
vn 0.3810 0.1949 -0.9038
vn 0.6914 0.1782 -0.7002
vn 0.5534 0.2829 -0.7834
vn 0.1287 0.9894 -0.0672
vn 0.5062 0.8304 -0.2329
vn 0.4871 0.8433 -0.2271
vn 0.7655 0.5353 -0.3570
vn 0.7747 0.5207 -0.3588
vn 0.8440 0.3676 -0.3906
vn 0.9109 0.3336 -0.2427
vn 0.8243 0.5220 -0.2193
vn 0.8180 0.5318 -0.2192
vn 0.5101 0.8492 -0.1367
vn 0.5059 0.8518 -0.1362
vn 0.7538 0.6545 -0.0587
vn 0.8513 0.5182 -0.0819
vn 0.9760 0.2030 -0.0789
vn -0.0010 0.2817 -0.9595
vn 0.0007 0.5348 -0.8450
vn -0.0004 0.7475 -0.6642
vn 0.0006 0.8540 -0.5203
vn -0.0009 0.9659 -0.2588
vn 0.9785 0.2061 -0.0011
vn 0.9416 0.3367 0.0008
vn 0.7641 0.6451 -0.0006
vn 0.7071 0.7071 0.0013
vn 0.1855 0.9826 -0.0016
vn 0.2588 0.9659 0.0004
vn 0.2506 0.9351 -0.2506
vn 0.6947 0.6947 -0.1862
vn 0.6947 0.6947 -0.1861
vn 0.9734 0.2211 -0.0592
vn 0.2543 0.7289 -0.6356
vn 0.1962 0.6934 -0.6934
vn 0.6947 0.5086 -0.5086
vn 0.9557 0.2082 -0.2082
vn 0.9449 0.2218 -0.2406
vn 0.2669 0.2647 -0.9266
vn 0.2505 0.2506 -0.9351
vn 0.6947 0.1862 -0.6948
vn 0.6947 0.1862 -0.6947
vn 0.9752 0.0573 -0.2140
vn 0.0010 -0.2899 -0.9571
vn 0.0006 -0.2588 -0.9659
vn 0.0008 -0.7154 -0.6987
vn 0.0006 -0.7071 -0.7071
vn 0.0008 -0.9673 -0.2538
vn 0.0007 -0.9659 -0.2588
vn 0.2588 -0.0007 -0.9659
vn 0.6189 0.0005 -0.7855
vn 0.7071 -0.0004 -0.7071
vn 0.9578 -0.0001 -0.2875
vn 0.9395 -0.0006 -0.3424
vn 0.6111 -0.7464 -0.2636
vn 0.6065 -0.2560 -0.7527
vn 0.5073 -0.1908 -0.8404
vn 0.4971 -0.6278 -0.5989
vn 0.5194 -0.6043 -0.6043
vn 0.5009 -0.8446 -0.1893
vn 0.9821 -0.0952 -0.1623
vn 0.8162 -0.1072 -0.5678
vn 0.8224 -0.4023 -0.4023
vn 0.8161 -0.5680 -0.1068
vn 0.9747 -0.1579 -0.1580
vn 0.9707 -0.1736 -0.1663
vn 0.9821 -0.1695 -0.0827
vn 0.9494 -0.3139 -0.0020
vn 0.9659 -0.2588 -0.0006
vn 0.6624 -0.7491 -0.0012
vn 0.2266 -0.9740 -0.0024
vn 0.6147 -0.7888 0.0003
vn 0.9645 -0.2584 -0.0542
vn 0.3129 -0.9485 -0.0498
vn 0.1938 -0.9795 -0.0552
vn 0.1974 -0.9787 -0.0569
vn 0.2960 -0.9473 -0.1226
vn 0.2599 -0.9549 -0.1436
vn 0.1665 -0.9798 -0.1105
vn 0.1936 -0.9714 -0.1374
vn 0.2198 -0.9556 -0.1964
vn 0.1426 -0.9765 -0.1617
vn 0.1369 -0.9787 -0.1532
vn 0.1854 -0.9473 -0.2613
vn 0.1436 -0.9549 -0.2599
vn 0.0822 -0.9798 -0.1822
vn 0.0908 -0.9714 -0.2193
vn 0.0816 -0.9556 -0.2833
vn 0.0427 -0.9734 -0.2249
vn 0.0425 -0.9700 -0.2393
vn 0.7508 -0.6592 -0.0422
vn 0.6679 -0.7369 -0.1044
vn 0.6977 -0.7065 -0.1185
vn 0.6800 -0.7065 -0.1959
vn 0.6800 -0.7066 -0.1959
vn 0.6538 -0.7065 -0.2708
vn 0.6538 -0.7066 -0.2708
vn 0.6194 -0.7066 -0.3423
vn 0.6194 -0.7065 -0.3423
vn 0.5771 -0.7065 -0.4095
vn 0.5771 -0.7066 -0.4095
vn 0.5277 -0.7066 -0.4715
vn 0.4715 -0.7065 -0.5277
vn 0.4715 -0.7066 -0.5277
vn 0.4095 -0.7066 -0.5771
vn 0.4095 -0.7065 -0.5771
vn 0.3423 -0.7066 -0.6194
vn 0.3423 -0.7065 -0.6194
vn 0.2708 -0.7065 -0.6538
vn 0.2708 -0.7066 -0.6538
vn 0.1959 -0.7065 -0.6800
vn 0.1959 -0.7066 -0.6800
vn 0.1106 -0.7063 -0.6992
vn 0.1130 -0.7382 -0.6650
vn 0.0530 -0.6763 -0.7347
vn 0.9524 -0.2584 -0.1618
vn 0.9283 -0.2584 -0.2674
vn 0.8925 -0.2584 -0.3697
vn 0.8455 -0.2584 -0.4673
vn 0.7879 -0.2584 -0.5590
vn 0.7203 -0.2584 -0.6437
vn 0.6437 -0.2584 -0.7203
vn 0.5590 -0.2584 -0.7879
vn 0.4673 -0.2584 -0.8455
vn 0.3697 -0.2584 -0.8925
vn 0.2674 -0.2584 -0.9283
vn 0.1618 -0.2584 -0.9524
vn 0.0504 -0.2584 -0.9647
vn 0.0539 -0.2733 -0.9604
vn 0.0005 -0.2820 -0.9594
vn -0.0001 -0.3203 -0.9473
vn -0.0012 -0.6213 -0.7835
vn 0.0005 -0.7955 -0.6060
vn -0.0001 -0.8335 -0.5525
vn -0.0000 -0.9665 -0.2566
vn 0.0003 -0.9744 -0.2248
vn -0.6299 -0.0857 -0.7719
vn -0.5776 -0.0910 -0.8112
vn -0.5096 -0.4490 -0.7340
vn -0.7063 -0.5310 -0.4682
vn -0.6680 -0.5469 -0.5046
vn -0.5505 -0.7949 -0.2553
vn -0.8111 0.0924 -0.5776
vn -0.8695 0.0981 -0.4842
vn -0.9070 -0.2392 -0.3466
vn -0.9049 -0.2414 -0.3505
vn -0.9548 -0.0062 0.2971
vn -0.9668 -0.0063 0.2556
vn -0.9675 -0.0056 0.2527
vn -0.9785 -0.0059 0.2063
vn -0.9790 -0.0052 0.2036
vn -0.9862 -0.0056 0.1657
vn -0.9866 -0.0049 0.1632
vn -0.9921 -0.0052 0.1250
vn -0.9971 -0.0040 0.0763
vn -0.9453 -0.0244 0.3254
vn -0.9931 -0.0202 0.1153
vn -0.9961 -0.0200 0.0854
vn -0.9463 -0.0650 0.3168
vn -0.9488 -0.0605 0.3099
vn -0.9642 -0.0598 0.2583
vn -0.9646 -0.0591 0.2570
vn -0.9777 -0.0583 0.2015
vn -0.9762 -0.0632 0.2076
vn -0.9847 -0.0509 0.1664
vn -0.9902 -0.0603 0.1262
vn -0.9908 -0.0567 0.1228
vn -0.9951 -0.0570 0.0813
vn -0.9955 -0.0523 0.0791
vn -0.9392 -0.1238 0.3204
vn -0.9401 -0.1223 0.3182
vn -0.9569 -0.1225 0.2632
vn -0.9581 -0.1204 0.2599
vn -0.9709 -0.1206 0.2070
vn -0.9722 -0.1166 0.2029
vn -0.9844 -0.1172 0.1315
vn -0.9857 -0.1107 0.1274
vn -0.9898 -0.1116 0.0887
vn -0.9916 -0.1012 0.0811
vn -0.9399 0.1237 0.3182
vn -0.9394 0.1223 0.3203
vn -0.9578 0.1225 0.2599
vn -0.9572 0.1203 0.2631
vn -0.9701 0.1206 0.2105
vn -0.9696 0.1181 0.2142
vn -0.9784 0.1185 0.1695
vn -0.9780 0.1157 0.1734
vn -0.9855 0.1163 0.1234
vn -0.9857 0.1107 0.1273
vn -0.9903 0.1117 0.0822
vn -0.9912 0.0987 0.0883
vn -0.9454 0.0616 0.3200
vn -0.9464 0.0638 0.3167
vn -0.9645 0.0635 0.2564
vn -0.9640 0.0622 0.2584
vn -0.9764 0.0620 0.2069
vn -0.9760 0.0606 0.2090
vn -0.9843 0.0606 0.1660
vn -0.9840 0.0592 0.1680
vn -0.9914 0.0594 0.1170
vn -0.9911 0.0536 0.1220
vn -0.9951 0.0545 0.0820
vn -0.9951 0.0557 0.0814
vn -0.9529 0.0238 0.3024
vn -0.9669 0.0237 0.2539
vn -0.9665 0.0227 0.2557
vn -0.9786 0.0228 0.2045
vn -0.9783 0.0218 0.2062
vn -0.9862 0.0220 0.1639
vn -0.9860 0.0211 0.1654
vn -0.9921 0.0213 0.1234
vn -0.9969 0.0212 0.0764
vn -0.9450 0.0069 0.3271
vn -0.9936 0.0051 0.1124
vn -0.9962 0.0048 0.0866
vn -0.9995 0.0080 0.0319
vn -0.9985 0.0499 0.0220
vn -0.9987 0.0459 0.0234
vn -0.9960 0.0867 0.0226
vn -0.9947 0.0998 0.0264
vn -0.9996 0.0122 0.0244
vn -0.9999 0.0020 0.0160
vn -0.9914 0.1109 0.0693
vn -0.9986 0.0120 0.0515
vn -0.9987 0.0143 0.0495
vn -0.9975 0.0508 0.0496
vn -0.9975 0.0513 0.0494
vn -0.9940 0.0969 0.0499
vn -0.9940 0.0979 0.0495
vn -0.9984 -0.0034 0.0560
vn -0.9945 -0.1029 0.0204
vn -0.9989 -0.0442 0.0177
vn -0.9996 -0.0105 0.0248
vn -0.9994 -0.0105 0.0319
vn -0.9933 -0.1086 0.0384
vn -0.9946 -0.0912 0.0501
vn -0.9916 -0.1117 0.0654
vn -0.9985 -0.0054 0.0549
vn -0.9993 -0.0132 0.0348
vn -0.9985 -0.0425 0.0345
vn -0.9982 -0.0552 0.0233
vn -0.9954 -0.0929 0.0245
vn -0.9967 -0.0651 0.0493
vn -0.9971 -0.0448 0.0620
vn -0.9330 -0.3493 0.0863
vn -0.9463 -0.3163 0.0666
vn -0.9408 -0.3243 0.0982
vn -0.9460 -0.3172 0.0669
vn -0.9511 -0.3054 0.0465
vn -0.9595 -0.2799 0.0315
vn -0.9540 -0.2979 0.0337
vn -0.9531 -0.3007 0.0344
vn -0.9466 -0.3196 0.0420
vn -0.9742 -0.2240 0.0279
vn -0.9858 -0.1539 0.0667
vn -0.9831 -0.1740 0.0564
vn -0.9896 -0.1387 0.0384
vn -0.9877 -0.1539 0.0281
vn -0.9687 -0.2351 0.0799
vn -0.9800 -0.1907 0.0562
vn -0.9757 -0.2143 0.0451
vn -0.9807 -0.1933 0.0291
vn -0.9841 -0.1758 0.0253
vn -0.9535 -0.2874 0.0904
vn -0.9621 -0.2614 0.0783
vn -0.9593 -0.2745 0.0658
vn -0.9662 -0.2537 0.0455
vn -0.9661 -0.2540 0.0456
vn -0.9665 -0.2546 0.0327
vn -0.9675 -0.2508 0.0313
vn -0.8614 -0.4107 0.2990
vn -0.8670 -0.3949 0.3040
vn -0.8677 -0.4136 0.2757
vn -0.8887 -0.3973 0.2287
vn -0.8888 -0.3970 0.2290
vn -0.9162 -0.3633 0.1689
vn -0.8997 -0.3930 0.1899
vn -0.9310 -0.3445 0.1206
vn -0.9168 -0.3764 0.1333
vn -0.9301 -0.1887 0.3151
vn -0.9262 -0.1945 0.3229
vn -0.9445 -0.1954 0.2641
vn -0.9436 -0.1973 0.2659
vn -0.9612 -0.1799 0.2091
vn -0.9617 -0.1970 0.1906
vn -0.9744 -0.1793 0.1359
vn -0.9754 -0.1753 0.1336
vn -0.9798 -0.1769 0.0933
vn -0.9813 -0.1701 0.0903
vn -0.9701 -0.2235 0.0944
vn -0.9646 -0.2413 0.1067
vn -0.9609 -0.2395 0.1389
vn -0.9559 -0.2533 0.1489
vn -0.9483 -0.2514 0.1936
vn -0.9434 -0.2620 0.2033
vn -0.9278 -0.2600 0.2674
vn -0.9230 -0.2684 0.2757
vn -0.9073 -0.2668 0.3249
vn -0.9061 -0.2549 0.3377
vn -0.9518 -0.2867 0.1091
vn -0.9431 -0.3094 0.1221
vn -0.9394 -0.3071 0.1525
vn -0.9313 -0.3245 0.1655
vn -0.9236 -0.3220 0.2080
vn -0.9147 -0.3372 0.2226
vn -0.9010 -0.3313 0.2801
vn -0.8919 -0.3439 0.2936
vn -0.8508 -0.3904 0.3518
vn -0.8722 -0.3407 0.3510
vn -0.8729 -0.3512 0.3387
vn -0.8716 -0.2499 0.4218
vn -0.8708 -0.1867 0.4549
vn -0.8684 -0.1837 0.4606
vn -0.8596 -0.3108 0.4057
vn -0.8624 -0.3498 0.3659
vn -0.9017 -0.1875 0.3895
vn -0.9015 -0.1879 0.3899
vn -0.8844 -0.2530 0.3922
vn -0.8827 -0.2550 0.3948
vn -0.8678 -0.0025 0.4969
vn -0.8723 -0.0276 0.4881
vn -0.8678 -0.0205 0.4966
vn -0.8748 -0.0668 0.4798
vn -0.8676 -0.0547 0.4943
vn -0.8819 -0.1283 0.4537
vn -0.8671 -0.1098 0.4858
vn -0.9181 -0.0252 0.3955
vn -0.9173 -0.0266 0.3973
vn -0.9151 -0.0653 0.3980
vn -0.9145 -0.0664 0.3990
vn -0.9081 -0.1234 0.4003
vn -0.9155 -0.1100 0.3869
vn -0.8783 0.1230 0.4620
vn -0.8724 0.1328 0.4703
vn -0.8715 0.0627 0.4864
vn -0.8726 0.0611 0.4846
vn -0.8667 0.0175 0.4985
vn -0.8741 0.0068 0.4858
vn -0.9136 0.1235 0.3875
vn -0.9094 0.1136 0.4001
vn -0.9149 0.0614 0.3989
vn -0.9145 0.0605 0.4000
vn -0.9193 0.0075 0.3935
vn -0.9183 0.0065 0.3957
vn -0.8532 0.3562 0.3809
vn -0.8674 0.2962 0.3999
vn -0.8742 0.1868 0.4483
vn -0.8687 0.1963 0.4548
vn -0.8664 0.2411 0.4372
vn -0.8769 0.2799 0.3909
vn -0.8800 0.2515 0.4028
vn -0.9028 0.1964 0.3826
vn -0.9016 0.1879 0.3895
vn -0.8960 0.2841 0.3413
vn -0.8648 0.3593 0.3507
vn -0.9523 0.2850 0.1091
vn -0.9271 0.3523 0.1276
vn -0.9219 0.3686 0.1195
vn -0.9130 0.3647 0.1828
vn -0.9071 0.3845 0.1710
vn -0.8867 0.4063 0.2208
vn -0.8882 0.3993 0.2274
vn -0.8731 0.4120 0.2605
vn -0.8759 0.3999 0.2699
vn -0.8620 0.4047 0.3053
vn -0.8614 0.4066 0.3044
vn -0.8497 0.3917 0.3530
vn -0.8788 0.3433 0.3315
vn -0.8932 0.3456 0.2878
vn -0.8933 0.3369 0.2977
vn -0.9089 0.3400 0.2414
vn -0.9095 0.3302 0.2525
vn -0.9211 0.3331 0.2013
vn -0.9222 0.3230 0.2128
vn -0.9326 0.3265 0.1539
vn -0.9373 0.3075 0.1642
vn -0.9425 0.3105 0.1238
vn -0.9091 0.2679 0.3189
vn -0.9231 0.2692 0.2746
vn -0.9227 0.2631 0.2819
vn -0.9372 0.2650 0.2268
vn -0.9371 0.2579 0.2352
vn -0.9475 0.2597 0.1863
vn -0.9478 0.2521 0.1953
vn -0.9570 0.2544 0.1396
vn -0.9595 0.2396 0.1480
vn -0.9651 0.2424 0.0987
vn -0.9676 0.2291 0.1061
vn -0.9262 0.1945 0.3229
vn -0.9263 0.1947 0.3225
vn -0.9439 0.1956 0.2659
vn -0.9434 0.1918 0.2706
vn -0.9569 0.1928 0.2170
vn -0.9566 0.1882 0.2226
vn -0.9660 0.1892 0.1762
vn -0.9658 0.1842 0.1823
vn -0.9740 0.1856 0.1298
vn -0.9751 0.1754 0.1358
vn -0.9800 0.1772 0.0904
vn -0.9812 0.1677 0.0959
vn -0.9815 0.1896 0.0254
vn -0.9628 0.2678 0.0369
vn -0.9685 0.2470 0.0307
vn -0.9726 0.2308 0.0285
vn -0.9537 0.2987 0.0341
vn -0.9556 0.2929 0.0329
vn -0.9421 0.3319 0.0470
vn -0.9479 0.3156 0.0444
vn -0.9508 0.3025 0.0665
vn -0.9374 0.3382 0.0832
vn -0.9398 0.3301 0.0882
vn -0.9542 0.2889 0.0780
vn -0.9597 0.2658 0.0912
vn -0.9615 0.2679 0.0616
vn -0.9635 0.2595 0.0654
vn -0.9644 0.2608 0.0429
vn -0.9661 0.2540 0.0455
vn -0.9666 0.2547 0.0302
vn -0.9701 0.2313 0.0732
vn -0.9739 0.2096 0.0875
vn -0.9757 0.2115 0.0565
vn -0.9772 0.2037 0.0602
vn -0.9780 0.2048 0.0392
vn -0.9793 0.1982 0.0418
vn -0.9796 0.1987 0.0286
vn -0.9831 0.1690 0.0704
vn -0.9844 0.1579 0.0770
vn -0.9860 0.1592 0.0504
vn -0.9880 0.1441 0.0553
vn -0.9864 0.1600 0.0385
vn -0.9896 0.1414 0.0255
vn -0.9895 0.1425 0.0251
vn -0.0045 1.0000 -0.0026
vn 0.0017 1.0000 -0.0014
vn 0.0070 -0.9972 0.0742
vn -0.0043 -0.9984 0.0556
vn 0.0097 -0.9272 0.3744
vn -0.0026 -0.9356 0.3531
vn 0.0080 -0.9747 0.2233
vn -0.0044 -0.9793 0.2023
vn -0.0051 -0.8704 0.4923
vn -0.0038 -0.8692 0.4945
vn 0.0144 -0.6567 0.7540
vn 0.0002 -0.6762 0.7367
vn -0.0001 -0.7872 0.6167
vn 0.0199 -0.7693 0.6386
vn -0.0069 -0.4507 0.8926
vn 0.0140 -0.5175 0.8556
vn -0.0046 -0.5490 0.8358
vn -0.0067 -0.3364 0.9417
vn 0.0161 -0.3708 0.9286
vn 0.0113 -0.2583 0.9660
vn -0.0047 -0.2337 0.9723
vn -0.0036 -0.1485 0.9889
vn 0.0098 -0.1655 0.9862
vn -0.0017 -0.0108 0.9999
vn 0.0036 -0.0809 0.9967
vn 0.0086 -0.0764 0.9970
vn 0.0096 0.0002 1.0000
vn -0.0067 0.0675 0.9977
vn 0.0106 0.0835 0.9965
vn 0.0070 0.1740 0.9847
vn -0.0018 0.1647 0.9863
vn -0.0021 0.2585 0.9660
vn 0.0100 0.2747 0.9615
vn -0.0029 0.4294 0.9031
vn 0.0128 0.3895 0.9209
vn -0.0033 0.3536 0.9354
vn -0.0006 0.5174 0.8558
vn 0.0102 0.5291 0.8485
vn -0.0005 0.6504 0.7596
vn 0.0128 0.6651 0.7466
vn 0.0127 0.7803 0.6253
vn 0.0016 0.7693 0.6389
vn 0.0045 0.8815 0.4721
vn 0.0008 0.8783 0.4782
vn 0.0129 0.9468 0.3216
vn -0.0019 0.9366 0.3504
vn 0.0056 0.9844 0.1757
vn -0.0046 0.9811 0.1935
vn 0.0030 0.9986 0.0529
vn -0.0065 0.9994 0.0343
vn 0.0001 -1.0000 -0.0000
vn -0.0041 -1.0000 -0.0031
vn 0.0018 -1.0000 -0.0017
vn 0.0054 -0.1843 -0.9829
vn -0.0000 -0.1564 -0.9877
vn 0.0044 -0.4540 -0.8910
vn -0.0014 -0.4850 -0.8745
vn -0.0009 -0.7071 -0.7071
vn 0.0060 -0.7294 -0.6841
vn 0.0064 -0.9877 -0.1564
vn -0.0009 -0.9776 -0.2105
vn 0.0013 -0.8910 -0.4540
vn 0.0064 -0.9028 -0.4300
vn -0.0006 -0.0016 -1.0000
vn -0.0026 0.0111 -0.9999
vn 0.0088 0.9877 -0.1564
vn -0.0054 0.9615 -0.2749
vn 0.0085 0.8910 -0.4540
vn -0.0024 0.8484 -0.5293
vn 0.0053 0.7071 -0.7071
vn -0.0000 0.6831 -0.7303
vn 0.0050 0.4540 -0.8910
vn 0.0022 0.4389 -0.8985
vn -0.0016 0.2391 -0.9710
vn 0.0073 0.1564 -0.9877
vn -0.1551 0.9879 -0.0016
vn -0.2079 0.9781 -0.0074
vn -0.5878 0.8090 -0.0089
vn -0.4769 0.8790 -0.0000
vn -0.4044 0.9146 -0.0000
vn -0.8660 0.5000 -0.0070
vn -0.6891 0.7246 0.0012
vn -0.9945 0.1045 -0.0062
vn -0.9857 0.1682 -0.0006
vn -0.8885 0.4589 -0.0016
vn -0.9510 -0.3090 -0.0062
vn -0.9762 -0.2167 -0.0000
vn -0.9993 -0.0374 -0.0000
vn -0.7431 -0.6691 -0.0054
vn -0.9110 -0.4125 0.0019
vn -0.4067 -0.9135 -0.0053
vn -0.4447 -0.8957 -0.0000
vn -0.7137 -0.7005 -0.0000
vn 0.3912 -0.9203 -0.0077
vn 0.1220 -0.9925 0.0042
vn -0.0392 -0.9992 -0.0049
vn -0.1232 -0.9924 0.0014
vn 0.7431 -0.6691 -0.0053
vn 0.7146 -0.6996 -0.0000
vn 0.4465 -0.8948 -0.0000
vn 0.9510 -0.3090 -0.0063
vn 0.9116 -0.4111 0.0017
vn 0.9945 0.1045 -0.0054
vn 0.9830 -0.1837 0.0020
vn 0.8660 0.5000 -0.0069
vn 0.8876 0.4606 -0.0017
vn 0.9895 0.1445 -0.0006
vn 0.5878 0.8090 -0.0085
vn 0.6874 0.7263 0.0005
vn 0.1731 0.9849 -0.0027
vn 0.2079 0.9781 -0.0068
vn 0.4731 0.8810 0.0016
vn 0.9299 0.0120 -0.3677
vn 0.8976 -0.0116 -0.4407
vn -0.0612 0.9978 0.0263
vn -0.0199 0.9997 0.0140
vn -0.2011 0.9757 0.0866
vn -0.1953 0.9774 0.0804
vn -0.0322 0.9990 -0.0296
vn -0.0700 0.9965 -0.0451
vn -0.0920 0.9952 -0.0345
vn -0.0669 0.9972 -0.0337
vn -0.0902 0.9958 -0.0121
vn -0.0626 0.9979 -0.0188
vn -0.0713 0.9974 -0.0081
vn -0.0658 0.9978 -0.0014
vn -0.6130 0.7729 0.1640
vn -0.3802 -0.9107 0.1612
vn -0.3438 -0.9267 0.1519
vn -0.8887 -0.2540 0.3817
vn -0.8949 -0.2199 0.3882
vn -0.7139 -0.6315 0.3026
vn -0.8966 0.2188 0.3849
vn -0.8830 0.2702 0.3837
vn -0.7152 0.6289 0.3050
vn -0.3981 0.8999 0.1780
vn -0.2932 0.9484 0.1208
vn -0.2134 -0.9746 0.0672
vn -0.2388 -0.9657 0.1023
vn -0.0169 -0.9998 0.0133
vn -0.0628 -0.9977 0.0270
vn -0.0627 -0.9975 -0.0310
vn -0.0972 -0.9873 -0.1257
vn -0.0118 -0.9999 -0.0039
vn -0.0096 -0.9999 0.0124
vn -0.1406 -0.9887 0.0516
vn -0.0926 -0.9957 0.0091
vn -0.0819 -0.9966 0.0104
vn -0.1052 -0.9943 -0.0171
vn -0.0635 -0.9980 0.0050
vn -0.0768 -0.9969 -0.0186
vn -0.5784 -0.7777 0.2462
vn -0.9191 -0.0178 0.3935
vn -0.9177 -0.0137 0.3970
vn -0.9174 0.0141 0.3976
vn -0.9190 0.0116 0.3940
vn -0.9205 0.0026 0.3908
vn -0.7289 0.6115 0.3079
vn -0.5418 0.8085 0.2296
vn -0.0259 0.9995 0.0190
vn -0.0931 0.9949 0.0400
vn -0.0963 -0.9945 0.0414
vn -0.0233 -0.9996 0.0186
vn -0.0021 -1.0000 -0.0019
vn -0.0021 -1.0000 -0.0007
vn -0.0031 -1.0000 0.0003
vn 0.0171 -0.9998 -0.0104
vn 0.0188 -0.9998 -0.0109
vn 0.0159 -0.9997 -0.0185
vn 0.0246 -0.9990 -0.0362
vn -0.0050 -0.9999 -0.0093
vn -0.0042 -0.9999 -0.0094
vn -0.0189 -0.9904 -0.1372
vn -0.0094 -0.9999 -0.0085
vn -0.0000 -1.0000 0.0013
vn -0.0015 -1.0000 0.0009
vn -0.0005 1.0000 0.0010
vn -0.0000 1.0000 0.0011
vn 0.0177 0.9997 -0.0160
vn -0.0095 0.9999 -0.0086
vn -0.0010 1.0000 -0.0036
vn -0.0009 1.0000 -0.0003
vn -0.0014 1.0000 0.0001
vn 0.0245 0.9996 -0.0134
vn 0.0218 0.9997 -0.0126
vn -0.0142 0.9998 -0.0136
vn -0.0285 0.9772 -0.2104
vn -0.0044 0.9999 -0.0098
vn -0.6861 -0.7018 0.1917
vn -0.7797 0.6239 0.0534
vn -0.4870 0.0199 -0.8732
vn 0.4571 0.2669 -0.8485
vn -0.4766 0.1229 -0.8705
vn 0.3976 0.9005 -0.1762
vn -0.7179 -0.2353 -0.6552
vn -0.4644 0.0112 -0.8856
vn -0.5797 -0.0178 -0.8146
vn -0.6869 0.0131 -0.7266
vn -0.1994 0.0147 -0.9798
vn -0.2886 -0.0161 -0.9573
vn 0.1374 -0.0018 -0.9905
vn -0.0466 -0.0075 -0.9989
vn 0.3256 0.0736 -0.9426
vn 0.1475 -0.0382 -0.9883
vn 0.4070 -0.0030 -0.9134
vn 0.4726 0.0156 -0.8811
vn 0.6313 -0.0186 -0.7753
vn 0.6865 0.0019 -0.7271
vn 0.8657 -0.0264 -0.4998
vn 0.8820 -0.0122 -0.4711
vn 0.9899 -0.0038 -0.1414
vn 0.9943 -0.0224 -0.1045
vn 0.9841 0.0075 0.1775
vn 0.9507 -0.0254 0.3089
vn 0.9071 0.0064 0.4208
vn 0.7429 -0.0238 0.6689
vn 0.7144 -0.0000 0.6998
vn 0.4464 -0.0000 0.8948
vn 0.4066 -0.0243 0.9133
vn 0.1248 0.0068 0.9922
vn -0.0000 -0.0349 0.9994
vn -0.7288 0.0052 0.6847
vn -0.7150 0.0145 0.6990
vn -0.1229 0.0062 0.9924
vn -0.4164 -0.0249 0.9088
vn -0.4448 -0.0053 0.8956
vn -0.9058 0.0140 0.4235
vn -0.8710 -0.0063 0.4913
vn -0.9674 -0.0030 0.2532
vn -0.9840 0.0133 0.1776
vn -0.9996 -0.0097 -0.0271
vn -0.8423 -0.0318 -0.5381
vn -0.8908 0.0057 -0.4543
vn -0.9890 -0.0053 -0.1481
vn -0.9700 0.0441 -0.2391
vn -0.1629 -0.1367 -0.9771
vn -0.4752 -0.0194 -0.8797
vn -0.8878 0.4557 0.0638
vn -0.8868 0.0676 0.4572
vn -0.7055 0.0566 0.7064
vn -0.7093 0.0614 0.7022
vn -0.4526 0.0777 0.8883
vn -0.1561 0.9819 0.1069
vn -0.4524 0.8889 0.0725
vn -0.4465 0.8914 0.0780
vn -0.7058 0.7058 0.0617
vn -0.7130 0.6991 0.0533
vn -0.4438 0.0712 0.8933
vn -0.1561 0.1062 0.9820
vn 0.1561 0.9820 0.1064
vn 0.1221 0.9887 0.0865
vn -0.1221 0.9887 0.0865
vn -0.1223 0.0865 0.9887
vn 0.1223 0.0865 0.9887
vn 0.1561 0.1068 0.9820
vn 0.4524 0.0724 0.8889
vn 0.4465 0.0780 0.8914
vn 0.7058 0.0617 0.7058
vn 0.8868 0.4577 0.0647
vn 0.7055 0.7065 0.0558
vn 0.7102 0.7013 0.0614
vn 0.4526 0.8883 0.0777
vn 0.4440 0.8932 0.0713
vn 0.7133 0.0530 0.6989
vn 0.8877 0.0635 0.4560
vn 0.9861 0.1600 0.0452
vn -0.1692 -0.9508 -0.2595
vn -0.1717 -0.9514 -0.2555
vn -0.4670 -0.8633 -0.1913
vn -0.4522 -0.8641 -0.2211
vn -0.7045 -0.6907 -0.1634
vn -0.7047 -0.6906 -0.1629
vn -0.8850 -0.4475 -0.1288
vn -0.8835 -0.4491 -0.1331
vn -0.9862 -0.1591 -0.0464
vn -0.9876 -0.1521 -0.0400
vn -0.9866 0.1560 0.0483
vn -0.9879 0.1495 0.0420
vn -0.8960 0.4283 0.1172
vn -0.8977 0.4256 0.1141
vn -0.7058 0.6843 0.1834
vn -0.4526 0.8613 0.2308
vn -0.1559 0.9541 0.2557
vn 0.1559 0.9541 0.2557
vn 0.4526 0.8613 0.2308
vn 0.7058 0.6843 0.1834
vn 0.8937 0.4333 0.1161
vn 0.9003 0.4177 0.1226
vn 0.9858 0.1609 0.0476
vn 0.9891 -0.1420 -0.0391
vn 0.8856 -0.4477 -0.1238
vn 0.8854 -0.4481 -0.1235
vn -0.1339 -0.8847 -0.4465
vn -0.4515 -0.7971 -0.4010
vn -0.4501 -0.7966 -0.4034
vn -0.7047 -0.6337 -0.3192
vn -0.7030 -0.6339 -0.3224
vn -0.8985 -0.3919 -0.1978
vn -0.8803 0.4299 0.2005
vn -0.7058 0.6421 0.2994
vn -0.4526 0.8082 0.3769
vn -0.1559 0.8952 0.4175
vn 0.1559 0.8952 0.4175
vn 0.4526 0.8082 0.3769
vn 0.7058 0.6421 0.2994
vn 0.8803 0.4299 0.2005
vn 0.9905 0.1237 0.0598
vn 0.9841 -0.1595 -0.0781
vn 0.8976 -0.3951 -0.1956
vn -0.1882 -0.8045 -0.5633
vn -0.8762 -0.3913 -0.2813
vn -0.9870 -0.1304 -0.0937
vn -0.9876 -0.1288 -0.0902
vn -0.9872 0.1309 0.0916
vn -0.9878 0.1286 0.0877
vn -0.9014 0.3577 0.2439
vn -0.8977 0.3610 0.2528
vn -0.7058 0.5803 0.4064
vn -0.4526 0.7304 0.5115
vn -0.1559 0.8091 0.5666
vn 0.1558 0.8091 0.5666
vn 0.1559 0.8091 0.5666
vn 0.4526 0.7304 0.5115
vn 0.7058 0.5803 0.4064
vn 0.8977 0.3610 0.2528
vn 0.8899 0.3798 0.2527
vn 0.9861 0.1379 0.0925
vn 0.9887 -0.1254 -0.0817
vn 0.8808 -0.3977 -0.2569
vn -0.1223 -0.7005 -0.7031
vn -0.4498 -0.6304 -0.6327
vn -0.4483 -0.6296 -0.6345
vn -0.7030 -0.5010 -0.5049
vn -0.7013 -0.5006 -0.5074
vn -0.9011 -0.3045 -0.3086
vn -0.8803 0.3354 0.3354
vn -0.7058 0.5010 0.5010
vn -0.4526 0.6305 0.6305
vn -0.1559 0.6985 0.6985
vn -0.1558 0.6985 0.6985
vn 0.1559 0.6985 0.6985
vn 0.4526 0.6305 0.6305
vn 0.7058 0.5010 0.5009
vn 0.7058 0.5010 0.5010
vn 0.8903 0.3220 0.3220
vn 0.8988 0.2982 0.3213
vn 0.9861 0.1136 0.1215
vn 0.9888 -0.1036 -0.1077
vn 0.8971 -0.3049 -0.3197
vn 0.8891 -0.3258 -0.3214
vn -0.1882 -0.5633 -0.8045
vn -0.8762 -0.2715 -0.3981
vn -0.9870 -0.0905 -0.1327
vn -0.9876 -0.0902 -0.1288
vn -0.9872 0.0916 0.1308
vn -0.9878 0.0908 0.1264
vn -0.9014 0.2527 0.3516
vn -0.8977 0.2528 0.3610
vn -0.7058 0.4064 0.5803
vn -0.7058 0.4063 0.5803
vn -0.4526 0.5115 0.7304
vn -0.1559 0.5666 0.8091
vn 0.1559 0.5666 0.8091
vn 0.4526 0.5115 0.7304
vn 0.7058 0.4063 0.5803
vn 0.7058 0.4064 0.5803
vn 0.8803 0.2721 0.3886
vn 0.9901 0.0839 0.1126
vn 0.9845 -0.1048 -0.1406
vn -0.1185 -0.4092 -0.9047
vn -0.4495 -0.3724 -0.8119
vn -0.4737 -0.3944 -0.7874
vn -0.7045 -0.3165 -0.6352
vn -0.7048 -0.3169 -0.6347
vn -0.8976 -0.1956 -0.3951
vn -0.8803 0.2005 0.4299
vn -0.7058 0.2994 0.6421
vn -0.4526 0.3768 0.8082
vn -0.4526 0.3769 0.8082
vn -0.1559 0.4175 0.8952
vn 0.1559 0.4175 0.8952
vn 0.4526 0.3769 0.8082
vn 0.4526 0.3768 0.8082
vn 0.7058 0.2994 0.6421
vn 0.8977 0.1862 0.3994
vn 0.8899 0.2026 0.4088
vn 0.9862 0.0729 0.1485
vn 0.9895 -0.0603 -0.1316
vn 0.8870 -0.1944 -0.4189
vn 0.8749 -0.2185 -0.4322
vn -0.1924 -0.2459 -0.9500
vn -0.4289 -0.2116 -0.8782
vn -0.7056 -0.1802 -0.6853
vn -0.6987 -0.1679 -0.6954
vn -0.8854 -0.1237 -0.4480
vn -0.8839 -0.1215 -0.4515
vn -0.9871 -0.0415 -0.1546
vn -0.9870 -0.0413 -0.1554
vn -0.9874 0.0468 0.1512
vn -0.9865 0.0461 0.1573
vn -0.9002 0.1230 0.4178
vn -0.8933 0.1163 0.4341
vn -0.7058 0.1834 0.6843
vn -0.4526 0.2308 0.8613
vn -0.1559 0.2557 0.9541
vn 0.1559 0.2557 0.9541
vn 0.4526 0.2308 0.8613
vn 0.7058 0.1834 0.6843
vn 0.8903 0.1179 0.4399
vn 0.8966 0.1031 0.4308
vn 0.9886 0.0377 0.1456
vn 0.9864 0.0483 0.1574
vn 0.9850 -0.0437 -0.1671
vn 0.8975 -0.1238 -0.4234
vn 0.6987 -0.6953 -0.1684
vn 0.7056 -0.6851 -0.1810
vn 0.7048 -0.6347 -0.3169
vn 0.7045 -0.6352 -0.3165
vn 0.7014 -0.5074 -0.5006
vn 0.7029 -0.5049 -0.5010
vn 0.7030 -0.3224 -0.6339
vn 0.7047 -0.3192 -0.6337
vn 0.7047 -0.1639 -0.6903
vn 0.7049 -0.1635 -0.6902
vn 0.4498 -0.8915 0.0547
vn 0.4482 -0.8686 -0.2113
vn 0.4638 -0.8525 -0.2411
vn 0.4328 -0.8059 -0.4039
vn 0.4731 -0.7363 -0.4837
vn 0.4344 -0.6394 -0.6344
vn 0.4514 -0.6133 -0.6482
vn 0.4501 -0.4034 -0.7966
vn 0.4515 -0.4010 -0.7971
vn 0.4522 -0.2208 -0.8641
vn 0.4582 -0.2088 -0.8639
vn 0.1539 -0.9496 -0.2733
vn 0.1555 -0.9486 -0.2756
vn 0.1545 -0.8265 -0.5414
vn 0.1718 -0.8070 -0.5651
vn 0.1343 -0.6801 -0.7207
vn 0.1882 -0.5633 -0.8045
vn 0.1339 -0.4465 -0.8847
vn 0.1722 -0.2523 -0.9522
vn 0.1561 -0.2784 -0.9477
vn 0.1306 -0.6814 -0.7201
vn 0.2036 -0.4833 0.8514
vn 0.5168 -0.8542 -0.0574
vn 0.5485 -0.3450 0.7616
vn 0.5265 -0.5018 0.6863
vn 0.6466 -0.4905 0.5842
vn 0.7729 -0.0309 0.6338
vn 0.7783 -0.1434 0.6113
vn -0.4938 -0.1226 0.8609
vn -0.4624 -0.0489 -0.8853
vn 0.6203 -0.7809 0.0735
vn -0.2490 -0.9661 0.0683
vn -0.7300 -0.6774 0.0906
vn -0.8347 -0.5492 0.0408
vn -0.8346 -0.5493 0.0408
vn -0.6206 -0.7833 0.0363
vn -0.6355 -0.7672 0.0872
vn -0.7572 -0.6517 -0.0441
vn -0.4944 -0.8676 0.0539
vn -0.5097 -0.8602 0.0182
vn -0.3893 -0.9200 0.0457
vn -0.3963 -0.9162 0.0587
vn -0.2152 -0.9765 -0.0122
vn -0.0499 -0.9922 0.1146
vn -0.0859 -0.9960 0.0229
vn 0.0600 -0.9951 0.0786
vn 0.0794 -0.9959 0.0430
vn 0.1994 -0.9788 0.0471
vn 0.2066 -0.9778 0.0341
vn 0.3038 -0.9505 0.0648
vn 0.3119 -0.9489 0.0488
vn 0.4147 -0.9096 0.0266
vn 0.4699 -0.8730 0.1305
vn 0.5196 -0.8534 0.0424
vn 0.6271 -0.7768 0.0581
vn 0.7585 -0.6451 0.0916
vn 0.7141 -0.6916 -0.1087
vn 0.8516 -0.5036 0.1454
vn 0.8449 -0.5327 0.0481
vn 0.9176 -0.3867 0.0914
vn 0.9141 -0.4005 0.0637
vn 0.9584 -0.2766 0.0708
vn 0.9606 -0.2717 0.0585
vn 0.9946 -0.1037 0.0019
vn 0.9944 -0.0807 0.0676
vn -0.5585 -0.5621 0.6101
vn 0.9858 -0.0818 0.1465
vn 0.8180 -0.5375 0.2048
vn -0.6285 -0.7675 -0.1259
vn -0.7043 -0.4349 0.5611
vn -0.7085 -0.4478 0.5454
vn -0.6646 -0.5591 0.4957
vn -0.6634 -0.5166 0.5414
vn 0.7718 -0.3014 0.5598
vn 0.7241 -0.3868 0.5710
vn -0.5595 -0.5692 0.6024
vn -0.4024 -0.7928 0.4578
vn -0.4092 -0.8062 0.4274
vn -0.4011 -0.7619 0.5085
vn -0.4817 -0.6398 0.5988
vn -0.4862 -0.6705 0.5604
vn -0.1420 -0.7482 0.6481
vn -0.2368 -0.8402 0.4879
vn -0.2747 -0.7860 0.5539
vn 0.0566 -0.8549 0.5156
vn 0.0128 -0.7840 0.6206
vn -0.0697 -0.8577 0.5094
vn 0.2914 -0.8319 0.4723
vn 0.1881 -0.6940 0.6950
vn 0.1604 -0.8103 0.5636
vn 0.5685 -0.5885 0.5750
vn 0.5426 -0.6726 0.5031
vn 0.5051 -0.6646 0.5506
vn 0.3967 -0.7356 0.5492
vn 0.4598 -0.7851 0.4149
vn 0.7589 -0.5726 0.3101
vn 0.7347 -0.6634 0.1422
vn 0.7071 -0.2952 0.6426
vn 0.8438 -0.2209 0.4892
vn 0.8066 -0.1569 0.5700
vn 0.8322 -0.0070 0.5544
vn -0.1523 -0.9555 -0.2527
vn -0.1610 -0.9429 -0.2917
vn -0.2771 -0.8247 -0.4931
vn -0.3061 -0.7976 -0.5197
vn -0.4284 -0.5211 -0.7382
vn -0.4331 -0.4639 -0.7728
vn -0.4945 -0.2212 -0.8406
vn -0.1558 -0.9455 -0.2860
vn -0.2912 -0.7820 -0.5510
vn -0.2938 -0.7791 -0.5537
vn -0.4021 -0.5064 -0.7629
vn -0.4064 -0.4989 -0.7655
vn -0.4600 -0.2112 -0.8624
vn -0.4564 -0.2180 -0.8626
vn -0.3002 -0.2292 -0.9259
vn -0.3039 -0.2213 -0.9266
vn -0.2449 -0.5693 -0.7848
vn -0.0131 0.2578 0.9661
vn -0.0209 0.3692 0.9291
vn -0.0379 0.5068 0.8612
vn -0.0495 0.6438 0.7636
vn -0.0619 0.7365 0.6736
vn -0.0731 0.8563 0.5112
vn -0.0854 0.9291 0.3598
vn -0.0887 0.9742 0.2074
vn -0.0923 0.9862 0.1374
vn -0.0957 0.9933 -0.0641
vn -0.0961 0.9927 -0.0723
vn 0.0014 0.0066 1.0000
vn -0.0013 0.0162 0.9999
vn -0.0042 0.0125 0.9999
vn -0.0041 0.0127 0.9999
vn 0.0050 0.0352 0.9994
vn 0.0002 0.0040 1.0000
vn 0.0004 0.0001 1.0000
vn -0.0143 0.0151 0.9998
vn 0.0058 0.0449 0.9990
vn -0.0004 0.0319 0.9995
vn -0.0062 0.0149 0.9999
vn 0.0015 0.0500 0.9987
vn -0.0015 0.0190 0.9998
vn -0.0045 0.0336 0.9994
vn -0.0043 0.0330 0.9994
vn -0.0028 0.0316 0.9995
vn 0.0395 0.0139 0.9991
vn 0.0145 0.0199 0.9997
vn 0.0135 0.0201 0.9997
vn -0.0024 0.0213 0.9998
vn -0.0004 0.0419 0.9991
vn 0.0007 0.0614 0.9981
vn -0.0000 0.0587 0.9983
vn -0.0013 0.0881 0.9961
vn 0.0020 0.1331 0.9911
vn -0.0009 0.1232 0.9924
vn -0.0007 0.0904 0.9959
vn 0.0492 -0.2712 0.9613
vn 0.3030 -0.2707 0.9137
vn 0.2625 -0.3573 0.8963
vn 0.3005 -0.4560 0.8377
vn 0.1992 -0.6806 0.7051
vn 0.0917 -0.8861 0.4544
vn 0.0910 -0.8827 0.4610
vn -0.0001 -0.9842 0.1772
vn -0.0632 -0.9965 -0.0553
vn -0.0876 -0.9930 -0.0795
vn -0.0014 -0.9827 0.1852
vn -0.0703 -0.9780 0.1965
vn -0.0665 -0.9767 0.2040
vn 0.1932 -0.6377 0.7457
vn -0.0308 -0.8445 0.5346
vn -0.0368 -0.8522 0.5220
vn 0.0365 -0.3720 0.9275
vn 0.0326 -0.3802 0.9243
vn 0.1589 -0.1678 0.9729
vn 0.1918 -0.3735 0.9076
vn 0.1772 -0.3912 0.9031
vn 0.1424 -0.5945 0.7914
vn -0.0005 -0.6345 0.7730
vn 0.0088 -0.6181 0.7861
vn 0.3091 -0.0571 0.9493
vn 0.3031 -0.0582 0.9512
vn 0.3066 -0.0974 0.9468
vn 0.3072 -0.0973 0.9467
vn 0.3075 -0.1330 0.9422
vn 0.1704 -0.1393 0.9755
vn 0.0065 -0.1346 0.9909
vn 0.0273 -0.1293 0.9912
vn 0.0415 -0.0910 0.9950
vn 0.0297 -0.0950 0.9950
vn 0.0304 -0.0604 0.9977
vn 0.0408 -0.0569 0.9975
vn 0.3074 -0.0186 0.9514
vn 0.3112 -0.0193 0.9501
vn 0.1779 -0.0192 0.9839
vn 0.0286 -0.0190 0.9994
vn 0.0278 -0.0188 0.9994
vn 0.1780 -0.0192 0.9839
vn 0.1775 -0.0580 0.9824
vn 0.1777 -0.0581 0.9824
vn 0.1770 -0.0971 0.9794
vn 0.1773 -0.0972 0.9794
vn 0.1760 -0.1385 0.9746
vn 0.2603 -0.1403 0.9553
vn 0.0522 0.1381 0.9890
vn 0.2634 0.1338 0.9554
vn 0.3024 0.1401 0.9428
vn 0.3068 0.0574 0.9500
vn 0.3069 0.0974 0.9467
vn 0.3071 0.0974 0.9467
vn 0.3109 0.0582 0.9487
vn 0.3088 0.0193 0.9509
vn 0.3090 0.0192 0.9509
vn 0.0291 0.0191 0.9994
vn 0.0282 0.0188 0.9994
vn 0.0419 0.0611 0.9973
vn 0.0305 0.0568 0.9979
vn 0.0298 0.0911 0.9954
vn 0.0392 0.0952 0.9947
vn 0.0266 0.1312 0.9910
vn 0.1914 0.1390 0.9716
vn 0.1761 0.1366 0.9749
vn 0.1772 0.0972 0.9794
vn 0.1769 0.0972 0.9794
vn 0.1778 0.0581 0.9824
vn 0.1775 0.0580 0.9824
vn 0.1779 0.0192 0.9839
vn 0.0191 0.9793 0.2013
vn 0.0971 0.8753 0.4738
vn 0.0800 0.8859 0.4569
vn -0.0375 0.8387 0.5432
vn 0.2269 0.4608 0.8580
vn 0.3163 0.2737 0.9083
vn -0.0837 0.9932 -0.0810
vn -0.0887 0.9939 -0.0658
vn -0.0739 0.9740 0.2143
vn -0.0687 0.9781 0.1962
vn 0.0033 0.9829 0.1843
vn -0.0672 0.9956 -0.0660
vn 0.0089 0.6458 0.7635
vn -0.0295 0.8757 0.4820
vn 0.0070 0.6396 0.7686
vn 0.1422 0.5959 0.7904
vn 0.2226 0.6559 0.7213
vn 0.0274 0.3816 0.9239
vn 0.0263 0.3786 0.9252
vn 0.1529 0.3639 0.9188
vn 0.1769 0.3934 0.9022
vn 0.3536 0.3586 0.8639
vn 0.1465 0.6966 0.7023
vn -0.0968 0.9809 -0.1687
vn -0.0950 0.9804 -0.1728
vn -0.0970 0.9802 -0.1726
vn -0.0961 0.9804 -0.1718
vn -0.2388 0.8779 -0.4150
vn -0.3255 0.7553 -0.5689
vn -0.3952 0.6417 -0.6572
vn -0.4410 0.4419 -0.7811
vn -0.4554 0.4097 -0.7904
vn -0.4974 0.1989 -0.8444
vn -0.1369 0.9575 -0.2537
vn -0.4582 0.1612 -0.8741
vn -0.4548 0.2993 -0.8388
vn -0.4244 0.3966 -0.8140
vn -0.3790 0.6035 -0.7015
vn -0.3395 0.6700 -0.6602
vn -0.2491 0.8512 -0.4619
vn -0.2560 0.8452 -0.4692
vn -0.1423 0.9545 -0.2622
vn -0.1566 0.8543 -0.4957
vn -0.1642 0.9471 -0.2758
vn -0.2885 0.4038 -0.8681
vn -0.1151 0.9623 -0.2465
vn -0.1319 0.9355 -0.3276
vn -0.1538 0.9012 -0.4052
vn -0.1851 0.8167 -0.5465
vn -0.2171 0.7015 -0.6788
vn -0.2290 0.6173 -0.7527
vn -0.2604 0.1660 -0.9511
vn -0.2562 0.3264 -0.9098
vn -0.2538 0.4296 -0.8666
vn -0.2567 0.0814 -0.9631
vn -0.2563 0.0800 -0.9633
vn -0.2593 0.0640 -0.9637
vn -0.2585 0.0483 -0.9648
vn -0.2607 0.0526 -0.9640
vn -0.2567 0.0236 -0.9662
vn -0.2598 0.0161 -0.9655
vn -0.2597 0.0009 -0.9657
vn -0.2576 -0.0103 -0.9662
vn -0.2610 -0.0235 -0.9650
vn -0.2596 -0.0351 -0.9651
vn -0.2588 -0.0375 -0.9652
vn -0.2597 -0.0629 -0.9636
vn -0.2596 -0.0634 -0.9636
vn -0.2595 -0.0762 -0.9627
vn -0.2579 -0.0830 -0.9626
vn -0.2593 -0.1705 -0.9506
vn -0.2561 -0.2460 -0.9348
vn -0.2555 -0.4099 -0.8756
vn -0.2398 -0.5451 -0.8034
vn -0.1301 -0.9425 -0.3080
vn -0.1119 -0.9620 -0.2490
vn -0.1642 -0.8797 -0.4463
vn -0.1920 -0.7956 -0.5747
vn -0.1917 -0.7963 -0.5737
vn -0.2276 -0.6438 -0.7306
vn -0.0966 -0.9805 -0.1710
vn -0.0958 -0.9808 -0.1699
vn -0.0945 -0.9803 -0.1735
vn -0.4897 -0.0856 -0.8677
vn -0.5020 -0.0774 -0.8614
vn -0.5050 -0.0494 -0.8617
vn -0.4989 -0.0448 -0.8655
vn -0.4294 0.0006 -0.9031
vn -0.4439 -0.0417 -0.8951
vn -0.5014 -0.0297 -0.8647
vn -0.4290 -0.0191 -0.9031
vn -0.4012 -0.0154 -0.9158
vn -0.3157 -0.0161 -0.9487
vn -0.4668 -0.0774 -0.8810
vn -0.4465 -0.0451 -0.8936
vn -0.4751 -0.0615 -0.8778
vn -0.4558 -0.0806 -0.8864
vn -0.3004 -0.0825 -0.9502
vn -0.3335 -0.0691 -0.9402
vn -0.3377 -0.0623 -0.9392
vn -0.3354 -0.0618 -0.9401
vn -0.3317 -0.0393 -0.9426
vn -0.3449 -0.0418 -0.9377
vn -0.3126 -0.0167 -0.9497
vn -0.2910 0.0342 -0.9561
vn -0.4458 0.0116 -0.8950
vn -0.4389 0.0437 -0.8975
vn -0.4870 0.0477 -0.8721
vn -0.4922 0.0173 -0.8703
vn -0.4942 0.0165 -0.8692
vn -0.4318 0.0343 -0.9013
vn -0.4021 0.0181 -0.9154
vn -0.3405 0.0914 -0.9358
vn -0.3038 0.0810 -0.9493
vn -0.3002 0.0530 -0.9524
vn -0.2726 0.0631 -0.9601
vn -0.4864 0.0631 -0.8715
vn -0.4118 0.0946 -0.9064
vn -0.4809 0.0768 -0.8734
vn -0.2834 0.0115 -0.9589
vn -0.3145 0.0235 -0.9490
vn -0.4924 0.0831 -0.8664
vn -0.5017 0.0772 -0.8616
vn -0.5052 0.0482 -0.8617
vn -0.4997 0.0442 -0.8651
vn -0.6109 0.3966 0.6852
vn -0.6002 0.5888 0.5413
vn -0.0915 -0.1138 -0.9893
vn 0.7524 0.1741 0.6353
vn 0.8270 0.0567 0.5594
vn 0.4017 0.7265 0.5575
vn 0.7700 0.3280 0.5473
vn 0.8023 0.2094 0.5589
vn 0.8374 0.0529 0.5441
vn 0.7039 0.4692 0.5333
vn 0.7401 0.3276 0.5874
vn 0.6927 0.4519 0.5621
vn 0.6402 0.5796 0.5043
vn 0.6012 0.5676 0.5625
vn 0.5226 0.6716 0.5252
vn 0.5195 0.6548 0.5490
vn 0.2731 0.8096 0.5196
vn 0.3866 0.7133 0.5846
vn 0.2738 0.8041 0.5277
vn 0.1413 0.8216 0.5523
vn 0.1484 0.8331 0.5329
vn 0.0015 0.8269 0.5623
vn 0.0193 0.8662 0.4992
vn -0.1332 0.8034 0.5804
vn -0.1196 0.8587 0.4984
vn -0.2650 0.7684 0.5825
vn -0.2562 0.8406 0.4771
vn -0.3823 0.7091 0.5925
vn -0.3900 0.7951 0.4645
vn -0.4868 0.6201 0.6152
vn -0.5111 0.7162 0.4752
vn -0.5820 0.5529 0.5963
vn -0.6632 0.4146 0.6231
vn 0.6047 0.7938 0.0649
vn 0.7290 0.6817 0.0621
vn 0.7279 0.6825 0.0655
vn 0.8326 0.5502 0.0641
vn 0.8311 0.5517 0.0693
vn 0.9129 0.4028 0.0657
vn 0.9132 0.4023 0.0645
vn 0.9693 0.2379 0.0615
vn 0.9678 0.2416 0.0704
vn 0.9934 0.0856 0.0764
vn 0.9947 0.0803 0.0647
vn 0.4677 0.8823 0.0527
vn 0.4734 0.8782 0.0682
vn 0.6049 0.7937 0.0643
vn 0.3170 0.9463 0.0643
vn 0.3180 0.9461 0.0618
vn 0.1615 0.9849 0.0631
vn 0.1613 0.9849 0.0634
vn -0.0008 0.9978 0.0658
vn 0.0001 0.9980 0.0637
vn -0.1594 0.9851 0.0650
vn -0.1585 0.9854 0.0628
vn -0.3128 0.9480 0.0592
vn -0.3118 0.9481 0.0615
vn -0.4670 0.8820 0.0628
vn -0.4684 0.8810 0.0665
vn -0.6033 0.7948 0.0651
vn -0.6036 0.7945 0.0661
vn -0.7308 0.6803 0.0553
vn -0.8256 0.5615 0.0547
vn -0.8226 0.5648 0.0653
vn -0.7195 0.6889 0.0884
vn -0.8970 0.4386 0.0556
vn -0.8978 0.4363 0.0598
vn -0.9456 0.3204 0.0566
vn -0.9477 0.3157 0.0466
vn -0.9792 0.1932 0.0618
vn -0.9891 0.1435 -0.0326
vn -0.9942 0.0594 0.0898
vn -0.8289 0.3332 0.4492
vn -0.8359 0.0378 0.5476
vn -0.8020 0.1758 0.5709
vn -0.7588 0.1474 0.6344
vn -0.8129 0.2692 0.5164
vn -0.6934 0.3241 0.6435
vn -0.8371 0.0373 0.5457
vn -0.7439 -0.3398 0.5754
vn -0.7611 -0.3660 0.5355
vn -0.8120 -0.2573 0.5239
vn -0.8450 -0.1286 0.5190
vn -0.8330 -0.1231 0.5394
vn -0.8385 -0.3148 0.4447
vn -0.9801 -0.1458 0.1348
vn -0.9964 -0.0822 -0.0211
vn -0.9783 -0.2040 0.0372
vn -0.9445 -0.3245 0.0515
vn -0.8979 -0.4356 0.0626
vn -0.8936 -0.4421 0.0780
vn -0.9451 -0.3220 0.0552
vn -0.2786 -0.0393 0.9596
vn -0.3675 -0.1535 0.9173
vn -0.9158 -0.1553 -0.3703
vn -0.6105 -0.0126 0.7919
vn -0.5973 -0.7280 -0.3364
vn 0.0269 -0.0036 0.9996
vn 0.5116 -0.2779 0.8130
vn 0.2275 -0.1570 0.9610
vn 0.3755 -0.3378 0.8631
vn 0.2818 -0.4200 0.8627
vn 0.1213 -0.2327 0.9650
vn 0.1967 -0.5880 0.7846
vn 0.0632 -0.5725 0.8174
vn -0.0140 -0.2410 0.9704
vn -0.1016 -0.6063 0.7887
vn -0.5448 -0.4476 0.7091
vn 0.0815 -0.9719 -0.2209
vn -0.0471 -0.1493 0.9877
vn 0.1119 -0.5812 0.8060
vn 0.3154 -0.9280 0.1984
vn -0.7030 -0.5715 0.4232
vn -0.2538 -0.1466 0.9561
vn -0.2866 0.1810 0.9408
vn -0.2479 -0.0253 0.9684
vn -0.3960 0.0604 0.9163
vn -0.7597 0.2756 0.5889
vn -0.2475 0.1068 0.9630
vn -0.6684 0.2347 0.7058
vn -0.9378 0.1282 0.3225
vn -0.0003 -0.0330 0.9995
vn 0.0418 -0.0180 0.9990
vn 0.0267 -0.0205 0.9994
vn -0.0087 -0.0335 0.9994
vn -0.0009 -0.0275 0.9996
vn -0.0011 -0.0279 0.9996
vn -0.0004 -0.0300 0.9995
vn 0.0004 -0.0348 0.9994
vn 0.0005 -0.0357 0.9994
vn -0.0017 -0.0295 0.9996
vn -0.0027 -0.0359 0.9994
vn -0.0019 -0.0237 0.9997
vn -0.0020 -0.0291 0.9996
vn -0.0039 -0.0263 0.9996
vn 0.0049 -0.0360 0.9993
vn -0.0040 -0.0157 0.9999
vn -0.0063 -0.0124 0.9999
vn -0.0017 -0.0171 0.9999
vn 0.0013 -0.0040 1.0000
vn 0.0015 0.0801 0.9968
vn -0.0013 -0.0215 0.9998
vn 0.0007 -0.0584 0.9983
vn 0.0001 -0.0607 0.9982
vn -0.0013 -0.0901 0.9959
vn -0.0008 -0.0886 0.9961
vn -0.0010 -0.1232 0.9924
vn 0.0024 -0.1348 0.9909
vn -0.0892 -0.9735 0.2105
vn -0.0974 -0.9952 0.0097
vn -0.0948 -0.9906 -0.0981
vn -0.0655 -0.8015 0.5945
vn -0.0877 -0.9498 0.3002
vn -0.0766 -0.8582 0.5075
vn -0.0443 -0.5913 0.8052
vn -0.0453 -0.6059 0.7943
vn -0.0238 -0.3669 0.9300
vn -0.0290 -0.4683 0.8831
vn -0.0112 -0.2402 0.9707
vn -0.5115 -0.3861 0.7677
vn -0.8055 -0.5168 0.2899
vn -0.7093 -0.2218 -0.6691
vn -0.9160 -0.3664 -0.1636
vn -0.8979 -0.3038 0.3185
vn -0.8922 -0.0363 -0.4503
vn -0.2951 -0.0667 -0.9531
vn -0.9294 -0.1708 -0.3272
vn -0.9023 -0.1030 -0.4187
vn -0.8373 -0.0816 -0.5406
vn -0.9239 -0.0371 -0.3809
vn -0.7635 -0.0057 -0.6458
vn -0.9953 0.0081 -0.0960
vn -0.9830 0.1683 -0.0732
vn -0.8889 0.1609 -0.4288
vn -0.9252 0.0386 -0.3775
vn -0.8988 0.0386 -0.4367
vn -0.8316 0.0737 -0.5505
vn -0.2927 0.0510 -0.9548
vn -0.7849 0.0750 0.6151
vn -0.8552 0.1360 -0.5001
vn -0.7844 0.2531 -0.5662
vn -0.0052 0.6261 -0.7798
vn -0.8637 0.4018 -0.3044
vn -0.6363 0.7674 -0.0794
vn -0.5977 0.7389 0.3111
vn -0.3628 0.6404 0.6770
vn -0.0964 0.9258 0.3655
vn 0.0394 0.0490 0.9980
vn -0.8116 0.0527 0.5819
vn -0.7026 -0.0587 0.7091
vn -0.7711 0.4380 0.4622
vn -0.6049 0.6436 0.4689
vn -0.7608 0.6317 -0.1489
vn -0.8059 0.4874 0.3361
vn -0.7148 0.6971 -0.0555
vn -0.6350 0.5114 -0.5791
vn -0.6019 0.6708 -0.4333
vn -0.8154 0.4778 0.3268
vn -0.9676 0.2513 -0.0253
vn -0.8477 0.3050 -0.4340
vn -0.8350 0.1767 -0.5211
vn -0.5984 0.1739 -0.7821
vn -0.9525 0.3036 0.0233
vn -0.9140 0.0995 0.3933
vn -0.5795 0.6388 0.5060
vn -0.5424 0.6789 0.4948
vn -0.8448 0.0483 0.5329
vn -0.8473 0.0274 0.5304
vn -0.7105 0.2325 0.6641
vn -0.6014 0.1857 0.7771
vn -0.5176 0.5348 0.6679
vn -0.8449 -0.0461 0.5329
vn -0.8433 -0.0552 0.5346
vn -0.5706 -0.6484 0.5040
vn -0.5735 -0.6450 0.5051
vn -0.1937 -0.9221 0.3351
vn -0.1906 -0.9229 0.3344
vn -0.1753 0.0003 0.9845
vn -0.1751 0.0027 0.9845
vn -0.1818 0.0047 0.9833
vn -0.1784 0.0058 0.9839
vn -0.1704 0.0151 0.9853
vn -0.1973 0.0058 0.9803
vn -0.1790 -0.0010 0.9838
vn -0.1746 -0.0023 0.9846
vn -0.1814 -0.0065 0.9834
vn -0.1773 -0.0060 0.9841
vn -0.1891 -0.0123 0.9819
vn -0.1724 -0.0108 0.9850
vn -0.1980 -0.1767 0.9641
vn -0.1843 -0.3273 0.9268
vn -0.2565 -0.6321 0.7312
vn -0.1822 -0.4928 0.8508
vn -0.2239 -0.7343 0.6409
vn -0.1787 -0.8697 0.4600
vn -0.5996 -0.1921 0.7769
vn -0.5120 -0.5659 0.6462
vn -0.6845 -0.2914 0.6683
vn -0.4871 -0.2546 0.8354
vn -0.8644 0.0064 0.5028
vn -0.8676 0.0304 0.4964
vn -0.8635 0.0455 0.5022
vn -0.8655 0.0661 0.4966
vn -0.8628 0.0784 0.4995
vn -0.8634 0.0971 0.4950
vn -0.8620 0.1036 0.4961
vn -0.8625 0.1186 0.4919
vn -0.8695 0.1260 0.4776
vn -0.8582 0.1309 0.4964
vn -0.7449 0.0901 0.6611
vn -0.9636 0.1259 0.2357
vn -0.3455 0.0172 0.9383
vn -0.4646 0.0221 0.8853
vn -0.4411 0.0202 0.8972
vn -0.3787 0.0064 0.9255
vn -0.5926 0.0063 0.8054
vn -0.7306 -0.0837 0.6777
vn -0.9687 -0.0647 0.2398
vn -0.3618 -0.0021 0.9322
vn -0.4103 -0.0136 0.9118
vn -0.4592 -0.0186 0.8881
vn -0.3640 -0.0169 0.9312
vn -0.4766 -0.0407 0.8782
vn -0.8657 -0.1201 0.4860
vn -0.8585 -0.1222 0.4981
vn -0.8573 -0.1246 0.4994
vn -0.8622 -0.0982 0.4970
vn -0.8610 -0.0928 0.5001
vn -0.8652 -0.0593 0.4979
vn -0.8651 -0.0583 0.4982
vn -0.8666 -0.0478 0.4966
vn -0.8638 -0.0232 0.5033
vn -0.8669 -0.0104 0.4984
vn -0.9563 -0.0270 0.2911
vn -0.9590 -0.0687 0.2750
vn -0.9749 -0.0073 -0.2226
vn -0.6909 0.0064 -0.7230
vn -0.4659 0.0531 -0.8832
vn -0.9351 -0.1070 0.3379
vn -0.9479 -0.1020 0.3018
vn -0.7109 0.0063 -0.7032
vn -0.6291 0.0216 -0.7770
vn -0.7389 0.0158 -0.6737
vn -0.7305 0.0309 -0.6823
vn -0.6136 0.0557 -0.7877
vn -0.9646 -0.0074 -0.2635
vn -0.9741 -0.0191 -0.2253
vn -0.8810 -0.0799 0.4663
vn -0.9290 -0.0102 -0.3699
vn -0.9799 -0.0435 -0.1949
vn -0.9933 -0.0534 -0.1020
vn -0.9516 0.0005 -0.3072
vn -0.7870 -0.0203 -0.6166
vn -0.7701 -0.0250 -0.6374
vn -0.9965 0.0650 -0.0527
vn -0.9906 0.0798 0.1111
vn -0.4671 -0.0541 -0.8825
vn -0.8210 -0.0038 -0.5710
vn -0.7655 -0.0090 -0.6434
vn -0.9979 0.0237 0.0602
vn -0.8063 -0.0073 -0.5915
vn -0.7872 -0.0074 -0.6166
vn -0.9587 0.0151 -0.2841
vn -0.7678 0.0848 0.6351
vn -0.9629 0.0291 -0.2683
vn -0.9912 0.0200 -0.1309
vn -0.9099 0.0099 0.4146
vn -0.4295 -0.2750 -0.8602
vn -0.4495 -0.4481 -0.7728
vn -0.9119 0.0272 0.4094
vn -0.6153 -0.6358 0.4660
vn -0.7963 -0.6004 -0.0743
vn -0.7887 -0.1075 -0.6053
vn -0.6794 -0.5156 -0.5220
vn -0.6498 -0.6376 -0.4138
vn -0.7949 -0.3810 0.4722
vn -0.8402 -0.4001 0.3661
vn -0.9752 -0.1007 0.1970
vn -0.9932 -0.1153 -0.0180
vn -0.9958 -0.0437 -0.0807
vn -0.8270 -0.5477 0.1270
vn -0.7165 -0.6942 0.0695
vn -0.2342 -0.9376 -0.2570
vn -0.3209 -0.8510 -0.4157
vn -0.2077 -0.9758 0.0680
vn -0.2657 -0.9625 -0.0544
vn -0.2182 -0.9556 0.1980
vn -0.2160 -0.9555 0.2010
vn -0.2680 -0.5539 -0.7883
vn -0.2172 -0.7913 -0.5715
vn -0.3182 -0.6163 -0.7204
vn -0.2175 -0.2235 -0.9501
vn -0.1957 -0.2685 -0.9432
vn 0.1076 -0.9942 -0.0073
vn -0.9889 -0.0346 -0.1448
vn -0.6652 -0.4885 -0.5646
vn -0.9222 -0.3680 -0.1192
vn -0.6020 -0.7685 -0.2169
vn -0.5746 -0.7836 -0.2364
vn -0.8603 -0.3377 0.3818
vn -0.8231 0.0993 0.5591
vn -0.2959 0.0028 0.9552
vn -0.3417 0.0157 0.9397
vn -0.4321 -0.0303 0.9013
vn -0.2008 0.7703 0.6053
vn -0.2239 0.6981 0.6801
vn -0.2094 0.4875 0.8477
vn -0.1852 0.1647 0.9688
vn -0.2221 0.3949 0.8915
vn -0.1948 0.9201 0.3397
vn -0.1918 0.9217 0.3372
vn -0.9586 -0.0795 0.2734
vn -0.9695 0.2423 -0.0378
vn -0.3082 0.8199 -0.4825
vn -0.2557 0.5421 -0.8005
vn -0.2259 0.2434 -0.9432
vn -0.2355 0.2557 -0.9377
vn -0.2739 0.5376 -0.7975
vn -0.2671 0.5151 -0.8144
vn -0.2468 0.7726 -0.5850
vn -0.3389 0.5628 -0.7540
vn -0.2762 0.8259 -0.4916
vn -0.2654 0.9449 -0.1919
vn -0.3474 0.8289 -0.4383
vn -0.2323 0.9722 0.0290
vn -0.2848 0.9561 -0.0688
vn -0.2087 0.9543 0.2141
vn -0.2204 0.9547 0.2002
vn -0.1954 0.1014 -0.9755
vn -0.1815 0.1050 -0.9778
vn -0.2103 0.0710 -0.9751
vn -0.1973 0.0742 -0.9775
vn -0.1989 0.0424 -0.9791
vn -0.1840 0.0455 -0.9819
vn -0.2070 0.0151 -0.9782
vn -0.2154 0.0132 -0.9764
vn -0.1956 -0.1060 -0.9750
vn -0.1976 -0.1062 -0.9745
vn -0.1884 -0.0767 -0.9791
vn -0.1952 -0.0774 -0.9777
vn -0.1995 -0.0466 -0.9788
vn -0.2044 -0.0474 -0.9777
vn -0.1909 -0.0182 -0.9814
vn -0.1890 -0.0179 -0.9818
vn -0.8448 0.0006 -0.5351
vn -0.7623 -0.0175 -0.6470
vn -0.1554 -0.1218 -0.9803
vn -0.8355 -0.0114 -0.5494
vn -0.8229 -0.0048 -0.5682
vn -0.9651 0.0195 -0.2610
vn -0.9777 0.0191 -0.2093
vn -0.9467 0.0131 -0.3218
vn -0.9555 0.0126 -0.2947
vn -0.8961 0.0871 0.4353
vn -0.8090 0.0064 -0.5878
vn -0.8401 0.0091 -0.5423
vn -0.9673 -0.0087 -0.2535
vn -0.9923 -0.0864 0.0885
vn -0.9663 -0.0064 -0.2573
vn -0.9706 -0.0213 -0.2398
vn -0.9467 -0.0184 -0.3215
vn -0.9793 -0.0273 -0.2008
vn -0.9488 -0.0195 -0.3152
vn -0.9024 -0.0430 0.4288
vn -0.8576 -0.1389 0.4953
vn -0.8569 -0.1390 0.4963
vn -0.8524 -0.1372 0.5046
vn -0.8606 -0.1453 0.4882
vn -0.8540 -0.1503 0.4982
vn -0.8564 -0.1508 0.4939
vn -0.8578 -0.1409 0.4943
vn -0.8550 -0.1412 0.4990
vn -0.8538 -0.1433 0.5004
vn -0.8650 -0.1327 0.4840
vn -0.8604 -0.1463 0.4882
vn -0.8563 -0.1532 0.4932
vn -0.8568 -0.1482 0.4939
vn -0.8581 -0.1394 0.4943
vn -0.8589 -0.1415 0.4922
vn -0.8588 -0.1690 0.4835
vn -0.8542 -0.1499 0.4979
vn -0.8577 -0.1238 0.4990
vn -0.8569 -0.1233 0.5005
vn -0.8675 -0.1058 0.4861
vn -0.8355 -0.0791 0.5438
vn -0.8704 -0.0876 0.4846
vn -0.8545 -0.0537 0.5168
vn -0.8695 -0.0450 0.4919
vn -0.8582 -0.0092 0.5132
vn -0.8696 -0.0148 0.4935
vn -0.8650 -0.1189 0.4875
vn -0.8642 -0.1181 0.4891
vn -0.8722 -0.1043 0.4779
vn -0.8627 -0.0921 0.4973
vn -0.8719 -0.0813 0.4830
vn -0.8607 -0.0640 0.5050
vn -0.8607 -0.0078 0.5090
vn -0.8689 -0.0156 0.4947
vn -0.8604 -0.0336 0.5085
vn -0.8764 -0.0452 0.4795
vn -0.8761 -0.0540 0.4790
vn -0.8727 0.0084 0.4882
vn -0.8444 0.0297 0.5349
vn -0.8504 0.1483 0.5048
vn -0.8571 0.1404 0.4957
vn -0.8602 0.1404 0.4903
vn -0.8577 0.1414 0.4943
vn -0.8564 0.1408 0.4967
vn -0.8576 0.1403 0.4949
vn -0.8568 0.1460 0.4946
vn -0.8586 0.1462 0.4914
vn -0.8573 0.1475 0.4932
vn -0.8588 0.1487 0.4902
vn -0.8576 0.1454 0.4933
vn -0.8560 0.1459 0.4960
vn -0.8563 0.1473 0.4951
vn -0.8563 0.1521 0.4935
vn -0.8527 0.1401 0.5032
vn -0.8846 0.0148 0.4662
vn -0.8640 0.0375 0.5022
vn -0.8669 0.0590 0.4950
vn -0.8648 0.0603 0.4985
vn -0.8548 0.0921 0.5106
vn -0.8612 0.0890 0.5004
vn -0.8576 0.1245 0.4990
vn -0.8595 0.1234 0.4961
vn -0.8697 0.1336 0.4751
vn -0.8542 0.1584 0.4952
vn -0.8588 0.1255 0.4968
vn -0.8589 0.1249 0.4967
vn -0.8635 0.1227 0.4892
vn -0.8571 0.0982 0.5057
vn -0.8772 0.0910 0.4714
vn -0.8626 0.0703 0.5009
vn -0.8727 0.0619 0.4844
vn -0.8643 0.0432 0.5010
vn -0.8805 0.0319 0.4730
vn -0.8613 0.0161 0.5078
vn -0.8678 0.0005 0.4969
vn 0.0012 0.0133 0.9999
vn 0.0010 0.0236 0.9997
vn 0.0024 0.0116 0.9999
vn 0.0005 0.0278 0.9996
vn -0.0436 0.0634 0.9970
vn -0.0538 0.0274 0.9982
vn -0.0044 0.0429 0.9991
vn -0.0023 0.0365 0.9993
vn -0.0004 0.0322 0.9995
vn -0.0021 0.0353 0.9994
vn 0.0037 0.0268 0.9996
vn 0.0141 0.0144 0.9998
vn 0.0213 -0.0094 0.9997
vn -0.0316 -0.0276 0.9991
vn -0.0190 -0.0298 0.9994
vn -0.0034 -0.0208 0.9998
vn 0.0290 0.0024 0.9996
vn -0.0024 -0.0245 0.9997
vn 0.0101 -0.0106 0.9999
vn 0.0181 -0.0033 0.9998
vn -0.0081 -0.0296 0.9995
vn -0.0052 -0.0262 0.9996
vn 0.0045 -0.0119 0.9999
vn -0.0064 -0.0301 0.9995
vn -0.0013 -0.0163 0.9999
vn -0.0004 -0.0126 0.9999
vn 0.0011 0.0129 0.9999
vn 0.0005 0.0105 0.9999
vn 0.0013 0.0155 0.9999
vn 0.9340 0.1259 -0.3343
vn 0.4330 -0.8948 -0.1090
vn -0.0256 -0.9982 -0.0544
vn -0.1186 -0.7235 0.6801
vn -0.5419 -0.6548 -0.5269
vn 0.0836 -0.1335 0.9875
vn 0.1799 -0.0535 0.9822
vn 0.2244 0.0719 0.9718
vn -0.5268 -0.4360 0.7297
vn 0.2269 -0.7419 0.6310
vn 0.6258 -0.3901 0.6754
vn 0.7030 -0.6943 -0.1542
vn -0.2816 -0.4680 0.8376
vn -0.4019 -0.7681 0.4985
vn -0.2110 -0.5370 0.8167
vn 0.3662 -0.3669 0.8552
vn 0.5134 0.0225 0.8578
vn 0.8580 -0.0360 0.5124
vn 0.4852 -0.0875 0.8700
vn -0.6499 -0.0116 0.7600
vn -0.5937 0.1004 0.7984
vn 0.3839 0.6201 0.6842
vn 0.4090 0.4710 0.7816
vn -0.8230 -0.5680 -0.0013
vn -0.8340 -0.5515 -0.0139
vn -0.7406 -0.6719 0.0095
vn -0.7189 -0.6950 -0.0054
vn -0.6115 -0.7911 0.0170
vn -0.6202 -0.7844 0.0086
vn -0.4895 -0.8720 -0.0042
vn -0.4711 -0.8821 0.0059
vn -0.3474 -0.9376 -0.0102
vn -0.3385 -0.9410 -0.0031
vn -0.2170 -0.9759 0.0224
vn 0.4379 -0.8990 0.0091
vn 0.2528 -0.9675 -0.0056
vn 0.2757 -0.9612 0.0131
vn 0.1226 -0.9924 -0.0066
vn 0.1409 -0.9900 0.0060
vn -0.0286 -0.9996 0.0038
vn -0.0218 -0.9997 0.0091
vn -0.1634 -0.9865 -0.0095
vn 0.5706 -0.8211 -0.0100
vn 0.5563 -0.8310 -0.0001
vn 0.4289 -0.9034 0.0014
vn 0.9914 0.1311 0.0029
vn 0.9991 -0.0427 0.0003
vn 0.9990 -0.0445 -0.0007
vn 0.9827 -0.1852 0.0029
vn 0.9837 -0.1797 0.0059
vn 0.9407 -0.3392 0.0038
vn 0.9368 -0.3499 -0.0039
vn 0.8706 -0.4911 0.0286
vn 0.8641 -0.5029 0.0184
vn 0.7954 -0.6059 -0.0116
vn 0.7610 -0.6487 0.0053
vn 0.6991 -0.7148 -0.0146
vn 0.6668 -0.7452 0.0070
vn 0.9931 0.1160 0.0151
vn 0.9632 0.2687 -0.0096
vn 0.9517 0.3070 0.0108
vn 0.9050 0.4254 -0.0000
vn 0.9000 0.4359 0.0065
vn 0.6958 0.7182 -0.0010
vn 0.8142 0.5805 0.0035
vn 0.8164 0.5774 0.0068
vn -0.0183 0.9998 0.0063
vn -0.0110 0.9999 0.0005
vn 0.1683 0.9857 0.0087
vn 0.1796 0.9837 -0.0000
vn 0.3538 0.9353 0.0071
vn 0.3658 0.9307 -0.0026
vn 0.5189 0.8548 0.0119
vn 0.5423 0.8401 -0.0100
vn 0.6972 0.7169 -0.0024
vn -0.2071 0.9783 0.0028
vn -0.2138 0.9768 0.0084
vn -0.7050 0.7092 0.0050
vn -0.5585 0.8295 0.0060
vn -0.5515 0.8342 -0.0009
vn -0.3941 0.9190 0.0131
vn -0.3886 0.9214 0.0087
vn -0.8321 0.5545 0.0094
vn -0.8380 0.5457 0.0006
vn -0.7051 0.7091 0.0052
vn -0.9269 0.3753 0.0073
vn -0.9282 0.3719 0.0104
vn -0.9824 0.1864 0.0115
vn -0.9834 0.1806 0.0156
vn -0.9998 -0.0191 -0.0096
vn -0.9991 -0.0415 0.0091
vn -0.9729 -0.2313 0.0080
vn -0.9750 -0.2220 0.0004
vn -0.9110 -0.4125 0.0013
vn -0.9063 -0.4224 0.0097
vn -0.0583 0.1220 0.9908
vn 0.0792 0.2605 0.9622
vn 0.4080 0.6547 0.6363
vn 0.2432 0.4507 -0.8589
vn 0.4452 0.3480 0.8251
vn -0.0635 -0.0065 0.9980
vn -0.1873 -0.5221 0.8321
vn 0.5073 -0.3245 -0.7983
vn 0.5067 -0.2168 0.8344
vn 0.5810 -0.1221 -0.8047
vn 0.8589 0.1421 -0.4920
vn 0.8588 0.1424 -0.4922
vn 0.8651 0.1322 -0.4839
vn 0.8499 0.1587 -0.5024
vn 0.8592 0.1454 -0.4906
vn 0.8575 0.1483 -0.4927
vn 0.8575 0.1503 -0.4920
vn 0.8476 0.1533 -0.5080
vn 0.8579 0.1538 -0.4903
vn 0.8509 0.1577 -0.5011
vn 0.8670 0.1262 -0.4821
vn 0.8505 0.1343 -0.5086
vn 0.8739 0.0961 -0.4766
vn 0.8634 0.1015 -0.4942
vn 0.8688 0.0677 -0.4905
vn 0.8644 0.0718 -0.4977
vn 0.8694 0.0434 -0.4923
vn 0.8591 0.0515 -0.5093
vn 0.8747 0.0145 -0.4844
vn 0.8553 0.0287 -0.5173
vn 0.8710 0.0025 -0.4913
vn 0.7456 0.6630 0.0672
vn 0.6491 0.7436 -0.1602
vn 0.9265 0.3653 -0.0902
vn 0.7306 0.0753 -0.6786
vn 0.4755 0.0435 0.8786
vn 0.2769 0.0918 0.9565
vn 0.8663 0.0182 0.4991
vn 0.9501 0.0382 0.3096
vn 0.7527 -0.0619 -0.6554
vn 0.3350 -0.0836 0.9385
vn 0.2586 -0.0161 0.9658
vn 0.8576 -0.1412 -0.4945
vn 0.8580 -0.1470 -0.4921
vn 0.8532 -0.1501 -0.4994
vn 0.8546 -0.1497 -0.4972
vn 0.8449 -0.1583 -0.5110
vn 0.8575 -0.1507 -0.4919
vn 0.8556 -0.1501 -0.4954
vn 0.8649 -0.1356 -0.4832
vn 0.8580 -0.1504 -0.4911
vn 0.8584 -0.1499 -0.4906
vn 0.8600 -0.1385 -0.4911
vn 0.8621 -0.1343 -0.4885
vn 0.8585 -0.1223 -0.4981
vn 0.8640 -0.1136 -0.4906
vn 0.8609 -0.0928 -0.5002
vn 0.8713 -0.0806 -0.4840
vn 0.8640 -0.0655 -0.4992
vn 0.8696 -0.0506 -0.4912
vn 0.8652 -0.0396 -0.4998
vn 0.8699 -0.0305 -0.4923
vn 0.8662 -0.0110 -0.4996
vn 0.8703 -0.0051 -0.4926
vn 0.9819 -0.1425 -0.1245
vn 0.9247 -0.1488 -0.3503
vn 0.8658 -0.1489 -0.4777
vn 0.9453 -0.1793 -0.2726
vn 0.9350 -0.1020 -0.3397
vn 0.9826 -0.1477 -0.1128
vn 0.9808 -0.1517 -0.1224
vn 0.0419 -0.9737 -0.2241
vn 0.0305 -0.9752 -0.2193
vn 0.0273 -0.9749 -0.2212
vn 0.0245 -0.9774 -0.2100
vn 0.0413 -0.9750 -0.2182
vn 0.0269 -0.9747 -0.2219
vn -0.4838 -0.1685 -0.8588
vn 0.4190 -0.3356 -0.8437
vn -0.2662 -0.6694 -0.6935
vn -0.1603 -0.8974 -0.4110
vn -0.1614 -0.8170 -0.5536
vn -0.0382 -0.9498 -0.3105
vn -0.2682 -0.7365 -0.6210
vn -0.1432 -0.8704 -0.4711
vn -0.1267 -0.8932 -0.4314
vn 0.0522 -0.9743 -0.2191
vn -0.0679 -0.9449 -0.3203
vn -0.4814 -0.1746 -0.8589
vn -0.4141 -0.4163 -0.8095
vn -0.4111 -0.4394 -0.7987
vn -0.2801 -0.7057 -0.6507
vn -0.5034 -0.0750 -0.8608
vn -0.5008 -0.0735 -0.8624
vn -0.5075 -0.0456 -0.8604
vn -0.4982 -0.0506 -0.8656
vn -0.0613 -0.0734 -0.9954
vn -0.0918 -0.0533 -0.9944
vn -0.0642 -0.0502 -0.9967
vn -0.1011 -0.0850 -0.9912
vn 0.0397 -0.0230 -0.9989
vn -0.0051 -0.0373 -0.9993
vn -0.2957 -0.0532 -0.9538
vn -0.3191 -0.0509 -0.9463
vn -0.4115 -0.0732 -0.9084
vn -0.2228 -0.0876 -0.9709
vn -0.4841 -0.0201 -0.8748
vn -0.4620 -0.1074 -0.8803
vn -0.5491 -0.0495 -0.8343
vn -0.5626 -0.0738 -0.8234
vn -0.4049 -0.0784 -0.9110
vn -0.1460 -0.3099 -0.9395
vn -0.3350 -0.2569 -0.9065
vn -0.2122 -0.1988 -0.9568
vn -0.6529 -0.3415 -0.6760
vn -0.6420 -0.1435 -0.7532
vn -0.8530 -0.1786 -0.4905
vn -0.8546 -0.2433 -0.4588
vn -0.9651 -0.1283 -0.2284
vn -0.9517 -0.2774 -0.1316
vn -0.9923 -0.1208 -0.0287
vn -0.9275 -0.1970 0.3177
vn -0.9016 -0.2778 0.3316
vn -0.9753 -0.1647 0.1473
vn -0.9604 -0.2287 0.1589
vn -0.4803 -0.8736 0.0780
vn -0.2190 -0.9751 -0.0365
vn -0.1147 -0.6301 -0.7680
vn -0.0782 -0.1544 -0.9849
vn -0.0368 -0.2144 -0.9760
vn -0.3376 -0.9400 -0.0485
vn -0.3086 -0.9497 -0.0525
vn -0.4152 -0.8817 -0.2243
vn -0.2236 -0.9408 -0.2548
vn -0.1896 -0.9533 -0.2349
vn -0.1298 -0.9459 -0.2974
vn -0.6684 -0.7362 0.1061
vn -0.5142 -0.1087 -0.8508
vn -0.2249 -0.7723 -0.5941
vn -0.3061 -0.6352 -0.7091
vn -0.5495 -0.5336 -0.6429
vn -0.5365 -0.5530 -0.6375
vn -0.7287 -0.5600 -0.3941
vn -0.7349 -0.5520 -0.3940
vn -0.8205 -0.5597 -0.1163
vn -0.8282 -0.5487 -0.1136
vn -0.8221 -0.5618 0.0921
vn -0.8211 -0.4973 0.2801
vn -0.0299 -0.2146 -0.9762
vn -0.0050 -0.5408 -0.8411
vn -0.0307 -0.7071 -0.7065
vn 0.0085 -0.9372 -0.3487
vn 0.3402 -0.9199 -0.1954
vn 0.7093 -0.5341 -0.4600
vn 0.7392 -0.4958 -0.4558
vn 0.0910 -0.7256 -0.6820
vn 0.0482 -0.5415 -0.8393
vn 0.0517 -0.9587 -0.2798
vn 0.0090 -0.9371 -0.3490
vn 0.2297 -0.9366 -0.2646
vn 0.2316 -0.9347 -0.2695
vn 0.5659 -0.5326 -0.6294
vn 0.5660 -0.5166 -0.6425
vn 0.1741 -0.8990 -0.4019
vn 0.2351 -0.7210 -0.6519
vn 0.3532 -0.5185 -0.7787
vn 0.3419 -0.2857 -0.8953
vn 0.1330 -0.1923 -0.9723
vn 0.1216 -0.9909 -0.0572
vn 0.3241 -0.9321 -0.1618
vn 0.4218 -0.8838 -0.2024
vn 0.6995 -0.6321 -0.3335
vn 0.7704 -0.5168 -0.3735
vn 0.8837 -0.2103 -0.4181
vn 0.1596 -0.5900 -0.7914
vn 0.1482 -0.9792 -0.1387
vn -0.0692 -0.8338 -0.5477
vn 0.7215 -0.6520 0.2332
vn 0.9020 -0.0143 -0.4314
vn 0.8940 -0.0036 -0.4480
vn 0.8996 -0.0174 -0.4365
vn 0.8987 0.0161 -0.4383
vn 0.9015 0.0120 -0.4327
vn -0.6206 0.0092 -0.7841
vn -0.0774 0.0507 -0.9957
vn -0.0001 0.0387 -0.9993
vn 0.0938 0.0259 -0.9953
vn -0.0373 0.0680 -0.9970
vn -0.2001 0.0845 -0.9761
vn -0.3593 0.0522 -0.9317
vn -0.3655 0.0524 -0.9293
vn -0.2586 0.0918 -0.9616
vn -0.1116 0.0516 -0.9924
vn -0.4136 0.0737 -0.9075
vn -0.4989 0.0501 -0.8652
vn -0.5048 0.0468 -0.8620
vn -0.5040 0.0757 -0.8604
vn -0.4981 0.0723 -0.8641
vn -0.2744 0.8370 -0.4735
vn -0.3722 0.6630 -0.6495
vn -0.9854 -0.0252 -0.1682
vn -0.9858 -0.0181 0.1670
vn -0.9777 -0.1071 0.1806
vn -0.9405 -0.1272 0.3151
vn -0.6051 -0.7961 0.0062
vn 0.0953 -0.9196 -0.3812
vn -0.9221 -0.3631 0.1338
vn -0.8291 -0.5531 -0.0821
vn -0.9311 -0.3314 -0.1522
vn -0.4570 -0.6592 -0.5971
vn -0.8412 -0.2712 -0.4678
vn -0.8124 -0.1746 -0.5563
vn -0.5833 -0.8101 0.0596
vn -0.8322 -0.5047 0.2296
vn -0.6714 -0.7316 0.1183
vn -0.3256 -0.8532 0.4074
vn -0.9046 -0.2066 0.3728
vn -0.4192 -0.6189 0.6642
vn -0.7959 -0.3315 0.5066
vn -0.8027 -0.1539 0.5762
vn -0.8815 -0.0449 0.4701
vn -0.1800 -0.4941 0.8506
vn -0.3355 -0.8482 0.4100
vn -0.4785 -0.8655 0.1482
vn -0.5308 -0.8303 0.1698
vn -0.0896 -0.0865 0.9922
vn -0.1305 -0.1165 0.9846
vn -0.0714 0.1211 0.9901
vn -0.1043 0.0861 0.9908
vn -0.6069 0.7714 0.1916
vn -0.9046 0.2021 0.3752
vn -0.4680 0.7694 0.4347
vn -0.5978 0.5298 0.6016
vn -0.9022 0.0353 0.4299
vn -0.9021 0.0354 0.4301
vn -0.5991 0.7975 0.0714
vn -0.5595 0.8274 0.0485
vn -0.9483 0.2220 0.2266
vn -0.9754 0.2132 -0.0562
vn 0.7582 0.1192 -0.6410
vn -0.3182 0.7146 -0.6230
vn -0.9813 0.0938 0.1679
vn -0.8652 0.3863 -0.3197
vn -0.7324 0.6760 0.0813
vn -0.7906 0.6121 -0.0145
vn -0.7252 0.1637 -0.6688
vn -0.6083 0.7936 0.0126
vn -0.9764 0.0267 -0.2144
vn -0.9739 0.0475 -0.2219
vn -0.2747 0.7169 -0.6408
vn -0.1328 0.8791 -0.4578
vn -0.1584 0.8621 -0.4813
vn -0.0316 0.9528 -0.3019
vn -0.4815 0.1640 -0.8609
vn -0.4816 0.1939 -0.8547
vn -0.4140 0.4177 -0.8087
vn -0.4112 0.4387 -0.7990
vn -0.2840 0.6938 -0.6617
vn -0.0323 0.9526 -0.3026
vn -0.2938 0.8585 -0.4203
vn -0.2914 0.7130 -0.6377
vn -0.4115 0.4171 -0.8103
vn -0.3824 0.3917 -0.8369
vn -0.4338 0.1982 -0.8789
vn -0.3196 0.9338 -0.1608
vn 0.0693 0.8874 -0.4557
vn -0.1898 0.6789 -0.7093
vn -0.0308 0.8465 -0.5316
vn -0.2053 0.7193 -0.6636
vn -0.1215 0.6299 -0.7671
vn -0.2893 0.4109 -0.8646
vn -0.2068 0.1961 -0.9585
vn -0.1651 0.3524 -0.9212
vn -0.0741 0.0810 -0.9940
vn 0.0718 0.9468 -0.3136
vn -0.0191 0.8517 -0.5238
vn -0.0381 0.8465 -0.5310
vn 0.0648 0.6697 -0.7398
vn -0.0295 0.6139 -0.7888
vn 0.0055 0.3830 -0.9237
vn 0.1385 0.4705 -0.8715
vn -0.0848 0.2008 -0.9759
vn 0.0399 0.9749 -0.2191
vn 0.0353 0.9748 -0.2202
vn 0.0275 0.9747 -0.2217
vn 0.0256 0.9758 -0.2170
vn 0.0340 0.9753 -0.2183
vn 0.0239 0.9774 -0.2101
vn 0.0088 0.1650 -0.9862
vn -0.0108 0.6380 -0.7700
vn 0.0769 0.8770 -0.4743
vn 0.0255 0.8381 -0.5450
vn 0.0303 0.9471 -0.3195
vn 0.0097 0.3825 -0.9239
vn 0.0074 0.3745 -0.9272
vn 0.0258 0.6681 -0.7436
vn 0.0313 0.6820 -0.7307
vn 0.0127 0.8527 -0.5222
vn 0.0280 0.8797 -0.4747
vn 0.0175 0.9663 -0.2569
vn 0.0422 0.9482 -0.3150
vn 0.9771 0.1881 -0.0997
vn 0.9154 0.3975 -0.0642
vn 0.9015 0.4270 -0.0707
vn 0.9235 0.1524 -0.3520
vn 0.9418 0.1824 -0.2825
vn 0.9852 0.1689 -0.0289
vn 0.9797 0.2003 -0.0063
vn 0.9814 0.1435 -0.1276
vn 0.9878 0.1087 -0.1117
vn 0.9316 0.0939 -0.3511
vn 0.9897 0.1428 -0.0028
vn 0.9909 0.1342 -0.0068
vn 0.9902 0.1398 -0.0011
vn 0.9892 0.1461 0.0083
vn 0.9904 0.1380 0.0011
vn 0.9901 0.1407 -0.0014
vn 0.9911 0.1328 -0.0050
vn 0.9912 0.1322 -0.0033
vn 0.9925 0.1219 -0.0073
vn 0.9937 0.1125 0.0023
vn 0.9947 0.1025 -0.0094
vn 0.9970 0.0771 0.0006
vn 0.9969 0.0792 -0.0037
vn 0.9988 0.0497 0.0014
vn 0.9998 0.0195 -0.0045
vn 0.9998 0.0113 0.0154
vn 0.9991 0.0412 -0.0134
vn -0.0700 0.0546 -0.9961
vn 0.7560 0.0687 -0.6509
vn 0.8935 0.0873 -0.4406
vn 0.9860 0.0343 0.1630
vn -0.2308 -0.0195 -0.9728
vn 0.7540 -0.1325 -0.6434
vn 0.5257 -0.1234 -0.8417
vn 0.9954 -0.0794 0.0537
vn 0.9983 -0.0578 -0.0084
vn 0.9989 -0.0467 0.0029
vn 0.9997 -0.0171 -0.0149
vn 0.9992 -0.0296 0.0254
vn 0.9999 -0.0118 -0.0036
vn 0.9966 -0.0828 0.0058
vn 0.9969 -0.0736 -0.0275
vn 0.9929 -0.1170 0.0237
vn 0.9940 -0.1023 -0.0384
vn 0.9927 -0.1203 -0.0010
vn 0.9927 -0.1210 -0.0007
vn 0.9901 -0.1401 0.0054
vn 0.9915 -0.1299 -0.0066
vn 0.9895 -0.1441 -0.0073
vn 0.9902 -0.1395 -0.0006
vn 0.9898 -0.1425 0.0046
vn 0.6155 -0.5248 -0.5880
vn -0.3221 -0.3750 -0.8693
vn 0.6176 -0.7000 -0.3587
vn 0.9802 -0.1808 -0.0808
vn 0.4156 -0.2149 -0.8838
vn 0.8489 -0.2653 -0.4572
vn 0.0196 -0.9323 -0.3611
vn 0.0161 -0.7908 -0.6118
vn 0.0226 -0.7313 -0.6817
vn 0.0044 -0.5167 -0.8562
vn 0.0177 -0.4521 -0.8918
vn 0.0002 -0.2075 -0.9782
vn 0.0287 -0.9427 -0.3324
vn 0.0198 -0.7826 -0.6223
vn -0.0035 -0.2000 -0.9798
vn 0.0037 -0.1836 -0.9830
vn -0.0059 -0.0706 -0.9975
vn -0.0035 -0.0764 -0.9971
vn 0.1138 -0.0477 -0.9924
vn -0.0227 -0.0654 -0.9976
vn 0.0043 -0.0074 -1.0000
vn 0.0037 -0.0066 -1.0000
vn 0.0026 -0.0258 -0.9997
vn 0.0087 -0.0310 -0.9995
vn -0.0011 -0.0501 -0.9987
vn 0.0047 0.0087 -1.0000
vn 0.0024 0.0119 -0.9999
vn 0.0045 0.0203 -0.9998
vn -0.0022 0.0356 -0.9994
vn 0.0054 0.1469 -0.9891
vn 0.0045 0.0817 -0.9966
vn -0.0078 0.0691 -0.9976
vn 0.0063 0.0613 -0.9981
vn 0.0005 0.0336 -0.9994
vn -0.0317 -0.5990 -0.8002
vn 0.0293 -0.5033 -0.8636
vn 0.1870 -0.9233 -0.3354
vn 0.1231 -0.8042 -0.5815
vn -0.2261 -0.1127 -0.9675
vn -0.3481 -0.1908 -0.9179
vn -0.2945 -0.4001 -0.8679
vn -0.1742 -0.6183 -0.7664
vn -0.3055 -0.4130 -0.8580
vn -0.1637 -0.8590 -0.4851
vn -0.0962 -0.8290 -0.5509
vn -0.1331 -0.6296 -0.7654
vn -0.0695 -0.2181 -0.9734
vn -0.1573 -0.3674 -0.9167
vn -0.3241 -0.7047 -0.6311
vn -0.0269 -0.8300 -0.5571
vn -0.2934 -0.9363 -0.1931
vn 0.1719 -0.8295 -0.5314
vn 0.9308 0.3499 0.1062
vn -0.9451 0.3215 0.0581
vn 0.5368 0.8198 0.1993
vn 0.5397 0.8188 0.1959
vn 0.7579 0.6349 -0.1498
vn 0.9945 -0.0395 -0.0970
vn 0.7013 0.7099 0.0643
vn 0.5264 0.8483 0.0564
vn 0.4878 0.8635 0.1281
vn 0.4590 0.8867 -0.0555
vn 0.4697 0.8801 -0.0696
vn 0.4607 0.8871 0.0288
vn 0.4547 0.8884 -0.0636
vn 0.4427 0.8945 -0.0622
vn -0.7688 0.5405 -0.3418
vn 0.7751 0.0359 -0.6308
vn 0.8150 0.0290 -0.5787
vn 0.6686 0.5227 -0.5289
vn 0.1106 0.6002 -0.7922
vn 0.2353 0.7627 -0.6024
vn 0.2638 0.7829 -0.5634
vn 0.3249 0.8503 -0.4140
vn 0.4106 0.8812 -0.2344
vn 0.4122 0.8936 -0.1779
vn -0.0060 0.4352 -0.9003
vn -0.1155 0.1917 -0.9746
vn -0.1099 0.2905 -0.9505
vn 0.1006 0.5772 -0.8104
vn 0.0566 0.5968 -0.8004
vn -0.1898 0.0114 -0.9818
vn -0.1810 0.0061 -0.9835
vn -0.1918 0.0334 -0.9809
vn -0.1880 0.0348 -0.9815
vn -0.1723 0.0574 -0.9834
vn -0.1907 0.0509 -0.9803
vn -0.1761 0.0760 -0.9814
vn -0.1747 0.0763 -0.9817
vn 0.2751 -0.0007 -0.9614
vn 0.4838 0.0390 -0.8743
vn 0.5990 0.0484 -0.7993
vn 0.4461 0.0225 -0.8947
vn -0.1897 -0.0738 -0.9791
vn -0.1858 -0.0716 -0.9800
vn -0.1927 -0.0525 -0.9799
vn -0.1924 -0.0524 -0.9799
vn -0.1810 -0.0266 -0.9831
vn -0.1868 -0.0298 -0.9819
vn -0.1823 -0.0087 -0.9832
vn -0.1882 -0.0128 -0.9821
vn -0.1105 -0.2447 -0.9633
vn 0.2339 -0.7627 -0.6029
vn 0.1127 -0.6006 -0.7916
vn 0.1094 -0.5928 -0.7979
vn -0.0115 -0.4286 -0.9034
vn -0.1127 -0.1932 -0.9747
vn 0.4107 -0.8989 -0.1527
vn 0.4092 -0.8922 -0.1912
vn 0.3267 -0.8536 -0.4059
vn 0.2973 -0.8064 -0.5113
vn -0.9139 -0.4033 0.0463
vn 0.7428 -0.0793 -0.6648
vn 0.8099 -0.0535 -0.5841
vn 0.5562 -0.6689 -0.4932
vn 0.8563 -0.3275 -0.3995
vn -0.6579 -0.5936 0.4634
vn 0.9259 -0.2831 -0.2503
vn 0.7148 -0.6957 0.0719
vn 0.9406 -0.3239 0.1015
vn 0.6480 -0.0113 0.7616
vn 0.4625 0.0020 0.8866
vn 0.4658 0.0042 0.8849
vn 0.4644 0.0052 0.8856
vn 0.4701 0.0149 0.8825
vn 0.4839 0.0170 0.8750
vn 0.4637 0.0113 0.8859
vn 0.4693 -0.0165 0.8829
vn 0.4743 -0.0136 0.8803
vn 0.4668 -0.0104 0.8843
vn 0.4643 -0.0037 0.8857
vn 0.4687 -0.0021 0.8834
vn 0.4654 -0.0052 0.8851
vn 0.9614 0.0002 0.2753
vn 0.9750 0.0010 0.2223
vn 0.9635 0.0021 0.2676
vn 0.9995 0.0045 0.0323
vn 0.9693 -0.0008 0.2461
vn 0.9993 -0.0054 -0.0364
vn 0.9996 -0.0047 0.0283
vn 0.8641 0.0025 0.5032
vn 0.8585 0.2485 0.4485
vn 0.8959 0.3599 0.2602
vn 0.7218 0.6888 0.0675
vn 0.9543 0.2134 -0.2093
vn 0.5657 0.8238 0.0366
vn 0.9567 0.0606 -0.2847
vn 0.8134 0.5796 -0.0506
vn 0.7675 0.6204 -0.1615
vn 0.9361 0.2028 -0.2874
vn 0.3155 0.3027 -0.8994
vn 0.7510 0.3659 -0.5497
vn 0.6054 0.1784 -0.7757
vn 0.4721 0.0431 -0.8805
vn 0.6588 0.0233 -0.7519
vn 0.6544 0.0230 -0.7558
vn 0.6359 0.0079 -0.7718
vn 0.3196 0.0055 -0.9475
vn 0.3006 -0.0558 -0.9521
vn 0.8038 -0.0031 -0.5949
vn 0.3920 -0.0028 -0.9200
vn 0.6558 -0.0135 -0.7548
vn 0.5321 -0.0259 -0.8463
vn 0.6403 -0.0240 -0.7677
vn 0.8030 -0.0869 -0.5896
vn 0.2899 -0.0828 -0.9535
vn 0.2537 -0.5197 -0.8158
vn 0.2681 -0.8175 -0.5097
vn 0.6960 -0.6434 -0.3188
vn 0.7397 -0.3701 -0.5621
vn 0.3622 -0.3286 -0.8723
vn -0.2020 -0.2475 -0.9476
vn 0.9454 0.0113 -0.3258
vn 0.9485 0.0057 -0.3168
vn 0.9448 0.0044 -0.3277
vn 0.9474 0.0032 -0.3202
vn 0.9472 0.0052 -0.3206
vn 0.9480 0.0120 -0.3182
vn 0.9485 0.0132 -0.3166
vn 0.9449 0.0064 -0.3272
vn 0.9490 0.0129 -0.3149
vn 0.9481 0.0216 -0.3174
vn 0.9480 0.0155 -0.3179
vn 0.9482 0.0073 -0.3177
vn 0.9472 0.0092 -0.3206
vn 0.9482 0.0144 -0.3172
vn 0.9485 0.0079 -0.3166
vn 0.9526 -0.0029 -0.3042
vn 0.9483 0.0186 -0.3168
vn 0.9503 0.0044 -0.3114
vn 0.9504 0.0046 -0.3110
vn 0.5359 0.0042 -0.8443
vn 0.5004 -0.0037 -0.8658
vn -0.9871 0.0103 0.1596
vn 0.9519 -0.0014 -0.3065
vn 0.9354 -0.0207 -0.3529
vn 0.9418 -0.0153 -0.3358
vn 0.9391 -0.0047 -0.3436
vn 0.9434 -0.0033 -0.3316
vn 0.9491 -0.0128 -0.3146
vn 0.9444 -0.0056 -0.3287
vn 0.9485 -0.0132 -0.3164
vn 0.9474 -0.0116 -0.3198
vn 0.9497 -0.0161 -0.3126
vn 0.9471 -0.0072 -0.3209
vn 0.9433 -0.0283 -0.3306
vn 0.9540 0.0069 -0.2998
vn 0.9500 -0.0039 -0.3122
vn 0.9506 -0.0045 -0.3105
vn 0.9485 -0.0169 -0.3162
vn 0.9477 -0.0138 -0.3187
vn 0.9447 -0.0015 -0.3279
vn 0.9420 0.0204 -0.3351
vn 0.9482 -0.0141 -0.3174
vn 0.9487 -0.0160 -0.3156
vn 0.9461 -0.0017 -0.3238
vn -0.5482 0.8354 -0.0387
vn 0.5883 0.7414 -0.3228
vn 0.1483 0.7998 -0.5816
vn 0.5279 0.6353 -0.5636
vn 0.2333 0.5427 -0.8069
vn 0.0721 0.3454 -0.9357
vn -0.2966 0.1793 -0.9380
vn -0.2899 0.0955 -0.9523
vn -0.2766 0.3510 -0.8946
vn -0.2296 0.5130 -0.8271
vn -0.2112 0.6417 -0.7373
vn -0.1646 0.7475 -0.6436
vn -0.1251 0.8475 -0.5158
vn -0.0776 0.9019 -0.4249
vn 0.0132 0.9896 -0.1436
vn 0.0104 0.9878 -0.1552
vn -0.0349 0.9622 -0.2703
vn -0.3130 -0.0024 -0.9498
vn -0.3058 0.0001 -0.9521
vn -0.3105 0.0018 -0.9506
vn 0.9288 0.0004 -0.3705
vn 0.9334 0.0121 -0.3587
vn 0.9318 -0.0001 -0.3630
vn 0.9310 0.0004 -0.3650
vn 0.9308 -0.0053 -0.3655
vn 0.9343 0.0110 -0.3563
vn 0.9305 -0.0103 -0.3661
vn 0.9357 -0.0232 -0.3520
vn 0.9636 -0.0742 -0.2567
vn 0.9278 0.0028 -0.3730
vn 0.9218 -0.0152 -0.3874
vn 0.9338 -0.0102 -0.3577
vn 0.9222 0.0235 -0.3861
vn 0.9226 0.0217 -0.3851
vn 0.8965 -0.1107 -0.4291
vn 0.9291 -0.0033 -0.3698
vn 0.9396 0.0243 -0.3413
vn 0.9369 0.0193 -0.3491
vn 0.9884 0.0001 -0.1516
vn 0.9895 0.0001 -0.1447
vn 0.9270 -0.2649 0.2655
vn 0.9023 -0.1163 0.4150
vn 0.4196 -0.1175 0.9001
vn 0.4107 -0.1814 0.8935
vn 0.3962 -0.4548 0.7976
vn 0.3830 -0.4971 0.7786
vn 0.3439 -0.6728 0.6551
vn 0.2911 -0.7826 0.5502
vn 0.2684 -0.8488 0.4556
vn 0.1314 -0.9821 0.1348
vn 0.1683 -0.9519 0.2562
vn 0.0538 -0.9984 -0.0146
vn 0.0526 -0.9985 -0.0158
vn 0.8986 -0.2533 -0.3582
vn 0.6150 -0.5878 -0.5255
vn 0.6221 -0.6925 -0.3652
vn 0.0144 -0.9911 -0.1323
vn -0.0099 -0.9836 -0.1802
vn -0.1330 -0.8069 -0.5756
vn -0.1771 -0.7397 -0.6492
vn -0.0849 -0.8969 -0.4340
vn -0.0944 -0.8875 -0.4509
vn -0.2299 -0.5222 -0.8213
vn -0.2215 -0.6043 -0.7653
vn -0.2869 -0.1710 -0.9426
vn -0.2846 -0.3063 -0.9084
vn -0.8355 -0.5456 -0.0650
vn 0.3254 -0.2521 -0.9114
vn 0.4620 -0.6852 -0.5631
vn -0.1012 -0.2901 -0.9516
vn 0.4177 -0.4675 -0.7791
vn 0.1687 -0.5802 -0.7968
vn 0.5688 -0.6001 -0.5624
vn 0.7977 -0.4902 -0.3512
vn 0.6030 -0.7726 -0.1987
vn -0.3452 -0.9333 0.0988
vn 0.8067 -0.5425 0.2345
vn 0.3721 -0.9127 0.1688
vn 0.8247 -0.5621 -0.0628
vn 0.8067 0.5422 0.2352
vn 0.3823 0.9088 0.1670
vn 0.7518 0.6594 -0.0048
vn 0.5649 0.8027 -0.1911
vn 0.0508 0.9986 -0.0166
vn 0.0578 0.9983 -0.0097
vn 0.9031 0.2395 -0.3564
vn 0.4170 0.0003 0.9089
vn 0.4158 -0.0001 0.9094
vn -0.9302 0.0016 0.3670
vn -0.9535 -0.0043 0.3012
vn -0.9569 0.0048 0.2904
vn -0.9229 -0.0025 0.3849
vn -0.9296 0.0016 0.3686
vn -0.3690 0.8380 -0.4020
vn -0.1335 0.9904 0.0356
vn -0.3443 0.9383 0.0306
vn -0.4077 0.9049 0.1221
vn -0.8725 0.3806 0.3065
vn -0.8800 0.3679 0.3003
vn -0.9254 0.2513 -0.2838
vn -0.5909 0.7554 -0.2833
vn -0.4497 0.8898 -0.0777
vn -0.8596 0.4808 0.1729
vn -0.4051 -0.0837 -0.9104
vn -0.0794 -0.0270 -0.9965
vn -0.2141 -0.0091 -0.9768
vn -0.1578 -0.0260 -0.9871
vn -0.3216 -0.0243 -0.9465
vn -0.3925 -0.0372 -0.9190
vn -0.5860 -0.0228 -0.8100
vn -0.3692 -0.0085 -0.9293
vn -0.1558 -0.0172 -0.9876
vn 0.0011 -0.0193 -0.9998
vn -0.0035 -0.0182 -0.9998
vn 0.0804 -0.0220 -0.9965
vn 0.2259 -0.0086 -0.9741
vn 0.5724 -0.0230 -0.8197
vn 0.4779 -0.0069 -0.8784
vn 0.6635 -0.0217 -0.7479
vn 0.8320 -0.0132 -0.5547
vn 0.8517 -0.0163 -0.5239
vn 0.8579 0.0172 -0.5136
vn 0.8346 0.0129 -0.5507
vn 0.6330 0.0198 -0.7739
vn 0.5663 0.0139 -0.8241
vn 0.4948 0.0173 -0.8688
vn 0.2233 0.0141 -0.9746
vn 0.2446 0.0116 -0.9696
vn 0.1240 0.0192 -0.9921
vn 0.7265 0.4746 -0.4970
vn 0.7045 0.5580 -0.4386
vn 0.3562 0.9089 -0.2169
vn 0.0648 0.9449 -0.3208
vn 0.0141 0.8769 -0.4805
vn 0.1211 0.5197 -0.8457
vn 0.0462 0.2619 -0.9640
vn 0.1105 0.9580 -0.2645
vn 0.1099 0.9562 -0.2714
vn 0.3258 0.5175 -0.7912
vn 0.3233 0.5086 -0.7980
vn 0.3607 0.2420 -0.9007
vn 0.3059 0.8871 -0.3457
vn 0.5706 0.5132 -0.6411
vn 0.5695 0.5056 -0.6481
vn 0.8903 0.1647 -0.4245
vn 0.7839 0.4950 -0.3748
vn 0.7444 0.5628 -0.3594
vn 0.5914 0.7560 -0.2803
vn 0.3100 0.9380 -0.1551
vn 0.0264 0.9996 -0.0142
vn 0.3157 0.9356 -0.1582
vn -0.0354 0.9166 -0.3981
vn 0.2512 0.1072 0.9620
vn -0.0209 0.2566 -0.9663
vn -0.0008 0.1563 -0.9877
vn -0.0399 0.7349 -0.6770
vn 0.0345 0.8752 -0.4825
vn -0.2215 0.9748 -0.0278
vn -0.4889 0.8688 0.0792
vn -0.8410 0.4659 0.2750
vn -0.9183 0.2347 0.3187
vn -0.9220 0.1941 0.3352
vn -0.9813 0.0851 0.1729
vn -0.9670 0.2201 0.1280
vn -0.8562 0.2359 -0.4597
vn -0.9861 0.0944 -0.1369
vn -0.8969 0.3899 -0.2086
vn -0.9909 0.1282 -0.0410
vn -0.6327 0.2581 -0.7301
vn -0.6877 0.1406 -0.7122
vn -0.8543 0.1720 -0.4905
vn -0.0363 0.2210 -0.9746
vn -0.1326 0.2362 -0.9626
vn -0.1469 0.2877 -0.9464
vn -0.1115 0.6628 -0.7405
vn -0.2037 0.9498 -0.2376
vn -0.2014 0.9530 -0.2263
vn -0.4084 0.8866 -0.2173
vn -0.3328 0.9418 -0.0476
vn -0.3256 0.9445 -0.0443
vn -0.2483 0.1983 -0.9482
vn -0.3234 0.5966 -0.7345
vn -0.2302 0.7633 -0.6036
vn -0.1388 0.9455 -0.2946
vn -0.4626 0.1382 -0.8757
vn -0.3525 0.5619 -0.7484
vn -0.5474 0.5482 -0.6323
vn -0.5454 0.5612 -0.6226
vn -0.7342 0.5532 -0.3937
vn -0.7320 0.5585 -0.3902
vn -0.8258 0.5524 -0.1133
vn -0.8212 0.5599 -0.1101
vn -0.8260 0.5528 0.1102
vn -0.7784 0.6156 0.1229
vn -0.9335 -0.2508 0.2563
vn -0.8286 -0.4625 0.3154
vn -0.4486 -0.8886 0.0960
vn -0.4065 -0.9074 0.1068
vn -0.9982 0.0086 -0.0598
vn -0.9166 0.0143 -0.3995
vn -0.1672 0.0283 -0.9855
vn -0.1328 0.0126 -0.9911
vn -0.3407 0.0433 -0.9392
vn -0.3004 0.0254 -0.9535
vn -0.4498 0.1127 -0.8860
vn -0.4647 0.1496 -0.8727
vn -0.3842 0.0378 -0.9225
vn -0.3667 0.0097 -0.9303
vn -0.3526 0.0068 -0.9358
vn -0.1626 0.0093 -0.9866
vn -0.2201 0.0250 -0.9751
vn -0.0778 0.0066 -0.9970
vn -0.6024 -0.7268 -0.3300
vn -0.5095 -0.8425 -0.1746
vn -0.8666 -0.4478 0.2200
vn -0.8688 -0.3542 -0.3462
vn -0.3226 -0.8778 -0.3540
vn -0.0271 0.0139 -0.9995
vn 0.0016 0.0072 -1.0000
vn -0.0242 0.0247 -0.9994
vn 0.1333 0.9811 0.1404
vn 0.2905 0.7817 0.5519
vn 0.2653 0.8538 0.4479
vn 0.1685 0.9520 0.2556
vn 0.3912 0.4254 0.8161
vn 0.3489 0.6573 0.6680
vn 0.3946 0.5038 0.7684
vn 0.4140 0.1788 0.8925
vn 0.4191 0.1402 0.8970
vn 0.9393 -0.1685 -0.2990
vn 0.9110 -0.3103 -0.2717
vn 0.4371 -0.8976 -0.0574
vn 0.4379 -0.8972 -0.0581
vn 0.4928 -0.8690 -0.0452
vn 0.4517 -0.8918 0.0262
vn 0.5514 -0.8246 0.1261
vn 0.5307 -0.8388 0.1216
vn 0.5450 -0.8162 0.1917
vn 0.5421 -0.8173 0.1952
vn 0.5745 -0.7440 0.3410
vn 0.5695 -0.7519 0.3323
vn 0.5731 -0.4827 0.6622
vn 0.5925 -0.5384 0.5992
vn 0.5508 -0.2688 0.7901
vn 0.5509 -0.2773 0.7872
vn 0.6359 -0.7095 0.3036
vn 0.9628 -0.2496 0.1037
vn 0.8259 -0.4538 0.3345
vn 0.9255 -0.1734 0.3368
vn 0.9525 -0.2196 -0.2109
vn 0.9570 -0.1537 -0.2459
vn 0.7651 -0.6233 -0.1618
vn 0.8123 -0.5770 -0.0845
vn 0.5716 0.7544 0.3226
vn 0.5712 0.7514 0.3304
vn 0.6054 0.6170 0.5028
vn 0.5839 0.5269 0.6176
vn 0.5544 0.2541 0.7925
vn 0.5534 0.2935 0.7795
vn 0.1919 0.9743 0.1182
vn 0.0700 0.9838 -0.1652
vn 0.1354 0.9819 -0.1322
vn 0.3178 0.8585 0.4024
vn 0.5195 0.2593 0.8142
vn 0.4724 0.4525 0.7564
vn 0.5247 0.3664 0.7684
vn 0.4144 0.6675 0.6186
vn 0.4401 0.6285 0.6413
vn 0.4833 0.5676 0.6666
vn 0.4801 0.2868 0.8290
vn 0.4955 0.1962 0.8461
vn 0.0772 0.9865 -0.1445
vn 0.2150 0.9729 0.0850
vn 0.2017 0.9769 0.0706
vn 0.3327 0.8783 0.3433
vn 0.3555 0.8565 0.3743
vn 0.4338 0.6859 0.5843
vn 0.4926 0.1370 0.8594
vn 0.5032 0.1256 0.8550
vn 0.4937 0.0991 0.8640
vn 0.4984 0.0916 0.8621
vn 0.5009 0.0679 0.8628
vn 0.4996 0.0040 0.8662
vn 0.5010 0.0089 0.8654
vn 0.4946 0.0338 0.8685
vn 0.5020 0.0445 0.8637
vn 0.4982 0.0718 0.8641
vn 0.4948 -0.1387 0.8579
vn 0.4984 -0.1328 0.8567
vn 0.4958 -0.1142 0.8609
vn 0.5021 -0.1036 0.8586
vn 0.4960 -0.0878 0.8639
vn 0.5008 -0.0705 0.8627
vn 0.4994 -0.0643 0.8640
vn 0.5021 -0.0504 0.8634
vn 0.5002 -0.0446 0.8647
vn 0.5047 -0.0218 0.8630
vn 0.5009 -0.0169 0.8654
vn 0.4980 -0.2195 0.8389
vn 0.5113 -0.2600 0.8191
vn 0.4920 -0.3901 0.7783
vn 0.4948 -0.4636 0.7350
vn 0.3255 -0.8719 0.3659
vn 0.4654 -0.6112 0.6401
vn 0.4179 -0.6620 0.6222
vn 0.4308 -0.6439 0.6323
vn 0.0746 -0.9850 -0.1559
vn 0.2838 -0.8995 0.3321
vn 0.4655 -0.4240 0.7769
vn 0.4667 -0.6730 0.5739
vn 0.4473 -0.6143 0.6501
vn 0.3660 -0.8530 0.3722
vn 0.3310 -0.8841 0.3297
vn 0.1980 -0.9778 0.0682
vn 0.0747 -0.9861 0.1485
vn 0.4944 -0.8120 -0.3101
vn 0.7585 -0.6504 0.0417
vn 0.5798 -0.8097 -0.0909
vn 0.9262 -0.3569 -0.1219
vn 0.1872 -0.9691 0.1604
vn 0.1806 -0.9786 0.0990
vn 0.3439 -0.2648 0.9009
vn 0.4476 -0.4930 0.7460
vn 0.3168 -0.3904 0.8644
vn 0.4426 -0.7253 0.5273
vn 0.3794 -0.6249 0.6823
vn 0.2976 -0.7970 0.5255
vn 0.3087 -0.8631 0.3997
vn 0.2576 -0.9112 0.3214
vn 0.4302 -0.6103 0.6652
vn 0.4861 -0.4567 0.7450
vn 0.4829 -0.3698 0.7938
vn 0.4916 -0.2438 0.8360
vn 0.0816 -0.9872 -0.1371
vn 0.1914 -0.9797 0.0599
vn 0.3336 -0.8533 0.4008
vn 0.4255 -0.6881 0.5878
vn 0.4157 -0.1710 0.8933
vn 0.4044 -0.1406 0.9037
vn 0.4144 -0.1382 0.8995
vn 0.4604 -0.0305 0.8872
vn 0.4106 -0.0186 0.9116
vn 0.4645 -0.0304 0.8851
vn 0.4070 -0.0573 0.9116
vn 0.4226 -0.0636 0.9041
vn 0.4266 -0.0930 0.8996
vn 0.4090 -0.0897 0.9081
vn 0.4487 -0.1156 0.8862
vn 0.4174 0.0193 0.9085
vn 0.4307 0.0096 0.9024
vn 0.4607 0.0339 0.8869
vn 0.3851 0.0670 0.9204
vn 0.4379 0.0575 0.8972
vn 0.4106 0.0943 0.9069
vn 0.4144 0.0932 0.9053
vn 0.3956 0.1387 0.9079
vn 0.4343 0.1315 0.8911
vn 0.4438 0.1156 0.8886
vn 0.5991 0.0894 0.7957
vn 0.3553 0.2706 0.8947
vn 0.4055 0.3888 0.8273
vn 0.3458 0.6087 0.7140
vn 0.3893 0.5722 0.7218
vn 0.2838 0.8037 0.5230
vn 0.3128 0.8624 0.3980
vn 0.1938 0.9622 0.1914
vn 0.1854 0.9782 0.0941
vn 0.0731 0.9941 -0.0801
vn 0.3304 0.8540 0.4018
vn 0.4491 0.6186 0.6447
vn 0.3959 0.6854 0.6111
vn 0.5138 0.3733 0.7725
vn 0.4519 0.4816 0.7509
vn 0.5061 0.2120 0.8360
vn 0.3985 0.1948 0.8962
vn -0.3907 -0.6185 -0.6818
vn -0.3819 -0.6412 -0.6656
vn -0.0306 -0.9994 -0.0186
vn -0.0317 0.9994 -0.0159
vn -0.4624 0.8708 0.1672
vn -0.0466 0.0025 -0.9989
vn -0.4160 -0.0062 -0.9094
vn -0.1464 0.0396 -0.9884
vn -0.2697 -0.0371 -0.9622
vn -0.6861 -0.0126 -0.7274
vn -0.5024 0.0300 -0.8641
vn -0.5647 -0.0107 -0.8252
vn -0.8903 -0.0066 -0.4552
vn -0.8374 0.0329 -0.5455
vn -0.9995 0.0142 -0.0277
vn -0.9895 -0.0191 -0.1434
vn -0.9663 0.0039 -0.2574
vn -0.9654 0.0033 0.2609
vn -0.9833 -0.0126 0.1816
vn -0.9159 -0.0113 0.4013
vn -0.8760 0.0058 0.4823
vn -0.8366 0.0695 0.5433
vn -0.7366 -0.0272 0.6758
vn -0.7070 -0.0174 0.7070
vn -0.4462 0.0099 0.8949
vn -0.4230 0.0261 0.9057
vn -0.1248 -0.0068 0.9922
vn -0.0000 0.0349 0.9994
vn 0.1229 -0.0062 0.9924
vn 0.4066 0.0238 0.9133
vn 0.4448 -0.0000 0.8956
vn 0.7133 -0.0000 0.7008
vn 0.7429 0.0239 0.6689
vn 0.9061 -0.0068 0.4230
vn 0.9508 0.0246 0.3089
vn 0.9837 -0.0075 0.1795
vn 0.9943 0.0233 -0.1045
vn 0.9893 0.0017 -0.1459
vn 0.8889 0.0060 -0.4580
vn 0.8657 0.0266 -0.4998
vn 0.6272 -0.0103 -0.7788
vn 0.6901 0.0348 -0.7228
vn 0.4758 -0.0114 -0.8795
vn 0.4004 -0.0013 -0.9163
vn 0.3565 0.0108 -0.9342
vn 0.1472 -0.0018 -0.9891
vn 0.1374 0.0019 -0.9905
vn -0.6309 -0.0002 -0.7759
vn -0.9456 -0.0214 0.3246
vn -0.9691 -0.0129 0.2464
vn -0.9792 -0.0255 0.2011
vn -0.9995 -0.0307 -0.0032
vn -0.9993 -0.0338 -0.0144
vn -0.9560 -0.0236 -0.2924
vn -0.7596 -0.0264 -0.6498
vn -0.9314 -0.0334 -0.3624
vn -0.5895 -0.0314 -0.8071
vn -0.5749 -0.0124 -0.8182
vn -0.5788 -0.0296 -0.8149
vn -0.8138 -0.0396 -0.5798
vn -0.7811 -0.0199 -0.6241
vn -0.9589 -0.0195 -0.2831
vn -0.9999 -0.0073 -0.0092
vn -0.9999 0.0001 0.0143
vn -0.9702 -0.0069 0.2422
vn -0.9679 -0.0035 0.2515
vn -0.5429 -0.6903 -0.4782
vn -0.5375 -0.6989 -0.4719
vn -0.5566 -0.8204 0.1311
vn -0.3801 -0.9151 0.1348
vn -0.5358 -0.8331 0.1377
vn -0.7502 -0.6344 0.1864
vn -0.9360 -0.3510 -0.0276
vn -0.8100 -0.5863 -0.0113
vn -0.8136 -0.4876 -0.3167
vn -0.7819 -0.5471 -0.2987
vn 0.0141 0.9998 0.0159
vn -0.0046 0.9976 -0.0685
vn -0.1099 0.9930 -0.0437
vn -0.0830 0.9957 -0.0400
vn -0.1107 0.9938 -0.0118
vn -0.0833 0.9963 -0.0186
vn -0.6168 0.7605 0.2031
vn -0.1249 0.9922 -0.0020
vn -0.0800 0.9968 0.0043
vn -0.6388 0.7639 0.0914
vn -0.7397 0.6614 -0.1243
vn -0.6035 0.7190 -0.3448
vn -0.7681 0.0730 -0.6361
vn -0.7230 0.6839 0.0978
vn -0.5970 0.7777 0.1967
vn -0.7244 0.6422 0.2506
vn -0.4878 0.6785 -0.5493
vn -0.5509 0.0250 -0.8342
vn -0.5535 0.0160 -0.8327
vn -0.5882 0.0121 -0.8086
vn -0.5802 0.0313 -0.8138
vn -0.7694 0.0366 -0.6377
vn -0.7920 0.0296 -0.6098
vn -0.9572 0.0337 -0.2873
vn -0.9657 0.0256 -0.2582
vn -0.9340 0.0361 -0.3555
vn -0.9993 0.0343 0.0175
vn -0.9920 0.0218 0.1247
vn -0.9827 0.0220 0.1839
vn -0.9700 0.0150 0.2425
vn -0.9432 0.0251 0.3313
vn -0.9994 -0.0136 -0.0325
vn -0.9990 0.0316 -0.0319
vn -0.9994 0.0254 0.0214
vn -0.6308 0.0002 -0.7759
vn -0.8872 0.0371 -0.4599
vn -0.7923 0.0109 -0.6101
vn -0.9405 0.0093 -0.3397
vn -0.9576 0.0201 -0.2876
vn -1.0000 0.0067 0.0058
vn 0.4717 0.0011 -0.8818
vn 0.4500 0.0277 -0.8926
vn -0.4329 -0.0365 -0.9007
vn 0.5731 -0.0188 -0.8193
vn 0.5686 -0.0189 -0.8224
vn 0.2358 -0.0099 -0.9718
vn -0.4737 -0.4817 -0.7373
vn 0.4072 -0.3411 -0.8472
vn -0.4142 -0.5560 -0.7207
vn 0.0563 -0.6937 -0.7181
vn 0.0439 -0.3290 -0.9433
vn 0.8157 -0.4732 -0.3328
vn 0.8777 -0.3818 -0.2896
vn 0.0592 -0.9898 -0.1296
vn 0.4043 -0.9028 -0.1465
vn 0.4871 -0.8387 -0.2437
vn -0.0547 -0.9975 -0.0458
vn -0.0569 -0.9971 -0.0501
vn -0.0686 -0.9976 0.0061
vn -0.1016 -0.9947 -0.0141
vn -0.0804 -0.9967 -0.0065
vn -0.0895 -0.9950 -0.0444
vn -0.0661 -0.9976 -0.0214
vn 0.9079 0.0051 -0.4192
vn 0.9354 -0.0037 -0.3536
vn 0.9204 -0.0028 -0.3911
vn 0.9165 -0.0036 -0.4001
vn 0.8975 0.0030 -0.4410
vn 0.2898 0.9304 -0.2244
vn 0.7530 0.6316 -0.1847
vn 0.8194 0.4314 -0.3776
vn 0.3429 0.3290 -0.8799
vn 0.0244 0.8208 -0.5707
vn 0.0564 0.3336 -0.9410
vn -0.5092 0.4317 -0.7445
vn 0.4502 -0.0644 -0.8906
vn 0.8878 -0.4557 0.0638
vn 0.8860 -0.0643 0.4593
vn 0.7055 -0.0557 0.7065
vn 0.7104 -0.0613 0.7011
vn 0.4526 -0.0777 0.8883
vn 0.1561 -0.9819 0.1073
vn 0.4524 -0.8889 0.0717
vn 0.4457 -0.8918 0.0780
vn 0.7058 -0.7058 0.0617
vn 0.7130 -0.6991 0.0533
vn 0.4438 -0.0712 0.8933
vn 0.1561 -0.1062 0.9820
vn -0.1561 -0.9820 0.1064
vn -0.1221 -0.9887 0.0865
vn 0.1208 -0.9889 0.0865
vn 0.1223 -0.0865 0.9887
vn -0.1223 -0.0865 0.9887
vn -0.1561 -0.1068 0.9820
vn -0.4524 -0.0724 0.8889
vn -0.4465 -0.0780 0.8914
vn -0.7058 -0.0617 0.7058
vn -0.8868 -0.4577 0.0647
vn -0.7055 -0.7065 0.0558
vn -0.7102 -0.7013 0.0614
vn -0.4526 -0.8883 0.0777
vn -0.4440 -0.8932 0.0713
vn -0.8377 -0.0476 0.5440
vn -0.8879 -0.0670 0.4552
vn -0.9861 -0.1600 0.0452
vn 0.1682 0.9505 -0.2612
vn 0.1716 0.9514 -0.2557
vn 0.4668 0.8633 -0.1917
vn 0.4522 0.8641 -0.2211
vn 0.7045 0.6907 -0.1634
vn 0.7047 0.6906 -0.1629
vn 0.8850 0.4475 -0.1288
vn 0.8835 0.4491 -0.1331
vn 0.9862 0.1591 -0.0464
vn 0.9876 0.1521 -0.0400
vn 0.9866 -0.1560 0.0483
vn 0.9879 -0.1495 0.0420
vn 0.8960 -0.4283 0.1172
vn 0.8977 -0.4256 0.1140
vn 0.7058 -0.6843 0.1834
vn 0.4526 -0.8613 0.2308
vn 0.1559 -0.9541 0.2557
vn -0.1559 -0.9541 0.2557
vn -0.4526 -0.8613 0.2308
vn -0.7058 -0.6843 0.1834
vn -0.8937 -0.4333 0.1161
vn -0.9003 -0.4177 0.1226
vn -0.9858 -0.1609 0.0476
vn -0.9891 0.1420 -0.0391
vn -0.8856 0.4477 -0.1238
vn -0.8854 0.4481 -0.1235
vn 0.1339 0.8847 -0.4465
vn 0.4515 0.7971 -0.4010
vn 0.4501 0.7966 -0.4034
vn 0.7047 0.6337 -0.3192
vn 0.7030 0.6339 -0.3224
vn 0.8985 0.3919 -0.1978
vn 0.8803 -0.4299 0.2005
vn 0.7058 -0.6421 0.2994
vn 0.4526 -0.8082 0.3769
vn 0.1559 -0.8952 0.4175
vn -0.1559 -0.8952 0.4175
vn -0.4526 -0.8082 0.3769
vn -0.7058 -0.6421 0.2994
vn -0.8803 -0.4299 0.2005
vn -0.9899 -0.1296 0.0579
vn -0.9852 0.1563 -0.0709
vn -0.8976 0.3951 -0.1956
vn 0.1882 0.8045 -0.5633
vn 0.8762 0.3913 -0.2813
vn 0.9870 0.1304 -0.0937
vn 0.9876 0.1288 -0.0902
vn 0.9872 -0.1309 0.0916
vn 0.9878 -0.1286 0.0877
vn 0.9014 -0.3577 0.2439
vn 0.8977 -0.3610 0.2528
vn 0.7058 -0.5803 0.4064
vn 0.4526 -0.7304 0.5115
vn 0.1559 -0.8091 0.5666
vn -0.1558 -0.8091 0.5666
vn -0.1559 -0.8091 0.5666
vn -0.4526 -0.7304 0.5115
vn -0.7058 -0.5803 0.4064
vn -0.8977 -0.3610 0.2528
vn -0.8899 -0.3798 0.2527
vn -0.9862 -0.1374 0.0922
vn -0.9888 0.1251 -0.0815
vn -0.8808 0.3977 -0.2569
vn 0.1223 0.7005 -0.7031
vn 0.4498 0.6304 -0.6327
vn 0.4483 0.6296 -0.6345
vn 0.7029 0.5010 -0.5049
vn 0.7013 0.5006 -0.5074
vn 0.9011 0.3045 -0.3086
vn 0.8803 -0.3354 0.3354
vn 0.7058 -0.5010 0.5010
vn 0.4526 -0.6305 0.6305
vn 0.1559 -0.6985 0.6985
vn 0.1558 -0.6985 0.6985
vn -0.1559 -0.6985 0.6985
vn -0.4526 -0.6305 0.6305
vn -0.7058 -0.5010 0.5010
vn -0.8903 -0.3220 0.3220
vn -0.8988 -0.2982 0.3213
vn -0.9888 -0.1019 0.1089
vn -0.9872 -0.1130 0.1130
vn -0.9865 0.1157 -0.1157
vn -0.9872 0.1105 -0.1149
vn -0.8971 0.3049 -0.3197
vn -0.8891 0.3258 -0.3214
vn 0.1882 0.5633 -0.8045
vn 0.8762 0.2715 -0.3981
vn 0.9870 0.0905 -0.1327
vn 0.9876 0.0902 -0.1288
vn 0.9872 -0.0916 0.1308
vn 0.9878 -0.0908 0.1264
vn 0.9014 -0.2527 0.3516
vn 0.8977 -0.2528 0.3610
vn 0.7058 -0.4064 0.5803
vn 0.7058 -0.4063 0.5803
vn 0.4526 -0.5115 0.7304
vn 0.1559 -0.5666 0.8091
vn -0.1559 -0.5666 0.8091
vn -0.4526 -0.5115 0.7304
vn -0.7058 -0.4063 0.5803
vn -0.7058 -0.4064 0.5803
vn -0.8803 -0.2721 0.3886
vn 0.1343 0.4447 -0.8856
vn 0.4514 0.3994 -0.7980
vn 0.4516 0.3997 -0.7977
vn 0.7045 0.3165 -0.6352
vn 0.7048 0.3169 -0.6347
vn 0.8976 0.1956 -0.3951
vn 0.8803 -0.2005 0.4299
vn 0.7058 -0.2994 0.6421
vn 0.4526 -0.3768 0.8082
vn 0.4526 -0.3769 0.8082
vn 0.1559 -0.4175 0.8952
vn -0.1559 -0.4175 0.8952
vn -0.4526 -0.3769 0.8082
vn -0.4526 -0.3768 0.8082
vn -0.7058 -0.2994 0.6421
vn -0.8977 -0.1862 0.3994
vn -0.8899 -0.2026 0.4088
vn -0.9879 -0.0683 0.1393
vn -0.9887 -0.0628 0.1362
vn -0.9876 0.0678 -0.1416
vn -0.9866 0.0740 -0.1456
vn -0.8884 0.2094 -0.4085
vn -0.8897 0.2058 -0.4075
vn 0.1707 0.2612 -0.9501
vn 0.1604 0.2426 -0.9568
vn 0.4522 0.2203 -0.8643
vn 0.4495 0.2153 -0.8669
vn 0.7055 0.1769 -0.6863
vn 0.6987 0.1651 -0.6961
vn 0.8859 0.1256 -0.4466
vn 0.8849 0.1241 -0.4490
vn 0.9871 0.0424 -0.1542
vn 0.9862 0.0403 -0.1604
vn 0.9873 -0.0457 0.1519
vn 0.9868 -0.0452 0.1558
vn 0.9009 -0.1197 0.4173
vn 0.8957 -0.1151 0.4295
vn 0.7058 -0.1834 0.6843
vn 0.4526 -0.2308 0.8613
vn 0.1559 -0.2557 0.9541
vn -0.1559 -0.2557 0.9541
vn -0.4526 -0.2308 0.8613
vn -0.7058 -0.1834 0.6843
vn -0.8903 -0.1179 0.4399
vn -0.8943 -0.1085 0.4341
vn -0.9872 -0.0399 0.1542
vn -0.9884 0.0383 -0.1467
vn -0.8900 0.1100 -0.4425
vn -0.8836 0.1273 -0.4507
vn -0.9861 -0.0481 0.1592
vn -0.9873 0.0308 -0.1558
vn -0.6987 0.6953 -0.1684
vn -0.7056 0.6851 -0.1810
vn -0.7048 0.6347 -0.3169
vn -0.7045 0.6352 -0.3165
vn -0.7014 0.5074 -0.5006
vn -0.7029 0.5049 -0.5010
vn -0.7030 0.3224 -0.6339
vn -0.7047 0.3192 -0.6337
vn -0.7046 0.1625 -0.6907
vn -0.7023 0.1679 -0.6918
vn -0.4498 0.8915 0.0547
vn -0.4482 0.8686 -0.2113
vn -0.4638 0.8525 -0.2411
vn -0.4328 0.8059 -0.4039
vn -0.4731 0.7363 -0.4837
vn -0.4344 0.6394 -0.6344
vn -0.4514 0.6132 -0.6482
vn -0.4501 0.4034 -0.7966
vn -0.4515 0.4010 -0.7971
vn -0.4521 0.2186 -0.8648
vn -0.4515 0.2199 -0.8648
vn -0.4640 -0.0626 -0.8836
vn -0.1529 0.9497 -0.2733
vn -0.1555 0.9481 -0.2773
vn -0.1545 0.8265 -0.5414
vn -0.1718 0.8070 -0.5651
vn -0.1343 0.6801 -0.7207
vn -0.1882 0.5633 -0.8045
vn -0.1339 0.4465 -0.8847
vn -0.1731 0.2472 -0.9534
vn -0.1615 0.2655 -0.9505
vn -0.4996 0.0584 -0.8643
vn 0.9280 0.0269 -0.3715
vn 0.9224 0.0051 -0.3862
vn 0.9385 -0.0254 -0.3444
vn 0.9255 -0.0018 -0.3787
vn 0.9282 0.0075 -0.3719
vn 0.9404 0.0211 -0.3394
vn 0.9044 0.0775 -0.4196
vn 0.9274 -0.0360 -0.3723
vn 0.9193 -0.0324 -0.3922
vn -0.4946 -0.0153 -0.8690
vn -0.4571 -0.0205 -0.8892
vn -0.4572 0.0058 -0.8894
vn -0.4233 -0.0212 -0.9057
vn -0.4929 -0.0030 -0.8701
vn -0.3952 0.0886 -0.9143
vn -0.4370 -0.0024 -0.8994
vn -0.4875 -0.0000 -0.8731
vn -0.4876 0.0018 -0.8731
vn -0.1141 -0.2766 -0.9542
vn -0.4329 0.0009 -0.9014
vn -0.4906 0.0091 -0.8714
vn -0.4644 0.0182 -0.8855
vn -0.4622 0.0083 -0.8867
vn -0.4195 0.0048 -0.9077
vn -0.4927 0.0029 -0.8702
vn 0.5878 -0.8090 -0.0089
vn 0.8660 -0.5000 -0.0070
vn 0.6891 -0.7246 0.0012
vn 0.9945 -0.1045 -0.0062
vn 0.9857 -0.1682 -0.0006
vn 0.8885 -0.4589 -0.0016
vn 0.9510 0.3090 -0.0062
vn 0.9762 0.2167 -0.0000
vn 0.9993 0.0374 -0.0000
vn 0.7431 0.6691 -0.0054
vn 0.9110 0.4125 0.0019
vn 0.4067 0.9135 -0.0053
vn 0.4447 0.8957 -0.0000
vn 0.7137 0.7005 -0.0000
vn -0.0000 1.0000 -0.0078
vn 0.1232 0.9924 0.0014
vn -0.4067 0.9135 -0.0055
vn -0.1252 0.9921 0.0016
vn -0.7431 0.6691 -0.0053
vn -0.7146 0.6996 -0.0000
vn -0.4462 0.8950 -0.0000
vn -0.9510 0.3090 -0.0063
vn -0.9116 0.4111 0.0017
vn -0.9945 -0.1045 -0.0054
vn -0.9830 0.1837 0.0020
vn -0.8660 -0.5000 -0.0069
vn -0.8876 -0.4606 -0.0017
vn -0.9895 -0.1445 -0.0006
vn -0.5878 -0.8090 -0.0085
vn -0.6874 -0.7263 0.0005
vn 0.4769 -0.8790 -0.0000
vn 0.4044 -0.9146 -0.0000
vn 0.1999 -0.9798 -0.0077
vn 0.1529 -0.9882 -0.0020
vn -0.1714 -0.9852 0.0004
vn -0.2315 -0.9728 -0.0061
vn -0.4729 -0.8811 0.0016
vn -0.0230 0.9994 0.0267
vn -0.0016 0.9995 0.0303
vn 0.2204 0.6480 0.7290
vn 0.3088 0.7921 0.5265
vn 0.4448 0.0181 0.8954
vn 0.3947 0.0082 0.9188
vn 0.3947 -0.0099 0.9188
vn 0.3795 -0.0070 0.9252
vn 0.1791 -0.7554 0.6304
vn 0.3831 -0.6056 0.6975
vn 0.0663 -0.9970 0.0401
vn -0.0194 -0.9996 0.0225
vn -0.6548 0.0024 0.7558
vn -0.6667 -0.0000 0.7454
vn -0.6540 -0.0024 0.7565
vn 0.9186 -0.0198 -0.3947
vn 0.9187 -0.0083 -0.3949
vn 0.9188 -0.0084 -0.3947
vn 0.9168 -0.0107 -0.3993
vn 0.9163 -0.0111 -0.4003
vn 0.9186 0.0197 -0.3947
vn 0.9164 0.0111 -0.4001
vn 0.9159 0.0117 -0.4013
vn 0.9184 0.0088 -0.3956
vn 0.9171 0.0081 -0.3986
vn -0.9188 -0.0000 0.3948
vn -0.9189 -0.0000 0.3945
vn -0.9188 -0.0000 0.3947
vn -0.9187 -0.0000 0.3950
vn -0.4971 -0.0000 -0.8677
vn -0.4966 -0.0000 -0.8680
vn 0.8364 -0.0025 -0.5482
vn 0.8971 -0.0000 -0.4418
vn 0.7407 -0.0019 0.6718
vn 0.4444 -0.0000 0.8958
vn -0.9303 -0.0005 0.3668
vn -0.9262 -0.0000 0.3770
vn -0.9257 -0.0002 0.3784
vn -0.9263 0.0058 0.3769
vn -0.9262 0.0002 0.3770
vn -0.9274 0.0094 0.3739
vn -0.9354 0.0262 0.3526
vn -0.8558 0.1090 0.5057
vn -0.6265 0.5428 0.5593
vn -0.8925 0.0472 0.4486
vn -0.0743 0.1672 0.9831
vn -0.1030 0.1568 0.9822
vn -0.1526 0.4599 0.8748
vn -0.1282 0.4722 0.8721
vn -0.2156 0.6516 0.7273
vn -0.2162 0.6511 0.7276
vn -0.2880 0.7922 0.5380
vn -0.2638 0.8076 0.5275
vn -0.4875 0.1103 0.8662
vn -0.6847 0.2279 0.6922
vn -0.6683 0.2435 0.7029
vn -0.5980 0.4371 0.6718
vn -0.7563 0.3909 0.5247
vn -0.7172 0.4563 0.5267
vn -0.6522 0.6824 0.3300
vn -0.3753 0.8716 0.3154
vn -0.9183 0.1236 0.3760
vn -0.8989 0.2530 0.3576
vn -0.6908 0.6518 0.3130
vn -0.4356 0.8881 0.1466
vn -0.9514 0.0844 -0.2961
vn -0.7444 0.1182 -0.6572
vn -0.7326 0.1126 -0.6713
vn -0.4643 0.8854 0.0234
vn -0.4855 0.8731 0.0448
vn -0.8543 0.4655 0.2310
vn -0.9693 0.0639 0.2373
vn -0.5693 0.7713 -0.2845
vn -0.5856 0.7657 -0.2659
vn -0.9130 0.3916 0.1147
vn -0.9113 0.3975 0.1074
vn -0.6625 0.6014 -0.4465
vn -0.6637 0.6015 -0.4445
vn -0.9247 0.3744 -0.0691
vn -0.7051 0.3919 -0.5910
vn -0.7134 0.3925 -0.5805
vn -0.9714 0.2179 -0.0941
vn -0.9791 0.2022 -0.0214
vn -0.9780 0.0004 0.2084
vn -0.9995 -0.0005 -0.0318
vn -0.9928 0.0002 -0.1200
vn -0.7403 -0.0000 -0.6723
vn -0.7496 0.0001 -0.6619
vn -0.9449 -0.0437 0.3243
vn -0.9404 -0.2582 0.2213
vn -0.7365 -0.6540 0.1726
vn -0.4353 -0.9002 0.0082
vn -0.7332 -0.1193 -0.6694
vn -0.6996 -0.3921 -0.5974
vn -0.7147 -0.3932 -0.5784
vn -0.6521 -0.6013 -0.4618
vn -0.6600 -0.6031 -0.4479
vn -0.5622 -0.7735 -0.2926
vn -0.5921 -0.7632 -0.2587
vn -0.4861 -0.8737 0.0181
vn -0.7475 -0.1105 -0.6550
vn -0.9169 -0.3760 0.1337
vn -0.9094 -0.4034 0.1018
vn -0.9104 -0.4001 -0.1055
vn -0.9779 -0.2061 -0.0364
vn -0.9729 -0.2130 -0.0899
vn -0.9832 -0.0771 -0.1653
vn -0.3853 -0.9131 0.1333
vn -0.6971 -0.6484 0.3060
vn -0.8340 -0.4409 0.3317
vn -0.9153 -0.1566 0.3710
vn -0.9160 -0.1527 0.3709
vn -0.8632 -0.2084 0.4598
vn -0.9032 -0.0594 0.4251
vn -0.1412 -0.1449 0.9793
vn -0.3579 -0.8790 0.3151
vn -0.2703 -0.8045 0.5289
vn -0.2896 -0.7921 0.5374
vn -0.2037 -0.6602 0.7229
vn -0.2114 -0.6531 0.7271
vn -0.1227 -0.4746 0.8716
vn -0.1587 -0.4568 0.8753
vn -0.1237 -0.1400 0.9824
vn -0.6767 -0.1119 0.7277
vn -0.6751 -0.2390 0.6979
vn -0.6682 -0.2456 0.7023
vn -0.5977 -0.4374 0.6719
vn -0.7529 -0.3965 0.5253
vn -0.7178 -0.4545 0.5274
vn -0.6575 -0.6799 0.3247
vn -0.1709 -0.0010 0.9853
vn -0.8331 -0.0002 0.5532
vn -0.0940 -0.0002 0.9956
vn -0.6836 0.0013 0.7299
vn -0.8447 -0.0005 0.5353
vn 0.2855 0.1798 0.9414
vn 0.2973 0.1366 0.9450
vn 0.2683 0.4175 0.8681
vn 0.2266 0.5212 0.8228
vn 0.2065 0.6463 0.7346
vn 0.1677 0.7471 0.6432
vn 0.1644 0.7602 0.6285
vn 0.0844 0.8958 0.4363
vn 0.0824 0.9054 0.4166
vn -0.0143 0.9896 0.1434
vn -0.0240 0.9917 0.1261
vn -0.0497 0.9982 0.0322
vn -0.0588 0.9980 0.0223
vn -0.1276 0.9814 -0.1437
vn -0.2624 0.8504 -0.4561
vn -0.2576 0.8552 -0.4498
vn -0.1262 0.9827 -0.1358
vn -0.4171 0.0933 -0.9041
vn -0.4219 0.1358 -0.8964
vn -0.4006 0.3531 -0.8455
vn -0.4035 0.4336 -0.8057
vn -0.3428 0.6434 -0.6845
vn -0.3405 0.6607 -0.6690
vn -0.4140 -0.0008 -0.9103
vn -0.4163 -0.0001 -0.9092
vn -0.4143 0.0007 -0.9101
vn -0.1252 -0.9831 -0.1334
vn -0.1270 -0.9815 -0.1436
vn -0.2558 -0.8579 -0.4456
vn -0.2632 -0.8505 -0.4555
vn -0.3411 -0.6505 -0.6786
vn -0.3404 -0.6517 -0.6778
vn -0.4169 -0.3614 -0.8340
vn -0.3904 -0.4315 -0.8132
vn -0.4201 -0.1371 -0.8970
vn -0.4170 -0.1116 -0.9020
vn -0.0596 -0.9980 0.0209
vn -0.0490 -0.9983 0.0321
vn 0.2859 -0.1251 0.9500
vn 0.2940 -0.1801 0.9387
vn 0.2663 -0.4193 0.8679
vn 0.2257 -0.5190 0.8244
vn 0.2017 -0.6628 0.7212
vn 0.1613 -0.7613 0.6281
vn 0.1673 -0.7522 0.6373
vn 0.0840 -0.8964 0.4352
vn 0.0820 -0.9057 0.4159
vn -0.0182 -0.9910 0.1325
vn -0.0155 -0.9886 0.1500
vn 0.3071 -0.0003 0.9517
vn 0.3064 -0.0000 0.9519
vn 0.3061 -0.0001 0.9520
vn 0.7495 0.5790 0.3209
vn -0.7343 0.3065 0.6057
vn -0.3849 0.7801 0.4933
vn -0.9928 0.1198 -0.0039
vn -0.9994 0.0301 0.0140
vn -0.5489 0.5985 -0.5835
vn -0.6995 0.6945 -0.1683
vn -0.9394 -0.0046 -0.3428
vn -0.9033 0.0037 -0.4291
vn -0.8737 -0.4860 0.0203
vn -0.8899 -0.3955 -0.2273
vn -0.7942 -0.3039 -0.5262
vn -0.9880 -0.0464 -0.1472
vn 0.6982 -0.6146 0.3672
vn -0.3345 -0.8046 0.4906
vn -0.7241 -0.3178 0.6120
vn 0.8663 -0.0101 -0.4994
vn 0.8670 -0.0139 -0.4981
vn 0.8651 -0.0325 -0.5005
vn 0.8665 -0.0448 -0.4972
vn 0.8643 -0.0575 -0.4997
vn 0.8648 -0.0657 -0.4977
vn 0.8604 -0.0902 -0.5015
vn 0.8579 -0.1276 -0.4977
vn 0.8561 -0.1756 -0.4860
vn 0.8608 -0.1216 -0.4943
vn 0.8649 -0.1129 -0.4891
vn 0.8158 -0.0913 -0.5711
vn 0.8569 0.1560 -0.4913
vn 0.8599 0.1250 -0.4949
vn 0.8674 0.1014 -0.4871
vn 0.8572 0.1486 -0.4930
vn 0.8524 0.1266 -0.5074
vn 0.8625 0.0997 -0.4961
vn 0.8621 0.0784 -0.5006
vn 0.8653 0.0634 -0.4972
vn 0.8635 0.0457 -0.5023
vn 0.8658 0.0371 -0.4991
vn 0.8652 0.0126 -0.5012
vn 0.8664 0.0062 -0.4992
vn 0.0739 0.9806 0.1816
vn 0.0739 -0.9806 0.1816
vn -0.9435 -0.0055 0.3314
vn -0.9498 -0.0045 0.3129
vn -0.9478 -0.0024 0.3190
vn -0.9477 -0.0128 0.3188
vn -0.9559 -0.0214 0.2929
vn -0.9499 -0.0158 0.3120
vn -0.9485 -0.0127 0.3166
vn -0.9485 0.0293 0.3153
vn -0.9479 0.0168 0.3181
vn -0.9438 -0.0214 0.3299
vn -0.9534 0.0146 0.3015
vn -0.9403 -0.0052 0.3402
vn -0.9472 -0.0095 0.3206
vn -0.9477 -0.0122 0.3189
vn -0.9485 -0.0144 0.3166
vn -0.9187 -0.0162 0.3946
vn -0.9259 -0.0140 0.3776
vn -0.9227 -0.0042 0.3854
vn -0.9492 0.0002 0.3146
vn -0.9598 0.0104 0.2805
vn -0.9427 0.0149 0.3334
vn -0.9505 0.0105 0.3105
vn -0.9483 0.0123 0.3170
vn -0.9478 0.0103 0.3188
vn -0.9499 0.0158 0.3121
vn -0.9515 0.0193 0.3070
vn -0.9416 0.0033 0.3368
vn -0.9484 0.0117 0.3168
vn -0.4456 0.3066 0.8411
vn -0.9521 0.0034 0.3059
vn -0.9433 0.0117 0.3317
vn -0.9281 0.0112 0.3722
vn -0.9311 0.0024 0.3649
vn -0.9286 0.0059 0.3711
vn -0.9534 0.0017 0.3016
vn 0.0011 0.0006 -1.0000
vn 0.0011 0.0001 -1.0000
vn 0.0009 -0.0007 -1.0000
vn -0.0012 -0.0001 -1.0000
vn 0.0011 -0.0001 -1.0000
vn 0.0007 -0.0008 -1.0000
vn 0.0037 0.0026 -1.0000
vn -0.0057 -0.0053 -1.0000
vn -0.0077 0.0121 -0.9999
vn 0.0017 -0.0001 -1.0000
vn 0.0022 0.0058 -1.0000
vn -0.0058 -0.0139 -0.9999
vn 0.0001 -0.0027 -1.0000
vn 0.0001 -0.0019 -1.0000
vn -0.0640 0.1671 -0.9839
vn 0.0011 0.0012 -1.0000
vn 0.0009 0.0018 -1.0000
vn -0.0053 -0.0101 -0.9999
vn -0.1491 -0.1536 -0.9768
vn -0.0002 -0.7071 -0.7072
vn -0.0002 -0.7071 -0.7071
vn -0.0003 -0.7070 -0.7073
vn 0.0001 -0.7071 -0.7071
vn 0.0002 -0.7071 -0.7071
vn 0.0003 0.7071 -0.7071
vn 0.0002 0.7071 -0.7071
vn 0.0002 0.7070 -0.7072
vn -0.0000 0.7071 -0.7071
vn -0.0003 0.7071 -0.7071
vn 0.4411 -0.0326 -0.8969
vn 0.4712 -0.0360 -0.8813
vn 0.3755 -0.0095 -0.9268
vn 0.3901 -0.0072 -0.9207
vn 0.4123 -0.0074 -0.9110
vn 0.6370 -0.0079 -0.7708
vn 0.7719 -0.0269 -0.6352
vn 0.6528 -0.0281 -0.7570
vn 0.7017 -0.0535 -0.7105
vn 0.8552 -0.0999 -0.5087
vn 0.6685 -0.0802 -0.7394
vn 0.8491 -0.0658 -0.5242
vn 0.3014 0.8265 -0.4755
vn 0.3146 0.0930 -0.9447
vn 0.5055 0.3133 -0.8040
vn 0.7344 0.2955 -0.6110
vn 0.5517 0.6043 -0.5748
vn 0.5554 0.5710 -0.6046
vn 0.4657 0.5940 -0.6559
vn 0.4514 0.3224 -0.8320
vn 0.6840 0.1562 -0.7125
vn 0.7247 0.0775 -0.6847
vn 0.3492 0.8408 -0.4137
vn 0.5483 0.6714 -0.4986
vn 0.5959 0.6208 -0.5094
vn 0.8524 0.0050 -0.5228
vn 0.8142 0.1930 -0.5476
vn 0.7630 0.3469 -0.5454
vn 0.8517 0.0104 -0.5240
vn 0.8901 0.2775 -0.3617
vn 0.9998 -0.0105 -0.0195
vn 0.4321 0.2260 0.8730
vn 0.4344 0.2244 0.8723
vn 0.3370 0.7117 0.6164
vn 0.5482 0.7552 -0.3594
vn 0.5962 0.6843 -0.4200
vn 0.7431 0.4732 -0.4732
vn 0.7743 0.6270 -0.0856
vn 0.5383 0.7444 0.3952
vn 0.3851 0.9107 0.1491
vn 0.5298 0.8328 0.1607
vn 0.7002 0.7091 -0.0832
vn 0.8326 0.5132 0.2086
vn 0.4372 0.5120 0.7394
vn 0.3749 0.4405 0.8157
vn 0.8719 0.3313 -0.3605
vn 0.5639 0.7763 -0.2818
vn 0.3956 0.9180 -0.0259
vn 0.8470 0.1297 0.5155
vn 0.8528 0.1337 0.5049
vn 0.8324 0.3809 0.4026
vn 0.9894 0.0991 -0.1064
vn 0.9870 0.1028 -0.1233
vn 0.9137 -0.0377 -0.4046
vn 0.8262 0.3920 0.4046
vn 0.7601 0.6182 0.2001
vn 0.9539 0.2612 -0.1481
vn 0.8981 0.1380 -0.4177
vn 0.3695 0.0380 0.9285
vn 0.1574 0.0779 0.9845
vn 0.1535 0.0163 0.9880
vn 0.4288 0.0009 0.9034
vn 0.9272 -0.0016 0.3744
vn 0.9921 -0.0073 -0.1249
vn 0.9918 -0.0072 -0.1275
vn 0.4088 0.0824 0.9089
vn 0.4313 0.0818 0.8985
vn 0.8375 0.0092 0.5463
vn 0.8433 0.0083 0.5374
vn 0.9977 -0.0658 0.0180
vn 0.9909 -0.0794 -0.1087
vn 0.9942 -0.0786 -0.0728
vn 0.4283 0.0714 0.9008
vn 0.9967 -0.0593 -0.0562
vn 0.8233 0.0055 0.5676
vn 0.9988 -0.0293 0.0381
vn 0.9926 -0.0362 -0.1156
vn 0.9971 -0.0364 -0.0665
vn 0.4254 0.0466 0.9038
vn 0.6025 0.0390 0.7972
vn 0.7997 0.0117 0.6003
vn 0.9929 -0.0519 0.1072
vn 0.9934 -0.0554 -0.1000
vn 0.4393 0.0268 0.8980
vn 0.5826 0.0151 0.8126
vn 0.7822 0.0061 0.6229
vn 0.9989 -0.0202 -0.0428
vn 0.9938 -0.0408 0.1033
vn -0.0981 -0.0535 0.9937
vn 0.4442 -0.0051 0.8959
vn 0.5481 -0.0089 0.8364
vn 0.7934 -0.0013 0.6087
vn 0.9989 0.0073 -0.0457
vn 0.9838 0.0938 -0.1525
vn 0.9977 0.0628 0.0247
vn 0.9761 0.0419 0.2133
vn 0.8479 -0.0057 0.5301
vn 0.2288 -0.1010 0.9682
vn 0.5109 -0.0695 0.8568
vn 0.1743 -0.0760 0.9818
vn 0.5440 -0.0193 0.8388
vn 0.8396 -0.0022 0.5432
vn 0.9997 0.0199 0.0167
vn 0.9946 0.0162 0.1021
vn 0.9926 0.0238 -0.1187
vn 0.9867 0.0273 -0.1600
vn 0.5629 -0.0310 0.8259
vn 0.6088 -0.0244 0.7929
vn 0.8090 -0.0068 0.5878
vn 0.9985 0.0325 -0.0441
vn 0.5191 -0.0467 0.8534
vn 0.9242 0.0122 0.3817
vn 0.9905 0.0554 -0.1257
vn 0.9924 0.0534 -0.1109
vn 0.6302 -0.0437 0.7752
vn 0.7942 -0.0157 0.6074
vn 0.9971 0.0637 -0.0418
vn 0.9870 0.0191 0.1597
vn 0.6485 -0.6010 -0.4672
vn 0.9814 -0.0633 0.1813
vn 0.9985 0.0505 0.0206
vn 0.9161 -0.0387 -0.3991
vn 0.3694 -0.8640 -0.3422
vn 0.3347 -0.3231 0.8852
vn 0.5617 -0.1957 0.8039
vn 0.4359 -0.4943 0.7521
vn 0.2567 -0.7243 0.6399
vn 0.7478 -0.6440 -0.1613
vn 0.5833 -0.7633 -0.2778
vn 0.5544 -0.7463 -0.3683
vn 0.8459 -0.1259 0.5183
vn 0.8057 -0.1648 0.5690
vn 0.7917 -0.3816 0.4771
vn 0.6877 -0.4961 0.5300
vn 0.6319 -0.6661 0.3964
vn 0.5332 -0.7341 0.4204
vn 0.4214 -0.8762 0.2339
vn 0.7997 -0.3695 -0.4732
vn 0.8656 -0.3500 -0.3581
vn 0.9103 -0.2431 -0.3350
vn 0.4856 -0.8692 0.0927
vn 0.9623 -0.2572 0.0888
vn 0.9587 -0.2688 0.0926
vn 0.9357 0.0865 -0.3421
vn 0.9413 0.0411 -0.3349
vn 0.4150 -0.9098 -0.0097
vn 0.7310 -0.6807 -0.0478
vn 0.8103 -0.5800 0.0839
vn 0.9290 -0.3700 0.0085
vn 0.8585 0.0753 -0.5072
vn 0.8274 -0.1347 -0.5452
vn 0.7286 -0.4106 -0.5482
vn 0.8516 -0.0306 -0.5233
vn 0.5251 -0.6974 -0.4877
vn 0.2914 -0.8782 -0.3792
vn 0.3561 -0.8383 -0.4130
vn 0.3975 -0.8092 -0.4328
vn 0.3381 -0.8497 -0.4046
vn 0.6116 -0.6027 -0.5126
vn 0.4067 -0.8447 -0.3480
vn 0.8508 0.0854 -0.5185
vn 0.3081 -0.1063 -0.9454
vn 0.5402 -0.2621 -0.7997
vn 0.4431 -0.3748 -0.8144
vn 0.4755 -0.5966 -0.6465
vn 0.6362 -0.5457 -0.5453
vn 0.6061 -0.7942 0.0437
vn 0.2874 -0.8437 -0.4533
vn 0.0127 -0.6870 -0.7266
vn 0.0380 -0.6979 -0.7152
vn 0.2289 0.4768 0.8487
vn -0.5019 0.0153 -0.8648
vn 0.2998 -0.8458 -0.4413
vn 0.4564 -0.6483 -0.6095
vn 0.7044 -0.4012 -0.5856
vn 0.7609 -0.2382 -0.6035
vn 0.7040 -0.1295 -0.6983
vn 0.6128 -0.1593 -0.7740
vn 0.8545 -0.0320 -0.5185
vn 0.4570 0.0352 -0.8888
vn 0.4519 0.0342 -0.8914
vn 0.3842 0.0102 -0.9232
vn 0.4094 0.0086 -0.9123
vn 0.4764 0.0145 -0.8791
vn 0.3850 -0.0029 -0.9229
vn 0.7545 0.0099 -0.6563
vn 0.7054 0.0215 -0.7085
vn 0.6555 0.0464 -0.7537
vn 0.9081 0.1102 -0.4039
vn 0.6733 0.0814 -0.7349
vn -0.5940 0.8037 -0.0351
vn -0.5715 0.8185 0.0591
vn -0.9563 0.1681 0.2391
vn -0.9161 0.3701 0.1544
vn -0.8668 0.4930 0.0748
vn -0.6828 0.7268 -0.0747
vn -0.8645 0.4597 0.2034
vn -0.6173 0.7851 0.0499
vn -0.5566 -0.8294 0.0472
vn -0.6919 -0.7214 0.0299
vn -0.4771 -0.8780 -0.0391
vn -0.7180 -0.6948 -0.0413
vn -0.8656 -0.4645 0.1873
vn -0.7577 -0.6358 0.1469
vn -0.9086 -0.3966 0.1309
vn -0.8971 -0.4243 0.1235
vn 0.2726 0.1295 -0.9534
vn 0.3609 0.1688 -0.9172
vn 0.9116 -0.0147 -0.4108
vn 0.9671 0.0227 -0.2536
vn 0.9660 -0.1567 0.2057
vn 0.8376 -0.1161 0.5338
vn 0.4766 -0.2411 0.8454
vn 0.3402 -0.1747 0.9240
vn -0.4292 -0.1585 0.8892
vn -0.5042 -0.0945 0.8584
vn -0.9876 0.0179 0.1558
vn -0.9930 0.0929 0.0736
vn -0.6474 0.1553 -0.7461
vn -0.5682 0.2174 -0.7937
vn -0.8972 -0.3535 0.2647
vn -0.8938 -0.3631 0.2633
vn -0.7598 -0.6199 0.1961
vn -0.7372 -0.6502 0.1837
vn -0.5283 -0.8440 0.0924
vn -0.7457 -0.2407 0.6213
vn -0.7469 -0.2351 0.6220
vn -0.5397 -0.6362 0.5514
vn -0.3276 -0.1301 0.9358
vn -0.4194 -0.4065 0.8117
vn -0.5746 -0.4325 0.6948
vn -0.0305 -0.0069 0.9995
vn 0.1283 -0.0603 0.9899
vn -0.1004 -0.0397 0.9942
vn -0.0085 -0.0674 0.9977
vn -0.8567 0.0002 0.5158
vn -0.8767 0.0002 0.4811
vn -0.6789 -0.0081 0.7342
vn -0.6991 -0.0082 0.7149
vn -0.6482 -0.0178 0.7613
vn -0.6950 -0.0196 0.7187
vn -0.6361 -0.0294 0.7711
vn -0.2115 -0.0063 0.9774
vn -0.3775 -0.0165 0.9259
vn -0.2572 -0.0340 0.9658
vn -0.3503 -0.0339 0.9360
vn -0.3228 -0.0552 0.9448
vn -0.3528 -0.0551 0.9341
vn 0.0930 0.0211 0.9954
vn -0.4142 0.0053 0.9102
vn -0.8847 -0.0024 0.4662
vn -0.8846 -0.0024 0.4663
vn -0.5699 0.0041 0.8217
vn -0.6858 0.0073 0.7278
vn -0.6089 0.0187 0.7930
vn -0.7055 0.0180 0.7085
vn -0.2369 0.0191 0.9713
vn -0.3473 0.0326 0.9372
vn -0.3333 0.0326 0.9423
vn -0.2958 0.0525 0.9538
vn -0.3828 0.0520 0.9223
vn -0.6410 0.0286 0.7670
vn -0.3412 0.1652 0.9254
vn -0.7591 0.3632 0.5403
vn -0.6404 0.5909 0.4906
vn -0.6312 0.6977 0.3387
vn -0.7445 0.2410 0.6226
vn -0.7392 0.2602 0.6212
vn -0.4310 0.3756 0.8205
vn -0.3302 0.5303 0.7809
vn -0.3464 0.6393 0.6865
vn -0.7469 0.6373 0.1895
vn -0.5457 0.8325 0.0956
vn -0.8988 0.3495 0.2647
vn -0.8728 0.4220 0.2451
vn 0.8925 0.1766 0.4150
vn 0.8818 0.1919 0.4307
vn 0.9704 -0.0299 -0.2398
vn 0.8620 0.0299 -0.5060
vn 0.3305 -0.1919 -0.9241
vn 0.3491 -0.1766 -0.9203
vn -0.4934 -0.1677 -0.8535
vn -0.5384 -0.1925 -0.8204
vn -0.9420 -0.1284 -0.3102
vn -0.9562 -0.1466 -0.2534
vn -0.8300 0.0723 0.5531
vn -0.7652 0.0290 0.6432
vn 0.0649 0.2177 0.9739
vn 0.1693 0.1604 0.9724
vn -0.9979 0.0237 0.0600
vn -0.6938 0.3796 -0.6121
vn -0.8568 0.4737 -0.2039
vn -0.8995 0.3189 -0.2986
vn -0.8763 0.3698 -0.3088
vn -0.9926 -0.0017 0.1215
vn -0.6594 0.0123 -0.7517
vn -0.6349 0.0013 -0.7726
vn -0.8060 0.0014 -0.5919
vn -0.9659 -0.0022 -0.2590
vn -0.9691 -0.0046 0.2467
vn -0.8281 0.0029 -0.5605
vn -0.9114 0.0019 -0.4116
vn -0.9983 -0.0083 0.0575
vn -0.5558 -0.0103 -0.8312
vn -0.8663 -0.0013 -0.4995
vn -0.9867 0.0011 -0.1624
vn -0.9966 0.0080 0.0824
vn -0.6722 -0.0102 -0.7403
vn -0.9489 0.0020 -0.3156
vn -0.9816 0.0073 0.1910
vn -0.8637 -0.4661 -0.1918
vn -0.6856 -0.3888 -0.6154
vn -0.8994 -0.3655 -0.2399
vn -0.8987 -0.3566 -0.2552
vn -0.9887 -0.1023 0.1099
vn -0.9565 -0.1787 0.2306
vn -0.8356 -0.5490 0.0180
vn -0.6639 -0.7400 -0.1076
vn -0.8743 0.0866 -0.4777
vn -0.5705 0.1459 -0.8082
vn -0.6695 0.2020 -0.7149
vn -0.5871 0.3279 -0.7401
vn -0.5380 0.2906 -0.7913
vn -0.6781 0.5577 -0.4787
vn -0.3860 0.4301 -0.8161
vn -0.4537 0.5560 -0.6964
vn -0.3570 0.6048 -0.7119
vn -0.1600 0.6436 -0.7485
vn -0.0840 0.8615 -0.5007
vn 0.0441 0.5336 -0.8446
vn 0.0627 0.6082 -0.7913
vn 0.2558 0.8398 -0.4788
vn 0.2496 0.5211 -0.8162
vn 0.3421 0.6358 -0.6919
vn 0.4599 0.5342 -0.7093
vn 0.3738 0.4586 -0.8062
vn 0.6795 0.5569 -0.4777
vn 0.4793 0.2658 -0.8364
vn 0.5210 0.2805 -0.8061
vn 0.8409 0.2545 -0.4776
vn 0.5446 0.0622 -0.8364
vn 0.5887 0.0599 -0.8062
vn 0.8743 -0.0866 -0.4777
vn 0.5704 -0.1459 -0.8083
vn 0.6848 -0.2068 -0.6988
vn 0.6074 -0.3435 -0.7163
vn 0.5380 -0.2906 -0.7913
vn 0.6780 -0.5577 -0.4788
vn 0.3465 -0.4092 -0.8441
vn 0.3858 -0.4743 -0.7913
vn 0.4131 -0.7747 -0.4787
vn 0.1921 -0.5452 -0.8160
vn 0.2042 -0.6803 -0.7039
vn 0.0738 -0.6851 -0.7247
vn 0.0709 -0.7117 -0.6989
vn -0.0848 -0.6926 -0.7163
vn -0.0627 -0.6082 -0.7913
vn -0.2558 -0.8398 -0.4788
vn -0.2496 -0.5211 -0.8162
vn -0.3421 -0.6358 -0.6919
vn -0.4265 -0.5654 -0.7060
vn -0.5640 -0.4245 -0.7083
vn -0.6137 -0.3123 -0.7251
vn -0.5209 -0.2806 -0.8062
vn -0.8409 -0.2545 -0.4776
vn -0.5445 -0.0622 -0.8364
vn -0.5886 -0.0599 -0.8062
vn -0.1881 0.6842 -0.7046
vn -0.2795 0.6916 -0.6660
vn -0.9070 0.2890 -0.3065
vn -0.9064 0.2902 -0.3069
vn -0.9118 -0.2872 0.2936
vn -0.8694 -0.3670 0.3308
vn -0.4680 -0.6072 0.6421
vn -0.2130 -0.7131 0.6679
vn 0.2762 -0.6529 0.7053
vn 0.5799 -0.6081 0.5421
vn 0.9081 -0.2620 0.3267
vn 0.8679 0.3653 -0.3365
vn 0.9971 -0.0319 -0.0690
vn 0.6115 0.5355 -0.5825
vn 0.4630 0.6351 -0.6183
vn 0.1878 -0.6483 -0.7379
vn 0.4361 -0.6398 -0.6328
vn 0.9896 0.0820 0.1179
vn 0.9056 -0.2588 -0.3359
vn 0.8797 -0.3098 -0.3607
vn 0.8684 0.3878 0.3090
vn 0.5430 0.5628 0.6232
vn 0.2130 0.7131 0.6679
vn -0.2763 0.6529 0.7053
vn -0.5800 0.6081 0.5421
vn -0.9084 0.2614 0.3262
vn -0.9007 -0.3278 -0.2853
vn -0.9980 0.0225 -0.0596
vn -0.6115 -0.5355 -0.5826
vn -0.4240 -0.6562 -0.6241
vn 0.1933 0.0048 -0.9811
vn 0.1829 0.0099 -0.9831
vn 0.1803 0.0026 -0.9836
vn 0.1795 0.0025 -0.9838
vn 0.1769 0.0042 -0.9842
vn 0.1807 0.0084 -0.9835
vn 0.1881 0.8625 -0.4699
vn 0.2189 0.8885 -0.4033
vn 0.2134 0.7232 -0.6569
vn 0.2183 0.7290 -0.6487
vn 0.2008 0.4420 -0.8742
vn 0.2183 0.4723 -0.8540
vn 0.1845 0.1404 -0.9728
vn 0.1922 0.1548 -0.9691
vn 0.2033 0.9194 -0.3367
vn 0.1857 0.9251 -0.3313
vn 0.2387 0.5249 0.8170
vn 0.2626 0.2552 0.9305
vn 0.1835 0.2187 0.9584
vn 0.3024 0.4531 0.8386
vn 0.3449 0.7089 0.6152
vn 0.2360 0.9295 -0.2833
vn 0.2195 0.9694 -0.1104
vn 0.2580 0.9661 -0.0086
vn 0.2324 0.9597 0.1581
vn 0.3064 0.9153 0.2615
vn 0.2836 0.8128 0.5088
vn 0.3093 0.7504 0.5842
vn 0.2426 0.0144 0.9700
vn 0.2508 0.0151 0.9679
vn 0.1658 0.0323 0.9856
vn 0.2339 0.0447 0.9712
vn 0.1668 0.0557 0.9844
vn 0.2617 0.0710 0.9625
vn 0.1697 0.0860 0.9817
vn 0.2154 0.1037 0.9710
vn 0.2033 0.1060 0.9734
vn 0.2353 -0.0997 0.9668
vn 0.3195 -0.0765 0.9445
vn 0.1960 -0.0679 0.9783
vn 0.2301 -0.0427 0.9722
vn 0.1796 -0.0400 0.9829
vn 0.2542 -0.0117 0.9671
vn 0.2165 -0.0075 0.9763
vn 0.2372 -0.9419 -0.2379
vn 0.3102 -0.9457 0.0972
vn 0.2258 -0.9659 -0.1269
vn 0.2107 -0.9774 -0.0197
vn 0.2865 -0.9065 0.3101
vn 0.2712 -0.9156 0.2969
vn 0.2860 -0.7696 0.5709
vn 0.3540 -0.6940 0.6269
vn 0.2304 -0.2618 0.9372
vn 0.3258 -0.3222 0.8889
vn 0.1817 -0.4980 0.8479
vn 0.1783 -0.9279 -0.3273
vn 0.1799 -0.9272 -0.3285
vn 0.1949 -0.1551 -0.9685
vn 0.1909 -0.1477 -0.9704
vn 0.2157 -0.4696 -0.8561
vn 0.2131 -0.4647 -0.8594
vn 0.2133 -0.7329 -0.6460
vn 0.2157 -0.7360 -0.6417
vn 0.2117 -0.8948 -0.3932
vn 0.1872 -0.8689 -0.4583
vn 0.1823 -0.0028 -0.9832
vn 0.1827 -0.0028 -0.9832
vn 0.1781 -0.0048 -0.9840
vn 0.1852 -0.0079 -0.9827
vn 0.1855 -0.0080 -0.9826
vn 0.1793 -0.0118 -0.9837
vn -0.5003 -0.8426 -0.1990
vn -0.4916 -0.8654 -0.0968
vn 0.0739 0.9806 0.1815
vn 0.0738 0.9806 0.1815
vn 0.0741 0.9806 0.1815
vn 0.0738 0.9806 0.1814
vn 0.0741 0.9805 0.1818
vn 0.0739 0.9806 0.1818
vn 0.0737 0.9806 0.1815
vn 0.0742 0.9806 0.1815
vn 0.0740 0.9806 0.1816
vn -0.4337 -0.8990 0.0611
vn -0.2683 -0.7948 0.5443
vn -0.2736 -0.8185 0.5052
vn -0.1097 -0.5803 0.8070
vn 0.0706 -0.2785 0.9578
vn -0.0121 -0.4789 0.8778
vn 0.1976 -0.0071 0.9802
vn 0.1849 -0.0876 0.9788
vn 0.1824 -0.0143 0.9831
vn 0.1940 -0.0296 0.9806
vn 0.1842 -0.0257 0.9825
vn 0.2078 -0.0492 0.9769
vn 0.1795 -0.0617 0.9818
vn 0.2107 -0.0804 0.9742
vn 0.1987 0.0178 0.9799
vn 0.1827 0.0241 0.9829
vn 0.1939 0.0445 0.9800
vn 0.1826 0.0490 0.9820
vn 0.1869 0.0744 0.9796
vn 0.1901 0.0739 0.9790
vn -0.2316 0.7761 0.5865
vn -0.0019 0.4479 0.8941
vn -0.0070 0.4804 0.8770
vn 0.0566 0.3044 0.9509
vn -0.2331 0.7803 0.5804
vn -0.3998 0.8768 0.2672
vn -0.4294 0.9013 0.0577
vn 0.0739 -0.9806 0.1817
vn 0.0741 -0.9806 0.1815
vn 0.0736 -0.9807 0.1813
vn 0.0738 -0.9806 0.1818
vn 0.0740 -0.9806 0.1816
vn 0.0739 -0.9806 0.1815
vn 0.0738 -0.9806 0.1815
vn 0.0738 -0.9806 0.1816
vn 0.0740 -0.9806 0.1815
vn 0.0741 -0.9806 0.1814
vn -0.5371 0.8167 -0.2111
vn -0.5484 0.8135 -0.1936
vn -0.5697 0.7717 -0.2828
vn -0.5789 0.5222 -0.6262
vn -0.5852 0.4864 -0.6488
vn -0.4594 0.0137 -0.8881
vn -0.4724 0.0153 -0.8813
vn -0.4628 0.0091 -0.8864
vn -0.4684 0.0048 -0.8835
vn -0.4580 0.0023 -0.8890
vn -0.4575 -0.0161 -0.8890
vn -0.4725 -0.0118 -0.8813
vn -0.4526 -0.0060 -0.8917
vn -0.5833 -0.5186 -0.6252
vn -0.5781 -0.5114 -0.6358
vn -0.5815 -0.7504 -0.3143
vn -0.5412 -0.8174 -0.1975
vn -0.9807 0.1025 0.1667
vn -0.9954 -0.0955 0.0099
vn -0.9423 0.1047 -0.3179
vn -0.8849 -0.1053 -0.4537
vn -0.6920 0.0918 -0.7161
vn -0.5813 -0.0699 -0.8107
vn -0.3772 -0.0000 -0.9261
vn -0.3797 0.0283 -0.9247
vn 0.3766 -0.0295 0.9259
vn 0.3741 -0.0005 0.9274
vn -0.8740 0.0260 0.4852
vn -0.8084 -0.0579 0.5858
vn -0.6930 0.0721 0.7173
vn -0.4526 -0.1047 0.8856
vn -0.3166 0.1054 0.9427
vn 0.0047 -0.0918 0.9958
vn 0.1499 0.0699 0.9862
vn -0.9263 -0.0406 0.3746
vn -0.9246 -0.0138 0.3808
vn -0.9954 0.0958 -0.0046
vn -0.9803 0.1950 0.0301
vn -0.9558 0.2941 -0.0048
vn -0.8830 0.4694 -0.0046
vn -0.8311 0.5553 0.0301
vn -0.7705 0.6375 -0.0048
vn -0.6361 0.7716 -0.0046
vn -0.5553 0.8311 0.0301
vn -0.4464 0.8947 -0.0131
vn -0.3158 0.9487 -0.0131
vn -0.1950 0.9803 0.0301
vn -0.0940 0.9956 -0.0048
vn 0.0958 0.9954 -0.0046
vn 0.1950 0.9803 0.0301
vn 0.2941 0.9558 -0.0048
vn 0.4694 0.8830 -0.0046
vn 0.5553 0.8311 0.0301
vn 0.6375 0.7705 -0.0048
vn 0.7716 0.6361 -0.0046
vn 0.8311 0.5553 0.0301
vn 0.8838 0.4679 -0.0048
vn 0.9563 0.2925 -0.0046
vn 0.9803 0.1950 0.0301
vn 0.9956 0.0940 -0.0048
vn 0.9954 -0.0958 -0.0046
vn 0.9803 -0.1950 0.0301
vn 0.9558 -0.2941 -0.0048
vn 0.8830 -0.4694 -0.0046
vn 0.8311 -0.5553 0.0301
vn 0.7705 -0.6375 -0.0048
vn 0.6361 -0.7716 -0.0046
vn 0.5553 -0.8311 0.0301
vn 0.4679 -0.8838 -0.0048
vn 0.2925 -0.9563 -0.0046
vn 0.1950 -0.9803 0.0301
vn 0.0940 -0.9956 -0.0048
vn -0.0958 -0.9954 -0.0046
vn -0.1950 -0.9803 0.0301
vn -0.2941 -0.9558 -0.0048
vn -0.4694 -0.8830 -0.0046
vn -0.5553 -0.8311 0.0301
vn -0.6558 -0.7548 -0.0131
vn -0.7556 -0.6549 -0.0131
vn -0.8311 -0.5553 0.0301
vn -0.8838 -0.4679 -0.0048
vn -0.9563 -0.2925 -0.0046
vn -0.9803 -0.1950 0.0301
vn -0.9956 -0.0940 -0.0048
vn -0.0323 -0.7028 -0.7107
vn -0.0387 -0.7073 -0.7058
vn 0.0984 -0.7751 -0.6242
vn 0.0074 -0.6948 -0.7192
vn -0.0703 -0.8369 -0.5427
vn -0.0198 -0.7059 -0.7080
vn 0.0343 -0.7040 -0.7094
vn 0.0453 -0.7044 -0.7084
vn 0.0486 -0.7049 -0.7077
vn 0.0315 -0.7095 -0.7040
vn -0.1347 -0.5828 -0.8014
vn -0.0077 -0.7198 -0.6941
vn 0.0804 -0.4832 -0.8718
vn 0.0206 -0.7092 -0.7047
vn -0.0502 0.7054 -0.7070
vn -0.0665 0.6966 -0.7144
vn -0.0192 0.7141 -0.6998
vn -0.0793 0.4894 -0.8685
vn 0.0076 0.7198 -0.6942
vn 0.0306 0.7030 -0.7105
vn 0.0466 0.7063 -0.7063
vn 0.0438 0.7069 -0.7060
vn 0.0386 0.7073 -0.7058
vn 0.1247 0.5939 -0.7948
vn 0.0151 0.7064 -0.7077
vn 0.1559 0.0673 0.9855
vn -0.0135 -0.0920 0.9957
vn -0.2916 0.1023 0.9511
vn -0.4813 -0.1071 0.8700
vn -0.6963 0.0955 0.7113
vn -0.8402 -0.1042 0.5322
vn 0.3767 -0.0000 0.9263
vn 0.3725 -0.0406 0.9271
vn -0.3797 0.0290 -0.9247
vn -0.5765 -0.0683 -0.8142
vn -0.7020 0.0946 -0.7058
vn -0.8728 -0.1023 -0.4771
vn -0.9520 0.1071 -0.2867
vn -0.9959 -0.0713 -0.0554
vn -0.9842 0.0581 0.1673
vn -0.9668 -0.0271 0.2542
vn -0.9231 0.0466 0.3817
vn -0.9219 0.0151 0.3870
vn 0.2874 -0.0008 -0.9578
vn -0.4640 0.8826 0.0753
vn 0.9667 -0.0741 -0.2451
vn 0.9849 0.1283 -0.1159
vn 0.8756 0.3773 -0.3018
vn -0.0052 0.7549 0.6558
vn 0.2116 0.9717 -0.1050
vn 0.9972 -0.0702 0.0250
vn 0.9562 -0.0286 0.2912
vn 0.9775 -0.0344 0.2080
vn 0.9417 -0.0209 0.3357
vn 0.9916 -0.0344 0.1246
vn 0.9292 -0.0102 0.3694
vn 0.9824 -0.0137 0.1861
vn 0.9599 -0.0105 0.2801
vn 0.9649 -0.0091 0.2625
vn 0.8472 -0.0006 0.5312
vn 0.9557 0.0230 0.2934
vn 0.9311 0.0132 0.3646
vn 0.9277 0.0127 0.3731
vn 0.8387 -0.0120 0.5445
vn 0.8396 -0.0025 0.5433
vn 0.7651 -0.1300 0.6306
vn 0.7740 -0.4434 0.4521
vn 0.8236 -0.5370 -0.1827
vn 0.4726 -0.7355 0.4855
vn 0.2660 -0.9553 0.1288
vn -0.3499 -0.9368 -0.0074
vn -0.9852 -0.1618 0.0563
vn -0.9902 -0.1397 0.0073
vn -0.9943 -0.1040 0.0242
vn -0.9594 -0.1328 0.2490
vn -0.9733 -0.0735 0.2173
vn -0.8997 -0.1727 0.4009
vn -0.9863 -0.1599 0.0404
vn -0.9696 -0.1079 0.2195
vn -0.9292 -0.2004 0.3104
vn -0.9934 0.1037 0.0485
vn -0.9822 0.1779 0.0599
vn -0.9827 0.1836 0.0255
vn -0.9901 0.1405 0.0048
vn -0.9691 0.1263 0.2120
vn -0.9465 0.1811 0.2672
vn -0.9413 0.1182 0.3162
vn -0.9307 -0.1021 0.3513
vn -0.9538 0.2056 0.2190
vn -0.8597 0.1454 0.4896
vn -0.8629 -0.1314 0.4880
vn -0.8580 -0.1487 0.4917
vn -0.8565 -0.1504 0.4937
vn -0.8551 -0.1516 0.4957
vn -0.8574 -0.1485 0.4927
vn -0.8552 -0.1505 0.4959
vn -0.8550 -0.1508 0.4962
vn -0.8506 -0.1597 0.5009
vn -0.8571 -0.1502 0.4928
vn -0.8634 -0.1336 0.4865
vn -0.8678 -0.1061 0.4855
vn -0.8568 -0.1480 0.4940
vn -0.8568 -0.1477 0.4941
vn -0.8573 -0.1503 0.4925
vn -0.8497 -0.1147 0.5146
vn -0.8659 -0.1058 0.4888
vn -0.8672 -0.0780 0.4918
vn -0.8572 -0.0683 0.5105
vn -0.8720 -0.0506 0.4868
vn -0.8570 -0.0211 0.5149
vn -0.8691 -0.0278 0.4939
vn -0.8645 0.0121 0.5024
vn -0.8660 0.0112 0.4999
vn -0.8654 0.0386 0.4996
vn -0.8623 0.0410 0.5047
vn -0.8650 0.0682 0.4972
vn -0.8566 0.0732 0.5107
vn -0.8703 0.0979 0.4827
vn -0.8497 0.1250 0.5122
vn -0.8643 0.1224 0.4879
vn -0.8508 0.1544 0.5022
vn -0.8571 0.1464 0.4939
vn -0.8522 0.1550 0.4997
vn -0.8553 0.1512 0.4956
vn -0.8570 0.1498 0.4931
vn -0.8558 0.1512 0.4947
vn -0.8574 0.1500 0.4923
vn -0.8597 0.1346 0.4927
vn -0.8568 0.1513 0.4929
vn -0.8569 0.1480 0.4937
vn -0.8573 0.1500 0.4924
vn -0.8598 0.1446 0.4897
vn -0.1088 0.9886 0.1045
vn -0.4207 0.6043 -0.6766
vn -0.5131 0.3364 -0.7896
vn -0.4956 0.2847 -0.8206
vn -0.1091 0.9886 0.1035
vn -0.2600 0.9487 -0.1799
vn -0.2492 0.9541 -0.1660
vn -0.3952 0.7889 -0.4707
vn -0.3780 0.8111 -0.4464
vn -0.4783 0.5326 -0.6983
vn -0.4762 0.5383 -0.6953
vn -0.4939 0.2897 -0.8198
vn -0.5045 0.0121 -0.8633
vn -0.4897 0.0281 -0.8714
vn -0.4911 0.1371 -0.8602
vn -0.4968 0.1277 -0.8584
vn -0.4906 0.1137 -0.8639
vn -0.4961 0.0961 -0.8629
vn -0.4958 0.0951 -0.8632
vn -0.5003 0.0682 -0.8632
vn -0.4991 0.0666 -0.8640
vn -0.4976 0.0385 -0.8666
vn -0.4944 -0.1251 -0.8602
vn -0.8266 -0.0907 -0.5554
vn -0.5003 -0.0214 -0.8656
vn -0.4914 -0.0291 -0.8704
vn -0.4987 -0.0498 -0.8654
vn -0.4937 -0.0686 -0.8669
vn -0.4970 -0.0772 -0.8643
vn -0.4942 -0.0874 -0.8649
vn -0.5004 -0.1052 -0.8593
vn -0.4834 -0.1304 -0.8657
vn -0.0953 -0.9893 0.1104
vn -0.4984 -0.2459 -0.8313
vn -0.1312 -0.9890 0.0686
vn -0.2744 -0.9329 -0.2331
vn -0.2570 -0.9524 -0.1638
vn -0.4026 -0.7505 -0.5241
vn -0.3914 -0.8002 -0.4543
vn -0.4740 -0.4833 -0.7360
vn -0.4763 -0.5893 -0.6526
vn -0.4865 -0.2932 -0.8230
vn -0.0224 -0.9282 0.3713
vn -0.0224 -0.7600 0.6496
vn -0.0188 -0.4950 0.8687
vn -0.0080 -0.1998 0.9798
vn -0.0225 -0.9284 0.3709
vn -0.0273 -0.7466 0.6647
vn -0.0032 -0.4383 0.8988
vn -0.0109 -0.1896 0.9818
vn -0.9919 -0.1268 0.0015
vn -0.9998 -0.0148 -0.0141
vn -0.9996 -0.0166 -0.0214
vn -0.9988 -0.0452 0.0163
vn -0.9976 -0.0678 -0.0161
vn -0.9972 -0.0746 -0.0000
vn -0.9941 -0.1086 -0.0002
vn -0.9940 -0.1091 -0.0030
vn -0.9887 -0.1496 -0.0075
vn -0.9905 -0.1376 -0.0000
vn -0.9901 -0.1404 -0.0032
vn -0.9903 -0.1390 -0.0022
vn -0.9903 -0.1387 -0.0018
vn -0.9905 -0.1377 0.0010
vn -0.9904 -0.1382 0.0007
vn 0.0375 -0.0234 0.9990
vn 0.0042 0.0057 1.0000
vn -0.9916 0.1295 0.0009
vn -0.9908 0.1354 0.0005
vn -0.9884 0.1515 -0.0131
vn -0.9904 0.1380 -0.0036
vn -0.9907 0.1362 -0.0014
vn -0.9946 0.1005 -0.0242
vn -0.9939 0.1099 0.0030
vn -0.9896 0.1435 -0.0014
vn -0.9903 0.1389 0.0015
vn -0.9997 0.0151 0.0192
vn -0.9989 0.0414 -0.0240
vn -0.9989 0.0444 -0.0137
vn -0.9969 0.0756 0.0198
vn -0.0075 0.2083 0.9780
vn -0.0202 0.9266 0.3755
vn -0.0300 0.9389 0.3430
vn -0.0187 0.7708 0.6368
vn -0.0112 0.7539 0.6569
vn -0.0233 0.5056 0.8624
vn -0.0049 0.4257 0.9048
vn -0.0100 0.1970 0.9803
vn 0.0751 -0.9806 0.1811
vn -0.0737 0.9806 -0.1817
vn -0.0739 0.9806 -0.1816
vn -0.0731 0.9806 -0.1817
vn -0.0737 0.9806 -0.1814
vn -0.0737 0.9806 -0.1815
vn -0.0738 0.9806 -0.1815
vn -0.0736 0.9806 -0.1817
vn -0.0739 0.9806 -0.1817
vn -0.0738 0.9806 -0.1818
vn -0.0734 0.9806 -0.1815
vn -0.0740 0.9805 -0.1818
vn 0.5530 -0.7348 -0.3928
vn 0.7947 -0.1747 -0.5813
vn 0.7182 -0.0586 -0.6934
vn -0.0003 0.0001 -1.0000
vn -0.0001 -0.0001 -1.0000
vn -0.0003 0.0002 -1.0000
vn -0.2978 0.7268 -0.6189
vn -0.5550 0.5443 -0.6290
vn -0.9163 0.3342 -0.2208
vn -0.9881 0.0664 -0.1390
vn -0.8778 -0.3259 0.3511
vn -0.8959 -0.3207 0.3074
vn -0.4658 -0.5979 0.6524
vn -0.2388 -0.7344 0.6353
vn 0.2359 -0.6388 0.7323
vn 0.5641 -0.6381 0.5241
vn 0.8660 -0.3074 0.3944
vn 0.9925 -0.1129 0.0464
vn 0.9903 0.1070 -0.0886
vn 0.9252 0.2058 -0.3188
vn 0.5364 0.6480 -0.5408
vn 0.2674 0.6308 -0.7285
vn 0.4337 -0.5843 -0.6859
vn 0.2799 -0.6894 -0.6681
vn 0.8719 -0.3189 -0.3716
vn 0.8794 -0.3035 -0.3669
vn 0.9859 -0.0702 -0.1521
vn 0.9901 0.0635 0.1251
vn 0.8714 0.3870 0.3016
vn 0.5429 0.5366 0.6460
vn 0.2413 0.7339 0.6349
vn -0.2336 0.6389 0.7329
vn -0.5605 0.6393 0.5265
vn -0.9069 0.2256 0.3558
vn -0.9891 0.1340 0.0609
vn -0.8804 -0.3466 -0.3237
vn -0.8927 -0.3176 -0.3196
vn -0.4479 -0.6512 -0.6126
vn -0.2539 -0.6296 -0.7342
vn 0.8655 0.0504 -0.4984
vn 0.0839 0.0527 -0.9951
vn 0.0499 0.9948 0.0889
vn 0.5383 0.7500 -0.3844
vn -0.0739 -0.9806 -0.1815
vn -0.0736 -0.9806 -0.1817
vn -0.0739 -0.9806 -0.1817
vn -0.0738 -0.9806 -0.1818
vn -0.0739 -0.9805 -0.1818
vn -0.0740 -0.9805 -0.1818
vn -0.0737 -0.9806 -0.1815
vn -0.0739 -0.9806 -0.1816
vn -0.0738 -0.9807 -0.1813
vn -0.0737 -0.9806 -0.1816
vn -0.0740 -0.9806 -0.1817
vn 0.0739 0.9806 0.1814
vn 0.8379 -0.1539 -0.5237
vn 0.8623 -0.1411 -0.4863
vn 0.8571 -0.1287 -0.4988
vn 0.8574 -0.1425 -0.4945
vn 0.8593 -0.1409 -0.4916
vn 0.8605 -0.1346 -0.4914
vn 0.8683 -0.1225 -0.4808
vn 0.8621 -0.1498 -0.4841
vn 0.8621 -0.1496 -0.4842
vn 0.8636 -0.1241 -0.4887
vn 0.8710 -0.1553 -0.4660
vn 0.8766 -0.1309 -0.4631
vn 0.8476 -0.1165 -0.5176
vn 0.8929 -0.0998 -0.4391
vn 0.8810 -0.0060 -0.4732
vn 0.8827 -0.0068 -0.4699
vn 0.8434 -0.0292 -0.5365
vn 0.9068 -0.0472 -0.4188
vn 0.8732 -0.0600 -0.4836
vn 0.8905 -0.0755 -0.4486
vn 0.8610 -0.0846 -0.5015
vn 0.8708 -0.0148 -0.4914
vn 0.8424 -0.0097 -0.5388
vn 0.8726 -0.0424 -0.4865
vn 0.8223 -0.0553 -0.5663
vn 0.8695 -0.0753 -0.4881
vn 0.8186 -0.0923 -0.5670
vn 0.8683 -0.1036 -0.4851
vn 0.8359 -0.1257 -0.5342
vn 0.8546 -0.1280 -0.5033
vn 0.8496 -0.1485 -0.5060
vn 0.8735 -0.1571 -0.4608
vn 0.8676 -0.1336 -0.4789
vn 0.8583 -0.1264 -0.4973
vn 0.8619 -0.1425 -0.4866
vn 0.8540 -0.1346 -0.5026
vn -0.1249 -0.8822 0.4541
vn 0.0949 -0.1626 0.9821
vn 0.8585 -0.4233 0.2895
vn 0.7610 -0.6387 -0.1135
vn 0.8978 0.0111 -0.4402
vn 0.8618 0.0245 -0.5067
vn 0.8853 0.0320 -0.4639
vn 0.8685 0.1244 -0.4798
vn 0.8767 0.1245 -0.4647
vn 0.8510 0.0952 -0.5164
vn 0.8718 0.0943 -0.4806
vn 0.8682 0.0633 -0.4921
vn 0.8887 0.0628 -0.4542
vn 0.8547 0.1323 -0.5020
vn 0.8806 0.1320 -0.4551
vn 0.8650 0.1462 -0.4801
vn 0.8525 0.1481 -0.5012
vn 0.8678 0.1397 -0.4769
vn 0.8474 0.1225 -0.5167
vn 0.8522 0.1472 -0.5020
vn 0.8597 0.1547 -0.4868
vn 0.8566 0.1369 -0.4974
vn 0.8589 0.1370 -0.4936
vn 0.8572 0.1328 -0.4976
vn 0.8572 0.1317 -0.4978
vn 0.8567 0.1314 -0.4988
vn 0.8572 0.1286 -0.4987
vn 0.8698 0.1559 -0.4682
vn 0.8539 0.1380 -0.5019
vn 0.8555 0.1226 -0.5030
vn 0.8567 0.1244 -0.5006
vn 0.8462 0.1280 -0.5173
vn 0.8506 0.0899 -0.5180
vn 0.8101 0.0989 -0.5779
vn 0.8644 0.0617 -0.4990
vn 0.8826 0.0572 -0.4666
vn 0.8749 0.0347 -0.4831
vn 0.8813 0.0315 -0.4715
vn 0.8588 0.0158 -0.5121
vn 0.8813 0.0090 -0.4725
vn 0.1974 0.2264 0.9538
vn 0.7745 0.4422 0.4523
vn 0.7953 0.5666 -0.2156
vn 0.8400 0.4226 -0.3403
vn -0.0326 -0.9751 0.2193
vn -0.0218 -0.9770 0.2122
vn -0.0252 -0.9752 0.2198
vn -0.0257 -0.9751 0.2204
vn -0.0417 -0.9749 0.2186
vn 0.1460 -0.9219 0.3589
vn 0.1460 -0.9219 0.3588
vn 0.2995 -0.6072 0.7360
vn 0.3040 -0.6223 0.7213
vn 0.3455 -0.2426 0.9065
vn 0.0635 -0.9811 0.1828
vn 0.0766 -0.9809 0.1790
vn -0.3564 -0.3261 -0.8756
vn -0.3563 -0.3261 -0.8756
vn -0.2556 -0.7349 -0.6281
vn -0.2557 -0.7349 -0.6281
vn -0.0852 -0.9741 -0.2093
vn -0.0861 -0.9762 -0.1990
vn -0.3768 -0.0287 -0.9258
vn -0.3756 -0.0860 -0.9228
vn -0.3735 -0.1345 -0.9178
vn -0.3736 -0.1345 -0.9178
vn -0.3612 0.1311 -0.9232
vn -0.3738 0.1293 -0.9184
vn -0.3761 0.0687 -0.9240
vn -0.3769 0.0200 -0.9260
vn 0.0063 0.9999 0.0158
vn 0.0064 0.9999 0.0158
vn -0.1727 0.8889 -0.4243
vn -0.3147 0.5506 -0.7732
vn -0.3300 0.5301 -0.7811
vn 0.0709 0.9805 0.1833
vn 0.0770 0.9806 0.1800
vn 0.3613 0.2855 0.8877
vn 0.2649 0.7115 0.6509
vn 0.1304 0.9383 0.3204
vn 0.1306 0.9382 0.3206
vn -0.0399 0.9750 0.2187
vn -0.0258 0.9751 0.2201
vn -0.0253 0.9753 0.2194
vn -0.0228 0.9767 0.2133
vn -0.0304 0.9752 0.2194
vn -0.0347 0.9744 0.2222
vn -0.4899 0.2836 -0.8244
vn -0.4220 0.5570 -0.7153
vn -0.4607 0.5025 -0.7316
vn -0.3639 0.7944 -0.4863
vn -0.3875 0.7699 -0.5071
vn -0.2321 0.9546 -0.1865
vn -0.2732 0.9357 -0.2233
vn -0.1115 0.9923 0.0541
vn -0.4765 0.0123 -0.8791
vn -0.5137 0.0296 -0.8575
vn -0.4422 0.0675 -0.8944
vn -0.5128 0.0489 -0.8571
vn -0.4736 0.0826 -0.8768
vn -0.4637 0.1547 -0.8724
vn -0.4713 -0.1366 -0.8713
vn -0.4745 -0.1381 -0.8693
vn -0.4877 -0.1149 -0.8654
vn -0.4706 -0.1011 -0.8766
vn -0.5039 -0.0328 -0.8632
vn -0.0977 -0.9873 0.1253
vn -0.2193 -0.9574 -0.1879
vn -0.2216 -0.9668 -0.1271
vn -0.3457 -0.8070 -0.4788
vn -0.3513 -0.8395 -0.4145
vn -0.4280 -0.5411 -0.7239
vn -0.4709 -0.6054 -0.6417
vn -0.4432 -0.3446 -0.8275
vn -0.4892 -0.2459 -0.8368
vn -0.5197 -0.2933 -0.8024
vn -0.4455 -0.5326 -0.7196
vn 0.3725 -0.2815 0.8843
vn 0.5830 -0.5754 0.5736
vn 0.1846 -0.4190 0.8890
vn 0.4655 -0.8179 0.3381
vn -0.0529 -0.6637 0.7461
vn 0.3877 -0.9135 0.1234
vn -0.0684 -0.8866 0.4574
vn 0.3245 -0.7574 0.5666
vn 0.2551 -0.2655 0.9298
vn 0.2993 -0.2496 0.9209
vn 0.1972 -0.5534 0.8092
vn 0.2118 -0.5637 0.7984
vn 0.1316 -0.8155 0.5635
vn 0.1147 -0.8167 0.5656
vn -0.1355 -0.9194 0.3693
vn 0.0572 -0.1883 0.9805
vn 0.0990 -0.2293 0.9683
vn -0.0360 -0.4334 0.9005
vn 0.0683 -0.5487 0.8332
vn -0.0389 -0.7487 0.6618
vn 0.0006 -0.0090 1.0000
vn -0.0004 -0.0100 1.0000
vn 0.0005 -0.0304 0.9995
vn 0.0008 -0.0298 0.9996
vn 0.0075 -0.0429 0.9991
vn -0.0008 -0.0497 0.9988
vn 0.0010 -0.0714 0.9974
vn -0.0009 -0.0723 0.9974
vn -0.2724 -0.0240 0.9619
vn -0.0820 -0.0082 0.9966
vn -0.4138 -0.0204 0.9101
vn -0.0974 -0.0252 0.9949
vn -0.1159 -0.0232 0.9930
vn -0.3504 -0.0249 0.9363
vn -0.3828 -0.0304 0.9233
vn -0.6563 -0.0281 0.7540
vn -0.6639 -0.0296 0.7472
vn -0.8447 -0.0240 0.5347
vn -0.8468 -0.0245 0.5314
vn -0.8479 -0.0037 0.5301
vn -0.8448 -0.0045 0.5350
vn -0.6596 -0.0050 0.7516
vn -0.6564 -0.0054 0.7544
vn -0.4161 -0.0050 0.9093
vn 0.4013 -0.0003 -0.9159
vn 0.4013 -0.0003 -0.9160
vn 0.7254 0.0001 -0.6883
vn 0.7384 0.0007 -0.6744
vn 0.4121 -0.0003 -0.9111
vn 0.4525 0.0048 -0.8918
vn 0.4491 0.0038 -0.8935
vn 0.4429 -0.0056 -0.8965
vn -0.0692 0.0090 0.9976
vn -0.1033 0.0051 0.9946
vn -0.3565 0.0058 0.9343
vn -0.8491 0.0212 0.5278
vn -0.8411 0.0197 0.5406
vn -0.6659 0.0233 0.7457
vn -0.6577 0.0246 0.7529
vn -0.4107 0.0251 0.9114
vn -0.3738 0.0312 0.9270
vn -0.0889 0.0286 0.9956
vn -0.1024 0.0245 0.9944
vn -0.2116 0.0134 0.9773
vn 0.0265 0.0149 0.9995
vn -0.7714 0.0271 0.6358
vn 0.0045 0.0708 0.9975
vn 0.0055 0.0711 0.9975
vn -0.0083 0.0503 0.9987
vn 0.0056 0.0320 0.9995
vn 0.0030 0.0297 0.9996
vn 0.0010 0.0089 1.0000
vn 0.0022 0.0099 0.9999
vn -0.1237 0.7062 0.6972
vn 0.1277 0.4262 0.8956
vn -0.0804 0.4744 0.8766
vn 0.0979 0.2023 0.9744
vn 0.1189 0.9138 0.3884
vn -0.2544 0.6917 0.6759
vn 0.2853 0.5730 0.7683
vn 0.3961 0.2624 0.8799
vn 0.2627 0.2943 0.9189
vn 0.0951 0.2037 0.9744
vn 0.2372 0.5843 0.7761
vn 0.0816 0.7667 0.6368
vn 0.1385 0.8307 0.5393
vn -0.1767 0.9092 0.3771
vn 0.3193 0.2990 0.8992
vn 0.4337 0.4793 0.7630
vn 0.2473 0.5614 0.7897
vn 0.2968 0.7647 0.5719
vn 0.0911 0.8240 0.5593
vn 0.1530 0.9373 0.3131
vn 0.0280 0.9509 0.3082
vn 0.7760 -0.5199 -0.3572
vn 0.6817 -0.6844 -0.2585
vn -0.7896 0.0288 0.6129
vn -0.8187 0.0464 0.5723
vn -0.5236 0.1219 0.8432
vn -0.5065 0.1166 0.8543
vn -0.1637 0.1718 0.9714
vn -0.1115 0.1477 0.9827
vn 0.3722 0.1888 0.9088
vn 0.3701 0.1900 0.9094
vn 0.7152 0.1837 0.6744
vn 0.7663 0.1429 0.6264
vn 0.9454 0.1418 0.2936
vn 0.9788 0.0701 0.1926
vn 0.9739 0.0474 -0.2222
vn 0.9776 0.0424 -0.2063
vn 0.8521 -0.0457 -0.5214
vn 0.8032 -0.0330 -0.5948
vn 0.5710 -0.1312 -0.8104
vn 0.5075 -0.1091 -0.8547
vn 0.1159 -0.2072 -0.9714
vn 0.0156 -0.1685 -0.9856
vn -0.3676 -0.2209 -0.9034
vn -0.4428 -0.1806 -0.8783
vn -0.7611 -0.2094 -0.6139
vn -0.8284 -0.1481 -0.5402
vn -0.9557 -0.1389 -0.2595
vn -0.9864 -0.0749 -0.1461
vn -0.9834 -0.0654 0.1690
vn -0.9733 -0.0232 0.2283
vn 0.0519 -0.6600 -0.7495
vn 0.0750 -0.8583 -0.5077
vn 0.0763 -0.8666 -0.4930
vn 0.0882 -0.9631 -0.2544
vn 0.0873 -0.9594 -0.2683
vn 0.0961 -0.9944 0.0450
vn 0.0912 -0.9955 -0.0277
vn 0.0958 -0.9926 0.0747
vn 0.0288 -0.4957 -0.8680
vn 0.0507 -0.6320 -0.7733
vn 0.0121 -0.2738 -0.9617
vn 0.0111 -0.2521 -0.9676
vn -0.0267 -0.0298 -0.9992
vn -0.0036 -0.0347 -0.9994
vn -0.0000 -0.0390 -0.9992
vn 0.0005 -0.0418 -0.9991
vn 0.0001 -0.0493 -0.9988
vn 0.0005 -0.0422 -0.9991
vn 0.0019 -0.0357 -0.9994
vn 0.0007 -0.0379 -0.9993
vn 0.0021 -0.0254 -0.9997
vn 0.0074 -0.0171 -0.9998
vn 0.0036 -0.0118 -0.9999
vn 0.0004 -0.0400 -0.9992
vn 0.0003 -0.0601 -0.9982
vn -0.0020 -0.0710 -0.9975
vn 0.0024 -0.0888 -0.9960
vn -0.0014 -0.1232 -0.9924
vn -0.0016 -0.1238 -0.9923
vn 0.6507 0.2964 -0.6991
vn 0.6536 0.2573 -0.7118
vn 0.6958 0.0683 -0.7150
vn 0.7027 0.0989 -0.7046
vn 0.6572 -0.2719 -0.7030
vn 0.5514 0.4254 -0.7176
vn 0.5326 0.4770 -0.6991
vn 0.3931 0.5752 -0.7173
vn 0.3620 0.6167 -0.6991
vn 0.1513 0.7005 -0.6974
vn 0.1961 0.6685 -0.7174
vn -0.0865 0.7008 -0.7081
vn -0.0175 0.6091 -0.7929
vn -0.0527 0.6750 -0.7359
vn 0.0208 0.6744 -0.7381
vn 0.0579 0.7011 -0.7107
vn 0.0673 0.7030 -0.7080
vn 0.0388 0.7047 -0.7084
vn 0.0243 0.7062 -0.7076
vn -0.0491 0.7190 -0.6932
vn -0.0312 0.7329 -0.6796
vn -0.0592 0.7160 -0.6956
vn -0.0874 0.7012 -0.7076
vn -0.2348 0.6575 -0.7159
vn -0.2798 0.6592 -0.6980
vn -0.4257 0.5519 -0.7171
vn -0.4714 0.5367 -0.6998
vn -0.6103 0.3689 -0.7011
vn -0.5762 0.3938 -0.7162
vn -0.6710 0.1969 -0.7149
vn -0.6920 0.1685 -0.7020
vn -0.6995 -0.0422 -0.7134
vn -0.7118 -0.0205 -0.7021
vn -0.6608 -0.2359 -0.7125
vn -0.6620 -0.2607 -0.7027
vn -0.5495 -0.4500 -0.7040
vn -0.5555 -0.4285 -0.7126
vn -0.3963 -0.5798 -0.7119
vn -0.3862 -0.5957 -0.7043
vn -0.1837 -0.6860 -0.7041
vn -0.1978 -0.6740 -0.7117
vn -0.0437 -0.7049 -0.7080
vn -0.0614 -0.7016 -0.7099
vn -0.0570 -0.7005 -0.7114
vn -0.0285 -0.7081 -0.7055
vn 0.0274 -0.7266 -0.6865
vn 0.0276 -0.7265 -0.6866
vn 0.0746 -0.6940 -0.7161
vn 0.0490 -0.6683 -0.7423
vn 0.0175 -0.6090 -0.7930
vn -0.0210 -0.6747 -0.7378
vn 0.0570 -0.7113 -0.7006
vn 0.0856 -0.6993 -0.7097
vn 0.2366 -0.6626 -0.7106
vn 0.2520 -0.6640 -0.7040
vn 0.4292 -0.5564 -0.7115
vn 0.4447 -0.5525 -0.7049
vn 0.5770 -0.3995 -0.7124
vn 0.5809 -0.3971 -0.7105
vn 0.6662 -0.1860 -0.7222
vn 0.7130 -0.0959 -0.6945
vn 0.0064 0.0158 -0.9999
vn 0.0008 0.0033 -1.0000
vn -0.0012 0.0373 -0.9993
vn 0.0039 0.0183 -0.9998
vn 0.0038 0.0317 -0.9995
vn 0.0009 0.0394 -0.9992
vn 0.0003 0.0443 -0.9990
vn -0.0000 0.0450 -0.9990
vn -0.0004 0.0429 -0.9991
vn -0.0027 0.0388 -0.9992
vn -0.0116 0.0347 -0.9993
vn -0.0341 0.0323 -0.9989
vn 0.0002 0.0463 -0.9989
vn 0.0008 0.0633 -0.9980
vn -0.0001 0.0601 -0.9982
vn 0.0014 0.0878 -0.9961
vn 0.0007 0.0903 -0.9959
vn -0.0004 0.1147 -0.9934
vn 0.0015 0.1248 -0.9922
vn -0.0003 0.1377 -0.9905
vn 0.0470 0.6201 -0.7831
vn 0.0132 0.2666 -0.9637
vn 0.0151 0.3170 -0.9483
vn 0.0877 0.9610 -0.2622
vn 0.0885 0.9642 -0.2499
vn 0.0767 0.8677 -0.4911
vn 0.0747 0.8554 -0.5126
vn 0.0475 0.6234 -0.7805
vn 0.0948 0.9944 0.0456
vn 0.0956 0.9937 0.0584
vn 0.8133 0.4160 -0.4068
vn 0.5220 0.8440 -0.1232
vn 0.9755 -0.0271 -0.2184
vn 0.9782 -0.0833 0.1903
vn 0.9837 -0.0951 0.1524
vn 0.9805 -0.0441 -0.1917
vn 0.7665 -0.1401 0.6268
vn 0.8156 -0.1770 0.5508
vn 0.3572 -0.2063 0.9110
vn 0.3695 -0.1980 0.9079
vn -0.1107 -0.1377 0.9843
vn -0.2084 -0.1773 0.9619
vn -0.5015 -0.1021 0.8591
vn -0.6087 -0.1257 0.7834
vn -0.8194 -0.0219 0.5728
vn -0.8521 -0.0356 0.5221
vn -0.9831 0.0511 0.1760
vn -0.9847 0.0607 0.1635
vn -0.9730 0.0910 -0.2122
vn -0.9582 0.1253 -0.2571
vn -0.7647 0.1688 -0.6219
vn -0.7255 0.2081 -0.6560
vn -0.3542 0.2075 -0.9119
vn -0.3696 0.1972 -0.9080
vn 0.1158 0.2048 -0.9719
vn 0.1981 0.1496 -0.9687
vn 0.5712 0.1342 -0.8098
vn 0.6082 0.1030 -0.7871
vn 0.8510 0.0302 -0.5243
vn 0.8503 0.0310 -0.5253
vn 0.9799 -0.0196 0.1984
vn 0.9299 -0.1413 -0.3395
vn 0.9553 -0.0392 0.2931
vn 0.7739 -0.0386 -0.6321
vn 0.9610 -0.1416 0.2373
vn 0.2599 -0.2092 0.9427
vn 0.2590 -0.2237 0.9396
vn 0.2189 -0.6870 0.6929
vn 0.2314 -0.6003 0.7655
vn 0.2438 -0.5186 0.8196
vn 0.1938 -0.7897 0.5820
vn 0.1808 -0.8270 0.5323
vn 0.1236 -0.9538 0.2738
vn 0.1316 -0.9397 0.3156
vn 0.8821 0.1257 -0.4539
vn 0.9387 0.1861 0.2901
vn 0.9172 0.1376 0.3739
vn 0.8857 0.1351 0.4442
vn 0.8803 0.1002 0.4637
vn 0.7242 0.0430 -0.6882
vn 0.1391 0.9217 0.3620
vn 0.1202 0.9588 0.2575
vn 0.1755 0.8444 0.5061
vn 0.1967 0.7840 0.5888
vn 0.2173 0.6973 0.6830
vn 0.2250 0.6482 0.7275
vn 0.2616 0.2425 0.9342
vn 0.2513 0.3897 0.8860
vn 0.2416 0.5365 0.8086
vn 0.4164 -0.0853 0.9052
vn 0.3758 -0.0770 0.9235
vn 0.3765 -0.0484 0.9251
vn 0.3765 0.0484 0.9251
vn 0.3758 0.0770 0.9235
vn -0.9262 -0.0000 0.3769
vn 0.1010 -0.9154 0.3897
vn 0.2307 -0.7558 0.6128
vn 0.0369 -0.9452 0.3244
vn 0.2264 -0.7693 0.5975
vn 0.3791 -0.5070 0.7741
vn 0.3859 -0.4704 0.7936
vn 0.4739 -0.2150 0.8539
vn 0.4736 -0.2405 0.8473
vn 0.0465 0.9451 0.3233
vn 0.0567 0.9328 0.3560
vn 0.2081 0.8028 0.5588
vn 0.2302 0.7565 0.6122
vn 0.3661 0.5436 0.7553
vn 0.3794 0.4726 0.7954
vn 0.4686 0.2224 0.8550
vn 0.4687 0.2211 0.8552
vn 0.9262 -0.0000 -0.3770
vn 0.9262 -0.0000 -0.3769
vn 0.9263 -0.0002 -0.3768
vn 0.9262 -0.0003 -0.3770
vn 0.9263 -0.0001 -0.3768
vn 0.9263 0.0001 -0.3768
vn 0.9273 -0.0017 -0.3742
vn 0.9275 0.0010 -0.3738
vn 0.9259 0.0042 -0.3778
vn 0.9262 -0.0001 -0.3769
vn 0.9263 -0.0000 -0.3769
vn 0.9262 -0.0003 -0.3769
vn 0.9263 0.0002 -0.3767
vn 0.9264 -0.0000 -0.3765
vn 0.9262 0.0009 -0.3769
vn 0.9263 0.0009 -0.3768
vn 0.9259 0.0001 -0.3777
vn 0.9261 -0.0000 -0.3773
vn 0.9261 0.0002 -0.3773
vn 0.9262 -0.0002 -0.3770
vn 0.9253 0.0004 -0.3792
vn 0.9251 0.0002 -0.3797
vn 0.9261 0.0001 -0.3774
vn 0.9254 -0.0002 -0.3790
vn 0.9259 -0.0002 -0.3778
vn 0.9259 -0.0001 -0.3777
vn 0.9261 -0.0000 -0.3772
vn 0.4621 -0.0555 0.8851
vn 0.3268 -0.0401 0.9442
vn 0.3320 -0.0820 0.9397
vn 0.4540 -0.0511 0.8895
vn 0.4187 -0.0477 0.9069
vn 0.4620 -0.0733 0.8838
vn 0.1226 -0.0459 0.9914
vn 0.0734 -0.0493 0.9961
vn 0.0903 -0.0521 0.9946
vn 0.0463 -0.0716 0.9964
vn 0.0750 -0.0754 0.9943
vn 0.0656 -0.0166 0.9977
vn -0.5972 -0.2447 0.7638
vn 0.0094 -0.7413 0.6711
vn 0.0970 -0.6867 0.7204
vn -0.5227 -0.2604 0.8118
vn -0.9008 -0.0035 0.4342
vn -0.9013 -0.0047 0.4333
vn -0.9009 -0.0222 0.4334
vn -0.9005 -0.0210 0.4343
vn -0.5686 -0.7468 0.3449
vn -0.0365 -0.9481 0.3159
vn -0.2146 -0.9436 0.2520
vn -0.2118 -0.9472 0.2407
vn -0.0816 -0.9949 0.0591
vn -0.1012 -0.9667 0.2350
vn -0.1025 -0.9566 0.2729
vn 0.9001 -0.0010 -0.4356
vn 0.9016 0.0001 -0.4325
vn -0.0802 0.9951 0.0570
vn -0.4977 0.8109 0.3079
vn -0.0195 0.9542 0.2985
vn -0.0978 0.9682 0.2304
vn -0.0982 0.9655 0.2411
vn -0.2171 0.9460 0.2408
vn -0.2177 0.9451 0.2436
vn -0.8999 0.0196 0.4356
vn -0.9031 0.0128 0.4292
vn 0.0258 0.8072 0.5898
vn -0.5387 0.1112 0.8351
vn -0.4524 0.6200 0.6410
vn 0.0927 0.7655 0.6367
vn 0.1828 0.0450 0.9821
vn 0.4843 0.0514 0.8734
vn 0.3356 0.0450 0.9409
vn -0.0188 0.0292 0.9994
vn 0.0685 0.0465 0.9966
vn 0.4127 0.0716 0.9081
vn 0.4676 0.0484 0.8826
vn 0.3925 0.0692 0.9171
vn 0.0739 0.0688 0.9949
vn 0.0711 0.0690 0.9951
vn 0.0959 -0.9802 0.1731
vn 0.0952 -0.9800 0.1746
vn 0.0961 -0.9803 0.1728
vn 0.0960 -0.9802 0.1730
vn 0.0959 -0.9804 0.1722
vn 0.0959 -0.9805 0.1716
vn 0.0960 -0.9808 0.1700
vn 0.0963 -0.9805 0.1713
vn 0.0961 -0.9807 0.1701
vn 0.0968 -0.9807 0.1696
vn 0.0957 -0.9807 0.1703
vn 0.0948 -0.9807 0.1712
vn 0.0958 -0.9807 0.1702
vn 0.0957 -0.9807 0.1705
vn 0.0953 -0.9807 0.1708
vn 0.0914 -0.9806 0.1732
vn 0.0818 -0.9805 0.1785
vn 0.0920 -0.9802 0.1755
vn 0.0952 -0.9800 0.1747
vn 0.0955 -0.9800 0.1746
vn -0.1965 -0.4201 -0.8859
vn -0.1722 -0.3644 -0.9152
vn -0.1200 -0.6231 -0.7729
vn 0.0943 -0.9940 0.0548
vn 0.0908 -0.9948 0.0456
vn -0.0575 -0.8620 -0.5036
vn -0.0174 -0.8908 -0.4541
vn 0.0261 -0.9611 -0.2749
vn 0.0840 -0.9808 -0.1762
vn 0.0623 -0.9652 -0.2539
vn -0.1246 -0.6362 -0.7614
vn 0.0521 -0.8331 -0.5507
vn 0.0645 -0.8586 -0.5086
vn -0.0088 -0.3842 -0.9232
vn 0.0107 -0.2739 -0.9617
vn -0.1091 -0.3521 -0.9296
vn 0.0294 -0.6217 -0.7827
vn 0.0351 -0.6332 -0.7732
vn -0.2180 -0.1416 -0.9656
vn -0.2305 -0.0720 -0.9704
vn -0.2259 -0.0340 -0.9736
vn -0.2391 -0.0361 -0.9703
vn -0.2133 0.0622 -0.9750
vn -0.1352 -0.1285 -0.9824
vn -0.0276 -0.1131 -0.9932
vn -0.0324 -0.1112 -0.9933
vn -0.0128 -0.0713 -0.9974
vn -0.0266 -0.0675 -0.9974
vn -0.0470 -0.0305 -0.9984
vn -0.0418 -0.0321 -0.9986
vn -0.0271 -0.0114 -0.9996
vn 0.2315 -0.1147 -0.9661
vn -0.0299 -0.1401 -0.9897
vn -0.0267 -0.1414 -0.9896
vn -0.2041 -0.1484 -0.9676
vn -0.1711 -0.1134 -0.9787
vn -0.2008 -0.1043 -0.9741
vn -0.1924 -0.0806 -0.9780
vn -0.1246 -0.0290 -0.9918
vn -0.2455 0.1454 -0.9584
vn -0.1859 -0.0147 -0.9825
vn -0.2464 0.0150 -0.9691
vn -0.1905 0.0329 -0.9811
vn -0.2338 0.0493 -0.9710
vn -0.0425 0.0309 -0.9986
vn -0.0360 0.0112 -0.9993
vn -0.0357 0.0110 -0.9993
vn -0.0239 0.1396 -0.9899
vn -0.0379 0.0324 -0.9988
vn -0.0324 0.0648 -0.9974
vn -0.0303 0.0634 -0.9975
vn -0.0239 0.0897 -0.9957
vn -0.0373 0.0965 -0.9946
vn -0.0150 0.1151 -0.9932
vn -0.0347 0.1363 -0.9901
vn -0.0478 0.1377 -0.9893
vn -0.1965 0.0769 -0.9775
vn -0.2117 0.0869 -0.9735
vn -0.1689 0.0987 -0.9807
vn -0.1871 0.1338 -0.9732
vn 0.0687 0.9776 -0.1989
vn 0.0049 0.9499 -0.3126
vn -0.1435 0.4902 -0.8597
vn -0.2097 0.1978 -0.9576
vn -0.0991 0.2425 -0.9651
vn 0.0222 0.2660 -0.9637
vn 0.0879 0.9958 0.0240
vn 0.0949 0.9944 0.0456
vn 0.0314 0.6207 -0.7834
vn 0.0535 0.8587 -0.5097
vn 0.0308 0.6240 -0.7808
vn 0.0818 0.9646 -0.2506
vn 0.0586 0.8261 -0.5605
vn -0.0136 0.8841 -0.4671
vn -0.0979 0.7840 -0.6130
vn -0.0972 0.6517 -0.7522
vn -0.2052 0.4426 -0.8729
vn -0.0689 0.3561 -0.9319
vn -0.0090 0.4076 -0.9131
vn 0.0962 0.9807 0.1700
vn 0.0959 0.9807 0.1702
vn 0.0963 0.9806 0.1707
vn 0.0964 0.9805 0.1713
vn 0.0963 0.9806 0.1708
vn 0.0963 0.9804 0.1717
vn 0.0963 0.9803 0.1727
vn 0.0956 0.9801 0.1739
vn 0.0986 0.9797 0.1745
vn 0.0958 0.9800 0.1742
vn 0.0959 0.9800 0.1742
vn 0.0946 0.9801 0.1744
vn 0.0917 0.9803 0.1751
vn 0.0811 0.9806 0.1782
vn 0.0903 0.9807 0.1732
vn 0.0932 0.9808 0.1715
vn 0.0952 0.9808 0.1704
vn 0.0949 0.9808 0.1704
vn 0.0948 0.9808 0.1705
vn 0.4897 0.2659 0.8304
vn 0.4627 0.3407 0.8184
vn 0.4039 0.5964 0.6937
vn 0.3075 0.7682 0.5615
vn 0.1991 -0.9167 0.3464
vn 0.4728 -0.2764 0.8367
vn 0.4980 -0.2111 0.8411
vn 0.4334 -0.4725 0.7674
vn 0.4184 -0.5455 0.7262
vn 0.3037 -0.7747 0.5546
vn -0.3612 -0.0484 -0.9312
vn -0.3932 -0.0451 -0.9183
vn -0.3936 -0.0770 -0.9161
vn -0.3932 -0.0770 -0.9162
vn -0.1554 -0.9239 -0.3496
vn -0.1649 -0.9271 -0.3365
vn -0.2907 -0.6695 -0.6836
vn -0.2989 -0.6772 -0.6724
vn -0.3736 -0.2818 -0.8838
vn -0.3836 -0.2893 -0.8770
vn -0.0952 -0.9802 -0.1737
vn -0.0899 -0.9804 -0.1756
vn 0.3466 -0.3126 0.8844
vn 0.3350 -0.3046 0.8916
vn 0.2690 -0.6701 0.6918
vn 0.2601 -0.6605 0.7044
vn 0.1218 -0.9356 0.3313
vn 0.1141 -0.9317 0.3449
vn -0.0304 -0.9987 -0.0418
vn -0.0387 -0.9988 -0.0294
vn 0.3652 -0.0286 0.9305
vn 0.3534 -0.0277 0.9351
vn 0.3640 -0.0860 0.9274
vn 0.3521 -0.0851 0.9321
vn 0.3619 -0.1344 0.9225
vn 0.3502 -0.1331 0.9272
vn 0.3624 0.1259 0.9235
vn 0.3504 0.1267 0.9280
vn 0.3645 0.0689 0.9287
vn 0.3525 0.0698 0.9332
vn 0.3653 0.0202 0.9307
vn 0.3533 0.0215 0.9353
vn -0.0227 0.9995 -0.0234
vn -0.0386 0.9989 -0.0262
vn 0.1325 0.9249 0.3564
vn 0.1160 0.9294 0.3505
vn 0.2759 0.6479 0.7100
vn 0.2619 0.6557 0.7081
vn 0.3488 0.2938 0.8900
vn 0.3357 0.3023 0.8921
vn -0.0947 0.9805 -0.1724
vn -0.0896 0.9805 -0.1748
vn -0.3730 0.2809 -0.8843
vn -0.3866 0.2722 -0.8812
vn -0.2907 0.6694 -0.6836
vn -0.3042 0.6615 -0.6855
vn -0.1557 0.9243 -0.3484
vn -0.1691 0.9212 -0.3504
vn -0.3612 0.0484 -0.9312
vn -0.4005 0.0444 -0.9152
vn -0.3878 0.0770 -0.9185
vn -0.3990 0.0759 -0.9138
vn 0.1322 -0.9247 0.3569
vn 0.1237 -0.9212 0.3689
vn 0.2696 -0.6694 0.6922
vn 0.2620 -0.6615 0.7026
vn 0.3504 -0.2798 0.8938
vn 0.3411 -0.2723 0.8997
vn 0.0493 -0.9804 0.1909
vn 0.0671 -0.9805 0.1849
vn -0.3713 -0.2937 -0.8808
vn -0.3811 -0.3023 -0.8737
vn -0.2979 -0.6478 -0.7012
vn -0.3059 -0.6558 -0.6902
vn -0.1536 -0.9254 -0.3464
vn -0.1595 -0.9294 -0.3328
vn 0.0004 -0.9994 0.0335
vn -0.0074 -0.9990 0.0450
vn -0.3880 -0.0202 -0.9214
vn -0.3987 -0.0215 -0.9168
vn -0.3872 -0.0689 -0.9194
vn -0.3980 -0.0698 -0.9147
vn -0.3851 -0.1259 -0.9143
vn -0.3960 -0.1267 -0.9095
vn -0.3847 0.1344 -0.9132
vn -0.3955 0.1331 -0.9088
vn -0.3867 0.0860 -0.9182
vn -0.3976 0.0851 -0.9136
vn -0.3879 0.0286 -0.9213
vn -0.3988 0.0277 -0.9166
vn 0.0076 0.9987 0.0510
vn -0.0062 0.9988 0.0476
vn -0.1437 0.9357 -0.3222
vn -0.1580 0.9317 -0.3270
vn -0.2910 0.6690 -0.6839
vn -0.3036 0.6605 -0.6867
vn -0.3695 0.3118 -0.8754
vn -0.3805 0.3046 -0.8732
vn 0.0498 0.9801 0.1922
vn 0.0668 0.9806 0.1841
vn 0.3508 0.2808 0.8934
vn 0.3380 0.2893 0.8956
vn 0.2696 0.6695 0.6922
vn 0.2567 0.6772 0.6896
vn 0.1323 0.9244 0.3577
vn 0.1190 0.9272 0.3552
vn 0.2591 -0.0807 0.9625
vn 0.2602 -0.0025 0.9655
vn 0.2595 -0.0049 0.9657
vn 0.2589 -0.0226 0.9656
vn 0.2582 -0.0256 0.9658
vn 0.2606 -0.0361 0.9648
vn 0.2608 -0.0475 0.9642
vn 0.2585 -0.0582 0.9643
vn 0.2609 -0.0677 0.9630
vn 0.2569 -0.0875 0.9625
vn 0.1321 -0.9564 0.2606
vn 0.3044 -0.3062 0.9020
vn 0.2942 -0.7933 0.5331
vn 0.2037 -0.8493 0.4871
vn 0.4441 -0.1859 0.8765
vn 0.3669 -0.6231 0.6908
vn 0.2949 -0.5296 0.7953
vn 0.4946 -0.0749 0.8659
vn 0.5001 -0.0443 0.8648
vn 0.4950 -0.0489 0.8675
vn 0.4974 -0.0530 0.8659
vn 0.4803 -0.0856 0.8729
vn 0.5060 0.0513 0.8610
vn 0.4975 0.0788 0.8639
vn 0.4913 0.0754 0.8677
vn 0.4999 0.0471 0.8648
vn 0.1530 0.9431 0.2951
vn 0.1497 0.9463 0.2867
vn 0.2808 0.8174 0.5030
vn 0.3673 0.6429 0.6721
vn 0.1999 0.8616 0.4665
vn 0.2898 0.6095 0.7379
vn 0.4441 0.2719 0.8537
vn 0.4344 0.2879 0.8535
vn 0.2844 0.3113 0.9068
vn 0.2999 0.3807 0.8747
vn 0.2327 0.6690 0.7059
vn 0.2564 0.0771 0.9635
vn 0.2568 0.0798 0.9632
vn 0.2606 0.0704 0.9629
vn 0.2610 0.0066 0.9653
vn 0.2593 0.0198 0.9656
vn 0.2599 0.0216 0.9654
vn 0.2607 0.0432 0.9644
vn 0.2555 0.0324 0.9663
vn 0.2590 0.0447 0.9648
vn 0.2674 -0.5214 0.8104
vn 0.4696 0.0225 0.8826
vn 0.4846 0.0171 0.8746
vn 0.4846 0.0170 0.8746
vn 0.4973 0.0341 0.8669
vn 0.5003 0.0307 0.8653
vn 0.4994 -0.0248 0.8660
vn 0.4916 -0.0334 0.8702
vn 0.4926 -0.0338 0.8696
vn 0.5001 -0.0000 0.8659
vn 0.5015 -0.0004 0.8651
vn 0.4925 0.0146 0.8702
vn 0.4990 -0.0003 0.8666
vn 0.4592 0.0444 0.8872
vn 0.4870 -0.0395 0.8725
vn -0.0128 -0.9994 -0.0315
vn -0.0129 -0.9994 -0.0315
vn -0.0129 0.9994 -0.0315
vn -0.0121 0.9994 -0.0311
vn -0.0130 0.9994 -0.0319
vn 0.4549 0.2527 0.8539
vn 0.5009 -0.0496 0.8641
vn 0.4958 -0.0854 0.8642
vn 0.5013 -0.0474 0.8640
vn 0.5003 -0.0470 0.8646
vn 0.4976 -0.0751 0.8642
vn 0.4970 -0.0748 0.8645
vn 0.4513 0.0254 0.8920
vn 0.4599 0.0373 0.8872
vn 0.4970 0.0299 0.8672
vn 0.4765 0.0375 0.8784
vn 0.4553 0.0466 0.8891
vn 0.4760 0.0615 0.8773
vn 0.4470 0.0864 0.8904
vn 0.4775 0.0788 0.8751
vn 0.3090 0.0804 0.9477
vn 0.3137 0.0817 0.9460
vn 0.2832 0.0615 0.9571
vn 0.3040 0.0436 0.9517
vn 0.3038 0.0437 0.9517
vn 0.3088 0.0178 0.9510
vn 0.3257 0.0114 0.9454
vn 0.3243 0.0104 0.9459
vn 0.2472 0.0148 0.9689
vn -0.4490 0.0271 -0.8931
vn 0.8148 0.5187 0.2590
vn 0.3692 0.8616 -0.3483
vn 0.4224 0.7817 0.4588
vn 0.8253 0.1785 0.5358
vn 0.6886 0.5895 -0.4223
vn 0.3281 0.8795 0.3447
vn 0.9941 0.0374 0.1018
vn 0.8407 -0.0344 0.5405
vn 0.4673 -0.8078 0.3592
vn 0.4491 -0.8566 0.2540
vn 0.7562 -0.5932 0.2763
vn 0.6140 -0.7826 -0.1027
vn 0.8696 -0.3282 0.3688
vn 0.3121 -0.9500 0.0056
vn 0.9166 -0.2339 -0.3243
vn 0.3163 -0.0255 0.9483
vn 0.2891 -0.0442 0.9563
vn 0.3083 -0.0611 0.9493
vn 0.3002 -0.0588 0.9521
vn 0.4514 -0.0244 0.8920
vn 0.4620 -0.0373 0.8861
vn 0.4840 -0.0322 0.8745
vn 0.3030 -0.0811 0.9495
vn 0.3029 -0.0811 0.9496
vn 0.4625 -0.0657 0.8842
vn 0.4631 -0.0387 0.8855
vn 0.4986 -0.0442 0.8657
vn 0.3276 0.0084 0.9448
vn 0.3009 -0.0184 0.9535
vn 0.4518 -0.0263 0.8917
vn 0.1951 0.9185 0.3440
vn -0.9621 0.2713 0.0291
vn -0.0213 0.9997 0.0087
vn 0.0774 0.9828 0.1679
vn -0.0648 0.9919 -0.1097
vn -0.0335 0.9978 -0.0568
vn 0.1548 0.7532 0.6393
vn 0.4892 -0.0246 0.8718
vn 0.4883 0.0304 0.8721
vn -0.9184 -0.0000 0.3957
vn -0.9186 -0.0000 0.3952
vn -0.9185 -0.0000 0.3953
vn -0.9408 -0.3225 -0.1041
vn 0.1136 -0.9719 0.2060
vn -0.1098 -0.9758 -0.1893
vn -0.0198 -0.9998 0.0092
vn -0.7966 -0.0116 0.6044
vn -0.7950 0.0119 0.6066
vn 0.3763 0.0477 0.9253
vn 0.3599 0.0494 0.9317
vn 0.3587 0.0771 0.9303
vn 0.3591 0.0770 0.9301
vn 0.3949 -0.6096 0.6874
vn 0.0640 -0.9927 0.1020
vn 0.1538 -0.9517 0.2656
vn 0.3647 -0.0771 0.9279
vn 0.3535 -0.0759 0.9324
vn 0.3654 -0.0486 0.9296
vn 0.3668 -0.0488 0.9290
vn 0.5021 0.0160 0.8646
vn 0.5027 0.0102 0.8644
vn 0.4613 -0.2440 0.8530
vn 0.4994 0.0782 0.8628
vn 0.4974 0.0772 0.8641
vn 0.5005 0.0492 0.8643
vn 0.4966 0.0479 0.8666
vn 0.3663 -0.6939 0.6199
vn -0.0925 -0.9947 0.0444
vn 0.3005 -0.9447 -0.1312
vn -0.1574 -0.9847 0.0744
vn -0.4295 -0.8786 0.2087
vn -0.8092 -0.4453 0.3833
vn 0.4986 0.0001 0.8669
vn 0.5016 -0.0007 0.8651
vn -0.1592 0.9836 0.0849
vn -0.8748 0.2513 0.4142
vn -0.3826 0.9049 0.1863
vn -0.0772 0.9964 0.0340
vn -0.1493 0.9861 0.0722
vn 0.0357 -0.9967 0.0728
vn 0.0062 -0.9999 0.0101
vn 0.0361 0.9967 0.0722
vn 0.0019 1.0000 0.0002
vn 0.0073 0.9999 0.0127
vn 0.9922 0.0012 0.1245
vn 0.9122 -0.0025 -0.4098
vn 0.3289 0.5877 0.7392
vn 0.2920 0.8149 0.5007
vn 0.4190 0.5307 0.7367
vn 0.4894 -0.2252 0.8425
vn 0.4005 -0.5908 0.7003
vn 0.3383 -0.7361 0.5863
vn 0.0776 -0.0015 -0.9970
vn 0.9262 -0.0001 -0.3770
vn 0.3772 -0.0000 0.9261
vn 0.9262 -0.0000 -0.3771
vn 0.9263 -0.0000 -0.3768
vn 0.9263 0.0002 -0.3768
vn 0.9256 0.0005 -0.3784
vn 0.9259 0.0017 -0.3778
vn 0.9262 -0.0001 -0.3771
vn 0.9259 -0.0007 -0.3777
vn 0.9260 -0.0001 -0.3774
vn 0.9262 0.0004 -0.3771
vn 0.9262 -0.0003 -0.3771
vn 0.9266 -0.0008 -0.3762
vn 0.9261 0.0011 -0.3773
vn 0.9244 0.0016 -0.3814
vn 0.9261 0.0003 -0.3773
vn 0.9260 0.0007 -0.3775
vn 0.9262 0.0002 -0.3771
vn 0.9261 -0.0008 -0.3773
vn 0.9239 -0.0076 -0.3826
vn 0.9262 -0.0270 -0.3760
vn 0.9271 0.0004 -0.3749
vn 0.9263 -0.0005 -0.3769
vn 0.9262 -0.0002 -0.3769
vn 0.9263 -0.0002 -0.3769
vn 0.9279 -0.0169 -0.3724
vn 0.9280 -0.0023 -0.3725
vn 0.9262 0.0002 -0.3770
vn 0.9272 0.0011 -0.3747
vn 0.9273 0.0071 -0.3742
vn 0.9265 0.0032 -0.3763
vn 0.9265 0.0030 -0.3763
vn 0.9272 0.0134 -0.3744
vn 0.9264 0.0163 -0.3761
vn 0.9255 0.0009 -0.3787
vn 0.9255 0.0002 -0.3789
vn 0.9264 -0.0001 -0.3765
vn 0.9264 -0.0000 -0.3764
vn 0.9263 -0.0000 -0.3767
vn 0.9260 -0.0000 -0.3776
vn 0.9258 -0.0000 -0.3781
vn 0.4999 -0.0000 0.8661
vn 0.5000 -0.0013 0.8660
vn 0.4896 -0.0311 0.8714
vn 0.4928 0.0988 0.8645
vn 0.3935 -0.0700 0.9167
vn 0.4988 -0.0847 0.8626
vn 0.5010 -0.0003 0.8655
vn 0.5008 -0.0001 0.8656
vn 0.4878 -0.0331 0.8723
vn 0.4855 -0.0005 0.8743
vn 0.4754 0.0149 0.8796
vn 0.5244 0.0733 0.8483
vn 0.5594 -0.0048 0.8289
vn 0.4858 -0.0013 0.8741
vn 0.4853 -0.0006 0.8744
vn 0.5005 0.0022 0.8657
vn 0.5027 0.0036 0.8644
vn 0.5094 -0.0045 0.8605
vn 0.4985 0.0004 0.8669
vn 0.5007 -0.0003 0.8656
vn 0.5021 -0.0002 0.8648
vn 0.4996 -0.0003 0.8663
vn 0.4508 0.0532 0.8910
vn 0.4335 0.0490 0.8998
vn 0.4441 -0.0312 0.8955
vn 0.5635 -0.0114 0.8261
vn 0.4994 0.0762 0.8630
vn 0.4510 0.0621 0.8904
vn 0.4884 -0.0162 0.8725
vn 0.4883 0.0005 0.8727
vn 0.5040 -0.0034 0.8637
vn -0.9305 -0.0003 0.3664
s 0
f 1//1 2//1 3//1
f 4//2 5//2 6//2
f 4//3 6//3 7//3
f 4//4 8//4 5//4
f 5//5 8//5 9//5
f 3//6 2//6 6//6
f 6//7 2//7 7//7
f 10//8 11//8 12//8
f 12//9 11//9 13//9
f 13//10 14//10 12//10
f 12//11 14//11 3//11
f 3//12 14//12 1//12
f 11//13 10//13 15//13
f 15//14 10//14 16//14
f 17//15 18//15 19//15
f 19//16 18//16 16//16
f 16//17 18//17 15//17
f 21//18 20//18 22//18
f 21//19 22//19 19//19
f 19//20 22//20 17//20
f 20//21 21//21 23//21
f 23//22 21//22 24//22
f 25//23 26//23 27//23
f 27//24 26//24 28//24
f 27//25 28//25 24//25
f 24//26 28//26 23//26
f 25//27 27//27 29//27
f 30//28 31//28 32//28
f 32//29 31//29 27//29
f 27//29 31//29 29//29
f 35//30 36//30 37//30
f 40//31 41//31 42//31
f 43//32 44//32 45//32
f 46//33 47//33 48//33
f 48//34 47//34 32//34
f 32//35 47//35 30//35
f 49//36 50//36 51//36
f 51//37 50//37 52//37
f 51//38 52//38 48//38
f 48//39 52//39 46//39
f 44//40 53//40 49//40
f 49//41 53//41 50//41
f 45//40 44//40 49//40
f 42//42 41//42 45//42
f 45//43 41//43 43//43
f 39//44 38//44 42//44
f 42//45 38//45 40//45
f 37//46 36//46 39//46
f 39//47 36//47 38//47
f 34//48 33//48 37//48
f 37//49 33//49 35//49
f 33//50 34//50 54//50
f 54//51 34//51 55//51
f 57//52 56//52 55//52
f 55//53 56//53 54//53
f 56//54 57//54 58//54
f 58//55 57//55 59//55
f 61//56 60//56 62//56
f 61//57 62//57 59//57
f 59//58 62//58 58//58
f 60//59 61//59 63//59
f 63//60 61//60 64//60
f 63//61 64//61 65//61
f 65//62 64//62 66//62
f 68//63 67//63 69//63
f 68//64 69//64 66//64
f 66//65 69//65 65//65
f 67//66 68//66 70//66
f 70//67 68//67 71//67
f 73//68 72//68 74//68
f 73//69 74//69 71//69
f 71//70 74//70 70//70
f 72//71 73//71 75//71
f 75//72 73//72 76//72
f 77//73 78//73 76//73
f 76//74 78//74 75//74
f 80//75 79//75 77//75
f 77//76 79//76 81//76
f 77//77 81//77 78//77
f 79//78 80//78 82//78
f 82//79 80//79 83//79
f 82//80 83//80 84//80
f 84//81 83//81 85//81
f 84//82 85//82 86//82
f 5//83 9//83 87//83
f 5//84 87//84 85//84
f 85//85 87//85 86//85
f 85//86 32//86 5//86
f 5//86 32//86 27//86
f 21//86 19//86 16//86
f 32//86 57//86 55//86
f 57//86 32//86 59//86
f 59//86 32//86 85//86
f 59//86 85//86 61//86
f 21//86 16//86 24//86
f 10//86 12//86 3//86
f 3//86 6//86 10//86
f 10//86 6//86 5//86
f 10//86 5//86 16//86
f 16//86 5//86 27//86
f 16//86 27//86 24//86
f 61//86 85//86 64//86
f 64//86 85//86 83//86
f 64//86 83//86 66//86
f 55//86 34//86 32//86
f 32//86 34//86 37//86
f 32//86 37//86 48//86
f 48//86 37//86 39//86
f 48//86 39//86 51//86
f 83//86 80//86 66//86
f 66//86 80//86 77//86
f 66//86 77//86 76//86
f 51//86 39//86 49//86
f 49//86 39//86 42//86
f 49//86 42//86 45//86
f 73//86 71//86 76//86
f 76//86 71//86 68//86
f 76//86 68//86 66//86
f 92//87 91//87 93//87
f 88//88 89//88 92//88
f 88//89 92//89 94//89
f 94//90 92//90 93//90
f 95//91 96//91 94//91
f 94//92 96//92 90//92
f 94//93 90//93 88//93
f 97//94 99//94 98//94
f 97//95 100//95 101//95
f 103//96 101//96 104//96
f 103//97 104//97 105//97
f 103//98 105//98 106//98
f 101//99 103//99 107//99
f 101//100 107//100 97//100
f 97//101 107//101 99//101
f 102//102 108//102 103//102
f 103//103 108//103 109//103
f 103//104 109//104 107//104
f 110//105 111//105 112//105
f 111//106 110//106 113//106
f 111//107 113//107 114//107
f 103//108 106//108 102//108
f 102//109 106//109 111//109
f 102//110 111//110 114//110
f 94//111 115//111 95//111
f 95//112 115//112 116//112
f 100//113 97//113 117//113
f 117//114 97//114 98//114
f 117//115 98//115 118//115
f 117//116 118//116 119//116
f 119//117 118//117 120//117
f 119//118 120//118 116//118
f 116//119 120//119 121//119
f 116//120 121//120 95//120
f 118//121 98//121 123//121
f 86//122 87//122 124//122
f 124//123 87//123 125//123
f 124//124 125//124 126//124
f 126//125 125//125 127//125
f 122//126 86//126 124//126
f 122//127 124//127 123//127
f 123//128 124//128 126//128
f 123//129 126//129 118//129
f 118//130 126//130 127//130
f 121//131 120//131 127//131
f 127//132 120//132 118//132
f 125//133 87//133 128//133
f 125//134 128//134 129//134
f 129//135 128//135 130//135
f 127//136 125//136 129//136
f 127//137 129//137 121//137
f 121//138 129//138 130//138
f 96//139 95//139 130//139
f 130//140 95//140 121//140
f 131//141 132//141 133//141
f 133//142 132//142 128//142
f 133//143 128//143 9//143
f 9//144 128//144 87//144
f 130//145 128//145 132//145
f 130//146 132//146 96//146
f 96//147 132//147 131//147
f 96//148 131//148 90//148
f 86//149 122//149 134//149
f 135//150 30//150 47//150
f 135//151 47//151 137//151
f 137//152 47//152 138//152
f 139//153 100//153 140//153
f 140//154 100//154 136//154
f 136//155 100//155 117//155
f 47//156 46//156 138//156
f 138//157 46//157 52//157
f 138//158 52//158 141//158
f 141//159 52//159 142//159
f 139//160 101//160 100//160
f 52//161 50//161 142//161
f 142//162 50//162 53//162
f 142//163 53//163 143//163
f 143//164 53//164 44//164
f 143//165 44//165 144//165
f 144//166 44//166 145//166
f 44//167 43//167 145//167
f 145//168 43//168 41//168
f 145//169 41//169 146//169
f 146//170 41//170 147//170
f 147//171 41//171 40//171
f 38//172 148//172 40//172
f 40//173 148//173 147//173
f 148//174 38//174 36//174
f 148//175 36//175 149//175
f 149//176 36//176 150//176
f 36//177 35//177 150//177
f 150//178 35//178 33//178
f 150//179 33//179 151//179
f 151//180 33//180 54//180
f 151//181 54//181 152//181
f 152//182 54//182 56//182
f 152//183 56//183 153//183
f 153//184 56//184 58//184
f 153//185 58//185 154//185
f 154//186 58//186 62//186
f 60//187 155//187 62//187
f 62//188 155//188 156//188
f 62//189 156//189 154//189
f 155//190 60//190 63//190
f 155//191 63//191 157//191
f 157//192 63//192 158//192
f 63//193 65//193 158//193
f 158//194 65//194 159//194
f 65//195 69//195 159//195
f 159//196 69//196 67//196
f 159//197 67//197 160//197
f 160//198 67//198 161//198
f 67//199 70//199 161//199
f 161//200 70//200 74//200
f 161//201 74//201 162//201
f 162//202 74//202 72//202
f 162//203 72//203 163//203
f 163//204 72//204 164//204
f 72//205 75//205 164//205
f 164//206 75//206 78//206
f 164//207 78//207 165//207
f 139//208 166//208 101//208
f 101//209 166//209 104//209
f 104//210 166//210 167//210
f 104//211 167//211 168//211
f 104//212 168//212 105//212
f 105//213 168//213 169//213
f 105//214 169//214 106//214
f 106//215 169//215 170//215
f 106//216 170//216 171//216
f 106//217 171//217 111//217
f 111//218 171//218 172//218
f 111//219 172//219 173//219
f 111//220 173//220 112//220
f 112//221 173//221 174//221
f 112//222 174//222 110//222
f 110//223 174//223 175//223
f 110//224 175//224 176//224
f 110//225 176//225 113//225
f 113//226 176//226 177//226
f 113//227 177//227 114//227
f 114//228 177//228 178//228
f 114//229 178//229 102//229
f 102//230 178//230 179//230
f 102//231 179//231 108//231
f 108//232 179//232 180//232
f 108//233 180//233 181//233
f 108//234 181//234 109//234
f 109//235 181//235 182//235
f 109//236 182//236 107//236
f 165//237 78//237 81//237
f 165//238 81//238 183//238
f 183//239 81//239 79//239
f 183//240 79//240 184//240
f 184//241 79//241 185//241
f 79//242 82//242 185//242
f 185//243 82//243 84//243
f 185//244 84//244 134//244
f 134//245 84//245 86//245
f 136//246 135//246 137//246
f 136//247 137//247 140//247
f 140//248 137//248 138//248
f 140//249 138//249 141//249
f 140//250 141//250 139//250
f 139//251 141//251 142//251
f 139//252 142//252 166//252
f 166//253 142//253 143//253
f 166//254 143//254 144//254
f 166//255 144//255 167//255
f 167//256 144//256 145//256
f 167//257 145//257 168//257
f 168//258 145//258 146//258
f 168//259 146//259 147//259
f 168//260 147//260 169//260
f 169//261 147//261 148//261
f 169//262 148//262 170//262
f 170//263 148//263 149//263
f 170//264 149//264 150//264
f 170//265 150//265 171//265
f 171//266 150//266 151//266
f 171//267 151//267 172//267
f 172//268 151//268 173//268
f 173//269 151//269 152//269
f 173//270 152//270 174//270
f 174//271 152//271 153//271
f 174//272 153//272 154//272
f 174//273 154//273 175//273
f 175//274 154//274 156//274
f 175//275 156//275 176//275
f 176//276 156//276 155//276
f 176//277 155//277 157//277
f 176//278 157//278 177//278
f 177//279 157//279 158//279
f 177//280 158//280 159//280
f 177//281 159//281 178//281
f 178//282 159//282 160//282
f 178//283 160//283 161//283
f 178//284 161//284 179//284
f 179//285 161//285 162//285
f 179//286 162//286 180//286
f 180//287 162//287 163//287
f 180//288 163//288 164//288
f 180//289 164//289 181//289
f 181//290 164//290 165//290
f 181//291 165//291 182//291
f 182//292 165//292 183//292
f 182//293 183//293 184//293
f 182//294 184//294 186//294
f 186//295 184//295 185//295
f 186//296 185//296 187//296
f 187//297 185//297 134//297
f 187//298 134//298 122//298
f 187//299 122//299 123//299
f 107//300 182//300 186//300
f 107//301 186//301 99//301
f 99//302 186//302 187//302
f 99//303 187//303 123//303
f 99//304 123//304 98//304
f 133//305 9//305 8//305
f 133//306 8//306 188//306
f 188//307 8//307 4//307
f 188//308 4//308 189//308
f 4//309 7//309 189//309
f 189//310 7//310 2//310
f 189//311 2//311 190//311
f 2//312 1//312 190//312
f 190//313 1//313 14//313
f 190//314 14//314 191//314
f 191//315 14//315 13//315
f 191//316 13//316 192//316
f 192//317 13//317 11//317
f 131//318 133//318 188//318
f 131//319 188//319 193//319
f 193//320 188//320 189//320
f 193//321 189//321 194//321
f 194//322 189//322 190//322
f 194//323 190//323 195//323
f 195//324 190//324 191//324
f 195//325 191//325 196//325
f 196//326 191//326 192//326
f 90//327 131//327 193//327
f 90//328 193//328 194//328
f 90//329 194//329 88//329
f 88//330 194//330 195//330
f 88//331 195//331 196//331
f 88//332 196//332 89//332
f 93//333 216//333 198//333
f 199//334 115//334 200//334
f 200//335 115//335 198//335
f 198//336 115//336 94//336
f 198//337 94//337 93//337
f 197//338 25//338 29//338
f 197//339 29//339 201//339
f 201//340 29//340 31//340
f 201//341 31//341 202//341
f 216//342 197//342 198//342
f 198//343 197//343 201//343
f 198//344 201//344 200//344
f 200//345 201//345 199//345
f 199//346 201//346 202//346
f 199//347 202//347 203//347
f 203//348 202//348 204//348
f 204//349 117//349 119//349
f 204//350 119//350 203//350
f 203//351 119//351 199//351
f 199//352 119//352 116//352
f 199//353 116//353 115//353
f 136//354 117//354 204//354
f 136//355 204//355 135//355
f 135//356 204//356 202//356
f 135//357 202//357 30//357
f 30//358 202//358 31//358
f 11//359 15//359 205//359
f 11//360 205//360 192//360
f 192//361 205//361 206//361
f 192//362 206//362 196//362
f 196//363 206//363 92//363
f 196//364 92//364 89//364
f 205//365 15//365 18//365
f 205//366 18//366 207//366
f 207//367 18//367 17//367
f 207//368 17//368 208//368
f 17//369 22//369 208//369
f 208//370 22//370 20//370
f 208//371 20//371 209//371
f 20//372 23//372 209//372
f 209//373 23//373 210//373
f 210//374 23//374 28//374
f 210//375 28//375 211//375
f 211//376 28//376 26//376
f 211//377 26//377 212//377
f 212//378 26//378 25//378
f 212//379 25//379 197//379
f 206//380 205//380 207//380
f 206//381 207//381 213//381
f 213//382 207//382 208//382
f 213//383 208//383 214//383
f 214//384 208//384 209//384
f 214//385 209//385 215//385
f 215//386 209//386 210//386
f 215//387 210//387 211//387
f 215//388 211//388 216//388
f 216//389 211//389 212//389
f 216//390 212//390 197//390
f 92//391 206//391 213//391
f 92//392 213//392 214//392
f 92//393 214//393 91//393
f 91//394 214//394 215//394
f 91//395 215//395 216//395
f 91//396 216//396 93//396
f 218//397 217//397 219//397
f 222//398 221//398 220//398
f 222//399 220//399 223//399
f 223//400 220//400 224//400
f 223//401 224//401 225//401
f 225//402 224//402 218//402
f 225//403 218//403 219//403
f 226//404 227//404 228//404
f 229//405 230//405 231//405
f 229//406 231//406 232//406
f 229//407 232//407 233//407
f 233//408 232//408 234//408
f 233//409 234//409 228//409
f 228//410 234//410 226//410
f 235//411 236//411 237//411
f 238//412 239//412 240//412
f 240//413 239//413 241//413
f 237//414 236//414 241//414
f 241//415 236//415 240//415
f 242//416 243//416 244//416
f 244//417 243//417 245//417
f 245//418 246//418 244//418
f 244//419 246//419 237//419
f 237//420 246//420 235//420
f 247//421 248//421 249//421
f 249//421 248//421 250//421
f 239//422 238//422 251//422
f 239//423 252//423 253//423
f 239//421 253//421 249//421
f 249//423 253//423 254//423
f 249//421 254//421 247//421
f 251//421 255//421 239//421
f 239//421 255//421 256//421
f 239//421 256//421 252//421
f 257//424 258//424 259//424
f 259//425 258//425 260//425
f 259//426 260//426 261//426
f 261//427 260//427 262//427
f 263//428 264//428 265//428
f 265//429 264//429 262//429
f 262//430 264//430 261//430
f 263//431 265//431 249//431
f 263//432 249//432 250//432
f 266//433 267//433 268//433
f 258//434 257//434 269//434
f 269//435 270//435 258//435
f 258//436 270//436 268//436
f 268//436 270//436 266//436
f 271//437 272//437 273//437
f 273//438 274//438 271//438
f 271//439 274//439 275//439
f 271//440 275//440 276//440
f 276//441 275//441 277//441
f 278//442 279//442 280//442
f 280//443 279//443 281//443
f 278//444 282//444 279//444
f 279//445 282//445 272//445
f 272//446 282//446 283//446
f 272//447 283//447 273//447
f 285//448 284//448 281//448
f 281//449 284//449 286//449
f 281//450 286//450 280//450
f 284//451 285//451 287//451
f 287//452 285//452 288//452
f 287//453 288//453 289//453
f 289//454 288//454 290//454
f 289//455 290//455 293//455
f 292//456 291//456 293//456
f 292//457 293//457 290//457
f 294//458 295//458 296//458
f 294//459 296//459 292//459
f 292//460 296//460 291//460
f 297//461 298//461 294//461
f 294//462 298//462 295//462
f 300//463 299//463 301//463
f 300//464 301//464 297//464
f 297//465 301//465 298//465
f 303//466 302//466 300//466
f 300//467 302//467 299//467
f 304//468 305//468 306//468
f 304//469 306//469 307//469
f 306//470 308//470 307//470
f 307//471 308//471 303//471
f 303//472 308//472 309//472
f 303//473 309//473 302//473
f 310//474 311//474 304//474
f 304//475 311//475 305//475
f 312//476 313//476 314//476
f 312//477 314//477 310//477
f 310//478 314//478 311//478
f 268//479 267//479 312//479
f 312//480 267//480 313//480
f 315//481 243//481 242//481
f 276//482 277//482 316//482
f 276//29 316//29 242//29
f 242//483 316//483 317//483
f 242//484 317//484 315//484
f 318//485 319//485 320//485
f 321//486 322//486 323//486
f 322//487 321//487 291//487
f 296//488 324//488 291//488
f 321//489 293//489 291//489
f 323//490 325//490 321//490
f 321//491 325//491 326//491
f 321//492 326//492 293//492
f 293//493 326//493 289//493
f 327//494 318//494 328//494
f 328//495 318//495 320//495
f 328//496 320//496 323//496
f 323//497 320//497 329//497
f 323//498 329//498 325//498
f 325//499 329//499 326//499
f 322//500 291//500 324//500
f 322//501 324//501 323//501
f 323//502 324//502 330//502
f 323//503 330//503 328//503
f 328//504 330//504 331//504
f 328//505 331//505 327//505
f 327//506 331//506 332//506
f 298//507 301//507 333//507
f 295//508 298//508 335//508
f 335//509 298//509 333//509
f 335//510 333//510 336//510
f 296//511 295//511 324//511
f 324//512 295//512 335//512
f 324//513 335//513 330//513
f 330//514 335//514 336//514
f 330//515 336//515 331//515
f 331//516 336//516 337//516
f 331//517 337//517 332//517
f 332//518 337//518 338//518
f 334//519 339//519 340//519
f 341//520 338//520 342//520
f 342//521 338//521 337//521
f 342//522 337//522 339//522
f 339//523 337//523 336//523
f 339//524 336//524 340//524
f 340//525 336//525 333//525
f 340//526 333//526 334//526
f 334//527 333//527 301//527
f 334//528 301//528 299//528
f 344//529 287//529 289//529
f 284//530 343//530 286//530
f 346//531 347//531 348//531
f 346//532 348//532 349//532
f 349//533 348//533 350//533
f 350//534 348//534 351//534
f 350//535 351//535 345//535
f 345//536 351//536 352//536
f 345//537 352//537 280//537
f 280//538 352//538 353//538
f 354//539 346//539 355//539
f 355//540 346//540 349//540
f 355//541 349//541 356//541
f 356//542 349//542 350//542
f 356//543 350//543 343//543
f 343//544 350//544 345//544
f 343//545 345//545 286//545
f 286//546 345//546 280//546
f 357//547 354//547 358//547
f 358//548 354//548 359//548
f 359//549 354//549 355//549
f 359//550 355//550 344//550
f 344//551 355//551 356//551
f 344//552 356//552 287//552
f 287//553 356//553 343//553
f 287//554 343//554 284//554
f 319//555 357//555 320//555
f 320//556 357//556 358//556
f 320//557 358//557 329//557
f 329//558 358//558 359//558
f 329//559 359//559 344//559
f 329//560 344//560 326//560
f 326//561 344//561 289//561
f 308//562 306//562 361//562
f 308//563 361//563 309//563
f 299//564 302//564 334//564
f 334//565 302//565 360//565
f 334//566 360//566 339//566
f 339//567 360//567 363//567
f 364//568 341//568 365//568
f 365//569 341//569 342//569
f 365//570 342//570 363//570
f 363//571 342//571 339//571
f 366//572 364//572 367//572
f 367//573 364//573 365//573
f 367//574 365//574 368//574
f 368//575 365//575 363//575
f 368//576 363//576 369//576
f 369//577 363//577 360//577
f 369//578 360//578 362//578
f 362//579 360//579 302//579
f 370//580 366//580 371//580
f 371//581 366//581 367//581
f 371//582 367//582 372//582
f 372//583 367//583 368//583
f 372//584 368//584 373//584
f 373//585 368//585 369//585
f 373//586 369//586 361//586
f 361//587 369//587 362//587
f 361//588 362//588 309//588
f 309//589 362//589 302//589
f 374//590 370//590 371//590
f 374//591 371//591 375//591
f 375//592 371//592 372//592
f 375//593 372//593 376//593
f 376//594 372//594 373//594
f 376//595 373//595 377//595
f 377//596 373//596 361//596
f 377//597 361//597 378//597
f 378//598 361//598 306//598
f 379//599 283//599 353//599
f 353//600 283//600 282//600
f 353//601 282//601 278//601
f 353//602 278//602 280//602
f 380//603 275//603 274//603
f 380//604 274//604 379//604
f 379//605 274//605 273//605
f 379//606 273//606 283//606
f 275//607 380//607 277//607
f 277//608 380//608 381//608
f 277//609 381//609 382//609
f 277//610 382//610 316//610
f 266//611 383//611 267//611
f 267//612 383//612 384//612
f 267//613 384//613 385//613
f 267//614 385//614 313//614
f 386//615 311//615 314//615
f 386//616 314//616 385//616
f 385//617 314//617 313//617
f 306//618 305//618 378//618
f 378//619 305//619 311//619
f 378//620 311//620 386//620
f 316//621 382//621 387//621
f 235//622 246//622 227//622
f 227//623 246//623 245//623
f 240//624 388//624 238//624
f 238//625 388//625 251//625
f 388//626 240//626 236//626
f 227//627 236//627 235//627
f 243//628 315//628 389//628
f 389//629 228//629 243//629
f 243//630 228//630 227//630
f 243//631 227//631 245//631
f 317//632 316//632 387//632
f 317//633 387//633 315//633
f 315//634 387//634 390//634
f 315//635 390//635 389//635
f 257//636 259//636 217//636
f 217//637 259//637 261//637
f 261//638 264//638 217//638
f 217//639 264//639 392//639
f 392//640 264//640 391//640
f 393//641 270//641 269//641
f 394//642 383//642 266//642
f 264//643 263//643 391//643
f 391//644 263//644 395//644
f 395//645 263//645 250//645
f 395//646 250//646 396//646
f 396//647 250//647 248//647
f 397//648 393//648 269//648
f 257//649 217//649 269//649
f 269//650 217//650 218//650
f 269//651 218//651 397//651
f 397//652 398//652 393//652
f 393//653 398//653 394//653
f 393//654 394//654 270//654
f 270//655 394//655 266//655
f 247//656 396//656 248//656
f 399//657 400//657 401//657
f 402//658 403//658 404//658
f 405//659 406//659 402//659
f 402//660 406//660 403//660
f 402//661 404//661 407//661
f 409//662 410//662 411//662
f 411//663 410//663 412//663
f 411//664 412//664 413//664
f 413//665 412//665 414//665
f 413//666 414//666 415//666
f 416//667 417//667 418//667
f 418//668 417//668 419//668
f 420//669 421//669 422//669
f 422//670 421//670 423//670
f 422//671 423//671 419//671
f 419//672 423//672 424//672
f 419//673 424//673 418//673
f 404//674 408//674 407//674
f 401//675 407//675 408//675
f 401//676 408//676 399//676
f 426//677 427//677 401//677
f 401//678 427//678 416//678
f 427//679 417//679 416//679
f 429//680 428//680 430//680
f 429//681 430//681 405//681
f 405//682 430//682 406//682
f 421//683 409//683 423//683
f 423//684 409//684 411//684
f 423//685 411//685 424//685
f 424//686 411//686 413//686
f 424//687 413//687 418//687
f 418//688 413//688 416//688
f 416//689 413//689 415//689
f 416//690 415//690 401//690
f 410//691 428//691 412//691
f 412//692 428//692 429//692
f 412//693 429//693 414//693
f 414//694 429//694 405//694
f 414//695 405//695 402//695
f 414//696 402//696 415//696
f 415//697 402//697 407//697
f 415//698 407//698 401//698
f 426//699 401//699 400//699
f 426//700 400//700 425//700
f 438//701 439//701 440//701
f 438//702 408//702 439//702
f 439//703 408//703 404//703
f 437//704 441//704 436//704
f 436//705 441//705 432//705
f 400//706 442//706 431//706
f 431//707 442//707 441//707
f 441//708 442//708 438//708
f 441//709 438//709 432//709
f 432//710 438//710 440//710
f 434//711 446//711 447//711
f 433//712 434//712 435//712
f 435//713 434//713 437//713
f 434//714 447//714 437//714
f 437//715 447//715 443//715
f 443//716 447//716 448//716
f 445//717 425//717 400//717
f 442//718 400//718 399//718
f 442//719 399//719 438//719
f 438//720 399//720 408//720
f 445//721 400//721 444//721
f 444//722 400//722 431//722
f 444//723 431//723 443//723
f 443//724 431//724 441//724
f 443//725 441//725 437//725
f 435//726 437//726 436//726
f 435//727 436//727 433//727
f 449//728 450//728 451//728
f 452//729 453//729 454//729
f 455//730 456//730 457//730
f 406//731 430//731 458//731
f 459//732 406//732 458//732
f 454//733 460//733 458//733
f 458//734 460//734 459//734
f 457//735 461//735 453//735
f 453//736 461//736 454//736
f 454//737 461//737 462//737
f 454//738 462//738 460//738
f 449//739 452//739 463//739
f 463//740 452//740 454//740
f 463//741 454//741 464//741
f 464//742 454//742 458//742
f 464//743 458//743 430//743
f 452//744 449//744 451//744
f 452//745 451//745 453//745
f 453//746 451//746 457//746
f 457//747 451//747 455//747
f 430//748 428//748 464//748
f 464//749 428//749 465//749
f 464//750 465//750 463//750
f 463//751 465//751 466//751
f 463//752 466//752 449//752
f 468//753 467//753 469//753
f 468//754 469//754 470//754
f 470//755 469//755 471//755
f 470//756 471//756 472//756
f 472//757 471//757 473//757
f 473//758 474//758 475//758
f 433//759 475//759 434//759
f 434//760 475//760 476//760
f 434//761 476//761 477//761
f 434//762 477//762 446//762
f 476//763 475//763 474//763
f 476//764 474//764 477//764
f 477//765 474//765 473//765
f 477//766 473//766 478//766
f 478//767 473//767 471//767
f 478//768 471//768 479//768
f 479//769 471//769 469//769
f 479//770 469//770 480//770
f 482//771 483//771 484//771
f 482//772 484//772 485//772
f 486//773 487//773 488//773
f 487//774 486//774 489//774
f 489//775 486//775 490//775
f 489//776 490//776 491//776
f 491//777 490//777 492//777
f 491//778 492//778 493//778
f 494//779 495//779 496//779
f 496//780 495//780 497//780
f 496//781 497//781 498//781
f 498//782 497//782 499//782
f 498//783 499//783 500//783
f 455//784 483//784 482//784
f 455//785 482//785 456//785
f 481//786 451//786 501//786
f 501//787 451//787 450//787
f 501//788 450//788 502//788
f 495//789 503//789 497//789
f 497//790 503//790 504//790
f 497//791 504//791 499//791
f 499//792 504//792 505//792
f 499//793 505//793 500//793
f 500//794 505//794 506//794
f 507//795 492//795 508//795
f 508//796 492//796 490//796
f 508//797 490//797 509//797
f 509//798 490//798 486//798
f 502//799 494//799 501//799
f 501//800 494//800 496//800
f 501//801 496//801 481//801
f 481//802 496//802 498//802
f 481//803 498//803 509//803
f 509//804 498//804 500//804
f 509//805 500//805 508//805
f 508//806 500//806 506//806
f 508//807 506//807 507//807
f 488//808 485//808 486//808
f 486//809 485//809 484//809
f 486//810 484//810 509//810
f 509//811 484//811 483//811
f 509//812 483//812 481//812
f 481//813 483//813 455//813
f 481//814 455//814 451//814
f 489//815 491//815 510//815
f 489//816 511//816 487//816
f 487//817 511//817 488//817
f 512//818 513//818 514//818
f 512//819 514//819 515//819
f 515//820 514//820 511//820
f 513//821 512//821 516//821
f 516//822 512//822 517//822
f 516//823 517//823 519//823
f 519//824 517//824 520//824
f 519//825 520//825 518//825
f 491//826 493//826 521//826
f 489//827 515//827 511//827
f 491//828 521//828 510//828
f 510//829 521//829 522//829
f 510//830 522//830 523//830
f 523//831 522//831 524//831
f 523//832 524//832 525//832
f 524//833 526//833 525//833
f 525//834 526//834 527//834
f 525//835 527//835 520//835
f 489//836 510//836 515//836
f 515//837 510//837 523//837
f 515//838 523//838 512//838
f 512//839 523//839 525//839
f 512//840 525//840 517//840
f 517//841 525//841 520//841
f 529//842 530//842 531//842
f 526//843 533//843 527//843
f 527//844 533//844 534//844
f 527//845 534//845 520//845
f 520//846 534//846 531//846
f 520//847 531//847 518//847
f 518//848 531//848 530//848
f 533//849 535//849 534//849
f 534//850 535//850 536//850
f 534//851 536//851 531//851
f 531//852 536//852 537//852
f 531//853 537//853 529//853
f 529//854 537//854 532//854
f 529//855 532//855 528//855
f 528//856 532//856 467//856
f 469//857 467//857 538//857
f 538//858 467//858 532//858
f 538//859 532//859 539//859
f 539//860 532//860 537//860
f 539//861 537//861 540//861
f 540//862 537//862 536//862
f 540//863 536//863 541//863
f 541//864 536//864 535//864
f 480//865 469//865 542//865
f 542//866 469//866 538//866
f 542//867 538//867 543//867
f 543//868 538//868 539//868
f 543//869 539//869 544//869
f 544//870 539//870 540//870
f 544//871 540//871 545//871
f 545//872 540//872 541//872
f 1358//873 546//873 547//873
f 547//874 546//874 548//874
f 552//875 550//875 553//875
f 552//876 553//876 554//876
f 1356//877 557//877 556//877
f 556//878 557//878 555//878
f 558//879 503//879 559//879
f 546//880 1358//880 1357//880
f 560//881 561//881 562//881
f 562//882 561//882 563//882
f 562//883 563//883 564//883
f 564//884 563//884 565//884
f 566//885 546//885 1357//885
f 566//886 1357//886 567//886
f 567//887 1357//887 568//887
f 560//888 558//888 561//888
f 561//889 558//889 559//889
f 561//890 559//890 563//890
f 563//891 559//891 567//891
f 563//892 567//892 565//892
f 565//893 567//893 568//893
f 570//894 1356//894 569//894
f 569//895 1356//895 556//895
f 570//896 569//896 571//896
f 571//897 569//897 572//897
f 569//898 573//898 572//898
f 572//899 573//899 574//899
f 575//900 574//900 576//900
f 575//901 576//901 577//901
f 577//902 576//902 578//902
f 577//903 578//903 579//903
f 574//904 573//904 580//904
f 574//905 580//905 576//905
f 576//906 580//906 581//906
f 576//907 581//907 578//907
f 582//908 584//908 585//908
f 585//909 584//909 586//909
f 583//910 582//910 587//910
f 583//911 588//911 560//911
f 503//912 558//912 588//912
f 588//913 558//913 560//913
f 586//914 589//914 585//914
f 585//915 589//915 590//915
f 585//916 590//916 591//916
f 591//917 590//917 592//917
f 593//918 594//918 592//918
f 592//919 594//919 595//919
f 592//920 595//920 591//920
f 594//921 593//921 596//921
f 582//922 585//922 587//922
f 587//923 585//923 591//923
f 587//924 591//924 597//924
f 597//925 591//925 595//925
f 597//926 595//926 598//926
f 598//927 595//927 594//927
f 598//928 594//928 599//928
f 599//929 594//929 596//929
f 599//930 596//930 600//930
f 588//931 583//931 587//931
f 588//932 587//932 601//932
f 601//933 587//933 597//933
f 601//934 597//934 602//934
f 602//935 597//935 598//935
f 602//936 598//936 603//936
f 603//937 598//937 599//937
f 603//938 599//938 604//938
f 604//939 599//939 600//939
f 604//940 600//940 605//940
f 503//941 588//941 504//941
f 504//942 588//942 601//942
f 504//943 601//943 505//943
f 505//944 601//944 602//944
f 505//945 602//945 506//945
f 506//946 602//946 603//946
f 506//947 603//947 507//947
f 507//948 603//948 604//948
f 507//949 604//949 492//949
f 492//950 604//950 605//950
f 492//951 605//951 493//951
f 579//952 578//952 606//952
f 579//953 606//953 607//953
f 607//954 608//954 609//954
f 610//955 611//955 609//955
f 612//956 613//956 614//956
f 615//957 616//957 617//957
f 617//958 616//958 618//958
f 617//959 618//959 619//959
f 619//960 618//960 620//960
f 619//961 620//961 621//961
f 621//962 620//962 622//962
f 621//963 622//963 623//963
f 616//964 615//964 610//964
f 616//965 610//965 624//965
f 624//966 610//966 609//966
f 609//967 608//967 624//967
f 624//968 608//968 625//968
f 624//969 625//969 616//969
f 616//970 625//970 626//970
f 616//971 626//971 618//971
f 618//972 626//972 627//972
f 618//973 627//973 620//973
f 620//974 627//974 628//974
f 620//975 628//975 622//975
f 607//976 606//976 629//976
f 607//977 629//977 608//977
f 608//978 629//978 630//978
f 608//979 630//979 625//979
f 625//980 630//980 631//980
f 625//981 631//981 626//981
f 626//982 631//982 614//982
f 626//983 614//983 627//983
f 627//984 614//984 613//984
f 627//985 613//985 628//985
f 612//986 614//986 632//986
f 632//987 614//987 631//987
f 632//988 631//988 633//988
f 633//989 631//989 630//989
f 633//990 630//990 634//990
f 634//991 630//991 629//991
f 634//992 629//992 635//992
f 635//993 629//993 606//993
f 635//994 606//994 636//994
f 636//995 606//995 578//995
f 636//996 578//996 581//996
f 637//997 638//997 639//997
f 639//998 638//998 640//998
f 643//999 644//999 642//999
f 645//1000 646//1000 647//1000
f 647//1001 646//1001 648//1001
f 642//1002 641//1002 647//1002
f 647//1003 641//1003 645//1003
f 644//1004 649//1004 642//1004
f 642//1005 649//1005 641//1005
f 650//86 651//86 652//86
f 653//86 654//86 655//86
f 655//86 654//86 656//86
f 655//86 656//86 657//86
f 658//86 659//86 655//86
f 655//86 659//86 638//86
f 655//86 638//86 653//86
f 653//86 638//86 647//86
f 647//86 638//86 642//86
f 642//86 638//86 637//86
f 652//86 660//86 650//86
f 650//86 660//86 661//86
f 650//86 661//86 642//86
f 650//86 642//86 662//86
f 662//86 642//86 637//86
f 665//1006 666//1006 667//1006
f 667//1007 666//1007 668//1007
f 669//1008 670//1008 671//1008
f 671//1009 670//1009 672//1009
f 672//1010 670//1010 673//1010
f 672//1011 673//1011 663//1011
f 674//1012 675//1012 676//1012
f 677//1013 678//1013 679//1013
f 677//1014 679//1014 664//1014
f 664//1015 679//1015 680//1015
f 664//1016 680//1016 663//1016
f 663//1017 680//1017 681//1017
f 663//1018 681//1018 672//1018
f 674//1019 682//1019 675//1019
f 675//1020 682//1020 683//1020
f 675//1021 683//1021 684//1021
f 685//1022 665//1022 671//1022
f 671//1023 665//1023 667//1023
f 671//1024 667//1024 669//1024
f 669//1025 667//1025 668//1025
f 669//1026 668//1026 425//1026
f 686//1027 676//1027 685//1027
f 685//1028 676//1028 675//1028
f 685//1029 675//1029 665//1029
f 665//1030 675//1030 684//1030
f 665//1031 684//1031 666//1031
f 327//1032 332//1032 687//1032
f 687//1033 332//1033 688//1033
f 687//1034 688//1034 686//1034
f 686//1035 688//1035 676//1035
f 671//1036 672//1036 685//1036
f 685//1037 672//1037 681//1037
f 685//1038 681//1038 686//1038
f 686//1039 681//1039 680//1039
f 686//1040 680//1040 687//1040
f 687//1041 680//1041 679//1041
f 687//1042 679//1042 327//1042
f 327//1043 679//1043 678//1043
f 327//1044 678//1044 318//1044
f 318//1045 678//1045 677//1045
f 318//1046 677//1046 319//1046
f 689//1047 338//1047 690//1047
f 674//1048 676//1048 691//1048
f 691//1049 676//1049 688//1049
f 692//1050 693//1050 694//1050
f 694//1051 693//1051 695//1051
f 692//1052 696//1052 697//1052
f 698//1053 699//1053 700//1053
f 700//1054 699//1054 701//1054
f 700//1055 701//1055 702//1055
f 702//1056 701//1056 703//1056
f 695//1057 704//1057 698//1057
f 698//1058 704//1058 699//1058
f 701//1059 705//1059 703//1059
f 706//1060 697//1060 696//1060
f 706//1061 696//1061 707//1061
f 707//1062 696//1062 703//1062
f 707//1063 703//1063 708//1063
f 332//1064 338//1064 689//1064
f 332//1065 689//1065 688//1065
f 674//1066 697//1066 682//1066
f 682//1067 697//1067 706//1067
f 682//1068 706//1068 683//1068
f 697//1069 674//1069 691//1069
f 697//1070 691//1070 692//1070
f 692//1071 691//1071 688//1071
f 692//1072 688//1072 693//1072
f 693//1073 688//1073 689//1073
f 693//1074 689//1074 695//1074
f 695//1075 689//1075 690//1075
f 705//1076 708//1076 703//1076
f 702//1077 703//1077 696//1077
f 702//1078 696//1078 700//1078
f 700//1079 696//1079 692//1079
f 700//1080 692//1080 698//1080
f 698//1081 692//1081 694//1081
f 698//1082 694//1082 695//1082
f 709//1083 695//1083 690//1083
f 709//1084 690//1084 341//1084
f 341//1085 690//1085 338//1085
f 710//1086 711//1086 712//1086
f 711//1087 710//1087 713//1087
f 711//1088 713//1088 714//1088
f 714//1089 713//1089 683//1089
f 683//1090 713//1090 684//1090
f 715//1091 716//1091 717//1091
f 717//1092 716//1092 718//1092
f 717//1093 718//1093 719//1093
f 719//1094 718//1094 666//1094
f 666//1095 718//1095 720//1095
f 666//1096 720//1096 668//1096
f 721//1097 722//1097 723//1097
f 723//1098 722//1098 724//1098
f 723//1099 724//1099 725//1099
f 725//1100 724//1100 726//1100
f 419//1101 721//1101 422//1101
f 422//1102 721//1102 723//1102
f 422//1103 723//1103 420//1103
f 420//1104 723//1104 725//1104
f 425//1105 668//1105 426//1105
f 426//1106 668//1106 720//1106
f 426//1107 720//1107 427//1107
f 427//1108 720//1108 718//1108
f 427//1109 718//1109 417//1109
f 417//1110 718//1110 716//1110
f 727//1111 726//1111 728//1111
f 728//1112 726//1112 724//1112
f 728//1113 724//1113 729//1113
f 729//1114 724//1114 722//1114
f 729//1115 722//1115 717//1115
f 717//1116 722//1116 721//1116
f 717//1117 721//1117 715//1117
f 715//1118 721//1118 419//1118
f 715//1119 419//1119 716//1119
f 716//1120 419//1120 417//1120
f 730//1121 727//1121 731//1121
f 731//1122 727//1122 728//1122
f 731//1123 728//1123 712//1123
f 712//1124 728//1124 729//1124
f 712//1125 729//1125 710//1125
f 710//1126 729//1126 717//1126
f 710//1127 717//1127 713//1127
f 713//1128 717//1128 719//1128
f 713//1129 719//1129 684//1129
f 684//1130 719//1130 666//1130
f 706//1131 707//1131 732//1131
f 707//1132 708//1132 733//1132
f 733//1133 708//1133 734//1133
f 735//1134 706//1134 732//1134
f 735//1135 732//1135 736//1135
f 736//1136 732//1136 737//1136
f 739//1137 740//1137 741//1137
f 741//1138 740//1138 742//1138
f 741//1139 742//1139 743//1139
f 743//1140 742//1140 744//1140
f 743//1141 744//1141 736//1141
f 736//1142 744//1142 738//1142
f 736//1143 738//1143 735//1143
f 745//1144 746//1144 747//1144
f 747//1145 746//1145 748//1145
f 747//1146 748//1146 749//1146
f 749//1147 748//1147 750//1147
f 749//1148 750//1148 751//1148
f 751//1149 750//1149 752//1149
f 751//1150 752//1150 753//1150
f 751//1151 753//1151 754//1151
f 738//1152 711//1152 735//1152
f 735//1153 711//1153 714//1153
f 735//1154 714//1154 706//1154
f 706//1155 714//1155 683//1155
f 732//1156 707//1156 733//1156
f 732//1157 733//1157 737//1157
f 737//1158 733//1158 734//1158
f 737//1159 734//1159 754//1159
f 740//1160 730//1160 742//1160
f 742//1161 730//1161 731//1161
f 742//1162 731//1162 744//1162
f 744//1163 731//1163 712//1163
f 744//1164 712//1164 738//1164
f 738//1165 712//1165 711//1165
f 746//1166 739//1166 748//1166
f 748//1167 739//1167 741//1167
f 748//1168 741//1168 750//1168
f 750//1169 741//1169 743//1169
f 750//1170 743//1170 752//1170
f 752//1171 743//1171 736//1171
f 752//1172 736//1172 753//1172
f 753//1173 736//1173 737//1173
f 753//1174 737//1174 754//1174
f 755//1175 756//1175 757//1175
f 758//1176 759//1176 760//1176
f 761//1177 757//1177 762//1177
f 763//1178 764//1178 765//1178
f 765//1179 764//1179 766//1179
f 757//1180 756//1180 762//1180
f 708//1181 767//1181 734//1181
f 734//1182 767//1182 768//1182
f 734//1183 768//1183 758//1183
f 758//1184 768//1184 759//1184
f 762//1185 765//1185 761//1185
f 761//1186 765//1186 766//1186
f 761//1187 766//1187 769//1187
f 766//1188 764//1188 772//1188
f 766//1189 772//1189 769//1189
f 769//1190 772//1190 771//1190
f 769//1191 771//1191 773//1191
f 773//1192 771//1192 770//1192
f 773//1193 770//1193 774//1193
f 775//1194 745//1194 776//1194
f 776//1195 745//1195 747//1195
f 776//1196 747//1196 777//1196
f 777//1197 747//1197 749//1197
f 777//1198 749//1198 778//1198
f 778//1199 749//1199 751//1199
f 778//1200 751//1200 779//1200
f 779//1201 751//1201 754//1201
f 780//1202 775//1202 781//1202
f 781//1203 775//1203 776//1203
f 781//1204 776//1204 782//1204
f 782//1205 776//1205 777//1205
f 782//1206 777//1206 778//1206
f 782//1207 778//1207 760//1207
f 760//1208 778//1208 779//1208
f 760//1209 779//1209 758//1209
f 758//1210 779//1210 754//1210
f 758//1211 754//1211 734//1211
f 774//1212 780//1212 773//1212
f 773//1213 780//1213 781//1213
f 773//1214 781//1214 769//1214
f 769//1215 781//1215 782//1215
f 769//1216 782//1216 761//1216
f 761//1217 782//1217 760//1217
f 761//1218 760//1218 757//1218
f 757//1219 760//1219 759//1219
f 757//1220 759//1220 755//1220
f 755//1221 759//1221 768//1221
f 755//1222 768//1222 783//1222
f 783//1223 768//1223 767//1223
f 784//1224 785//1224 786//1224
f 788//1225 787//1225 789//1225
f 792//1226 793//1226 790//1226
f 790//1227 793//1227 794//1227
f 790//1228 794//1228 791//1228
f 783//1229 788//1229 755//1229
f 755//1230 788//1230 789//1230
f 755//1231 789//1231 756//1231
f 792//1232 790//1232 796//1232
f 796//1233 790//1233 797//1233
f 786//1234 785//1234 798//1234
f 786//1235 798//1235 795//1235
f 795//1236 799//1236 786//1236
f 786//1237 799//1237 784//1237
f 708//1238 791//1238 767//1238
f 767//1239 791//1239 783//1239
f 783//1240 791//1240 794//1240
f 783//1241 794//1241 788//1241
f 788//1242 794//1242 793//1242
f 788//1243 793//1243 787//1243
f 787//1244 793//1244 785//1244
f 798//1245 785//1245 793//1245
f 798//1246 793//1246 795//1246
f 795//1247 793//1247 792//1247
f 790//1248 791//1248 797//1248
f 797//1249 791//1249 708//1249
f 448//1250 447//1250 800//1250
f 447//1251 446//1251 801//1251
f 802//1252 803//1252 804//1252
f 664//1253 663//1253 805//1253
f 806//1254 807//1254 808//1254
f 808//1255 807//1255 809//1255
f 808//1256 809//1256 805//1256
f 805//1257 809//1257 810//1257
f 805//1258 810//1258 664//1258
f 664//1259 810//1259 677//1259
f 347//1260 803//1260 811//1260
f 811//1261 803//1261 802//1261
f 811//1262 802//1262 801//1262
f 803//1263 812//1263 804//1263
f 804//1264 812//1264 813//1264
f 800//1265 447//1265 801//1265
f 800//1266 801//1266 802//1266
f 814//1267 804//1267 813//1267
f 814//1268 813//1268 677//1268
f 677//1269 813//1269 319//1269
f 670//1270 669//1270 445//1270
f 445//1271 669//1271 425//1271
f 805//1272 663//1272 673//1272
f 805//1273 673//1273 808//1273
f 808//1274 673//1274 670//1274
f 808//1275 670//1275 806//1275
f 806//1276 670//1276 445//1276
f 319//1277 813//1277 357//1277
f 357//1278 813//1278 812//1278
f 357//1279 812//1279 354//1279
f 354//1280 812//1280 803//1280
f 354//1281 803//1281 346//1281
f 346//1282 803//1282 347//1282
f 445//1283 444//1283 806//1283
f 806//1284 444//1284 443//1284
f 806//1285 443//1285 807//1285
f 807//1286 443//1286 448//1286
f 807//1287 448//1287 800//1287
f 807//1288 800//1288 809//1288
f 809//1289 800//1289 802//1289
f 809//1290 802//1290 804//1290
f 809//1291 804//1291 810//1291
f 810//1292 804//1292 814//1292
f 810//1293 814//1293 677//1293
f 815//1294 370//1294 374//1294
f 705//1295 701//1295 816//1295
f 816//1296 701//1296 699//1296
f 816//1297 699//1297 704//1297
f 705//1298 797//1298 708//1298
f 817//1299 818//1299 819//1299
f 817//1300 819//1300 820//1300
f 818//1301 817//1301 795//1301
f 818//1302 795//1302 792//1302
f 366//1303 370//1303 821//1303
f 821//1304 370//1304 815//1304
f 821//1305 815//1305 822//1305
f 822//1306 815//1306 823//1306
f 823//1307 815//1307 820//1307
f 823//1308 820//1308 819//1308
f 341//1309 364//1309 709//1309
f 709//1310 364//1310 824//1310
f 709//1311 824//1311 695//1311
f 796//1312 797//1312 825//1312
f 825//1313 797//1313 705//1313
f 825//1314 705//1314 816//1314
f 826//1315 816//1315 704//1315
f 826//1316 704//1316 827//1316
f 827//1317 704//1317 695//1317
f 827//1318 695//1318 828//1318
f 828//1319 695//1319 824//1319
f 829//1320 830//1320 820//1320
f 820//1321 830//1321 817//1321
f 817//1322 830//1322 799//1322
f 817//1323 799//1323 795//1323
f 374//1324 831//1324 815//1324
f 815//1325 831//1325 829//1325
f 815//1326 829//1326 820//1326
f 792//1327 796//1327 818//1327
f 818//1328 796//1328 825//1328
f 818//1329 825//1329 819//1329
f 819//1330 825//1330 816//1330
f 819//1331 816//1331 826//1331
f 819//1332 826//1332 823//1332
f 823//1333 826//1333 827//1333
f 823//1334 827//1334 822//1334
f 822//1335 827//1335 828//1335
f 822//1336 828//1336 821//1336
f 821//1337 828//1337 824//1337
f 821//1338 824//1338 366//1338
f 366//1339 824//1339 364//1339
f 832//1340 833//1340 834//1340
f 835//1341 836//1341 837//1341
f 838//1342 839//1342 840//1342
f 840//1343 839//1343 835//1343
f 840//1344 835//1344 837//1344
f 420//1345 725//1345 841//1345
f 841//1346 725//1346 842//1346
f 841//1347 842//1347 843//1347
f 843//1348 842//1348 844//1348
f 843//1349 844//1349 845//1349
f 845//1350 844//1350 846//1350
f 845//1351 846//1351 838//1351
f 838//1352 846//1352 847//1352
f 838//1353 847//1353 839//1353
f 726//1354 727//1354 848//1354
f 848//1355 727//1355 849//1355
f 848//1356 849//1356 850//1356
f 850//1357 849//1357 851//1357
f 850//1358 851//1358 852//1358
f 852//1359 851//1359 853//1359
f 852//1360 853//1360 854//1360
f 854//1361 853//1361 855//1361
f 854//1362 855//1362 856//1362
f 856//1363 855//1363 857//1363
f 856//1364 857//1364 834//1364
f 834//1365 857//1365 858//1365
f 834//1366 858//1366 832//1366
f 832//1367 858//1367 859//1367
f 727//1368 730//1368 849//1368
f 849//1369 730//1369 860//1369
f 849//1370 860//1370 851//1370
f 851//1371 860//1371 861//1371
f 851//1372 861//1372 853//1372
f 853//1373 861//1373 862//1373
f 853//1374 862//1374 855//1374
f 855//1375 862//1375 863//1375
f 855//1376 863//1376 857//1376
f 857//1377 863//1377 864//1377
f 857//1378 864//1378 858//1378
f 858//1379 864//1379 859//1379
f 833//1380 836//1380 834//1380
f 834//1381 836//1381 835//1381
f 834//1382 835//1382 856//1382
f 856//1383 835//1383 839//1383
f 856//1384 839//1384 854//1384
f 854//1385 839//1385 847//1385
f 854//1386 847//1386 852//1386
f 852//1387 847//1387 846//1387
f 852//1388 846//1388 850//1388
f 850//1389 846//1389 844//1389
f 850//1390 844//1390 848//1390
f 848//1391 844//1391 842//1391
f 848//1392 842//1392 726//1392
f 726//1393 842//1393 725//1393
f 865//1394 866//1394 867//1394
f 740//1395 739//1395 868//1395
f 868//1396 739//1396 869//1396
f 868//1397 869//1397 870//1397
f 870//1398 869//1398 871//1398
f 870//1399 871//1399 872//1399
f 872//1400 871//1400 873//1400
f 872//1401 873//1401 874//1401
f 874//1402 873//1402 875//1402
f 874//1403 875//1403 876//1403
f 876//1404 875//1404 877//1404
f 876//1405 877//1405 878//1405
f 878//1406 877//1406 867//1406
f 878//1407 867//1407 879//1407
f 879//1408 867//1408 866//1408
f 746//1409 745//1409 880//1409
f 880//1410 745//1410 881//1410
f 880//1411 881//1411 882//1411
f 882//1412 881//1412 883//1412
f 882//1413 883//1413 884//1413
f 884//1414 883//1414 885//1414
f 884//1415 885//1415 886//1415
f 886//1416 885//1416 887//1416
f 886//1417 887//1417 888//1417
f 888//1418 887//1418 889//1418
f 888//1419 889//1419 890//1419
f 730//1420 740//1420 860//1420
f 860//1421 740//1421 868//1421
f 860//1422 868//1422 861//1422
f 861//1423 868//1423 870//1423
f 861//1424 870//1424 862//1424
f 862//1425 870//1425 872//1425
f 862//1426 872//1426 863//1426
f 863//1427 872//1427 874//1427
f 863//1428 874//1428 864//1428
f 864//1429 874//1429 876//1429
f 864//1430 876//1430 878//1430
f 864//1431 878//1431 859//1431
f 859//1432 878//1432 879//1432
f 739//1433 746//1433 869//1433
f 869//1434 746//1434 880//1434
f 869//1435 880//1435 871//1435
f 871//1436 880//1436 882//1436
f 871//1437 882//1437 873//1437
f 873//1438 882//1438 884//1438
f 873//1439 884//1439 875//1439
f 875//1440 884//1440 886//1440
f 875//1441 886//1441 877//1441
f 877//1442 886//1442 888//1442
f 877//1443 888//1443 867//1443
f 867//1444 888//1444 890//1444
f 867//1445 890//1445 865//1445
f 865//1446 890//1446 889//1446
f 865//1447 889//1447 891//1447
f 892//1448 893//1448 894//1448
f 895//1449 896//1449 449//1449
f 897//1450 450//1450 896//1450
f 896//1451 450//1451 449//1451
f 409//1452 421//1452 898//1452
f 898//1453 421//1453 899//1453
f 898//1454 899//1454 900//1454
f 900//1455 899//1455 901//1455
f 900//1456 901//1456 902//1456
f 902//1457 901//1457 903//1457
f 902//1458 903//1458 894//1458
f 894//1459 903//1459 904//1459
f 894//1460 904//1460 892//1460
f 892//1461 904//1461 840//1461
f 449//1462 466//1462 895//1462
f 895//1463 466//1463 465//1463
f 895//1464 465//1464 905//1464
f 905//1465 465//1465 906//1465
f 906//1466 465//1466 428//1466
f 907//1467 895//1467 905//1467
f 906//1468 428//1468 410//1468
f 840//1469 837//1469 892//1469
f 892//1470 837//1470 908//1470
f 892//1471 908//1471 893//1471
f 893//1472 908//1472 909//1472
f 421//1473 420//1473 899//1473
f 899//1474 420//1474 841//1474
f 899//1475 841//1475 901//1475
f 901//1476 841//1476 843//1476
f 901//1477 843//1477 903//1477
f 903//1478 843//1478 845//1478
f 903//1479 845//1479 904//1479
f 904//1480 845//1480 838//1480
f 904//1481 838//1481 840//1481
f 909//1482 897//1482 893//1482
f 893//1483 897//1483 896//1483
f 893//1484 896//1484 894//1484
f 894//1485 896//1485 895//1485
f 894//1486 895//1486 902//1486
f 902//1487 895//1487 907//1487
f 902//1488 907//1488 900//1488
f 900//1489 907//1489 905//1489
f 900//1490 905//1490 898//1490
f 898//1491 905//1491 906//1491
f 898//1492 906//1492 409//1492
f 409//1493 906//1493 410//1493
f 910//1494 911//1494 912//1494
f 913//1495 914//1495 915//1495
f 774//1496 770//1496 913//1496
f 915//1497 916//1497 917//1497
f 915//1498 917//1498 913//1498
f 913//1499 917//1499 918//1499
f 913//1500 918//1500 774//1500
f 774//1501 918//1501 919//1501
f 745//1502 775//1502 881//1502
f 881//1503 775//1503 920//1503
f 881//1504 920//1504 883//1504
f 883//1505 920//1505 921//1505
f 883//1506 921//1506 885//1506
f 885//1507 921//1507 922//1507
f 885//1508 922//1508 887//1508
f 887//1509 922//1509 923//1509
f 887//1510 923//1510 889//1510
f 889//1511 923//1511 924//1511
f 889//1512 924//1512 925//1512
f 889//1513 925//1513 891//1513
f 926//1514 910//1514 912//1514
f 926//1515 912//1515 927//1515
f 927//1516 912//1516 928//1516
f 927//1517 916//1517 926//1517
f 926//1518 916//1518 915//1518
f 926//1519 915//1519 910//1519
f 910//1520 915//1520 914//1520
f 914//1521 913//1521 929//1521
f 929//1522 913//1522 770//1522
f 774//1523 919//1523 780//1523
f 928//1524 925//1524 927//1524
f 927//1525 925//1525 924//1525
f 927//1526 924//1526 916//1526
f 916//1527 924//1527 923//1527
f 916//1528 923//1528 917//1528
f 917//1529 923//1529 922//1529
f 917//1530 922//1530 918//1530
f 918//1531 922//1531 921//1531
f 918//1532 921//1532 919//1532
f 919//1533 921//1533 920//1533
f 919//1534 920//1534 780//1534
f 780//1535 920//1535 775//1535
f 930//1536 931//1536 932//1536
f 934//1537 933//1537 935//1537
f 932//1538 931//1538 936//1538
f 937//1539 936//1539 934//1539
f 934//1540 936//1540 933//1540
f 911//1541 910//1541 937//1541
f 764//1542 930//1542 932//1542
f 772//1543 938//1543 771//1543
f 771//1544 938//1544 929//1544
f 771//1545 929//1545 770//1545
f 910//1546 914//1546 939//1546
f 939//1547 914//1547 929//1547
f 939//1548 929//1548 938//1548
f 932//1549 938//1549 772//1549
f 932//1550 772//1550 764//1550
f 940//1551 941//1551 935//1551
f 935//1552 941//1552 942//1552
f 935//1553 942//1553 934//1553
f 934//1554 942//1554 937//1554
f 937//1555 942//1555 943//1555
f 937//1556 943//1556 911//1556
f 937//1557 910//1557 939//1557
f 937//1558 939//1558 936//1558
f 936//1559 939//1559 938//1559
f 936//1560 938//1560 932//1560
f 763//1561 930//1561 764//1561
f 945//1562 946//1562 947//1562
f 949//1563 948//1563 950//1563
f 949//1564 950//1564 947//1564
f 951//1565 948//1565 952//1565
f 952//1566 948//1566 949//1566
f 952//1567 949//1567 953//1567
f 953//1568 949//1568 954//1568
f 954//1569 949//1569 947//1569
f 954//1570 947//1570 955//1570
f 955//1571 947//1571 946//1571
f 946//1572 945//1572 944//1572
f 944//1573 945//1573 784//1573
f 944//1574 784//1574 799//1574
f 801//1575 446//1575 477//1575
f 958//1576 801//1576 477//1576
f 958//1577 477//1577 959//1577
f 959//1578 477//1578 478//1578
f 959//1579 478//1579 957//1579
f 957//1580 478//1580 479//1580
f 957//1581 479//1581 956//1581
f 956//1582 479//1582 480//1582
f 811//1583 801//1583 960//1583
f 960//1584 801//1584 958//1584
f 960//1585 958//1585 961//1585
f 961//1586 958//1586 959//1586
f 961//1587 959//1587 962//1587
f 962//1588 959//1588 957//1588
f 962//1589 957//1589 963//1589
f 963//1590 957//1590 956//1590
f 964//1591 811//1591 960//1591
f 964//1592 960//1592 965//1592
f 965//1593 960//1593 961//1593
f 965//1594 961//1594 966//1594
f 966//1595 961//1595 962//1595
f 966//1596 962//1596 967//1596
f 967//1597 962//1597 963//1597
f 348//1598 347//1598 964//1598
f 964//1599 347//1599 811//1599
f 967//1600 353//1600 966//1600
f 966//1601 353//1601 352//1601
f 966//1602 352//1602 965//1602
f 965//1603 352//1603 351//1603
f 965//1604 351//1604 964//1604
f 964//1605 351//1605 348//1605
f 378//1606 969//1606 377//1606
f 377//1607 969//1607 970//1607
f 377//1608 970//1608 376//1608
f 376//1609 970//1609 971//1609
f 376//1610 971//1610 375//1610
f 375//1611 971//1611 968//1611
f 375//1612 968//1612 374//1612
f 374//1613 968//1613 831//1613
f 973//1614 953//1614 954//1614
f 829//1615 831//1615 972//1615
f 972//1616 831//1616 968//1616
f 972//1617 968//1617 974//1617
f 974//1618 968//1618 971//1618
f 974//1619 971//1619 975//1619
f 975//1620 971//1620 970//1620
f 975//1621 970//1621 976//1621
f 976//1622 970//1622 969//1622
f 830//1623 829//1623 972//1623
f 977//1624 972//1624 974//1624
f 977//1625 974//1625 978//1625
f 978//1626 974//1626 975//1626
f 978//1627 975//1627 973//1627
f 973//1628 975//1628 976//1628
f 978//1629 973//1629 954//1629
f 978//1630 954//1630 977//1630
f 977//1631 954//1631 955//1631
f 977//1632 955//1632 972//1632
f 799//1633 830//1633 944//1633
f 944//1634 830//1634 972//1634
f 944//1635 972//1635 946//1635
f 946//1636 972//1636 955//1636
f 832//1637 859//1637 979//1637
f 979//1638 859//1638 980//1638
f 979//1639 980//1639 981//1639
f 981//1640 980//1640 982//1640
f 981//1641 982//1641 983//1641
f 983//1642 982//1642 984//1642
f 983//1643 984//1643 549//1643
f 549//1644 984//1644 550//1644
f 833//1645 832//1645 985//1645
f 985//1646 832//1646 979//1646
f 985//1647 979//1647 986//1647
f 986//1648 979//1648 981//1648
f 986//1649 981//1649 987//1649
f 987//1650 981//1650 983//1650
f 987//1651 983//1651 551//1651
f 551//1652 983//1652 549//1652
f 836//1653 833//1653 988//1653
f 988//1654 833//1654 985//1654
f 988//1655 985//1655 989//1655
f 989//1656 985//1656 986//1656
f 989//1657 986//1657 990//1657
f 990//1658 986//1658 987//1658
f 990//1659 987//1659 548//1659
f 548//1660 987//1660 551//1660
f 837//1661 836//1661 991//1661
f 991//1662 836//1662 988//1662
f 991//1663 988//1663 992//1663
f 992//1664 988//1664 989//1664
f 992//1665 989//1665 993//1665
f 993//1666 989//1666 990//1666
f 993//1667 990//1667 546//1667
f 546//1668 990//1668 548//1668
f 553//1669 550//1669 994//1669
f 994//1670 550//1670 984//1670
f 994//1671 984//1671 995//1671
f 995//1672 984//1672 982//1672
f 995//1673 982//1673 996//1673
f 996//1674 982//1674 980//1674
f 996//1675 980//1675 879//1675
f 879//1676 980//1676 859//1676
f 554//1677 553//1677 997//1677
f 997//1678 553//1678 994//1678
f 997//1679 994//1679 998//1679
f 998//1680 994//1680 995//1680
f 998//1681 995//1681 999//1681
f 999//1682 995//1682 996//1682
f 999//1683 996//1683 866//1683
f 866//1684 996//1684 879//1684
f 555//1685 554//1685 1000//1685
f 1000//1686 554//1686 997//1686
f 1000//1687 997//1687 1001//1687
f 1001//1688 997//1688 998//1688
f 1001//1689 998//1689 1002//1689
f 1002//1690 998//1690 999//1690
f 1002//1691 999//1691 865//1691
f 865//1692 999//1692 866//1692
f 556//1693 555//1693 1003//1693
f 1003//1694 555//1694 1000//1694
f 1003//1695 1000//1695 1004//1695
f 1004//1696 1000//1696 1001//1696
f 1004//1697 1001//1697 1005//1697
f 1005//1698 1001//1698 1002//1698
f 1005//1699 1002//1699 891//1699
f 891//1700 1002//1700 865//1700
f 908//1701 837//1701 1006//1701
f 1006//1702 837//1702 991//1702
f 1006//1703 991//1703 1007//1703
f 1007//1704 991//1704 992//1704
f 1007//1705 992//1705 1008//1705
f 1008//1706 992//1706 993//1706
f 1008//1707 993//1707 566//1707
f 566//1708 993//1708 546//1708
f 909//1709 908//1709 1009//1709
f 1009//1710 908//1710 1006//1710
f 1009//1711 1006//1711 1010//1711
f 1010//1712 1006//1712 1007//1712
f 1010//1713 1007//1713 1011//1713
f 1011//1714 1007//1714 1008//1714
f 1011//1715 1008//1715 567//1715
f 567//1716 1008//1716 566//1716
f 897//1717 909//1717 1012//1717
f 1012//1718 909//1718 1009//1718
f 1012//1719 1009//1719 1013//1719
f 1013//1720 1009//1720 1010//1720
f 1013//1721 1010//1721 1014//1721
f 1014//1722 1010//1722 1011//1722
f 1014//1723 1011//1723 559//1723
f 559//1724 1011//1724 567//1724
f 450//1725 897//1725 502//1725
f 502//1726 897//1726 1012//1726
f 502//1727 1012//1727 494//1727
f 494//1728 1012//1728 1013//1728
f 494//1729 1013//1729 495//1729
f 495//1730 1013//1730 1014//1730
f 495//1731 1014//1731 503//1731
f 503//1732 1014//1732 559//1732
f 912//1733 911//1733 1017//1733
f 1017//1734 911//1734 1018//1734
f 1017//1735 1018//1735 1019//1735
f 1019//1736 1018//1736 1020//1736
f 1019//1737 1020//1737 1021//1737
f 1021//1738 1020//1738 1022//1738
f 1021//1739 1022//1739 580//1739
f 580//1740 1022//1740 581//1740
f 928//1741 912//1741 1023//1741
f 1023//1742 912//1742 1017//1742
f 1023//1743 1017//1743 1024//1743
f 1024//1744 1017//1744 1019//1744
f 1024//1745 1019//1745 1016//1745
f 1016//1746 1019//1746 1021//1746
f 1016//1747 1021//1747 573//1747
f 573//1748 1021//1748 580//1748
f 925//1749 928//1749 1025//1749
f 1025//1750 928//1750 1023//1750
f 1025//1751 1023//1751 1026//1751
f 1026//1752 1023//1752 1024//1752
f 1026//1753 1024//1753 1015//1753
f 1015//1754 1024//1754 1016//1754
f 1015//1755 1016//1755 569//1755
f 569//1756 1016//1756 573//1756
f 891//1757 925//1757 1005//1757
f 1005//1758 925//1758 1025//1758
f 1005//1759 1025//1759 1004//1759
f 1004//1760 1025//1760 1026//1760
f 1004//1761 1026//1761 1003//1761
f 1003//1762 1026//1762 1015//1762
f 1003//1763 1015//1763 556//1763
f 556//1764 1015//1764 569//1764
f 1027//1765 612//1765 632//1765
f 1028//1766 1029//1766 1030//1766
f 1031//1767 1032//1767 1028//1767
f 941//1768 940//1768 1033//1768
f 1033//1769 940//1769 1034//1769
f 1022//1770 1020//1770 1035//1770
f 1035//1771 1020//1771 1036//1771
f 1035//1772 1036//1772 1037//1772
f 1037//1773 1036//1773 1038//1773
f 1037//1774 1038//1774 1039//1774
f 1039//1775 1038//1775 1040//1775
f 1039//1776 1040//1776 1041//1776
f 1032//1777 1031//1777 1040//1777
f 1040//1778 1031//1778 1042//1778
f 1040//1779 1042//1779 1041//1779
f 1031//1780 1028//1780 1030//1780
f 1031//1781 1030//1781 1042//1781
f 1042//1782 1030//1782 1043//1782
f 1018//1783 911//1783 1044//1783
f 1044//1784 911//1784 943//1784
f 1044//1785 943//1785 1045//1785
f 943//1786 942//1786 1045//1786
f 1045//1787 942//1787 1033//1787
f 1033//1788 942//1788 941//1788
f 1043//1789 1027//1789 1042//1789
f 1042//1790 1027//1790 632//1790
f 1042//1791 632//1791 1041//1791
f 1041//1792 632//1792 633//1792
f 1041//1793 633//1793 1039//1793
f 1039//1794 633//1794 634//1794
f 1039//1795 634//1795 1037//1795
f 1037//1796 634//1796 635//1796
f 1037//1797 635//1797 1035//1797
f 1035//1798 635//1798 636//1798
f 1035//1799 636//1799 1022//1799
f 1022//1800 636//1800 581//1800
f 1020//1801 1018//1801 1036//1801
f 1036//1802 1018//1802 1044//1802
f 1036//1803 1044//1803 1038//1803
f 1038//1804 1044//1804 1045//1804
f 1038//1805 1045//1805 1040//1805
f 1040//1806 1045//1806 1033//1806
f 1040//1807 1033//1807 1032//1807
f 1032//1808 1033//1808 1034//1808
f 1032//1809 1034//1809 1028//1809
f 1046//1810 1047//1810 1048//1810
f 1049//1811 1046//1811 1050//1811
f 1051//1812 1052//1812 1053//1812
f 1053//1813 1052//1813 1054//1813
f 1055//1814 1043//1814 1030//1814
f 1030//1815 1029//1815 1056//1815
f 1030//1816 1056//1816 1055//1816
f 1055//1817 1056//1817 1057//1817
f 1055//1818 1057//1818 1051//1818
f 1051//1819 1057//1819 1052//1819
f 1047//1820 1058//1820 1059//1820
f 1046//1821 1053//1821 1054//1821
f 1046//1822 1054//1822 1050//1822
f 1047//1823 1059//1823 1048//1823
f 1048//1824 1059//1824 1060//1824
f 1048//1825 1060//1825 1061//1825
f 1061//1826 1060//1826 1062//1826
f 1061//1827 1062//1827 1063//1827
f 1062//1828 612//1828 1063//1828
f 1063//1829 612//1829 1027//1829
f 1063//1830 1027//1830 1043//1830
f 1046//1831 1048//1831 1053//1831
f 1053//1832 1048//1832 1061//1832
f 1053//1833 1061//1833 1051//1833
f 1051//1834 1061//1834 1063//1834
f 1051//1835 1063//1835 1055//1835
f 1055//1836 1063//1836 1043//1836
f 1064//1837 1065//1837 1066//1837
f 1067//1838 526//1838 1068//1838
f 1068//1839 526//1839 524//1839
f 1068//1840 524//1840 1069//1840
f 1069//1841 524//1841 522//1841
f 1069//1842 522//1842 521//1842
f 605//1843 600//1843 1070//1843
f 1070//1844 600//1844 596//1844
f 1070//1845 596//1845 1071//1845
f 1066//1846 1072//1846 1073//1846
f 1064//1847 1066//1847 1074//1847
f 1074//1848 1066//1848 1073//1848
f 1074//1849 1073//1849 1075//1849
f 493//1850 605//1850 1076//1850
f 1076//1851 605//1851 1070//1851
f 1076//1852 1070//1852 1072//1852
f 1072//1853 1070//1853 1071//1853
f 1072//1854 1071//1854 1073//1854
f 1073//1855 1071//1855 1075//1855
f 1065//1856 1067//1856 1066//1856
f 1066//1857 1067//1857 1068//1857
f 1066//1858 1068//1858 1072//1858
f 1072//1859 1068//1859 1069//1859
f 1072//1860 1069//1860 1076//1860
f 1076//1861 1069//1861 521//1861
f 1076//1862 521//1862 493//1862
f 1077//1863 1078//1863 1079//1863
f 1080//1864 1081//1864 1082//1864
f 1082//1865 1081//1865 951//1865
f 1083//1866 1084//1866 1085//1866
f 1086//1867 1083//1867 1087//1867
f 952//1868 953//1868 1077//1868
f 1077//1869 953//1869 1088//1869
f 1077//1870 1088//1870 1078//1870
f 1078//1871 1088//1871 1086//1871
f 1049//1872 1080//1872 1089//1872
f 1089//1873 1080//1873 1079//1873
f 1079//1874 1080//1874 1082//1874
f 1079//1875 1082//1875 1077//1875
f 1077//1876 1082//1876 951//1876
f 1077//1877 951//1877 952//1877
f 1083//1878 1085//1878 1087//1878
f 1087//1879 1085//1879 1090//1879
f 1087//1880 1090//1880 1091//1880
f 1091//1881 1090//1881 1092//1881
f 1091//1882 1092//1882 1093//1882
f 1092//1883 1058//1883 1047//1883
f 1092//1884 1047//1884 1093//1884
f 1093//1885 1047//1885 1046//1885
f 1086//1886 1087//1886 1078//1886
f 1078//1887 1087//1887 1091//1887
f 1078//1888 1091//1888 1079//1888
f 1079//1889 1091//1889 1093//1889
f 1079//1890 1093//1890 1089//1890
f 1089//1891 1093//1891 1046//1891
f 1089//1892 1046//1892 1049//1892
f 1096//1893 1097//1893 1095//1893
f 1095//1894 1097//1894 1098//1894
f 1095//1895 623//1895 622//1895
f 1095//1896 622//1896 1096//1896
f 1096//1897 622//1897 628//1897
f 613//1898 612//1898 1099//1898
f 1099//1899 612//1899 1062//1899
f 1099//1900 1062//1900 1100//1900
f 1100//1901 1062//1901 1060//1901
f 1100//1902 1060//1902 1059//1902
f 1101//1903 1102//1903 1103//1903
f 1101//1904 1103//1904 1104//1904
f 1104//1905 1103//1905 1105//1905
f 1097//1906 1106//1906 1098//1906
f 1098//1907 1106//1907 1095//1907
f 1095//1908 1106//1908 1094//1908
f 1058//1909 1105//1909 1107//1909
f 1107//1910 1105//1910 1103//1910
f 1107//1911 1103//1911 1097//1911
f 1097//1912 1103//1912 1102//1912
f 1097//1913 1102//1913 1106//1913
f 628//1914 613//1914 1096//1914
f 1096//1915 613//1915 1099//1915
f 1096//1916 1099//1916 1097//1916
f 1097//1917 1099//1917 1100//1917
f 1097//1918 1100//1918 1107//1918
f 1107//1919 1100//1919 1059//1919
f 1107//1920 1059//1920 1058//1920
f 533//1921 526//1921 1110//1921
f 1110//1922 526//1922 1067//1922
f 1110//1923 1067//1923 1111//1923
f 1111//1924 1067//1924 1065//1924
f 1111//1925 1065//1925 1112//1925
f 1112//1926 1065//1926 1064//1926
f 1112//1927 1064//1927 1108//1927
f 535//1928 533//1928 1113//1928
f 1113//1929 533//1929 1110//1929
f 1113//1930 1110//1930 1114//1930
f 1114//1931 1110//1931 1111//1931
f 1114//1932 1111//1932 1109//1932
f 1109//1933 1111//1933 1112//1933
f 1109//1934 1112//1934 1108//1934
f 541//1935 535//1935 1115//1935
f 1115//1936 535//1936 1113//1936
f 1115//1937 1113//1937 1116//1937
f 1116//1938 1113//1938 1114//1938
f 1116//1939 1114//1939 1117//1939
f 1117//1940 1114//1940 1109//1940
f 545//1941 541//1941 1118//1941
f 1118//1942 541//1942 1115//1942
f 1118//1943 1115//1943 1119//1943
f 1119//1944 1115//1944 1116//1944
f 1119//1945 1116//1945 1120//1945
f 1120//1946 1116//1946 1117//1946
f 1120//1947 1117//1947 1121//1947
f 956//1948 480//1948 1122//1948
f 1122//1949 480//1949 542//1949
f 1122//1950 542//1950 1123//1950
f 1123//1951 542//1951 543//1951
f 1123//1952 543//1952 1124//1952
f 1124//1953 543//1953 544//1953
f 1124//1954 544//1954 1125//1954
f 1125//1955 544//1955 545//1955
f 963//1956 956//1956 1126//1956
f 1126//1957 956//1957 1122//1957
f 1126//1958 1122//1958 1127//1958
f 1127//1959 1122//1959 1123//1959
f 1127//1960 1123//1960 1128//1960
f 1128//1961 1123//1961 1124//1961
f 1128//1962 1124//1962 1129//1962
f 1129//1963 1124//1963 1125//1963
f 967//1964 963//1964 1130//1964
f 1130//1965 963//1965 1126//1965
f 1130//1966 1126//1966 1131//1966
f 1131//1967 1126//1967 1127//1967
f 1131//1968 1127//1968 1132//1968
f 1132//1969 1127//1969 1128//1969
f 1132//1970 1128//1970 1133//1970
f 1133//1971 1128//1971 1129//1971
f 353//1972 967//1972 379//1972
f 379//1973 967//1973 1130//1973
f 379//1974 1130//1974 380//1974
f 380//1975 1130//1975 1131//1975
f 380//1976 1131//1976 381//1976
f 381//1977 1131//1977 1132//1977
f 381//1978 1132//1978 382//1978
f 382//1979 1132//1979 1133//1979
f 969//1980 378//1980 1134//1980
f 1134//1981 378//1981 386//1981
f 1134//1982 386//1982 1135//1982
f 1135//1983 386//1983 385//1983
f 1135//1984 385//1984 1136//1984
f 1136//1985 385//1985 384//1985
f 1136//1986 384//1986 1137//1986
f 1137//1987 384//1987 383//1987
f 1137//1988 1138//1988 1136//1988
f 1136//1989 1138//1989 1139//1989
f 1136//1990 1139//1990 1135//1990
f 1135//1991 1139//1991 1140//1991
f 1135//1992 1140//1992 1134//1992
f 1134//1993 1140//1993 1141//1993
f 1134//1994 1141//1994 969//1994
f 1141//1995 973//1995 976//1995
f 1141//1996 976//1996 969//1996
f 1088//1997 1142//1997 1086//1997
f 1086//1998 1142//1998 1143//1998
f 1086//1999 1143//1999 1083//1999
f 1083//2000 1143//2000 1144//2000
f 1083//2001 1144//2001 1084//2001
f 1084//2002 1144//2002 1145//2002
f 1138//2003 1145//2003 1139//2003
f 1139//2004 1145//2004 1144//2004
f 1139//2005 1144//2005 1140//2005
f 1140//2006 1144//2006 1143//2006
f 1140//2007 1143//2007 1141//2007
f 1141//2008 1143//2008 1142//2008
f 1141//2009 1142//2009 973//2009
f 973//2010 1142//2010 1088//2010
f 973//2011 1088//2011 953//2011
f 1085//2012 1084//2012 1146//2012
f 1146//2013 1084//2013 1147//2013
f 1146//2014 1147//2014 1148//2014
f 1148//2015 1147//2015 1149//2015
f 1148//2016 1149//2016 1150//2016
f 1150//2017 1149//2017 1151//2017
f 1150//2018 1151//2018 1152//2018
f 1152//2019 1151//2019 1153//2019
f 1090//2020 1085//2020 1154//2020
f 1154//2021 1085//2021 1146//2021
f 1154//2022 1146//2022 1155//2022
f 1155//2023 1146//2023 1148//2023
f 1155//2024 1148//2024 1156//2024
f 1156//2025 1148//2025 1150//2025
f 1156//2026 1150//2026 1152//2026
f 1092//2027 1090//2027 1157//2027
f 1157//2028 1090//2028 1154//2028
f 1157//2029 1154//2029 1158//2029
f 1158//2030 1154//2030 1155//2030
f 1158//2031 1155//2031 1159//2031
f 1159//2032 1155//2032 1156//2032
f 1058//2033 1092//2033 1105//2033
f 1105//2034 1092//2034 1157//2034
f 1105//2035 1157//2035 1104//2035
f 1104//2036 1157//2036 1158//2036
f 1104//2037 1158//2037 1101//2037
f 1101//2038 1158//2038 1159//2038
f 1125//2039 545//2039 1160//2039
f 1160//2040 545//2040 1118//2040
f 1160//2041 1118//2041 1161//2041
f 1161//2042 1118//2042 1119//2042
f 1161//2043 1119//2043 1162//2043
f 1162//2044 1119//2044 1120//2044
f 1162//2045 1120//2045 1121//2045
f 1129//2046 1125//2046 1163//2046
f 1163//2047 1125//2047 1160//2047
f 1163//2048 1160//2048 1164//2048
f 1164//2049 1160//2049 1161//2049
f 1164//2050 1161//2050 1165//2050
f 1165//2051 1161//2051 1162//2051
f 1165//2052 1162//2052 1166//2052
f 1133//2053 1129//2053 1167//2053
f 1167//2054 1129//2054 1163//2054
f 1167//2055 1163//2055 1168//2055
f 1168//2056 1163//2056 1164//2056
f 1168//2057 1164//2057 1169//2057
f 1169//2058 1164//2058 1165//2058
f 1169//2059 1165//2059 1170//2059
f 1170//2060 1165//2060 1166//2060
f 382//2061 1133//2061 387//2061
f 387//2062 1133//2062 1167//2062
f 387//2063 1167//2063 390//2063
f 390//2063 1167//2063 1168//2063
f 390//2064 1168//2064 389//2064
f 389//2065 1168//2065 1169//2065
f 389//2066 1169//2066 228//2066
f 228//2067 1169//2067 1170//2067
f 1137//2068 383//2068 1171//2068
f 1171//2069 383//2069 394//2069
f 1171//2070 394//2070 1172//2070
f 1172//2070 394//2070 398//2070
f 1172//2071 398//2071 1173//2071
f 1173//2072 398//2072 397//2072
f 1173//2073 397//2073 1174//2073
f 1174//2074 397//2074 218//2074
f 1138//2075 1137//2075 1175//2075
f 1175//2076 1137//2076 1171//2076
f 1175//2077 1171//2077 1176//2077
f 1176//2078 1171//2078 1172//2078
f 1176//2079 1172//2079 1177//2079
f 1177//2080 1172//2080 1173//2080
f 1177//2081 1173//2081 1178//2081
f 1178//2082 1173//2082 1174//2082
f 1145//2083 1138//2083 1179//2083
f 1179//2084 1138//2084 1175//2084
f 1179//2085 1175//2085 1180//2085
f 1180//2086 1175//2086 1176//2086
f 1180//2087 1176//2087 1181//2087
f 1181//2088 1176//2088 1177//2088
f 1181//2089 1177//2089 1182//2089
f 1182//2090 1177//2090 1178//2090
f 1084//2091 1145//2091 1147//2091
f 1147//2092 1145//2092 1179//2092
f 1147//2093 1179//2093 1149//2093
f 1149//2094 1179//2094 1180//2094
f 1149//2095 1180//2095 1151//2095
f 1151//2096 1180//2096 1181//2096
f 1151//2097 1181//2097 1153//2097
f 1153//2098 1181//2098 1182//2098
f 233//2099 228//2099 1170//2099
f 233//2100 1170//2100 1183//2100
f 1183//2101 1170//2101 1184//2101
f 1184//2102 1170//2102 1166//2102
f 1184//2103 1166//2103 1185//2103
f 1185//2104 1166//2104 1186//2104
f 1186//2105 1166//2105 1162//2105
f 1186//2106 1162//2106 1187//2106
f 1187//2107 1162//2107 1121//2107
f 1187//2108 1121//2108 1188//2108
f 1189//2109 1153//2109 1190//2109
f 1190//2110 1153//2110 1182//2110
f 1190//2111 1182//2111 1191//2111
f 1191//2112 1182//2112 1178//2112
f 1191//2113 1178//2113 1192//2113
f 1192//2114 1178//2114 1193//2114
f 1193//2115 1178//2115 1174//2115
f 1193//2116 1174//2116 1194//2116
f 1194//2117 1174//2117 218//2117
f 1194//2118 218//2118 224//2118
f 1195//2119 255//2119 1196//2119
f 1196//2120 255//2120 251//2120
f 1196//2121 251//2121 1561//2121
f 1561//2122 251//2122 1197//2122
f 1197//2123 251//2123 388//2123
f 227//2124 226//2124 1198//2124
f 227//2125 1198//2125 236//2125
f 236//2126 1198//2126 1199//2126
f 1197//2127 388//2127 1199//2127
f 1199//2128 388//2128 236//2128
f 1200//2129 253//2129 252//2129
f 1200//2130 252//2130 1201//2130
f 1201//2131 252//2131 256//2131
f 1201//2132 256//2132 1557//2132
f 1557//2133 256//2133 255//2133
f 1557//2134 255//2134 1195//2134
f 1202//2135 219//2135 217//2135
f 217//2136 1203//2136 1202//2136
f 1204//2137 1205//2137 391//2137
f 391//2138 1205//2138 1203//2138
f 217//2139 392//2139 1203//2139
f 1203//2140 392//2140 391//2140
f 391//2141 395//2141 1204//2141
f 1204//2142 395//2142 396//2142
f 1204//2143 396//2143 1206//2143
f 1206//2144 396//2144 247//2144
f 1206//2145 247//2145 1551//2145
f 1551//2146 247//2146 254//2146
f 1551//2147 254//2147 1207//2147
f 253//2148 1200//2148 254//2148
f 254//2149 1200//2149 1207//2149
f 650//2150 1209//2150 651//2150
f 651//2150 1209//2150 1210//2150
f 1211//84 1212//84 651//84
f 651//2151 1212//2151 1213//2151
f 1214//2152 1208//2152 1215//2152
f 1215//2153 1208//2153 651//2153
f 1215//2154 651//2154 1213//2154
f 1210//2155 1216//2155 651//2155
f 651//2156 1216//2156 1211//2156
f 1217//2157 1221//2157 1220//2157
f 1220//2158 1221//2158 1222//2158
f 1224//2159 1223//2159 1225//2159
f 1220//2160 1222//2160 1225//2160
f 1220//2161 1225//2161 584//2161
f 584//2162 1225//2162 1223//2162
f 1218//2163 1219//2163 609//2163
f 609//2164 1219//2164 1226//2164
f 609//2165 1226//2165 1217//2165
f 1217//2166 1226//2166 1221//2166
f 1229//2167 1230//2167 1585//2167
f 1585//2168 1230//2168 1231//2168
f 1585//2169 1231//2169 1232//2169
f 1232//2170 1231//2170 1584//2170
f 1584//2171 1231//2171 1233//2171
f 1584//2172 1233//2172 1234//2172
f 1234//2173 1233//2173 1235//2173
f 1234//2174 1235//2174 1236//2174
f 1234//2175 1236//2175 1237//2175
f 1237//2176 1236//2176 1238//2176
f 1237//2177 1238//2177 1239//2177
f 1239//2178 1238//2178 1240//2178
f 1240//2179 1238//2179 1241//2179
f 1240//2180 1241//2180 1242//2180
f 1228//2181 1227//2181 1243//2181
f 1243//2182 1227//2182 1244//2182
f 1243//2183 1244//2183 1241//2183
f 1241//2184 1244//2184 1242//2184
f 1227//2185 1228//2185 1245//2185
f 1245//2186 1228//2186 1246//2186
f 1245//2187 1246//2187 1247//2187
f 1247//2188 1246//2188 1248//2188
f 1247//2189 1248//2189 1249//2189
f 1249//2190 1248//2190 1250//2190
f 1249//2191 1250//2191 1218//2191
f 1218//2192 1250//2192 1219//2192
f 1251//2193 1230//2193 1229//2193
f 1230//2194 1251//2194 1252//2194
f 1252//2195 1253//2195 1230//2195
f 1230//2196 1253//2196 1254//2196
f 1574//2197 1255//2197 1230//2197
f 1230//2198 1255//2198 1256//2198
f 1230//2199 1254//2199 1257//2199
f 1257//2200 1573//2200 1230//2200
f 1230//2201 1573//2201 1574//2201
f 1258//2202 1259//2202 1260//2202
f 1249//2203 611//2203 610//2203
f 1261//2204 1262//2204 1263//2204
f 1260//2205 1259//2205 1264//2205
f 1260//2206 1264//2206 1261//2206
f 621//2207 623//2207 1265//2207
f 1265//2208 623//2208 1266//2208
f 1266//2209 623//2209 1267//2209
f 619//2210 621//2210 1260//2210
f 1260//2211 621//2211 1265//2211
f 1260//2212 1265//2212 1258//2212
f 1258//2213 1265//2213 1266//2213
f 619//2214 1260//2214 617//2214
f 617//2215 1260//2215 1261//2215
f 617//2216 1261//2216 615//2216
f 615//2217 1261//2217 1263//2217
f 615//2218 1263//2218 610//2218
f 610//2219 1263//2219 1247//2219
f 610//2220 1247//2220 1249//2220
f 1268//2221 1269//2221 1094//2221
f 1094//2222 1269//2222 1270//2222
f 1270//2223 1267//2223 623//2223
f 1271//2224 1272//2224 1273//2224
f 1273//2225 1106//2225 1102//2225
f 1274//2226 1271//2226 1275//2226
f 1275//2227 1271//2227 1273//2227
f 1275//2228 1273//2228 1102//2228
f 1275//2229 1102//2229 1101//2229
f 1094//2230 1106//2230 1273//2230
f 1094//2231 1273//2231 1268//2231
f 1268//2232 1273//2232 1272//2232
f 1270//2233 623//2233 1095//2233
f 1270//2234 1095//2234 1094//2234
f 1277//2235 1276//2235 1278//2235
f 1278//2236 1276//2236 1274//2236
f 1276//2237 1277//2237 1279//2237
f 1279//2238 1277//2238 1152//2238
f 1189//2239 1279//2239 1153//2239
f 1153//2240 1279//2240 1152//2240
f 1152//2241 1277//2241 1156//2241
f 1156//2242 1277//2242 1278//2242
f 1156//2243 1278//2243 1159//2243
f 1274//2244 1275//2244 1278//2244
f 1278//2245 1275//2245 1159//2245
f 1159//2246 1275//2246 1101//2246
f 1280//2247 1281//2247 1282//2247
f 1282//2248 1281//2248 657//2248
f 657//27 1281//27 1283//27
f 1283//29 1284//29 657//29
f 1284//29 1285//29 657//29
f 657//29 1285//29 1286//29
f 1287//2249 655//2249 1288//2249
f 1288//29 655//29 657//29
f 657//2250 1286//2250 1288//2250
f 1289//2251 1290//2251 1291//2251
f 1291//2252 1290//2252 1292//2252
f 1291//2253 1292//2253 1293//2253
f 1293//2254 1292//2254 1294//2254
f 1294//2255 1292//2255 1295//2255
f 1294//2256 1295//2256 1296//2256
f 1296//2257 1295//2257 1329//2257
f 1296//2258 1329//2258 1297//2258
f 1297//2259 1329//2259 1333//2259
f 1297//2260 1333//2260 1298//2260
f 1298//2261 1333//2261 1332//2261
f 1298//2262 1332//2262 1224//2262
f 1224//2263 1332//2263 1223//2263
f 1289//2264 1291//2264 1299//2264
f 1299//2265 1291//2265 1300//2265
f 1299//2266 1300//2266 1301//2266
f 1301//2267 1300//2267 1302//2267
f 1301//2268 1302//2268 1303//2268
f 1303//2269 1302//2269 1304//2269
f 1303//2270 1304//2270 1305//2270
f 1305//2271 1304//2271 1306//2271
f 1305//2272 1306//2272 1595//2272
f 1595//2273 1306//2273 1307//2273
f 1595//2274 1307//2274 1308//2274
f 1308//2275 1307//2275 1309//2275
f 1308//2276 1309//2276 1594//2276
f 1594//2277 1309//2277 1310//2277
f 1594//2278 1310//2278 1311//2278
f 1311//2279 1310//2279 1312//2279
f 1312//2280 1313//2280 1591//2280
f 1591//2281 1314//2281 1312//2281
f 1312//2282 1314//2282 1311//2282
f 1315//2283 1312//2283 1316//2283
f 1317//2284 1318//2284 1312//2284
f 1312//2285 1318//2285 1313//2285
f 1312//2286 1315//2286 1319//2286
f 1319//2287 1587//2287 1312//2287
f 1312//2288 1587//2288 1317//2288
f 1320//2289 1321//2289 1322//2289
f 1323//2290 1324//2290 1322//2290
f 1322//2291 1324//2291 1325//2291
f 1322//2292 1325//2292 1320//2292
f 1322//2293 1326//2293 1323//2293
f 1323//2294 1326//2294 1327//2294
f 1323//2295 1327//2295 1328//2295
f 1330//2296 1331//2296 1327//2296
f 1327//2297 1331//2297 1328//2297
f 590//2298 589//2298 1329//2298
f 586//2299 1332//2299 589//2299
f 589//2300 1332//2300 1333//2300
f 589//2301 1333//2301 1329//2301
f 1329//2302 1330//2302 590//2302
f 590//2303 1330//2303 1327//2303
f 590//2304 1327//2304 592//2304
f 592//2305 1327//2305 1326//2305
f 592//2306 1326//2306 593//2306
f 593//2307 1326//2307 1322//2307
f 593//2308 1322//2308 1321//2308
f 593//2309 1321//2309 596//2309
f 1334//2310 1064//2310 1074//2310
f 1075//2311 1335//2311 1074//2311
f 1074//2312 1335//2312 1336//2312
f 1074//2313 1336//2313 1334//2313
f 1337//2314 1338//2314 1339//2314
f 1339//2315 1338//2315 1340//2315
f 1339//2316 1340//2316 1075//2316
f 1075//2317 1340//2317 1335//2317
f 1320//2318 1337//2318 1321//2318
f 1321//2319 1337//2319 1339//2319
f 1321//2320 1339//2320 596//2320
f 596//2321 1339//2321 1071//2321
f 1071//2322 1339//2322 1075//2322
f 1188//2323 1121//2323 1341//2323
f 1188//2324 1341//2324 1342//2324
f 1342//2325 1341//2325 1343//2325
f 1342//2326 1343//2326 1344//2326
f 1344//2327 1343//2327 1108//2327
f 1344//2328 1108//2328 1345//2328
f 1345//2329 1108//2329 1064//2329
f 1345//2330 1064//2330 1334//2330
f 1108//2331 1343//2331 1109//2331
f 1109//2332 1343//2332 1341//2332
f 1109//2333 1341//2333 1117//2333
f 1117//2334 1341//2334 1121//2334
f 1346//2335 1347//2335 1348//2335
f 1348//2336 1347//2336 1349//2336
f 1350//2337 1352//2337 1348//2337
f 1348//2338 1352//2338 1351//2338
f 1349//2339 1353//2339 1354//2339
f 557//2340 1356//2340 1355//2340
f 1355//2341 1356//2341 1349//2341
f 1349//2342 1356//2342 571//2342
f 1349//2343 571//2343 1353//2343
f 1349//2344 1354//2344 1348//2344
f 1351//2345 1357//2345 1348//2345
f 1348//2346 1357//2346 1358//2346
f 1348//2347 1358//2347 1346//2347
f 1359//2348 1360//2348 1361//2348
f 1362//2349 1363//2349 1364//2349
f 1365//2350 1366//2350 1367//2350
f 1367//2351 1366//2351 1368//2351
f 1367//2352 1368//2352 1369//2352
f 1370//2353 1371//2353 1365//2353
f 1365//2354 1371//2354 1366//2354
f 1372//2355 1373//2355 1370//2355
f 1370//2356 1373//2356 1371//2356
f 1374//2357 1375//2357 1376//2357
f 1376//2358 1375//2358 1377//2358
f 1374//2359 1378//2359 1375//2359
f 1375//2360 1378//2360 1379//2360
f 1375//2361 1379//2361 1370//2361
f 1370//2362 1379//2362 1372//2362
f 1364//2363 1363//2363 1377//2363
f 1377//2364 1363//2364 1376//2364
f 1361//2365 1360//2365 1380//2365
f 1360//2366 1381//2366 1380//2366
f 1380//2367 1381//2367 1382//2367
f 1380//2368 1382//2368 1364//2368
f 1364//2369 1382//2369 1383//2369
f 1364//2370 1383//2370 1362//2370
f 1384//2371 1385//2371 1386//2371
f 1386//2372 1385//2372 1387//2372
f 1386//2373 1387//2373 1388//2373
f 1384//2374 1389//2374 1385//2374
f 1385//2375 1389//2375 1361//2375
f 1361//2376 1389//2376 1390//2376
f 1361//2377 1390//2377 1359//2377
f 1392//2378 1391//2378 1393//2378
f 1392//2379 1393//2379 1387//2379
f 1387//2380 1393//2380 1388//2380
f 1391//2381 1392//2381 1394//2381
f 1391//2382 1394//2382 1395//2382
f 1397//2383 1398//2383 1396//2383
f 1396//2384 1398//2384 1399//2384
f 1396//2385 1399//2385 1394//2385
f 1394//2386 1399//2386 1395//2386
f 1397//2387 1396//2387 1400//2387
f 1400//2388 1396//2388 1401//2388
f 1400//2389 1401//2389 1402//2389
f 1402//2390 1401//2390 1403//2390
f 1403//2391 1401//2391 1404//2391
f 1403//2392 1404//2392 1405//2392
f 1406//2393 1407//2393 1408//2393
f 1408//2394 1407//2394 1409//2394
f 1408//2395 1409//2395 1404//2395
f 1404//2396 1409//2396 1405//2396
f 1410//2397 1411//2397 1412//2397
f 1412//2398 1411//2398 1408//2398
f 1408//2399 1411//2399 1406//2399
f 1410//2400 1412//2400 1413//2400
f 1413//2401 1412//2401 1414//2401
f 1415//2402 1416//2402 1417//2402
f 1417//2403 1416//2403 1418//2403
f 1418//2404 1416//2404 1419//2404
f 1418//2405 1419//2405 1414//2405
f 1414//2406 1419//2406 1413//2406
f 1369//2407 1420//2407 1367//2407
f 1367//2408 1420//2408 1421//2408
f 1367//2409 1421//2409 1417//2409
f 1417//2410 1421//2410 1415//2410
f 1425//2411 1426//2411 1422//2411
f 1422//2411 1426//2411 1427//2411
f 1422//2411 1427//2411 1424//2411
f 1428//2411 1429//2411 1422//2411
f 1422//2411 1429//2411 1430//2411
f 1422//2411 1430//2411 1425//2411
f 1431//2411 1432//2411 1422//2411
f 1422//2411 1432//2411 1433//2411
f 1422//2411 1433//2411 1428//2411
f 1434//2411 1435//2411 1422//2411
f 1422//2411 1435//2411 1436//2411
f 1422//2411 1436//2411 1431//2411
f 1437//2411 1438//2411 1422//2411
f 1422//2411 1438//2411 1439//2411
f 1422//2411 1439//2411 1434//2411
f 1423//2411 1440//2411 1422//2411
f 1422//2411 1440//2411 1441//2411
f 1422//2411 1441//2411 1437//2411
f 1446//2412 1447//2412 1448//2412
f 1448//2413 1447//2413 1449//2413
f 1449//2414 1450//2414 1448//2414
f 1448//2415 1450//2415 1451//2415
f 1448//2416 1451//2416 1452//2416
f 1452//2417 1451//2417 1453//2417
f 1454//2418 1455//2418 1456//2418
f 1456//2419 1455//2419 1457//2419
f 1456//2420 1457//2420 1446//2420
f 1446//2421 1457//2421 1447//2421
f 1459//2422 1460//2422 1458//2422
f 1458//2423 1460//2423 1461//2423
f 1458//2424 1461//2424 1454//2424
f 1454//2425 1461//2425 1455//2425
f 1459//2426 1458//2426 1462//2426
f 1462//2427 1458//2427 1463//2427
f 1462//2428 1463//2428 1464//2428
f 1465//2429 1466//2429 1467//2429
f 1465//2430 1467//2430 1468//2430
f 1465//2431 1468//2431 1463//2431
f 1463//2432 1468//2432 1464//2432
f 1466//2433 1465//2433 1469//2433
f 1469//2434 1465//2434 1470//2434
f 1469//2435 1470//2435 1471//2435
f 1472//2436 1473//2436 1474//2436
f 1474//2437 1473//2437 1475//2437
f 1474//2438 1475//2438 1470//2438
f 1470//2439 1475//2439 1471//2439
f 1476//2440 1477//2440 1474//2440
f 1474//2441 1477//2441 1472//2441
f 1478//2442 1479//2442 1480//2442
f 1478//2443 1480//2443 1481//2443
f 1478//2444 1481//2444 1476//2444
f 1476//2445 1481//2445 1482//2445
f 1476//2446 1482//2446 1477//2446
f 1483//2447 1484//2447 1485//2447
f 1485//2448 1484//2448 1486//2448
f 1485//2449 1486//2449 1478//2449
f 1478//2450 1486//2450 1479//2450
f 1488//2451 1487//2451 1489//2451
f 1488//2452 1489//2452 1485//2452
f 1485//2453 1489//2453 1483//2453
f 1445//2454 1444//2454 1488//2454
f 1488//2455 1444//2455 1487//2455
f 1490//2456 1491//2456 1445//2456
f 1445//2457 1491//2457 1492//2457
f 1445//2458 1492//2458 1444//2458
f 1493//2459 1494//2459 1490//2459
f 1490//2460 1494//2460 1491//2460
f 1495//2461 1496//2461 1493//2461
f 1493//2462 1496//2462 1494//2462
f 1497//2463 1498//2463 1499//2463
f 1499//2464 1498//2464 1493//2464
f 1493//2465 1498//2465 1495//2465
f 1500//2466 1501//2466 1502//2466
f 1502//2467 1501//2467 1499//2467
f 1499//2468 1501//2468 1497//2468
f 1443//2469 1442//2469 1502//2469
f 1502//2470 1442//2470 1500//2470
f 1453//2471 1503//2471 1452//2471
f 1452//2472 1503//2472 1443//2472
f 1443//2473 1503//2473 1504//2473
f 1443//2474 1504//2474 1442//2474
f 1508//2475 1509//2475 1505//2475
f 1505//2475 1509//2475 1510//2475
f 1505//2475 1510//2475 1507//2475
f 1511//2475 1512//2475 1505//2475
f 1505//2475 1512//2475 1513//2475
f 1505//2475 1513//2475 1508//2475
f 1514//2475 1515//2475 1505//2475
f 1505//2475 1515//2475 1516//2475
f 1505//2475 1516//2475 1511//2475
f 1517//2475 1518//2475 1505//2475
f 1505//2475 1518//2475 1519//2475
f 1505//2475 1519//2475 1514//2475
f 1520//2475 1521//2475 1505//2475
f 1505//2475 1521//2475 1522//2475
f 1505//2475 1522//2475 1517//2475
f 1506//2475 1523//2475 1505//2475
f 1505//2475 1523//2475 1524//2475
f 1505//2475 1524//2475 1520//2475
f 1432//2476 1361//2476 1433//2476
f 1433//2476 1361//2476 1380//2476
f 1433//2477 1380//2477 1428//2477
f 1428//2477 1380//2477 1364//2477
f 1428//2478 1364//2478 1429//2478
f 1429//2478 1364//2478 1377//2478
f 1429//2479 1377//2479 1430//2479
f 1430//2479 1377//2479 1375//2479
f 1430//2480 1375//2480 1425//2480
f 1425//2480 1375//2480 1370//2480
f 1425//2481 1370//2481 1426//2481
f 1426//2481 1370//2481 1365//2481
f 1426//2482 1365//2482 1427//2482
f 1427//2482 1365//2482 1367//2482
f 1427//2483 1367//2483 1424//2483
f 1424//2483 1367//2483 1417//2483
f 1424//2484 1417//2484 1422//2484
f 1422//2484 1417//2484 1418//2484
f 1422//2485 1418//2485 1423//2485
f 1423//2485 1418//2485 1414//2485
f 1423//2486 1414//2486 1440//2486
f 1440//2486 1414//2486 1412//2486
f 1440//2487 1412//2487 1441//2487
f 1441//2487 1412//2487 1408//2487
f 1441//2488 1408//2488 1437//2488
f 1437//2488 1408//2488 1404//2488
f 1437//2489 1404//2489 1438//2489
f 1438//2489 1404//2489 1401//2489
f 1438//2490 1401//2490 1439//2490
f 1439//2490 1401//2490 1396//2490
f 1439//2491 1396//2491 1434//2491
f 1434//2491 1396//2491 1394//2491
f 1434//2492 1394//2492 1435//2492
f 1435//2492 1394//2492 1392//2492
f 1435//2493 1392//2493 1436//2493
f 1436//2493 1392//2493 1387//2493
f 1436//2494 1387//2494 1431//2494
f 1431//2494 1387//2494 1385//2494
f 1431//2495 1385//2495 1432//2495
f 1432//2495 1385//2495 1361//2495
f 511//2496 1388//2496 1393//2496
f 511//2497 1393//2497 488//2497
f 488//2498 1393//2498 1391//2498
f 513//2499 1389//2499 514//2499
f 514//2500 1389//2500 1384//2500
f 514//2501 1384//2501 1386//2501
f 514//2502 1386//2502 511//2502
f 511//2503 1386//2503 1388//2503
f 518//2504 1381//2504 519//2504
f 519//2505 1381//2505 1360//2505
f 519//2506 1360//2506 516//2506
f 516//2507 1360//2507 1359//2507
f 516//2508 1359//2508 1390//2508
f 516//2509 1390//2509 513//2509
f 513//2510 1390//2510 1389//2510
f 528//2511 467//2511 1376//2511
f 1376//2512 1363//2512 528//2512
f 528//2513 1363//2513 529//2513
f 529//2514 1363//2514 1362//2514
f 529//2515 1362//2515 530//2515
f 530//2516 1362//2516 1383//2516
f 530//2517 1383//2517 518//2517
f 518//2518 1383//2518 1382//2518
f 518//2519 1382//2519 1381//2519
f 482//2520 1399//2520 1398//2520
f 482//2521 1398//2521 456//2521
f 456//2522 1398//2522 1397//2522
f 488//2523 1391//2523 485//2523
f 485//2524 1391//2524 1395//2524
f 485//2525 1395//2525 482//2525
f 482//2526 1395//2526 1399//2526
f 470//2527 1379//2527 1378//2527
f 470//2528 1378//2528 468//2528
f 468//2529 1378//2529 1374//2529
f 468//2530 1374//2530 467//2530
f 467//2531 1374//2531 1376//2531
f 473//2532 1373//2532 472//2532
f 472//2533 1373//2533 1372//2533
f 472//2534 1372//2534 470//2534
f 470//2535 1372//2535 1379//2535
f 1373//2536 473//2536 1371//2536
f 1371//2537 473//2537 475//2537
f 1371//2538 475//2538 1366//2538
f 1366//2539 475//2539 433//2539
f 1366//2540 433//2540 1368//2540
f 1411//2541 406//2541 1406//2541
f 1406//2542 406//2542 459//2542
f 460//2543 1409//2543 1407//2543
f 460//2544 1407//2544 459//2544
f 459//2545 1407//2545 1406//2545
f 1409//2546 460//2546 1405//2546
f 1405//2547 460//2547 462//2547
f 1405//2548 462//2548 1403//2548
f 1403//2549 462//2549 461//2549
f 1403//2550 461//2550 1402//2550
f 1402//2551 461//2551 1400//2551
f 1400//2552 461//2552 457//2552
f 1400//2553 457//2553 1397//2553
f 1397//2554 457//2554 456//2554
f 436//2555 1369//2555 433//2555
f 433//2556 1369//2556 1368//2556
f 440//2557 1421//2557 432//2557
f 432//2558 1421//2558 1420//2558
f 432//2559 1420//2559 1369//2559
f 432//2560 1369//2560 436//2560
f 404//2561 1419//2561 439//2561
f 439//2562 1419//2562 1416//2562
f 439//2563 1416//2563 1415//2563
f 439//2564 1415//2564 440//2564
f 440//2565 1415//2565 1421//2565
f 403//2566 406//2566 1411//2566
f 1419//2567 404//2567 1413//2567
f 1413//2568 404//2568 403//2568
f 1413//2569 403//2569 1410//2569
f 1410//2570 403//2570 1411//2570
f 1515//2571 1485//2571 1516//2571
f 1516//2571 1485//2571 1478//2571
f 1516//2572 1478//2572 1511//2572
f 1511//2572 1478//2572 1476//2572
f 1511//2573 1476//2573 1512//2573
f 1512//2573 1476//2573 1474//2573
f 1512//2574 1474//2574 1513//2574
f 1513//2574 1474//2574 1470//2574
f 1513//2575 1470//2575 1508//2575
f 1508//2575 1470//2575 1465//2575
f 1508//2576 1465//2576 1509//2576
f 1509//2576 1465//2576 1463//2576
f 1509//2577 1463//2577 1510//2577
f 1510//2577 1463//2577 1458//2577
f 1510//2578 1458//2578 1507//2578
f 1507//2578 1458//2578 1454//2578
f 1507//2579 1454//2579 1505//2579
f 1505//2579 1454//2579 1456//2579
f 1505//2580 1456//2580 1506//2580
f 1506//2580 1456//2580 1446//2580
f 1506//2581 1446//2581 1523//2581
f 1523//2581 1446//2581 1448//2581
f 1523//2582 1448//2582 1524//2582
f 1524//2582 1448//2582 1452//2582
f 1524//2583 1452//2583 1520//2583
f 1520//2583 1452//2583 1443//2583
f 1520//2584 1443//2584 1521//2584
f 1521//2584 1443//2584 1502//2584
f 1521//2585 1502//2585 1522//2585
f 1522//2585 1502//2585 1499//2585
f 1522//2586 1499//2586 1517//2586
f 1517//2586 1499//2586 1493//2586
f 1517//2587 1493//2587 1518//2587
f 1518//2587 1493//2587 1490//2587
f 1518//2588 1490//2588 1519//2588
f 1519//2588 1490//2588 1445//2588
f 1519//2589 1445//2589 1514//2589
f 1514//2589 1445//2589 1488//2589
f 1514//2590 1488//2590 1515//2590
f 1515//2590 1488//2590 1485//2590
f 1080//2591 1049//2591 1462//2591
f 1462//2592 1464//2592 1080//2592
f 1080//2593 1464//2593 1468//2593
f 1080//2594 1468//2594 1081//2594
f 1081//2595 1468//2595 1467//2595
f 1469//2596 951//2596 1466//2596
f 1466//2597 951//2597 1081//2597
f 1466//2598 1081//2598 1467//2598
f 948//2599 951//2599 1469//2599
f 1469//2600 1471//2600 948//2600
f 948//2601 1471//2601 1475//2601
f 948//2602 1475//2602 950//2602
f 950//2603 1475//2603 1473//2603
f 1480//2604 784//2604 1481//2604
f 1481//2605 784//2605 945//2605
f 1481//2606 945//2606 1482//2606
f 1482//2607 945//2607 1477//2607
f 1477//2608 945//2608 947//2608
f 1477//2609 947//2609 1472//2609
f 1472//2610 947//2610 950//2610
f 1472//2611 950//2611 1473//2611
f 1029//2612 1453//2612 1056//2612
f 1453//2613 1451//2613 1056//2613
f 1056//2614 1451//2614 1450//2614
f 1056//2615 1450//2615 1057//2615
f 1057//2616 1450//2616 1449//2616
f 1449//2617 1447//2617 1057//2617
f 1057//2618 1447//2618 1052//2618
f 1052//2619 1447//2619 1457//2619
f 1052//2620 1457//2620 1455//2620
f 1052//2621 1455//2621 1054//2621
f 1455//2622 1461//2622 1054//2622
f 1054//2623 1461//2623 1050//2623
f 1050//2624 1461//2624 1460//2624
f 1462//2625 1049//2625 1459//2625
f 1459//2626 1049//2626 1050//2626
f 1459//2627 1050//2627 1460//2627
f 784//2628 1480//2628 785//2628
f 1480//2629 1479//2629 785//2629
f 785//2630 1479//2630 1486//2630
f 785//2631 1486//2631 787//2631
f 787//2632 1486//2632 1484//2632
f 787//2633 1484//2633 789//2633
f 789//2634 1484//2634 1483//2634
f 1487//2635 756//2635 1489//2635
f 1489//2636 756//2636 789//2636
f 1489//2637 789//2637 1483//2637
f 940//2638 1500//2638 1034//2638
f 1500//2639 1442//2639 1034//2639
f 1034//2640 1442//2640 1028//2640
f 1028//2641 1442//2641 1504//2641
f 1453//2642 1029//2642 1503//2642
f 1503//2643 1029//2643 1028//2643
f 1503//2644 1028//2644 1504//2644
f 756//2645 1487//2645 762//2645
f 1491//2646 763//2646 1492//2646
f 1492//2647 763//2647 765//2647
f 1492//2648 765//2648 1444//2648
f 1444//2649 765//2649 762//2649
f 1444//2650 762//2650 1487//2650
f 763//2651 1491//2651 930//2651
f 930//2652 1491//2652 1494//2652
f 930//2653 1494//2653 931//2653
f 1494//2654 1496//2654 931//2654
f 931//2655 1496//2655 1495//2655
f 931//2656 1495//2656 936//2656
f 936//2657 1495//2657 933//2657
f 1495//2658 1498//2658 933//2658
f 933//2659 1498//2659 1497//2659
f 933//2660 1497//2660 935//2660
f 1500//2661 940//2661 1501//2661
f 1501//2662 940//2662 935//2662
f 1501//2663 935//2663 1497//2663
f 1525//2664 1526//2664 660//2664
f 1527//2665 1528//2665 661//2665
f 661//2666 1528//2666 1529//2666
f 661//2667 1529//2667 642//2667
f 642//2668 1529//2668 643//2668
f 660//2669 1526//2669 661//2669
f 661//2670 1526//2670 1530//2670
f 661//2671 1530//2671 1527//2671
f 651//2672 1208//2672 652//2672
f 652//2673 1208//2673 1531//2673
f 1531//2674 1532//2674 652//2674
f 652//2675 1532//2675 660//2675
f 660//2676 1532//2676 1533//2676
f 660//2677 1533//2677 1525//2677
f 1282//2678 657//2678 1534//2678
f 1534//2679 657//2679 656//2679
f 1534//2680 656//2680 1535//2680
f 654//2681 1536//2681 1537//2681
f 654//2682 1537//2682 656//2682
f 656//2683 1537//2683 1535//2683
f 1536//2684 654//2684 1538//2684
f 1538//2685 654//2685 653//2685
f 1538//2686 653//2686 1539//2686
f 648//2687 1540//2687 647//2687
f 647//2688 1540//2688 1541//2688
f 647//2689 1541//2689 653//2689
f 653//2690 1541//2690 1539//2690
f 644//2691 643//2691 1542//2691
f 1542//2692 643//2692 1543//2692
f 1542//2693 1543//2693 1204//2693
f 1206//2694 1542//2694 1204//2694
f 1530//2695 1526//2695 1525//2695
f 1543//2696 643//2696 1529//2696
f 1543//2697 1529//2697 1544//2697
f 1544//2698 1529//2698 1528//2698
f 1544//2699 1528//2699 1545//2699
f 1545//2700 1528//2700 1527//2700
f 1545//2701 1527//2701 1546//2701
f 1546//2702 1527//2702 1530//2702
f 1546//2703 1530//2703 1547//2703
f 1547//2704 1530//2704 1525//2704
f 1547//2705 1525//2705 1548//2705
f 1548//2706 1525//2706 1533//2706
f 1548//2707 1533//2707 1549//2707
f 1549//2708 1533//2708 1532//2708
f 1549//2709 1532//2709 1550//2709
f 1548//2710 1549//2710 1202//2710
f 1202//2711 1549//2711 1550//2711
f 1202//2712 1550//2712 219//2712
f 1204//2713 1543//2713 1544//2713
f 1204//2714 1544//2714 1205//2714
f 1205//2715 1544//2715 1545//2715
f 1205//2716 1545//2716 1546//2716
f 1205//2717 1546//2717 1203//2717
f 1203//2718 1546//2718 1547//2718
f 1203//2719 1547//2719 1548//2719
f 1203//2720 1548//2720 1202//2720
f 649//2721 644//2721 1551//2721
f 1551//2722 644//2722 1542//2722
f 1551//2723 1542//2723 1206//2723
f 1552//2724 649//2724 1551//2724
f 1552//2725 1551//2725 1207//2725
f 641//2726 649//2726 1552//2726
f 641//2727 1552//2727 1553//2727
f 1553//2728 1552//2728 1200//2728
f 1200//2729 1552//2729 1207//2729
f 225//2730 219//2730 1554//2730
f 1554//2731 219//2731 1550//2731
f 1554//2732 1550//2732 1531//2732
f 1531//2733 1550//2733 1532//2733
f 223//2734 225//2734 1554//2734
f 223//2735 1554//2735 1555//2735
f 1555//2736 1554//2736 1208//2736
f 1208//2737 1554//2737 1531//2737
f 645//2738 641//2738 1556//2738
f 1556//2739 641//2739 1553//2739
f 1556//2740 1553//2740 1201//2740
f 1201//2741 1553//2741 1200//2741
f 645//2742 1556//2742 1557//2742
f 1557//2743 1556//2743 1201//2743
f 646//2744 645//2744 1558//2744
f 1558//2745 645//2745 1557//2745
f 1558//2746 1557//2746 1195//2746
f 1208//2747 1214//2747 1555//2747
f 1555//2748 1214//2748 1559//2748
f 1555//2749 1559//2749 223//2749
f 223//2750 1559//2750 1560//2750
f 223//2751 1560//2751 222//2751
f 1196//2752 1558//2752 1195//2752
f 648//2753 646//2753 1561//2753
f 1561//2754 646//2754 1558//2754
f 1561//2755 1558//2755 1196//2755
f 220//2756 221//2756 1562//2756
f 1562//2757 221//2757 1563//2757
f 1562//2758 1563//2758 1255//2758
f 1255//2759 1563//2759 1256//2759
f 224//2760 220//2760 1562//2760
f 1564//2761 1535//2761 1537//2761
f 1564//2762 1537//2762 1566//2762
f 1566//2763 1537//2763 1536//2763
f 1566//2764 1536//2764 1567//2764
f 1567//2765 1536//2765 1538//2765
f 1567//2766 1538//2766 1568//2766
f 1568//2767 1538//2767 1539//2767
f 1539//2768 1541//2768 1569//2768
f 1569//2769 1541//2769 1540//2769
f 1569//2770 1540//2770 1570//2770
f 1570//2771 1540//2771 648//2771
f 1570//2772 648//2772 1561//2772
f 1565//2773 1564//2773 1566//2773
f 1568//2774 1539//2774 1199//2774
f 1199//2775 1539//2775 1569//2775
f 226//2776 1565//2776 1566//2776
f 226//2777 1566//2777 1567//2777
f 226//2778 1567//2778 1198//2778
f 1198//2779 1567//2779 1568//2779
f 1198//2780 1568//2780 1199//2780
f 1199//2781 1569//2781 1197//2781
f 1197//2782 1569//2782 1570//2782
f 1197//2783 1570//2783 1561//2783
f 1571//2784 1189//2784 1190//2784
f 1571//2785 1190//2785 1572//2785
f 1572//2786 1190//2786 1191//2786
f 1572//2787 1191//2787 1192//2787
f 1572//2788 1192//2788 1573//2788
f 1573//2789 1192//2789 1193//2789
f 1573//2790 1193//2790 1574//2790
f 1574//2791 1193//2791 1194//2791
f 1574//2792 1194//2792 1575//2792
f 1575//2793 1194//2793 224//2793
f 1575//2794 224//2794 1562//2794
f 1254//2795 1571//2795 1572//2795
f 1254//2796 1572//2796 1257//2796
f 1257//2797 1572//2797 1573//2797
f 1575//2798 1562//2798 1255//2798
f 1574//2799 1575//2799 1255//2799
f 1576//2800 234//2800 232//2800
f 1576//2801 232//2801 1577//2801
f 1576//2802 1577//2802 1534//2802
f 1534//2803 1577//2803 1282//2803
f 226//2804 234//2804 1565//2804
f 1565//2805 234//2805 1576//2805
f 1565//2806 1576//2806 1564//2806
f 1564//2807 1576//2807 1535//2807
f 1535//2808 1576//2808 1534//2808
f 1578//2809 1274//2809 1276//2809
f 1578//2810 1276//2810 1579//2810
f 1579//2811 1276//2811 1279//2811
f 1579//2812 1279//2812 1580//2812
f 1580//2813 1279//2813 1189//2813
f 1580//2814 1189//2814 1571//2814
f 1251//2815 1578//2815 1579//2815
f 1251//2816 1579//2816 1252//2816
f 1252//2817 1579//2817 1580//2817
f 1252//2818 1580//2818 1253//2818
f 1253//2819 1580//2819 1571//2819
f 1253//2820 1571//2820 1254//2820
f 232//2821 231//2821 1671//2821
f 232//2822 1671//2822 1577//2822
f 1577//2823 1671//2823 1670//2823
f 1577//2824 1670//2824 1280//2824
f 1282//2825 1577//2825 1280//2825
f 1581//2826 1229//2826 1271//2826
f 1271//2827 1229//2827 1272//2827
f 1251//2828 1229//2828 1581//2828
f 1251//2829 1581//2829 1578//2829
f 1578//2830 1581//2830 1274//2830
f 1274//2831 1581//2831 1271//2831
f 229//2832 1582//2832 230//2832
f 1315//2833 1316//2833 1582//2833
f 1315//2834 1582//2834 1583//2834
f 1583//2835 1582//2835 233//2835
f 233//2836 1582//2836 229//2836
f 1267//2837 1270//2837 1584//2837
f 1584//2838 1270//2838 1269//2838
f 1269//2839 1268//2839 1585//2839
f 1585//2840 1268//2840 1272//2840
f 1585//2841 1272//2841 1229//2841
f 1234//2842 1267//2842 1584//2842
f 1584//2843 1269//2843 1232//2843
f 1232//2844 1269//2844 1585//2844
f 1583//2845 233//2845 1183//2845
f 1183//2846 1184//2846 1586//2846
f 1586//2847 1184//2847 1185//2847
f 1586//2848 1185//2848 1587//2848
f 1587//2849 1185//2849 1186//2849
f 1186//2850 1187//2850 1588//2850
f 1588//2851 1187//2851 1188//2851
f 1315//2852 1583//2852 1183//2852
f 1315//2853 1183//2853 1319//2853
f 1319//2854 1183//2854 1586//2854
f 1587//2855 1186//2855 1317//2855
f 1317//2856 1186//2856 1588//2856
f 1588//2857 1188//2857 1318//2857
f 1319//2858 1586//2858 1587//2858
f 1317//2859 1588//2859 1318//2859
f 1240//2860 1259//2860 1258//2860
f 1242//2861 1264//2861 1259//2861
f 1264//2862 1244//2862 1261//2862
f 1261//2863 1244//2863 1227//2863
f 1261//2864 1227//2864 1262//2864
f 1262//2865 1227//2865 1245//2865
f 1262//2866 1245//2866 1263//2866
f 1263//2867 1245//2867 1247//2867
f 1249//2868 1218//2868 611//2868
f 1264//2869 1242//2869 1244//2869
f 1259//2870 1240//2870 1242//2870
f 1266//2871 1237//2871 1239//2871
f 1258//2872 1266//2872 1239//2872
f 1258//2873 1239//2873 1240//2873
f 1266//2874 1267//2874 1237//2874
f 1237//2875 1267//2875 1234//2875
f 1318//2876 1188//2876 1589//2876
f 1188//2877 1342//2877 1589//2877
f 1589//2878 1342//2878 1344//2878
f 1589//2879 1344//2879 1590//2879
f 1590//2880 1344//2880 1345//2880
f 1590//2881 1345//2881 1591//2881
f 1591//2882 1345//2882 1334//2882
f 1589//2883 1590//2883 1313//2883
f 1313//2884 1590//2884 1591//2884
f 1591//2885 1334//2885 1314//2885
f 1318//2886 1589//2886 1313//2886
f 1592//2887 1314//2887 1334//2887
f 1592//2888 1334//2888 1336//2888
f 1311//2889 1314//2889 1592//2889
f 1311//2890 1592//2890 1593//2890
f 1593//2891 1592//2891 1335//2891
f 1335//2892 1592//2892 1336//2892
f 1217//2893 607//2893 609//2893
f 609//2894 611//2894 1218//2894
f 1593//2895 1335//2895 1340//2895
f 1593//2896 1340//2896 1594//2896
f 1594//2897 1340//2897 1338//2897
f 1338//2898 1337//2898 1595//2898
f 1337//2899 1320//2899 1595//2899
f 1595//2900 1320//2900 1305//2900
f 1311//2901 1593//2901 1594//2901
f 1594//2902 1338//2902 1308//2902
f 1308//2903 1338//2903 1595//2903
f 1303//2904 1305//2904 1320//2904
f 1320//2905 1325//2905 1303//2905
f 1303//2906 1325//2906 1324//2906
f 1303//2907 1324//2907 1301//2907
f 1301//2908 1324//2908 1323//2908
f 1301//2909 1323//2909 1299//2909
f 1299//2910 1323//2910 1328//2910
f 1299//2911 1328//2911 1289//2911
f 1289//2912 1328//2912 1331//2912
f 1289//2913 1331//2913 1290//2913
f 1290//2914 1331//2914 1292//2914
f 1292//2915 1331//2915 1330//2915
f 1292//2916 1330//2916 1295//2916
f 1295//2917 1330//2917 1329//2917
f 1332//2918 586//2918 1223//2918
f 1348//2919 579//2919 607//2919
f 1356//2920 570//2920 571//2920
f 571//2921 572//2921 1353//2921
f 1353//2922 572//2922 574//2922
f 1353//2923 574//2923 575//2923
f 1353//2924 575//2924 1354//2924
f 1354//2925 575//2925 577//2925
f 1354//2926 577//2926 579//2926
f 1354//2927 579//2927 1348//2927
f 582//2928 583//2928 1220//2928
f 582//2929 1220//2929 584//2929
f 584//2930 1223//2930 586//2930
f 1349//2931 550//2931 552//2931
f 552//2932 554//2932 1355//2932
f 1355//2933 554//2933 555//2933
f 1355//2934 555//2934 557//2934
f 1349//2935 552//2935 1355//2935
f 547//2936 548//2936 1346//2936
f 1346//2937 548//2937 551//2937
f 1346//2938 551//2938 549//2938
f 1346//2939 549//2939 1347//2939
f 1347//2940 549//2940 550//2940
f 1347//2941 550//2941 1349//2941
f 1358//2942 547//2942 1346//2942
f 560//2943 1350//2943 583//2943
f 1350//2944 560//2944 562//2944
f 564//2945 565//2945 1351//2945
f 1351//2946 565//2946 568//2946
f 1350//2947 562//2947 1352//2947
f 1352//2948 562//2948 564//2948
f 1352//2949 564//2949 1351//2949
f 1351//2950 568//2950 1357//2950
f 262//2951 260//2951 258//2951
f 242//2951 258//2951 276//2951
f 276//2951 258//2951 268//2951
f 276//2951 268//2951 294//2951
f 303//2951 300//2951 268//2951
f 268//2951 300//2951 297//2951
f 268//2951 297//2951 294//2951
f 242//2951 244//2951 237//2951
f 262//2951 258//2951 265//2951
f 237//2951 241//2951 242//2951
f 242//2951 241//2951 239//2951
f 242//2951 239//2951 258//2951
f 258//2951 239//2951 249//2951
f 258//2951 249//2951 265//2951
f 294//2951 292//2951 276//2951
f 276//2951 292//2951 290//2951
f 276//2951 290//2951 271//2951
f 271//2951 290//2951 288//2951
f 271//2951 288//2951 285//2951
f 268//2951 312//2951 303//2951
f 303//2951 312//2951 310//2951
f 303//2951 310//2951 307//2951
f 307//2951 310//2951 304//2951
f 281//2951 279//2951 285//2951
f 285//2951 279//2951 272//2951
f 285//2951 272//2951 271//2951
f 607//2952 1217//2952 1596//2952
f 607//2953 1596//2953 1348//2953
f 1217//2954 1220//2954 1596//2954
f 1596//2955 1220//2955 1597//2955
f 1596//2956 1597//2956 1348//2956
f 1348//2957 1597//2957 1350//2957
f 583//2958 1350//2958 1597//2958
f 583//2959 1597//2959 1220//2959
f 1559//2960 1214//2960 1598//2960
f 1559//2961 1598//2961 1600//2961
f 1600//2962 1598//2962 1599//2962
f 1600//2963 1599//2963 1256//2963
f 1600//2964 1256//2964 1563//2964
f 1560//2965 1559//2965 1600//2965
f 1560//2966 1600//2966 222//2966
f 222//2967 1600//2967 1563//2967
f 222//2968 1563//2968 221//2968
f 1230//2969 1256//2969 1601//2969
f 1601//2970 1256//2970 1599//2970
f 1601//2971 1599//2971 1602//2971
f 1602//2972 1599//2972 1598//2972
f 1602//2973 1598//2973 1214//2973
f 1602//2974 1214//2974 1215//2974
f 1604//2975 1212//2975 1211//2975
f 1215//2976 1213//2976 1606//2976
f 1602//2977 1215//2977 1606//2977
f 1602//2978 1606//2978 1601//2978
f 1210//2979 1607//2979 1608//2979
f 1212//2980 1605//2980 1213//2980
f 1213//2981 1605//2981 1609//2981
f 1213//2982 1609//2982 1606//2982
f 1606//2983 1609//2983 1603//2983
f 1606//2984 1603//2984 1601//2984
f 1610//2985 1611//2985 1236//2985
f 1241//2986 1611//2986 1612//2986
f 1612//2987 1611//2987 1610//2987
f 1612//2988 1610//2988 1613//2988
f 1613//2989 1211//2989 1614//2989
f 1613//2990 1614//2990 1612//2990
f 1612//2990 1614//2990 1615//2990
f 1612//2991 1615//2991 1241//2991
f 1241//2992 1615//2992 1243//2992
f 1231//2993 1230//2993 1603//2993
f 1603//2994 1230//2994 1601//2994
f 1212//2995 1604//2995 1605//2995
f 1605//2996 1604//2996 1616//2996
f 1605//2997 1616//2997 1609//2997
f 1609//2998 1616//2998 1617//2998
f 1609//2983 1617//2983 1603//2983
f 1603//2999 1617//2999 1233//2999
f 1603//3000 1233//3000 1231//3000
f 1211//3001 1613//3001 1604//3001
f 1604//2988 1613//2988 1610//2988
f 1604//2996 1610//2996 1616//2996
f 1616//3002 1610//3002 1236//3002
f 1616//3003 1236//3003 1617//3003
f 1617//3004 1236//3004 1235//3004
f 1617//3005 1235//3005 1233//3005
f 1241//3006 1238//3006 1611//3006
f 1611//3007 1238//3007 1236//3007
f 1211//3008 1216//3008 1614//3008
f 1614//3009 1216//3009 1615//3009
f 1615//3010 1216//3010 1618//3010
f 1615//3011 1618//3011 1243//3011
f 1243//3012 1618//3012 1246//3012
f 1243//3013 1246//3013 1228//3013
f 1250//3014 1248//3014 1246//3014
f 1250//3015 1246//3015 1608//3015
f 1608//3016 1246//3016 1618//3016
f 1608//3017 1618//3017 1210//3017
f 1210//3018 1618//3018 1216//3018
f 1608//3019 1607//3019 1619//3019
f 1608//3020 1619//3020 1250//3020
f 1250//3021 1619//3021 1219//3021
f 637//3022 639//3022 1620//3022
f 637//3023 1620//3023 662//3023
f 662//3024 1620//3024 1621//3024
f 662//3025 1621//3025 650//3025
f 650//3026 1621//3026 1209//3026
f 1219//3027 1619//3027 1226//3027
f 1226//3028 1619//3028 1622//3028
f 1622//3029 1619//3029 1607//3029
f 1622//3030 1607//3030 1623//3030
f 1210//3031 1209//3031 1607//3031
f 1607//3032 1209//3032 1623//3032
f 1209//3033 1621//3033 1623//3033
f 1623//3033 1621//3033 1625//3033
f 1623//3034 1625//3034 1622//3034
f 1622//3035 1625//3035 1626//3035
f 1622//3036 1626//3036 1226//3036
f 1621//3037 1620//3037 1625//3037
f 1625//3038 1620//3038 1624//3038
f 1625//3039 1624//3039 1626//3039
f 1626//3039 1624//3039 1627//3039
f 1626//3040 1627//3040 1226//3040
f 1226//3041 1627//3041 1221//3041
f 1620//3042 639//3042 1624//3042
f 1624//3043 639//3043 1628//3043
f 1624//3044 1628//3044 1627//3044
f 1627//3045 1628//3045 1629//3045
f 1627//3046 1629//3046 1221//3046
f 640//3047 638//3047 1630//3047
f 1630//3048 638//3048 659//3048
f 1630//3049 659//3049 1631//3049
f 1631//3050 659//3050 658//3050
f 1631//3051 658//3051 1287//3051
f 1287//3052 658//3052 655//3052
f 639//3053 640//3053 1628//3053
f 1628//3054 640//3054 1632//3054
f 1628//3055 1632//3055 1629//3055
f 1629//3056 1632//3056 1221//3056
f 1221//3057 1632//3057 1222//3057
f 1287//3058 1633//3058 1635//3058
f 1636//3059 1632//3059 640//3059
f 640//3060 1630//3060 1636//3060
f 1636//3061 1630//3061 1631//3061
f 1636//3062 1631//3062 1635//3062
f 1635//3063 1631//3063 1287//3063
f 1222//3064 1632//3064 1637//3064
f 1632//3065 1636//3065 1637//3065
f 1637//3066 1636//3066 1635//3066
f 1637//3066 1635//3066 1634//3066
f 1634//3067 1635//3067 1633//3067
f 1222//3068 1637//3068 1634//3068
f 1222//3069 1634//3069 1225//3069
f 1225//3070 1634//3070 1633//3070
f 1225//3071 1633//3071 1224//3071
f 1224//3072 1633//3072 1638//3072
f 1638//3073 1633//3073 1639//3073
f 1287//3074 1288//3074 1639//3074
f 1287//3075 1639//3075 1633//3075
f 1224//3076 1638//3076 1640//3076
f 1639//3077 1288//3077 1641//3077
f 1641//3078 1288//3078 1286//3078
f 1641//3079 1286//3079 1642//3079
f 1642//3080 1286//3080 1643//3080
f 1643//3081 1286//3081 1644//3081
f 1644//3082 1286//3082 1285//3082
f 1644//3083 1285//3083 1645//3083
f 1645//3084 1285//3084 1646//3084
f 1646//3085 1285//3085 1284//3085
f 1646//3086 1284//3086 1647//3086
f 1647//3087 1284//3087 1648//3087
f 1648//3088 1284//3088 1649//3088
f 1649//3089 1284//3089 1283//3089
f 1649//3090 1283//3090 1650//3090
f 1650//3091 1283//3091 1651//3091
f 1651//3092 1283//3092 1281//3092
f 1651//3093 1281//3093 1652//3093
f 1638//3094 1639//3094 1640//3094
f 1640//3095 1639//3095 1641//3095
f 1640//3096 1641//3096 1654//3096
f 1654//3097 1641//3097 1642//3097
f 1654//3098 1642//3098 1655//3098
f 1655//3099 1642//3099 1643//3099
f 1655//3100 1643//3100 1656//3100
f 1656//3101 1643//3101 1644//3101
f 1656//3102 1644//3102 1657//3102
f 1657//3103 1644//3103 1645//3103
f 1657//3104 1645//3104 1658//3104
f 1658//3105 1645//3105 1646//3105
f 1658//3105 1646//3105 1659//3105
f 1659//3106 1646//3106 1647//3106
f 1659//3107 1647//3107 1660//3107
f 1660//3108 1647//3108 1648//3108
f 1660//3109 1648//3109 1661//3109
f 1661//3110 1648//3110 1649//3110
f 1661//3111 1649//3111 1662//3111
f 1662//3112 1649//3112 1650//3112
f 1662//3113 1650//3113 1663//3113
f 1663//3114 1650//3114 1651//3114
f 1663//3115 1651//3115 1664//3115
f 1664//3116 1651//3116 1652//3116
f 1664//3117 1652//3117 1665//3117
f 1665//3118 1652//3118 1653//3118
f 1224//3076 1640//3076 1298//3076
f 1298//3119 1640//3119 1654//3119
f 1298//3119 1654//3119 1297//3119
f 1297//3120 1654//3120 1655//3120
f 1297//3120 1655//3120 1296//3120
f 1296//3121 1655//3121 1656//3121
f 1296//3121 1656//3121 1294//3121
f 1294//3122 1656//3122 1657//3122
f 1294//3122 1657//3122 1293//3122
f 1293//3123 1657//3123 1658//3123
f 1293//3123 1658//3123 1291//3123
f 1291//3124 1658//3124 1659//3124
f 1291//3124 1659//3124 1300//3124
f 1300//3125 1659//3125 1660//3125
f 1300//3125 1660//3125 1302//3125
f 1302//3126 1660//3126 1661//3126
f 1302//3126 1661//3126 1304//3126
f 1304//3127 1661//3127 1662//3127
f 1304//3127 1662//3127 1306//3127
f 1306//3128 1662//3128 1663//3128
f 1306//3128 1663//3128 1307//3128
f 1307//3129 1663//3129 1664//3129
f 1307//3129 1664//3129 1309//3129
f 1309//3130 1664//3130 1665//3130
f 1309//3130 1665//3130 1310//3130
f 1310//3131 1665//3131 1653//3131
f 1310//3132 1653//3132 1312//3132
f 1316//3133 1312//3133 1653//3133
f 1316//3134 1653//3134 1666//3134
f 1666//3135 1653//3135 1667//3135
f 1667//3136 1653//3136 1652//3136
f 1667//3137 1652//3137 1668//3137
f 1668//3138 1652//3138 1280//3138
f 1280//3139 1652//3139 1281//3139
f 1582//3140 1316//3140 1666//3140
f 1582//3141 1666//3141 1669//3141
f 1669//3142 1666//3142 1667//3142
f 1669//3143 1667//3143 1668//3143
f 1669//3144 1668//3144 1670//3144
f 1670//3145 1668//3145 1280//3145
f 230//3146 1582//3146 1669//3146
f 230//3147 1669//3147 231//3147
f 231//3148 1669//3148 1670//3148
f 231//3149 1670//3149 1671//3149
f 1673//3150 1672//3150 1674//3150
f 1673//3151 1674//3151 1675//3151
f 1675//3152 1674//3152 1676//3152
f 1675//3153 1676//3153 1677//3153
f 1677//3154 1676//3154 1678//3154
f 1677//3155 1678//3155 1679//3155
f 1679//3156 1678//3156 1680//3156
f 1679//3157 1680//3157 1681//3157
f 1682//3158 1681//3158 1683//3158
f 1684//3159 1672//3159 1673//3159
f 1685//3160 1679//3160 1681//3160
f 1685//3161 1681//3161 1682//3161
f 1686//3162 1684//3162 1687//3162
f 1687//3163 1684//3163 1673//3163
f 1687//3164 1673//3164 1688//3164
f 1688//3165 1673//3165 1675//3165
f 1688//3166 1675//3166 1689//3166
f 1689//3167 1675//3167 1677//3167
f 1689//3168 1677//3168 1679//3168
f 1689//3169 1679//3169 1690//3169
f 1690//3170 1679//3170 1685//3170
f 1690//3171 1685//3171 1691//3171
f 1691//3172 1685//3172 1682//3172
f 1692//3173 1686//3173 1693//3173
f 1693//3174 1686//3174 1687//3174
f 1693//3175 1687//3175 1694//3175
f 1694//3176 1687//3176 1688//3176
f 1694//3177 1688//3177 1695//3177
f 1695//3178 1688//3178 1689//3178
f 1695//3179 1689//3179 1696//3179
f 1696//3180 1689//3180 1690//3180
f 1696//3181 1690//3181 1697//3181
f 1697//3182 1690//3182 1691//3182
f 1698//3183 1699//3183 1700//3183
f 1700//3184 1699//3184 1701//3184
f 1700//3185 1701//3185 1702//3185
f 1702//3186 1701//3186 1703//3186
f 1702//3187 1703//3187 1704//3187
f 1704//3188 1703//3188 1705//3188
f 1704//3189 1705//3189 1706//3189
f 1706//3190 1705//3190 1707//3190
f 1706//3191 1707//3191 1708//3191
f 1708//3192 1707//3192 1709//3192
f 1708//3193 1709//3193 1710//3193
f 1710//3194 1709//3194 1711//3194
f 1712//3195 1698//3195 1713//3195
f 1713//3196 1698//3196 1700//3196
f 1713//3197 1700//3197 1714//3197
f 1714//3198 1700//3198 1702//3198
f 1714//3199 1702//3199 1715//3199
f 1715//3200 1702//3200 1704//3200
f 1715//3201 1704//3201 1716//3201
f 1716//3202 1704//3202 1706//3202
f 1716//3203 1706//3203 1717//3203
f 1717//3204 1706//3204 1708//3204
f 1717//3205 1708//3205 1718//3205
f 1718//3206 1708//3206 1710//3206
f 1674//3207 1712//3207 1713//3207
f 1674//3208 1713//3208 1676//3208
f 1676//3209 1713//3209 1714//3209
f 1676//3210 1714//3210 1678//3210
f 1678//3211 1714//3211 1715//3211
f 1678//3212 1715//3212 1680//3212
f 1680//3213 1715//3213 1716//3213
f 1680//3214 1716//3214 1717//3214
f 1683//3215 1717//3215 1718//3215
f 1672//3216 1712//3216 1674//3216
f 1681//3217 1680//3217 1717//3217
f 1681//3218 1717//3218 1683//3218
f 1719//3219 1720//3219 1721//3219
f 1722//3220 1721//3220 1723//3220
f 1722//3221 1723//3221 1724//3221
f 1724//3222 1723//3222 1725//3222
f 1725//3223 1723//3223 1726//3223
f 1719//3224 1721//3224 1722//3224
f 1719//3225 1722//3225 1727//3225
f 1710//3226 1711//3226 1728//3226
f 1683//3227 1718//3227 1720//3227
f 1720//3228 1718//3228 1721//3228
f 1721//3229 1718//3229 1710//3229
f 1721//3230 1710//3230 1723//3230
f 1723//3231 1710//3231 1728//3231
f 1723//3232 1728//3232 1726//3232
f 1682//3233 1683//3233 1720//3233
f 1729//3234 1730//3234 1731//3234
f 1732//3235 1727//3235 1729//3235
f 1719//3236 1727//3236 1732//3236
f 1719//3237 1732//3237 1720//3237
f 1731//3238 1733//3238 1734//3238
f 1734//3239 1733//3239 1691//3239
f 1691//3240 1733//3240 1697//3240
f 1735//3241 1682//3241 1720//3241
f 1735//3242 1720//3242 1732//3242
f 1735//3243 1732//3243 1734//3243
f 1734//3244 1732//3244 1729//3244
f 1729//3245 1731//3245 1734//3245
f 1735//3246 1734//3246 1691//3246
f 1735//3247 1691//3247 1682//3247
f 1740//3248 1741//3248 1742//3248
f 1743//3249 1744//3249 1741//3249
f 1741//3250 1744//3250 1742//3250
f 1741//3251 1745//3251 1743//3251
f 1743//3252 1745//3252 1739//3252
f 1738//3253 1746//3253 1739//3253
f 1739//3254 1746//3254 1747//3254
f 1747//3255 1748//3255 1739//3255
f 1739//3256 1748//3256 1743//3256
f 1736//3257 1749//3257 1737//3257
f 1750//3258 1697//3258 1733//3258
f 1750//3259 1733//3259 1751//3259
f 1751//3260 1733//3260 1731//3260
f 1751//3261 1731//3261 1730//3261
f 1752//3262 1750//3262 1753//3262
f 1753//3263 1750//3263 1751//3263
f 1753//3264 1751//3264 1737//3264
f 1737//3265 1751//3265 1736//3265
f 1736//3266 1751//3266 1730//3266
f 1740//3267 1752//3267 1741//3267
f 1741//3268 1752//3268 1753//3268
f 1741//3269 1753//3269 1745//3269
f 1745//3270 1753//3270 1739//3270
f 1739//3271 1753//3271 1737//3271
f 1739//3272 1737//3272 1738//3272
f 1738//3273 1737//3273 1749//3273
f 1756//3274 1755//3274 1757//3274
f 1756//3275 1757//3275 1758//3275
f 1757//3276 1761//3276 1758//3276
f 1760//3277 1759//3277 1761//3277
f 1760//3278 1761//3278 1757//3278
f 1754//3279 1762//3279 1760//3279
f 1760//3280 1762//3280 1759//3280
f 1740//3281 1742//3281 1754//3281
f 1754//3282 1742//3282 1762//3282
f 1763//3283 1692//3283 1764//3283
f 1764//3284 1692//3284 1693//3284
f 1764//3285 1693//3285 1765//3285
f 1765//3286 1693//3286 1694//3286
f 1765//3287 1694//3287 1695//3287
f 1765//3288 1695//3288 1766//3288
f 1766//3289 1695//3289 1767//3289
f 1767//3290 1695//3290 1696//3290
f 1767//3291 1696//3291 1750//3291
f 1750//3292 1696//3292 1697//3292
f 1750//3293 1752//3293 1767//3293
f 1767//3294 1752//3294 1768//3294
f 1767//3295 1768//3295 1766//3295
f 1766//3296 1768//3296 1769//3296
f 1766//3297 1769//3297 1765//3297
f 1765//3298 1769//3298 1770//3298
f 1765//3299 1770//3299 1764//3299
f 1764//3300 1770//3300 1771//3300
f 1771//3301 1772//3301 1764//3301
f 1764//3302 1772//3302 1763//3302
f 1752//3303 1740//3303 1768//3303
f 1768//3304 1740//3304 1754//3304
f 1768//3305 1754//3305 1769//3305
f 1769//3306 1754//3306 1760//3306
f 1769//3307 1760//3307 1770//3307
f 1770//3308 1760//3308 1757//3308
f 1770//3309 1757//3309 1771//3309
f 1771//3310 1757//3310 1755//3310
f 1756//3311 1773//3311 1755//3311
f 1755//3312 1773//3312 1771//3312
f 1771//3313 1773//3313 1772//3313
f 1774//3314 1775//3314 1776//3314
f 1774//3315 1776//3315 1777//3315
f 1777//3316 1776//3316 1778//3316
f 1772//3317 1779//3317 1775//3317
f 1773//3318 1779//3318 1772//3318
f 1777//3319 1692//3319 1763//3319
f 1777//3320 1763//3320 1774//3320
f 1774//3321 1763//3321 1772//3321
f 1774//3322 1772//3322 1775//3322
f 1782//3323 1783//3323 1784//3323
f 1785//3324 1786//3324 1783//3324
f 1783//3325 1786//3325 1784//3325
f 1781//3326 1780//3326 1785//3326
f 1785//3327 1780//3327 1786//3327
f 1777//3328 1778//3328 1781//3328
f 1781//3329 1778//3329 1780//3329
f 1783//3330 1672//3330 1684//3330
f 1783//3331 1684//3331 1785//3331
f 1785//3332 1684//3332 1686//3332
f 1785//3333 1686//3333 1781//3333
f 1781//3334 1686//3334 1692//3334
f 1781//3335 1692//3335 1777//3335
f 1787//3336 1788//3336 1789//3336
f 1789//3337 1788//3337 1790//3337
f 1789//3338 1790//3338 1791//3338
f 1791//3339 1790//3339 1792//3339
f 1791//3340 1792//3340 1782//3340
f 1782//3341 1792//3341 1783//3341
f 1788//3342 1699//3342 1698//3342
f 1788//3343 1698//3343 1790//3343
f 1790//3344 1698//3344 1712//3344
f 1790//3345 1712//3345 1792//3345
f 1792//3346 1712//3346 1672//3346
f 1792//3347 1672//3347 1783//3347
f 1794//3348 1795//3348 1793//3348
f 1795//3349 1794//3349 1797//3349
f 1788//3350 1787//3350 1796//3350
f 1796//3351 1787//3351 1798//3351
f 1796//3352 1798//3352 1797//3352
f 1794//3353 1799//3353 1797//3353
f 1797//3354 1799//3354 1796//3354
f 1796//3355 1799//3355 1699//3355
f 1796//3356 1699//3356 1788//3356
f 1799//3357 1794//3357 1800//3357
f 1794//3358 1793//3358 1801//3358
f 1802//3359 1803//3359 1804//3359
f 1807//3360 1802//3360 1808//3360
f 1808//3361 1802//3361 1809//3361
f 1808//3362 1809//3362 1810//3362
f 1810//3363 1809//3363 1811//3363
f 1813//3364 1812//3364 1811//3364
f 1811//3365 1812//3365 1810//3365
f 1806//3366 1805//3366 1813//3366
f 1813//3367 1805//3367 1812//3367
f 1805//3368 1806//3368 1814//3368
f 1814//3369 1806//3369 1801//3369
f 1793//3370 1814//3370 1801//3370
f 1800//3371 1794//3371 1801//3371
f 1800//3372 1801//3372 1815//3372
f 1815//3373 1801//3373 1806//3373
f 1815//3374 1806//3374 1816//3374
f 1816//3375 1806//3375 1813//3375
f 1816//3376 1813//3376 1817//3376
f 1817//3377 1813//3377 1811//3377
f 1817//3378 1811//3378 1804//3378
f 1804//3379 1811//3379 1809//3379
f 1804//3380 1809//3380 1802//3380
f 1818//3381 1799//3381 1800//3381
f 1818//3382 1800//3382 1819//3382
f 1819//3383 1800//3383 1815//3383
f 1819//3384 1815//3384 1820//3384
f 1820//3385 1815//3385 1816//3385
f 1820//3386 1816//3386 1821//3386
f 1821//3387 1816//3387 1817//3387
f 1821//3388 1817//3388 1822//3388
f 1822//3389 1817//3389 1804//3389
f 1822//3390 1804//3390 1823//3390
f 1823//3391 1804//3391 1803//3391
f 1699//3392 1799//3392 1701//3392
f 1701//3393 1799//3393 1818//3393
f 1701//3394 1818//3394 1703//3394
f 1703//3395 1818//3395 1819//3395
f 1703//3396 1819//3396 1705//3396
f 1705//3397 1819//3397 1820//3397
f 1705//3398 1820//3398 1707//3398
f 1707//3399 1820//3399 1821//3399
f 1707//3400 1821//3400 1709//3400
f 1709//3401 1821//3401 1822//3401
f 1709//3402 1822//3402 1711//3402
f 1711//3403 1822//3403 1823//3403
f 1824//3404 1825//3404 1826//3404
f 1827//3405 1828//3405 1829//3405
f 1829//3406 1828//3406 1830//3406
f 1829//3407 1830//3407 1824//3407
f 1831//3408 1832//3408 1833//3408
f 1833//3409 1832//3409 1827//3409
f 1831//3410 1833//3410 1834//3410
f 1831//3411 1834//3411 1835//3411
f 1835//3412 1834//3412 1836//3412
f 1835//3413 1836//3413 1807//3413
f 1807//3414 1836//3414 1802//3414
f 1803//3415 1802//3415 1837//3415
f 1837//3416 1802//3416 1836//3416
f 1837//3417 1836//3417 1838//3417
f 1838//3418 1836//3418 1834//3418
f 1838//3419 1834//3419 1829//3419
f 1829//3420 1834//3420 1833//3420
f 1829//3421 1833//3421 1827//3421
f 1823//3422 1803//3422 1839//3422
f 1839//3423 1803//3423 1837//3423
f 1839//3424 1837//3424 1840//3424
f 1840//3425 1837//3425 1838//3425
f 1840//3426 1838//3426 1826//3426
f 1826//3427 1838//3427 1829//3427
f 1826//3428 1829//3428 1824//3428
f 1711//3429 1823//3429 1728//3429
f 1728//3430 1823//3430 1839//3430
f 1728//3431 1839//3431 1726//3431
f 1726//3432 1839//3432 1840//3432
f 1726//3433 1840//3433 1826//3433
f 1726//3434 1826//3434 1725//3434
f 1725//3435 1826//3435 1825//3435
f 1841//3436 1831//3436 1835//3436
f 1841//84 1835//84 1842//84
f 1842//84 1835//84 1807//84
f 1807//3437 1808//3437 1842//3437
f 1844//3438 1759//3438 1843//3438
f 1843//3439 1759//3439 1762//3439
f 1845//3440 1758//3440 1846//3440
f 1758//3441 1761//3441 1846//3441
f 1846//3442 1761//3442 1844//3442
f 1844//3443 1761//3443 1759//3443
f 1758//3444 1845//3444 1756//3444
f 1756//3445 1845//3445 1847//3445
f 1848//3446 1779//3446 1849//3446
f 1779//3447 1773//3447 1849//3447
f 1849//3448 1773//3448 1847//3448
f 1847//3449 1773//3449 1756//3449
f 1850//3450 1776//3450 1775//3450
f 1850//3451 1775//3451 1848//3451
f 1848//3452 1775//3452 1779//3452
f 1851//3453 1778//3453 1776//3453
f 1851//3454 1776//3454 1850//3454
f 1778//3455 1851//3455 1852//3455
f 1778//3456 1852//3456 1780//3456
f 1853//3457 1786//3457 1780//3457
f 1853//3458 1780//3458 1852//3458
f 1782//3459 1784//3459 1854//3459
f 1854//3460 1784//3460 1853//3460
f 1853//3461 1784//3461 1786//3461
f 1782//3462 1854//3462 1855//3462
f 1782//3463 1855//3463 1791//3463
f 1791//3464 1855//3464 1856//3464
f 1857//3465 1789//3465 1856//3465
f 1856//3466 1789//3466 1791//3466
f 1789//3467 1857//3467 1787//3467
f 1787//3468 1857//3468 1858//3468
f 1859//3469 1797//3469 1798//3469
f 1859//3470 1798//3470 1858//3470
f 1858//3471 1798//3471 1787//3471
f 1860//3472 1795//3472 1859//3472
f 1859//3473 1795//3473 1797//3473
f 1861//3474 1793//3474 1860//3474
f 1860//3475 1793//3475 1795//3475
f 1862//3476 1814//3476 1861//3476
f 1861//3477 1814//3477 1793//3477
f 1863//3478 1805//3478 1862//3478
f 1862//3479 1805//3479 1814//3479
f 1864//3480 1812//3480 1863//3480
f 1863//3481 1812//3481 1805//3481
f 1865//3482 1810//3482 1864//3482
f 1864//3483 1810//3483 1812//3483
f 1810//3484 1865//3484 1842//3484
f 1810//3485 1842//3485 1808//3485
f 1744//3486 1743//3486 1866//3486
f 1866//3487 1743//3487 1748//3487
f 1843//3488 1762//3488 1742//3488
f 1843//29 1742//29 1866//29
f 1866//29 1742//29 1744//29
f 1736//3489 1867//3489 1749//3489
f 1749//3490 1867//3490 1868//3490
f 1749//3491 1868//3491 1869//3491
f 1749//3492 1869//3492 1738//3492
f 1870//3493 1746//3493 1869//3493
f 1869//3494 1746//3494 1738//3494
f 1871//3495 1866//3495 1748//3495
f 1871//3496 1748//3496 1747//3496
f 1871//3497 1747//3497 1870//3497
f 1870//3498 1747//3498 1746//3498
f 1867//13 1727//13 1872//13
f 1872//13 1727//13 1722//13
f 1729//13 1727//13 1867//13
f 1872//13 1722//13 1724//13
f 1872//13 1724//13 1725//13
f 1736//3499 1730//3499 1867//3499
f 1867//13 1730//13 1729//13
f 1872//13 1725//13 1825//13
f 1872//3500 1825//3500 1824//3500
f 1831//3501 1841//3501 1873//3501
f 1831//3502 1873//3502 1832//3502
f 1832//3503 1873//3503 1874//3503
f 1832//3504 1874//3504 1827//3504
f 1827//3505 1874//3505 1875//3505
f 1827//3506 1875//3506 1828//3506
f 1828//3507 1875//3507 1876//3507
f 1828//3508 1876//3508 1830//3508
f 1830//3509 1876//3509 1824//3509
f 1824//3510 1876//3510 1872//3510
f 1841//86 1842//86 1872//86
f 1872//86 1842//86 1867//86
f 1855//86 1854//86 1843//86
f 1875//86 1874//86 1873//86
f 1857//86 1856//86 1842//86
f 1856//86 1855//86 1842//86
f 1842//86 1855//86 1843//86
f 1842//86 1843//86 1867//86
f 1867//86 1843//86 1866//86
f 1867//86 1866//86 1871//86
f 1841//86 1872//86 1873//86
f 1873//86 1872//86 1876//86
f 1873//86 1876//86 1875//86
f 1854//86 1853//86 1843//86
f 1843//86 1853//86 1852//86
f 1843//86 1852//86 1851//86
f 1848//86 1849//86 1847//86
f 1851//86 1850//86 1843//86
f 1843//86 1850//86 1844//86
f 1844//86 1850//86 1846//86
f 1870//86 1869//86 1871//86
f 1871//86 1869//86 1868//86
f 1871//86 1868//86 1867//86
f 1857//86 1842//86 1858//86
f 1858//86 1842//86 1865//86
f 1858//86 1865//86 1859//86
f 1848//86 1847//86 1850//86
f 1850//86 1847//86 1845//86
f 1850//86 1845//86 1846//86
f 1865//86 1864//86 1859//86
f 1859//86 1864//86 1863//86
f 1859//86 1863//86 1860//86
f 1860//86 1863//86 1862//86
f 1860//86 1862//86 1861//86
f 1879//13 1880//13 1877//13
f 1881//13 1882//13 1877//13
f 1877//13 1882//13 1883//13
f 1877//13 1883//13 1879//13
f 1884//13 1885//13 1877//13
f 1877//13 1885//13 1886//13
f 1877//13 1886//13 1881//13
f 1887//13 1888//13 1877//13
f 1877//13 1888//13 1889//13
f 1877//13 1889//13 1884//13
f 1878//13 1890//13 1877//13
f 1877//13 1890//13 1891//13
f 1877//13 1891//13 1887//13
f 1892//3511 1885//3511 1893//3511
f 1893//3512 1885//3512 1884//3512
f 1889//3513 1894//3513 1884//3513
f 1884//3514 1894//3514 1895//3514
f 1884//3515 1895//3515 1893//3515
f 1888//3516 1896//3516 1889//3516
f 1889//3517 1896//3517 1894//3517
f 1887//3518 1897//3518 1888//3518
f 1888//3519 1897//3519 1898//3519
f 1888//3520 1898//3520 1896//3520
f 1891//3521 1899//3521 1887//3521
f 1887//3522 1899//3522 1900//3522
f 1887//3523 1900//3523 1897//3523
f 1890//3524 1901//3524 1891//3524
f 1891//3525 1901//3525 1899//3525
f 1878//3526 1902//3526 1890//3526
f 1890//3527 1902//3527 1903//3527
f 1890//3528 1903//3528 1901//3528
f 1880//3529 1904//3529 1877//3529
f 1877//3530 1904//3530 1905//3530
f 1877//3531 1905//3531 1878//3531
f 1878//3532 1905//3532 1902//3532
f 1879//3533 1906//3533 1880//3533
f 1880//3534 1906//3534 1907//3534
f 1880//3535 1907//3535 1904//3535
f 1883//3536 1908//3536 1879//3536
f 1879//3537 1908//3537 1906//3537
f 1882//3538 1909//3538 1883//3538
f 1883//3539 1909//3539 1908//3539
f 1881//3540 1910//3540 1882//3540
f 1882//3541 1910//3541 1911//3541
f 1882//3542 1911//3542 1909//3542
f 1886//3543 1912//3543 1881//3543
f 1881//3544 1912//3544 1910//3544
f 1885//3545 1892//3545 1913//3545
f 1885//3546 1913//3546 1886//3546
f 1886//3547 1913//3547 1912//3547
f 1914//3548 1915//3548 1916//3548
f 1917//3549 1915//3549 1914//3549
f 1918//3550 1919//3550 1925//3550
f 1925//3551 1919//3551 1926//3551
f 1925//3552 1926//3552 1928//3552
f 1927//3553 1928//3553 1926//3553
f 1929//3554 2991//3554 1930//3554
f 1930//3555 2991//3555 1931//3555
f 1930//3556 1931//3556 1932//3556
f 1932//3557 1931//3557 1933//3557
f 1932//3558 1933//3558 1934//3558
f 1934//3559 1933//3559 1935//3559
f 1934//3560 1935//3560 1936//3560
f 1934//3561 1936//3561 1927//3561
f 1927//3562 1936//3562 1928//3562
f 1937//3563 1938//3563 1939//3563
f 1937//3564 1939//3564 1940//3564
f 1939//3565 1925//3565 1928//3565
f 1928//3566 1941//3566 1939//3566
f 1939//3567 1941//3567 1940//3567
f 1951//3568 1944//3568 1945//3568
f 1945//3569 1944//3569 1946//3569
f 1945//3570 1946//3570 1947//3570
f 1947//3571 1946//3571 1924//3571
f 1947//3572 1924//3572 1948//3572
f 1949//3573 1950//3573 1951//3573
f 1951//3574 1950//3574 1944//3574
f 1944//3575 1950//3575 1943//3575
f 1944//3576 1943//3576 1942//3576
f 1952//3577 1953//3577 1954//3577
f 1954//3578 1953//3578 1955//3578
f 1955//3579 1953//3579 1956//3579
f 1955//3580 1956//3580 3030//3580
f 1951//3581 1957//3581 1949//3581
f 1949//3582 1957//3582 1958//3582
f 1958//3583 1957//3583 1959//3583
f 1958//3584 1959//3584 1952//3584
f 1952//3585 1959//3585 1960//3585
f 1952//3586 1960//3586 1953//3586
f 1926//3587 1961//3587 1962//3587
f 1962//3588 1961//3588 1963//3588
f 1963//3589 1961//3589 1964//3589
f 1965//3590 1966//3590 1964//3590
f 1964//3591 1966//3591 1967//3591
f 1964//3592 1967//3592 1963//3592
f 1965//3593 1950//3593 3082//3593
f 1965//3594 3082//3594 1966//3594
f 1950//3595 1965//3595 1943//3595
f 1943//3596 1965//3596 1942//3596
f 1918//3597 1961//3597 1919//3597
f 1919//3598 1961//3598 1926//3598
f 1968//3599 1969//3599 1970//3599
f 1969//3600 1973//3600 1970//3600
f 1970//3601 1973//3601 1974//3601
f 1970//3602 1974//3602 1975//3602
f 1975//3603 1974//3603 1971//3603
f 1975//3604 1971//3604 1972//3604
f 1975//3605 1972//3605 2737//3605
f 1970//3606 1976//3606 1968//3606
f 1968//3607 1976//3607 1977//3607
f 1976//3608 1990//3608 1977//3608
f 1977//3609 1990//3609 1938//3609
f 1977//3610 1938//3610 1978//3610
f 1978//3611 1938//3611 1937//3611
f 1948//3612 1924//3612 1981//3612
f 1981//3613 1924//3613 1982//3613
f 1979//3614 1980//3614 1983//3614
f 1984//3615 1989//3615 1985//3615
f 1985//3616 1989//3616 1986//3616
f 1985//3617 1986//3617 1987//3617
f 1987//3618 1986//3618 1988//3618
f 1988//3619 1986//3619 1983//3619
f 1988//3620 1983//3620 1980//3620
f 1924//3621 1992//3621 1982//3621
f 1982//3622 1992//3622 1989//3622
f 1982//3623 1989//3623 1984//3623
f 1976//3624 1991//3624 1990//3624
f 1992//3625 1993//3625 1989//3625
f 1994//3626 1995//3626 1996//3626
f 1994//3627 1996//3627 1997//3627
f 1997//3628 1996//3628 1998//3628
f 1997//3629 1998//3629 1955//3629
f 1955//3630 1998//3630 1954//3630
f 1999//3631 2000//3631 2001//3631
f 2001//3632 2000//3632 2002//3632
f 2001//3633 2002//3633 2003//3633
f 2004//3634 2005//3634 1999//3634
f 1999//3635 2005//3635 2000//3635
f 2006//3636 2007//3636 2004//3636
f 2004//3637 2007//3637 2005//3637
f 2006//3638 2004//3638 2008//3638
f 2008//3639 2004//3639 2009//3639
f 2008//3640 2009//3640 1979//3640
f 1979//3641 2009//3641 2010//3641
f 1979//3642 2010//3642 1980//3642
f 2010//3643 2011//3643 1980//3643
f 1980//3644 2011//3644 1988//3644
f 2011//3645 2140//3645 1988//3645
f 1988//3646 2140//3646 2012//3646
f 1988//3647 2012//3647 1987//3647
f 1987//3648 2012//3648 2013//3648
f 1987//3649 2013//3649 1985//3649
f 2013//3650 2014//3650 1985//3650
f 1985//3651 2014//3651 1984//3651
f 2014//3652 2015//3652 1984//3652
f 1984//3653 2015//3653 2016//3653
f 1984//3654 2016//3654 1982//3654
f 1982//3655 2016//3655 2017//3655
f 1982//3656 2017//3656 1981//3656
f 2018//3657 1947//3657 1948//3657
f 2018//3658 1948//3658 2019//3658
f 2017//3659 2020//3659 1981//3659
f 1981//3660 2020//3660 1948//3660
f 1948//3661 2020//3661 2019//3661
f 2021//3662 1945//3662 2018//3662
f 2018//3663 1945//3663 1947//3663
f 1945//3664 2021//3664 2022//3664
f 2022//3665 2021//3665 2023//3665
f 2023//3666 2024//3666 2022//3666
f 2003//3667 2002//3667 2025//3667
f 2003//3668 2025//3668 2026//3668
f 2026//3669 2025//3669 2023//3669
f 2023//3670 2025//3670 2024//3670
f 2004//3671 1999//3671 2031//3671
f 2031//3672 1999//3672 2001//3672
f 2037//3673 2038//3673 2034//3673
f 2021//3674 2018//3674 2039//3674
f 2039//3675 2018//3675 2040//3675
f 2040//3676 2018//3676 2019//3676
f 2040//3677 2019//3677 2041//3677
f 2042//3678 2043//3678 2044//3678
f 2044//3679 2043//3679 2045//3679
f 2045//3680 2043//3680 2046//3680
f 2045//3681 2046//3681 2037//3681
f 2037//3682 2046//3682 2038//3682
f 2019//3683 2020//3683 2041//3683
f 2041//3684 2020//3684 2047//3684
f 2048//3685 2049//3685 2042//3685
f 2042//3686 2049//3686 2050//3686
f 2042//3687 2050//3687 2043//3687
f 2020//3688 2017//3688 2047//3688
f 2047//3689 2017//3689 2016//3689
f 2047//3690 2016//3690 2051//3690
f 2051//3691 2016//3691 2052//3691
f 2052//3692 2016//3692 2015//3692
f 2052//3693 2015//3693 2053//3693
f 2054//3694 2055//3694 2056//3694
f 2056//3695 2055//3695 2057//3695
f 2057//3696 2055//3696 2058//3696
f 2057//3697 2058//3697 2048//3697
f 2048//3698 2058//3698 2049//3698
f 2015//3699 2014//3699 2053//3699
f 2053//3700 2014//3700 2013//3700
f 2059//3701 2060//3701 2054//3701
f 2030//3702 2061//3702 2029//3702
f 2029//3703 2061//3703 2062//3703
f 2029//3704 2062//3704 2033//3704
f 2033//3705 2062//3705 2063//3705
f 2033//3706 2063//3706 2032//3706
f 2032//3707 2063//3707 2064//3707
f 2032//3708 2064//3708 2036//3708
f 2036//3709 2064//3709 2065//3709
f 2036//3710 2065//3710 2035//3710
f 2035//3711 2065//3711 2066//3711
f 2035//3712 2066//3712 2034//3712
f 2034//3713 2066//3713 2067//3713
f 2034//3714 2067//3714 2037//3714
f 2037//3715 2067//3715 2068//3715
f 2037//3716 2068//3716 2045//3716
f 2045//3716 2068//3716 2069//3716
f 2045//3717 2069//3717 2044//3717
f 2044//3717 2069//3717 2070//3717
f 2044//3718 2070//3718 2042//3718
f 2042//3718 2070//3718 2071//3718
f 2042//3719 2071//3719 2048//3719
f 2048//3719 2071//3719 2072//3719
f 2048//3720 2072//3720 2057//3720
f 2057//3720 2072//3720 2073//3720
f 2057//3721 2073//3721 2056//3721
f 2056//3721 2073//3721 2074//3721
f 2056//3722 2074//3722 2054//3722
f 2054//3723 2074//3723 2075//3723
f 2054//3724 2075//3724 2059//3724
f 2076//3725 2059//3725 2077//3725
f 2076//3726 2077//3726 2078//3726
f 2078//3727 2077//3727 2079//3727
f 2062//3728 2061//3728 2080//3728
f 2062//3729 2080//3729 2063//3729
f 2063//3730 2080//3730 2081//3730
f 2063//3731 2081//3731 2064//3731
f 2064//3732 2081//3732 2082//3732
f 2064//3733 2082//3733 2065//3733
f 2068//3734 2067//3734 2083//3734
f 2068//3735 2083//3735 2069//3735
f 2069//3735 2083//3735 2084//3735
f 2069//3736 2084//3736 2070//3736
f 2070//3736 2084//3736 2085//3736
f 2070//3737 2085//3737 2071//3737
f 2071//3737 2085//3737 2086//3737
f 2071//3738 2086//3738 2072//3738
f 2072//3738 2086//3738 2087//3738
f 2072//3739 2087//3739 2073//3739
f 2073//3739 2087//3739 2088//3739
f 2073//3740 2088//3740 2074//3740
f 2074//3740 2088//3740 2089//3740
f 2074//3741 2089//3741 2075//3741
f 2059//3742 2075//3742 2090//3742
f 2059//3743 2090//3743 2077//3743
f 2079//3744 2077//3744 2091//3744
f 2061//3745 2092//3745 2080//3745
f 2065//3746 2082//3746 2093//3746
f 2065//3747 2093//3747 2066//3747
f 2066//3748 2093//3748 2094//3748
f 2066//3749 2094//3749 2067//3749
f 2067//3750 2094//3750 2095//3750
f 2067//3751 2095//3751 2083//3751
f 2083//3752 2095//3752 2096//3752
f 2083//3753 2096//3753 2084//3753
f 2084//3753 2096//3753 2097//3753
f 2084//3754 2097//3754 2085//3754
f 2085//3754 2097//3754 2098//3754
f 2085//3755 2098//3755 2086//3755
f 2086//3755 2098//3755 2099//3755
f 2086//3756 2099//3756 2087//3756
f 2087//3757 2099//3757 2100//3757
f 2087//3758 2100//3758 2088//3758
f 2088//3758 2100//3758 2101//3758
f 2088//3759 2101//3759 2089//3759
f 2089//3759 2101//3759 2102//3759
f 2089//3760 2102//3760 2075//3760
f 2075//3761 2102//3761 2103//3761
f 2075//3762 2103//3762 2090//3762
f 2077//3763 2090//3763 2104//3763
f 2077//3764 2104//3764 2091//3764
f 2080//3765 2092//3765 2105//3765
f 2080//3766 2105//3766 2081//3766
f 2081//3767 2105//3767 2106//3767
f 2081//3768 2106//3768 2082//3768
f 2082//3769 2106//3769 2107//3769
f 2082//3770 2107//3770 2093//3770
f 2096//3771 2095//3771 2108//3771
f 2096//3772 2108//3772 2097//3772
f 2097//3772 2108//3772 2109//3772
f 2097//3773 2109//3773 2098//3773
f 2098//3773 2109//3773 2110//3773
f 2098//3774 2110//3774 2099//3774
f 2099//3775 2110//3775 2111//3775
f 2099//3776 2111//3776 2100//3776
f 2100//3776 2111//3776 2112//3776
f 2100//3777 2112//3777 2101//3777
f 2101//3777 2112//3777 2113//3777
f 2101//3778 2113//3778 2102//3778
f 2102//3779 2113//3779 2114//3779
f 2102//3780 2114//3780 2103//3780
f 2103//3781 2114//3781 2115//3781
f 2103//3782 2115//3782 2090//3782
f 2104//3783 2090//3783 2116//3783
f 2104//3784 2116//3784 2091//3784
f 2091//3785 2116//3785 2117//3785
f 2092//3786 2118//3786 2105//3786
f 2093//3787 2107//3787 2119//3787
f 2093//3788 2119//3788 2094//3788
f 2094//3789 2119//3789 2120//3789
f 2094//3790 2120//3790 2095//3790
f 2095//3791 2120//3791 2121//3791
f 2095//3792 2121//3792 2108//3792
f 2108//3793 2121//3793 2122//3793
f 2108//3794 2122//3794 2109//3794
f 2109//3795 2122//3795 2123//3795
f 2109//3796 2123//3796 2110//3796
f 2110//3796 2123//3796 2124//3796
f 2110//3797 2124//3797 2111//3797
f 2111//3797 2124//3797 2125//3797
f 2111//3798 2125//3798 2112//3798
f 2112//3798 2125//3798 2126//3798
f 2112//3799 2126//3799 2113//3799
f 2113//3799 2126//3799 2127//3799
f 2113//3800 2127//3800 2114//3800
f 2114//3801 2127//3801 2128//3801
f 2114//3802 2128//3802 2115//3802
f 2090//3803 2115//3803 2129//3803
f 2090//3804 2129//3804 2116//3804
f 2105//3805 2118//3805 2031//3805
f 2105//3806 2031//3806 2106//3806
f 2106//3807 2031//3807 2130//3807
f 2106//3808 2130//3808 2107//3808
f 2107//3809 2130//3809 2131//3809
f 2107//3810 2131//3810 2119//3810
f 2122//3811 2121//3811 2132//3811
f 2122//3812 2132//3812 2123//3812
f 2123//3812 2132//3812 2133//3812
f 2123//3813 2133//3813 2124//3813
f 2124//3814 2133//3814 2134//3814
f 2124//3815 2134//3815 2125//3815
f 2125//3815 2134//3815 2135//3815
f 2125//3816 2135//3816 2126//3816
f 2126//3816 2135//3816 2136//3816
f 2126//3817 2136//3817 2127//3817
f 2127//3818 2136//3818 2137//3818
f 2127//3819 2137//3819 2128//3819
f 2128//3819 2137//3819 2138//3819
f 2128//3820 2138//3820 2115//3820
f 2115//3821 2138//3821 2139//3821
f 2115//3822 2139//3822 2129//3822
f 2116//3823 2129//3823 2140//3823
f 2116//3824 2140//3824 2117//3824
f 2117//3825 2140//3825 2141//3825
f 2118//3826 2004//3826 2031//3826
f 2130//3827 2031//3827 2001//3827
f 2130//3828 2001//3828 2131//3828
f 2131//3829 2001//3829 2003//3829
f 2131//3830 2003//3830 2119//3830
f 2119//3831 2003//3831 2026//3831
f 2119//3832 2026//3832 2120//3832
f 2120//3833 2026//3833 2023//3833
f 2120//3834 2023//3834 2121//3834
f 2121//3835 2023//3835 2021//3835
f 2121//3836 2021//3836 2132//3836
f 2132//3837 2021//3837 2039//3837
f 2132//3838 2039//3838 2133//3838
f 2133//3838 2039//3838 2040//3838
f 2133//3839 2040//3839 2134//3839
f 2134//3839 2040//3839 2041//3839
f 2134//3840 2041//3840 2135//3840
f 2135//3840 2041//3840 2047//3840
f 2135//3841 2047//3841 2136//3841
f 2136//3841 2047//3841 2051//3841
f 2136//3842 2051//3842 2137//3842
f 2137//3842 2051//3842 2052//3842
f 2137//3843 2052//3843 2138//3843
f 2138//3843 2052//3843 2053//3843
f 2138//3844 2053//3844 2139//3844
f 2139//3845 2053//3845 2013//3845
f 2139//3846 2013//3846 2129//3846
f 2129//3847 2013//3847 2012//3847
f 2129//3848 2012//3848 2140//3848
f 2141//3849 2140//3849 2011//3849
f 2028//3850 2078//3850 2079//3850
f 2028//3851 2079//3851 2142//3851
f 2142//3852 2079//3852 2091//3852
f 2142//3853 2091//3853 2143//3853
f 2143//3854 2091//3854 2117//3854
f 2143//3855 2117//3855 2144//3855
f 2144//3856 2117//3856 2141//3856
f 2144//3857 2141//3857 2145//3857
f 2145//3858 2141//3858 2011//3858
f 2145//3859 2011//3859 2010//3859
f 2027//3860 2028//3860 2146//3860
f 2146//3861 2028//3861 2142//3861
f 2146//3862 2142//3862 2147//3862
f 2147//3863 2142//3863 2143//3863
f 2147//3864 2143//3864 2148//3864
f 2148//3865 2143//3865 2144//3865
f 2148//3866 2144//3866 2149//3866
f 2149//3867 2144//3867 2145//3867
f 2149//3868 2145//3868 2150//3868
f 2150//3869 2145//3869 2010//3869
f 2150//3870 2010//3870 2009//3870
f 2030//3871 2146//3871 2147//3871
f 2030//3872 2147//3872 2061//3872
f 2061//3873 2147//3873 2148//3873
f 2061//3874 2148//3874 2092//3874
f 2092//3875 2148//3875 2149//3875
f 2092//3876 2149//3876 2118//3876
f 2118//3877 2149//3877 2150//3877
f 2118//3878 2150//3878 2009//3878
f 2118//3879 2009//3879 2004//3879
f 2159//3880 2158//3880 2160//3880
f 2159//3881 2160//3881 2161//3881
f 2161//3882 2160//3882 2162//3882
f 2164//3883 2165//3883 2166//3883
f 2163//3884 2167//3884 2165//3884
f 2165//3885 2167//3885 2166//3885
f 2170//3886 2171//3886 2169//3886
f 2169//3887 2171//3887 2168//3887
f 2173//3888 2172//3888 2627//3888
f 2173//3889 2627//3889 2174//3889
f 2244//3890 2177//3890 2178//3890
f 2179//3891 2180//3891 2181//3891
f 2182//3892 2183//3892 2184//3892
f 2184//3893 2183//3893 2185//3893
f 2184//3894 2185//3894 2407//3894
f 2186//3895 2187//3895 2182//3895
f 2182//3896 2187//3896 2188//3896
f 2182//3897 2188//3897 2183//3897
f 2187//3898 2186//3898 2247//3898
f 2187//3899 2247//3899 2189//3899
f 2180//3900 2179//3900 2247//3900
f 2247//3901 2179//3901 2189//3901
f 2180//3902 2190//3902 2181//3902
f 2181//3903 2190//3903 2191//3903
f 2181//3904 2191//3904 2192//3904
f 2192//3905 2191//3905 2193//3905
f 2193//3906 2191//3906 2194//3906
f 2193//3907 2194//3907 2195//3907
f 2195//3908 2194//3908 2196//3908
f 2195//3909 2196//3909 2197//3909
f 2197//3910 2196//3910 2198//3910
f 2197//3911 2198//3911 2199//3911
f 2197//3912 2199//3912 2178//3912
f 2178//3913 2199//3913 2244//3913
f 2244//3914 2200//3914 2177//3914
f 2177//3915 2200//3915 2201//3915
f 2177//3916 2201//3916 2202//3916
f 2202//3917 2201//3917 2238//3917
f 2202//3918 2238//3918 2203//3918
f 2203//3919 2238//3919 2204//3919
f 2203//3920 2204//3920 2205//3920
f 2205//3921 2204//3921 2206//3921
f 2206//3922 2204//3922 2207//3922
f 2206//3923 2207//3923 2208//3923
f 2206//3924 2208//3924 2209//3924
f 2152//3925 2154//3925 2188//3925
f 2209//3926 2169//3926 2206//3926
f 2203//3927 2166//3927 2202//3927
f 2187//3928 2210//3928 2188//3928
f 2628//3929 2185//3929 2153//3929
f 2153//3930 2185//3930 2183//3930
f 2188//3931 2154//3931 2183//3931
f 2183//3932 2154//3932 2153//3932
f 2168//3933 2164//3933 2203//3933
f 2203//3934 2164//3934 2166//3934
f 2188//3935 2210//3935 2152//3935
f 2155//3936 2187//3936 2179//3936
f 2179//3937 2187//3937 2189//3937
f 2155//3938 2151//3938 2187//3938
f 2187//3939 2151//3939 2210//3939
f 2210//3940 2151//3940 2152//3940
f 2181//3941 2157//3941 2156//3941
f 2181//3942 2156//3942 2179//3942
f 2179//3943 2156//3943 2155//3943
f 2193//3944 2158//3944 2192//3944
f 2192//3945 2158//3945 2157//3945
f 2192//3946 2157//3946 2181//3946
f 2197//3947 2160//3947 2195//3947
f 2195//3948 2160//3948 2158//3948
f 2195//3949 2158//3949 2193//3949
f 2167//3950 2163//3950 2177//3950
f 2177//3951 2163//3951 2178//3951
f 2178//3952 2163//3952 2162//3952
f 2178//3953 2162//3953 2197//3953
f 2197//3954 2162//3954 2160//3954
f 2166//3955 2167//3955 2202//3955
f 2202//3956 2167//3956 2177//3956
f 2203//3957 2205//3957 2168//3957
f 2168//3958 2205//3958 2206//3958
f 2168//3959 2206//3959 2169//3959
f 2170//3960 2169//3960 2209//3960
f 2212//3961 2211//3961 2757//3961
f 2212//3962 2757//3962 2221//3962
f 2211//3963 2212//3963 2213//3963
f 2213//3964 2212//3964 2214//3964
f 2213//3965 2214//3965 2215//3965
f 2213//3966 2215//3966 2216//3966
f 2215//3967 2217//3967 2216//3967
f 2212//3968 2221//3968 2220//3968
f 2212//3969 2220//3969 2214//3969
f 2214//3970 2220//3970 2219//3970
f 2214//3971 2219//3971 2215//3971
f 2215//3972 2219//3972 2222//3972
f 2215//3973 2222//3973 2217//3973
f 2217//3974 2222//3974 2223//3974
f 2224//3975 2223//3975 2218//3975
f 2218//3976 2223//3976 2222//3976
f 2218//3977 2222//3977 2219//3977
f 2225//3978 2445//3978 2444//3978
f 2225//3979 2226//3979 2445//3979
f 2445//3980 2226//3980 2227//3980
f 2227//3981 2226//3981 2228//3981
f 2227//3982 2228//3982 2229//3982
f 2229//3983 2228//3983 2230//3983
f 2229//3984 2230//3984 2231//3984
f 2231//3985 2230//3985 2232//3985
f 2231//3986 2232//3986 2233//3986
f 2233//3987 2232//3987 2234//3987
f 2233//3988 2234//3988 2235//3988
f 2236//3989 2208//3989 2207//3989
f 2236//3990 2207//3990 2237//3990
f 2207//3991 2204//3991 2237//3991
f 2237//3992 2204//3992 2238//3992
f 2237//3993 2238//3993 2239//3993
f 2240//3994 2180//3994 2241//3994
f 2240//3995 2241//3995 2242//3995
f 2238//3996 2243//3996 2239//3996
f 2239//3997 2243//3997 2200//3997
f 2239//3998 2200//3998 2244//3998
f 2244//3999 2245//3999 2239//3999
f 2239//4000 2245//4000 2246//4000
f 2180//4001 2247//4001 2241//4001
f 2241//4002 2247//4002 2186//4002
f 2241//4003 2186//4003 2248//4003
f 2241//4004 2248//4004 2249//4004
f 2249//4005 2404//4005 2241//4005
f 2241//4006 2404//4006 2406//4006
f 2241//4007 2406//4007 2250//4007
f 2246//4008 2242//4008 2239//4008
f 2239//4009 2242//4009 2241//4009
f 2239//4010 2241//4010 2447//4010
f 2447//4011 2241//4011 2251//4011
f 2447//4012 2251//4012 2252//4012
f 2225//4013 2444//4013 2253//4013
f 2253//4014 2444//4014 2252//4014
f 2253//4015 2252//4015 2251//4015
f 2254//4016 2255//4016 2256//4016
f 2257//4017 2764//4017 2258//4017
f 2257//4018 2258//4018 2259//4018
f 2257//4019 2259//4019 2260//4019
f 2260//4020 2261//4020 2761//4020
f 2761//4021 2261//4021 2262//4021
f 2761//4022 2262//4022 2263//4022
f 2264//4023 2265//4023 2263//4023
f 2266//4024 2265//4024 2264//4024
f 2266//4025 2264//4025 2267//4025
f 2263//4026 2262//4026 2264//4026
f 2264//4027 2262//4027 2268//4027
f 2264//4028 2268//4028 2267//4028
f 2260//4029 2259//4029 2261//4029
f 2262//4030 2261//4030 2269//4030
f 2262//4031 2269//4031 2268//4031
f 2255//4032 2270//4032 2271//4032
f 2255//4033 2271//4033 2256//4033
f 2258//4034 2254//4034 2256//4034
f 2258//4035 2256//4035 2259//4035
f 2259//4036 2256//4036 2271//4036
f 2259//4037 2271//4037 2261//4037
f 2261//4038 2271//4038 2270//4038
f 2261//4039 2270//4039 2269//4039
f 2272//4040 2273//4040 2274//4040
f 2274//4041 2273//4041 2275//4041
f 2276//4042 2277//4042 2275//4042
f 2275//4043 2277//4043 2274//4043
f 2764//4044 2277//4044 2276//4044
f 2278//4045 2254//4045 2258//4045
f 2255//4046 2254//4046 2279//4046
f 2279//4047 2254//4047 2278//4047
f 2279//4048 2278//4048 2280//4048
f 2280//4049 2278//4049 2281//4049
f 2280//4050 2281//4050 2282//4050
f 2282//4051 2281//4051 2283//4051
f 2272//4052 2771//4052 2273//4052
f 2273//4053 2771//4053 2284//4053
f 2273//4054 2284//4054 2285//4054
f 2250//4055 2282//4055 2285//4055
f 2285//4056 2282//4056 2283//4056
f 2285//4057 2283//4057 2273//4057
f 2273//4058 2283//4058 2281//4058
f 2273//4059 2281//4059 2275//4059
f 2275//4060 2281//4060 2278//4060
f 2275//4061 2278//4061 2276//4061
f 2276//4062 2278//4062 2258//4062
f 2276//4063 2258//4063 2764//4063
f 2286//4064 2287//4064 2225//4064
f 2288//4065 2289//4065 2290//4065
f 2290//4066 2289//4066 2291//4066
f 2772//4067 2292//4067 2293//4067
f 2293//4068 2292//4068 2291//4068
f 2291//4069 2292//4069 2290//4069
f 2293//4070 2294//4070 2772//4070
f 2772//4071 2294//4071 2284//4071
f 2772//4072 2284//4072 2771//4072
f 2250//4073 2285//4073 2241//4073
f 2241//4074 2285//4074 2295//4074
f 2241//4075 2295//4075 2251//4075
f 2251//4076 2295//4076 2296//4076
f 2251//4077 2296//4077 2253//4077
f 2253//4078 2296//4078 2286//4078
f 2253//4079 2286//4079 2225//4079
f 2289//4080 2287//4080 2291//4080
f 2291//4081 2287//4081 2286//4081
f 2291//4082 2286//4082 2293//4082
f 2293//4083 2286//4083 2296//4083
f 2293//4084 2296//4084 2294//4084
f 2294//4085 2296//4085 2295//4085
f 2294//4086 2295//4086 2284//4086
f 2284//4086 2295//4086 2285//4086
f 2297//4087 2298//4087 2299//4087
f 2300//4088 2298//4088 2301//4088
f 2301//4089 2298//4089 2297//4089
f 2301//4090 2297//4090 2230//4090
f 2289//4091 2302//4091 2303//4091
f 2289//4092 2288//4092 2302//4092
f 2304//4093 2234//4093 2305//4093
f 2305//4094 2234//4094 2232//4094
f 2232//4095 2230//4095 2297//4095
f 2232//4096 2297//4096 2305//4096
f 2305//4097 2297//4097 2299//4097
f 2305//4098 2299//4098 2304//4098
f 2306//4099 2228//4099 2226//4099
f 2230//4100 2228//4100 2301//4100
f 2301//4101 2228//4101 2306//4101
f 2301//4102 2306//4102 2307//4102
f 2301//4103 2307//4103 2300//4103
f 2226//4104 2225//4104 2287//4104
f 2226//4105 2287//4105 2306//4105
f 2306//4106 2287//4106 2289//4106
f 2306//4107 2289//4107 2307//4107
f 2307//4108 2289//4108 2303//4108
f 2307//4109 2303//4109 2300//4109
f 2308//4110 2235//4110 2234//4110
f 2310//4111 2234//4111 2309//4111
f 2309//4112 2234//4112 2304//4112
f 2310//4113 2308//4113 2234//4113
f 2311//4114 2312//4114 2313//4114
f 2313//4115 2312//4115 2314//4115
f 2313//4116 2314//4116 2315//4116
f 2315//4117 2314//4117 2316//4117
f 2315//4118 2316//4118 2317//4118
f 2317//4119 2316//4119 2318//4119
f 2310//4120 2309//4120 2311//4120
f 2318//4121 2319//4121 2317//4121
f 2317//4122 2319//4122 2320//4122
f 2317//4123 2320//4123 2315//4123
f 2315//4124 2320//4124 2321//4124
f 2315//4125 2321//4125 2313//4125
f 2313//4126 2321//4126 2322//4126
f 2313//4127 2322//4127 2311//4127
f 2311//4128 2322//4128 2310//4128
f 2321//4129 2324//4129 2322//4129
f 2322//4130 2324//4130 2310//4130
f 2319//4131 2323//4131 2320//4131
f 2308//4132 2310//4132 2325//4132
f 2325//4133 2310//4133 2324//4133
f 2325//4134 2324//4134 2326//4134
f 2326//4135 2324//4135 2321//4135
f 2326//4136 2321//4136 2443//4136
f 2443//4137 2321//4137 2320//4137
f 2323//4138 2438//4138 2327//4138
f 2323//4139 2327//4139 2320//4139
f 2320//4140 2327//4140 2443//4140
f 2438//4141 2323//4141 2330//4141
f 2330//4142 2323//4142 2331//4142
f 2330//4143 2331//4143 2441//4143
f 2441//4144 2331//4144 2332//4144
f 2331//4145 2333//4145 2332//4145
f 2332//4146 2333//4146 2328//4146
f 2332//4147 2328//4147 2329//4147
f 2329//4148 2328//4148 2334//4148
f 2334//4149 2328//4149 2335//4149
f 2334//4150 2335//4150 2431//4150
f 2431//4151 2335//4151 2336//4151
f 2335//4152 2337//4152 2336//4152
f 2336//4153 2337//4153 2434//4153
f 2434//4154 2337//4154 2338//4154
f 2434//4155 2338//4155 2339//4155
f 2339//4156 2338//4156 2224//4156
f 2339//4157 2224//4157 2340//4157
f 2340//4158 2224//4158 2218//4158
f 2340//4159 2218//4159 2428//4159
f 2428//4160 2218//4160 2219//4160
f 2220//4161 2221//4161 2341//4161
f 2341//4162 2342//4162 2220//4162
f 2220//4163 2342//4163 2343//4163
f 2220//4164 2343//4164 2219//4164
f 2219//4165 2343//4165 2344//4165
f 2219//4166 2344//4166 2428//4166
f 2266//4167 2345//4167 2221//4167
f 2221//4168 2345//4168 2341//4168
f 2266//4169 2221//4169 2757//4169
f 2689//4170 2216//4170 2217//4170
f 2217//4171 2346//4171 2689//4171
f 2689//4172 2346//4172 1921//4172
f 2689//4173 1921//4173 1990//4173
f 2348//4174 1916//4174 1920//4174
f 2348//4175 1920//4175 2347//4175
f 2347//4176 1920//4176 1921//4176
f 1916//4177 2348//4177 2349//4177
f 1916//4178 2349//4178 1914//4178
f 2335//4179 2328//4179 2349//4179
f 2346//4180 2217//4180 2223//4180
f 2347//4181 1921//4181 2346//4181
f 2347//4182 2346//4182 2350//4182
f 2350//4183 2346//4183 2223//4183
f 2350//4184 2223//4184 2224//4184
f 2224//4185 2338//4185 2350//4185
f 2350//4186 2338//4186 2337//4186
f 2350//4187 2337//4187 2347//4187
f 2347//4188 2337//4188 2335//4188
f 2347//4189 2335//4189 2348//4189
f 2348//4190 2335//4190 2349//4190
f 2333//4191 2351//4191 2352//4191
f 1914//4192 2349//4192 2352//4192
f 1923//4193 2351//4193 2353//4193
f 1923//4194 2353//4194 1924//4194
f 2351//4195 1923//4195 1922//4195
f 2351//4196 1922//4196 1917//4196
f 2351//4197 1917//4197 2352//4197
f 2352//4198 1917//4198 1914//4198
f 2319//4199 2354//4199 2331//4199
f 2319//4200 2331//4200 2323//4200
f 2333//4201 2331//4201 2351//4201
f 2351//4202 2331//4202 2354//4202
f 2351//4203 2354//4203 2353//4203
f 2353//4204 2354//4204 2319//4204
f 2353//4205 2319//4205 2318//4205
f 2349//4206 2328//4206 2352//4206
f 2352//4207 2328//4207 2333//4207
f 2318//4208 2316//4208 2355//4208
f 2353//4209 2318//4209 2355//4209
f 2353//4210 2355//4210 1924//4210
f 1924//4211 2355//4211 1992//4211
f 2625//4212 2357//4212 2356//4212
f 2356//4213 2357//4213 2358//4213
f 2364//4214 2622//4214 2365//4214
f 2368//4215 2369//4215 2370//4215
f 2370//4216 2369//4216 2170//4216
f 2365//4217 2371//4217 2372//4217
f 2373//4218 2368//4218 2374//4218
f 2374//4219 2368//4219 2370//4219
f 2370//4220 2170//4220 2209//4220
f 2621//4221 2367//4221 2373//4221
f 2373//4222 2367//4222 2368//4222
f 2373//4223 2375//4223 2621//4223
f 2621//4224 2375//4224 2376//4224
f 2621//4225 2376//4225 2366//4225
f 2371//4226 2365//4226 2376//4226
f 2376//4227 2365//4227 2366//4227
f 2623//4228 2364//4228 2372//4228
f 2372//4229 2364//4229 2365//4229
f 2372//4230 2378//4230 2623//4230
f 2623//4231 2378//4231 2379//4231
f 2623//4232 2379//4232 2363//4232
f 2363//4233 2379//4233 2380//4233
f 2363//4234 2380//4234 2362//4234
f 2362//4235 2380//4235 2381//4235
f 2362//4236 2381//4236 2360//4236
f 2360//4237 2381//4237 2382//4237
f 2360//4238 2382//4238 2361//4238
f 2361//4239 2382//4239 2383//4239
f 2361//4240 2383//4240 2359//4240
f 2359//4241 2383//4241 2384//4241
f 2359//4242 2384//4242 2358//4242
f 2358//4243 2384//4243 2356//4243
f 2356//4244 2377//4244 2625//4244
f 2385//4245 2376//4245 2386//4245
f 2386//4246 2376//4246 2375//4246
f 2386//4247 2375//4247 2414//4247
f 2414//4248 2375//4248 2373//4248
f 2414//4249 2373//4249 2413//4249
f 2413//4250 2373//4250 2374//4250
f 2413//4251 2374//4251 2412//4251
f 2412//4252 2374//4252 2370//4252
f 2412//4253 2370//4253 2387//4253
f 2387//4254 2370//4254 2209//4254
f 2387//4255 2209//4255 2208//4255
f 2388//4256 2372//4256 2385//4256
f 2385//4257 2372//4257 2371//4257
f 2385//4258 2371//4258 2376//4258
f 2372//4259 2388//4259 2389//4259
f 2372//4260 2389//4260 2378//4260
f 2378//4261 2389//4261 2415//4261
f 2378//4262 2415//4262 2379//4262
f 2379//4263 2415//4263 2390//4263
f 2379//4264 2390//4264 2380//4264
f 2380//4265 2390//4265 2391//4265
f 2380//4266 2391//4266 2381//4266
f 2381//4267 2391//4267 2382//4267
f 2391//4268 2411//4268 2382//4268
f 2382//4269 2411//4269 2392//4269
f 2382//4270 2392//4270 2383//4270
f 2383//4271 2392//4271 2393//4271
f 2383//4272 2393//4272 2384//4272
f 2384//4273 2393//4273 2356//4273
f 2410//4274 2377//4274 2394//4274
f 2394//4275 2377//4275 2356//4275
f 2394//4276 2356//4276 2393//4276
f 2377//4277 2410//4277 2416//4277
f 2377//4278 2416//4278 2395//4278
f 2395//4279 2416//4279 2396//4279
f 2416//4280 2397//4280 2396//4280
f 2396//4281 2397//4281 2398//4281
f 2397//4282 2399//4282 2398//4282
f 2398//4283 2399//4283 2400//4283
f 2625//4284 2377//4284 2176//4284
f 2174//4285 2175//4285 2398//4285
f 2398//4286 2175//4286 2176//4286
f 2398//4287 2176//4287 2396//4287
f 2396//4288 2176//4288 2395//4288
f 2395//4289 2176//4289 2377//4289
f 2398//4290 2400//4290 2174//4290
f 2172//4291 2401//4291 2628//4291
f 2628//4292 2401//4292 2185//4292
f 2402//4293 2401//4293 2172//4293
f 2174//4294 2400//4294 2173//4294
f 2173//4295 2400//4295 2402//4295
f 2173//4296 2402//4296 2172//4296
f 2402//4297 2400//4297 2403//4297
f 2403//4298 2400//4298 2399//4298
f 2402//4299 2403//4299 2406//4299
f 2402//4300 2406//4300 2401//4300
f 2407//4301 2185//4301 2401//4301
f 2407//4302 2401//4302 2404//4302
f 2404//4303 2401//4303 2406//4303
f 2405//4304 2250//4304 2406//4304
f 2404//4305 2249//4305 2407//4305
f 2405//4306 2406//4306 2403//4306
f 2405//4307 2403//4307 2399//4307
f 2186//4308 2182//4308 2248//4308
f 2200//4309 2408//4309 2201//4309
f 2238//4310 2201//4310 2243//4310
f 2243//4311 2201//4311 2408//4311
f 2243//4312 2408//4312 2200//4312
f 2244//4313 2199//4313 2245//4313
f 2245//4314 2199//4314 2198//4314
f 2245//4315 2198//4315 2246//4315
f 2246//4316 2191//4316 2242//4316
f 2242//4317 2191//4317 2190//4317
f 2242//4318 2190//4318 2240//4318
f 2182//4319 2184//4319 2248//4319
f 2246//4320 2194//4320 2191//4320
f 2180//4321 2240//4321 2190//4321
f 2196//4322 2194//4322 2246//4322
f 2196//4323 2246//4323 2198//4323
f 2249//4324 2248//4324 2184//4324
f 2407//4325 2249//4325 2184//4325
f 2394//4326 2409//4326 2410//4326
f 2405//4327 2399//4327 2250//4327
f 2250//4328 2399//4328 2417//4328
f 2409//4329 2417//4329 2416//4329
f 2410//4330 2409//4330 2416//4330
f 2416//4331 2417//4331 2397//4331
f 2397//4332 2417//4332 2399//4332
f 2385//4333 2386//4333 2418//4333
f 2250//4334 2417//4334 2282//4334
f 2282//4335 2417//4335 2409//4335
f 2282//4336 2409//4336 2394//4336
f 2282//4337 2394//4337 2393//4337
f 2282//4338 2393//4338 2392//4338
f 2415//4339 2389//4339 2418//4339
f 2418//4340 2389//4340 2388//4340
f 2418//4341 2388//4341 2385//4341
f 2392//4342 2411//4342 2282//4342
f 2282//4343 2411//4343 2391//4343
f 2282//4344 2391//4344 2390//4344
f 2386//4345 2414//4345 2418//4345
f 2418//4346 2414//4346 2413//4346
f 2418//4347 2413//4347 2449//4347
f 2413//4348 2412//4348 2449//4348
f 2449//4349 2412//4349 2387//4349
f 2449//4350 2387//4350 2236//4350
f 2236//4351 2387//4351 2208//4351
f 2390//4352 2415//4352 2282//4352
f 2282//4353 2415//4353 2418//4353
f 2282//4354 2418//4354 2280//4354
f 2280//4355 2418//4355 2419//4355
f 2280//4356 2419//4356 2279//4356
f 2279//4357 2419//4357 2420//4357
f 2279//4358 2420//4358 2421//4358
f 2279//4359 2421//4359 2255//4359
f 2268//4360 2425//4360 2267//4360
f 2267//4361 2425//4361 2345//4361
f 2267//4362 2345//4362 2266//4362
f 2422//4363 2426//4363 2268//4363
f 2268//4364 2426//4364 2425//4364
f 2268//4365 2269//4365 2422//4365
f 2422//4366 2269//4366 2270//4366
f 2422//4367 2270//4367 2423//4367
f 2423//4368 2270//4368 2255//4368
f 2423//4369 2255//4369 2424//4369
f 2424//4370 2255//4370 2421//4370
f 2424//4371 2422//4371 2423//4371
f 2342//4372 2341//4372 2343//4372
f 2340//4373 2427//4373 2339//4373
f 2428//4374 2427//4374 2340//4374
f 2344//4375 2343//4375 2428//4375
f 2430//4376 2429//4376 2431//4376
f 2433//4377 2336//4377 2434//4377
f 2339//4378 2427//4378 2434//4378
f 2336//4379 2433//4379 2432//4379
f 2336//4380 2432//4380 2431//4380
f 2334//4381 2431//4381 2429//4381
f 2334//4382 2429//4382 2329//4382
f 2429//4383 2437//4383 2329//4383
f 2435//4384 2436//4384 2438//4384
f 2435//4385 2438//4385 2330//4385
f 2437//4386 2439//4386 2329//4386
f 2329//4387 2439//4387 2332//4387
f 2439//4388 2440//4388 2332//4388
f 2332//4389 2440//4389 2441//4389
f 2440//4390 2435//4390 2441//4390
f 2441//4391 2435//4391 2330//4391
f 2438//4392 2436//4392 2327//4392
f 2443//4393 2442//4393 2326//4393
f 2436//4394 2443//4394 2327//4394
f 2442//4395 2325//4395 2326//4395
f 2233//4396 2235//4396 2231//4396
f 2227//4397 2229//4397 2446//4397
f 2446//4398 2229//4398 2231//4398
f 2448//4399 2237//4399 2447//4399
f 2239//4400 2447//4400 2237//4400
f 2449//4401 2419//4401 2418//4401
f 2450//4402 2451//4402 2452//4402
f 2451//4403 2450//4403 2460//4403
f 2463//4404 2459//4404 2461//4404
f 2463//4405 2452//4405 2458//4405
f 2463//4406 2458//4406 2459//4406
f 2457//4407 2461//4407 2456//4407
f 2456//4408 2461//4408 2459//4408
f 2451//4409 2458//4409 2452//4409
f 2453//4410 2454//4410 2461//4410
f 2453//4411 2461//4411 2457//4411
f 2453//4412 2457//4412 2455//4412
f 2462//4413 2455//4413 2457//4413
f 2463//4414 2461//4414 2454//4414
f 2463//4415 2454//4415 2452//4415
f 2460//4416 2450//4416 2465//4416
f 2464//4417 2460//4417 2465//4417
f 2465//4418 2450//4418 2452//4418
f 2465//4419 2452//4419 2466//4419
f 2465//4420 2466//4420 2467//4420
f 2466//4421 2468//4421 2467//4421
f 2465//4422 2467//4422 2464//4422
f 2469//4423 2470//4423 2471//4423
f 2469//4424 2471//4424 2472//4424
f 2473//4425 2484//4425 2469//4425
f 2469//4426 2484//4426 2470//4426
f 2473//4427 2530//4427 2484//4427
f 2484//4428 2530//4428 2535//4428
f 2474//4429 2541//4429 2546//4429
f 2474//4430 2546//4430 2545//4430
f 2474//4431 2545//4431 2475//4431
f 2475//4432 2545//4432 2544//4432
f 2475//4433 2544//4433 2468//4433
f 2468//4434 2544//4434 2542//4434
f 2541//4435 2474//4435 2476//4435
f 2541//4436 2476//4436 2539//4436
f 2539//4437 2476//4437 2538//4437
f 2538//4438 2476//4438 2477//4438
f 2478//4439 2479//4439 2477//4439
f 2477//4440 2479//4440 2538//4440
f 2479//4441 2478//4441 2480//4441
f 2479//4442 2480//4442 2481//4442
f 2481//4443 2480//4443 2482//4443
f 2480//4444 2483//4444 2482//4444
f 2482//4445 2483//4445 2484//4445
f 2482//4446 2484//4446 2535//4446
f 2483//4447 2480//4447 2478//4447
f 2470//4448 2484//4448 2483//4448
f 2470//4449 2483//4449 2471//4449
f 2471//4450 2483//4450 2478//4450
f 2485//4451 2486//4451 2487//4451
f 2485//4452 2487//4452 2488//4452
f 2488//4453 2487//4453 2489//4453
f 2488//4454 2489//4454 2490//4454
f 2490//4455 2489//4455 2491//4455
f 2490//4456 2491//4456 2492//4456
f 2492//4457 2491//4457 2493//4457
f 2492//4458 2493//4458 2471//4458
f 2493//4459 2494//4459 2472//4459
f 2493//4460 2472//4460 2471//4460
f 2471//4461 2478//4461 2492//4461
f 2492//4462 2478//4462 2490//4462
f 2478//4463 2477//4463 2490//4463
f 2490//4464 2477//4464 2488//4464
f 2488//4465 2477//4465 2476//4465
f 2488//4466 2476//4466 2485//4466
f 2485//4467 2476//4467 2474//4467
f 2468//4468 2466//4468 2495//4468
f 2496//4469 2497//4469 2498//4469
f 2485//4470 2474//4470 2498//4470
f 2498//4471 2474//4471 2496//4471
f 2496//4472 2474//4472 2475//4472
f 2496//4473 2475//4473 2495//4473
f 2495//4474 2475//4474 2468//4474
f 2452//4475 2454//4475 2499//4475
f 2452//4476 2499//4476 2466//4476
f 2495//4477 2466//4477 2499//4477
f 2495//4478 2499//4478 2496//4478
f 2496//4479 2499//4479 2500//4479
f 2496//4480 2500//4480 2497//4480
f 2497//4481 2500//4481 2501//4481
f 2497//4482 2501//4482 2498//4482
f 2498//4483 2501//4483 2486//4483
f 2498//4484 2486//4484 2485//4484
f 2502//4485 2486//4485 2501//4485
f 2499//4486 2503//4486 2500//4486
f 2504//4487 2505//4487 2502//4487
f 2505//4488 2506//4488 2507//4488
f 2508//4489 2509//4489 2510//4489
f 2499//4490 2454//4490 2503//4490
f 2503//4491 2454//4491 2453//4491
f 2505//4492 2504//4492 2506//4492
f 2506//4493 2504//4493 2508//4493
f 2508//4494 2504//4494 2509//4494
f 2510//4495 2509//4495 2455//4495
f 2510//4496 2455//4496 2462//4496
f 2504//4497 2502//4497 2501//4497
f 2504//4498 2501//4498 2500//4498
f 2504//4499 2500//4499 2503//4499
f 2504//4500 2503//4500 2509//4500
f 2509//4501 2503//4501 2455//4501
f 2503//4502 2453//4502 2455//4502
f 2505//4503 2487//4503 2502//4503
f 2513//4504 2514//4504 2515//4504
f 2513//4505 2515//4505 2516//4505
f 2516//4506 2515//4506 2493//4506
f 2493//4507 2515//4507 2494//4507
f 2512//4508 2513//4508 2516//4508
f 2507//4509 2511//4509 2517//4509
f 2507//4510 2517//4510 2505//4510
f 2505//4511 2517//4511 2487//4511
f 2511//4512 2512//4512 2517//4512
f 2512//4513 2516//4513 2517//4513
f 2517//4514 2516//4514 2491//4514
f 2517//4515 2491//4515 2489//4515
f 2516//4516 2493//4516 2491//4516
f 2517//4517 2489//4517 2487//4517
f 2487//4518 2486//4518 2502//4518
f 2522//4519 2519//4519 2514//4519
f 2522//4520 2521//4520 2519//4520
f 2523//4521 2472//4521 2494//4521
f 2524//4522 2473//4522 2469//4522
f 2523//4523 2518//4523 2520//4523
f 2515//4524 2514//4524 2519//4524
f 2518//4525 2519//4525 2521//4525
f 2518//4526 2521//4526 2520//4526
f 2524//4527 2469//4527 2472//4527
f 2524//4528 2472//4528 2523//4528
f 2518//4529 2523//4529 2494//4529
f 2518//4530 2494//4530 2519//4530
f 2519//4531 2494//4531 2515//4531
f 2520//4532 2525//4532 2524//4532
f 2520//4533 2524//4533 2523//4533
f 2520//4534 2526//4534 2525//4534
f 2525//4535 2526//4535 2527//4535
f 2525//4536 2527//4536 2524//4536
f 2524//4537 2527//4537 2531//4537
f 2524//4538 2531//4538 2473//4538
f 2473//4539 2531//4539 2530//4539
f 2521//4540 2522//4540 2528//4540
f 2521//4541 2528//4541 2520//4541
f 2520//4542 2528//4542 2526//4542
f 2514//4543 2529//4543 2522//4543
f 2522//4544 2529//4544 2528//4544
f 2530//4545 2531//4545 2532//4545
f 2529//4546 2533//4546 2528//4546
f 2528//4547 2533//4547 2534//4547
f 2528//4548 2534//4548 2526//4548
f 2532//4549 2527//4549 2534//4549
f 2534//4550 2527//4550 2526//4550
f 2527//4551 2532//4551 2531//4551
f 2481//4552 2536//4552 2479//4552
f 2539//4553 2540//4553 2541//4553
f 2537//4554 2538//4554 2479//4554
f 2543//4555 2542//4555 2544//4555
f 2547//4556 2464//4556 2548//4556
f 2464//4557 2467//4557 2548//4557
f 2548//4558 2467//4558 2549//4558
f 2468//4559 2542//4559 2549//4559
f 2468//4560 2549//4560 2467//4560
f 2464//4561 2547//4561 2460//4561
f 2460//4562 2547//4562 2550//4562
f 2557//4563 2555//4563 2556//4563
f 2557//4564 2556//4564 2554//4564
f 2554//4565 2551//4565 2558//4565
f 2556//4566 2552//4566 2554//4566
f 2555//4567 2462//4567 2556//4567
f 2556//4568 2462//4568 2457//4568
f 2556//4569 2457//4569 2552//4569
f 2457//4570 2456//4570 2552//4570
f 2552//4571 2456//4571 2459//4571
f 2552//4572 2459//4572 2554//4572
f 2554//4573 2459//4573 2551//4573
f 2551//4574 2459//4574 2458//4574
f 2551//4575 2458//4575 2558//4575
f 2558//4576 2458//4576 2451//4576
f 2558//4577 2451//4577 2553//4577
f 2553//4578 2451//4578 2460//4578
f 2553//4579 2460//4579 2550//4579
f 2462//4580 2555//4580 2559//4580
f 2462//4581 2559//4581 2510//4581
f 2510//4582 2559//4582 2560//4582
f 2510//4583 2560//4583 2508//4583
f 2508//4584 2560//4584 2561//4584
f 2508//4585 2561//4585 2506//4585
f 2506//4586 2561//4586 2567//4586
f 2506//4587 2567//4587 2507//4587
f 2529//4588 2514//4588 2513//4588
f 2529//4589 2513//4589 2562//4589
f 2562//4590 2513//4590 2512//4590
f 2562//4591 2512//4591 2563//4591
f 2563//4592 2512//4592 2511//4592
f 2563//4593 2511//4593 2564//4593
f 2564//4594 2511//4594 2507//4594
f 2564//4595 2507//4595 2567//4595
f 2567//4596 2566//4596 2564//4596
f 2570//4597 2562//4597 2563//4597
f 2568//4598 2533//4598 2529//4598
f 2529//4599 2562//4599 2568//4599
f 2568//4600 2562//4600 2570//4600
f 2570//4601 2563//4601 2569//4601
f 2569//4602 2563//4602 2564//4602
f 2569//4603 2564//4603 2565//4603
f 2565//4604 2564//4604 2566//4604
f 2570//4605 2569//4605 2568//4605
f 2571//4606 2561//4606 2560//4606
f 2572//4607 2559//4607 2555//4607
f 2573//4608 2567//4608 2561//4608
f 2555//4609 2557//4609 2572//4609
f 2561//4610 2571//4610 2573//4610
f 2571//4611 2560//4611 2575//4611
f 2560//4612 2559//4612 2574//4612
f 2560//4613 2574//4613 2575//4613
f 2559//4614 2572//4614 2574//4614
f 2571//4615 2575//4615 2573//4615
f 2426//4616 2554//4616 2425//4616
f 2425//4617 2554//4617 2558//4617
f 2425//4618 2558//4618 2553//4618
f 2425//4619 2553//4619 2345//4619
f 2345//4620 2553//4620 2550//4620
f 2345//4621 2550//4621 2341//4621
f 2341//4622 2550//4622 2547//4622
f 2341//4623 2547//4623 2343//4623
f 2343//4624 2547//4624 2548//4624
f 2343//4625 2548//4625 2428//4625
f 2428//4626 2548//4626 2549//4626
f 2428//4627 2549//4627 2427//4627
f 2427//4628 2549//4628 2542//4628
f 2426//4629 2422//4629 2554//4629
f 2554//4630 2422//4630 2424//4630
f 2554//4631 2424//4631 2557//4631
f 2557//4632 2424//4632 2421//4632
f 2557//4633 2421//4633 2572//4633
f 2572//4634 2421//4634 2420//4634
f 2572//4635 2420//4635 2574//4635
f 2574//4636 2420//4636 2575//4636
f 2420//4637 2419//4637 2575//4637
f 2575//4638 2419//4638 2449//4638
f 2575//4639 2449//4639 2573//4639
f 2573//4640 2449//4640 2567//4640
f 2567//4641 2449//4641 2236//4641
f 2427//4642 2542//4642 2434//4642
f 2434//4643 2542//4643 2543//4643
f 2434//4644 2543//4644 2433//4644
f 2543//4645 2544//4645 2433//4645
f 2433//4646 2544//4646 2432//4646
f 2432//4647 2544//4647 2545//4647
f 2541//4648 2429//4648 2546//4648
f 2546//4649 2429//4649 2430//4649
f 2546//4650 2430//4650 2545//4650
f 2545//4651 2430//4651 2431//4651
f 2545//4652 2431//4652 2432//4652
f 2566//4653 2567//4653 2236//4653
f 2566//4654 2236//4654 2565//4654
f 2536//4655 2481//4655 2442//4655
f 2442//4656 2481//4656 2325//4656
f 2325//4657 2481//4657 2482//4657
f 2325//4658 2482//4658 2308//4658
f 2308//4659 2482//4659 2535//4659
f 2308//4660 2535//4660 2530//4660
f 2308//4661 2530//4661 2235//4661
f 2235//4662 2530//4662 2532//4662
f 2235//4663 2532//4663 2231//4663
f 2231//4664 2532//4664 2446//4664
f 2446//4665 2532//4665 2534//4665
f 2533//4666 2444//4666 2445//4666
f 2533//4667 2445//4667 2534//4667
f 2534//4668 2445//4668 2227//4668
f 2534//4669 2227//4669 2446//4669
f 2236//4670 2237//4670 2565//4670
f 2565//4671 2237//4671 2448//4671
f 2565//4672 2448//4672 2569//4672
f 2569//4673 2448//4673 2447//4673
f 2569//4674 2447//4674 2568//4674
f 2568//4675 2447//4675 2252//4675
f 2568//4676 2252//4676 2533//4676
f 2533//4677 2252//4677 2444//4677
f 2442//4678 2443//4678 2536//4678
f 2536//4679 2443//4679 2436//4679
f 2536//4680 2436//4680 2479//4680
f 2479//4681 2436//4681 2537//4681
f 2537//4682 2436//4682 2435//4682
f 2537//4683 2435//4683 2538//4683
f 2538//4684 2435//4684 2440//4684
f 2538//4685 2440//4685 2539//4685
f 2539//4686 2440//4686 2439//4686
f 2539//4687 2439//4687 2540//4687
f 2540//4688 2439//4688 2437//4688
f 2540//4689 2437//4689 2541//4689
f 2541//4690 2437//4690 2429//4690
f 2578//4691 2602//4691 2577//4691
f 2577//4692 2602//4692 2620//4692
f 2577//4693 2620//4693 2576//4693
f 2579//4694 2580//4694 2577//4694
f 2577//4695 2580//4695 2617//4695
f 2581//4696 2582//4696 2577//4696
f 2577//4697 2576//4697 2583//4697
f 2583//4698 2584//4698 2577//4698
f 2577//4699 2584//4699 2618//4699
f 2577//4700 2618//4700 2585//4700
f 2585//4701 2586//4701 2577//4701
f 2577//4702 2586//4702 2579//4702
f 2612//4703 2588//4703 2614//4703
f 2614//4704 2588//4704 2589//4704
f 2612//4705 2590//4705 2588//4705
f 2588//4706 2590//4706 2591//4706
f 2591//4707 2592//4707 2588//4707
f 2588//4708 2592//4708 2593//4708
f 2588//4709 2593//4709 2582//4709
f 2582//4710 2593//4710 2598//4710
f 2598//4711 2599//4711 2582//4711
f 2582//4712 2599//4712 2594//4712
f 2594//4713 2595//4713 2582//4713
f 2582//4714 2595//4714 2587//4714
f 2587//4715 2606//4715 2582//4715
f 2606//4716 2596//4716 2582//4716
f 2582//4717 2596//4717 2577//4717
f 2577//4718 2596//4718 2597//4718
f 2577//4719 2597//4719 2578//4719
f 2603//4720 2597//4720 2604//4720
f 2595//4721 2594//4721 2609//4721
f 2598//4722 2593//4722 2610//4722
f 2610//4723 2593//4723 2592//4723
f 2590//4724 2612//4724 2613//4724
f 2608//4725 2587//4725 2595//4725
f 2606//4726 2600//4726 2596//4726
f 2603//4727 2578//4727 2597//4727
f 2614//4728 2611//4728 2612//4728
f 2609//4729 2594//4729 2599//4729
f 2605//4730 2606//4730 2587//4730
f 2605//4731 2587//4731 2608//4731
f 2591//4732 2590//4732 2613//4732
f 2591//4733 2613//4733 2615//4733
f 2591//4734 2615//4734 2592//4734
f 2607//4735 2605//4735 2608//4735
f 2604//4736 2597//4736 2596//4736
f 2604//4737 2596//4737 2601//4737
f 2601//4738 2596//4738 2600//4738
f 2588//4739 2582//4739 2616//4739
f 2616//4740 2582//4740 2581//4740
f 2583//4741 2576//4741 2619//4741
f 2619//4742 2576//4742 2620//4742
f 2614//4743 2367//4743 2621//4743
f 2614//4744 2621//4744 2611//4744
f 2611//4745 2621//4745 2612//4745
f 2612//4746 2621//4746 2366//4746
f 2612//4747 2366//4747 2365//4747
f 2612//4748 2365//4748 2613//4748
f 2613//4749 2365//4749 2622//4749
f 2613//4750 2622//4750 2615//4750
f 2615//4751 2622//4751 2623//4751
f 2615//4752 2623//4752 2592//4752
f 2592//4753 2623//4753 2610//4753
f 2359//4754 2609//4754 2361//4754
f 2361//4755 2609//4755 2599//4755
f 2361//4756 2599//4756 2360//4756
f 2360//4757 2599//4757 2598//4757
f 2360//4758 2598//4758 2362//4758
f 2362//4759 2598//4759 2610//4759
f 2362//4760 2610//4760 2363//4760
f 2363//4761 2610//4761 2623//4761
f 2358//4762 2608//4762 2359//4762
f 2359//4763 2608//4763 2595//4763
f 2359//4764 2595//4764 2609//4764
f 2603//4765 2604//4765 2174//4765
f 2174//4766 2604//4766 2601//4766
f 2174//4767 2601//4767 2175//4767
f 2175//4768 2601//4768 2600//4768
f 2175//4769 2600//4769 2624//4769
f 2624//4770 2600//4770 2606//4770
f 2624//4771 2606//4771 2625//4771
f 2625//4772 2606//4772 2605//4772
f 2625//4773 2605//4773 2626//4773
f 2626//4774 2605//4774 2357//4774
f 2357//4775 2605//4775 2607//4775
f 2357//4776 2607//4776 2358//4776
f 2358//4777 2607//4777 2608//4777
f 2174//4778 2627//4778 2603//4778
f 2603//4779 2627//4779 2172//4779
f 2603//4780 2172//4780 2578//4780
f 2578//4781 2172//4781 2628//4781
f 2578//4782 2628//4782 2602//4782
f 2620//4783 2154//4783 2152//4783
f 2602//4784 2628//4784 2620//4784
f 2620//4785 2628//4785 2154//4785
f 2158//4786 2585//4786 2618//4786
f 2158//4787 2618//4787 2157//4787
f 2157//4788 2618//4788 2584//4788
f 2157//4789 2584//4789 2156//4789
f 2156//4790 2584//4790 2583//4790
f 2156//4791 2583//4791 2629//4791
f 2629//4792 2583//4792 2619//4792
f 2629//4793 2619//4793 2152//4793
f 2152//4794 2619//4794 2620//4794
f 2585//4795 2158//4795 2159//4795
f 2585//4796 2159//4796 2586//4796
f 2165//4797 2580//4797 2163//4797
f 2163//4798 2580//4798 2579//4798
f 2163//4799 2579//4799 2161//4799
f 2161//4800 2579//4800 2586//4800
f 2161//4801 2586//4801 2159//4801
f 2164//4802 2577//4802 2165//4802
f 2165//4803 2577//4803 2617//4803
f 2165//4804 2617//4804 2580//4804
f 2577//4805 2164//4805 2168//4805
f 2577//4806 2168//4806 2581//4806
f 2581//4807 2168//4807 2171//4807
f 2581//4808 2171//4808 2616//4808
f 2616//4809 2171//4809 2369//4809
f 2616//4810 2369//4810 2588//4810
f 2588//4811 2369//4811 2368//4811
f 2588//4812 2368//4812 2589//4812
f 2589//4813 2368//4813 2367//4813
f 2589//4814 2367//4814 2614//4814
f 2161//4815 2162//4815 2163//4815
f 2629//4816 2155//4816 2156//4816
f 2152//4817 2151//4817 2629//4817
f 2629//4818 2151//4818 2155//4818
f 2628//4819 2153//4819 2154//4819
f 2171//4820 2170//4820 2369//4820
f 2622//4821 2364//4821 2623//4821
f 2626//4822 2357//4822 2625//4822
f 2625//4823 2176//4823 2624//4823
f 2176//4824 2175//4824 2624//4824
f 2880//4825 2630//4825 2646//4825
f 2646//4826 2630//4826 2647//4826
f 2647//4827 2630//4827 2631//4827
f 2632//4828 2633//4828 2631//4828
f 2631//4829 2633//4829 2647//4829
f 2634//4830 2645//4830 2635//4830
f 2635//4831 2645//4831 2644//4831
f 2635//4832 2644//4832 2631//4832
f 2631//4833 2644//4833 2636//4833
f 2631//4834 2636//4834 2632//4834
f 2880//4835 2646//4835 2637//4835
f 2637//4836 2646//4836 2638//4836
f 2637//4837 2638//4837 2639//4837
f 2639//4838 2638//4838 2640//4838
f 2639//4839 2640//4839 2881//4839
f 2881//4840 2640//4840 2654//4840
f 2881//4841 2654//4841 2641//4841
f 2641//4842 2654//4842 2642//4842
f 2641//4843 2642//4843 2877//4843
f 2877//4844 2642//4844 2643//4844
f 2877//4845 2643//4845 2652//4845
f 2649//4846 2633//4846 2632//4846
f 2650//4847 2632//4847 2636//4847
f 2648//4848 2647//4848 2633//4848
f 2638//4849 2651//4849 2640//4849
f 2653//4850 2642//4850 2654//4850
f 2651//4851 2638//4851 2646//4851
f 2652//4852 2643//4852 2653//4852
f 2653//4853 2643//4853 2642//4853
f 2661//4854 2660//4854 2659//4854
f 2656//4855 2660//4855 2661//4855
f 2658//4856 2657//4856 2652//4856
f 2662//4857 2863//4857 2866//4857
f 2662//4858 2866//4858 3074//4858
f 3074//4859 2866//4859 2867//4859
f 3074//4860 2867//4860 2664//4860
f 2664//4861 2867//4861 2663//4861
f 2663//4862 3066//4862 2664//4862
f 2665//4863 2655//4863 3063//4863
f 2665//4864 3063//4864 2663//4864
f 2663//4865 3063//4865 2666//4865
f 2663//4866 2666//4866 3066//4866
f 2655//4867 2665//4867 2667//4867
f 2655//4868 2667//4868 2656//4868
f 2656//4869 2667//4869 2668//4869
f 2656//4870 2668//4870 2660//4870
f 2660//4871 2668//4871 2669//4871
f 2660//4872 2669//4872 2659//4872
f 2659//4873 2669//4873 2670//4873
f 2659//4874 2670//4874 2658//4874
f 2658//4875 2670//4875 2671//4875
f 2658//4876 2671//4876 2657//4876
f 2657//4877 2671//4877 2877//4877
f 2657//4878 2877//4878 2652//4878
f 2673//4879 2672//4879 2674//4879
f 2675//4880 2662//4880 2672//4880
f 2675//4881 2863//4881 2662//4881
f 2672//4882 2673//4882 2675//4882
f 2675//4883 2673//4883 2676//4883
f 2674//4884 2677//4884 2673//4884
f 2673//4885 2677//4885 2676//4885
f 2841//4886 2674//4886 2678//4886
f 2672//4887 2759//4887 2674//4887
f 2674//4888 2759//4888 2679//4888
f 2674//4889 2679//4889 2678//4889
f 2662//4890 3074//4890 2760//4890
f 2672//4891 2662//4891 2759//4891
f 2759//4891 2662//4891 2760//4891
f 2680//4892 2756//4892 2692//4892
f 2681//4893 2680//4893 2682//4893
f 2682//4894 2683//4894 2684//4894
f 2684//4895 2683//4895 2685//4895
f 2684//4896 2685//4896 2686//4896
f 2687//4897 2678//4897 2679//4897
f 2682//4898 2688//4898 2683//4898
f 2683//4899 2688//4899 2687//4899
f 2683//4900 2687//4900 2685//4900
f 2685//4901 2687//4901 2679//4901
f 2685//4902 2679//4902 2686//4902
f 2692//4903 2855//4903 2680//4903
f 2680//4904 2855//4904 2857//4904
f 2680//4905 2857//4905 2682//4905
f 2682//4906 2857//4906 2688//4906
f 2692//4907 2756//4907 2689//4907
f 2692//4908 2689//4908 2690//4908
f 2690//4909 2689//4909 2691//4909
f 2691//4910 2689//4910 1991//4910
f 2694//4911 2695//4911 2696//4911
f 2695//4912 2694//4912 2693//4912
f 2695//4913 2693//4913 2697//4913
f 2697//4914 2693//4914 2741//4914
f 2699//4915 2698//4915 2697//4915
f 2699//4916 2697//4916 2741//4916
f 2691//4917 2693//4917 2690//4917
f 2690//4918 2693//4918 2694//4918
f 2690//4919 2694//4919 2692//4919
f 2692//4920 2694//4920 2696//4920
f 2701//4921 1995//4921 2700//4921
f 2701//4922 2700//4922 2702//4922
f 2702//4923 2700//4923 2703//4923
f 2702//4924 2703//4924 1929//4924
f 2993//4925 2708//4925 2707//4925
f 2709//4926 2710//4926 2711//4926
f 2707//4927 2708//4927 2711//4927
f 2711//4928 2708//4928 2709//4928
f 2706//4929 2707//4929 1931//4929
f 1931//4930 2707//4930 2712//4930
f 1931//4931 2712//4931 1933//4931
f 1933//4932 2712//4932 2713//4932
f 1933//4933 2713//4933 1935//4933
f 1935//4934 2713//4934 2714//4934
f 1935//4935 2714//4935 1936//4935
f 2705//4936 1941//4936 1928//4936
f 1928//4937 2992//4937 2705//4937
f 2705//4938 2992//4938 2714//4938
f 2714//4939 2992//4939 1936//4939
f 2715//4940 2704//4940 2716//4940
f 2717//4941 2715//4941 2718//4941
f 2710//4942 2720//4942 2711//4942
f 2709//4943 2721//4943 2710//4943
f 2710//4944 2721//4944 2722//4944
f 2715//4945 2716//4945 2723//4945
f 2715//4946 2723//4946 2718//4946
f 2718//4947 2723//4947 2724//4947
f 2718//4948 2724//4948 2725//4948
f 2718//4949 2725//4949 2719//4949
f 2719//4950 2725//4950 2720//4950
f 2704//4951 2705//4951 2716//4951
f 2993//4952 2707//4952 2706//4952
f 2720//4953 2725//4953 2711//4953
f 2711//4954 2725//4954 2707//4954
f 2707//4955 2725//4955 2724//4955
f 2707//4956 2724//4956 2712//4956
f 2712//4957 2724//4957 2723//4957
f 2712//4958 2723//4958 2713//4958
f 2713//4959 2723//4959 2716//4959
f 2713//4960 2716//4960 2714//4960
f 2714//4961 2716//4961 2705//4961
f 2705//4962 2704//4962 1941//4962
f 2722//4963 2721//4963 2726//4963
f 2722//4964 2726//4964 2727//4964
f 2722//4965 2727//4965 2728//4965
f 2728//4966 2727//4966 1972//4966
f 1975//4967 2731//4967 2732//4967
f 2732//4968 2731//4968 2733//4968
f 2732//4969 2733//4969 2734//4969
f 2735//4970 2727//4970 2736//4970
f 2736//4971 2727//4971 2726//4971
f 2737//4972 1972//4972 2735//4972
f 2735//4973 1972//4973 2727//4973
f 1975//4974 2737//4974 2731//4974
f 2731//4975 2737//4975 2738//4975
f 2731//4976 2738//4976 2733//4976
f 2733//4977 2738//4977 2730//4977
f 2738//4978 2737//4978 2735//4978
f 2738//4979 2735//4979 2736//4979
f 2738//4980 2736//4980 2730//4980
f 2730//4981 2736//4981 2729//4981
f 2729//4982 2736//4982 2726//4982
f 2739//4983 1970//4983 1975//4983
f 2739//4984 1975//4984 2732//4984
f 2739//4985 2732//4985 2740//4985
f 2740//4986 2732//4986 2741//4986
f 2732//4987 2734//4987 2741//4987
f 2741//4988 2734//4988 2699//4988
f 2693//4989 2739//4989 2740//4989
f 2693//4990 2691//4990 2739//4990
f 2739//4991 2691//4991 1970//4991
f 2741//4992 2693//4992 2740//4992
f 2743//4993 2742//4993 2734//4993
f 2734//4994 2742//4994 2698//4994
f 2734//4995 2698//4995 2699//4995
f 2744//4996 2745//4996 2743//4996
f 2743//4997 2745//4997 2742//4997
f 2746//4998 2742//4998 2745//4998
f 2749//4999 3012//4999 2750//4999
f 2749//5000 2750//5000 2745//5000
f 2745//5001 2750//5001 2746//5001
f 2751//5002 2752//5002 2750//5002
f 2751//5003 2753//5003 2752//5003
f 3013//5004 2748//5004 2751//5004
f 2751//5005 2748//5005 2747//5005
f 3012//5006 3013//5006 2750//5006
f 2750//5007 3013//5007 2751//5007
f 2751//5008 2747//5008 2753//5008
f 2748//5009 1993//5009 2355//5009
f 2748//5010 2355//5010 2747//5010
f 2747//5011 2355//5011 2753//5011
f 2753//5012 2355//5012 2755//5012
f 1986//5013 1989//5013 2748//5013
f 2748//5014 1989//5014 1993//5014
f 2689//5015 1990//5015 1991//5015
f 2756//5016 2216//5016 2689//5016
f 2216//5017 2681//5017 2213//5017
f 2758//5018 2757//5018 2213//5018
f 2679//5019 2757//5019 2758//5019
f 2758//5020 2686//5020 2679//5020
f 2686//5021 2758//5021 2213//5021
f 2686//5022 2213//5022 2684//5022
f 2213//5023 2681//5023 2682//5023
f 2213//5024 2682//5024 2684//5024
f 2680//5025 2681//5025 2216//5025
f 2680//5026 2216//5026 2756//5026
f 2679//5027 2759//5027 2757//5027
f 2757//5028 2759//5028 2266//5028
f 2266//5029 2759//5029 2760//5029
f 2766//5030 2263//5030 2767//5030
f 2767//5031 2263//5031 2266//5031
f 2762//5032 2761//5032 2766//5032
f 2766//5033 2761//5033 2263//5033
f 2762//5034 2763//5034 2761//5034
f 2761//5035 2763//5035 2764//5035
f 2762//5036 2765//5036 2763//5036
f 2767//5037 2768//5037 2766//5037
f 2760//5038 2769//5038 2767//5038
f 2266//5039 2760//5039 2767//5039
f 2770//5040 2274//5040 2277//5040
f 2770//5041 2277//5041 2764//5041
f 2288//5042 2290//5042 2773//5042
f 2292//5043 2773//5043 2290//5043
f 2775//5044 2776//5044 2304//5044
f 2775//5045 2304//5045 2298//5045
f 2774//5046 2775//5046 2298//5046
f 2778//5047 2774//5047 2298//5047
f 2777//5048 2778//5048 2288//5048
f 2288//5049 2778//5049 2298//5049
f 2309//5050 2304//5050 2776//5050
f 2309//5051 2776//5051 2779//5051
f 2311//5052 2784//5052 2314//5052
f 2781//5053 2316//5053 2314//5053
f 2781//5054 2782//5054 2783//5054
f 2314//5055 2784//5055 2783//5055
f 2782//5056 2781//5056 2314//5056
f 2782//5057 2314//5057 2783//5057
f 2311//5058 2309//5058 2780//5058
f 2311//5059 2780//5059 2784//5059
f 2755//5060 2316//5060 2781//5060
f 2779//5061 2780//5061 2309//5061
f 1992//5062 2355//5062 1993//5062
f 2355//5063 2316//5063 2755//5063
f 2783//5064 2784//5064 2785//5064
f 2785//5065 2784//5065 2780//5065
f 2785//5066 2780//5066 2786//5066
f 2786//5067 2780//5067 2779//5067
f 2753//5068 2755//5068 2787//5068
f 2787//5069 2755//5069 2781//5069
f 2787//5070 2781//5070 2788//5070
f 2788//5071 2781//5071 2783//5071
f 2788//5072 2783//5072 2785//5072
f 2786//5073 2779//5073 2789//5073
f 2785//5074 2786//5074 2790//5074
f 2790//5075 2791//5075 2788//5075
f 2788//5076 2791//5076 2787//5076
f 2787//5077 2791//5077 2792//5077
f 2787//5078 2792//5078 2753//5078
f 2793//5079 2790//5079 2789//5079
f 2789//5080 2790//5080 2786//5080
f 2790//5081 2788//5081 2785//5081
f 2793//5082 2794//5082 2790//5082
f 2790//5083 2794//5083 2791//5083
f 2791//5084 2794//5084 2795//5084
f 2791//5085 2795//5085 2792//5085
f 2796//5086 2752//5086 2753//5086
f 2795//5087 2796//5087 2792//5087
f 2792//5088 2796//5088 2753//5088
f 2789//5089 2797//5089 2793//5089
f 2793//5090 2797//5090 2798//5090
f 2793//5091 2798//5091 2794//5091
f 2794//5092 2798//5092 2799//5092
f 2794//5093 2799//5093 2795//5093
f 2795//5094 2799//5094 2754//5094
f 2795//5095 2754//5095 2796//5095
f 2796//5096 2754//5096 2752//5096
f 2645//5097 2776//5097 2644//5097
f 2776//5098 2645//5098 2810//5098
f 2776//5099 2810//5099 2779//5099
f 2779//5100 2810//5100 2800//5100
f 2800//5101 2801//5101 2789//5101
f 2800//5102 2789//5102 2779//5102
f 2802//5103 2754//5103 2803//5103
f 2804//5104 2805//5104 2808//5104
f 2808//5105 2805//5105 2806//5105
f 2808//5106 2806//5106 2807//5106
f 2797//5107 2789//5107 2801//5107
f 2803//5108 2754//5108 2799//5108
f 2803//5109 2799//5109 2804//5109
f 2804//5110 2799//5110 2798//5110
f 2804//5111 2798//5111 2805//5111
f 2805//5112 2798//5112 2797//5112
f 2805//5113 2797//5113 2806//5113
f 2806//5114 2797//5114 2801//5114
f 2806//5115 2801//5115 2807//5115
f 2803//5116 2804//5116 2808//5116
f 2807//5117 2801//5117 2809//5117
f 2809//5118 2801//5118 2800//5118
f 2645//5119 2634//5119 2810//5119
f 2810//5120 2634//5120 2811//5120
f 2812//5121 2809//5121 2811//5121
f 2811//5122 2809//5122 2800//5122
f 2811//5123 2800//5123 2810//5123
f 2812//5124 2813//5124 2809//5124
f 2811//5125 2634//5125 2812//5125
f 2809//5126 2813//5126 2807//5126
f 2807//5127 2813//5127 2815//5127
f 2807//5128 2815//5128 2895//5128
f 2807//5129 2895//5129 2808//5129
f 2808//5130 2895//5130 2896//5130
f 2802//5131 2803//5131 2896//5131
f 2896//5132 2803//5132 2808//5132
f 2896//5133 2816//5133 2802//5133
f 2802//5134 2816//5134 2821//5134
f 2821//5135 2816//5135 2817//5135
f 2821//5136 2817//5136 2822//5136
f 2822//5137 2817//5137 2818//5137
f 2818//5138 2817//5138 2819//5138
f 2818//5139 2819//5139 2820//5139
f 2814//5140 2826//5140 2820//5140
f 2820//5141 2826//5141 2825//5141
f 2820//5142 2825//5142 2818//5142
f 2821//5143 2822//5143 2823//5143
f 2818//5144 2824//5144 2823//5144
f 2818//5145 2823//5145 2822//5145
f 2824//5146 2818//5146 2825//5146
f 2827//5147 2831//5147 2828//5147
f 2832//5148 2830//5148 2829//5148
f 2833//5149 2832//5149 2829//5149
f 2833//5150 2829//5150 2828//5150
f 2828//5151 2831//5151 2834//5151
f 2834//5152 2831//5152 2835//5152
f 2835//5153 2831//5153 2814//5153
f 2814//5154 2831//5154 2827//5154
f 2814//5155 2827//5155 2826//5155
f 2828//5156 2834//5156 2833//5156
f 2833//5157 2834//5157 2836//5157
f 2833//5158 2836//5158 2832//5158
f 2836//5159 2837//5159 2832//5159
f 2832//5160 2837//5160 2838//5160
f 2832//5161 2838//5161 2839//5161
f 2832//5162 2839//5162 2842//5162
f 2842//5163 2839//5163 2840//5163
f 2677//5164 2674//5164 2840//5164
f 2840//5165 2674//5165 2841//5165
f 2840//5166 2841//5166 2842//5166
f 2842//5167 2843//5167 2844//5167
f 2844//5168 2843//5168 2845//5168
f 2846//5169 2842//5169 2841//5169
f 2844//5170 2832//5170 2842//5170
f 2845//5171 2830//5171 2832//5171
f 2845//5172 2832//5172 2844//5172
f 2846//5173 2841//5173 2678//5173
f 2842//5174 2846//5174 2847//5174
f 2842//5175 2847//5175 2843//5175
f 2843//5176 2847//5176 2848//5176
f 2843//5177 2848//5177 2845//5177
f 2848//5178 2696//5178 2849//5178
f 2678//5179 2850//5179 2846//5179
f 2846//5180 2850//5180 2847//5180
f 2848//5181 2849//5181 2845//5181
f 2845//5182 2849//5182 2830//5182
f 2830//5183 2849//5183 2829//5183
f 2696//5184 2695//5184 2849//5184
f 2849//5185 2695//5185 2697//5185
f 2849//5186 2697//5186 2829//5186
f 2742//5187 2826//5187 2698//5187
f 2698//5188 2826//5188 2827//5188
f 2698//5189 2827//5189 2697//5189
f 2697//5190 2827//5190 2828//5190
f 2697//5191 2828//5191 2829//5191
f 2826//5192 2742//5192 2825//5192
f 2825//5193 2742//5193 2746//5193
f 2825//5194 2746//5194 2824//5194
f 2824//5195 2746//5195 2823//5195
f 2754//5196 2802//5196 2752//5196
f 2752//5197 2802//5197 2821//5197
f 2752//5198 2821//5198 2750//5198
f 2750//5199 2821//5199 2823//5199
f 2750//5200 2823//5200 2746//5200
f 2847//5201 2851//5201 2852//5201
f 2847//5202 2852//5202 2848//5202
f 2678//5203 2853//5203 2850//5203
f 2847//5204 2850//5204 2851//5204
f 2854//5205 2692//5205 2696//5205
f 2855//5206 2692//5206 2854//5206
f 2855//5207 2854//5207 2852//5207
f 2856//5208 2857//5208 2852//5208
f 2852//5209 2857//5209 2855//5209
f 2850//5210 2853//5210 2856//5210
f 2850//5211 2856//5211 2851//5211
f 2852//5212 2851//5212 2856//5212
f 2696//5213 2848//5213 2854//5213
f 2854//5214 2848//5214 2852//5214
f 2857//5215 2856//5215 2688//5215
f 2688//5216 2856//5216 2853//5216
f 2688//5217 2853//5217 2678//5217
f 2687//5218 2688//5218 2678//5218
f 2858//5219 2859//5219 2677//5219
f 2858//5220 2677//5220 2840//5220
f 2860//5221 2859//5221 2861//5221
f 2861//5222 2859//5222 2858//5222
f 2675//5223 2676//5223 2862//5223
f 2862//5224 2676//5224 2677//5224
f 2862//5225 2677//5225 2859//5225
f 2864//5226 2862//5226 2860//5226
f 2860//5227 2862//5227 2859//5227
f 2865//5228 2863//5228 2864//5228
f 2864//5229 2863//5229 2675//5229
f 2864//5230 2675//5230 2862//5230
f 2863//5231 2865//5231 2910//5231
f 2863//5232 2910//5232 2866//5232
f 2869//5233 2665//5233 2663//5233
f 2869//5234 2663//5234 2868//5234
f 2868//5235 2663//5235 2870//5235
f 2870//5236 2663//5236 2867//5236
f 2869//5237 2868//5237 2873//5237
f 2873//5238 2868//5238 2870//5238
f 2873//5239 2870//5239 2874//5239
f 2874//5240 2870//5240 2867//5240
f 2874//5241 2867//5241 2910//5241
f 2910//5242 2867//5242 2866//5242
f 2872//5243 2665//5243 2869//5243
f 2665//5244 2872//5244 2667//5244
f 2667//5245 2872//5245 2875//5245
f 2869//5246 2873//5246 2872//5246
f 2872//5247 2873//5247 2871//5247
f 2876//5248 2877//5248 2915//5248
f 2877//5249 2671//5249 2915//5249
f 2915//5250 2671//5250 2669//5250
f 2915//5251 2669//5251 2914//5251
f 2914//5252 2669//5252 2668//5252
f 2914//5253 2668//5253 2878//5253
f 2878//5254 2668//5254 2667//5254
f 2878//5255 2667//5255 2875//5255
f 2671//5256 2670//5256 2669//5256
f 2880//5257 2637//5257 2879//5257
f 2879//5258 2637//5258 2639//5258
f 2879//5259 2639//5259 2881//5259
f 2882//5260 2880//5260 2879//5260
f 2882//5261 2879//5261 2883//5261
f 2883//5262 2879//5262 2881//5262
f 2883//5263 2881//5263 2884//5263
f 2884//5264 2881//5264 2641//5264
f 2884//5265 2641//5265 2885//5265
f 2885//5266 2641//5266 2877//5266
f 2885//5267 2877//5267 2876//5267
f 2886//5268 2880//5268 2882//5268
f 2887//5269 2888//5269 2889//5269
f 2889//5270 2888//5270 2890//5270
f 2889//5271 2890//5271 2886//5271
f 2886//5272 2890//5272 2630//5272
f 2886//5273 2630//5273 2880//5273
f 2921//5274 2891//5274 2635//5274
f 2921//5275 2635//5275 2892//5275
f 2892//5276 2635//5276 2887//5276
f 2887//5277 2889//5277 2892//5277
f 2630//5278 2890//5278 2631//5278
f 2631//5279 2890//5279 2888//5279
f 2631//5280 2888//5280 2887//5280
f 2631//5281 2887//5281 2635//5281
f 2634//5282 2891//5282 2893//5282
f 2634//5283 2635//5283 2891//5283
f 2634//5284 2893//5284 2812//5284
f 2813//5285 2812//5285 2894//5285
f 2815//5286 2813//5286 2894//5286
f 2837//5287 2836//5287 2834//5287
f 2814//5288 2897//5288 2835//5288
f 2835//5289 2897//5289 2898//5289
f 2835//5290 2898//5290 2834//5290
f 2905//5291 2838//5291 2898//5291
f 2898//5292 2838//5292 2837//5292
f 2898//5293 2837//5293 2834//5293
f 2816//5294 3041//5294 2817//5294
f 2817//5295 3041//5295 2899//5295
f 2817//5296 2899//5296 2819//5296
f 2897//5297 2814//5297 2899//5297
f 2899//5298 2814//5298 2820//5298
f 2899//5299 2820//5299 2819//5299
f 2897//5300 2899//5300 2900//5300
f 2897//5301 2900//5301 2901//5301
f 2899//5302 3041//5302 2900//5302
f 2900//5303 3041//5303 2902//5303
f 2901//5304 2903//5304 2897//5304
f 2904//5305 2905//5305 2903//5305
f 2903//5306 2905//5306 2897//5306
f 2897//5307 2905//5307 2898//5307
f 2907//5308 2905//5308 2904//5308
f 2904//5309 2906//5309 2907//5309
f 2860//5310 2861//5310 2908//5310
f 2908//5311 2861//5311 2906//5311
f 2909//5312 2864//5312 2860//5312
f 2906//5313 2909//5313 2908//5313
f 2908//5314 2909//5314 2860//5314
f 2865//5315 2864//5315 2909//5315
f 2865//5316 2909//5316 2910//5316
f 2875//5317 2872//5317 2871//5317
f 2873//5318 2874//5318 2871//5318
f 2871//5319 2911//5319 2875//5319
f 2878//5320 2875//5320 2911//5320
f 2878//5321 2911//5321 2913//5321
f 2913//5322 2914//5322 2878//5322
f 2914//5323 2912//5323 2915//5323
f 2876//5324 2915//5324 2912//5324
f 2883//5325 2916//5325 2882//5325
f 2917//5326 2885//5326 2912//5326
f 2876//5327 2912//5327 2885//5327
f 2884//5328 2885//5328 2917//5328
f 2884//5329 2917//5329 2883//5329
f 2883//5330 2917//5330 2916//5330
f 2919//5331 2916//5331 2920//5331
f 2916//5332 2919//5332 2882//5332
f 2889//5333 2886//5333 2920//5333
f 2889//5334 2918//5334 2892//5334
f 2921//5335 2892//5335 2918//5335
f 2918//5336 2889//5336 2920//5336
f 2919//5337 2920//5337 2886//5337
f 2919//5338 2886//5338 2882//5338
f 2917//5339 2922//5339 2923//5339
f 2922//5340 2917//5340 2912//5340
f 2922//5341 2912//5341 2924//5341
f 2923//5342 2925//5342 2917//5342
f 2917//5343 2925//5343 2926//5343
f 2926//5344 2927//5344 2902//5344
f 2902//5345 2927//5345 2928//5345
f 2902//5346 2928//5346 2965//5346
f 2902//5347 2965//5347 2900//5347
f 2930//5348 2929//5348 2916//5348
f 2916//5349 2929//5349 2920//5349
f 2920//5350 2929//5350 2918//5350
f 2917//5351 2926//5351 2902//5351
f 2917//5352 2902//5352 2916//5352
f 2916//5353 2902//5353 2930//5353
f 2900//5354 2965//5354 2977//5354
f 2900//5355 2977//5355 2976//5355
f 2931//5356 2901//5356 2900//5356
f 2931//5357 2900//5357 2976//5357
f 2922//5358 2924//5358 2932//5358
f 2924//5359 2933//5359 2941//5359
f 2924//5360 2941//5360 2934//5360
f 2935//5361 2981//5361 2903//5361
f 2942//5362 2933//5362 2913//5362
f 2913//5363 2933//5363 2914//5363
f 2914//5364 2933//5364 2924//5364
f 2914//5365 2924//5365 2912//5365
f 2903//5366 2981//5366 2904//5366
f 2904//5367 2981//5367 2936//5367
f 2904//5368 2936//5368 2937//5368
f 2938//5369 2939//5369 2913//5369
f 2904//5370 2937//5370 2940//5370
f 2904//5371 2940//5371 2913//5371
f 2913//5372 2940//5372 2938//5372
f 2913//5373 2939//5373 2942//5373
f 2901//5374 2931//5374 2903//5374
f 2903//5375 2931//5375 2978//5375
f 2903//5376 2978//5376 2935//5376
f 2913//5377 2911//5377 2910//5377
f 2911//5378 2871//5378 2910//5378
f 2910//5379 2871//5379 2874//5379
f 2913//5380 2910//5380 2909//5380
f 2913//5381 2909//5381 2906//5381
f 2913//5382 2906//5382 2904//5382
f 2940//5383 2943//5383 2944//5383
f 2940//5384 2944//5384 2938//5384
f 2938//5385 2944//5385 2945//5385
f 2938//5386 2945//5386 2939//5386
f 2939//5387 2945//5387 2942//5387
f 2942//5388 2941//5388 2933//5388
f 2946//5389 2947//5389 2934//5389
f 2934//5390 2941//5390 2946//5390
f 2946//5391 2941//5391 2942//5391
f 2946//5392 2942//5392 2948//5392
f 2948//5393 2942//5393 2945//5393
f 2948//5394 2945//5394 2949//5394
f 2949//5395 2945//5395 2944//5395
f 2949//5396 2944//5396 2952//5396
f 2940//5397 2982//5397 2943//5397
f 2943//5398 2982//5398 2952//5398
f 2943//5399 2952//5399 2944//5399
f 2950//5400 2932//5400 2924//5400
f 2950//5401 2924//5401 2947//5401
f 2947//5402 2924//5402 2934//5402
f 2952//5403 2950//5403 2947//5403
f 2953//5404 2954//5404 2952//5404
f 2952//5405 2954//5405 2950//5405
f 2950//5406 2954//5406 2951//5406
f 2950//5407 2951//5407 2964//5407
f 2950//5408 2964//5408 2955//5408
f 2956//5409 2957//5409 2951//5409
f 2951//5410 2957//5410 2964//5410
f 2956//5411 2951//5411 2962//5411
f 2958//5412 2959//5412 2955//5412
f 2955//5413 2959//5413 2950//5413
f 2947//5414 2946//5414 2952//5414
f 2952//5415 2946//5415 2948//5415
f 2952//5416 2948//5416 2949//5416
f 2958//5417 2955//5417 2970//5417
f 2953//5418 2985//5418 2954//5418
f 2954//5419 2985//5419 2983//5419
f 2954//5420 2983//5420 2984//5420
f 2951//5421 2954//5421 2960//5421
f 2961//5422 2951//5422 2960//5422
f 2962//5423 2951//5423 2963//5423
f 2963//5424 2951//5424 2961//5424
f 2961//5425 2976//5425 2963//5425
f 2963//5426 2976//5426 2977//5426
f 2963//5427 2977//5427 2962//5427
f 2962//5428 2977//5428 2965//5428
f 2962//5429 2965//5429 2956//5429
f 2956//5430 2965//5430 2966//5430
f 2956//5431 2966//5431 2957//5431
f 2967//5432 2964//5432 2957//5432
f 2967//5433 2957//5433 2966//5433
f 2968//5434 2969//5434 2967//5434
f 2967//5435 2969//5435 2964//5435
f 2964//5436 2969//5436 2955//5436
f 2970//5437 2955//5437 2971//5437
f 2971//5438 2955//5438 2969//5438
f 2969//5439 2968//5439 2971//5439
f 2971//5440 2968//5440 2972//5440
f 2973//5441 2958//5441 2974//5441
f 2974//5442 2958//5442 2970//5442
f 2974//5443 2970//5443 2972//5443
f 2972//5444 2970//5444 2971//5444
f 2975//5445 2959//5445 2958//5445
f 2975//5446 2958//5446 2973//5446
f 2932//5447 2950//5447 2959//5447
f 2932//5448 2959//5448 2975//5448
f 2974//5449 2972//5449 2973//5449
f 2922//5450 2932//5450 2923//5450
f 2925//5451 2972//5451 2926//5451
f 2932//5452 2975//5452 2923//5452
f 2923//5453 2975//5453 2973//5453
f 2923//5454 2973//5454 2925//5454
f 2925//5455 2973//5455 2972//5455
f 2972//5456 2968//5456 2926//5456
f 2968//5457 2967//5457 2927//5457
f 2968//5458 2927//5458 2926//5458
f 2966//5459 2965//5459 2928//5459
f 2966//5460 2928//5460 2967//5460
f 2967//5461 2928//5461 2927//5461
f 2981//5462 2980//5462 2936//5462
f 2936//5463 2980//5463 2979//5463
f 2936//5464 2979//5464 2937//5464
f 2979//5465 2940//5465 2937//5465
f 2953//5466 2982//5466 2979//5466
f 2979//5467 2982//5467 2940//5467
f 2952//5468 2982//5468 2953//5468
f 2931//5469 2976//5469 2961//5469
f 2960//5470 2978//5470 2931//5470
f 2960//5470 2931//5470 2961//5470
f 2986//5471 2700//5471 2987//5471
f 2987//5472 2700//5472 1995//5472
f 2987//5473 1995//5473 1994//5473
f 2987//5474 1994//5474 2988//5474
f 2986//5475 2987//5475 2989//5475
f 2991//5476 2706//5476 1931//5476
f 1928//5477 1936//5477 2992//5477
f 2991//5478 1929//5478 2703//5478
f 2991//5479 2703//5479 2990//5479
f 2990//5480 2703//5480 2986//5480
f 2986//5481 2703//5481 2700//5481
f 2989//5482 2990//5482 2986//5482
f 2991//5483 2990//5483 2993//5483
f 2991//5484 2993//5484 2706//5484
f 2993//5485 2990//5485 2989//5485
f 2708//5486 2993//5486 2989//5486
f 2721//5487 2709//5487 2994//5487
f 2994//5488 2709//5488 2708//5488
f 2994//5489 2708//5489 2995//5489
f 2995//5490 2708//5490 2996//5490
f 2996//5491 2708//5491 2989//5491
f 2996//5492 2989//5492 2987//5492
f 2996//5493 2987//5493 2995//5493
f 2995//5494 2997//5494 2994//5494
f 2726//5495 2721//5495 2998//5495
f 2998//5496 2721//5496 2994//5496
f 2726//5497 2998//5497 2729//5497
f 2729//5498 2998//5498 2999//5498
f 2729//5499 2999//5499 3000//5499
f 2729//5500 3000//5500 2730//5500
f 2730//5501 3000//5501 2733//5501
f 2733//5502 3000//5502 2743//5502
f 2733//5503 2743//5503 2734//5503
f 3001//5504 2744//5504 2743//5504
f 2743//5505 3000//5505 3001//5505
f 3001//5506 3000//5506 3002//5506
f 3002//5507 3000//5507 2999//5507
f 3002//5508 2999//5508 3003//5508
f 3003//5509 2999//5509 2998//5509
f 3003//5510 2998//5510 3004//5510
f 3004//5511 2998//5511 3005//5511
f 2744//5512 3001//5512 3006//5512
f 2744//5513 3006//5513 3007//5513
f 3007//5514 3006//5514 1983//5514
f 2008//5515 1979//5515 3008//5515
f 2008//5516 3008//5516 3009//5516
f 3009//5517 3008//5517 3004//5517
f 3009//5518 3004//5518 3005//5518
f 1979//5519 1983//5519 3010//5519
f 1979//5520 3010//5520 3008//5520
f 3008//5521 3010//5521 3002//5521
f 3008//5522 3002//5522 3004//5522
f 3004//5523 3002//5523 3003//5523
f 1983//5524 3006//5524 3010//5524
f 3010//5525 3006//5525 3001//5525
f 3010//5526 3001//5526 3002//5526
f 2745//5527 2744//5527 2749//5527
f 2749//5528 2744//5528 3011//5528
f 3011//5529 2744//5529 3007//5529
f 3011//5530 3007//5530 3012//5530
f 3012//5531 3007//5531 1983//5531
f 1983//5532 1986//5532 3013//5532
f 1983//5533 3013//5533 3012//5533
f 1986//5534 2748//5534 3013//5534
f 3011//5535 3012//5535 2749//5535
f 3005//5536 3014//5536 3009//5536
f 3009//5537 3014//5537 2007//5537
f 3009//5538 2007//5538 2006//5538
f 3009//5539 2006//5539 2008//5539
f 2024//5540 2025//5540 3015//5540
f 2022//5541 2024//5541 3016//5541
f 1945//5542 2022//5542 3017//5542
f 1945//5543 3017//5543 1957//5543
f 1945//5544 1957//5544 1951//5544
f 1957//5545 3017//5545 1959//5545
f 1959//5546 3017//5546 3018//5546
f 3019//5547 1953//5547 3020//5547
f 3020//5548 1953//5548 3018//5548
f 3018//5549 1953//5549 1960//5549
f 3018//5550 1960//5550 1959//5550
f 3022//5551 3021//5551 3019//5551
f 3019//5552 3021//5552 1956//5552
f 3019//5553 1956//5553 1953//5553
f 2007//5554 3014//5554 2005//5554
f 3014//5555 3023//5555 2005//5555
f 2005//5556 3023//5556 3024//5556
f 2005//5557 3024//5557 2000//5557
f 2002//5558 3025//5558 3026//5558
f 2002//5559 3026//5559 3015//5559
f 3015//5560 3026//5560 3027//5560
f 3015//5561 3027//5561 3016//5561
f 3015//5562 3016//5562 2024//5562
f 3023//5563 3028//5563 3024//5563
f 3024//5564 3028//5564 3025//5564
f 3024//5565 3025//5565 2000//5565
f 2000//5566 3025//5566 2002//5566
f 3028//5567 3021//5567 3022//5567
f 3028//5568 3022//5568 3025//5568
f 3025//5569 3022//5569 3019//5569
f 3025//5570 3019//5570 3026//5570
f 3026//5571 3019//5571 3020//5571
f 3026//5572 3020//5572 3027//5572
f 3027//5573 3020//5573 3018//5573
f 3027//5574 3018//5574 3016//5574
f 3016//5575 3018//5575 3017//5575
f 3016//5576 3017//5576 2022//5576
f 2988//5577 1994//5577 1997//5577
f 2988//5578 1997//5578 3029//5578
f 3029//5579 1997//5579 1955//5579
f 3029//5580 1955//5580 3030//5580
f 2987//5581 2988//5581 3031//5581
f 2987//5582 3031//5582 3032//5582
f 3014//5583 3033//5583 3034//5583
f 3014//5584 3034//5584 3023//5584
f 3023//5585 3034//5585 3032//5585
f 3023//5586 3032//5586 3028//5586
f 3028//5587 3031//5587 3035//5587
f 3028//5588 3035//5588 3021//5588
f 3031//5589 3028//5589 3032//5589
f 2987//5590 3032//5590 3034//5590
f 2987//5591 3034//5591 2995//5591
f 2995//5592 3034//5592 3033//5592
f 2995//5593 3033//5593 2997//5593
f 2997//5594 3033//5594 2994//5594
f 3029//5595 3030//5595 3035//5595
f 3035//5596 3030//5596 3021//5596
f 2988//5597 3029//5597 3035//5597
f 2988//5598 3035//5598 3031//5598
f 3030//5599 1956//5599 3021//5599
f 2998//5600 2994//5600 3005//5600
f 3005//5601 2994//5601 3033//5601
f 3005//5602 3033//5602 3014//5602
f 2953//5603 2979//5603 2985//5603
f 2981//5604 2983//5604 2980//5604
f 2980//5605 2983//5605 2985//5605
f 2980//5606 2985//5606 2979//5606
f 2954//5607 2984//5607 2981//5607
f 2981//5608 2984//5608 2983//5608
f 2981//5609 2935//5609 2954//5609
f 2954//5610 2935//5610 2978//5610
f 2954//5611 2978//5611 2960//5611
f 2918//5612 2929//5612 2921//5612
f 2921//5613 2929//5613 3036//5613
f 2891//5614 2921//5614 3036//5614
f 2891//5615 3036//5615 2893//5615
f 2893//5616 3036//5616 3037//5616
f 2893//5617 3037//5617 2812//5617
f 2812//5618 3037//5618 2894//5618
f 3037//5619 3038//5619 2894//5619
f 2894//5620 3038//5620 3042//5620
f 2894//5621 3042//5621 2815//5621
f 2815//5622 3042//5622 2895//5622
f 2895//5623 3042//5623 3039//5623
f 2895//5624 3039//5624 3040//5624
f 2895//5625 3040//5625 2896//5625
f 2896//5626 3040//5626 2816//5626
f 2816//5627 3040//5627 3041//5627
f 3042//5628 2930//5628 3039//5628
f 2930//5629 2902//5629 3040//5629
f 2930//5630 3040//5630 3039//5630
f 3040//5631 2902//5631 3041//5631
f 3042//5632 3038//5632 2930//5632
f 2929//5633 2930//5633 3038//5633
f 3036//5634 2929//5634 3037//5634
f 2929//5635 3038//5635 3037//5635
f 2861//5636 2858//5636 2906//5636
f 2906//5637 2858//5637 2840//5637
f 2906//5638 2840//5638 2907//5638
f 2907//5639 2840//5639 2839//5639
f 2907//5640 2839//5640 2838//5640
f 2907//5641 2838//5641 2905//5641
f 2636//5642 3043//5642 2650//5642
f 3043//5643 2644//5643 2776//5643
f 3043//5644 2636//5644 2644//5644
f 2649//5645 2632//5645 2650//5645
f 2646//5646 2647//5646 3044//5646
f 3044//5647 2647//5647 2648//5647
f 3044//5648 2648//5648 3045//5648
f 3045//5649 2648//5649 2633//5649
f 3045//5650 2633//5650 2649//5650
f 2649//5651 3046//5651 3045//5651
f 3044//5652 3045//5652 3047//5652
f 3044//5653 3047//5653 2646//5653
f 2776//5654 3048//5654 3043//5654
f 3043//5655 3048//5655 3049//5655
f 3043//5656 3049//5656 2650//5656
f 2650//5657 3049//5657 3050//5657
f 2650//5658 3050//5658 2649//5658
f 2649//5659 3050//5659 3046//5659
f 2646//5660 3047//5660 3051//5660
f 2646//5661 3051//5661 2651//5661
f 2651//5662 3051//5662 3052//5662
f 2651//5663 3052//5663 2640//5663
f 2640//5664 3052//5664 3053//5664
f 3054//5665 2652//5665 3055//5665
f 3055//5666 2652//5666 2653//5666
f 3055//5667 2653//5667 3053//5667
f 3053//5668 2653//5668 2654//5668
f 3053//5669 2654//5669 2640//5669
f 3056//5670 2655//5670 3057//5670
f 3057//5671 2655//5671 2656//5671
f 3057//5672 2656//5672 3058//5672
f 3058//5673 2656//5673 2661//5673
f 3058//5674 2661//5674 3059//5674
f 3059//5675 2661//5675 2659//5675
f 3059//5676 2659//5676 3060//5676
f 3060//5677 2659//5677 2658//5677
f 3060//5678 2658//5678 3061//5678
f 3061//5679 2658//5679 2652//5679
f 3061//5680 2652//5680 3054//5680
f 2655//5681 3056//5681 3062//5681
f 2655//5682 3062//5682 3063//5682
f 3063//5683 3062//5683 3064//5683
f 3063//5684 3064//5684 3065//5684
f 3066//5685 3067//5685 3068//5685
f 3068//5686 3067//5686 3064//5686
f 3064//5687 3067//5687 2666//5687
f 3064//5688 2666//5688 3065//5688
f 3074//5689 3069//5689 2760//5689
f 3066//5690 3068//5690 3070//5690
f 3062//5691 3071//5691 3064//5691
f 3064//5692 3071//5692 3072//5692
f 3064//5693 3072//5693 3068//5693
f 3068//5694 3072//5694 3070//5694
f 3070//5695 3072//5695 3073//5695
f 3070//5696 3073//5696 3069//5696
f 3070//5697 3069//5697 2664//5697
f 3074//5698 2664//5698 3069//5698
f 3066//5699 2666//5699 3067//5699
f 3070//5700 2664//5700 3066//5700
f 3065//5701 2666//5701 3063//5701
f 2767//5702 2769//5702 3073//5702
f 2767//5703 3073//5703 2768//5703
f 2764//5704 2763//5704 3075//5704
f 3075//5705 2763//5705 2765//5705
f 3075//5706 2765//5706 3076//5706
f 3076//5707 2765//5707 2762//5707
f 3076//5708 2762//5708 3077//5708
f 3077//5709 2762//5709 2766//5709
f 3077//5710 2766//5710 3073//5710
f 3073//5711 2766//5711 2768//5711
f 3077//5712 3071//5712 3076//5712
f 3076//5713 3071//5713 3062//5713
f 3076//5714 3062//5714 3075//5714
f 3075//5715 3062//5715 3056//5715
f 2760//5716 3069//5716 2769//5716
f 2769//5717 3069//5717 3073//5717
f 3073//5718 3072//5718 3077//5718
f 3077//5719 3072//5719 3071//5719
f 3056//5720 2764//5720 3075//5720
f 3056//5721 3057//5721 2770//5721
f 3056//5722 2770//5722 2764//5722
f 3061//5723 3054//5723 3060//5723
f 3054//5724 2771//5724 2272//5724
f 3054//5725 2272//5725 3060//5725
f 3060//5726 2272//5726 2274//5726
f 3060//5727 2274//5727 3059//5727
f 3059//5728 2274//5728 2770//5728
f 3059//5729 2770//5729 3058//5729
f 3058//5730 2770//5730 3057//5730
f 2772//5731 2771//5731 3055//5731
f 3055//5732 2771//5732 3054//5732
f 3055//5733 3053//5733 2772//5733
f 2772//5734 3053//5734 3052//5734
f 2772//5735 3052//5735 2292//5735
f 2292//5736 3052//5736 3078//5736
f 2292//5737 3078//5737 2773//5737
f 3047//5738 2288//5738 2773//5738
f 3047//5739 2773//5739 3051//5739
f 3051//5740 2773//5740 3078//5740
f 3051//5741 3078//5741 3052//5741
f 3079//5742 2777//5742 2288//5742
f 3079//5743 3080//5743 2777//5743
f 2777//5744 3080//5744 3081//5744
f 2777//5745 3081//5745 2778//5745
f 2778//5746 3081//5746 2774//5746
f 2774//5747 3081//5747 3049//5747
f 2774//5748 3049//5748 2775//5748
f 2775//5749 3049//5749 3048//5749
f 2775//5750 3048//5750 2776//5750
f 3050//5751 3049//5751 3081//5751
f 3050//5752 3081//5752 3080//5752
f 3050//5753 3080//5753 3046//5753
f 3046//5754 3080//5754 3079//5754
f 3046//5755 3079//5755 3045//5755
f 3045//5756 3079//5756 3047//5756
f 2288//5757 3047//5757 3079//5757
f 1976//5758 1970//5758 2691//5758
f 1976//5759 2691//5759 1991//5759
f 2719//5760 2717//5760 2718//5760
f 2002//5761 3015//5761 2025//5761
f 1949//5762 3082//5762 1950//5762
f 2710//5763 2722//5763 3083//5763
f 3084//5764 2720//5764 3085//5764
f 3085//5765 2720//5765 3083//5765
f 3083//5766 2720//5766 2710//5766
f 3086//5767 2719//5767 3087//5767
f 3087//5768 2719//5768 3084//5768
f 3084//5769 2719//5769 2720//5769
f 3088//5770 2717//5770 3086//5770
f 3086//5771 2717//5771 2719//5771
f 2704//5772 2715//5772 3089//5772
f 3089//5773 2715//5773 3088//5773
f 3088//5774 2715//5774 2717//5774
f 3090//5775 1941//5775 2704//5775
f 3090//5776 2704//5776 3089//5776
f 1941//5777 3090//5777 3091//5777
f 1941//5778 3091//5778 1940//5778
f 3092//5779 1937//5779 3091//5779
f 3091//5780 1937//5780 1940//5780
f 3092//5781 3093//5781 1937//5781
f 1937//5782 3093//5782 3094//5782
f 1937//5783 3094//5783 1978//5783
f 1978//5784 3094//5784 3095//5784
f 1978//5785 3095//5785 1977//5785
f 3095//5786 3096//5786 1977//5786
f 1977//5787 3096//5787 1968//5787
f 3096//5788 3097//5788 1968//5788
f 1968//5789 3097//5789 3098//5789
f 1968//5790 3098//5790 1969//5790
f 1969//5791 3098//5791 3099//5791
f 1969//5792 3099//5792 1973//5792
f 3099//5793 3100//5793 1973//5793
f 1973//5794 3100//5794 1974//5794
f 3100//5795 3101//5795 1974//5795
f 1974//5796 3101//5796 3102//5796
f 1974//5797 3102//5797 1971//5797
f 1971//5798 3102//5798 1972//5798
f 1972//5799 3102//5799 3103//5799
f 1972//5800 3103//5800 3104//5800
f 1972//5801 3104//5801 3105//5801
f 1972//5802 3105//5802 2728//5802
f 2728//5803 3105//5803 3083//5803
f 2728//5804 3083//5804 2722//5804
f 3106//5805 3107//5805 3108//5805
f 1962//5806 1963//5806 3109//5806
f 3109//5807 1963//5807 3110//5807
f 3109//5808 3110//5808 3111//5808
f 3110//5809 3112//5809 3111//5809
f 3111//5810 3112//5810 3114//5810
f 3113//5811 3114//5811 3112//5811
f 3115//5812 3116//5812 3113//5812
f 3113//5813 3116//5813 3114//5813
f 3117//5814 3115//5814 3106//5814
f 3108//5815 3118//5815 3106//5815
f 3106//5816 3118//5816 3117//5816
f 3106//5817 3115//5817 3113//5817
f 3106//5818 3113//5818 3107//5818
f 3119//5819 3113//5819 3112//5819
f 3119//5820 3112//5820 3110//5820
f 3119//5821 3110//5821 3120//5821
f 3120//5822 3110//5822 1963//5822
f 3120//5823 1963//5823 1967//5823
f 3121//5824 3122//5824 3116//5824
f 3121//5825 3116//5825 3115//5825
f 1962//5826 3109//5826 3111//5826
f 1926//5827 1962//5827 1927//5827
f 1962//5828 3123//5828 1927//5828
f 3123//5829 1962//5829 3111//5829
f 3123//5830 3111//5830 3124//5830
f 3124//5831 3111//5831 3114//5831
f 3114//5832 3116//5832 3122//5832
f 3114//5833 3122//5833 3124//5833
f 1998//5834 3127//5834 3128//5834
f 1998//5835 3128//5835 1954//5835
f 1954//5836 3128//5836 1952//5836
f 1952//5837 3128//5837 3133//5837
f 1952//5838 3133//5838 1958//5838
f 1958//5839 3133//5839 3125//5839
f 3082//5840 1949//5840 3126//5840
f 3126//5841 1949//5841 1958//5841
f 1958//5842 3125//5842 3126//5842
f 3131//5843 3130//5843 3125//5843
f 3133//5844 3134//5844 3125//5844
f 3132//5845 3133//5845 3128//5845
f 3132//5846 3128//5846 3129//5846
f 3126//5847 3125//5847 3130//5847
f 3126//5848 3130//5848 3082//5848
f 3082//5849 3130//5849 1966//5849
f 3127//5850 3129//5850 3128//5850
f 3136//5851 3137//5851 3138//5851
f 3138//5852 3137//5852 3108//5852
f 3136//5853 3129//5853 3148//5853
f 3129//5854 3136//5854 3138//5854
f 3129//5855 3138//5855 3132//5855
f 3132//5856 3138//5856 3139//5856
f 3135//5857 3134//5857 3139//5857
f 3139//5858 3134//5858 3133//5858
f 3139//5859 3133//5859 3132//5859
f 3125//5860 3140//5860 3131//5860
f 3131//5861 3140//5861 3120//5861
f 3131//5862 3120//5862 3130//5862
f 3130//5863 3120//5863 1967//5863
f 1966//5864 3130//5864 1967//5864
f 3120//5865 3140//5865 3135//5865
f 3135//5866 3140//5866 3125//5866
f 3135//5867 3125//5867 3134//5867
f 3108//5868 3107//5868 3138//5868
f 3138//5869 3107//5869 3113//5869
f 3138//5870 3113//5870 3139//5870
f 3139//5871 3113//5871 3119//5871
f 3139//5872 3119//5872 3135//5872
f 3135//5873 3119//5873 3120//5873
f 3108//5874 3137//5874 3141//5874
f 3137//5875 3136//5875 3142//5875
f 3143//5876 3117//5876 3118//5876
f 3141//5877 3144//5877 3143//5877
f 3141//5878 3143//5878 3118//5878
f 3118//5879 3108//5879 3141//5879
f 3121//5880 3115//5880 3117//5880
f 3144//5881 3146//5881 3143//5881
f 3145//5882 3121//5882 3117//5882
f 3145//5883 3117//5883 3146//5883
f 3146//5884 3117//5884 3143//5884
f 2702//5885 3146//5885 3144//5885
f 2702//5886 3144//5886 2701//5886
f 1929//5887 3121//5887 3145//5887
f 1929//5888 3145//5888 2702//5888
f 2702//5889 3145//5889 3146//5889
f 3121//5890 1929//5890 3122//5890
f 3122//5891 1929//5891 1930//5891
f 1927//5892 3123//5892 1934//5892
f 1934//5893 3123//5893 1932//5893
f 1932//5894 3123//5894 3124//5894
f 1932//5895 3124//5895 1930//5895
f 1930//5896 3124//5896 3122//5896
f 1995//5897 3137//5897 1996//5897
f 1996//5898 3137//5898 3142//5898
f 2701//5899 3144//5899 3141//5899
f 2701//5900 3141//5900 1995//5900
f 1995//5901 3141//5901 3137//5901
f 1998//5902 3147//5902 3127//5902
f 1996//5903 3147//5903 1998//5903
f 1996//5904 3142//5904 3147//5904
f 3142//5905 3136//5905 3147//5905
f 3147//5906 3148//5906 3127//5906
f 3147//5907 3136//5907 3148//5907
f 3127//5908 3148//5908 3129//5908
f 3105//5909 3104//5909 3103//5909
f 3149//5910 1906//5910 1908//5910
f 3099//5911 3098//5911 3150//5911
f 3150//5912 3098//5912 3151//5912
f 3151//5913 3098//5913 3097//5913
f 3151//5914 3097//5914 3152//5914
f 3153//5915 1904//5915 3154//5915
f 3154//5916 1904//5916 3155//5916
f 3155//5917 1904//5917 1907//5917
f 3155//5918 1907//5918 3149//5918
f 3149//5919 1907//5919 1906//5919
f 3097//5920 3096//5920 3152//5920
f 3152//5921 3096//5921 3156//5921
f 3157//5922 1902//5922 3153//5922
f 3153//5923 1902//5923 1905//5923
f 3153//5924 1905//5924 1904//5924
f 3096//5925 3095//5925 3156//5925
f 3156//5926 3095//5926 3094//5926
f 3156//5927 3094//5927 3158//5927
f 3158//5928 3094//5928 3159//5928
f 3159//5929 3094//5929 3093//5929
f 3159//5930 3093//5930 3160//5930
f 1899//5931 1901//5931 3161//5931
f 3161//5932 1901//5932 3162//5932
f 3162//5933 1901//5933 1903//5933
f 3162//5934 1903//5934 3157//5934
f 3157//5935 1903//5935 1902//5935
f 3093//5930 3092//5930 3160//5930
f 3160//5936 3092//5936 3091//5936
f 3160//5937 3091//5937 3090//5937
f 1897//5938 1900//5938 1899//5938
f 1892//5939 3163//5939 1913//5939
f 1913//5940 3163//5940 3164//5940
f 1913//5941 3164//5941 1912//5941
f 1912//5942 3164//5942 3165//5942
f 1912//5943 3165//5943 1910//5943
f 1910//5944 3165//5944 3166//5944
f 1910//5945 3166//5945 1911//5945
f 1911//5946 3166//5946 3167//5946
f 1911//5947 3167//5947 1909//5947
f 1909//5948 3167//5948 3168//5948
f 1909//5949 3168//5949 1908//5949
f 1908//5950 3168//5950 3169//5950
f 1908//5951 3169//5951 3149//5951
f 3149//5952 3169//5952 3170//5952
f 3149//5953 3170//5953 3155//5953
f 3155//5953 3170//5953 3171//5953
f 3155//5954 3171//5954 3154//5954
f 3154//5954 3171//5954 3172//5954
f 3154//5955 3172//5955 3153//5955
f 3153//5955 3172//5955 3173//5955
f 3153//5956 3173//5956 3157//5956
f 3157//5956 3173//5956 3174//5956
f 3157//5957 3174//5957 3162//5957
f 3162//5957 3174//5957 3175//5957
f 3162//5958 3175//5958 3161//5958
f 3161//5958 3175//5958 3176//5958
f 3161//5959 3176//5959 1899//5959
f 1899//5960 3176//5960 3177//5960
f 1899//5961 3177//5961 1897//5961
f 1898//5962 1897//5962 3178//5962
f 1898//5963 3178//5963 1896//5963
f 1896//5964 3178//5964 3179//5964
f 3164//5965 3163//5965 3180//5965
f 3164//5966 3180//5966 3165//5966
f 3165//5967 3180//5967 3181//5967
f 3165//5968 3181//5968 3166//5968
f 3166//5969 3181//5969 3182//5969
f 3166//5970 3182//5970 3167//5970
f 3170//5971 3169//5971 3183//5971
f 3170//5972 3183//5972 3171//5972
f 3171//5972 3183//5972 3184//5972
f 3171//5973 3184//5973 3172//5973
f 3172//5973 3184//5973 3185//5973
f 3172//5974 3185//5974 3173//5974
f 3173//5974 3185//5974 3186//5974
f 3173//5975 3186//5975 3174//5975
f 3174//5975 3186//5975 3187//5975
f 3174//5976 3187//5976 3175//5976
f 3175//5976 3187//5976 3188//5976
f 3175//5977 3188//5977 3176//5977
f 3176//5977 3188//5977 3189//5977
f 3176//5978 3189//5978 3177//5978
f 1897//5979 3177//5979 3190//5979
f 1897//5980 3190//5980 3178//5980
f 3179//5981 3178//5981 3191//5981
f 3163//5982 3192//5982 3180//5982
f 3167//5983 3182//5983 3193//5983
f 3167//5984 3193//5984 3168//5984
f 3168//5985 3193//5985 3194//5985
f 3168//5986 3194//5986 3169//5986
f 3169//5987 3194//5987 3195//5987
f 3169//5988 3195//5988 3183//5988
f 3183//5989 3195//5989 3196//5989
f 3183//5990 3196//5990 3184//5990
f 3184//5990 3196//5990 3197//5990
f 3184//5991 3197//5991 3185//5991
f 3185//5991 3197//5991 3198//5991
f 3185//5992 3198//5992 3186//5992
f 3186//5992 3198//5992 3199//5992
f 3186//5993 3199//5993 3187//5993
f 3187//5994 3199//5994 3200//5994
f 3187//5995 3200//5995 3188//5995
f 3188//5995 3200//5995 3201//5995
f 3188//5996 3201//5996 3189//5996
f 3189//5996 3201//5996 3202//5996
f 3189//5997 3202//5997 3177//5997
f 3177//5998 3202//5998 3203//5998
f 3177//5999 3203//5999 3190//5999
f 3178//6000 3190//6000 3204//6000
f 3178//6001 3204//6001 3191//6001
f 3180//6002 3192//6002 3205//6002
f 3180//6003 3205//6003 3181//6003
f 3181//6004 3205//6004 3206//6004
f 3181//6005 3206//6005 3182//6005
f 3182//6006 3206//6006 3207//6006
f 3182//6007 3207//6007 3193//6007
f 3196//6008 3195//6008 3208//6008
f 3196//6009 3208//6009 3197//6009
f 3197//6009 3208//6009 3209//6009
f 3197//6010 3209//6010 3198//6010
f 3198//6010 3209//6010 3210//6010
f 3198//6011 3210//6011 3199//6011
f 3199//6012 3210//6012 3211//6012
f 3199//6013 3211//6013 3200//6013
f 3200//6013 3211//6013 3212//6013
f 3200//6014 3212//6014 3201//6014
f 3201//6014 3212//6014 3213//6014
f 3201//6015 3213//6015 3202//6015
f 3202//6015 3213//6015 3214//6015
f 3202//6016 3214//6016 3203//6016
f 3203//6017 3214//6017 3215//6017
f 3203//6018 3215//6018 3190//6018
f 3190//6019 3215//6019 3216//6019
f 3190//6020 3216//6020 3204//6020
f 3204//6021 3216//6021 3217//6021
f 3204//6022 3217//6022 3191//6022
f 3191//6023 3217//6023 3218//6023
f 3192//6024 3219//6024 3205//6024
f 3193//6025 3207//6025 3220//6025
f 3193//6026 3220//6026 3194//6026
f 3194//6027 3220//6027 3221//6027
f 3194//6028 3221//6028 3195//6028
f 3195//6029 3221//6029 3222//6029
f 3195//6030 3222//6030 3208//6030
f 3208//6031 3222//6031 3223//6031
f 3208//6032 3223//6032 3209//6032
f 3209//6033 3223//6033 3224//6033
f 3209//6034 3224//6034 3210//6034
f 3210//6034 3224//6034 3225//6034
f 3210//6035 3225//6035 3211//6035
f 3211//6035 3225//6035 3226//6035
f 3211//6036 3226//6036 3212//6036
f 3212//6036 3226//6036 3227//6036
f 3212//6037 3227//6037 3213//6037
f 3213//6037 3227//6037 3228//6037
f 3213//6038 3228//6038 3214//6038
f 3214//6039 3228//6039 3229//6039
f 3214//6040 3229//6040 3215//6040
f 3205//6041 3219//6041 3230//6041
f 3205//6042 3230//6042 3206//6042
f 3206//6043 3230//6043 3231//6043
f 3206//6044 3231//6044 3207//6044
f 3207//6045 3231//6045 3232//6045
f 3207//6046 3232//6046 3220//6046
f 3223//6047 3222//6047 3233//6047
f 3223//6048 3233//6048 3224//6048
f 3224//6048 3233//6048 3234//6048
f 3224//6049 3234//6049 3225//6049
f 3225//6050 3234//6050 3235//6050
f 3225//6051 3235//6051 3226//6051
f 3226//6051 3235//6051 3236//6051
f 3226//6052 3236//6052 3227//6052
f 3227//6052 3236//6052 3237//6052
f 3227//6053 3237//6053 3228//6053
f 3228//6054 3237//6054 3238//6054
f 3228//6055 3238//6055 3229//6055
f 3229//6055 3238//6055 3239//6055
f 3229//6056 3239//6056 3215//6056
f 3215//6057 3239//6057 3240//6057
f 3215//6058 3240//6058 3216//6058
f 3216//6059 3240//6059 3241//6059
f 3216//6060 3241//6060 3217//6060
f 3217//6061 3241//6061 3242//6061
f 3217//6062 3242//6062 3218//6062
f 3218//6063 3242//6063 3243//6063
f 3219//6064 3083//6064 3230//6064
f 3230//6065 3083//6065 3105//6065
f 3230//6066 3105//6066 3231//6066
f 3231//6067 3105//6067 3103//6067
f 3231//6068 3103//6068 3232//6068
f 3232//6069 3103//6069 3102//6069
f 3232//6070 3102//6070 3220//6070
f 3220//6071 3102//6071 3101//6071
f 3220//6072 3101//6072 3221//6072
f 3221//6073 3101//6073 3100//6073
f 3221//6074 3100//6074 3222//6074
f 3222//6075 3100//6075 3099//6075
f 3222//6076 3099//6076 3233//6076
f 3233//6077 3099//6077 3150//6077
f 3233//6078 3150//6078 3234//6078
f 3234//6078 3150//6078 3151//6078
f 3234//6079 3151//6079 3235//6079
f 3235//6079 3151//6079 3152//6079
f 3235//6080 3152//6080 3236//6080
f 3236//6080 3152//6080 3156//6080
f 3236//6081 3156//6081 3237//6081
f 3237//6081 3156//6081 3158//6081
f 3237//6082 3158//6082 3238//6082
f 3238//6082 3158//6082 3159//6082
f 3238//6083 3159//6083 3239//6083
f 3239//6083 3159//6083 3160//6083
f 3239//6084 3160//6084 3240//6084
f 3240//6085 3160//6085 3090//6085
f 3240//6086 3090//6086 3241//6086
f 3242//6087 3241//6087 3088//6087
f 3242//6088 3088//6088 3243//6088
f 3243//6089 3088//6089 3086//6089
f 3090//6090 3089//6090 3241//6090
f 3241//6091 3089//6091 3088//6091
f 1894//6092 1896//6092 3179//6092
f 1894//6093 3179//6093 3244//6093
f 3244//6094 3179//6094 3191//6094
f 3244//6095 3191//6095 3245//6095
f 3245//6096 3191//6096 3218//6096
f 3245//6097 3218//6097 3246//6097
f 3246//6098 3218//6098 3243//6098
f 3246//6099 3243//6099 3247//6099
f 3247//6100 3243//6100 3086//6100
f 3247//6101 3086//6101 3087//6101
f 1895//6102 1894//6102 1893//6102
f 1893//6103 1894//6103 3244//6103
f 1893//6104 3244//6104 3248//6104
f 3248//6105 3244//6105 3245//6105
f 3248//6106 3245//6106 3249//6106
f 3249//6107 3245//6107 3246//6107
f 3249//6108 3246//6108 3250//6108
f 3250//6109 3246//6109 3247//6109
f 3250//6110 3247//6110 3251//6110
f 3251//6111 3247//6111 3087//6111
f 3251//6112 3087//6112 3085//6112
f 3085//6113 3087//6113 3084//6113
f 1892//6114 1893//6114 3248//6114
f 1892//6115 3248//6115 3163//6115
f 3163//6116 3248//6116 3249//6116
f 3163//6117 3249//6117 3192//6117
f 3192//6118 3249//6118 3250//6118
f 3192//6119 3250//6119 3219//6119
f 3219//6120 3250//6120 3251//6120
f 3219//6121 3251//6121 3085//6121
f 3219//6122 3085//6122 3083//6122
f 1938//6123 1990//6123 1921//6123
f 2304//6124 2299//6124 2298//6124
f 2260//6125 2761//6125 2257//6125
f 2257//6126 2761//6126 2764//6126
f 2298//6127 2300//6127 2303//6127
f 2298//6128 2303//6128 2288//6128
f 2288//6129 2303//6129 2302//6129
f 2312//6130 2311//6130 2314//6130
f 2265//6131 2266//6131 2263//6131
f 2211//6132 2213//6132 2757//6132
f 1923//6133 1924//6133 1946//6133
f 1923//6134 1946//6134 1922//6134
f 1922//6135 1946//6135 1917//6135
f 1917//6136 1946//6136 1944//6136
f 1942//6137 1965//6137 1944//6137
f 1944//6138 1965//6138 1917//6138
f 1917//6139 1965//6139 1915//6139
f 1915//6140 1965//6140 1964//6140
f 1915//6141 1964//6141 1916//6141
f 1961//6142 1925//6142 1916//6142
f 1961//6143 1916//6143 1964//6143
f 1938//6144 1921//6144 1939//6144
f 1939//6145 1921//6145 1920//6145
f 1939//6146 1920//6146 1925//6146
f 1925//6147 1920//6147 1916//6147
f 1961//6148 1918//6148 1925//6148
f 3252//6149 3253//6149 2028//6149
f 3254//6150 2078//6150 3253//6150
f 3253//6151 2078//6151 2028//6151
f 3255//6152 2059//6152 3254//6152
f 3254//6153 2059//6153 2076//6153
f 3254//6154 2076//6154 2078//6154
f 3256//6155 2054//6155 3255//6155
f 3255//6156 2054//6156 2060//6156
f 3255//6157 2060//6157 2059//6157
f 3257//6158 2055//6158 3256//6158
f 3256//6159 2055//6159 2054//6159
f 3258//6160 2049//6160 3257//6160
f 3257//6161 2049//6161 2058//6161
f 3257//6162 2058//6162 2055//6162
f 3259//6163 2050//6163 3258//6163
f 3258//6164 2050//6164 2049//6164
f 3260//6165 2043//6165 3259//6165
f 3259//6166 2043//6166 2050//6166
f 3261//6167 2038//6167 3260//6167
f 3260//6168 2038//6168 2046//6168
f 3260//6169 2046//6169 2043//6169
f 3262//6170 2034//6170 3261//6170
f 3261//6171 2034//6171 2038//6171
f 3263//6172 2035//6172 3262//6172
f 3262//6173 2035//6173 2034//6173
f 3264//6174 2032//6174 3263//6174
f 3263//6175 2032//6175 2036//6175
f 3263//6176 2036//6176 2035//6176
f 3265//6177 2033//6177 3264//6177
f 3264//6178 2033//6178 2032//6178
f 2028//6179 2027//6179 3252//6179
f 3252//6180 2027//6180 2146//6180
f 3252//6181 2146//6181 3266//6181
f 3266//6182 2146//6182 2030//6182
f 3266//6183 2030//6183 2029//6183
f 3266//6184 2029//6184 3265//6184
f 3265//6185 2029//6185 2033//6185
f 3253//13 3252//13 3266//13
f 3256//13 3255//13 3266//13
f 3266//13 3255//13 3254//13
f 3266//13 3254//13 3253//13
f 3259//13 3258//13 3266//13
f 3266//13 3258//13 3257//13
f 3266//13 3257//13 3256//13
f 3262//13 3261//13 3266//13
f 3266//13 3261//13 3260//13
f 3266//13 3260//13 3259//13
f 3265//13 3264//13 3266//13
f 3266//13 3264//13 3263//13
f 3266//13 3263//13 3262//13
f 3267//6186 3272//6186 3268//6186
f 3268//6187 3272//6187 3269//6187
f 3270//6188 3271//6188 3272//6188
f 3272//6189 3271//6189 3269//6189
f 3271//6190 3270//6190 3273//6190
f 3273//6191 3270//6191 3274//6191
f 3275//6192 3280//6192 3276//6192
f 3276//6193 3280//6193 3277//6193
f 3278//6194 3279//6194 3280//6194
f 3280//6195 3279//6195 3277//6195
f 3279//6196 3278//6196 3281//6196
f 3281//6197 3278//6197 3282//6197
f 3267//6198 3268//6198 3283//6198
f 3283//6199 3268//6199 3281//6199
f 3283//6200 3281//6200 3282//6200
f 3280//6201 3275//6201 3284//6201
f 3283//6202 3282//6202 3278//6202
f 3283//6203 3278//6203 3285//6203
f 3285//6204 3278//6204 3280//6204
f 3285//6205 3280//6205 3284//6205
f 3286//6206 3274//6206 3270//6206
f 3286//6207 3270//6207 3285//6207
f 3285//6208 3270//6208 3272//6208
f 3285//6209 3272//6209 3283//6209
f 3272//6210 3267//6210 3283//6210
f 3284//29 3275//29 3287//29
f 3287//29 3275//29 3276//29
f 3273//84 3274//84 3288//84
f 3288//84 3274//84 3286//84
f 3287//6211 3276//6211 3277//6211
f 3288//6211 3271//6211 3273//6211
f 3287//6211 3277//6211 3288//6211
f 3288//6211 3277//6211 3271//6211
f 3271//6212 3277//6212 3279//6212
f 3281//6211 3268//6211 3279//6211
f 3279//6213 3268//6213 3269//6213
f 3279//6214 3269//6214 3271//6214
f 3284//6215 3287//6215 3285//6215
f 3285//6216 3287//6216 3288//6216
f 3285//6215 3288//6215 3286//6215
f 3289//6217 3290//6217 3292//6217
f 3292//6218 3290//6218 3291//6218
f 3294//6219 3293//6219 3291//6219
f 3291//6220 3293//6220 3292//6220
f 3295//6221 3296//6221 3300//6221
f 3297//6222 3295//6222 3300//6222
f 3297//6223 3300//6223 3301//6223
f 3301//6224 3300//6224 3298//6224
f 3295//6225 3297//6225 3299//6225
f 3295//6226 3299//6226 3302//6226
f 3295//6227 3302//6227 3303//6227
f 3297//6228 3310//6228 3299//6228
f 3304//6229 3299//6229 3311//6229
f 3311//6230 3299//6230 3310//6230
f 3312//6231 3309//6231 3313//6231
f 3313//6232 3309//6232 3308//6232
f 3313//6233 3308//6233 3314//6233
f 3314//6234 3308//6234 3307//6234
f 3314//6235 3307//6235 3315//6235
f 3315//6236 3307//6236 3306//6236
f 3315//6237 3306//6237 3316//6237
f 3316//6238 3306//6238 3305//6238
f 3310//6239 3312//6239 3313//6239
f 3310//6240 3313//6240 3311//6240
f 3311//6241 3313//6241 3314//6241
f 3311//6242 3314//6242 3315//6242
f 3311//6243 3315//6243 3304//6243
f 3304//6244 3315//6244 3316//6244
f 3304//6245 3316//6245 3317//6245
f 3317//6246 3316//6246 3305//6246
f 3299//6247 3304//6247 3302//6247
f 3302//6248 3304//6248 3318//6248
f 3318//6249 3304//6249 3317//6249
f 3318//6250 3317//6250 3319//6250
f 3320//6251 3321//6251 3322//6251
f 3322//6252 3321//6252 3323//6252
f 3322//6253 3323//6253 3324//6253
f 3319//6254 3327//6254 3328//6254
f 3319//6255 3328//6255 3318//6255
f 3318//6256 3328//6256 3302//6256
f 3320//6257 3295//6257 3303//6257
f 3327//6258 3325//6258 3329//6258
f 3327//6259 3329//6259 3328//6259
f 3328//6260 3329//6260 3303//6260
f 3328//6261 3303//6261 3302//6261
f 3325//6262 3326//6262 3330//6262
f 3325//6263 3330//6263 3329//6263
f 3329//6264 3330//6264 3303//6264
f 3326//6265 3323//6265 3321//6265
f 3326//6266 3321//6266 3330//6266
f 3330//6267 3321//6267 3320//6267
f 3330//6268 3320//6268 3303//6268
f 3296//6269 3295//6269 3320//6269
f 3296//6270 3320//6270 3331//6270
f 3331//6271 3320//6271 3322//6271
f 3331//6272 3322//6272 3324//6272
f 3331//6273 3324//6273 3332//6273
f 3296//6274 3337//6274 3300//6274
f 3333//6275 3300//6275 3337//6275
f 3338//6276 3339//6276 3333//6276
f 3340//6277 3341//6277 3339//6277
f 3332//6278 3336//6278 3342//6278
f 3342//6279 3336//6279 3334//6279
f 3342//6280 3334//6280 3343//6280
f 3343//6281 3334//6281 3335//6281
f 3343//6282 3335//6282 3344//6282
f 3344//6283 3335//6283 3340//6283
f 3344//6284 3340//6284 3338//6284
f 3338//6285 3340//6285 3339//6285
f 3342//6286 3331//6286 3332//6286
f 3338//6287 3333//6287 3337//6287
f 3338//6288 3337//6288 3344//6288
f 3344//6289 3337//6289 3343//6289
f 3343//6290 3337//6290 3296//6290
f 3343//6291 3296//6291 3342//6291
f 3342//6292 3296//6292 3331//6292
f 3341//6293 3345//6293 3339//6293
f 3339//6294 3345//6294 3346//6294
f 3339//6295 3346//6295 3333//6295
f 3333//6296 3346//6296 3298//6296
f 3333//6297 3298//6297 3300//6297
f 3298//6298 3346//6298 3350//6298
f 3298//6299 3350//6299 3301//6299
f 3353//6300 3354//6300 3352//6300
f 3345//6301 3349//6301 3355//6301
f 3355//6302 3349//6302 3347//6302
f 3355//6303 3347//6303 3356//6303
f 3356//6304 3347//6304 3348//6304
f 3356//6305 3348//6305 3357//6305
f 3357//6306 3348//6306 3353//6306
f 3357//6307 3353//6307 3351//6307
f 3351//6308 3353//6308 3352//6308
f 3352//6309 3301//6309 3351//6309
f 3351//6310 3301//6310 3350//6310
f 3351//6311 3350//6311 3357//6311
f 3357//6312 3350//6312 3356//6312
f 3356//6313 3350//6313 3346//6313
f 3356//6314 3346//6314 3355//6314
f 3355//6315 3346//6315 3345//6315
f 3354//6316 3312//6316 3352//6316
f 3352//6317 3297//6317 3301//6317
f 3354//6318 3309//6318 3312//6318
f 3352//6319 3312//6319 3310//6319
f 3352//6320 3310//6320 3297//6320
f 3358//6321 3308//6321 3309//6321
f 3358//6322 3309//6322 3376//6322
f 3358//6323 3359//6323 3308//6323
f 3308//6324 3359//6324 3307//6324
f 3307//6325 3359//6325 3360//6325
f 3307//6326 3360//6326 3306//6326
f 3306//6327 3360//6327 3361//6327
f 3306//6328 3361//6328 3305//6328
f 3361//6329 3362//6329 3305//6329
f 3305//6330 3362//6330 3363//6330
f 3305//6331 3363//6331 3317//6331
f 3319//6332 3317//6332 3379//6332
f 3379//6333 3317//6333 3363//6333
f 3327//6334 3319//6334 3379//6334
f 3364//6335 3325//6335 3327//6335
f 3364//6336 3327//6336 3383//6336
f 3383//6337 3327//6337 3379//6337
f 3382//6338 3324//6338 3365//6338
f 3365//6339 3324//6339 3323//6339
f 3365//6340 3323//6340 3366//6340
f 3366//6341 3323//6341 3326//6341
f 3366//6342 3326//6342 3364//6342
f 3364//6343 3326//6343 3325//6343
f 3367//6344 3332//6344 3384//6344
f 3384//6345 3332//6345 3324//6345
f 3384//6346 3324//6346 3382//6346
f 3387//6347 3386//6347 3340//6347
f 3340//6348 3386//6348 3341//6348
f 3387//6349 3340//6349 3368//6349
f 3368//6350 3340//6350 3335//6350
f 3368//6351 3335//6351 3389//6351
f 3389//6352 3335//6352 3334//6352
f 3389//6353 3334//6353 3369//6353
f 3334//6354 3336//6354 3369//6354
f 3369//6355 3336//6355 3332//6355
f 3369//6356 3332//6356 3367//6356
f 3390//6357 3345//6357 3386//6357
f 3386//6358 3345//6358 3341//6358
f 3370//6359 3371//6359 3353//6359
f 3353//6360 3371//6360 3354//6360
f 3370//6361 3353//6361 3372//6361
f 3372//6362 3353//6362 3348//6362
f 3372//6363 3348//6363 3373//6363
f 3373//6364 3348//6364 3374//6364
f 3374//6365 3348//6365 3347//6365
f 3374//6366 3347//6366 3349//6366
f 3374//6367 3349//6367 3375//6367
f 3375//6368 3349//6368 3345//6368
f 3375//6369 3345//6369 3390//6369
f 3354//6370 3371//6370 3377//6370
f 3354//6371 3377//6371 3309//6371
f 3309//6372 3377//6372 3376//6372
f 3360//6373 3359//6373 3361//6373
f 3361//6374 3359//6374 3378//6374
f 3361//6375 3378//6375 3362//6375
f 3366//6376 3381//6376 3365//6376
f 3365//6377 3381//6377 3382//6377
f 3366//6378 3364//6378 3380//6378
f 3380//6379 3364//6379 3383//6379
f 3382//6380 3381//6380 3384//6380
f 3384//6381 3385//6381 3367//6381
f 3388//6382 3387//6382 3368//6382
f 3388//6383 3368//6383 3389//6383
f 3385//6384 3389//6384 3369//6384
f 3385//6385 3369//6385 3367//6385
f 3373//6386 3374//6386 3372//6386
f 3374//6387 3375//6387 3391//6387
f 3374//6388 3391//6388 3372//6388
f 3392//6389 3393//6389 3515//6389
f 3515//6390 3393//6390 3394//6390
f 3515//6391 3394//6391 3521//6391
f 3521//6392 3394//6392 3395//6392
f 3521//6393 3395//6393 3396//6393
f 3396//6394 3395//6394 3397//6394
f 3396//6395 3397//6395 3519//6395
f 3399//6396 3398//6396 3400//6396
f 3401//6397 3402//6397 3398//6397
f 3398//6398 3402//6398 3519//6398
f 3398//6399 3519//6399 3397//6399
f 3398//6400 3397//6400 3400//6400
f 3404//6401 3403//6401 3564//6401
f 3404//6402 3564//6402 3405//6402
f 3405//6403 3564//6403 3537//6403
f 3564//6404 3403//6404 3406//6404
f 3564//6405 3407//6405 3537//6405
f 3537//6406 3407//6406 3408//6406
f 3537//6407 3408//6407 3409//6407
f 3409//6408 3408//6408 3410//6408
f 3409//6409 3410//6409 3526//6409
f 3526//6410 3410//6410 3411//6410
f 3526//6411 3411//6411 3392//6411
f 3392//6412 3411//6412 3393//6412
f 3414//6413 3415//6413 3416//6413
f 3413//6413 3414//6413 3412//6413
f 3412//6413 3414//6413 3416//6413
f 3413//6413 3417//6413 3418//6413
f 3413//6413 3418//6413 3414//6413
f 3419//6414 3420//6414 3421//6414
f 3423//6414 3422//6414 3420//6414
f 3423//6414 3420//6414 3419//6414
f 3424//6414 3421//6414 3425//6414
f 3425//6414 3421//6414 3420//6414
f 3366//6415 3380//6415 3426//6415
f 3381//6416 3427//6416 3384//6416
f 3384//6417 3427//6417 3435//6417
f 3427//6418 3381//6418 3426//6418
f 3426//6419 3381//6419 3366//6419
f 3380//6420 3383//6420 3426//6420
f 3426//6421 3383//6421 3379//6421
f 3379//6422 3363//6422 3428//6422
f 3363//6423 3362//6423 3428//6423
f 3428//6424 3362//6424 3378//6424
f 3378//6425 3359//6425 3428//6425
f 3428//6426 3359//6426 3358//6426
f 3426//6427 3379//6427 3428//6427
f 3426//6428 3428//6428 3430//6428
f 3429//6429 3430//6429 3428//6429
f 3358//6430 3376//6430 3428//6430
f 3428//6431 3376//6431 3431//6431
f 3431//6432 3376//6432 3377//6432
f 3432//6433 3433//6433 3434//6433
f 3391//6434 3434//6434 3372//6434
f 3391//6435 3375//6435 3434//6435
f 3434//6436 3375//6436 3390//6436
f 3434//6437 3390//6437 3432//6437
f 3432//6438 3390//6438 3386//6438
f 3432//6439 3386//6439 3387//6439
f 3432//6440 3387//6440 3388//6440
f 3432//6441 3388//6441 3389//6441
f 3432//6442 3389//6442 3435//6442
f 3435//6443 3389//6443 3385//6443
f 3435//6444 3385//6444 3384//6444
f 3372//6445 3434//6445 3370//6445
f 3370//6446 3434//6446 3436//6446
f 3370//6447 3436//6447 3371//6447
f 3371//6448 3436//6448 3377//6448
f 3377//6449 3436//6449 3431//6449
f 3437//6450 3438//6450 3439//6450
f 3437//6451 3440//6451 3438//6451
f 3438//6452 3440//6452 3441//6452
f 3443//6453 3442//6453 3444//6453
f 3441//6454 3445//6454 3438//6454
f 3438//6455 3445//6455 3446//6455
f 3438//6456 3446//6456 3443//6456
f 3438//6457 3443//6457 3444//6457
f 3447//6458 3448//6458 3438//6458
f 3438//6459 3448//6459 3449//6459
f 3442//6460 3443//6460 3450//6460
f 3450//6461 3443//6461 3451//6461
f 3450//6462 3451//6462 3452//6462
f 3448//6463 3447//6463 3453//6463
f 3448//6464 3453//6464 3654//6464
f 3449//6465 3454//6465 3438//6465
f 3438//6466 3454//6466 3439//6466
f 3450//6467 3452//6467 3455//6467
f 3450//6468 3455//6468 3676//6468
f 3457//6469 3456//6469 3458//6469
f 3458//6470 3456//6470 3459//6470
f 3461//6471 3460//6471 3456//6471
f 3461//6472 3456//6472 3457//6472
f 3459//6473 3462//6473 3458//6473
f 3465//6474 3466//6474 3463//6474
f 3463//6475 3466//6475 3464//6475
f 3468//6476 3467//6476 3463//6476
f 3468//6477 3463//6477 3464//6477
f 3469//6478 3466//6478 3465//6478
f 3470//6479 3471//6479 3397//6479
f 3470//6480 3397//6480 3472//6480
f 3472//6481 3397//6481 3473//6481
f 3472//6482 3473//6482 3474//6482
f 3472//6483 3474//6483 3475//6483
f 3393//6484 3474//6484 3394//6484
f 3394//6485 3474//6485 3473//6485
f 3394//6486 3473//6486 3395//6486
f 3395//6487 3473//6487 3397//6487
f 3400//6488 3397//6488 3471//6488
f 3400//6489 3471//6489 3399//6489
f 3476//6490 3398//6490 3399//6490
f 3479//6491 3480//6491 3482//6491
f 3471//6492 3470//6492 3481//6492
f 3471//6493 3481//6493 3483//6493
f 3476//6494 3477//6494 3478//6494
f 3480//6495 3478//6495 3482//6495
f 3482//6496 3478//6496 3477//6496
f 3482//6497 3477//6497 3483//6497
f 3483//6498 3477//6498 3471//6498
f 3471//6499 3477//6499 3476//6499
f 3471//6500 3476//6500 3399//6500
f 3484//6501 3480//6501 3479//6501
f 3485//6502 3478//6502 3484//6502
f 3484//6503 3478//6503 3480//6503
f 3398//6504 3476//6504 3486//6504
f 3476//6505 3478//6505 3486//6505
f 3486//6506 3478//6506 3485//6506
f 3486//6507 3401//6507 3398//6507
f 3488//6508 3489//6508 3486//6508
f 3402//6509 3494//6509 3495//6509
f 3492//6510 3493//6510 3496//6510
f 3496//6511 3493//6511 3497//6511
f 3491//6512 3499//6512 3498//6512
f 3484//6513 3500//6513 3487//6513
f 3484//6514 3487//6514 3485//6514
f 3485//6515 3487//6515 3486//6515
f 3501//6516 3490//6516 3487//6516
f 3491//6517 3490//6517 3499//6517
f 3499//6518 3490//6518 3501//6518
f 3499//6519 3501//6519 3502//6519
f 3488//6520 3487//6520 3490//6520
f 3488//6521 3490//6521 3491//6521
f 3493//6522 3491//6522 3498//6522
f 3493//6523 3498//6523 3497//6523
f 3488//6524 3486//6524 3487//6524
f 3501//6525 3487//6525 3500//6525
f 3501//6526 3500//6526 3502//6526
f 3492//6527 3495//6527 3493//6527
f 3493//6528 3495//6528 3494//6528
f 3493//6529 3494//6529 3503//6529
f 3503//6530 3494//6530 3402//6530
f 3503//6531 3402//6531 3489//6531
f 3489//6532 3402//6532 3401//6532
f 3491//6533 3493//6533 3503//6533
f 3491//6534 3503//6534 3488//6534
f 3488//6535 3503//6535 3489//6535
f 3489//6536 3401//6536 3486//6536
f 3504//6537 3505//6537 3506//6537
f 3507//6538 3508//6538 3504//6538
f 3509//6539 3505//6539 3510//6539
f 3509//6540 3510//6540 3511//6540
f 3512//6541 3513//6541 3514//6541
f 3514//6542 3513//6542 3392//6542
f 3514//6543 3392//6543 3515//6543
f 3496//6544 3508//6544 3516//6544
f 3496//6545 3516//6545 3492//6545
f 3492//6546 3516//6546 3517//6546
f 3492//6547 3517//6547 3495//6547
f 3517//6548 3518//6548 3495//6548
f 3495//6549 3518//6549 3519//6549
f 3495//6550 3519//6550 3402//6550
f 3508//6551 3507//6551 3516//6551
f 3518//6552 3520//6552 3519//6552
f 3506//6553 3512//6553 3517//6553
f 3517//6554 3512//6554 3514//6554
f 3517//6555 3514//6555 3521//6555
f 3517//6556 3521//6556 3396//6556
f 3507//6557 3504//6557 3506//6557
f 3507//6558 3506//6558 3516//6558
f 3516//6559 3506//6559 3517//6559
f 3518//6560 3517//6560 3396//6560
f 3518//6561 3396//6561 3520//6561
f 3505//6562 3509//6562 3506//6562
f 3506//6563 3509//6563 3511//6563
f 3506//6564 3511//6564 3512//6564
f 3514//6565 3515//6565 3521//6565
f 3520//6566 3396//6566 3519//6566
f 3522//6567 3523//6567 3524//6567
f 3510//6568 3523//6568 3511//6568
f 3511//6569 3523//6569 3525//6569
f 3511//6570 3525//6570 3512//6570
f 3513//6571 3526//6571 3392//6571
f 3405//6572 3527//6572 3404//6572
f 3404//6573 3527//6573 3528//6573
f 3528//6574 3527//6574 3533//6574
f 3528//6575 3533//6575 3529//6575
f 3530//6576 3531//6576 3532//6576
f 3532//6577 3531//6577 3529//6577
f 3524//6578 3530//6578 3532//6578
f 3523//6579 3522//6579 3525//6579
f 3525//6580 3533//6580 3512//6580
f 3512//6581 3533//6581 3534//6581
f 3512//6582 3534//6582 3513//6582
f 3513//6583 3534//6583 3535//6583
f 3513//6584 3535//6584 3526//6584
f 3522//6585 3524//6585 3536//6585
f 3522//6586 3536//6586 3525//6586
f 3525//6587 3536//6587 3533//6587
f 3534//6588 3409//6588 3535//6588
f 3524//6589 3532//6589 3536//6589
f 3533//6590 3527//6590 3534//6590
f 3534//6591 3527//6591 3537//6591
f 3534//6592 3537//6592 3409//6592
f 3532//6593 3529//6593 3536//6593
f 3536//6594 3529//6594 3533//6594
f 3527//6595 3405//6595 3537//6595
f 3535//6596 3409//6596 3526//6596
f 3538//6597 3539//6597 3540//6597
f 3528//6598 3541//6598 3542//6598
f 3528//6599 3542//6599 3404//6599
f 3543//6600 3403//6600 3544//6600
f 3538//6601 3545//6601 3546//6601
f 3549//6602 3531//6602 3550//6602
f 3529//6603 3531//6603 3549//6603
f 3551//6604 3549//6604 3550//6604
f 3547//6605 3551//6605 3550//6605
f 3540//6606 3552//6606 3553//6606
f 3540//6607 3553//6607 3545//6607
f 3540//6608 3545//6608 3538//6608
f 3528//6609 3529//6609 3541//6609
f 3541//6610 3529//6610 3549//6610
f 3541//6611 3549//6611 3554//6611
f 3554//6612 3549//6612 3551//6612
f 3554//6613 3551//6613 3555//6613
f 3555//6614 3551//6614 3547//6614
f 3555//6615 3547//6615 3548//6615
f 3540//6616 3539//6616 3543//6616
f 3540//6617 3543//6617 3552//6617
f 3552//6618 3543//6618 3544//6618
f 3548//6619 3553//6619 3555//6619
f 3541//6620 3554//6620 3544//6620
f 3541//6621 3544//6621 3542//6621
f 3542//6622 3544//6622 3403//6622
f 3542//6623 3403//6623 3404//6623
f 3548//6624 3545//6624 3553//6624
f 3555//6625 3553//6625 3552//6625
f 3555//6626 3552//6626 3554//6626
f 3554//6627 3552//6627 3544//6627
f 3406//6628 3403//6628 3543//6628
f 3406//6629 3543//6629 3539//6629
f 3539//6630 3556//6630 3571//6630
f 3539//6631 3571//6631 3406//6631
f 3557//6632 3556//6632 3538//6632
f 3538//6633 3558//6633 3559//6633
f 3538//6634 3559//6634 3560//6634
f 3538//6635 3560//6635 3557//6635
f 3558//6636 3538//6636 3546//6636
f 3539//6637 3538//6637 3556//6637
f 3563//6638 3560//6638 3559//6638
f 3561//6639 3564//6639 3406//6639
f 3565//6640 3566//6640 3567//6640
f 3567//6641 3566//6641 3562//6641
f 3568//6642 3567//6642 3562//6642
f 3568//6643 3562//6643 3569//6643
f 3569//6644 3562//6644 3557//6644
f 3563//6645 3570//6645 3560//6645
f 3557//6646 3558//6646 3569//6646
f 3558//6647 3570//6647 3559//6647
f 3559//6648 3572//6648 3563//6648
f 3563//6649 3559//6649 3570//6649
f 3560//6650 3570//6650 3558//6650
f 3560//6651 3558//6651 3557//6651
f 3556//6652 3557//6652 3562//6652
f 3556//6653 3562//6653 3571//6653
f 3571//6654 3562//6654 3561//6654
f 3566//6655 3564//6655 3562//6655
f 3562//6656 3564//6656 3561//6656
f 3561//6657 3406//6657 3571//6657
f 3566//6658 3565//6658 3573//6658
f 3566//6659 3573//6659 3408//6659
f 3408//6660 3573//6660 3574//6660
f 3574//6661 3573//6661 3475//6661
f 3574//6662 3475//6662 3411//6662
f 3411//6663 3475//6663 3474//6663
f 3411//6664 3474//6664 3393//6664
f 3411//6665 3410//6665 3574//6665
f 3574//6666 3410//6666 3408//6666
f 3408//6667 3407//6667 3566//6667
f 3566//6668 3407//6668 3564//6668
f 3575//6669 3576//6669 3577//6669
f 3578//6670 3575//6670 3579//6670
f 3430//6671 3580//6671 3426//6671
f 3430//6672 3577//6672 3580//6672
f 3580//6673 3577//6673 3581//6673
f 3581//6674 3577//6674 3576//6674
f 3577//6675 3430//6675 3579//6675
f 3577//6676 3579//6676 3575//6676
f 3582//6677 3583//6677 3584//6677
f 3584//6678 3583//6678 3585//6678
f 3583//6679 3586//6679 3585//6679
f 3585//6680 3586//6680 3587//6680
f 3588//6681 3433//6681 3586//6681
f 3583//6682 3588//6682 3586//6682
f 3587//6683 3586//6683 3433//6683
f 3587//6684 3433//6684 3589//6684
f 3590//6685 3413//6685 3591//6685
f 3591//6686 3413//6686 3412//6686
f 3591//6687 3412//6687 3592//6687
f 3592//6688 3412//6688 3416//6688
f 3592//6689 3416//6689 3593//6689
f 3593//6690 3416//6690 3415//6690
f 3593//6691 3415//6691 3594//6691
f 3594//6692 3415//6692 3414//6692
f 3594//6693 3414//6693 3595//6693
f 3595//6694 3414//6694 3418//6694
f 3595//6695 3418//6695 3596//6695
f 3596//6696 3418//6696 3417//6696
f 3596//6697 3417//6697 3590//6697
f 3590//6698 3417//6698 3413//6698
f 3434//6699 3433//6699 3588//6699
f 3434//6700 3588//6700 3600//6700
f 3600//6701 3588//6701 3597//6701
f 3588//6702 3583//6702 3597//6702
f 3597//6703 3583//6703 3582//6703
f 3600//6704 3598//6704 3434//6704
f 3434//6705 3598//6705 3599//6705
f 3600//6706 3597//6706 3603//6706
f 3601//6707 3598//6707 3602//6707
f 3602//6708 3598//6708 3603//6708
f 3603//6709 3598//6709 3600//6709
f 3604//6710 3605//6710 3606//6710
f 3607//6711 3608//6711 3609//6711
f 3607//6712 3609//6712 3604//6712
f 3607//6713 3601//6713 3608//6713
f 3610//6714 3431//6714 3436//6714
f 3436//6715 3434//6715 3599//6715
f 3611//6716 3610//6716 3612//6716
f 3612//6717 3610//6717 3436//6717
f 3612//6718 3436//6718 3613//6718
f 3613//6719 3436//6719 3599//6719
f 3613//6720 3599//6720 3598//6720
f 3606//6721 3611//6721 3604//6721
f 3604//6722 3611//6722 3612//6722
f 3604//6723 3612//6723 3607//6723
f 3607//6724 3612//6724 3613//6724
f 3607//6725 3613//6725 3601//6725
f 3601//6726 3613//6726 3598//6726
f 3606//6727 3605//6727 3614//6727
f 3617//6728 3611//6728 3606//6728
f 3428//6729 3431//6729 3618//6729
f 3428//6730 3618//6730 3429//6730
f 3611//6731 3617//6731 3610//6731
f 3610//6732 3617//6732 3431//6732
f 3431//6733 3617//6733 3620//6733
f 3431//6734 3620//6734 3618//6734
f 3617//6735 3606//6735 3614//6735
f 3617//6736 3614//6736 3615//6736
f 3617//6737 3615//6737 3620//6737
f 3620//6738 3615//6738 3616//6738
f 3620//6739 3616//6739 3619//6739
f 3620//6740 3619//6740 3618//6740
f 3619//6741 3616//6741 3621//6741
f 3623//6742 3429//6742 3624//6742
f 3623//6743 3624//6743 3625//6743
f 3625//6744 3626//6744 3623//6744
f 3429//6745 3618//6745 3619//6745
f 3429//6746 3619//6746 3624//6746
f 3624//6747 3619//6747 3621//6747
f 3624//6748 3621//6748 3622//6748
f 3624//6749 3622//6749 3625//6749
f 3623//6750 3626//6750 3579//6750
f 3579//6751 3626//6751 3578//6751
f 3430//6752 3429//6752 3623//6752
f 3430//6753 3623//6753 3579//6753
f 3627//6754 3422//6754 3628//6754
f 3628//6755 3422//6755 3423//6755
f 3628//6756 3423//6756 3419//6756
f 3628//6757 3419//6757 3629//6757
f 3629//6758 3419//6758 3630//6758
f 3630//6759 3419//6759 3421//6759
f 3630//6760 3421//6760 3631//6760
f 3631//6761 3421//6761 3424//6761
f 3631//6762 3424//6762 3632//6762
f 3632//6763 3424//6763 3425//6763
f 3632//6764 3425//6764 3633//6764
f 3633//6765 3425//6765 3420//6765
f 3633//6766 3420//6766 3627//6766
f 3627//6767 3420//6767 3422//6767
f 3634//6768 3426//6768 3580//6768
f 3636//6769 3635//6769 3637//6769
f 3581//6770 3637//6770 3580//6770
f 3580//6771 3637//6771 3635//6771
f 3580//6772 3635//6772 3634//6772
f 3640//6773 3435//6773 3427//6773
f 3635//6774 3636//6774 3638//6774
f 3639//6775 3641//6775 3638//6775
f 3638//6776 3641//6776 3642//6776
f 3642//6777 3640//6777 3634//6777
f 3634//6778 3640//6778 3427//6778
f 3635//6779 3638//6779 3642//6779
f 3635//6780 3642//6780 3634//6780
f 3634//6781 3427//6781 3426//6781
f 3641//6782 3639//6782 3643//6782
f 3641//6783 3645//6783 3642//6783
f 3642//6784 3645//6784 3640//6784
f 3644//6785 3432//6785 3435//6785
f 3643//6786 3645//6786 3641//6786
f 3645//6787 3644//6787 3640//6787
f 3640//6788 3644//6788 3435//6788
f 3646//6789 3589//6789 3647//6789
f 3643//6790 3647//6790 3645//6790
f 3645//6791 3647//6791 3644//6791
f 3644//6792 3647//6792 3589//6792
f 3644//6793 3589//6793 3432//6793
f 3589//6794 3433//6794 3432//6794
f 3589//6795 3646//6795 3587//6795
f 3587//6796 3646//6796 3585//6796
f 3444//6797 3648//6797 3649//6797
f 3444//6798 3649//6798 3438//6798
f 3438//6799 3649//6799 3650//6799
f 3438//6800 3650//6800 3447//6800
f 3447//6801 3650//6801 3651//6801
f 3447//6802 3651//6802 3652//6802
f 3447//6803 3652//6803 3453//6803
f 3453//6804 3652//6804 3653//6804
f 3453//6805 3653//6805 3654//6805
f 3448//6806 3654//6806 3655//6806
f 3448//6807 3655//6807 3656//6807
f 3448//6808 3656//6808 3449//6808
f 3449//6809 3656//6809 3657//6809
f 3449//6810 3657//6810 3658//6810
f 3449//6811 3658//6811 3454//6811
f 3454//6812 3658//6812 3659//6812
f 3454//6813 3659//6813 3439//6813
f 3439//6814 3659//6814 3660//6814
f 3439//6815 3660//6815 3661//6815
f 3439//6816 3661//6816 3437//6816
f 3437//6817 3661//6817 3662//6817
f 3437//6818 3662//6818 3663//6818
f 3437//6819 3663//6819 3440//6819
f 3440//6820 3663//6820 3664//6820
f 3440//6821 3664//6821 3665//6821
f 3440//6822 3665//6822 3441//6822
f 3441//6823 3665//6823 3666//6823
f 3441//6824 3666//6824 3445//6824
f 3445//6825 3666//6825 3667//6825
f 3445//6826 3667//6826 3668//6826
f 3445//6827 3668//6827 3446//6827
f 3446//6828 3668//6828 3669//6828
f 3446//6829 3669//6829 3670//6829
f 3446//6830 3670//6830 3443//6830
f 3443//6831 3670//6831 3671//6831
f 3443//6832 3671//6832 3451//6832
f 3451//6833 3671//6833 3672//6833
f 3451//6834 3672//6834 3452//6834
f 3452//6835 3672//6835 3673//6835
f 3452//6836 3673//6836 3674//6836
f 3452//6837 3674//6837 3455//6837
f 3455//6838 3674//6838 3675//6838
f 3455//6839 3675//6839 3676//6839
f 3450//6840 3676//6840 3677//6840
f 3450//6841 3677//6841 3442//6841
f 3442//6842 3677//6842 3678//6842
f 3442//6843 3678//6843 3679//6843
f 3442//6844 3679//6844 3444//6844
f 3444//6845 3679//6845 3648//6845
f 3681//6846 3457//6846 3458//6846
f 3681//6847 3458//6847 3682//6847
f 3462//6848 3680//6848 3458//6848
f 3458//6849 3680//6849 3682//6849
f 3680//6850 3462//6850 3683//6850
f 3683//6851 3462//6851 3459//6851
f 3683//6852 3459//6852 3684//6852
f 3684//6853 3459//6853 3456//6853
f 3684//6854 3456//6854 3685//6854
f 3685//6855 3456//6855 3460//6855
f 3460//6856 3687//6856 3685//6856
f 3686//6857 3687//6857 3461//6857
f 3461//6858 3687//6858 3460//6858
f 3686//6859 3461//6859 3457//6859
f 3686//6860 3457//6860 3681//6860
f 3689//6861 3464//6861 3466//6861
f 3689//6862 3466//6862 3690//6862
f 3688//6863 3691//6863 3469//6863
f 3469//6864 3691//6864 3466//6864
f 3466//6865 3691//6865 3690//6865
f 3688//6866 3469//6866 3465//6866
f 3688//6867 3465//6867 3692//6867
f 3692//6868 3465//6868 3463//6868
f 3692//6869 3463//6869 3693//6869
f 3693//6870 3463//6870 3467//6870
f 3467//6871 3695//6871 3693//6871
f 3694//6872 3695//6872 3468//6872
f 3468//6873 3695//6873 3467//6873
f 3694//6874 3468//6874 3464//6874
f 3694//6875 3464//6875 3689//6875
f 3813//6876 3812//6876 3470//6876
f 3470//6877 3812//6877 3814//6877
f 3475//6878 3817//6878 3815//6878
f 3475//6879 3815//6879 3472//6879
f 3472//6880 3815//6880 3813//6880
f 3472//6881 3813//6881 3470//6881
f 3479//6882 3482//6882 3696//6882
f 3696//6883 3482//6883 3818//6883
f 3818//6884 3482//6884 3483//6884
f 3818//6885 3483//6885 3697//6885
f 3697//6886 3483//6886 3481//6886
f 3697//6887 3481//6887 3698//6887
f 3698//6888 3481//6888 3470//6888
f 3698//6889 3470//6889 3814//6889
f 3819//6890 3484//6890 3479//6890
f 3819//6891 3479//6891 3696//6891
f 3498//6892 3822//6892 3821//6892
f 3699//6893 3496//6893 3821//6893
f 3821//6894 3496//6894 3497//6894
f 3821//6895 3497//6895 3498//6895
f 3822//6896 3498//6896 3499//6896
f 3484//6897 3819//6897 3500//6897
f 3500//6898 3819//6898 3700//6898
f 3500//6899 3700//6899 3502//6899
f 3502//6900 3700//6900 3823//6900
f 3502//6901 3823//6901 3499//6901
f 3499//6902 3823//6902 3701//6902
f 3499//6903 3701//6903 3822//6903
f 3825//6904 3510//6904 3702//6904
f 3702//6905 3510//6905 3505//6905
f 3702//6906 3505//6906 3703//6906
f 3703//6907 3505//6907 3504//6907
f 3703//6908 3504//6908 3704//6908
f 3704//6909 3504//6909 3508//6909
f 3704//6910 3508//6910 3705//6910
f 3705//6911 3508//6911 3496//6911
f 3705//6912 3496//6912 3699//6912
f 3834//6913 3531//6913 3530//6913
f 3706//6914 3530//6914 3524//6914
f 3706//6915 3524//6915 3707//6915
f 3707//6916 3524//6916 3523//6916
f 3707//6917 3523//6917 3833//6917
f 3833//6918 3523//6918 3510//6918
f 3833//6919 3510//6919 3825//6919
f 3837//6920 3546//6920 3545//6920
f 3708//6921 3836//6921 3545//6921
f 3545//6922 3836//6922 3837//6922
f 3545//6923 3548//6923 3708//6923
f 3708//6924 3548//6924 3709//6924
f 3709//6925 3548//6925 3547//6925
f 3709//6926 3547//6926 3839//6926
f 3839//6927 3547//6927 3550//6927
f 3531//6928 3834//6928 3710//6928
f 3531//6929 3710//6929 3550//6929
f 3550//6930 3710//6930 3839//6930
f 3837//6931 3711//6931 3546//6931
f 3546//6932 3711//6932 3558//6932
f 3712//6933 3565//6933 3713//6933
f 3713//6934 3565//6934 3567//6934
f 3713//6935 3567//6935 3714//6935
f 3714//6936 3567//6936 3568//6936
f 3714//6937 3568//6937 3840//6937
f 3840//6938 3568//6938 3569//6938
f 3840//6939 3569//6939 3711//6939
f 3711//6940 3569//6940 3558//6940
f 3817//6941 3475//6941 3841//6941
f 3841//6942 3475//6942 3573//6942
f 3841//6943 3573//6943 3842//6943
f 3842//6944 3573//6944 3843//6944
f 3843//6945 3573//6945 3565//6945
f 3843//6946 3565//6946 3712//6946
f 3585//6947 3760//6947 3716//6947
f 3585//6948 3716//6948 3584//6948
f 3596//6413 3717//6413 3718//6413
f 3596//6413 3718//6413 3595//6413
f 3595//6413 3718//6413 3719//6413
f 3720//6949 3721//6949 3590//6949
f 3590//6950 3721//6950 3596//6950
f 3596//6951 3721//6951 3717//6951
f 3595//6952 3719//6952 3722//6952
f 3595//6953 3722//6953 3723//6953
f 3595//6413 3723//6413 3594//6413
f 3594//6413 3723//6413 3724//6413
f 3593//6954 3725//6954 3726//6954
f 3593//6413 3726//6413 3592//6413
f 3592//6413 3726//6413 3591//6413
f 3591//6413 3726//6413 3727//6413
f 3591//6413 3727//6413 3590//6413
f 3590//6955 3727//6955 3720//6955
f 3724//6956 3728//6956 3594//6956
f 3594//6413 3728//6413 3593//6413
f 3593//6957 3728//6957 3725//6957
f 3729//6958 3597//6958 3582//6958
f 3597//6959 3729//6959 3730//6959
f 3597//6960 3730//6960 3603//6960
f 3603//6961 3730//6961 3602//6961
f 3731//6962 3601//6962 3602//6962
f 3731//6963 3602//6963 3730//6963
f 3605//6964 3732//6964 3733//6964
f 3731//6965 3608//6965 3601//6965
f 3605//6966 3604//6966 3732//6966
f 3732//6967 3604//6967 3609//6967
f 3732//6968 3609//6968 3734//6968
f 3734//6969 3609//6969 3735//6969
f 3735//6970 3609//6970 3608//6970
f 3735//6971 3608//6971 3731//6971
f 3605//6972 3733//6972 3736//6972
f 3605//6973 3736//6973 3614//6973
f 3614//6974 3736//6974 3737//6974
f 3614//6975 3737//6975 3615//6975
f 3738//6976 3616//6976 3615//6976
f 3738//6977 3615//6977 3737//6977
f 3625//6978 3622//6978 3739//6978
f 3739//6979 3622//6979 3738//6979
f 3738//6980 3622//6980 3621//6980
f 3738//6981 3621//6981 3616//6981
f 3739//6982 3740//6982 3625//6982
f 3625//6983 3740//6983 3626//6983
f 3578//6984 3626//6984 3740//6984
f 3627//6985 3741//6985 3633//6985
f 3741//6986 3742//6986 3633//6986
f 3633//6414 3742//6414 3743//6414
f 3633//6414 3743//6414 3744//6414
f 3744//6987 3745//6987 3633//6987
f 3633//6414 3745//6414 3632//6414
f 3632//6985 3745//6985 3746//6985
f 3632//6414 3746//6414 3631//6414
f 3628//6414 3747//6414 3627//6414
f 3627//6988 3747//6988 3748//6988
f 3627//6989 3748//6989 3741//6989
f 3630//6990 3749//6990 3629//6990
f 3629//6991 3749//6991 3750//6991
f 3629//6414 3750//6414 3628//6414
f 3628//6992 3750//6992 3747//6992
f 3630//6993 3751//6993 3749//6993
f 3746//6414 3752//6414 3631//6414
f 3631//6414 3752//6414 3630//6414
f 3630//6994 3752//6994 3751//6994
f 3753//6995 3581//6995 3715//6995
f 3715//6996 3581//6996 3576//6996
f 3581//6997 3753//6997 3637//6997
f 3637//6998 3753//6998 3754//6998
f 3637//6999 3754//6999 3636//6999
f 3636//7000 3754//7000 3638//7000
f 3754//7001 3755//7001 3638//7001
f 3638//7002 3755//7002 3756//7002
f 3638//7003 3756//7003 3639//7003
f 3639//7004 3756//7004 3757//7004
f 3758//7005 3643//7005 3759//7005
f 3759//7006 3643//7006 3639//7006
f 3639//7007 3757//7007 3759//7007
f 3643//7008 3758//7008 3760//7008
f 3643//7009 3760//7009 3647//7009
f 3647//7010 3760//7010 3646//7010
f 3760//7011 3585//7011 3646//7011
f 3747//7012 3761//7012 3762//7012
f 3747//7013 3762//7013 3748//7013
f 3748//7014 3762//7014 3763//7014
f 3748//7015 3763//7015 3741//7015
f 3741//7016 3763//7016 3764//7016
f 3741//7017 3764//7017 3742//7017
f 3743//7018 3742//7018 3765//7018
f 3765//7019 3742//7019 3764//7019
f 3766//7020 3767//7020 3752//7020
f 3766//7021 3752//7021 3746//7021
f 3768//7022 3750//7022 3769//7022
f 3769//7023 3750//7023 3749//7023
f 3769//7024 3749//7024 3770//7024
f 3770//7025 3749//7025 3751//7025
f 3770//7026 3751//7026 3771//7026
f 3771//7027 3751//7027 3752//7027
f 3771//7028 3752//7028 3767//7028
f 3761//7029 3747//7029 3750//7029
f 3761//7030 3750//7030 3768//7030
f 3648//7031 3772//7031 3649//7031
f 3649//7032 3772//7032 3773//7032
f 3649//7033 3773//7033 3650//7033
f 3650//7034 3773//7034 3651//7034
f 3651//7035 3773//7035 3774//7035
f 3651//7036 3774//7036 3652//7036
f 3652//7037 3774//7037 3653//7037
f 3653//7038 3774//7038 3775//7038
f 3653//7039 3775//7039 3654//7039
f 3654//7040 3775//7040 3655//7040
f 3655//7041 3775//7041 3776//7041
f 3655//7042 3776//7042 3656//7042
f 3656//7043 3776//7043 3657//7043
f 3657//7044 3776//7044 3777//7044
f 3657//7045 3777//7045 3658//7045
f 3658//7046 3777//7046 3659//7046
f 3659//7047 3777//7047 3778//7047
f 3659//7048 3778//7048 3660//7048
f 3660//7049 3778//7049 3661//7049
f 3661//7050 3778//7050 3779//7050
f 3661//7051 3779//7051 3662//7051
f 3662//7052 3779//7052 3663//7052
f 3663//7053 3779//7053 3780//7053
f 3663//7054 3780//7054 3664//7054
f 3664//7055 3780//7055 3665//7055
f 3665//7056 3780//7056 3781//7056
f 3665//7057 3781//7057 3666//7057
f 3666//7058 3781//7058 3667//7058
f 3667//7059 3781//7059 3782//7059
f 3667//7060 3782//7060 3668//7060
f 3668//7061 3782//7061 3669//7061
f 3669//7062 3782//7062 3783//7062
f 3669//7063 3783//7063 3670//7063
f 3670//7064 3783//7064 3671//7064
f 3671//7065 3783//7065 3784//7065
f 3671//7066 3784//7066 3672//7066
f 3672//7067 3784//7067 3673//7067
f 3673//7068 3784//7068 3785//7068
f 3673//7069 3785//7069 3674//7069
f 3674//7070 3785//7070 3675//7070
f 3675//7071 3785//7071 3786//7071
f 3675//7072 3786//7072 3676//7072
f 3676//7073 3786//7073 3677//7073
f 3677//7074 3786//7074 3787//7074
f 3677//7075 3787//7075 3678//7075
f 3678//7076 3787//7076 3679//7076
f 3679//7077 3787//7077 3772//7077
f 3679//7078 3772//7078 3648//7078
f 3686//7079 3791//7079 3687//7079
f 3687//7080 3788//7080 3685//7080
f 3682//7081 3789//7081 3790//7081
f 3682//7082 3790//7082 3681//7082
f 3681//7083 3790//7083 3791//7083
f 3681//7084 3791//7084 3686//7084
f 3789//7085 3682//7085 3680//7085
f 3789//7086 3680//7086 3792//7086
f 3792//7087 3680//7087 3793//7087
f 3793//7088 3680//7088 3683//7088
f 3788//7089 3794//7089 3685//7089
f 3685//7090 3794//7090 3684//7090
f 3684//7091 3794//7091 3793//7091
f 3684//7092 3793//7092 3683//7092
f 3795//7093 3691//7093 3688//7093
f 3795//7094 3688//7094 3796//7094
f 3688//7095 3692//7095 3796//7095
f 3796//7096 3692//7096 3797//7096
f 3797//7097 3692//7097 3693//7097
f 3694//7098 3800//7098 3695//7098
f 3695//7099 3800//7099 3798//7099
f 3695//7100 3798//7100 3799//7100
f 3695//7101 3799//7101 3693//7101
f 3693//7102 3799//7102 3797//7102
f 3689//7103 3800//7103 3694//7103
f 3801//7104 3717//7104 3721//7104
f 3801//7105 3721//7105 3802//7105
f 3802//7106 3721//7106 3720//7106
f 3802//7107 3720//7107 3803//7107
f 3803//7108 3720//7108 3727//7108
f 3803//7109 3727//7109 3804//7109
f 3718//7110 3717//7110 3805//7110
f 3805//7111 3717//7111 3801//7111
f 3806//7018 3807//7018 3723//7018
f 3723//7112 3807//7112 3724//7112
f 3724//7113 3807//7113 3808//7113
f 3724//7114 3808//7114 3728//7114
f 3728//7115 3808//7115 3809//7115
f 3728//7116 3809//7116 3725//7116
f 3725//7117 3809//7117 3810//7117
f 3725//7118 3810//7118 3726//7118
f 3726//7119 3810//7119 3811//7119
f 3804//7120 3727//7120 3811//7120
f 3811//7121 3727//7121 3726//7121
f 3816//7122 3815//7122 3817//7122
f 3818//7123 3819//7123 3696//7123
f 3820//7124 3699//7124 3821//7124
f 3820//7125 3821//7125 3822//7125
f 3823//7126 3700//7126 3824//7126
f 3823//7127 3822//7127 3701//7127
f 3700//7128 3819//7128 3824//7128
f 3829//7129 3699//7129 3820//7129
f 3705//7130 3699//7130 3829//7130
f 3705//7131 3829//7131 3704//7131
f 3704//7132 3829//7132 3828//7132
f 3704//7133 3828//7133 3827//7133
f 3704//7134 3827//7134 3703//7134
f 3703//7135 3827//7135 3702//7135
f 3702//7136 3827//7136 3826//7136
f 3825//7137 3702//7137 3826//7137
f 3833//7138 3832//7138 3707//7138
f 3830//7139 3706//7139 3831//7139
f 3831//7140 3706//7140 3707//7140
f 3831//7141 3707//7141 3832//7141
f 3834//7142 3530//7142 3830//7142
f 3830//7143 3530//7143 3706//7143
f 3710//7144 3834//7144 3838//7144
f 3710//7145 3838//7145 3839//7145
f 3708//7146 3709//7146 3835//7146
f 3835//7147 3709//7147 3839//7147
f 3836//7148 3708//7148 3835//7148
f 3837//7149 3840//7149 3711//7149
f 3744//7150 3743//7150 3715//7150
f 3743//7151 3765//7151 3715//7151
f 3715//7152 3576//7152 3744//7152
f 3744//7153 3576//7153 3745//7153
f 3745//7154 3576//7154 3575//7154
f 3575//7155 3578//7155 3745//7155
f 3765//7156 3844//7156 3845//7156
f 3845//7157 3844//7157 3846//7157
f 3846//7158 3844//7158 3847//7158
f 3722//7159 3716//7159 3723//7159
f 3848//7160 3849//7160 3806//7160
f 3716//7161 3760//7161 3723//7161
f 3723//7162 3760//7162 3806//7162
f 3849//7163 3848//7163 3850//7163
f 3849//7164 3850//7164 3851//7164
f 3719//7165 3582//7165 3722//7165
f 3722//7166 3582//7166 3584//7166
f 3722//7167 3584//7167 3716//7167
f 3805//7168 3851//7168 3850//7168
f 3846//7169 3847//7169 3852//7169
f 3852//7170 3847//7170 3766//7170
f 3740//7171 3853//7171 3852//7171
f 3853//7172 3740//7172 3854//7172
f 3854//7173 3740//7173 3739//7173
f 3854//7174 3739//7174 3855//7174
f 3855//7175 3739//7175 3856//7175
f 3856//7176 3739//7176 3738//7176
f 3856//7177 3738//7177 3886//7177
f 3886//7178 3738//7178 3857//7178
f 3745//7179 3578//7179 3746//7179
f 3746//7180 3578//7180 3740//7180
f 3746//7181 3740//7181 3766//7181
f 3766//7182 3740//7182 3852//7182
f 3857//7183 3738//7183 3737//7183
f 3857//7184 3737//7184 3858//7184
f 3858//7185 3737//7185 3859//7185
f 3859//7186 3737//7186 3736//7186
f 3859//7187 3736//7187 3860//7187
f 3860//7188 3736//7188 3861//7188
f 3861//7189 3736//7189 3733//7189
f 3861//7190 3733//7190 3862//7190
f 3862//7191 3733//7191 3732//7191
f 3862//7192 3732//7192 3863//7192
f 3863//7193 3732//7193 3734//7193
f 3863//7194 3734//7194 3864//7194
f 3864//7195 3734//7195 3735//7195
f 3864//7196 3735//7196 3865//7196
f 3865//7197 3735//7197 3866//7197
f 3866//7198 3735//7198 3731//7198
f 3866//7199 3731//7199 3867//7199
f 3867//7200 3731//7200 3730//7200
f 3867//7201 3730//7201 3868//7201
f 3868//7202 3730//7202 3869//7202
f 3869//7203 3730//7203 3729//7203
f 3869//7204 3729//7204 3870//7204
f 3870//7205 3729//7205 3871//7205
f 3582//7206 3719//7206 3729//7206
f 3729//7207 3719//7207 3718//7207
f 3729//7208 3718//7208 3805//7208
f 3729//7209 3805//7209 3871//7209
f 3871//7210 3805//7210 3850//7210
f 3870//7211 3871//7211 3872//7211
f 3868//7212 3873//7212 3867//7212
f 3867//7213 3873//7213 3866//7213
f 3866//7214 3873//7214 3874//7214
f 3872//7215 3875//7215 3870//7215
f 3870//7216 3875//7216 3876//7216
f 3870//7217 3876//7217 3869//7217
f 3869//7218 3876//7218 3877//7218
f 3869//7219 3877//7219 3868//7219
f 3868//7220 3877//7220 3878//7220
f 3868//7221 3878//7221 3873//7221
f 3873//7222 3878//7222 3874//7222
f 3880//7223 3861//7223 3862//7223
f 3880//7224 3862//7224 3881//7224
f 3866//7225 3874//7225 3879//7225
f 3866//7226 3879//7226 3865//7226
f 3865//7227 3879//7227 3882//7227
f 3865//7228 3882//7228 3864//7228
f 3864//7229 3882//7229 3883//7229
f 3864//7230 3883//7230 3863//7230
f 3863//7231 3883//7231 3881//7231
f 3863//7232 3881//7232 3862//7232
f 3885//7233 3886//7233 3887//7233
f 3884//7234 3885//7234 3887//7234
f 3861//7235 3880//7235 3860//7235
f 3860//7236 3880//7236 3888//7236
f 3860//7237 3888//7237 3859//7237
f 3859//7238 3888//7238 3889//7238
f 3859//7239 3889//7239 3858//7239
f 3858//7240 3889//7240 3887//7240
f 3858//7241 3887//7241 3857//7241
f 3857//7242 3887//7242 3886//7242
f 3890//7243 4034//7243 3852//7243
f 3856//7244 3886//7244 3885//7244
f 3852//7245 3853//7245 3890//7245
f 3890//7246 3853//7246 3854//7246
f 3890//7247 3854//7247 3891//7247
f 3891//7248 3854//7248 3855//7248
f 3891//7249 3855//7249 3892//7249
f 3892//7250 3855//7250 3856//7250
f 3892//7251 3856//7251 3893//7251
f 3893//7252 3856//7252 3885//7252
f 3895//7253 3894//7253 4033//7253
f 3895//7254 3896//7254 3897//7254
f 3897//7255 3896//7255 3898//7255
f 3898//7256 3899//7256 3900//7256
f 4033//7257 3901//7257 3895//7257
f 3895//7258 3901//7258 3896//7258
f 3898//7259 3896//7259 3902//7259
f 3898//7260 3902//7260 3899//7260
f 3765//7261 3845//7261 3894//7261
f 3903//7262 3757//7262 3904//7262
f 3904//7263 3757//7263 3756//7263
f 3904//7264 3756//7264 3905//7264
f 3905//7265 3756//7265 3755//7265
f 3905//7266 3755//7266 3906//7266
f 3906//7267 3755//7267 3900//7267
f 3900//7268 3755//7268 3754//7268
f 3900//7269 3754//7269 3898//7269
f 3898//7270 3754//7270 3897//7270
f 3897//7271 3754//7271 3753//7271
f 3897//7272 3753//7272 3895//7272
f 3895//7273 3753//7273 3894//7273
f 3894//7274 3753//7274 3715//7274
f 3894//7275 3715//7275 3765//7275
f 3908//7276 3907//7276 3909//7276
f 3908//7277 3909//7277 3910//7277
f 3848//7278 3806//7278 3913//7278
f 3913//7279 3806//7279 3760//7279
f 3758//7280 3914//7280 3760//7280
f 3760//7281 3914//7281 3915//7281
f 3760//7282 3915//7282 3913//7282
f 3759//7283 3912//7283 3758//7283
f 3758//7284 3912//7284 3916//7284
f 3758//7285 3916//7285 3917//7285
f 3758//7286 3917//7286 3914//7286
f 3757//7287 3903//7287 3918//7287
f 3757//7288 3918//7288 3759//7288
f 3759//7289 3918//7289 3919//7289
f 3759//7290 3919//7290 3912//7290
f 3917//7291 3916//7291 3920//7291
f 3922//7292 3913//7292 3915//7292
f 3922//7293 3915//7293 3921//7293
f 3921//7294 3915//7294 3914//7294
f 3921//7295 3914//7295 3923//7295
f 3923//7296 3914//7296 3917//7296
f 3923//7297 3917//7297 3924//7297
f 3924//7298 3917//7298 3920//7298
f 3761//7299 3768//7299 3925//7299
f 3771//7300 3767//7300 3926//7300
f 3926//7301 3767//7301 3927//7301
f 3927//7301 3767//7301 3766//7301
f 3927//7301 3766//7301 3928//7301
f 3762//7302 3761//7302 3929//7302
f 3762//7303 3929//7303 3930//7303
f 3762//7304 3930//7304 3763//7304
f 3763//7305 3930//7305 3931//7305
f 3763//7306 3931//7306 3764//7306
f 3771//7307 3926//7307 3932//7307
f 3771//7308 3932//7308 3770//7308
f 3933//7309 3768//7309 3769//7309
f 3933//7301 3769//7301 3932//7301
f 3932//7310 3769//7310 3770//7310
f 3928//7301 3766//7301 3934//7301
f 3934//7301 3766//7301 3847//7301
f 3934//7301 3847//7301 3935//7301
f 3935//7301 3847//7301 3844//7301
f 3935//7301 3844//7301 3936//7301
f 3936//7301 3844//7301 3765//7301
f 3936//7301 3765//7301 3931//7301
f 3931//7301 3765//7301 3764//7301
f 3940//7311 3939//7311 3941//7311
f 3943//7312 3938//7312 3944//7312
f 3949//7313 3946//7313 3948//7313
f 3776//13 3950//13 3777//13
f 3777//13 3950//13 3951//13
f 3777//13 3951//13 3778//13
f 3778//13 3951//13 3952//13
f 3778//13 3952//13 3779//13
f 3779//13 3952//13 3953//13
f 3779//13 3953//13 3780//13
f 3772//7314 3954//7314 3773//7314
f 3773//7315 3954//7315 3955//7315
f 3773//13 3955//13 3774//13
f 3774//13 3955//13 3956//13
f 3774//13 3956//13 3775//13
f 3775//13 3956//13 3957//13
f 3775//13 3957//13 3776//13
f 3776//13 3957//13 3958//13
f 3776//13 3958//13 3950//13
f 3787//13 3959//13 3772//13
f 3772//7316 3959//7316 3954//7316
f 3784//13 3960//13 3785//13
f 3785//13 3960//13 3961//13
f 3785//13 3961//13 3786//13
f 3786//13 3961//13 3962//13
f 3786//13 3962//13 3787//13
f 3787//13 3962//13 3963//13
f 3787//13 3963//13 3959//13
f 3953//13 3964//13 3780//13
f 3780//13 3964//13 3965//13
f 3780//13 3965//13 3781//13
f 3781//13 3965//13 3966//13
f 3781//13 3966//13 3782//13
f 3782//13 3966//13 3967//13
f 3782//13 3967//13 3783//13
f 3783//13 3967//13 3968//13
f 3783//13 3968//13 3784//13
f 3784//13 3968//13 3969//13
f 3784//13 3969//13 3960//13
f 3790//7317 3970//7317 3971//7317
f 3790//7318 3789//7318 3970//7318
f 3970//7319 3789//7319 3972//7319
f 3972//7320 3789//7320 3792//7320
f 3972//7321 3792//7321 3793//7321
f 3972//7322 3793//7322 3973//7322
f 3973//7323 3793//7323 3974//7323
f 3974//7324 3793//7324 3794//7324
f 3975//7325 3974//7325 3794//7325
f 3794//7326 3788//7326 3975//7326
f 3975//7327 3788//7327 3976//7327
f 3976//7328 3788//7328 3687//7328
f 3976//7329 3687//7329 3977//7329
f 3977//7330 3687//7330 3791//7330
f 3977//7331 3791//7331 3971//7331
f 3971//7332 3791//7332 3790//7332
f 3690//7333 3978//7333 3689//7333
f 3689//7334 3978//7334 3979//7334
f 3978//7335 3690//7335 3980//7335
f 3980//7336 3690//7336 3691//7336
f 3980//7337 3691//7337 3795//7337
f 3980//7338 3795//7338 3981//7338
f 3981//7339 3795//7339 3796//7339
f 3981//7340 3796//7340 3982//7340
f 3982//7341 3796//7341 3797//7341
f 3983//7342 3982//7342 3797//7342
f 3797//7343 3799//7343 3983//7343
f 3983//7344 3799//7344 3984//7344
f 3984//7345 3799//7345 3798//7345
f 3984//7346 3798//7346 3800//7346
f 3984//7347 3800//7347 3985//7347
f 3985//7348 3800//7348 3979//7348
f 3979//7349 3800//7349 3689//7349
f 3988//7350 3991//7350 3990//7350
f 3988//7351 3990//7351 3987//7351
f 3993//7352 3994//7352 3992//7352
f 3994//7353 3993//7353 3995//7353
f 3805//7354 3801//7354 3998//7354
f 3998//7355 3801//7355 3802//7355
f 3998//7356 3802//7356 4000//7356
f 4000//7357 3802//7357 3803//7357
f 4000//7358 3803//7358 3999//7358
f 3999//7359 3803//7359 3804//7359
f 3808//7354 4001//7354 4002//7354
f 3808//7360 4002//7360 3809//7360
f 4003//7357 3811//7357 3810//7357
f 4003//7361 3810//7361 4002//7361
f 4002//7362 3810//7362 3809//7362
f 3808//7363 3807//7363 4001//7363
f 4001//7361 3807//7361 4004//7361
f 4004//7361 3807//7361 3806//7361
f 4004//7361 3806//7361 4005//7361
f 4005//7361 3806//7361 3849//7361
f 3998//7361 4006//7361 3805//7361
f 3805//7361 4006//7361 4007//7361
f 3805//7361 4007//7361 3851//7361
f 3851//7361 4007//7361 4008//7361
f 3851//7361 4008//7361 4005//7361
f 3851//7364 4005//7364 3849//7364
f 4009//7365 3804//7365 3811//7365
f 3823//7366 3824//7366 3940//7366
f 3824//7367 3819//7367 3940//7367
f 3940//7368 3819//7368 3818//7368
f 3940//7369 3818//7369 4017//7369
f 4017//7370 3818//7370 4018//7370
f 4018//7371 3818//7371 3697//7371
f 4018//7372 3697//7372 4010//7372
f 4010//7373 3697//7373 4011//7373
f 4011//7374 3697//7374 3698//7374
f 4011//7375 3698//7375 4020//7375
f 4020//7376 3698//7376 3814//7376
f 4020//7377 3814//7377 4012//7377
f 4012//7378 3814//7378 3812//7378
f 4012//7379 3812//7379 4216//7379
f 3817//7380 4013//7380 3816//7380
f 3816//7381 4013//7381 4014//7381
f 3816//7382 4014//7382 3815//7382
f 3815//7383 4014//7383 4217//7383
f 3815//7384 4217//7384 3813//7384
f 3813//7385 4217//7385 4216//7385
f 3813//7386 4216//7386 3812//7386
f 3945//7387 3825//7387 3946//7387
f 3946//7388 3825//7388 3826//7388
f 3946//7389 3826//7389 3827//7389
f 3946//7390 3827//7390 3948//7390
f 3948//7391 3827//7391 3828//7391
f 3948//7392 3828//7392 3947//7392
f 3947//7393 3828//7393 3829//7393
f 3947//7394 3829//7394 3944//7394
f 3944//7395 3829//7395 3820//7395
f 3944//7396 3820//7396 3943//7396
f 3943//7397 3820//7397 3822//7397
f 3943//7398 3822//7398 3942//7398
f 3942//7399 3822//7399 3823//7399
f 3942//7400 3823//7400 3941//7400
f 3941//7401 3823//7401 3940//7401
f 4015//7402 4016//7402 4017//7402
f 4020//7403 4019//7403 4011//7403
f 4011//7404 4019//7404 4010//7404
f 4015//7405 4017//7405 4018//7405
f 4013//7406 3817//7406 4021//7406
f 4021//7407 3817//7407 3841//7407
f 4021//7408 3841//7408 4226//7408
f 3712//7409 4022//7409 3843//7409
f 3843//7410 4022//7410 4023//7410
f 3843//7411 4023//7411 3842//7411
f 3842//7412 4023//7412 4024//7412
f 3842//7413 4024//7413 3841//7413
f 3841//7414 4024//7414 4226//7414
f 3714//7415 4027//7415 3713//7415
f 3713//7416 4027//7416 4025//7416
f 3713//7417 4025//7417 3712//7417
f 3712//7418 4025//7418 4022//7418
f 3839//7419 3997//7419 3996//7419
f 3839//7420 3996//7420 3835//7420
f 3835//7421 3996//7421 3995//7421
f 3835//7422 3995//7422 3836//7422
f 3836//7423 3995//7423 3993//7423
f 3836//7424 3993//7424 3837//7424
f 3837//7425 3993//7425 4026//7425
f 3837//7426 4026//7426 3840//7426
f 3840//7427 4026//7427 4027//7427
f 3840//7428 4027//7428 3714//7428
f 3839//7429 3838//7429 3997//7429
f 3997//7430 3838//7430 3989//7430
f 3989//7431 3838//7431 3834//7431
f 3989//7432 3834//7432 3986//7432
f 3986//7433 3834//7433 3830//7433
f 3986//7434 3830//7434 3990//7434
f 3990//7435 3830//7435 3831//7435
f 3990//7436 3831//7436 3987//7436
f 3987//7437 3831//7437 3832//7437
f 3987//7438 3832//7438 3988//7438
f 3988//7439 3832//7439 3833//7439
f 3988//7440 3833//7440 3945//7440
f 3945//7441 3833//7441 3825//7441
f 4029//7442 4030//7442 4022//7442
f 4029//7443 4022//7443 4025//7443
f 4028//7444 4027//7444 4031//7444
f 4031//7445 4027//7445 4026//7445
f 3894//7446 3845//7446 4033//7446
f 3845//7447 4032//7447 4033//7447
f 3845//7448 3846//7448 4032//7448
f 4032//7449 3846//7449 4034//7449
f 3846//7450 3852//7450 4034//7450
f 4035//7451 4036//7451 4037//7451
f 4035//7452 4037//7452 4038//7452
f 4038//7453 4037//7453 4039//7453
f 4038//7454 4039//7454 4040//7454
f 4040//7455 4039//7455 4041//7455
f 4042//7456 4043//7456 4035//7456
f 4035//7457 4043//7457 4036//7457
f 4044//7458 4045//7458 4046//7458
f 4044//7459 4046//7459 4047//7459
f 4047//7460 4046//7460 4048//7460
f 4047//7461 4048//7461 4049//7461
f 4049//7462 4048//7462 4043//7462
f 4049//7463 4043//7463 4042//7463
f 4050//7464 4051//7464 4052//7464
f 4050//7464 4052//7464 4053//7464
f 4053//7465 4052//7465 4054//7465
f 4053//7465 4054//7465 4055//7465
f 4055//7466 4054//7466 4045//7466
f 4055//7467 4045//7467 4044//7467
f 4056//7468 4057//7468 4058//7468
f 4056//7469 4058//7469 4059//7469
f 4059//7470 4058//7470 4060//7470
f 4059//7470 4060//7470 4061//7470
f 4061//7471 4060//7471 4051//7471
f 4061//7471 4051//7471 4050//7471
f 4062//7472 4063//7472 4064//7472
f 4062//7473 4064//7473 4065//7473
f 4065//7474 4064//7474 4066//7474
f 4065//7474 4066//7474 4067//7474
f 4067//7475 4066//7475 4057//7475
f 4067//7476 4057//7476 4056//7476
f 4068//7477 4069//7477 4062//7477
f 4062//7478 4069//7478 4063//7478
f 4070//7479 4071//7479 4072//7479
f 4070//7479 4072//7479 4073//7479
f 4073//7480 4072//7480 4074//7480
f 4073//7480 4074//7480 4075//7480
f 4075//7481 4074//7481 4069//7481
f 4075//7482 4069//7482 4068//7482
f 3872//7483 3871//7483 3850//7483
f 3872//7484 3850//7484 4076//7484
f 4076//7485 3850//7485 3848//7485
f 4076//7486 3848//7486 4077//7486
f 3913//7487 3922//7487 3848//7487
f 3848//7488 3922//7488 4077//7488
f 4078//7489 3874//7489 3878//7489
f 4078//7490 3878//7490 3877//7490
f 4078//7491 3877//7491 4079//7491
f 4079//7492 3877//7492 3876//7492
f 4079//7493 3876//7493 4080//7493
f 4080//7494 3876//7494 3875//7494
f 4080//7495 3875//7495 4081//7495
f 4081//7496 3875//7496 3872//7496
f 4082//7497 3880//7497 4083//7497
f 3880//7498 3881//7498 4083//7498
f 4083//7499 3881//7499 3883//7499
f 4083//7500 3883//7500 4084//7500
f 4084//7501 3883//7501 3882//7501
f 3879//7502 3874//7502 4078//7502
f 4085//7503 4086//7503 3884//7503
f 3884//7504 4086//7504 3885//7504
f 3884//7505 3887//7505 4085//7505
f 4085//7506 3887//7506 3889//7506
f 3888//7507 3880//7507 4082//7507
f 4034//7508 3890//7508 4087//7508
f 4087//7509 3890//7509 3891//7509
f 4087//7510 3891//7510 4088//7510
f 4088//7511 3891//7511 3892//7511
f 4088//7512 3892//7512 4089//7512
f 4089//7513 3892//7513 4090//7513
f 4089//7514 4090//7514 4091//7514
f 4091//7515 4090//7515 4086//7515
f 4086//7516 4090//7516 3885//7516
f 3885//7517 4090//7517 3893//7517
f 3893//7518 4090//7518 3892//7518
f 4092//7519 4093//7519 4094//7519
f 4094//7520 4093//7520 4095//7520
f 4094//7521 4095//7521 4096//7521
f 4096//7522 4095//7522 4097//7522
f 4096//7523 4097//7523 4098//7523
f 4098//7524 4097//7524 4033//7524
f 4033//7525 4099//7525 4098//7525
f 4098//7526 4099//7526 4096//7526
f 4092//7527 4101//7527 4093//7527
f 4101//7528 4100//7528 4093//7528
f 4093//7529 4100//7529 4102//7529
f 4093//7530 4102//7530 4095//7530
f 4095//7531 4102//7531 4097//7531
f 4102//7532 3901//7532 4097//7532
f 4097//7533 3901//7533 4033//7533
f 4101//7534 3899//7534 3902//7534
f 4101//7535 3902//7535 4100//7535
f 4100//7536 3902//7536 3896//7536
f 4100//7537 3896//7537 4102//7537
f 4102//7538 3896//7538 3901//7538
f 4109//7539 3903//7539 4103//7539
f 4103//7540 3903//7540 3904//7540
f 4103//7541 3904//7541 4104//7541
f 4104//7542 3904//7542 3905//7542
f 4104//7543 3905//7543 4105//7543
f 4105//7544 3905//7544 3906//7544
f 4105//7545 3906//7545 3899//7545
f 3899//7546 3906//7546 3900//7546
f 4108//7547 4106//7547 4104//7547
f 4106//7548 4107//7548 4109//7548
f 4106//7549 4109//7549 4104//7549
f 4110//7550 3907//7550 3908//7550
f 3908//7551 4111//7551 4110//7551
f 4110//7552 4111//7552 4112//7552
f 4110//7553 4112//7553 4113//7553
f 4113//7554 4112//7554 4114//7554
f 4113//7555 4114//7555 4115//7555
f 4115//7556 4114//7556 4116//7556
f 4115//7557 4116//7557 4117//7557
f 4118//7558 4116//7558 4119//7558
f 4119//7559 4116//7559 4114//7559
f 4119//7560 4114//7560 4120//7560
f 4120//7561 4114//7561 4112//7561
f 4120//7562 4112//7562 4111//7562
f 4121//7563 4122//7563 4123//7563
f 4123//7564 4122//7564 4124//7564
f 4123//7565 4124//7565 4125//7565
f 4126//7566 4125//7566 4124//7566
f 3909//7567 4122//7567 4121//7567
f 4121//7568 3911//7568 3910//7568
f 4121//7569 3910//7569 3909//7569
f 4122//7570 3909//7570 3907//7570
f 3908//7571 3910//7571 4127//7571
f 3908//7572 4127//7572 4111//7572
f 4111//7573 4127//7573 4120//7573
f 4128//7574 4129//7574 4118//7574
f 4118//7575 4119//7575 4128//7575
f 4128//7576 4119//7576 4120//7576
f 4128//7577 4120//7577 4130//7577
f 4130//7578 4120//7578 4127//7578
f 4130//7579 4127//7579 4131//7579
f 4131//7580 4127//7580 3910//7580
f 4131//7581 3910//7581 3911//7581
f 4109//7582 4107//7582 4132//7582
f 4132//7583 4107//7583 4133//7583
f 4132//7584 4133//7584 4134//7584
f 3920//7585 3916//7585 4135//7585
f 4135//7586 3916//7586 3912//7586
f 4135//7587 3912//7587 3919//7587
f 4135//7588 3919//7588 4132//7588
f 4132//7589 3919//7589 3918//7589
f 4132//7590 3918//7590 4109//7590
f 4109//7591 3918//7591 3903//7591
f 4138//7592 4137//7592 3923//7592
f 4138//7593 3923//7593 3924//7593
f 4138//7594 3924//7594 4136//7594
f 3920//7595 4136//7595 3924//7595
f 4137//7596 3922//7596 3921//7596
f 4137//7597 3921//7597 3923//7597
f 4140//7598 4136//7598 4141//7598
f 4136//7599 4142//7599 4141//7599
f 4141//7600 4142//7600 4143//7600
f 3920//7601 4142//7601 4136//7601
f 4138//7602 4136//7602 4140//7602
f 4138//7603 4140//7603 4137//7603
f 4137//7604 4140//7604 4139//7604
f 4137//7605 4139//7605 3922//7605
f 4143//7606 4144//7606 4141//7606
f 4141//7607 4144//7607 4145//7607
f 4141//7608 4145//7608 4140//7608
f 4140//7609 4145//7609 4146//7609
f 4140//7610 4146//7610 4139//7610
f 4146//7611 4077//7611 4139//7611
f 4139//7612 4077//7612 3922//7612
f 3940//7613 4017//7613 3937//7613
f 3937//7614 4017//7614 4016//7614
f 4147//7615 3925//7615 4148//7615
f 3925//7616 3768//7616 4148//7616
f 4148//7617 3768//7617 4149//7617
f 4149//7618 3768//7618 3933//7618
f 4149//7619 3933//7619 4150//7619
f 4150//7620 3933//7620 3932//7620
f 4150//7621 3932//7621 4151//7621
f 4151//7622 3932//7622 3926//7622
f 4151//7623 3926//7623 4152//7623
f 4152//7624 3926//7624 3927//7624
f 4152//7625 3927//7625 4153//7625
f 4153//7626 3927//7626 3928//7626
f 4153//7627 3928//7627 3934//7627
f 4153//7628 3934//7628 4154//7628
f 4154//7629 3934//7629 3935//7629
f 4154//7630 3935//7630 4155//7630
f 4155//7631 3935//7631 3936//7631
f 4155//7632 3936//7632 4156//7632
f 4156//7633 3936//7633 3931//7633
f 4156//7634 3931//7634 4157//7634
f 4157//7635 3931//7635 3930//7635
f 4157//7636 3930//7636 4158//7636
f 4158//7637 3930//7637 3929//7637
f 4158//7638 3929//7638 4159//7638
f 4159//7639 3929//7639 3761//7639
f 4159//7640 3761//7640 4160//7640
f 4160//7641 3761//7641 3925//7641
f 4160//7642 3925//7642 4147//7642
f 3943//7643 3942//7643 4161//7643
f 4161//7644 3942//7644 4162//7644
f 4162//7645 3942//7645 3941//7645
f 4162//7646 3941//7646 4163//7646
f 4163//7647 3941//7647 3939//7647
f 4163//7648 3939//7648 4164//7648
f 4164//7649 3939//7649 3940//7649
f 4164//7650 3940//7650 3937//7650
f 3943//7651 4161//7651 3938//7651
f 3938//7652 4161//7652 4165//7652
f 3938//7653 4165//7653 4166//7653
f 3938//7654 4166//7654 3944//7654
f 4167//7655 4168//7655 4169//7655
f 4167//7656 4169//7656 4170//7656
f 4170//7657 4171//7657 4167//7657
f 4171//7658 4172//7658 4167//7658
f 3949//7659 4172//7659 4173//7659
f 3949//7660 4173//7660 4174//7660
f 3949//7661 4174//7661 4175//7661
f 3949//7662 4175//7662 3946//7662
f 3946//7663 4175//7663 4176//7663
f 3946//7664 4176//7664 3945//7664
f 3945//7665 4176//7665 4177//7665
f 4172//7666 3949//7666 4167//7666
f 4167//7667 3949//7667 3948//7667
f 4167//7668 3948//7668 4178//7668
f 4178//7669 3948//7669 3947//7669
f 4178//7670 3947//7670 3944//7670
f 4178//7671 3944//7671 4166//7671
f 3963//7672 4169//7672 4168//7672
f 3963//7673 4168//7673 3959//7673
f 4179//7674 3954//7674 3959//7674
f 4179//7675 3959//7675 4168//7675
f 4180//7676 4181//7676 3955//7676
f 4169//7677 3963//7677 3962//7677
f 4169//7678 3962//7678 4170//7678
f 4170//7679 3962//7679 3961//7679
f 4170//7680 3961//7680 4171//7680
f 3960//7681 4172//7681 4171//7681
f 3960//7682 4171//7682 3961//7682
f 3969//7683 3980//7683 3981//7683
f 3982//7684 3960//7684 3969//7684
f 3982//7685 3969//7685 3981//7685
f 3982//7686 3983//7686 3960//7686
f 3983//7687 3984//7687 3960//7687
f 3960//7688 3984//7688 4172//7688
f 4172//7689 3984//7689 3985//7689
f 4172//7690 3985//7690 3979//7690
f 4172//7691 3979//7691 4173//7691
f 4173//7692 3979//7692 3978//7692
f 3978//7693 3980//7693 4173//7693
f 4173//7694 3980//7694 3969//7694
f 4173//7695 3969//7695 3968//7695
f 4173//7696 3968//7696 4174//7696
f 4174//7697 3968//7697 3967//7697
f 4174//7698 3967//7698 4175//7698
f 3966//7699 4176//7699 4175//7699
f 3966//7700 4175//7700 3967//7700
f 4176//7701 3966//7701 3965//7701
f 4176//7702 3965//7702 4177//7702
f 4177//7703 3965//7703 4182//7703
f 4182//7704 3965//7704 3964//7704
f 4182//7705 3964//7705 3953//7705
f 4182//7706 3953//7706 4184//7706
f 3952//7707 4183//7707 4184//7707
f 3952//7708 4184//7708 3953//7708
f 4183//7709 3952//7709 3951//7709
f 4183//7710 3951//7710 4186//7710
f 3950//7711 4185//7711 4186//7711
f 3950//7712 4186//7712 3951//7712
f 3977//7713 4185//7713 3976//7713
f 3976//7714 4185//7714 3950//7714
f 3976//7715 3950//7715 3975//7715
f 4185//7716 3977//7716 3971//7716
f 4185//7717 3971//7717 4187//7717
f 4187//7718 3971//7718 3970//7718
f 3958//7719 3972//7719 3973//7719
f 3973//7720 3974//7720 3958//7720
f 3958//7721 3974//7721 3950//7721
f 3950//7722 3974//7722 3975//7722
f 3970//7723 3972//7723 4187//7723
f 4187//7724 3972//7724 3958//7724
f 4187//7725 3958//7725 3957//7725
f 4187//7726 3957//7726 4188//7726
f 4188//7727 3957//7727 3956//7727
f 4188//7728 3956//7728 4189//7728
f 3955//7729 4181//7729 4189//7729
f 3955//7730 4189//7730 3956//7730
f 4180//7731 3955//7731 3954//7731
f 4180//7732 3954//7732 4179//7732
f 4182//7733 3988//7733 3945//7733
f 4182//7734 3945//7734 4177//7734
f 4184//7735 3991//7735 3988//7735
f 4184//7736 3988//7736 4182//7736
f 4184//7737 4183//7737 3991//7737
f 4183//7738 4186//7738 3991//7738
f 4186//7739 4185//7739 3991//7739
f 4185//7740 4187//7740 4190//7740
f 4190//7741 4187//7741 4188//7741
f 4190//7742 4188//7742 4189//7742
f 4190//7743 4189//7743 4181//7743
f 4190//7744 4181//7744 4180//7744
f 4185//7745 4190//7745 3991//7745
f 3991//7746 4190//7746 4191//7746
f 3991//7747 4191//7747 3990//7747
f 3990//7748 4191//7748 3986//7748
f 4191//7749 4192//7749 3986//7749
f 3986//7750 4192//7750 4193//7750
f 3986//7751 4193//7751 3989//7751
f 3989//7752 4193//7752 4194//7752
f 4195//7753 3997//7753 4196//7753
f 4196//7754 3997//7754 4194//7754
f 4194//7755 3997//7755 3989//7755
f 4197//7756 3994//7756 3995//7756
f 4197//7757 3995//7757 4198//7757
f 4198//7758 3995//7758 3996//7758
f 4198//7759 3996//7759 4195//7759
f 4195//7760 3996//7760 3997//7760
f 3994//7761 4197//7761 4199//7761
f 3994//7762 4199//7762 3992//7762
f 4026//7763 3993//7763 3992//7763
f 4026//7764 3992//7764 4031//7764
f 4200//7765 4008//7765 4007//7765
f 4006//7766 4201//7766 4007//7766
f 4007//7767 4201//7767 4202//7767
f 4007//7768 4202//7768 4200//7768
f 3998//7769 4203//7769 4006//7769
f 4006//7770 4203//7770 4201//7770
f 4000//7771 4204//7771 4203//7771
f 4000//7772 4203//7772 3998//7772
f 4204//7773 4000//7773 3999//7773
f 4204//7774 3999//7774 4205//7774
f 4205//7775 3999//7775 3804//7775
f 4205//7776 3804//7776 4206//7776
f 4206//7777 3804//7777 4009//7777
f 4206//7778 4009//7778 4207//7778
f 4207//7779 4009//7779 4209//7779
f 4009//7780 3811//7780 4209//7780
f 4209//7781 3811//7781 4210//7781
f 4210//7782 3811//7782 4003//7782
f 4002//7783 4208//7783 4003//7783
f 4003//7784 4208//7784 4210//7784
f 4208//7785 4002//7785 4211//7785
f 4211//7786 4002//7786 4001//7786
f 4211//7787 4001//7787 4004//7787
f 4211//7788 4004//7788 4212//7788
f 4212//7789 4004//7789 4005//7789
f 4212//7790 4005//7790 4213//7790
f 4213//7791 4005//7791 4008//7791
f 4213//7792 4008//7792 4200//7792
f 4014//7793 4013//7793 4214//7793
f 4020//7794 4012//7794 4215//7794
f 4214//7795 4218//7795 4014//7795
f 4218//7796 4217//7796 4014//7796
f 4216//7797 4215//7797 4012//7797
f 4020//7798 4219//7798 4019//7798
f 4019//7799 4219//7799 4405//7799
f 4220//7800 4018//7800 4010//7800
f 4220//7801 4010//7801 4405//7801
f 4405//7802 4010//7802 4019//7802
f 4018//7803 4220//7803 4015//7803
f 4015//7804 4220//7804 4221//7804
f 4015//7805 4221//7805 4222//7805
f 4015//7806 4222//7806 4016//7806
f 4223//7807 4023//7807 4022//7807
f 4223//7808 4022//7808 4030//7808
f 4223//7809 4224//7809 4024//7809
f 4223//7810 4024//7810 4023//7810
f 4224//7811 4225//7811 4024//7811
f 4024//7812 4225//7812 4226//7812
f 4028//7813 4031//7813 4227//7813
f 4028//7814 4227//7814 4228//7814
f 4028//7815 4228//7815 4229//7815
f 4028//7816 4229//7816 4027//7816
f 4027//7817 4229//7817 4025//7817
f 4025//7818 4229//7818 4230//7818
f 4231//7819 4030//7819 4029//7819
f 4231//7820 4029//7820 4230//7820
f 4230//7821 4029//7821 4025//7821
f 4041//7822 4039//7822 4232//7822
f 4041//7823 4232//7823 4233//7823
f 4233//7824 4232//7824 4234//7824
f 4233//7824 4234//7824 4235//7824
f 4236//7825 4237//7825 4238//7825
f 4236//7825 4238//7825 4239//7825
f 4239//7826 4238//7826 4071//7826
f 4239//7826 4071//7826 4070//7826
f 4240//6222 4234//6222 4241//6222
f 4241//6222 4234//6222 4232//6222
f 4241//6222 4232//6222 4242//6222
f 4242//6222 4232//6222 4039//6222
f 4242//7827 4039//7827 4243//7827
f 4243//6222 4039//6222 4244//6222
f 4244//6222 4039//6222 4037//6222
f 4244//6222 4037//6222 4245//6222
f 4245//6222 4037//6222 4036//6222
f 4245//6222 4036//6222 4043//6222
f 4245//6222 4043//6222 4246//6222
f 4246//6222 4043//6222 4247//6222
f 4247//6222 4043//6222 4248//6222
f 4248//6222 4043//6222 4048//6222
f 4248//6222 4048//6222 4249//6222
f 4249//6222 4048//6222 4046//6222
f 4249//6222 4046//6222 4250//6222
f 4237//7827 4251//7827 4238//7827
f 4238//6222 4251//6222 4252//6222
f 4238//7827 4252//7827 4071//7827
f 4071//6222 4252//6222 4253//6222
f 4071//7827 4253//7827 4072//7827
f 4072//6222 4253//6222 4254//6222
f 4072//7827 4254//7827 4074//7827
f 4074//6222 4254//6222 4255//6222
f 4074//6222 4255//6222 4069//6222
f 4069//6222 4255//6222 4256//6222
f 4069//6222 4256//6222 4257//6222
f 4069//6222 4257//6222 4063//6222
f 4063//6222 4257//6222 4064//6222
f 4064//6222 4257//6222 4258//6222
f 4064//7827 4258//7827 4066//7827
f 4066//6222 4258//6222 4259//6222
f 4066//6222 4259//6222 4057//6222
f 4057//6222 4259//6222 4260//6222
f 4046//6222 4045//6222 4250//6222
f 4250//7827 4045//7827 4054//7827
f 4250//7827 4054//7827 4261//7827
f 4261//6222 4054//6222 4052//6222
f 4261//6222 4052//6222 4262//6222
f 4262//6222 4052//6222 4051//6222
f 4262//6222 4051//6222 4263//6222
f 4263//7827 4051//7827 4060//7827
f 4263//6222 4060//6222 4264//6222
f 4264//6222 4060//6222 4058//6222
f 4264//6222 4058//6222 4265//6222
f 4265//6222 4058//6222 4057//6222
f 4265//6222 4057//6222 4266//6222
f 4266//6222 4057//6222 4260//6222
f 4032//7828 4267//7828 4099//7828
f 4099//7829 4267//7829 4268//7829
f 4033//7830 4032//7830 4099//7830
f 4099//7831 4268//7831 4096//7831
f 4096//7832 4268//7832 4269//7832
f 4096//7833 4269//7833 4094//7833
f 4094//7834 4269//7834 4270//7834
f 4094//7835 4270//7835 4092//7835
f 4273//7836 4076//7836 4077//7836
f 4273//7837 4077//7837 4146//7837
f 4273//7838 4146//7838 4272//7838
f 4272//7839 4146//7839 4145//7839
f 4272//7840 4145//7840 4271//7840
f 4271//7841 4145//7841 4144//7841
f 4271//7842 4144//7842 4274//7842
f 4274//7843 4144//7843 4143//7843
f 4070//7844 4274//7844 4239//7844
f 4239//7845 4274//7845 4275//7845
f 4239//7844 4275//7844 4236//7844
f 4236//7844 4275//7844 4276//7844
f 4038//7846 4040//7846 4268//7846
f 4041//7844 4270//7844 4040//7844
f 4040//7844 4270//7844 4269//7844
f 4040//7847 4269//7847 4268//7847
f 4065//7844 4067//7844 4080//7844
f 4089//7845 4047//7845 4088//7845
f 4088//7845 4047//7845 4049//7845
f 4088//7844 4049//7844 4087//7844
f 4087//7844 4049//7844 4042//7844
f 4087//7848 4042//7848 4034//7848
f 4235//7844 4277//7844 4233//7844
f 4233//7844 4277//7844 4278//7844
f 4233//7844 4278//7844 4041//7844
f 4041//7845 4278//7845 4270//7845
f 4076//7845 4273//7845 4075//7845
f 4075//7848 4273//7848 4272//7848
f 4075//7849 4272//7849 4073//7849
f 4073//7850 4272//7850 4271//7850
f 4073//7851 4271//7851 4070//7851
f 4070//7852 4271//7852 4274//7852
f 4089//7845 4091//7845 4047//7845
f 4047//7853 4091//7853 4086//7853
f 4047//7854 4086//7854 4044//7854
f 4044//7854 4086//7854 4055//7854
f 4034//7855 4042//7855 4035//7855
f 4034//7844 4035//7844 4032//7844
f 4032//7844 4035//7844 4038//7844
f 4032//7844 4038//7844 4267//7844
f 4267//7856 4038//7856 4268//7856
f 4080//7844 4081//7844 4065//7844
f 4065//7857 4081//7857 3872//7857
f 4065//7858 3872//7858 4062//7858
f 4062//7859 3872//7859 4076//7859
f 4062//7844 4076//7844 4068//7844
f 4068//7844 4076//7844 4075//7844
f 4059//7860 3879//7860 4056//7860
f 4056//7861 3879//7861 4078//7861
f 4056//7862 4078//7862 4067//7862
f 4067//7863 4078//7863 4079//7863
f 4067//7844 4079//7844 4080//7844
f 4061//7845 4084//7845 4059//7845
f 4059//7864 4084//7864 3882//7864
f 4059//7865 3882//7865 3879//7865
f 4086//7844 4085//7844 4055//7844
f 4055//7866 4085//7866 3889//7866
f 4055//7867 3889//7867 4053//7867
f 3889//7868 3888//7868 4053//7868
f 4053//7869 3888//7869 4082//7869
f 4053//7870 4082//7870 4050//7870
f 4050//7870 4082//7870 4061//7870
f 4061//7845 4082//7845 4083//7845
f 4061//7844 4083//7844 4084//7844
f 4475//7871 4279//7871 4280//7871
f 4280//7872 4279//7872 4281//7872
f 4092//7873 4282//7873 4101//7873
f 4475//7874 4280//7874 4282//7874
f 4475//7875 4282//7875 4283//7875
f 4283//7876 4282//7876 4092//7876
f 4281//7877 4104//7877 4280//7877
f 4280//7878 4104//7878 4105//7878
f 4280//7879 4105//7879 4282//7879
f 4282//7880 4105//7880 3899//7880
f 4282//7881 3899//7881 4101//7881
f 4103//7882 4104//7882 4109//7882
f 4108//7883 4104//7883 4281//7883
f 4284//7884 4281//7884 4279//7884
f 4284//7885 4279//7885 4285//7885
f 4284//7886 4108//7886 4281//7886
f 4118//7887 4107//7887 4116//7887
f 4116//7888 4107//7888 4106//7888
f 4116//7889 4106//7889 4117//7889
f 4117//7890 4106//7890 4108//7890
f 4286//7891 4115//7891 4117//7891
f 4122//7892 3907//7892 4110//7892
f 4286//7893 4124//7893 4115//7893
f 4115//7894 4124//7894 4113//7894
f 4286//7895 4126//7895 4124//7895
f 4124//7896 4122//7896 4113//7896
f 4113//7897 4122//7897 4110//7897
f 4125//7898 4126//7898 4287//7898
f 4287//7899 4126//7899 4288//7899
f 4123//7900 4125//7900 4289//7900
f 4129//7901 4128//7901 4289//7901
f 4131//7902 3911//7902 4121//7902
f 4121//7903 4123//7903 4130//7903
f 4121//7904 4130//7904 4131//7904
f 4123//7905 4289//7905 4128//7905
f 4123//7906 4128//7906 4130//7906
f 4129//7907 4133//7907 4118//7907
f 4118//7908 4133//7908 4107//7908
f 4291//7909 4292//7909 4293//7909
f 4133//7910 4291//7910 4134//7910
f 4134//7911 4291//7911 4290//7911
f 4290//7912 4291//7912 4293//7912
f 4134//7913 4290//7913 4294//7913
f 4293//7914 4295//7914 4294//7914
f 4293//7915 4294//7915 4290//7915
f 4134//7916 4135//7916 4132//7916
f 4134//7917 4294//7917 4135//7917
f 4296//7918 4143//7918 4142//7918
f 4294//7919 4295//7919 4296//7919
f 4294//7920 4296//7920 4142//7920
f 4294//7921 4142//7921 4135//7921
f 4135//7922 4142//7922 3920//7922
f 4158//7923 4222//7923 4157//7923
f 4157//7924 4222//7924 4297//7924
f 4158//7925 4159//7925 4222//7925
f 4222//7926 4159//7926 4016//7926
f 4016//7927 4159//7927 4160//7927
f 4016//7928 4160//7928 4147//7928
f 4016//7929 4147//7929 3937//7929
f 3937//7930 4147//7930 4148//7930
f 3937//7931 4148//7931 4164//7931
f 4164//7932 4148//7932 4149//7932
f 4164//7933 4149//7933 4150//7933
f 4152//7934 4153//7934 4298//7934
f 4164//7935 4150//7935 4298//7935
f 4298//7936 4150//7936 4151//7936
f 4298//7937 4151//7937 4152//7937
f 4298//7938 4153//7938 4154//7938
f 4298//7939 4154//7939 4297//7939
f 4297//7940 4154//7940 4155//7940
f 4155//7941 4156//7941 4297//7941
f 4297//7942 4156//7942 4157//7942
f 4299//7943 4300//7943 4301//7943
f 4299//7944 4301//7944 4302//7944
f 4303//7945 4304//7945 4302//7945
f 4298//7946 4305//7946 4163//7946
f 4298//7947 4163//7947 4164//7947
f 4304//7948 4303//7948 4306//7948
f 4306//7949 4303//7949 4307//7949
f 4306//7950 4307//7950 4305//7950
f 4305//7951 4307//7951 4162//7951
f 4305//7952 4162//7952 4163//7952
f 4302//7953 4301//7953 4303//7953
f 4307//7954 4303//7954 4161//7954
f 4307//7955 4161//7955 4162//7955
f 4165//7956 4301//7956 4308//7956
f 4165//7957 4308//7957 4166//7957
f 4300//7958 4308//7958 4301//7958
f 4303//7959 4301//7959 4165//7959
f 4303//7960 4165//7960 4161//7960
f 4300//7961 4299//7961 4310//7961
f 4311//7962 4312//7962 4313//7962
f 4313//7963 4312//7963 4314//7963
f 4313//7964 4314//7964 4315//7964
f 4315//7965 4314//7965 4316//7965
f 4300//7966 4310//7966 4308//7966
f 4309//7967 4317//7967 4178//7967
f 4178//7968 4317//7968 4318//7968
f 4178//7969 4318//7969 4167//7969
f 4167//7970 4318//7970 4313//7970
f 4167//7971 4313//7971 4168//7971
f 4168//7972 4313//7972 4316//7972
f 4168//7973 4316//7973 4179//7973
f 4178//7974 4166//7974 4309//7974
f 4309//7975 4166//7975 4308//7975
f 4309//7976 4308//7976 4317//7976
f 4317//7977 4308//7977 4310//7977
f 4317//7978 4310//7978 4318//7978
f 4318//7979 4310//7979 4311//7979
f 4318//7980 4311//7980 4313//7980
f 4313//7981 4315//7981 4316//7981
f 4319//7982 4320//7982 4321//7982
f 4316//7983 4314//7983 4322//7983
f 4322//7984 4314//7984 4323//7984
f 4322//7985 4323//7985 4324//7985
f 4324//7986 4323//7986 4325//7986
f 4324//7987 4180//7987 4322//7987
f 4322//7988 4180//7988 4316//7988
f 4316//7989 4180//7989 4179//7989
f 4326//7990 4194//7990 4193//7990
f 4190//7991 4180//7991 4324//7991
f 4190//7992 4324//7992 4191//7992
f 4191//7993 4324//7993 4327//7993
f 4191//7994 4327//7994 4192//7994
f 4192//7995 4327//7995 4328//7995
f 4192//7996 4328//7996 4193//7996
f 4193//7997 4328//7997 4326//7997
f 4326//7998 4328//7998 4321//7998
f 4324//7999 4325//7999 4327//7999
f 4327//8000 4325//8000 4319//8000
f 4327//8001 4319//8001 4328//8001
f 4328//8002 4319//8002 4321//8002
f 4329//8003 4330//8003 4197//8003
f 4330//8004 4329//8004 4332//8004
f 4333//8005 4320//8005 4334//8005
f 4321//8006 4320//8006 4333//8006
f 4321//8007 4333//8007 4326//8007
f 4326//8008 4196//8008 4194//8008
f 4330//8009 4331//8009 4197//8009
f 4197//8010 4331//8010 4199//8010
f 4195//8011 4196//8011 4335//8011
f 4198//8012 4195//8012 4336//8012
f 4336//8013 4195//8013 4335//8013
f 4197//8014 4198//8014 4329//8014
f 4329//8015 4198//8015 4336//8015
f 4329//8016 4336//8016 4332//8016
f 4332//8017 4336//8017 4334//8017
f 4334//8018 4336//8018 4335//8018
f 4334//8019 4335//8019 4333//8019
f 4333//8020 4335//8020 4326//8020
f 4326//8021 4335//8021 4196//8021
f 4205//8022 3992//8022 4199//8022
f 4205//8023 4199//8023 4204//8023
f 4205//8024 4206//8024 3992//8024
f 3992//8025 4206//8025 4207//8025
f 3992//8026 4207//8026 4031//8026
f 4031//8027 4207//8027 4209//8027
f 4031//8028 4209//8028 4227//8028
f 4227//8028 4209//8028 4210//8028
f 4227//8029 4210//8029 4337//8029
f 4210//8030 4208//8030 4337//8030
f 4337//8031 4208//8031 4211//8031
f 4337//8032 4211//8032 4212//8032
f 4212//8033 4213//8033 4337//8033
f 4337//8034 4213//8034 4200//8034
f 4337//8035 4200//8035 4331//8035
f 4331//8036 4200//8036 4202//8036
f 4331//8037 4202//8037 4201//8037
f 4203//8038 4204//8038 4199//8038
f 4331//8039 4201//8039 4203//8039
f 4331//8040 4203//8040 4199//8040
f 4338//8041 4339//8041 4340//8041
f 4338//8042 4340//8042 4341//8042
f 4341//8043 4340//8043 4342//8043
f 4341//8044 4342//8044 4343//8044
f 4297//8045 4222//8045 4344//8045
f 4345//8046 4346//8046 4347//8046
f 4347//8047 4346//8047 4348//8047
f 4347//8048 4348//8048 4349//8048
f 4347//8049 4349//8049 4350//8049
f 4350//8050 4349//8050 4344//8050
f 4251//8051 4351//8051 4252//8051
f 4252//8052 4351//8052 4352//8052
f 4252//8053 4352//8053 4253//8053
f 4253//8054 4352//8054 4353//8054
f 4354//8055 4256//8055 4255//8055
f 4354//8056 4255//8056 4355//8056
f 4355//8057 4255//8057 4254//8057
f 4355//8058 4254//8058 4356//8058
f 4356//8059 4254//8059 4253//8059
f 4356//8060 4253//8060 4353//8060
f 4357//8061 4257//8061 4354//8061
f 4354//8062 4257//8062 4256//8062
f 4358//8063 4266//8063 4260//8063
f 4358//8064 4260//8064 4359//8064
f 4359//8065 4260//8065 4259//8065
f 4359//8066 4259//8066 4360//8066
f 4360//8067 4259//8067 4258//8067
f 4360//8068 4258//8068 4361//8068
f 4361//8069 4258//8069 4257//8069
f 4361//8070 4257//8070 4357//8070
f 4362//8071 4263//8071 4264//8071
f 4362//8072 4264//8072 4363//8072
f 4363//8073 4264//8073 4265//8073
f 4363//8074 4265//8074 4364//8074
f 4364//8075 4265//8075 4266//8075
f 4364//8076 4266//8076 4358//8076
f 4365//8077 4250//8077 4261//8077
f 4365//8078 4261//8078 4366//8078
f 4366//8079 4261//8079 4262//8079
f 4366//8080 4262//8080 4367//8080
f 4367//8081 4262//8081 4263//8081
f 4367//8082 4263//8082 4362//8082
f 4368//8083 4246//8083 4247//8083
f 4368//8084 4247//8084 4369//8084
f 4369//8085 4247//8085 4248//8085
f 4369//8086 4248//8086 4370//8086
f 4370//8087 4248//8087 4249//8087
f 4370//8088 4249//8088 4371//8088
f 4371//8089 4249//8089 4250//8089
f 4371//8090 4250//8090 4365//8090
f 4372//8091 4245//8091 4368//8091
f 4368//8092 4245//8092 4246//8092
f 4373//8093 4242//8093 4243//8093
f 4373//8094 4243//8094 4374//8094
f 4374//8095 4243//8095 4244//8095
f 4374//8096 4244//8096 4375//8096
f 4375//8097 4244//8097 4245//8097
f 4375//8098 4245//8098 4372//8098
f 4376//8099 4240//8099 4241//8099
f 4376//8100 4241//8100 4377//8100
f 4377//8101 4241//8101 4242//8101
f 4377//8102 4242//8102 4373//8102
f 4372//8103 4378//8103 4379//8103
f 4372//8104 4379//8104 4375//8104
f 4375//8105 4379//8105 4380//8105
f 4375//8106 4380//8106 4374//8106
f 4374//8107 4380//8107 4381//8107
f 4374//8108 4381//8108 4373//8108
f 4368//8109 4382//8109 4372//8109
f 4372//8110 4382//8110 4378//8110
f 4365//8111 4383//8111 4384//8111
f 4365//8112 4384//8112 4371//8112
f 4371//8113 4384//8113 4385//8113
f 4371//8114 4385//8114 4370//8114
f 4370//8115 4385//8115 4386//8115
f 4370//8116 4386//8116 4369//8116
f 4369//8117 4386//8117 4382//8117
f 4369//8118 4382//8118 4368//8118
f 4362//8119 4387//8119 4388//8119
f 4362//8120 4388//8120 4367//8120
f 4367//8121 4388//8121 4389//8121
f 4367//8122 4389//8122 4366//8122
f 4366//8123 4389//8123 4383//8123
f 4366//8124 4383//8124 4365//8124
f 4358//8125 4390//8125 4391//8125
f 4358//8126 4391//8126 4364//8126
f 4364//8127 4391//8127 4392//8127
f 4364//8128 4392//8128 4363//8128
f 4363//8129 4392//8129 4387//8129
f 4363//8130 4387//8130 4362//8130
f 4357//8131 4393//8131 4394//8131
f 4357//8132 4394//8132 4361//8132
f 4361//8133 4394//8133 4395//8133
f 4361//8134 4395//8134 4360//8134
f 4360//8135 4395//8135 4396//8135
f 4360//8136 4396//8136 4359//8136
f 4359//8137 4396//8137 4390//8137
f 4359//8138 4390//8138 4358//8138
f 4354//8139 4397//8139 4357//8139
f 4357//8140 4397//8140 4393//8140
f 4353//8141 4398//8141 4399//8141
f 4353//8142 4399//8142 4356//8142
f 4356//8143 4399//8143 4400//8143
f 4356//8144 4400//8144 4355//8144
f 4355//8145 4400//8145 4397//8145
f 4355//8146 4397//8146 4354//8146
f 4401//8147 4219//8147 4020//8147
f 4013//8148 4402//8148 4214//8148
f 4214//8149 4402//8149 4403//8149
f 4214//8150 4403//8150 4218//8150
f 4218//8151 4403//8151 4404//8151
f 4218//8152 4404//8152 4217//8152
f 4217//8153 4404//8153 4216//8153
f 4216//8154 4404//8154 4401//8154
f 4216//8155 4401//8155 4215//8155
f 4215//8156 4401//8156 4020//8156
f 4221//8157 4344//8157 4222//8157
f 4345//8158 4405//8158 4219//8158
f 4350//8159 4344//8159 4221//8159
f 4350//8160 4221//8160 4220//8160
f 4345//8161 4347//8161 4405//8161
f 4405//8162 4347//8162 4350//8162
f 4405//8163 4350//8163 4220//8163
f 4346//8164 4345//8164 4406//8164
f 4407//8165 4408//8165 4409//8165
f 4409//8166 4408//8166 4406//8166
f 4409//8167 4406//8167 4410//8167
f 4410//8168 4406//8168 4345//8168
f 4411//8169 4461//8169 4412//8169
f 4339//8170 4338//8170 4413//8170
f 4413//8171 4338//8171 4411//8171
f 4413//8172 4411//8172 4412//8172
f 4227//8173 4337//8173 4228//8173
f 4228//8174 4337//8174 4343//8174
f 4228//8175 4343//8175 4342//8175
f 4414//8176 4342//8176 4340//8176
f 4228//8177 4342//8177 4229//8177
f 4229//8178 4342//8178 4414//8178
f 4340//8179 4339//8179 4414//8179
f 4414//8180 4339//8180 4415//8180
f 4415//8181 4231//8181 4414//8181
f 4414//8182 4231//8182 4230//8182
f 4414//8183 4230//8183 4229//8183
f 4030//8184 4231//8184 4223//8184
f 4223//8185 4231//8185 4416//8185
f 4223//8186 4416//8186 4224//8186
f 4402//8187 4013//8187 4021//8187
f 4402//8188 4021//8188 4417//8188
f 4417//8189 4021//8189 4226//8189
f 4417//8190 4226//8190 4416//8190
f 4416//8191 4226//8191 4225//8191
f 4416//8192 4225//8192 4224//8192
f 4420//8193 4419//8193 4421//8193
f 4419//8194 4422//8194 4421//8194
f 4421//8195 4422//8195 4423//8195
f 4424//8196 4423//8196 4422//8196
f 4422//8197 4419//8197 4425//8197
f 4422//8198 4425//8198 4426//8198
f 4429//8199 4430//8199 4428//8199
f 4428//8200 4430//8200 4418//8200
f 4428//8201 4418//8201 4427//8201
f 4418//8202 4419//8202 4431//8202
f 4431//8203 4419//8203 4432//8203
f 4432//8204 4433//8204 4434//8204
f 4432//8205 4434//8205 4431//8205
f 4427//8206 4418//8206 4435//8206
f 4436//8207 4428//8207 4427//8207
f 4277//8208 4235//8208 4376//8208
f 4376//8208 4235//8208 4234//8208
f 4376//8209 4234//8209 4240//8209
f 4351//8210 4251//8210 4237//8210
f 4351//8211 4237//8211 4276//8211
f 4276//8212 4237//8212 4236//8212
f 4376//8213 4431//8213 4277//8213
f 4277//8214 4431//8214 4475//8214
f 4475//8215 4431//8215 3294//8215
f 4277//8216 4475//8216 4283//8216
f 4277//8217 4283//8217 4278//8217
f 4278//8218 4283//8218 4092//8218
f 4278//8219 4092//8219 4270//8219
f 4437//8220 4442//8220 4448//8220
f 4442//8221 4437//8221 4438//8221
f 4442//8222 4438//8222 4439//8222
f 4439//8223 4438//8223 4412//8223
f 4412//8224 4438//8224 4413//8224
f 4413//8225 4438//8225 4440//8225
f 4413//8226 4440//8226 4415//8226
f 4413//8227 4415//8227 4339//8227
f 4416//8228 4231//8228 4415//8228
f 4415//8229 4440//8229 4416//8229
f 4416//8230 4440//8230 4438//8230
f 4416//8231 4438//8231 4437//8231
f 4416//8232 4437//8232 4417//8232
f 4417//8233 4437//8233 4441//8233
f 4417//8234 4441//8234 4402//8234
f 4460//8235 4402//8235 4441//8235
f 4460//8236 4441//8236 4437//8236
f 4439//8237 4445//8237 4442//8237
f 4444//8238 4445//8238 4446//8238
f 4446//8239 4445//8239 4439//8239
f 4446//8240 4439//8240 4447//8240
f 4444//8241 4443//8241 4442//8241
f 4444//8242 4442//8242 4445//8242
f 4439//8243 4412//8243 4447//8243
f 4448//8244 4442//8244 4443//8244
f 4451//8245 4450//8245 4449//8245
f 4455//8246 4456//8246 4452//8246
f 4452//8247 4453//8247 4455//8247
f 4455//8248 4453//8248 4454//8248
f 4455//8249 4454//8249 4457//8249
f 4457//8250 4454//8250 4451//8250
f 4452//8251 4407//8251 4453//8251
f 4451//8252 4454//8252 4450//8252
f 4403//8253 4458//8253 4404//8253
f 4404//8254 4458//8254 4459//8254
f 4404//8255 4459//8255 4410//8255
f 4404//8256 4410//8256 4401//8256
f 4458//8257 4450//8257 4454//8257
f 4458//8258 4454//8258 4459//8258
f 4459//8259 4454//8259 4453//8259
f 4219//8260 4401//8260 4345//8260
f 4345//8261 4401//8261 4410//8261
f 4410//8262 4459//8262 4409//8262
f 4409//8263 4459//8263 4453//8263
f 4409//8264 4453//8264 4407//8264
f 4403//8265 4402//8265 4460//8265
f 4403//8266 4460//8266 4458//8266
f 4450//8267 4458//8267 4449//8267
f 4461//8268 4447//8268 4412//8268
f 4462//8269 4431//8269 4376//8269
f 4462//8270 4463//8270 4464//8270
f 4431//8271 4462//8271 4464//8271
f 4431//8272 4464//8272 4418//8272
f 4418//8273 4464//8273 4465//8273
f 4418//8274 4465//8274 4435//8274
f 4428//8275 4466//8275 4429//8275
f 4426//8276 4467//8276 4422//8276
f 4418//8277 4430//8277 4419//8277
f 4419//8278 4430//8278 4468//8278
f 4419//8279 4468//8279 4425//8279
f 4469//8280 4351//8280 4433//8280
f 4469//8281 4433//8281 4432//8281
f 4419//8282 4420//8282 4432//8282
f 4432//8283 4470//8283 4469//8283
f 4462//8284 4376//8284 4377//8284
f 4352//8285 4351//8285 4469//8285
f 4469//8286 4470//8286 4471//8286
f 4469//8287 4471//8287 4352//8287
f 4352//8288 4471//8288 4398//8288
f 4352//8289 4398//8289 4353//8289
f 4408//8290 4407//8290 4452//8290
f 4408//8291 4452//8291 4456//8291
f 4408//8292 4456//8292 4472//8292
f 4373//8293 4381//8293 4473//8293
f 4373//8294 4473//8294 4377//8294
f 4377//8295 4473//8295 4474//8295
f 4377//8296 4474//8296 4462//8296
f 4434//8297 4433//8297 4295//8297
f 4295//8298 4433//8298 4276//8298
f 4276//8299 4433//8299 4351//8299
f 4274//8300 4143//8300 4275//8300
f 4275//8301 4143//8301 4296//8301
f 4275//8302 4296//8302 4276//8302
f 4276//8303 4296//8303 4295//8303
f 4475//8304 4285//8304 4279//8304
f 4288//8305 4126//8305 4286//8305
f 4285//8306 4288//8306 4286//8306
f 4285//8307 4286//8307 4284//8307
f 4284//8308 4286//8308 4117//8308
f 4284//8309 4117//8309 4108//8309
f 4287//8310 4288//8310 4476//8310
f 4476//8311 4288//8311 4477//8311
f 4287//8312 4292//8312 4291//8312
f 4133//8313 4129//8313 4291//8313
f 4291//8314 4129//8314 4289//8314
f 4291//8315 4289//8315 4125//8315
f 4291//8316 4125//8316 4287//8316
f 3290//29 4477//29 4288//29
f 3291//8317 3290//8317 4285//8317
f 4285//8318 3290//8318 4288//8318
f 3289//8319 3292//8319 4292//8319
f 4476//8320 3289//8320 4292//8320
f 4476//8321 4292//8321 4287//8321
f 4476//8322 4477//8322 3289//8322
f 3289//8323 4477//8323 3290//8323
f 3292//8324 3293//8324 4434//8324
f 4292//8325 3292//8325 4293//8325
f 4293//8326 3292//8326 4434//8326
f 4293//8327 4434//8327 4295//8327
f 4475//8328 3294//8328 3291//8328
f 4475//8329 3291//8329 4285//8329
f 4434//8330 3294//8330 4431//8330
f 4434//8331 3293//8331 3294//8331
f 4463//8332 4462//8332 4474//8332
f 4470//7845 4432//7845 4461//7845
f 4464//7845 4463//7845 4472//7845
f 4472//7845 4463//7845 4474//7845
f 4383//8333 4299//8333 4384//8333
f 4384//8334 4299//8334 4302//8334
f 4384//8335 4302//8335 4385//8335
f 4381//8336 4380//8336 4348//8336
f 4394//8337 4330//8337 4332//8337
f 4398//8338 4338//8338 4399//8338
f 4341//8339 4400//8339 4399//8339
f 4341//8340 4399//8340 4338//8340
f 4394//8341 4332//8341 4395//8341
f 4395//8342 4332//8342 4334//8342
f 4395//8343 4334//8343 4396//8343
f 4396//8344 4334//8344 4320//8344
f 4396//8345 4320//8345 4390//8345
f 4379//8346 4349//8346 4380//8346
f 4380//8347 4349//8347 4348//8347
f 4338//8333 4398//8333 4411//8333
f 4411//7854 4398//7854 4471//7854
f 4389//7854 4310//7854 4383//7854
f 4383//8333 4310//8333 4299//8333
f 4302//7856 4304//7856 4385//7856
f 4385//8348 4304//8348 4306//8348
f 4385//8349 4306//8349 4386//8349
f 4386//8350 4306//8350 4305//8350
f 4386//8351 4305//8351 4382//8351
f 4382//8352 4305//8352 4298//8352
f 4382//8353 4298//8353 4297//8353
f 4382//8354 4297//8354 4378//8354
f 4378//8355 4297//8355 4379//8355
f 4379//8356 4297//8356 4344//8356
f 4379//8357 4344//8357 4349//8357
f 4348//7847 4346//7847 4381//7847
f 4381//7844 4346//7844 4473//7844
f 4473//7844 4346//7844 4406//7844
f 4473//7844 4406//7844 4474//7844
f 4474//7845 4406//7845 4408//7845
f 4474//8358 4408//8358 4472//8358
f 4341//8359 4343//8359 4400//8359
f 4400//8360 4343//8360 4397//8360
f 4397//8361 4343//8361 4337//8361
f 4397//8362 4337//8362 4331//8362
f 4397//8363 4331//8363 4393//8363
f 4393//8364 4331//8364 4394//8364
f 4394//8365 4331//8365 4330//8365
f 4390//8366 4320//8366 4319//8366
f 4390//8367 4319//8367 4391//8367
f 4391//8368 4319//8368 4392//8368
f 4461//7845 4411//7845 4470//7845
f 4470//7854 4411//7854 4471//7854
f 4319//7844 4325//7844 4392//7844
f 4392//7845 4325//7845 4323//7845
f 4392//8369 4323//8369 4387//8369
f 4323//8370 4314//8370 4387//8370
f 4387//8371 4314//8371 4388//8371
f 4388//7870 4314//7870 4312//7870
f 4388//8334 4312//8334 4389//8334
f 4389//7844 4312//7844 4311//7844
f 4389//7845 4311//7845 4310//7845
f 4464//8372 4472//8372 4465//8372
f 4465//8373 4472//8373 4456//8373
f 4447//8374 4461//8374 4420//8374
f 4420//8375 4461//8375 4432//8375
f 4423//8376 4446//8376 4421//8376
f 4421//8377 4446//8377 4420//8377
f 4466//8378 4437//8378 4448//8378
f 4458//8379 4437//8379 4449//8379
f 4447//8380 4420//8380 4446//8380
f 4424//8381 4448//8381 4443//8381
f 4424//8382 4443//8382 4423//8382
f 4423//8383 4443//8383 4444//8383
f 4423//8384 4444//8384 4446//8384
f 4422//8385 4467//8385 4424//8385
f 4424//8386 4467//8386 4448//8386
f 4426//8387 4425//8387 4448//8387
f 4426//8388 4448//8388 4467//8388
f 4451//8389 4449//8389 4436//8389
f 4468//8390 4448//8390 4425//8390
f 4448//8391 4468//8391 4466//8391
f 4466//8392 4468//8392 4429//8392
f 4429//8393 4468//8393 4430//8393
f 4435//8394 4457//8394 4427//8394
f 4427//8395 4457//8395 4451//8395
f 4427//8396 4451//8396 4436//8396
f 4465//8397 4456//8397 4435//8397
f 4435//8398 4456//8398 4455//8398
f 4435//8399 4455//8399 4457//8399
f 4466//8400 4428//8400 4436//8400
f 4449//8401 4437//8401 4466//8401
f 4466//8402 4436//8402 4449//8402
f 4458//8403 4460//8403 4437//8403
