# Blender 5.0.1
# www.blender.org
mtllib link2.mtl
o Pitch_link
v 0.002044 -0.128819 0.416839
v -0.006697 -0.128476 0.416839
v 0.019077 -0.117000 0.416839
v 0.012399 -0.124416 0.416839
v 0.016128 -0.088941 0.416839
v 0.021118 -0.097584 0.416839
v 0.022161 -0.107509 0.416839
v -0.011469 -0.083075 0.416839
v -0.001708 -0.081000 0.416839
v 0.008054 -0.083075 0.416839
v -0.025576 -0.107509 0.416839
v -0.024533 -0.097584 0.416839
v -0.019543 -0.088941 0.416839
v -0.015814 -0.124416 0.416839
v -0.022492 -0.117000 0.416839
v -0.001471 -0.080850 0.486067
v -0.009609 -0.082155 0.486296
v -0.015633 -0.085334 0.486417
v -0.020948 -0.090391 0.487593
v -0.025767 -0.105760 0.485072
v -0.024500 -0.096571 0.493283
v -0.024553 -0.112120 0.489853
v -0.021418 -0.118522 0.490031
v -0.008209 -0.128193 0.483891
v -0.015773 -0.123969 0.491985
v 0.004824 -0.128197 0.483905
v -0.001708 -0.129000 0.483839
v 0.018085 -0.118444 0.489373
v 0.012478 -0.123893 0.491849
v 0.021152 -0.112098 0.489522
v 0.022302 -0.104593 0.493865
v 0.017570 -0.090274 0.489475
v 0.021123 -0.097016 0.491166
v 0.012581 -0.085633 0.486207
v 0.006177 -0.082194 0.486102
v -0.014117 0.003076 0.561271
v -0.013747 -0.000000 0.562106
v -0.013291 -0.046913 0.561792
v -0.013311 0.046320 0.561770
v -0.010218 -0.045875 0.560118
v -0.018392 -0.045875 0.541092
v -0.012574 -0.049144 0.561413
v -0.011297 -0.050432 0.560717
v -0.012339 0.049697 0.561277
v -0.009627 0.049987 0.559759
v -0.012360 -0.046038 0.561330
v -0.022869 -0.045881 0.535157
v -0.025272 -0.045832 0.528716
v -0.024128 -0.046033 0.533938
v -0.021035 -0.045859 0.506853
v -0.023761 -0.045857 0.509899
v -0.024974 -0.046057 0.507366
v -0.025171 -0.045875 0.513145
v -0.027094 -0.046075 0.511059
v -0.025684 -0.045876 0.516903
v -0.028024 -0.046059 0.514979
v -0.028141 -0.046035 0.518951
v -0.016883 -0.049989 0.542556
v -0.009597 -0.049984 0.559764
v -0.011703 -0.048893 0.560961
v -0.021348 -0.049124 0.537724
v -0.023917 -0.048460 0.533050
v -0.010218 0.045875 0.560117
v -0.018394 0.045875 0.541087
v -0.012372 0.046044 0.561337
v -0.023936 0.048444 0.533036
v -0.011684 0.048841 0.560950
v -0.021233 0.049190 0.537836
v -0.016575 0.049999 0.542788
v -0.025320 0.045921 0.528207
v -0.023674 0.045720 0.533944
v -0.023996 0.046048 0.534259
v -0.025234 0.045862 0.513310
v -0.027131 0.046048 0.511146
v -0.023759 0.045875 0.509899
v -0.024981 0.046037 0.507397
v -0.026820 0.046045 0.526492
v -0.025695 0.045851 0.516751
v -0.028161 0.046076 0.518865
v -0.028000 0.046046 0.514876
v -0.012103 -0.045648 0.561186
v -0.025685 -0.045545 0.529424
v -0.026213 -0.014463 0.529643
v -0.012650 0.000000 0.561493
v -0.012084 0.045658 0.561175
v -0.026605 0.014113 0.528531
v 0.012399 -0.050000 0.543255
v 0.019077 -0.050000 0.535839
v 0.031217 -0.050088 0.535879
v 0.016128 -0.050000 0.507779
v 0.009726 -0.050006 0.502624
v 0.022161 -0.050000 0.526347
v 0.021118 -0.050000 0.516422
v 0.018418 -0.049947 0.506897
v 0.013194 -0.050087 0.546245
v 0.003282 -0.050000 0.547314
v -0.006697 -0.050000 0.547314
v 0.009105 0.049979 0.502289
v 0.016128 0.050000 0.507779
v -0.006697 0.050000 0.547314
v 0.003282 0.050000 0.547314
v 0.017835 0.049937 0.505718
v 0.012399 0.050000 0.543255
v 0.019077 0.050000 0.535839
v 0.031054 0.050084 0.535961
v 0.022161 0.050000 0.526347
v 0.021118 0.050000 0.516422
v 0.013209 -0.050088 0.546575
v 0.013208 0.050131 0.546578
v 0.013202 0.050078 0.546225
v -0.019258 0.044732 0.505561
v -0.019581 -0.000007 0.504669
v -0.019410 0.044176 0.505579
v -0.020656 0.045830 0.506541
v -0.009602 0.067441 0.501004
v -0.012328 0.049569 0.502223
v -0.015630 0.067515 0.504181
v -0.018613 0.050037 0.506685
v -0.021010 0.070218 0.509241
v -0.002012 0.068152 0.499660
v 0.004672 0.049338 0.500702
v -0.003982 0.048169 0.499845
v 0.005931 0.067506 0.500910
v 0.012575 0.067352 0.504471
v 0.017462 0.068924 0.509089
v 0.021120 0.069529 0.516162
v 0.022350 0.066537 0.524603
v 0.021182 0.073658 0.530639
v 0.018077 0.070246 0.537333
v 0.012478 0.073010 0.542732
v 0.004873 0.065176 0.547010
v -0.001708 0.065000 0.547839
v -0.021506 0.071287 0.537237
v -0.015768 0.072524 0.542937
v -0.008206 0.065014 0.547034
v -0.024539 0.071026 0.530998
v -0.025641 0.049206 0.526530
v -0.025758 0.066934 0.524548
v -0.025478 0.049869 0.520260
v -0.024334 0.049997 0.515642
v -0.024526 0.068690 0.516252
v 0.006194 0.082155 0.486296
v 0.012218 0.085334 0.486417
v -0.009597 0.082198 0.486085
v -0.001948 0.080868 0.485975
v -0.020985 0.090274 0.489475
v -0.015996 0.085633 0.486207
v -0.024567 0.112098 0.489522
v -0.025717 0.104593 0.493865
v -0.024538 0.097016 0.491166
v -0.021500 0.118444 0.489373
v -0.009124 0.075910 0.545710
v -0.001708 0.128028 0.494952
v -0.008287 0.128169 0.484050
v -0.009124 0.126871 0.494748
v -0.015894 0.123893 0.491849
v -0.001708 0.076113 0.546866
v 0.005709 0.126871 0.494748
v 0.004794 0.128193 0.483891
v -0.001708 0.129000 0.483839
v 0.005709 0.075910 0.545710
v 0.021137 0.112120 0.489853
v 0.018002 0.118522 0.490031
v 0.012358 0.123969 0.491985
v 0.022321 0.104603 0.493767
v -0.001708 0.079555 0.490626
v -0.009108 0.080606 0.491150
v -0.015790 0.083676 0.492635
v -0.024544 0.108347 0.503402
v -0.021167 0.114323 0.506433
v -0.015814 0.120833 0.504160
v -0.009124 0.124037 0.505326
v -0.001708 0.125140 0.505728
v 0.005709 0.124037 0.505326
v 0.012399 0.120833 0.504160
v 0.017752 0.114012 0.507099
v 0.021129 0.107849 0.504469
v 0.021085 0.096571 0.493283
v 0.017533 0.090391 0.487593
v 0.017688 0.088604 0.494651
v -0.021103 0.086166 0.498874
v -0.024516 0.089798 0.505402
v -0.015814 0.116456 0.513547
v -0.009124 0.119408 0.515251
v -0.001708 0.120426 0.515839
v 0.005709 0.119408 0.515251
v 0.012399 0.116456 0.513547
v -0.001708 0.077257 0.494123
v -0.009108 0.077164 0.496047
v -0.015790 0.079541 0.498492
v -0.025708 0.088374 0.517219
v -0.024544 0.099042 0.517048
v -0.021167 0.103621 0.521940
v -0.015814 0.110516 0.522031
v -0.009124 0.113127 0.524222
v -0.001708 0.114027 0.524977
v 0.005709 0.113127 0.524222
v 0.012399 0.110516 0.522031
v 0.017709 0.106448 0.518618
v 0.021118 0.101323 0.514317
v 0.022292 0.088374 0.517219
v 0.021110 0.088393 0.506659
v 0.017688 0.083482 0.502072
v -0.001708 0.074212 0.496994
v -0.021103 0.079747 0.505206
v -0.015814 0.103192 0.529354
v -0.009124 0.105383 0.531966
v -0.001708 0.106138 0.532865
v 0.005709 0.105383 0.531966
v 0.012399 0.103192 0.529354
v 0.017752 0.095816 0.528489
v 0.021129 0.091793 0.523130
v -0.009108 0.072256 0.499471
v -0.015790 0.073653 0.502582
v -0.024525 0.078444 0.513626
v -0.024544 0.085630 0.526688
v -0.021167 0.088260 0.532851
v -0.015814 0.094708 0.535295
v -0.009124 0.096413 0.538247
v -0.001708 0.097000 0.539264
v 0.005709 0.096413 0.538247
v 0.012399 0.094708 0.535295
v 0.021110 0.079177 0.513284
v 0.017688 0.076131 0.507294
v -0.015814 0.085322 0.539672
v -0.009124 0.086488 0.542875
v -0.001708 0.086889 0.543979
v 0.005709 0.086488 0.542875
v 0.012399 0.085322 0.539672
v 0.017709 0.083506 0.534682
v 0.012375 0.083743 0.492491
v 0.012375 0.079653 0.498380
v 0.012375 0.073797 0.502514
v 0.005693 0.080633 0.491094
v 0.005693 0.077208 0.496003
v 0.005693 0.072312 0.499445
v 0.005293 0.034156 0.651047
v 0.011213 0.030252 0.651280
v 0.017051 0.024519 0.651369
v 0.001298 0.036037 0.650994
v -0.003009 0.037511 0.650949
v -0.010529 0.038884 0.650887
v -0.018621 0.038795 0.650942
v -0.026308 0.037168 0.651088
v -0.029814 0.036194 0.651373
v -0.032676 0.034482 0.651085
v -0.039027 0.030426 0.651202
v -0.049504 0.017854 0.651636
v -0.045075 0.024503 0.651458
v -0.052508 0.010433 0.651782
v -0.053889 -0.000511 0.651789
v -0.053742 0.003923 0.651827
v 0.023547 0.013365 0.651745
v 0.024921 0.008981 0.651784
v 0.025932 0.001337 0.651816
v 0.025667 -0.004606 0.651823
v -0.041906 0.029196 0.652759
v -0.037263 0.032875 0.652670
v 0.000009 0.037617 0.652596
v -0.000334 0.037896 0.655292
v -0.007079 0.039420 0.652261
v 0.015676 0.027744 0.655640
v 0.020329 0.021846 0.653011
v 0.018827 0.024071 0.655651
v 0.008884 0.033316 0.655446
v 0.008076 0.033755 0.652790
v 0.014327 0.028827 0.652643
v -0.013428 0.039969 0.652318
v -0.021825 0.039305 0.652325
v -0.019744 0.039707 0.655072
v -0.023862 0.039018 0.655248
v -0.029600 0.036998 0.652658
v -0.042421 0.028991 0.655579
v -0.046100 0.024701 0.652618
v -0.049527 0.019593 0.652540
v -0.052774 0.013109 0.655916
v -0.052542 0.013189 0.653086
v -0.054239 0.007388 0.653394
v -0.054155 0.008239 0.655971
v -0.055028 -0.000134 0.656027
v -0.054795 0.001348 0.652845
v 0.017970 -0.147134 0.558205
v 0.016597 -0.144565 0.554762
v -0.001597 -0.144376 0.565187
v -0.013360 -0.140559 0.569150
v -0.013819 -0.135636 0.568165
v -0.027550 -0.141041 0.574020
v -0.016244 -0.144305 0.572860
v -0.015940 -0.146926 0.576386
v -0.012407 -0.148681 0.580263
v -0.025339 -0.134005 0.571651
v 0.030743 0.151506 0.644479
v 0.029366 0.156106 0.642620
v -0.077402 0.147368 0.643068
v 0.029264 0.158892 0.640265
v -0.078454 0.149432 0.640663
v -0.080738 0.150873 0.636250
v 0.028783 0.161455 0.633146
v -0.084087 0.150383 0.630617
v -0.082547 0.000246 0.656064
v -0.082327 0.033614 0.655465
v -0.050775 0.017841 0.655864
v -0.081626 0.047520 0.654973
v -0.008028 0.039745 0.655173
v 0.030332 0.041301 0.655274
v -0.014492 0.040151 0.655199
v -0.047170 0.023722 0.655698
v -0.037932 0.032607 0.655465
v -0.031585 0.036321 0.655308
v 0.004191 0.035983 0.655336
v 0.021726 0.020687 0.655901
v 0.027126 0.000196 0.656047
v 0.041007 0.077095 0.652883
v -0.079199 0.107677 0.650259
v 0.039405 0.112027 0.649648
v 0.039989 -0.152289 0.643979
v 0.030455 -0.152091 0.644318
v 0.051435 -0.154711 0.640422
v 0.046076 -0.152681 0.642801
v 0.043681 -0.156511 0.641903
v 0.050296 -0.159831 0.637621
v 0.042806 -0.159827 0.639413
v 0.038193 -0.161443 0.636964
v 0.048034 -0.162693 0.632027
v 0.035038 -0.162055 0.632979
v 0.045684 -0.162412 0.626203
v 0.027726 -0.158519 0.640611
v 0.030109 -0.155484 0.642970
v 0.056093 -0.036880 0.651688
v 0.049650 -0.037273 0.653762
v 0.055269 -0.074531 0.649691
v 0.049075 -0.075393 0.651612
v 0.048111 -0.113396 0.648015
v 0.039401 -0.111397 0.649724
v 0.040945 -0.072670 0.653215
v 0.040036 -0.042523 0.655076
v 0.049836 0.000000 0.654457
v 0.043000 0.000000 0.655693
v 0.041155 0.152388 0.643806
v 0.051921 0.150515 0.641507
v 0.046357 0.153018 0.642691
v 0.053840 0.113667 0.646194
v 0.048111 0.113397 0.648015
v 0.055236 0.075214 0.649633
v 0.049075 0.075393 0.651612
v 0.045905 0.038967 0.654622
v 0.037825 0.161420 0.636881
v 0.049491 0.161383 0.635621
v 0.047393 0.162832 0.630541
v 0.043067 0.159875 0.639322
v 0.051182 0.156504 0.639812
v 0.045601 0.162367 0.625993
v 0.044063 0.156781 0.641684
v -0.101772 0.143651 0.601975
v 0.018585 0.147875 0.559611
v -0.017801 0.148410 0.581831
v 0.016587 0.144551 0.554694
v -0.002022 0.145699 0.567029
v -0.000674 0.142636 0.563227
v 0.015491 0.139358 0.551970
v -0.003035 0.138675 0.562627
v -0.015017 0.138196 0.568975
v -0.016887 0.141816 0.571280
v -0.016299 0.145266 0.573930
v -0.025168 0.137866 0.572195
v -0.015072 0.147452 0.577104
v -0.104534 0.141186 0.597813
v -0.028071 0.007762 0.566256
v -0.017421 0.111614 0.567473
v -0.018350 0.066114 0.564958
v -0.119970 -0.006638 0.591062
v -0.023684 -0.037730 0.565570
v -0.022403 -0.075880 0.566709
v -0.101798 -0.143639 0.601897
v -0.103956 -0.141836 0.598740
v -0.105071 -0.140333 0.597027
v -0.083838 -0.150486 0.630968
v -0.016088 -0.085596 0.564919
v -0.018133 -0.004999 0.563166
v -0.017938 0.036278 0.563604
v -0.007663 0.094941 0.561121
v 0.013989 0.092441 0.548287
v 0.018233 -0.024469 0.652618
v 0.011855 -0.029743 0.651282
v 0.006257 -0.033631 0.651121
v -0.005376 -0.038096 0.650904
v 0.000639 -0.036369 0.651090
v -0.011786 -0.039008 0.650937
v -0.017718 -0.038879 0.650942
v -0.036315 -0.032422 0.651257
v -0.040908 -0.028869 0.651366
v -0.048837 -0.019081 0.651641
v -0.051789 -0.012560 0.651724
v -0.053570 -0.005066 0.651780
v -0.054295 -0.006303 0.652978
v -0.036403 -0.033402 0.652597
v -0.030514 -0.036567 0.652478
v -0.050001 -0.018865 0.652988
v -0.052740 -0.012681 0.653135
v -0.046277 -0.024493 0.652924
v -0.041684 -0.029386 0.652716
v 0.021653 -0.019530 0.652970
v -0.023987 -0.038757 0.652429
v -0.017398 -0.039831 0.652341
v -0.010710 -0.039831 0.652322
v -0.004107 -0.038772 0.652373
v 0.002261 -0.036679 0.652509
v 0.008263 -0.033493 0.652569
v 0.013613 -0.029441 0.652718
v -0.036445 -0.033600 0.655446
v -0.041771 -0.029554 0.655578
v -0.054535 -0.006225 0.656003
v -0.030395 -0.036800 0.655328
v -0.024008 -0.038934 0.655252
v -0.010671 -0.040015 0.655211
v -0.004130 -0.038959 0.655248
v 0.008345 -0.033667 0.655446
v 0.013597 -0.029690 0.655563
v 0.018138 -0.024965 0.655697
v 0.023836 -0.015051 0.653066
v 0.025521 -0.010089 0.653133
v 0.025669 -0.010258 0.655964
v 0.026519 -0.005038 0.653152
v 0.026897 0.001050 0.653317
v 0.025063 0.012074 0.653194
v 0.025991 0.009011 0.655958
v 0.024015 0.015132 0.655888
v 0.021851 0.019483 0.655750
v 0.022596 -0.019125 0.655931
v 0.021796 -0.019593 0.655778
v 0.002350 -0.036834 0.655342
v -0.052892 -0.012784 0.655931
v -0.050143 -0.019011 0.655845
v -0.046404 -0.024625 0.655712
v -0.017372 -0.040021 0.655221
v 0.023958 -0.015180 0.655844
v -0.081626 -0.047520 0.654973
v -0.081132 -0.069864 0.653614
v -0.079201 -0.107636 0.650257
v -0.076987 -0.138615 0.646414
v -0.077606 -0.147964 0.642568
v -0.076841 -0.144336 0.644942
v -0.080673 -0.150742 0.636471
v -0.078822 -0.149818 0.639935
v -0.107928 -0.133419 0.594076
v -0.106114 -0.138553 0.595784
v -0.119332 -0.027757 0.591672
v -0.118354 -0.049058 0.591451
v -0.116855 -0.068232 0.591815
v -0.114687 -0.088815 0.592444
v -0.111831 -0.109956 0.593040
v -0.111956 0.109198 0.593038
v -0.107768 0.134040 0.594244
v -0.119964 0.007386 0.591062
v -0.108213 0.131238 0.593771
v -0.118352 0.048950 0.591362
v -0.116677 0.070240 0.591950
v -0.114549 0.089444 0.592323
v -0.106043 0.138696 0.595846
v -0.076953 0.138882 0.646389
v -0.076869 0.144152 0.644984
v -0.081160 0.069940 0.653594
v -0.082301 -0.033138 0.655494
v -0.076190 -0.140579 0.631361
v -0.073936 -0.137560 0.636476
v -0.074420 -0.139671 0.634623
v -0.074684 -0.138281 0.637431
v -0.075721 -0.141316 0.633619
v -0.075439 -0.140892 0.635320
v -0.076729 -0.141476 0.631633
v -0.074684 -0.139687 0.636437
v -0.074488 -0.134650 0.638271
v -0.092494 -0.135171 0.605392
v -0.093811 -0.133820 0.603489
v -0.093986 -0.132202 0.602774
v -0.094768 -0.130820 0.602206
v -0.077091 0.141065 0.630407
v -0.093233 0.134242 0.604053
v -0.093445 0.132772 0.603455
v -0.074773 0.140081 0.633854
v -0.107426 0.016417 0.599038
v -0.104663 -0.060789 0.599719
v -0.101115 0.087462 0.600642
v -0.094546 0.131965 0.602391
v -0.102929 0.135635 0.602245
v -0.092867 0.135581 0.605735
v -0.106079 0.009649 0.599576
v -0.079312 -0.009549 0.646029
v -0.079118 0.025566 0.645719
v -0.104445 0.049892 0.599968
v -0.076236 0.103378 0.640776
v -0.074028 0.138978 0.635694
v -0.102182 -0.076820 0.600499
v -0.105178 -0.038718 0.599802
v -0.076363 -0.101055 0.640890
v -0.078382 -0.057581 0.644484
v -0.079426 -0.033896 0.646867
v -0.079755 0.003900 0.647443
v -0.078341 -0.071515 0.644912
v -0.076985 -0.103077 0.642228
v -0.079641 0.036269 0.646920
v -0.078271 0.073390 0.644768
v -0.076849 0.104637 0.642042
v -0.074718 0.134916 0.638324
v -0.074052 0.137618 0.637140
v -0.078363 0.056078 0.644812
v -0.075335 0.140873 0.635252
v -0.075428 0.139537 0.637057
v -0.076086 0.141375 0.632530
v -0.075931 0.141429 0.633769
v -0.082304 0.142916 0.635645
v -0.081019 0.140212 0.638329
v -0.081046 0.136331 0.639439
v -0.085206 0.143091 0.630830
v -0.082987 0.143330 0.634556
v -0.081100 0.139481 0.639056
v -0.081621 0.141852 0.637302
v -0.100620 0.137201 0.605788
v -0.104384 0.132875 0.600514
v -0.110219 0.097163 0.598982
v -0.115275 0.044279 0.597711
v -0.116541 -0.006453 0.597416
v -0.104456 -0.132969 0.600467
v -0.111263 -0.088900 0.598696
v -0.114860 -0.049270 0.597818
v -0.101500 -0.136820 0.604367
v -0.103004 -0.135494 0.602181
v -0.085213 -0.143113 0.630833
v -0.082275 -0.142885 0.635843
v -0.081141 -0.140042 0.638526
v -0.083252 -0.143351 0.634124
v -0.081546 -0.141627 0.637516
v -0.081152 -0.136401 0.639518
v -0.080934 -0.138859 0.639570
v -0.084116 -0.092040 0.644729
v -0.085424 -0.063012 0.647014
v -0.083181 0.108410 0.643073
v -0.086004 0.043879 0.648040
v -0.086419 0.021268 0.648784
v -0.086545 -0.001885 0.648956
v -0.084863 0.077100 0.646051
v -0.082660 -0.116352 0.642188
v -0.086271 -0.031927 0.648520
v 0.010815 0.030531 0.660810
v -0.049480 0.017729 0.661183
v 0.023208 0.014086 0.661145
v -0.033311 0.034072 0.660721
v -0.039731 0.029749 0.660845
v -0.052393 0.010455 0.661227
v -0.053708 0.002570 0.661351
v 0.003846 0.034844 0.660680
v -0.003382 0.037579 0.660564
v -0.018789 0.038732 0.660507
v -0.026270 0.037094 0.660579
v -0.053482 -0.005110 0.661303
v -0.051796 -0.012514 0.661152
v -0.036744 -0.032112 0.660734
v -0.031075 -0.035261 0.660678
v -0.025932 -0.037199 0.660581
v -0.016927 -0.038883 0.660523
v 0.001936 -0.035738 0.660641
v 0.006337 -0.033579 0.660683
v 0.025669 -0.003927 0.661296
v 0.025124 0.007820 0.661216
v -0.011912 -0.038968 0.660493
v -0.006580 -0.038310 0.660555
v 0.024715 -0.009514 0.661121
v 0.020848 0.018960 0.661083
v 0.025923 0.001202 0.661090
v 0.017914 -0.023419 0.661030
v 0.022611 -0.015349 0.661189
v 0.011917 -0.029749 0.660693
v -0.048137 -0.020271 0.661015
v -0.041970 -0.027845 0.660844
v -0.045183 0.024326 0.660951
v -0.010971 0.038875 0.660519
v 0.016304 0.025333 0.660938
v -0.045007 -0.024631 0.651469
v -0.030539 -0.035572 0.651065
v -0.024116 -0.037821 0.651070
v 0.024415 -0.010843 0.651798
v 0.021881 -0.017198 0.651661
v 0.017385 -0.024227 0.651572
v 0.020975 0.018838 0.651651
v 0.076875 0.138829 0.611794
v 0.075464 0.141038 0.609940
v 0.078049 0.157598 0.619562
v 0.079900 0.155542 0.621987
v 0.059557 0.136694 0.581091
v 0.073604 0.141759 0.606947
v 0.076121 0.158481 0.616454
v 0.087877 0.121064 0.626117
v 0.086207 0.081029 0.614980
v 0.093156 0.083511 0.627632
v 0.090087 0.027565 0.615913
v 0.096881 0.038925 0.628522
v 0.097629 0.020460 0.628864
v 0.073230 0.158187 0.611303
v 0.057196 0.152149 0.581511
v 0.083431 0.145287 0.625079
v 0.081970 0.151014 0.624187
v 0.080836 0.153672 0.623305
v 0.090493 0.103801 0.627017
v 0.097900 -0.001524 0.628983
v 0.095439 0.060271 0.628246
v 0.083430 -0.145353 0.625046
v 0.087915 -0.120882 0.626231
v 0.097673 -0.018642 0.628759
v 0.096890 -0.038908 0.628631
v 0.095327 -0.061692 0.628211
v 0.091124 -0.099681 0.626974
v 0.093135 -0.083194 0.627725
v 0.057183 -0.152152 0.581474
v 0.075457 -0.141047 0.609927
v 0.076899 -0.138845 0.611796
v 0.080535 -0.154436 0.622860
v 0.078019 -0.134749 0.612581
v 0.082726 -0.107022 0.613882
v 0.086278 -0.079407 0.614871
v 0.088717 -0.052389 0.615551
v 0.090212 -0.024866 0.615960
v 0.055164 -0.150772 0.575251
v 0.054775 -0.149778 0.570677
v 0.057540 -0.135503 0.575497
v 0.038349 -0.146037 0.551350
v 0.019646 -0.148701 0.562101
v 0.015485 -0.139293 0.551954
v 0.016178 -0.142913 0.553334
v 0.017163 -0.145587 0.555537
v 0.034416 -0.145378 0.549447
v 0.018147 -0.147377 0.558114
v 0.034138 -0.143677 0.546303
v 0.014023 -0.093891 0.548371
v 0.032585 -0.094865 0.537706
v 0.032260 -0.132471 0.541068
v 0.033847 -0.049516 0.535100
v 0.038661 -0.093893 0.537098
v 0.035234 -0.135273 0.540521
v 0.038146 -0.054599 0.535150
v 0.035645 -0.020971 0.534277
v -0.019245 -0.043649 0.505483
v -0.019749 -0.045241 0.505921
v -0.025587 -0.049178 0.526880
v -0.026733 -0.048430 0.524848
v -0.020005 -0.047849 0.503472
v -0.015283 -0.047982 0.501444
v -0.006954 -0.046248 0.499593
v -0.003952 -0.048163 0.499837
v -0.024299 -0.048911 0.507783
v -0.026664 -0.048894 0.512206
v -0.027459 -0.048880 0.518049
v -0.025037 -0.050004 0.517374
v -0.023722 -0.049928 0.510393
v -0.018408 -0.050018 0.506467
v -0.011889 -0.049508 0.502000
v -0.020223 -0.049251 0.504822
v 0.008024 -0.047639 0.499418
v 0.005281 -0.049514 0.500743
v 0.013628 -0.045851 0.499831
v 0.016781 -0.047494 0.501560
v 0.020031 -0.049239 0.506022
v 0.020181 -0.047521 0.504578
v 0.022745 -0.047531 0.508746
v 0.012958 -0.049835 0.502057
v 0.012362 -0.048408 0.500164
v 0.016222 -0.049223 0.502457
v 0.032956 -0.049794 0.535141
v 0.035212 -0.047759 0.534877
v 0.035653 0.001560 0.534111
v 0.022953 0.000000 0.507607
v 0.022555 0.047774 0.508544
v 0.035406 0.046064 0.534830
v 0.035648 0.030967 0.534461
v 0.032586 0.096283 0.537822
v 0.034927 0.048335 0.534915
v 0.039075 0.073213 0.535881
v 0.036986 0.132841 0.540028
v 0.032636 0.132444 0.540886
v 0.037953 0.136446 0.540644
v 0.015451 0.135210 0.551024
v 0.015288 -0.135807 0.551285
v 0.045680 -0.162530 0.625745
v 0.050690 -0.159500 0.638070
v 0.051443 -0.156259 0.640001
v 0.051963 -0.150351 0.641539
v 0.049594 -0.161657 0.635435
v 0.048248 -0.162795 0.632141
v 0.048087 -0.163020 0.630535
v 0.053849 -0.113446 0.646217
v 0.056354 0.000412 0.652331
v 0.056091 0.036794 0.651680
v 0.049596 0.161889 0.635010
v 0.048051 0.162880 0.631595
v 0.045860 0.162580 0.625864
v 0.051400 0.156415 0.639930
v 0.050488 0.159799 0.637738
v 0.019889 0.148768 0.561900
v 0.016255 0.143122 0.553441
v 0.017370 0.146156 0.556234
v 0.034111 0.143622 0.546293
v 0.034601 0.145215 0.549145
v 0.033192 0.136520 0.541409
v 0.032778 0.140895 0.543834
v 0.037365 0.145323 0.548783
v 0.036967 0.142574 0.544275
v 0.035915 0.139599 0.541998
v 0.039125 0.144859 0.547812
v 0.039157 0.143081 0.544925
v 0.039553 0.140033 0.542200
v 0.055458 0.144627 0.548441
v 0.056794 0.135213 0.540447
v 0.056191 0.139134 0.541970
v 0.055852 0.142183 0.544516
v 0.054787 0.149649 0.570092
v 0.055268 0.150960 0.575936
v 0.057463 0.135419 0.574930
v 0.056981 0.134395 0.570551
v 0.066048 0.001226 0.549116
v 0.057361 0.131278 0.557843
v 0.057956 0.126914 0.554603
v 0.061620 0.094598 0.552052
v 0.064013 0.064388 0.550435
v 0.065333 0.037872 0.549584
v 0.059849 0.110525 0.538304
v 0.062083 0.088718 0.536951
v 0.063881 0.065034 0.535655
v 0.064944 0.043929 0.534857
v 0.065732 0.023272 0.534441
v 0.065989 0.000785 0.534247
v 0.065712 -0.022683 0.534401
v 0.063703 -0.067646 0.535777
v 0.061846 -0.090804 0.537018
v 0.057052 -0.133414 0.540173
v 0.065066 -0.043984 0.534980
v 0.064298 -0.059468 0.550255
v 0.065431 -0.035286 0.549518
v 0.061761 -0.093376 0.551952
v 0.057909 -0.126963 0.554655
v 0.057643 -0.129149 0.555542
v 0.057363 -0.131287 0.557845
v 0.055469 -0.144748 0.548952
v 0.055877 -0.142059 0.544407
v 0.056101 -0.139555 0.542174
v 0.056446 -0.136397 0.540742
v 0.055155 -0.143917 0.546789
v 0.038102 -0.141964 0.543599
v 0.037465 -0.137867 0.541110
v 0.048098 -0.132877 0.540053
v 0.037426 -0.144920 0.547797
v 0.035864 -0.139675 0.542109
v 0.032153 -0.136660 0.541979
v 0.034990 -0.142613 0.544678
v 0.033026 -0.140799 0.543661
v 0.056978 -0.134416 0.570672
v 0.053762 -0.132975 0.573911
v 0.049831 -0.127421 0.562201
v 0.059506 -0.136667 0.580991
v 0.055221 -0.134318 0.578677
v 0.058403 -0.135579 0.588078
v 0.073582 -0.141753 0.606925
v 0.067764 -0.134481 0.613849
v 0.066674 -0.135719 0.612906
v 0.065996 -0.137038 0.610945
v 0.067593 -0.131898 0.614658
v 0.070290 -0.001509 0.619826
v 0.090598 0.001361 0.616052
v 0.068929 -0.098822 0.616993
v 0.082677 0.107277 0.613863
v 0.078016 0.134749 0.612585
v 0.088372 0.056611 0.615444
v 0.067454 0.131697 0.614693
v 0.069872 0.065140 0.618620
v 0.070261 0.032057 0.619549
v 0.067728 0.134582 0.613808
v 0.065813 0.137172 0.610495
v 0.057642 0.129293 0.555632
v 0.049763 -0.034201 0.557636
v 0.049506 0.041803 0.557993
v 0.049132 0.124688 0.560097
v 0.049460 -0.061231 0.558602
v 0.049151 -0.122648 0.559248
v 0.049177 -0.125030 0.560236
v 0.064672 -0.137418 0.607199
v 0.067237 -0.131186 0.614525
v 0.069563 -0.067508 0.618494
v 0.070417 -0.033006 0.619552
v 0.067230 0.130671 0.614579
v 0.068662 0.097583 0.617010
v 0.066549 0.135878 0.612702
v 0.064902 0.137565 0.607341
v 0.067292 -0.001409 0.611387
v 0.064193 0.082747 0.603764
v 0.056233 0.000830 0.578434
v 0.066861 0.073083 0.611394
v 0.066866 -0.073218 0.611393
v 0.056112 -0.075663 0.579329
v 0.066311 -0.077286 0.609976
v 0.063152 -0.083352 0.600686
v 0.064341 -0.082553 0.604237
v 0.065430 -0.080635 0.607334
v 0.044383 -0.074243 0.617951
v 0.044690 -0.070149 0.618636
v 0.043576 -0.078092 0.615788
v 0.042879 -0.079764 0.614024
v 0.044648 0.069913 0.618667
v 0.033252 0.073182 0.589416
v 0.041429 -0.081573 0.610449
v 0.037461 -0.081995 0.600110
v 0.033244 -0.073172 0.589437
v 0.041471 0.081597 0.610455
v 0.034528 0.078894 0.592677
v 0.035946 0.081242 0.596215
v 0.043524 0.078119 0.615755
v 0.044416 0.074281 0.617945
v 0.033172 -0.069957 0.588968
v 0.033167 0.070060 0.588991
v 0.034003 0.077185 0.591197
v 0.037439 0.081980 0.600134
v 0.056733 0.079122 0.581252
v 0.057786 0.081951 0.584534
v 0.059078 0.083342 0.588512
v 0.062812 0.083336 0.600116
v 0.040402 0.082019 0.607540
v 0.042944 0.079674 0.614141
v 0.065416 0.080634 0.607347
v 0.066313 0.077001 0.610127
v 0.055931 0.071338 0.578545
v 0.056111 0.075643 0.579337
v 0.055932 -0.071416 0.578561
v 0.059077 -0.083341 0.588509
v 0.057786 -0.081952 0.584536
v 0.056736 -0.079137 0.581285
v 0.040395 -0.082021 0.607527
v 0.034564 -0.078928 0.592660
v 0.033946 -0.077023 0.591107
v 0.035927 -0.081235 0.596249
v -0.020033 -0.044317 0.503280
v -0.020334 -0.006635 0.502214
v -0.020462 -0.045392 0.503729
v -0.021672 -0.046005 0.504328
v -0.026898 -0.046132 0.526324
v -0.020599 -0.045571 0.503540
v -0.005514 -0.011877 0.498769
v -0.015195 -0.009616 0.500257
v -0.007641 0.012446 0.498955
v 0.009656 -0.000699 0.498513
v 0.015519 0.000000 0.499867
v 0.019766 0.001050 0.502802
v 0.019903 0.047174 0.504093
v 0.016705 0.047430 0.501484
v 0.012969 0.047307 0.499841
v 0.007987 0.046122 0.499209
v 0.019878 0.049246 0.505875
v 0.012297 0.049213 0.500835
v 0.007752 0.048786 0.499922
v 0.016222 0.049223 0.502457
v 0.033195 0.049830 0.535219
v -0.005228 0.046262 0.499532
v -0.024040 0.049934 0.511085
v -0.026980 0.047882 0.524676
v -0.027424 0.048927 0.517766
v -0.024243 0.048893 0.507670
v -0.026613 0.048909 0.512118
v -0.021728 0.046018 0.504363
v -0.020396 0.048818 0.504282
v -0.013918 0.048145 0.501190
v -0.017039 0.047562 0.502030
v -0.020580 0.045482 0.503693
v -0.020021 0.044281 0.503285
v -0.019928 0.027171 0.502397
v -0.015527 0.023294 0.500621
v 0.058345 0.135636 0.587557
v 0.055023 0.134153 0.578190
v 0.053238 0.132288 0.572406
v 0.049524 0.126621 0.561326
v 0.049163 0.122477 0.559194
v 0.050365 0.128296 0.563583
v 0.060726 0.161146 0.623580
v 0.071788 0.153068 0.629822
v 0.058265 0.156672 0.636236
v 0.057177 0.152597 0.638810
v 0.056820 0.161316 0.630574
v 0.056659 0.159807 0.634215
v 0.061208 0.115201 0.642552
v 0.061542 0.080816 0.646196
v 0.062469 0.055429 0.647656
v 0.062695 -0.010911 0.649279
v 0.063141 0.011887 0.648969
v 0.056779 -0.152744 0.638971
v 0.060039 -0.112804 0.643550
v 0.061964 -0.064009 0.647464
v 0.071722 -0.151755 0.630321
v 0.081858 -0.151312 0.624136
v 0.072179 -0.154502 0.628512
v 0.077899 -0.157734 0.619199
v 0.079133 -0.156229 0.621757
v 0.075839 -0.158571 0.615880
v 0.058881 -0.159409 0.633190
v 0.056543 -0.161357 0.630718
v 0.073454 -0.158218 0.611652
v 0.055759 -0.156550 0.637798
v -0.001636 -0.068021 0.499710
v -0.009623 -0.067423 0.500999
v -0.020867 -0.068735 0.509113
v -0.015910 -0.067363 0.504413
v -0.024514 -0.068794 0.516246
v -0.025774 -0.066653 0.524654
v -0.024569 -0.074177 0.530613
v -0.021682 -0.066376 0.537224
v -0.015894 -0.073010 0.542732
v -0.008288 -0.065176 0.547010
v -0.001708 -0.065000 0.547839
v 0.004791 -0.065014 0.547034
v 0.012358 -0.073146 0.542808
v 0.018306 -0.065313 0.537243
v 0.021142 -0.070195 0.531089
v 0.022355 -0.066029 0.524617
v 0.021085 -0.074445 0.515409
v 0.017566 -0.070419 0.509136
v 0.012316 -0.067551 0.504252
v 0.006150 -0.067362 0.500995
v -0.023855 -0.023043 0.505266
v -0.024706 0.009654 0.505682
v -0.020562 -0.004374 0.502744
v -0.028524 -0.021527 0.520184
v -0.027701 -0.045683 0.520540
v -0.028710 -0.007423 0.513784
v -0.027101 -0.009523 0.508898
v -0.027584 -0.045637 0.513715
v -0.022369 -0.045637 0.505137
v -0.021069 -0.045064 0.504088
v -0.020686 -0.024177 0.503056
v -0.028581 0.014405 0.520599
v -0.025752 -0.045643 0.508969
v -0.027886 0.045633 0.516263
v -0.027165 0.045574 0.524202
v -0.021734 0.045688 0.504875
v -0.023731 0.045644 0.506290
v -0.026432 0.045155 0.509672
v -0.026938 0.045652 0.511625
v -0.028460 0.022994 0.514430
v -0.020493 0.043748 0.503671
v -0.020477 0.021665 0.502993
v -0.020971 0.045116 0.504063
v -0.020044 0.043914 0.503903
v -0.020197 -0.044102 0.503758
v -0.020802 -0.045372 0.504247
v -0.020598 0.045188 0.504186
v 0.017652 -0.079470 0.536251
v 0.005709 -0.075910 0.545710
v -0.001708 -0.128028 0.494952
v 0.005709 -0.126871 0.494748
v -0.001708 -0.076113 0.546866
v -0.009124 -0.126871 0.494748
v -0.009124 -0.075910 0.545710
v -0.021156 -0.078609 0.536380
v -0.001708 -0.079555 0.490626
v 0.005693 -0.080606 0.491150
v 0.012375 -0.083676 0.492635
v 0.021129 -0.108347 0.503402
v 0.017752 -0.114323 0.506433
v 0.012399 -0.120833 0.504160
v 0.005709 -0.124037 0.505326
v -0.001708 -0.125140 0.505728
v -0.009124 -0.124037 0.505326
v -0.015814 -0.120833 0.504160
v -0.021167 -0.114012 0.507099
v -0.024544 -0.107849 0.504469
v -0.025708 -0.098381 0.507212
v -0.021103 -0.088604 0.494651
v 0.017688 -0.086166 0.498874
v 0.021101 -0.089798 0.505402
v 0.012399 -0.116456 0.513547
v 0.005709 -0.119408 0.515251
v -0.001708 -0.120426 0.515839
v -0.009124 -0.119408 0.515251
v -0.015814 -0.116456 0.513547
v -0.001708 -0.077257 0.494123
v 0.005693 -0.077164 0.496047
v 0.012375 -0.079541 0.498492
v 0.022292 -0.088374 0.517219
v 0.021129 -0.099042 0.517048
v 0.017752 -0.103621 0.521940
v 0.012399 -0.110516 0.522031
v 0.005709 -0.113127 0.524222
v -0.001708 -0.114027 0.524977
v -0.009124 -0.113127 0.524222
v -0.015814 -0.110516 0.522031
v -0.021124 -0.106448 0.518618
v -0.024533 -0.101323 0.514317
v -0.024525 -0.088393 0.506659
v -0.021103 -0.083482 0.502072
v -0.001708 -0.074212 0.496994
v 0.017688 -0.079747 0.505206
v 0.012399 -0.103192 0.529354
v 0.005709 -0.105383 0.531966
v -0.001708 -0.106138 0.532865
v -0.009124 -0.105383 0.531966
v -0.015814 -0.103192 0.529354
v -0.021167 -0.095816 0.528489
v -0.024544 -0.091793 0.523130
v 0.005693 -0.072256 0.499471
v 0.012375 -0.073653 0.502582
v 0.021129 -0.085630 0.526688
v 0.017709 -0.092053 0.530697
v 0.012399 -0.094708 0.535295
v 0.005709 -0.096413 0.538247
v -0.001708 -0.097000 0.539264
v -0.009124 -0.096413 0.538247
v -0.015814 -0.094708 0.535295
v -0.025689 -0.080014 0.521182
v -0.024525 -0.079177 0.513284
v -0.021103 -0.076131 0.507294
v 0.012399 -0.085322 0.539672
v 0.005709 -0.086488 0.542875
v -0.001708 -0.086889 0.543979
v -0.009124 -0.086488 0.542875
v -0.015814 -0.085322 0.539672
v -0.015790 -0.083743 0.492491
v -0.015790 -0.079653 0.498380
v -0.015790 -0.073797 0.502514
v -0.009108 -0.080633 0.491094
v -0.009108 -0.077208 0.496003
v -0.009108 -0.072312 0.499445
v 0.008054 0.083075 0.416839
v 0.016128 0.088941 0.416839
v 0.021118 0.097584 0.416839
v 0.022161 0.107509 0.416839
v 0.019077 0.117000 0.416839
v 0.012399 0.124416 0.416839
v 0.003282 0.128476 0.416839
v -0.006697 0.128476 0.416839
v -0.015814 0.124416 0.416839
v -0.022492 0.117000 0.416839
v -0.025576 0.107509 0.416839
v -0.024533 0.097584 0.416839
v -0.019543 0.088941 0.416839
v -0.011469 0.083075 0.416839
v -0.002458 0.080930 0.416839
v -0.019220 -0.033322 0.540253
v -0.015832 -0.033350 0.543242
v -0.015921 -0.034715 0.547410
v -0.014491 -0.033752 0.546366
v -0.016371 -0.033447 0.546419
v -0.014303 -0.044350 0.546801
v -0.015716 -0.044350 0.547408
v -0.015716 0.044350 0.547408
v -0.014303 0.044350 0.546801
v -0.016449 0.033429 0.546239
v -0.014463 0.033824 0.546432
v -0.015933 0.034517 0.547395
v -0.015832 0.033350 0.543242
v -0.018865 0.033350 0.540620
v -0.010248 0.044350 0.560135
v -0.010679 0.000000 0.560380
v -0.010248 -0.044350 0.560135
v -0.008905 0.044350 0.559365
v -0.008905 -0.044350 0.559365
v 0.012882 -0.047500 0.546694
v 0.013097 0.047500 0.546594
v 0.013950 0.047657 0.548327
v 0.013951 -0.047657 0.548326
v 0.013592 -0.047915 0.548744
v 0.013587 0.047887 0.548729
v 0.030820 0.072829 0.589579
v 0.030844 -0.073010 0.589616
v 0.042988 0.073439 0.619507
v 0.039671 -0.081286 0.611529
v 0.039816 0.082376 0.611694
v 0.034073 -0.082092 0.597616
v 0.042720 -0.074740 0.618922
v 0.033856 0.081797 0.597046
v 0.031989 0.078794 0.592315
v 0.040975 0.083844 0.611354
v 0.043423 0.081662 0.615600
v 0.043484 0.079802 0.617582
v 0.044537 0.075187 0.620228
v 0.044887 0.070306 0.621062
v 0.041920 0.080557 0.616051
v 0.039651 0.084400 0.607654
v 0.035944 0.083687 0.600957
v 0.037382 0.084529 0.600127
v 0.031015 0.073088 0.588139
v 0.032022 0.073863 0.587326
v 0.031923 0.070063 0.586796
v 0.032891 0.080548 0.591524
v 0.032179 0.078476 0.589895
v 0.034625 0.083406 0.595843
v 0.031159 -0.070156 0.587313
v 0.032139 -0.078333 0.589822
v 0.033679 -0.080698 0.591069
v 0.031368 -0.073803 0.587791
v 0.032272 -0.079928 0.592401
v 0.034611 -0.083412 0.595887
v 0.036563 -0.084330 0.600506
v 0.039730 -0.084398 0.607823
v 0.040073 -0.083153 0.611368
v 0.042629 -0.081576 0.615650
v 0.044295 -0.079901 0.617426
v 0.041667 -0.083986 0.611172
v 0.042396 -0.079208 0.617320
v 0.043850 -0.070500 0.620624
v 0.044502 -0.075074 0.620261
v 0.045750 -0.070120 0.620955
v 0.065105 0.074816 0.614186
v 0.064233 0.079896 0.611930
v 0.061737 0.085269 0.604412
v 0.060516 0.085783 0.600744
v 0.054350 0.082438 0.582295
v 0.053380 0.078645 0.579202
v 0.052697 -0.071387 0.577361
v 0.065143 -0.074842 0.614198
v 0.065325 -0.071092 0.614637
v 0.064314 -0.079803 0.612013
v 0.061745 -0.085254 0.604452
v 0.065372 0.071013 0.614652
v 0.065686 -0.008344 0.614540
v 0.063205 0.083144 0.608788
v 0.057331 0.085810 0.591161
v 0.052843 0.073539 0.577354
v 0.055754 0.084951 0.586405
v 0.053150 0.007103 0.577083
v 0.052882 -0.074076 0.577445
v 0.057310 -0.085797 0.591178
v 0.055757 -0.084952 0.586410
v 0.054398 -0.082481 0.582317
v 0.053384 -0.078648 0.579201
v 0.060549 -0.085789 0.600807
v 0.063152 -0.083210 0.608657
v -0.077040 0.009683 0.644867
v -0.104366 0.006742 0.597683
v -0.103326 0.029286 0.598439
v -0.102283 0.055463 0.598206
v -0.075306 0.077649 0.641876
v -0.099880 0.080598 0.598831
v -0.090651 0.133848 0.603038
v -0.091942 0.131342 0.601357
v -0.094874 0.115103 0.600468
v -0.072442 0.139790 0.632916
v -0.071640 0.136899 0.635263
v -0.072888 -0.140159 0.631994
v -0.071699 -0.133774 0.635963
v -0.074061 -0.101130 0.639830
v -0.089474 -0.135066 0.604963
v -0.095100 -0.114237 0.600368
v -0.099936 -0.080042 0.598828
v -0.075799 -0.064800 0.642783
v -0.102669 -0.050495 0.598125
v -0.103977 -0.020597 0.597856
v 0.015210 -0.145673 0.603780
v 0.016873 -0.146135 0.605598
v 0.019263 -0.145407 0.600692
v 0.016187 -0.145195 0.600798
v 0.019436 -0.146269 0.605280
v 0.020631 -0.145911 0.602859
v 0.016912 0.146143 0.605624
v 0.017410 0.145208 0.600373
v 0.020003 0.145573 0.601287
v 0.015281 0.145375 0.602141
v 0.015373 0.145740 0.604073
v 0.020466 0.146104 0.603968
v 0.018872 0.146269 0.605507
v 0.046841 0.126900 0.560981
v 0.047447 0.061120 0.560545
v 0.064291 0.137554 0.613848
v 0.053092 0.134221 0.580249
v 0.067297 0.066737 0.619213
v 0.046970 -0.125615 0.561724
v 0.052871 -0.134209 0.579537
v 0.064219 -0.137366 0.613782
v 0.047335 -0.030802 0.559156
v 0.066802 -0.078978 0.618460
v -0.017023 0.026301 0.656367
v -0.010981 -0.026314 0.656359
v -0.013417 -0.028516 0.647497
v -0.014496 -0.031751 0.650732
v -0.012620 -0.031497 0.650478
v -0.016071 -0.029431 0.648413
v -0.016016 -0.030919 0.649900
v -0.011697 -0.030092 0.649073
v -0.014583 0.028516 0.647497
v -0.013505 0.031751 0.650732
v -0.015380 0.031497 0.650478
v -0.011929 0.029431 0.648413
v -0.011984 0.030919 0.649900
v -0.016303 0.030092 0.649073
v -0.094685 0.130005 0.599589
v -0.093100 0.132535 0.600274
v -0.106885 0.029898 0.596602
v -0.092301 0.135222 0.601794
v -0.089811 0.136177 0.605085
v -0.091169 0.137878 0.605646
v -0.092171 0.137089 0.603777
v -0.077033 0.143237 0.628639
v -0.074255 0.142615 0.631077
v -0.073984 0.141089 0.630349
v -0.072534 0.141487 0.634223
v -0.074030 0.142910 0.636064
v -0.073269 0.141260 0.637714
v -0.072937 0.134282 0.640285
v -0.072845 0.139033 0.639005
v -0.071654 0.139335 0.636543
v -0.071608 0.134706 0.638062
v -0.074888 0.135280 0.640989
v -0.077150 0.139714 0.640435
v -0.075206 0.141073 0.638989
v -0.075813 0.143954 0.632007
v -0.074775 0.143697 0.633615
v -0.078792 0.068156 0.647883
v -0.079282 0.032210 0.649600
v -0.077284 0.057900 0.647702
v -0.076642 0.100480 0.645016
v -0.080135 -0.000213 0.650230
v -0.078097 -0.007048 0.649307
v -0.077315 0.009490 0.648213
v -0.076839 -0.011752 0.646942
v -0.076573 0.032562 0.646476
v -0.074717 0.088665 0.643580
v -0.073694 0.107510 0.638919
v -0.076448 0.044059 0.643942
v -0.079128 -0.034160 0.649502
v -0.078168 -0.068555 0.647708
v -0.076750 -0.032600 0.644397
v -0.073918 -0.100862 0.641886
v -0.071940 -0.134247 0.639159
v -0.079522 -0.100574 0.645631
v -0.074229 -0.135705 0.640766
v -0.076424 -0.101668 0.644836
v -0.075953 -0.056511 0.645394
v -0.075815 -0.077281 0.645627
v -0.076749 -0.143331 0.629099
v -0.075809 -0.141371 0.627751
v -0.072056 -0.140088 0.637147
v -0.071563 -0.138869 0.635419
v -0.074986 -0.143750 0.632654
v -0.074177 -0.142991 0.636095
v -0.075687 -0.143953 0.634430
v -0.072938 -0.139111 0.639035
v -0.075345 -0.140770 0.639340
v -0.073807 -0.141348 0.638068
v -0.073148 -0.142252 0.633050
v -0.090167 -0.136786 0.605231
v -0.091855 -0.138256 0.606029
v -0.091569 -0.138100 0.605888
v -0.091195 -0.137825 0.605652
v -0.091559 -0.132923 0.601659
v -0.092174 -0.135294 0.601899
v -0.091496 -0.138044 0.605837
v -0.094594 -0.129903 0.599614
v -0.093018 -0.132641 0.600345
v -0.091659 -0.137514 0.604726
v -0.091356 -0.137943 0.605744
v -0.091606 -0.138113 0.605899
v -0.103776 -0.067255 0.597372
v 0.054446 0.136382 0.573315
v 0.053931 0.136341 0.579500
v 0.056029 0.137729 0.580032
v 0.047920 0.128934 0.560501
v 0.055899 -0.137675 0.579756
v 0.053880 -0.136227 0.579726
v 0.054432 -0.136357 0.573289
v 0.047675 -0.128467 0.559341
v 0.046830 -0.126914 0.560111
v 0.019951 -0.142332 0.605837
v 0.017402 -0.142244 0.606399
v 0.015579 -0.141799 0.604736
v 0.016203 -0.141294 0.601757
v 0.019341 -0.141448 0.601309
v 0.020897 -0.141936 0.603315
v 0.065865 -0.140267 0.613357
v 0.065308 -0.137064 0.615494
v 0.064903 -0.138879 0.614017
v 0.067780 -0.137664 0.616535
v 0.066775 -0.139414 0.615232
v 0.070810 -0.041532 0.621732
v 0.071389 0.010777 0.622249
v 0.069097 -0.109836 0.618709
v 0.071772 -0.070868 0.620657
v 0.068564 -0.014806 0.621155
v 0.068073 -0.088057 0.619455
v 0.070749 0.057865 0.621252
v 0.069711 0.096108 0.619537
v 0.068031 0.136368 0.616801
v 0.069078 0.043816 0.621121
v 0.065342 0.136972 0.615558
v 0.067569 0.100673 0.618622
v 0.067564 0.138527 0.616115
v 0.065161 0.139146 0.614317
v 0.065879 0.140112 0.613715
v 0.017983 0.141300 0.601063
v 0.015686 0.141414 0.602614
v 0.015668 0.141817 0.604799
v 0.016951 0.142182 0.606246
v 0.019167 0.142347 0.606233
v 0.020652 0.142220 0.604949
v 0.020465 0.141703 0.602231
v 0.046838 0.125934 0.559362
v 0.047456 0.126035 0.557768
v 0.048828 0.126852 0.556623
v 0.048047 0.128248 0.558374
v 0.048678 0.068022 0.555790
v 0.048871 -0.025945 0.555290
v 0.049070 -0.126977 0.556477
v 0.047348 -0.126403 0.558033
v 0.012741 -0.000802 0.656257
v 0.012421 -0.005282 0.655785
v 0.010663 -0.010216 0.656334
v 0.008389 -0.014991 0.655785
v 0.005786 -0.018060 0.656257
v 0.000885 -0.022277 0.656197
v -0.003746 -0.024754 0.656154
v -0.008769 -0.026432 0.655785
v -0.014020 -0.026927 0.655813
v -0.019282 -0.026421 0.655785
v -0.023113 -0.025191 0.656257
v -0.028892 -0.022288 0.656170
v -0.033476 -0.018342 0.656257
v -0.036418 -0.014948 0.655785
v -0.039012 -0.009493 0.656257
v -0.040432 -0.005231 0.655785
v -0.040741 0.000802 0.656257
v -0.040421 0.005282 0.655785
v -0.038738 0.010247 0.656187
v -0.036389 0.014991 0.655785
v -0.033786 0.018060 0.656257
v -0.028948 0.022418 0.655785
v -0.025369 0.024257 0.656257
v -0.019231 0.026432 0.655785
v -0.013980 0.026927 0.655813
v -0.008718 0.026421 0.655785
v -0.004887 0.025191 0.656257
v 0.000892 0.022288 0.656170
v 0.004946 0.018946 0.656154
v 0.008255 0.014870 0.656250
v 0.011012 0.009493 0.656257
v 0.012432 0.005231 0.655785
v -0.011601 -0.033525 0.645520
v -0.013675 -0.035434 0.647341
v -0.011902 -0.034645 0.646614
v -0.012454 -0.032339 0.644284
v -0.014347 -0.031982 0.643887
v -0.016105 -0.032725 0.644697
v -0.015637 -0.034993 0.646939
v -0.016392 -0.033804 0.645798
v -0.016232 0.032998 0.644982
v -0.014184 0.035424 0.647331
v -0.016027 0.034648 0.646615
v -0.013659 0.031982 0.643887
v -0.011894 0.032723 0.644695
v -0.012373 0.035002 0.646948
v -0.011600 0.033825 0.645819
v -0.100831 0.136722 0.600501
v -0.102235 0.134238 0.598768
v -0.077181 0.136297 0.641357
v -0.081878 -0.049898 0.649606
v -0.078176 -0.143789 0.637212
v -0.077226 -0.139775 0.640453
v -0.102524 -0.133523 0.598449
v -0.100865 -0.136686 0.600453
v 0.031058 -0.145579 0.618853
v 0.068261 -0.145581 0.603722
v 0.056368 -0.140572 0.581510
v 0.018093 -0.144351 0.617500
v 0.025156 -0.145303 0.619768
v 0.054231 -0.139135 0.574614
v 0.054014 -0.137740 0.567173
v 0.014708 -0.137766 0.583312
v 0.007535 -0.139438 0.595269
v 0.008464 -0.140596 0.601135
v 0.013217 -0.143069 0.612554
v 0.009824 -0.138283 0.588101
v 0.073123 -0.143884 0.611652
v 0.074519 -0.142899 0.613778
v 0.075567 -0.140755 0.614963
v 0.088128 -0.042871 0.618438
v 0.089290 0.007632 0.618753
v 0.082835 -0.097422 0.616966
v 0.087758 0.048080 0.618330
v 0.083596 0.091658 0.617177
v 0.075701 0.140491 0.615025
v 0.074629 0.142709 0.613912
v 0.073148 0.143913 0.611698
v 0.011419 0.138015 0.586002
v 0.016279 0.137741 0.582540
v 0.054013 0.137740 0.567173
v 0.054185 0.138959 0.573686
v 0.055651 0.140238 0.580015
v 0.068261 0.145581 0.603722
v 0.007892 0.140230 0.599392
v 0.007945 0.138967 0.592556
v 0.015910 0.143880 0.615847
v 0.012472 0.142722 0.610988
v 0.022557 0.145035 0.619380
v 0.029400 0.145556 0.619396
v 0.054692 0.132338 0.555830
v 0.055070 0.130123 0.553445
v 0.059573 0.089192 0.550319
v 0.062635 0.044648 0.548265
v 0.063595 -0.012216 0.547624
v 0.055098 -0.130085 0.553431
v 0.061086 -0.071836 0.549297
v 0.054733 -0.132283 0.555596
v 0.008890 0.144937 0.602371
v 0.007535 0.143520 0.595270
v 0.009826 0.142365 0.588099
v 0.014714 0.141844 0.583309
v 0.053440 0.141819 0.567406
v 0.067692 0.149660 0.603954
v 0.031057 0.149659 0.618853
v 0.011925 0.146541 0.609797
v 0.014187 0.147456 0.613823
v 0.018098 0.148434 0.617504
v 0.025162 0.149385 0.619769
v 0.013000 0.000000 0.640410
v 0.010945 -0.010332 0.640410
v 0.005092 -0.019092 0.640410
v -0.003668 -0.024945 0.640410
v -0.014000 -0.027000 0.640410
v -0.024332 -0.024945 0.640410
v -0.033092 -0.019092 0.640410
v -0.038945 -0.010332 0.640410
v -0.041000 0.000000 0.640410
v -0.038945 0.010332 0.640410
v -0.033092 0.019092 0.640410
v -0.024332 0.024945 0.640410
v -0.014000 0.027000 0.640410
v -0.003668 0.024945 0.640410
v 0.005092 0.019092 0.640410
v 0.010945 0.010332 0.640410
v -0.015644 0.032293 0.644242
v 0.029197 -0.149623 0.619423
v 0.022554 -0.149117 0.619380
v 0.015910 -0.147962 0.615847
v 0.011904 -0.146538 0.609802
v 0.067691 -0.149661 0.603954
v 0.053436 -0.141819 0.567408
v 0.016279 -0.141821 0.582540
v 0.011416 -0.142097 0.586006
v 0.007944 -0.143050 0.592562
v 0.007715 -0.144023 0.597922
v 0.008909 -0.144937 0.602365
v -0.107777 0.102936 0.596879
v -0.112995 0.053758 0.595648
v -0.103276 0.130710 0.597998
v -0.114999 0.003171 0.595090
v -0.098806 0.138661 0.603490
v -0.081736 0.145198 0.631153
v -0.075716 0.137693 0.644002
v -0.077677 0.142374 0.638875
v -0.078537 0.144115 0.636946
v -0.079804 0.145137 0.634512
v -0.082595 0.002896 0.650799
v -0.082314 0.032005 0.650351
v -0.081617 0.058426 0.649392
v -0.080444 0.086251 0.647099
v -0.078767 0.115083 0.644137
v -0.079279 -0.107292 0.645237
v -0.080841 -0.078099 0.648041
v -0.082462 -0.021777 0.650580
v -0.077260 -0.135747 0.641500
v -0.078835 -0.144510 0.636327
v -0.080133 -0.145188 0.633940
v -0.081705 -0.145196 0.631202
v -0.077661 -0.142331 0.638919
v -0.098806 -0.138679 0.603478
v -0.113630 -0.043454 0.595472
v -0.110350 -0.082342 0.596255
v -0.106833 -0.109028 0.597133
v 0.053510 0.143032 0.573929
v 0.052683 0.147801 0.572620
v 0.054207 0.149463 0.580169
v 0.055701 0.144599 0.581502
v 0.052666 -0.147753 0.572396
v 0.053613 -0.143037 0.573916
v 0.054124 -0.149440 0.580068
v 0.055205 -0.144370 0.580460
v 0.072196 0.156236 0.613801
v 0.074475 0.156207 0.617746
v 0.076236 0.155021 0.620420
v 0.077700 0.152917 0.622307
v 0.078935 0.149875 0.623510
v 0.085010 0.118289 0.625448
v 0.090608 0.077580 0.626955
v 0.094560 0.018599 0.628023
v 0.093616 -0.041021 0.627756
v 0.088524 -0.095236 0.626389
v 0.079872 -0.146653 0.624069
v 0.078667 -0.150588 0.623284
v 0.077250 -0.153582 0.621751
v 0.075801 -0.155340 0.619786
v 0.073860 -0.156353 0.616724
v 0.049735 -0.159838 0.625626
v 0.065026 -0.149272 0.632127
v 0.059425 -0.158728 0.625247
v 0.060067 -0.157895 0.628712
v 0.060904 -0.156090 0.631035
v 0.054345 -0.153857 0.636926
v 0.055831 -0.129019 0.640604
v 0.070851 0.001092 0.641875
v 0.058738 -0.038802 0.647721
v 0.057118 -0.099547 0.643753
v 0.058105 -0.068849 0.646159
v 0.065633 0.147667 0.632132
v 0.080030 0.145609 0.624115
v 0.066346 0.102408 0.638262
v 0.058482 0.053062 0.647120
v 0.057743 0.081506 0.645291
v 0.051238 0.160030 0.629270
v 0.059494 0.158080 0.628900
v 0.060459 0.156313 0.631182
v 0.064557 0.153524 0.630709
v 0.053390 0.142120 0.548620
v 0.039392 0.139550 0.544904
v 0.054071 0.137327 0.543756
v 0.036416 0.133021 0.542560
v 0.054969 0.131347 0.542367
v 0.038385 0.141769 0.547355
v 0.038749 0.135904 0.543123
v 0.063579 0.013799 0.536643
v 0.060980 0.073286 0.538374
v 0.007893 0.047127 0.501840
v 0.005819 0.012755 0.500958
v 0.007633 -0.046953 0.501720
v 0.059559 -0.089349 0.539325
v 0.053393 -0.142091 0.548532
v 0.053775 -0.139427 0.545206
v 0.054427 -0.135184 0.542866
v 0.062680 -0.043667 0.537225
v 0.038362 -0.132933 0.542532
v 0.038751 -0.141756 0.547406
v 0.038290 -0.143643 0.552029
v 0.038545 -0.135985 0.543147
v 0.009537 0.145740 0.606447
v 0.023136 0.147450 0.610152
v 0.025953 0.147042 0.606800
v 0.026841 0.146322 0.602552
v 0.009794 0.144437 0.599310
v 0.012611 0.144029 0.595957
v 0.016684 0.144029 0.594299
v 0.019063 0.147450 0.611810
v 0.014705 0.147042 0.611377
v 0.025686 0.145448 0.598303
v 0.021042 0.144437 0.594732
v -0.081655 0.148087 0.630222
v -0.079515 0.148570 0.634094
v -0.077341 0.148082 0.637918
v -0.076346 0.146984 0.640002
v -0.075477 0.144240 0.642309
v -0.081074 0.000011 0.653581
v -0.080830 0.033014 0.653018
v -0.077730 0.107553 0.647762
v -0.079779 0.063776 0.651678
v -0.018190 -0.032473 0.640410
v -0.028020 -0.029589 0.640410
v -0.036477 -0.023809 0.640410
v -0.042734 -0.015698 0.640410
v 0.018774 -0.002611 0.640408
v 0.015589 -0.014020 0.640410
v 0.009809 -0.022477 0.640410
v 0.001698 -0.028734 0.640410
v -0.007950 -0.032179 0.640410
v 0.016774 0.012041 0.640404
v -0.009810 0.032473 0.640410
v 0.000020 0.029589 0.640410
v 0.008477 0.023809 0.640410
v -0.046179 -0.006050 0.640410
v -0.046473 0.004190 0.640410
v -0.043589 0.014020 0.640410
v -0.037809 0.022477 0.640410
v -0.029698 0.028734 0.640410
v -0.020050 0.032179 0.640410
v -0.012291 -0.037141 0.644854
v -0.014335 -0.037618 0.645277
v -0.011418 -0.035681 0.643442
v -0.012892 -0.034143 0.641821
v -0.015588 -0.034382 0.642081
v -0.016601 -0.036313 0.644070
v -0.016192 0.036852 0.644589
v -0.016210 0.034855 0.642590
v -0.014397 0.034058 0.641728
v -0.012414 0.034380 0.642079
v -0.011418 0.035897 0.643657
v -0.012977 0.037572 0.645234
v -0.077711 -0.107162 0.647834
v -0.080831 -0.033666 0.652996
v -0.075362 -0.139859 0.643726
v -0.079653 -0.069808 0.651124
v -0.080182 -0.047401 0.652473
v -0.081595 -0.148112 0.630390
v -0.079268 -0.148606 0.634421
v -0.077355 -0.148052 0.637935
v -0.076242 -0.146888 0.640166
v -0.075521 -0.144382 0.642211
v 0.023136 -0.147450 0.610152
v 0.014705 -0.147042 0.611377
v 0.019063 -0.147450 0.611810
v 0.016684 -0.144029 0.594299
v 0.012611 -0.144029 0.595957
v 0.009794 -0.144437 0.599310
v 0.021042 -0.144437 0.594732
v 0.025456 -0.145367 0.597966
v 0.025953 -0.147042 0.606800
v 0.026841 -0.146322 0.602552
v 0.009537 -0.145740 0.606447
v -0.102574 0.137517 0.597149
v -0.103701 0.134653 0.595913
v -0.106266 0.121186 0.595086
v -0.116199 0.000296 0.592639
v -0.115889 0.021598 0.592726
v -0.101193 0.139682 0.598929
v -0.098881 0.141523 0.602472
v -0.104522 0.131296 0.595473
v -0.115911 -0.020474 0.592704
v -0.104151 -0.133152 0.595664
v -0.106561 -0.119448 0.595050
v -0.102581 -0.137511 0.597144
v -0.098918 -0.141505 0.602440
v -0.101678 -0.139065 0.598443
v -0.100540 -0.140221 0.599602
v -0.102963 -0.135794 0.596119
v 0.022167 0.145183 0.557889
v 0.038466 0.143660 0.552093
v 0.049340 0.159649 0.624661
v 0.023805 0.143510 0.561921
v 0.015070 0.142394 0.561679
v 0.022096 0.141605 0.557721
v 0.013765 0.138409 0.558474
v 0.021114 0.137999 0.555309
v 0.050689 0.157558 0.627979
v 0.043241 0.157620 0.630899
v 0.053123 0.154107 0.633958
v 0.046182 0.149634 0.638126
v 0.045276 0.155782 0.635899
v 0.052133 0.156708 0.631526
v 0.057966 -0.000000 0.645858
v 0.050556 -0.000000 0.648874
v 0.049953 0.055711 0.647391
v 0.057362 0.055711 0.644375
v 0.048145 0.111261 0.642949
v 0.055555 0.111261 0.639933
v 0.053381 -0.152402 0.634593
v 0.045909 -0.152837 0.637455
v 0.048822 -0.094432 0.644612
v 0.056231 -0.094432 0.641596
v 0.050263 -0.038889 0.648154
v 0.057673 -0.038889 0.645138
v 0.049506 -0.157148 0.625071
v 0.042156 -0.157152 0.628233
v 0.044621 -0.156997 0.634291
v 0.052219 -0.156739 0.631737
v 0.022666 -0.142621 0.559120
v 0.015270 -0.142732 0.562171
v 0.021268 -0.139038 0.555686
v 0.013767 -0.138509 0.558477
v 0.022197 -0.145136 0.557968
v 0.053559 -0.157011 0.635028
v 0.052204 -0.159506 0.631701
v 0.059012 0.010575 0.648426
v 0.056343 0.117681 0.641871
v 0.052976 0.158501 0.633590
v 0.054374 0.153601 0.637006
v 0.033150 0.133669 0.543618
v 0.034874 0.137777 0.544140
v 0.032466 0.136403 0.544777
v 0.035483 0.140482 0.545965
v 0.033902 0.139697 0.546031
v 0.036289 0.142246 0.548415
v 0.033969 0.047447 0.537549
v 0.034000 0.090869 0.539627
v 0.034260 0.011505 0.536686
v 0.034099 -0.002386 0.536593
v 0.033519 0.047225 0.537214
v 0.011964 0.047102 0.502237
v 0.012515 -0.001646 0.501343
v 0.015782 0.000228 0.502690
v 0.015446 0.047142 0.503682
v 0.018460 0.001818 0.505023
v 0.020697 -0.000337 0.508477
v 0.020381 0.047093 0.509564
v 0.011011 -0.047529 0.503418
v 0.011128 0.047534 0.503435
v 0.016814 -0.047530 0.506242
v 0.017163 0.047534 0.506628
v 0.020347 -0.047120 0.509526
v 0.015400 -0.047141 0.503654
v 0.011918 -0.047145 0.502250
v 0.034218 -0.026981 0.536956
v 0.033532 -0.047230 0.537181
v 0.033813 -0.047558 0.537567
v 0.039750 -0.076253 0.538500
v 0.035934 -0.137420 0.543785
v 0.038353 -0.139408 0.544804
v 0.035859 -0.142204 0.548544
v 0.035785 -0.140535 0.546163
v 0.034284 -0.132460 0.542905
v 0.032177 -0.136339 0.544918
v 0.033447 -0.139767 0.546350
v 0.009189 0.152723 0.605670
v 0.012143 0.153634 0.609215
v 0.018291 0.154485 0.610665
v 0.023915 0.154568 0.607993
v 0.026385 0.153789 0.602150
v 0.024766 0.152603 0.596319
v 0.019759 0.151540 0.593064
v 0.015450 0.151121 0.593068
v 0.011311 0.151086 0.595161
v 0.008293 0.151725 0.600473
v 0.024732 0.157337 0.637735
v 0.025738 0.158572 0.633945
v 0.025214 0.158280 0.628629
v 0.025999 0.153672 0.640991
v 0.026796 0.147044 0.642849
v 0.029073 0.047079 0.652529
v 0.030248 0.012574 0.653527
v 0.024370 0.024977 0.653314
v 0.014828 0.035162 0.652995
v 0.002554 0.042063 0.652726
v -0.010992 0.044866 0.652602
v -0.024251 0.044000 0.652644
v -0.038343 0.038268 0.652879
v -0.049050 0.029256 0.653181
v -0.056469 0.017520 0.653463
v -0.059921 0.003956 0.653611
v 0.027664 0.095986 0.649049
v 0.032048 0.000429 0.653616
v 0.030219 -0.012601 0.653538
v 0.026287 -0.021694 0.653378
v -0.059049 -0.009735 0.653567
v -0.044379 -0.033914 0.653038
v -0.053475 -0.023279 0.653340
v -0.019179 -0.044729 0.652609
v -0.032420 -0.041334 0.652756
v -0.004942 -0.044214 0.652632
v 0.008632 -0.039280 0.652839
v 0.019744 -0.030722 0.653141
v 0.030007 -0.061296 0.651854
v 0.028902 -0.113495 0.647200
v 0.026364 -0.148293 0.642527
v 0.024954 -0.157315 0.637800
v 0.026010 -0.153515 0.641077
v 0.027727 -0.158973 0.632426
v 0.026221 -0.153358 0.599790
v 0.025725 -0.154195 0.604839
v 0.023089 -0.154596 0.608614
v 0.017862 -0.154450 0.610696
v 0.013487 -0.153876 0.609854
v 0.009513 -0.152894 0.606459
v 0.012244 -0.151061 0.594500
v 0.008379 -0.151964 0.601783
v 0.009346 -0.151325 0.597620
v 0.016596 -0.151181 0.592782
v 0.022902 -0.152094 0.594439
v -0.111667 0.081918 0.593744
v -0.113723 0.060607 0.593250
v -0.115028 0.040785 0.592861
v -0.025250 0.133964 0.574194
v -0.015674 0.145111 0.578363
v -0.011875 0.146246 0.580599
v -0.111800 -0.080928 0.593740
v -0.113591 -0.061631 0.593222
v -0.114986 -0.042502 0.592949
v -0.020558 -0.145850 0.583209
v -0.014484 -0.145257 0.578163
v -0.014001 -0.143489 0.574971
v -0.024926 -0.141072 0.576302
v -0.024637 -0.137392 0.574601
v 0.012293 0.092810 0.554855
v 0.019702 0.092810 0.551840
v 0.011518 0.050398 0.552953
v 0.018928 0.050398 0.549937
v 0.018928 -0.050398 0.549937
v 0.011518 -0.050398 0.552953
v 0.012293 -0.092810 0.554855
v 0.019702 -0.092810 0.551840
v 0.010313 0.050507 0.549991
v 0.011089 0.093010 0.551897
v 0.012324 0.135438 0.554932
v 0.012947 0.141088 0.556463
v 0.014054 0.144346 0.559183
v 0.016157 0.146647 0.564351
v 0.043644 0.160790 0.631889
v 0.045641 0.158961 0.636797
v 0.046943 0.154715 0.639997
v 0.010313 -0.050507 0.549991
v 0.011089 -0.093009 0.551897
v 0.012324 -0.135438 0.554932
v 0.012952 -0.141111 0.556475
v 0.014046 -0.144331 0.559164
v 0.016106 -0.146592 0.564224
v 0.043503 -0.160916 0.631544
v 0.045641 -0.158961 0.636797
v 0.046643 -0.156017 0.639259
v 0.050016 0.094885 0.647546
v 0.051463 0.039295 0.651102
v 0.051762 0.000000 0.651838
v 0.051159 -0.055878 0.650354
v 0.049349 -0.111510 0.645907
v 0.047374 -0.150128 0.641055
v 0.020609 0.142025 0.554065
v 0.019754 0.137964 0.551967
v 0.019833 -0.138546 0.552140
v 0.020755 -0.142439 0.554424
v 0.018419 -0.095200 0.548685
v 0.017581 -0.050521 0.546626
v 0.017590 0.050519 0.546650
v 0.018303 0.090287 0.548400
v 0.033015 0.048039 0.537852
v 0.032238 0.047529 0.537612
v 0.018285 0.047303 0.506318
v 0.031195 -0.047500 0.535409
v 0.031184 0.047500 0.535405
v 0.018245 -0.047270 0.506231
v 0.032119 -0.047534 0.537532
v 0.032169 -0.047964 0.538162
v 0.033664 -0.084987 0.539387
v 0.015825 0.145967 0.563934
v 0.041816 0.159758 0.627798
v 0.046814 0.152141 0.640077
v 0.040170 0.151991 0.641488
v 0.039562 0.155357 0.640161
v 0.045895 0.157254 0.637818
v 0.038633 0.158239 0.637757
v 0.043962 0.160110 0.633075
v 0.049874 0.094991 0.647547
v 0.050484 0.070610 0.649102
v 0.043713 0.055120 0.651594
v 0.051442 0.007825 0.651451
v 0.043178 0.005998 0.653210
v 0.039740 0.126719 0.645213
v 0.040738 0.089592 0.649339
v 0.049054 -0.110708 0.645581
v 0.046653 -0.153608 0.639688
v 0.044021 -0.008042 0.653092
v 0.050895 -0.055128 0.650119
v 0.043259 -0.053478 0.651718
v 0.039656 -0.151993 0.641567
v 0.041030 -0.078753 0.650179
v 0.040032 -0.115610 0.646641
v 0.038258 -0.158355 0.637587
v 0.043705 -0.160123 0.632440
v 0.042083 -0.159884 0.628479
v 0.045585 -0.158248 0.637062
v 0.039785 -0.155505 0.640053
v 0.016472 -0.146326 0.565528
v 0.012619 -0.136681 0.556055
v -0.013307 -0.136248 0.570762
v -0.013365 -0.140956 0.572373
v 0.013332 -0.141852 0.557805
v 0.014594 -0.144633 0.560919
v 0.014531 0.144492 0.560775
v -0.013304 0.135893 0.570717
v 0.012712 0.138230 0.556281
v -0.003555 0.140708 0.566798
v 0.013443 0.142135 0.558078
v -0.014895 0.143193 0.575023
v 0.014091 -0.050426 0.548610
v 0.014769 -0.093163 0.550329
v 0.016004 -0.135561 0.553363
v 0.019841 -0.146678 0.562791
v 0.017774 -0.144467 0.557712
v 0.016650 -0.141228 0.554950
v 0.045570 -0.160382 0.626010
v 0.051130 -0.149873 0.639673
v 0.050398 -0.155939 0.637875
v 0.049395 -0.158964 0.635409
v 0.047783 -0.160627 0.631448
v 0.055497 0.001023 0.650403
v 0.054911 -0.055011 0.648962
v 0.053125 -0.110495 0.644574
v 0.051084 0.150422 0.639559
v 0.053717 0.095764 0.646029
v 0.055179 0.040327 0.649621
v 0.045581 0.160337 0.626039
v 0.047910 0.160577 0.631761
v 0.049331 0.159083 0.635252
v 0.050460 0.155635 0.638027
v 0.019839 0.146728 0.562786
v 0.015984 0.135207 0.553314
v 0.016604 0.141015 0.554837
v 0.017714 0.144352 0.557565
v 0.014063 0.050276 0.548651
v 0.014728 0.091414 0.550227
v 0.015956 0.146739 0.564253
v 0.013893 0.144488 0.559185
v 0.012527 0.140227 0.555829
v 0.041708 0.160433 0.627531
v 0.046961 0.154148 0.640437
v 0.045535 0.159083 0.636934
v 0.044109 0.160631 0.633431
v 0.051680 0.000000 0.652033
v 0.051381 0.039309 0.651297
v 0.046789 -0.155173 0.640014
v 0.049266 -0.111519 0.646103
v 0.051076 -0.055882 0.650550
v 0.043403 -0.160953 0.631695
v 0.045535 -0.159083 0.636934
v 0.016007 -0.146794 0.564380
v 0.012128 -0.135451 0.554850
v 0.012758 -0.141156 0.556395
v 0.013885 -0.144473 0.559165
v -0.027474 0.017173 0.568830
v -0.027249 0.063429 0.569997
v -0.016579 0.140247 0.573300
v 0.011295 0.091246 0.552802
v 0.010510 0.051065 0.550873
v -0.015119 0.074768 0.566747
v -0.014812 0.108410 0.568851
v 0.011183 -0.086713 0.552526
v -0.009182 -0.051089 0.562335
v -0.006836 -0.093362 0.563305
v -0.026291 -0.089509 0.571077
v -0.027222 -0.047049 0.569426
v -0.008055 0.050016 0.561372
v -0.008047 -0.050051 0.561385
v -0.010842 -0.048875 0.562908
v -0.011552 -0.046048 0.563246
v -0.009392 -0.045875 0.562040
v -0.009439 -0.044349 0.562018
v -0.010827 0.048990 0.562960
v -0.009391 0.045916 0.562039
v -0.009438 0.044349 0.562021
v -0.008096 0.044350 0.561247
v 0.013677 -0.049999 0.548888
v 0.010448 0.050000 0.550720
v -0.011545 0.046044 0.563247
v -0.015783 -0.044729 0.565668
v -0.016835 -0.088954 0.568118
v -0.021603 -0.009570 0.567073
v -0.012437 -0.047787 0.564062
v -0.012211 -0.048167 0.563675
v -0.010679 -0.050295 0.562878
v -0.008022 -0.050988 0.561210
v -0.012823 -0.037233 0.563957
v -0.012814 0.037619 0.563953
v -0.012317 0.047721 0.563868
v -0.008984 0.051071 0.562192
v -0.011375 0.049882 0.563545
v -0.011028 0.050076 0.562947
v -0.008663 0.050990 0.561556
v -0.015806 0.044996 0.565686
v -0.016067 0.004588 0.564987
v 0.010485 -0.051025 0.550811
v 0.013924 0.050094 0.548376
v 0.010118 0.050003 0.549909
v -0.011303 0.045650 0.563105
v -0.011293 -0.045654 0.563102
v -0.008092 -0.044344 0.561266
v 0.013921 -0.050090 0.548374
v 0.010174 -0.050001 0.550016
v 0.010899 -0.093264 0.551829
v 0.010899 0.093264 0.551829
v 0.029051 0.047849 0.539852
v 0.012984 -0.047500 0.545883
v 0.012846 0.047500 0.546037
v -0.197785 0.126470 0.100411
v -0.134948 0.120000 0.099910
v -0.134948 0.145981 0.114910
v -0.194876 0.145234 0.113575
v -0.134948 0.135000 0.103929
v -0.196438 0.136327 0.104550
v -0.134948 0.150000 0.129910
v -0.193848 0.150109 0.130594
v -0.194028 0.149043 0.122072
v -0.199035 -0.114957 0.099767
v -0.134948 -0.120000 0.099910
v -0.201697 0.052774 0.099909
v -0.201845 -0.045783 0.099910
v -0.199864 0.103386 0.099908
v -0.193774 -0.150126 0.131668
v -0.134948 -0.150000 0.129910
v -0.194068 -0.148887 0.121593
v -0.134948 -0.145981 0.114910
v -0.196318 -0.137028 0.105086
v -0.134948 -0.135000 0.103929
v -0.194916 -0.145043 0.113260
v -0.197513 -0.129202 0.101276
v -0.184035 -0.150011 0.293336
v -0.134948 -0.150000 0.294910
v -0.191479 -0.150003 0.210291
v -0.188506 -0.150012 0.256468
v -0.149802 0.104072 0.399308
v -0.153703 0.115099 0.392078
v -0.134948 0.114528 0.392488
v -0.159495 0.127790 0.380204
v -0.134948 0.128557 0.379030
v -0.134948 0.149929 0.305358
v -0.184443 0.150012 0.291008
v -0.178989 0.148998 0.320539
v -0.134948 0.146495 0.337570
v -0.134948 0.139592 0.360556
v -0.172616 0.144944 0.345196
v -0.166021 0.137846 0.364585
v -0.134948 0.093620 0.404337
v -0.146210 0.091597 0.405314
v -0.141307 0.068123 0.412769
v -0.134948 0.067544 0.412763
v -0.137419 0.036614 0.418072
v -0.134948 0.033149 0.418335
v -0.134948 -0.011143 0.419736
v -0.136220 0.003114 0.420010
v -0.138856 -0.051452 0.416124
v -0.134948 -0.047896 0.416523
v -0.136338 -0.017777 0.419523
v -0.134948 -0.077245 0.410186
v -0.134948 -0.099951 0.401403
v -0.143535 -0.080060 0.409504
v -0.134948 -0.118327 0.389470
v -0.150083 -0.105104 0.398848
v -0.162011 -0.132016 0.374386
v -0.156489 -0.121804 0.386480
v -0.134948 -0.131924 0.374511
v -0.134948 -0.141267 0.356402
v -0.168204 -0.140664 0.358645
v -0.134948 -0.147403 0.332450
v -0.174621 -0.146513 0.338185
v -0.179880 -0.149302 0.316192
v -0.191464 0.150003 0.210497
v -0.188224 0.150075 0.259487
v -0.130397 0.063226 0.421920
v -0.135231 0.110911 0.412144
v -0.125067 0.099946 0.421544
v -0.102308 0.098725 0.433573
v -0.118178 0.061972 0.429720
v -0.104938 0.077704 0.434722
v -0.105522 0.040272 0.437226
v -0.118815 0.000000 0.431463
v -0.105068 0.000000 0.438332
v -0.105583 -0.040994 0.437182
v -0.136635 -0.099814 0.412819
v -0.130272 -0.063006 0.422036
v -0.118279 -0.065069 0.429391
v -0.104685 -0.091362 0.433469
v -0.124181 -0.101549 0.421846
v -0.135366 0.166496 0.389718
v -0.144623 0.171727 0.375362
v -0.150423 0.157342 0.378230
v -0.125770 0.161128 0.401683
v -0.140455 0.153240 0.392600
v -0.117544 0.151621 0.412717
v -0.129879 0.149204 0.404629
v -0.106936 0.153821 0.417190
v -0.154979 0.141126 0.380941
v -0.144417 0.138124 0.395379
v -0.147398 0.120788 0.397941
v -0.132826 0.135285 0.407643
v -0.120529 0.127314 0.419178
v -0.108264 0.138465 0.422777
v -0.106030 0.117666 0.428825
v -0.121261 -0.117757 0.420726
v -0.106829 -0.127861 0.426389
v -0.147398 -0.120788 0.397941
v -0.135031 -0.118955 0.410406
v -0.154979 -0.141126 0.380941
v -0.144417 -0.138124 0.395379
v -0.120409 -0.133214 0.417515
v -0.132826 -0.135285 0.407643
v -0.108673 -0.144563 0.420349
v -0.119208 -0.145935 0.413941
v -0.129879 -0.149204 0.404629
v -0.140455 -0.153240 0.392600
v -0.150423 -0.157342 0.378230
v -0.107131 -0.154370 0.416846
v -0.114404 -0.159394 0.410557
v -0.125770 -0.161128 0.401683
v -0.135366 -0.166496 0.389718
v -0.144623 -0.171727 0.375362
v -0.159824 0.158775 0.362843
v -0.173831 0.166523 0.317816
v -0.167211 0.163845 0.342284
v -0.152888 0.176410 0.358841
v -0.160026 0.180456 0.339385
v -0.166036 0.183856 0.315981
v -0.170914 0.186603 0.287613
v -0.178477 0.169071 0.289994
v -0.159708 -0.158966 0.362899
v -0.167145 -0.163921 0.342362
v -0.178477 -0.169071 0.289994
v -0.173778 -0.166636 0.317830
v -0.170914 -0.186603 0.287613
v -0.166036 -0.183856 0.315981
v -0.160026 -0.180456 0.339385
v -0.152888 -0.176410 0.358841
v -0.189503 0.171428 0.045372
v -0.193777 0.153228 0.077885
v -0.182010 0.189425 0.081640
v -0.187114 0.172945 0.152009
v -0.196433 0.141568 0.025738
v -0.182353 0.170831 0.254791
v -0.174689 0.188695 0.252842
v -0.185156 0.172129 0.209954
v -0.177508 0.190166 0.208526
v -0.179548 0.191061 0.151102
v -0.182235 -0.188988 0.081005
v -0.179548 -0.191061 0.151102
v -0.193777 -0.153228 0.077885
v -0.187114 -0.172945 0.152009
v -0.185156 -0.172129 0.209954
v -0.182353 -0.170831 0.254791
v -0.188326 -0.174438 0.057920
v -0.174689 -0.188695 0.252842
v -0.177508 -0.190166 0.208526
v 0.051029 0.117445 0.419499
v 0.052039 0.140034 0.414371
v 0.034630 0.135174 0.423790
v 0.054268 0.158056 0.408626
v -0.002675 0.152133 0.429189
v -0.010980 0.139599 0.434809
v 0.010145 0.132813 0.432873
v 0.020574 0.150639 0.424502
v 0.009875 0.150816 0.427271
v 0.038300 0.152612 0.417666
v 0.036199 0.108620 0.428487
v 0.015898 0.112185 0.435747
v -0.001969 0.115053 0.439976
v -0.014215 0.117677 0.441526
v 0.069414 0.107783 0.409527
v 0.066836 0.142325 0.405189
v 0.066428 0.165862 0.399187
v -0.064928 0.180379 0.413216
v -0.090922 0.166109 0.416034
v -0.052918 0.170731 0.420758
v -0.035899 0.161559 0.426719
v -0.020408 0.156105 0.429320
v -0.053911 0.150519 0.430499
v -0.038420 0.135846 0.437157
v -0.030701 0.126560 0.440188
v 0.078380 0.144727 0.396322
v 0.073118 0.172242 0.392120
v 0.077821 0.178073 0.385732
v 0.083054 0.188125 0.374530
v 0.090066 0.176767 0.372660
v 0.085545 0.201622 0.360824
v 0.098179 0.181104 0.358211
v 0.086272 0.095439 0.398651
v 0.092884 0.131737 0.386018
v 0.098885 0.097843 0.386661
v 0.103638 0.133177 0.373205
v 0.108526 0.108392 0.373407
v 0.113368 0.134686 0.358288
v 0.118757 0.108850 0.358261
v 0.087757 0.153366 0.385297
v 0.097514 0.156165 0.372990
v 0.106515 0.159039 0.358316
v -0.083906 0.217554 0.375663
v -0.107482 0.203144 0.379011
v -0.100750 0.193658 0.392175
v -0.091342 0.224780 0.360929
v -0.082086 0.228479 0.361199
v -0.093104 0.182795 0.404063
v -0.075107 0.192375 0.402680
v -0.081715 0.205353 0.389734
v -0.105823 0.215979 0.363641
v 0.107002 0.213351 0.294685
v 0.113768 0.211836 0.269519
v 0.100572 0.228782 0.270041
v 0.082981 0.217249 0.346335
v 0.093315 0.208888 0.339574
v 0.076430 0.230019 0.334624
v 0.044340 0.253000 0.308272
v 0.057051 0.247315 0.316220
v 0.060278 0.249895 0.296195
v 0.077319 0.241609 0.296478
v 0.042490 0.256802 0.279423
v 0.099037 0.207905 0.328253
v 0.094864 0.218149 0.320355
v 0.099877 0.221899 0.296839
v 0.085119 0.229070 0.319526
v 0.089244 0.233038 0.296562
v 0.068106 0.239637 0.325233
v 0.084736 0.241894 0.269489
v 0.065884 0.251049 0.271683
v -0.011399 0.259637 0.298451
v 0.003688 0.259662 0.297290
v -0.006750 0.261071 0.280083
v 0.025531 0.259046 0.284637
v 0.020679 0.258251 0.299573
v 0.030935 0.256538 0.302533
v -0.021954 0.259076 0.300867
v -0.031933 0.257825 0.304549
v -0.044028 0.258786 0.282846
v -0.044727 0.255403 0.311417
v -0.024031 0.261065 0.270142
v -0.068717 0.245394 0.333936
v -0.058307 0.251056 0.322202
v -0.062598 0.254363 0.298272
v -0.076989 0.237855 0.347146
v -0.080400 0.245286 0.322581
v -0.095123 0.232156 0.344242
v -0.064731 0.257604 0.259990
v -0.084170 0.252649 0.273112
v -0.082465 0.249602 0.299903
v -0.103274 0.246753 0.274870
v -0.101041 0.243198 0.301942
v -0.098340 0.238314 0.324823
v -0.110564 0.223421 0.346922
v -0.114585 0.229806 0.327415
v -0.117956 0.235001 0.304364
v -0.120746 0.238872 0.277008
v 0.161794 0.021222 0.226613
v 0.156334 0.017109 0.270315
v 0.159893 0.069534 0.226315
v 0.163783 0.066148 0.170902
v 0.155416 0.110504 0.219694
v 0.162198 0.083615 0.169272
v 0.161902 -0.019235 0.226105
v 0.165331 -0.012573 0.172543
v 0.165142 0.030452 0.172184
v 0.154910 0.064370 0.268867
v 0.149087 0.109485 0.269551
v 0.159893 -0.069534 0.226315
v 0.162505 -0.081350 0.169594
v 0.156273 -0.021350 0.270128
v 0.154822 -0.063089 0.269980
v 0.149087 -0.109485 0.269551
v 0.155450 -0.110033 0.220110
v 0.153481 0.135860 0.160851
v 0.150651 0.139768 0.197021
v 0.129193 0.204055 0.136062
v 0.136315 0.189160 0.143601
v 0.128032 0.206406 0.133154
v 0.148305 0.155207 0.155366
v 0.141767 0.169363 0.196993
v 0.130564 0.196517 0.197014
v 0.147291 0.139325 0.237476
v 0.118112 0.222860 0.067322
v 0.119026 0.219852 0.143742
v 0.124132 0.208548 0.197041
v 0.117167 0.219213 0.197077
v 0.138558 0.168551 0.237456
v 0.127600 0.195373 0.237489
v 0.121329 0.207282 0.237518
v 0.114553 0.217870 0.237552
v 0.142806 0.138716 0.269488
v 0.134282 0.167356 0.269502
v 0.123650 0.193638 0.269548
v 0.127937 -0.206641 0.135323
v 0.127993 -0.208147 0.080621
v 0.150651 -0.139768 0.197021
v 0.141767 -0.169363 0.196993
v 0.142878 -0.172197 0.150115
v 0.119679 -0.219901 0.122911
v 0.114553 -0.217870 0.237552
v 0.117167 -0.219213 0.197077
v 0.124132 -0.208548 0.197041
v 0.111047 -0.215795 0.269585
v 0.121329 -0.207282 0.237518
v 0.130564 -0.196517 0.197014
v 0.127600 -0.195373 0.237489
v 0.138558 -0.168551 0.237456
v 0.147291 -0.139325 0.237476
v 0.117586 -0.205343 0.269571
v 0.123650 -0.193638 0.269548
v 0.134282 -0.167356 0.269502
v 0.142806 -0.138716 0.269488
v 0.126814 -0.184904 0.090539
v -0.139948 -0.185000 0.090410
v 0.126758 0.185073 0.090490
v -0.139948 0.185000 0.090410
v -0.201014 -0.040918 -0.003514
v -0.139948 -0.130000 -0.003590
v -0.199036 -0.109305 -0.003440
v -0.196463 -0.135302 -0.003568
v -0.139948 0.130000 -0.003590
v -0.200949 0.063360 -0.003451
v -0.196623 0.130249 -0.003550
v -0.139948 0.191819 -0.048504
v -0.139948 0.195000 -0.068590
v -0.139948 0.195000 0.080410
v -0.139948 -0.195000 0.080410
v -0.139948 -0.195000 -0.068590
v -0.139948 -0.191819 -0.048504
v -0.139948 0.182586 -0.030384
v -0.139948 0.150086 -0.006771
v -0.139948 -0.182586 -0.030384
v -0.139948 -0.168206 -0.016004
v -0.139948 -0.193660 0.085410
v -0.139948 -0.150086 -0.006771
v -0.139948 0.190000 0.089070
v -0.139948 0.193660 0.085410
v -0.139948 0.168206 -0.016004
v -0.139948 -0.190000 0.089070
v -0.024526 0.056942 0.451537
v -0.006661 0.057993 0.449459
v -0.013968 0.097174 0.445514
v -0.081413 -0.000000 0.446997
v -0.061428 -0.013743 0.451513
v -0.060417 0.042718 0.450598
v -0.039361 0.000000 0.454004
v -0.025767 0.091442 0.447593
v -0.028910 0.112705 0.443643
v -0.038960 0.089483 0.447970
v -0.042206 0.107786 0.444631
v -0.062597 0.085532 0.446167
v -0.036838 0.056361 0.451750
v -0.006186 0.028738 0.451306
v -0.024076 0.028540 0.453348
v -0.036391 0.028341 0.453525
v -0.083949 0.027428 0.445661
v -0.086426 0.100666 0.438689
v -0.067561 0.103074 0.442753
v -0.084388 0.067031 0.443255
v -0.011739 0.000000 0.452727
v -0.023997 0.000000 0.453949
v -0.052292 -0.111744 0.443153
v -0.038282 -0.090209 0.447892
v -0.024076 -0.028540 0.453348
v -0.011840 -0.028686 0.452126
v -0.064324 -0.093546 0.444813
v -0.084624 -0.067622 0.443146
v -0.083636 -0.101306 0.439483
v -0.083949 -0.027428 0.445661
v -0.024526 -0.056942 0.451537
v -0.036838 -0.056361 0.451750
v -0.028292 -0.107066 0.444897
v -0.015754 -0.117882 0.441602
v -0.014073 -0.092822 0.446332
v -0.025858 -0.085138 0.448429
v -0.012281 -0.057337 0.450305
v -0.061124 -0.055025 0.449486
v -0.036391 -0.028341 0.453525
v 0.054077 0.070331 0.424096
v 0.072234 0.064339 0.412855
v 0.033469 0.084354 0.433253
v 0.000331 0.000000 0.450394
v 0.011989 0.028785 0.446483
v 0.012145 0.000000 0.447055
v 0.034332 0.012619 0.438157
v 0.055129 0.013923 0.426952
v -0.000945 0.086225 0.444865
v 0.011058 0.085674 0.441705
v 0.011549 0.057420 0.444740
v 0.034006 0.056985 0.435900
v 0.074497 0.000000 0.414124
v -0.000282 -0.121456 0.438307
v 0.074189 -0.043778 0.413055
v 0.054940 -0.042763 0.425837
v 0.034550 -0.028704 0.437442
v 0.011989 -0.028785 0.446483
v 0.000205 -0.028765 0.449802
v 0.034006 -0.056985 0.435900
v 0.011549 -0.057420 0.444740
v -0.000229 -0.057480 0.448005
v 0.071011 -0.093965 0.410411
v 0.053566 -0.083389 0.422863
v 0.033469 -0.084354 0.433253
v 0.011058 -0.085674 0.441705
v -0.000945 -0.086225 0.444865
v 0.052657 -0.108507 0.419952
v 0.033622 -0.110060 0.429321
v 0.012831 -0.120546 0.435095
v 0.067006 -0.134497 0.406644
v 0.053055 -0.154883 0.410148
v 0.062922 -0.160267 0.403204
v 0.052052 -0.138218 0.414769
v 0.035665 -0.149658 0.419534
v 0.005464 -0.148616 0.429077
v 0.020282 -0.148192 0.425344
v 0.035922 -0.134095 0.423550
v -0.011018 -0.137031 0.435676
v -0.042879 -0.161804 0.426253
v -0.022132 -0.153741 0.430383
v -0.059429 -0.172001 0.419154
v -0.070165 -0.181828 0.411128
v -0.053565 -0.152676 0.429633
v -0.036109 -0.132653 0.438402
v -0.068344 0.118917 0.439490
v -0.093279 0.134355 0.429643
v -0.052329 0.116361 0.442085
v -0.056474 0.126855 0.438919
v -0.074878 0.139756 0.432293
v -0.089322 0.119143 0.434621
v -0.083185 0.153603 0.424750
v -0.098071 0.146741 0.423721
v -0.089322 -0.119143 0.434621
v -0.073908 -0.140233 0.432332
v -0.083523 -0.153599 0.424664
v -0.069546 -0.119369 0.439151
v -0.057056 -0.126660 0.438923
v -0.092386 -0.165047 0.416157
v -0.093279 -0.134355 0.429643
v -0.098071 -0.146741 0.423721
v 0.106830 0.000000 0.386391
v 0.116354 -0.014919 0.374959
v 0.116400 0.027853 0.374188
v 0.114273 0.069351 0.373215
v 0.103398 0.043328 0.388447
v 0.087987 0.000000 0.403814
v 0.088968 0.055890 0.400634
v 0.127171 -0.015279 0.358975
v 0.126587 0.041602 0.358178
v 0.122724 0.082231 0.358335
v 0.103922 -0.044505 0.387774
v 0.085610 -0.095910 0.399153
v 0.098500 -0.097322 0.387135
v 0.088968 -0.055890 0.400634
v 0.108526 -0.108392 0.373407
v 0.118757 -0.108850 0.358261
v 0.114261 -0.069397 0.373221
v 0.124075 -0.070304 0.358506
v 0.087069 -0.198061 0.361767
v 0.098179 -0.181104 0.358211
v 0.083486 -0.183708 0.376764
v 0.090066 -0.176767 0.372660
v 0.078235 -0.174683 0.386845
v 0.071855 -0.167543 0.394821
v 0.078846 -0.143746 0.396182
v 0.106515 -0.159039 0.358316
v 0.097514 -0.156165 0.372990
v 0.087757 -0.153366 0.385297
v 0.092884 -0.131737 0.386018
v 0.103638 -0.133177 0.373205
v 0.113368 -0.134686 0.358288
v -0.079410 -0.193831 0.400300
v -0.084242 -0.203913 0.390099
v -0.101100 -0.192517 0.392968
v -0.100249 -0.207605 0.378248
v -0.086240 -0.213602 0.379024
v -0.085412 -0.226270 0.362844
v -0.105823 -0.215979 0.363641
v -0.118254 0.206444 0.366501
v -0.108680 0.167393 0.408627
v -0.112862 0.180868 0.396538
v -0.121144 0.188805 0.383950
v -0.128731 0.196044 0.369443
v -0.120104 0.171502 0.399058
v -0.128989 0.178242 0.386830
v -0.137454 0.184548 0.372414
v -0.117084 -0.175886 0.398038
v -0.128989 -0.178242 0.386830
v -0.137454 -0.184548 0.372414
v -0.101200 -0.175291 0.406526
v -0.121144 -0.188805 0.383950
v -0.128731 -0.196044 0.369443
v -0.111636 -0.198498 0.381076
v -0.118254 -0.206444 0.366501
v 0.149622 0.053889 0.297071
v 0.127128 0.108854 0.342836
v 0.147301 0.081340 0.296900
v 0.140270 0.081666 0.320421
v 0.143415 0.043695 0.320915
v 0.137132 0.109471 0.317770
v 0.143242 0.109399 0.296794
v 0.132060 0.081987 0.340743
v 0.135406 0.043800 0.341067
v 0.150920 0.000000 0.297299
v 0.135807 0.000000 0.342590
v 0.145160 -0.014720 0.317992
v 0.132060 -0.081987 0.340743
v 0.140270 -0.081666 0.320421
v 0.142745 -0.054293 0.320540
v 0.135245 -0.109152 0.323343
v 0.127985 -0.109149 0.340730
v 0.135401 -0.043846 0.341075
v 0.149622 -0.053889 0.297071
v 0.147301 -0.081340 0.296900
v 0.144678 -0.109417 0.290952
v 0.122237 0.135996 0.340833
v 0.112813 0.202723 0.296936
v 0.110268 0.194063 0.320017
v 0.105739 0.185024 0.340962
v 0.114808 0.161640 0.340955
v 0.130181 0.137081 0.320461
v 0.137078 0.137976 0.296802
v 0.128830 0.165802 0.296874
v 0.118618 0.191319 0.296934
v 0.122293 0.163896 0.320583
v 0.122237 -0.135996 0.340833
v 0.094418 -0.204408 0.343050
v 0.105739 -0.185024 0.340962
v 0.130181 -0.137081 0.320461
v 0.137078 -0.137976 0.296802
v 0.122293 -0.163896 0.320583
v 0.128830 -0.165802 0.296874
v 0.098864 -0.215088 0.316481
v 0.106561 -0.212965 0.296906
v 0.109877 -0.194295 0.320808
v 0.112813 -0.202723 0.296936
v 0.118618 -0.191319 0.296934
v 0.114808 -0.161640 0.340955
v 0.084643 -0.216409 0.344733
v 0.084158 -0.229290 0.321329
v 0.045477 -0.253041 0.306203
v 0.042666 -0.256791 0.279151
v 0.060278 -0.249895 0.296195
v 0.061111 -0.245727 0.316148
v 0.079605 -0.226774 0.335387
v 0.072296 -0.236722 0.325953
v 0.077319 -0.241609 0.296478
v 0.099877 -0.221899 0.296839
v 0.092769 -0.229580 0.296739
v 0.085247 -0.236115 0.296616
v 0.062659 -0.252270 0.269507
v 0.080438 -0.244347 0.269545
v 0.088730 -0.238984 0.269564
v 0.096604 -0.232520 0.269580
v 0.104048 -0.224832 0.269588
v 0.064811 0.254361 0.225827
v 0.044887 0.259054 0.221415
v 0.044410 0.259834 -0.001546
v 0.067552 0.254974 0.127846
v 0.084425 0.247438 0.197286
v 0.095000 0.243027 0.120049
v 0.085834 0.248107 0.118113
v 0.107289 0.226961 0.237590
v 0.099557 0.234630 0.237630
v 0.091379 0.241016 0.237671
v 0.082776 0.246258 0.237715
v 0.111375 0.228969 0.143775
v 0.102865 0.237246 0.129354
v 0.109687 0.228325 0.197120
v 0.101717 0.235967 0.197171
v 0.093287 0.242289 0.197227
v -0.017340 -0.260681 0.282483
v -0.005083 -0.260036 0.295158
v -0.026112 -0.258888 0.299549
v -0.042581 -0.259149 0.278998
v -0.042438 -0.256328 0.307207
v 0.010785 -0.259580 0.295453
v 0.026367 -0.257805 0.298394
v 0.019774 -0.260610 0.271070
v 0.045819 -0.259586 0.133623
v 0.067127 -0.255144 0.120005
v 0.045108 -0.258912 0.225087
v 0.064989 -0.254371 0.224245
v 0.074392 -0.252787 0.043482
v 0.085661 -0.248213 0.119101
v 0.092922 -0.244429 0.054475
v 0.093869 -0.242741 0.179492
v 0.103212 -0.237193 0.118765
v 0.111874 -0.229082 0.124575
v 0.084425 -0.247438 0.197286
v 0.101717 -0.235967 0.197171
v 0.109687 -0.228325 0.197120
v 0.082776 -0.246258 0.237715
v 0.091379 -0.241016 0.237671
v 0.099557 -0.234630 0.237630
v 0.107289 -0.226961 0.237590
v 0.030039 0.261620 -0.000347
v 0.023110 0.261664 0.226979
v 0.002026 0.263275 -0.018598
v 0.001513 0.262741 0.228349
v -0.023419 0.263159 -0.121779
v -0.021462 0.262546 0.225147
v -0.043243 0.261957 -0.121980
v -0.043224 0.261176 0.226822
v -0.079244 -0.237916 0.345470
v -0.095123 -0.232156 0.344242
v -0.080400 -0.245286 0.322581
v -0.068498 -0.246665 0.329631
v -0.056985 -0.252346 0.317523
v -0.062598 -0.254363 0.298272
v -0.117956 -0.235001 0.304364
v -0.120746 -0.238872 0.277008
v -0.103274 -0.246753 0.274870
v -0.110564 -0.223421 0.346922
v -0.098340 -0.238314 0.324823
v -0.114585 -0.229806 0.327415
v -0.082465 -0.249602 0.299903
v -0.101041 -0.243198 0.301942
v -0.084170 -0.252649 0.273112
v -0.063789 -0.256849 0.271729
v -0.043417 -0.261241 0.223317
v -0.020729 -0.262538 0.227534
v 0.024088 -0.261691 0.221273
v 0.008586 -0.263123 0.000190
v 0.001529 -0.262742 0.228042
v -0.023661 -0.262962 -0.017375
v -0.065092 0.259298 0.191776
v -0.106852 0.250663 0.182212
v -0.086906 0.255775 0.185869
v -0.124805 0.242735 0.202035
v -0.126377 0.243473 0.131161
v -0.123017 0.241363 0.244051
v -0.105082 0.248989 0.242319
v -0.085528 0.254533 0.240919
v -0.123962 0.213578 0.349808
v -0.128823 0.219780 0.330285
v -0.132908 0.224901 0.307120
v -0.136286 0.228793 0.279502
v -0.135377 0.202551 0.352814
v -0.141074 0.208225 0.333319
v -0.145875 0.212950 0.310078
v -0.149832 0.216610 0.282212
v -0.144967 0.190206 0.355853
v -0.151441 0.195123 0.336393
v -0.156902 0.199238 0.313083
v -0.161377 0.202491 0.284972
v -0.144967 -0.190206 0.355853
v -0.151441 -0.195123 0.336393
v -0.156902 -0.199238 0.313083
v -0.161377 -0.202491 0.284972
v -0.135377 -0.202551 0.352814
v -0.141074 -0.208225 0.333319
v -0.145875 -0.212950 0.310078
v -0.149832 -0.216610 0.282212
v -0.123962 -0.213578 0.349808
v -0.128823 -0.219780 0.330285
v -0.132908 -0.224901 0.307120
v -0.136286 -0.228793 0.279502
v -0.087041 -0.255758 0.185325
v -0.065413 -0.259272 0.190520
v -0.064718 -0.258363 0.239831
v -0.085528 -0.254533 0.240919
v -0.123017 -0.241363 0.244051
v -0.124805 -0.242735 0.202035
v -0.106481 -0.250177 0.200774
v -0.126176 -0.243529 0.134864
v -0.107408 -0.250775 0.136878
v -0.105082 -0.248989 0.242319
v -0.139025 0.231381 0.246106
v -0.141180 0.232884 0.203546
v -0.143284 0.233798 0.126615
v -0.153004 0.219144 0.248358
v -0.155474 0.220714 0.205212
v -0.157948 0.221814 0.124437
v -0.164908 0.204850 0.250654
v -0.167610 0.206412 0.206912
v -0.170385 0.207579 0.123352
v -0.164908 -0.204850 0.250654
v -0.167610 -0.206412 0.206912
v -0.169612 -0.207303 0.150072
v -0.171046 -0.207650 0.076464
v -0.153004 -0.219144 0.248358
v -0.155474 -0.220714 0.205212
v -0.158163 -0.221525 0.127079
v -0.139025 -0.231381 0.246106
v -0.141180 -0.232884 0.203546
v -0.143403 -0.233636 0.130405
v -0.181584 0.192557 -0.043315
v -0.171617 0.209199 -0.121379
v -0.179273 0.197407 -0.122035
v -0.179069 0.197331 -0.062439
v -0.159747 0.222232 -0.121657
v -0.146985 0.232368 -0.122061
v -0.140436 0.236789 -0.121660
v -0.125046 0.244848 -0.121668
v -0.186272 0.182125 -0.026174
v -0.179254 -0.197563 -0.121995
v -0.171497 -0.209345 -0.121439
v -0.127714 -0.243542 -0.121695
v -0.146890 -0.232554 -0.121693
v -0.159574 -0.222393 -0.121655
v -0.181268 -0.193266 -0.044926
v -0.179259 -0.196998 -0.060174
v -0.185677 -0.183522 -0.027951
v -0.189759 0.171868 -0.016581
v -0.198800 0.123454 -0.002093
v -0.200129 0.108152 -0.002015
v -0.196179 0.144303 -0.003235
v -0.202392 -0.017047 -0.002143
v -0.201790 0.070549 -0.002443
v -0.192143 -0.162497 0.026224
v -0.197427 -0.135643 -0.002239
v -0.191738 -0.165105 -0.011726
v -0.199721 -0.113330 -0.002136
v 0.081417 -0.195175 -0.092562
v 0.063255 -0.195175 -0.105210
v -0.178079 -0.195151 -0.121687
v 0.000068 -0.195139 -0.121978
v 0.021745 -0.195150 -0.120159
v 0.043172 -0.195175 -0.114512
v 0.126802 -0.195152 0.080337
v 0.126979 -0.195163 0.005094
v 0.125102 -0.195184 -0.017252
v 0.119252 -0.195175 -0.038821
v 0.109847 -0.195175 -0.058856
v 0.097107 -0.195175 -0.076953
v 0.128053 -0.206132 0.133211
v 0.127936 -0.194788 0.085953
v 0.127937 -0.196246 0.080332
v 0.128000 -0.196375 0.005146
v 0.127909 -0.190669 0.090074
v 0.127957 -0.185124 0.091687
v 0.127948 0.185010 0.091588
v 0.127987 0.190677 0.090325
v 0.127996 0.208140 0.080618
v 0.127986 0.194852 0.086196
v 0.127919 0.196108 0.080548
v 0.127956 0.196257 0.005047
v 0.110978 -0.196438 -0.058867
v 0.115376 -0.197000 -0.050627
v 0.115714 -0.225584 -0.049640
v -0.000536 -0.262157 -0.123052
v -0.000350 -0.196480 -0.123075
v 0.014158 -0.261664 -0.122245
v 0.024152 -0.196726 -0.120888
v 0.043915 -0.196413 -0.115288
v 0.037072 -0.259499 -0.117563
v 0.024809 -0.260776 -0.120665
v 0.083401 -0.247781 -0.092217
v 0.082336 -0.196474 -0.093081
v 0.071786 -0.252189 -0.101000
v 0.062161 -0.196649 -0.107138
v 0.058566 -0.255575 -0.108942
v 0.046947 -0.258312 -0.114037
v 0.098103 -0.196443 -0.077281
v 0.109184 -0.231936 -0.061641
v 0.103040 -0.236221 -0.071160
v 0.125902 -0.196628 -0.018814
v 0.120296 -0.196395 -0.038798
v -0.055628 -0.259867 -0.122955
v -0.127816 -0.242448 -0.122915
v -0.145675 -0.232203 -0.122956
v -0.159499 -0.221139 -0.122914
v -0.170248 -0.209219 -0.122914
v -0.178121 -0.196628 -0.123003
v 0.124568 -0.214365 -0.024393
v 0.127031 -0.210517 -0.011261
v 0.121461 -0.218631 -0.035348
v 0.127966 -0.208983 0.001888
v 0.083942 -0.248438 -0.090722
v 0.094813 -0.242587 -0.080738
v 0.105672 -0.235198 -0.066334
v 0.072171 -0.253089 -0.099484
v 0.058483 -0.256893 -0.107718
v 0.046136 -0.259413 -0.113156
v 0.037306 -0.260715 -0.116476
v -0.042472 -0.261994 -0.122020
v -0.056023 -0.260840 -0.121660
v -0.083572 -0.256961 -0.121647
v -0.104408 -0.251942 -0.122062
v -0.113071 -0.249365 -0.121664
v -0.178036 0.195119 -0.121691
v 0.011173 0.195101 -0.121442
v 0.126517 0.195137 -0.005098
v 0.126698 0.195092 0.080336
v -0.177684 0.195068 -0.068347
v 0.088955 0.195098 -0.085442
v 0.106831 0.195098 -0.063394
v 0.119353 0.195098 -0.037921
v 0.123752 0.195144 -0.022954
v 0.040949 0.195098 -0.115068
v 0.066621 0.195098 -0.102960
v 0.014156 0.196266 -0.122209
v -0.001286 0.196341 -0.123058
v 0.000803 0.262536 -0.122920
v 0.127110 0.196233 -0.009558
v 0.125512 0.212954 -0.020424
v 0.124708 0.196263 -0.023706
v 0.083025 0.247842 -0.092542
v 0.090358 0.196237 -0.085635
v 0.093514 0.242699 -0.082446
v 0.108212 0.196237 -0.063318
v 0.120677 0.196237 -0.037553
v 0.067882 0.196266 -0.103521
v 0.069775 0.252956 -0.102408
v 0.042141 0.196237 -0.115847
v 0.046948 0.258069 -0.114113
v 0.054317 0.256777 -0.110899
v 0.010420 0.261893 -0.122588
v 0.025110 0.260751 -0.120595
v -0.027693 0.262017 -0.122956
v 0.121589 0.218457 -0.034979
v 0.127781 0.209327 -0.003189
v 0.091546 0.244763 -0.083104
v 0.088137 0.246768 -0.015376
v 0.069319 0.253990 -0.101616
v 0.069778 0.254102 -0.015353
v 0.049428 0.258813 -0.112103
v 0.083463 0.248637 -0.091041
v 0.116315 0.224916 -0.048303
v 0.109513 0.231605 -0.061163
v 0.103713 0.236876 -0.015395
v 0.102334 0.237559 -0.071696
v -0.000153 0.263533 -0.121661
v 0.033294 0.261316 -0.117275
v -0.066491 0.259600 -0.121667
v -0.089513 0.255753 -0.121649
v -0.106811 0.251342 -0.121695
v 0.150468 -0.147679 0.157534
v 0.137206 -0.186949 0.144236
v 0.129499 -0.201991 0.136357
v 0.141927 0.174718 0.148931
v 0.157739 -0.115134 0.164783
v 0.164598 -0.049885 0.171569
v 0.158672 0.109509 0.165677
v 0.128382 0.205364 0.134714
v 0.128494 -0.205085 0.135026
v 0.126818 -0.190008 0.089205
v 0.126818 -0.193735 0.085523
v 0.126984 0.190119 0.089177
v 0.126998 0.193848 0.085408
v 0.114937 0.195749 -0.050896
v 0.099702 0.195750 -0.074982
v 0.079531 0.195778 -0.095113
v 0.055069 0.195749 -0.110355
v 0.028382 0.195778 -0.119665
v -0.177859 0.195966 -0.122800
v -0.169699 0.209915 -0.122914
v -0.158699 0.221892 -0.122914
v -0.140726 0.235443 -0.122956
v -0.123996 0.244257 -0.122914
v -0.140178 -0.236842 -0.122029
v -0.105850 0.250640 -0.122915
v -0.088500 0.254978 -0.122914
v -0.065614 0.258747 -0.122914
v -0.084006 -0.255893 -0.122914
v -0.112099 -0.248635 -0.122956
v -0.016471 -0.263218 -0.122401
v 0.000269 -0.263446 -0.122020
v 0.010058 0.263125 -0.121668
v 0.023938 0.262224 -0.119773
v 0.033694 0.260290 -0.118436
v 0.024784 -0.262213 -0.119510
v 0.014537 -0.262893 -0.121239
v 0.077969 0.220640 0.339687
v 0.078514 0.156968 0.278818
v -0.077985 0.197088 0.393346
v -0.078410 0.120915 0.314872
v -0.070024 0.184924 0.404856
v -0.066692 0.104652 0.331134
v -0.081208 0.205945 0.383999
v -0.082448 0.138941 0.296845
v -0.080719 0.225604 0.359412
v -0.082563 0.216187 0.371904
v -0.074139 0.236253 0.343128
v -0.078236 0.230858 0.351745
v -0.078410 0.156968 0.278818
v -0.056716 0.247819 0.320882
v -0.067026 0.242379 0.332156
v -0.066692 0.173231 0.262556
v -0.035468 0.253600 0.306026
v -0.047986 0.250767 0.313747
v -0.048440 0.186137 0.249650
v -0.011292 0.255948 0.298287
v -0.025442 0.194423 0.241364
v -0.000512 0.256065 0.297273
v 0.000052 0.197278 0.238508
v -0.023984 0.255144 0.301297
v 0.025546 0.194423 0.241364
v 0.020245 0.254589 0.299368
v 0.009813 0.255622 0.297672
v 0.039896 0.250504 0.306244
v 0.048544 0.186137 0.249650
v 0.028989 0.253234 0.301755
v 0.064545 0.237915 0.322770
v 0.066796 0.173231 0.262556
v 0.051887 0.246100 0.312936
v 0.072121 0.229884 0.331002
v 0.082552 0.138941 0.296845
v 0.082570 0.202361 0.356597
v 0.081254 0.211113 0.348399
v 0.077460 0.180443 0.379233
v 0.078514 0.120915 0.314872
v 0.081782 0.192103 0.366723
v 0.066796 0.104652 0.331134
v 0.071546 0.172230 0.388354
v 0.051563 0.156857 0.406113
v 0.048544 0.091746 0.344040
v 0.063810 0.164575 0.396836
v 0.036105 0.151658 0.414647
v 0.025546 0.083460 0.352326
v 0.000010 0.150710 0.425337
v 0.011045 0.149793 0.423328
v 0.000052 0.080605 0.355181
v 0.022089 0.149821 0.420310
v -0.025442 0.083460 0.352326
v -0.022299 0.155285 0.425638
v -0.009840 0.152288 0.426022
v -0.034075 0.159550 0.423676
v -0.048440 0.091746 0.344040
v -0.049205 0.167229 0.418796
v -0.061530 0.176374 0.411917
v 0.000052 0.080605 0.348110
v 0.024001 0.083287 0.345428
v 0.062751 0.167617 0.261098
v -0.023897 0.083287 0.345428
v -0.073655 0.118472 0.310244
v -0.062647 0.103195 0.325520
v -0.045501 0.091071 0.337644
v -0.062647 0.167617 0.261098
v -0.073655 0.152340 0.276375
v -0.077448 0.135406 0.293309
v 0.000052 0.190207 0.238508
v -0.023897 0.187525 0.241191
v -0.045501 0.179741 0.248975
v 0.045606 0.179741 0.248975
v 0.024001 0.187525 0.241191
v 0.073759 0.118472 0.310244
v 0.077552 0.135406 0.293309
v 0.073759 0.152340 0.276375
v 0.045606 0.091071 0.337644
v 0.062751 0.103195 0.325520
v 0.057804 -0.160537 0.401959
v 0.048394 -0.155906 0.408376
v 0.048544 -0.091746 0.344040
v -0.037892 -0.162181 0.423808
v -0.048764 -0.168075 0.420059
v -0.048440 -0.091746 0.344040
v -0.064593 -0.180117 0.410955
v -0.066692 -0.104652 0.331134
v 0.082636 -0.199801 0.359078
v 0.082552 -0.138941 0.296845
v 0.081010 -0.212144 0.347596
v 0.078514 -0.156968 0.278818
v 0.077447 -0.221872 0.338869
v 0.057953 -0.243024 0.317590
v 0.069613 -0.233381 0.328133
v 0.066796 -0.173231 0.262556
v 0.045601 -0.249105 0.309335
v 0.048544 -0.186137 0.249650
v 0.000052 -0.197278 0.238508
v 0.004704 -0.256243 0.297394
v 0.025546 -0.194423 0.241364
v 0.024602 -0.254318 0.300593
v -0.010767 -0.256231 0.298470
v -0.025442 -0.194423 0.241364
v -0.040542 -0.253022 0.309301
v -0.048440 -0.186137 0.249650
v -0.026605 -0.255243 0.302422
v -0.052207 -0.250012 0.317493
v -0.066692 -0.173231 0.262556
v -0.078410 -0.156968 0.278818
v -0.076815 -0.234054 0.349051
v -0.068356 -0.242322 0.334539
v -0.081342 -0.224662 0.363050
v -0.082448 -0.138941 0.296845
v -0.081109 -0.206666 0.385501
v -0.078410 -0.120915 0.314872
v -0.082492 -0.214246 0.376695
v -0.077271 -0.196689 0.396047
v -0.025442 -0.083460 0.352326
v -0.021374 -0.155945 0.426704
v 0.000052 -0.080605 0.355181
v 0.010842 -0.150531 0.424105
v -0.000578 -0.151588 0.426225
v 0.025546 -0.083460 0.352326
v 0.036384 -0.152207 0.415025
v 0.024154 -0.150585 0.420112
v 0.067031 -0.167541 0.393863
v 0.066796 -0.104652 0.331134
v 0.081234 -0.189764 0.369192
v 0.076854 -0.179533 0.380355
v 0.078514 -0.120915 0.314872
v 0.000052 -0.190207 0.238508
v 0.024001 -0.187525 0.241191
v 0.024001 -0.083287 0.345428
v -0.023897 -0.187525 0.241191
v -0.073655 -0.152340 0.276375
v -0.062647 -0.167617 0.261098
v -0.045501 -0.179741 0.248975
v -0.062647 -0.103195 0.325520
v -0.073655 -0.118472 0.310244
v -0.077448 -0.135406 0.293309
v 0.000052 -0.080605 0.348110
v -0.023897 -0.083287 0.345428
v -0.045501 -0.091071 0.337644
v 0.062751 -0.103195 0.325520
v 0.045606 -0.091071 0.337644
v 0.073759 -0.152340 0.276375
v 0.077552 -0.135406 0.293309
v 0.073759 -0.118472 0.310244
v 0.045606 -0.179741 0.248975
v 0.062751 -0.167617 0.261098
v -0.192306 -0.158187 -0.009788
v -0.194058 -0.147688 -0.005918
v -0.184136 -0.183573 -0.031248
v -0.186953 -0.176314 -0.022682
v -0.189671 -0.168146 -0.015649
v -0.178081 -0.194418 -0.059175
v -0.179308 -0.192105 -0.049115
v -0.183981 0.182724 -0.030377
v -0.181368 0.188383 -0.039689
v -0.185881 0.177940 -0.024558
v -0.189101 0.170048 -0.017076
v -0.193888 0.150815 -0.006775
v -0.191200 0.160851 -0.011291
v -0.178025 0.194402 -0.059240
v -0.179266 0.192170 -0.049330
v -0.179195 -0.196073 -0.121664
v -0.178358 -0.195920 -0.122626
v -0.178083 -0.195190 -0.069003
v -0.179098 -0.196801 -0.068378
v -0.180425 -0.192906 -0.048850
v -0.181778 -0.188973 -0.040451
v -0.179183 -0.195282 -0.059033
v -0.195434 -0.147510 -0.004795
v -0.200755 -0.095331 -0.002526
v -0.202028 -0.052461 -0.002700
v -0.198917 0.113327 -0.003283
v -0.185786 0.181179 -0.027013
v -0.192308 0.162240 -0.010770
v -0.195700 0.140133 -0.004225
v -0.182345 0.189265 -0.039506
v -0.179165 0.195325 -0.059293
v -0.178841 0.195996 -0.068688
v -0.180374 0.193088 -0.049296
v -0.179183 0.195979 -0.121588
v -0.178424 0.196643 -0.122914
v -0.163428 -0.015757 0.389911
v -0.168615 -0.016448 0.381659
v -0.173449 -0.017199 0.372745
v -0.177913 -0.018024 0.363040
v -0.181797 -0.046104 0.351915
v -0.182070 0.019588 0.352176
v -0.185482 -0.046594 0.340273
v -0.185753 0.020374 0.340454
v -0.188764 -0.047021 0.327432
v -0.190481 0.021434 0.321168
v -0.191632 -0.047384 0.313254
v -0.193973 -0.048265 0.298261
v -0.165857 -0.053810 0.384639
v -0.175480 -0.054154 0.366965
v -0.165049 -0.079093 0.383320
v -0.174626 -0.079731 0.365779
v -0.182668 -0.080319 0.345012
v -0.189188 -0.080839 0.319720
v -0.193967 -0.081331 0.289676
v -0.163609 -0.102056 0.381503
v -0.172983 -0.103518 0.364179
v -0.180950 -0.104493 0.343583
v -0.187437 -0.105347 0.318495
v -0.192237 -0.106128 0.288631
v -0.165076 0.079039 0.383284
v -0.158237 0.100956 0.389564
v -0.168471 0.103018 0.373136
v -0.174628 0.079715 0.365778
v -0.177166 0.103971 0.354339
v -0.182676 0.080226 0.345005
v -0.182736 0.104699 0.337395
v -0.189201 0.080709 0.319696
v -0.187462 0.105255 0.318424
v -0.193982 0.081119 0.289645
v -0.192263 0.105950 0.288549
v -0.163414 0.043991 0.388994
v -0.168591 0.044617 0.380748
v -0.173406 0.045233 0.371852
v -0.177853 0.045821 0.362162
v -0.183552 0.054421 0.346061
v -0.190093 0.054644 0.320589
v -0.194634 0.045895 0.294263
v -0.201694 0.063626 0.100910
v -0.200553 -0.000556 0.205919
v -0.197064 0.071283 0.262494
v -0.194829 0.106633 0.261533
v -0.199291 0.071867 0.219901
v -0.197178 0.107196 0.219415
v -0.200573 0.072534 0.167260
v -0.198639 0.107572 0.166189
v -0.198235 0.122748 0.100968
v -0.197168 -0.001645 0.271866
v -0.201425 -0.068756 0.100910
v -0.200611 -0.071228 0.167706
v -0.198270 -0.122728 0.100955
v -0.197873 -0.107891 0.201992
v -0.199226 -0.072227 0.221454
v -0.194829 -0.106633 0.261533
v -0.196794 -0.055265 0.271112
v -0.196520 -0.081637 0.262331
v -0.197245 -0.130480 0.102826
v -0.195500 -0.129252 0.202942
v -0.189355 -0.128627 0.288039
v -0.188493 -0.148999 0.259429
v -0.192101 -0.129482 0.260405
v -0.195133 -0.143940 0.113306
v -0.194371 -0.147397 0.120400
v -0.194003 -0.148792 0.126702
v -0.191987 -0.149000 0.203752
v -0.196222 -0.137577 0.106717
v -0.160705 -0.127820 0.378338
v -0.156229 -0.118902 0.387787
v -0.165810 -0.136081 0.365957
v -0.168046 -0.124721 0.366722
v -0.174418 -0.126122 0.352318
v -0.172380 -0.143437 0.347016
v -0.181397 -0.127267 0.330474
v -0.178296 -0.147533 0.324623
v -0.185976 -0.128340 0.309163
v -0.183196 -0.149010 0.300376
v -0.150951 -0.104282 0.398073
v -0.144452 -0.015225 0.412594
v -0.151274 -0.014536 0.405584
v -0.153834 -0.054317 0.401054
v -0.138310 -0.031536 0.417533
v -0.137182 0.002575 0.419082
v -0.140535 -0.053510 0.414598
v -0.142397 -0.067800 0.411740
v -0.145899 -0.085895 0.406413
v -0.153409 -0.078108 0.399314
v -0.157573 -0.015106 0.398029
v -0.150013 0.101457 0.399549
v -0.141546 0.061960 0.413108
v -0.153329 0.075760 0.399693
v -0.145743 0.085277 0.406667
v -0.138564 0.035739 0.417160
v -0.144430 0.026988 0.412220
v -0.157540 0.043310 0.397144
v -0.151450 0.041246 0.404517
v -0.154307 0.114320 0.391552
v -0.160056 0.126781 0.379782
v -0.163868 0.133221 0.370713
v -0.167824 0.138615 0.360508
v -0.170155 0.125636 0.362343
v -0.182845 0.148940 0.302389
v -0.189558 0.129251 0.285797
v -0.184745 0.128120 0.315911
v -0.178193 0.147513 0.324997
v -0.178458 0.126781 0.340694
v -0.173154 0.144096 0.344289
v -0.196196 0.130799 0.165641
v -0.191979 0.149000 0.202662
v -0.195887 0.139762 0.108612
v -0.197041 0.131982 0.103410
v -0.194000 0.148854 0.126228
v -0.194771 0.145621 0.116070
v -0.194578 0.130268 0.218584
v -0.188484 0.148999 0.260105
v -0.192101 0.129482 0.260405
v -0.135948 0.149000 0.129910
v -0.135948 0.148989 0.298702
v -0.135948 -0.149000 0.294910
v -0.135948 -0.147935 0.320123
v -0.135948 -0.145131 0.339267
v -0.135948 -0.140680 0.355109
v -0.135948 -0.134529 0.368482
v -0.135948 -0.126472 0.379977
v -0.135948 -0.115731 0.390300
v -0.135948 -0.102531 0.398934
v -0.135948 -0.087869 0.405576
v -0.135948 -0.070473 0.411011
v -0.135948 -0.049404 0.415281
v -0.135948 -0.024397 0.418064
v -0.135948 0.007409 0.418833
v -0.135948 0.039294 0.416666
v -0.135948 0.063446 0.412671
v -0.135948 0.083237 0.407237
v -0.135948 0.099457 0.400532
v -0.135948 0.113919 0.391694
v -0.135948 0.124508 0.382190
v -0.135948 0.133498 0.370235
v -0.135948 0.140015 0.356881
v -0.135948 0.144505 0.342103
v -0.135948 0.147462 0.324669
v -0.135948 -0.149000 0.129910
v -0.135948 -0.120000 0.100910
v -0.135948 -0.128961 0.102329
v -0.135948 -0.137046 0.106448
v -0.135948 -0.143461 0.112864
v -0.135948 -0.147581 0.120948
v -0.135948 0.120000 0.100910
v -0.135948 0.147581 0.120948
v -0.135948 0.143461 0.112864
v -0.135948 0.137046 0.106448
v -0.135948 0.128961 0.102329
v -0.245964 -0.097728 0.401480
v -0.134948 -0.098436 0.401036
v -0.248103 -0.111259 0.393660
v -0.134948 -0.112048 0.393053
v -0.250485 -0.122717 0.384244
v -0.134948 -0.123759 0.382988
v -0.263227 -0.147596 0.324151
v -0.134948 -0.147861 0.320903
v -0.266419 -0.148857 0.307003
v -0.134948 -0.149000 0.294910
v -0.257349 -0.141180 0.353983
v -0.134948 -0.140123 0.356598
v -0.134948 -0.144872 0.340475
v -0.260289 -0.144930 0.340225
v -0.134948 -0.133501 0.370230
v -0.253881 -0.133462 0.370564
v -0.134948 -0.082425 0.407511
v -0.243702 -0.080003 0.408390
v -0.241782 -0.057946 0.413920
v -0.134948 -0.059667 0.413461
v -0.240580 -0.032073 0.417499
v -0.134948 -0.031574 0.417480
v -0.134948 0.003858 0.419006
v -0.240160 -0.007479 0.418867
v -0.239937 0.016781 0.418623
v -0.134948 0.039525 0.416638
v -0.241019 0.040751 0.416504
v -0.134948 0.064421 0.412456
v -0.242146 0.062757 0.412926
v -0.134948 0.084615 0.406761
v -0.246463 0.101223 0.399655
v -0.134948 0.101085 0.399702
v -0.244344 0.085445 0.406612
v -0.134948 0.115819 0.390231
v -0.248488 0.113912 0.391900
v -0.251177 0.124879 0.381864
v -0.134948 0.126405 0.380056
v -0.134948 0.135181 0.367318
v -0.253666 0.133992 0.369706
v -0.257457 0.141317 0.353779
v -0.134948 0.141358 0.353185
v -0.261596 0.146307 0.333454
v -0.134948 0.145530 0.337292
v -0.134948 0.148886 0.308890
v -0.265250 0.148560 0.312814
v -0.134948 0.149000 0.129910
v -0.275374 0.149000 0.207934
v -0.268671 0.149010 0.291221
v -0.271568 0.136248 0.105811
v -0.271998 0.141036 0.109944
v -0.134948 0.140506 0.109404
v -0.271915 0.146249 0.117268
v -0.134948 0.146793 0.118812
v -0.272400 0.148866 0.126137
v -0.134948 0.120000 0.100910
v -0.271963 0.123346 0.101161
v -0.134948 0.131098 0.103117
v -0.271473 0.130620 0.102874
v -0.134948 -0.120000 0.100910
v -0.271350 -0.123604 0.101019
v -0.134948 -0.131098 0.103117
v -0.271795 -0.139555 0.108447
v -0.134948 -0.140506 0.109404
v -0.271542 -0.132930 0.103817
v -0.271979 -0.144060 0.113668
v -0.134948 -0.146793 0.118812
v -0.272577 -0.148943 0.126864
v -0.134948 -0.149000 0.129910
v -0.272193 -0.147200 0.119740
v -0.274659 -0.149000 0.230606
v -0.280293 0.133651 0.313331
v -0.276307 0.131486 0.334030
v -0.283286 0.133991 0.294265
v -0.286044 -0.134002 0.271733
v -0.281407 -0.133871 0.307092
v -0.270129 -0.124216 0.359831
v -0.275304 -0.130960 0.338805
v -0.272018 0.127147 0.352563
v -0.265668 -0.114569 0.375628
v -0.260882 -0.095955 0.390617
v -0.263039 0.105383 0.384039
v -0.267030 0.118044 0.371063
v -0.255728 -0.055254 0.405145
v -0.255416 0.048534 0.405951
v -0.259475 0.087551 0.394751
v -0.254089 0.000310 0.409399
v -0.286544 0.127400 0.116036
v -0.287319 0.133857 0.125904
v -0.286785 -0.130518 0.119100
v -0.286441 -0.122904 0.114833
v -0.287457 -0.134073 0.127581
v -0.289922 0.133961 0.175969
v -0.289936 -0.134049 0.180589
v -0.286186 0.134007 0.270478
v -0.289140 -0.133828 0.233229
v -0.289161 0.134100 0.231545
v -0.280391 -0.147059 0.132326
v -0.285327 -0.141367 0.125564
v -0.287446 -0.141500 0.165297
v -0.282468 -0.146997 0.205270
v -0.287884 -0.141540 0.208106
v -0.278586 -0.120909 0.102720
v -0.284007 -0.124517 0.107893
v -0.278689 -0.127680 0.103770
v -0.278876 -0.135696 0.107630
v -0.279258 -0.142181 0.114170
v -0.279716 -0.146109 0.122530
v -0.284335 -0.132825 0.111869
v -0.284722 -0.137812 0.117077
v -0.285375 -0.141512 0.258793
v -0.280012 -0.146998 0.256985
v -0.280335 -0.141489 0.300688
v -0.273887 -0.146852 0.307027
v -0.270825 0.145655 0.324086
v -0.276422 -0.140286 0.323684
v -0.268963 -0.144400 0.333658
v -0.264462 -0.139119 0.354478
v -0.272814 -0.137506 0.340945
v -0.269616 -0.133668 0.354725
v -0.260475 -0.131096 0.371205
v -0.256936 -0.120297 0.384470
v -0.254349 -0.109141 0.393385
v -0.252007 -0.095986 0.400829
v -0.249705 -0.078095 0.407641
v -0.247750 -0.055778 0.413052
v -0.246489 -0.030452 0.416428
v -0.245947 -0.000479 0.417823
v -0.246618 0.034273 0.416118
v -0.248260 0.062463 0.411693
v -0.250491 0.085062 0.405360
v -0.252619 0.099687 0.398927
v -0.255003 0.112349 0.391213
v -0.257632 0.122687 0.381941
v -0.260533 0.131446 0.370680
v -0.265538 -0.126308 0.370158
v -0.262000 -0.116337 0.382409
v -0.259396 -0.106078 0.390674
v -0.256993 -0.093439 0.397869
v -0.254657 -0.076223 0.404458
v -0.252683 -0.054366 0.409771
v -0.251407 -0.029706 0.413077
v -0.250882 0.000127 0.414430
v -0.251570 0.034326 0.412674
v -0.253241 0.061651 0.408286
v -0.255556 0.083630 0.401978
v -0.257662 0.097276 0.395891
v -0.260146 0.109361 0.388380
v -0.262856 0.119044 0.379536
v -0.265941 0.127066 0.368800
v -0.263561 0.137498 0.358453
v -0.266768 0.142105 0.344378
v -0.269992 0.134309 0.353129
v -0.274389 0.138942 0.333746
v -0.278276 0.141094 0.313343
v -0.282772 0.141536 0.283600
v -0.274562 0.146960 0.302334
v -0.279996 0.146971 0.128388
v -0.285235 0.141204 0.124430
v -0.279686 0.145751 0.121451
v -0.279206 0.141752 0.113556
v -0.278846 0.135123 0.107225
v -0.278709 0.125593 0.103154
v -0.284642 0.137037 0.115999
v -0.284277 0.131769 0.111129
v -0.284057 0.124356 0.108037
v -0.280884 0.147002 0.247748
v -0.287087 0.141507 0.233335
v -0.287917 0.141508 0.177423
v -0.282439 0.146997 0.178865
vn -0.0000 -0.0000 -1.0000
vn -0.1584 0.9874 -0.0016
vn -0.2079 0.9781 -0.0074
vn -0.5878 0.8090 -0.0089
vn -0.4667 0.8844 0.0008
vn -0.8660 0.5000 -0.0070
vn -0.6891 0.7246 0.0012
vn -0.9945 0.1045 -0.0055
vn -0.9905 0.1379 -0.0014
vn -0.8694 0.4940 -0.0062
vn -0.9510 -0.3090 -0.0062
vn -0.9825 -0.1862 0.0020
vn -0.7431 -0.6691 -0.0030
vn -0.8982 -0.4397 0.0040
vn -0.4067 -0.9135 -0.0053
vn -0.4830 -0.8756 0.0055
vn -0.6952 -0.7188 0.0047
vn 0.3912 -0.9203 -0.0077
vn 0.1220 -0.9925 0.0042
vn -0.0392 -0.9992 -0.0049
vn -0.1232 -0.9924 0.0014
vn 0.7431 -0.6691 -0.0032
vn 0.6980 -0.7161 0.0043
vn 0.4856 -0.8741 0.0056
vn 0.9510 -0.3090 -0.0063
vn 0.9003 -0.4352 0.0037
vn 0.9945 0.1045 -0.0058
vn 0.9881 -0.1538 0.0040
vn 0.8660 0.5000 -0.0080
vn 0.8850 0.4655 -0.0036
vn 0.9882 0.1533 -0.0012
vn 0.5878 0.8090 -0.0085
vn 0.6811 0.7322 -0.0001
vn 0.1731 0.9849 -0.0027
vn 0.2079 0.9781 -0.0068
vn 0.4731 0.8810 0.0016
vn 0.9292 0.0115 -0.3693
vn 0.8976 -0.0116 -0.4406
vn -0.0612 0.9978 0.0263
vn -0.0199 0.9997 0.0140
vn -0.2011 0.9757 0.0866
vn -0.1953 0.9774 0.0804
vn -0.0495 0.9978 -0.0450
vn -0.0612 0.9969 -0.0494
vn -0.0920 0.9952 -0.0345
vn -0.0669 0.9972 -0.0337
vn -0.0902 0.9958 -0.0121
vn -0.0626 0.9979 -0.0188
vn -0.0713 0.9974 -0.0081
vn -0.0658 0.9978 -0.0014
vn -0.6130 0.7728 0.1640
vn -0.3802 -0.9107 0.1612
vn -0.3438 -0.9267 0.1519
vn -0.8887 -0.2540 0.3817
vn -0.8949 -0.2199 0.3882
vn -0.7139 -0.6315 0.3026
vn -0.8966 0.2188 0.3849
vn -0.8830 0.2702 0.3837
vn -0.7152 0.6289 0.3050
vn -0.3981 0.8999 0.1780
vn -0.2932 0.9484 0.1208
vn -0.6285 -0.7625 0.1536
vn -0.5664 -0.7875 0.2430
vn 0.0302 -0.9995 -0.0007
vn -0.0628 -0.9977 0.0270
vn -0.0627 -0.9975 -0.0310
vn -0.0704 -0.9962 -0.0518
vn -0.0533 -0.9982 -0.0277
vn -0.0590 -0.9966 -0.0568
vn -0.1406 -0.9887 0.0516
vn -0.0926 -0.9957 0.0091
vn -0.0819 -0.9966 0.0104
vn -0.1052 -0.9943 -0.0171
vn -0.0635 -0.9980 0.0050
vn -0.0768 -0.9969 -0.0186
vn -0.6321 -0.7270 0.2680
vn -0.9193 -0.0184 0.3931
vn -0.9177 -0.0137 0.3970
vn -0.9200 0.0141 0.3916
vn -0.9181 0.0173 0.3961
vn -0.9205 0.0026 0.3908
vn -0.0762 0.9965 0.0347
vn -0.0931 0.9949 0.0400
vn -0.0963 -0.9945 0.0414
vn -0.0233 -0.9996 0.0186
vn -0.0072 -1.0000 -0.0065
vn -0.0072 -1.0000 -0.0024
vn -0.0109 -0.9999 0.0011
vn 0.0043 -1.0000 -0.0068
vn 0.0188 -0.9998 -0.0109
vn 0.0159 -0.9997 -0.0185
vn 0.0407 -0.9968 -0.0689
vn -0.0145 -0.9996 -0.0251
vn -0.0115 -0.9996 -0.0259
vn -0.0092 -0.9999 -0.0043
vn -0.0095 -0.9999 -0.0086
vn -0.0000 -1.0000 0.0013
vn -0.0015 -1.0000 0.0009
vn -0.0005 1.0000 0.0010
vn -0.0000 1.0000 0.0011
vn 0.0127 0.9997 -0.0201
vn -0.0224 0.9995 -0.0202
vn -0.0069 0.9999 -0.0114
vn -0.0070 1.0000 -0.0023
vn -0.0107 0.9999 0.0011
vn 0.0079 0.9999 -0.0083
vn 0.0218 0.9997 -0.0126
vn -0.0142 0.9998 -0.0136
vn -0.0240 0.9888 -0.1475
vn -0.0104 0.9997 -0.0234
vn -0.1976 0.0210 -0.9801
vn -0.5108 0.1105 -0.8526
vn -0.4661 0.0108 -0.8847
vn -0.5797 -0.0178 -0.8146
vn -0.6819 0.0116 -0.7313
vn -0.1751 0.0082 -0.9845
vn -0.2776 -0.0232 -0.9604
vn 0.1011 -0.0192 -0.9947
vn 0.3280 0.0643 -0.9425
vn 0.1512 -0.0503 -0.9872
vn 0.4726 0.0163 -0.8811
vn 0.6158 -0.0241 -0.7876
vn 0.6865 0.0019 -0.7271
vn 0.8657 -0.0264 -0.4998
vn 0.8884 -0.0062 -0.4589
vn 0.9894 -0.0020 -0.1450
vn 0.9943 -0.0224 -0.1045
vn 0.9834 0.0078 0.1811
vn 0.9509 -0.0167 0.3090
vn 0.9045 0.0132 0.4263
vn 0.7431 -0.0127 0.6691
vn 0.6976 0.0139 0.7163
vn 0.4757 0.0184 0.8794
vn 0.4066 -0.0243 0.9133
vn 0.1248 0.0068 0.9922
vn -0.0000 -0.0349 0.9994
vn -0.7291 0.0096 0.6843
vn -0.7068 0.0207 0.7071
vn -0.1229 0.0062 0.9924
vn -0.4164 -0.0249 0.9088
vn -0.4679 0.0109 0.8837
vn -0.8995 0.0154 0.4366
vn -0.8716 0.0025 0.4903
vn -0.9674 -0.0030 0.2532
vn -0.9840 0.0133 0.1776
vn -0.9996 -0.0097 -0.0271
vn -0.8423 -0.0319 -0.5381
vn -0.8944 0.0054 -0.4473
vn -0.9890 -0.0053 -0.1481
vn -0.9700 0.0441 -0.2391
vn -0.1561 0.9819 0.1069
vn -0.4285 0.9004 0.0757
vn -0.4164 0.0751 0.9061
vn -0.1561 0.1062 0.9820
vn 0.1561 0.9820 0.1064
vn 0.1221 0.9887 0.0865
vn -0.1221 0.9887 0.0865
vn -0.1222 0.0865 0.9887
vn 0.1223 0.0865 0.9887
vn 0.1561 0.1068 0.9820
vn 0.4285 0.0757 0.9004
vn 0.4246 0.9024 0.0741
vn -0.1692 -0.9508 -0.2595
vn -0.1545 -0.9467 -0.2827
vn -0.4641 -0.8568 -0.2246
vn -0.4493 -0.8586 -0.2470
vn -0.7301 -0.6599 -0.1775
vn -0.9825 0.1796 0.0501
vn -0.8929 0.4343 0.1188
vn -0.8895 0.4400 0.1236
vn -0.7249 0.6662 0.1751
vn -0.7316 0.6605 0.1689
vn -0.4691 0.8563 0.2159
vn -0.4526 0.8613 0.2308
vn -0.1559 0.9541 0.2557
vn 0.1559 0.9541 0.2557
vn 0.4677 0.8538 0.2288
vn 0.4522 0.8641 0.2210
vn 0.7143 0.6783 0.1723
vn 0.7333 0.6546 0.1837
vn 0.8922 0.4333 0.1276
vn 0.8917 0.4343 0.1274
vn 0.9817 0.1827 0.0539
vn 0.9051 -0.4070 -0.1229
vn -0.6726 -0.6749 -0.3034
vn -0.8871 -0.4188 -0.1942
vn -0.8754 -0.4317 -0.2175
vn -0.9893 -0.1309 -0.0648
vn -0.6782 0.6660 0.3106
vn -0.4526 0.8082 0.3769
vn -0.1559 0.8952 0.4175
vn 0.1559 0.8952 0.4175
vn 0.4526 0.8082 0.3768
vn 0.4526 0.8082 0.3769
vn 0.6782 0.6660 0.3106
vn -0.1557 -0.8255 -0.5426
vn -0.1379 -0.8103 -0.5696
vn -0.4498 -0.7307 -0.5136
vn -0.4484 -0.7302 -0.5155
vn -0.7274 -0.5606 -0.3957
vn -0.9778 -0.1724 -0.1193
vn -0.9907 0.1116 0.0779
vn -0.9912 0.1093 0.0745
vn -0.8915 0.3743 0.2553
vn -0.8887 0.3773 0.2604
vn -0.7347 0.5584 0.3854
vn -0.7290 0.5607 0.3926
vn -0.4526 0.7304 0.5115
vn -0.1559 0.8091 0.5666
vn -0.1558 0.8091 0.5666
vn 0.1558 0.8091 0.5666
vn 0.1559 0.8091 0.5666
vn 0.4526 0.7304 0.5115
vn 0.7290 0.5607 0.3926
vn 0.7048 0.5918 0.3912
vn 0.8899 0.3798 0.2527
vn 0.9907 0.1130 0.0760
vn 0.9914 0.1068 0.0751
vn 0.9843 -0.1455 -0.0995
vn 0.9781 -0.1767 -0.1098
vn 0.8726 -0.4160 -0.2560
vn 0.8891 -0.3767 -0.2600
vn -0.1777 -0.6751 -0.7160
vn -0.6798 -0.5151 -0.5221
vn -0.9036 -0.3009 -0.3050
vn -0.6782 0.5196 0.5196
vn -0.4526 0.6305 0.6305
vn -0.1559 0.6985 0.6985
vn -0.1558 0.6985 0.6985
vn 0.1559 0.6985 0.6985
vn 0.1558 0.6985 0.6985
vn 0.4526 0.6305 0.6305
vn 0.7058 0.5010 0.5010
vn 0.7270 0.4687 0.5017
vn 0.8897 0.3125 0.3328
vn 0.8920 0.3075 0.3313
vn 0.9851 0.1176 0.1258
vn -0.1223 -0.5678 -0.8140
vn -0.4498 -0.5110 -0.7325
vn -0.4483 -0.5099 -0.7342
vn -0.7274 -0.3914 -0.5636
vn -0.8708 -0.2880 -0.3985
vn -0.9909 -0.0784 -0.1093
vn -0.9822 0.1095 0.1524
vn -0.8915 0.2645 0.3679
vn -0.8887 0.2655 0.3737
vn -0.7347 0.3929 0.5531
vn -0.7290 0.3926 0.5607
vn -0.4526 0.5115 0.7304
vn -0.1559 0.5666 0.8091
vn 0.1559 0.5666 0.8091
vn 0.4526 0.5115 0.7304
vn 0.6782 0.4215 0.6020
vn 0.9906 -0.0798 -0.1111
vn 0.8875 -0.2689 -0.3741
vn 0.8891 -0.2651 -0.3731
vn -0.1993 -0.3861 -0.9006
vn -0.6727 -0.2940 -0.6790
vn -0.9022 -0.1756 -0.3939
vn -0.6782 0.3106 0.6660
vn -0.4526 0.3768 0.8082
vn -0.4526 0.3769 0.8082
vn -0.1559 0.4175 0.8952
vn -0.1558 0.4175 0.8952
vn 0.1558 0.4175 0.8952
vn 0.1559 0.4175 0.8952
vn 0.4526 0.3769 0.8082
vn 0.4526 0.3768 0.8082
vn 0.7290 0.2893 0.6204
vn 0.7048 0.3169 0.6347
vn 0.8899 0.2026 0.4088
vn 0.9084 0.1622 0.3853
vn 0.9856 0.0671 0.1551
vn -0.1409 -0.2872 -0.9475
vn -0.4497 -0.2288 -0.8634
vn -0.4554 -0.2356 -0.8586
vn -0.7218 -0.1921 -0.6649
vn -0.8756 -0.1255 -0.4664
vn -0.9814 -0.0498 -0.1853
vn -0.9862 -0.0515 -0.1574
vn -0.9896 0.0487 0.1357
vn -0.9865 0.0461 0.1573
vn -0.8917 0.1278 0.4341
vn -0.8940 0.1288 0.4292
vn -0.7333 0.1838 0.6546
vn -0.7126 0.1710 0.6804
vn -0.4521 0.2189 0.8647
vn -0.4717 0.2282 0.8517
vn -0.1559 0.2557 0.9541
vn 0.1559 0.2557 0.9541
vn 0.4526 0.2308 0.8613
vn 0.4691 0.2159 0.8563
vn 0.7054 0.1753 0.6868
vn 0.7243 0.1544 0.6720
vn 0.8766 0.1176 0.4666
vn 0.9897 0.0482 0.1347
vn 0.9842 -0.0544 -0.1686
vn 0.9860 -0.0468 -0.1603
vn 0.8880 -0.1306 -0.4409
vn 0.8844 -0.1388 -0.4455
vn 0.6985 -0.6900 -0.1900
vn 0.7042 -0.6822 -0.1969
vn 0.7013 -0.5867 -0.4049
vn 0.7029 -0.5842 -0.4057
vn 0.7014 -0.4128 -0.5811
vn 0.7029 -0.4102 -0.5810
vn 0.7017 -0.1929 -0.6859
vn 0.7058 -0.1856 -0.6837
vn 0.4571 -0.8574 -0.2364
vn 0.4496 -0.8638 -0.2272
vn 0.4483 -0.7342 -0.5099
vn 0.4498 -0.7325 -0.5110
vn 0.4483 -0.5155 -0.7302
vn 0.4498 -0.5136 -0.7307
vn 0.4492 -0.2467 -0.8587
vn 0.4544 -0.2391 -0.8581
vn 0.1607 -0.9455 -0.2833
vn 0.1555 -0.9486 -0.2756
vn 0.1537 -0.8104 -0.5653
vn 0.1329 -0.8282 -0.5444
vn 0.1775 -0.6751 -0.7160
vn 0.1223 -0.5707 -0.8120
vn 0.1927 -0.4032 -0.8946
vn 0.1265 -0.2835 -0.9506
vn 0.1305 -0.6812 -0.7203
vn 0.2035 -0.4833 0.8515
vn 0.5139 -0.8125 -0.2752
vn 0.5826 -0.3687 0.7244
vn 0.5720 -0.5581 0.6012
vn 0.6358 -0.4363 0.6367
vn 0.7320 -0.0300 0.6807
vn 0.8599 -0.1598 0.4848
vn 0.6203 -0.7809 0.0735
vn -0.2490 -0.9661 0.0684
vn -0.7541 -0.6465 0.1158
vn -0.8348 -0.5505 -0.0111
vn -0.6340 -0.7706 0.0654
vn -0.6191 -0.7853 -0.0051
vn -0.7567 -0.6449 0.1075
vn -0.4942 -0.8693 0.0066
vn -0.3893 -0.9200 0.0457
vn -0.4308 -0.8938 0.1248
vn -0.2340 -0.9717 0.0321
vn -0.0621 -0.9939 0.0906
vn -0.0858 -0.9958 0.0312
vn 0.0786 -0.9927 0.0918
vn 0.0819 -0.9931 0.0834
vn 0.1658 -0.9860 0.0189
vn 0.2870 -0.9520 0.1067
vn 0.3298 -0.9440 0.0058
vn 0.4700 -0.8732 0.1290
vn 0.5054 -0.8620 0.0382
vn 0.6271 -0.7768 0.0581
vn 0.7409 -0.6660 0.0869
vn 0.7300 -0.6824 0.0367
vn 0.8470 -0.5154 0.1305
vn 0.8302 -0.5572 0.0180
vn 0.9126 -0.3841 0.1402
vn 0.9050 -0.4208 0.0624
vn 0.9584 -0.2766 0.0708
vn 0.9606 -0.2717 0.0585
vn 0.9946 -0.1037 0.0019
vn 0.9951 -0.0942 0.0291
vn -0.5318 -0.5313 0.6595
vn -0.6574 -0.4231 0.6236
vn -0.6889 -0.5685 0.4497
vn 0.7553 -0.2942 0.5856
vn -0.3908 -0.7930 0.4674
vn -0.3886 -0.8133 0.4331
vn -0.4774 -0.6241 0.6185
vn -0.5182 -0.7629 0.3866
vn -0.1420 -0.7482 0.6481
vn -0.2368 -0.8402 0.4879
vn -0.2747 -0.7860 0.5539
vn 0.0695 -0.8730 0.4827
vn 0.0128 -0.7840 0.6206
vn -0.0697 -0.8577 0.5094
vn 0.2685 -0.8360 0.4786
vn 0.1884 -0.6958 0.6930
vn 0.5668 -0.5481 0.6151
vn 0.5509 -0.6837 0.4786
vn 0.3535 -0.6550 0.6679
vn 0.4793 -0.7776 0.4070
vn 0.7242 -0.2875 0.6268
vn 0.8438 -0.2209 0.4891
vn 0.7864 -0.1273 0.6044
vn -0.1723 -0.9373 -0.3029
vn -0.2919 -0.8187 -0.4946
vn -0.4211 -0.5449 -0.7251
vn -0.4293 -0.4935 -0.7564
vn -0.4932 -0.2147 -0.8430
vn -0.1581 -0.9457 -0.2840
vn -0.3109 -0.7597 -0.5712
vn -0.2938 -0.7791 -0.5537
vn -0.4139 -0.4595 -0.7859
vn -0.3106 -0.2142 -0.9261
vn -0.3105 -0.2143 -0.9261
vn -0.2469 -0.5791 -0.7769
vn -0.0131 0.2578 0.9661
vn -0.0209 0.3692 0.9291
vn -0.0379 0.5068 0.8612
vn -0.0495 0.6438 0.7636
vn -0.0628 0.7435 0.6658
vn -0.0757 0.8811 0.4668
vn -0.0849 0.9334 0.3487
vn -0.0876 0.9713 0.2213
vn -0.0986 0.9895 -0.1057
vn -0.0931 0.9952 -0.0312
vn 0.0014 0.0066 1.0000
vn -0.0018 0.0180 0.9998
vn -0.0062 0.0130 0.9999
vn -0.0059 0.0134 0.9999
vn 0.0049 0.0351 0.9994
vn -0.0045 0.0457 0.9989
vn -0.0000 -0.0647 0.9979
vn -0.0010 0.0289 0.9996
vn -0.0033 0.0256 0.9997
vn -0.0004 0.0319 0.9995
vn 0.0020 0.0389 0.9992
vn -0.0010 0.0252 0.9997
vn -0.0015 0.0190 0.9998
vn -0.0045 0.0336 0.9994
vn -0.0034 0.0306 0.9995
vn -0.0052 0.0326 0.9995
vn 0.0395 0.0139 0.9991
vn 0.0214 0.0183 0.9996
vn 0.0418 0.0155 0.9990
vn 0.0007 0.0369 0.9993
vn -0.0020 0.0126 0.9999
vn 0.0007 0.0614 0.9981
vn 0.0019 0.0661 0.9978
vn 0.0006 0.0880 0.9961
vn 0.0023 0.1303 0.9915
vn 0.0006 0.1230 0.9924
vn 0.0017 0.0923 0.9957
vn 0.3030 -0.2707 0.9137
vn 0.2563 -0.3698 0.8931
vn 0.2738 -0.5078 0.8168
vn 0.0982 -0.9056 0.4126
vn 0.0971 -0.9015 0.4218
vn -0.0510 -0.9983 -0.0275
vn -0.0351 -0.9832 0.1789
vn 0.1821 -0.6206 0.7627
vn -0.0243 -0.8128 0.5820
vn 0.0447 -0.3726 0.9269
vn 0.0233 -0.4247 0.9050
vn 0.1602 -0.3193 0.9340
vn 0.0171 -0.6032 0.7974
vn 0.0088 -0.6181 0.7861
vn 0.3091 -0.0571 0.9493
vn 0.3031 -0.0582 0.9512
vn 0.2968 -0.0975 0.9500
vn 0.3070 -0.0957 0.9469
vn 0.2952 -0.1350 0.9459
vn 0.1799 -0.1343 0.9745
vn 0.0323 -0.1386 0.9898
vn 0.3074 -0.0186 0.9514
vn 0.3112 -0.0193 0.9501
vn 0.1779 -0.0192 0.9839
vn 0.0221 -0.0161 0.9996
vn 0.1486 -0.0247 0.9886
vn 0.1650 -0.0558 0.9847
vn 0.1744 -0.0581 0.9830
vn 0.1619 -0.0950 0.9822
vn 0.1702 -0.0971 0.9806
vn 0.1602 -0.1380 0.9774
vn 0.2603 -0.1403 0.9553
vn 0.0519 0.1408 0.9887
vn 0.2640 0.1352 0.9550
vn 0.2939 0.1401 0.9455
vn 0.3068 0.0574 0.9500
vn 0.3069 0.0974 0.9467
vn 0.2974 0.0958 0.9499
vn 0.2877 0.0540 0.9562
vn 0.2822 0.0244 0.9590
vn 0.3090 0.0192 0.9509
vn 0.0225 0.0170 0.9996
vn 0.0454 0.0241 0.9987
vn 0.0496 0.0518 0.9974
vn 0.1914 0.1390 0.9716
vn 0.1622 0.1345 0.9776
vn 0.1687 0.0971 0.9809
vn 0.1751 0.0988 0.9796
vn 0.1689 0.0665 0.9834
vn 0.1779 0.0138 0.9840
vn 0.0313 0.9645 0.2622
vn 0.0516 0.8903 0.4525
vn 0.3238 0.2945 0.8991
vn -0.0832 0.9941 -0.0690
vn -0.0537 0.9888 0.1394
vn 0.0189 0.6459 0.7632
vn -0.0201 0.8247 0.5651
vn 0.0108 0.6090 0.7931
vn 0.2666 0.6376 0.7227
vn 0.0274 0.3816 0.9239
vn 0.0389 0.4136 0.9096
vn 0.1569 0.3435 0.9260
vn 0.2484 0.3889 0.8871
vn 0.2116 0.6779 0.7040
vn -0.0967 0.9806 -0.1708
vn -0.0931 0.9800 -0.1761
vn -0.0966 0.9805 -0.1712
vn -0.2575 0.8458 -0.4672
vn -0.3960 0.6413 -0.6572
vn -0.4295 0.4890 -0.7592
vn -0.4683 0.3985 -0.7886
vn -0.4561 0.2984 -0.8384
vn -0.4270 0.3788 -0.8211
vn -0.3790 0.6035 -0.7015
vn -0.3395 0.6700 -0.6602
vn -0.2570 0.8394 -0.4789
vn -0.2628 0.8339 -0.4854
vn -0.1592 0.9457 -0.2835
vn -0.2885 0.4038 -0.8681
vn -0.1171 0.9580 -0.2617
vn -0.1602 0.8922 -0.4222
vn -0.1772 0.8412 -0.5109
vn -0.2200 0.6834 -0.6961
vn -0.2290 0.6172 -0.7527
vn -0.2613 0.2006 -0.9442
vn -0.2577 0.3299 -0.9082
vn -0.2566 0.3982 -0.8807
vn -0.2564 0.0756 -0.9636
vn -0.2621 0.0954 -0.9603
vn -0.2621 0.0693 -0.9626
vn -0.2577 0.0471 -0.9651
vn -0.2642 0.0586 -0.9627
vn -0.2587 0.0216 -0.9657
vn -0.2606 0.0171 -0.9653
vn -0.2606 0.0001 -0.9654
vn -0.2591 -0.0104 -0.9658
vn -0.2616 -0.0188 -0.9650
vn -0.2592 -0.0386 -0.9651
vn -0.2595 -0.0375 -0.9650
vn -0.2609 -0.0597 -0.9635
vn -0.2575 -0.0689 -0.9638
vn -0.2616 -0.0860 -0.9613
vn -0.2562 -0.2351 -0.9376
vn -0.2576 -0.3856 -0.8860
vn -0.2398 -0.5451 -0.8034
vn -0.1281 -0.9422 -0.3097
vn -0.1556 -0.8998 -0.4076
vn -0.1920 -0.7955 -0.5747
vn -0.1917 -0.7963 -0.5737
vn -0.2276 -0.6438 -0.7306
vn -0.0966 -0.9805 -0.1710
vn -0.0967 -0.9805 -0.1712
vn -0.0971 -0.9806 -0.1703
vn -0.4904 -0.0842 -0.8674
vn -0.4967 -0.0786 -0.8644
vn -0.4892 -0.0375 -0.8714
vn -0.4989 -0.0448 -0.8655
vn -0.5369 -0.0293 -0.8432
vn -0.5049 -0.0343 -0.8625
vn -0.4000 -0.0162 -0.9164
vn -0.3157 -0.0161 -0.9487
vn -0.2986 -0.0753 -0.9514
vn -0.3582 -0.0611 -0.9316
vn -0.3279 -0.0392 -0.9439
vn -0.3780 -0.0474 -0.9246
vn -0.3492 -0.0096 -0.9370
vn -0.4458 0.0116 -0.8950
vn -0.4359 0.0420 -0.8990
vn -0.4917 0.0478 -0.8694
vn -0.4926 0.0147 -0.8701
vn -0.4329 0.0349 -0.9008
vn -0.4021 0.0181 -0.9154
vn -0.3038 0.0811 -0.9493
vn -0.4728 0.0583 -0.8792
vn -0.4312 0.0897 -0.8978
vn -0.4691 0.0799 -0.8795
vn -0.2834 0.0115 -0.9589
vn -0.3508 0.0376 -0.9357
vn -0.4992 0.0837 -0.8624
vn -0.5011 0.0827 -0.8615
vn -0.5052 0.0482 -0.8617
vn -0.4997 0.0442 -0.8651
vn -0.6583 0.4130 0.6294
vn -0.5811 0.5511 0.5989
vn 0.7524 0.1741 0.6353
vn 0.8270 0.0567 0.5593
vn 0.4017 0.7265 0.5575
vn 0.7700 0.3280 0.5473
vn 0.8023 0.2094 0.5589
vn 0.8096 0.0629 0.5836
vn 0.7039 0.4692 0.5333
vn 0.7400 0.3276 0.5874
vn 0.6927 0.4520 0.5621
vn 0.6402 0.5796 0.5042
vn 0.6012 0.5676 0.5625
vn 0.5225 0.6716 0.5253
vn 0.5195 0.6548 0.5490
vn 0.2756 0.7881 0.5504
vn 0.4230 0.7442 0.5169
vn 0.2738 0.8041 0.5277
vn 0.1413 0.8216 0.5523
vn 0.1484 0.8331 0.5329
vn 0.0015 0.8269 0.5623
vn 0.0193 0.8662 0.4993
vn -0.1332 0.8033 0.5804
vn -0.1196 0.8587 0.4984
vn -0.2650 0.7684 0.5825
vn -0.2563 0.8406 0.4771
vn -0.3823 0.7091 0.5924
vn -0.3900 0.7951 0.4644
vn -0.4868 0.6201 0.6152
vn -0.5111 0.7162 0.4752
vn -0.5820 0.5529 0.5963
vn -0.6632 0.4146 0.6231
vn 0.6047 0.7938 0.0650
vn 0.7290 0.6817 0.0621
vn 0.7279 0.6826 0.0656
vn 0.8326 0.5502 0.0641
vn 0.8311 0.5517 0.0693
vn 0.9130 0.4027 0.0657
vn 0.9132 0.4024 0.0645
vn 0.9693 0.2379 0.0615
vn 0.9678 0.2416 0.0704
vn 0.9948 0.0662 0.0771
vn 0.9908 0.0797 0.1098
vn 0.4677 0.8823 0.0527
vn 0.4734 0.8782 0.0682
vn 0.6050 0.7937 0.0643
vn 0.3170 0.9463 0.0643
vn 0.3180 0.9461 0.0618
vn 0.1615 0.9849 0.0631
vn 0.1613 0.9849 0.0634
vn -0.0008 0.9978 0.0658
vn 0.0001 0.9980 0.0637
vn -0.1594 0.9851 0.0650
vn -0.1585 0.9854 0.0628
vn -0.3128 0.9480 0.0592
vn -0.3118 0.9481 0.0615
vn -0.4670 0.8820 0.0628
vn -0.4684 0.8810 0.0665
vn -0.6033 0.7948 0.0651
vn -0.6036 0.7945 0.0661
vn -0.7308 0.6803 0.0554
vn -0.8257 0.5615 0.0547
vn -0.8226 0.5648 0.0653
vn -0.7195 0.6889 0.0885
vn -0.8970 0.4386 0.0556
vn -0.8978 0.4363 0.0598
vn -0.9456 0.3204 0.0566
vn -0.9428 0.3261 0.0688
vn -0.9792 0.1932 0.0628
vn -0.9895 0.1382 -0.0424
vn -0.9931 0.0590 0.1015
vn -0.8401 0.3256 0.4338
vn -0.8358 0.0378 0.5477
vn -0.8069 0.1597 0.5687
vn -0.8022 0.1562 0.5763
vn -0.8108 0.2684 0.5202
vn -0.6470 0.3003 0.7008
vn -0.8371 0.0373 0.5457
vn -0.7866 -0.3611 0.5010
vn -0.8026 -0.3802 0.4597
vn -0.8453 -0.1096 0.5229
vn -0.9007 -0.1453 0.4093
vn -0.7690 -0.2356 0.5943
vn -0.9756 -0.1607 0.1494
vn -0.9909 -0.1272 0.0431
vn -0.8938 -0.4306 0.1251
vn -0.8870 -0.4365 0.1506
vn -0.9514 -0.3072 -0.0211
vn -0.3675 -0.1535 0.9173
vn 0.0717 -0.6264 -0.7762
vn -0.7587 -0.6514 -0.0102
vn -0.2537 -0.1466 0.9561
vn -0.2868 0.1812 0.9407
vn -0.9438 0.3269 0.0484
vn -0.2474 0.1068 0.9630
vn -0.0003 -0.0330 0.9995
vn 0.0334 -0.0126 0.9994
vn 0.0301 -0.0141 0.9994
vn -0.0024 -0.0383 0.9993
vn 0.0032 -0.0314 0.9995
vn 0.0025 -0.0327 0.9995
vn -0.0004 -0.0301 0.9995
vn 0.0004 -0.0348 0.9994
vn 0.0005 -0.0357 0.9994
vn 0.0017 -0.0359 0.9994
vn 0.0003 -0.0451 0.9990
vn 0.0007 -0.0397 0.9992
vn -0.0020 -0.0291 0.9996
vn -0.0039 -0.0263 0.9996
vn 0.0049 -0.0360 0.9993
vn -0.0040 -0.0157 0.9999
vn -0.0063 -0.0124 0.9999
vn -0.0017 -0.0171 0.9999
vn 0.0013 -0.0040 1.0000
vn 0.0016 -0.0220 0.9998
vn 0.0008 -0.0399 0.9992
vn 0.0017 -0.0615 0.9981
vn 0.0019 -0.0607 0.9982
vn 0.0012 -0.0898 0.9960
vn 0.0017 -0.0884 0.9961
vn 0.0006 -0.1231 0.9924
vn 0.0027 -0.1323 0.9912
vn -0.0884 -0.9716 0.2193
vn -0.0970 -0.9952 0.0094
vn -0.0948 -0.9908 -0.0968
vn -0.0646 -0.8017 0.5942
vn -0.0868 -0.9501 0.2998
vn -0.0789 -0.8760 0.4758
vn -0.0443 -0.5913 0.8052
vn -0.0409 -0.5409 0.8401
vn -0.0211 -0.3671 0.9299
vn -0.0124 -0.2494 0.9683
vn -0.8980 -0.3037 0.3184
vn -0.9282 -0.0387 -0.3702
vn -0.0795 -0.0388 -0.9961
vn -0.9823 0.1695 -0.0799
vn -0.2473 0.0462 -0.9678
vn -0.6330 0.0552 0.7722
vn -0.6603 0.0598 0.7486
vn -0.7026 -0.0587 0.7092
vn -0.7930 0.5992 -0.1100
vn -0.8283 0.4586 0.3218
vn -0.7754 0.6308 -0.0289
vn -0.7573 0.5579 0.3394
vn -0.9342 0.3309 -0.1330
vn -0.8477 0.3060 -0.4333
vn -0.8333 0.1669 -0.5271
vn -0.6511 0.5498 0.5233
vn -0.8408 0.0526 0.5388
vn -0.7280 0.2097 0.6527
vn -0.8370 -0.0989 0.5383
vn -0.8383 -0.0929 0.5372
vn -0.6765 -0.4973 0.5431
vn -0.2112 -0.9168 0.3389
vn -0.1906 -0.9229 0.3344
vn -0.1806 0.0022 0.9836
vn -0.1810 0.0021 0.9835
vn -0.1770 0.0058 0.9842
vn -0.1878 0.0083 0.9822
vn -0.1792 0.0119 0.9837
vn -0.1717 -0.0014 0.9851
vn -0.1866 -0.0058 0.9824
vn -0.1853 -0.0057 0.9827
vn -0.1884 -0.0108 0.9820
vn -0.1907 -0.0110 0.9816
vn -0.2074 -0.4390 0.8742
vn -0.2272 -0.4855 0.8442
vn -0.2247 -0.7379 0.6364
vn -0.1750 -0.8533 0.4912
vn -0.5814 -0.2338 0.7793
vn -0.8648 0.0092 0.5021
vn -0.8676 0.0304 0.4964
vn -0.8660 0.0363 0.4987
vn -0.8665 0.0679 0.4946
vn -0.8613 0.0815 0.5016
vn -0.8641 0.1159 0.4897
vn -0.8941 0.1172 0.4323
vn -0.8585 0.1279 0.4966
vn -0.7219 0.0795 0.6874
vn -0.9953 0.0874 0.0427
vn -0.3490 0.0051 0.9371
vn -0.3833 -0.0028 0.9236
vn -0.7104 -0.0192 0.7035
vn -0.3702 -0.0121 0.9289
vn -0.6961 -0.0730 0.7143
vn -0.8572 -0.1242 0.4997
vn -0.8583 -0.1238 0.4980
vn -0.8010 -0.2255 0.5546
vn -0.8650 -0.1032 0.4910
vn -0.8612 -0.0815 0.5016
vn -0.8669 -0.0591 0.4949
vn -0.8632 -0.0329 0.5038
vn -0.8688 -0.0139 0.4949
vn -0.9656 -0.0045 -0.2600
vn -0.9261 -0.1054 0.3621
vn -0.7442 0.0248 -0.6674
vn -0.9406 -0.0073 -0.3395
vn -0.9899 -0.0567 0.1300
vn -0.9110 -0.0048 -0.4125
vn -0.9813 -0.0401 -0.1881
vn -0.9698 -0.0353 -0.2413
vn -0.9475 0.0024 -0.3197
vn -0.8728 0.0015 -0.4880
vn -0.8419 -0.0088 -0.5396
vn -0.9877 0.0472 -0.1492
vn -0.9965 0.0687 0.0484
vn -0.8288 -0.0061 -0.5596
vn -0.9954 0.0219 -0.0928
vn -0.8693 0.0034 -0.4943
vn -0.9021 0.0038 -0.4316
vn -0.3619 -0.2978 -0.8834
vn -0.8223 -0.5690 -0.0083
vn -0.6936 -0.5190 -0.4996
vn -0.6772 -0.5742 -0.4601
vn -0.8152 -0.3757 0.4409
vn -0.8270 -0.5476 0.1270
vn -0.7399 -0.6678 0.0808
vn -0.2305 -0.9380 -0.2587
vn -0.3207 -0.8517 -0.4144
vn -0.2077 -0.9758 0.0680
vn -0.3121 -0.9365 -0.1599
vn -0.2007 -0.9513 0.2340
vn -0.2278 -0.9536 0.1967
vn -0.2274 -0.7769 -0.5871
vn -0.3324 -0.5849 -0.7399
vn -0.2287 -0.2899 -0.9293
vn -0.2442 -0.2652 -0.9328
vn -0.9888 -0.0346 -0.1449
vn -0.4971 -0.5840 -0.6418
vn 0.6247 -0.5142 -0.5877
vn -0.2094 0.7655 0.6084
vn -0.2244 0.7147 0.6625
vn -0.2071 0.4650 0.8607
vn -0.2259 0.2583 0.9393
vn -0.2256 0.3732 0.8999
vn -0.2069 0.9158 0.3443
vn -0.2091 0.9146 0.3461
vn -0.9567 -0.0792 0.2801
vn -0.8709 0.4021 -0.2824
vn -0.2421 0.2544 -0.9363
vn -0.2237 0.2312 -0.9468
vn -0.2838 0.5533 -0.7832
vn -0.2443 0.7374 -0.6298
vn -0.3385 0.5658 -0.7519
vn -0.2777 0.8221 -0.4971
vn -0.2881 0.9392 -0.1867
vn -0.2217 0.9745 0.0341
vn -0.3046 0.9488 -0.0838
vn -0.2033 0.9604 0.1904
vn -0.2085 0.1004 -0.9729
vn -0.1749 0.1088 -0.9786
vn -0.2386 0.0655 -0.9689
vn -0.2004 0.0745 -0.9769
vn -0.2392 0.0405 -0.9701
vn -0.2224 0.0442 -0.9739
vn -0.2314 0.0120 -0.9728
vn -0.2279 0.0128 -0.9736
vn -0.1956 -0.1060 -0.9750
vn -0.2227 -0.1090 -0.9688
vn -0.2041 -0.0759 -0.9760
vn -0.2333 -0.0796 -0.9691
vn -0.2169 -0.0485 -0.9750
vn -0.2311 -0.0502 -0.9716
vn -0.1909 -0.0152 -0.9815
vn -0.2035 -0.0172 -0.9789
vn -0.8924 0.0015 -0.4512
vn -0.0919 -0.1216 -0.9883
vn -0.8819 -0.0036 -0.4713
vn -0.9923 -0.0864 0.0884
vn -0.8576 -0.1389 0.4953
vn -0.8658 -0.1380 0.4809
vn -0.8461 -0.1312 0.5167
vn -0.8606 -0.1453 0.4882
vn -0.8540 -0.1503 0.4982
vn -0.8565 -0.1508 0.4936
vn -0.8578 -0.1415 0.4942
vn -0.8534 -0.1441 0.5009
vn -0.8538 -0.1433 0.5004
vn -0.8650 -0.1327 0.4840
vn -0.8561 -0.1584 0.4919
vn -0.8649 -0.1459 0.4802
vn -0.8581 -0.1393 0.4943
vn -0.8588 -0.1412 0.4925
vn -0.8593 -0.1685 0.4829
vn -0.8542 -0.1499 0.4979
vn -0.8577 -0.1238 0.4990
vn -0.8569 -0.1233 0.5005
vn -0.8693 -0.1026 0.4835
vn -0.8459 -0.0796 0.5274
vn -0.8741 -0.0872 0.4779
vn -0.8615 -0.0533 0.5049
vn -0.8716 -0.0474 0.4879
vn -0.8701 -0.0151 0.4927
vn -0.8696 -0.0148 0.4935
vn -0.8683 -0.1232 0.4804
vn -0.8567 -0.1121 0.5034
vn -0.8729 -0.1045 0.4766
vn -0.8749 -0.0776 0.4781
vn -0.8636 -0.0673 0.4997
vn -0.8798 -0.0129 0.4751
vn -0.8533 -0.0286 0.5207
vn -0.8764 -0.0452 0.4795
vn -0.8759 -0.0594 0.4787
vn -0.8727 0.0084 0.4882
vn -0.8395 0.0332 0.5424
vn -0.8586 0.1444 0.4920
vn -0.8613 0.1407 0.4883
vn -0.8568 0.1403 0.4962
vn -0.8576 0.1394 0.4951
vn -0.8567 0.1460 0.4947
vn -0.8541 0.1457 0.4993
vn -0.8561 0.1438 0.4964
vn -0.8584 0.1455 0.4918
vn -0.8557 0.1361 0.4992
vn -0.8560 0.1459 0.4960
vn -0.8601 0.1676 0.4818
vn -0.8603 0.1481 0.4878
vn -0.8579 0.1391 0.4946
vn -0.8882 0.0141 0.4593
vn -0.8591 0.0599 0.5083
vn -0.8756 0.0529 0.4801
vn -0.8553 0.0944 0.5095
vn -0.8674 0.0884 0.4897
vn -0.8629 0.1212 0.4906
vn -0.8595 0.1234 0.4961
vn -0.8640 0.1415 0.4833
vn -0.8583 0.1492 0.4909
vn -0.8641 0.1202 0.4887
vn -0.8599 0.1209 0.4960
vn -0.8873 0.0949 0.4514
vn -0.8523 0.0690 0.5184
vn -0.8816 0.0564 0.4687
vn -0.8903 0.0313 0.4544
vn -0.8628 0.0186 0.5053
vn -0.8801 0.0003 0.4748
vn 0.0012 0.0133 0.9999
vn 0.0010 0.0236 0.9997
vn 0.0008 0.0254 0.9997
vn 0.0005 0.0278 0.9996
vn -0.0436 0.0634 0.9970
vn -0.0418 0.0227 0.9989
vn -0.0002 0.0299 0.9996
vn -0.0023 0.0365 0.9993
vn -0.0004 0.0322 0.9995
vn -0.0021 0.0352 0.9994
vn 0.0037 0.0267 0.9996
vn 0.0141 0.0144 0.9998
vn 0.0080 -0.0162 0.9998
vn -0.0116 -0.0230 0.9997
vn 0.0079 -0.0162 0.9998
vn -0.0029 -0.0229 0.9997
vn 0.0154 -0.0092 0.9998
vn 0.0026 -0.0202 0.9998
vn 0.0160 -0.0058 0.9999
vn 0.0058 -0.0148 0.9999
vn -0.0082 -0.0289 0.9995
vn -0.0031 -0.0231 0.9997
vn -0.0002 -0.0189 0.9998
vn -0.0056 -0.0278 0.9996
vn -0.0022 -0.0184 0.9998
vn -0.0001 -0.0093 1.0000
vn 0.0016 0.0106 0.9999
vn 0.0005 0.0068 1.0000
vn 0.0011 0.0117 0.9999
vn 0.0979 -0.1453 0.9845
vn 0.2197 -0.0679 0.9732
vn 0.3285 0.0216 0.9443
vn -0.8231 -0.5677 -0.0107
vn -0.7746 -0.6315 0.0344
vn -0.7189 -0.6950 -0.0054
vn -0.6115 -0.7911 0.0170
vn -0.6325 -0.7745 -0.0033
vn -0.4785 -0.8780 0.0071
vn -0.4855 -0.8742 0.0012
vn -0.3305 -0.9437 0.0121
vn -0.3528 -0.9357 -0.0062
vn -0.1835 -0.9826 0.0292
vn 0.4380 -0.8990 -0.0002
vn 0.2887 -0.9571 0.0239
vn 0.2757 -0.9612 0.0131
vn 0.1226 -0.9924 -0.0066
vn 0.1409 -0.9900 0.0060
vn -0.0169 -0.9998 0.0040
vn -0.0218 -0.9998 0.0014
vn -0.1629 -0.9866 0.0131
vn 0.5706 -0.8212 -0.0043
vn 0.5659 -0.8245 -0.0002
vn 0.4405 -0.8977 0.0013
vn 0.9928 0.1197 0.0027
vn 0.9988 -0.0494 0.0002
vn 0.9990 -0.0445 0.0030
vn 0.9856 -0.1687 0.0119
vn 0.9804 -0.1969 -0.0035
vn 0.9406 -0.3390 0.0180
vn 0.9289 -0.3704 0.0007
vn 0.8636 -0.5033 0.0315
vn 0.8424 -0.5388 -0.0010
vn 0.7254 -0.6881 0.0183
vn 0.7063 -0.7078 -0.0051
vn 0.9914 0.1310 -0.0052
vn 0.9541 0.2992 0.0163
vn 0.9562 0.2926 0.0121
vn 0.9050 0.4253 -0.0000
vn 0.9000 0.4359 0.0065
vn 0.7007 0.7134 -0.0060
vn 0.8142 0.5805 0.0034
vn 0.8223 0.5688 0.0158
vn -0.0183 0.9998 0.0063
vn -0.0110 0.9999 0.0005
vn 0.1683 0.9857 0.0087
vn 0.1796 0.9837 -0.0000
vn 0.3538 0.9353 0.0071
vn 0.3747 0.9271 -0.0099
vn 0.5259 0.8504 0.0183
vn 0.5506 0.8348 -0.0014
vn 0.6874 0.7262 0.0075
vn -0.2071 0.9783 0.0028
vn -0.2138 0.9768 0.0084
vn -0.6997 0.7144 -0.0009
vn -0.5583 0.8295 0.0175
vn -0.5382 0.8428 0.0003
vn -0.3941 0.9190 0.0130
vn -0.3886 0.9214 0.0087
vn -0.8321 0.5546 0.0094
vn -0.8380 0.5457 0.0006
vn -0.7051 0.7091 0.0052
vn -0.9269 0.3753 0.0073
vn -0.9282 0.3719 0.0104
vn -0.9824 0.1864 0.0115
vn -0.9859 0.1649 0.0270
vn -0.9998 -0.0192 0.0009
vn -0.9995 -0.0295 0.0092
vn -0.9729 -0.2313 0.0080
vn -0.9750 -0.2220 0.0004
vn -0.9110 -0.4125 0.0013
vn -0.9043 -0.4267 0.0133
vn -0.0026 0.0228 0.9997
vn -0.0642 -0.0065 0.9979
vn 0.8578 0.1443 -0.4934
vn 0.8585 0.1422 -0.4928
vn 0.8607 0.1385 -0.4900
vn 0.8460 0.1629 -0.5077
vn 0.8554 0.1501 -0.4957
vn 0.8574 0.1444 -0.4941
vn 0.8576 0.1500 -0.4919
vn 0.8555 0.1508 -0.4953
vn 0.8583 0.1508 -0.4904
vn 0.8587 0.1506 -0.4899
vn 0.8676 0.1248 -0.4813
vn 0.8491 0.1340 -0.5110
vn 0.8723 0.0969 -0.4792
vn 0.8634 0.1015 -0.4942
vn 0.8688 0.0677 -0.4905
vn 0.8644 0.0718 -0.4976
vn 0.8694 0.0434 -0.4923
vn 0.8591 0.0515 -0.5093
vn 0.8747 0.0145 -0.4844
vn 0.8599 0.0254 -0.5098
vn 0.8715 0.0081 -0.4903
vn 0.9247 0.3337 -0.1833
vn 0.7307 0.0753 -0.6786
vn 0.2012 0.0263 0.9792
vn 0.2769 0.0918 0.9565
vn 0.7527 -0.0619 -0.6554
vn 0.3352 -0.0836 0.9384
vn 0.2586 -0.0161 0.9658
vn 0.8576 -0.1440 -0.4937
vn 0.8578 -0.1480 -0.4922
vn 0.8559 -0.1489 -0.4953
vn 0.8540 -0.1505 -0.4980
vn 0.8566 -0.1491 -0.4939
vn 0.8556 -0.1501 -0.4955
vn 0.8586 -0.1451 -0.4916
vn 0.8527 -0.1577 -0.4981
vn 0.8604 -0.1455 -0.4885
vn 0.8589 -0.1406 -0.4924
vn 0.8621 -0.1343 -0.4885
vn 0.8585 -0.1223 -0.4981
vn 0.8640 -0.1136 -0.4906
vn 0.8609 -0.0928 -0.5002
vn 0.8713 -0.0806 -0.4840
vn 0.8640 -0.0655 -0.4992
vn 0.8696 -0.0506 -0.4912
vn 0.8652 -0.0396 -0.4998
vn 0.8699 -0.0305 -0.4923
vn 0.8662 -0.0110 -0.4996
vn 0.8703 -0.0051 -0.4926
vn 0.9302 -0.1500 -0.3351
vn 0.9229 -0.1378 -0.3595
vn 0.9834 -0.1411 -0.1144
vn 0.9776 -0.1498 -0.1476
vn 0.0419 -0.9737 -0.2241
vn 0.0548 -0.9747 -0.2167
vn 0.0243 -0.9748 -0.2217
vn 0.0205 -0.9782 -0.2068
vn 0.0408 -0.9751 -0.2180
vn 0.0211 -0.9746 -0.2230
vn -0.4782 -0.1916 -0.8571
vn -0.1722 -0.8386 -0.5167
vn -0.0248 -0.9594 -0.2809
vn -0.2952 -0.6699 -0.6812
vn -0.1518 -0.8748 -0.4600
vn -0.0430 -0.9529 -0.3004
vn -0.4853 -0.1740 -0.8569
vn -0.4176 -0.4163 -0.8077
vn -0.4205 -0.3923 -0.8181
vn -0.2841 -0.7057 -0.6490
vn -0.5034 -0.0750 -0.8608
vn -0.4997 -0.0728 -0.8631
vn -0.4995 -0.0505 -0.8648
vn -0.4979 -0.0514 -0.8657
vn -0.0874 -0.0749 -0.9933
vn -0.0908 -0.0546 -0.9944
vn -0.0476 -0.0501 -0.9976
vn -0.0719 -0.0705 -0.9949
vn 0.0393 -0.0230 -0.9990
vn -0.2740 -0.0476 -0.9605
vn -0.2561 -0.0839 -0.9630
vn -0.3953 -0.0757 -0.9154
vn -0.1375 -0.3347 -0.9322
vn -0.6519 -0.2586 -0.7128
vn -0.6519 -0.2585 -0.7129
vn -0.8351 -0.2678 -0.4806
vn -0.8389 -0.3100 -0.4473
vn -0.9459 -0.2352 -0.2234
vn -0.9370 -0.3255 -0.1267
vn -0.9740 -0.2249 -0.0275
vn -0.9275 -0.1970 0.3177
vn -0.9016 -0.2778 0.3316
vn -0.9829 -0.1441 0.1144
vn -0.9481 -0.2770 0.1562
vn -0.4072 -0.9116 0.0556
vn -0.1241 -0.5718 -0.8109
vn -0.4330 -0.8996 -0.0568
vn -0.3743 -0.9238 -0.0805
vn -0.4487 -0.8618 -0.2365
vn -0.2880 -0.9121 -0.2917
vn -0.1896 -0.9533 -0.2349
vn -0.1298 -0.9459 -0.2974
vn -0.6836 -0.7199 0.1206
vn -0.5553 -0.1203 -0.8229
vn -0.2337 -0.7470 -0.6224
vn -0.3213 -0.6305 -0.7066
vn -0.5208 -0.5488 -0.6539
vn -0.8211 -0.4973 0.2801
vn -0.0271 -0.1684 -0.9853
vn -0.0035 -0.5737 -0.8191
vn 0.7565 -0.4585 -0.4664
vn 0.0723 -0.7853 -0.6149
vn 0.0294 -0.6052 -0.7955
vn 0.0047 -0.9646 -0.2638
vn 0.2444 -0.9231 -0.2971
vn 0.2062 -0.9524 -0.2246
vn 0.5651 -0.5594 -0.6064
vn 0.5660 -0.5166 -0.6425
vn 0.2172 -0.7453 -0.6304
vn 0.3532 -0.5185 -0.7787
vn 0.3419 -0.2857 -0.8952
vn 0.1330 -0.1923 -0.9723
vn 0.1390 -0.9881 -0.0662
vn 0.3225 -0.9328 -0.1609
vn 0.2885 -0.9463 -0.1461
vn 0.7186 -0.6026 -0.3472
vn 0.7250 -0.5926 -0.3511
vn 0.2944 -0.8940 0.3378
vn 0.9020 -0.0143 -0.4314
vn 0.8940 -0.0036 -0.4480
vn 0.9022 -0.0242 -0.4306
vn 0.8987 0.0161 -0.4383
vn 0.9015 0.0120 -0.4327
vn -0.6203 0.0092 -0.7843
vn -0.1227 0.0589 -0.9907
vn 0.0036 0.0382 -0.9993
vn 0.0938 0.0259 -0.9953
vn -0.0589 0.0672 -0.9960
vn -0.2000 0.0830 -0.9763
vn -0.3219 0.0488 -0.9455
vn -0.1040 0.0543 -0.9931
vn -0.4978 0.0514 -0.8658
vn -0.5006 0.0738 -0.8625
vn -0.4981 0.0723 -0.8641
vn -0.9988 -0.0167 0.0463
vn -0.9773 -0.0148 0.2114
vn -0.9821 -0.1398 0.1263
vn -0.9403 -0.1608 0.3001
vn -0.8736 -0.4865 -0.0041
vn -0.2496 -0.6689 -0.7002
vn -0.7536 -0.6349 0.1703
vn -0.5718 -0.6746 0.4669
vn -0.4932 -0.8555 0.1578
vn -0.1276 -0.7407 0.6596
vn -0.8595 -0.2214 0.4608
vn -0.5915 -0.3068 0.7457
vn -0.8658 -0.0534 0.4975
vn -0.5080 -0.8447 0.1689
vn -0.5927 -0.7787 0.2057
vn -0.5710 0.8018 0.1763
vn -0.9100 0.1570 0.3837
vn -0.5807 0.6732 0.4578
vn -0.0962 0.7746 0.6251
vn -0.9022 0.0353 0.4299
vn -0.8895 0.0472 0.4544
vn -0.6100 0.7887 0.0761
vn -0.7209 0.6774 0.1465
vn -0.9428 0.2626 0.2056
vn 0.2439 0.6068 -0.7565
vn -0.9825 0.1765 0.0590
vn -0.9998 0.0179 0.0133
vn -0.9880 0.0433 -0.1485
vn -0.2809 0.7038 -0.6525
vn -0.1120 0.9013 -0.4185
vn -0.1564 0.8734 -0.4613
vn -0.0610 0.9411 -0.3325
vn -0.4791 0.1758 -0.8600
vn -0.4783 0.1995 -0.8553
vn -0.4180 0.4098 -0.8108
vn -0.4188 0.4031 -0.8137
vn -0.2771 0.7147 -0.6422
vn -0.0828 0.9312 -0.3549
vn -0.0961 0.8758 -0.4730
vn -0.0518 0.8547 -0.5165
vn -0.2140 0.7099 -0.6710
vn -0.1763 0.6367 -0.7507
vn -0.3126 0.4377 -0.8430
vn -0.2078 0.2185 -0.9535
vn -0.1463 0.3091 -0.9397
vn -0.1548 0.1466 -0.9770
vn -0.0649 0.8494 -0.5238
vn -0.0440 0.8547 -0.5172
vn 0.0648 0.6698 -0.7397
vn -0.0295 0.6139 -0.7888
vn 0.0036 0.3967 -0.9179
vn 0.0399 0.9749 -0.2191
vn 0.0353 0.9748 -0.2202
vn 0.0275 0.9747 -0.2217
vn 0.0272 0.9749 -0.2209
vn 0.0332 0.9738 -0.2249
vn 0.0270 0.9751 -0.2201
vn 0.0323 0.8499 -0.5259
vn 0.0281 0.9207 -0.3894
vn 0.0160 0.3919 -0.9198
vn 0.0067 0.3630 -0.9318
vn 0.0258 0.6681 -0.7436
vn 0.0157 0.6418 -0.7667
vn 0.0329 0.8512 -0.5238
vn 0.9780 0.1866 -0.0932
vn 0.9239 0.1507 -0.3517
vn 0.9256 0.1531 -0.3463
vn 0.9827 0.1461 -0.1137
vn 0.9807 0.1368 -0.1400
vn 0.9898 0.1423 -0.0023
vn 0.9904 0.1382 -0.0042
vn 0.9891 0.1467 0.0081
vn 0.9903 0.1387 0.0014
vn 0.9908 0.1354 -0.0025
vn 0.9912 0.1324 -0.0037
vn 0.9923 0.1236 -0.0090
vn 0.9937 0.1125 0.0023
vn 0.9947 0.1025 -0.0094
vn 0.9971 0.0756 0.0011
vn 0.9968 0.0792 -0.0054
vn 0.9987 0.0499 -0.0067
vn 0.9998 0.0195 -0.0045
vn 0.9998 0.0113 0.0154
vn 0.9989 0.0448 -0.0169
vn -0.2649 0.0326 -0.9637
vn 0.8216 0.0199 0.5697
vn -0.2309 -0.0195 -0.9728
vn 0.9983 -0.0578 -0.0084
vn 0.9989 -0.0467 0.0029
vn 0.9997 -0.0171 -0.0149
vn 0.9992 -0.0296 0.0254
vn 0.9999 -0.0118 -0.0036
vn 0.9968 -0.0797 0.0040
vn 0.9972 -0.0750 -0.0072
vn 0.9935 -0.1128 -0.0138
vn 0.9934 -0.1146 -0.0078
vn 0.9925 -0.1224 -0.0042
vn 0.9908 -0.1350 -0.0007
vn 0.9911 -0.1330 -0.0030
vn 0.9899 -0.1420 -0.0049
vn 0.9903 -0.1390 -0.0005
vn 0.9898 -0.1424 0.0047
vn 0.6176 -0.7000 -0.3587
vn 0.9757 -0.1878 -0.1126
vn 0.9127 -0.2473 -0.3252
vn 0.0196 -0.9323 -0.3611
vn 0.0235 -0.7918 -0.6104
vn 0.0303 -0.6667 -0.7447
vn 0.0018 -0.5189 -0.8548
vn 0.0144 -0.4143 -0.9100
vn 0.0050 -0.2173 -0.9761
vn 0.0363 -0.9506 -0.3083
vn 0.0137 -0.8186 -0.5742
vn -0.0035 -0.2000 -0.9798
vn 0.0019 -0.1877 -0.9822
vn 0.0089 -0.0748 -0.9972
vn -0.0212 -0.0807 -0.9965
vn 0.1138 -0.0477 -0.9924
vn -0.0209 -0.0651 -0.9977
vn 0.0043 -0.0074 -1.0000
vn 0.0037 -0.0066 -1.0000
vn 0.0026 -0.0258 -0.9997
vn 0.0087 -0.0310 -0.9995
vn -0.0027 -0.0533 -0.9986
vn 0.0047 0.0087 -1.0000
vn 0.0024 0.0119 -0.9999
vn 0.0045 0.0203 -0.9998
vn -0.0031 0.0376 -0.9993
vn 0.0007 0.1680 -0.9858
vn 0.0105 0.0878 -0.9961
vn -0.0078 0.0691 -0.9976
vn 0.0104 0.0590 -0.9982
vn 0.0019 0.0334 -0.9994
vn 0.0450 -0.5135 -0.8569
vn -0.3485 -0.1907 -0.9177
vn -0.2614 -0.3605 -0.8954
vn -0.1741 -0.6183 -0.7664
vn -0.3054 -0.4130 -0.8580
vn -0.0307 -0.8149 -0.5787
vn -0.1343 -0.6293 -0.7655
vn -0.1715 -0.3560 -0.9186
vn -0.3241 -0.7047 -0.6311
vn -0.0538 -0.8225 -0.5663
vn -0.2508 -0.9402 -0.2304
vn 0.0861 -0.8730 -0.4801
vn 0.5580 0.8066 0.1952
vn 0.5414 0.8130 0.2145
vn 0.5328 0.8430 0.0744
vn 0.5126 0.8485 0.1314
vn 0.5024 0.8629 -0.0543
vn 0.4735 0.8806 0.0172
vn 0.4580 0.8866 -0.0649
vn 0.4352 0.8983 -0.0600
vn 0.0993 0.6054 -0.7897
vn 0.2569 0.7584 -0.5991
vn 0.3203 0.8579 -0.4018
vn 0.4191 0.8765 -0.2369
vn -0.1142 0.2169 -0.9695
vn -0.1100 0.2905 -0.9505
vn 0.0809 0.5578 -0.8260
vn -0.1838 0.0078 -0.9829
vn -0.1810 0.0061 -0.9835
vn -0.1918 0.0334 -0.9809
vn -0.1880 0.0348 -0.9815
vn -0.1723 0.0574 -0.9834
vn -0.1907 0.0509 -0.9803
vn -0.1761 0.0760 -0.9814
vn -0.1747 0.0763 -0.9817
vn 0.2753 -0.0007 -0.9614
vn 0.4565 0.0236 -0.8894
vn -0.1742 -0.0752 -0.9818
vn -0.1703 -0.0728 -0.9827
vn -0.1848 -0.0514 -0.9814
vn -0.1939 -0.0558 -0.9794
vn -0.1810 -0.0266 -0.9831
vn -0.1868 -0.0298 -0.9819
vn -0.1823 -0.0087 -0.9832
vn -0.1816 -0.0083 -0.9833
vn -0.1087 -0.2822 -0.9532
vn 0.1020 -0.6006 -0.7930
vn 0.0991 -0.5924 -0.7995
vn -0.1117 -0.2191 -0.9693
vn 0.4142 -0.8808 -0.2293
vn 0.3199 -0.8566 -0.4050
vn 0.2821 -0.7836 -0.5535
vn 0.4601 0.0020 0.8878
vn 0.4603 0.0055 0.8877
vn 0.4693 0.0128 0.8829
vn 0.4860 0.0146 0.8739
vn 0.4657 0.0094 0.8849
vn 0.4693 -0.0165 0.8829
vn 0.4787 -0.0110 0.8779
vn 0.4738 -0.0096 0.8806
vn 0.4679 -0.0026 0.8838
vn 0.4688 -0.0021 0.8833
vn 0.4682 -0.0050 0.8836
vn 0.9997 0.0039 0.0249
vn 0.9405 0.0016 0.3398
vn 0.9992 -0.0054 -0.0396
vn 0.9712 -0.0024 0.2381
vn 0.9567 0.1468 -0.2515
vn 0.9248 0.2595 -0.2783
vn 0.4086 0.2974 -0.8629
vn 0.6454 0.1846 -0.7412
vn 0.4290 0.0463 -0.9021
vn 0.6615 0.0226 -0.7496
vn 0.6067 0.0094 -0.7949
vn 0.5785 -0.0349 -0.8149
vn 0.7915 -0.0044 -0.6112
vn 0.6446 -0.0139 -0.7644
vn 0.7999 -0.1081 -0.5903
vn 0.4558 -0.3005 -0.8378
vn 0.9329 0.0139 -0.3600
vn 0.9441 0.0061 -0.3296
vn 0.9423 0.0055 -0.3346
vn 0.9501 -0.0041 -0.3119
vn 0.9468 0.0023 -0.3220
vn 0.9482 0.0098 -0.3176
vn 0.9496 0.0133 -0.3131
vn 0.9490 0.0121 -0.3150
vn 0.9491 0.0123 -0.3146
vn 0.9484 0.0164 -0.3166
vn 0.9483 0.0098 -0.3172
vn 0.9485 -0.0011 -0.3167
vn 0.9464 0.0034 -0.3231
vn 0.9483 0.0177 -0.3170
vn 0.9487 0.0089 -0.3161
vn 0.9777 -0.0648 -0.1997
vn 0.9457 0.0201 -0.3246
vn 0.9525 0.0046 -0.3044
vn 0.9519 -0.0014 -0.3064
vn 0.9422 -0.0121 -0.3347
vn 0.9381 -0.0127 -0.3461
vn 0.9363 -0.0056 -0.3511
vn 0.9423 -0.0036 -0.3347
vn 0.9493 -0.0123 -0.3142
vn 0.9486 -0.0113 -0.3161
vn 0.9497 -0.0132 -0.3130
vn 0.9457 -0.0124 -0.3249
vn 0.9482 -0.0099 -0.3174
vn 0.9485 -0.0106 -0.3167
vn 0.9489 -0.0102 -0.3154
vn 0.9522 -0.0094 -0.3054
vn 0.9485 -0.0023 -0.3168
vn 0.9506 -0.0045 -0.3105
vn 0.9485 -0.0169 -0.3162
vn 0.9435 0.0012 -0.3314
vn 0.9423 0.0129 -0.3344
vn 0.9485 -0.0185 -0.3163
vn 0.9484 -0.0152 -0.3166
vn 0.9489 0.0003 -0.3156
vn -0.2830 0.1789 -0.9423
vn -0.2770 0.3495 -0.8950
vn -0.2296 0.5131 -0.8271
vn -0.2117 0.6390 -0.7395
vn -0.1623 0.7473 -0.6443
vn -0.1132 0.8620 -0.4940
vn -0.0767 0.9018 -0.4252
vn 0.0110 0.9878 -0.1554
vn -0.0163 0.9766 -0.2143
vn -0.3110 -0.0017 -0.9504
vn -0.3058 0.0001 -0.9521
vn -0.3103 0.0018 -0.9506
vn 0.9288 0.0004 -0.3705
vn 0.9334 0.0121 -0.3587
vn 0.9318 -0.0001 -0.3630
vn 0.9317 -0.0011 -0.3631
vn 0.9314 -0.0026 -0.3640
vn 0.9264 0.0080 -0.3766
vn 0.9353 -0.0144 -0.3536
vn 0.9599 -0.0579 -0.2742
vn 0.9361 0.0171 -0.3513
vn 0.9261 -0.0132 -0.3770
vn 0.9337 -0.0101 -0.3578
vn 0.9222 0.0235 -0.3861
vn 0.9226 0.0217 -0.3851
vn 0.9100 -0.0821 -0.4064
vn 0.9291 -0.0033 -0.3698
vn 0.9396 0.0243 -0.3413
vn 0.9369 0.0193 -0.3491
vn 0.9883 -0.0001 -0.1526
vn 0.9805 0.0001 -0.1963
vn 0.4195 -0.1337 0.8979
vn 0.4131 -0.1813 0.8925
vn 0.4022 -0.4341 0.8061
vn 0.3830 -0.4970 0.7786
vn 0.3440 -0.6728 0.6550
vn 0.2991 -0.7682 0.5660
vn 0.2707 -0.8486 0.4546
vn 0.1337 -0.9819 0.1339
vn 0.1769 -0.9455 0.2733
vn 0.0528 -0.9984 -0.0176
vn 0.0541 -0.9984 -0.0164
vn 0.9097 -0.2018 -0.3629
vn 0.0095 -0.9891 -0.1466
vn 0.0028 -0.9871 -0.1603
vn -0.1658 -0.7392 -0.6527
vn -0.1072 -0.8720 -0.4777
vn -0.0826 -0.8968 -0.4348
vn -0.2285 -0.5221 -0.8217
vn -0.2157 -0.6265 -0.7490
vn -0.2845 -0.1710 -0.9433
vn -0.2807 -0.3305 -0.9011
vn -0.9026 -0.3178 0.2903
vn 0.0528 0.9985 -0.0174
vn 0.0533 0.9984 -0.0169
vn 0.9031 0.2394 -0.3564
vn 0.4170 0.0003 0.9089
vn 0.4158 -0.0001 0.9094
vn -0.9418 0.0020 0.3362
vn -0.9547 -0.0018 0.2975
vn -0.9569 0.0011 0.2903
vn -0.9481 -0.0009 0.3180
vn -0.1335 0.9904 0.0356
vn -0.4036 0.9136 0.0492
vn -0.4206 0.9042 0.0743
vn -0.8596 0.4465 0.2485
vn -0.9108 0.3493 0.2199
vn -0.5501 0.7688 -0.3260
vn -0.8708 0.4393 0.2205
vn -0.3755 -0.0226 -0.9265
vn -0.2141 -0.0144 -0.9767
vn -0.1587 -0.0302 -0.9869
vn -0.3698 -0.0279 -0.9287
vn -0.3799 -0.0292 -0.9246
vn -0.1533 -0.0059 -0.9882
vn -0.0134 -0.0188 -0.9997
vn 0.0008 -0.0240 -0.9997
vn 0.0804 -0.0220 -0.9965
vn 0.2259 -0.0086 -0.9741
vn 0.5724 -0.0230 -0.8197
vn 0.4779 -0.0069 -0.8784
vn 0.6635 -0.0217 -0.7479
vn 0.8320 -0.0132 -0.5547
vn 0.8517 -0.0163 -0.5238
vn 0.8579 0.0172 -0.5136
vn 0.8346 0.0129 -0.5507
vn 0.6330 0.0198 -0.7739
vn 0.5663 0.0139 -0.8241
vn 0.4019 0.0212 -0.9154
vn 0.2236 0.0115 -0.9746
vn 0.1213 0.0191 -0.9924
vn 0.7435 0.4411 -0.5026
vn 0.0073 0.8913 -0.4534
vn 0.1265 0.4934 -0.8606
vn 0.0596 0.2628 -0.9630
vn 0.1081 0.9586 -0.2634
vn 0.1081 0.9576 -0.2670
vn 0.3259 0.5175 -0.7912
vn 0.3280 0.5251 -0.7853
vn 0.3241 0.8779 -0.3527
vn 0.5739 0.5379 -0.6175
vn 0.5695 0.5056 -0.6481
vn 0.8849 0.2023 -0.4195
vn 0.6888 0.6420 -0.3368
vn 0.5970 0.7496 -0.2858
vn 0.3274 0.9300 -0.1671
vn 0.1011 0.9937 -0.0490
vn -0.0209 0.2566 -0.9663
vn -0.0021 0.1628 -0.9867
vn -0.0348 0.7461 -0.6649
vn 0.0396 0.8830 -0.4677
vn -0.2215 0.9748 -0.0278
vn -0.5126 0.8551 0.0771
vn -0.8410 0.4659 0.2750
vn -0.9183 0.2347 0.3187
vn -0.9220 0.1941 0.3352
vn -0.9813 0.0851 0.1729
vn -0.9524 0.2863 0.1045
vn -0.8402 0.3046 -0.4487
vn -0.9650 0.2220 -0.1393
vn -0.8975 0.3886 -0.2087
vn -0.9711 0.2350 -0.0410
vn -0.6316 0.2793 -0.7233
vn -0.6616 0.2388 -0.7108
vn -0.8368 0.2621 -0.4807
vn -0.1307 0.2426 -0.9613
vn -0.1027 0.6567 -0.7471
vn -0.2392 0.9261 -0.2919
vn -0.2369 0.9331 -0.2704
vn -0.4406 0.8657 -0.2378
vn -0.3900 0.9189 -0.0590
vn -0.3793 0.9237 -0.0528
vn -0.3113 0.5533 -0.7727
vn -0.2324 0.7277 -0.6454
vn -0.1728 0.9243 -0.3403
vn -0.4899 0.2084 -0.8465
vn -0.7879 0.5993 0.1413
vn -0.7915 -0.4917 0.3628
vn -0.5787 -0.8112 0.0839
vn -0.3708 -0.9230 0.1031
vn -0.9365 0.0131 -0.3505
vn -0.1685 0.0289 -0.9853
vn -0.1801 0.0341 -0.9831
vn -0.3405 0.0435 -0.9392
vn -0.2634 0.0200 -0.9645
vn -0.4636 0.0838 -0.8820
vn -0.4683 0.0945 -0.8785
vn -0.4289 0.0445 -0.9022
vn -0.3669 0.0094 -0.9302
vn -0.3524 0.0068 -0.9358
vn -0.1950 0.0089 -0.9808
vn -0.0271 0.0139 -0.9995
vn -0.0001 0.0076 -1.0000
vn -0.0242 0.0188 -0.9995
vn 0.1358 0.9809 0.1393
vn 0.2985 0.7671 0.5678
vn 0.2675 0.8536 0.4469
vn 0.1773 0.9456 0.2729
vn 0.3912 0.4254 0.8161
vn 0.3489 0.6573 0.6680
vn 0.3946 0.5038 0.7684
vn 0.4140 0.1788 0.8925
vn 0.4191 0.1402 0.8970
vn 0.9358 -0.1938 -0.2945
vn 0.9010 -0.3432 -0.2652
vn 0.4315 -0.9004 -0.0552
vn 0.4405 -0.8955 -0.0639
vn 0.5101 -0.8589 -0.0449
vn 0.4798 -0.8772 0.0183
vn 0.5825 -0.8034 0.1238
vn 0.5281 -0.8422 0.1087
vn 0.5511 -0.8129 0.1882
vn 0.5281 -0.8210 0.2171
vn 0.5864 -0.7395 0.3305
vn 0.5849 -0.5163 0.6256
vn 0.6017 -0.5548 0.5746
vn 0.5570 -0.2665 0.7866
vn 0.5576 -0.3071 0.7712
vn 0.9579 -0.1546 -0.2421
vn 0.9582 -0.1352 -0.2521
vn 0.6087 0.5965 0.5231
vn 0.5933 0.5527 0.5852
vn 0.5601 0.2521 0.7891
vn 0.5594 0.3228 0.7635
vn 0.2283 0.9645 0.1325
vn 0.0693 0.9836 -0.1665
vn 0.1147 0.9860 -0.1208
vn 0.5071 0.2574 0.8225
vn 0.4994 0.4572 0.7359
vn 0.4129 0.6539 0.6340
vn 0.4706 0.5753 0.6689
vn 0.5021 0.2459 0.8291
vn 0.2219 0.9699 0.1003
vn 0.3442 0.8619 0.3725
vn 0.3722 0.8285 0.4184
vn 0.4477 0.6351 0.6294
vn 0.4890 0.1389 0.8611
vn 0.5026 0.1255 0.8553
vn 0.4955 0.0963 0.8633
vn 0.4984 0.0916 0.8621
vn 0.5009 0.0679 0.8628
vn 0.4990 0.0020 0.8666
vn 0.5016 0.0109 0.8650
vn 0.4971 0.0338 0.8671
vn 0.5024 0.0410 0.8637
vn 0.4982 0.0718 0.8641
vn 0.4886 -0.1386 0.8614
vn 0.4952 -0.1323 0.8587
vn 0.5031 -0.1037 0.8580
vn 0.4933 -0.0889 0.8653
vn 0.5023 -0.0707 0.8618
vn 0.5018 -0.0503 0.8635
vn 0.4945 -0.0365 0.8684
vn 0.5037 -0.0218 0.8636
vn 0.4994 -0.2234 0.8371
vn 0.5113 -0.2600 0.8192
vn 0.4854 -0.4231 0.7651
vn 0.4882 -0.4991 0.7159
vn 0.4100 -0.6886 0.5981
vn 0.0867 -0.9875 -0.1313
vn 0.4541 -0.6312 0.6288
vn 0.3359 -0.8737 0.3520
vn 0.3417 -0.8678 0.3606
vn 0.2219 -0.9692 0.1066
vn 0.7957 -0.6051 -0.0280
vn 0.1892 -0.9749 0.1175
vn 0.3479 -0.2648 0.8994
vn 0.4829 -0.5284 0.6983
vn 0.2496 -0.3458 0.9045
vn 0.4024 -0.6305 0.6638
vn 0.3175 -0.7941 0.5182
vn 0.3052 -0.8668 0.3943
vn 0.2061 -0.9478 0.2432
vn 0.4527 -0.5872 0.6710
vn 0.4831 -0.3736 0.7918
vn 0.0829 -0.9863 -0.1425
vn 0.1912 -0.9794 0.0648
vn 0.4039 -0.1367 0.9046
vn 0.4130 -0.1353 0.9006
vn 0.4064 -0.0186 0.9135
vn 0.4665 -0.0366 0.8838
vn 0.3950 -0.0573 0.9169
vn 0.4464 -0.0957 0.8897
vn 0.4019 -0.0890 0.9114
vn 0.4174 0.0193 0.9085
vn 0.4389 0.0036 0.8985
vn 0.4607 0.0339 0.8869
vn 0.3851 0.0670 0.9205
vn 0.4379 0.0575 0.8972
vn 0.4061 0.1002 0.9083
vn 0.4249 0.0959 0.9001
vn 0.4092 0.1361 0.9023
vn 0.4163 0.1349 0.8992
vn 0.3525 0.2707 0.8958
vn 0.4224 0.4007 0.8130
vn 0.3505 0.6276 0.6952
vn 0.4064 0.5712 0.7131
vn 0.2950 0.8026 0.5185
vn 0.3007 0.8763 0.3765
vn 0.1939 0.9622 0.1914
vn 0.1839 0.9798 0.0788
vn 0.0829 0.9930 -0.0838
vn 0.4770 0.3747 0.7950
vn -0.0288 -0.9995 -0.0162
vn -0.0317 0.9994 -0.0159
vn -0.1566 0.0354 -0.9870
vn -0.2591 -0.0240 -0.9656
vn -0.6861 -0.0126 -0.7274
vn -0.4767 0.0354 -0.8784
vn -0.5638 -0.0252 -0.8255
vn -0.8904 0.0026 -0.4552
vn -0.8539 0.0388 -0.5190
vn -0.9981 0.0182 -0.0594
vn -0.9895 -0.0189 -0.1434
vn -0.9653 -0.0003 0.2612
vn -0.9831 -0.0128 0.1826
vn -0.9091 -0.0164 0.4163
vn -0.8762 0.0030 0.4820
vn -0.7349 -0.0054 0.6781
vn -0.7039 -0.0248 0.7099
vn -0.4792 -0.0139 0.8776
vn -0.4230 0.0262 0.9057
vn -0.1248 -0.0068 0.9922
vn -0.0000 0.0349 0.9994
vn 0.1229 -0.0062 0.9924
vn 0.4066 0.0238 0.9133
vn 0.4728 -0.0179 0.8810
vn 0.6937 -0.0151 0.7201
vn 0.7429 0.0239 0.6689
vn 0.9061 -0.0068 0.4230
vn 0.9508 0.0246 0.3089
vn 0.9837 -0.0075 0.1795
vn 0.9943 0.0233 -0.1045
vn 0.9901 0.0045 -0.1406
vn 0.8771 0.0187 -0.4800
vn 0.8657 0.0278 -0.4998
vn 0.6271 -0.0076 -0.7789
vn 0.6908 0.0350 -0.7222
vn 0.4667 -0.0132 -0.8843
vn 0.3904 0.0060 -0.9206
vn 0.1634 -0.0060 -0.9865
vn 0.1002 0.0181 -0.9948
vn -0.5896 -0.0051 -0.8077
vn -0.9680 -0.0182 0.2501
vn -0.9747 -0.0299 0.2216
vn -0.9983 -0.0347 -0.0475
vn -0.9994 -0.0294 -0.0173
vn -0.9529 -0.0275 -0.3019
vn -0.7493 -0.0293 -0.6615
vn -0.9323 -0.0355 -0.3599
vn -0.6180 -0.0362 -0.7853
vn -0.5741 -0.0093 -0.8187
vn -0.5788 -0.0296 -0.8149
vn -0.8324 -0.0516 -0.5518
vn -0.7670 -0.0118 -0.6416
vn -0.9997 -0.0019 0.0249
vn -0.9707 -0.0043 0.2404
vn -0.9704 -0.0039 0.2416
vn -0.3917 -0.9095 0.1392
vn -0.4299 -0.8960 0.1114
vn -0.0566 0.9972 -0.0484
vn -0.0552 0.9964 -0.0643
vn -0.1576 0.9854 -0.0643
vn -0.0760 0.9960 -0.0472
vn -0.1107 0.9938 -0.0118
vn -0.0956 0.9953 -0.0155
vn -0.5635 0.8040 0.1898
vn -0.1850 0.9827 0.0001
vn -0.1028 0.9946 0.0167
vn -0.5589 0.7576 -0.3372
vn -0.5848 0.0244 -0.8108
vn -0.5561 0.0098 -0.8311
vn -0.6275 0.0041 -0.7786
vn -0.6180 0.0300 -0.7856
vn -0.7831 0.0317 -0.6211
vn -0.9750 0.0424 -0.2181
vn -0.9594 -0.2019 -0.1969
vn -0.9953 0.0347 0.0907
vn -0.9701 0.0161 0.2423
vn -0.9411 0.0296 0.3367
vn -0.9996 0.0242 0.0142
vn -0.8499 0.0178 -0.5266
vn -0.9476 0.0161 -0.3189
vn -0.9428 0.0148 -0.3329
vn -0.9999 0.0084 -0.0079
vn 0.4506 0.0277 -0.8923
vn -0.3129 -0.0411 -0.9489
vn 0.5345 -0.0167 -0.8450
vn -0.2999 -0.6304 -0.7160
vn 0.0900 -0.3948 -0.9143
vn 0.7421 -0.5173 -0.4261
vn 0.8504 -0.3720 -0.3720
vn 0.0651 -0.9819 -0.1778
vn 0.3429 -0.9285 -0.1429
vn -0.0767 -0.9947 -0.0691
vn -0.0758 -0.9949 -0.0671
vn -0.0833 -0.9965 0.0066
vn -0.1264 -0.9918 -0.0175
vn -0.1003 -0.9949 -0.0085
vn -0.1107 -0.9924 -0.0536
vn -0.0913 -0.9952 -0.0340
vn 0.9079 0.0051 -0.4192
vn 0.9354 -0.0037 -0.3535
vn 0.8758 -0.0043 -0.4826
vn 0.8925 -0.0015 -0.4510
vn 0.8898 0.0015 -0.4564
vn 0.2603 0.9331 -0.2480
vn 0.7418 0.6514 -0.1594
vn 0.8158 0.4383 -0.3773
vn 0.3299 0.3389 -0.8811
vn 0.2322 0.3423 -0.9104
vn 0.0243 0.8277 -0.5606
vn -0.5471 0.3494 -0.7607
vn 0.8824 -0.0733 0.4648
vn 0.7358 -0.0811 0.6723
vn 0.1561 -0.9819 0.1073
vn 0.4283 -0.9005 0.0751
vn 0.4245 -0.0739 0.9024
vn 0.1561 -0.1062 0.9820
vn -0.1561 -0.9820 0.1064
vn -0.1221 -0.9887 0.0865
vn 0.1208 -0.9889 0.0865
vn 0.1222 -0.0865 0.9887
vn -0.1223 -0.0865 0.9887
vn -0.1561 -0.1068 0.9820
vn -0.4285 -0.0757 0.9004
vn -0.4246 -0.9024 0.0741
vn -0.7328 -0.0782 0.6760
vn -0.8812 -0.0702 0.4676
vn 0.1682 0.9505 -0.2612
vn 0.1545 0.9466 -0.2829
vn 0.4638 0.8569 -0.2250
vn 0.4493 0.8586 -0.2470
vn 0.7301 0.6599 -0.1775
vn 0.9825 -0.1796 0.0501
vn 0.8929 -0.4343 0.1188
vn 0.8895 -0.4400 0.1236
vn 0.7249 -0.6662 0.1751
vn 0.7316 -0.6605 0.1689
vn 0.4691 -0.8563 0.2159
vn 0.4526 -0.8613 0.2308
vn 0.1559 -0.9541 0.2557
vn -0.1559 -0.9541 0.2557
vn -0.4677 -0.8538 0.2288
vn -0.4522 -0.8641 0.2210
vn -0.7143 -0.6783 0.1723
vn -0.7333 -0.6546 0.1837
vn -0.8922 -0.4333 0.1276
vn -0.8917 -0.4343 0.1274
vn -0.9870 -0.1542 0.0456
vn -0.9896 -0.1354 0.0478
vn -0.9801 0.1891 -0.0604
vn -0.9051 0.4070 -0.1229
vn 0.6726 0.6749 -0.3034
vn 0.8871 0.4188 -0.1942
vn 0.8754 0.4317 -0.2175
vn 0.9893 0.1309 -0.0648
vn 0.6782 -0.6660 0.3106
vn 0.4526 -0.8082 0.3769
vn 0.1559 -0.8952 0.4175
vn -0.1559 -0.8952 0.4175
vn -0.4526 -0.8082 0.3768
vn -0.4526 -0.8082 0.3769
vn -0.6782 -0.6660 0.3106
vn 0.1557 0.8255 -0.5426
vn 0.1379 0.8103 -0.5696
vn 0.4498 0.7307 -0.5136
vn 0.4484 0.7302 -0.5155
vn 0.7274 0.5606 -0.3957
vn 0.9778 0.1724 -0.1193
vn 0.9907 -0.1116 0.0779
vn 0.9912 -0.1093 0.0745
vn 0.8915 -0.3743 0.2553
vn 0.8887 -0.3773 0.2604
vn 0.7347 -0.5584 0.3854
vn 0.7290 -0.5607 0.3926
vn 0.4526 -0.7304 0.5115
vn 0.1559 -0.8091 0.5666
vn 0.1558 -0.8091 0.5666
vn -0.1558 -0.8091 0.5666
vn -0.1559 -0.8091 0.5666
vn -0.4526 -0.7304 0.5115
vn -0.7290 -0.5607 0.3926
vn -0.7048 -0.5918 0.3912
vn -0.8899 -0.3798 0.2527
vn -0.9836 -0.1499 0.1005
vn -0.9910 0.1134 -0.0712
vn -0.8726 0.4160 -0.2560
vn -0.8891 0.3767 -0.2600
vn 0.1777 0.6751 -0.7160
vn 0.6798 0.5151 -0.5221
vn 0.9036 0.3009 -0.3050
vn 0.6782 -0.5196 0.5196
vn 0.4526 -0.6305 0.6305
vn 0.1559 -0.6985 0.6985
vn 0.1558 -0.6985 0.6985
vn -0.1559 -0.6985 0.6985
vn -0.1558 -0.6985 0.6985
vn -0.4526 -0.6305 0.6305
vn -0.7058 -0.5010 0.5010
vn -0.7270 -0.4687 0.5017
vn -0.8897 -0.3125 0.3328
vn -0.8920 -0.3075 0.3314
vn -0.9870 -0.1100 0.1176
vn 0.1223 0.5678 -0.8140
vn 0.4498 0.5110 -0.7325
vn 0.4483 0.5099 -0.7342
vn 0.7274 0.3914 -0.5636
vn 0.8565 0.2825 -0.4319
vn 0.9915 0.0718 -0.1086
vn 0.9822 -0.1095 0.1524
vn 0.8915 -0.2645 0.3679
vn 0.8999 -0.2611 0.3494
vn 0.7270 -0.4127 0.5487
vn 0.7058 -0.4063 0.5803
vn 0.4526 -0.5115 0.7304
vn 0.1559 -0.5666 0.8091
vn -0.1559 -0.5666 0.8091
vn -0.4526 -0.5115 0.7304
vn -0.6782 -0.4215 0.6020
vn -0.9913 -0.0790 0.1051
vn -0.9839 0.1087 -0.1416
vn -0.9861 0.0971 -0.1351
vn -0.8875 0.2689 -0.3741
vn -0.8891 0.2651 -0.3731
vn 0.1972 0.3919 -0.8986
vn 0.6731 0.2946 -0.6784
vn 0.9025 0.1772 -0.3925
vn 0.8765 -0.1911 0.4418
vn 0.7049 -0.2838 0.6501
vn 0.7277 -0.2899 0.6217
vn 0.4526 -0.3768 0.8082
vn 0.4526 -0.3769 0.8082
vn 0.1559 -0.4175 0.8952
vn 0.1558 -0.4175 0.8952
vn -0.1558 -0.4175 0.8952
vn -0.1559 -0.4175 0.8952
vn -0.4526 -0.3769 0.8082
vn -0.4526 -0.3768 0.8082
vn -0.7290 -0.2893 0.6204
vn -0.7348 -0.2823 0.6167
vn -0.8887 -0.1907 0.4170
vn -0.9000 -0.1715 0.4008
vn -0.9847 -0.0693 0.1599
vn 0.1328 0.2835 -0.9497
vn 0.4496 0.2272 -0.8639
vn 0.4592 0.2388 -0.8556
vn 0.7222 0.1892 -0.6653
vn 0.9799 0.0602 -0.1902
vn 0.9897 -0.0476 0.1354
vn 0.9868 -0.0452 0.1558
vn 0.9071 -0.1161 0.4046
vn 0.6713 -0.1828 0.7183
vn 0.4522 -0.2210 0.8641
vn 0.4676 -0.2288 0.8538
vn 0.1559 -0.2557 0.9541
vn -0.1559 -0.2557 0.9541
vn -0.4526 -0.2308 0.8613
vn -0.4691 -0.2159 0.8563
vn -0.6719 -0.1827 0.7177
vn -0.9891 0.0414 -0.1414
vn -0.8877 0.1272 -0.4424
vn -0.8822 0.1388 -0.4499
vn -0.9885 -0.0438 0.1445
vn -0.9870 0.0345 -0.1567
vn -0.6985 0.6900 -0.1900
vn -0.7042 0.6822 -0.1969
vn -0.7013 0.5867 -0.4049
vn -0.7029 0.5842 -0.4057
vn -0.7014 0.4128 -0.5811
vn -0.7029 0.4102 -0.5810
vn -0.7016 0.1912 -0.6865
vn -0.7027 0.1893 -0.6859
vn -0.4571 0.8574 -0.2364
vn -0.4496 0.8638 -0.2272
vn -0.4483 0.7342 -0.5099
vn -0.4498 0.7325 -0.5110
vn -0.4483 0.5155 -0.7302
vn -0.4498 0.5136 -0.7307
vn -0.4491 0.2452 -0.8592
vn -0.4635 0.2237 -0.8574
vn -0.1597 0.9456 -0.2835
vn -0.1555 0.9481 -0.2773
vn -0.1537 0.8104 -0.5653
vn -0.1329 0.8282 -0.5444
vn -0.1775 0.6751 -0.7160
vn -0.1223 0.5707 -0.8120
vn -0.1955 0.3959 -0.8973
vn -0.1315 0.2877 -0.9487
vn -0.4996 0.0583 -0.8643
vn 0.9279 0.0454 -0.3702
vn 0.9438 -0.0299 -0.3292
vn 0.9323 0.0127 -0.3615
vn 0.9031 -0.0821 -0.4216
vn -0.4849 -0.0375 -0.8737
vn -0.4480 -0.0015 -0.8940
vn -0.4234 -0.0212 -0.9057
vn -0.4928 -0.0031 -0.8701
vn -0.3953 0.0884 -0.9143
vn -0.4370 -0.0024 -0.8994
vn -0.4875 -0.0000 -0.8731
vn -0.4875 0.0011 -0.8731
vn -0.3608 -0.1046 -0.9268
vn -0.4546 0.0005 -0.8907
vn -0.4906 0.0091 -0.8714
vn -0.4644 0.0183 -0.8855
vn -0.4622 0.0083 -0.8868
vn -0.4494 0.0072 -0.8933
vn -0.4927 0.0030 -0.8702
vn 0.5878 -0.8090 -0.0089
vn 0.8660 -0.5000 -0.0070
vn 0.6891 -0.7246 0.0012
vn 0.9945 -0.1045 -0.0060
vn 0.9884 -0.1520 -0.0016
vn 0.8694 -0.4940 -0.0062
vn 0.9510 0.3090 -0.0062
vn 0.9875 0.1575 0.0039
vn 0.7431 0.6691 -0.0030
vn 0.8982 0.4397 0.0040
vn 0.4067 0.9135 -0.0053
vn 0.4830 0.8756 0.0055
vn 0.6952 0.7188 0.0047
vn -0.0000 1.0000 -0.0078
vn 0.1232 0.9924 0.0014
vn -0.4067 0.9135 -0.0055
vn -0.1252 0.9921 0.0016
vn -0.7431 0.6691 -0.0032
vn -0.6980 0.7161 0.0043
vn -0.4856 0.8741 0.0056
vn -0.9510 0.3090 -0.0063
vn -0.9003 0.4352 0.0037
vn -0.9945 -0.1045 -0.0058
vn -0.9881 0.1538 0.0040
vn -0.8660 -0.5000 -0.0080
vn -0.8850 -0.4655 -0.0036
vn -0.9882 -0.1533 -0.0012
vn -0.5878 -0.8090 -0.0085
vn -0.6811 -0.7322 -0.0001
vn 0.4667 -0.8844 0.0008
vn 0.1999 -0.9798 -0.0076
vn 0.1563 -0.9877 -0.0020
vn -0.1714 -0.9852 0.0004
vn -0.2315 -0.9728 -0.0061
vn -0.4729 -0.8811 0.0016
vn -0.0162 0.9995 0.0278
vn 0.1612 0.9852 0.0575
vn 0.1249 0.6382 0.7597
vn 0.5700 0.0438 0.8205
vn 0.3947 0.0082 0.9188
vn 0.3947 -0.0099 0.9187
vn 0.5351 -0.0377 0.8439
vn 0.0832 -0.7442 0.6627
vn 0.1883 -0.9800 0.0648
vn -0.0194 -0.9996 0.0225
vn -0.6616 -0.0000 0.7499
vn -0.6540 -0.0007 0.7565
vn 0.9186 -0.0198 -0.3947
vn 0.9187 -0.0027 -0.3950
vn 0.9228 -0.0037 -0.3854
vn 0.9168 -0.0107 -0.3993
vn 0.9163 -0.0111 -0.4003
vn 0.9186 0.0197 -0.3947
vn 0.9164 0.0111 -0.4001
vn 0.9158 0.0117 -0.4014
vn 0.9078 0.0204 -0.4190
vn -0.0000 -1.0000 -0.0000
vn -0.0000 1.0000 -0.0000
vn -0.9188 0.0001 0.3948
vn -0.9188 -0.0001 0.3948
vn -0.9188 -0.0000 0.3948
vn -0.9187 -0.0000 0.3948
vn -0.9189 -0.0000 0.3944
vn -0.4971 -0.0000 -0.8677
vn -0.4965 -0.0000 -0.8680
vn 0.8364 -0.0025 -0.5482
vn 0.8971 -0.0000 -0.4418
vn 0.7413 0.0001 0.6712
vn 0.7583 -0.0000 0.6519
vn -0.9273 -0.0001 0.3743
vn -0.9264 0.0001 0.3766
vn -0.9266 0.0002 0.3760
vn -0.9279 0.0113 0.3727
vn -0.9264 0.0005 0.3766
vn -0.9263 -0.0002 0.3769
vn -0.9342 0.0197 0.3562
vn -0.8807 0.0935 0.4644
vn -0.3097 0.6886 0.6557
vn -0.3609 0.7284 0.5824
vn -0.5167 0.1082 0.8493
vn -0.6322 0.2597 0.7300
vn -0.5922 0.2947 0.7499
vn -0.5971 0.5958 0.5372
vn -0.6967 0.6296 0.3438
vn -0.8986 0.2571 0.3555
vn -0.7202 0.6081 0.3340
vn -0.4356 0.8881 0.1466
vn -0.6775 0.1187 -0.7258
vn -0.4721 0.8785 0.0734
vn -0.8263 0.5324 0.1838
vn -0.8808 0.4717 0.0416
vn -0.8843 0.4636 0.0547
vn -0.9041 0.4088 -0.1245
vn -0.7365 0.3481 -0.5800
vn -0.9673 0.2378 -0.0885
vn -0.9653 0.2383 -0.1069
vn -0.9907 -0.0002 -0.1358
vn -0.9909 -0.0002 -0.1345
vn -0.8257 0.0024 -0.5640
vn -0.9518 -0.0770 0.2968
vn -0.7772 -0.5930 0.2106
vn -0.6853 -0.6347 -0.3572
vn -0.6483 -0.7102 -0.2746
vn -0.8692 -0.4845 0.0991
vn -0.9660 -0.2390 -0.0982
vn -0.9558 -0.2393 -0.1706
vn -0.9669 -0.0869 -0.2399
vn -0.6988 -0.6510 0.2964
vn -0.8101 -0.4943 0.3154
vn -0.8991 -0.2261 0.3749
vn -0.8484 -0.2242 0.4796
vn -0.8866 -0.0977 0.4522
vn -0.1510 -0.0996 0.9835
vn -0.4033 -0.8504 0.3379
vn -0.3519 -0.7906 0.5011
vn -0.2529 -0.5741 0.7788
vn -0.2245 -0.4863 0.8444
vn -0.6118 -0.1489 0.7769
vn -0.6119 -0.2272 0.7576
vn -0.6707 -0.4705 0.5735
vn -0.1708 -0.0018 0.9853
vn -0.8325 -0.0007 0.5540
vn -0.6311 0.0022 0.7757
vn 0.2802 0.1813 0.9427
vn 0.2916 0.1364 0.9468
vn 0.2617 0.4290 0.8646
vn 0.2219 0.5226 0.8232
vn 0.1794 0.7200 0.6704
vn 0.1801 0.7128 0.6779
vn 0.0770 0.9041 0.4203
vn 0.0765 0.9067 0.4148
vn -0.0194 0.9892 0.1451
vn -0.0147 0.9880 0.1535
vn -0.0497 0.9982 0.0322
vn -0.0588 0.9980 0.0223
vn -0.1379 0.9762 -0.1673
vn -0.2699 0.8494 -0.4536
vn -0.2586 0.8610 -0.4380
vn -0.1316 0.9822 -0.1339
vn -0.4262 0.1357 -0.8944
vn -0.4004 0.3488 -0.8474
vn -0.4038 0.4556 -0.7933
vn -0.3485 0.6443 -0.6808
vn -0.3477 0.6505 -0.6753
vn -0.4195 -0.0008 -0.9078
vn -0.4187 -0.0011 -0.9081
vn -0.4117 0.0018 -0.9113
vn -0.1306 -0.9827 -0.1315
vn -0.1321 -0.9814 -0.1394
vn -0.2579 -0.8626 -0.4353
vn -0.2582 -0.8622 -0.4357
vn -0.3437 -0.6455 -0.6821
vn -0.3621 -0.6083 -0.7063
vn -0.4206 -0.3650 -0.8305
vn -0.3955 -0.4310 -0.8111
vn -0.4305 -0.1416 -0.8914
vn -0.4215 -0.0574 -0.9050
vn -0.0596 -0.9980 0.0209
vn -0.0626 -0.9979 0.0178
vn 0.2809 -0.1250 0.9516
vn 0.2915 -0.2043 0.9345
vn 0.2595 -0.4252 0.8671
vn 0.2283 -0.5003 0.8352
vn 0.1842 -0.7210 0.6681
vn 0.1436 -0.7836 0.6045
vn 0.0856 -0.8849 0.4579
vn 0.0812 -0.9068 0.4138
vn -0.0182 -0.9910 0.1325
vn -0.0155 -0.9886 0.1500
vn 0.3071 -0.0003 0.9517
vn 0.3031 0.0011 0.9530
vn 0.2987 -0.0002 0.9544
vn 0.3487 -0.0053 -0.9372
vn 0.8658 -0.0232 -0.4999
vn 0.8647 -0.0284 -0.5015
vn 0.8658 -0.0389 -0.4988
vn 0.8626 -0.0602 -0.5023
vn 0.8642 -0.0703 -0.4982
vn 0.8616 -0.0959 -0.4984
vn 0.8711 -0.1313 -0.4733
vn 0.8567 -0.1603 -0.4902
vn 0.8599 -0.1218 -0.4958
vn 0.8645 -0.1111 -0.4901
vn 0.7432 -0.0763 -0.6647
vn 0.8576 0.1466 -0.4929
vn 0.8604 0.1209 -0.4951
vn 0.8546 0.0323 -0.5183
vn 0.8569 0.1279 -0.4993
vn 0.8638 0.0999 -0.4937
vn 0.8613 0.0820 -0.5014
vn 0.8644 0.0681 -0.4983
vn 0.8628 0.0507 -0.5029
vn 0.8664 0.0334 -0.4982
vn 0.8644 0.0115 -0.5027
vn 0.8651 0.0091 -0.5016
vn 0.0739 0.9806 0.1816
vn 0.0739 -0.9806 0.1816
vn -0.9501 -0.0111 0.3116
vn -0.9509 -0.0057 0.3094
vn -0.9489 -0.0036 0.3154
vn -0.9497 -0.0108 0.3129
vn -0.9508 -0.0120 0.3095
vn -0.9456 -0.0037 0.3253
vn -0.9486 -0.0099 0.3162
vn -0.9489 -0.0106 0.3154
vn -0.9491 -0.0104 0.3147
vn -0.9495 -0.0102 0.3136
vn -0.9532 -0.0091 0.3023
vn -0.9403 -0.0104 0.3401
vn -0.9474 -0.0299 0.3187
vn -0.8982 -0.0093 0.4394
vn -0.9247 -0.0104 0.3804
vn -0.9227 -0.0042 0.3854
vn -0.9492 0.0002 0.3146
vn -0.9484 0.0113 0.3169
vn -0.9499 0.0108 0.3125
vn -0.9505 0.0105 0.3105
vn -0.9483 0.0123 0.3170
vn -0.9478 0.0103 0.3188
vn -0.9499 0.0158 0.3121
vn -0.9472 0.0101 0.3206
vn -0.9472 0.0100 0.3206
vn -0.9489 0.0122 0.3154
vn -0.8993 0.0674 0.4320
vn -0.9540 0.0045 0.2999
vn -0.9434 0.0117 0.3315
vn -0.9281 0.0112 0.3722
vn -0.9311 0.0024 0.3648
vn -0.9286 0.0059 0.3711
vn -0.9534 0.0017 0.3016
vn 0.0016 0.0010 -1.0000
vn 0.0015 0.0003 -1.0000
vn -0.0001 -0.0075 -1.0000
vn -0.0043 -0.0007 -1.0000
vn 0.0053 0.0056 -1.0000
vn 0.0009 -0.0013 -1.0000
vn 0.0109 0.0092 -0.9999
vn -0.0092 -0.0061 -0.9999
vn -0.0158 0.0197 -0.9997
vn 0.0074 -0.0115 -0.9999
vn -0.0068 -0.0049 -1.0000
vn -0.0102 -0.0123 -0.9999
vn -0.0306 0.0498 -0.9983
vn -0.0535 0.1172 -0.9917
vn 0.0082 -0.0134 -0.9999
vn -0.0019 0.0199 -0.9998
vn -0.0407 -0.0511 -0.9979
vn -0.0708 -0.0810 -0.9942
vn -0.0001 -0.7070 -0.7072
vn -0.0002 -0.7070 -0.7073
vn -0.0000 -0.7071 -0.7071
vn -0.0000 -0.7070 -0.7072
vn 0.0002 0.7070 -0.7072
vn 0.0001 0.7070 -0.7073
vn -0.0000 0.7071 -0.7071
vn -0.0000 0.7070 -0.7072
vn 0.4399 -0.0325 -0.8975
vn 0.6535 -0.0571 -0.7547
vn 0.4099 -0.0165 -0.9120
vn 0.3544 -0.0051 -0.9351
vn 0.9884 -0.0407 -0.1466
vn 0.8006 -0.0880 -0.5927
vn 0.6398 -0.0736 -0.7650
vn 0.7193 0.2936 -0.6296
vn 0.5492 0.6227 -0.5574
vn 0.5537 0.5880 -0.5897
vn 0.6876 0.1916 -0.7004
vn 0.7256 0.0842 -0.6830
vn 0.5867 0.6311 -0.5074
vn 0.5841 0.6339 -0.5069
vn 0.8159 0.1864 -0.5473
vn 0.7442 0.3904 -0.5421
vn 0.8548 -0.0102 -0.5189
vn 0.8741 0.3255 -0.3607
vn 1.0000 0.0083 -0.0048
vn 0.4308 0.2269 0.8734
vn 0.3424 0.2864 0.8948
vn 0.3186 0.7398 0.5926
vn 0.4840 0.8036 -0.3464
vn 0.8249 0.5609 -0.0703
vn 0.6378 0.7666 -0.0741
vn 0.7949 0.5713 0.2044
vn 0.4372 0.5120 0.7394
vn 0.3452 0.4063 0.8460
vn 0.8736 0.3268 -0.3606
vn 0.5525 0.8015 -0.2288
vn 0.8409 0.1255 0.5265
vn 0.8818 0.1549 0.4455
vn 0.9741 0.1096 -0.1979
vn 0.8020 0.4066 0.4377
vn 0.8077 0.5524 0.2059
vn 0.9632 0.1950 -0.1848
vn 0.3767 0.0391 0.9255
vn 0.4298 0.0062 0.9029
vn 0.9273 -0.0016 0.3744
vn 0.9844 -0.0078 -0.1756
vn 0.3772 0.0877 0.9220
vn 0.8581 0.0036 0.5135
vn 0.9915 -0.0793 -0.1029
vn 0.9942 -0.0786 -0.0728
vn 0.9986 -0.0537 0.0020
vn 0.8305 0.0053 0.5570
vn 0.9987 -0.0350 -0.0380
vn 0.9907 -0.0395 -0.1306
vn 0.9952 -0.0394 -0.0897
vn 0.4450 0.0497 0.8941
vn 0.6304 0.0394 0.7753
vn 0.8120 0.0105 0.5836
vn 0.6018 0.0122 0.7985
vn 0.7659 0.0063 0.6429
vn 0.9993 -0.0181 -0.0330
vn 0.3897 -0.0082 0.9209
vn 0.9997 0.0071 -0.0232
vn 0.9935 0.0813 -0.0796
vn 0.9952 0.0522 0.0828
vn 0.9635 0.0354 0.2654
vn 0.2134 -0.1024 0.9716
vn 0.5978 -0.0570 0.7996
vn 0.2240 -0.0725 0.9719
vn 0.8295 -0.0023 0.5584
vn 0.9680 0.0093 0.2507
vn 0.9947 0.0162 0.1020
vn 0.9843 0.0255 -0.1744
vn 0.6101 -0.0243 0.7920
vn 0.6453 -0.0190 0.7637
vn 0.9987 0.0316 -0.0411
vn 0.5724 -0.0409 0.8190
vn 0.9172 0.0106 0.3983
vn 0.9958 0.0517 -0.0759
vn 0.9906 0.0575 -0.1238
vn 0.6566 -0.0409 0.7531
vn 0.6596 -0.6141 -0.4334
vn 0.9729 -0.0924 0.2122
vn 0.9968 0.0182 0.0779
vn 0.3347 -0.3231 0.8852
vn 0.6300 -0.1487 0.7623
vn 0.4359 -0.4943 0.7521
vn 0.2085 -0.7705 0.6024
vn 0.6307 -0.6699 -0.3917
vn 0.8495 -0.1869 0.4935
vn 0.6568 -0.4993 0.5651
vn 0.6647 -0.6307 0.4005
vn 0.8176 -0.3373 -0.4667
vn 0.9310 -0.2500 -0.2658
vn 0.4682 -0.8796 0.0839
vn 0.9222 0.0652 -0.3812
vn 0.6286 -0.7774 0.0236
vn 0.7818 -0.6128 0.1153
vn 0.9125 -0.4081 -0.0277
vn 0.8336 -0.1318 -0.5364
vn 0.7409 -0.3844 -0.5506
vn 0.5105 -0.7119 -0.4822
vn 0.2894 -0.8775 -0.3825
vn 0.3544 -0.8379 -0.4151
vn 0.5706 -0.6486 -0.5037
vn 0.5904 -0.6299 -0.5046
vn 0.3909 -0.8522 -0.3479
vn 0.6067 -0.7941 0.0370
vn 0.0181 -0.6875 -0.7260
vn 0.0473 -0.6980 -0.7145
vn 0.2265 0.4766 0.8494
vn -0.5105 0.0183 -0.8597
vn 0.3036 -0.8470 -0.4365
vn 0.5066 -0.6308 -0.5877
vn 0.7083 -0.3783 -0.5960
vn 0.7349 -0.2544 -0.6287
vn 0.6240 -0.2374 -0.7445
vn 0.4741 0.0380 -0.8796
vn 0.4497 0.0334 -0.8926
vn 0.3978 0.0150 -0.9174
vn 0.4748 0.0082 -0.8800
vn 0.7522 0.0270 -0.6584
vn 0.3928 -0.0002 -0.9196
vn 0.8486 0.0966 -0.5202
vn 0.6752 0.0773 -0.7336
vn -0.5443 0.8380 -0.0398
vn -0.9031 0.4064 0.1386
vn -0.8713 0.4830 0.0874
vn -0.7032 0.7089 -0.0539
vn -0.5822 -0.8123 -0.0334
vn -0.7159 -0.6966 -0.0472
vn -0.8932 -0.4370 0.1055
vn -0.8592 -0.5057 0.0773
vn -0.2067 0.1637 -0.9646
vn -0.1092 0.2146 -0.9706
vn 0.6804 0.0580 -0.7305
vn 0.7462 0.0918 -0.6593
vn 0.9739 -0.1372 0.1807
vn 0.9511 -0.0774 0.2991
vn 0.1261 -0.2375 0.9632
vn 0.0233 -0.1543 0.9878
vn -0.7970 -0.0775 0.5990
vn -0.8461 -0.0045 0.5329
vn -0.9367 0.1011 -0.3352
vn -0.8928 0.1757 -0.4148
vn -0.8747 -0.4141 0.2517
vn -0.8945 -0.3641 0.2594
vn -0.7597 -0.6200 0.1963
vn -0.5804 -0.8069 0.1099
vn -0.7897 -0.2716 0.5501
vn -0.5397 -0.6362 0.5513
vn -0.4353 -0.3637 0.8235
vn -0.5743 -0.4359 0.6929
vn -0.1306 -0.0406 0.9906
vn -0.8372 -0.0000 0.5468
vn -0.8433 -0.0057 0.5373
vn -0.6712 -0.0127 0.7411
vn -0.6960 -0.0187 0.7178
vn -0.3140 -0.0059 0.9494
vn -0.4425 -0.0178 0.8966
vn -0.1371 -0.0404 0.9897
vn -0.4209 -0.0508 0.9057
vn -0.3983 -0.0515 0.9158
vn -0.3919 0.0040 0.9200
vn -0.8516 0.0036 0.5242
vn -0.6911 0.0065 0.7228
vn -0.6089 0.0187 0.7930
vn -0.6944 0.0181 0.7194
vn -0.2240 0.0176 0.9744
vn -0.3473 0.0326 0.9372
vn -0.3333 0.0326 0.9422
vn -0.2958 0.0525 0.9538
vn -0.4095 0.0518 0.9109
vn -0.3718 0.2073 0.9049
vn -0.7811 0.2592 0.5680
vn -0.4785 0.4048 0.7792
vn -0.3305 0.6640 0.6707
vn -0.7310 0.6574 0.1828
vn -0.5674 0.8163 0.1082
vn -0.8786 0.4054 0.2526
vn -0.8686 0.4305 0.2455
vn 0.5531 0.2228 0.8028
vn 0.6383 0.1553 0.7540
vn 0.9949 0.1006 -0.0103
vn 0.9962 0.0641 -0.0595
vn 0.7546 -0.0641 -0.6531
vn 0.7193 -0.1006 -0.6873
vn 0.0061 -0.1549 -0.9879
vn -0.0466 -0.1853 -0.9816
vn -0.6520 -0.1853 -0.7352
vn -0.6903 -0.2079 -0.6930
vn -0.9968 -0.0290 0.0739
vn -0.9803 -0.0723 0.1837
vn -0.4414 0.1626 0.8824
vn -0.3443 0.1142 0.9319
vn -0.7145 0.3558 -0.6023
vn -0.8852 0.4248 -0.1898
vn -0.9130 0.3148 -0.2596
vn -0.8246 0.4863 -0.2888
vn -0.6450 0.0125 -0.7641
vn -0.8344 0.0012 -0.5512
vn -0.9323 -0.0025 -0.3617
vn -0.9530 -0.0034 0.3028
vn -0.9999 -0.0093 0.0072
vn -0.8720 -0.0001 -0.4894
vn -0.9990 0.0004 -0.0439
vn -0.9967 0.0060 0.0813
vn -0.6722 -0.0100 -0.7403
vn -0.9705 0.0027 -0.2413
vn -0.6731 -0.4690 -0.5718
vn -0.8919 -0.3343 -0.3045
vn -0.9563 -0.1819 0.2290
vn -0.6006 0.1261 -0.7895
vn -0.5491 0.3489 -0.7594
vn -0.1600 0.6436 -0.7484
vn -0.0840 0.8616 -0.5006
vn 0.0538 0.5023 -0.8630
vn 0.0522 0.4954 -0.8671
vn 0.4772 0.2986 -0.8265
vn 0.5552 0.0932 -0.8265
vn 0.5667 -0.1263 -0.8142
vn 0.5289 -0.3281 -0.7827
vn 0.3517 -0.4777 -0.8050
vn 0.1637 -0.6272 -0.7615
vn 0.0836 -0.8566 -0.5092
vn -0.0538 -0.5023 -0.8630
vn -0.0522 -0.4954 -0.8671
vn -0.5552 -0.0932 -0.8265
vn -0.1876 0.6423 -0.7431
vn -0.5174 0.6138 -0.5964
vn -0.9070 0.2903 -0.3052
vn -0.9745 0.0471 -0.2196
vn -0.8946 -0.3333 0.2977
vn -0.7877 -0.5004 0.3592
vn -0.2714 -0.6585 0.7020
vn 0.5239 -0.6779 0.5158
vn 0.4376 -0.6749 0.5941
vn 0.9830 -0.1419 0.1168
vn 0.9090 0.2972 -0.2923
vn 0.9971 -0.0319 -0.0690
vn 0.6099 0.5024 -0.6128
vn 0.2910 0.6823 -0.6707
vn 0.1878 -0.6483 -0.7379
vn 0.4971 -0.6297 -0.5970
vn 0.9957 -0.0825 -0.0413
vn 0.9044 -0.2436 -0.3503
vn 0.7884 0.4950 0.3653
vn 0.5017 0.5563 0.6624
vn -0.5218 0.6782 0.5175
vn -0.4376 0.6753 0.5937
vn -0.9827 0.1430 0.1174
vn -0.9037 -0.3041 -0.3016
vn -0.9970 0.0332 -0.0703
vn -0.6099 -0.5016 -0.6135
vn -0.3000 -0.6773 -0.6717
vn 0.1950 0.0039 -0.9808
vn 0.1829 0.0099 -0.9831
vn 0.1700 0.0041 -0.9854
vn 0.1817 0.0072 -0.9833
vn 0.2220 0.8499 -0.4780
vn 0.1970 0.7075 -0.6787
vn 0.2262 0.7402 -0.6332
vn 0.2091 0.4335 -0.8765
vn 0.2279 0.4671 -0.8543
vn 0.1874 0.1457 -0.9714
vn 0.1922 0.1548 -0.9691
vn 0.2021 0.9190 -0.3385
vn 0.1891 0.9231 -0.3348
vn 0.2393 0.5260 0.8161
vn 0.2604 0.2493 0.9328
vn 0.3527 0.7221 0.5952
vn 0.2360 0.9295 -0.2833
vn 0.2192 0.9696 -0.1084
vn 0.2715 0.9622 -0.0217
vn 0.3054 0.9243 0.2291
vn 0.2909 0.9331 0.2116
vn 0.3145 0.7703 0.5548
vn 0.2405 0.0126 0.9706
vn 0.2397 0.0125 0.9708
vn 0.2376 0.0431 0.9704
vn 0.1310 0.0548 0.9899
vn 0.2757 0.0667 0.9589
vn 0.2036 0.0883 0.9751
vn 0.2714 0.0971 0.9576
vn 0.2059 0.1120 0.9721
vn 0.2353 -0.0984 0.9669
vn 0.1509 -0.0703 0.9860
vn 0.2783 -0.0423 0.9596
vn 0.2063 -0.0296 0.9780
vn 0.2641 -0.0128 0.9644
vn 0.2164 -0.0075 0.9763
vn 0.2529 -0.9383 -0.2360
vn 0.2929 -0.9497 0.1106
vn 0.2358 -0.9627 -0.1327
vn 0.1396 -0.9885 -0.0581
vn 0.3846 -0.8349 0.3936
vn 0.2648 -0.9192 0.2914
vn 0.3100 -0.7672 0.5616
vn 0.3627 -0.7030 0.6118
vn 0.2313 -0.2429 0.9421
vn 0.3488 -0.3245 0.8792
vn 0.2071 -0.5291 0.8229
vn 0.2013 -0.9186 -0.3401
vn 0.1738 -0.9318 -0.3188
vn 0.2062 -0.1399 -0.9685
vn 0.2148 -0.4400 -0.8719
vn 0.2157 -0.4415 -0.8710
vn 0.2242 -0.7367 -0.6380
vn 0.2308 -0.7444 -0.6266
vn 0.2203 -0.8616 -0.4572
vn 0.1910 -0.0024 -0.9816
vn 0.1849 -0.0019 -0.9828
vn 0.1781 -0.0048 -0.9840
vn 0.1852 -0.0079 -0.9827
vn 0.1856 -0.0080 -0.9826
vn 0.1567 -0.0254 -0.9873
vn 0.0739 0.9806 0.1815
vn 0.0741 0.9806 0.1814
vn 0.0738 0.9806 0.1814
vn 0.0741 0.9805 0.1818
vn 0.0739 0.9806 0.1818
vn 0.0737 0.9806 0.1815
vn 0.0742 0.9806 0.1815
vn 0.0740 0.9806 0.1816
vn -0.4340 -0.8989 0.0594
vn -0.2683 -0.7948 0.5443
vn -0.2736 -0.8185 0.5051
vn -0.0967 -0.5584 0.8239
vn -0.0127 -0.4787 0.8779
vn 0.1899 -0.0105 0.9818
vn 0.1649 -0.0846 0.9827
vn 0.1860 -0.0118 0.9825
vn 0.1845 -0.0299 0.9824
vn 0.2129 -0.0470 0.9760
vn 0.1801 -0.0615 0.9817
vn 0.1944 -0.0778 0.9778
vn 0.1946 0.0176 0.9807
vn 0.1822 0.0233 0.9830
vn 0.1939 0.0445 0.9800
vn 0.1826 0.0490 0.9820
vn 0.1869 0.0744 0.9796
vn 0.1901 0.0739 0.9790
vn -0.2310 0.7294 0.6439
vn 0.0102 0.4526 0.8917
vn 0.0516 0.3127 0.9484
vn -0.2430 0.7746 0.5839
vn -0.4475 0.8917 0.0678
vn 0.0741 -0.9806 0.1816
vn 0.0736 -0.9807 0.1813
vn 0.0738 -0.9806 0.1816
vn 0.0739 -0.9806 0.1817
vn 0.0737 -0.9806 0.1818
vn 0.0740 -0.9806 0.1816
vn 0.0738 -0.9806 0.1815
vn 0.0739 -0.9806 0.1815
vn 0.0740 -0.9806 0.1815
vn 0.0741 -0.9806 0.1814
vn -0.5451 0.8151 -0.1962
vn -0.5788 0.7654 -0.2813
vn -0.5723 0.5536 -0.6049
vn -0.5852 0.4864 -0.6488
vn -0.4593 0.0137 -0.8882
vn -0.4724 0.0153 -0.8812
vn -0.4628 0.0091 -0.8864
vn -0.4697 0.0037 -0.8828
vn -0.4634 0.0022 -0.8862
vn -0.4575 -0.0161 -0.8890
vn -0.4743 -0.0113 -0.8803
vn -0.4576 -0.0057 -0.8891
vn -0.5833 -0.5186 -0.6252
vn -0.6036 -0.5480 -0.5791
vn -0.5451 -0.8149 -0.1969
vn -0.9807 0.1025 0.1667
vn -0.9954 -0.0955 0.0099
vn -0.9423 0.1047 -0.3179
vn -0.8849 -0.1053 -0.4538
vn -0.6920 0.0918 -0.7161
vn -0.5814 -0.0699 -0.8106
vn -0.3772 -0.0000 -0.9261
vn -0.3797 0.0283 -0.9247
vn 0.3766 -0.0296 0.9259
vn 0.3741 -0.0005 0.9274
vn -0.8740 0.0260 0.4852
vn -0.8084 -0.0579 0.5858
vn -0.6930 0.0721 0.7173
vn -0.4526 -0.1047 0.8856
vn -0.3165 0.1053 0.9427
vn 0.0047 -0.0918 0.9958
vn 0.1500 0.0699 0.9862
vn -0.9263 -0.0406 0.3746
vn -0.9246 -0.0138 0.3808
vn -0.9973 0.0725 -0.0126
vn -0.9803 0.1950 0.0301
vn -0.9425 0.3338 -0.0191
vn -0.9018 0.4317 -0.0191
vn -0.8311 0.5553 0.0301
vn -0.7633 0.6460 -0.0086
vn -0.6519 0.7581 -0.0208
vn -0.5555 0.8313 0.0197
vn -0.4716 0.8817 -0.0130
vn -0.3158 0.9487 -0.0131
vn -0.1950 0.9803 0.0301
vn -0.0940 0.9956 -0.0048
vn 0.0958 0.9954 -0.0046
vn 0.1950 0.9803 0.0301
vn 0.3047 0.9524 -0.0086
vn 0.4492 0.8932 -0.0206
vn 0.5555 0.8313 0.0205
vn 0.6521 0.7579 -0.0201
vn 0.7564 0.6539 -0.0126
vn 0.8311 0.5553 0.0301
vn 0.9023 0.4308 -0.0190
vn 0.9491 0.3147 -0.0126
vn 0.9803 0.1950 0.0301
vn 0.9984 0.0527 -0.0190
vn 0.9973 -0.0725 -0.0126
vn 0.9803 -0.1950 0.0301
vn 0.9473 -0.3201 -0.0142
vn 0.8956 -0.4446 -0.0142
vn 0.8311 -0.5553 0.0301
vn 0.7633 -0.6460 -0.0086
vn 0.6681 -0.7439 -0.0192
vn 0.5553 -0.8311 0.0301
vn 0.4580 -0.8889 -0.0086
vn 0.3325 -0.9429 -0.0192
vn 0.1950 -0.9803 0.0301
vn 0.0940 -0.9956 -0.0048
vn -0.0958 -0.9954 -0.0046
vn -0.1950 -0.9803 0.0301
vn -0.3047 -0.9524 -0.0086
vn -0.4492 -0.8932 -0.0206
vn -0.5555 -0.8313 0.0205
vn -0.6360 -0.7716 -0.0130
vn -0.7762 -0.6303 -0.0130
vn -0.8313 -0.5555 0.0179
vn -0.8896 -0.4563 -0.0204
vn -0.9491 -0.3147 -0.0126
vn -0.9803 -0.1950 0.0301
vn -0.9984 -0.0527 -0.0190
vn -0.0113 0.7194 -0.6945
vn 0.1559 0.0673 0.9855
vn -0.0135 -0.0920 0.9957
vn -0.2916 0.1023 0.9510
vn -0.4812 -0.1071 0.8700
vn -0.6963 0.0955 0.7113
vn -0.8402 -0.1042 0.5322
vn 0.3767 -0.0000 0.9263
vn 0.3725 -0.0406 0.9271
vn -0.3797 0.0289 -0.9247
vn -0.5765 -0.0683 -0.8143
vn -0.7021 0.0946 -0.7058
vn -0.8729 -0.1023 -0.4771
vn -0.9520 0.1071 -0.2867
vn -0.9959 -0.0713 -0.0554
vn -0.9842 0.0581 0.1673
vn -0.9668 -0.0271 0.2542
vn -0.9231 0.0466 0.3817
vn -0.9219 0.0151 0.3870
vn 0.8943 -0.1241 -0.4300
vn 0.9160 -0.0519 -0.3978
vn 0.8942 -0.1232 -0.4303
vn 0.9460 -0.0132 0.3238
vn 0.9074 0.0082 0.4201
vn 0.9208 0.0122 0.3899
vn 0.9023 0.0074 0.4311
vn -0.0667 -0.7488 0.6595
vn -0.9553 -0.2851 0.0786
vn -0.9902 -0.1397 0.0073
vn -0.9947 -0.1019 0.0095
vn -0.9594 -0.1328 0.2490
vn -0.9566 -0.1426 0.2541
vn -0.9863 -0.1599 0.0404
vn -0.9696 -0.1079 0.2195
vn -0.9292 -0.2004 0.3104
vn -0.9945 0.0940 0.0467
vn -0.9822 0.1779 0.0599
vn -0.9826 0.1838 0.0256
vn -0.9901 0.1405 0.0048
vn -0.9691 0.1263 0.2120
vn -0.9465 0.1811 0.2672
vn -0.9532 0.0283 0.3011
vn -0.9485 0.1894 0.2538
vn -0.8597 0.1454 0.4896
vn -0.8629 -0.1314 0.4880
vn -0.8580 -0.1487 0.4917
vn -0.8565 -0.1504 0.4937
vn -0.8551 -0.1516 0.4958
vn -0.8574 -0.1485 0.4927
vn -0.8552 -0.1505 0.4959
vn -0.8550 -0.1508 0.4962
vn -0.8506 -0.1597 0.5009
vn -0.8571 -0.1502 0.4928
vn -0.8634 -0.1336 0.4865
vn -0.8636 -0.1270 0.4880
vn -0.8566 -0.1527 0.4929
vn -0.8568 -0.1477 0.4941
vn -0.8573 -0.1503 0.4925
vn -0.8497 -0.1147 0.5146
vn -0.8722 -0.1022 0.4783
vn -0.8545 -0.0680 0.5149
vn -0.8835 -0.0508 0.4657
vn -0.8550 -0.0270 0.5180
vn -0.8752 0.0117 0.4837
vn -0.8630 0.0167 0.5049
vn -0.8655 0.0688 0.4961
vn -0.8611 0.0700 0.5036
vn -0.8620 0.1228 0.4919
vn -0.8643 0.1224 0.4879
vn -0.8486 0.1594 0.5044
vn -0.8575 0.1470 0.4930
vn -0.8555 0.1509 0.4953
vn -0.8553 0.1512 0.4956
vn -0.8570 0.1498 0.4931
vn -0.8568 0.1501 0.4934
vn -0.8551 0.1603 0.4930
vn -0.8568 0.1513 0.4929
vn -0.8569 0.1480 0.4937
vn -0.8573 0.1497 0.4926
vn -0.8602 0.1417 0.4899
vn -0.4951 0.3133 -0.8104
vn -0.1098 0.9899 0.0899
vn -0.2620 0.9482 -0.1794
vn -0.2461 0.9559 -0.1602
vn -0.3952 0.7889 -0.4707
vn -0.3780 0.8111 -0.4464
vn -0.4869 0.4856 -0.7261
vn -0.4596 0.5672 -0.6834
vn -0.4966 0.3072 -0.8118
vn -0.5110 0.0119 -0.8595
vn -0.4955 0.0232 -0.8683
vn -0.4911 0.1371 -0.8602
vn -0.4997 0.1228 -0.8575
vn -0.4926 0.1137 -0.8628
vn -0.4909 0.0837 -0.8672
vn -0.5010 0.0688 -0.8627
vn -0.4934 0.0555 -0.8681
vn -0.4963 -0.1242 -0.8592
vn -0.4886 -0.0283 -0.8721
vn -0.5037 -0.0494 -0.8625
vn -0.4923 -0.0686 -0.8677
vn -0.4933 -0.0879 -0.8654
vn -0.5033 -0.1010 -0.8582
vn -0.4834 -0.1304 -0.8656
vn -0.0910 -0.9887 0.1193
vn -0.4982 -0.2459 -0.8315
vn -0.1293 -0.9893 0.0675
vn -0.2705 -0.9334 -0.2358
vn -0.2332 -0.9660 -0.1119
vn -0.4026 -0.7505 -0.5241
vn -0.3914 -0.8002 -0.4543
vn -0.4740 -0.4833 -0.7360
vn -0.4763 -0.5893 -0.6526
vn -0.4863 -0.2897 -0.8244
vn -0.0538 -0.7150 0.6970
vn -0.0104 -0.2278 0.9736
vn -0.0096 -0.9287 0.3708
vn -0.0383 -0.7486 0.6619
vn 0.0037 -0.4393 0.8983
vn -0.0247 -0.1724 0.9847
vn -0.9920 -0.1260 0.0006
vn -0.9992 -0.0164 -0.0375
vn -0.9983 -0.0447 0.0376
vn -0.9973 -0.0673 -0.0279
vn -0.9943 -0.1044 0.0219
vn -0.9940 -0.1091 -0.0030
vn -0.9891 -0.1469 -0.0072
vn -0.9879 -0.1544 -0.0130
vn -0.9907 -0.1357 -0.0051
vn -0.9913 -0.1316 0.0005
vn -0.9916 0.1291 0.0004
vn -0.9908 0.1351 0.0003
vn -0.9884 0.1515 -0.0131
vn -0.9905 0.1378 -0.0035
vn -0.9946 0.1005 -0.0242
vn -0.9937 0.1120 0.0091
vn -0.9891 0.1473 -0.0082
vn -0.9991 0.0160 0.0394
vn -0.9985 0.0410 -0.0362
vn -0.9971 0.0695 0.0305
vn -0.0078 0.9261 0.3772
vn -0.0300 0.7819 0.6227
vn -0.0166 0.7410 0.6713
vn -0.0222 0.4853 0.8740
vn -0.0061 0.4360 0.8999
vn 0.0073 0.1981 0.9802
vn 0.0751 -0.9806 0.1811
vn -0.0737 0.9806 -0.1817
vn -0.0739 0.9806 -0.1816
vn -0.0731 0.9806 -0.1817
vn -0.0737 0.9806 -0.1814
vn -0.0737 0.9806 -0.1815
vn -0.0738 0.9806 -0.1815
vn -0.0736 0.9806 -0.1817
vn -0.0739 0.9806 -0.1817
vn -0.0738 0.9806 -0.1818
vn -0.0734 0.9806 -0.1815
vn -0.0740 0.9805 -0.1818
vn -0.0739 0.9806 -0.1815
vn -0.0003 0.0001 -1.0000
vn -0.0001 -0.0001 -1.0000
vn -0.0010 -0.0002 -1.0000
vn -0.0005 -0.0004 -1.0000
vn -0.2978 0.7017 -0.6472
vn -0.5141 0.5466 -0.6610
vn -0.9179 0.3142 -0.2424
vn -0.9800 0.0889 -0.1783
vn -0.8937 -0.3482 0.2828
vn -0.8346 -0.3630 0.4144
vn -0.2680 -0.7540 0.5998
vn 0.1300 -0.6382 0.7588
vn 0.5250 -0.6682 0.5272
vn 0.9364 -0.1819 0.3002
vn 0.9825 -0.1542 0.1047
vn 0.8990 0.1950 -0.3922
vn 0.6161 0.6161 -0.4908
vn 0.2886 0.6101 -0.7379
vn 0.4947 -0.5678 -0.6579
vn 0.2875 -0.7470 -0.5995
vn 0.9944 -0.0207 -0.1036
vn 0.9999 -0.0101 0.0011
vn 0.8649 0.3927 0.3126
vn 0.5429 0.5366 0.6460
vn 0.2293 0.7396 0.6328
vn -0.2337 0.6597 0.7143
vn -0.5228 0.6693 0.5280
vn -0.9087 0.2465 0.3369
vn -0.9808 0.1751 0.0854
vn -0.9023 -0.2708 -0.3354
vn -0.8273 -0.4332 -0.3577
vn -0.2955 -0.5772 -0.7613
vn 0.6826 0.0600 -0.7284
vn -0.0739 -0.9806 -0.1815
vn -0.0736 -0.9806 -0.1817
vn -0.0740 -0.9806 -0.1817
vn -0.0738 -0.9806 -0.1818
vn -0.0739 -0.9805 -0.1818
vn -0.0740 -0.9805 -0.1818
vn -0.0737 -0.9806 -0.1815
vn -0.0739 -0.9806 -0.1816
vn -0.0738 -0.9807 -0.1813
vn -0.0737 -0.9806 -0.1816
vn -0.0737 -0.9806 -0.1814
vn -0.0741 -0.9805 -0.1818
vn 0.0739 0.9806 0.1814
vn 0.8551 -0.1332 -0.5010
vn 0.8582 -0.1328 -0.4959
vn 0.8572 -0.1302 -0.4982
vn 0.8576 -0.1521 -0.4913
vn 0.8619 -0.1496 -0.4846
vn 0.8613 -0.1521 -0.4848
vn 0.8616 -0.1518 -0.4843
vn 0.8660 -0.1327 -0.4820
vn 0.8678 -0.1631 -0.4694
vn 0.8702 -0.1513 -0.4689
vn 0.8711 -0.1553 -0.4660
vn 0.8761 -0.1334 -0.4634
vn 0.8616 -0.1198 -0.4932
vn 0.9181 -0.1133 -0.3798
vn 0.9032 -0.0114 -0.4291
vn 0.8453 -0.0276 -0.5336
vn 0.9126 -0.0452 -0.4063
vn 0.8763 -0.0735 -0.4761
vn 0.8412 -0.0759 -0.5354
vn 0.8708 -0.0148 -0.4914
vn 0.8762 -0.0159 -0.4816
vn 0.8795 -0.0404 -0.4742
vn 0.8347 -0.0524 -0.5482
vn 0.8582 -0.0780 -0.5073
vn 0.8281 -0.0883 -0.5536
vn 0.8839 -0.0984 -0.4572
vn 0.8613 -0.1192 -0.4939
vn 0.8678 -0.1538 -0.4724
vn 0.8657 -0.1320 -0.4829
vn 0.8586 -0.1266 -0.4969
vn 0.8625 -0.1410 -0.4861
vn 0.8540 -0.1344 -0.5026
vn 0.8928 0.0110 -0.4502
vn 0.8486 0.0206 -0.5286
vn 0.8853 0.0320 -0.4639
vn 0.8637 0.1257 -0.4881
vn 0.8464 0.1256 -0.5176
vn 0.9055 0.1058 -0.4109
vn 0.8860 0.1051 -0.4517
vn 0.8798 0.0647 -0.4709
vn 0.8888 0.0644 -0.4537
vn 0.8554 0.1311 -0.5010
vn 0.8817 0.1351 -0.4521
vn 0.8624 0.1460 -0.4847
vn 0.8678 0.1397 -0.4769
vn 0.8572 0.1306 -0.4981
vn 0.8575 0.1326 -0.4971
vn 0.8552 0.1295 -0.5018
vn 0.8586 0.1481 -0.4908
vn 0.8575 0.1476 -0.4928
vn 0.8570 0.1459 -0.4942
vn 0.8569 0.1475 -0.4939
vn 0.8540 0.1493 -0.4985
vn 0.8572 0.1286 -0.4987
vn 0.8677 0.1389 -0.4774
vn 0.8627 0.1330 -0.4879
vn 0.8626 0.1340 -0.4879
vn 0.8567 0.1244 -0.5006
vn 0.8462 0.1280 -0.5172
vn 0.8507 0.0898 -0.5180
vn 0.8101 0.0989 -0.5779
vn 0.8752 0.0534 -0.4809
vn 0.8329 0.0612 -0.5501
vn 0.8977 0.0339 -0.4394
vn 0.8615 0.0150 -0.5076
vn 0.8813 0.0089 -0.4725
vn 0.7954 0.4311 0.4260
vn 0.7859 0.5911 -0.1818
vn -0.0471 -0.9723 0.2288
vn -0.0170 -0.9778 0.2090
vn -0.0221 -0.9754 0.2192
vn -0.0232 -0.9751 0.2207
vn -0.0417 -0.9749 0.2186
vn 0.1074 -0.9212 0.3741
vn 0.3136 -0.6553 0.6872
vn 0.2930 -0.5854 0.7560
vn 0.0635 -0.9811 0.1828
vn 0.1205 -0.9787 0.1662
vn -0.2961 -0.3635 -0.8833
vn -0.3082 -0.7097 -0.6335
vn -0.0746 -0.9454 -0.3171
vn -0.0861 -0.9762 -0.1990
vn -0.3768 -0.0287 -0.9259
vn -0.3768 -0.0287 -0.9258
vn -0.3756 -0.0860 -0.9228
vn -0.3735 -0.1345 -0.9178
vn -0.4370 -0.1485 -0.8871
vn -0.3613 0.1311 -0.9232
vn -0.3738 0.1293 -0.9185
vn -0.3761 0.0687 -0.9240
vn -0.3769 0.0200 -0.9260
vn -0.0098 0.9997 -0.0216
vn -0.0478 0.9980 -0.0417
vn -0.2655 0.6344 -0.7260
vn -0.3208 0.5792 -0.7494
vn 0.0636 0.9797 0.1899
vn 0.0779 0.9802 0.1822
vn 0.2957 0.6863 0.6645
vn 0.2557 0.7190 0.6462
vn -0.0608 0.9744 0.2165
vn -0.0212 0.9752 0.2205
vn -0.0196 0.9757 0.2184
vn -0.0142 0.9781 0.2074
vn -0.0468 0.9722 0.2292
vn -0.4532 0.5400 -0.7092
vn -0.3639 0.7944 -0.4863
vn -0.3449 0.8129 -0.4692
vn -0.2624 0.9482 -0.1793
vn -0.1140 0.9934 -0.0079
vn -0.4747 0.0152 -0.8800
vn -0.4600 0.1569 -0.8739
vn -0.4560 -0.1440 -0.8783
vn -0.4988 -0.1240 -0.8578
vn -0.4706 -0.1011 -0.8766
vn -0.5038 -0.0328 -0.8632
vn -0.2334 -0.9424 -0.2398
vn -0.3823 -0.8018 -0.4593
vn -0.3987 -0.5982 -0.6951
vn -0.5049 -0.2903 -0.8129
vn -0.4471 -0.5355 -0.7165
vn 0.3894 -0.2750 0.8790
vn 0.4951 -0.5597 0.6646
vn 0.2541 -0.4390 0.8618
vn 0.4147 -0.7977 0.4378
vn 0.2590 -0.2279 0.9386
vn 0.0963 -0.8225 0.5605
vn -0.0236 -0.9284 0.3709
vn 0.1151 -0.2794 0.9533
vn 0.0218 -0.4418 0.8968
vn 0.0858 -0.5704 0.8169
vn 0.0061 -0.7401 0.6725
vn 0.0033 -0.0240 0.9997
vn -0.0026 -0.0292 0.9996
vn 0.0152 -0.0478 0.9987
vn 0.0011 -0.0695 0.9976
vn 0.0042 -0.0682 0.9977
vn -0.5891 -0.0242 0.8077
vn -0.0973 -0.0196 0.9951
vn -0.0988 -0.0194 0.9949
vn -0.3707 -0.0212 0.9285
vn -0.3830 -0.0223 0.9235
vn -0.6498 -0.0207 0.7598
vn -0.6796 -0.0235 0.7332
vn -0.8444 -0.0185 0.5354
vn -0.8404 -0.0180 0.5416
vn 0.4377 -0.0004 -0.8991
vn 0.4676 0.0019 -0.8840
vn 0.4247 -0.0004 -0.9053
vn 0.4495 0.0023 -0.8933
vn 0.4427 -0.0037 -0.8966
vn -0.0321 0.0118 0.9994
vn -0.8433 0.0184 0.5371
vn -0.8342 0.0172 0.5511
vn -0.6639 0.0213 0.7475
vn -0.6708 0.0205 0.7414
vn -0.3918 0.0219 0.9198
vn -0.3738 0.0234 0.9272
vn -0.1218 0.0214 0.9923
vn -0.7923 0.0051 0.6101
vn -0.0927 0.0142 0.9956
vn -0.7937 0.0337 0.6074
vn -0.0108 0.0712 0.9974
vn 0.0087 0.0760 0.9971
vn -0.0108 0.0467 0.9989
vn 0.0096 0.0324 0.9994
vn -0.0053 0.0070 1.0000
vn 0.0007 0.0101 0.9999
vn -0.0203 0.4365 0.8995
vn 0.1253 0.2033 0.9711
vn 0.1131 0.2100 0.9711
vn 0.1564 0.5947 0.7886
vn 0.0266 0.7442 0.6675
vn 0.0975 0.8164 0.5692
vn 0.0054 0.9257 0.3783
vn 0.3494 0.2752 0.8956
vn 0.3764 0.4722 0.7971
vn 0.2521 0.5797 0.7749
vn 0.3011 0.7853 0.5410
vn 0.7913 -0.4809 -0.3775
vn -0.7718 0.0321 0.6350
vn -0.8203 0.0719 0.5674
vn -0.5039 0.0861 0.8595
vn -0.2521 0.2118 0.9442
vn -0.1115 0.1477 0.9827
vn 0.4190 0.1905 0.8878
vn 0.3666 0.2331 0.9007
vn 0.7676 0.1077 0.6318
vn 0.9131 0.1901 0.3607
vn 0.9788 0.0701 0.1926
vn 0.9617 0.0441 -0.2704
vn 0.9600 0.0469 -0.2761
vn 0.6222 -0.1339 -0.7713
vn 0.5565 -0.0934 -0.8256
vn 0.1159 -0.2072 -0.9714
vn 0.0156 -0.1685 -0.9856
vn -0.3676 -0.2209 -0.9034
vn -0.4427 -0.1806 -0.8783
vn -0.7611 -0.2094 -0.6139
vn -0.8701 -0.1023 -0.4821
vn -0.9540 -0.1557 -0.2562
vn -0.9855 -0.0408 0.1645
vn -0.9841 -0.0296 0.1754
vn 0.0476 -0.6339 -0.7719
vn 0.0777 -0.8663 -0.4935
vn 0.0860 -0.9538 -0.2880
vn 0.0928 -0.9797 -0.1779
vn 0.0946 -0.9945 0.0452
vn 0.0958 -0.9929 0.0708
vn 0.0509 -0.6534 -0.7553
vn 0.0125 -0.2685 -0.9632
vn 0.0120 -0.2507 -0.9680
vn -0.0267 -0.0298 -0.9992
vn -0.0036 -0.0347 -0.9994
vn -0.0000 -0.0390 -0.9992
vn 0.0005 -0.0418 -0.9991
vn -0.0000 -0.0487 -0.9988
vn 0.0015 -0.0447 -0.9990
vn 0.0048 -0.0392 -0.9992
vn -0.0000 -0.0435 -0.9991
vn 0.0021 -0.0254 -0.9997
vn 0.0074 -0.0171 -0.9998
vn 0.0036 -0.0118 -0.9999
vn 0.0007 -0.0461 -0.9989
vn -0.0031 -0.0711 -0.9975
vn 0.0024 -0.0892 -0.9960
vn -0.0015 -0.1237 -0.9923
vn -0.0002 -0.1205 -0.9927
vn 0.6593 0.3006 -0.6892
vn 0.6913 0.0942 -0.7164
vn 0.6924 0.0973 -0.7149
vn 0.6572 -0.2718 -0.7030
vn 0.5611 0.3960 -0.7269
vn 0.5326 0.4770 -0.6991
vn 0.3931 0.5752 -0.7173
vn 0.3620 0.6167 -0.6991
vn 0.1513 0.7005 -0.6974
vn 0.1961 0.6685 -0.7174
vn -0.0921 0.7050 -0.7032
vn -0.0175 0.6091 -0.7929
vn -0.0528 0.6750 -0.7359
vn 0.0208 0.6744 -0.7381
vn 0.0579 0.7011 -0.7107
vn 0.0672 0.7030 -0.7080
vn 0.0400 0.7047 -0.7084
vn -0.0490 0.7164 -0.6960
vn -0.0280 0.7336 -0.6790
vn -0.0842 0.7020 -0.7072
vn -0.2347 0.6575 -0.7159
vn -0.2798 0.6592 -0.6980
vn -0.4257 0.5519 -0.7171
vn -0.4714 0.5367 -0.6998
vn -0.6103 0.3689 -0.7011
vn -0.5762 0.3938 -0.7162
vn -0.6710 0.1969 -0.7149
vn -0.6920 0.1685 -0.7020
vn -0.6995 -0.0422 -0.7134
vn -0.7118 -0.0205 -0.7021
vn -0.6608 -0.2359 -0.7125
vn -0.6620 -0.2607 -0.7027
vn -0.5495 -0.4500 -0.7040
vn -0.5555 -0.4285 -0.7126
vn -0.3963 -0.5798 -0.7119
vn -0.3862 -0.5957 -0.7043
vn -0.1837 -0.6860 -0.7041
vn -0.1978 -0.6741 -0.7117
vn -0.0605 -0.7017 -0.7099
vn -0.0582 -0.7013 -0.7105
vn -0.0312 -0.7071 -0.7064
vn 0.0274 -0.7266 -0.6865
vn 0.0275 -0.7265 -0.6866
vn 0.0695 -0.6914 -0.7191
vn 0.0176 -0.6123 -0.7905
vn -0.0124 -0.6682 -0.7439
vn 0.0571 -0.7112 -0.7006
vn 0.0856 -0.6993 -0.7097
vn 0.2366 -0.6626 -0.7106
vn 0.2520 -0.6640 -0.7040
vn 0.4292 -0.5564 -0.7115
vn 0.4447 -0.5525 -0.7049
vn 0.5770 -0.3995 -0.7124
vn 0.5810 -0.3971 -0.7105
vn 0.6662 -0.1860 -0.7222
vn 0.7130 -0.0959 -0.6945
vn 0.0071 0.0174 -0.9998
vn 0.0008 0.0033 -1.0000
vn -0.0018 0.0380 -0.9993
vn 0.0054 0.0189 -0.9998
vn 0.0038 0.0317 -0.9995
vn 0.0009 0.0394 -0.9992
vn 0.0003 0.0443 -0.9990
vn -0.0000 0.0455 -0.9990
vn -0.0008 0.0440 -0.9990
vn -0.0042 0.0407 -0.9992
vn -0.0149 0.0371 -0.9992
vn -0.0397 0.0347 -0.9986
vn 0.0002 0.0461 -0.9989
vn 0.0020 0.0601 -0.9982
vn -0.0002 0.0877 -0.9961
vn -0.0006 0.0888 -0.9960
vn 0.0015 0.1248 -0.9922
vn -0.0006 0.1331 -0.9911
vn 0.0495 0.6445 -0.7630
vn 0.0132 0.2666 -0.9637
vn 0.0151 0.3170 -0.9483
vn 0.0907 0.9750 -0.2031
vn 0.0869 0.9637 -0.2525
vn 0.0779 0.8674 -0.4915
vn 0.0460 0.6237 -0.7803
vn 0.0974 0.9931 0.0655
vn 0.8386 0.3131 -0.4458
vn 0.9586 0.0270 -0.2836
vn 0.9782 -0.0833 0.1903
vn 0.9900 -0.1177 0.0777
vn 0.7664 -0.1401 0.6269
vn 0.8156 -0.1770 0.5508
vn 0.3572 -0.2063 0.9110
vn 0.3695 -0.1980 0.9079
vn -0.1107 -0.1377 0.9843
vn -0.2083 -0.1773 0.9619
vn -0.5015 -0.1021 0.8591
vn -0.6629 -0.1378 0.7359
vn -0.8167 0.0037 0.5770
vn -0.9716 0.0037 0.2364
vn -0.9847 0.0607 0.1635
vn -0.9730 0.0910 -0.2122
vn -0.9582 0.1253 -0.2571
vn -0.7647 0.1688 -0.6219
vn -0.7255 0.2081 -0.6560
vn -0.3542 0.2075 -0.9119
vn -0.3696 0.1972 -0.9080
vn 0.1158 0.2048 -0.9719
vn 0.2666 0.1015 -0.9585
vn 0.6056 0.1768 -0.7759
vn 0.8447 -0.0410 -0.5337
vn 0.5147 -0.0170 -0.8572
vn 0.2605 -0.1878 0.9470
vn 0.2583 -0.2227 0.9400
vn 0.2173 -0.6986 0.6817
vn 0.2336 -0.5869 0.7752
vn 0.2503 -0.4651 0.8492
vn 0.1783 -0.8348 0.5209
vn 0.1257 -0.9544 0.2706
vn 0.1451 -0.9136 0.3799
vn 0.5347 0.0269 -0.8446
vn 0.1357 0.9295 0.3430
vn 0.1202 0.9588 0.2575
vn 0.1735 0.8503 0.4969
vn 0.1971 0.7841 0.5885
vn 0.2180 0.6974 0.6827
vn 0.2291 0.6241 0.7470
vn 0.2598 0.2762 0.9253
vn 0.2513 0.3898 0.8860
vn 0.2416 0.5365 0.8086
vn 0.3901 -0.0853 0.9168
vn 0.3757 -0.0826 0.9231
vn 0.3765 -0.0484 0.9251
vn 0.3765 0.0484 0.9252
vn 0.3765 0.0484 0.9251
vn 0.3756 0.0853 0.9229
vn 0.3528 0.0895 0.9314
vn -0.9262 -0.0000 0.3770
vn -0.9262 -0.0000 0.3769
vn 0.2159 -0.7943 0.5679
vn 0.0336 -0.9393 0.3413
vn 0.2260 -0.7698 0.5970
vn 0.3881 -0.4862 0.7829
vn 0.3897 -0.4712 0.7913
vn 0.4534 -0.2492 0.8558
vn 0.0442 0.9339 0.3547
vn 0.1980 0.8171 0.5414
vn 0.2233 0.7650 0.6041
vn 0.3711 0.5336 0.7599
vn 0.3805 0.4728 0.7948
vn 0.4698 0.1921 0.8616
vn 0.9270 0.0002 -0.3750
vn 0.9262 0.0002 -0.3771
vn 0.9262 -0.0000 -0.3769
vn 0.9262 -0.0000 -0.3770
vn 0.9263 -0.0002 -0.3767
vn 0.9262 -0.0003 -0.3770
vn 0.9260 -0.0006 -0.3776
vn 0.9272 -0.0045 -0.3746
vn 0.9256 -0.0076 -0.3785
vn 0.9248 -0.0065 -0.3803
vn 0.9263 0.0001 -0.3768
vn 0.9270 -0.0006 -0.3751
vn 0.9250 -0.0009 -0.3799
vn 0.9250 -0.0005 -0.3799
vn 0.9263 -0.0003 -0.3769
vn 0.9263 -0.0009 -0.3768
vn 0.9263 -0.0007 -0.3767
vn 0.9263 -0.0007 -0.3768
vn 0.9264 -0.0003 -0.3765
vn 0.9262 0.0009 -0.3770
vn 0.9263 0.0009 -0.3768
vn 0.9262 0.0002 -0.3769
vn 0.9259 0.0001 -0.3777
vn 0.9245 0.0011 -0.3811
vn 0.9249 0.0026 -0.3803
vn 0.9261 -0.0039 -0.3772
vn 0.9244 0.0003 -0.3814
vn 0.9250 -0.0000 -0.3800
vn 0.9251 0.0002 -0.3797
vn 0.9265 -0.0002 -0.3764
vn 0.9261 0.0001 -0.3774
vn 0.9254 -0.0002 -0.3790
vn 0.9259 -0.0002 -0.3778
vn 0.9259 -0.0001 -0.3777
vn 0.9261 -0.0000 -0.3772
vn 0.9245 0.0003 -0.3812
vn 0.2923 -0.0830 0.9527
vn 0.4518 -0.0473 0.8909
vn 0.2764 -0.0461 0.9599
vn -0.1947 -0.6768 0.7100
vn 0.1189 -0.5658 0.8159
vn -0.9025 0.0076 0.4307
vn -0.8985 -0.0160 0.4387
vn -0.9029 -0.0251 0.4291
vn -0.0365 -0.9481 0.3159
vn -0.1412 -0.9672 0.2112
vn -0.0995 -0.9771 0.1881
vn -0.1025 -0.9566 0.2729
vn 0.8969 -0.0015 -0.4422
vn 0.8990 0.0001 -0.4380
vn 0.0036 0.9492 0.3147
vn -0.0968 0.9751 0.1995
vn -0.0982 0.9655 0.2411
vn -0.1722 0.9559 0.2378
vn -0.9025 0.0164 0.4303
vn -0.9021 0.0171 0.4312
vn -0.0370 0.8238 0.5656
vn 0.0377 0.7738 0.6323
vn 0.3305 0.0445 0.9427
vn -0.0125 0.0299 0.9995
vn 0.0760 0.0481 0.9959
vn 0.0384 0.0743 0.9965
vn 0.0986 0.0682 0.9928
vn 0.0959 -0.9802 0.1731
vn 0.0952 -0.9800 0.1746
vn 0.0963 -0.9803 0.1726
vn 0.0965 -0.9803 0.1723
vn 0.0965 -0.9804 0.1718
vn 0.0965 -0.9804 0.1720
vn 0.0964 -0.9805 0.1715
vn 0.0961 -0.9807 0.1700
vn 0.0957 -0.9807 0.1703
vn 0.0951 -0.9807 0.1710
vn 0.0958 -0.9807 0.1702
vn 0.0955 -0.9807 0.1707
vn 0.0891 -0.9806 0.1746
vn 0.0826 -0.9805 0.1781
vn 0.0944 -0.9801 0.1748
vn 0.0955 -0.9800 0.1746
vn -0.1829 -0.3890 -0.9029
vn -0.1990 -0.4259 -0.8826
vn 0.0856 -0.9958 0.0316
vn 0.0908 -0.9948 0.0456
vn -0.1141 -0.8710 -0.4779
vn 0.0621 -0.9491 -0.3087
vn 0.0665 -0.9537 -0.2932
vn -0.0824 -0.6541 -0.7519
vn -0.0111 -0.3685 -0.9296
vn 0.0018 -0.2697 -0.9629
vn 0.0316 -0.6344 -0.7724
vn 0.0437 -0.6550 -0.7543
vn -0.2028 -0.1376 -0.9695
vn -0.2632 -0.0401 -0.9639
vn -0.2018 -0.0300 -0.9790
vn -0.0082 -0.1207 -0.9927
vn -0.0324 -0.1112 -0.9933
vn -0.0128 -0.0713 -0.9974
vn -0.0266 -0.0675 -0.9974
vn -0.0470 -0.0305 -0.9984
vn -0.0409 -0.0324 -0.9986
vn -0.0305 -0.0119 -0.9995
vn -0.0470 -0.1449 -0.9883
vn -0.2123 -0.1390 -0.9673
vn -0.1266 -0.1129 -0.9855
vn -0.1539 -0.0667 -0.9858
vn -0.1789 -0.0796 -0.9806
vn -0.2253 0.1450 -0.9634
vn -0.2073 -0.0042 -0.9783
vn -0.2619 0.0227 -0.9648
vn -0.1980 0.0329 -0.9796
vn -0.0425 0.0309 -0.9986
vn -0.0344 0.0063 -0.9994
vn -0.0424 0.0119 -0.9990
vn -0.0338 0.1354 -0.9902
vn -0.0307 0.0347 -0.9989
vn -0.0485 0.0650 -0.9967
vn -0.0104 0.0890 -0.9960
vn -0.0316 0.0963 -0.9948
vn -0.0234 0.1383 -0.9901
vn -0.1886 0.0763 -0.9791
vn -0.2131 0.0865 -0.9732
vn -0.1689 0.0987 -0.9807
vn -0.1891 0.1376 -0.9723
vn 0.0696 0.9638 -0.2573
vn -0.0396 0.9314 -0.3618
vn -0.1118 0.5088 -0.8536
vn 0.0048 0.2672 -0.9636
vn 0.0717 0.9970 0.0307
vn 0.0368 0.6468 -0.7617
vn 0.0380 0.6421 -0.7657
vn 0.0711 0.9629 -0.2604
vn -0.0627 0.6720 -0.7379
vn -0.2809 0.3711 -0.8851
vn -0.0111 0.3954 -0.9184
vn 0.0946 0.9822 0.1621
vn 0.0981 0.9822 0.1599
vn 0.0964 0.9806 0.1709
vn 0.0966 0.9804 0.1719
vn 0.0966 0.9804 0.1715
vn 0.0966 0.9803 0.1722
vn 0.0963 0.9803 0.1727
vn 0.0956 0.9801 0.1739
vn 0.0986 0.9797 0.1745
vn 0.0958 0.9800 0.1742
vn 0.0960 0.9800 0.1742
vn 0.0905 0.9803 0.1755
vn 0.0813 0.9806 0.1781
vn 0.0929 0.9808 0.1718
vn 0.0922 0.9824 0.1626
vn 0.0949 0.9808 0.1704
vn 0.1062 0.9814 0.1597
vn 0.4773 0.2792 0.8332
vn 0.4591 0.3409 0.8204
vn 0.3962 0.6071 0.6888
vn 0.3068 0.7683 0.5618
vn 0.1992 -0.9167 0.3464
vn 0.4824 -0.3101 0.8192
vn 0.4385 -0.4423 0.7824
vn 0.4242 -0.5194 0.7418
vn 0.3029 -0.7748 0.5550
vn -0.3419 -0.0483 -0.9385
vn -0.3932 -0.0432 -0.9184
vn -0.3936 -0.0770 -0.9161
vn -0.3932 -0.0770 -0.9162
vn -0.1554 -0.9239 -0.3496
vn -0.1649 -0.9271 -0.3365
vn -0.2907 -0.6695 -0.6836
vn -0.2989 -0.6772 -0.6724
vn -0.3735 -0.2818 -0.8838
vn -0.3836 -0.2893 -0.8770
vn -0.1506 -0.9771 -0.1505
vn -0.0888 -0.9810 -0.1726
vn 0.3467 -0.3127 0.8844
vn 0.3349 -0.3046 0.8916
vn 0.2690 -0.6701 0.6918
vn 0.2601 -0.6605 0.7044
vn 0.1124 -0.9454 0.3060
vn 0.0707 -0.9296 0.3616
vn 0.0654 -0.9953 -0.0716
vn 0.3652 -0.0286 0.9305
vn 0.3534 -0.0277 0.9351
vn 0.3639 -0.0860 0.9274
vn 0.3521 -0.0851 0.9321
vn 0.3619 -0.1344 0.9225
vn 0.3502 -0.1331 0.9272
vn 0.2403 0.1337 0.9615
vn 0.3504 0.1267 0.9280
vn 0.3645 0.0689 0.9287
vn 0.3525 0.0698 0.9332
vn 0.3653 0.0202 0.9307
vn 0.3533 0.0215 0.9353
vn 0.0480 0.9970 -0.0614
vn 0.0569 0.9429 0.3282
vn 0.1160 0.9294 0.3505
vn 0.2818 0.6310 0.7228
vn 0.2315 0.6549 0.7194
vn 0.4045 0.3020 0.8632
vn -0.0947 0.9805 -0.1724
vn -0.1743 0.9756 -0.1334
vn -0.3730 0.2809 -0.8843
vn -0.3866 0.2722 -0.8812
vn -0.2907 0.6694 -0.6836
vn -0.3042 0.6615 -0.6855
vn -0.1557 0.9243 -0.3484
vn -0.1690 0.9212 -0.3504
vn -0.3335 0.0483 -0.9415
vn -0.4016 0.0416 -0.9149
vn -0.3878 0.0770 -0.9185
vn -0.3990 0.0759 -0.9138
vn 0.1322 -0.9247 0.3569
vn 0.1236 -0.9212 0.3689
vn 0.2777 -0.6477 0.7095
vn 0.2957 -0.6616 0.6891
vn 0.2769 -0.2712 0.9218
vn 0.0493 -0.9804 0.1909
vn 0.0671 -0.9805 0.1849
vn -0.4509 -0.3009 -0.8403
vn -0.2588 -0.6077 -0.7508
vn -0.3059 -0.6558 -0.6902
vn -0.1536 -0.9254 -0.3464
vn -0.1595 -0.9294 -0.3328
vn 0.0004 -0.9994 0.0335
vn -0.0074 -0.9990 0.0450
vn -0.3880 -0.0202 -0.9214
vn -0.3987 -0.0215 -0.9168
vn -0.3863 -0.0724 -0.9195
vn -0.3544 -0.0698 -0.9325
vn -0.3419 -0.1287 -0.9309
vn -0.3148 -0.1265 -0.9407
vn -0.2556 0.1478 -0.9554
vn -0.3955 0.1331 -0.9088
vn -0.3867 0.0860 -0.9182
vn -0.3976 0.0851 -0.9136
vn -0.3879 0.0286 -0.9212
vn -0.3988 0.0277 -0.9166
vn -0.0698 0.9949 0.0733
vn -0.0876 0.9490 -0.3030
vn -0.1580 0.9317 -0.3270
vn -0.2973 0.6478 -0.7015
vn -0.2740 0.6607 -0.6989
vn -0.4372 0.3036 -0.8466
vn 0.0498 0.9801 0.1922
vn 0.1365 0.9792 0.1504
vn 0.3508 0.2808 0.8934
vn 0.3380 0.2893 0.8956
vn 0.2696 0.6695 0.6922
vn 0.2567 0.6772 0.6896
vn 0.1323 0.9244 0.3577
vn 0.1190 0.9272 0.3552
vn 0.2601 -0.0077 0.9655
vn 0.2606 -0.0062 0.9654
vn 0.2600 -0.0184 0.9654
vn 0.2582 -0.0256 0.9658
vn 0.2606 -0.0361 0.9648
vn 0.2608 -0.0475 0.9642
vn 0.2571 -0.0647 0.9642
vn 0.2593 -0.0686 0.9634
vn 0.2610 -0.0818 0.9619
vn 0.1321 -0.9564 0.2606
vn 0.3110 -0.3009 0.9015
vn 0.2902 -0.7991 0.5265
vn 0.4441 -0.1859 0.8765
vn 0.3688 -0.6172 0.6950
vn 0.4891 -0.0791 0.8686
vn 0.5018 -0.0362 0.8642
vn 0.4911 -0.0513 0.8696
vn 0.4945 -0.0588 0.8672
vn 0.4803 -0.0856 0.8729
vn 0.5048 0.0513 0.8617
vn 0.4929 0.0763 0.8667
vn 0.4912 0.0754 0.8678
vn 0.4998 0.0476 0.8648
vn 0.1530 0.9431 0.2951
vn 0.1497 0.9463 0.2867
vn 0.2771 0.8223 0.4971
vn 0.2773 0.3080 0.9101
vn 0.2940 0.3819 0.8762
vn 0.2338 0.6669 0.7075
vn 0.2595 0.0888 0.9617
vn 0.2578 0.0798 0.9629
vn 0.2620 0.0684 0.9626
vn 0.2615 0.0066 0.9652
vn 0.2599 0.0217 0.9654
vn 0.2599 0.0216 0.9654
vn 0.2607 0.0432 0.9644
vn 0.2555 0.0324 0.9663
vn 0.2606 0.0501 0.9642
vn 0.4840 0.0171 0.8749
vn 0.4859 0.0193 0.8738
vn 0.4923 0.0220 0.8701
vn 0.4871 0.0277 0.8729
vn 0.4995 -0.0248 0.8660
vn 0.5014 -0.0226 0.8649
vn 0.5034 -0.0234 0.8637
vn 0.4986 0.0002 0.8668
vn 0.4969 -0.0016 0.8678
vn 0.4989 0.0002 0.8667
vn 0.9947 0.0339 -0.0967
vn 0.4874 -0.0335 0.8725
vn 0.0389 -0.9979 -0.0525
vn 0.0152 -0.9992 0.0372
vn -0.0650 -0.9978 -0.0102
vn -0.0302 0.9992 -0.0244
vn 0.0353 0.9993 0.0144
vn -0.0130 0.9994 -0.0319
vn 0.4959 -0.0740 0.8652
vn 0.4964 -0.0706 0.8652
vn 0.5002 -0.0530 0.8643
vn 0.4887 -0.0471 0.8712
vn 0.4886 -0.0714 0.8696
vn 0.5088 -0.0796 0.8572
vn 0.4513 0.0254 0.8920
vn 0.4605 0.0382 0.8868
vn 0.4942 0.0328 0.8687
vn 0.4495 0.0454 0.8921
vn 0.4620 0.0838 0.8829
vn 0.3126 0.0805 0.9465
vn 0.2937 0.0752 0.9529
vn 0.2958 0.0458 0.9541
vn 0.3038 0.0437 0.9517
vn 0.3097 0.0133 0.9507
vn 0.3189 0.0149 0.9477
vn -0.1659 0.3236 -0.9315
vn 0.5334 0.5930 0.6032
vn 0.7743 0.6144 -0.1515
vn 0.8780 0.0369 0.4772
vn 0.5124 -0.7801 0.3590
vn 0.4223 -0.9051 -0.0492
vn 0.8616 -0.3163 0.3971
vn 0.3163 -0.0255 0.9483
vn 0.2941 -0.0408 0.9549
vn 0.3122 -0.0622 0.9480
vn 0.3233 -0.0653 0.9440
vn 0.5200 -0.0999 0.8483
vn 0.4720 -0.0422 0.8806
vn 0.2905 -0.0807 0.9535
vn 0.5053 -0.0349 0.8622
vn 0.3294 0.0103 0.9441
vn 0.3009 -0.0184 0.9535
vn 0.4717 -0.0158 0.8816
vn 0.1208 0.9698 0.2117
vn -0.0192 0.9997 0.0117
vn -0.3029 0.8581 -0.4147
vn 0.4892 -0.0246 0.8718
vn 0.4898 0.0278 0.8714
vn -0.9488 -0.0000 0.3158
vn -0.9345 -0.0000 0.3560
vn -0.7730 -0.5769 -0.2641
vn -0.0012 -1.0000 -0.0063
vn 0.0670 -0.9763 0.2058
vn -0.8909 -0.0030 0.4541
vn -0.8052 0.0111 0.5928
vn 0.4020 0.0451 0.9145
vn 0.3599 0.0494 0.9317
vn 0.3587 0.0771 0.9303
vn 0.3591 0.0770 0.9301
vn 0.1030 -0.9786 0.1779
vn 0.4964 -0.0907 0.8634
vn 0.3535 -0.0759 0.9324
vn 0.3658 -0.0479 0.9295
vn 0.3741 -0.0488 0.9261
vn 0.4935 0.0800 0.8660
vn 0.5062 -0.0687 0.8597
vn 0.4947 0.0491 0.8676
vn 0.5110 0.0849 0.8554
vn 0.4843 0.0709 0.8720
vn 0.4958 0.0493 0.8670
vn 0.4948 0.0487 0.8676
vn 0.3224 -0.7582 0.5667
vn -0.1785 -0.9802 0.0858
vn 0.1800 -0.9810 -0.0732
vn -0.2015 -0.9747 0.0969
vn -0.3709 -0.9109 0.1806
vn 0.4986 0.0001 0.8669
vn 0.5016 -0.0007 0.8651
vn -0.1867 0.9777 0.0967
vn -0.2902 0.9463 0.1421
vn -0.1779 0.9802 0.0866
vn -0.1801 0.9797 0.0878
vn 0.0357 -0.9967 0.0728
vn 0.0062 -0.9999 0.0101
vn 0.0361 0.9967 0.0722
vn 0.0019 1.0000 0.0002
vn 0.0073 0.9999 0.0127
vn 0.9922 0.0012 0.1244
vn 0.9122 -0.0025 -0.4098
vn 0.3040 0.7978 0.5207
vn 0.4039 0.5813 0.7064
vn 0.4005 -0.5908 0.7003
vn 0.3383 -0.7361 0.5862
vn -0.1608 -0.0002 -0.9870
vn 0.9262 0.0001 -0.3770
vn 0.9263 -0.0001 -0.3768
vn 0.9267 0.0011 -0.3757
vn 0.9260 0.0024 -0.3776
vn 0.9262 -0.0001 -0.3771
vn 0.9259 -0.0007 -0.3777
vn 0.9260 -0.0001 -0.3774
vn 0.9258 0.0031 -0.3779
vn 0.9246 0.0036 -0.3810
vn 0.9255 0.0012 -0.3787
vn 0.9261 0.0003 -0.3772
vn 0.9261 0.0003 -0.3773
vn 0.9262 -0.0000 -0.3771
vn 0.9263 -0.0000 -0.3768
vn 0.9258 0.0002 -0.3779
vn 0.9260 -0.0000 -0.3776
vn 0.9256 -0.0039 -0.3784
vn 0.9263 -0.0052 -0.3768
vn 0.9264 -0.0004 -0.3766
vn 0.9263 -0.0005 -0.3768
vn 0.9263 -0.0002 -0.3769
vn 0.9263 -0.0003 -0.3768
vn 0.9279 -0.0169 -0.3724
vn 0.9280 -0.0023 -0.3725
vn 0.9258 0.0001 -0.3781
vn 0.9263 -0.0000 -0.3769
vn 0.9271 0.0011 -0.3747
vn 0.9273 0.0072 -0.3742
vn 0.9265 0.0032 -0.3763
vn 0.9265 0.0030 -0.3763
vn 0.9277 0.0248 -0.3724
vn 0.9256 0.0034 -0.3786
vn 0.9245 0.0006 -0.3813
vn 0.9264 -0.0001 -0.3765
vn 0.9264 -0.0000 -0.3764
vn 0.9314 0.0007 -0.3639
vn 0.9269 -0.0002 -0.3754
vn 0.9221 0.0011 -0.3868
vn 0.9217 0.0003 -0.3878
vn 0.9256 -0.0000 -0.3784
vn 0.9258 -0.0000 -0.3780
vn 0.8707 -0.0096 -0.4918
vn 0.4930 -0.1515 0.8567
vn 0.4817 0.1370 0.8655
vn 0.4842 -0.1484 0.8623
vn 0.4081 0.6341 0.6568
vn 0.4902 0.0375 0.8708
vn 0.5009 -0.0003 0.8655
vn 0.5010 -0.0001 0.8654
vn 0.4982 -0.1466 0.8546
vn 0.5289 0.0078 0.8487
vn 0.4972 0.0214 0.8674
vn 0.5042 0.0393 0.8627
vn 0.4873 -0.0024 0.8732
vn 0.4853 -0.0006 0.8744
vn 0.4874 -0.0061 0.8732
vn 0.5027 0.0036 0.8644
vn 0.5965 -0.0226 0.8023
vn 0.4942 -0.0001 0.8693
vn 0.5023 0.0003 0.8647
vn 0.4995 0.0002 0.8663
vn 0.4584 0.0950 0.8837
vn 0.5529 -0.0535 0.8315
vn 0.4595 0.1204 0.8800
vn 0.4761 0.0981 0.8739
vn 0.4884 -0.0163 0.8725
vn 0.4876 0.0006 0.8731
vn 0.5041 -0.0035 0.8636
vn -0.9305 -0.0003 0.3664
vn -0.0069 -0.7071 0.7071
vn -0.0082 -0.7110 0.7031
vn 0.0042 -0.2588 0.9659
vn -0.0321 -0.3833 0.9231
vn 0.0012 -0.9659 0.2588
vn -0.0363 -0.9915 0.1248
vn 0.0023 -0.9126 0.4088
vn -0.0000 -0.0000 1.0000
vn -0.0024 -0.0022 1.0000
vn 0.0057 -0.0223 0.9997
vn 0.0015 0.9925 0.1220
vn -0.0182 0.9658 0.2588
vn -0.0104 0.7131 0.7010
vn -0.0084 0.7071 0.7071
vn 0.0027 0.9081 0.4187
vn 0.0061 0.1060 0.9944
vn -0.0170 0.2588 0.9658
vn 0.0025 0.4381 0.8989
vn -0.0022 1.0000 -0.0015
vn -0.0002 1.0000 -0.0000
vn -0.0001 1.0000 -0.0000
vn -0.0004 1.0000 0.0002
vn 0.0016 -0.5479 -0.8365
vn 0.0087 -0.9993 -0.0359
vn 0.0074 -0.9864 -0.1641
vn -0.0155 -0.9942 -0.1060
vn -0.0188 -0.9576 -0.2876
vn 0.0078 -0.9382 -0.3461
vn 0.0023 -0.8585 -0.5128
vn -0.0219 -0.8447 -0.5347
vn -0.0053 -0.6923 -0.7216
vn -0.0133 -0.6864 -0.7271
vn 0.0131 -0.4930 -0.8699
vn -0.0887 -0.4527 -0.8872
vn -0.0290 -0.3073 -0.9512
vn -0.0272 -0.3078 -0.9511
vn -0.0163 -0.1679 -0.9857
vn -0.1186 -0.1588 -0.9802
vn -0.4950 -0.0275 -0.8685
vn 0.0263 -0.0568 -0.9980
vn 0.0111 0.0996 -0.9950
vn -0.2542 0.0842 -0.9635
vn 0.0432 0.0230 -0.9988
vn -0.0917 0.2102 -0.9733
vn 0.0036 0.2249 -0.9744
vn 0.0243 0.3860 -0.9222
vn -0.0442 0.3604 -0.9318
vn -0.0438 0.5441 -0.8379
vn 0.0004 0.7639 -0.6453
vn -0.0261 0.7397 -0.6724
vn 0.0166 0.5910 -0.8065
vn -0.0009 0.8887 -0.4585
vn -0.0162 0.8790 -0.4765
vn -0.0174 0.9628 -0.2698
vn 0.0008 0.9687 -0.2482
vn 0.0008 0.9995 -0.0311
vn -0.0172 0.9975 -0.0690
vn 0.0039 0.9919 -0.1268
vn -0.0019 -1.0000 -0.0013
vn -0.0011 -1.0000 -0.0019
vn -0.0024 -1.0000 -0.0004
vn 0.0019 -1.0000 0.0013
vn -0.5596 0.0279 0.8283
vn -0.6276 0.0533 0.7767
vn -0.6910 0.1422 0.7087
vn -0.6501 0.1033 0.7528
vn -0.6160 0.0989 0.7815
vn -0.6137 0.0971 0.7836
vn -0.4602 0.1063 0.8814
vn -0.4588 0.1056 0.8823
vn -0.4214 0.0671 0.9044
vn -0.5298 0.0856 0.8438
vn -0.5360 0.0251 0.8438
vn -0.5458 0.0292 0.8374
vn -0.4468 0.0297 0.8941
vn -0.4863 0.0185 0.8736
vn -0.4469 -0.0195 0.8944
vn -0.6916 -0.1221 0.7119
vn -0.6322 -0.0751 0.7712
vn -0.5992 -0.0359 0.7998
vn -0.4781 -0.0319 0.8777
vn -0.5264 -0.0314 0.8496
vn -0.5526 -0.0242 0.8331
vn -0.4914 -0.0175 0.8708
vn -0.4155 -0.0742 0.9065
vn -0.4679 -0.1058 0.8774
vn -0.5317 -0.0882 0.8423
vn -0.5929 -0.0977 0.7993
vn -0.6228 -0.0870 0.7775
vn -0.6971 0.3997 0.5952
vn -0.6265 0.3876 0.6763
vn -0.5585 0.3752 0.7397
vn -0.6970 0.3974 0.5969
vn -0.7384 0.3078 0.6001
vn -0.7376 0.3041 0.6029
vn -0.7635 0.2251 0.6054
vn -0.7629 0.2210 0.6076
vn -0.7633 0.2200 0.6074
vn -0.6260 0.3835 0.6790
vn -0.6643 0.3000 0.6847
vn -0.6612 0.2898 0.6920
vn -0.6829 0.2204 0.6965
vn -0.6721 0.1981 0.7135
vn -0.7458 0.1601 0.6467
vn -0.6933 0.1572 0.7033
vn -0.5639 0.2870 0.7743
vn -0.5560 0.2766 0.7838
vn -0.5971 0.2023 0.7763
vn -0.5686 0.1640 0.8061
vn -0.4245 0.3417 0.8385
vn -0.4954 0.2794 0.8225
vn -0.4434 0.2061 0.8723
vn -0.4745 0.1536 0.8667
vn -0.4578 0.1305 0.8794
vn -0.4477 -0.1449 0.8824
vn -0.6891 -0.1588 0.7070
vn -0.7611 -0.2330 0.6053
vn -0.7652 -0.1669 0.6218
vn -0.4510 -0.1421 0.8811
vn -0.5830 -0.1601 0.7965
vn -0.5938 -0.1494 0.7906
vn -0.6841 -0.1474 0.7143
vn -0.4780 -0.2038 0.8544
vn -0.5902 -0.1953 0.7833
vn -0.5743 -0.2114 0.7909
vn -0.6857 -0.2105 0.6968
vn -0.6761 -0.2202 0.7032
vn -0.7544 -0.2211 0.6180
vn -0.4789 -0.2513 0.8411
vn -0.4450 -0.2809 0.8504
vn -0.5848 -0.2701 0.7649
vn -0.5663 -0.2871 0.7725
vn -0.6685 -0.2898 0.6849
vn -0.6578 -0.2994 0.6911
vn -0.7399 -0.3042 0.6001
vn -0.7363 -0.3077 0.6027
vn -0.4538 -0.3622 0.8142
vn -0.4486 -0.3652 0.8157
vn -0.5325 -0.3802 0.7563
vn -0.5426 -0.3729 0.7527
vn -0.6287 -0.3838 0.6764
vn -0.6241 -0.3872 0.6786
vn -0.6984 -0.3975 0.5952
vn -0.6959 -0.3995 0.5968
vn -0.7980 0.3106 0.5165
vn -0.8201 0.2842 0.4967
vn -0.8248 0.2513 0.5064
vn -0.8684 0.2906 0.4018
vn -0.9083 0.3108 0.2798
vn -0.9091 0.3039 0.2849
vn -0.9350 0.3037 0.1831
vn -0.8686 0.3082 0.3881
vn -0.7619 0.4075 0.5035
vn -0.8192 0.4221 0.3883
vn -0.8615 0.4219 0.2825
vn -0.8642 0.4183 0.2796
vn -0.8870 0.4194 0.1931
vn -0.8926 0.4104 0.1866
vn -0.7623 0.4130 0.4984
vn -0.8202 0.4126 0.3964
vn -0.9352 0.3025 0.1839
vn -0.8333 -0.2755 0.4792
vn -0.9046 -0.3213 0.2801
vn -0.9188 -0.2991 0.2577
vn -0.8668 -0.3119 0.3891
vn -0.8850 -0.2934 0.3614
vn -0.8028 -0.2214 0.5536
vn -0.8926 -0.4104 0.1866
vn -0.8870 -0.4195 0.1931
vn -0.8640 -0.4185 0.2799
vn -0.8616 -0.4218 0.2825
vn -0.8190 -0.4225 0.3883
vn -0.8234 -0.2806 0.4933
vn -0.7981 -0.3106 0.5163
vn -0.7614 -0.4075 0.5043
vn -0.7618 -0.4138 0.4984
vn -0.8200 -0.4128 0.3965
vn -0.9324 -0.3108 0.1846
vn -0.9355 -0.3043 0.1795
vn -0.9677 0.2516 0.0136
vn -0.9340 0.3569 0.0158
vn -0.9457 0.3024 0.1192
vn -0.9861 0.1660 0.0068
vn -0.9912 0.1319 0.0087
vn -0.9816 0.1907 0.0125
vn -0.9926 0.1212 0.0058
vn -0.9960 0.0897 0.0001
vn -0.9055 0.4069 0.1200
vn -0.9071 0.4026 0.1227
vn -0.9141 0.3996 0.0687
vn -0.9163 0.3942 0.0714
vn -0.9190 0.3926 0.0366
vn -0.9214 0.3868 0.0388
vn -0.9221 0.3863 0.0236
vn -0.9634 0.2674 0.0178
vn -0.9672 0.2512 0.0362
vn -0.9611 0.2747 0.0290
vn -0.9590 0.2751 0.0679
vn -0.9565 0.2848 0.0628
vn -0.9488 0.2943 0.1144
vn -0.9818 -0.1898 0.0123
vn -0.9861 -0.1658 0.0066
vn -0.9884 -0.1519 -0.0018
vn -0.9661 -0.2565 0.0286
vn -0.9607 -0.2751 0.0363
vn -0.9594 -0.2751 0.0617
vn -0.9553 -0.2878 0.0681
vn -0.9500 -0.2901 0.1152
vn -0.9474 -0.2971 0.1191
vn -0.9359 -0.3514 0.0255
vn -0.9051 -0.4071 0.1227
vn -0.9075 -0.4024 0.1200
vn -0.9138 -0.3998 0.0714
vn -0.9165 -0.3941 0.0687
vn -0.9189 -0.3927 0.0388
vn -0.9215 -0.3867 0.0366
vn -0.9223 -0.3861 0.0180
vn -0.9637 -0.2664 0.0166
vn -0.9649 -0.2623 0.0152
vn -0.9872 -0.1593 0.0093
vn 0.4282 0.1818 0.8852
vn 0.1820 0.2994 0.9366
vn 0.4196 0.2282 0.8786
vn 0.4152 0.2224 0.8821
vn 0.3236 0.2522 0.9120
vn 0.3594 0.1831 0.9151
vn 0.3209 0.2179 0.9217
vn 0.2563 0.2031 0.9450
vn 0.1758 0.2599 0.9495
vn 0.1721 0.2653 0.9487
vn 0.5294 0.1445 0.8360
vn 0.5004 0.1703 0.8489
vn 0.4922 0.2085 0.8451
vn 0.5053 0.2214 0.8341
vn 0.1745 0.2950 0.9394
vn 0.2441 0.2915 0.9249
vn 0.3163 0.2453 0.9164
vn 0.4283 0.1819 0.8852
vn -0.1650 0.4717 0.8662
vn 0.0873 0.3589 0.9293
vn -0.0791 0.4360 0.8965
vn -0.0383 0.3791 0.9246
vn -0.0223 0.3779 0.9256
vn 0.0331 0.3349 0.9417
vn 0.0362 0.3339 0.9419
vn 0.0744 0.2821 0.9565
vn 0.5670 0.2127 0.7958
vn 0.7048 0.3319 0.6270
vn 0.7631 0.3857 0.5185
vn 0.7471 0.3916 0.5371
vn 0.5838 0.1439 0.7991
vn 0.6046 0.1339 0.7852
vn 0.6536 0.1398 0.7438
vn 0.6696 0.1324 0.7308
vn 0.7498 0.1450 0.6456
vn 0.7384 0.1510 0.6573
vn 0.8182 0.1658 0.5504
vn 0.8143 0.1693 0.5552
vn 0.6732 0.1835 0.7163
vn 0.7457 0.1980 0.6362
vn 0.7387 0.2028 0.6428
vn 0.8114 0.2212 0.5410
vn 0.8053 0.2260 0.5481
vn 0.7860 0.2995 0.5408
vn 0.7926 0.2951 0.5336
vn 0.7231 0.2716 0.6351
vn 0.7150 0.2762 0.6422
vn 0.6366 0.2431 0.7319
vn 0.6674 0.2355 0.7065
vn 0.5937 0.2313 0.7707
vn -0.3234 0.6815 0.6565
vn -0.3251 0.7738 0.5436
vn -0.2148 0.5506 0.8067
vn -0.2201 0.5316 0.8179
vn -0.2668 0.6091 0.7468
vn -0.2809 0.6116 0.7396
vn -0.3376 0.6845 0.6461
vn -0.3407 0.7394 0.5807
vn -0.3755 0.7431 0.5539
vn 0.7796 0.6017 0.1734
vn 0.7210 0.5310 0.4452
vn 0.3114 0.9348 0.1706
vn 0.4274 0.8853 0.1829
vn 0.2690 0.9570 0.1089
vn 0.7967 0.5376 0.2763
vn 0.7731 0.5797 0.2573
vn 0.7115 0.6543 0.2560
vn 0.6989 0.6731 0.2418
vn 0.5688 0.7872 0.2382
vn 0.5661 0.7899 0.2356
vn 0.4425 0.8738 0.2017
vn 0.7775 0.6040 0.1753
vn 0.7073 0.6800 0.1930
vn 0.6280 0.7645 0.1456
vn 0.5747 0.8012 0.1664
vn 0.4454 0.8856 0.1318
vn 0.4311 0.8913 0.1406
vn 0.2707 0.9567 0.1070
vn 0.7554 0.5644 0.3328
vn 0.7168 0.6038 0.3487
vn 0.6895 0.6409 0.3375
vn 0.6693 0.6587 0.3438
vn 0.5726 0.7701 0.2811
vn 0.0044 0.9969 0.0790
vn 0.0558 0.9973 0.0478
vn 0.0723 0.9945 0.0764
vn 0.1621 0.9812 0.1049
vn 0.1412 0.9866 0.0819
vn 0.2073 0.9715 0.1147
vn -0.0373 0.9970 0.0684
vn -0.0897 0.9915 0.0939
vn -0.1256 0.9856 0.1136
vn -0.0390 0.9970 0.0672
vn -0.0695 0.9952 0.0691
vn -0.3140 0.8958 0.3146
vn -0.3437 0.8276 0.4437
vn -0.1786 0.9698 0.1661
vn -0.1404 0.9836 0.1130
vn -0.1577 0.9832 0.0920
vn -0.1864 0.9780 0.0932
vn -0.2216 0.9672 0.1241
vn -0.2163 0.9611 0.1716
vn -0.2442 0.9483 0.2027
vn -0.2415 0.9404 0.2395
vn -0.2819 0.9511 0.1261
vn -0.3077 0.9398 0.1488
vn -0.2989 0.9321 0.2046
vn -0.3267 0.9157 0.2340
vn -0.3095 0.8974 0.3144
vn -0.3309 0.8823 0.3346
vn -0.3327 0.8357 0.4369
vn -0.3947 0.7926 0.4647
vn -0.3813 0.8105 0.4446
vn -0.4116 0.8377 0.3591
vn -0.3942 0.8552 0.3365
vn -0.4158 0.8723 0.2574
vn -0.3962 0.8873 0.2362
vn -0.4102 0.8963 0.1687
vn -0.3910 0.9078 0.1515
vn 0.9910 0.1184 0.0623
vn 0.9919 0.0976 0.0814
vn 0.9882 0.1425 0.0569
vn 0.9979 0.0049 0.0645
vn 0.9923 0.0011 0.1241
vn 0.9981 0.0019 0.0617
vn 0.9969 0.0396 0.0681
vn 0.9969 0.0404 0.0675
vn 0.9913 0.0338 0.1270
vn 0.9919 0.0398 0.1210
vn 0.9830 0.1286 0.1307
vn 0.9839 0.1251 0.1275
vn 0.9967 -0.0395 0.0715
vn 0.9979 -0.0212 0.0612
vn 0.9957 -0.0700 0.0604
vn 0.9919 -0.0022 0.1267
vn 0.9914 -0.0391 0.1249
vn 0.9921 -0.0349 0.1204
vn 0.9836 -0.1228 0.1324
vn 0.9835 -0.1275 0.1280
vn 0.9903 -0.1195 0.0705
vn 0.9876 -0.1471 0.0544
vn 0.9459 0.3221 0.0390
vn 0.9255 0.3762 0.0450
vn 0.9234 0.3809 0.0470
vn 0.9568 0.2873 0.0438
vn 0.9602 0.2733 0.0579
vn 0.9778 0.2020 0.0552
vn 0.9777 0.2026 0.0546
vn 0.9724 0.1955 0.1274
vn 0.8224 0.5687 0.0182
vn 0.8350 0.5501 0.0117
vn 0.8946 0.4455 0.0350
vn 0.8755 0.4816 0.0399
vn 0.8813 0.4711 0.0380
vn 0.8423 0.5379 0.0334
vn 0.8368 0.5464 0.0357
vn 0.9714 0.2226 0.0831
vn 0.9545 0.2866 0.0824
vn 0.9549 0.2854 0.0815
vn 0.9214 0.3801 0.0807
vn 0.9229 0.3770 0.0783
vn 0.8793 0.4699 0.0777
vn 0.8824 0.4644 0.0756
vn 0.8350 0.5451 0.0749
vn 0.8402 0.5375 0.0721
vn 0.9681 0.2083 0.1396
vn 0.9489 0.2836 0.1383
vn 0.9494 0.2825 0.1372
vn 0.9171 0.3745 0.1363
vn 0.9188 0.3715 0.1333
vn 0.8771 0.4615 0.1330
vn 0.8702 0.4728 0.1383
vn 0.8362 0.5348 0.1215
vn 0.9772 -0.2037 0.0592
vn 0.9731 -0.2265 0.0409
vn 0.9564 -0.2871 0.0531
vn 0.9509 -0.3068 0.0411
vn 0.8421 -0.5391 0.0157
vn 0.8352 -0.5452 0.0720
vn 0.8357 -0.5344 0.1261
vn 0.9264 -0.3739 0.0446
vn 0.9234 -0.3809 0.0472
vn 0.8983 -0.4381 0.0336
vn 0.8812 -0.4710 0.0398
vn 0.8368 -0.5464 0.0347
vn 0.8341 -0.5507 0.0334
vn 0.8400 -0.5374 0.0750
vn 0.8794 -0.4700 0.0756
vn 0.8822 -0.4644 0.0777
vn 0.9216 -0.3802 0.0782
vn 0.9227 -0.3769 0.0807
vn 0.9546 -0.2866 0.0815
vn 0.9549 -0.2854 0.0824
vn 0.9716 -0.2214 0.0831
vn 0.8406 -0.5258 0.1300
vn 0.8774 -0.4617 0.1304
vn 0.8801 -0.4557 0.1331
vn 0.9175 -0.3747 0.1333
vn 0.9184 -0.3713 0.1364
vn 0.9491 -0.2837 0.1372
vn 0.9492 -0.2825 0.1383
vn 0.9722 -0.1879 0.1398
vn 0.9697 -0.2086 0.1271
vn 0.0005 -0.0001 -1.0000
vn 0.0003 -0.0000 -1.0000
vn -0.0008 0.0048 -1.0000
vn -0.0012 -0.0000 -1.0000
vn -0.0029 0.0006 -1.0000
vn -0.0029 -0.0012 -1.0000
vn -0.0007 -0.0014 -1.0000
vn 1.0000 -0.0000 -0.0000
vn 0.1077 0.1195 0.9870
vn -0.2076 0.0196 0.9780
vn -0.1234 0.0183 0.9922
vn 0.0009 0.1828 0.9832
vn 0.0063 0.1805 0.9835
vn -0.0919 0.0979 0.9909
vn -0.1095 0.1058 0.9883
vn 0.0114 0.1141 0.9934
vn 0.1125 0.0644 0.9916
vn 0.1115 0.0650 0.9916
vn 0.0133 0.0639 0.9979
vn -0.3439 0.0139 0.9389
vn -0.3154 0.0911 0.9446
vn -0.2235 0.1178 0.9676
vn -0.3334 0.1070 0.9367
vn -0.3523 0.0679 0.9334
vn 0.0991 0.0300 0.9946
vn 0.1131 0.0212 0.9934
vn 0.0036 0.0210 0.9998
vn 0.0141 0.0154 0.9998
vn -0.1045 0.0278 0.9941
vn -0.2220 0.0269 0.9747
vn -0.0843 0.0617 0.9945
vn 0.0143 0.0634 0.9979
vn 0.0118 0.1140 0.9934
vn 0.1170 0.1169 0.9862
vn 0.0794 0.1913 0.9783
vn 0.0757 0.1929 0.9783
vn -0.1026 0.1609 0.9816
vn -0.1019 0.1622 0.9815
vn -0.2325 0.1220 0.9649
vn -0.2068 0.0903 0.9742
vn -0.2398 0.0562 0.9692
vn -0.3359 0.0534 0.9404
vn -0.3528 0.0217 0.9354
vn 0.0992 -0.0212 0.9948
vn -0.2224 -0.1118 0.9685
vn -0.3214 -0.1117 0.9403
vn -0.2369 -0.0254 0.9712
vn 0.0985 -0.0649 0.9930
vn 0.0143 -0.0639 0.9979
vn 0.0118 -0.1137 0.9934
vn 0.0924 -0.1907 0.9773
vn 0.0669 -0.1659 0.9839
vn 0.1004 -0.1157 0.9882
vn -0.0966 -0.1536 0.9834
vn -0.0334 -0.1940 0.9804
vn 0.0233 -0.1615 0.9866
vn 0.0018 -0.1096 0.9940
vn 0.0958 -0.1135 0.9889
vn 0.0978 -0.0646 0.9931
vn -0.3439 -0.0139 0.9389
vn -0.3529 -0.0218 0.9354
vn -0.3599 -0.0750 0.9300
vn -0.2085 -0.1007 0.9728
vn 0.0036 -0.0165 0.9999
vn -0.0956 -0.0269 0.9951
vn -0.1087 -0.0496 0.9928
vn -0.2229 -0.0494 0.9736
vn -0.2315 -0.0569 0.9712
vn -0.3353 -0.0532 0.9406
vn 0.0991 -0.0212 0.9948
vn 0.0140 -0.0211 0.9997
vn 0.0133 -0.0634 0.9979
vn -0.0960 -0.0614 0.9935
vn -0.0982 -0.1086 0.9892
vn -0.1026 -0.1114 0.9885
vn 0.3553 0.1415 0.9240
vn 0.1898 0.0119 0.9818
vn 0.2563 0.0274 0.9662
vn 0.2719 0.0206 0.9621
vn 0.3621 0.0205 0.9319
vn 0.1562 0.1278 0.9794
vn 0.2577 0.1041 0.9606
vn 0.2526 0.1077 0.9616
vn 0.3660 0.1057 0.9246
vn 0.5472 0.0992 0.8311
vn 0.5201 0.1162 0.8462
vn 0.3562 0.0969 0.9294
vn 0.3566 0.1424 0.9233
vn 0.2582 0.1667 0.9516
vn 0.2528 0.1705 0.9524
vn 0.1917 0.1707 0.9665
vn 0.1632 0.1903 0.9681
vn 0.5698 0.0362 0.8210
vn 0.5382 0.0526 0.8412
vn 0.4797 0.0533 0.8758
vn 0.4572 0.0945 0.8843
vn 0.4680 0.1158 0.8761
vn 0.4610 0.1208 0.8792
vn 0.2523 0.0650 0.9655
vn 0.2558 0.0627 0.9647
vn 0.3666 0.0621 0.9283
vn 0.3802 0.0498 0.9236
vn 0.4714 0.0483 0.8806
vn 0.1614 -0.1935 0.9677
vn 0.5521 -0.0242 0.8334
vn 0.5429 -0.0183 0.8396
vn 0.4847 -0.0188 0.8745
vn 0.4749 -0.0127 0.8799
vn 0.3720 -0.0141 0.9281
vn 0.3821 -0.0204 0.9239
vn 0.2710 -0.0206 0.9624
vn 0.2719 -0.0210 0.9621
vn 0.4638 -0.0571 0.8841
vn 0.3666 -0.0577 0.9286
vn 0.3715 -0.0621 0.9264
vn 0.2669 -0.0626 0.9617
vn 0.2704 -0.0642 0.9606
vn 0.5472 -0.0786 0.8333
vn 0.5485 -0.0795 0.8323
vn 0.4608 -0.0803 0.8839
vn 0.4823 -0.0937 0.8710
vn 0.3562 -0.0969 0.9294
vn 0.3660 -0.1057 0.9246
vn 0.2578 -0.1076 0.9602
vn 0.2660 -0.1112 0.9575
vn 0.5293 -0.1165 0.8404
vn 0.4463 -0.1189 0.8870
vn 0.4602 -0.1315 0.8780
vn 0.3302 -0.1408 0.9334
vn 0.3566 -0.1565 0.9211
vn 0.2455 -0.1685 0.9546
vn 0.2582 -0.1721 0.9506
vn 0.1962 -0.1759 0.9647
vn 0.1654 -0.1111 0.9800
vn 0.1848 -0.1186 0.9756
vn 0.1864 -0.0642 0.9804
vn 0.1886 -0.0652 0.9799
vn 0.1892 -0.0210 0.9817
vn 0.1898 -0.0213 0.9816
vn 0.4929 -0.1914 0.8488
vn 0.4111 -0.2206 0.8845
vn 0.3227 -0.2415 0.9152
vn 0.3193 -0.2375 0.9174
vn 0.2427 -0.2638 0.9335
vn 0.2467 -0.2646 0.9323
vn 0.1788 -0.2825 0.9425
vn 0.4392 -0.1630 0.8834
vn 0.4463 -0.1683 0.8789
vn 0.3493 -0.1870 0.9182
vn 0.5368 -0.1305 0.8336
vn 0.5016 -0.1586 0.8505
vn 0.5059 -0.2021 0.8386
vn 0.1433 -0.2600 0.9549
vn 0.4182 -0.2335 0.8778
vn 0.1119 -0.3669 0.9235
vn -0.1035 -0.4497 0.8872
vn -0.0350 -0.3829 0.9231
vn 0.0547 -0.2828 0.9576
vn 0.0451 -0.3288 0.9433
vn -0.0348 -0.3753 0.9263
vn -0.1085 0.1954 0.9747
vn -0.3539 0.2259 0.9076
vn -0.1170 0.2442 0.9626
vn -0.0442 0.2725 0.9611
vn -0.1434 0.2826 0.9485
vn -0.3201 0.1556 0.9345
vn -0.2208 0.1766 0.9592
vn -0.2159 0.2576 0.9418
vn -0.2669 0.4513 0.8515
vn -0.3613 0.3462 0.8658
vn -0.1291 0.4357 0.8908
vn -0.1661 0.4926 0.8543
vn -0.2698 0.4326 0.8603
vn -0.3362 0.1663 0.9270
vn -0.3369 0.2125 0.9172
vn -0.2105 0.2541 0.9440
vn -0.2295 0.1854 0.9555
vn -0.1387 0.1279 0.9820
vn -0.0325 0.2490 0.9680
vn -0.0166 0.2399 0.9707
vn 0.0553 0.2483 0.9671
vn -0.0441 0.2767 0.9599
vn -0.0788 0.3417 0.9365
vn -0.0961 0.3429 0.9344
vn -0.1338 0.4110 0.9018
vn -0.2272 0.3572 0.9060
vn -0.2322 0.3450 0.9094
vn -0.3277 0.3014 0.8954
vn -0.3352 -0.1468 0.9306
vn 0.0335 -0.2555 0.9662
vn -0.0239 -0.2391 0.9707
vn -0.1442 -0.1840 0.9723
vn -0.0498 -0.2578 0.9649
vn -0.1198 -0.2353 0.9645
vn -0.3505 -0.2840 0.8925
vn -0.3440 -0.2934 0.8920
vn -0.3493 -0.3634 0.8636
vn -0.1799 -0.4932 0.8511
vn -0.1830 -0.4941 0.8499
vn -0.1211 -0.4270 0.8961
vn -0.1490 -0.4361 0.8875
vn -0.3547 -0.1579 0.9216
vn -0.3250 -0.2167 0.9206
vn -0.2084 -0.2548 0.9443
vn -0.2311 -0.3454 0.9095
vn -0.2269 -0.3567 0.9062
vn -0.2674 -0.4502 0.8520
vn -0.2711 -0.4300 0.8611
vn -0.1974 -0.1717 0.9652
vn -0.2213 -0.1902 0.9565
vn -0.2183 -0.2616 0.9402
vn -0.1459 -0.2796 0.9490
vn -0.0784 -0.3550 0.9316
vn -0.0827 -0.3384 0.9373
vn 0.7750 0.0106 0.6319
vn 0.7385 0.0831 0.6691
vn 0.7607 0.1088 0.6400
vn 0.8212 0.1181 0.5583
vn 0.6069 0.0345 0.7941
vn 0.5899 0.0997 0.8013
vn 0.6142 0.0812 0.7849
vn 0.6014 0.0369 0.7981
vn 0.8282 0.0092 0.5603
vn 0.8372 0.0163 0.5467
vn 0.8202 0.0554 0.5694
vn 0.8367 0.0775 0.5422
vn 0.7539 0.0286 0.6564
vn 0.7665 0.0543 0.6400
vn 0.8136 0.1228 0.5684
vn 0.6787 0.0801 0.7300
vn 0.6842 0.0830 0.7246
vn 0.6606 0.0311 0.7501
vn 0.6788 0.0189 0.7341
vn 0.6787 -0.0215 0.7341
vn 0.6752 -0.0782 0.7334
vn 0.6858 -0.0843 0.7229
vn 0.8212 -0.1181 0.5583
vn 0.8229 -0.1171 0.5560
vn 0.8294 -0.0514 0.5563
vn 0.6021 -0.0800 0.7944
vn 0.6020 -0.0799 0.7945
vn 0.7494 -0.0284 0.6615
vn 0.6651 -0.0308 0.7461
vn 0.6069 -0.0345 0.7941
vn 0.6319 -0.0234 0.7747
vn 0.7590 -0.1086 0.6419
vn 0.7389 -0.0839 0.6686
vn 0.7719 -0.0499 0.6337
vn 0.8266 -0.0496 0.5605
vn 0.7508 -0.3784 0.5415
vn 0.7474 -0.3910 0.5371
vn 0.7112 -0.2976 0.6369
vn 0.5588 -0.1961 0.8058
vn 0.7901 -0.3010 0.5340
vn 0.7881 -0.2936 0.5409
vn 0.7194 -0.2704 0.6398
vn 0.7215 -0.2762 0.6349
vn 0.6452 -0.2354 0.7268
vn 0.6431 -0.2307 0.7302
vn 0.5707 -0.2130 0.7930
vn 0.6748 -0.1838 0.7148
vn 0.7400 -0.1969 0.6432
vn 0.7439 -0.2041 0.6363
vn 0.8067 -0.2200 0.5484
vn 0.8097 -0.2272 0.5411
vn 0.5942 -0.1324 0.7934
vn 0.5956 -0.1334 0.7921
vn 0.6670 -0.1397 0.7318
vn 0.6524 -0.1307 0.7465
vn 0.7412 -0.1422 0.6560
vn 0.7484 -0.1528 0.6454
vn 0.8149 -0.1652 0.5555
vn 0.8175 -0.1699 0.5503
vn -0.2867 -0.6100 0.7387
vn -0.3379 -0.6670 0.6641
vn -0.3278 -0.6809 0.6549
vn -0.3507 -0.7460 0.5661
vn -0.3544 -0.7465 0.5632
vn -0.4230 0.7175 0.5535
vn -0.2930 0.5317 0.7946
vn -0.3409 0.5670 0.7499
vn -0.3395 0.5753 0.7441
vn -0.4158 0.6206 0.6648
vn -0.4155 0.6238 0.6620
vn -0.4808 0.6578 0.5797
vn -0.4817 0.6512 0.5865
vn -0.3082 0.4790 0.8219
vn -0.4261 0.5273 0.7351
vn -0.4923 0.5599 0.6664
vn -0.4945 0.5507 0.6725
vn -0.5658 0.5801 0.5860
vn -0.5657 0.5806 0.5856
vn -0.4248 0.4434 0.7893
vn -0.4738 0.4609 0.7504
vn -0.4728 0.4500 0.7576
vn -0.5671 0.4793 0.6698
vn -0.5675 0.4736 0.6735
vn -0.6388 0.4922 0.5913
vn -0.6388 0.4930 0.5907
vn -0.4966 -0.4722 0.7283
vn -0.5447 -0.4889 0.6814
vn -0.5705 -0.4745 0.6704
vn -0.6393 -0.4923 0.5907
vn -0.6384 -0.4929 0.5913
vn -0.3171 -0.4903 0.8118
vn -0.3493 -0.4923 0.7973
vn -0.3886 -0.5163 0.7632
vn -0.5083 -0.5567 0.6570
vn -0.5661 -0.5802 0.5856
vn -0.5654 -0.5805 0.5859
vn -0.3683 -0.5763 0.7295
vn -0.4178 -0.6074 0.6756
vn -0.4150 -0.6078 0.6770
vn -0.4902 -0.6522 0.5782
vn -0.4859 -0.6536 0.5803
vn -0.2314 -0.5474 0.8043
vn -0.2379 -0.5487 0.8014
vn -0.2899 -0.5930 0.7512
vn -0.3653 -0.6605 0.6559
vn -0.4241 -0.7063 0.5668
vn -0.4116 -0.7086 0.5732
vn 0.8713 0.1312 0.4729
vn 0.9551 0.0828 0.2844
vn 0.9516 0.1337 0.2767
vn 0.9494 0.1384 0.2819
vn 0.9679 0.1408 0.2081
vn 0.8771 0.1249 0.4638
vn 0.8809 0.0811 0.4664
vn 0.8816 0.0820 0.4649
vn 0.9367 0.0105 0.3499
vn 0.9605 0.0148 0.2779
vn 0.9649 0.0243 0.2616
vn 0.9771 0.0244 0.2115
vn 0.9798 0.0356 0.1969
vn 0.9291 0.0214 0.3692
vn 0.9553 0.0825 0.2840
vn 0.9733 0.0836 0.2136
vn 0.9741 0.1228 0.1900
vn 0.8784 0.0157 0.4776
vn 0.8874 0.0241 0.4605
vn 0.9261 0.0842 0.3676
vn 0.9246 0.0814 0.3722
vn 0.9189 0.1400 0.3690
vn 0.9186 0.1389 0.3700
vn 0.9808 -0.0025 0.1952
vn 0.9243 -0.0852 0.3720
vn 0.9153 -0.1267 0.3822
vn 0.9191 -0.1381 0.3691
vn 0.8763 -0.1317 0.4635
vn 0.9302 -0.0213 0.3664
vn 0.9730 -0.0836 0.2152
vn 0.9743 -0.1222 0.1894
vn 0.9706 -0.1331 0.2004
vn 0.8934 -0.0238 0.4487
vn 0.8723 -0.0532 0.4860
vn 0.9354 -0.0344 0.3520
vn 0.9239 -0.0842 0.3732
vn 0.8878 -0.0817 0.4529
vn 0.8722 -0.1234 0.4733
vn 0.9674 -0.0244 0.2519
vn 0.9802 -0.0244 0.1964
vn 0.9750 -0.0347 0.2194
vn 0.9498 -0.1441 0.2778
vn 0.9481 -0.1482 0.2814
vn 0.9548 -0.0876 0.2842
vn 0.9568 -0.0826 0.2789
vn 0.9591 -0.0405 0.2803
vn 0.8423 0.5020 0.1962
vn 0.8175 0.5054 0.2760
vn 0.8202 0.5000 0.2780
vn 0.8164 0.4396 0.3745
vn 0.8155 0.4460 0.3688
vn 0.7873 0.4353 0.4367
vn 0.7876 0.4286 0.4426
vn 0.8370 0.3245 0.4406
vn 0.8361 0.3180 0.4470
vn 0.8610 0.2418 0.4475
vn 0.9389 0.2098 0.2728
vn 0.9381 0.2023 0.2811
vn 0.9566 0.2063 0.2059
vn 0.9566 0.2060 0.2062
vn 0.9081 0.3670 0.2017
vn 0.9102 0.3638 0.1981
vn 0.8929 0.3567 0.2749
vn 0.8902 0.3601 0.2792
vn 0.9100 0.1911 0.3679
vn 0.9105 0.1936 0.3654
vn 0.8945 0.2615 0.3627
vn 0.9216 0.2698 0.2789
vn 0.9217 0.2725 0.2761
vn 0.9387 0.2777 0.2044
vn 0.9386 0.2793 0.2028
vn 0.8646 0.1799 0.4692
vn 0.8694 0.1903 0.4560
vn 0.8565 0.2460 0.4537
vn 0.8972 0.2582 0.3582
vn 0.8708 0.3377 0.3573
vn 0.8710 0.3536 0.3410
vn 0.8607 0.4381 0.2593
vn 0.8735 0.4446 0.1982
vn 0.8633 0.4691 0.1860
vn 0.9055 -0.1924 0.3782
vn 0.9405 -0.1989 0.2755
vn 0.9401 -0.1925 0.2813
vn 0.9216 -0.2698 0.2789
vn 0.9217 -0.2725 0.2761
vn 0.8261 -0.4940 0.2712
vn 0.8196 -0.5011 0.2777
vn 0.8604 -0.4380 0.2604
vn 0.8685 -0.1842 0.4603
vn 0.8712 -0.1813 0.4563
vn 0.8565 -0.2460 0.4537
vn 0.8610 -0.2418 0.4475
vn 0.8361 -0.3180 0.4470
vn 0.8376 -0.5119 0.1906
vn 0.8316 -0.5200 0.1949
vn 0.8741 -0.4449 0.1951
vn 0.8705 -0.4506 0.1981
vn 0.9081 -0.3670 0.2017
vn 0.9386 -0.2793 0.2028
vn 0.9387 -0.2777 0.2044
vn 0.9566 -0.2060 0.2062
vn 0.9566 -0.2140 0.1978
vn 0.9102 -0.3638 0.1981
vn 0.8929 -0.3567 0.2749
vn 0.8893 -0.3611 0.2806
vn 0.8710 -0.3532 0.3414
vn 0.8191 -0.4385 0.3699
vn 0.8028 -0.4945 0.3331
vn 0.7868 -0.4208 0.4516
vn 0.7943 -0.4162 0.4427
vn 0.8370 -0.3245 0.4406
vn 0.8708 -0.3377 0.3573
vn 0.8972 -0.2582 0.3582
vn 0.8945 -0.2615 0.3627
vn 0.9087 -0.2024 0.3651
vn 0.2736 -0.9562 0.1041
vn 0.3200 -0.9300 0.1809
vn 0.4289 -0.8877 0.1675
vn 0.4853 -0.8454 0.2229
vn 0.5793 -0.7824 0.2285
vn 0.5897 -0.7400 0.3234
vn 0.7760 -0.5825 0.2419
vn 0.7062 -0.6569 0.2641
vn 0.5493 -0.7989 0.2449
vn 0.6899 -0.6401 0.3380
vn 0.7192 -0.5214 0.4592
vn 0.7495 -0.5613 0.3510
vn 0.7099 -0.6231 0.3282
vn 0.7138 -0.6512 0.2577
vn 0.6359 -0.7363 0.2314
vn 0.2690 -0.9569 0.1092
vn 0.4326 -0.8938 0.1182
vn 0.4029 -0.9047 0.1386
vn 0.5616 -0.8141 0.1478
vn 0.5361 -0.8294 0.1570
vn 0.6456 -0.7462 0.1622
vn 0.6249 -0.7618 0.1707
vn 0.7216 -0.6699 0.1744
vn 0.7064 -0.6841 0.1818
vn 0.7864 -0.5898 0.1839
vn 0.7763 -0.6012 0.1897
vn 0.2191 0.9746 0.0469
vn 0.1893 0.9819 0.0030
vn 0.2266 0.9739 0.0124
vn 0.3531 0.9355 0.0157
vn 0.7839 0.6063 0.1337
vn 0.7753 0.6190 0.1257
vn 0.7006 0.7057 0.1054
vn 0.6308 0.7668 0.1186
vn 0.6123 0.7834 0.1062
vn 0.5188 0.8507 0.0848
vn 0.4438 0.8911 0.0950
vn 0.3784 0.9238 0.0579
vn 0.2581 0.9640 0.0636
vn 0.7660 0.6427 0.0161
vn 0.6941 0.7199 0.0036
vn 0.7725 0.6340 0.0345
vn 0.7657 0.6424 0.0320
vn 0.6919 0.7213 0.0306
vn 0.6746 0.7377 0.0253
vn 0.5998 0.7997 0.0252
vn 0.5762 0.8171 0.0206
vn 0.5024 0.8644 0.0194
vn 0.4821 0.8760 0.0160
vn 0.3583 0.9335 0.0143
vn 0.7794 0.6225 0.0710
vn 0.7713 0.6329 0.0670
vn 0.7029 0.7083 0.0655
vn 0.6911 0.7202 0.0607
vn 0.6146 0.7867 0.0588
vn 0.5993 0.7987 0.0534
vn 0.5198 0.8527 0.0514
vn 0.5021 0.8636 0.0457
vn 0.3872 0.9210 0.0427
vn -0.0364 -0.9956 0.0859
vn -0.0699 -0.9952 0.0686
vn -0.1084 -0.9891 0.0995
vn 0.0283 -0.9993 0.0234
vn 0.1959 -0.9739 0.1146
vn 0.0168 -0.9987 0.0484
vn 0.0983 -0.9921 0.0782
vn 0.1410 -0.9877 0.0674
vn 0.2095 -0.9778 0.0088
vn 0.2243 -0.9733 0.0483
vn 0.3504 -0.9366 0.0044
vn 0.5150 -0.8572 0.0077
vn 0.5447 -0.8386 0.0072
vn 0.2231 -0.9747 0.0118
vn 0.3508 -0.9363 0.0141
vn 0.3542 -0.9351 0.0149
vn 0.4695 -0.8828 0.0162
vn 0.6216 -0.7830 0.0241
vn 0.6745 -0.7378 0.0244
vn 0.6920 -0.7214 0.0284
vn 0.7642 -0.6443 0.0298
vn 0.7726 -0.6341 0.0321
vn 0.3877 -0.9208 0.0427
vn 0.5129 -0.8572 0.0460
vn 0.5199 -0.8529 0.0475
vn 0.5870 -0.8081 0.0491
vn 0.6146 -0.7867 0.0588
vn 0.6911 -0.7202 0.0607
vn 0.7029 -0.7083 0.0655
vn 0.7713 -0.6329 0.0670
vn 0.7794 -0.6225 0.0710
vn 0.2465 -0.9674 0.0576
vn 0.3748 -0.9250 0.0622
vn 0.4055 -0.9102 0.0844
vn 0.5186 -0.8504 0.0891
vn 0.5403 -0.8357 0.0981
vn 0.6126 -0.7839 0.1008
vn 0.6305 -0.7685 0.1090
vn 0.7001 -0.7053 0.1113
vn 0.7133 -0.6908 0.1182
vn 0.7758 -0.6195 0.1198
vn 0.7844 -0.6075 0.1252
vn 0.1236 0.9923 0.0032
vn 0.1299 0.9906 0.0438
vn 0.1199 0.9928 0.0035
vn 0.0580 0.9983 0.0016
vn 0.0500 0.9987 0.0023
vn -0.0132 0.9999 0.0021
vn -0.0087 1.0000 0.0018
vn -0.0605 0.9982 0.0021
vn -0.0627 0.9980 0.0022
vn 0.1428 0.9890 0.0389
vn 0.0525 0.9977 0.0431
vn 0.0568 0.9975 0.0413
vn -0.0127 0.9995 0.0302
vn -0.0187 0.9993 0.0318
vn -0.0606 0.9977 0.0294
vn -0.0872 0.9953 0.0412
vn -0.2868 -0.9075 0.3067
vn -0.2384 -0.9465 0.2174
vn -0.1400 -0.9852 0.0992
vn -0.1612 -0.9756 0.1492
vn -0.3882 -0.9062 0.1678
vn -0.3362 -0.8332 0.4391
vn -0.3866 -0.8019 0.4555
vn -0.3740 -0.8033 0.4636
vn -0.3456 -0.8880 0.3034
vn -0.3051 -0.8921 0.3334
vn -0.4187 -0.8434 0.3368
vn -0.3877 -0.8494 0.3580
vn -0.2500 -0.9527 0.1727
vn -0.2126 -0.9562 0.2013
vn -0.3321 -0.9206 0.2054
vn -0.2941 -0.9270 0.2326
vn -0.4209 -0.8757 0.2366
vn -0.3915 -0.8837 0.2564
vn -0.4133 -0.8978 0.1520
vn -0.2793 -0.9488 0.1476
vn -0.3108 -0.9420 0.1269
vn -0.1923 -0.9736 0.1230
vn -0.2240 -0.9693 0.1008
vn -0.1406 -0.9851 0.0986
vn -0.0642 -0.9972 0.0384
vn 0.0684 -0.9977 0.0017
vn 0.0475 -0.9989 0.0031
vn -0.0092 -1.0000 0.0014
vn -0.0060 -1.0000 0.0018
vn -0.0575 -0.9983 0.0024
vn -0.0625 -0.9980 0.0020
vn 0.1034 -0.9946 0.0017
vn 0.1296 -0.9915 0.0083
vn -0.0657 -0.9971 0.0378
vn -0.0099 -0.9994 0.0344
vn 0.0151 -0.9990 0.0431
vn 0.0544 -0.9982 0.0264
vn 0.1252 -0.9916 0.0324
vn 0.1488 -0.9878 0.0455
vn -0.0891 0.9960 0.0022
vn -0.3870 0.9219 0.0182
vn -0.3817 0.9193 0.0958
vn -0.4011 0.9121 0.0849
vn -0.2665 0.9604 0.0808
vn -0.2885 0.9551 0.0681
vn -0.2045 0.9766 0.0658
vn -0.1019 0.9939 0.0409
vn -0.1257 0.9917 0.0253
vn -0.1660 0.9858 0.0253
vn -0.3608 0.9315 0.0458
vn -0.3880 0.9209 0.0371
vn -0.2540 0.9666 0.0344
vn -0.2708 0.9622 0.0285
vn -0.1697 0.9851 0.0265
vn -0.4629 0.7468 0.4775
vn -0.4561 0.7577 0.4666
vn -0.4959 0.7843 0.3727
vn -0.4873 0.7952 0.3608
vn -0.5172 0.8119 0.2707
vn -0.5073 0.8218 0.2594
vn -0.5272 0.8301 0.1815
vn -0.5166 0.8389 0.1714
vn -0.5436 0.6849 0.4852
vn -0.5408 0.6907 0.4801
vn -0.5891 0.7133 0.3798
vn -0.5856 0.7191 0.3742
vn -0.6220 0.7323 0.2774
vn -0.6179 0.7377 0.2721
vn -0.6419 0.7432 0.1888
vn -0.6368 0.7489 0.1834
vn -0.6281 0.6036 0.4911
vn -0.6269 0.6072 0.4881
vn -0.6810 0.6235 0.3841
vn -0.6795 0.6270 0.3811
vn -0.7195 0.6352 0.2807
vn -0.7179 0.6382 0.2781
vn -0.7437 0.6402 0.1925
vn -0.7416 0.6434 0.1898
vn -0.7042 0.5078 0.4962
vn -0.7037 0.5109 0.4937
vn -0.7608 0.5207 0.3874
vn -0.7600 0.5235 0.3851
vn -0.8017 0.5269 0.2824
vn -0.8010 0.5286 0.2810
vn -0.8272 0.5276 0.1933
vn -0.8268 0.5284 0.1927
vn -0.7057 -0.5081 0.4937
vn -0.7023 -0.5106 0.4960
vn -0.7619 -0.5208 0.3851
vn -0.7590 -0.5233 0.3873
vn -0.8022 -0.5269 0.2810
vn -0.8005 -0.5286 0.2824
vn -0.8273 -0.5276 0.1927
vn -0.8267 -0.5284 0.1933
vn -0.6299 -0.6041 0.4881
vn -0.6253 -0.6066 0.4909
vn -0.6824 -0.6239 0.3810
vn -0.6782 -0.6267 0.3839
vn -0.7205 -0.6353 0.2780
vn -0.7170 -0.6381 0.2806
vn -0.7444 -0.6402 0.1898
vn -0.7409 -0.6434 0.1924
vn -0.5464 -0.6863 0.4801
vn -0.5383 -0.6893 0.4848
vn -0.5915 -0.7143 0.3742
vn -0.5834 -0.7181 0.3795
vn -0.6238 -0.7327 0.2720
vn -0.6162 -0.7372 0.2772
vn -0.6433 -0.7433 0.1834
vn -0.6356 -0.7486 0.1886
vn -0.4681 -0.7503 0.4667
vn -0.4514 -0.7543 0.4767
vn -0.5004 -0.7870 0.3608
vn -0.4831 -0.7926 0.3721
vn -0.5205 -0.8135 0.2594
vn -0.5042 -0.8202 0.2702
vn -0.5295 -0.8308 0.1716
vn -0.5145 -0.8382 0.1810
vn -0.1041 -0.9938 0.0389
vn -0.1248 -0.9909 0.0507
vn -0.1781 -0.9826 0.0518
vn -0.1971 -0.9782 0.0656
vn -0.2885 -0.9551 0.0681
vn -0.3732 -0.9266 0.0461
vn -0.3751 -0.9268 0.0186
vn -0.3614 -0.9323 0.0140
vn -0.0920 -0.9958 0.0019
vn -0.3817 -0.9193 0.0958
vn -0.3878 -0.9209 0.0394
vn -0.2492 -0.9678 0.0360
vn -0.2665 -0.9638 0.0129
vn -0.1187 -0.9927 0.0200
vn -0.1652 -0.9861 0.0205
vn -0.1796 -0.9834 0.0265
vn -0.2708 -0.9622 0.0286
vn -0.2665 -0.9604 0.0808
vn -0.4011 -0.9121 0.0849
vn -0.5286 0.8419 0.1086
vn -0.5172 0.8500 0.0999
vn -0.5231 0.8504 0.0565
vn -0.5115 0.8578 0.0498
vn -0.5137 0.8576 0.0242
vn -0.5007 0.8654 0.0201
vn -0.6511 0.7499 0.1171
vn -0.6443 0.7566 0.1114
vn -0.6513 0.7560 0.0648
vn -0.6431 0.7635 0.0595
vn -0.6459 0.7628 0.0302
vn -0.6349 0.7721 0.0265
vn -0.7566 0.6424 0.1220
vn -0.7535 0.6466 0.1190
vn -0.7610 0.6450 0.0700
vn -0.7568 0.6502 0.0670
vn -0.7600 0.6490 0.0343
vn -0.7539 0.6562 0.0320
vn -0.8417 0.5257 0.1230
vn -0.8415 0.5261 0.1228
vn -0.8489 0.5236 0.0714
vn -0.8487 0.5241 0.0711
vn -0.8517 0.5227 0.0384
vn -0.8474 0.5298 0.0355
vn -0.8608 0.5086 0.0185
vn -0.8418 -0.5257 0.1228
vn -0.8415 -0.5261 0.1230
vn -0.8490 -0.5236 0.0711
vn -0.8486 -0.5241 0.0714
vn -0.8517 -0.5227 0.0382
vn -0.8513 -0.5232 0.0384
vn -0.8524 -0.5226 0.0191
vn -0.8556 -0.5173 0.0175
vn -0.7571 -0.6423 0.1190
vn -0.7530 -0.6467 0.1219
vn -0.7614 -0.6448 0.0670
vn -0.7565 -0.6502 0.0699
vn -0.7601 -0.6489 0.0329
vn -0.7486 -0.6620 0.0367
vn -0.7645 -0.6444 0.0179
vn -0.6521 -0.7499 0.1116
vn -0.6434 -0.7566 0.1169
vn -0.6520 -0.7559 0.0597
vn -0.6425 -0.7635 0.0646
vn -0.6462 -0.7627 0.0275
vn -0.6381 -0.7694 0.0299
vn -0.5300 -0.8421 0.1002
vn -0.5160 -0.8497 0.1081
vn -0.5239 -0.8503 0.0500
vn -0.5109 -0.8578 0.0562
vn -0.5140 -0.8575 0.0206
vn -0.5025 -0.8642 0.0242
vn -0.8526 0.5225 0.0102
vn -0.8388 0.5444 0.0036
vn -0.8632 0.5048 0.0125
vn -0.8288 0.5595 0.0079
vn -0.7533 0.6576 0.0081
vn -0.7392 0.6734 0.0065
vn -0.6333 0.7739 0.0059
vn -0.6219 0.7831 0.0048
vn -0.5596 0.8288 0.0036
vn -0.4977 0.8674 0.0047
vn -0.4639 0.8859 0.0024
vn -0.9075 0.4200 0.0074
vn -0.4736 -0.8808 0.0029
vn -0.4989 -0.8667 0.0046
vn -0.5382 -0.8428 0.0038
vn -0.6252 -0.7805 0.0053
vn -0.6352 -0.7723 0.0063
vn -0.8564 -0.5161 0.0110
vn -0.8595 -0.5110 0.0118
vn -0.7381 -0.6746 0.0065
vn -0.7461 -0.6658 0.0074
vn -0.8314 -0.5557 0.0067
vn -0.8353 -0.5497 0.0050
vn -0.9061 -0.4230 0.0074
vn -0.9658 0.2592 0.0058
vn -0.9922 0.1249 0.0031
vn -0.9762 0.2163 0.0134
vn -0.9758 0.2185 0.0121
vn -0.9450 0.3271 0.0062
vn -0.9316 0.3632 0.0122
vn -0.9848 0.1731 0.0115
vn -0.9739 0.2268 -0.0011
vn -0.9946 0.1038 0.0074
vn -0.9958 0.0867 0.0283
vn -1.0000 0.0015 0.0058
vn -1.0000 0.0069 0.0021
vn -0.9993 0.0362 0.0043
vn -0.9990 0.0440 0.0086
vn -0.9283 -0.3717 0.0107
vn -0.9488 -0.3159 0.0041
vn -0.9852 -0.1702 0.0223
vn -0.9783 -0.2070 0.0038
vn -0.9593 -0.2822 0.0092
vn -0.9944 -0.1057 0.0050
vn -0.9947 -0.1023 0.0055
vn -0.9832 -0.1823 0.0105
vn -0.9888 -0.1494 -0.0045
vn -0.9645 -0.2637 0.0168
vn -0.9983 -0.0572 0.0058
vn -0.9995 -0.0296 0.0111
vn -0.9992 -0.0406 0.0044
vn -0.9999 -0.0103 0.0025
vn 0.0004 1.0000 -0.0005
vn -0.0001 1.0000 0.0007
vn -0.0048 0.9999 -0.0152
vn 0.0006 1.0000 -0.0010
vn 0.0009 1.0000 -0.0000
vn 0.0011 1.0000 0.0002
vn 0.0003 1.0000 -0.0006
vn 0.0006 1.0000 -0.0001
vn 0.0003 1.0000 -0.0010
vn 0.0008 1.0000 0.0002
vn 0.0006 1.0000 -0.0003
vn 0.0005 1.0000 -0.0004
vn 0.0004 1.0000 -0.0004
vn 1.0000 0.0048 -0.0013
vn 1.0000 0.0046 -0.0010
vn 1.0000 0.0047 0.0008
vn 1.0000 -0.0027 -0.0003
vn 1.0000 0.0073 -0.0007
vn 1.0000 -0.0069 -0.0058
vn 1.0000 -0.0065 0.0013
vn 1.0000 -0.0009 -0.0007
vn 1.0000 -0.0015 -0.0018
vn 0.9999 -0.0064 -0.0133
vn 1.0000 -0.0065 0.0005
vn 0.9999 0.0119 -0.0024
vn 1.0000 -0.0000 -0.0020
vn 1.0000 0.0001 -0.0023
vn 0.8820 -0.0058 -0.4711
vn 0.0549 -0.0005 -0.9985
vn 0.0890 0.0071 -0.9960
vn 0.2726 0.0051 -0.9621
vn 0.2453 -0.0009 -0.9694
vn 0.1469 -0.0019 -0.9892
vn 0.6033 -0.0009 -0.7975
vn 0.5716 0.0084 -0.8205
vn 0.5160 -0.0052 -0.8566
vn 0.4079 0.0031 -0.9130
vn 0.4013 0.0011 -0.9159
vn 0.3366 -0.0026 -0.9417
vn 0.7078 0.0025 -0.7064
vn 0.7085 0.0028 -0.7057
vn 0.8800 -0.0074 -0.4749
vn 0.8402 -0.0001 -0.5423
vn 0.8194 0.0135 -0.5730
vn 0.7604 -0.0056 -0.6495
vn 0.9960 0.0199 -0.0874
vn 0.9963 0.0400 -0.0755
vn 0.9836 -0.0175 -0.1793
vn 0.9628 0.0125 -0.2700
vn 0.9612 0.0076 -0.2756
vn 0.9235 -0.0111 -0.3835
vn 0.9281 -0.0019 -0.3723
vn -0.0018 -0.0003 -1.0000
vn -0.0015 -0.0006 -1.0000
vn 0.0006 -0.0035 -1.0000
vn -0.0019 0.0018 -1.0000
vn 0.0001 -0.0038 -1.0000
vn -0.0013 0.0021 -1.0000
vn -0.0009 -0.0008 -1.0000
vn -0.0004 -0.0073 -1.0000
vn 0.8031 -0.5959 0.0043
vn 0.8344 -0.5511 0.0050
vn 0.8306 -0.5568 0.0066
vn 0.8260 -0.5637 0.0057
vn 0.4776 -0.8785 -0.0053
vn 0.6292 -0.7743 0.0675
vn 0.3700 -0.9290 -0.0038
vn 0.2039 -0.9790 -0.0002
vn 0.2001 -0.9798 -0.0004
vn 0.2781 -0.9606 -0.0032
vn 0.2690 -0.9631 -0.0021
vn 0.4113 -0.9115 -0.0003
vn 0.4145 -0.9100 -0.0067
vn 0.5656 -0.8247 -0.0033
vn 0.5797 -0.8148 -0.0011
vn 0.6903 -0.7235 0.0014
vn 0.6834 -0.7301 0.0004
vn 0.7667 -0.6420 0.0040
vn 0.7622 -0.6473 0.0034
vn 0.0387 -0.9993 -0.0000
vn 0.0660 -0.9978 0.0013
vn 0.0676 -0.9768 0.2032
vn -0.0136 -0.9999 0.0015
vn -0.0471 -0.9989 -0.0008
vn -0.0067 -1.0000 0.0031
vn 0.1302 -0.9915 -0.0005
vn -0.0848 -0.9964 0.0025
vn -0.1394 -0.9902 0.0008
vn -0.1609 -0.9870 0.0020
vn -0.2401 -0.9707 0.0011
vn -0.2342 -0.9722 0.0017
vn -0.2851 -0.9585 0.0010
vn -0.3604 -0.9328 0.0028
vn -0.3695 -0.9292 0.0023
vn 0.0003 -1.0000 -0.0005
vn -0.0001 -1.0000 -0.0010
vn 0.0007 -1.0000 -0.0000
vn -0.0018 -1.0000 -0.0072
vn 0.0003 -1.0000 -0.0002
vn 0.0016 -1.0000 0.0026
vn 0.0004 -1.0000 -0.0005
vn -0.0000 -1.0000 -0.0005
vn 0.0002 -1.0000 -0.0004
vn 0.0002 -1.0000 -0.0003
vn 0.0549 0.0003 -0.9985
vn 0.9981 -0.0230 -0.0578
vn 0.9917 0.0115 -0.1281
vn 0.9858 -0.0146 -0.1674
vn 0.6588 -0.0071 -0.7523
vn 0.6941 0.0023 -0.7199
vn 0.7516 -0.0058 -0.6596
vn 0.7733 0.0011 -0.6340
vn 0.8080 -0.0046 -0.5892
vn 0.8273 0.0038 -0.5617
vn 0.8793 -0.0034 -0.4762
vn 0.8839 -0.0002 -0.4676
vn 0.9187 -0.0083 -0.3949
vn 0.9305 0.0042 -0.3663
vn 0.9601 -0.0070 -0.2795
vn 0.9659 0.0043 -0.2587
vn 0.5851 -0.0036 -0.8109
vn 0.5971 -0.0005 -0.8022
vn 0.2675 -0.0037 -0.9635
vn 0.3105 0.0025 -0.9506
vn 0.3909 -0.0046 -0.9204
vn 0.3993 -0.0033 -0.9168
vn 0.4707 -0.0021 -0.8823
vn 0.4817 0.0011 -0.8764
vn 0.0343 -0.0038 -0.9994
vn 0.1346 0.0019 -0.9909
vn 0.1759 -0.0052 -0.9844
vn 0.2438 -0.0016 -0.9698
vn 0.0012 0.0020 -1.0000
vn -0.0006 0.0016 -1.0000
vn -0.0004 0.0019 -1.0000
vn -0.0003 0.0019 -1.0000
vn -0.0012 0.0011 -1.0000
vn -0.0008 0.0005 -1.0000
vn -0.0008 0.0007 -1.0000
vn -0.0012 -0.0015 -1.0000
vn 0.0004 0.0040 -1.0000
vn 0.8113 0.5847 0.0024
vn 0.8277 0.5611 0.0058
vn 0.8315 0.5555 0.0074
vn 0.2191 0.9757 -0.0024
vn 0.2348 0.9720 0.0017
vn 0.3710 0.9286 -0.0088
vn 0.4233 0.9059 0.0111
vn 0.3560 0.9345 -0.0031
vn 0.6959 0.7181 0.0055
vn 0.6440 0.7650 -0.0065
vn 0.5361 0.8442 -0.0029
vn 0.5530 0.8332 0.0032
vn 0.7754 0.6315 -0.0008
vn 0.6910 0.7229 0.0022
vn 0.6913 0.7226 0.0021
vn 0.5911 0.8066 0.0014
vn 0.5361 0.8442 -0.0038
vn 0.4848 0.8746 -0.0004
vn 0.3710 0.9286 -0.0029
vn 0.3515 0.9362 -0.0002
vn 0.2191 0.9757 -0.0025
vn -0.0161 0.9999 0.0028
vn 0.0400 0.9992 0.0017
vn 0.0643 0.9979 0.0035
vn 0.0576 0.9983 0.0021
vn 0.0966 0.9953 0.0001
vn 0.1539 0.9881 -0.0021
vn 0.1234 0.9924 0.0009
vn -0.3530 0.9356 0.0032
vn -0.1597 0.9872 0.0013
vn -0.2486 0.9686 0.0020
vn -0.2471 0.9690 0.0021
vn -0.3355 0.9420 0.0021
vn -0.1008 0.9949 0.0014
vn -0.1649 0.9863 0.0017
vn 0.7273 -0.0132 -0.6862
vn 0.7166 -0.0039 -0.6975
vn 0.7124 0.0014 -0.7018
vn 0.7086 0.0005 -0.7056
vn 0.7167 -0.0048 -0.6973
vn 0.7102 0.0006 -0.7040
vn 0.7082 -0.0000 -0.7060
vn 0.7179 0.0058 -0.6961
vn 0.7047 -0.0025 -0.7095
vn 0.7054 -0.0021 -0.7088
vn 0.7136 0.0020 -0.7006
vn 0.9758 0.0001 -0.2188
vn 0.9718 -0.0000 -0.2358
vn 0.8569 -0.0002 -0.5154
vn 0.7978 0.0002 -0.6029
vn 0.0004 0.2588 -0.9659
vn 0.0005 0.2528 -0.9675
vn 0.0004 0.7071 -0.7071
vn 0.0005 0.7028 -0.7114
vn 0.0004 0.9659 -0.2588
vn 0.0005 0.9646 -0.2636
vn 0.0004 -0.2517 -0.9678
vn 0.0005 -0.2588 -0.9659
vn 0.0006 -0.7109 -0.7033
vn 0.0005 -0.7071 -0.7071
vn 0.0007 -0.9712 -0.2382
vn 0.0003 -0.9659 -0.2588
vn 0.7086 -0.0000 -0.7056
vn 0.6779 -0.0002 -0.7352
vn 0.6465 -0.7312 -0.2176
vn 0.6553 -0.2176 -0.7234
vn 0.7785 -0.1416 -0.6115
vn 0.7680 -0.4568 -0.4490
vn 0.7885 -0.4324 -0.4374
vn 0.7610 -0.6313 -0.1495
vn 0.6800 0.7067 -0.1952
vn 0.7101 0.6816 -0.1766
vn 0.6832 0.5132 -0.5194
vn 0.7039 0.5047 -0.4998
vn 0.6786 0.1862 -0.7105
vn 0.7137 0.1899 -0.6742
vn 0.6198 -0.7847 -0.0012
vn 0.6401 -0.7683 -0.0018
vn 0.7647 0.6444 -0.0005
vn 0.6938 0.7201 0.0015
vn 0.3112 -0.9380 -0.1530
vn 0.2695 -0.9379 -0.2185
vn 0.2186 -0.9352 -0.2787
vn 0.1479 -0.9380 -0.3136
vn 0.0715 -0.9397 -0.3344
vn 0.7909 -0.6103 -0.0448
vn 0.6454 -0.7572 -0.1002
vn 0.7126 -0.6908 -0.1225
vn 0.6764 -0.7098 -0.1966
vn 0.6702 -0.7164 -0.1938
vn 0.6702 -0.6941 -0.2629
vn 0.6063 -0.7110 -0.3562
vn 0.5951 -0.6941 -0.4051
vn 0.5116 -0.7118 -0.4813
vn 0.4907 -0.6939 -0.5270
vn 0.3939 -0.7074 -0.5868
vn 0.3616 -0.6912 -0.6257
vn 0.2517 -0.7118 -0.6558
vn 0.2140 -0.6940 -0.6875
vn 0.0998 -0.7125 -0.6946
vn 0.0401 -0.6190 -0.7844
vn 0.1960 0.6422 -0.7411
vn 0.3136 0.6599 -0.6828
vn 0.4795 0.5441 -0.6885
vn 0.4582 0.5897 -0.6650
vn 0.5556 0.6160 -0.5584
vn 0.5690 0.5938 -0.5689
vn 0.6414 0.6203 -0.4515
vn 0.6591 0.5941 -0.4611
vn 0.0659 0.6195 -0.7822
vn 0.0812 0.5179 -0.8516
vn 0.3250 0.6342 -0.7016
vn 0.2081 0.6057 -0.7680
vn 0.7020 0.6313 -0.3295
vn 0.7192 0.6086 -0.3352
vn 0.6753 0.6669 -0.3149
vn 0.7473 0.6330 -0.2023
vn 0.7462 0.6343 -0.2021
vn 0.7645 0.6414 -0.0648
vn 0.8334 0.5471 -0.0788
vn -0.0011 -0.1660 -0.9861
vn 0.0008 -0.7946 -0.6071
vn 0.0007 -0.7905 -0.6125
vn -0.0008 0.4692 -0.8831
vn -0.0000 0.6333 -0.7739
vn -0.0011 0.7738 -0.6334
vn -0.5133 0.3374 -0.7891
vn -0.6534 0.4577 -0.6030
vn -0.6335 0.5658 -0.5277
vn -0.5760 0.5290 -0.6232
vn -0.5117 0.6205 -0.5943
vn -0.4185 0.6752 -0.6074
vn -0.3597 0.6863 -0.6322
vn -0.3608 0.6878 -0.6299
vn -0.3370 0.4443 -0.8301
vn -0.4794 -0.3055 -0.8227
vn -0.2862 -0.5021 -0.8161
vn -0.6574 -0.4610 -0.5961
vn -0.6124 -0.5522 -0.5657
vn -0.6068 -0.5449 -0.5787
vn -0.4859 -0.6047 -0.6311
vn -0.4848 -0.6028 -0.6338
vn -0.4475 -0.6524 -0.6117
vn -0.3645 -0.7083 -0.6046
vn -0.2718 0.7607 -0.5894
vn -0.2585 0.7350 -0.6269
vn -0.1960 0.7751 -0.6007
vn -0.1904 0.7617 -0.6193
vn -0.1332 0.7940 -0.5932
vn -0.1276 0.7747 -0.6194
vn -0.0884 0.7922 -0.6038
vn -0.0525 0.5984 -0.7995
vn -0.0831 -0.7843 -0.6148
vn -0.1099 -0.7782 -0.6183
vn -0.1763 -0.7816 -0.5984
vn -0.2511 -0.7494 -0.6127
vn -0.2870 -0.7251 -0.6260
vn -0.2870 -0.7250 -0.6261
vn -0.1408 -0.5499 -0.8233
vn -0.0415 0.7883 -0.6139
vn -0.0134 0.7789 -0.6270
vn -0.0084 0.7327 -0.6805
vn 0.0094 -0.6219 -0.7831
vn -0.0158 -0.3402 -0.9402
vn -0.0399 -0.5987 -0.8000
vn 0.1456 0.6189 -0.7719
vn 0.0681 0.6096 -0.7898
vn 0.0314 0.7951 -0.6057
vn 0.3014 0.7639 -0.5706
vn 0.2339 0.7674 -0.5970
vn 0.2245 0.6051 -0.7638
vn 0.1537 0.5721 -0.8056
vn 0.3280 0.6795 -0.6563
vn 0.3332 -0.5920 -0.7338
vn 0.3332 -0.7263 -0.6012
vn 0.2536 -0.6090 -0.7516
vn 0.2543 -0.6170 -0.7448
vn 0.1663 -0.5933 -0.7876
vn 0.1705 -0.6194 -0.7664
vn 0.0640 -0.5995 -0.7978
vn 0.0668 -0.6195 -0.7821
vn 0.4113 0.5638 -0.7162
vn 0.4355 0.7652 -0.4741
vn 0.4812 0.6570 -0.5804
vn 0.6019 0.6358 -0.4832
vn 0.6104 0.6124 -0.5023
vn 0.7145 0.5103 -0.4786
vn 0.7092 0.5269 -0.4684
vn 0.7349 0.5999 -0.3162
vn 0.3937 -0.7334 -0.5542
vn 0.4318 -0.6281 -0.6474
vn 0.5196 -0.5986 -0.6096
vn 0.5082 -0.6775 -0.5317
vn 0.6149 -0.5994 -0.5124
vn 0.6115 -0.6191 -0.4928
vn 0.7149 -0.5074 -0.4811
vn 0.7811 -0.5413 -0.3112
vn 0.8498 -0.3570 -0.3877
vn 0.9804 -0.1970 0.0064
vn 0.9393 -0.3418 -0.0307
vn -0.5833 -0.7296 -0.3570
vn 0.8306 0.1222 -0.5433
vn 0.8166 0.0557 -0.5745
vn 0.9191 -0.3595 -0.1614
vn 0.7870 -0.0578 -0.6142
vn 0.4346 0.2329 -0.8700
vn 0.8201 -0.0012 -0.5722
vn 0.8910 0.3266 -0.3154
vn 0.9031 0.3057 -0.3016
vn 0.9701 0.1716 -0.1719
vn 0.9876 0.1171 -0.1041
vn 0.9963 0.0603 -0.0605
vn 0.9930 -0.0813 0.0852
vn 0.9242 -0.2694 0.2707
vn 0.9877 -0.1111 0.1102
vn 0.9659 -0.1640 0.2005
vn 0.7536 -0.4645 0.4651
vn 0.8910 -0.3199 0.3221
vn 0.8638 -0.3447 0.3675
vn 0.5123 -0.6066 0.6080
vn 0.7071 -0.5004 0.4996
vn 0.6377 -0.5256 0.5631
vn 0.0755 -0.6865 0.7232
vn 0.1564 -0.6975 0.6993
vn 0.2081 -0.6896 0.6936
vn 0.4540 -0.6314 0.6287
vn 0.3651 -0.6373 0.6786
vn -0.1564 -0.6926 0.7041
vn -0.1825 -0.6848 0.7055
vn -0.0576 -0.7061 0.7058
vn -0.5474 -0.5929 0.5907
vn -0.4252 -0.6292 0.6506
vn -0.4540 -0.6253 0.6348
vn -0.2895 -0.6774 0.6762
vn -0.7098 -0.4931 0.5031
vn -0.7071 -0.4943 0.5057
vn -0.9080 -0.2936 0.2989
vn -0.8910 -0.3133 0.3287
vn -0.8350 -0.3902 0.3879
vn -0.9877 -0.1072 0.1141
vn -0.9938 -0.0653 0.0899
vn -0.9691 -0.1748 0.1742
vn -0.9695 0.1718 -0.1748
vn -0.9876 0.1194 -0.1018
vn -0.9985 0.0376 -0.0396
vn -0.8910 0.3283 -0.3137
vn -0.9005 0.3118 -0.3031
vn -0.7001 0.5095 -0.5003
vn -0.7071 0.5062 -0.4938
vn -0.8277 0.3953 -0.3982
vn -0.4540 0.6384 -0.6216
vn -0.5322 0.5970 -0.6003
vn -0.0697 0.7056 -0.7052
vn -0.1889 0.7042 -0.6845
vn -0.1564 0.7028 -0.6940
vn -0.3542 0.6602 -0.6624
vn 0.1891 0.6974 -0.6913
vn 0.0678 0.7220 -0.6886
vn 0.1564 0.6987 -0.6981
vn 0.3501 0.6616 -0.6631
vn 0.4540 0.6363 -0.6237
vn 0.5061 0.6095 -0.6102
vn 0.7924 0.4301 -0.4325
vn 0.7071 0.5058 -0.4942
vn 0.6769 0.5214 -0.5196
vn -0.0000 0.7071 0.7071
vn -0.6387 -0.5441 -0.5441
vn 0.5313 -0.5990 -0.5991
vn -0.9954 0.0680 0.0678
vn -0.9876 0.1029 0.1184
vn -0.9647 0.1872 0.1852
vn -0.7744 0.4494 0.4455
vn -0.8910 0.3149 0.3271
vn -0.8950 0.3107 0.3200
vn -0.7071 0.5036 0.4964
vn -0.6362 0.5258 0.5646
vn -0.1564 0.6917 0.7050
vn -0.1793 0.6932 0.6981
vn -0.4540 0.6301 0.6300
vn -0.4262 0.6327 0.6465
vn 0.2155 0.6898 0.6912
vn 0.1564 0.6900 0.7067
vn 0.0495 0.7077 0.7048
vn 0.4220 0.6307 0.6513
vn 0.4540 0.6269 0.6331
vn 0.7344 0.4811 0.4787
vn 0.7071 0.4948 0.5052
vn 0.5613 0.5868 0.5837
vn 0.8862 0.3219 0.3332
vn 0.8910 0.3171 0.3249
vn 0.9644 0.1887 0.1852
vn 0.9876 0.1036 0.1176
vn 0.9668 -0.1800 -0.1816
vn 0.9928 -0.0934 -0.0755
vn 0.9877 -0.1141 -0.1071
vn 0.9977 0.0490 0.0467
vn 0.8689 -0.3481 -0.3520
vn 0.8910 -0.3256 -0.3164
vn 0.7071 -0.5005 -0.4995
vn 0.6872 -0.5188 -0.5085
vn 0.4540 -0.6373 -0.6227
vn 0.3638 -0.6571 -0.6602
vn 0.1564 -0.6994 -0.6974
vn 0.1319 -0.7063 -0.6955
vn -0.0657 -0.7056 -0.7056
vn -0.4540 -0.6304 -0.6297
vn -0.5176 -0.6197 -0.5900
vn -0.3617 -0.6587 -0.6597
vn -0.1564 -0.7002 -0.6966
vn -0.2070 -0.7028 -0.6806
vn -0.7071 -0.5007 -0.4993
vn -0.7557 -0.4784 -0.4473
vn -0.9606 -0.1946 -0.1986
vn -0.8910 -0.3268 -0.3152
vn -0.8781 -0.3396 -0.3371
vn -0.9877 -0.1125 -0.1087
vn -0.9950 -0.0831 -0.0554
vn -0.0000 -0.7071 0.7071
vn 0.3230 0.0486 0.9451
vn 0.5031 0.1412 0.8526
vn 0.6339 0.2685 0.7253
vn 0.7027 0.4182 0.5756
vn 0.7027 0.5756 0.4182
vn 0.6339 0.7253 0.2685
vn 0.5031 0.8526 0.1412
vn 0.3230 0.9451 0.0486
vn 0.1113 0.9938 -0.0000
vn -0.1113 0.9938 -0.0000
vn -0.3230 0.9451 0.0486
vn -0.5031 0.8526 0.1412
vn -0.6339 0.7253 0.2685
vn -0.7027 0.5756 0.4182
vn -0.7027 0.4182 0.5756
vn -0.6339 0.2685 0.7253
vn -0.5031 0.1412 0.8526
vn -0.3230 0.0486 0.9451
vn -0.1113 -0.0000 0.9938
vn 0.1113 -0.0000 0.9938
vn -0.3906 0.0135 0.9205
vn -0.3909 -0.0508 0.9190
vn -0.0370 0.0383 0.9986
vn -0.1421 -0.1227 0.9822
vn -0.1638 -0.0356 0.9858
vn -0.2804 -0.0203 0.9597
vn -0.2722 -0.0655 0.9600
vn 0.2236 -0.0090 0.9746
vn 0.2327 -0.0363 0.9719
vn 0.0767 -0.0419 0.9962
vn 0.0943 -0.1150 0.9889
vn 0.4855 -0.1027 0.8682
vn 0.3411 0.0430 0.9391
vn 0.3905 -0.1017 0.9150
vn -0.6212 0.4013 0.6731
vn -0.7342 0.3929 0.5537
vn -0.7025 0.4273 0.5691
vn -0.6213 0.2015 0.7572
vn -0.6372 0.1695 0.7518
vn -0.6209 0.2911 0.7279
vn -0.7128 0.2390 0.6594
vn -0.5940 0.0839 0.8001
vn -0.5539 0.1313 0.8222
vn -0.5344 -0.0134 0.8451
vn -0.4577 0.0967 0.8838
vn 0.5121 0.0701 0.8561
vn 0.7427 0.0214 0.6693
vn 0.7187 0.0712 0.6916
vn 0.6242 -0.0118 0.7812
vn 0.6456 -0.0718 0.7603
vn 0.8900 0.1574 0.4279
vn 0.9371 0.0591 0.3440
vn 0.8350 0.1905 0.5163
vn 0.8267 0.0709 0.5581
vn 0.8056 0.1079 0.5825
vn -0.6178 0.5760 0.5354
vn 0.9178 0.2399 0.3163
vn 0.9439 0.1954 0.2663
vn 0.8827 0.4530 0.1249
vn 0.9462 0.3024 0.1149
vn 0.9139 0.3544 0.1978
vn 0.8334 0.4995 -0.2365
vn 0.8208 0.5701 0.0348
vn 0.9222 0.3747 -0.0952
vn -0.5704 0.7969 0.1989
vn -0.5395 0.8121 0.2224
vn -0.6249 0.7368 0.2583
vn -0.5404 0.7804 0.3145
vn -0.6847 0.6717 0.2829
vn -0.7433 0.5392 0.3959
vn -0.5726 0.6890 0.4444
vn 0.7439 0.6617 -0.0938
vn 0.6722 0.6715 -0.3117
vn 0.6576 0.7479 -0.0904
vn 0.3633 0.8523 -0.3763
vn 0.3700 0.8618 -0.3471
vn 0.5227 0.8212 -0.2288
vn 0.5137 0.7637 -0.3909
vn 0.1352 0.9563 -0.2592
vn 0.1972 0.8939 -0.4026
vn 0.2308 0.9179 -0.3229
vn -0.0366 0.9783 -0.2040
vn -0.0767 0.9593 -0.2717
vn 0.0664 0.9704 -0.2321
vn 0.0171 0.9417 -0.3360
vn -0.4952 0.8653 0.0777
vn -0.4771 0.8735 0.0969
vn -0.3542 0.9330 -0.0639
vn -0.3421 0.9385 -0.0479
vn -0.1764 0.9681 -0.1778
vn -0.2301 0.9362 -0.2657
vn 0.3230 -0.9451 0.0486
vn 0.5031 -0.8526 0.1412
vn 0.6339 -0.7253 0.2685
vn 0.7027 -0.5756 0.4182
vn 0.7027 -0.4182 0.5756
vn 0.6339 -0.2685 0.7253
vn 0.5031 -0.1412 0.8526
vn 0.3230 -0.0486 0.9451
vn -0.3230 -0.0486 0.9451
vn -0.5031 -0.1412 0.8526
vn -0.6339 -0.2685 0.7253
vn -0.7027 -0.4182 0.5756
vn -0.7027 -0.5756 0.4182
vn -0.6339 -0.7253 0.2685
vn -0.5031 -0.8526 0.1412
vn -0.3230 -0.9451 0.0486
vn -0.1113 -0.9938 -0.0000
vn 0.1113 -0.9938 -0.0000
vn 0.3257 -0.6320 0.7032
vn 0.3200 -0.6460 0.6930
vn 0.3391 -0.6856 0.6441
vn 0.3176 -0.7146 0.6233
vn 0.3342 -0.7105 0.6192
vn 0.2998 -0.7432 0.5982
vn 0.2691 -0.7573 0.5951
vn 0.2934 -0.7427 0.6020
vn -0.1641 -0.6111 0.7744
vn -0.1818 -0.5886 0.7877
vn -0.0908 -0.5636 0.8211
vn -0.0711 -0.5951 0.8005
vn -0.0015 -0.5048 0.8632
vn 0.0547 -0.6078 0.7922
vn 0.1484 -0.5138 0.8450
vn 0.2657 -0.6198 0.7384
vn 0.2729 -0.5724 0.7732
vn 0.1588 -0.5977 0.7858
vn 0.2667 -0.7522 0.6026
vn 0.2431 -0.7610 0.6015
vn 0.2510 -0.7505 0.6113
vn 0.2357 -0.7546 0.6124
vn 0.2482 -0.7459 0.6181
vn 0.2399 -0.7456 0.6217
vn 0.2414 -0.7449 0.6220
vn 0.2483 -0.7471 0.6165
vn -0.1870 -0.6550 0.7321
vn -0.1923 -0.6547 0.7310
vn -0.1411 -0.6319 0.7621
vn -0.1591 -0.6173 0.7705
vn -0.1563 -0.6168 0.7715
vn -0.1458 -0.6200 0.7709
vn -0.1625 -0.6273 0.7616
vn -0.1801 -0.6184 0.7649
vn -0.1893 -0.6251 0.7573
vn -0.2155 -0.6039 0.7674
vn 0.1898 -0.8527 0.4867
vn 0.1789 -0.8274 0.5324
vn 0.2526 -0.7624 0.5957
vn 0.2281 -0.7599 0.6087
vn 0.2416 -0.7872 0.5674
vn 0.2249 -0.7834 0.5795
vn 0.2066 -0.8116 0.5465
vn 0.2151 -0.8177 0.5340
vn 0.1729 -0.8418 0.5113
vn 0.1482 -0.8584 0.4910
vn -0.0850 -0.8423 0.5322
vn -0.0292 -0.8304 0.5564
vn 0.0041 -0.8707 0.4919
vn 0.0045 -0.8702 0.4927
vn 0.0945 -0.8601 0.5014
vn 0.0943 -0.8772 0.4709
vn 0.1462 -0.8543 0.4988
vn -0.1009 -0.8021 0.5886
vn -0.1141 -0.8120 0.5725
vn -0.1208 -0.7857 0.6067
vn -0.1171 -0.7834 0.6103
vn -0.1563 -0.7750 0.6124
vn -0.1376 -0.7125 0.6880
vn -0.2143 -0.7307 0.6481
vn -0.1279 -0.7557 0.6424
vn -1.0000 -0.0000 -0.0000
vn 0.0005 0.3459 -0.9383
vn -0.0086 0.1564 -0.9877
vn -0.0176 0.1831 -0.9829
vn -0.0044 0.7622 -0.6473
vn -0.0215 0.7069 -0.7069
vn -0.0046 0.6516 -0.7586
vn -0.0058 0.4540 -0.8910
vn -0.0278 0.5015 -0.8647
vn -0.0032 0.9877 -0.1564
vn -0.0460 0.9959 -0.0782
vn -0.0036 0.9745 -0.2245
vn 0.0006 0.8910 -0.4540
vn -0.0574 0.9336 -0.3538
vn -0.0093 0.8614 -0.5078
vn -0.0028 -0.8542 -0.5199
vn -0.0227 -0.8908 -0.4539
vn -0.0025 -0.7721 -0.6355
vn -0.0182 -0.7070 -0.7070
vn -0.0098 -0.6858 -0.7277
vn -0.0055 -0.4091 -0.9125
vn -0.0168 -0.4539 -0.8909
vn -0.0015 -0.5322 -0.8466
vn -0.0031 -0.2318 -0.9728
vn -0.0172 -0.1564 -0.9875
vn -0.0010 -0.0680 -0.9977
vn -0.0023 -0.9973 -0.0730
vn -0.0229 -0.9874 -0.1564
vn -0.0041 -0.9754 -0.2202
vn -0.0006 -0.9307 -0.3657
vn -0.7564 0.1704 -0.6315
vn -0.5884 0.7023 -0.4007
vn -0.7153 0.1266 -0.6872
vn -0.8619 0.5071 -0.0047
vn -0.6369 0.7709 0.0005
vn -0.8444 0.5356 0.0089
vn -0.9992 0.0392 0.0024
vn -0.5926 0.6886 -0.4179
vn -0.9752 0.0933 -0.2008
vn -0.9741 0.1536 -0.1659
vn -0.9463 0.2695 -0.1784
vn -0.6172 0.7462 -0.2494
vn -0.6025 0.7586 -0.2479
vn -0.9982 0.0565 -0.0182
vn -0.8579 0.5058 -0.0900
vn -0.6207 0.7816 -0.0613
vn -0.8572 0.3172 -0.4057
vn -0.8543 0.3229 -0.4073
vn -0.6301 0.0249 -0.7761
vn -0.6071 0.1836 -0.7731
vn -0.8084 -0.0090 -0.5886
vn -0.6563 0.1531 -0.7388
vn -0.8583 0.0719 -0.5081
vn -0.7480 0.2723 -0.6053
vn -0.6528 0.3683 -0.6619
vn -0.8949 0.1491 -0.4207
vn -0.7718 -0.0733 -0.6317
vn -0.7972 -0.0792 -0.5985
vn -0.7975 -0.0588 -0.6005
vn -0.5112 -0.0157 -0.8593
vn -0.5972 -0.0210 -0.8018
vn -0.6321 0.0009 -0.7749
vn -0.7576 0.0028 -0.6528
vn -0.7448 0.0028 -0.6672
vn -0.1981 0.0114 -0.9801
vn -0.6550 0.0292 -0.7551
vn -0.8026 0.0422 -0.5950
vn -0.8500 0.0712 -0.5220
vn -0.3452 0.0320 -0.9380
vn -0.8314 0.0744 -0.5507
vn -0.7109 -0.4114 -0.5704
vn -0.3737 -0.5533 -0.7445
vn -0.6719 -0.2783 -0.6863
vn -0.6014 -0.1883 -0.7764
vn -0.9054 -0.0989 -0.4129
vn -0.8516 -0.1732 -0.4948
vn -0.8060 -0.1345 -0.5765
vn -0.6635 -0.1635 -0.7301
vn -0.8583 0.0233 -0.5126
vn -0.8261 0.0387 -0.5622
vn -0.9222 -0.1624 -0.3510
vn -0.8533 -0.2980 -0.4279
vn -0.4817 -0.6692 -0.5658
vn -0.6222 -0.5793 -0.5266
vn -0.9994 -0.0072 -0.0350
vn -0.6252 -0.7767 -0.0771
vn -0.6095 -0.7887 -0.0805
vn -0.8938 -0.3932 -0.2157
vn -0.9637 -0.2107 -0.1637
vn -0.6236 -0.7434 -0.2418
vn -0.6029 -0.7588 -0.2465
vn -0.9801 -0.0033 -0.1986
vn -0.6573 -0.6477 -0.3852
vn -0.5913 -0.6984 -0.4032
vn -0.5998 -0.8002 0.0032
vn -0.6268 -0.7792 0.0043
vn -0.9981 -0.0618 0.0033
vn -0.9802 -0.1979 0.0064
vn -0.5262 -0.6333 -0.5675
vn -0.5593 -0.5674 -0.6044
vn -0.7917 -0.2273 -0.5670
vn -0.9399 -0.0053 0.3414
vn -0.9533 -0.0052 0.3020
vn -0.9541 -0.0047 0.2995
vn -0.9688 -0.0046 0.2478
vn -0.9713 -0.0026 0.2380
vn -0.9801 -0.0064 0.1984
vn -0.9880 -0.0012 0.1543
vn -0.9884 -0.0005 0.1521
vn -0.8457 -0.0199 0.5332
vn -0.8777 -0.0266 0.4784
vn -0.8778 -0.0266 0.4783
vn -0.9079 -0.0156 0.4189
vn -0.9259 -0.0214 0.3772
vn -0.8756 -0.0530 0.4800
vn -0.8767 -0.0514 0.4783
vn -0.9310 -0.0478 0.3618
vn -0.9301 -0.0497 0.3638
vn -0.9523 -0.0369 0.3030
vn -0.9671 -0.0455 0.2503
vn -0.9675 -0.0446 0.2488
vn -0.9794 -0.0331 0.1990
vn -0.9866 -0.0416 0.1576
vn -0.9868 -0.0408 0.1565
vn -0.8724 -0.0927 0.4799
vn -0.8725 -0.0925 0.4798
vn -0.9276 -0.0885 0.3630
vn -0.9281 -0.0873 0.3618
vn -0.9641 -0.0834 0.2521
vn -0.9647 -0.0814 0.2504
vn -0.9840 -0.0783 0.1602
vn -0.9846 -0.0753 0.1578
vn -0.8377 0.1079 0.5354
vn -0.8737 0.0794 0.4799
vn -0.9006 0.1047 0.4219
vn -0.9293 0.0734 0.3618
vn -0.9444 0.0955 0.3146
vn -0.9652 0.0755 0.2503
vn -0.9666 0.0811 0.2432
vn -0.9844 0.0779 0.1577
vn -0.9843 0.0752 0.1599
vn -0.8444 0.0469 0.5336
vn -0.8765 0.0543 0.4782
vn -0.8757 0.0535 0.4799
vn -0.9071 0.0416 0.4189
vn -0.9327 0.0506 0.3571
vn -0.9311 0.0464 0.3619
vn -0.9676 0.0430 0.2489
vn -0.9673 0.0417 0.2502
vn -0.9868 0.0392 0.1572
vn -0.9867 0.0389 0.1575
vn -0.9390 0.0203 0.3432
vn -0.9537 0.0122 0.3005
vn -0.9707 0.0233 0.2393
vn -0.9684 0.0157 0.2488
vn -0.9861 0.0144 0.1653
vn -0.8469 0.0084 0.5316
vn -0.8466 0.0083 0.5321
vn -0.8793 0.0075 0.4762
vn -0.8792 0.0074 0.4764
vn -0.9087 0.0066 0.4174
vn -0.9268 0.0060 0.3755
vn -0.9936 0.0726 0.0865
vn -0.9932 0.0654 0.0960
vn -0.9965 0.0645 0.0530
vn -0.9966 0.0604 0.0564
vn -0.9979 0.0600 0.0251
vn -0.9980 0.0559 0.0278
vn -0.9984 0.0554 0.0094
vn -0.9983 0.0584 0.0074
vn -0.9943 0.0317 0.1014
vn -0.9962 0.0125 0.0862
vn -0.9986 0.0080 0.0514
vn -0.9986 0.0073 0.0523
vn -0.9996 0.0127 0.0245
vn -0.9998 0.0081 0.0158
vn -0.9932 -0.0020 0.1166
vn -0.9982 -0.0584 0.0100
vn -0.9980 -0.0623 0.0131
vn -0.9984 -0.0514 0.0248
vn -0.9964 -0.0664 0.0523
vn -0.9948 -0.0414 0.0933
vn -0.9978 -0.0301 0.0591
vn -1.0000 -0.0020 0.0096
vn -0.9999 -0.0057 0.0120
vn -0.9996 -0.0130 0.0255
vn -0.9987 -0.0074 0.0511
vn -0.9986 -0.0077 0.0515
vn -0.9944 -0.0084 0.1055
vn -0.9934 -0.0289 0.1107
vn -0.9926 -0.0733 0.0963
vn -0.9931 -0.0702 0.0935
vn -0.9964 -0.0690 0.0501
vn -0.9682 -0.2168 0.1252
vn -0.9772 -0.1858 0.1029
vn -0.9833 -0.1726 0.0575
vn -0.9809 -0.1844 0.0616
vn -0.9832 -0.1820 0.0170
vn -0.9868 -0.1597 0.0254
vn -0.9921 -0.1130 0.0548
vn -0.9899 -0.1405 0.0190
vn -0.9844 -0.1741 0.0245
vn -0.9864 -0.1290 0.1020
vn -0.9877 -0.1227 0.0968
vn -0.9909 -0.1212 0.0581
vn -0.9927 -0.1079 0.0530
vn -0.9938 -0.1095 0.0187
vn -0.9918 -0.1257 0.0224
vn -0.8515 -0.2002 0.4847
vn -0.8881 -0.2026 0.4126
vn -0.8898 -0.2261 0.3964
vn -0.9295 -0.2036 0.3076
vn -0.9310 -0.2254 0.2872
vn -0.9541 -0.2082 0.2155
vn -0.9544 -0.2159 0.2060
vn -0.9677 -0.1971 0.1575
vn -0.8254 -0.1596 0.5416
vn -0.8532 -0.1572 0.4973
vn -0.8652 -0.1439 0.4803
vn -0.8970 -0.1594 0.4123
vn -0.9224 -0.1320 0.3630
vn -0.9380 -0.1589 0.3080
vn -0.9593 -0.1264 0.2523
vn -0.9653 -0.1486 0.2149
vn -0.9792 -0.1265 0.1584
vn -0.9785 -0.1296 0.1606
vn -0.7963 -0.1284 0.5911
vn -0.7179 -0.0330 0.6954
vn -0.7367 -0.1009 0.6686
vn -0.6476 -0.0132 0.7619
vn -0.7199 -0.0641 0.6911
vn -0.7202 -0.0634 0.6909
vn -0.7113 -0.0476 0.7013
vn -0.7120 -0.0361 0.7013
vn -0.6740 -0.0303 0.7381
vn -0.7669 -0.0237 0.6413
vn -0.8096 -0.0296 0.5863
vn -0.8068 -0.0314 0.5900
vn -0.8063 -0.0565 0.5888
vn -0.8055 -0.0575 0.5898
vn -0.8019 -0.0969 0.5896
vn -0.7971 -0.1031 0.5950
vn -0.7170 0.0627 0.6943
vn -0.6755 0.0370 0.7365
vn -0.6751 0.0069 0.7377
vn -0.6581 0.0162 0.7527
vn -0.7379 0.0990 0.6676
vn -0.7703 0.1029 0.6293
vn -0.8027 0.0811 0.5908
vn -0.7684 0.0098 0.6399
vn -0.7696 0.0101 0.6385
vn -0.8114 0.0093 0.5844
vn -0.8109 0.0092 0.5851
vn -0.8063 0.0577 0.5887
vn -0.8075 0.0587 0.5869
vn -0.7634 0.0485 0.6441
vn -0.7200 0.0575 0.6916
vn -0.7008 0.0397 0.7122
vn -0.7290 0.0108 0.6844
vn -0.7163 0.0066 0.6977
vn -0.7683 0.1328 0.6262
vn -0.8127 0.1555 0.5616
vn -0.8651 0.2192 0.4512
vn -0.9677 0.1935 0.1619
vn -0.9519 0.2232 0.2100
vn -0.9466 0.2022 0.2510
vn -0.9318 0.2266 0.2835
vn -0.9104 0.2042 0.3599
vn -0.9041 0.2146 0.3696
vn -0.8569 0.1755 0.4847
vn -0.8316 0.1445 0.5362
vn -0.8578 0.1679 0.4857
vn -0.8968 0.1344 0.4216
vn -0.9181 0.1638 0.3608
vn -0.9395 0.1350 0.3147
vn -0.9584 0.1494 0.2431
vn -0.9577 0.1414 0.2506
vn -0.9780 0.1338 0.1603
vn -0.9780 0.1326 0.1613
vn -0.9841 0.1757 0.0257
vn -0.9906 0.1361 0.0160
vn -0.9874 0.1561 0.0252
vn -0.9861 0.1648 0.0206
vn -0.9860 0.1638 0.0318
vn -0.9806 0.1868 0.0597
vn -0.9812 0.1828 0.0616
vn -0.9781 0.1828 0.0996
vn -0.9667 0.2207 0.1292
vn -0.9873 0.1261 0.0969
vn -0.9874 0.1228 0.1000
vn -0.9910 0.1211 0.0569
vn -0.9916 0.1139 0.0609
vn -0.9932 0.1129 0.0281
vn -0.9939 0.1053 0.0314
vn -0.9943 0.1050 0.0183
vn -0.9921 0.1242 0.0158
vn -0.0024 1.0000 -0.0019
vn 0.0001 1.0000 0.0001
vn 0.0002 1.0000 -0.0000
vn -0.0009 1.0000 0.0015
vn 0.0051 -0.9991 0.0422
vn -0.0029 -0.9981 0.0614
vn -0.0071 -0.9833 0.1817
vn 0.0060 -0.9894 0.1449
vn 0.0128 -0.9626 0.2705
vn 0.0119 -0.9085 0.4178
vn -0.0107 -0.9309 0.3652
vn 0.0190 -0.6928 0.7209
vn -0.0060 -0.7258 0.6879
vn 0.0066 -0.8189 0.5740
vn -0.0039 -0.8311 0.5561
vn -0.0042 -0.4121 0.9111
vn -0.0052 -0.4127 0.9109
vn 0.0159 -0.5473 0.8368
vn -0.0121 -0.5724 0.8199
vn 0.0281 -0.1996 0.9795
vn 0.0319 -0.1986 0.9796
vn -0.0156 -0.2981 0.9544
vn 0.0237 -0.2865 0.9578
vn 0.1101 -0.1099 0.9878
vn -0.0320 -0.1291 0.9911
vn 0.2841 -0.0232 0.9585
vn -0.0968 -0.0419 0.9944
vn 0.1036 0.0618 0.9927
vn -0.0644 0.0677 0.9956
vn 0.0336 0.1631 0.9860
vn -0.0179 0.1507 0.9884
vn 0.0043 0.2670 0.9637
vn -0.0010 0.2648 0.9643
vn 0.0258 0.3819 0.9239
vn -0.0070 0.4011 0.9160
vn 0.0050 0.5292 0.8485
vn 0.0145 0.5214 0.8532
vn 0.0088 0.6679 0.7442
vn -0.0082 0.6846 0.7289
vn 0.0018 0.8157 0.5784
vn 0.0153 0.7991 0.6009
vn -0.0008 0.8839 0.4676
vn 0.0104 0.8987 0.4385
vn 0.0066 0.9568 0.2907
vn -0.0050 0.9469 0.3216
vn 0.0025 0.9848 0.1738
vn -0.0010 0.9859 0.1672
vn 0.0017 0.9983 0.0587
vn 0.0038 0.9981 0.0622
vn -0.0034 -1.0000 -0.0026
vn 0.0061 -0.1564 -0.9877
vn -0.0021 -0.2349 -0.9720
vn 0.0040 -0.4540 -0.8910
vn 0.0003 -0.4807 -0.8769
vn 0.0004 -0.7071 -0.7071
vn 0.0032 -0.7191 -0.6949
vn 0.0051 -0.9877 -0.1564
vn -0.0010 -0.9764 -0.2161
vn 0.0015 -0.8910 -0.4540
vn 0.0040 -0.8988 -0.4384
vn -0.0007 -0.0009 -1.0000
vn -0.0009 0.0010 -1.0000
vn -0.0066 0.9530 -0.3029
vn 0.0074 0.9877 -0.1564
vn 0.0080 0.8910 -0.4540
vn -0.0048 0.7867 -0.6173
vn 0.0065 0.7071 -0.7071
vn -0.0048 0.5564 -0.8309
vn 0.0067 0.4540 -0.8910
vn -0.0044 0.2562 -0.9666
vn 0.0060 0.1564 -0.9877
vn -0.0010 -0.9990 0.0438
vn 0.0056 -0.9974 0.0723
vn 0.0022 -0.9593 0.2825
vn -0.0001 -0.9648 0.2630
vn 0.0002 -0.9885 0.1510
vn 0.0021 -0.9866 0.1633
vn -0.0006 -0.7948 0.6069
vn 0.0015 -0.7866 0.6175
vn 0.0009 -0.8995 0.4370
vn -0.0012 -0.9065 0.4222
vn -0.0005 -0.6518 0.7584
vn 0.0027 -0.6353 0.7723
vn 0.0002 -0.5059 0.8626
vn 0.0012 -0.5005 0.8657
vn -0.0008 -0.3749 0.9271
vn 0.0014 -0.3634 0.9316
vn 0.0001 -0.2530 0.9675
vn 0.0024 -0.2434 0.9699
vn 0.0020 -0.1371 0.9906
vn 0.0008 -0.1416 0.9899
vn 0.0033 -0.0430 0.9991
vn 0.0004 -0.0555 0.9985
vn -0.0024 0.0101 0.9999
vn 0.0045 0.0662 0.9978
vn -0.0002 0.0880 0.9961
vn 0.0018 0.1657 0.9862
vn 0.0006 0.1605 0.9870
vn -0.0000 0.2714 0.9625
vn 0.0007 0.2682 0.9634
vn 0.0001 0.4035 0.9150
vn 0.0017 0.3939 0.9191
vn 0.0003 0.5407 0.8412
vn 0.0038 0.5219 0.8530
vn 0.0026 0.6754 0.7374
vn -0.0010 0.6930 0.7210
vn 0.0032 0.8235 0.5674
vn -0.0012 0.8001 0.5999
vn 0.0017 0.9087 0.4175
vn -0.0011 0.9163 0.4005
vn -0.0013 0.9711 0.2387
vn 0.0009 0.9672 0.2539
vn 0.0025 0.9931 0.1173
vn 0.0008 0.9941 0.1084
vn -0.0019 0.9998 0.0211
vn -0.0009 1.0000 -0.0017
vn 0.0004 1.0000 0.0006
vn 0.0010 1.0000 -0.0002
vn -0.0005 0.6535 -0.7570
vn -0.0017 0.9808 -0.1951
vn 0.0068 0.9592 -0.2827
vn 0.0010 0.8315 -0.5556
vn 0.0033 0.8147 -0.5799
vn 0.0030 0.1951 -0.9808
vn 0.0009 0.2293 -0.9734
vn -0.0005 0.5556 -0.8315
vn 0.0089 0.4627 -0.8865
vn -0.0018 0.0006 -1.0000
vn -0.0008 -0.0000 -1.0000
vn -0.0011 -0.2873 -0.9578
vn 0.0044 -0.1951 -0.9808
vn 0.0017 -0.5729 -0.8196
vn 0.0032 -0.5556 -0.8315
vn -0.0007 -0.7571 -0.6533
vn 0.0043 -0.8315 -0.5556
vn 0.0049 -0.9714 -0.2374
vn 0.0016 -0.9808 -0.1951
vn -0.0005 -0.8882 -0.4594
vn -0.0004 -1.0000 -0.0006
vn -0.0009 -1.0000 0.0020
vn -0.9915 -0.0007 0.1301
vn -0.9711 0.0006 0.2388
vn -0.9820 -0.0003 0.1890
vn -0.9820 -0.0003 0.1891
vn -0.9879 0.0005 0.1551
vn -0.9625 0.0006 0.2714
vn -0.9743 -0.0008 0.2253
vn -0.9558 0.0002 0.2941
vn -0.9656 -0.0005 0.2601
vn -0.9426 0.0002 0.3338
vn -0.9406 -0.0004 0.3394
vn -0.9528 0.0005 0.3037
vn -0.9492 -0.0007 0.3147
vn -0.9332 -0.0000 0.3592
vn -0.9969 0.0010 -0.0787
vn -0.9968 -0.0000 -0.0795
vn -0.9999 0.0003 0.0151
vn -0.9989 -0.0008 -0.0467
vn -0.9987 0.0002 -0.0519
vn -0.9969 -0.0000 -0.0784
vn -0.9927 -0.0000 0.1210
vn -0.9968 -0.0002 0.0801
vn -0.9971 0.0004 0.0762
vn -0.9999 -0.0000 0.0137
vn -0.9624 -0.2666 -0.0522
vn -0.9717 -0.2317 -0.0453
vn -0.2379 -0.9713 -0.0053
vn -0.2310 -0.9729 -0.0057
vn -0.7301 -0.6821 -0.0412
vn -0.6706 -0.7416 -0.0185
vn -0.7117 -0.7024 -0.0079
vn -0.9544 -0.2983 -0.0101
vn -0.2767 -0.1432 -0.9502
vn -0.1980 -0.2779 -0.9400
vn -0.2948 -0.4090 -0.8636
vn -0.2094 -0.5548 -0.8052
vn -0.2872 -0.6717 -0.6828
vn -0.2331 -0.7322 -0.6400
vn -0.2521 -0.8559 -0.4515
vn -0.2811 -0.8625 -0.4207
vn -0.2269 -0.9431 -0.2430
vn -0.3067 -0.9451 -0.1128
vn -0.6482 -0.1071 -0.7539
vn -0.6897 -0.3011 -0.6586
vn -0.6780 -0.2954 -0.6731
vn -0.6796 -0.5007 -0.5361
vn -0.6833 -0.5013 -0.5309
vn -0.6908 -0.6391 -0.3381
vn -0.7062 -0.6337 -0.3158
vn -0.6772 -0.7264 -0.1171
vn -0.9457 -0.1092 -0.3063
vn -0.9514 -0.1167 -0.2850
vn -0.9461 -0.1960 -0.2579
vn -0.9603 -0.2262 -0.1632
vn -0.9573 -0.2317 -0.1730
vn -0.9725 -0.2197 0.0772
vn -0.9775 -0.2102 0.0157
vn -0.9501 -0.3085 0.0472
vn -0.7087 -0.7046 0.0355
vn -0.7006 -0.7128 0.0333
vn -0.2902 -0.9569 0.0138
vn -0.9619 -0.2421 0.1271
vn -0.9524 -0.2826 0.1147
vn -0.6841 -0.7247 0.0827
vn -0.6977 -0.7110 0.0875
vn -0.2590 -0.9653 0.0345
vn -0.2317 -0.9724 0.0268
vn -0.2288 -0.0000 -0.9735
vn -0.2829 0.0015 -0.9591
vn -0.6907 0.0009 -0.7231
vn -0.6743 0.0003 -0.7384
vn -0.9437 -0.0000 -0.3309
vn -0.9548 0.0010 -0.2972
vn -0.9438 -0.2801 0.1753
vn -0.3130 -0.9412 0.1275
vn -0.2565 -0.9570 0.1355
vn -0.9550 -0.2156 0.2036
vn -0.2075 -0.9582 0.1969
vn -0.2770 -0.9154 0.2921
vn -0.2456 -0.9206 0.3034
vn -0.9309 -0.2760 0.2390
vn -0.9230 -0.2576 0.2859
vn -0.9313 -0.2110 0.2969
vn -0.2197 -0.8661 0.4491
vn -0.2581 -0.8457 0.4671
vn -0.2053 -0.7442 0.6356
vn -0.2466 -0.7183 0.6506
vn -0.1969 -0.5977 0.7771
vn -0.2295 -0.5745 0.7856
vn -0.1965 -0.4671 0.8621
vn -0.2227 -0.4498 0.8649
vn -0.1956 -0.3345 0.9219
vn -0.2176 -0.3227 0.9211
vn -0.1903 -0.2231 0.9560
vn -0.2157 -0.2122 0.9531
vn -0.1874 -0.1261 0.9742
vn -0.2085 -0.1190 0.9707
vn -0.1916 -0.0512 0.9801
vn -0.2254 -0.0412 0.9734
vn -0.1641 0.0114 0.9864
vn -0.2510 0.0426 0.9671
vn -0.1601 0.0797 0.9839
vn -0.2334 0.1444 0.9616
vn -0.2023 0.1404 0.9692
vn -0.2030 0.2442 0.9482
vn -0.2081 0.2448 0.9470
vn -0.2075 0.3712 0.9051
vn -0.1996 0.3701 0.9073
vn -0.2207 0.4828 0.8475
vn -0.2053 0.4808 0.8525
vn -0.2288 0.6260 0.7455
vn -0.2031 0.6246 0.7541
vn -0.2419 0.7347 0.6338
vn -0.1965 0.7648 0.6135
vn -0.9042 -0.2400 0.3534
vn -0.9117 -0.1818 0.3685
vn -0.8821 -0.2070 0.4232
vn -0.8859 -0.1331 0.4444
vn -0.8877 -0.1279 0.4422
vn -0.8562 -0.1229 0.5018
vn -0.8689 -0.0697 0.4901
vn -0.8753 -0.0604 0.4798
vn -0.8284 -0.0605 0.5568
vn -0.8322 -0.0312 0.5537
vn -0.8683 -0.0072 0.4961
vn -0.8433 -0.0163 0.5372
vn -0.8429 0.0106 0.5379
vn -0.8554 0.0135 0.5179
vn -0.8300 0.0386 0.5564
vn -0.8626 0.0535 0.5030
vn -0.8655 0.0529 0.4981
vn -0.8515 0.0983 0.5151
vn -0.8781 0.1091 0.4659
vn -0.8714 0.1127 0.4775
vn -0.8824 0.1579 0.4433
vn -0.8937 0.1512 0.4224
vn -0.8866 0.2103 0.4119
vn -0.2526 0.8548 0.4533
vn -0.1791 0.8634 0.4716
vn -0.2843 0.8901 0.3562
vn -0.1938 0.9429 0.2709
vn -0.2900 0.9312 0.2209
vn -0.2137 0.9663 0.1433
vn -0.7185 -0.6774 0.1577
vn -0.6555 -0.7313 0.1885
vn -0.7050 -0.6622 0.2540
vn -0.6461 -0.6948 0.3159
vn -0.6758 -0.6544 0.3391
vn -0.6381 -0.6238 0.4513
vn -0.6588 -0.5964 0.4585
vn -0.6160 -0.5224 0.5896
vn -0.6323 -0.5013 0.5906
vn -0.6000 -0.4098 0.6870
vn -0.6096 -0.3976 0.6857
vn -0.5904 -0.3153 0.7430
vn -0.5971 -0.3081 0.7406
vn -0.5795 -0.2238 0.7836
vn -0.5848 -0.2195 0.7809
vn -0.5732 -0.1453 0.8064
vn -0.5763 -0.1435 0.8045
vn -0.5680 -0.0809 0.8190
vn -0.5696 -0.0802 0.8180
vn -0.5658 -0.0281 0.8241
vn -0.5687 -0.0272 0.8221
vn -0.5639 0.0296 0.8253
vn -0.5705 0.0307 0.8207
vn -0.5677 0.0953 0.8177
vn -0.5726 0.0957 0.8142
vn -0.5751 0.1676 0.8007
vn -0.5798 0.1677 0.7973
vn -0.5857 0.2534 0.7699
vn -0.5850 0.2534 0.7704
vn -0.5980 0.3319 0.7296
vn -0.5957 0.3320 0.7313
vn -0.6149 0.4341 0.6584
vn -0.6089 0.4353 0.6632
vn -0.6299 0.5260 0.5714
vn -0.6265 0.5272 0.5740
vn -0.6499 0.6048 0.4603
vn -0.6664 0.5962 0.4478
vn -0.6390 0.6760 0.3669
vn -0.7015 0.6406 0.3123
vn -0.6523 0.7137 0.2553
vn -0.7098 0.6736 0.2062
vn -0.9456 0.2511 0.2066
vn -0.9290 0.2494 0.2734
vn -0.9320 0.2424 0.2694
vn -0.9109 0.2307 0.3421
vn -0.9179 0.1971 0.3445
vn -0.9440 0.2556 0.2085
vn -0.7223 0.6812 0.1193
vn -0.2309 0.9713 0.0568
vn -0.2829 0.9533 0.1058
vn -0.6719 0.7234 0.1588
vn -0.9546 0.2585 0.1482
vn -0.9471 0.2817 0.1537
vn -0.2876 0.9410 -0.1783
vn -0.2144 0.9336 -0.2872
vn -0.2943 0.8452 -0.4461
vn -0.2044 0.7986 -0.5661
vn -0.2862 0.6536 -0.7006
vn -0.2409 0.6217 -0.7453
vn -0.2367 0.4463 -0.8630
vn -0.2925 0.3721 -0.8809
vn -0.2017 0.2375 -0.9502
vn -0.6750 0.7209 -0.1569
vn -0.6992 0.6197 -0.3565
vn -0.6984 0.6208 -0.3560
vn -0.6739 0.4909 -0.5522
vn -0.6878 0.4666 -0.5561
vn -0.6690 0.2838 -0.6869
vn -0.6830 0.2637 -0.6812
vn -0.9548 0.2342 -0.1829
vn -0.9616 0.1890 -0.1992
vn -0.9445 0.1854 -0.2712
vn -0.9362 0.1112 -0.3334
vn -0.2735 0.9613 0.0324
vn -0.2240 0.9744 0.0179
vn -0.6670 0.7410 0.0778
vn -0.7399 0.6697 0.0631
vn -0.9648 0.2522 0.0743
vn -0.9535 0.2900 0.0817
vn -0.9655 0.2323 0.1179
vn -0.9670 0.2545 0.0126
vn -0.9637 0.2664 0.0143
vn -0.7092 0.7050 0.0106
vn -0.6828 0.7305 0.0154
vn -0.2981 0.9545 0.0067
vn -0.9634 0.2632 -0.0506
vn -0.9628 0.2655 -0.0503
vn -0.7255 0.6870 -0.0407
vn -0.7029 0.7105 -0.0344
vn -0.2456 0.9693 -0.0124
vn -0.2340 0.9722 -0.0101
s 0
f 3//1 4//1 1//1
f 5//1 6//1 1//1
f 1//1 6//1 7//1
f 1//1 7//1 3//1
f 8//1 9//1 1//1
f 1//1 9//1 10//1
f 1//1 10//1 5//1
f 11//1 12//1 1//1
f 1//1 12//1 13//1
f 1//1 13//1 8//1
f 2//1 14//1 1//1
f 1//1 14//1 15//1
f 1//1 15//1 11//1
f 16//2 9//2 17//2
f 17//3 9//3 8//3
f 13//4 18//4 8//4
f 8//5 18//5 17//5
f 12//6 19//6 13//6
f 13//7 19//7 18//7
f 11//8 20//8 12//8
f 12//9 20//9 21//9
f 12//10 21//10 19//10
f 15//11 22//11 11//11
f 11//12 22//12 20//12
f 14//13 23//13 15//13
f 15//14 23//14 22//14
f 2//15 24//15 14//15
f 14//16 24//16 25//16
f 14//17 25//17 23//17
f 4//18 26//18 1//18
f 1//19 26//19 27//19
f 1//20 27//20 2//20
f 2//21 27//21 24//21
f 3//22 28//22 4//22
f 4//23 28//23 29//23
f 4//24 29//24 26//24
f 7//25 30//25 3//25
f 3//26 30//26 28//26
f 6//27 31//27 7//27
f 7//28 31//28 30//28
f 5//29 32//29 6//29
f 6//30 32//30 33//30
f 6//31 33//31 31//31
f 10//32 34//32 5//32
f 5//33 34//33 32//33
f 9//34 16//34 35//34
f 9//35 35//35 10//35
f 10//36 35//36 34//36
f 36//37 37//37 38//37
f 39//38 37//38 36//38
f 40//39 41//39 46//39
f 46//40 41//40 47//40
f 46//41 47//41 49//41
f 48//42 49//42 47//42
f 50//43 840//43 51//43
f 51//44 840//44 52//44
f 51//45 52//45 53//45
f 53//46 52//46 54//46
f 53//47 54//47 55//47
f 55//48 54//48 56//48
f 55//49 56//49 57//49
f 55//50 57//50 48//50
f 48//51 57//51 49//51
f 58//52 59//52 60//52
f 58//53 60//53 61//53
f 60//54 46//54 49//54
f 49//55 62//55 60//55
f 60//56 62//56 61//56
f 72//57 65//57 66//57
f 66//58 65//58 67//58
f 66//59 67//59 68//59
f 68//60 67//60 45//60
f 68//61 45//61 69//61
f 70//62 71//62 72//62
f 72//63 71//63 65//63
f 65//64 71//64 64//64
f 65//65 64//65 63//65
f 73//66 74//66 75//66
f 75//67 74//67 114//67
f 114//68 74//68 76//68
f 114//69 76//69 864//69
f 72//70 77//70 70//70
f 70//71 77//71 78//71
f 78//72 77//72 79//72
f 78//73 79//73 73//73
f 73//74 79//74 80//74
f 73//75 80//75 74//75
f 47//76 81//76 82//76
f 82//77 81//77 83//77
f 83//78 81//78 84//78
f 85//79 71//79 84//79
f 84//80 71//80 86//80
f 84//81 86//81 83//81
f 71//82 85//82 64//82
f 64//83 85//83 63//83
f 40//84 81//84 41//84
f 41//85 81//85 47//85
f 87//86 88//86 89//86
f 88//87 92//87 89//87
f 89//88 92//88 93//88
f 89//89 93//89 94//89
f 94//90 93//90 90//90
f 94//91 90//91 91//91
f 94//92 91//92 664//92
f 89//93 95//93 87//93
f 87//94 95//94 96//94
f 95//95 108//95 96//95
f 96//96 108//96 59//96
f 96//97 59//97 97//97
f 97//98 59//98 58//98
f 69//99 45//99 100//99
f 100//100 45//100 101//100
f 98//101 99//101 102//101
f 103//102 110//102 104//102
f 104//103 110//103 105//103
f 104//104 105//104 106//104
f 106//105 105//105 107//105
f 107//106 105//106 102//106
f 107//107 102//107 99//107
f 45//108 109//108 101//108
f 101//109 109//109 110//109
f 101//110 110//110 103//110
f 111//111 112//111 113//111
f 111//112 113//112 114//112
f 115//113 116//113 117//113
f 117//114 116//114 118//114
f 117//115 118//115 119//115
f 120//116 122//116 115//116
f 115//117 122//117 116//117
f 121//118 122//118 120//118
f 121//119 120//119 98//119
f 98//120 120//120 123//120
f 98//121 123//121 124//121
f 98//122 124//122 99//122
f 124//123 125//123 99//123
f 99//124 125//124 107//124
f 125//125 126//125 107//125
f 107//126 126//126 127//126
f 107//127 127//127 106//127
f 106//128 127//128 128//128
f 106//129 128//129 104//129
f 128//130 129//130 104//130
f 104//131 129//131 103//131
f 129//132 130//132 103//132
f 103//133 130//133 131//133
f 103//134 131//134 101//134
f 101//135 131//135 132//135
f 101//136 132//136 100//136
f 133//137 68//137 69//137
f 133//138 69//138 134//138
f 132//139 135//139 100//139
f 100//140 135//140 69//140
f 69//141 135//141 134//141
f 136//142 66//142 133//142
f 133//143 66//143 68//143
f 66//144 136//144 137//144
f 137//145 136//145 138//145
f 138//146 139//146 137//146
f 119//147 118//147 140//147
f 119//148 140//148 141//148
f 141//149 140//149 138//149
f 138//150 140//150 139//150
f 153//151 154//151 155//151
f 155//152 154//152 156//152
f 134//153 135//153 152//153
f 152//154 135//154 157//154
f 158//155 159//155 153//155
f 153//156 159//156 160//156
f 153//157 160//157 154//157
f 135//158 132//158 157//158
f 157//159 132//159 131//159
f 157//160 131//160 161//160
f 161//161 131//161 130//161
f 158//162 164//162 159//162
f 145//163 166//163 144//163
f 144//164 166//164 167//164
f 144//165 167//165 147//165
f 147//166 167//166 168//166
f 147//167 168//167 146//167
f 148//168 149//168 169//168
f 148//169 169//169 151//169
f 151//170 169//170 170//170
f 151//171 170//171 156//171
f 156//172 170//172 171//172
f 156//173 171//173 155//173
f 155//174 171//174 172//174
f 155//175 172//175 153//175
f 153//175 172//175 173//175
f 153//176 173//176 158//176
f 158//176 173//176 174//176
f 158//177 174//177 164//177
f 164//178 174//178 175//178
f 164//179 175//179 163//179
f 163//180 175//180 176//180
f 163//181 176//181 162//181
f 162//182 176//182 177//182
f 162//183 177//183 165//183
f 179//184 178//184 180//184
f 146//185 168//185 181//185
f 146//186 181//186 150//186
f 150//187 181//187 182//187
f 150//188 182//188 149//188
f 171//189 170//189 183//189
f 171//190 183//190 172//190
f 172//190 183//190 184//190
f 172//191 184//191 173//191
f 173//191 184//191 185//191
f 173//192 185//192 174//192
f 174//192 185//192 186//192
f 174//193 186//193 175//193
f 175//194 186//194 187//194
f 175//195 187//195 176//195
f 166//196 188//196 167//196
f 167//197 188//197 189//197
f 167//198 189//198 168//198
f 168//199 189//199 190//199
f 168//200 190//200 181//200
f 149//201 182//201 191//201
f 149//202 191//202 169//202
f 169//203 191//203 192//203
f 169//204 192//204 170//204
f 170//205 192//205 193//205
f 170//206 193//206 183//206
f 183//207 193//207 194//207
f 183//208 194//208 184//208
f 184//208 194//208 195//208
f 184//209 195//209 185//209
f 185//210 195//210 196//210
f 185//211 196//211 186//211
f 186//212 196//212 197//212
f 186//213 197//213 187//213
f 187//213 197//213 198//213
f 187//214 198//214 176//214
f 176//215 198//215 199//215
f 176//216 199//216 177//216
f 177//216 199//216 200//216
f 177//217 200//217 165//217
f 165//218 200//218 201//218
f 165//219 201//219 178//219
f 178//220 201//220 202//220
f 178//221 202//221 180//221
f 180//222 202//222 203//222
f 188//223 204//223 189//223
f 181//224 190//224 205//224
f 181//225 205//225 182//225
f 194//226 193//226 206//226
f 194//227 206//227 195//227
f 195//227 206//227 207//227
f 195//228 207//228 196//228
f 196//229 207//229 208//229
f 196//230 208//230 197//230
f 197//231 208//231 209//231
f 197//232 209//232 198//232
f 198//232 209//232 210//232
f 198//233 210//233 199//233
f 199//234 210//234 211//234
f 199//235 211//235 200//235
f 200//236 211//236 212//236
f 200//237 212//237 201//237
f 189//238 204//238 213//238
f 189//239 213//239 190//239
f 190//240 213//240 214//240
f 190//241 214//241 205//241
f 182//242 205//242 215//242
f 182//243 215//243 191//243
f 192//244 191//244 216//244
f 192//245 216//245 193//245
f 193//246 216//246 217//246
f 193//247 217//247 206//247
f 206//248 217//248 218//248
f 206//249 218//249 207//249
f 207//249 218//249 219//249
f 207//250 219//250 208//250
f 208//250 219//250 220//250
f 208//251 220//251 209//251
f 209//251 220//251 221//251
f 209//252 221//252 210//252
f 210//252 221//252 222//252
f 210//253 222//253 211//253
f 202//254 201//254 223//254
f 202//255 223//255 203//255
f 203//256 223//256 224//256
f 204//257 120//257 213//257
f 205//258 214//258 119//258
f 205//259 119//259 215//259
f 218//260 217//260 225//260
f 218//261 225//261 219//261
f 219//262 225//262 226//262
f 219//263 226//263 220//263
f 220//264 226//264 227//264
f 220//265 227//265 221//265
f 221//266 227//266 228//266
f 221//267 228//267 222//267
f 222//268 228//268 229//268
f 222//269 229//269 211//269
f 211//270 229//270 230//270
f 211//271 230//271 212//271
f 212//272 230//272 128//272
f 212//273 128//273 201//273
f 213//274 120//274 115//274
f 213//275 115//275 214//275
f 214//276 115//276 117//276
f 214//277 117//277 119//277
f 215//278 119//278 141//278
f 215//279 141//279 191//279
f 191//280 141//280 138//280
f 191//281 138//281 216//281
f 216//282 138//282 136//282
f 216//283 136//283 217//283
f 217//284 136//284 133//284
f 217//285 133//285 225//285
f 225//286 133//286 134//286
f 225//287 134//287 226//287
f 226//288 134//288 152//288
f 226//289 152//289 227//289
f 227//289 152//289 157//289
f 227//290 157//290 228//290
f 228//290 157//290 161//290
f 228//291 161//291 229//291
f 229//292 161//292 130//292
f 229//293 130//293 230//293
f 230//294 130//294 129//294
f 230//295 129//295 128//295
f 201//296 128//296 127//296
f 201//297 127//297 223//297
f 223//298 127//298 126//298
f 223//299 126//299 224//299
f 224//300 126//300 125//300
f 143//301 179//301 180//301
f 143//302 180//302 231//302
f 231//303 180//303 203//303
f 231//304 203//304 232//304
f 232//305 203//305 224//305
f 232//306 224//306 233//306
f 233//307 224//307 125//307
f 233//308 125//308 124//308
f 142//309 143//309 231//309
f 142//310 231//310 234//310
f 234//311 231//311 232//311
f 234//312 232//312 235//312
f 235//313 232//313 233//313
f 235//314 233//314 236//314
f 236//315 233//315 124//315
f 236//316 124//316 123//316
f 145//317 142//317 234//317
f 145//318 234//318 166//318
f 166//319 234//319 235//319
f 166//320 235//320 188//320
f 188//321 235//321 204//321
f 204//322 235//322 236//322
f 204//323 236//323 120//323
f 120//324 236//324 123//324
f 244//325 243//325 245//325
f 244//326 245//326 246//326
f 246//327 245//327 247//327
f 248//328 249//328 275//328
f 247//329 274//329 249//329
f 249//330 274//330 275//330
f 251//331 252//331 281//331
f 281//332 252//332 250//332
f 308//333 257//333 258//333
f 259//334 260//334 261//334
f 262//335 263//335 264//335
f 264//336 263//336 428//336
f 265//337 266//337 262//337
f 262//338 266//338 267//338
f 262//339 267//339 263//339
f 266//340 265//340 310//340
f 260//341 259//341 310//341
f 310//342 259//342 266//342
f 260//343 304//343 261//343
f 261//344 304//344 306//344
f 261//345 306//345 268//345
f 268//346 306//346 269//346
f 269//347 306//347 270//347
f 269//348 270//348 271//348
f 269//349 271//349 272//349
f 272//350 271//350 309//350
f 272//351 309//351 258//351
f 258//352 309//352 308//352
f 308//353 273//353 257//353
f 257//354 273//354 307//354
f 257//355 307//355 274//355
f 274//356 307//356 302//356
f 274//357 302//357 275//357
f 275//358 302//358 276//358
f 275//359 276//359 277//359
f 277//360 276//360 278//360
f 278//361 276//361 279//361
f 278//362 279//362 280//362
f 278//363 280//363 281//363
f 238//364 239//364 267//364
f 584//365 263//365 239//365
f 267//366 239//366 263//366
f 250//367 248//367 275//367
f 240//368 266//368 259//368
f 240//369 237//369 266//369
f 266//370 237//370 267//370
f 267//371 237//371 238//371
f 261//372 242//372 241//372
f 261//373 241//373 259//373
f 259//374 241//374 240//374
f 269//375 243//375 268//375
f 268//376 243//376 242//376
f 268//377 242//377 261//377
f 272//378 245//378 269//378
f 269//379 245//379 243//379
f 274//380 247//380 257//380
f 257//381 247//381 258//381
f 258//382 247//382 272//382
f 272//383 247//383 245//383
f 275//384 277//384 250//384
f 250//385 277//385 278//385
f 250//386 278//386 281//386
f 282//387 626//387 290//387
f 283//388 282//388 284//388
f 283//389 284//389 285//389
f 283//390 285//390 627//390
f 285//391 286//391 627//391
f 282//392 290//392 289//392
f 282//393 289//393 284//393
f 284//394 289//394 288//394
f 284//395 288//395 285//395
f 291//396 286//396 287//396
f 287//397 286//397 285//397
f 287//398 285//398 288//398
f 292//399 461//399 460//399
f 292//400 293//400 461//400
f 461//401 293//401 294//401
f 294//402 293//402 295//402
f 294//403 295//403 296//403
f 296//404 295//404 347//404
f 296//405 347//405 297//405
f 297//406 347//406 298//406
f 297//407 298//407 352//407
f 297//408 352//408 299//408
f 300//409 280//409 279//409
f 300//410 279//410 301//410
f 279//411 276//411 301//411
f 301//412 276//412 302//412
f 301//413 302//413 303//413
f 304//414 260//414 305//414
f 304//415 305//415 306//415
f 302//416 307//416 303//416
f 303//417 307//417 273//417
f 303//418 273//418 308//418
f 308//419 309//419 303//419
f 303//420 309//420 271//420
f 260//421 310//421 305//421
f 305//422 310//422 265//422
f 305//423 265//423 262//423
f 305//424 262//424 311//424
f 311//425 427//425 305//425
f 305//426 427//426 426//426
f 305//427 426//427 312//427
f 271//428 306//428 303//428
f 303//429 306//429 305//429
f 303//430 305//430 462//430
f 462//431 305//431 313//431
f 462//432 313//432 314//432
f 292//433 460//433 315//433
f 315//434 460//434 314//434
f 315//435 314//435 313//435
f 318//436 685//436 319//436
f 318//437 319//437 320//437
f 318//438 320//438 321//438
f 321//439 322//439 323//439
f 321//440 323//440 324//440
f 326//441 324//441 325//441
f 324//442 323//442 325//442
f 321//443 320//443 322//443
f 323//444 322//444 327//444
f 317//445 328//445 320//445
f 317//446 320//446 316//446
f 319//447 316//447 320//447
f 322//448 320//448 328//448
f 322//449 328//449 327//449
f 329//450 330//450 331//450
f 331//451 330//451 332//451
f 333//452 689//452 332//452
f 332//453 689//453 331//453
f 685//454 689//454 333//454
f 334//455 316//455 319//455
f 317//456 316//456 334//456
f 329//457 690//457 330//457
f 330//458 690//458 337//458
f 330//459 337//459 338//459
f 312//460 336//460 338//460
f 338//461 336//461 330//461
f 330//462 336//462 335//462
f 330//463 335//463 332//463
f 332//464 335//464 334//464
f 332//465 334//465 333//465
f 333//466 334//466 319//466
f 333//467 319//467 685//467
f 315//468 339//468 292//468
f 340//469 341//469 342//469
f 342//470 341//470 343//470
f 691//471 344//471 345//471
f 345//472 344//472 343//472
f 343//473 344//473 342//473
f 345//474 346//474 691//474
f 691//475 346//475 337//475
f 691//476 337//476 690//476
f 312//477 338//477 305//477
f 305//478 338//478 346//478
f 305//479 346//479 313//479
f 341//480 339//480 343//480
f 343//481 339//481 315//481
f 343//482 315//482 345//482
f 345//483 315//483 313//483
f 345//484 313//484 346//484
f 337//485 346//485 338//485
f 347//486 348//486 349//486
f 350//487 348//487 347//487
f 341//488 340//488 351//488
f 349//489 352//489 298//489
f 298//490 347//490 349//490
f 353//491 295//491 293//491
f 347//492 295//492 350//492
f 350//493 295//493 353//493
f 350//494 353//494 348//494
f 293//495 292//495 339//495
f 293//496 339//496 353//496
f 353//497 339//497 341//497
f 353//498 341//498 351//498
f 353//499 351//499 348//499
f 354//500 299//500 352//500
f 356//501 352//501 355//501
f 356//502 354//502 352//502
f 355//503 357//503 358//503
f 358//504 357//504 359//504
f 359//505 357//505 360//505
f 359//506 360//506 361//506
f 361//507 362//507 363//507
f 361//508 363//508 359//508
f 359//509 363//509 364//509
f 359//510 364//510 358//510
f 358//511 364//511 366//511
f 358//512 366//512 355//512
f 355//513 366//513 356//513
f 362//514 365//514 363//514
f 354//515 356//515 366//515
f 354//516 366//516 367//516
f 367//517 366//517 364//517
f 367//518 364//518 459//518
f 459//519 364//519 363//519
f 365//520 455//520 453//520
f 365//521 453//521 363//521
f 363//522 453//522 459//522
f 455//523 365//523 452//523
f 452//524 365//524 369//524
f 452//525 369//525 458//525
f 458//526 369//526 456//526
f 369//527 370//527 456//527
f 456//528 370//528 368//528
f 456//529 368//529 454//529
f 454//530 368//530 371//530
f 371//531 368//531 372//531
f 371//532 372//532 448//532
f 448//533 372//533 449//533
f 372//534 373//534 449//534
f 449//535 373//535 451//535
f 451//536 373//536 291//536
f 451//537 291//537 445//537
f 445//538 291//538 287//538
f 445//539 287//539 446//539
f 446//540 287//540 288//540
f 289//541 290//541 374//541
f 289//542 374//542 375//542
f 289//543 375//543 288//543
f 288//544 375//544 376//544
f 288//545 376//545 446//545
f 326//546 377//546 290//546
f 290//547 377//547 374//547
f 326//548 290//548 626//548
f 633//549 627//549 286//549
f 286//550 378//550 633//550
f 633//551 378//551 43//551
f 633//552 43//552 108//552
f 38//553 42//553 378//553
f 378//554 42//554 43//554
f 38//555 379//555 36//555
f 372//556 368//556 379//556
f 378//557 286//557 291//557
f 378//558 291//558 373//558
f 378//559 373//559 372//559
f 378//560 372//560 38//560
f 38//561 372//561 379//561
f 36//562 379//562 380//562
f 44//563 370//563 381//563
f 44//564 381//564 45//564
f 370//565 44//565 39//565
f 370//566 39//566 380//566
f 380//567 39//567 36//567
f 362//568 369//568 365//568
f 370//569 369//569 381//569
f 381//570 369//570 362//570
f 381//571 362//571 361//571
f 379//572 368//572 380//572
f 380//573 368//573 370//573
f 361//574 360//574 382//574
f 381//575 361//575 382//575
f 381//576 382//576 45//576
f 45//577 382//577 109//577
f 582//578 583//578 383//578
f 383//579 583//579 384//579
f 393//580 394//580 395//580
f 395//581 394//581 251//581
f 390//582 396//582 397//582
f 398//583 393//583 399//583
f 399//584 393//584 395//584
f 395//585 251//585 281//585
f 578//586 392//586 398//586
f 398//587 392//587 393//587
f 398//588 400//588 578//588
f 578//589 400//589 401//589
f 578//590 401//590 391//590
f 396//591 390//591 401//591
f 401//592 390//592 391//592
f 580//593 579//593 397//593
f 397//594 579//594 390//594
f 397//595 403//595 580//595
f 580//596 403//596 404//596
f 580//597 404//597 389//597
f 389//598 404//598 405//598
f 389//599 405//599 388//599
f 388//600 405//600 406//600
f 388//601 406//601 386//601
f 386//602 406//602 407//602
f 386//603 407//603 387//603
f 387//604 407//604 408//604
f 387//605 408//605 385//605
f 385//606 408//606 409//606
f 385//607 409//607 384//607
f 384//608 409//608 383//608
f 383//609 402//609 582//609
f 410//610 401//610 411//610
f 411//611 401//611 400//611
f 411//612 400//612 434//612
f 434//613 400//613 398//613
f 434//614 398//614 433//614
f 433//615 398//615 399//615
f 433//616 399//616 432//616
f 432//617 399//617 395//617
f 432//618 395//618 412//618
f 412//619 395//619 281//619
f 412//620 281//620 280//620
f 413//621 397//621 410//621
f 410//622 397//622 396//622
f 410//623 396//623 401//623
f 397//624 413//624 414//624
f 397//625 414//625 403//625
f 403//626 414//626 435//626
f 403//627 435//627 404//627
f 404//628 435//628 415//628
f 404//629 415//629 405//629
f 405//630 415//630 416//630
f 405//631 416//631 406//631
f 406//632 416//632 407//632
f 416//633 431//633 407//633
f 407//634 431//634 417//634
f 407//635 417//635 408//635
f 408//636 417//636 418//636
f 408//637 418//637 409//637
f 409//638 418//638 383//638
f 430//639 402//639 419//639
f 419//640 402//640 383//640
f 419//641 383//641 418//641
f 402//642 430//642 436//642
f 402//643 436//643 420//643
f 420//644 436//644 421//644
f 436//645 422//645 421//645
f 421//646 422//646 423//646
f 422//647 312//647 423//647
f 423//648 312//648 424//648
f 582//649 402//649 581//649
f 255//650 256//650 423//650
f 423//651 256//651 581//651
f 423//652 581//652 421//652
f 421//653 581//653 420//653
f 420//654 581//654 402//654
f 423//655 424//655 255//655
f 253//656 425//656 584//656
f 584//657 425//657 263//657
f 255//658 424//658 254//658
f 254//659 424//659 425//659
f 254//660 425//660 253//660
f 425//661 424//661 426//661
f 426//662 424//662 312//662
f 428//663 263//663 425//663
f 428//664 425//664 427//664
f 427//665 425//665 426//665
f 427//666 311//666 428//666
f 271//667 270//667 306//667
f 311//668 262//668 264//668
f 428//669 311//669 264//669
f 419//670 429//670 430//670
f 429//671 422//671 436//671
f 430//672 429//672 436//672
f 410//673 411//673 437//673
f 312//674 422//674 336//674
f 336//675 422//675 429//675
f 336//676 429//676 419//676
f 336//677 419//677 418//677
f 336//678 418//678 417//678
f 435//679 414//679 437//679
f 437//680 414//680 413//680
f 437//681 413//681 410//681
f 417//682 431//682 336//682
f 336//683 431//683 416//683
f 336//684 416//684 415//684
f 411//685 434//685 437//685
f 437//686 434//686 433//686
f 437//687 433//687 463//687
f 433//688 432//688 463//688
f 463//689 432//689 412//689
f 463//690 412//690 300//690
f 300//691 412//691 280//691
f 415//692 435//692 336//692
f 336//693 435//693 437//693
f 336//694 437//694 335//694
f 335//695 437//695 438//695
f 335//696 438//696 334//696
f 334//697 438//697 439//697
f 334//698 439//698 440//698
f 334//699 440//699 317//699
f 323//700 443//700 325//700
f 325//701 443//701 377//701
f 325//702 377//702 326//702
f 441//703 444//703 323//703
f 323//704 444//704 443//704
f 323//705 327//705 441//705
f 441//706 327//706 328//706
f 441//707 328//707 442//707
f 442//708 328//708 317//708
f 442//709 317//709 440//709
f 376//710 375//710 446//710
f 447//711 371//711 448//711
f 450//712 449//712 451//712
f 452//713 453//713 455//713
f 456//714 457//714 458//714
f 457//715 452//715 458//715
f 303//716 462//716 301//716
f 463//717 438//717 437//717
f 466//718 469//718 471//718
f 466//719 464//719 468//719
f 466//720 468//720 469//720
f 470//721 468//721 464//721
f 465//722 466//722 471//722
f 465//723 471//723 467//723
f 465//724 467//724 472//724
f 470//725 464//725 473//725
f 473//726 464//726 475//726
f 473//727 475//727 474//727
f 477//728 478//728 479//728
f 477//729 479//729 480//729
f 477//730 486//730 478//730
f 477//731 514//731 486//731
f 486//732 514//732 518//732
f 481//733 522//733 482//733
f 482//734 522//734 525//734
f 482//735 525//735 524//735
f 482//736 524//736 476//736
f 476//737 524//737 523//737
f 522//738 481//738 521//738
f 521//739 481//739 520//739
f 520//740 481//740 483//740
f 484//741 519//741 483//741
f 483//742 519//742 520//742
f 519//743 484//743 485//743
f 484//744 478//744 485//744
f 485//745 478//745 486//745
f 485//746 486//746 518//746
f 479//747 478//747 484//747
f 487//748 488//748 489//748
f 487//749 489//749 490//749
f 490//750 489//750 506//750
f 490//751 506//751 483//751
f 483//752 506//752 491//752
f 483//753 491//753 479//753
f 491//754 492//754 480//754
f 491//755 480//755 479//755
f 479//756 484//756 483//756
f 490//757 483//757 481//757
f 490//758 481//758 487//758
f 487//759 481//759 494//759
f 494//760 481//760 482//760
f 494//761 482//761 493//761
f 493//762 482//762 476//762
f 464//763 466//763 495//763
f 464//764 495//764 475//764
f 476//765 475//765 495//765
f 476//766 495//766 493//766
f 493//767 495//767 496//767
f 493//768 496//768 494//768
f 494//769 496//769 488//769
f 494//770 488//770 487//770
f 497//771 498//771 488//771
f 495//772 466//772 465//772
f 500//773 499//773 472//773
f 497//774 488//774 496//774
f 497//775 496//775 495//775
f 497//776 495//776 499//776
f 499//777 495//777 472//777
f 495//778 465//778 472//778
f 498//779 489//779 488//779
f 503//780 504//780 505//780
f 503//781 505//781 502//781
f 502//782 505//782 491//782
f 491//783 505//783 492//783
f 498//784 501//784 506//784
f 498//785 506//785 489//785
f 501//786 502//786 506//786
f 506//787 502//787 491//787
f 508//788 505//788 504//788
f 480//789 492//789 507//789
f 492//790 505//790 508//790
f 492//791 508//791 507//791
f 509//792 477//792 480//792
f 507//793 510//793 509//793
f 507//794 509//794 480//794
f 507//795 517//795 510//795
f 510//796 517//796 511//796
f 510//797 511//797 509//797
f 509//798 511//798 515//798
f 509//799 515//799 477//799
f 477//800 515//800 514//800
f 508//801 512//801 507//801
f 507//802 512//802 517//802
f 504//803 513//803 508//803
f 508//804 513//804 512//804
f 513//805 516//805 512//805
f 512//806 516//806 517//806
f 515//807 511//807 517//807
f 526//808 473//808 527//808
f 473//809 474//809 527//809
f 527//810 474//810 523//810
f 476//811 523//811 475//811
f 475//812 523//812 474//812
f 473//813 526//813 470//813
f 470//814 526//814 528//814
f 534//815 533//815 530//815
f 534//816 530//816 532//816
f 533//817 472//817 530//817
f 530//818 472//818 467//818
f 467//819 471//819 530//819
f 530//820 471//820 469//820
f 530//821 469//821 532//821
f 532//822 469//822 529//822
f 529//823 469//823 468//823
f 529//824 468//824 470//824
f 529//825 470//825 531//825
f 531//826 470//826 528//826
f 472//827 533//827 535//827
f 472//828 535//828 500//828
f 500//829 535//829 536//829
f 500//830 536//830 499//830
f 499//831 536//831 543//831
f 499//832 543//832 497//832
f 497//833 543//833 540//833
f 497//834 540//834 498//834
f 513//835 504//835 503//835
f 513//836 503//836 537//836
f 537//837 503//837 502//837
f 537//838 502//838 541//838
f 541//839 502//839 501//839
f 541//840 501//840 538//840
f 538//841 501//841 498//841
f 538//842 498//842 540//842
f 540//843 539//843 538//843
f 537//844 516//844 513//844
f 542//845 535//845 533//845
f 533//846 534//846 542//846
f 444//847 532//847 443//847
f 443//848 532//848 529//848
f 443//849 529//849 531//849
f 443//850 531//850 377//850
f 377//851 531//851 528//851
f 377//852 528//852 374//852
f 374//853 528//853 526//853
f 374//854 526//854 375//854
f 375//855 526//855 527//855
f 375//856 527//856 446//856
f 446//857 527//857 523//857
f 446//858 523//858 445//858
f 444//859 441//859 532//859
f 532//860 441//860 442//860
f 532//861 442//861 534//861
f 534//862 442//862 440//862
f 534//863 440//863 542//863
f 542//864 440//864 439//864
f 542//865 439//865 535//865
f 535//866 439//866 536//866
f 439//867 438//867 536//867
f 536//868 438//868 463//868
f 536//869 463//869 543//869
f 543//870 463//870 540//870
f 540//871 463//871 300//871
f 445//872 523//872 451//872
f 451//873 523//873 524//873
f 451//874 524//874 450//874
f 450//875 524//875 449//875
f 449//876 524//876 525//876
f 522//877 371//877 447//877
f 522//878 447//878 525//878
f 525//879 447//879 448//879
f 525//880 448//880 449//880
f 539//881 540//881 300//881
f 539//882 300//882 538//882
f 519//883 485//883 367//883
f 367//884 485//884 354//884
f 354//885 485//885 518//885
f 354//886 518//886 514//886
f 354//887 514//887 299//887
f 299//888 514//888 515//888
f 299//889 515//889 297//889
f 297//890 515//890 296//890
f 296//891 515//891 517//891
f 516//892 460//892 461//892
f 516//893 461//893 517//893
f 517//894 461//894 294//894
f 517//895 294//895 296//895
f 300//896 301//896 538//896
f 538//897 301//897 541//897
f 541//898 301//898 462//898
f 541//899 462//899 537//899
f 537//900 462//900 314//900
f 537//901 314//901 516//901
f 516//902 314//902 460//902
f 367//903 459//903 519//903
f 519//904 459//904 453//904
f 519//905 453//905 520//905
f 520//906 453//906 452//906
f 520//907 452//907 457//907
f 520//908 457//908 521//908
f 521//909 457//909 456//909
f 521//910 456//910 454//910
f 521//911 454//911 522//911
f 522//912 454//912 371//912
f 546//913 568//913 545//913
f 545//914 568//914 577//914
f 545//915 577//915 544//915
f 547//916 548//916 545//916
f 545//917 548//917 575//917
f 549//918 550//918 545//918
f 545//919 544//919 551//919
f 551//920 552//920 545//920
f 545//921 552//921 576//921
f 545//922 576//922 553//922
f 553//923 554//923 545//923
f 545//924 554//924 547//924
f 574//925 555//925 573//925
f 573//926 555//926 556//926
f 574//927 557//927 555//927
f 555//928 557//928 558//928
f 558//929 559//929 555//929
f 555//930 559//930 560//930
f 555//931 560//931 550//931
f 550//932 560//932 565//932
f 565//933 566//933 550//933
f 550//934 566//934 561//934
f 561//935 562//935 550//935
f 550//936 562//936 570//936
f 570//937 571//937 550//937
f 571//938 563//938 550//938
f 550//939 563//939 545//939
f 545//940 563//940 564//940
f 545//941 564//941 546//941
f 572//942 570//942 562//942
f 571//943 567//943 563//943
f 569//944 564//944 563//944
f 573//945 392//945 578//945
f 573//946 578//946 574//946
f 574//947 578//947 391//947
f 574//948 391//948 390//948
f 574//949 390//949 557//949
f 557//950 390//950 579//950
f 557//951 579//951 558//951
f 558//952 579//952 580//952
f 558//953 580//953 559//953
f 559//954 580//954 560//954
f 385//955 561//955 387//955
f 387//956 561//956 566//956
f 387//957 566//957 386//957
f 386//958 566//958 565//958
f 386//959 565//959 388//959
f 388//960 565//960 560//960
f 388//961 560//961 389//961
f 389//962 560//962 580//962
f 384//963 572//963 385//963
f 385//964 572//964 562//964
f 385//965 562//965 561//965
f 564//966 569//966 255//966
f 255//967 569//967 563//967
f 255//968 563//968 256//968
f 256//969 563//969 567//969
f 256//970 567//970 581//970
f 581//971 567//971 571//971
f 581//972 571//972 582//972
f 582//973 571//973 570//973
f 582//974 570//974 583//974
f 583//975 570//975 572//975
f 583//976 572//976 384//976
f 255//977 254//977 564//977
f 564//978 254//978 253//978
f 564//979 253//979 546//979
f 546//980 253//980 584//980
f 546//981 584//981 568//981
f 577//982 239//982 238//982
f 568//983 584//983 577//983
f 577//984 584//984 239//984
f 243//985 553//985 576//985
f 243//986 576//986 242//986
f 242//987 576//987 552//987
f 242//988 552//988 241//988
f 241//989 552//989 551//989
f 241//990 551//990 237//990
f 237//991 551//991 544//991
f 237//992 544//992 238//992
f 238//993 544//993 577//993
f 553//994 243//994 244//994
f 553//995 244//995 554//995
f 249//996 548//996 247//996
f 247//997 548//997 547//997
f 247//998 547//998 246//998
f 246//999 547//999 554//999
f 246//1000 554//1000 244//1000
f 248//1001 545//1001 249//1001
f 249//1002 545//1002 575//1002
f 249//1003 575//1003 548//1003
f 545//1004 248//1004 250//1004
f 545//1005 250//1005 549//1005
f 549//1006 250//1006 252//1006
f 549//1007 252//1007 550//1007
f 550//1008 252//1008 394//1008
f 550//1009 394//1009 555//1009
f 555//1010 394//1010 393//1010
f 555//1011 393//1011 556//1011
f 556//1012 393//1012 392//1012
f 556//1013 392//1013 573//1013
f 237//1014 240//1014 241//1014
f 252//1015 251//1015 394//1015
f 769//1016 585//1016 600//1016
f 600//1017 585//1017 601//1017
f 601//1018 585//1018 586//1018
f 587//1019 588//1019 586//1019
f 586//1020 588//1020 601//1020
f 589//1021 599//1021 590//1021
f 590//1022 599//1022 598//1022
f 590//1023 598//1023 586//1023
f 586//1024 598//1024 591//1024
f 586//1025 591//1025 587//1025
f 769//1026 600//1026 768//1026
f 768//1027 600//1027 592//1027
f 768//1028 592//1028 593//1028
f 593//1029 592//1029 594//1029
f 593//1030 594//1030 770//1030
f 770//1031 594//1031 605//1031
f 770//1032 605//1032 595//1032
f 595//1033 605//1033 596//1033
f 595//1034 596//1034 766//1034
f 766//1035 596//1035 597//1035
f 766//1036 597//1036 604//1036
f 602//1037 601//1037 588//1037
f 592//1038 603//1038 594//1038
f 597//1039 596//1039 605//1039
f 603//1040 592//1040 600//1040
f 612//1041 611//1041 610//1041
f 607//1042 611//1042 612//1042
f 609//1043 608//1043 604//1043
f 613//1044 757//1044 760//1044
f 613//1045 760//1045 900//1045
f 900//1046 760//1046 897//1046
f 897//1047 760//1047 614//1047
f 614//1048 895//1048 897//1048
f 615//1049 606//1049 893//1049
f 615//1050 893//1050 614//1050
f 614//1051 893//1051 616//1051
f 614//1052 616//1052 895//1052
f 606//1053 615//1053 617//1053
f 606//1054 617//1054 607//1054
f 607//1055 617//1055 618//1055
f 607//1056 618//1056 611//1056
f 611//1057 618//1057 619//1057
f 611//1058 619//1058 610//1058
f 610//1059 619//1059 620//1059
f 610//1060 620//1060 609//1060
f 609//1061 620//1061 621//1061
f 609//1062 621//1062 608//1062
f 608//1063 621//1063 766//1063
f 608//1064 766//1064 604//1064
f 757//1065 613//1065 622//1065
f 757//1066 622//1066 624//1066
f 623//1067 754//1067 622//1067
f 622//1068 754//1068 624//1068
f 741//1069 623//1069 625//1069
f 622//1070 682//1070 623//1070
f 623//1071 682//1071 626//1071
f 623//1072 626//1072 625//1072
f 613//1073 900//1073 682//1073
f 622//1074 613//1074 682//1074
f 627//1075 681//1075 635//1075
f 629//1076 630//1076 631//1076
f 630//1077 625//1077 626//1077
f 628//1078 632//1078 629//1078
f 629//1079 632//1079 630//1079
f 630//1080 626//1080 631//1080
f 635//1081 751//1081 627//1081
f 627//1082 751//1082 753//1082
f 627//1083 753//1083 628//1083
f 628//1084 753//1084 632//1084
f 635//1085 681//1085 633//1085
f 635//1086 633//1086 634//1086
f 634//1087 633//1087 89//1087
f 89//1088 633//1088 95//1088
f 634//1089 637//1089 638//1089
f 637//1090 634//1090 636//1090
f 637//1091 636//1091 639//1091
f 639//1092 636//1092 668//1092
f 668//1093 640//1093 639//1093
f 89//1094 636//1094 634//1094
f 635//1095 634//1095 638//1095
f 842//1096 646//1096 645//1096
f 647//1097 648//1097 646//1097
f 840//1098 645//1098 52//1098
f 52//1099 645//1099 649//1099
f 52//1100 649//1100 54//1100
f 54//1101 649//1101 650//1101
f 54//1102 650//1102 56//1102
f 56//1103 650//1103 651//1103
f 56//1104 651//1104 57//1104
f 644//1105 62//1105 49//1105
f 49//1106 841//1106 644//1106
f 644//1107 841//1107 651//1107
f 651//1108 841//1108 57//1108
f 652//1109 643//1109 651//1109
f 648//1110 655//1110 646//1110
f 652//1111 651//1111 650//1111
f 652//1112 650//1112 653//1112
f 653//1113 650//1113 649//1113
f 653//1114 649//1114 656//1114
f 653//1115 656//1115 654//1115
f 654//1116 656//1116 655//1116
f 643//1117 644//1117 651//1117
f 842//1118 645//1118 840//1118
f 655//1119 656//1119 646//1119
f 646//1120 656//1120 645//1120
f 645//1121 656//1121 649//1121
f 644//1122 643//1122 62//1122
f 648//1123 647//1123 657//1123
f 648//1124 657//1124 658//1124
f 661//1125 662//1125 663//1125
f 664//1126 658//1126 665//1126
f 665//1127 658//1127 657//1127
f 664//1128 91//1128 658//1128
f 94//1129 664//1129 661//1129
f 661//1130 664//1130 666//1130
f 661//1131 666//1131 662//1131
f 662//1132 666//1132 660//1132
f 666//1133 664//1133 665//1133
f 666//1134 665//1134 660//1134
f 660//1135 665//1135 659//1135
f 659//1136 665//1136 657//1136
f 667//1137 89//1137 94//1137
f 667//1138 94//1138 661//1138
f 667//1139 661//1139 636//1139
f 636//1140 661//1140 668//1140
f 661//1141 663//1141 668//1141
f 636//1142 89//1142 667//1142
f 670//1143 669//1143 663//1143
f 663//1144 669//1144 640//1144
f 663//1145 640//1145 668//1145
f 671//1146 672//1146 670//1146
f 670//1147 672//1147 669//1147
f 673//1148 669//1148 672//1148
f 675//1149 857//1149 676//1149
f 675//1150 676//1150 672//1150
f 672//1151 676//1151 673//1151
f 674//1152 677//1152 676//1152
f 674//1153 678//1153 677//1153
f 857//1154 105//1154 674//1154
f 676//1155 857//1155 674//1155
f 105//1156 110//1156 382//1156
f 105//1156 382//1156 674//1156
f 674//1157 382//1157 678//1157
f 678//1158 382//1158 680//1158
f 95//1159 633//1159 108//1159
f 681//1160 627//1160 633//1160
f 627//1161 628//1161 283//1161
f 631//1162 626//1162 283//1162
f 631//1163 283//1163 629//1163
f 283//1164 628//1164 629//1164
f 626//1165 682//1165 326//1165
f 686//1166 324//1166 687//1166
f 687//1167 324//1167 326//1167
f 683//1168 321//1168 686//1168
f 686//1169 321//1169 324//1169
f 683//1170 684//1170 321//1170
f 321//1171 684//1171 685//1171
f 682//1172 688//1172 687//1172
f 326//1173 682//1173 687//1173
f 693//1174 694//1174 352//1174
f 693//1175 352//1175 348//1175
f 692//1176 693//1176 348//1176
f 696//1177 692//1177 348//1177
f 695//1178 696//1178 340//1178
f 340//1179 696//1179 348//1179
f 355//1180 352//1180 694//1180
f 355//1181 694//1181 697//1181
f 355//1182 699//1182 357//1182
f 357//1183 699//1183 698//1183
f 698//1184 360//1184 357//1184
f 109//1185 382//1185 110//1185
f 382//1186 360//1186 680//1186
f 698//1187 699//1187 700//1187
f 700//1188 699//1188 355//1188
f 700//1189 355//1189 701//1189
f 701//1190 355//1190 697//1190
f 678//1191 680//1191 702//1191
f 702//1192 680//1192 360//1192
f 702//1193 360//1193 703//1193
f 703//1194 360//1194 698//1194
f 703//1195 698//1195 700//1195
f 701//1196 697//1196 704//1196
f 704//1197 700//1197 701//1197
f 704//1198 705//1198 700//1198
f 700//1199 705//1199 703//1199
f 703//1200 705//1200 706//1200
f 703//1201 706//1201 702//1201
f 679//1202 677//1202 678//1202
f 706//1203 679//1203 702//1203
f 702//1204 679//1204 678//1204
f 704//1205 707//1205 708//1205
f 704//1206 708//1206 705//1206
f 705//1207 708//1207 709//1207
f 705//1208 709//1208 706//1208
f 706//1209 709//1209 679//1209
f 599//1210 694//1210 598//1210
f 694//1211 599//1211 715//1211
f 694//1212 715//1212 697//1212
f 697//1213 715//1213 714//1213
f 714//1214 710//1214 704//1214
f 714//1215 704//1215 697//1215
f 713//1216 707//1216 710//1216
f 707//1217 704//1217 710//1217
f 711//1218 679//1218 709//1218
f 711//1219 709//1219 712//1219
f 712//1220 709//1220 708//1220
f 712//1221 708//1221 713//1221
f 713//1222 708//1222 707//1222
f 711//1223 712//1223 713//1223
f 599//1224 589//1224 715//1224
f 715//1225 589//1225 716//1225
f 716//1226 714//1226 715//1226
f 716//1227 717//1227 714//1227
f 714//1228 717//1228 710//1228
f 710//1229 717//1229 719//1229
f 710//1230 719//1230 713//1230
f 713//1231 719//1231 776//1231
f 776//1232 711//1232 713//1232
f 776//1233 720//1233 711//1233
f 711//1234 720//1234 724//1234
f 724//1235 720//1235 721//1235
f 724//1236 721//1236 725//1236
f 725//1237 721//1237 726//1237
f 726//1238 721//1238 722//1238
f 726//1239 722//1239 723//1239
f 718//1240 729//1240 723//1240
f 723//1241 729//1241 728//1241
f 723//1242 728//1242 726//1242
f 724//1243 725//1243 726//1243
f 727//1244 726//1244 728//1244
f 730//1245 734//1245 731//1245
f 731//1246 734//1246 735//1246
f 735//1247 734//1247 736//1247
f 736//1248 734//1248 718//1248
f 718//1249 734//1249 730//1249
f 718//1250 730//1250 729//1250
f 731//1251 735//1251 732//1251
f 732//1252 735//1252 737//1252
f 732//1253 737//1253 733//1253
f 733//1254 737//1254 738//1254
f 733//1255 738//1255 739//1255
f 733//1256 739//1256 742//1256
f 742//1257 739//1257 740//1257
f 754//1258 623//1258 740//1258
f 740//1259 623//1259 741//1259
f 740//1260 741//1260 742//1260
f 745//1261 742//1261 741//1261
f 743//1262 733//1262 742//1262
f 744//1263 733//1263 743//1263
f 745//1264 741//1264 625//1264
f 742//1265 745//1265 746//1265
f 742//1266 746//1266 743//1266
f 743//1267 746//1267 747//1267
f 743//1268 747//1268 744//1268
f 747//1269 638//1269 748//1269
f 625//1270 749//1270 745//1270
f 745//1271 749//1271 746//1271
f 747//1272 748//1272 744//1272
f 744//1273 748//1273 733//1273
f 733//1274 748//1274 732//1274
f 638//1275 637//1275 748//1275
f 748//1276 637//1276 639//1276
f 748//1277 639//1277 732//1277
f 669//1278 729//1278 640//1278
f 640//1279 729//1279 730//1279
f 640//1280 730//1280 639//1280
f 639//1281 730//1281 731//1281
f 639//1282 731//1282 732//1282
f 729//1283 669//1283 728//1283
f 728//1284 669//1284 673//1284
f 728//1285 673//1285 727//1285
f 727//1286 673//1286 726//1286
f 679//1287 711//1287 677//1287
f 677//1288 711//1288 724//1288
f 677//1289 724//1289 676//1289
f 676//1290 724//1290 726//1290
f 676//1291 726//1291 673//1291
f 746//1292 750//1292 747//1292
f 751//1293 635//1293 638//1293
f 751//1294 638//1294 750//1294
f 752//1295 753//1295 750//1295
f 750//1296 753//1296 751//1296
f 749//1297 752//1297 746//1297
f 750//1298 746//1298 752//1298
f 638//1299 747//1299 750//1299
f 753//1300 752//1300 632//1300
f 632//1301 752//1301 749//1301
f 632//1302 749//1302 625//1302
f 630//1303 632//1303 625//1303
f 755//1304 754//1304 756//1304
f 756//1305 754//1305 740//1305
f 758//1306 624//1306 755//1306
f 755//1307 624//1307 754//1307
f 759//1308 757//1308 758//1308
f 758//1309 757//1309 624//1309
f 757//1310 759//1310 783//1310
f 757//1311 783//1311 760//1311
f 615//1312 614//1312 762//1312
f 762//1313 614//1313 763//1313
f 763//1314 614//1314 760//1314
f 763//1315 760//1315 783//1315
f 615//1316 761//1316 617//1316
f 617//1317 761//1317 764//1317
f 615//1318 762//1318 761//1318
f 765//1319 766//1319 786//1319
f 766//1320 621//1320 786//1320
f 786//1321 621//1321 619//1321
f 786//1322 619//1322 785//1322
f 785//1323 619//1323 618//1323
f 785//1324 618//1324 767//1324
f 767//1325 618//1325 617//1325
f 767//1326 617//1326 764//1326
f 621//1327 620//1327 619//1327
f 768//1328 593//1328 770//1328
f 771//1329 769//1329 768//1329
f 771//1330 768//1330 788//1330
f 788//1331 768//1331 770//1331
f 788//1332 770//1332 772//1332
f 772//1333 770//1333 595//1333
f 772//1334 595//1334 773//1334
f 773//1335 595//1335 766//1335
f 773//1336 766//1336 765//1336
f 774//1337 769//1337 771//1337
f 789//1338 586//1338 585//1338
f 789//1339 585//1339 774//1339
f 774//1340 585//1340 769//1340
f 790//1341 590//1341 775//1341
f 775//1342 590//1342 586//1342
f 586//1343 789//1343 775//1343
f 718//1344 777//1344 736//1344
f 736//1345 777//1345 735//1345
f 781//1346 738//1346 777//1346
f 777//1347 738//1347 737//1347
f 777//1348 737//1348 735//1348
f 720//1349 876//1349 721//1349
f 721//1350 876//1350 778//1350
f 721//1351 778//1351 722//1351
f 777//1352 718//1352 778//1352
f 778//1353 718//1353 723//1353
f 778//1354 723//1354 722//1354
f 778//1355 876//1355 779//1355
f 778//1356 780//1356 777//1356
f 782//1357 781//1357 780//1357
f 780//1358 781//1358 777//1358
f 756//1359 758//1359 755//1359
f 759//1360 758//1360 783//1360
f 764//1361 761//1361 762//1361
f 762//1362 784//1362 764//1362
f 767//1363 764//1363 784//1363
f 784//1364 785//1364 767//1364
f 785//1365 765//1365 786//1365
f 788//1366 787//1366 771//1366
f 788//1367 773//1367 765//1367
f 772//1368 773//1368 788//1368
f 771//1369 787//1369 789//1369
f 771//1370 789//1370 774//1370
f 788//1371 794//1371 826//1371
f 794//1372 788//1372 765//1372
f 794//1373 765//1373 791//1373
f 826//1374 825//1374 788//1374
f 788//1375 825//1375 792//1375
f 792//1376 821//1376 779//1376
f 779//1377 821//1377 820//1377
f 779//1378 820//1378 819//1378
f 779//1379 819//1379 778//1379
f 875//1380 873//1380 787//1380
f 787//1381 873//1381 789//1381
f 789//1382 873//1382 775//1382
f 788//1383 792//1383 779//1383
f 788//1384 779//1384 787//1384
f 787//1385 779//1385 875//1385
f 778//1386 819//1386 828//1386
f 778//1387 828//1387 827//1387
f 793//1388 778//1388 827//1388
f 796//1389 832//1389 780//1389
f 797//1390 795//1390 784//1390
f 784//1391 795//1391 785//1391
f 785//1392 795//1392 791//1392
f 785//1393 791//1393 765//1393
f 780//1394 832//1394 782//1394
f 782//1395 832//1395 831//1395
f 782//1396 831//1396 830//1396
f 799//1397 800//1397 784//1397
f 782//1398 830//1398 798//1398
f 782//1399 798//1399 784//1399
f 784//1400 798//1400 799//1400
f 784//1401 800//1401 797//1401
f 778//1402 793//1402 780//1402
f 780//1403 793//1403 829//1403
f 780//1404 829//1404 796//1404
f 784//1405 762//1405 783//1405
f 783//1406 762//1406 763//1406
f 784//1407 783//1407 758//1407
f 784//1408 758//1408 756//1408
f 784//1409 756//1409 782//1409
f 801//1410 802//1410 795//1410
f 801//1411 795//1411 797//1411
f 801//1412 797//1412 803//1412
f 803//1413 797//1413 800//1413
f 803//1414 800//1414 804//1414
f 804//1415 800//1415 799//1415
f 804//1416 799//1416 807//1416
f 798//1417 833//1417 807//1417
f 798//1418 807//1418 799//1418
f 805//1419 794//1419 791//1419
f 805//1420 791//1420 802//1420
f 802//1421 791//1421 795//1421
f 807//1422 805//1422 802//1422
f 808//1423 809//1423 807//1423
f 807//1424 809//1424 805//1424
f 805//1424 809//1424 806//1424
f 805//1425 806//1425 818//1425
f 805//1426 818//1426 810//1426
f 811//1427 812//1427 806//1427
f 806//1428 812//1428 818//1428
f 811//1429 806//1429 817//1429
f 813//1430 814//1430 810//1430
f 810//1431 814//1431 805//1431
f 802//1432 801//1432 807//1432
f 807//1433 801//1433 803//1433
f 807//1434 803//1434 804//1434
f 813//1435 810//1435 824//1435
f 808//1436 836//1436 809//1436
f 809//1437 836//1437 834//1437
f 809//1438 834//1438 835//1438
f 806//1439 809//1439 815//1439
f 816//1440 806//1440 815//1440
f 816//1441 827//1441 806//1441
f 806//1442 827//1442 828//1442
f 806//1443 828//1443 817//1443
f 817//1444 828//1444 819//1444
f 817//1445 819//1445 811//1445
f 811//1446 819//1446 820//1446
f 811//1447 820//1447 812//1447
f 821//1448 818//1448 812//1448
f 821//1449 812//1449 820//1449
f 822//1450 823//1450 821//1450
f 821//1451 823//1451 818//1451
f 818//1452 823//1452 810//1452
f 823//1453 822//1453 810//1453
f 810//1454 822//1454 792//1454
f 825//1455 813//1455 824//1455
f 825//1456 824//1456 792//1456
f 792//1457 824//1457 810//1457
f 826//1458 814//1458 813//1458
f 826//1459 813//1459 825//1459
f 794//1460 805//1460 814//1460
f 794//1461 814//1461 826//1461
f 822//1462 821//1462 792//1462
f 808//1463 833//1463 830//1463
f 830//1464 833//1464 798//1464
f 807//1465 833//1465 808//1465
f 793//1466 827//1466 816//1466
f 815//1467 829//1467 793//1467
f 815//1467 793//1467 816//1467
f 837//1468 641//1468 838//1468
f 838//1469 641//1469 112//1469
f 838//1470 112//1470 111//1470
f 838//1471 111//1471 869//1471
f 49//1472 57//1472 841//1472
f 840//1473 50//1473 642//1473
f 840//1474 642//1474 839//1474
f 839//1475 642//1475 837//1475
f 837//1476 642//1476 641//1476
f 840//1477 839//1477 842//1477
f 842//1478 839//1478 837//1478
f 646//1479 842//1479 837//1479
f 843//1480 647//1480 646//1480
f 843//1481 646//1481 844//1481
f 844//1482 646//1482 838//1482
f 838//1483 646//1483 837//1483
f 844//1484 845//1484 843//1484
f 657//1485 647//1485 846//1485
f 846//1486 647//1486 843//1486
f 657//1487 846//1487 659//1487
f 659//1488 846//1488 847//1488
f 659//1489 847//1489 848//1489
f 659//1490 848//1490 660//1490
f 660//1491 848//1491 662//1491
f 662//1492 848//1492 670//1492
f 662//1493 670//1493 663//1493
f 849//1494 671//1494 670//1494
f 670//1495 848//1495 849//1495
f 849//1496 848//1496 850//1496
f 850//1497 848//1497 847//1497
f 850//1498 847//1498 851//1498
f 851//1499 847//1499 846//1499
f 851//1500 846//1500 852//1500
f 671//1501 849//1501 853//1501
f 98//1502 854//1502 855//1502
f 855//1503 854//1503 851//1503
f 855//1504 851//1504 852//1504
f 98//1505 102//1505 856//1505
f 98//1506 856//1506 854//1506
f 854//1507 856//1507 850//1507
f 854//1508 850//1508 851//1508
f 102//1509 853//1509 856//1509
f 856//1510 853//1510 849//1510
f 856//1511 849//1511 850//1511
f 672//1512 671//1512 675//1512
f 675//1513 671//1513 853//1513
f 675//1514 853//1514 857//1514
f 857//1515 853//1515 102//1515
f 102//1516 105//1516 857//1516
f 852//1517 858//1517 855//1517
f 855//1518 858//1518 122//1518
f 855//1519 122//1519 121//1519
f 855//1520 121//1520 98//1520
f 139//1521 140//1521 859//1521
f 137//1522 139//1522 861//1522
f 66//1523 137//1523 860//1523
f 66//1524 860//1524 77//1524
f 66//1525 77//1525 72//1525
f 77//1526 860//1526 79//1526
f 79//1527 860//1527 861//1527
f 862//1528 74//1528 863//1528
f 863//1529 74//1529 861//1529
f 861//1530 74//1530 80//1530
f 861//1531 80//1531 79//1531
f 865//1532 864//1532 862//1532
f 862//1533 864//1533 76//1533
f 862//1534 76//1534 74//1534
f 858//1535 866//1535 122//1535
f 122//1536 866//1536 116//1536
f 118//1537 865//1537 862//1537
f 118//1538 862//1538 859//1538
f 859//1539 862//1539 863//1539
f 859//1540 863//1540 861//1540
f 859//1541 861//1541 139//1541
f 866//1542 867//1542 865//1542
f 866//1543 865//1543 116//1543
f 116//1544 865//1544 118//1544
f 867//1545 864//1545 865//1545
f 861//1546 860//1546 137//1546
f 869//1547 111//1547 868//1547
f 868//1548 111//1548 114//1548
f 868//1549 114//1549 864//1549
f 838//1550 869//1550 870//1550
f 858//1551 845//1551 871//1551
f 858//1552 871//1552 866//1552
f 866//1553 871//1553 870//1553
f 866//1554 870//1554 867//1554
f 867//1555 869//1555 868//1555
f 867//1556 868//1556 864//1556
f 869//1557 867//1557 870//1557
f 838//1558 870//1558 871//1558
f 838//1559 871//1559 844//1559
f 844//1560 871//1560 845//1560
f 846//1561 843//1561 852//1561
f 852//1562 843//1562 845//1562
f 852//1563 845//1563 858//1563
f 808//1564 830//1564 836//1564
f 832//1565 834//1565 831//1565
f 831//1566 834//1566 836//1566
f 831//1567 836//1567 830//1567
f 809//1568 835//1568 832//1568
f 832//1569 835//1569 834//1569
f 832//1570 796//1570 809//1570
f 809//1571 796//1571 829//1571
f 809//1572 829//1572 815//1572
f 775//1573 873//1573 790//1573
f 790//1574 873//1574 872//1574
f 590//1575 790//1575 872//1575
f 590//1576 872//1576 589//1576
f 589//1577 872//1577 873//1577
f 589//1578 873//1578 716//1578
f 716//1579 873//1579 717//1579
f 873//1580 874//1580 717//1580
f 717//1581 874//1581 877//1581
f 717//1582 877//1582 719//1582
f 719//1583 877//1583 875//1583
f 719//1584 875//1584 779//1584
f 719//1585 779//1585 776//1585
f 776//1586 779//1586 720//1586
f 720//1587 779//1587 876//1587
f 877//1588 874//1588 875//1588
f 873//1589 875//1589 874//1589
f 756//1590 740//1590 782//1590
f 782//1591 740//1591 739//1591
f 782//1592 739//1592 738//1592
f 782//1593 738//1593 781//1593
f 591//1594 878//1594 587//1594
f 878//1595 598//1595 694//1595
f 878//1596 591//1596 598//1596
f 600//1597 601//1597 879//1597
f 879//1598 601//1598 602//1598
f 879//1599 602//1599 588//1599
f 588//1600 880//1600 879//1600
f 879//1601 881//1601 600//1601
f 878//1602 882//1602 587//1602
f 587//1603 882//1603 883//1603
f 587//1604 883//1604 588//1604
f 588//1605 883//1605 880//1605
f 600//1606 881//1606 884//1606
f 600//1607 884//1607 603//1607
f 603//1608 884//1608 885//1608
f 603//1609 885//1609 594//1609
f 594//1610 885//1610 886//1610
f 887//1611 604//1611 888//1611
f 888//1612 604//1612 597//1612
f 888//1613 597//1613 886//1613
f 886//1614 597//1614 605//1614
f 886//1615 605//1615 594//1615
f 889//1616 606//1616 890//1616
f 890//1617 606//1617 607//1617
f 890//1618 607//1618 612//1618
f 890//1619 612//1619 891//1619
f 891//1620 612//1620 610//1620
f 891//1621 610//1621 609//1621
f 891//1622 609//1622 887//1622
f 887//1623 609//1623 604//1623
f 606//1624 889//1624 892//1624
f 606//1625 892//1625 893//1625
f 893//1626 892//1626 894//1626
f 893//1627 894//1627 616//1627
f 894//1628 896//1628 616//1628
f 900//1629 897//1629 682//1629
f 894//1630 898//1630 896//1630
f 896//1631 898//1631 895//1631
f 895//1632 898//1632 899//1632
f 895//1633 899//1633 897//1633
f 895//1634 616//1634 896//1634
f 687//1635 688//1635 899//1635
f 685//1636 684//1636 889//1636
f 889//1637 684//1637 683//1637
f 889//1638 683//1638 901//1638
f 901//1639 683//1639 898//1639
f 898//1640 683//1640 686//1640
f 898//1641 686//1641 899//1641
f 899//1642 686//1642 687//1642
f 898//1643 894//1643 901//1643
f 901//1626 894//1626 892//1626
f 901//1644 892//1644 889//1644
f 682//1645 897//1645 688//1645
f 688//1646 897//1646 899//1646
f 889//1647 890//1647 689//1647
f 889//1648 689//1648 685//1648
f 887//1649 690//1649 329//1649
f 887//1650 329//1650 891//1650
f 891//1651 329//1651 331//1651
f 891//1652 331//1652 689//1652
f 891//1653 689//1653 890//1653
f 691//1654 690//1654 888//1654
f 888//1655 690//1655 887//1655
f 888//1656 886//1656 691//1656
f 691//1657 886//1657 885//1657
f 691//1658 885//1658 344//1658
f 344//1659 885//1659 884//1659
f 344//1660 884//1660 342//1660
f 881//1661 340//1661 342//1661
f 881//1662 342//1662 884//1662
f 881//1663 695//1663 340//1663
f 881//1664 880//1664 695//1664
f 695//1665 880//1665 883//1665
f 695//1666 883//1666 696//1666
f 696//1667 883//1667 692//1667
f 692//1668 883//1668 882//1668
f 692//1669 882//1669 693//1669
f 693//1670 882//1670 878//1670
f 693//1671 878//1671 694//1671
f 880//1672 881//1672 879//1672
f 654//1673 652//1673 653//1673
f 118//1674 859//1674 140//1674
f 903//1675 655//1675 902//1675
f 902//1676 655//1676 648//1676
f 904//1677 654//1677 905//1677
f 905//1678 654//1678 903//1678
f 903//1679 654//1679 655//1679
f 906//1680 652//1680 904//1680
f 904//1681 652//1681 654//1681
f 643//1682 652//1682 907//1682
f 907//1683 652//1683 906//1683
f 908//1684 62//1684 643//1684
f 908//1685 643//1685 907//1685
f 62//1686 908//1686 909//1686
f 62//1687 909//1687 61//1687
f 909//1688 58//1688 61//1688
f 909//1689 910//1689 58//1689
f 58//1690 910//1690 911//1690
f 58//1691 911//1691 97//1691
f 97//1692 911//1692 912//1692
f 97//1693 912//1693 96//1693
f 912//1694 913//1694 96//1694
f 96//1695 913//1695 87//1695
f 913//1696 914//1696 87//1696
f 87//1697 914//1697 915//1697
f 87//1698 915//1698 88//1698
f 88//1699 915//1699 916//1699
f 88//1700 916//1700 92//1700
f 916//1701 917//1701 92//1701
f 92//1702 917//1702 93//1702
f 917//1703 918//1703 93//1703
f 93//1704 918//1704 919//1704
f 93//1705 919//1705 90//1705
f 90//1706 919//1706 91//1706
f 91//1707 919//1707 920//1707
f 91//1708 920//1708 921//1708
f 91//1709 921//1709 658//1709
f 658//1710 921//1710 902//1710
f 658//1711 902//1711 648//1711
f 922//1712 923//1712 924//1712
f 82//1713 83//1713 925//1713
f 82//1714 925//1714 926//1714
f 925//1715 927//1715 926//1715
f 926//1716 927//1716 929//1716
f 928//1717 929//1717 927//1717
f 930//1718 934//1718 928//1718
f 928//1719 934//1719 929//1719
f 931//1720 930//1720 922//1720
f 924//1721 932//1721 922//1721
f 922//1722 932//1722 931//1722
f 922//1723 930//1723 928//1723
f 922//1724 928//1724 923//1724
f 927//1725 925//1725 933//1725
f 933//1726 925//1726 83//1726
f 933//1727 83//1727 86//1727
f 47//1728 82//1728 48//1728
f 82//1729 926//1729 48//1729
f 114//1730 937//1730 938//1730
f 114//1731 938//1731 75//1731
f 75//1732 938//1732 73//1732
f 73//1733 938//1733 940//1733
f 73//1734 940//1734 78//1734
f 78//1735 940//1735 935//1735
f 71//1736 70//1736 936//1736
f 936//1737 70//1737 78//1737
f 78//1738 935//1738 936//1738
f 939//1739 940//1739 938//1739
f 942//1740 943//1740 923//1740
f 923//1741 943//1741 924//1741
f 942//1742 938//1742 944//1742
f 938//1743 942//1743 923//1743
f 938//1744 923//1744 939//1744
f 941//1745 935//1745 939//1745
f 939//1746 935//1746 940//1746
f 935//1747 933//1747 936//1747
f 936//1748 933//1748 86//1748
f 71//1749 936//1749 86//1749
f 941//1750 933//1750 935//1750
f 923//1751 928//1751 939//1751
f 939//1752 928//1752 927//1752
f 939//1753 927//1753 941//1753
f 941//1754 927//1754 933//1754
f 943//1755 942//1755 945//1755
f 946//1756 931//1756 932//1756
f 924//1757 946//1757 932//1757
f 947//1758 930//1758 931//1758
f 947//1759 931//1759 946//1759
f 642//1760 947//1760 946//1760
f 642//1761 946//1761 641//1761
f 50//1762 930//1762 947//1762
f 50//1763 947//1763 642//1763
f 930//1764 50//1764 934//1764
f 934//1765 50//1765 51//1765
f 48//1766 926//1766 55//1766
f 55//1767 926//1767 53//1767
f 53//1768 926//1768 929//1768
f 53//1769 929//1769 51//1769
f 51//1770 929//1770 934//1770
f 112//1771 943//1771 113//1771
f 113//1772 943//1772 945//1772
f 641//1773 946//1773 924//1773
f 641//1774 924//1774 112//1774
f 112//1775 924//1775 943//1775
f 114//1776 948//1776 937//1776
f 113//1777 948//1777 114//1777
f 113//1778 945//1778 948//1778
f 945//1779 942//1779 948//1779
f 948//1780 942//1780 944//1780
f 948//1781 944//1781 937//1781
f 937//1782 944//1782 938//1782
f 916//1783 915//1783 949//1783
f 949//1784 915//1784 914//1784
f 951//1785 26//1785 952//1785
f 952//1786 26//1786 29//1786
f 914//1787 913//1787 950//1787
f 950//1788 913//1788 953//1788
f 954//1789 24//1789 951//1789
f 951//1790 24//1790 27//1790
f 951//1791 27//1791 26//1791
f 913//1792 912//1792 953//1792
f 953//1793 912//1793 911//1793
f 953//1794 911//1794 955//1794
f 955//1795 911//1795 910//1795
f 954//1796 25//1796 24//1796
f 910//1797 909//1797 956//1797
f 956//1798 909//1798 908//1798
f 16//1799 957//1799 35//1799
f 35//1800 957//1800 958//1800
f 35//1801 958//1801 34//1801
f 34//1802 958//1802 959//1802
f 34//1803 959//1803 32//1803
f 30//1804 31//1804 960//1804
f 30//1805 960//1805 28//1805
f 28//1806 960//1806 961//1806
f 28//1807 961//1807 29//1807
f 29//1808 961//1808 962//1808
f 29//1809 962//1809 952//1809
f 952//1810 962//1810 963//1810
f 952//1811 963//1811 951//1811
f 951//1811 963//1811 964//1811
f 951//1812 964//1812 954//1812
f 954//1812 964//1812 965//1812
f 954//1813 965//1813 25//1813
f 25//1814 965//1814 966//1814
f 25//1815 966//1815 23//1815
f 23//1816 966//1816 967//1816
f 23//1817 967//1817 22//1817
f 22//1818 967//1818 968//1818
f 22//1819 968//1819 20//1819
f 20//1820 968//1820 969//1820
f 20//1821 969//1821 21//1821
f 19//1822 21//1822 970//1822
f 32//1823 959//1823 971//1823
f 32//1824 971//1824 33//1824
f 33//1825 971//1825 972//1825
f 33//1826 972//1826 31//1826
f 962//1827 961//1827 973//1827
f 962//1828 973//1828 963//1828
f 963//1828 973//1828 974//1828
f 963//1829 974//1829 964//1829
f 964//1829 974//1829 975//1829
f 964//1830 975//1830 965//1830
f 965//1830 975//1830 976//1830
f 965//1831 976//1831 966//1831
f 966//1832 976//1832 977//1832
f 966//1833 977//1833 967//1833
f 957//1834 978//1834 958//1834
f 958//1835 978//1835 979//1835
f 958//1836 979//1836 959//1836
f 959//1837 979//1837 980//1837
f 959//1838 980//1838 971//1838
f 31//1839 972//1839 981//1839
f 31//1840 981//1840 960//1840
f 960//1841 981//1841 982//1841
f 960//1842 982//1842 961//1842
f 961//1843 982//1843 983//1843
f 961//1844 983//1844 973//1844
f 973//1845 983//1845 984//1845
f 973//1846 984//1846 974//1846
f 974//1846 984//1846 985//1846
f 974//1847 985//1847 975//1847
f 975//1848 985//1848 986//1848
f 975//1849 986//1849 976//1849
f 976//1850 986//1850 987//1850
f 976//1851 987//1851 977//1851
f 977//1851 987//1851 988//1851
f 977//1852 988//1852 967//1852
f 967//1853 988//1853 989//1853
f 967//1854 989//1854 968//1854
f 968//1854 989//1854 990//1854
f 968//1855 990//1855 969//1855
f 21//1856 969//1856 991//1856
f 21//1857 991//1857 970//1857
f 970//1858 991//1858 992//1858
f 978//1859 993//1859 979//1859
f 971//1860 980//1860 994//1860
f 971//1861 994//1861 972//1861
f 984//1862 983//1862 995//1862
f 984//1863 995//1863 985//1863
f 985//1863 995//1863 996//1863
f 985//1864 996//1864 986//1864
f 986//1865 996//1865 997//1865
f 986//1866 997//1866 987//1866
f 987//1867 997//1867 998//1867
f 987//1868 998//1868 988//1868
f 988//1868 998//1868 999//1868
f 988//1869 999//1869 989//1869
f 989//1870 999//1870 1000//1870
f 989//1871 1000//1871 990//1871
f 990//1872 1000//1872 1001//1872
f 990//1873 1001//1873 969//1873
f 979//1874 993//1874 1002//1874
f 979//1875 1002//1875 980//1875
f 980//1876 1002//1876 1003//1876
f 980//1877 1003//1877 994//1877
f 972//1878 994//1878 918//1878
f 972//1879 918//1879 981//1879
f 982//1880 981//1880 1004//1880
f 982//1881 1004//1881 983//1881
f 983//1882 1004//1882 1005//1882
f 983//1883 1005//1883 995//1883
f 995//1884 1005//1884 1006//1884
f 995//1885 1006//1885 996//1885
f 996//1885 1006//1885 1007//1885
f 996//1886 1007//1886 997//1886
f 997//1886 1007//1886 1008//1886
f 997//1887 1008//1887 998//1887
f 998//1887 1008//1887 1009//1887
f 998//1888 1009//1888 999//1888
f 999//1888 1009//1888 1010//1888
f 999//1889 1010//1889 1000//1889
f 969//1890 1001//1890 1011//1890
f 969//1891 1011//1891 991//1891
f 991//1892 1011//1892 1012//1892
f 991//1893 1012//1893 992//1893
f 992//1894 1012//1894 1013//1894
f 993//1895 902//1895 1002//1895
f 994//1896 1003//1896 919//1896
f 994//1897 919//1897 918//1897
f 1005//1898 1004//1898 949//1898
f 1005//1899 949//1899 1006//1899
f 1006//1900 949//1900 1014//1900
f 1006//1901 1014//1901 1007//1901
f 1007//1902 1014//1902 1015//1902
f 1007//1903 1015//1903 1008//1903
f 1008//1904 1015//1904 1016//1904
f 1008//1905 1016//1905 1009//1905
f 1009//1906 1016//1906 1017//1906
f 1009//1907 1017//1907 1010//1907
f 1010//1908 1017//1908 1018//1908
f 1010//1909 1018//1909 1000//1909
f 1000//1910 1018//1910 956//1910
f 1000//1911 956//1911 1001//1911
f 1001//1912 956//1912 908//1912
f 1001//1913 908//1913 1011//1913
f 1002//1914 902//1914 921//1914
f 1002//1915 921//1915 1003//1915
f 1003//1916 921//1916 920//1916
f 1003//1917 920//1917 919//1917
f 981//1918 918//1918 917//1918
f 981//1919 917//1919 1004//1919
f 1004//1920 917//1920 916//1920
f 1004//1921 916//1921 949//1921
f 1014//1922 949//1922 914//1922
f 1014//1923 914//1923 1015//1923
f 1015//1924 914//1924 950//1924
f 1015//1925 950//1925 1016//1925
f 1016//1925 950//1925 953//1925
f 1016//1926 953//1926 1017//1926
f 1017//1926 953//1926 955//1926
f 1017//1927 955//1927 1018//1927
f 1018//1928 955//1928 910//1928
f 1018//1929 910//1929 956//1929
f 1012//1930 1011//1930 906//1930
f 1012//1931 906//1931 1013//1931
f 1013//1932 906//1932 904//1932
f 908//1933 907//1933 1011//1933
f 1011//1934 907//1934 906//1934
f 18//1935 19//1935 970//1935
f 18//1936 970//1936 1019//1936
f 1019//1937 970//1937 992//1937
f 1019//1938 992//1938 1020//1938
f 1020//1939 992//1939 1013//1939
f 1020//1940 1013//1940 1021//1940
f 1021//1941 1013//1941 904//1941
f 1021//1942 904//1942 905//1942
f 17//1943 18//1943 1019//1943
f 17//1944 1019//1944 1022//1944
f 1022//1945 1019//1945 1020//1945
f 1022//1946 1020//1946 1023//1946
f 1023//1947 1020//1947 1021//1947
f 1023//1948 1021//1948 1024//1948
f 1024//1949 1021//1949 905//1949
f 1024//1950 905//1950 903//1950
f 16//1951 17//1951 1022//1951
f 16//1952 1022//1952 957//1952
f 957//1953 1022//1953 1023//1953
f 957//1954 1023//1954 978//1954
f 978//1955 1023//1955 993//1955
f 993//1956 1023//1956 1024//1956
f 993//1957 1024//1957 902//1957
f 902//1958 1024//1958 903//1958
f 59//1959 108//1959 43//1959
f 352//1960 349//1960 348//1960
f 318//1961 321//1961 685//1961
f 348//1962 351//1962 340//1962
f 282//1963 283//1963 626//1963
f 44//1964 45//1964 67//1964
f 44//1965 67//1965 39//1965
f 39//1966 67//1966 65//1966
f 63//1967 85//1967 65//1967
f 65//1968 85//1968 39//1968
f 39//1969 85//1969 37//1969
f 37//1970 85//1970 84//1970
f 37//1971 84//1971 38//1971
f 81//1972 46//1972 38//1972
f 81//1973 38//1973 84//1973
f 59//1974 43//1974 60//1974
f 60//1975 43//1975 42//1975
f 60//1976 42//1976 46//1976
f 46//1977 42//1977 38//1977
f 81//1978 40//1978 46//1978
f 1025//1979 1026//1979 143//1979
f 1027//1980 179//1980 1026//1980
f 1026//1981 179//1981 143//1981
f 1028//1982 165//1982 1027//1982
f 1027//1983 165//1983 178//1983
f 1027//1984 178//1984 179//1984
f 1029//1985 162//1985 1028//1985
f 1028//1986 162//1986 165//1986
f 1030//1987 163//1987 1029//1987
f 1029//1988 163//1988 162//1988
f 1031//1989 159//1989 1030//1989
f 1030//1990 159//1990 164//1990
f 1030//1991 164//1991 163//1991
f 1032//1992 160//1992 1031//1992
f 1031//1993 160//1993 159//1993
f 1033//1994 154//1994 1032//1994
f 1032//1995 154//1995 160//1995
f 1034//1996 151//1996 1033//1996
f 1033//1997 151//1997 156//1997
f 1033//1998 156//1998 154//1998
f 1035//1999 148//1999 1034//1999
f 1034//2000 148//2000 151//2000
f 1036//2001 149//2001 1035//2001
f 1035//2002 149//2002 148//2002
f 1037//2003 146//2003 1036//2003
f 1036//2004 146//2004 150//2004
f 1036//2005 150//2005 149//2005
f 1038//2006 147//2006 1037//2006
f 1037//2007 147//2007 146//2007
f 143//2008 142//2008 1025//2008
f 1025//2009 142//2009 1039//2009
f 1039//2010 142//2010 145//2010
f 1039//2011 145//2011 144//2011
f 1039//2012 144//2012 1038//2012
f 1038//2013 144//2013 147//2013
f 1026//1 1025//1 1039//1
f 1029//1 1028//1 1039//1
f 1039//1 1028//1 1027//1
f 1039//1 1027//1 1026//1
f 1032//1 1031//1 1039//1
f 1039//1 1031//1 1030//1
f 1039//1 1030//1 1029//1
f 1035//1 1034//1 1039//1
f 1039//1 1034//1 1033//1
f 1039//1 1033//1 1032//1
f 1038//1 1037//1 1039//1
f 1039//1 1037//1 1036//1
f 1039//1 1036//1 1035//1
f 1040//2014 1044//2014 1041//2014
f 1041//2015 1044//2015 1043//2015
f 1042//2016 1043//2016 1044//2016
f 1043//2017 1042//2017 1045//2017
f 1045//2018 1042//2018 1046//2018
f 1047//2019 1051//2019 1048//2019
f 1048//2020 1051//2020 1050//2020
f 1049//2021 1050//2021 1051//2021
f 1050//2022 1049//2022 1052//2022
f 1052//2023 1049//2023 1053//2023
f 1040//2024 1041//2024 1052//2024
f 1040//2025 1052//2025 1053//2025
f 1051//2026 1047//2026 1054//2026
f 1040//2027 1053//2027 1049//2027
f 1040//2028 1049//2028 1055//2028
f 1055//2029 1049//2029 1051//2029
f 1055//2030 1051//2030 1054//2030
f 1056//2031 1046//2031 1042//2031
f 1056//2032 1042//2032 1055//2032
f 1055//2033 1042//2033 1044//2033
f 1055//2034 1044//2034 1040//2034
f 1054//2035 1047//2035 1057//2035
f 1057//2035 1047//2035 1048//2035
f 1045//2036 1046//2036 1058//2036
f 1058//2036 1046//2036 1056//2036
f 1057//2037 1048//2037 1050//2037
f 1058//2038 1043//2038 1045//2038
f 1057//2039 1050//2039 1058//2039
f 1058//2040 1050//2040 1043//2040
f 1052//2041 1041//2041 1050//2041
f 1050//2041 1041//2041 1043//2041
f 1054//2042 1057//2042 1055//2042
f 1055//2043 1057//2043 1058//2043
f 1055//2042 1058//2042 1056//2042
f 1059//2044 1060//2044 1062//2044
f 1062//2045 1060//2045 1061//2045
f 1064//2046 1063//2046 1061//2046
f 1061//2047 1063//2047 1062//2047
f 1065//2048 1066//2048 1070//2048
f 1067//2049 1065//2049 1070//2049
f 1067//2050 1070//2050 1071//2050
f 1071//2051 1070//2051 1068//2051
f 1065//2052 1067//2052 1069//2052
f 1065//2053 1069//2053 1072//2053
f 1065//2054 1072//2054 1073//2054
f 1079//2055 1069//2055 1067//2055
f 1079//2056 1076//2056 1075//2056
f 1079//2057 1075//2057 1074//2057
f 1067//2058 1078//2058 1077//2058
f 1067//2059 1077//2059 1079//2059
f 1079//2060 1077//2060 1076//2060
f 1069//2061 1079//2061 1074//2061
f 1069//2062 1074//2062 1080//2062
f 1072//2063 1069//2063 1081//2063
f 1081//2064 1069//2064 1080//2064
f 1081//2065 1080//2065 1082//2065
f 1083//2066 1084//2066 1085//2066
f 1082//2067 1088//2067 1081//2067
f 1081//2068 1088//2068 1072//2068
f 1088//2069 1086//2069 1073//2069
f 1088//2070 1073//2070 1072//2070
f 1086//2071 1087//2071 1073//2071
f 1087//2072 1084//2072 1083//2072
f 1087//2073 1083//2073 1065//2073
f 1087//2074 1065//2074 1073//2074
f 1066//2075 1065//2075 1089//2075
f 1089//2076 1065//2076 1083//2076
f 1089//2077 1083//2077 1085//2077
f 1066//2078 1093//2078 1070//2078
f 1094//2079 1095//2079 1070//2079
f 1090//2080 1091//2080 1093//2080
f 1093//2081 1091//2081 1094//2081
f 1094//2082 1070//2082 1093//2082
f 1090//2083 1093//2083 1066//2083
f 1090//2084 1066//2084 1092//2084
f 1092//2085 1066//2085 1089//2085
f 1095//2086 1096//2086 1097//2086
f 1095//2087 1097//2087 1070//2087
f 1070//2088 1097//2088 1068//2088
f 1068//2089 1097//2089 1101//2089
f 1068//2090 1101//2090 1071//2090
f 1103//2091 1104//2091 1102//2091
f 1096//2092 1100//2092 1097//2092
f 1097//2093 1100//2093 1098//2093
f 1098//2094 1099//2094 1101//2094
f 1101//2095 1099//2095 1103//2095
f 1102//2096 1071//2096 1103//2096
f 1103//2097 1071//2097 1101//2097
f 1098//2098 1101//2098 1097//2098
f 1104//2099 1078//2099 1102//2099
f 1102//2100 1067//2100 1071//2100
f 1102//2101 1078//2101 1067//2101
f 1105//2102 1077//2102 1078//2102
f 1105//2103 1078//2103 1116//2103
f 1105//2104 1106//2104 1077//2104
f 1077//2105 1106//2105 1076//2105
f 1076//2106 1106//2106 1075//2106
f 1075//2107 1106//2107 1118//2107
f 1075//2108 1118//2108 1074//2108
f 1118//2109 1107//2109 1074//2109
f 1074//2110 1107//2110 1108//2110
f 1074//2111 1108//2111 1080//2111
f 1082//2112 1080//2112 1119//2112
f 1119//2113 1080//2113 1108//2113
f 1088//2114 1082//2114 1119//2114
f 1109//2115 1086//2115 1088//2115
f 1109//2116 1088//2116 1121//2116
f 1121//2117 1088//2117 1119//2117
f 1120//2118 1085//2118 1084//2118
f 1120//2119 1084//2119 1110//2119
f 1110//2120 1084//2120 1087//2120
f 1110//2121 1087//2121 1109//2121
f 1109//2122 1087//2122 1086//2122
f 1111//2123 1089//2123 1122//2123
f 1122//2124 1089//2124 1085//2124
f 1122//2125 1085//2125 1120//2125
f 1125//2126 1124//2126 1094//2126
f 1094//2127 1124//2127 1095//2127
f 1125//2128 1094//2128 1126//2128
f 1126//2129 1094//2129 1091//2129
f 1126//2130 1091//2130 1127//2130
f 1127//2131 1091//2131 1090//2131
f 1127//2132 1090//2132 1123//2132
f 1090//2133 1092//2133 1123//2133
f 1123//2134 1092//2134 1089//2134
f 1123//2135 1089//2135 1111//2135
f 1128//2136 1096//2136 1124//2136
f 1124//2137 1096//2137 1095//2137
f 1112//2138 1113//2138 1103//2138
f 1103//2139 1113//2139 1104//2139
f 1112//2140 1103//2140 1114//2140
f 1114//2141 1103//2141 1099//2141
f 1114//2142 1099//2142 1129//2142
f 1129//2143 1099//2143 1098//2143
f 1129//2144 1098//2144 1100//2144
f 1129//2145 1100//2145 1115//2145
f 1115//2146 1100//2146 1096//2146
f 1115//2147 1096//2147 1128//2147
f 1104//2148 1113//2148 1117//2148
f 1104//2149 1117//2149 1078//2149
f 1078//2150 1117//2150 1116//2150
f 1122//2151 1123//2151 1111//2151
f 1130//2152 1131//2152 1132//2152
f 1130//2153 1132//2153 1220//2153
f 1220//2154 1132//2154 1133//2154
f 1220//2155 1133//2155 1134//2155
f 1134//2156 1133//2156 1135//2156
f 1134//2157 1135//2157 1219//2157
f 1137//2158 1136//2158 1138//2158
f 1139//2159 1140//2159 1136//2159
f 1136//2160 1140//2160 1219//2160
f 1136//2161 1219//2161 1135//2161
f 1136//2162 1135//2162 1138//2162
f 1142//2163 1141//2163 1246//2163
f 1142//2164 1246//2164 1143//2164
f 1246//2165 1141//2165 1144//2165
f 1246//2166 1145//2166 1143//2166
f 1143//2167 1145//2167 1146//2167
f 1143//2168 1146//2168 1147//2168
f 1147//2169 1146//2169 1148//2169
f 1147//2170 1148//2170 1223//2170
f 1223//2171 1148//2171 1149//2171
f 1223//2172 1149//2172 1130//2172
f 1130//2173 1149//2173 1131//2173
f 1151//2174 1152//2174 1153//2174
f 1151//2174 1153//2174 1150//2174
f 1154//2174 1155//2174 1151//2174
f 1151//2174 1155//2174 1152//2174
f 1156//2175 1157//2175 1158//2175
f 1159//2175 1157//2175 1160//2175
f 1160//2175 1157//2175 1156//2175
f 1161//2175 1162//2175 1156//2175
f 1161//2175 1156//2175 1158//2175
f 1110//2176 1109//2176 1163//2176
f 1120//2177 1164//2177 1122//2177
f 1122//2178 1164//2178 1171//2178
f 1164//2179 1120//2179 1163//2179
f 1163//2180 1120//2180 1110//2180
f 1109//2181 1121//2181 1163//2181
f 1163//2182 1121//2182 1119//2182
f 1119//2183 1108//2183 1165//2183
f 1108//2184 1107//2184 1165//2184
f 1165//2185 1107//2185 1118//2185
f 1118//2186 1106//2186 1165//2186
f 1165//2187 1106//2187 1105//2187
f 1163//2183 1119//2183 1165//2183
f 1163//2188 1165//2188 1166//2188
f 1105//2189 1116//2189 1165//2189
f 1165//2190 1116//2190 1167//2190
f 1167//2191 1116//2191 1117//2191
f 1168//2192 1169//2192 1170//2192
f 1129//2193 1170//2193 1114//2193
f 1129//2194 1115//2194 1170//2194
f 1170//2195 1115//2195 1128//2195
f 1170//2196 1128//2196 1168//2196
f 1168//2197 1128//2197 1124//2197
f 1168//2198 1124//2198 1125//2198
f 1168//2199 1125//2199 1126//2199
f 1168//2200 1126//2200 1127//2200
f 1168//2201 1127//2201 1171//2201
f 1171//2202 1127//2202 1123//2202
f 1171//2203 1123//2203 1122//2203
f 1114//2204 1170//2204 1112//2204
f 1112//2205 1170//2205 1172//2205
f 1112//2206 1172//2206 1113//2206
f 1113//2207 1172//2207 1117//2207
f 1117//2208 1172//2208 1167//2208
f 1319//2209 1307//2209 1317//2209
f 1319//2210 1321//2210 1307//2210
f 1307//2211 1321//2211 1323//2211
f 1173//2212 1335//2212 1305//2212
f 1323//2213 1325//2213 1307//2213
f 1307//2214 1325//2214 1327//2214
f 1307//2215 1327//2215 1173//2215
f 1307//2216 1173//2216 1305//2216
f 1309//2217 1174//2217 1307//2217
f 1307//2218 1174//2218 1315//2218
f 1335//2219 1173//2219 1334//2219
f 1334//2220 1173//2220 1331//2220
f 1174//2221 1309//2221 1310//2221
f 1174//2222 1310//2222 1311//2222
f 1315//2223 1316//2223 1307//2223
f 1307//2224 1316//2224 1317//2224
f 1334//2225 1331//2225 1332//2225
f 1334//2226 1332//2226 1333//2226
f 1176//2227 1175//2227 1177//2227
f 1179//2228 1178//2228 1175//2228
f 1179//2229 1175//2229 1176//2229
f 1175//2230 1180//2230 1177//2230
f 1181//2231 1183//2231 1182//2231
f 1185//2232 1184//2232 1181//2232
f 1185//2233 1181//2233 1182//2233
f 1186//2234 1183//2234 1181//2234
f 1187//2235 1188//2235 1135//2235
f 1187//2236 1135//2236 1189//2236
f 1189//2237 1135//2237 1133//2237
f 1189//2238 1133//2238 1131//2238
f 1132//2239 1131//2239 1133//2239
f 1138//2240 1135//2240 1188//2240
f 1138//2241 1188//2241 1137//2241
f 1136//2242 1190//2242 1191//2242
f 1192//2243 1191//2243 1193//2243
f 1193//2244 1191//2244 1190//2244
f 1188//2245 1190//2245 1136//2245
f 1188//2246 1136//2246 1137//2246
f 1195//2247 1191//2247 1194//2247
f 1194//2248 1191//2248 1192//2248
f 1136//2249 1191//2249 1196//2249
f 1196//2250 1191//2250 1195//2250
f 1196//2251 1139//2251 1136//2251
f 1197//2252 1139//2252 1196//2252
f 1140//2253 1202//2253 1203//2253
f 1200//2254 1201//2254 1204//2254
f 1204//2255 1201//2255 1205//2255
f 1199//2256 1198//2256 1206//2256
f 1194//2257 1207//2257 1195//2257
f 1208//2258 1198//2258 1195//2258
f 1197//2259 1195//2259 1198//2259
f 1197//2260 1198//2260 1199//2260
f 1201//2261 1199//2261 1206//2261
f 1201//2262 1206//2262 1205//2262
f 1197//2263 1196//2263 1195//2263
f 1208//2264 1195//2264 1207//2264
f 1200//2265 1203//2265 1201//2265
f 1201//2266 1203//2266 1202//2266
f 1202//2267 1140//2267 1139//2267
f 1199//2268 1201//2268 1202//2268
f 1199//2269 1202//2269 1197//2269
f 1197//2270 1202//2270 1139//2270
f 1209//2271 1210//2271 1211//2271
f 1210//2272 1213//2272 1214//2272
f 1215//2273 1216//2273 1217//2273
f 1217//2274 1216//2274 1130//2274
f 1204//2275 1212//2275 1200//2275
f 1200//2276 1218//2276 1203//2276
f 1203//2277 1218//2277 1219//2277
f 1203//2278 1219//2278 1140//2278
f 1218//2279 1134//2279 1219//2279
f 1211//2280 1215//2280 1218//2280
f 1218//2281 1215//2281 1217//2281
f 1218//2282 1217//2282 1220//2282
f 1218//2283 1220//2283 1134//2283
f 1212//2284 1209//2284 1211//2284
f 1212//2285 1211//2285 1200//2285
f 1200//2286 1211//2286 1218//2286
f 1211//2287 1210//2287 1214//2287
f 1211//2288 1214//2288 1215//2288
f 1217//2289 1130//2289 1220//2289
f 1213//2290 1221//2290 1214//2290
f 1216//2291 1223//2291 1130//2291
f 1143//2292 1224//2292 1142//2292
f 1142//2293 1224//2293 1225//2293
f 1225//2294 1224//2294 1230//2294
f 1226//2295 1227//2295 1228//2295
f 1228//2296 1227//2296 1225//2296
f 1222//2297 1226//2297 1228//2297
f 1214//2298 1230//2298 1215//2298
f 1215//2299 1230//2299 1229//2299
f 1215//2300 1229//2300 1216//2300
f 1216//2301 1229//2301 1223//2301
f 1221//2302 1222//2302 1230//2302
f 1221//2303 1230//2303 1214//2303
f 1229//2304 1147//2304 1223//2304
f 1222//2305 1228//2305 1230//2305
f 1230//2306 1224//2306 1229//2306
f 1229//2307 1224//2307 1143//2307
f 1229//2308 1143//2308 1147//2308
f 1228//2309 1225//2309 1230//2309
f 1231//2310 1232//2310 1241//2310
f 1225//2311 1233//2311 1234//2311
f 1225//2312 1234//2312 1142//2312
f 1238//2313 1227//2313 1239//2313
f 1225//2314 1227//2314 1238//2314
f 1240//2315 1238//2315 1239//2315
f 1236//2316 1240//2316 1239//2316
f 1241//2317 1235//2317 1231//2317
f 1233//2318 1225//2318 1238//2318
f 1233//2319 1238//2319 1240//2319
f 1233//2320 1240//2320 1236//2320
f 1241//2321 1232//2321 1141//2321
f 1241//2322 1141//2322 1234//2322
f 1237//2323 1235//2323 1236//2323
f 1234//2324 1141//2324 1142//2324
f 1236//2325 1235//2325 1241//2325
f 1236//2326 1241//2326 1233//2326
f 1233//2327 1241//2327 1234//2327
f 1144//2328 1141//2328 1232//2328
f 1232//2329 1242//2329 1144//2329
f 1251//2330 1242//2330 1231//2330
f 1231//2331 1243//2331 1244//2331
f 1231//2332 1244//2332 1245//2332
f 1231//2333 1245//2333 1251//2333
f 1232//2334 1231//2334 1242//2334
f 1248//2335 1245//2335 1244//2335
f 1248//2336 1252//2336 1245//2336
f 1243//2337 1252//2337 1244//2337
f 1244//2338 1253//2338 1248//2338
f 1248//2339 1244//2339 1252//2339
f 1245//2340 1252//2340 1243//2340
f 1245//2341 1243//2341 1251//2341
f 1242//2342 1251//2342 1247//2342
f 1242//2343 1247//2343 1144//2343
f 1144//2344 1247//2344 1246//2344
f 1250//2345 1246//2345 1247//2345
f 1250//2346 1249//2346 1254//2346
f 1250//2347 1254//2347 1146//2347
f 1146//2348 1254//2348 1148//2348
f 1148//2349 1254//2349 1189//2349
f 1148//2350 1189//2350 1149//2350
f 1149//2351 1189//2351 1131//2351
f 1146//2352 1145//2352 1250//2352
f 1250//2353 1145//2353 1246//2353
f 1257//2354 1255//2354 1256//2354
f 1166//2355 1256//2355 1163//2355
f 1163//2356 1256//2356 1258//2356
f 1258//2357 1256//2357 1255//2357
f 1259//2358 1260//2358 1261//2358
f 1261//2359 1260//2359 1262//2359
f 1262//2360 1260//2360 1169//2360
f 1262//2361 1169//2361 1263//2361
f 1264//2362 1154//2362 1265//2362
f 1265//2363 1154//2363 1151//2363
f 1265//2364 1151//2364 1266//2364
f 1266//2365 1151//2365 1150//2365
f 1266//2366 1150//2366 1267//2366
f 1267//2367 1150//2367 1153//2367
f 1267//2368 1153//2368 1268//2368
f 1268//2369 1153//2369 1152//2369
f 1268//2370 1152//2370 1269//2370
f 1269//2371 1152//2371 1155//2371
f 1269//2372 1155//2372 1264//2372
f 1264//2373 1155//2373 1154//2373
f 1170//2374 1169//2374 1260//2374
f 1170//2375 1260//2375 1272//2375
f 1272//2376 1260//2376 1270//2376
f 1270//2377 1260//2377 1259//2377
f 1272//2378 1271//2378 1170//2378
f 1272//2379 1270//2379 1274//2379
f 1273//2380 1271//2380 1274//2380
f 1274//2381 1271//2381 1272//2381
f 1277//2382 1278//2382 1275//2382
f 1279//2383 1167//2383 1172//2383
f 1172//2384 1170//2384 1271//2384
f 1280//2385 1279//2385 1172//2385
f 1280//2386 1172//2386 1271//2386
f 1276//2387 1279//2387 1275//2387
f 1275//2388 1279//2388 1280//2388
f 1275//2389 1280//2389 1277//2389
f 1277//2390 1280//2390 1273//2390
f 1273//2391 1280//2391 1271//2391
f 1284//2392 1279//2392 1276//2392
f 1165//2393 1167//2393 1285//2393
f 1279//2394 1284//2394 1167//2394
f 1167//2395 1284//2395 1286//2395
f 1167//2396 1286//2396 1285//2396
f 1284//2397 1276//2397 1281//2397
f 1284//2398 1281//2398 1282//2398
f 1284//2399 1282//2399 1286//2399
f 1286//2400 1282//2400 1283//2400
f 1286//2401 1283//2401 1285//2401
f 1285//2402 1283//2402 1287//2402
f 1165//2403 1285//2403 1288//2403
f 1288//2404 1285//2404 1287//2404
f 1288//2405 1287//2405 1289//2405
f 1288//2406 1289//2406 1256//2406
f 1256//2407 1289//2407 1257//2407
f 1166//2408 1165//2408 1288//2408
f 1166//2409 1288//2409 1256//2409
f 1290//2410 1157//2410 1291//2410
f 1291//2411 1157//2411 1159//2411
f 1291//2412 1159//2412 1292//2412
f 1292//2413 1159//2413 1160//2413
f 1292//2414 1160//2414 1293//2414
f 1293//2415 1160//2415 1156//2415
f 1293//2416 1156//2416 1294//2416
f 1294//2417 1156//2417 1162//2417
f 1294//2418 1162//2418 1295//2418
f 1295//2419 1162//2419 1161//2419
f 1295//2420 1161//2420 1296//2420
f 1296//2421 1161//2421 1158//2421
f 1296//2422 1158//2422 1290//2422
f 1290//2423 1158//2423 1157//2423
f 1299//2424 1298//2424 1300//2424
f 1258//2425 1300//2425 1163//2425
f 1163//2426 1300//2426 1298//2426
f 1163//2427 1298//2427 1297//2427
f 1298//2428 1299//2428 1301//2428
f 1301//2429 1302//2429 1298//2429
f 1298//2430 1171//2430 1297//2430
f 1297//2431 1171//2431 1164//2431
f 1297//2432 1164//2432 1163//2432
f 1302//2433 1304//2433 1298//2433
f 1298//2434 1304//2434 1171//2434
f 1263//2435 1168//2435 1171//2435
f 1303//2436 1304//2436 1302//2436
f 1304//2437 1263//2437 1171//2437
f 1303//2438 1262//2438 1304//2438
f 1304//2439 1262//2439 1263//2439
f 1263//2440 1169//2440 1168//2440
f 1305//2441 1306//2441 1307//2441
f 1309//2442 1307//2442 1308//2442
f 1174//2443 1311//2443 1312//2443
f 1174//2444 1312//2444 1313//2444
f 1174//2445 1313//2445 1315//2445
f 1315//2446 1313//2446 1314//2446
f 1317//2447 1318//2447 1319//2447
f 1319//2448 1320//2448 1321//2448
f 1321//2449 1322//2449 1323//2449
f 1325//2450 1323//2450 1324//2450
f 1327//2451 1325//2451 1326//2451
f 1173//2452 1327//2452 1328//2452
f 1173//2453 1328//2453 1329//2453
f 1173//2454 1329//2454 1331//2454
f 1331//2455 1329//2455 1330//2455
f 1335//2456 1336//2456 1305//2456
f 1338//2457 1176//2457 1177//2457
f 1338//2458 1177//2458 1339//2458
f 1180//2459 1337//2459 1177//2459
f 1177//2460 1337//2460 1339//2460
f 1337//2461 1180//2461 1340//2461
f 1340//2462 1180//2462 1175//2462
f 1340//2463 1175//2463 1341//2463
f 1341//2464 1175//2464 1342//2464
f 1342//2465 1175//2465 1178//2465
f 1178//2466 1344//2466 1342//2466
f 1343//2467 1344//2467 1179//2467
f 1179//2468 1344//2468 1178//2468
f 1343//2469 1179//2469 1176//2469
f 1343//2470 1176//2470 1338//2470
f 1346//2471 1182//2471 1183//2471
f 1346//2472 1183//2472 1347//2472
f 1345//2473 1347//2473 1186//2473
f 1186//2474 1347//2474 1183//2474
f 1345//2475 1186//2475 1181//2475
f 1345//2476 1181//2476 1348//2476
f 1348//2477 1181//2477 1349//2477
f 1349//2478 1181//2478 1184//2478
f 1184//2479 1351//2479 1349//2479
f 1350//2480 1351//2480 1185//2480
f 1185//2481 1351//2481 1184//2481
f 1350//2482 1185//2482 1182//2482
f 1350//2483 1182//2483 1346//2483
f 1443//2484 1442//2484 1187//2484
f 1187//2485 1442//2485 1444//2485
f 1189//2486 1445//2486 1443//2486
f 1189//2487 1443//2487 1187//2487
f 1192//2488 1193//2488 1446//2488
f 1446//2489 1193//2489 1190//2489
f 1446//2490 1190//2490 1352//2490
f 1352//2491 1190//2491 1188//2491
f 1352//2492 1188//2492 1353//2492
f 1353//2493 1188//2493 1187//2493
f 1353//2494 1187//2494 1444//2494
f 1447//2495 1194//2495 1192//2495
f 1447//2496 1192//2496 1446//2496
f 1206//2497 1449//2497 1205//2497
f 1354//2498 1204//2498 1205//2498
f 1449//2499 1206//2499 1198//2499
f 1194//2500 1447//2500 1207//2500
f 1207//2501 1447//2501 1451//2501
f 1207//2502 1451//2502 1208//2502
f 1208//2503 1451//2503 1450//2503
f 1208//2504 1450//2504 1198//2504
f 1198//2505 1450//2505 1449//2505
f 1452//2506 1213//2506 1453//2506
f 1453//2507 1213//2507 1210//2507
f 1453//2508 1210//2508 1209//2508
f 1453//2509 1209//2509 1455//2509
f 1455//2510 1209//2510 1212//2510
f 1455//2511 1212//2511 1456//2511
f 1456//2512 1212//2512 1204//2512
f 1456//2513 1204//2513 1354//2513
f 1460//2514 1227//2514 1226//2514
f 1226//2515 1222//2515 1355//2515
f 1355//2516 1222//2516 1221//2516
f 1355//2517 1221//2517 1459//2517
f 1459//2518 1221//2518 1213//2518
f 1459//2519 1213//2519 1452//2519
f 1463//2520 1231//2520 1235//2520
f 1461//2521 1462//2521 1235//2521
f 1235//2522 1462//2522 1463//2522
f 1235//2523 1237//2523 1461//2523
f 1461//2524 1237//2524 1356//2524
f 1356//2525 1237//2525 1236//2525
f 1356//2526 1236//2526 1464//2526
f 1464//2527 1236//2527 1239//2527
f 1227//2528 1460//2528 1357//2528
f 1227//2529 1357//2529 1239//2529
f 1239//2530 1357//2530 1464//2530
f 1463//2531 1465//2531 1231//2531
f 1231//2532 1465//2532 1243//2532
f 1358//2533 1249//2533 1250//2533
f 1358//2534 1250//2534 1359//2534
f 1359//2535 1250//2535 1247//2535
f 1359//2536 1247//2536 1465//2536
f 1465//2537 1247//2537 1251//2537
f 1465//2538 1251//2538 1243//2538
f 1445//2539 1189//2539 1466//2539
f 1466//2540 1189//2540 1254//2540
f 1466//2541 1254//2541 1467//2541
f 1467//2542 1254//2542 1468//2542
f 1468//2543 1254//2543 1249//2543
f 1468//2544 1249//2544 1358//2544
f 1264//2174 1360//2174 1269//2174
f 1269//2174 1360//2174 1361//2174
f 1269//2174 1361//2174 1362//2174
f 1269//2174 1362//2174 1268//2174
f 1363//2545 1264//2545 1265//2545
f 1363//2545 1364//2545 1264//2545
f 1264//2546 1364//2546 1360//2546
f 1268//2547 1362//2547 1365//2547
f 1268//2548 1365//2548 1366//2548
f 1268//2174 1366//2174 1367//2174
f 1268//2174 1367//2174 1267//2174
f 1267//2549 1368//2549 1369//2549
f 1267//2174 1369//2174 1266//2174
f 1266//2174 1369//2174 1370//2174
f 1266//2174 1370//2174 1265//2174
f 1265//2550 1370//2550 1363//2550
f 1367//2551 1371//2551 1267//2551
f 1267//2552 1371//2552 1368//2552
f 1372//2553 1270//2553 1259//2553
f 1270//2554 1372//2554 1373//2554
f 1270//2555 1373//2555 1274//2555
f 1274//2556 1373//2556 1273//2556
f 1374//2557 1273//2557 1373//2557
f 1276//2558 1375//2558 1376//2558
f 1374//2559 1277//2559 1273//2559
f 1276//2560 1275//2560 1375//2560
f 1375//2561 1275//2561 1278//2561
f 1375//2562 1278//2562 1377//2562
f 1377//2563 1278//2563 1277//2563
f 1377//2564 1277//2564 1374//2564
f 1276//2565 1376//2565 1378//2565
f 1276//2566 1378//2566 1281//2566
f 1281//2567 1378//2567 1379//2567
f 1281//2568 1379//2568 1282//2568
f 1380//2569 1283//2569 1282//2569
f 1380//2570 1282//2570 1379//2570
f 1289//2571 1287//2571 1381//2571
f 1381//2572 1287//2572 1380//2572
f 1380//2573 1287//2573 1283//2573
f 1381//2574 1382//2574 1289//2574
f 1257//2575 1289//2575 1382//2575
f 1383//2576 1384//2576 1290//2576
f 1290//2175 1384//2175 1296//2175
f 1296//2175 1384//2175 1385//2175
f 1296//2175 1385//2175 1386//2175
f 1386//2577 1387//2577 1296//2577
f 1296//2578 1387//2578 1295//2578
f 1295//2579 1387//2579 1388//2579
f 1291//2580 1389//2580 1390//2580
f 1291//2581 1390//2581 1290//2581
f 1290//2581 1390//2581 1383//2581
f 1293//2582 1391//2582 1392//2582
f 1293//2175 1392//2175 1292//2175
f 1292//2175 1392//2175 1291//2175
f 1291//2578 1392//2578 1389//2578
f 1294//2583 1393//2583 1293//2583
f 1293//2584 1393//2584 1391//2584
f 1388//2175 1394//2175 1295//2175
f 1295//2175 1394//2175 1294//2175
f 1294//2585 1394//2585 1393//2585
f 1395//2586 1258//2586 1255//2586
f 1258//2587 1395//2587 1300//2587
f 1300//2588 1395//2588 1396//2588
f 1300//2589 1396//2589 1299//2589
f 1299//2590 1396//2590 1301//2590
f 1396//2591 1397//2591 1301//2591
f 1301//2592 1397//2592 1398//2592
f 1301//2593 1398//2593 1302//2593
f 1302//2594 1398//2594 1399//2594
f 1400//2595 1303//2595 1401//2595
f 1401//2596 1303//2596 1302//2596
f 1302//2597 1399//2597 1401//2597
f 1303//2598 1400//2598 1402//2598
f 1303//2599 1402//2599 1262//2599
f 1402//2600 1261//2600 1262//2600
f 1389//2601 1403//2601 1404//2601
f 1389//2602 1404//2602 1390//2602
f 1390//2603 1404//2603 1405//2603
f 1390//2604 1405//2604 1383//2604
f 1383//2605 1405//2605 1406//2605
f 1383//2606 1406//2606 1384//2606
f 1385//2607 1384//2607 1407//2607
f 1407//2608 1384//2608 1406//2608
f 1408//2609 1409//2609 1394//2609
f 1408//2610 1394//2610 1388//2610
f 1410//2611 1392//2611 1411//2611
f 1411//2612 1392//2612 1391//2612
f 1411//2613 1391//2613 1412//2613
f 1412//2614 1391//2614 1393//2614
f 1412//2615 1393//2615 1413//2615
f 1413//2616 1393//2616 1394//2616
f 1413//2617 1394//2617 1409//2617
f 1403//2618 1389//2618 1392//2618
f 1403//2619 1392//2619 1410//2619
f 1305//2620 1414//2620 1306//2620
f 1306//2621 1414//2621 1415//2621
f 1306//2622 1415//2622 1307//2622
f 1307//2623 1415//2623 1308//2623
f 1308//2624 1415//2624 1416//2624
f 1308//2625 1416//2625 1309//2625
f 1309//2626 1416//2626 1310//2626
f 1310//2627 1416//2627 1417//2627
f 1310//2628 1417//2628 1311//2628
f 1311//2629 1417//2629 1312//2629
f 1312//2630 1417//2630 1418//2630
f 1312//2631 1418//2631 1313//2631
f 1313//2632 1418//2632 1314//2632
f 1314//2633 1418//2633 1419//2633
f 1314//2634 1419//2634 1315//2634
f 1315//2635 1419//2635 1316//2635
f 1316//2636 1419//2636 1420//2636
f 1316//2637 1420//2637 1317//2637
f 1317//2638 1420//2638 1318//2638
f 1318//2639 1420//2639 1421//2639
f 1318//2640 1421//2640 1319//2640
f 1319//2641 1421//2641 1320//2641
f 1320//2642 1421//2642 1422//2642
f 1320//2643 1422//2643 1321//2643
f 1321//2644 1422//2644 1322//2644
f 1322//2645 1422//2645 1423//2645
f 1322//2646 1423//2646 1323//2646
f 1323//2647 1423//2647 1324//2647
f 1324//2648 1423//2648 1424//2648
f 1324//2649 1424//2649 1325//2649
f 1325//2650 1424//2650 1326//2650
f 1326//2651 1424//2651 1425//2651
f 1326//2652 1425//2652 1327//2652
f 1327//2653 1425//2653 1328//2653
f 1328//2654 1425//2654 1426//2654
f 1328//2655 1426//2655 1329//2655
f 1329//2656 1426//2656 1330//2656
f 1330//2657 1426//2657 1427//2657
f 1330//2658 1427//2658 1331//2658
f 1331//2659 1427//2659 1332//2659
f 1332//2660 1427//2660 1428//2660
f 1332//2661 1428//2661 1333//2661
f 1333//2662 1428//2662 1334//2662
f 1334//2663 1428//2663 1429//2663
f 1334//2664 1429//2664 1335//2664
f 1335//2665 1429//2665 1336//2665
f 1336//2666 1429//2666 1414//2666
f 1336//2667 1414//2667 1305//2667
f 1345//2668 1348//2668 1430//2668
f 1431//2669 1360//2669 1364//2669
f 1431//2670 1364//2670 1432//2670
f 1432//2671 1364//2671 1363//2671
f 1432//2672 1363//2672 1433//2672
f 1433//2673 1363//2673 1370//2673
f 1433//2674 1370//2674 1434//2674
f 1361//2675 1360//2675 1435//2675
f 1435//2676 1360//2676 1431//2676
f 1436//2607 1437//2607 1366//2607
f 1366//2677 1437//2677 1367//2677
f 1367//2678 1437//2678 1438//2678
f 1367//2679 1438//2679 1371//2679
f 1371//2680 1438//2680 1439//2680
f 1371//2681 1439//2681 1368//2681
f 1368//2682 1439//2682 1440//2682
f 1368//2683 1440//2683 1369//2683
f 1369//2684 1440//2684 1441//2684
f 1434//2685 1370//2685 1441//2685
f 1441//2686 1370//2686 1369//2686
f 1448//2687 1354//2687 1205//2687
f 1448//2688 1205//2688 1449//2688
f 1456//2689 1354//2689 1448//2689
f 1455//2690 1454//2690 1453//2690
f 1457//2691 1226//2691 1458//2691
f 1458//2692 1226//2692 1355//2692
f 1460//2693 1226//2693 1457//2693
f 1461//2694 1356//2694 1464//2694
f 1386//2695 1385//2695 1395//2695
f 1385//2696 1407//2696 1395//2696
f 1395//2697 1255//2697 1386//2697
f 1386//2698 1255//2698 1387//2698
f 1387//2699 1255//2699 1257//2699
f 1407//2700 1469//2700 1470//2700
f 1470//2701 1469//2701 1471//2701
f 1471//2702 1469//2702 1472//2702
f 1365//2703 1261//2703 1366//2703
f 1473//2704 1474//2704 1436//2704
f 1261//2705 1402//2705 1366//2705
f 1366//2706 1402//2706 1436//2706
f 1474//2707 1473//2707 1475//2707
f 1474//2708 1475//2708 1476//2708
f 1362//2709 1259//2709 1365//2709
f 1365//2710 1259//2710 1261//2710
f 1435//2711 1476//2711 1475//2711
f 1471//2712 1472//2712 1477//2712
f 1477//2713 1472//2713 1408//2713
f 1382//2714 1478//2714 1477//2714
f 1478//2715 1382//2715 1479//2715
f 1479//2716 1382//2716 1381//2716
f 1479//2717 1381//2717 1480//2717
f 1480//2718 1381//2718 1481//2718
f 1481//2719 1381//2719 1380//2719
f 1481//2720 1380//2720 1504//2720
f 1504//2721 1380//2721 1482//2721
f 1387//2722 1257//2722 1388//2722
f 1388//2723 1257//2723 1382//2723
f 1388//2724 1382//2724 1408//2724
f 1408//2725 1382//2725 1477//2725
f 1482//2726 1380//2726 1379//2726
f 1482//2727 1379//2727 1483//2727
f 1483//2728 1379//2728 1378//2728
f 1483//2729 1378//2729 1484//2729
f 1484//2730 1378//2730 1376//2730
f 1484//2731 1376//2731 1485//2731
f 1485//2732 1376//2732 1375//2732
f 1485//2733 1375//2733 1486//2733
f 1486//2734 1375//2734 1377//2734
f 1486//2735 1377//2735 1487//2735
f 1487//2736 1377//2736 1374//2736
f 1487//2737 1374//2737 1488//2737
f 1488//2738 1374//2738 1373//2738
f 1488//2739 1373//2739 1489//2739
f 1489//2740 1373//2740 1490//2740
f 1490//2741 1373//2741 1372//2741
f 1490//2742 1372//2742 1491//2742
f 1259//2743 1362//2743 1372//2743
f 1372//2744 1362//2744 1361//2744
f 1372//2745 1361//2745 1435//2745
f 1372//2746 1435//2746 1491//2746
f 1491//2747 1435//2747 1475//2747
f 1487//2748 1488//2748 1493//2748
f 1492//2749 1494//2749 1491//2749
f 1491//2750 1494//2750 1495//2750
f 1491//2751 1495//2751 1490//2751
f 1490//2752 1495//2752 1496//2752
f 1490//2753 1496//2753 1489//2753
f 1489//2754 1496//2754 1497//2754
f 1489//2755 1497//2755 1488//2755
f 1488//2756 1497//2756 1493//2756
f 1499//2757 1484//2757 1485//2757
f 1499//2758 1485//2758 1500//2758
f 1487//2759 1493//2759 1498//2759
f 1487//2760 1498//2760 1486//2760
f 1486//2761 1498//2761 1501//2761
f 1486//2762 1501//2762 1502//2762
f 1486//2763 1502//2763 1485//2763
f 1485//2764 1502//2764 1500//2764
f 1503//2765 1504//2765 1505//2765
f 1484//2766 1499//2766 1506//2766
f 1484//2767 1506//2767 1483//2767
f 1483//2768 1506//2768 1507//2768
f 1483//2769 1507//2769 1505//2769
f 1483//2770 1505//2770 1482//2770
f 1482//2771 1505//2771 1504//2771
f 1508//2772 1623//2772 1477//2772
f 1481//2773 1504//2773 1503//2773
f 1477//2774 1478//2774 1508//2774
f 1508//2775 1478//2775 1479//2775
f 1508//2776 1479//2776 1509//2776
f 1509//2777 1479//2777 1480//2777
f 1509//2778 1480//2778 1510//2778
f 1510//2779 1480//2779 1481//2779
f 1510//2780 1481//2780 1511//2780
f 1511//2781 1481//2781 1503//2781
f 1512//2782 1513//2782 1514//2782
f 1514//2783 1515//2783 1516//2783
f 1622//2784 1517//2784 1512//2784
f 1512//2785 1517//2785 1513//2785
f 1514//2786 1513//2786 1518//2786
f 1514//2787 1518//2787 1515//2787
f 1407//2788 1470//2788 1512//2788
f 1519//2789 1399//2789 1398//2789
f 1519//2790 1398//2790 1520//2790
f 1520//2791 1398//2791 1397//2791
f 1520//2792 1397//2792 1516//2792
f 1516//2793 1397//2793 1396//2793
f 1516//2794 1396//2794 1514//2794
f 1514//2795 1396//2795 1395//2795
f 1514//2796 1395//2796 1512//2796
f 1512//2797 1395//2797 1407//2797
f 1473//2798 1436//2798 1525//2798
f 1525//2799 1436//2799 1402//2799
f 1400//2800 1526//2800 1402//2800
f 1402//2801 1526//2801 1525//2801
f 1401//2802 1524//2802 1400//2802
f 1400//2803 1524//2803 1527//2803
f 1400//2804 1527//2804 1526//2804
f 1399//2805 1519//2805 1528//2805
f 1399//2806 1528//2806 1401//2806
f 1401//2807 1528//2807 1524//2807
f 1531//2808 1525//2808 1530//2808
f 1530//2809 1525//2809 1526//2809
f 1530//2810 1526//2810 1692//2810
f 1692//2811 1526//2811 1527//2811
f 1692//2812 1527//2812 1532//2812
f 1532//2813 1527//2813 1529//2813
f 1403//2814 1410//2814 1533//2814
f 1413//2815 1409//2815 1534//2815
f 1534//2816 1409//2816 1535//2816
f 1535//2816 1409//2816 1408//2816
f 1535//2816 1408//2816 1536//2816
f 1404//2817 1403//2817 1537//2817
f 1404//2818 1537//2818 1538//2818
f 1404//2819 1538//2819 1405//2819
f 1405//2820 1538//2820 1539//2820
f 1405//2821 1539//2821 1406//2821
f 1413//2822 1534//2822 1540//2822
f 1413//2823 1540//2823 1412//2823
f 1541//2824 1410//2824 1411//2824
f 1541//2816 1411//2816 1540//2816
f 1540//2825 1411//2825 1412//2825
f 1536//2816 1408//2816 1542//2816
f 1542//2816 1408//2816 1472//2816
f 1542//2816 1472//2816 1469//2816
f 1542//2826 1469//2826 1543//2826
f 1543//2816 1469//2816 1407//2816
f 1543//2816 1407//2816 1539//2816
f 1539//2816 1407//2816 1406//2816
f 1418//1 1553//1 1419//1
f 1419//1 1553//1 1554//1
f 1419//1 1554//1 1420//1
f 1420//1 1554//1 1555//1
f 1420//1 1555//1 1421//1
f 1421//1 1555//1 1556//1
f 1421//1 1556//1 1422//1
f 1414//2827 1557//2827 1415//2827
f 1415//2828 1557//2828 1558//2828
f 1415//1 1558//1 1416//1
f 1416//1 1558//1 1559//1
f 1416//1 1559//1 1417//1
f 1417//1 1559//1 1560//1
f 1417//1 1560//1 1418//1
f 1418//1 1560//1 1561//1
f 1418//1 1561//1 1553//1
f 1429//2829 1562//2829 1414//2829
f 1414//2830 1562//2830 1557//2830
f 1426//1 1563//1 1427//1
f 1427//1 1563//1 1564//1
f 1427//1 1564//1 1428//1
f 1428//1 1564//1 1565//1
f 1428//1 1565//1 1429//1
f 1429//2829 1565//2829 1562//2829
f 1556//1 1566//1 1422//1
f 1422//1 1566//1 1567//1
f 1422//1 1567//1 1423//1
f 1423//1 1567//1 1568//1
f 1423//1 1568//1 1424//1
f 1424//1 1568//1 1569//1
f 1424//1 1569//1 1425//1
f 1425//1 1569//1 1570//1
f 1425//1 1570//1 1426//1
f 1426//1 1570//1 1571//1
f 1426//1 1571//1 1563//1
f 1338//2831 1572//2831 1573//2831
f 1338//2832 1339//2832 1572//2832
f 1572//2833 1339//2833 1574//2833
f 1574//2834 1339//2834 1337//2834
f 1574//2835 1337//2835 1340//2835
f 1574//2836 1340//2836 1575//2836
f 1575//2837 1340//2837 1341//2837
f 1576//2838 1575//2838 1341//2838
f 1341//2839 1342//2839 1576//2839
f 1576//2840 1342//2840 1577//2840
f 1577//2841 1342//2841 1344//2841
f 1577//2842 1344//2842 1343//2842
f 1577//2843 1343//2843 1573//2843
f 1573//2844 1343//2844 1338//2844
f 1347//2845 1578//2845 1346//2845
f 1346//2846 1578//2846 1583//2846
f 1578//2847 1347//2847 1345//2847
f 1578//2848 1345//2848 1579//2848
f 1579//2849 1345//2849 1430//2849
f 1579//2850 1430//2850 1580//2850
f 1580//2851 1430//2851 1348//2851
f 1581//2852 1580//2852 1348//2852
f 1348//2853 1349//2853 1581//2853
f 1581//2854 1349//2854 1582//2854
f 1582//2855 1349//2855 1351//2855
f 1582//2856 1351//2856 1350//2856
f 1582//2857 1350//2857 1583//2857
f 1583//2858 1350//2858 1346//2858
f 1585//2859 1588//2859 1587//2859
f 1435//2860 1431//2860 1594//2860
f 1594//2861 1431//2861 1432//2861
f 1594//2862 1432//2862 1596//2862
f 1596//2863 1432//2863 1433//2863
f 1596//2864 1433//2864 1595//2864
f 1595//2865 1433//2865 1434//2865
f 1438//2860 1597//2860 1598//2860
f 1438//2866 1598//2866 1439//2866
f 1599//2863 1441//2863 1440//2863
f 1599//2867 1440//2867 1598//2867
f 1598//2868 1440//2868 1439//2868
f 1438//2869 1437//2869 1597//2869
f 1597//2867 1437//2867 1600//2867
f 1600//2867 1437//2867 1436//2867
f 1600//2870 1436//2870 1601//2870
f 1601//2867 1436//2867 1474//2867
f 1594//2867 1602//2867 1435//2867
f 1435//2867 1602//2867 1603//2867
f 1435//2867 1603//2867 1476//2867
f 1476//2871 1603//2871 1601//2871
f 1476//2862 1601//2862 1474//2862
f 1604//2872 1434//2872 1441//2872
f 1450//2873 1451//2873 1545//2873
f 1451//2874 1447//2874 1545//2874
f 1545//2875 1447//2875 1446//2875
f 1545//2876 1446//2876 1611//2876
f 1611//2877 1446//2877 1610//2877
f 1610//2878 1446//2878 1352//2878
f 1610//2879 1352//2879 1605//2879
f 1605//2880 1352//2880 1606//2880
f 1606//2881 1352//2881 1353//2881
f 1606//2882 1353//2882 1612//2882
f 1612//2883 1353//2883 1444//2883
f 1612//2884 1444//2884 1607//2884
f 1607//2885 1444//2885 1442//2885
f 1607//2886 1442//2886 1753//2886
f 1445//2887 1608//2887 1609//2887
f 1445//2888 1609//2888 1443//2888
f 1443//2889 1609//2889 1754//2889
f 1443//2890 1754//2890 1753//2890
f 1443//2891 1753//2891 1442//2891
f 1549//2892 1452//2892 1550//2892
f 1550//2893 1452//2893 1453//2893
f 1550//2894 1453//2894 1454//2894
f 1550//2895 1454//2895 1552//2895
f 1552//2896 1454//2896 1455//2896
f 1552//2897 1455//2897 1551//2897
f 1551//2898 1455//2898 1456//2898
f 1551//2899 1456//2899 1448//2899
f 1548//2900 1448//2900 1449//2900
f 1548//2901 1449//2901 1547//2901
f 1547//2902 1449//2902 1450//2902
f 1547//2903 1450//2903 1546//2903
f 1546//2904 1450//2904 1545//2904
f 1608//2905 1445//2905 1613//2905
f 1613//2906 1445//2906 1466//2906
f 1613//2907 1466//2907 1761//2907
f 1358//2908 1614//2908 1468//2908
f 1468//2909 1614//2909 1615//2909
f 1468//2910 1615//2910 1467//2910
f 1467//2911 1615//2911 1759//2911
f 1467//2912 1759//2912 1466//2912
f 1466//2913 1759//2913 1761//2913
f 1359//2914 1618//2914 1358//2914
f 1358//2915 1618//2915 1616//2915
f 1358//2916 1616//2916 1614//2916
f 1464//2917 1593//2917 1592//2917
f 1464//2918 1592//2918 1461//2918
f 1461//2919 1592//2919 1591//2919
f 1461//2920 1591//2920 1462//2920
f 1462//2921 1591//2921 1590//2921
f 1462//2922 1590//2922 1463//2922
f 1463//2923 1590//2923 1617//2923
f 1463//2924 1617//2924 1465//2924
f 1465//2925 1617//2925 1618//2925
f 1465//2926 1618//2926 1359//2926
f 1464//2927 1357//2927 1593//2927
f 1593//2928 1357//2928 1586//2928
f 1586//2929 1357//2929 1460//2929
f 1586//2930 1460//2930 1584//2930
f 1584//2931 1460//2931 1457//2931
f 1584//2932 1457//2932 1587//2932
f 1587//2933 1457//2933 1458//2933
f 1587//2934 1458//2934 1585//2934
f 1585//2935 1458//2935 1355//2935
f 1585//2936 1355//2936 1459//2936
f 1585//2937 1459//2937 1549//2937
f 1549//2938 1459//2938 1452//2938
f 1620//2939 1614//2939 1616//2939
f 1619//2940 1618//2940 1617//2940
f 1512//2941 1470//2941 1622//2941
f 1470//2942 1621//2942 1622//2942
f 1470//2943 1471//2943 1621//2943
f 1621//2944 1471//2944 1623//2944
f 1471//2945 1477//2945 1623//2945
f 1624//2946 1625//2946 1626//2946
f 1626//2947 1625//2947 1627//2947
f 1626//2948 1627//2948 1628//2948
f 1629//2949 1630//2949 1624//2949
f 1624//2950 1630//2950 1625//2950
f 1631//2951 1632//2951 1633//2951
f 1631//2952 1633//2952 1634//2952
f 1634//2953 1633//2953 1630//2953
f 1634//2954 1630//2954 1629//2954
f 1635//2955 1636//2955 1637//2955
f 1635//2956 1637//2956 1638//2956
f 1638//2957 1637//2957 1639//2957
f 1638//2957 1639//2957 1640//2957
f 1640//2958 1639//2958 1632//2958
f 1640//2959 1632//2959 1631//2959
f 1641//2960 1642//2960 1643//2960
f 1641//2961 1643//2961 1644//2961
f 1644//2962 1643//2962 1645//2962
f 1644//2962 1645//2962 1646//2962
f 1646//2963 1645//2963 1636//2963
f 1646//2963 1636//2963 1635//2963
f 1647//2964 1648//2964 1649//2964
f 1647//2965 1649//2965 1650//2965
f 1650//2966 1649//2966 1642//2966
f 1650//2967 1642//2967 1641//2967
f 1651//2968 1652//2968 1647//2968
f 1647//2969 1652//2969 1648//2969
f 1653//2970 1654//2970 1652//2970
f 1653//2971 1652//2971 1651//2971
f 1492//2972 1491//2972 1475//2972
f 1492//2973 1475//2973 1655//2973
f 1655//2974 1475//2974 1473//2974
f 1655//2975 1473//2975 1531//2975
f 1525//2976 1531//2976 1473//2976
f 1497//2977 1496//2977 1656//2977
f 1656//2978 1496//2978 1495//2978
f 1656//2979 1495//2979 1657//2979
f 1657//2980 1495//2980 1494//2980
f 1657//2981 1494//2981 1492//2981
f 1658//2982 1499//2982 1500//2982
f 1498//2983 1493//2983 1497//2983
f 1659//2984 1661//2984 1503//2984
f 1503//2985 1505//2985 1659//2985
f 1659//2986 1505//2986 1507//2986
f 1506//2987 1499//2987 1658//2987
f 1508//2988 1509//2988 1660//2988
f 1660//2989 1509//2989 1510//2989
f 1660//2990 1510//2990 1661//2990
f 1503//2991 1661//2991 1511//2991
f 1511//2992 1661//2992 1510//2992
f 1662//2993 1663//2993 1664//2993
f 1664//2994 1663//2994 1665//2994
f 1664//2995 1665//2995 1666//2995
f 1666//2996 1665//2996 1667//2996
f 1662//2997 1515//2997 1663//2997
f 1665//2998 1517//2998 1667//2998
f 1667//2999 1517//2999 1622//2999
f 1515//3000 1518//3000 1663//3000
f 1663//3001 1518//3001 1513//3001
f 1663//3002 1513//3002 1665//3002
f 1665//3003 1513//3003 1517//3003
f 1670//3004 1519//3004 1668//3004
f 1668//3005 1519//3005 1520//3005
f 1668//3006 1520//3006 1669//3006
f 1669//3007 1520//3007 1515//3007
f 1515//3008 1520//3008 1516//3008
f 1672//3009 1670//3009 1668//3009
f 1673//3010 1521//3010 1522//3010
f 1522//3011 1674//3011 1673//3011
f 1673//3012 1674//3012 1675//3012
f 1673//3013 1675//3013 1676//3013
f 1676//3014 1675//3014 1677//3014
f 1676//3015 1677//3015 1809//3015
f 1809//3016 1677//3016 1678//3016
f 1809//3017 1678//3017 1679//3017
f 1680//3018 1681//3018 1682//3018
f 1682//3019 1681//3019 1683//3019
f 1522//3020 1681//3020 1680//3020
f 1680//3021 1523//3021 1522//3021
f 1681//3022 1522//3022 1521//3022
f 1522//3023 1523//3023 1674//3023
f 1812//3024 1684//3024 1678//3024
f 1678//3025 1677//3025 1812//3025
f 1812//3026 1677//3026 1675//3026
f 1812//3027 1675//3027 1685//3027
f 1685//3028 1675//3028 1674//3028
f 1685//3029 1674//3029 1686//3029
f 1686//3030 1674//3030 1523//3030
f 1670//3031 1671//3031 1687//3031
f 1687//3032 1671//3032 1688//3032
f 1687//3033 1688//3033 1689//3033
f 1529//3034 1527//3034 1690//3034
f 1690//3035 1527//3035 1524//3035
f 1690//3036 1524//3036 1528//3036
f 1690//3037 1528//3037 1687//3037
f 1687//3038 1528//3038 1670//3038
f 1670//3039 1528//3039 1519//3039
f 1692//3040 1532//3040 1691//3040
f 1529//3041 1691//3041 1532//3041
f 1529//3042 1695//3042 1691//3042
f 1692//3043 1691//3043 1694//3043
f 1692//3044 1694//3044 1530//3044
f 1530//3045 1694//3045 1693//3045
f 1530//3046 1693//3046 1531//3046
f 1695//3047 1696//3047 1691//3047
f 1691//3048 1696//3048 1697//3048
f 1691//3049 1697//3049 1694//3049
f 1694//3050 1697//3050 1693//3050
f 1545//3051 1611//3051 1544//3051
f 1698//3052 1533//3052 1699//3052
f 1533//3053 1410//3053 1699//3053
f 1699//3054 1410//3054 1541//3054
f 1699//3055 1541//3055 1700//3055
f 1700//3056 1541//3056 1540//3056
f 1700//3057 1540//3057 1701//3057
f 1701//3058 1540//3058 1534//3058
f 1701//3059 1534//3059 1535//3059
f 1701//3060 1535//3060 1702//3060
f 1702//3061 1535//3061 1536//3061
f 1702//3062 1536//3062 1542//3062
f 1702//3063 1542//3063 1703//3063
f 1703//3064 1542//3064 1543//3064
f 1703//3065 1543//3065 1704//3065
f 1704//3066 1543//3066 1539//3066
f 1704//3067 1539//3067 1705//3067
f 1705//3068 1539//3068 1538//3068
f 1705//3069 1538//3069 1706//3069
f 1706//3070 1538//3070 1537//3070
f 1706//3071 1537//3071 1707//3071
f 1707//3072 1537//3072 1403//3072
f 1707//3073 1403//3073 1533//3073
f 1707//3074 1533//3074 1698//3074
f 1548//3075 1547//3075 1708//3075
f 1708//3076 1547//3076 1546//3076
f 1708//3077 1546//3077 1709//3077
f 1709//3078 1546//3078 1545//3078
f 1709//3079 1545//3079 1710//3079
f 1710//3080 1545//3080 1544//3080
f 1548//3081 1708//3081 1711//3081
f 1548//3082 1711//3082 1712//3082
f 1548//3083 1712//3083 1448//3083
f 1713//3084 1714//3084 1715//3084
f 1713//3085 1715//3085 1716//3085
f 1716//3086 1717//3086 1713//3086
f 1717//3087 1718//3087 1713//3087
f 1552//3088 1718//3088 1719//3088
f 1552//3089 1719//3089 1720//3089
f 1552//3090 1720//3090 1721//3090
f 1552//3091 1721//3091 1550//3091
f 1550//3092 1721//3092 1722//3092
f 1550//3093 1722//3093 1549//3093
f 1549//3094 1722//3094 1723//3094
f 1718//3095 1552//3095 1713//3095
f 1713//3096 1552//3096 1724//3096
f 1724//3097 1552//3097 1551//3097
f 1724//3098 1551//3098 1448//3098
f 1724//3099 1448//3099 1712//3099
f 1562//3100 1715//3100 1714//3100
f 1725//3101 1557//3101 1562//3101
f 1725//3102 1562//3102 1714//3102
f 1726//3103 1727//3103 1558//3103
f 1715//3104 1562//3104 1565//3104
f 1715//3105 1565//3105 1716//3105
f 1716//3106 1565//3106 1564//3106
f 1716//3107 1564//3107 1717//3107
f 1563//3108 1718//3108 1717//3108
f 1563//3109 1717//3109 1564//3109
f 1571//3110 1578//3110 1579//3110
f 1580//3111 1563//3111 1571//3111
f 1580//3112 1571//3112 1579//3112
f 1580//3113 1581//3113 1563//3113
f 1581//3114 1582//3114 1563//3114
f 1563//3115 1582//3115 1718//3115
f 1718//3116 1582//3116 1583//3116
f 1718//3117 1583//3117 1719//3117
f 1719//3118 1583//3118 1578//3118
f 1719//3119 1578//3119 1571//3119
f 1719//3120 1571//3120 1570//3120
f 1719//3121 1570//3121 1720//3121
f 1720//3122 1570//3122 1569//3122
f 1720//3123 1569//3123 1721//3123
f 1568//3124 1722//3124 1721//3124
f 1568//3125 1721//3125 1569//3125
f 1722//3126 1568//3126 1567//3126
f 1722//3127 1567//3127 1723//3127
f 1723//3128 1567//3128 1728//3128
f 1728//3129 1567//3129 1566//3129
f 1728//3130 1566//3130 1556//3130
f 1728//3131 1556//3131 1730//3131
f 1555//3132 1729//3132 1730//3132
f 1555//3133 1730//3133 1556//3133
f 1729//3134 1555//3134 1554//3134
f 1729//3135 1554//3135 1732//3135
f 1553//3136 1731//3136 1732//3136
f 1553//3137 1732//3137 1554//3137
f 1577//3138 1731//3138 1553//3138
f 1577//3139 1553//3139 1576//3139
f 1731//3140 1577//3140 1573//3140
f 1731//3141 1573//3141 1733//3141
f 1733//3142 1573//3142 1572//3142
f 1561//3143 1574//3143 1575//3143
f 1561//3144 1575//3144 1553//3144
f 1553//3145 1575//3145 1576//3145
f 1572//3146 1574//3146 1733//3146
f 1733//3147 1574//3147 1561//3147
f 1733//3148 1561//3148 1560//3148
f 1733//3149 1560//3149 1734//3149
f 1734//3150 1560//3150 1559//3150
f 1734//3151 1559//3151 1735//3151
f 1558//3152 1727//3152 1735//3152
f 1558//3153 1735//3153 1559//3153
f 1726//3154 1558//3154 1557//3154
f 1726//3155 1557//3155 1725//3155
f 1728//3156 1585//3156 1549//3156
f 1728//3157 1549//3157 1723//3157
f 1730//3158 1588//3158 1585//3158
f 1730//3159 1585//3159 1728//3159
f 1730//3160 1729//3160 1588//3160
f 1729//3161 1732//3161 1588//3161
f 1732//3162 1731//3162 1588//3162
f 1731//3163 1733//3163 1736//3163
f 1736//3164 1733//3164 1734//3164
f 1736//3165 1734//3165 1735//3165
f 1736//3166 1735//3166 1727//3166
f 1736//3167 1727//3167 1726//3167
f 1731//3168 1736//3168 1588//3168
f 1588//3169 1736//3169 1587//3169
f 1587//3170 1736//3170 1584//3170
f 1736//3171 1737//3171 1584//3171
f 1584//3172 1737//3172 1586//3172
f 1586//3173 1737//3173 1738//3173
f 1739//3174 1593//3174 1740//3174
f 1740//3175 1593//3175 1738//3175
f 1738//3176 1593//3176 1586//3176
f 1741//3177 1590//3177 1591//3177
f 1741//3178 1591//3178 1739//3178
f 1739//3179 1591//3179 1592//3179
f 1739//3180 1592//3180 1593//3180
f 1590//3181 1741//3181 1589//3181
f 1617//3182 1590//3182 1589//3182
f 1742//3183 1601//3183 1603//3183
f 1602//3184 1743//3184 1603//3184
f 1603//3185 1743//3185 1742//3185
f 1594//3186 1744//3186 1602//3186
f 1602//3187 1744//3187 1743//3187
f 1596//3188 1745//3188 1744//3188
f 1596//3189 1744//3189 1594//3189
f 1745//3190 1596//3190 1595//3190
f 1745//3191 1595//3191 1746//3191
f 1746//3192 1595//3192 1434//3192
f 1746//3193 1434//3193 1747//3193
f 1747//3194 1434//3194 1604//3194
f 1747//3195 1604//3195 1749//3195
f 1604//3196 1441//3196 1749//3196
f 1749//3197 1441//3197 1750//3197
f 1750//3198 1441//3198 1599//3198
f 1598//3199 1748//3199 1599//3199
f 1599//3200 1748//3200 1750//3200
f 1748//3201 1598//3201 1751//3201
f 1751//3202 1598//3202 1597//3202
f 1751//3203 1597//3203 1600//3203
f 1751//3204 1600//3204 1752//3204
f 1752//3205 1600//3205 1601//3205
f 1752//3206 1601//3206 1742//3206
f 1755//3207 1754//3207 1609//3207
f 1612//3208 1756//3208 1606//3208
f 1606//3209 1756//3209 1903//3209
f 1855//3210 1610//3210 1605//3210
f 1855//3211 1605//3211 1903//3211
f 1903//3212 1605//3212 1606//3212
f 1610//3213 1855//3213 1757//3213
f 1610//3214 1757//3214 1758//3214
f 1610//3215 1758//3215 1611//3215
f 1759//3216 1760//3216 1761//3216
f 1619//3217 1617//3217 1762//3217
f 1619//3218 1762//3218 1763//3218
f 1619//3219 1763//3219 1764//3219
f 1619//3220 1764//3220 1618//3220
f 1618//3221 1764//3221 1616//3221
f 1616//3222 1764//3222 1765//3222
f 1766//3223 1614//3223 1620//3223
f 1766//3224 1620//3224 1765//3224
f 1765//3225 1620//3225 1616//3225
f 1628//3226 1627//3226 1767//3226
f 1628//3227 1767//3227 1768//3227
f 1768//3228 1767//3228 1769//3228
f 1768//3228 1769//3228 1770//3228
f 1771//3229 1772//3229 1773//3229
f 1771//3230 1773//3230 1774//3230
f 1774//3231 1773//3231 1654//3231
f 1774//3232 1654//3232 1653//3232
f 1775//3233 1769//3233 1776//3233
f 1776//3234 1769//3234 1767//3234
f 1776//3233 1767//3233 1777//3233
f 1777//3234 1767//3234 1627//3234
f 1777//3233 1627//3233 1778//3233
f 1778//3233 1627//3233 1779//3233
f 1779//3234 1627//3234 1625//3234
f 1779//3233 1625//3233 1780//3233
f 1780//3233 1625//3233 1630//3233
f 1780//3233 1630//3233 1781//3233
f 1781//3233 1630//3233 1782//3233
f 1782//3233 1630//3233 1633//3233
f 1782//3233 1633//3233 1783//3233
f 1772//3233 1784//3233 1773//3233
f 1773//3233 1784//3233 1785//3233
f 1773//3233 1785//3233 1654//3233
f 1654//3234 1785//3234 1786//3234
f 1654//3234 1786//3234 1787//3234
f 1654//3233 1787//3233 1652//3233
f 1652//3233 1787//3233 1788//3233
f 1652//3233 1788//3233 1789//3233
f 1652//3233 1789//3233 1790//3233
f 1652//3233 1790//3233 1648//3233
f 1648//3233 1790//3233 1649//3233
f 1649//3234 1790//3234 1791//3234
f 1649//3233 1791//3233 1642//3233
f 1642//3233 1791//3233 1792//3233
f 1633//3233 1632//3233 1783//3233
f 1783//3233 1632//3233 1639//3233
f 1783//3233 1639//3233 1793//3233
f 1793//3233 1639//3233 1637//3233
f 1793//3234 1637//3234 1794//3234
f 1794//3233 1637//3233 1636//3233
f 1794//3233 1636//3233 1795//3233
f 1795//3233 1636//3233 1645//3233
f 1795//3233 1645//3233 1796//3233
f 1796//3234 1645//3234 1643//3234
f 1796//3233 1643//3233 1797//3233
f 1797//3233 1643//3233 1642//3233
f 1797//3233 1642//3233 1798//3233
f 1798//3233 1642//3233 1792//3233
f 1667//3235 1621//3235 1799//3235
f 1622//3236 1621//3236 1667//3236
f 1667//3237 1799//3237 1666//3237
f 1666//3238 1799//3238 1800//3238
f 1666//3239 1800//3239 1664//3239
f 1664//3240 1800//3240 1662//3240
f 1655//3241 1531//3241 1693//3241
f 1655//3242 1693//3242 1802//3242
f 1802//3243 1693//3243 1697//3243
f 1802//3244 1697//3244 1801//3244
f 1801//3245 1697//3245 1696//3245
f 1801//3246 1696//3246 1695//3246
f 1653//3247 1801//3247 1774//3247
f 1774//3248 1801//3248 1803//3248
f 1774//3249 1803//3249 1771//3249
f 1771//3250 1803//3250 1804//3250
f 1626//3251 1628//3251 1799//3251
f 1628//3252 1800//3252 1799//3252
f 1660//3253 1631//3253 1634//3253
f 1660//3254 1634//3254 1508//3254
f 1508//3255 1634//3255 1629//3255
f 1508//3256 1629//3256 1623//3256
f 1770//3250 1805//3250 1768//3250
f 1768//3250 1805//3250 1806//3250
f 1768//3250 1806//3250 1628//3250
f 1628//3250 1806//3250 1800//3250
f 1651//3257 1655//3257 1802//3257
f 1651//3257 1802//3257 1653//3257
f 1653//3258 1802//3258 1801//3258
f 1660//3259 1661//3259 1631//3259
f 1631//3260 1661//3260 1640//3260
f 1623//3261 1629//3261 1624//3261
f 1623//3262 1624//3262 1621//3262
f 1621//3263 1624//3263 1626//3263
f 1621//3264 1626//3264 1799//3264
f 1650//3265 1657//3265 1492//3265
f 1650//3266 1492//3266 1647//3266
f 1647//3267 1492//3267 1655//3267
f 1647//3268 1655//3268 1651//3268
f 1644//3269 1498//3269 1641//3269
f 1641//3270 1498//3270 1497//3270
f 1641//3271 1497//3271 1650//3271
f 1650//3272 1497//3272 1656//3272
f 1650//3252 1656//3252 1657//3252
f 1646//3273 1502//3273 1644//3273
f 1644//3274 1502//3274 1501//3274
f 1644//3275 1501//3275 1498//3275
f 1661//3276 1659//3276 1640//3276
f 1640//3277 1659//3277 1507//3277
f 1640//3278 1507//3278 1638//3278
f 1507//3279 1506//3279 1638//3279
f 1638//3280 1506//3280 1658//3280
f 1638//3281 1658//3281 1635//3281
f 1635//3281 1658//3281 1646//3281
f 1646//3282 1658//3282 1500//3282
f 1646//3282 1500//3282 1502//3282
f 1662//3283 1669//3283 1515//3283
f 1952//3284 1807//3284 1669//3284
f 1807//3285 1668//3285 1669//3285
f 1672//3286 1668//3286 1807//3286
f 1672//3287 1807//3287 1808//3287
f 1678//3288 1671//3288 1670//3288
f 1678//3289 1670//3289 1679//3289
f 1679//3290 1670//3290 1672//3290
f 1681//3291 1521//3291 1673//3291
f 1809//3292 1683//3292 1676//3292
f 1683//3293 1681//3293 1676//3293
f 1676//3294 1681//3294 1673//3294
f 1682//3295 1683//3295 1810//3295
f 1810//3296 1683//3296 1811//3296
f 1686//3297 1523//3297 1680//3297
f 1680//3298 1682//3298 1685//3298
f 1680//3299 1685//3299 1686//3299
f 1682//3300 1812//3300 1685//3300
f 1684//3301 1688//3301 1678//3301
f 1678//3302 1688//3302 1671//3302
f 1688//3303 1813//3303 1814//3303
f 1689//3304 1688//3304 1814//3304
f 1814//3305 1815//3305 1689//3305
f 1689//3306 1690//3306 1687//3306
f 1689//3307 1815//3307 1690//3307
f 1815//3308 1695//3308 1690//3308
f 1690//3309 1695//3309 1529//3309
f 1706//3310 1758//3310 1705//3310
f 1705//3311 1758//3311 1816//3311
f 1706//3312 1707//3312 1758//3312
f 1758//3313 1707//3313 1611//3313
f 1611//3314 1707//3314 1698//3314
f 1611//3315 1698//3315 1544//3315
f 1544//3316 1698//3316 1699//3316
f 1544//3317 1699//3317 1710//3317
f 1710//3318 1699//3318 1700//3318
f 1701//3319 1702//3319 1817//3319
f 1710//3320 1700//3320 1817//3320
f 1817//3321 1700//3321 1701//3321
f 1817//3322 1702//3322 1703//3322
f 1817//3323 1703//3323 1816//3323
f 1703//3324 1704//3324 1816//3324
f 1816//3325 1704//3325 1705//3325
f 1818//3326 1819//3326 1820//3326
f 1818//3327 1820//3327 1821//3327
f 1817//3328 1823//3328 1709//3328
f 1817//3329 1709//3329 1710//3329
f 1821//3330 1822//3330 1823//3330
f 1823//3331 1822//3331 1708//3331
f 1823//3332 1708//3332 1709//3332
f 1821//3333 1820//3333 1822//3333
f 1711//3334 1820//3334 1819//3334
f 1711//3335 1819//3335 1712//3335
f 1822//3336 1820//3336 1711//3336
f 1822//3337 1711//3337 1708//3337
f 1819//3338 1818//3338 1824//3338
f 1826//3339 1825//3339 1827//3339
f 1826//3340 1827//3340 1828//3340
f 1712//3341 1829//3341 1724//3341
f 1724//3342 1829//3342 1830//3342
f 1724//3343 1830//3343 1713//3343
f 1713//3344 1830//3344 1826//3344
f 1713//3345 1826//3345 1714//3345
f 1714//3346 1826//3346 1828//3346
f 1714//3347 1828//3347 1725//3347
f 1712//3348 1819//3348 1829//3348
f 1829//3349 1819//3349 1824//3349
f 1829//3350 1824//3350 1830//3350
f 1830//3351 1824//3351 1825//3351
f 1830//3352 1825//3352 1826//3352
f 1831//3353 1832//3353 1836//3353
f 1828//3354 1827//3354 1833//3354
f 1833//3355 1827//3355 1834//3355
f 1833//3356 1834//3356 1835//3356
f 1835//3357 1726//3357 1833//3357
f 1833//3358 1726//3358 1828//3358
f 1828//3359 1726//3359 1725//3359
f 1836//3360 1738//3360 1737//3360
f 1736//3361 1726//3361 1835//3361
f 1736//3362 1835//3362 1837//3362
f 1736//3363 1837//3363 1737//3363
f 1737//3364 1837//3364 1838//3364
f 1737//3365 1838//3365 1836//3365
f 1835//3366 1834//3366 1837//3366
f 1837//3367 1834//3367 1831//3367
f 1837//3368 1831//3368 1838//3368
f 1838//3369 1831//3369 1836//3369
f 1839//3370 1840//3370 1741//3370
f 1840//3371 1839//3371 1842//3371
f 1836//3372 1832//3372 1842//3372
f 1836//3373 1740//3373 1738//3373
f 1840//3374 1841//3374 1741//3374
f 1739//3375 1740//3375 1843//3375
f 1839//3376 1739//3376 1843//3376
f 1741//3377 1739//3377 1839//3377
f 1842//3378 1839//3378 1843//3378
f 1842//3379 1843//3379 1836//3379
f 1836//3380 1843//3380 1740//3380
f 1746//3381 1589//3381 1741//3381
f 1746//3382 1741//3382 1745//3382
f 1746//3383 1747//3383 1589//3383
f 1589//3384 1747//3384 1617//3384
f 1617//3385 1747//3385 1749//3385
f 1617//3386 1749//3386 1762//3386
f 1762//3387 1749//3387 1750//3387
f 1762//3388 1750//3388 1844//3388
f 1750//3389 1748//3389 1844//3389
f 1844//3390 1748//3390 1751//3390
f 1844//3391 1751//3391 1752//3391
f 1844//3392 1752//3392 1742//3392
f 1844//3393 1742//3393 1841//3393
f 1841//3394 1742//3394 1743//3394
f 1744//3395 1745//3395 1741//3395
f 1841//3396 1743//3396 1744//3396
f 1841//3397 1744//3397 1741//3397
f 1845//3398 1846//3398 1847//3398
f 1845//3399 1847//3399 1848//3399
f 1848//3400 1847//3400 1764//3400
f 1848//3401 1764//3401 1849//3401
f 1816//3402 1758//3402 1850//3402
f 1851//3403 1852//3403 1853//3403
f 1853//3404 1852//3404 1854//3404
f 1853//3405 1854//3405 1855//3405
f 1855//3406 1854//3406 1850//3406
f 1784//3407 1856//3407 1785//3407
f 1785//3408 1856//3408 1857//3408
f 1785//3409 1857//3409 1786//3409
f 1786//3410 1857//3410 1858//3410
f 1859//3411 1789//3411 1788//3411
f 1859//3412 1788//3412 1860//3412
f 1860//3413 1788//3413 1787//3413
f 1860//3414 1787//3414 1861//3414
f 1861//3415 1787//3415 1786//3415
f 1861//3416 1786//3416 1858//3416
f 1862//3417 1790//3417 1859//3417
f 1859//3418 1790//3418 1789//3418
f 1863//3419 1798//3419 1792//3419
f 1863//3420 1792//3420 1864//3420
f 1864//3421 1792//3421 1791//3421
f 1864//3422 1791//3422 1865//3422
f 1865//3423 1791//3423 1790//3423
f 1865//3424 1790//3424 1866//3424
f 1866//3425 1790//3425 1862//3425
f 1867//3426 1795//3426 1796//3426
f 1867//3427 1796//3427 1868//3427
f 1868//3428 1796//3428 1797//3428
f 1868//3429 1797//3429 1869//3429
f 1869//3430 1797//3430 1798//3430
f 1869//3431 1798//3431 1863//3431
f 1870//3432 1783//3432 1793//3432
f 1870//3433 1793//3433 1871//3433
f 1871//3434 1793//3434 1794//3434
f 1871//3435 1794//3435 1872//3435
f 1872//3436 1794//3436 1795//3436
f 1872//3437 1795//3437 1867//3437
f 1873//3438 1781//3438 1874//3438
f 1874//3439 1781//3439 1782//3439
f 1874//3440 1782//3440 1875//3440
f 1875//3441 1782//3441 1783//3441
f 1875//3442 1783//3442 1876//3442
f 1876//3443 1783//3443 1870//3443
f 1877//3444 1780//3444 1873//3444
f 1873//3445 1780//3445 1781//3445
f 1878//3446 1777//3446 1778//3446
f 1878//3447 1778//3447 1879//3447
f 1879//3448 1778//3448 1779//3448
f 1879//3449 1779//3449 1880//3449
f 1880//3450 1779//3450 1780//3450
f 1880//3451 1780//3451 1877//3451
f 1881//3452 1775//3452 1776//3452
f 1881//3453 1776//3453 1882//3453
f 1882//3454 1776//3454 1777//3454
f 1882//3455 1777//3455 1878//3455
f 1877//3456 1883//3456 1884//3456
f 1877//3457 1884//3457 1880//3457
f 1880//3458 1884//3458 1885//3458
f 1880//3459 1885//3459 1879//3459
f 1879//3460 1885//3460 1878//3460
f 1873//3461 1886//3461 1877//3461
f 1877//3462 1886//3462 1883//3462
f 1870//3463 1887//3463 1876//3463
f 1876//3464 1887//3464 1888//3464
f 1876//3465 1888//3465 1875//3465
f 1875//3466 1888//3466 1889//3466
f 1875//3467 1889//3467 1874//3467
f 1874//3468 1889//3468 1886//3468
f 1874//3469 1886//3469 1873//3469
f 1867//3470 1890//3470 1891//3470
f 1867//3471 1891//3471 1872//3471
f 1872//3472 1891//3472 1824//3472
f 1872//3473 1824//3473 1871//3473
f 1871//3474 1824//3474 1887//3474
f 1871//3475 1887//3475 1870//3475
f 1863//3476 1892//3476 1893//3476
f 1863//3477 1893//3477 1869//3477
f 1869//3478 1893//3478 1894//3478
f 1869//3479 1894//3479 1868//3479
f 1868//3480 1894//3480 1890//3480
f 1868//3481 1890//3481 1867//3481
f 1862//3482 1895//3482 1866//3482
f 1866//3483 1895//3483 1896//3483
f 1866//3484 1896//3484 1865//3484
f 1865//3485 1896//3485 1892//3485
f 1865//3486 1892//3486 1864//3486
f 1864//3487 1892//3487 1863//3487
f 1859//3488 1897//3488 1862//3488
f 1862//3489 1897//3489 1895//3489
f 1858//3490 1898//3490 1899//3490
f 1858//3491 1899//3491 1861//3491
f 1861//3492 1899//3492 1900//3492
f 1861//3493 1900//3493 1860//3493
f 1860//3494 1900//3494 1897//3494
f 1860//3495 1897//3495 1859//3495
f 1608//3496 1928//3496 1609//3496
f 1609//3497 1928//3497 1901//3497
f 1609//3498 1901//3498 1755//3498
f 1755//3499 1901//3499 1902//3499
f 1755//3500 1902//3500 1754//3500
f 1754//3501 1902//3501 1753//3501
f 1753//3502 1902//3502 1756//3502
f 1753//3503 1756//3503 1607//3503
f 1607//3504 1756//3504 1612//3504
f 1757//3505 1850//3505 1758//3505
f 1851//3506 1903//3506 1756//3506
f 1855//3507 1850//3507 1757//3507
f 1851//3508 1853//3508 1903//3508
f 1903//3509 1853//3509 1855//3509
f 1852//3510 1851//3510 1904//3510
f 1936//3511 1905//3511 1906//3511
f 1906//3512 1905//3512 1904//3512
f 1906//3513 1904//3513 1907//3513
f 1907//3514 1904//3514 1851//3514
f 1908//3515 1942//3515 1909//3515
f 1846//3516 1845//3516 1910//3516
f 1910//3517 1845//3517 1908//3517
f 1910//3518 1908//3518 1909//3518
f 1762//3519 1844//3519 1763//3519
f 1763//3520 1844//3520 1849//3520
f 1763//3521 1849//3521 1764//3521
f 1846//3522 1766//3522 1847//3522
f 1847//3523 1766//3523 1765//3523
f 1847//3524 1765//3524 1764//3524
f 1614//3525 1766//3525 1615//3525
f 1615//3526 1766//3526 1911//3526
f 1615//3527 1911//3527 1759//3527
f 1928//3528 1608//3528 1613//3528
f 1928//3529 1613//3529 1912//3529
f 1912//3530 1613//3530 1761//3530
f 1912//3531 1761//3531 1911//3531
f 1911//3532 1761//3532 1760//3532
f 1911//3533 1760//3533 1759//3533
f 1916//3534 1915//3534 1914//3534
f 1916//3535 1914//3535 1917//3535
f 1917//3536 1914//3536 1947//3536
f 1917//3537 1947//3537 1918//3537
f 1921//3538 1922//3538 1920//3538
f 1920//3539 1922//3539 1913//3539
f 1920//3540 1913//3540 1919//3540
f 1913//3541 1914//3541 1923//3541
f 1063//3542 1881//3542 1924//3542
f 1913//3543 1923//3543 1924//3543
f 1923//3544 1063//3544 1924//3544
f 1925//3545 1920//3545 1919//3545
f 1805//3546 1770//3546 1881//3546
f 1881//3547 1770//3547 1769//3547
f 1881//3548 1769//3548 1775//3548
f 1856//3549 1784//3549 1772//3549
f 1856//3550 1772//3550 1804//3550
f 1804//3551 1772//3551 1771//3551
f 1805//3552 1881//3552 1952//3552
f 1952//3553 1881//3553 1064//3553
f 1805//3554 1952//3554 1669//3554
f 1805//3555 1669//3555 1806//3555
f 1806//3556 1669//3556 1662//3556
f 1806//3557 1662//3557 1800//3557
f 1926//3558 1929//3558 1933//3558
f 1929//3559 1926//3559 1927//3559
f 1929//3560 1927//3560 1909//3560
f 1909//3561 1927//3561 1910//3561
f 1910//3562 1927//3562 1846//3562
f 1911//3563 1766//3563 1846//3563
f 1846//3564 1927//3564 1911//3564
f 1911//3565 1927//3565 1926//3565
f 1911//3566 1926//3566 1912//3566
f 1912//3567 1926//3567 1928//3567
f 1941//3568 1928//3568 1926//3568
f 1909//3569 1931//3569 1929//3569
f 1931//3570 1909//3570 1932//3570
f 1930//3571 1929//3571 1931//3571
f 1933//3572 1929//3572 1930//3572
f 1938//3573 1939//3573 1936//3573
f 1936//3574 1937//3574 1938//3574
f 1938//3575 1937//3575 1935//3575
f 1901//3576 1940//3576 1902//3576
f 1902//3577 1940//3577 1906//3577
f 1902//3578 1906//3578 1907//3578
f 1902//3579 1907//3579 1756//3579
f 1940//3580 1935//3580 1937//3580
f 1940//3581 1937//3581 1906//3581
f 1851//3582 1756//3582 1907//3582
f 1906//3583 1937//3583 1936//3583
f 1901//3584 1928//3584 1941//3584
f 1901//3585 1941//3585 1940//3585
f 1935//3586 1940//3586 1934//3586
f 1942//3587 1932//3587 1909//3587
f 1943//3588 1944//3588 1924//3588
f 1881//3589 1943//3589 1924//3589
f 1920//3590 1945//3590 1921//3590
f 1918//3591 1946//3591 1917//3591
f 1913//3592 1922//3592 1914//3592
f 1914//3593 1922//3593 1947//3593
f 1948//3594 1856//3594 1923//3594
f 1923//3595 1914//3595 1949//3595
f 1923//3596 1949//3596 1948//3596
f 1943//3597 1881//3597 1882//3597
f 1857//3598 1856//3598 1948//3598
f 1948//3599 1949//3599 1950//3599
f 1948//3600 1950//3600 1857//3600
f 1857//3601 1950//3601 1898//3601
f 1857//3602 1898//3602 1858//3602
f 1905//3603 1936//3603 1939//3603
f 1878//3604 1885//3604 1951//3604
f 1878//3605 1951//3605 1882//3605
f 1882//3606 1951//3606 1944//3606
f 1882//3607 1944//3607 1943//3607
f 1063//3608 1923//3608 1814//3608
f 1923//3609 1856//3609 1814//3609
f 1814//3610 1856//3610 1804//3610
f 1801//3611 1695//3611 1803//3611
f 1803//3612 1695//3612 1815//3612
f 1803//3613 1815//3613 1804//3613
f 1804//3614 1815//3614 1814//3614
f 1952//3615 1808//3615 1807//3615
f 1811//3616 1683//3616 1809//3616
f 1808//3617 1811//3617 1809//3617
f 1808//3618 1809//3618 1672//3618
f 1672//3619 1809//3619 1679//3619
f 1810//3620 1811//3620 1953//3620
f 1953//3621 1811//3621 1954//3621
f 1810//3622 1813//3622 1688//3622
f 1688//3623 1684//3623 1812//3623
f 1688//3624 1812//3624 1682//3624
f 1688//3625 1682//3625 1810//3625
f 1060//2035 1954//2035 1811//2035
f 1061//3626 1060//3626 1808//3626
f 1808//3627 1060//3627 1811//3627
f 1059//3628 1062//3628 1813//3628
f 1953//3629 1059//3629 1813//3629
f 1953//3630 1813//3630 1810//3630
f 1953//3631 1954//3631 1059//3631
f 1059//3632 1954//3632 1060//3632
f 1813//3633 1062//3633 1814//3633
f 1814//3634 1062//3634 1063//3634
f 1952//3635 1064//3635 1061//3635
f 1952//3636 1061//3636 1808//3636
f 1063//3637 1064//3637 1881//3637
f 1924//3638 1944//3638 1905//3638
f 1887//3639 1818//3639 1821//3639
f 1887//3640 1821//3640 1888//3640
f 1895//3641 1840//3641 1842//3641
f 1898//3642 1845//3642 1899//3642
f 1848//3643 1900//3643 1899//3643
f 1848//3644 1899//3644 1845//3644
f 1895//3645 1842//3645 1896//3645
f 1896//3646 1842//3646 1892//3646
f 1892//3647 1842//3647 1832//3647
f 1884//3648 1854//3648 1885//3648
f 1885//3649 1854//3649 1852//3649
f 1845//3650 1898//3650 1908//3650
f 1908//3651 1898//3651 1950//3651
f 1887//3652 1824//3652 1818//3652
f 1888//3653 1821//3653 1823//3653
f 1888//3654 1823//3654 1889//3654
f 1889//3655 1823//3655 1886//3655
f 1886//3656 1823//3656 1817//3656
f 1886//3657 1817//3657 1816//3657
f 1886//3658 1816//3658 1883//3658
f 1883//3659 1816//3659 1884//3659
f 1884//3660 1816//3660 1850//3660
f 1884//3661 1850//3661 1854//3661
f 1885//3662 1852//3662 1951//3662
f 1951//3250 1852//3250 1904//3250
f 1951//3250 1904//3250 1944//3250
f 1944//3663 1904//3663 1905//3663
f 1848//3664 1849//3664 1900//3664
f 1900//3665 1849//3665 1897//3665
f 1897//3666 1849//3666 1844//3666
f 1897//3667 1844//3667 1841//3667
f 1897//3668 1841//3668 1895//3668
f 1895//3669 1841//3669 1840//3669
f 1892//3670 1832//3670 1831//3670
f 1892//3671 1831//3671 1893//3671
f 1893//3672 1831//3672 1894//3672
f 1942//3673 1908//3673 1949//3673
f 1949//3674 1908//3674 1950//3674
f 1831//3675 1834//3675 1894//3675
f 1894//3676 1834//3676 1890//3676
f 1834//3677 1827//3677 1890//3677
f 1890//3678 1827//3678 1891//3678
f 1891//3677 1827//3677 1825//3677
f 1891//3679 1825//3679 1824//3679
f 1924//3680 1905//3680 1913//3680
f 1913//3681 1905//3681 1939//3681
f 1932//3682 1942//3682 1914//3682
f 1914//3683 1942//3683 1949//3683
f 1915//3684 1931//3684 1914//3684
f 1945//3685 1926//3685 1933//3685
f 1940//3686 1926//3686 1934//3686
f 1932//3687 1914//3687 1931//3687
f 1916//3688 1933//3688 1930//3688
f 1916//3689 1930//3689 1915//3689
f 1915//3690 1930//3690 1931//3690
f 1917//3691 1946//3691 1916//3691
f 1916//3692 1946//3692 1933//3692
f 1918//3693 1947//3693 1933//3693
f 1918//3694 1933//3694 1946//3694
f 1935//3695 1934//3695 1925//3695
f 1933//3696 1947//3696 1945//3696
f 1945//3697 1947//3697 1921//3697
f 1921//3698 1947//3698 1922//3698
f 1919//3699 1938//3699 1935//3699
f 1919//3700 1935//3700 1925//3700
f 1913//3701 1939//3701 1919//3701
f 1919//3702 1939//3702 1938//3702
f 1945//3703 1920//3703 1925//3703
f 1934//3704 1926//3704 1945//3704
f 1945//3705 1925//3705 1934//3705
f 1940//3706 1941//3706 1926//3706
f 1957//3707 1958//3707 1959//3707
f 1959//3708 1958//3708 1960//3708
f 1959//3709 1960//3709 1956//3709
f 1956//3710 1960//3710 1955//3710
f 1961//3711 1962//3711 1957//3711
f 1957//3712 1962//3712 1963//3712
f 1957//3713 1963//3713 1958//3713
f 1966//3714 1967//3714 1956//3714
f 1956//3714 1967//3714 1965//3714
f 1965//3715 1967//3715 1964//3715
f 1956//3716 1955//3716 1968//3716
f 1956//3714 1968//3714 1966//3714
f 1969//3717 1970//3717 1971//3717
f 1971//3718 1970//3718 1972//3718
f 1973//3719 1975//3719 1974//3719
f 1974//3720 1975//3720 1972//3720
f 1972//3721 1975//3721 1971//3721
f 1964//3722 1976//3722 1965//3722
f 1965//3723 1976//3723 1974//3723
f 1974//3724 1976//3724 1973//3724
f 1970//3725 1969//3725 1979//3725
f 1977//3726 1978//3726 1980//3726
f 1970//3727 1979//3727 1978//3727
f 1978//3728 1979//3728 1980//3728
f 1981//3729 1982//3729 1983//3729
f 1987//3730 1986//3730 1988//3730
f 1989//3731 1991//3731 1988//3731
f 1989//3732 1988//3732 1986//3732
f 1990//3733 1991//3733 1989//3733
f 1990//3734 1992//3734 1991//3734
f 1985//3735 1984//3735 1990//3735
f 1990//3736 1984//3736 1992//3736
f 1983//3737 1982//3737 1985//3737
f 1985//3738 1982//3738 1984//3738
f 1993//3739 1994//3739 1983//3739
f 1983//3740 1994//3740 1981//3740
f 1996//3741 1995//3741 1993//3741
f 1993//3742 1995//3742 1994//3742
f 1995//3743 1996//3743 1997//3743
f 1997//3744 1996//3744 1998//3744
f 1999//3745 2000//3745 1998//3745
f 1998//3746 2000//3746 1997//3746
f 2002//3747 2001//3747 2003//3747
f 2002//3748 2003//3748 1999//3748
f 1999//3749 2003//3749 2000//3749
f 2001//3750 2002//3750 2004//3750
f 2001//3751 2004//3751 2006//3751
f 2005//3752 2008//3752 2006//3752
f 2005//3753 2006//3753 2004//3753
f 2007//3754 2008//3754 2005//3754
f 2009//3755 2010//3755 2011//3755
f 2011//3756 2010//3756 2007//3756
f 2007//3757 2010//3757 2008//3757
f 2009//3758 2011//3758 2012//3758
f 2009//3759 2012//3759 2013//3759
f 2014//3760 2015//3760 2013//3760
f 2014//3761 2013//3761 2012//3761
f 1977//3762 2016//3762 1978//3762
f 1978//3763 2016//3763 2014//3763
f 2014//3764 2016//3764 2015//3764
f 2017//3765 1962//3765 1961//3765
f 1986//3766 1987//3766 2018//3766
f 1986//3767 2018//3767 1961//3767
f 1961//3768 2018//3768 2017//3768
f 2019//3769 1997//3769 2000//3769
f 1997//3770 2019//3770 1995//3770
f 2020//3771 1981//3771 1994//3771
f 2020//3772 1994//3772 1995//3772
f 2020//3773 1995//3773 2021//3773
f 2021//3774 1995//3774 2019//3774
f 2022//3775 2021//3775 2023//3775
f 2022//3776 2023//3776 2024//3776
f 2024//3777 2023//3777 2025//3777
f 2021//3778 2019//3778 2023//3778
f 2023//3779 2019//3779 2000//3779
f 2023//3780 2000//3780 2026//3780
f 2026//3781 2027//3781 2023//3781
f 2023//3782 2027//3782 2025//3782
f 2028//3783 2027//3783 2026//3783
f 2006//3784 2008//3784 2029//3784
f 2030//3785 2001//3785 2006//3785
f 2001//3786 2030//3786 2003//3786
f 2031//3787 2028//3787 2026//3787
f 2031//3788 2026//3788 2030//3788
f 2030//3789 2026//3789 2000//3789
f 2030//3790 2000//3790 2003//3790
f 2032//3791 2028//3791 2031//3791
f 2033//3792 2032//3792 2031//3792
f 2033//3793 2031//3793 2030//3793
f 2033//3794 2030//3794 2029//3794
f 2029//3795 2030//3795 2006//3795
f 2034//3796 2035//3796 2036//3796
f 2037//3797 2034//3797 2038//3797
f 2039//3798 2037//3798 2040//3798
f 2034//3799 2036//3799 2038//3799
f 2038//3800 2036//3800 2042//3800
f 2038//3801 2042//3801 2043//3801
f 2043//3802 2042//3802 1984//3802
f 2043//3803 1984//3803 2044//3803
f 2044//3804 1984//3804 1982//3804
f 2037//3805 2038//3805 2040//3805
f 2040//3806 2038//3806 2043//3806
f 2040//3807 2043//3807 2045//3807
f 2045//3808 2043//3808 2044//3808
f 2045//3809 2044//3809 2020//3809
f 1982//3810 1981//3810 2044//3810
f 2044//3811 1981//3811 2020//3811
f 2039//3812 2040//3812 2045//3812
f 2039//3813 2045//3813 2046//3813
f 2046//3814 2045//3814 2020//3814
f 2046//3815 2020//3815 2021//3815
f 2041//3816 2039//3816 2047//3816
f 2047//3817 2039//3817 2046//3817
f 2047//3818 2046//3818 2048//3818
f 2048//3819 2046//3819 2021//3819
f 2048//3820 2021//3820 2022//3820
f 2049//3821 2050//3821 2032//3821
f 2008//3822 2051//3822 2052//3822
f 2010//3823 2053//3823 2054//3823
f 2051//3824 2008//3824 2010//3824
f 2032//3825 2033//3825 2049//3825
f 2049//3826 2033//3826 2052//3826
f 2052//3827 2033//3827 2029//3827
f 2052//3828 2029//3828 2008//3828
f 2055//3829 2050//3829 2049//3829
f 2055//3830 2049//3830 2056//3830
f 2056//3831 2049//3831 2052//3831
f 2056//3832 2052//3832 2054//3832
f 2054//3833 2052//3833 2051//3833
f 2054//3834 2051//3834 2010//3834
f 2057//3835 2050//3835 2058//3835
f 2058//3836 2050//3836 2055//3836
f 2058//3837 2055//3837 2059//3837
f 2059//3838 2055//3838 2056//3838
f 2059//3839 2056//3839 2060//3839
f 2060//3840 2056//3840 2054//3840
f 2060//3841 2054//3841 2061//3841
f 2061//3842 2054//3842 2053//3842
f 2062//3843 2057//3843 2063//3843
f 2063//3844 2057//3844 2058//3844
f 2063//3845 2058//3845 2064//3845
f 2064//3846 2058//3846 2059//3846
f 2064//3847 2059//3847 2065//3847
f 2065//3848 2059//3848 2060//3848
f 2065//3849 2060//3849 2066//3849
f 2066//3850 2060//3850 2061//3850
f 2036//3851 2067//3851 2042//3851
f 2042//3852 2067//3852 1992//3852
f 1992//3853 1984//3853 2042//3853
f 1991//3854 1992//3854 2067//3854
f 2068//3855 1988//3855 2069//3855
f 2069//3856 1988//3856 1991//3856
f 1987//3857 1988//3857 2068//3857
f 2069//3858 1991//3858 2067//3858
f 2067//3859 2036//3859 2035//3859
f 2070//3860 2071//3860 2069//3860
f 2069//3861 2071//3861 2072//3861
f 2069//3862 2072//3862 2068//3862
f 2068//3863 2072//3863 2073//3863
f 2068//3864 2073//3864 2074//3864
f 2035//3865 2070//3865 2067//3865
f 2067//3866 2070//3866 2069//3866
f 2068//3867 2074//3867 1987//3867
f 2009//3868 2013//3868 2075//3868
f 2076//3869 2015//3869 2078//3869
f 2078//3870 2015//3870 2016//3870
f 2075//3871 2013//3871 2076//3871
f 2076//3872 2013//3872 2015//3872
f 2053//3873 2010//3873 2009//3873
f 2077//3874 2079//3874 2078//3874
f 2078//3875 2079//3875 2080//3875
f 2078//3876 2080//3876 2076//3876
f 2076//3877 2080//3877 2081//3877
f 2076//3878 2081//3878 2082//3878
f 2053//3879 2009//3879 2075//3879
f 2053//3880 2075//3880 2061//3880
f 2061//3881 2075//3881 2066//3881
f 2066//3882 2075//3882 2082//3882
f 2082//3883 2075//3883 2076//3883
f 2077//3884 2078//3884 2016//3884
f 2077//3885 2016//3885 1977//3885
f 2083//3886 2084//3886 1962//3886
f 2085//3887 2083//3887 2086//3887
f 1987//3888 2074//3888 2088//3888
f 1960//3889 1958//3889 2084//3889
f 2087//3890 1955//3890 1960//3890
f 2084//3891 1958//3891 1963//3891
f 2084//3892 1963//3892 1962//3892
f 2087//3893 1968//3893 1955//3893
f 2074//3894 2073//3894 2088//3894
f 2088//3895 2073//3895 2089//3895
f 2088//3896 2089//3896 2090//3896
f 2090//3897 2089//3897 2091//3897
f 2090//3898 2091//3898 2086//3898
f 2086//3899 2091//3899 2092//3899
f 2086//3900 2092//3900 2085//3900
f 2086//3901 2083//3901 1962//3901
f 2086//3902 1962//3902 2090//3902
f 2090//3903 1962//3903 2017//3903
f 2090//3904 2017//3904 2088//3904
f 2088//3905 2017//3905 2018//3905
f 2088//3906 2018//3906 1987//3906
f 2095//3907 1971//3907 1975//3907
f 2095//3908 1975//3908 1973//3908
f 2095//3909 1973//3909 1976//3909
f 1969//3910 2096//3910 1979//3910
f 1979//3911 2096//3911 2097//3911
f 1979//3912 2097//3912 1980//3912
f 1980//3913 2097//3913 2098//3913
f 1980//3914 2098//3914 1977//3914
f 1977//3915 2098//3915 2077//3915
f 2093//3916 2094//3916 2099//3916
f 2079//3917 2077//3917 2100//3917
f 2100//3918 2077//3918 2098//3918
f 2100//3919 2098//3919 2101//3919
f 2101//3920 2098//3920 2097//3920
f 2101//3921 2097//3921 2094//3921
f 2094//3922 2097//3922 2096//3922
f 2094//3923 2096//3923 2099//3923
f 2099//3924 2096//3924 1969//3924
f 2099//3925 1969//3925 2095//3925
f 2095//3926 1969//3926 1971//3926
f 2102//3927 2103//3927 2104//3927
f 2106//3928 2107//3928 2108//3928
f 2103//3929 2105//3929 2111//3929
f 2103//3930 2111//3930 2104//3930
f 2104//3931 2111//3931 2109//3931
f 2112//3932 2104//3932 2113//3932
f 2113//3933 2104//3933 2108//3933
f 2113//3934 2108//3934 2114//3934
f 2114//3935 2108//3935 2115//3935
f 2115//3936 2108//3936 2107//3936
f 2102//3937 2116//3937 2117//3937
f 2102//3938 2117//3938 2103//3938
f 2103//3939 2117//3939 2105//3939
f 2105//3940 2117//3940 2118//3940
f 2110//3941 2106//3941 2108//3941
f 2110//3942 2108//3942 2109//3942
f 2109//3943 2108//3943 2104//3943
f 2102//3944 2104//3944 2112//3944
f 2119//3945 2120//3945 2121//3945
f 2123//3946 2107//3946 2106//3946
f 2121//3947 2124//3947 2122//3947
f 2122//3948 2124//3948 2125//3948
f 2122//3949 2125//3949 2123//3949
f 2123//3950 2125//3950 2126//3950
f 2123//3951 2126//3951 2107//3951
f 2107//3952 2126//3952 2115//3952
f 2118//3953 2117//3953 2127//3953
f 2130//3954 2129//3954 2131//3954
f 2130//3955 2131//3955 2132//3955
f 2132//3956 2131//3956 2133//3956
f 2117//3957 2116//3957 2127//3957
f 2127//3958 2116//3958 2134//3958
f 2127//3959 2134//3959 2135//3959
f 2135//3960 2134//3960 2136//3960
f 2135//3961 2136//3961 2137//3961
f 2137//3962 2136//3962 2138//3962
f 2137//3963 2138//3963 2139//3963
f 2139//3964 2138//3964 2140//3964
f 2141//3965 2127//3965 2135//3965
f 2141//3966 2135//3966 2142//3966
f 2142//3967 2135//3967 2137//3967
f 2142//3968 2137//3968 2143//3968
f 2143//3969 2137//3969 2139//3969
f 2143//3970 2133//3970 2142//3970
f 2142//3971 2133//3971 2131//3971
f 2142//3972 2131//3972 2141//3972
f 2141//3973 2131//3973 2129//3973
f 2141//3974 2129//3974 2127//3974
f 2127//3975 2129//3975 2128//3975
f 2127//3976 2128//3976 2118//3976
f 2144//3977 2145//3977 2146//3977
f 2147//3978 2144//3978 2148//3978
f 2120//3979 2119//3979 2149//3979
f 2149//3980 2119//3980 2150//3980
f 2149//3981 2150//3981 2151//3981
f 2149//3982 2151//3982 2146//3982
f 2146//3983 2151//3983 2144//3983
f 2152//3984 2145//3984 2147//3984
f 2147//3985 2145//3985 2144//3985
f 2153//3986 2154//3986 2155//3986
f 2132//3987 2157//3987 2156//3987
f 2159//3988 2160//3988 2161//3988
f 2161//3989 2160//3989 2162//3989
f 2161//3990 2163//3990 2159//3990
f 2164//3991 2153//3991 2165//3991
f 2165//3992 2153//3992 2166//3992
f 2165//3993 2166//3993 2167//3993
f 2167//3994 2166//3994 2168//3994
f 2167//3995 2168//3995 2169//3995
f 2169//3996 2168//3996 2162//3996
f 2169//3997 2162//3997 2160//3997
f 2166//3998 2153//3998 2155//3998
f 2166//3999 2155//3999 2168//3999
f 2168//4000 2155//4000 2170//4000
f 2168//4001 2170//4001 2162//4001
f 2162//4002 2170//4002 2171//4002
f 2162//4003 2171//4003 2161//4003
f 2161//4004 2171//4004 2163//4004
f 2157//4005 2164//4005 2165//4005
f 2157//4006 2165//4006 2156//4006
f 2156//4007 2165//4007 2167//4007
f 2156//4008 2167//4008 2158//4008
f 2158//4009 2167//4009 2169//4009
f 2172//4010 2173//4010 2174//4010
f 2174//4011 2173//4011 2175//4011
f 2175//4012 2173//4012 2176//4012
f 2175//4013 2176//4013 2163//4013
f 2163//4014 2176//4014 2177//4014
f 2163//4015 2177//4015 2159//4015
f 2172//4016 2174//4016 2178//4016
f 2179//4017 2178//4017 2180//4017
f 2179//4018 2180//4018 2181//4018
f 2174//4019 2182//4019 2178//4019
f 2178//4020 2182//4020 2180//4020
f 2186//4021 2183//4021 2187//4021
f 2188//4022 2147//4022 2148//4022
f 2184//4023 2181//4023 2185//4023
f 2185//4024 2181//4024 2180//4024
f 2185//4025 2180//4025 2189//4025
f 2189//4026 2190//4026 2185//4026
f 2185//4027 2190//4027 2191//4027
f 2185//4028 2191//4028 2184//4028
f 2184//4029 2191//4029 2187//4029
f 2184//4030 2187//4030 2183//4030
f 2190//4031 2192//4031 2191//4031
f 2191//4032 2192//4032 2193//4032
f 2191//4033 2193//4033 2187//4033
f 2187//4034 2193//4034 2194//4034
f 2187//4035 2194//4035 2186//4035
f 2186//4036 2194//4036 2188//4036
f 2186//4037 2188//4037 2148//4037
f 2152//4038 2147//4038 2195//4038
f 2195//4039 2147//4039 2188//4039
f 2195//4040 2188//4040 2196//4040
f 2196//4041 2188//4041 2194//4041
f 2196//4042 2194//4042 2197//4042
f 2197//4043 2194//4043 2193//4043
f 2197//4044 2193//4044 2198//4044
f 2198//4045 2193//4045 2192//4045
f 2201//4046 2202//4046 2203//4046
f 2203//4047 2202//4047 2204//4047
f 2203//4048 2204//4048 2776//4048
f 2205//4049 2206//4049 2207//4049
f 2200//4050 2205//4050 2199//4050
f 2199//4051 2205//4051 2207//4051
f 2199//4052 2207//4052 2201//4052
f 2201//4053 2207//4053 2202//4053
f 2200//4054 2199//4054 2208//4054
f 2208//4055 2199//4055 2201//4055
f 2208//4056 2201//4056 2203//4056
f 2208//4057 2203//4057 2209//4057
f 2210//4058 2775//4058 2205//4058
f 2205//4059 2775//4059 2206//4059
f 2210//4060 2211//4060 2775//4060
f 2205//4061 2200//4061 2212//4061
f 2205//4062 2212//4062 2210//4062
f 2210//4063 2212//4063 2213//4063
f 2213//4064 2214//4064 2210//4064
f 2210//4065 2214//4065 2215//4065
f 2210//4066 2215//4066 2211//4066
f 2211//4067 2215//4067 2774//4067
f 2221//4068 2773//4068 2222//4068
f 2222//4069 2773//4069 2219//4069
f 2222//4070 2219//4070 2223//4070
f 2217//4071 2216//4071 2222//4071
f 2222//4072 2216//4072 2221//4072
f 2217//4073 2203//4073 2776//4073
f 2217//4074 2776//4074 2216//4074
f 2209//4075 2203//4075 2224//4075
f 2220//4076 2676//4076 2225//4076
f 2220//4077 2225//4077 2226//4077
f 2219//4078 2218//4078 2223//4078
f 2223//4079 2218//4079 2220//4079
f 2223//4080 2220//4080 2227//4080
f 2227//4081 2220//4081 2226//4081
f 2227//4082 2226//4082 2228//4082
f 2203//4083 2217//4083 2224//4083
f 2224//4084 2217//4084 2222//4084
f 2224//4085 2222//4085 2229//4085
f 2229//4086 2222//4086 2223//4086
f 2229//4087 2223//4087 2230//4087
f 2230//4088 2223//4088 2227//4088
f 2230//4089 2227//4089 2231//4089
f 2231//4090 2227//4090 2228//4090
f 2231//4091 2228//4091 2232//4091
f 2209//4092 2224//4092 2233//4092
f 2233//4093 2224//4093 2229//4093
f 2233//4094 2229//4094 2234//4094
f 2234//4095 2229//4095 2230//4095
f 2234//4096 2230//4096 2235//4096
f 2235//4097 2230//4097 2231//4097
f 2235//4098 2231//4098 2154//4098
f 2154//4099 2231//4099 2232//4099
f 2774//4100 2215//4100 2238//4100
f 2774//4101 2238//4101 2770//4101
f 2770//4102 2238//4102 2239//4102
f 2770//4103 2239//4103 2240//4103
f 2237//4104 2236//4104 2241//4104
f 2242//4105 2243//4105 2244//4105
f 2245//4106 2242//4106 2246//4106
f 2240//4107 2239//4107 2771//4107
f 2771//4108 2239//4108 2247//4108
f 2771//4109 2247//4109 2236//4109
f 2236//4110 2247//4110 2244//4110
f 2236//4111 2244//4111 2243//4111
f 2236//4112 2243//4112 2241//4112
f 2242//4113 2244//4113 2246//4113
f 2246//4114 2244//4114 2247//4114
f 2246//4115 2247//4115 2248//4115
f 2248//4116 2247//4116 2239//4116
f 2248//4117 2239//4117 2249//4117
f 2249//4118 2239//4118 2238//4118
f 2249//4119 2238//4119 2250//4119
f 2250//4120 2238//4120 2215//4120
f 2245//4121 2246//4121 2251//4121
f 2251//4122 2246//4122 2248//4122
f 2251//4123 2248//4123 2252//4123
f 2252//4124 2248//4124 2249//4124
f 2252//4125 2249//4125 2253//4125
f 2253//4126 2249//4126 2250//4126
f 2253//4127 2250//4127 2254//4127
f 2254//4128 2250//4128 2215//4128
f 2254//4129 2215//4129 2214//4129
f 2255//4130 2256//4130 2257//4130
f 2257//4131 2256//4131 2258//4131
f 2261//4132 2260//4132 2262//4132
f 2260//4133 2259//4133 2263//4133
f 2263//4134 2259//4134 2264//4134
f 2260//4135 2261//4135 2259//4135
f 2264//4136 2265//4136 2263//4136
f 2266//4137 2267//4137 2268//4137
f 2269//4137 2270//4137 2271//4137
f 2266//4137 2268//4137 2272//4137
f 2263//4137 2273//4137 2258//4137
f 2271//4137 2274//4137 2269//4137
f 2269//4137 2274//4137 2275//4137
f 2269//4137 2275//4137 2276//4137
f 2276//4137 2275//4137 2277//4137
f 2278//4137 2258//4137 2279//4137
f 2279//4137 2258//4137 2273//4137
f 2279//4137 2273//4137 2268//4137
f 2268//4137 2273//4137 2280//4137
f 2268//4137 2280//4137 2272//4137
f 2263//4137 2258//4137 2260//4137
f 2260//4137 2258//4137 2256//4137
f 2260//4137 2256//4137 2277//4137
f 2277//4137 2256//4137 2281//4137
f 2277//4137 2281//4137 2276//4137
f 2282//4138 2283//4138 2284//4138
f 2285//4139 2286//4139 2287//4139
f 2287//4140 2286//4140 2288//4140
f 2289//4141 2290//4141 2291//4141
f 2291//4142 2290//4142 2292//4142
f 2293//4143 2287//4143 2291//4143
f 2291//4144 2287//4144 2294//4144
f 2291//4145 2294//4145 2289//4145
f 2295//4146 2283//4146 2296//4146
f 2296//4147 2283//4147 2282//4147
f 2296//4148 2282//4148 2297//4148
f 2027//4149 2285//4149 2298//4149
f 2022//4150 2024//4150 2299//4150
f 2300//4151 2299//4151 2301//4151
f 2301//4152 2299//4152 2024//4152
f 2301//4153 2024//4153 2025//4153
f 2302//4154 2295//4154 2303//4154
f 2303//4155 2295//4155 2296//4155
f 2303//4156 2296//4156 2288//4156
f 2288//4157 2296//4157 2297//4157
f 2288//4158 2297//4158 2287//4158
f 2298//4159 2285//4159 2287//4159
f 2287//4160 2297//4160 2294//4160
f 2294//4161 2297//4161 2282//4161
f 2294//4162 2282//4162 2289//4162
f 2289//4163 2282//4163 2284//4163
f 2289//4164 2284//4164 2115//4164
f 2289//4165 2115//4165 2290//4165
f 2291//4166 2292//4166 2300//4166
f 2291//4167 2300//4167 2293//4167
f 2293//4168 2300//4168 2301//4168
f 2293//4169 2301//4169 2287//4169
f 2287//4170 2301//4170 2298//4170
f 2298//4171 2301//4171 2025//4171
f 2298//4172 2025//4172 2027//4172
f 2306//4173 2307//4173 2302//4173
f 2308//4174 2309//4174 2310//4174
f 2309//4175 2032//4175 2310//4175
f 2286//4176 2285//4176 2311//4176
f 2307//4177 2306//4177 2312//4177
f 2312//4178 2306//4178 2313//4178
f 2312//4179 2313//4179 2305//4179
f 2314//4180 2315//4180 2316//4180
f 2314//4181 2316//4181 2317//4181
f 2317//4182 2316//4182 2318//4182
f 2304//4183 2305//4183 2308//4183
f 2304//4184 2314//4184 2305//4184
f 2305//4185 2314//4185 2317//4185
f 2305//4186 2317//4186 2312//4186
f 2312//4187 2317//4187 2318//4187
f 2312//4188 2318//4188 2307//4188
f 2311//4189 2285//4189 2027//4189
f 2311//4190 2027//4190 2028//4190
f 2028//4191 2032//4191 2309//4191
f 2319//4192 2309//4192 2308//4192
f 2303//4193 2288//4193 2320//4193
f 2320//4194 2288//4194 2286//4194
f 2320//4195 2286//4195 2319//4195
f 2319//4196 2286//4196 2311//4196
f 2319//4197 2311//4197 2309//4197
f 2309//4198 2311//4198 2028//4198
f 2302//4199 2303//4199 2306//4199
f 2306//4200 2303//4200 2320//4200
f 2306//4201 2320//4201 2313//4201
f 2313//4202 2320//4202 2319//4202
f 2313//4203 2319//4203 2305//4203
f 2305//4204 2319//4204 2308//4204
f 2323//4205 2112//4205 2113//4205
f 2295//4206 2302//4206 2324//4206
f 2295//4207 2324//4207 2325//4207
f 2325//4208 2324//4208 2326//4208
f 2325//4209 2326//4209 2327//4209
f 2284//4210 2283//4210 2329//4210
f 2329//4211 2283//4211 2330//4211
f 2330//4212 2283//4212 2331//4212
f 2330//4213 2331//4213 2332//4213
f 2321//4214 2322//4214 2116//4214
f 2321//4215 2116//4215 2102//4215
f 2332//4216 2323//4216 2330//4216
f 2330//4217 2323//4217 2113//4217
f 2330//4218 2113//4218 2329//4218
f 2329//4219 2113//4219 2114//4219
f 2329//4220 2114//4220 2284//4220
f 2284//4221 2114//4221 2115//4221
f 2333//4222 2322//4222 2328//4222
f 2328//4223 2322//4223 2321//4223
f 2328//4224 2321//4224 2332//4224
f 2332//4225 2321//4225 2323//4225
f 2323//4226 2321//4226 2102//4226
f 2323//4227 2102//4227 2112//4227
f 2283//4228 2295//4228 2331//4228
f 2331//4229 2295//4229 2325//4229
f 2331//4230 2325//4230 2332//4230
f 2332//4231 2325//4231 2327//4231
f 2332//4232 2327//4232 2328//4232
f 2316//4233 2315//4233 2334//4233
f 2335//4234 2333//4234 2336//4234
f 2336//4235 2333//4235 2328//4235
f 2336//4236 2328//4236 2337//4236
f 2337//4237 2328//4237 2327//4237
f 2337//4238 2327//4238 2338//4238
f 2338//4239 2327//4239 2326//4239
f 2338//4240 2326//4240 2339//4240
f 2339//4241 2326//4241 2324//4241
f 2340//4242 2336//4242 2337//4242
f 2340//4243 2337//4243 2341//4243
f 2341//4244 2337//4244 2338//4244
f 2341//4245 2338//4245 2342//4245
f 2342//4246 2338//4246 2339//4246
f 2343//4247 2335//4247 2344//4247
f 2344//4248 2335//4248 2336//4248
f 2344//4249 2336//4249 2345//4249
f 2345//4250 2336//4250 2340//4250
f 2345//4251 2340//4251 2346//4251
f 2346//4252 2340//4252 2341//4252
f 2346//4253 2341//4253 2347//4253
f 2347//4254 2341//4254 2342//4254
f 2348//4255 2343//4255 2344//4255
f 2348//4256 2344//4256 2349//4256
f 2349//4257 2344//4257 2345//4257
f 2349//4258 2345//4258 2350//4258
f 2350//4259 2345//4259 2346//4259
f 2350//4260 2346//4260 2334//4260
f 2334//4261 2346//4261 2347//4261
f 2334//4262 2347//4262 2316//4262
f 2316//4263 2347//4263 2342//4263
f 2316//4264 2342//4264 2318//4264
f 2318//4265 2342//4265 2339//4265
f 2318//4266 2339//4266 2307//4266
f 2307//4267 2339//4267 2324//4267
f 2307//4268 2324//4268 2302//4268
f 2351//4269 2352//4269 2353//4269
f 2352//4270 2354//4270 2355//4270
f 2355//4271 2358//4271 2357//4271
f 2357//4272 2358//4272 2350//4272
f 2357//4273 2350//4273 2356//4273
f 2356//4274 2350//4274 2334//4274
f 2356//4275 2334//4275 2359//4275
f 2354//4276 2348//4276 2358//4276
f 2358//4277 2348//4277 2349//4277
f 2358//4278 2349//4278 2350//4278
f 2343//4279 2348//4279 2351//4279
f 2351//4280 2348//4280 2354//4280
f 2351//4281 2354//4281 2352//4281
f 2315//4282 2359//4282 2334//4282
f 2354//4283 2358//4283 2355//4283
f 2356//4284 2359//4284 2361//4284
f 2364//4285 2362//4285 2360//4285
f 2364//4286 2360//4286 2361//4286
f 2359//4287 2315//4287 2365//4287
f 2359//4288 2365//4288 2361//4288
f 2361//4289 2365//4289 2364//4289
f 2366//4290 2300//4290 2292//4290
f 2367//4291 2047//4291 2048//4291
f 2366//4292 2368//4292 2369//4292
f 2369//4293 2368//4293 2126//4293
f 2369//4294 2370//4294 2366//4294
f 2022//4295 2299//4295 2371//4295
f 2371//4296 2299//4296 2366//4296
f 2371//4297 2366//4297 2370//4297
f 2372//4298 2041//4298 2373//4298
f 2373//4299 2041//4299 2047//4299
f 2124//4300 2121//4300 2372//4300
f 2121//4301 2120//4301 2372//4301
f 2372//4302 2120//4302 2041//4302
f 2048//4303 2022//4303 2371//4303
f 2048//4304 2371//4304 2367//4304
f 2367//4305 2371//4305 2370//4305
f 2299//4306 2300//4306 2366//4306
f 2368//4307 2366//4307 2292//4307
f 2368//4308 2292//4308 2126//4308
f 2126//4309 2292//4309 2290//4309
f 2126//4310 2290//4310 2115//4310
f 2126//4311 2125//4311 2369//4311
f 2369//4312 2125//4312 2124//4312
f 2369//4313 2124//4313 2370//4313
f 2370//4314 2124//4314 2372//4314
f 2370//4315 2372//4315 2373//4315
f 2370//4316 2373//4316 2367//4316
f 2367//4317 2373//4317 2047//4317
f 2374//4318 2310//4318 2032//4318
f 2365//4319 2315//4319 2314//4319
f 2365//4320 2314//4320 2304//4320
f 2377//4321 2304//4321 2308//4321
f 2378//4322 2365//4322 2304//4322
f 2378//4323 2304//4323 2377//4323
f 2380//4324 2050//4324 2057//4324
f 2380//4325 2057//4325 2381//4325
f 2381//4326 2057//4326 2062//4326
f 2379//4327 2363//4327 2376//4327
f 2376//4328 2363//4328 2362//4328
f 2376//4329 2362//4329 2375//4329
f 2375//4330 2362//4330 2364//4330
f 2032//4331 2050//4331 2374//4331
f 2374//4332 2050//4332 2380//4332
f 2374//4333 2380//4333 2375//4333
f 2375//4334 2380//4334 2381//4334
f 2375//4335 2381//4335 2376//4335
f 2376//4336 2381//4336 2062//4336
f 2376//4337 2062//4337 2379//4337
f 2308//4338 2310//4338 2377//4338
f 2377//4339 2310//4339 2374//4339
f 2377//4340 2374//4340 2375//4340
f 2377//4341 2375//4341 2378//4341
f 2378//4342 2375//4342 2365//4342
f 2365//4343 2375//4343 2364//4343
f 2382//4344 2383//4344 2384//4344
f 2385//4345 2136//4345 2386//4345
f 2138//4346 2136//4346 2385//4346
f 2138//4347 2385//4347 2140//4347
f 2333//4348 2387//4348 2388//4348
f 2134//4349 2116//4349 2322//4349
f 2134//4350 2322//4350 2388//4350
f 2388//4351 2322//4351 2333//4351
f 2383//4352 2389//4352 2384//4352
f 2384//4353 2389//4353 2390//4353
f 2384//4354 2390//4354 2385//4354
f 2385//4355 2390//4355 2391//4355
f 2386//4356 2382//4356 2384//4356
f 2386//4357 2384//4357 2385//4357
f 2385//4358 2391//4358 2140//4358
f 2136//4359 2134//4359 2386//4359
f 2386//4360 2134//4360 2388//4360
f 2386//4361 2388//4361 2387//4361
f 2386//4362 2387//4362 2382//4362
f 2392//4363 2382//4363 2387//4363
f 2393//4364 2394//4364 2392//4364
f 2393//4365 2392//4365 2395//4365
f 2396//4366 2397//4366 2398//4366
f 2398//4367 2397//4367 2399//4367
f 2398//4368 2399//4368 2389//4368
f 2395//4369 2335//4369 2343//4369
f 2395//4370 2343//4370 2393//4370
f 2383//4371 2382//4371 2392//4371
f 2392//4372 2387//4372 2395//4372
f 2395//4373 2387//4373 2333//4373
f 2395//4374 2333//4374 2335//4374
f 2394//4375 2396//4375 2398//4375
f 2394//4376 2398//4376 2392//4376
f 2392//4377 2398//4377 2383//4377
f 2383//4378 2398//4378 2389//4378
f 2400//4379 2401//4379 2402//4379
f 2402//4380 2401//4380 2403//4380
f 2402//4381 2403//4381 2404//4381
f 2351//4382 2353//4382 2406//4382
f 2401//4383 2407//4383 2403//4383
f 2403//4384 2407//4384 2408//4384
f 2403//4385 2408//4385 2404//4385
f 2404//4386 2408//4386 2409//4386
f 2404//4387 2409//4387 2405//4387
f 2405//4388 2409//4388 2406//4388
f 2405//4389 2406//4389 2353//4389
f 2410//4390 2406//4390 2409//4390
f 2410//4391 2409//4391 2411//4391
f 2411//4392 2409//4392 2408//4392
f 2411//4393 2408//4393 2412//4393
f 2412//4394 2408//4394 2407//4394
f 2343//4395 2351//4395 2393//4395
f 2393//4396 2351//4396 2406//4396
f 2393//4397 2406//4397 2394//4397
f 2394//4398 2406//4398 2410//4398
f 2394//4399 2410//4399 2396//4399
f 2396//4400 2410//4400 2411//4400
f 2396//4401 2411//4401 2397//4401
f 2397//4402 2411//4402 2412//4402
f 2414//4403 2413//4403 2415//4403
f 2414//4404 2415//4404 2416//4404
f 2414//4405 2416//4405 2417//4405
f 2417//4406 2416//4406 2418//4406
f 2418//4407 2416//4407 2419//4407
f 2420//4408 2145//4408 2152//4408
f 2421//4409 2120//4409 2149//4409
f 2421//4410 2149//4410 2422//4410
f 2422//4411 2149//4411 2146//4411
f 2422//4412 2146//4412 2423//4412
f 2423//4413 2146//4413 2145//4413
f 2423//4414 2145//4414 2424//4414
f 2424//4415 2145//4415 2420//4415
f 2041//4416 2120//4416 2421//4416
f 2425//4417 2421//4417 2422//4417
f 2425//4418 2422//4418 2426//4418
f 2426//4419 2422//4419 2423//4419
f 2426//4420 2423//4420 2427//4420
f 2427//4421 2423//4421 2424//4421
f 2039//4422 2041//4422 2421//4422
f 2039//4423 2421//4423 2037//4423
f 2037//4424 2421//4424 2425//4424
f 2037//4425 2425//4425 2034//4425
f 2034//4426 2425//4426 2426//4426
f 2034//4427 2426//4427 2035//4427
f 2035//4428 2426//4428 2427//4428
f 2428//4429 2063//4429 2064//4429
f 2428//4430 2064//4430 2429//4430
f 2429//4431 2064//4431 2065//4431
f 2429//4432 2065//4432 2430//4432
f 2430//4433 2065//4433 2066//4433
f 2379//4434 2062//4434 2431//4434
f 2431//4435 2062//4435 2063//4435
f 2431//4436 2063//4436 2428//4436
f 2432//4437 2428//4437 2429//4437
f 2432//4438 2429//4438 2433//4438
f 2433//4439 2429//4439 2430//4439
f 2415//4440 2431//4440 2428//4440
f 2415//4441 2428//4441 2434//4441
f 2434//4442 2428//4442 2432//4442
f 2434//4443 2432//4443 2435//4443
f 2435//4444 2432//4444 2433//4444
f 2363//4445 2379//4445 2413//4445
f 2413//4446 2379//4446 2431//4446
f 2413//4447 2431//4447 2415//4447
f 2416//4448 2415//4448 2434//4448
f 2416//4449 2434//4449 2419//4449
f 2419//4450 2434//4450 2435//4450
f 2437//4451 2140//4451 2391//4451
f 2438//4452 2439//4452 2440//4452
f 2441//4453 2439//4453 2442//4453
f 2442//4454 2439//4454 2438//4454
f 2442//4455 2438//4455 2209//4455
f 2443//4456 2437//4456 2391//4456
f 2443//4457 2391//4457 2444//4457
f 2444//4458 2391//4458 2390//4458
f 2446//4459 2447//4459 2440//4459
f 2440//4460 2447//4460 2445//4460
f 2440//4461 2445//4461 2436//4461
f 2436//4462 2445//4462 2200//4462
f 2436//4463 2200//4463 2208//4463
f 2444//4464 2446//4464 2440//4464
f 2440//4465 2436//4465 2438//4465
f 2438//4466 2436//4466 2208//4466
f 2438//4467 2208//4467 2209//4467
f 2389//4468 2446//4468 2390//4468
f 2390//4469 2446//4469 2444//4469
f 2444//4470 2440//4470 2443//4470
f 2443//4471 2440//4471 2439//4471
f 2443//4472 2439//4472 2437//4472
f 2437//4473 2439//4473 2441//4473
f 2212//4474 2200//4474 2445//4474
f 2448//4475 2449//4475 2450//4475
f 2451//4476 2449//4476 2452//4476
f 2452//4477 2449//4477 2448//4477
f 2452//4478 2448//4478 2397//4478
f 2446//4479 2453//4479 2447//4479
f 2213//4480 2454//4480 2455//4480
f 2213//4481 2455//4481 2214//4481
f 2214//4482 2455//4482 2456//4482
f 2453//4483 2446//4483 2389//4483
f 2453//4484 2389//4484 2399//4484
f 2447//4485 2453//4485 2450//4485
f 2450//4486 2453//4486 2448//4486
f 2448//4487 2453//4487 2399//4487
f 2448//4488 2399//4488 2397//4488
f 2447//4489 2454//4489 2445//4489
f 2445//4490 2454//4490 2213//4490
f 2445//4491 2213//4491 2212//4491
f 2451//4492 2456//4492 2449//4492
f 2449//4493 2456//4493 2455//4493
f 2449//4494 2455//4494 2450//4494
f 2450//4495 2455//4495 2454//4495
f 2450//4496 2454//4496 2447//4496
f 2458//4497 2154//4497 2153//4497
f 2458//4498 2153//4498 2164//4498
f 2458//4499 2164//4499 2459//4499
f 2459//4500 2164//4500 2157//4500
f 2459//4501 2157//4501 2460//4501
f 2157//4502 2132//4502 2460//4502
f 2460//4503 2132//4503 2133//4503
f 2460//4504 2133//4504 2461//4504
f 2461//4505 2133//4505 2143//4505
f 2461//4506 2143//4506 2139//4506
f 2462//4507 2441//4507 2442//4507
f 2462//4508 2442//4508 2463//4508
f 2463//4509 2442//4509 2209//4509
f 2463//4510 2209//4510 2233//4510
f 2234//4511 2235//4511 2464//4511
f 2464//4512 2235//4512 2465//4512
f 2464//4513 2465//4513 2466//4513
f 2466//4514 2465//4514 2459//4514
f 2437//4515 2441//4515 2457//4515
f 2457//4516 2441//4516 2462//4516
f 2457//4517 2462//4517 2466//4517
f 2466//4518 2462//4518 2463//4518
f 2466//4519 2463//4519 2464//4519
f 2464//4520 2463//4520 2233//4520
f 2464//4521 2233//4521 2234//4521
f 2140//4522 2437//4522 2139//4522
f 2139//4523 2437//4523 2457//4523
f 2139//4524 2457//4524 2461//4524
f 2461//4525 2457//4525 2466//4525
f 2461//4526 2466//4526 2460//4526
f 2460//4527 2466//4527 2459//4527
f 2459//4528 2465//4528 2458//4528
f 2458//4529 2465//4529 2235//4529
f 2458//4530 2235//4530 2154//4530
f 2451//4531 2452//4531 2467//4531
f 2456//4532 2451//4532 2470//4532
f 2456//4533 2470//4533 2471//4533
f 2471//4534 2470//4534 2472//4534
f 2471//4535 2472//4535 2473//4535
f 2474//4536 2475//4536 2476//4536
f 2476//4537 2475//4537 2477//4537
f 2476//4538 2477//4538 2478//4538
f 2452//4539 2397//4539 2467//4539
f 2467//4540 2397//4540 2412//4540
f 2467//4541 2412//4541 2479//4541
f 2479//4542 2412//4542 2407//4542
f 2479//4543 2407//4543 2401//4543
f 2475//4544 2245//4544 2477//4544
f 2477//4545 2245//4545 2251//4545
f 2477//4546 2251//4546 2478//4546
f 2478//4547 2251//4547 2252//4547
f 2252//4548 2253//4548 2473//4548
f 2473//4549 2253//4549 2254//4549
f 2473//4550 2254//4550 2471//4550
f 2471//4551 2254//4551 2214//4551
f 2471//4552 2214//4552 2456//4552
f 2252//4553 2473//4553 2478//4553
f 2478//4554 2473//4554 2472//4554
f 2478//4555 2472//4555 2476//4555
f 2476//4556 2472//4556 2469//4556
f 2476//4557 2469//4557 2468//4557
f 2476//4558 2468//4558 2474//4558
f 2400//4559 2468//4559 2401//4559
f 2401//4560 2468//4560 2469//4560
f 2401//4561 2469//4561 2479//4561
f 2479//4562 2469//4562 2472//4562
f 2479//4563 2472//4563 2467//4563
f 2467//4564 2472//4564 2470//4564
f 2467//4565 2470//4565 2451//4565
f 2482//4566 2483//4566 2484//4566
f 2482//4567 2484//4567 2485//4567
f 2485//4568 2484//4568 2488//4568
f 2485//4569 2488//4569 2487//4569
f 2487//4570 2488//4570 2481//4570
f 2487//4571 2481//4571 2486//4571
f 2475//4572 2474//4572 2489//4572
f 2489//4573 2474//4573 2490//4573
f 2488//4574 2491//4574 2481//4574
f 2486//4575 2481//4575 2480//4575
f 2468//4576 2400//4576 2480//4576
f 2468//4577 2480//4577 2474//4577
f 2474//4578 2480//4578 2481//4578
f 2474//4579 2481//4579 2490//4579
f 2490//4580 2481//4580 2491//4580
f 2484//4581 2483//4581 2492//4581
f 2484//4582 2492//4582 2488//4582
f 2488//4583 2492//4583 2493//4583
f 2488//4584 2493//4584 2491//4584
f 2491//4585 2493//4585 2494//4585
f 2491//4586 2494//4586 2490//4586
f 2490//4587 2494//4587 2495//4587
f 2490//4588 2495//4588 2489//4588
f 2489//4589 2495//4589 2496//4589
f 2489//4590 2496//4590 2475//4590
f 2475//4591 2496//4591 2245//4591
f 2497//4592 2498//4592 2163//4592
f 2499//4593 2498//4593 2500//4593
f 2500//4594 2498//4594 2497//4594
f 2500//4595 2497//4595 2501//4595
f 2154//4596 2232//4596 2155//4596
f 2155//4597 2232//4597 2504//4597
f 2155//4598 2504//4598 2505//4598
f 2155//4599 2505//4599 2170//4599
f 2170//4600 2505//4600 2506//4600
f 2170//4601 2506//4601 2507//4601
f 2170//4602 2507//4602 2171//4602
f 2171//4603 2507//4603 2497//4603
f 2171//4604 2497//4604 2163//4604
f 2226//4605 2225//4605 2508//4605
f 2508//4606 2225//4606 2509//4606
f 2228//4607 2226//4607 2510//4607
f 2510//4608 2226//4608 2508//4608
f 2510//4609 2508//4609 2511//4609
f 2511//4610 2508//4610 2509//4610
f 2511//4611 2509//4611 2512//4611
f 2512//4612 2509//4612 2502//4612
f 2512//4613 2502//4613 2501//4613
f 2501//4614 2502//4614 2503//4614
f 2501//4615 2503//4615 2500//4615
f 2232//4616 2228//4616 2504//4616
f 2504//4617 2228//4617 2510//4617
f 2504//4618 2510//4618 2505//4618
f 2505//4619 2510//4619 2511//4619
f 2505//4620 2511//4620 2506//4620
f 2506//4621 2511//4621 2512//4621
f 2506//4622 2512//4622 2507//4622
f 2507//4623 2512//4623 2501//4623
f 2507//4624 2501//4624 2497//4624
f 2513//4625 2514//4625 2515//4625
f 2513//4626 2515//4626 2516//4626
f 2516//4627 2515//4627 2517//4627
f 2514//4628 2513//4628 2518//4628
f 2519//4629 2483//4629 2482//4629
f 2513//4630 2520//4630 2518//4630
f 2518//4631 2520//4631 2519//4631
f 2519//4632 2520//4632 2483//4632
f 2523//4633 2521//4633 2522//4633
f 2483//4634 2523//4634 2524//4634
f 2522//4635 2525//4635 2526//4635
f 2526//4636 2527//4636 2528//4636
f 2528//4637 2527//4637 2529//4637
f 2523//4638 2522//4638 2524//4638
f 2524//4639 2522//4639 2526//4639
f 2524//4640 2526//4640 2531//4640
f 2531//4641 2526//4641 2528//4641
f 2528//4642 2529//4642 2532//4642
f 2532//4643 2529//4643 2530//4643
f 2532//4644 2530//4644 2533//4644
f 2533//4645 2530//4645 2241//4645
f 2533//4646 2241//4646 2243//4646
f 2524//4647 2531//4647 2534//4647
f 2534//4648 2531//4648 2528//4648
f 2534//4649 2528//4649 2535//4649
f 2535//4650 2528//4650 2532//4650
f 2535//4651 2532//4651 2536//4651
f 2536//4652 2532//4652 2533//4652
f 2536//4653 2533//4653 2537//4653
f 2537//4654 2533//4654 2243//4654
f 2537//4655 2243//4655 2242//4655
f 2483//4656 2524//4656 2492//4656
f 2492//4657 2524//4657 2534//4657
f 2492//4658 2534//4658 2493//4658
f 2493//4659 2534//4659 2535//4659
f 2493//4660 2535//4660 2494//4660
f 2494//4661 2535//4661 2536//4661
f 2494//4662 2536//4662 2495//4662
f 2495//4663 2536//4663 2537//4663
f 2495//4664 2537//4664 2496//4664
f 2496//4665 2537//4665 2242//4665
f 2496//4666 2242//4666 2245//4666
f 2498//4667 2499//4667 2538//4667
f 2163//4668 2498//4668 2539//4668
f 2498//4669 2538//4669 2539//4669
f 2539//4670 2538//4670 2540//4670
f 2539//4671 2540//4671 2541//4671
f 2541//4672 2540//4672 2542//4672
f 2541//4673 2542//4673 2543//4673
f 2543//4674 2542//4674 2544//4674
f 2543//4675 2544//4675 2545//4675
f 2163//4676 2539//4676 2175//4676
f 2175//4677 2539//4677 2541//4677
f 2175//4678 2541//4678 2174//4678
f 2174//4679 2541//4679 2543//4679
f 2174//4680 2543//4680 2182//4680
f 2182//4681 2543//4681 2545//4681
f 2182//4682 2545//4682 2180//4682
f 2546//4683 2548//4683 2549//4683
f 2549//4684 2548//4684 2550//4684
f 2551//4685 2516//4685 2517//4685
f 2551//4686 2517//4686 2550//4686
f 2552//4687 2553//4687 2554//4687
f 2546//4688 2418//4688 2547//4688
f 2547//4689 2418//4689 2419//4689
f 2547//4690 2419//4690 2555//4690
f 2548//4691 2546//4691 2547//4691
f 2548//4692 2547//4692 2556//4692
f 2556//4693 2547//4693 2555//4693
f 2556//4694 2555//4694 2557//4694
f 2551//4695 2550//4695 2548//4695
f 2551//4696 2548//4696 2558//4696
f 2558//4697 2548//4697 2556//4697
f 2558//4698 2556//4698 2559//4698
f 2559//4699 2556//4699 2557//4699
f 2559//4700 2557//4700 2552//4700
f 2552//4701 2554//4701 2559//4701
f 2559//4702 2554//4702 2560//4702
f 2559//4703 2560//4703 2558//4703
f 2558//4704 2560//4704 2561//4704
f 2558//4705 2561//4705 2551//4705
f 2551//4706 2561//4706 2516//4706
f 2516//4707 2562//4707 2563//4707
f 2804//4708 2564//4708 2565//4708
f 2565//4709 2564//4709 2566//4709
f 2565//4710 2566//4710 2563//4710
f 2565//4711 2563//4711 2567//4711
f 2567//4712 2563//4712 2562//4712
f 2567//4713 2562//4713 2718//4713
f 2804//4714 2521//4714 2564//4714
f 2564//4715 2521//4715 2523//4715
f 2516//4716 2563//4716 2513//4716
f 2513//4717 2563//4717 2566//4717
f 2513//4718 2566//4718 2520//4718
f 2520//4719 2566//4719 2564//4719
f 2520//4720 2564//4720 2523//4720
f 2520//4721 2523//4721 2483//4721
f 2568//4722 2545//4722 2544//4722
f 2571//4723 2569//4723 2572//4723
f 2573//4724 2198//4724 2574//4724
f 2574//4725 2198//4725 2192//4725
f 2574//4726 2192//4726 2575//4726
f 2575//4727 2192//4727 2190//4727
f 2575//4728 2190//4728 2189//4728
f 2180//4729 2545//4729 2189//4729
f 2189//4730 2545//4730 2568//4730
f 2189//4731 2568//4731 2570//4731
f 2571//4732 2573//4732 2569//4732
f 2569//4733 2573//4733 2574//4733
f 2569//4734 2574//4734 2570//4734
f 2570//4735 2574//4735 2575//4735
f 2570//4736 2575//4736 2189//4736
f 2420//4737 2152//4737 2576//4737
f 2576//4738 2152//4738 2195//4738
f 2576//4739 2195//4739 2577//4739
f 2577//4740 2195//4740 2196//4740
f 2577//4741 2196//4741 2578//4741
f 2578//4742 2196//4742 2197//4742
f 2578//4743 2197//4743 2579//4743
f 2579//4744 2197//4744 2198//4744
f 2424//4745 2420//4745 2580//4745
f 2580//4746 2420//4746 2576//4746
f 2580//4747 2576//4747 2581//4747
f 2581//4748 2576//4748 2577//4748
f 2581//4749 2577//4749 2582//4749
f 2582//4750 2577//4750 2578//4750
f 2582//4751 2578//4751 2583//4751
f 2583//4752 2578//4752 2579//4752
f 2427//4753 2424//4753 2584//4753
f 2584//4754 2424//4754 2580//4754
f 2584//4755 2580//4755 2585//4755
f 2585//4756 2580//4756 2581//4756
f 2585//4757 2581//4757 2586//4757
f 2586//4758 2581//4758 2582//4758
f 2586//4759 2582//4759 2587//4759
f 2587//4760 2582//4760 2583//4760
f 2035//4761 2427//4761 2070//4761
f 2070//4762 2427//4762 2584//4762
f 2070//4763 2584//4763 2071//4763
f 2071//4764 2584//4764 2585//4764
f 2071//4765 2585//4765 2072//4765
f 2072//4766 2585//4766 2586//4766
f 2072//4767 2586//4767 2073//4767
f 2073//4768 2586//4768 2587//4768
f 2430//4769 2066//4769 2588//4769
f 2588//4770 2066//4770 2082//4770
f 2588//4771 2082//4771 2589//4771
f 2589//4772 2082//4772 2081//4772
f 2589//4773 2081//4773 2590//4773
f 2590//4774 2081//4774 2080//4774
f 2590//4775 2080//4775 2591//4775
f 2591//4776 2080//4776 2079//4776
f 2433//4777 2430//4777 2592//4777
f 2592//4778 2430//4778 2588//4778
f 2592//4779 2588//4779 2593//4779
f 2593//4780 2588//4780 2589//4780
f 2593//4781 2589//4781 2594//4781
f 2594//4782 2589//4782 2590//4782
f 2594//4783 2590//4783 2595//4783
f 2595//4784 2590//4784 2591//4784
f 2435//4785 2433//4785 2596//4785
f 2596//4786 2433//4786 2592//4786
f 2596//4787 2592//4787 2597//4787
f 2597//4788 2592//4788 2593//4788
f 2597//4789 2593//4789 2598//4789
f 2598//4790 2593//4790 2594//4790
f 2598//4791 2594//4791 2599//4791
f 2599//4792 2594//4792 2595//4792
f 2419//4793 2435//4793 2555//4793
f 2555//4794 2435//4794 2596//4794
f 2555//4795 2596//4795 2557//4795
f 2557//4796 2596//4796 2597//4796
f 2557//4797 2597//4797 2552//4797
f 2552//4798 2597//4798 2598//4798
f 2552//4799 2598//4799 2553//4799
f 2553//4800 2598//4800 2599//4800
f 2562//4801 2516//4801 2602//4801
f 2602//4802 2516//4802 2561//4802
f 2602//4803 2561//4803 2603//4803
f 2603//4804 2561//4804 2560//4804
f 2603//4805 2560//4805 2554//4805
f 2604//4806 2605//4806 2606//4806
f 2606//4807 2605//4807 2607//4807
f 2606//4808 2607//4808 2608//4808
f 2562//4809 2601//4809 2718//4809
f 2553//4810 2604//4810 2609//4810
f 2609//4811 2604//4811 2606//4811
f 2609//4812 2606//4812 2600//4812
f 2600//4813 2606//4813 2608//4813
f 2601//4814 2562//4814 2602//4814
f 2601//4815 2602//4815 2600//4815
f 2600//4816 2602//4816 2603//4816
f 2600//4817 2603//4817 2609//4817
f 2609//4818 2603//4818 2554//4818
f 2609//4819 2554//4819 2553//4819
f 2579//4820 2198//4820 2610//4820
f 2610//4821 2198//4821 2573//4821
f 2610//4822 2573//4822 2611//4822
f 2611//4823 2573//4823 2571//4823
f 2611//4824 2571//4824 2612//4824
f 2612//4825 2571//4825 2572//4825
f 2583//4826 2579//4826 2613//4826
f 2613//4827 2579//4827 2610//4827
f 2613//4828 2610//4828 2614//4828
f 2614//4829 2610//4829 2611//4829
f 2614//4830 2611//4830 2615//4830
f 2615//4831 2611//4831 2612//4831
f 2587//4832 2583//4832 2616//4832
f 2616//4833 2583//4833 2613//4833
f 2616//4834 2613//4834 2617//4834
f 2617//4835 2613//4835 2614//4835
f 2617//4836 2614//4836 2618//4836
f 2618//4837 2614//4837 2615//4837
f 2073//4838 2587//4838 2089//4838
f 2089//4839 2587//4839 2616//4839
f 2089//4840 2616//4840 2091//4840
f 2091//4841 2616//4841 2617//4841
f 2091//4842 2617//4842 2092//4842
f 2092//4843 2617//4843 2618//4843
f 2092//4844 2618//4844 2085//4844
f 2591//4845 2079//4845 2619//4845
f 2619//4846 2079//4846 2100//4846
f 2619//4847 2100//4847 2620//4847
f 2620//4848 2100//4848 2101//4848
f 2620//4849 2101//4849 2621//4849
f 2621//4850 2101//4850 2094//4850
f 2621//4851 2094//4851 2622//4851
f 2622//4852 2094//4852 2093//4852
f 2595//4853 2591//4853 2623//4853
f 2623//4854 2591//4854 2619//4854
f 2623//4855 2619//4855 2624//4855
f 2624//4856 2619//4856 2620//4856
f 2624//4857 2620//4857 2625//4857
f 2625//4858 2620//4858 2621//4858
f 2625//4859 2621//4859 2622//4859
f 2599//4860 2595//4860 2626//4860
f 2626//4861 2595//4861 2623//4861
f 2626//4862 2623//4862 2627//4862
f 2627//4863 2623//4863 2624//4863
f 2627//4864 2624//4864 2628//4864
f 2628//4865 2624//4865 2625//4865
f 2553//4866 2599//4866 2604//4866
f 2604//4867 2599//4867 2626//4867
f 2604//4868 2626//4868 2605//4868
f 2605//4869 2626//4869 2627//4869
f 2605//4870 2627//4870 2607//4870
f 2607//4871 2627//4871 2628//4871
f 2629//4872 2085//4872 2618//4872
f 2630//4873 2631//4873 2632//4873
f 2618//4874 2632//4874 2629//4874
f 2630//4875 2632//4875 2618//4875
f 2630//4876 2618//4876 2615//4876
f 2630//4877 2615//4877 2633//4877
f 2633//4878 2615//4878 2612//4878
f 2633//4879 2612//4879 2634//4879
f 2634//4880 2612//4880 2635//4880
f 2635//4881 2612//4881 2572//4881
f 2635//4882 2572//4882 2636//4882
f 2637//4883 2085//4883 2629//4883
f 2640//4884 2607//4884 2793//4884
f 2793//4885 2607//4885 2628//4885
f 2793//4886 2628//4886 2641//4886
f 2641//4887 2628//4887 2642//4887
f 2642//4888 2628//4888 2625//4888
f 2622//4889 2093//4889 2643//4889
f 2622//4890 2643//4890 2644//4890
f 2642//4891 2625//4891 2639//4891
f 2639//4892 2625//4892 2622//4892
f 2639//4893 2622//4893 2644//4893
f 2639//4894 2644//4894 2638//4894
f 2645//4895 2643//4895 2093//4895
f 2646//4896 2982//4896 2083//4896
f 2087//4897 2649//4897 2647//4897
f 2982//4898 2649//4898 2083//4898
f 2083//4899 2649//4899 2087//4899
f 2646//4900 2083//4900 2637//4900
f 2637//4901 2083//4901 2085//4901
f 2087//4902 1960//4902 2084//4902
f 2087//4903 2084//4903 2083//4903
f 1968//4904 2087//4904 2648//4904
f 2648//4905 2087//4905 2647//4905
f 1967//4906 1966//4906 2650//4906
f 2650//4907 1966//4907 2651//4907
f 1966//4908 1968//4908 2648//4908
f 2651//4909 1966//4909 2648//4909
f 2099//4910 2645//4910 2093//4910
f 2645//4911 2099//4911 2654//4911
f 2977//4912 2652//4912 2653//4912
f 2652//4913 2977//4913 2654//4913
f 2652//4914 2654//4914 2099//4914
f 1964//4915 2655//4915 1976//4915
f 1976//4916 2655//4916 2653//4916
f 1976//4917 2653//4917 2652//4917
f 1976//4918 2652//4918 2095//4918
f 2095//4919 2652//4919 2099//4919
f 2978//4920 2655//4920 1964//4920
f 2978//4921 1964//4921 2979//4921
f 2979//4922 1964//4922 1967//4922
f 2979//4923 1967//4923 2650//4923
f 2656//4924 2657//4924 2269//4924
f 2658//4925 2972//4925 2659//4925
f 2659//4926 2972//4926 2270//4926
f 2659//4927 2270//4927 2660//4927
f 2660//4928 2270//4928 2269//4928
f 2660//4929 2269//4929 2661//4929
f 2661//4930 2269//4930 2657//4930
f 2662//4931 2663//4931 2269//4931
f 2269//4932 2663//4932 2664//4932
f 2269//4933 2664//4933 2665//4933
f 2665//4934 2666//4934 2269//4934
f 2269//4935 2666//4935 2667//4935
f 2269//4936 2667//4936 2656//4936
f 2668//4937 2237//4937 2669//4937
f 2669//4938 2237//4938 2670//4938
f 2670//4939 2237//4939 2671//4939
f 2671//4940 2237//4940 2710//4940
f 2669//4941 2672//4941 2668//4941
f 2668//4942 2672//4942 2673//4942
f 2220//4943 2674//4943 2675//4943
f 2220//4944 2675//4944 2676//4944
f 2676//4945 2675//4945 2677//4945
f 2676//4946 2677//4946 2678//4946
f 2676//4947 2678//4947 2679//4947
f 2676//4948 2679//4948 2754//4948
f 2674//4949 2220//4949 2673//4949
f 2673//4950 2220//4950 2668//4950
f 2680//4951 2681//4951 2682//4951
f 2683//4952 2684//4952 2685//4952
f 2685//4953 2684//4953 2686//4953
f 2687//4954 2688//4954 2686//4954
f 2686//4955 2688//4955 2689//4955
f 2686//4956 2689//4956 2685//4956
f 2691//4957 2690//4957 2692//4957
f 2691//4958 2692//4958 2693//4958
f 2693//4959 2692//4959 2694//4959
f 2693//4960 2694//4960 2687//4960
f 2687//4961 2694//4961 2695//4961
f 2687//4962 2695//4962 2688//4962
f 2696//4963 2712//4963 2691//4963
f 2691//4964 2712//4964 2690//4964
f 2682//4965 2697//4965 2680//4965
f 2680//4966 2697//4966 2698//4966
f 2680//4967 2698//4967 2696//4967
f 2696//4968 2698//4968 2712//4968
f 2671//4969 2710//4969 2699//4969
f 2710//4970 2708//4970 2699//4970
f 2699//4971 2708//4971 2707//4971
f 2699//4972 2707//4972 2700//4972
f 2700//4973 2707//4973 2709//4973
f 2700//4974 2709//4974 2681//4974
f 2681//4975 2709//4975 2682//4975
f 2701//4976 2684//4976 2683//4976
f 2684//4977 2701//4977 2797//4977
f 2797//4978 2798//4978 2684//4978
f 2684//4979 2798//4979 2702//4979
f 2702//4980 2703//4980 2684//4980
f 2684//4981 2703//4981 2704//4981
f 2684//4982 2704//4982 2705//4982
f 2684//4983 2705//4983 2706//4983
f 2241//4984 2709//4984 2707//4984
f 2708//4985 2710//4985 2707//4985
f 2707//4986 2710//4986 2241//4986
f 2241//4987 2710//4987 2237//4987
f 2711//4988 2712//4988 2527//4988
f 2713//4989 2697//4989 2682//4989
f 2525//4990 2714//4990 2711//4990
f 2522//4991 2521//4991 2715//4991
f 2715//4992 2521//4992 2716//4992
f 2525//4993 2522//4993 2715//4993
f 2525//4994 2715//4994 2714//4994
f 2711//4995 2527//4995 2525//4995
f 2525//4996 2527//4996 2526//4996
f 2527//4997 2712//4997 2713//4997
f 2527//4998 2713//4998 2529//4998
f 2529//4999 2713//4999 2682//4999
f 2529//5000 2682//5000 2530//5000
f 2530//5001 2682//5001 2709//5001
f 2530//5002 2709//5002 2241//5002
f 2800//5003 2805//5003 2565//5003
f 2565//5004 2805//5004 2804//5004
f 2804//5005 2717//5005 2716//5005
f 2567//5006 2799//5006 2800//5006
f 2718//5007 2799//5007 2567//5007
f 2800//5008 2565//5008 2567//5008
f 2716//5009 2521//5009 2804//5009
f 2719//5010 2718//5010 2601//5010
f 2719//5011 2601//5011 2720//5011
f 2720//5012 2601//5012 2600//5012
f 2720//5013 2600//5013 2608//5013
f 2720//5014 2608//5014 2721//5014
f 2721//5015 2608//5015 2722//5015
f 2722//5016 2608//5016 2607//5016
f 2722//5017 2607//5017 2640//5017
f 2725//5018 2726//5018 2268//5018
f 2723//5019 2724//5019 2727//5019
f 2724//5020 2268//5020 2267//5020
f 2724//5021 2267//5021 2727//5021
f 2268//5022 2728//5022 2729//5022
f 2730//5023 2731//5023 2268//5023
f 2268//5024 2731//5024 2725//5024
f 2724//5025 2732//5025 2268//5025
f 2268//5026 2732//5026 2733//5026
f 2268//5022 2729//5022 2730//5022
f 2268//5027 2733//5027 2728//5027
f 2734//5028 2735//5028 2736//5028
f 2754//5029 2679//5029 2737//5029
f 2754//5030 2737//5030 2738//5030
f 2738//5031 2737//5031 2739//5031
f 2785//5032 2740//5032 2741//5032
f 2741//5033 2740//5033 2742//5033
f 2741//5034 2742//5034 2784//5034
f 2784//5035 2742//5035 2764//5035
f 2784//5036 2764//5036 2743//5036
f 2743//5037 2764//5037 2762//5037
f 2743//5038 2762//5038 2783//5038
f 2783//5039 2762//5039 2761//5039
f 2783//5040 2761//5040 2744//5040
f 2744//5041 2761//5041 2753//5041
f 2744//5042 2753//5042 2739//5042
f 2739//5043 2753//5043 2738//5043
f 2745//5044 2746//5044 2785//5044
f 2785//5045 2746//5045 2740//5045
f 2787//5046 2803//5046 2747//5046
f 2747//5047 2803//5047 2748//5047
f 2747//5048 2748//5048 2786//5048
f 2786//5049 2748//5049 2749//5049
f 2786//5050 2749//5050 2745//5050
f 2745//5051 2749//5051 2746//5051
f 2736//5052 2750//5052 2734//5052
f 2734//5053 2750//5053 2751//5053
f 2734//5054 2751//5054 2787//5054
f 2787//5055 2751//5055 2803//5055
f 2752//5056 2736//5056 2735//5056
f 2792//5057 2794//5057 2735//5057
f 2735//5058 2794//5058 2795//5058
f 2795//5059 2796//5059 2735//5059
f 2735//5060 2796//5060 2752//5060
f 2989//5061 2789//5061 2735//5061
f 2735//5062 2789//5062 2790//5062
f 2790//5063 2791//5063 2735//5063
f 2735//5064 2791//5064 2792//5064
f 2738//5065 2753//5065 2225//5065
f 2225//5066 2676//5066 2754//5066
f 2225//5067 2754//5067 2738//5067
f 2758//5068 2757//5068 2499//5068
f 2499//5069 2757//5069 2759//5069
f 2756//5070 2755//5070 2758//5070
f 2758//5071 2755//5071 2760//5071
f 2758//5072 2760//5072 2757//5072
f 2761//5073 2762//5073 2763//5073
f 2763//5074 2762//5074 2764//5074
f 2763//5075 2764//5075 2756//5075
f 2756//5076 2764//5076 2755//5076
f 2761//5077 2225//5077 2753//5077
f 2509//5078 2225//5078 2763//5078
f 2763//5079 2225//5079 2761//5079
f 2509//5080 2763//5080 2502//5080
f 2502//5081 2763//5081 2756//5081
f 2502//5082 2756//5082 2503//5082
f 2503//5083 2756//5083 2758//5083
f 2503//5084 2758//5084 2500//5084
f 2500//5085 2758//5085 2499//5085
f 2765//5086 2542//5086 2540//5086
f 2765//5087 2540//5087 2801//5087
f 2801//5088 2540//5088 2802//5088
f 2802//5089 2540//5089 2538//5089
f 2802//5090 2538//5090 2766//5090
f 2759//5091 2766//5091 2499//5091
f 2499//5092 2766//5092 2538//5092
f 2636//5093 2572//5093 2569//5093
f 2568//5094 2768//5094 2570//5094
f 2570//5095 2768//5095 2569//5095
f 2569//5096 2768//5096 2769//5096
f 2569//5097 2769//5097 2636//5097
f 2568//5098 2544//5098 2767//5098
f 2568//5099 2767//5099 2768//5099
f 2770//5100 2771//5100 2772//5100
f 2211//5101 2772//5101 2775//5101
f 2218//5102 2773//5102 2221//5102
f 2211//5103 2774//5103 2772//5103
f 2772//5104 2774//5104 2770//5104
f 2207//5105 2775//5105 2218//5105
f 2218//5106 2775//5106 2772//5106
f 2218//5107 2221//5107 2776//5107
f 2776//5108 2204//5108 2218//5108
f 2218//5109 2204//5109 2202//5109
f 2218//5110 2202//5110 2207//5110
f 2220//5111 2777//5111 2778//5111
f 2220//5112 2778//5112 2668//5112
f 2777//5113 2218//5113 2778//5113
f 2778//5114 2218//5114 2772//5114
f 2256//5115 2255//5115 2281//5115
f 2281//5116 2255//5116 2779//5116
f 2281//5117 2779//5117 2276//5117
f 2276//5118 2779//5118 2780//5118
f 2276//5119 2780//5119 2269//5119
f 2269//5120 2780//5120 2662//5120
f 2257//5121 2258//5121 2781//5121
f 2781//5122 2258//5122 2278//5122
f 2781//5123 2278//5123 2782//5123
f 2782//5124 2278//5124 2279//5124
f 2782//5125 2279//5125 2726//5125
f 2726//5126 2279//5126 2268//5126
f 2255//5127 2257//5127 2673//5127
f 2257//5128 2674//5128 2673//5128
f 2726//5129 2678//5129 2782//5129
f 2781//5130 2674//5130 2257//5130
f 2674//5131 2781//5131 2675//5131
f 2675//5132 2781//5132 2782//5132
f 2675//5133 2782//5133 2677//5133
f 2677//5134 2782//5134 2678//5134
f 2662//5135 2780//5135 2670//5135
f 2670//5136 2780//5136 2669//5136
f 2780//5137 2779//5137 2669//5137
f 2669//5138 2779//5138 2672//5138
f 2779//5139 2255//5139 2672//5139
f 2672//5140 2255//5140 2673//5140
f 2679//5141 2678//5141 2725//5141
f 2725//5142 2678//5142 2726//5142
f 2670//5143 2671//5143 2663//5143
f 2670//5144 2663//5144 2662//5144
f 2783//5145 2730//5145 2729//5145
f 2784//5146 2729//5146 2728//5146
f 2785//5147 2728//5147 2733//5147
f 2786//5148 2733//5148 2732//5148
f 2787//5149 2732//5149 2724//5149
f 2679//5150 2725//5150 2737//5150
f 2737//5151 2725//5151 2731//5151
f 2737//5152 2731//5152 2739//5152
f 2739//5153 2731//5153 2730//5153
f 2739//5154 2730//5154 2744//5154
f 2744//5155 2730//5155 2783//5155
f 2783//5156 2729//5156 2743//5156
f 2743//5157 2729//5157 2784//5157
f 2784//5158 2728//5158 2741//5158
f 2741//5159 2728//5159 2785//5159
f 2785//5160 2733//5160 2745//5160
f 2745//5161 2733//5161 2786//5161
f 2786//5162 2732//5162 2747//5162
f 2747//5163 2732//5163 2787//5163
f 2787//5164 2724//5164 2734//5164
f 2734//5165 2724//5165 2735//5165
f 2660//5166 2661//5166 2686//5166
f 2687//5167 2657//5167 2693//5167
f 2693//5168 2657//5168 2656//5168
f 2693//5169 2656//5169 2691//5169
f 2691//5170 2656//5170 2667//5170
f 2691//5171 2667//5171 2696//5171
f 2696//5172 2667//5172 2666//5172
f 2696//5173 2666//5173 2680//5173
f 2659//5174 2660//5174 2684//5174
f 2684//5175 2660//5175 2686//5175
f 2661//5176 2657//5176 2687//5176
f 2661//5177 2687//5177 2686//5177
f 2666//5178 2665//5178 2680//5178
f 2680//5179 2665//5179 2700//5179
f 2680//5180 2700//5180 2681//5180
f 2699//5181 2700//5181 2664//5181
f 2664//5182 2700//5182 2665//5182
f 2664//5183 2663//5183 2671//5183
f 2664//5184 2671//5184 2699//5184
f 2788//5185 2989//5185 2735//5185
f 2788//5186 2735//5186 2723//5186
f 2723//5187 2735//5187 2724//5187
f 2684//5188 2706//5188 2971//5188
f 2684//5189 2971//5189 2659//5189
f 2659//5190 2971//5190 2658//5190
f 2989//5191 2631//5191 2789//5191
f 2631//5192 2630//5192 2789//5192
f 2789//5193 2630//5193 2633//5193
f 2789//5194 2633//5194 2790//5194
f 2790//5195 2633//5195 2634//5195
f 2634//5196 2635//5196 2791//5196
f 2791//5197 2635//5197 2636//5197
f 2791//5198 2636//5198 2792//5198
f 2790//5199 2634//5199 2791//5199
f 2638//5200 2706//5200 2705//5200
f 2793//5201 2703//5201 2702//5201
f 2638//5202 2705//5202 2639//5202
f 2639//5203 2705//5203 2704//5203
f 2639//5204 2704//5204 2642//5204
f 2642//5205 2704//5205 2703//5205
f 2642//5206 2703//5206 2641//5206
f 2641//5207 2703//5207 2793//5207
f 2793//5208 2702//5208 2640//5208
f 2792//5209 2636//5209 2769//5209
f 2792//5210 2769//5210 2794//5210
f 2794//5211 2769//5211 2768//5211
f 2794//5212 2768//5212 2795//5212
f 2795//5213 2768//5213 2767//5213
f 2795//5214 2767//5214 2796//5214
f 2796//5215 2767//5215 2544//5215
f 2796//5216 2544//5216 2752//5216
f 2718//5217 2719//5217 2701//5217
f 2701//5218 2719//5218 2720//5218
f 2701//5218 2720//5218 2797//5218
f 2797//5219 2720//5219 2721//5219
f 2721//5220 2722//5220 2798//5220
f 2798//5221 2722//5221 2640//5221
f 2798//5222 2640//5222 2702//5222
f 2797//5223 2721//5223 2798//5223
f 2752//5224 2544//5224 2542//5224
f 2736//5225 2752//5225 2765//5225
f 2765//5226 2752//5226 2542//5226
f 2799//5227 2683//5227 2800//5227
f 2701//5228 2683//5228 2799//5228
f 2701//5229 2799//5229 2718//5229
f 2750//5230 2801//5230 2802//5230
f 2736//5231 2801//5231 2750//5231
f 2801//5232 2736//5232 2765//5232
f 2766//5233 2759//5233 2803//5233
f 2766//5234 2803//5234 2802//5234
f 2802//5235 2803//5235 2751//5235
f 2802//5236 2751//5236 2750//5236
f 2748//5237 2803//5237 2759//5237
f 2688//5238 2695//5238 2717//5238
f 2717//5239 2695//5239 2716//5239
f 2689//5240 2688//5240 2804//5240
f 2804//5241 2688//5241 2717//5241
f 2685//5242 2689//5242 2805//5242
f 2805//5243 2689//5243 2804//5243
f 2683//5244 2685//5244 2800//5244
f 2800//5245 2685//5245 2805//5245
f 2749//5246 2748//5246 2759//5246
f 2749//5247 2759//5247 2757//5247
f 2749//5248 2757//5248 2746//5248
f 2746//5249 2757//5249 2760//5249
f 2746//5250 2760//5250 2740//5250
f 2740//5251 2760//5251 2755//5251
f 2740//5252 2755//5252 2742//5252
f 2742//5253 2755//5253 2764//5253
f 2715//5254 2716//5254 2695//5254
f 2695//5255 2694//5255 2715//5255
f 2715//5256 2694//5256 2692//5256
f 2715//5257 2692//5257 2714//5257
f 2714//5258 2692//5258 2690//5258
f 2714//5259 2690//5259 2711//5259
f 2711//5260 2690//5260 2712//5260
f 2712//5261 2698//5261 2713//5261
f 2713//5262 2698//5262 2697//5262
f 2237//5263 2668//5263 2236//5263
f 2778//5264 2236//5264 2668//5264
f 2218//5265 2777//5265 2220//5265
f 2218//5266 2219//5266 2773//5266
f 2221//5267 2216//5267 2776//5267
f 2771//5268 2236//5268 2778//5268
f 2770//5269 2240//5269 2771//5269
f 2771//5270 2778//5270 2772//5270
f 2207//5271 2206//5271 2775//5271
f 2810//5272 2811//5272 2809//5272
f 2810//5273 2809//5273 2808//5273
f 2808//5274 2809//5274 2812//5274
f 2812//5275 2809//5275 2813//5275
f 2812//5276 2813//5276 2815//5276
f 2814//5277 2815//5277 2813//5277
f 2816//5278 2817//5278 2818//5278
f 2818//5279 2817//5279 2813//5279
f 2813//5280 2817//5280 2814//5280
f 2819//5281 2820//5281 2821//5281
f 2821//5282 2820//5282 2818//5282
f 2818//5283 2820//5283 2816//5283
f 2822//5284 2823//5284 2824//5284
f 2824//5285 2823//5285 2821//5285
f 2821//5286 2823//5286 2819//5286
f 2825//5287 2826//5287 2827//5287
f 2827//5288 2826//5288 2828//5288
f 2825//5289 2829//5289 2826//5289
f 2826//5290 2829//5290 2824//5290
f 2824//5291 2829//5291 2822//5291
f 2830//5292 2831//5292 2828//5292
f 2828//5293 2831//5293 2832//5293
f 2828//5294 2832//5294 2827//5294
f 2838//5295 2833//5295 2834//5295
f 2834//5296 2833//5296 2835//5296
f 2834//5297 2835//5297 2830//5297
f 2830//5298 2835//5298 2831//5298
f 2837//5299 2836//5299 2838//5299
f 2837//5300 2838//5300 2834//5300
f 2807//5301 2806//5301 2839//5301
f 2807//5302 2839//5302 2837//5302
f 2837//5303 2839//5303 2836//5303
f 2840//5304 2841//5304 2807//5304
f 2807//5305 2841//5305 2842//5305
f 2807//5306 2842//5306 2806//5306
f 2844//5307 2843//5307 2845//5307
f 2844//5308 2845//5308 2840//5308
f 2840//5309 2845//5309 2841//5309
f 2846//5310 2847//5310 2844//5310
f 2844//5311 2847//5311 2843//5311
f 2849//5312 2848//5312 2850//5312
f 2849//5313 2850//5313 2846//5313
f 2846//5314 2850//5314 2847//5314
f 2852//5315 2851//5315 2849//5315
f 2849//5316 2851//5316 2848//5316
f 2853//5317 2854//5317 2855//5317
f 2855//5318 2854//5318 2856//5318
f 2855//5319 2856//5319 2852//5319
f 2852//5320 2856//5320 2851//5320
f 2858//5321 2859//5321 2857//5321
f 2857//5322 2859//5322 2853//5322
f 2857//5323 2853//5323 2855//5323
f 2858//5324 2857//5324 2860//5324
f 2860//5325 2857//5325 2861//5325
f 2860//5326 2861//5326 2862//5326
f 2811//5327 2810//5327 2863//5327
f 2811//5328 2863//5328 2861//5328
f 2861//5329 2863//5329 2862//5329
f 2864//5330 2865//5330 2866//5330
f 2864//5330 2866//5330 2867//5330
f 2868//5330 2869//5330 2866//5330
f 2866//5330 2869//5330 2870//5330
f 2866//5330 2870//5330 2867//5330
f 2871//5330 2872//5330 2866//5330
f 2866//5330 2872//5330 2873//5330
f 2866//5330 2873//5330 2868//5330
f 2874//5330 2875//5330 2866//5330
f 2866//5330 2875//5330 2876//5330
f 2866//5330 2876//5330 2871//5330
f 2866//5330 2877//5330 2878//5330
f 2866//5330 2878//5330 2874//5330
f 2879//5330 2880//5330 2866//5330
f 2866//5330 2880//5330 2881//5330
f 2865//5330 2882//5330 2866//5330
f 2866//5330 2882//5330 2883//5330
f 2866//5330 2883//5330 2879//5330
f 2884//5331 2885//5331 2886//5331
f 2887//5332 2888//5332 2889//5332
f 2892//5333 2893//5333 2894//5333
f 2894//5334 2893//5334 2895//5334
f 2894//5335 2895//5335 2896//5335
f 2897//5336 2898//5336 2899//5336
f 2899//5337 2898//5337 2895//5337
f 2895//5338 2898//5338 2896//5338
f 2901//5339 2900//5339 2899//5339
f 2899//5340 2900//5340 2897//5340
f 2902//5341 2903//5341 2904//5341
f 2903//5342 2905//5342 2904//5342
f 2904//5343 2905//5343 2901//5343
f 2901//5344 2905//5344 2900//5344
f 2910//5345 2906//5345 2907//5345
f 2907//5346 2906//5346 2902//5346
f 2902//5347 2906//5347 2903//5347
f 2909//5348 2908//5348 2910//5348
f 2909//5349 2910//5349 2907//5349
f 2915//5350 2911//5350 2912//5350
f 2912//5351 2911//5351 2909//5351
f 2909//5352 2911//5352 2908//5352
f 2913//5353 2914//5353 2915//5353
f 2913//5354 2915//5354 2912//5354
f 2914//5355 2913//5355 2916//5355
f 2916//5356 2913//5356 2917//5356
f 2921//5357 2918//5357 2919//5357
f 2919//5358 2918//5358 2920//5358
f 2919//5359 2920//5359 2917//5359
f 2917//5360 2920//5360 2916//5360
f 2891//5361 2890//5361 2921//5361
f 2891//5362 2921//5362 2919//5362
f 2889//5363 2888//5363 2891//5363
f 2891//5364 2888//5364 2890//5364
f 2887//5365 2889//5365 2922//5365
f 2887//5366 2922//5366 2923//5366
f 2924//5367 2926//5367 2922//5367
f 2922//5368 2926//5368 2923//5368
f 2925//5369 2926//5369 2924//5369
f 2886//5370 2885//5370 2927//5370
f 2927//5371 2885//5371 2928//5371
f 2927//5372 2928//5372 2929//5372
f 2927//5373 2929//5373 2924//5373
f 2924//5374 2929//5374 2925//5374
f 2931//5375 2930//5375 2886//5375
f 2886//5376 2930//5376 2884//5376
f 2932//5377 2933//5377 2934//5377
f 2934//5378 2933//5378 2931//5378
f 2931//5379 2933//5379 2930//5379
f 2893//5380 2892//5380 2934//5380
f 2934//5381 2892//5381 2932//5381
f 2935//5382 2936//5382 2937//5382
f 2935//5382 2937//5382 2938//5382
f 2939//5382 2940//5382 2937//5382
f 2937//5382 2940//5382 2941//5382
f 2937//5382 2941//5382 2938//5382
f 2942//5382 2943//5382 2937//5382
f 2937//5382 2943//5382 2944//5382
f 2937//5382 2944//5382 2939//5382
f 2945//5382 2946//5382 2937//5382
f 2937//5382 2946//5382 2947//5382
f 2937//5382 2947//5382 2942//5382
f 2948//5382 2949//5382 2937//5382
f 2950//5382 2951//5382 2937//5382
f 2937//5382 2951//5382 2952//5382
f 2937//5382 2952//5382 2948//5382
f 2936//5382 2953//5382 2937//5382
f 2937//5382 2953//5382 2954//5382
f 2937//5382 2954//5382 2950//5382
f 2875//5383 2826//5383 2876//5383
f 2876//5383 2826//5383 2824//5383
f 2876//5384 2824//5384 2871//5384
f 2871//5384 2824//5384 2821//5384
f 2871//5385 2821//5385 2872//5385
f 2872//5385 2821//5385 2818//5385
f 2872//5386 2818//5386 2873//5386
f 2873//5386 2818//5386 2813//5386
f 2873//5387 2813//5387 2868//5387
f 2868//5387 2813//5387 2809//5387
f 2868//5388 2809//5388 2869//5388
f 2869//5388 2809//5388 2811//5388
f 2869//5389 2811//5389 2870//5389
f 2870//5389 2811//5389 2861//5389
f 2870//5390 2861//5390 2867//5390
f 2867//5390 2861//5390 2857//5390
f 2867//5391 2857//5391 2864//5391
f 2864//5391 2857//5391 2855//5391
f 2864//5392 2855//5392 2865//5392
f 2865//5392 2855//5392 2852//5392
f 2865//5393 2852//5393 2882//5393
f 2882//5393 2852//5393 2849//5393
f 2882//5394 2849//5394 2883//5394
f 2883//5394 2849//5394 2846//5394
f 2883//5395 2846//5395 2879//5395
f 2879//5395 2846//5395 2844//5395
f 2879//5396 2844//5396 2880//5396
f 2880//5396 2844//5396 2840//5396
f 2880//5397 2840//5397 2881//5397
f 2881//5397 2840//5397 2807//5397
f 2881//5398 2807//5398 2866//5398
f 2866//5398 2807//5398 2837//5398
f 2866//5399 2837//5399 2877//5399
f 2877//5399 2837//5399 2834//5399
f 2877//5400 2834//5400 2878//5400
f 2878//5400 2834//5400 2830//5400
f 2878//5401 2830//5401 2874//5401
f 2874//5401 2830//5401 2828//5401
f 2874//5402 2828//5402 2875//5402
f 2875//5402 2828//5402 2826//5402
f 2177//5403 2835//5403 2159//5403
f 2159//5404 2835//5404 2833//5404
f 2173//5405 2827//5405 2832//5405
f 2173//5406 2832//5406 2176//5406
f 2176//5407 2832//5407 2831//5407
f 2176//5408 2831//5408 2177//5408
f 2177//5409 2831//5409 2835//5409
f 2178//5410 2829//5410 2172//5410
f 2172//5411 2829//5411 2825//5411
f 2172//5412 2825//5412 2173//5412
f 2173//5413 2825//5413 2827//5413
f 2181//5414 2822//5414 2179//5414
f 2179//5415 2822//5415 2178//5415
f 2178//5416 2822//5416 2829//5416
f 2156//5417 2806//5417 2842//5417
f 2156//5418 2842//5418 2132//5418
f 2132//5419 2842//5419 2841//5419
f 2169//5420 2836//5420 2158//5420
f 2158//5421 2836//5421 2839//5421
f 2158//5422 2839//5422 2806//5422
f 2158//5423 2806//5423 2156//5423
f 2836//5424 2169//5424 2160//5424
f 2836//5425 2160//5425 2838//5425
f 2838//5426 2160//5426 2159//5426
f 2838//5427 2159//5427 2833//5427
f 2181//5428 2823//5428 2822//5428
f 2183//5429 2820//5429 2184//5429
f 2184//5430 2820//5430 2819//5430
f 2184//5431 2819//5431 2181//5431
f 2181//5432 2819//5432 2823//5432
f 2186//5433 2148//5433 2814//5433
f 2814//5434 2817//5434 2186//5434
f 2186//5435 2817//5435 2816//5435
f 2186//5436 2816//5436 2183//5436
f 2183//5437 2816//5437 2820//5437
f 2845//5438 2132//5438 2841//5438
f 2814//5439 2148//5439 2815//5439
f 2815//5440 2148//5440 2144//5440
f 2151//5441 2808//5441 2812//5441
f 2151//5442 2812//5442 2144//5442
f 2144//5443 2812//5443 2815//5443
f 2119//5444 2810//5444 2150//5444
f 2150//5445 2810//5445 2808//5445
f 2150//5446 2808//5446 2151//5446
f 2850//5447 2118//5447 2847//5447
f 2847//5448 2118//5448 2128//5448
f 2847//5449 2128//5449 2843//5449
f 2843//5450 2128//5450 2129//5450
f 2843//5451 2129//5451 2130//5451
f 2132//5452 2845//5452 2130//5452
f 2130//5453 2845//5453 2843//5453
f 2810//5454 2119//5454 2863//5454
f 2863//5455 2119//5455 2862//5455
f 2862//5456 2119//5456 2121//5456
f 2123//5457 2858//5457 2122//5457
f 2122//5458 2858//5458 2860//5458
f 2122//5459 2860//5459 2121//5459
f 2121//5460 2860//5460 2862//5460
f 2106//5461 2853//5461 2859//5461
f 2106//5462 2859//5462 2123//5462
f 2123//5463 2859//5463 2858//5463
f 2109//5464 2856//5464 2110//5464
f 2110//5465 2856//5465 2854//5465
f 2110//5466 2854//5466 2106//5466
f 2106//5467 2854//5467 2853//5467
f 2118//5468 2850//5468 2105//5468
f 2105//5469 2850//5469 2848//5469
f 2105//5470 2848//5470 2111//5470
f 2111//5471 2848//5471 2851//5471
f 2111//5472 2851//5472 2109//5472
f 2109//5473 2851//5473 2856//5473
f 2946//5474 2922//5474 2947//5474
f 2947//5474 2922//5474 2889//5474
f 2947//5475 2889//5475 2942//5475
f 2942//5475 2889//5475 2891//5475
f 2942//5476 2891//5476 2943//5476
f 2943//5476 2891//5476 2919//5476
f 2943//5477 2919//5477 2944//5477
f 2944//5477 2919//5477 2917//5477
f 2944//5478 2917//5478 2939//5478
f 2939//5478 2917//5478 2913//5478
f 2939//5479 2913//5479 2940//5479
f 2940//5479 2913//5479 2912//5479
f 2940//5480 2912//5480 2941//5480
f 2941//5480 2912//5480 2909//5480
f 2941//5481 2909//5481 2938//5481
f 2938//5481 2909//5481 2907//5481
f 2938//5402 2907//5402 2935//5402
f 2935//5402 2907//5402 2902//5402
f 2935//5401 2902//5401 2936//5401
f 2936//5401 2902//5401 2904//5401
f 2936//5482 2904//5482 2953//5482
f 2953//5482 2904//5482 2901//5482
f 2953//5483 2901//5483 2954//5483
f 2954//5483 2901//5483 2899//5483
f 2954//5484 2899//5484 2950//5484
f 2950//5484 2899//5484 2895//5484
f 2950//5485 2895//5485 2951//5485
f 2951//5485 2895//5485 2893//5485
f 2951//5486 2893//5486 2952//5486
f 2952//5486 2893//5486 2934//5486
f 2952//5487 2934//5487 2948//5487
f 2948//5487 2934//5487 2931//5487
f 2948//5488 2931//5488 2949//5488
f 2949//5488 2931//5488 2886//5488
f 2949//5489 2886//5489 2937//5489
f 2937//5489 2886//5489 2927//5489
f 2937//5490 2927//5490 2945//5490
f 2945//5490 2927//5490 2924//5490
f 2945//5491 2924//5491 2946//5491
f 2946//5491 2924//5491 2922//5491
f 2517//5492 2908//5492 2550//5492
f 2908//5493 2911//5493 2550//5493
f 2550//5494 2911//5494 2549//5494
f 2911//5495 2915//5495 2549//5495
f 2549//5496 2915//5496 2546//5496
f 2546//5497 2915//5497 2914//5497
f 2916//5498 2418//5498 2914//5498
f 2914//5499 2418//5499 2546//5499
f 2519//5500 2482//5500 2900//5500
f 2900//5501 2905//5501 2519//5501
f 2519//5502 2905//5502 2518//5502
f 2518//5503 2905//5503 2903//5503
f 2518//5504 2903//5504 2514//5504
f 2514//5505 2903//5505 2906//5505
f 2514//5506 2906//5506 2515//5506
f 2908//5507 2517//5507 2910//5507
f 2910//5508 2517//5508 2515//5508
f 2910//5509 2515//5509 2906//5509
f 2418//5510 2916//5510 2417//5510
f 2916//5511 2920//5511 2417//5511
f 2417//5512 2920//5512 2414//5512
f 2414//5513 2920//5513 2918//5513
f 2890//5514 2363//5514 2921//5514
f 2921//5515 2363//5515 2413//5515
f 2921//5516 2413//5516 2414//5516
f 2921//5517 2414//5517 2918//5517
f 2400//5518 2892//5518 2480//5518
f 2480//5519 2892//5519 2894//5519
f 2894//5520 2896//5520 2480//5520
f 2480//5521 2896//5521 2486//5521
f 2486//5522 2896//5522 2487//5522
f 2487//5523 2896//5523 2898//5523
f 2487//5524 2898//5524 2485//5524
f 2485//5525 2898//5525 2897//5525
f 2485//5526 2897//5526 2482//5526
f 2900//5527 2482//5527 2897//5527
f 2926//5528 2356//5528 2923//5528
f 2923//5529 2356//5529 2361//5529
f 2363//5530 2890//5530 2362//5530
f 2362//5531 2890//5531 2888//5531
f 2362//5532 2888//5532 2360//5532
f 2360//5533 2888//5533 2887//5533
f 2360//5534 2887//5534 2361//5534
f 2361//5535 2887//5535 2923//5535
f 2356//5536 2926//5536 2925//5536
f 2356//5537 2925//5537 2357//5537
f 2884//5538 2353//5538 2352//5538
f 2884//5539 2352//5539 2885//5539
f 2885//5540 2352//5540 2928//5540
f 2928//5541 2352//5541 2355//5541
f 2928//5542 2355//5542 2929//5542
f 2929//5543 2355//5543 2357//5543
f 2929//5544 2357//5544 2925//5544
f 2405//5545 2353//5545 2884//5545
f 2884//5546 2930//5546 2405//5546
f 2405//5547 2930//5547 2404//5547
f 2404//5548 2930//5548 2933//5548
f 2404//5549 2933//5549 2402//5549
f 2892//5550 2400//5550 2932//5550
f 2932//5551 2400//5551 2402//5551
f 2932//5552 2402//5552 2933//5552
f 1989//5553 1986//5553 1978//5553
f 1978//5553 1986//5553 1970//5553
f 1978//5553 1999//5553 1998//5553
f 1957//5553 1959//5553 1961//5553
f 1961//5553 1959//5553 1956//5553
f 1974//5553 1972//5553 1965//5553
f 1965//5553 1972//5553 1970//5553
f 1965//5553 1970//5553 1956//5553
f 1956//5553 1970//5553 1986//5553
f 1956//5553 1986//5553 1961//5553
f 2011//5553 2007//5553 2012//5553
f 2012//5553 2007//5553 2005//5553
f 2012//5553 2005//5553 2014//5553
f 2014//5553 2005//5553 2004//5553
f 2014//5553 2004//5553 1978//5553
f 1978//5553 2004//5553 2002//5553
f 1978//5553 2002//5553 1999//5553
f 1998//5553 1996//5553 1978//5553
f 1978//5553 1996//5553 1993//5553
f 1978//5553 1993//5553 1983//5553
f 1983//5553 1985//5553 1978//5553
f 1978//5553 1985//5553 1990//5553
f 1978//5553 1990//5553 1989//5553
f 2955//5554 2956//5554 2277//5554
f 2277//5555 2956//5555 2260//5555
f 2260//5556 2956//5556 2262//5556
f 2274//5557 2957//5557 2958//5557
f 2274//5558 2958//5558 2275//5558
f 2275//5559 2958//5559 2959//5559
f 2275//5560 2959//5560 2277//5560
f 2277//5561 2959//5561 2955//5561
f 2271//5562 2270//5562 2972//5562
f 2972//5563 2960//5563 2271//5563
f 2271//5564 2960//5564 2961//5564
f 2271//5565 2961//5565 2274//5565
f 2274//5566 2961//5566 2975//5566
f 2274//5567 2975//5567 2957//5567
f 2962//5568 2963//5568 2272//5568
f 2272//5569 2963//5569 2266//5569
f 2962//5570 2272//5570 2964//5570
f 2964//5571 2272//5571 2280//5571
f 2964//5572 2280//5572 2965//5572
f 2273//5573 2966//5573 2967//5573
f 2273//5574 2967//5574 2280//5574
f 2280//5575 2967//5575 2965//5575
f 2966//5576 2273//5576 2983//5576
f 2983//5577 2273//5577 2263//5577
f 2983//5578 2263//5578 2265//5578
f 2727//5579 2267//5579 2968//5579
f 2968//5580 2267//5580 2266//5580
f 2968//5581 2266//5581 2969//5581
f 2969//5582 2266//5582 2963//5582
f 2638//5583 2970//5583 2971//5583
f 2971//5584 2970//5584 2658//5584
f 2706//5585 2638//5585 2971//5585
f 2638//5586 2644//5586 2973//5586
f 2972//5587 2658//5587 2970//5587
f 2972//5588 2970//5588 2973//5588
f 2973//5589 2970//5589 2638//5589
f 2974//5590 2975//5590 2961//5590
f 2974//5591 2643//5591 2975//5591
f 2644//5592 2643//5592 2976//5592
f 2976//5593 2643//5593 2974//5593
f 2976//5594 2974//5594 2960//5594
f 2960//5595 2974//5595 2961//5595
f 2973//5596 2644//5596 2976//5596
f 2973//5597 2976//5597 2972//5597
f 2972//5598 2976//5598 2960//5598
f 2957//5599 2975//5599 2645//5599
f 2645//5600 2975//5600 2643//5600
f 2262//5601 2956//5601 2977//5601
f 2977//5602 2956//5602 2955//5602
f 2653//5603 2262//5603 2977//5603
f 2977//5604 2955//5604 2654//5604
f 2654//5605 2955//5605 2959//5605
f 2654//5606 2959//5606 2958//5606
f 2654//5607 2958//5607 2645//5607
f 2645//5608 2958//5608 2957//5608
f 2261//5609 2262//5609 2655//5609
f 2655//5610 2262//5610 2653//5610
f 2978//5611 2261//5611 2655//5611
f 2259//5612 2261//5612 2979//5612
f 2979//5613 2261//5613 2978//5613
f 2264//5614 2259//5614 2979//5614
f 2264//5615 2979//5615 2651//5615
f 2651//5616 2979//5616 2650//5616
f 2265//5617 2264//5617 2980//5617
f 2980//5618 2264//5618 2651//5618
f 2980//5619 2651//5619 2648//5619
f 2647//5620 2980//5620 2648//5620
f 2265//5621 2980//5621 2649//5621
f 2649//5622 2980//5622 2647//5622
f 2981//5623 2962//5623 2964//5623
f 2981//5624 2964//5624 2965//5624
f 2965//5625 2967//5625 2982//5625
f 2982//5626 2967//5626 2966//5626
f 2637//5627 2981//5627 2965//5627
f 2637//5628 2965//5628 2646//5628
f 2646//5629 2965//5629 2982//5629
f 2982//5630 2966//5630 2649//5630
f 2983//5631 2649//5631 2966//5631
f 2649//5632 2983//5632 2265//5632
f 2637//5633 2629//5633 2981//5633
f 2981//5634 2629//5634 2984//5634
f 2981//5635 2984//5635 2962//5635
f 2962//5636 2984//5636 2963//5636
f 2985//5637 2632//5637 2986//5637
f 2985//5638 2986//5638 2968//5638
f 2968//5639 2986//5639 2727//5639
f 2629//5640 2632//5640 2987//5640
f 2987//5641 2632//5641 2985//5641
f 2987//5642 2985//5642 2969//5642
f 2969//5643 2985//5643 2968//5643
f 2984//5644 2629//5644 2987//5644
f 2984//5645 2987//5645 2963//5645
f 2963//5646 2987//5646 2969//5646
f 2723//5647 2727//5647 2988//5647
f 2988//5648 2727//5648 2986//5648
f 2632//5649 2631//5649 2988//5649
f 2632//5650 2988//5650 2986//5650
f 2723//5651 2988//5651 2788//5651
f 2788//5652 2988//5652 2989//5652
f 2989//5653 2988//5653 2631//5653
f 2994//5654 2993//5654 2995//5654
f 2994//5655 2995//5655 2996//5655
f 2996//5656 2995//5656 2997//5656
f 2996//5657 2997//5657 2998//5657
f 2998//5658 2997//5658 2999//5658
f 2998//5659 2999//5659 3000//5659
f 3000//5660 2999//5660 3001//5660
f 3001//5661 2999//5661 3031//5661
f 3002//5662 2990//5662 2991//5662
f 3002//5663 2991//5663 3003//5663
f 3003//5664 2991//5664 2992//5664
f 3003//5665 2992//5665 2993//5665
f 3003//5666 2993//5666 2994//5666
f 3004//5667 3002//5667 3005//5667
f 3005//5668 3002//5668 3003//5668
f 3005//5669 3003//5669 3006//5669
f 3006//5670 3003//5670 2994//5670
f 3006//5671 2994//5671 2996//5671
f 3006//5672 2996//5672 3007//5672
f 3007//5673 2996//5673 2998//5673
f 3007//5674 2998//5674 3000//5674
f 3007//5675 3000//5675 3008//5675
f 3008//5676 3000//5676 3001//5676
f 3009//5677 3004//5677 3010//5677
f 3010//5678 3004//5678 3005//5678
f 3010//5679 3005//5679 3011//5679
f 3011//5680 3005//5680 3006//5680
f 3011//5681 3006//5681 3012//5681
f 3012//5682 3006//5682 3007//5682
f 3012//5683 3007//5683 3013//5683
f 3013//5684 3007//5684 3008//5684
f 3014//5685 3015//5685 3016//5685
f 3014//5686 3016//5686 3017//5686
f 3017//5687 3016//5687 3018//5687
f 3017//5688 3018//5688 3019//5688
f 3019//5689 3018//5689 3020//5689
f 3019//5690 3020//5690 3021//5690
f 3021//5691 3020//5691 3022//5691
f 3021//5692 3022//5692 3023//5692
f 3023//5693 3022//5693 3024//5693
f 3025//5694 3014//5694 3026//5694
f 3026//5695 3014//5695 3027//5695
f 3027//5696 3014//5696 3017//5696
f 3027//5697 3017//5697 3028//5697
f 3028//5698 3017//5698 3029//5698
f 3029//5699 3017//5699 3019//5699
f 3029//5700 3019//5700 3030//5700
f 3030//5701 3019//5701 3021//5701
f 3030//5702 3021//5702 3031//5702
f 3031//5703 3021//5703 3023//5703
f 2995//5704 3028//5704 3029//5704
f 2995//5705 3029//5705 2997//5705
f 2997//5706 3029//5706 2999//5706
f 2999//5707 3029//5707 3030//5707
f 2999//5708 3030//5708 3031//5708
f 2990//5709 3025//5709 2991//5709
f 2991//5710 3025//5710 3026//5710
f 2991//5711 3026//5711 2992//5711
f 2992//5712 3026//5712 3027//5712
f 2992//5713 3027//5713 2993//5713
f 2993//5713 3027//5713 3028//5713
f 2993//5714 3028//5714 2995//5714
f 3023//5715 3024//5715 3034//5715
f 3034//5716 3024//5716 3035//5716
f 3034//5717 3035//5717 3036//5717
f 3036//5718 3035//5718 3037//5718
f 3036//5719 3037//5719 3038//5719
f 3038//5720 3037//5720 3039//5720
f 3038//5721 3039//5721 3032//5721
f 3032//5722 3039//5722 3040//5722
f 3031//5723 3023//5723 3034//5723
f 3041//5724 3031//5724 3034//5724
f 3041//5725 3034//5725 3033//5725
f 3033//5726 3034//5726 3036//5726
f 3033//5727 3036//5727 3038//5727
f 3033//5728 3038//5728 3032//5728
f 3001//5729 3031//5729 3041//5729
f 3042//5730 3044//5730 3043//5730
f 3043//5731 3044//5731 3045//5731
f 3043//5732 3045//5732 3046//5732
f 3046//5733 3045//5733 3047//5733
f 3008//5734 3048//5734 3049//5734
f 3049//5735 3048//5735 3046//5735
f 3032//5736 3042//5736 3033//5736
f 3033//5737 3042//5737 3043//5737
f 3033//5738 3043//5738 3046//5738
f 3033//5739 3046//5739 3041//5739
f 3041//5740 3046//5740 3048//5740
f 3041//5741 3048//5741 3001//5741
f 3001//5742 3048//5742 3008//5742
f 3013//5743 3008//5743 3047//5743
f 3047//5744 3008//5744 3049//5744
f 3047//5745 3049//5745 3046//5745
f 3069//5746 3052//5746 3053//5746
f 3053//5747 3052//5747 3054//5747
f 3051//5748 3058//5748 3054//5748
f 3054//5749 3058//5749 3053//5749
f 3056//5750 3057//5750 3055//5750
f 3055//5751 3057//5751 3058//5751
f 3055//5752 3050//5752 3059//5752
f 3050//5753 3055//5753 3051//5753
f 3051//5754 3055//5754 3058//5754
f 3052//5755 3013//5755 3054//5755
f 3054//5756 3013//5756 3047//5756
f 3054//5757 3047//5757 3051//5757
f 3051//5758 3047//5758 3045//5758
f 3051//5759 3045//5759 3050//5759
f 3050//5760 3045//5760 3044//5760
f 3063//5761 3062//5761 3060//5761
f 3062//5762 3063//5762 3064//5762
f 3062//5763 3064//5763 3065//5763
f 3065//5764 3064//5764 3066//5764
f 3065//5765 3066//5765 3067//5765
f 3067//5766 3066//5766 3068//5766
f 3067//5767 3068//5767 3069//5767
f 3069//5768 3068//5768 3052//5768
f 3061//5769 3009//5769 3060//5769
f 3060//5770 3009//5770 3063//5770
f 3063//5771 3009//5771 3010//5771
f 3063//5772 3010//5772 3064//5772
f 3064//5773 3010//5773 3011//5773
f 3064//5774 3011//5774 3066//5774
f 3066//5775 3011//5775 3012//5775
f 3066//5776 3012//5776 3068//5776
f 3068//5777 3012//5777 3052//5777
f 3052//5778 3012//5778 3013//5778
f 3009//5779 3061//5779 3070//5779
f 3071//5780 3072//5780 3073//5780
f 3078//5781 3079//5781 3070//5781
f 3074//5782 3075//5782 3071//5782
f 3079//5783 3078//5783 3077//5783
f 3079//5784 3077//5784 3073//5784
f 3073//5785 3077//5785 3076//5785
f 3073//5786 3076//5786 3071//5786
f 3071//5787 3076//5787 3074//5787
f 3073//5788 3072//5788 3080//5788
f 3080//5789 2990//5789 3002//5789
f 3080//5790 3002//5790 3073//5790
f 3073//5791 3002//5791 3004//5791
f 3073//5792 3004//5792 3079//5792
f 3079//5793 3004//5793 3009//5793
f 3079//5794 3009//5794 3070//5794
f 3083//5795 3082//5795 3084//5795
f 3085//5796 3082//5796 3086//5796
f 3071//5797 3075//5797 3086//5797
f 3086//5798 3075//5798 3085//5798
f 3083//5799 3084//5799 3081//5799
f 3083//5800 3081//5800 3015//5800
f 3083//5801 3015//5801 3014//5801
f 3072//5802 3088//5802 3080//5802
f 3080//5803 3088//5803 3087//5803
f 3080//5804 3087//5804 2990//5804
f 2990//5805 3087//5805 3025//5805
f 3014//5806 3025//5806 3083//5806
f 3083//5807 3025//5807 3087//5807
f 3083//5808 3087//5808 3088//5808
f 3083//5809 3088//5809 3082//5809
f 3082//5810 3088//5810 3086//5810
f 3086//5811 3088//5811 3072//5811
f 3086//5812 3072//5812 3071//5812
f 3081//5813 3089//5813 3015//5813
f 3015//5814 3089//5814 3090//5814
f 3091//5815 3092//5815 3093//5815
f 3094//5816 3095//5816 3096//5816
f 3094//5817 3096//5817 3097//5817
f 3097//5818 3096//5818 3098//5818
f 3097//5819 3098//5819 3099//5819
f 3099//5820 3098//5820 3093//5820
f 3099//5821 3093//5821 3092//5821
f 3093//5822 3090//5822 3091//5822
f 3015//5823 3090//5823 3016//5823
f 3016//5824 3090//5824 3093//5824
f 3016//5825 3093//5825 3018//5825
f 3018//5826 3093//5826 3098//5826
f 3018//5827 3098//5827 3020//5827
f 3020//5828 3098//5828 3022//5828
f 3022//5829 3098//5829 3096//5829
f 3022//5830 3096//5830 3024//5830
f 3024//5831 3096//5831 3095//5831
f 3100//5832 3101//5832 3104//5832
f 3102//5833 3103//5833 3100//5833
f 3104//5834 3105//5834 3102//5834
f 3100//5835 3104//5835 3102//5835
f 3101//5836 3100//5836 3106//5836
f 3101//5837 3106//5837 3107//5837
f 3107//5838 3106//5838 3108//5838
f 3107//5839 3108//5839 3095//5839
f 3107//5840 3095//5840 3094//5840
f 3024//5841 3095//5841 3035//5841
f 3035//5842 3095//5842 3108//5842
f 3035//5843 3108//5843 3037//5843
f 3037//5844 3108//5844 3106//5844
f 3037//5845 3106//5845 3039//5845
f 3039//5846 3106//5846 3100//5846
f 3039//5847 3100//5847 3040//5847
f 3040//5848 3100//5848 3103//5848
f 3109//5849 3104//5849 3101//5849
f 3109//5850 3101//5850 3110//5850
f 3110//5851 3101//5851 3107//5851
f 3110//5852 3107//5852 3094//5852
f 3069//5853 3111//5853 3112//5853
f 3069//5854 3112//5854 3067//5854
f 3113//5855 3065//5855 3067//5855
f 3113//5856 3067//5856 3112//5856
f 3065//5857 3113//5857 3114//5857
f 3115//5858 3062//5858 3114//5858
f 3114//5859 3062//5859 3065//5859
f 3061//5860 3116//5860 3117//5860
f 3116//5861 3061//5861 3060//5861
f 3116//5862 3060//5862 3115//5862
f 3115//5863 3060//5863 3062//5863
f 3070//5864 3118//5864 3078//5864
f 3078//5865 3118//5865 3119//5865
f 3118//5866 3070//5866 3117//5866
f 3117//5867 3070//5867 3061//5867
f 3077//5868 3120//5868 3076//5868
f 3076//5869 3120//5869 3121//5869
f 3120//5870 3077//5870 3119//5870
f 3119//5871 3077//5871 3078//5871
f 3122//5872 3074//5872 3121//5872
f 3121//5873 3074//5873 3076//5873
f 3123//5874 3075//5874 3122//5874
f 3122//5875 3075//5875 3074//5875
f 3124//5876 3085//5876 3075//5876
f 3124//5877 3075//5877 3123//5877
f 3125//5878 3082//5878 3124//5878
f 3124//5879 3082//5879 3085//5879
f 3082//5880 3125//5880 3084//5880
f 3084//5881 3125//5881 3126//5881
f 3084//5882 3126//5882 3127//5882
f 3084//5883 3127//5883 3081//5883
f 3128//5884 3089//5884 3081//5884
f 3128//5885 3081//5885 3127//5885
f 3089//5886 3128//5886 3129//5886
f 3089//5887 3129//5887 3090//5887
f 3130//5888 3091//5888 3090//5888
f 3130//5889 3090//5889 3129//5889
f 3091//5890 3130//5890 3092//5890
f 3092//5891 3130//5891 3131//5891
f 3132//5892 3099//5892 3131//5892
f 3131//5893 3099//5893 3092//5893
f 3133//5894 3097//5894 3099//5894
f 3133//5895 3099//5895 3132//5895
f 3097//5896 3133//5896 3110//5896
f 3097//5897 3110//5897 3094//5897
f 3057//5898 3134//5898 3058//5898
f 3111//2035 3053//2035 3134//2035
f 3134//2035 3053//2035 3058//2035
f 3069//5027 3053//5027 3111//5027
f 3044//5899 3135//5899 3136//5899
f 3044//5900 3136//5900 3050//5900
f 3050//5901 3136//5901 3137//5901
f 3050//5902 3137//5902 3059//5902
f 3138//5903 3055//5903 3137//5903
f 3137//5904 3055//5904 3059//5904
f 3139//5905 3134//5905 3057//5905
f 3139//5906 3057//5906 3056//5906
f 3139//5907 3056//5907 3138//5907
f 3138//5908 3056//5908 3055//5908
f 3042//5909 3135//5909 3044//5909
f 3135//1 3042//1 3140//1
f 3140//1 3042//1 3032//1
f 3140//5910 3032//5910 3040//5910
f 3141//5911 3105//5911 3104//5911
f 3141//5912 3104//5912 3109//5912
f 3105//5913 3141//5913 3142//5913
f 3105//5914 3142//5914 3102//5914
f 3102//5915 3142//5915 3143//5915
f 3102//5916 3143//5916 3103//5916
f 3103//5917 3143//5917 3144//5917
f 3103//5918 3144//5918 3040//5918
f 3040//5919 3144//5919 3140//5919
f 3109//4137 3110//4137 3111//4137
f 3135//4137 3111//4137 3134//4137
f 3123//4137 3122//4137 3111//4137
f 3139//4137 3138//4137 3137//4137
f 3139//4137 3137//4137 3134//4137
f 3134//4137 3137//4137 3136//4137
f 3134//4137 3136//4137 3135//4137
f 3111//4137 3135//4137 3109//4137
f 3109//4137 3135//4137 3140//4137
f 3109//4137 3140//4137 3144//4137
f 3144//4137 3143//4137 3109//4137
f 3109//4137 3143//4137 3142//4137
f 3109//4137 3142//4137 3141//4137
f 3122//4137 3121//4137 3111//4137
f 3111//4137 3121//4137 3120//4137
f 3111//4137 3120//4137 3112//4137
f 3112//4137 3120//4137 3119//4137
f 3112//4137 3119//4137 3113//4137
f 3113//4137 3119//4137 3118//4137
f 3113//4137 3118//4137 3114//4137
f 3114//4137 3118//4137 3115//4137
f 3115//4137 3118//4137 3117//4137
f 3115//4137 3117//4137 3116//4137
f 3123//4137 3111//4137 3124//4137
f 3124//4137 3111//4137 3110//4137
f 3124//4137 3110//4137 3125//4137
f 3125//4137 3110//4137 3133//4137
f 3125//4137 3133//4137 3126//4137
f 3126//4137 3133//4137 3132//4137
f 3126//4137 3132//4137 3127//4137
f 3127//4137 3132//4137 3131//4137
f 3127//4137 3131//4137 3128//4137
f 3128//4137 3131//4137 3130//4137
f 3128//4137 3130//4137 3129//4137
f 3152//5920 3151//5920 3154//5920
f 3154//5921 3151//5921 3153//5921
f 3156//5922 3155//5922 3157//5922
f 3157//5923 3155//5923 3158//5923
f 3157//5924 3158//5924 3152//5924
f 3152//5925 3158//5925 3151//5925
f 3150//5926 3149//5926 3159//5926
f 3159//5927 3149//5927 3160//5927
f 3159//5928 3160//5928 3156//5928
f 3156//5929 3160//5929 3155//5929
f 3148//5930 3147//5930 3150//5930
f 3150//5931 3147//5931 3149//5931
f 3146//5932 3145//5932 3148//5932
f 3148//5933 3145//5933 3147//5933
f 3161//5934 3162//5934 3146//5934
f 3146//5935 3162//5935 3145//5935
f 3164//5936 3163//5936 3161//5936
f 3161//5937 3163//5937 3162//5937
f 3163//5938 3164//5938 3165//5938
f 3165//5939 3164//5939 3166//5939
f 3167//5940 3168//5940 3166//5940
f 3166//5941 3168//5941 3165//5941
f 3168//5942 3167//5942 3169//5942
f 3169//5943 3167//5943 3170//5943
f 3169//5944 3170//5944 3171//5944
f 3172//5945 3173//5945 3170//5945
f 3170//5946 3173//5946 3171//5946
f 3173//5947 3172//5947 3174//5947
f 3173//5948 3174//5948 3177//5948
f 3176//5949 3175//5949 3177//5949
f 3176//5950 3177//5950 3174//5950
f 3175//5951 3176//5951 3178//5951
f 3175//5952 3178//5952 3179//5952
f 3181//5953 3180//5953 3179//5953
f 3181//5954 3179//5954 3178//5954
f 3182//5955 3183//5955 3181//5955
f 3181//5956 3183//5956 3180//5956
f 3185//5957 3184//5957 3183//5957
f 3185//5958 3183//5958 3182//5958
f 3187//5959 3186//5959 3184//5959
f 3187//5960 3184//5960 3185//5960
f 3186//5961 3187//5961 3188//5961
f 3186//5962 3188//5962 3189//5962
f 3189//5963 3188//5963 3192//5963
f 3190//5964 3198//5964 3191//5964
f 3190//5965 3191//5965 3188//5965
f 3191//5966 3192//5966 3188//5966
f 3193//5967 3194//5967 3195//5967
f 3196//5968 3190//5968 3197//5968
f 3196//5969 3198//5969 3190//5969
f 3195//5970 3194//5970 3197//5970
f 3197//5971 3194//5971 3196//5971
f 3199//5972 3200//5972 3201//5972
f 3200//5973 3202//5973 3201//5973
f 3201//5974 3202//5974 3195//5974
f 3195//5975 3202//5975 3193//5975
f 3200//5976 3199//5976 3204//5976
f 3204//5977 3199//5977 3203//5977
f 3208//5978 3204//5978 3205//5978
f 3205//5979 3204//5979 3203//5979
f 3207//5980 3206//5980 3208//5980
f 3207//5981 3208//5981 3205//5981
f 3206//5982 3207//5982 3209//5982
f 3209//5983 3207//5983 3210//5983
f 3212//5984 3211//5984 3213//5984
f 3212//5985 3213//5985 3210//5985
f 3210//5986 3213//5986 3209//5986
f 3154//2035 3214//2035 3212//2035
f 3212//5987 3214//5987 3211//5987
f 3153//5988 3214//5988 3154//5988
f 3152//4137 3154//4137 3166//4137
f 3203//4137 3199//4137 3212//4137
f 3212//4137 3199//4137 3154//4137
f 3199//4137 3201//4137 3195//4137
f 3166//4137 3154//4137 3167//4137
f 3167//4137 3154//4137 3188//4137
f 3188//4137 3154//4137 3199//4137
f 3188//4137 3199//4137 3190//4137
f 3190//4137 3199//4137 3195//4137
f 3190//4137 3195//4137 3197//4137
f 3210//4137 3207//4137 3212//4137
f 3212//4137 3207//4137 3205//4137
f 3212//4137 3205//4137 3203//4137
f 3174//4137 3172//4137 3188//4137
f 3188//4137 3172//4137 3170//4137
f 3188//4137 3170//4137 3167//4137
f 3166//4137 3164//4137 3152//4137
f 3152//4137 3164//4137 3161//4137
f 3152//4137 3161//4137 3157//4137
f 3157//4137 3161//4137 3146//4137
f 3157//4137 3146//4137 3156//4137
f 3156//4137 3146//4137 3148//4137
f 3156//4137 3148//4137 3159//4137
f 3159//4137 3148//4137 3150//4137
f 3188//4137 3187//4137 3174//4137
f 3174//4137 3187//4137 3185//4137
f 3174//4137 3185//4137 3176//4137
f 3176//4137 3185//4137 3182//4137
f 3176//4137 3182//4137 3178//4137
f 3178//4137 3182//4137 3181//4137
f 3217//5989 3218//5989 3219//5989
f 3216//5990 3221//5990 3220//5990
f 3221//5991 3216//5991 3219//5991
f 3219//5992 3216//5992 3215//5992
f 3219//5993 3215//5993 3217//5993
f 3223//5994 3222//5994 3220//5994
f 3220//5995 3222//5995 3216//5995
f 3223//5996 3225//5996 3226//5996
f 3223//5997 3226//5997 3222//5997
f 3224//5998 3227//5998 3228//5998
f 3228//5999 3229//5999 3224//5999
f 3224//6000 3229//6000 3223//6000
f 3223//6001 3229//6001 3225//6001
f 3228//6002 3227//6002 3230//6002
f 3234//6003 3233//6003 3235//6003
f 3231//6004 3234//6004 3235//6004
f 3239//6005 3236//6005 3237//6005
f 3237//6006 3236//6006 3235//6006
f 3235//6007 3236//6007 3232//6007
f 3235//6008 3232//6008 3231//6008
f 3217//6009 3238//6009 3218//6009
f 3218//6010 3238//6010 3239//6010
f 3239//6011 3238//6011 3240//6011
f 3239//6012 3240//6012 3236//6012
f 3235//6013 3242//6013 3243//6013
f 3235//6014 3243//6014 3237//6014
f 3241//6015 3211//6015 3214//6015
f 3241//6016 3214//6016 3244//6016
f 3242//6017 3241//6017 3243//6017
f 3243//6018 3241//6018 3244//6018
f 3243//6019 3244//6019 3245//6019
f 3245//6020 3237//6020 3243//6020
f 3246//6021 3204//6021 3248//6021
f 3248//6022 3204//6022 3208//6022
f 3248//6023 3208//6023 3249//6023
f 3249//6024 3208//6024 3206//6024
f 3249//6025 3206//6025 3250//6025
f 3206//6026 3209//6026 3250//6026
f 3250//6027 3209//6027 3213//6027
f 3250//6028 3213//6028 3251//6028
f 3251//6029 3213//6029 3211//6029
f 3251//6030 3211//6030 3241//6030
f 3247//6031 3246//6031 3248//6031
f 3247//6032 3248//6032 3249//6032
f 3247//6033 3249//6033 3252//6033
f 3252//6034 3249//6034 3250//6034
f 3252//6035 3250//6035 3253//6035
f 3253//6036 3250//6036 3251//6036
f 3253//6037 3251//6037 3242//6037
f 3242//6038 3251//6038 3241//6038
f 3234//6039 3247//6039 3252//6039
f 3234//6040 3252//6040 3233//6040
f 3233//6041 3252//6041 3253//6041
f 3233//6042 3253//6042 3242//6042
f 3233//6043 3242//6043 3235//6043
f 3218//6044 3239//6044 3254//6044
f 3239//6045 3237//6045 3245//6045
f 3254//6046 3239//6046 3245//6046
f 3254//6047 3245//6047 3255//6047
f 3255//6048 3245//6048 3244//6048
f 3255//6049 3244//6049 3214//6049
f 3219//6050 3218//6050 3256//6050
f 3256//6051 3218//6051 3254//6051
f 3256//6052 3254//6052 3257//6052
f 3257//6053 3254//6053 3255//6053
f 3257//6054 3255//6054 3153//6054
f 3153//6055 3255//6055 3214//6055
f 3200//6056 3204//6056 3246//6056
f 3200//6057 3246//6057 3306//6057
f 3306//6058 3246//6058 3247//6058
f 3306//6059 3247//6059 3309//6059
f 3309//6060 3247//6060 3234//6060
f 3309//6061 3234//6061 3231//6061
f 3259//6062 3219//6062 3256//6062
f 3151//6063 3260//6063 3153//6063
f 3153//6064 3260//6064 3257//6064
f 3221//6065 3219//6065 3259//6065
f 3260//6066 3151//6066 3158//6066
f 3260//6067 3158//6067 3261//6067
f 3158//6068 3155//6068 3261//6068
f 3221//6069 3259//6069 3262//6069
f 3221//6070 3262//6070 3263//6070
f 3263//6071 3220//6071 3221//6071
f 3261//6072 3155//6072 3160//6072
f 3261//6073 3160//6073 3264//6073
f 3264//6074 3160//6074 3149//6074
f 3264//6075 3149//6075 3265//6075
f 3265//6076 3149//6076 3147//6076
f 3265//6077 3147//6077 3266//6077
f 3266//6078 3147//6078 3145//6078
f 3266//6079 3145//6079 3267//6079
f 3267//6080 3145//6080 3162//6080
f 3267//6081 3162//6081 3268//6081
f 3268//6082 3162//6082 3163//6082
f 3268//6083 3163//6083 3269//6083
f 3269//6084 3163//6084 3165//6084
f 3269//6085 3165//6085 3270//6085
f 3270//6086 3165//6086 3168//6086
f 3270//6087 3168//6087 3271//6087
f 3168//6088 3169//6088 3271//6088
f 3271//6089 3169//6089 3272//6089
f 3272//6090 3169//6090 3171//6090
f 3272//6091 3171//6091 3173//6091
f 3272//6092 3173//6092 3273//6092
f 3273//6093 3173//6093 3177//6093
f 3273//6094 3177//6094 3274//6094
f 3274//6095 3177//6095 3175//6095
f 3274//6096 3175//6096 3275//6096
f 3275//6097 3175//6097 3179//6097
f 3275//6098 3179//6098 3276//6098
f 3276//6099 3179//6099 3180//6099
f 3276//6100 3180//6100 3277//6100
f 3277//6101 3180//6101 3278//6101
f 3180//6102 3183//6102 3278//6102
f 3263//6103 3279//6103 3220//6103
f 3220//6104 3279//6104 3223//6104
f 3223//6105 3279//6105 3280//6105
f 3223//6106 3280//6106 3281//6106
f 3223//6107 3281//6107 3224//6107
f 3224//6108 3281//6108 3282//6108
f 3224//6109 3282//6109 3283//6109
f 3224//6110 3283//6110 3227//6110
f 3227//6111 3283//6111 3284//6111
f 3227//6112 3284//6112 3285//6112
f 3227//6113 3285//6113 3286//6113
f 3227//6114 3286//6114 3230//6114
f 3230//6115 3286//6115 3287//6115
f 3230//6116 3287//6116 3228//6116
f 3228//6117 3287//6117 3288//6117
f 3228//6118 3288//6118 3289//6118
f 3228//6119 3289//6119 3229//6119
f 3229//6120 3289//6120 3290//6120
f 3229//6121 3290//6121 3291//6121
f 3229//6122 3291//6122 3225//6122
f 3225//6123 3291//6123 3292//6123
f 3225//6124 3292//6124 3226//6124
f 3226//6125 3292//6125 3293//6125
f 3278//6126 3183//6126 3184//6126
f 3278//6127 3184//6127 3294//6127
f 3294//6128 3184//6128 3295//6128
f 3295//6129 3184//6129 3186//6129
f 3295//6130 3186//6130 3258//6130
f 3258//6131 3186//6131 3189//6131
f 3256//6132 3257//6132 3259//6132
f 3259//6133 3257//6133 3260//6133
f 3259//6134 3260//6134 3262//6134
f 3262//6135 3260//6135 3261//6135
f 3262//6136 3261//6136 3263//6136
f 3263//6137 3261//6137 3264//6137
f 3263//6138 3264//6138 3279//6138
f 3279//6139 3264//6139 3265//6139
f 3279//6140 3265//6140 3280//6140
f 3280//6141 3265//6141 3266//6141
f 3280//6142 3266//6142 3281//6142
f 3281//6143 3266//6143 3267//6143
f 3281//6144 3267//6144 3282//6144
f 3282//6145 3267//6145 3268//6145
f 3282//6146 3268//6146 3283//6146
f 3283//6147 3268//6147 3269//6147
f 3283//6148 3269//6148 3284//6148
f 3284//6149 3269//6149 3270//6149
f 3284//6150 3270//6150 3285//6150
f 3285//6151 3270//6151 3271//6151
f 3285//6152 3271//6152 3286//6152
f 3286//6153 3271//6153 3272//6153
f 3286//6154 3272//6154 3287//6154
f 3287//6155 3272//6155 3273//6155
f 3287//6156 3273//6156 3288//6156
f 3288//6157 3273//6157 3274//6157
f 3288//6158 3274//6158 3289//6158
f 3289//6159 3274//6159 3275//6159
f 3289//6160 3275//6160 3290//6160
f 3290//6161 3275//6161 3276//6161
f 3290//6162 3276//6162 3291//6162
f 3291//6163 3276//6163 3277//6163
f 3291//6164 3277//6164 3292//6164
f 3292//6165 3277//6165 3278//6165
f 3292//6166 3278//6166 3293//6166
f 3293//6167 3278//6167 3294//6167
f 3293//6168 3294//6168 3296//6168
f 3296//6169 3294//6169 3295//6169
f 3296//6170 3295//6170 3297//6170
f 3297//6171 3295//6171 3258//6171
f 3297//6172 3258//6172 3298//6172
f 3298//6173 3216//6173 3297//6173
f 3297//6174 3216//6174 3222//6174
f 3297//6175 3222//6175 3296//6175
f 3296//6176 3222//6176 3293//6176
f 3293//6177 3222//6177 3226//6177
f 3298//6178 3215//6178 3216//6178
f 3299//6179 3298//6179 3300//6179
f 3192//6180 3300//6180 3189//6180
f 3258//6181 3189//6181 3300//6181
f 3258//6182 3300//6182 3298//6182
f 3215//6183 3298//6183 3299//6183
f 3215//6184 3299//6184 3217//6184
f 3301//6185 3198//6185 3303//6185
f 3303//6186 3198//6186 3196//6186
f 3303//6187 3196//6187 3304//6187
f 3304//6188 3196//6188 3194//6188
f 3304//6189 3194//6189 3305//6189
f 3194//6190 3193//6190 3305//6190
f 3305//6191 3193//6191 3202//6191
f 3305//6192 3202//6192 3306//6192
f 3306//6193 3202//6193 3200//6193
f 3302//6194 3301//6194 3303//6194
f 3302//6195 3303//6195 3304//6195
f 3302//6196 3304//6196 3307//6196
f 3307//6197 3304//6197 3305//6197
f 3307//6198 3305//6198 3308//6198
f 3308//6199 3305//6199 3306//6199
f 3308//6200 3306//6200 3309//6200
f 3232//6201 3302//6201 3307//6201
f 3232//6202 3307//6202 3231//6202
f 3231//6203 3307//6203 3308//6203
f 3231//6204 3308//6204 3309//6204
f 3300//6205 3192//6205 3310//6205
f 3310//6206 3192//6206 3191//6206
f 3299//6207 3300//6207 3310//6207
f 3299//6208 3310//6208 3311//6208
f 3311//6209 3240//6209 3238//6209
f 3311//6210 3238//6210 3299//6210
f 3299//6211 3238//6211 3217//6211
f 3236//6212 3240//6212 3312//6212
f 3312//6213 3240//6213 3311//6213
f 3312//6214 3311//6214 3313//6214
f 3313//6215 3311//6215 3310//6215
f 3313//6216 3310//6216 3191//6216
f 3232//6217 3236//6217 3302//6217
f 3302//6218 3236//6218 3312//6218
f 3302//6219 3312//6219 3301//6219
f 3301//6220 3312//6220 3313//6220
f 3301//6221 3313//6221 3198//6221
f 3198//6222 3313//6222 3191//6222
