# Blender 5.0.1
# www.blender.org
mtllib link1.mtl
o Yaw_link
v -0.206056 0.054761 -0.117038
v -0.206519 0.000000 -0.117107
v -0.204437 0.000000 -0.049011
v -0.204374 0.028479 -0.049003
v -0.204041 0.057035 -0.048954
v -0.203625 0.106332 -0.113444
v -0.202506 0.098919 -0.048708
v -0.202009 0.106653 -0.048627
v -0.206395 0.106085 -0.176479
v -0.209156 0.054612 -0.176802
v -0.209794 0.000000 -0.176930
v -0.204642 -0.123057 -0.176335
v -0.203767 -0.129717 -0.176274
v -0.201292 -0.129963 -0.113341
v -0.199808 -0.151716 -0.176054
v -0.197082 -0.162420 -0.175938
v -0.197658 -0.151926 -0.113228
v -0.201564 -0.112608 -0.048554
v -0.202009 -0.106653 -0.048627
v -0.203737 -0.106317 -0.116865
v -0.184010 -0.187921 0.061647
v -0.184978 -0.185616 0.070704
v -0.186198 -0.182751 0.069648
v -0.195304 -0.155504 -0.022613
v -0.196182 -0.151747 -0.030022
v -0.196211 -0.152292 -0.040111
v -0.195129 -0.152085 0.066014
v -0.194450 -0.155680 0.058553
v -0.188449 -0.176423 0.088240
v -0.194551 -0.158171 -0.009415
v -0.194901 -0.157054 -0.017643
v -0.190971 -0.172469 -0.040083
v -0.194531 -0.158191 -0.008033
v -0.194161 -0.157205 0.053208
v -0.194035 -0.158077 0.044959
v -0.194268 -0.158128 0.018461
v -0.190813 -0.168865 0.096685
v -0.192789 -0.161351 0.102715
v -0.195716 -0.148794 0.070615
v -0.196664 -0.142959 0.076373
v -0.199526 -0.116325 0.113923
v -0.200203 -0.107437 0.113922
v -0.200397 -0.107317 0.085418
v -0.200003 -0.112790 0.085350
v -0.199553 -0.118273 0.085273
v -0.198692 -0.125208 0.113923
v -0.198853 -0.125631 0.084486
v -0.197346 -0.138245 0.079642
v -0.194906 -0.151536 0.108241
v -0.198280 -0.130856 0.083066
v -0.196629 -0.141478 0.111813
v -0.198115 -0.130404 0.113711
v -0.183113 -0.190934 -0.008090
v -0.183112 -0.190934 -0.008009
v -0.183488 -0.190165 -0.007110
v -0.183469 -0.190815 -0.040061
v -0.186747 -0.181158 0.080873
v -0.183941 -0.189203 -0.005213
v -0.184086 -0.188862 -0.003075
v -0.183864 -0.188859 0.023924
v -0.183655 -0.188857 0.050924
v -0.198585 -0.138825 -0.042632
v -0.199631 -0.131510 -0.046125
v -0.200227 -0.126625 -0.047532
v -0.201053 -0.118575 -0.048470
v -0.196799 -0.148825 -0.034003
v -0.197901 -0.142964 -0.039741
v -0.194034 -0.172018 -0.175829
v -0.185963 -0.190559 -0.175610
v -0.192230 -0.172158 -0.113113
v -0.206395 -0.106085 -0.176479
v -0.206056 -0.054761 -0.117038
v -0.204175 -0.049005 -0.048974
v -0.203486 -0.077774 -0.048866
v -0.209156 -0.054612 -0.176802
v -0.198656 0.138373 -0.042903
v -0.197869 0.143145 -0.039596
v -0.196211 0.152292 -0.040106
v -0.183661 0.188799 0.053593
v -0.186842 0.181101 0.071774
v -0.184223 0.187416 0.064204
v -0.185583 0.184136 0.074659
v -0.190971 0.172469 -0.040079
v -0.189573 0.172991 0.092454
v -0.187516 0.179081 0.084385
v -0.183655 0.188857 0.050924
v -0.183864 0.188859 0.023924
v -0.184086 0.188862 -0.003075
v -0.184060 0.188933 -0.004055
v -0.183745 0.189624 -0.006223
v -0.183706 0.189707 -0.006380
v -0.183113 0.190934 -0.008090
v -0.183112 0.190934 -0.008009
v -0.194818 0.157353 -0.016312
v -0.194531 0.158191 -0.008033
v -0.194268 0.158128 0.018461
v -0.194035 0.158077 0.044959
v -0.194029 0.158059 0.046099
v -0.194207 0.156956 0.054304
v -0.194501 0.155411 0.059277
v -0.191939 0.164745 0.100221
v -0.195206 0.151664 0.066684
v -0.193892 0.156516 0.105722
v -0.195731 0.148708 0.070718
v -0.200397 0.107317 0.085418
v -0.200203 0.107437 0.113922
v -0.200003 0.112790 0.085350
v -0.199526 0.116325 0.113923
v -0.199553 0.118273 0.085273
v -0.198692 0.125208 0.113923
v -0.198777 0.126360 0.084333
v -0.197353 0.136442 0.112926
v -0.198229 0.131292 0.082912
v -0.195869 0.146205 0.110369
v -0.197292 0.138641 0.079404
v -0.196683 0.142837 0.076470
v -0.196772 0.148957 -0.033844
v -0.196066 0.152266 -0.029193
v -0.195221 0.155837 -0.021714
v -0.197658 0.151926 -0.113226
v -0.199695 0.131014 -0.046299
v -0.201292 0.129963 -0.113339
v -0.200325 0.125751 -0.047715
v -0.201053 0.118575 -0.048470
v -0.201564 0.112608 -0.048554
v -0.184518 0.190595 -0.113000
v -0.185963 0.190559 -0.175610
v -0.194034 0.172018 -0.175829
v -0.192230 0.172158 -0.113111
v -0.199808 0.151716 -0.176054
v -0.203767 0.129717 -0.176274
v 0.118052 0.190000 -0.003090
v -0.182281 0.190000 -0.003090
v -0.182058 0.190000 0.023910
v -0.127953 0.190000 0.183890
v -0.113410 0.190000 0.210410
v -0.076849 0.190000 0.210410
v -0.181847 0.190000 0.050910
v -0.139948 0.190000 0.050910
v -0.139948 0.190000 0.124910
v -0.136919 0.190000 0.155004
v 0.058820 0.190000 0.223234
v 0.077061 0.190000 0.210317
v -0.068213 0.190000 0.217159
v 0.091793 0.190000 0.195124
v 0.102824 0.190000 0.179927
v 0.111192 0.190000 0.162607
v 0.118052 0.190000 0.124910
v 0.116323 0.190000 0.144068
v -0.005585 0.190000 0.238775
v -0.027710 0.190000 0.235598
v -0.048838 0.190000 0.228305
v 0.016742 0.190000 0.237724
v 0.038470 0.190000 0.232481
v -0.182058 -0.190000 0.023910
v -0.182281 -0.190000 -0.003090
v 0.118052 -0.190000 -0.003090
v -0.181847 -0.190000 0.050910
v -0.139948 -0.190000 0.050910
v -0.139948 -0.190000 0.124910
v 0.111192 -0.190000 0.162607
v 0.102824 -0.190000 0.179927
v -0.068213 -0.190000 0.217159
v 0.091793 -0.190000 0.195124
v 0.077061 -0.190000 0.210317
v -0.113410 -0.190000 0.210410
v -0.127953 -0.190000 0.183890
v -0.136919 -0.190000 0.155004
v -0.076849 -0.190000 0.210410
v 0.118052 -0.190000 0.124910
v 0.116323 -0.190000 0.144068
v 0.058820 -0.190000 0.223234
v 0.038470 -0.190000 0.232481
v 0.016742 -0.190000 0.237724
v -0.005585 -0.190000 0.238775
v -0.027710 -0.190000 0.235598
v -0.048838 -0.190000 0.228305
v -0.202418 0.049957 0.085769
v -0.202627 0.000000 0.085807
v -0.202450 0.000000 0.113921
v -0.200769 0.098235 0.113922
v -0.201797 0.078577 0.085660
v -0.202152 0.056357 0.113921
v -0.202413 0.028170 0.113921
v -0.202231 -0.050978 0.113921
v -0.202587 -0.028609 0.085800
v -0.202311 -0.057303 0.085750
v -0.201600 -0.079205 0.113921
v -0.200904 -0.099090 0.085505
v -0.090968 0.182618 0.210410
v -0.089641 0.184914 0.210410
v -0.086901 0.187347 0.210410
v -0.082156 0.189358 0.210410
v -0.083120 -0.189085 0.210410
v -0.084013 -0.188779 0.210410
v -0.087766 -0.186739 0.210410
v -0.090080 -0.184318 0.210410
v -0.091204 -0.181890 0.210410
v -0.091456 -0.180000 0.210410
v -0.091456 0.180000 0.210410
v -0.139948 -0.149874 0.110962
v -0.139948 -0.170962 0.096872
v -0.139948 -0.185052 0.075784
v -0.139948 0.170962 0.096872
v -0.139948 0.185052 0.075784
v -0.139948 0.149874 0.110962
v -0.139948 0.125000 0.115910
v -0.139948 -0.125000 0.115910
v 0.122175 0.194422 -0.008090
v 0.125981 0.192733 -0.008090
v 0.125981 0.209300 -0.008090
v -0.170459 0.207438 -0.008090
v -0.178687 0.195000 -0.008090
v 0.118052 0.195000 -0.008090
v 0.004630 0.261545 -0.008090
v -0.018747 0.261498 -0.008090
v 0.068061 0.252308 -0.008090
v 0.064212 0.253443 -0.008090
v -0.042085 0.260210 -0.008090
v -0.053412 0.259208 -0.008090
v -0.080224 0.255583 -0.008090
v 0.081708 0.247227 -0.008090
v 0.123407 0.213062 -0.008090
v 0.120694 0.216726 -0.008090
v 0.113984 0.224589 -0.008090
v -0.083267 0.255028 -0.008090
v -0.104007 0.250191 -0.008090
v -0.110786 0.248116 -0.008090
v 0.046266 0.257468 -0.008090
v 0.028167 0.260001 -0.008090
v -0.126955 0.241803 -0.008090
v -0.137252 0.236456 -0.008090
v -0.143249 0.232739 -0.008090
v 0.103570 0.234138 -0.008090
v 0.094239 0.240660 -0.008090
v -0.155388 0.223504 -0.008090
v -0.166096 0.212786 -0.008090
v 0.111297 -0.227328 -0.008090
v 0.120694 -0.216726 -0.008090
v 0.118052 -0.195000 -0.008090
v 0.123407 -0.213062 -0.008090
v 0.122175 -0.194422 -0.008090
v 0.125981 -0.209300 -0.008090
v 0.125981 -0.192733 -0.008090
v -0.066228 -0.257729 -0.008090
v -0.042085 -0.260210 -0.008090
v -0.029734 -0.261028 -0.008090
v -0.126955 -0.241803 -0.008090
v -0.123862 -0.243186 -0.008090
v -0.107686 -0.249100 -0.008090
v -0.090162 -0.253639 -0.008090
v -0.000334 -0.261654 -0.008090
v 0.023045 -0.260492 -0.008090
v 0.046266 -0.257468 -0.008090
v 0.059714 -0.254632 -0.008090
v 0.076225 -0.249488 -0.008090
v 0.080421 -0.247787 -0.008090
v -0.178687 -0.195000 -0.008090
v -0.170155 -0.207834 -0.008090
v -0.160226 -0.219024 -0.008090
v -0.157612 -0.221511 -0.008090
v -0.145839 -0.230976 -0.008090
v -0.140744 -0.234351 -0.008090
v 0.093424 -0.241156 -0.008090
v 0.105079 -0.232920 -0.008090
v 0.304272 -0.060513 -0.370090
v 0.000052 0.000000 -0.370090
v 0.308637 -0.031494 -0.370090
v 0.309996 -0.012538 -0.370090
v 0.304272 0.060513 -0.370090
v 0.306805 0.045995 -0.370090
v 0.310252 0.000000 -0.370090
v 0.257957 0.172327 -0.370090
v 0.266065 0.159532 -0.370090
v 0.268998 0.154540 -0.370090
v 0.297200 0.088994 -0.370090
v 0.291201 0.107027 -0.370090
v 0.278398 0.136908 -0.370090
v 0.286640 0.118708 -0.370090
v 0.286640 0.118708 -0.342131
v 0.291201 0.107027 -0.342131
v 0.297200 0.088994 -0.342131
v 0.304272 0.060513 -0.342131
v 0.310252 0.000000 -0.342131
v 0.308748 0.030401 -0.342131
v 0.306805 0.045995 -0.342131
v 0.309996 -0.012538 -0.342131
v 0.308637 -0.031494 -0.342131
v 0.304272 -0.060513 -0.342131
v 0.301057 -0.074896 -0.370090
v 0.286640 -0.118708 -0.342131
v 0.286640 -0.118708 -0.370090
v 0.296884 -0.090045 -0.342131
v 0.301057 -0.074896 -0.342131
v 0.260691 -0.168163 -0.370090
v 0.257957 -0.172327 -0.370090
v 0.271053 -0.150910 -0.370090
v 0.255157 0.176446 -0.370090
v 0.172379 0.257905 -0.370090
v 0.184766 0.249187 -0.370090
v 0.189386 0.245697 -0.370090
v 0.204818 0.233005 -0.370090
v 0.219397 0.219345 -0.370090
v 0.243183 0.192622 -0.370090
v 0.176498 -0.255105 -0.370090
v 0.172379 -0.257905 -0.370090
v 0.249239 -0.184713 -0.370090
v 0.245750 -0.189334 -0.370090
v 0.233057 -0.204765 -0.370090
v 0.219397 -0.219345 -0.370090
v 0.192674 -0.243130 -0.370090
v 0.168216 0.260639 -0.370090
v 0.060565 0.304220 -0.370090
v 0.075345 0.300905 -0.370090
v 0.080949 0.299450 -0.370090
v 0.100064 0.293629 -0.370090
v 0.118761 0.286587 -0.370090
v 0.150962 0.271001 -0.370090
v 0.065442 -0.303209 -0.370090
v 0.060565 -0.304220 -0.370090
v 0.159584 -0.266013 -0.370090
v 0.154592 -0.268946 -0.370090
v 0.136961 -0.278346 -0.370090
v 0.118761 -0.286587 -0.370090
v 0.084969 -0.298336 -0.370090
v 0.055673 0.305153 -0.370090
v -0.060461 0.304220 -0.370090
v -0.045537 0.306814 -0.370090
v -0.039803 0.307613 -0.370090
v -0.019916 0.309551 -0.370090
v 0.000052 0.310200 -0.370090
v 0.035767 0.308123 -0.370090
v -0.055568 -0.305153 -0.370090
v -0.060461 -0.304220 -0.370090
v 0.045642 -0.306814 -0.370090
v 0.039907 -0.307613 -0.370090
v 0.020021 -0.309551 -0.370090
v 0.000052 -0.310200 -0.370090
v -0.035663 -0.308123 -0.370090
v -0.065338 0.303209 -0.370090
v -0.172275 0.257905 -0.370090
v -0.159831 0.265802 -0.370090
v -0.118656 0.286587 -0.370090
v -0.084865 0.298336 -0.370090
v -0.075241 -0.300905 -0.370090
v -0.080845 -0.299450 -0.370090
v -0.172275 -0.257905 -0.370090
v -0.147135 -0.273044 -0.370090
v -0.130142 -0.281553 -0.370090
v -0.099959 -0.293629 -0.370090
v -0.118656 -0.286587 -0.370090
v -0.195881 0.240472 -0.370090
v -0.210246 0.228029 -0.370090
v -0.257853 0.172327 -0.370090
v -0.249378 0.184384 -0.370090
v -0.219292 0.219345 -0.370090
v -0.257853 -0.172327 -0.370090
v -0.240420 -0.195933 -0.370090
v -0.227977 -0.210298 -0.370090
v -0.184332 -0.249431 -0.370090
v -0.219292 -0.219345 -0.370090
v -0.272991 0.147187 -0.370090
v -0.281501 0.130194 -0.370090
v -0.304168 0.060513 -0.370090
v -0.300952 0.074896 -0.370090
v -0.286535 0.118708 -0.370090
v -0.304168 -0.060513 -0.370090
v -0.297096 -0.088994 -0.370090
v -0.291097 -0.107027 -0.370090
v -0.265749 -0.159883 -0.370090
v -0.286535 -0.118708 -0.370090
v -0.308533 0.031494 -0.370090
v -0.309892 0.012538 -0.370090
v -0.306701 -0.045995 -0.370090
v -0.310148 0.000000 -0.370090
v 0.273615 0.146220 -0.342131
v 0.219397 0.219345 -0.342131
v 0.239830 0.196784 -0.342131
v 0.255157 0.176446 -0.342131
v 0.257957 0.172327 -0.342131
v 0.266065 0.159532 -0.342131
v 0.267514 0.117147 -0.336390
v 0.248855 0.115624 -0.329840
v 0.258254 0.087346 -0.329143
v 0.270738 0.000000 -0.327773
v 0.251736 0.000000 -0.318921
v 0.269312 0.029354 -0.327972
v 0.233641 0.000000 -0.308060
v 0.250396 0.028839 -0.319185
v 0.265112 0.058529 -0.328474
v 0.246444 0.057559 -0.319853
v 0.239988 0.086045 -0.320742
v 0.231133 0.114176 -0.321668
v 0.232441 0.028332 -0.308348
v 0.228872 0.056616 -0.309080
v 0.222980 0.084802 -0.310052
v 0.214814 0.112843 -0.311065
v 0.267514 -0.117147 -0.336390
v 0.258254 -0.087346 -0.329143
v 0.248855 -0.115624 -0.329840
v 0.231133 -0.114176 -0.321668
v 0.214814 -0.112843 -0.311065
v 0.239988 -0.086045 -0.320742
v 0.265112 -0.058529 -0.328474
v 0.269312 -0.029354 -0.327972
v 0.246444 -0.057559 -0.319853
v 0.250396 -0.028839 -0.319185
v 0.222980 -0.084802 -0.310052
v 0.228872 -0.056616 -0.309080
v 0.232441 -0.028332 -0.308348
v 0.239830 -0.196784 -0.342131
v 0.273615 -0.146220 -0.342131
v 0.260691 -0.168163 -0.342131
v 0.257957 -0.172327 -0.342131
v 0.249239 -0.184713 -0.342131
v 0.219397 -0.219345 -0.342131
v 0.196836 0.239778 -0.342131
v 0.118761 0.286587 -0.342131
v 0.146272 0.273563 -0.342131
v 0.168216 0.260639 -0.342131
v 0.172379 0.257905 -0.342131
v 0.184766 0.249187 -0.342131
v 0.146272 -0.273563 -0.342131
v 0.196836 -0.239778 -0.342131
v 0.176498 -0.255105 -0.342131
v 0.172379 -0.257905 -0.342131
v 0.159584 -0.266013 -0.342131
v 0.118761 -0.286587 -0.342131
v 0.090098 0.296831 -0.342131
v 0.000052 0.310200 -0.342131
v 0.030454 0.308695 -0.342131
v 0.055673 0.305153 -0.342131
v 0.060565 0.304220 -0.342131
v 0.075345 0.300905 -0.342131
v 0.030454 -0.308695 -0.342131
v 0.090098 -0.296831 -0.342131
v 0.065442 -0.303209 -0.342131
v 0.060565 -0.304220 -0.342131
v 0.045642 -0.306814 -0.342131
v 0.000052 -0.310200 -0.342131
v -0.030349 0.308695 -0.342131
v -0.118656 0.286587 -0.342131
v -0.089993 0.296831 -0.342131
v -0.065338 0.303209 -0.342131
v -0.060461 0.304220 -0.342131
v -0.045537 0.306814 -0.342131
v -0.089993 -0.296831 -0.342131
v -0.030349 -0.308695 -0.342131
v -0.055568 -0.305153 -0.342131
v -0.060461 -0.304220 -0.342131
v -0.075241 -0.300905 -0.342131
v -0.118656 -0.286587 -0.342131
v -0.219292 0.219345 -0.342131
v -0.210246 0.228029 -0.342131
v -0.195881 0.240472 -0.342131
v -0.172275 0.257905 -0.342131
v -0.146168 0.273563 -0.342131
v -0.159831 0.265802 -0.342131
v -0.130142 -0.281553 -0.342131
v -0.147135 -0.273044 -0.342131
v -0.172275 -0.257905 -0.342131
v -0.219292 -0.219345 -0.342131
v -0.196731 -0.239778 -0.342131
v -0.184332 -0.249431 -0.342131
v -0.286535 0.118708 -0.342131
v -0.281501 0.130194 -0.342131
v -0.272991 0.147187 -0.342131
v -0.257853 0.172327 -0.342131
v -0.239726 0.196784 -0.342131
v -0.249378 0.184384 -0.342131
v -0.227977 -0.210298 -0.342131
v -0.240420 -0.195933 -0.342131
v -0.257853 -0.172327 -0.342131
v -0.286535 -0.118708 -0.342131
v -0.273511 -0.146220 -0.342131
v -0.265749 -0.159883 -0.342131
v -0.310148 0.000000 -0.342131
v -0.309892 0.012538 -0.342131
v -0.308533 0.031494 -0.342131
v -0.304168 0.060513 -0.342131
v -0.296779 0.090045 -0.342131
v -0.300952 0.074896 -0.342131
v -0.291097 -0.107027 -0.342131
v -0.297096 -0.088994 -0.342131
v -0.304168 -0.060513 -0.342131
v -0.308643 -0.030401 -0.342131
v -0.306701 -0.045995 -0.342131
v 0.222845 0.195305 -0.337135
v 0.240144 0.170819 -0.336966
v 0.204412 0.140559 -0.311945
v 0.219973 0.141746 -0.322472
v 0.237025 0.143129 -0.330445
v 0.255072 0.144642 -0.336714
v 0.191790 0.167250 -0.312631
v 0.206552 0.168185 -0.323100
v 0.222840 0.169407 -0.330916
v 0.176955 0.192084 -0.313092
v 0.190902 0.192833 -0.323520
v 0.206367 0.193948 -0.331233
v 0.159916 0.214231 -0.313294
v 0.173053 0.215031 -0.323705
v 0.187676 0.216241 -0.331372
v 0.203289 0.217724 -0.337209
v 0.179679 0.026717 -0.174392
v 0.180003 0.000000 -0.174320
v 0.183830 0.026849 -0.206600
v 0.184243 0.000000 -0.206498
v 0.188830 0.027008 -0.232896
v 0.189349 0.000000 -0.232759
v 0.194604 0.027190 -0.254026
v 0.195238 0.000000 -0.253854
v 0.201077 0.027392 -0.270739
v 0.201832 0.000000 -0.270531
v 0.208173 0.027610 -0.283780
v 0.209050 0.000000 -0.283541
v 0.215816 0.027842 -0.293898
v 0.216811 0.000000 -0.293633
v 0.223930 0.028084 -0.301838
v 0.225035 0.000000 -0.301556
v 0.178369 0.053698 -0.174575
v 0.182291 0.053927 -0.206859
v 0.187023 0.054207 -0.233241
v 0.192503 0.054532 -0.254463
v 0.198665 0.054895 -0.271264
v 0.205446 0.055291 -0.284386
v 0.212784 0.055714 -0.294569
v 0.220613 0.056157 -0.302553
v 0.175563 0.081209 -0.174818
v 0.179179 0.081465 -0.207203
v 0.183551 0.081791 -0.233701
v 0.188633 0.082178 -0.255044
v 0.194374 0.082621 -0.271964
v 0.200728 0.083112 -0.285192
v 0.207646 0.083644 -0.295462
v 0.215079 0.084210 -0.303505
v 0.170752 0.109513 -0.175071
v 0.174045 0.109692 -0.207562
v 0.178037 0.109950 -0.234180
v 0.182694 0.110283 -0.255649
v 0.187985 0.110683 -0.272692
v 0.193875 0.111145 -0.286032
v 0.200332 0.111663 -0.296392
v 0.207322 0.112231 -0.304495
v 0.177306 -0.066156 -0.174681
v 0.175563 -0.081209 -0.174818
v 0.179179 -0.081465 -0.207203
v 0.170752 -0.109513 -0.175071
v 0.174045 -0.109692 -0.207562
v 0.183551 -0.081791 -0.233701
v 0.178037 -0.109950 -0.234180
v 0.188633 -0.082178 -0.255044
v 0.182694 -0.110283 -0.255649
v 0.194374 -0.082621 -0.271964
v 0.187985 -0.110683 -0.272692
v 0.200728 -0.083112 -0.285192
v 0.193875 -0.111145 -0.286032
v 0.207646 -0.083644 -0.295462
v 0.200332 -0.111663 -0.296392
v 0.215079 -0.084210 -0.303505
v 0.207322 -0.112231 -0.304495
v 0.178369 -0.053698 -0.174575
v 0.182291 -0.053927 -0.206859
v 0.187023 -0.054207 -0.233241
v 0.192503 -0.054532 -0.254463
v 0.198665 -0.054895 -0.271264
v 0.205446 -0.055291 -0.284386
v 0.212784 -0.055714 -0.294569
v 0.220613 -0.056157 -0.302553
v 0.179679 -0.026717 -0.174392
v 0.183830 -0.026849 -0.206600
v 0.188830 -0.027008 -0.232896
v 0.194604 -0.027190 -0.254026
v 0.201077 -0.027392 -0.270739
v 0.208173 -0.027610 -0.283780
v 0.215816 -0.027842 -0.293898
v 0.223930 -0.028084 -0.301838
v 0.255072 -0.144642 -0.336714
v 0.240144 -0.170819 -0.336966
v 0.176955 -0.192084 -0.313092
v 0.159916 -0.214231 -0.313294
v 0.190902 -0.192833 -0.323520
v 0.173053 -0.215031 -0.323705
v 0.206367 -0.193948 -0.331233
v 0.187676 -0.216241 -0.331372
v 0.222845 -0.195305 -0.337135
v 0.203289 -0.217724 -0.337209
v 0.191790 -0.167250 -0.312631
v 0.206552 -0.168185 -0.323100
v 0.222840 -0.169407 -0.330916
v 0.204412 -0.140559 -0.311945
v 0.219973 -0.141746 -0.322472
v 0.237025 -0.143129 -0.330445
v 0.132923 0.270119 -0.336940
v 0.158069 0.255246 -0.337084
v 0.140739 0.233032 -0.313226
v 0.153088 0.234242 -0.323643
v 0.166873 0.235860 -0.331325
v 0.181615 0.237751 -0.337184
v 0.119726 0.248518 -0.312953
v 0.131284 0.250427 -0.323394
v 0.144218 0.252711 -0.331137
v 0.097237 0.260891 -0.312562
v 0.107970 0.263672 -0.323037
v 0.120011 0.266785 -0.330869
v 0.073632 0.270354 -0.312140
v 0.083473 0.274061 -0.322650
v 0.094550 0.278070 -0.330578
v 0.106449 0.282279 -0.336785
v 0.181615 -0.237751 -0.337184
v 0.097237 -0.260891 -0.312562
v 0.073632 -0.270354 -0.312140
v 0.107970 -0.263672 -0.323037
v 0.083473 -0.274061 -0.322650
v 0.120011 -0.266785 -0.330869
v 0.094550 -0.278070 -0.330578
v 0.132923 -0.270119 -0.336940
v 0.106449 -0.282279 -0.336785
v 0.158069 -0.255246 -0.337084
v 0.119726 -0.248518 -0.312953
v 0.131284 -0.250427 -0.323394
v 0.144218 -0.252711 -0.331137
v 0.140739 -0.233032 -0.313226
v 0.153088 -0.234242 -0.323643
v 0.166873 -0.235860 -0.331325
v -0.014685 0.295489 -0.329718
v 0.013284 0.295247 -0.329888
v 0.068122 0.286562 -0.330315
v 0.058099 0.281678 -0.322300
v 0.040959 0.292280 -0.330086
v 0.032056 0.286591 -0.321995
v 0.005529 0.288867 -0.321732
v -0.021297 0.288575 -0.321506
v 0.049235 0.277094 -0.311757
v 0.024232 0.281239 -0.311423
v -0.001230 0.282901 -0.311135
v -0.027001 0.282192 -0.310888
v 0.068122 -0.286562 -0.330315
v -0.014685 -0.295489 -0.329718
v -0.027001 -0.282192 -0.310888
v -0.021297 -0.288575 -0.321506
v 0.005529 -0.288867 -0.321732
v 0.013284 -0.295247 -0.329888
v 0.040959 -0.292280 -0.330086
v 0.032056 -0.286591 -0.321995
v 0.058099 -0.281678 -0.322300
v -0.001230 -0.282901 -0.311135
v 0.024232 -0.281239 -0.311423
v 0.049235 -0.277094 -0.311757
v -0.123201 0.270228 -0.329624
v -0.097350 0.280332 -0.329500
v -0.042696 0.293038 -0.329578
v -0.048192 0.285780 -0.321321
v -0.070383 0.287961 -0.329496
v -0.074753 0.280543 -0.321211
v -0.100532 0.272924 -0.321217
v -0.125083 0.262982 -0.321382
v -0.052875 0.279208 -0.310685
v -0.078412 0.273980 -0.310565
v -0.103118 0.266524 -0.310572
v -0.126497 0.256855 -0.310752
v -0.123201 -0.270228 -0.329624
v -0.126497 -0.256855 -0.310752
v -0.125083 -0.262982 -0.321382
v -0.100532 -0.272924 -0.321217
v -0.097350 -0.280332 -0.329500
v -0.070383 -0.287961 -0.329496
v -0.042696 -0.293038 -0.329578
v -0.074753 -0.280543 -0.321211
v -0.048192 -0.285780 -0.321321
v -0.103118 -0.266524 -0.310572
v -0.078412 -0.273980 -0.310565
v -0.052875 -0.279208 -0.310685
v -0.214378 0.212993 -0.337182
v -0.209519 0.206971 -0.331322
v -0.190938 0.225988 -0.330764
v -0.147571 0.257730 -0.329889
v -0.148001 0.250784 -0.321734
v -0.170219 0.242945 -0.330278
v -0.169050 0.236424 -0.322251
v -0.188039 0.219999 -0.322897
v -0.204774 0.201610 -0.323638
v -0.148105 0.245004 -0.311137
v -0.167711 0.231052 -0.311703
v -0.185135 0.215099 -0.312410
v -0.200198 0.197240 -0.313221
v -0.209519 -0.206971 -0.331322
v -0.204774 -0.201610 -0.323638
v -0.190938 -0.225988 -0.330764
v -0.200198 -0.197240 -0.313221
v -0.188039 -0.219999 -0.322897
v -0.170219 -0.242945 -0.330278
v -0.147571 -0.257730 -0.329889
v -0.169050 -0.236424 -0.322251
v -0.148001 -0.250784 -0.321734
v -0.185135 -0.215099 -0.312410
v -0.167711 -0.231052 -0.311703
v -0.148105 -0.245004 -0.311137
v -0.273713 0.115812 -0.338458
v -0.212794 0.177572 -0.314096
v -0.219123 0.181359 -0.324438
v -0.225798 0.186017 -0.331923
v -0.232704 0.191255 -0.337503
v -0.248736 0.167679 -0.337833
v -0.223108 0.156191 -0.314994
v -0.231191 0.159365 -0.325259
v -0.239791 0.163276 -0.332541
v -0.231398 0.133191 -0.315875
v -0.241142 0.135750 -0.326064
v -0.251558 0.138908 -0.333146
v -0.262422 0.142464 -0.338156
v -0.237923 0.108665 -0.316695
v -0.249139 0.110636 -0.326814
v -0.261158 0.113070 -0.333710
v -0.231191 -0.159365 -0.325259
v -0.223108 -0.156191 -0.314994
v -0.231665 -0.132323 -0.315906
v -0.225798 -0.186017 -0.331923
v -0.232704 -0.191255 -0.337503
v -0.262422 -0.142464 -0.338156
v -0.219123 -0.181359 -0.324438
v -0.212794 -0.177572 -0.314096
v -0.218326 -0.166870 -0.314554
v -0.249139 -0.110636 -0.326814
v -0.261158 -0.113070 -0.333710
v -0.251558 -0.138908 -0.333146
v -0.273713 -0.115812 -0.338458
v -0.248736 -0.167679 -0.337833
v -0.239791 -0.163276 -0.332541
v -0.237923 -0.108665 -0.316695
v -0.241142 -0.135750 -0.326064
v -0.294060 0.000000 -0.339120
v -0.242903 0.082751 -0.317414
v -0.255322 0.084182 -0.327472
v -0.268641 0.085949 -0.334205
v -0.282560 0.087941 -0.338722
v -0.288924 0.059143 -0.338932
v -0.246414 0.055764 -0.317986
v -0.259725 0.056695 -0.327994
v -0.274003 0.057846 -0.334597
v -0.248493 0.028061 -0.318363
v -0.262360 0.028520 -0.328338
v -0.277231 0.029087 -0.334857
v -0.292770 0.029726 -0.339070
v -0.249178 0.000000 -0.318499
v -0.263236 0.000000 -0.328463
v -0.278310 0.000000 -0.334950
v -0.288924 -0.059143 -0.338932
v -0.248493 -0.028061 -0.318363
v -0.262360 -0.028520 -0.328338
v -0.277231 -0.029087 -0.334857
v -0.292770 -0.029726 -0.339070
v -0.246414 -0.055764 -0.317986
v -0.259725 -0.056695 -0.327994
v -0.274003 -0.057846 -0.334597
v -0.242903 -0.082751 -0.317414
v -0.255322 -0.084182 -0.327472
v -0.268641 -0.085949 -0.334205
v -0.282560 -0.087941 -0.338722
v 0.134719 0.204970 -0.175612
v 0.141757 0.193069 -0.175577
v 0.144170 0.192825 -0.208279
v 0.165461 0.131653 -0.175243
v 0.166521 0.138541 -0.207873
v 0.170169 0.138605 -0.234596
v 0.174440 0.138748 -0.256174
v 0.179314 0.138967 -0.273324
v 0.184769 0.139259 -0.286761
v 0.190784 0.139624 -0.297199
v 0.197339 0.140058 -0.305356
v 0.154271 0.165838 -0.175457
v 0.156554 0.166767 -0.208116
v 0.159900 0.166585 -0.234920
v 0.163829 0.166482 -0.256584
v 0.168329 0.166461 -0.273817
v 0.173388 0.166524 -0.287329
v 0.178993 0.166675 -0.297829
v 0.185131 0.166916 -0.306027
v 0.147249 0.192444 -0.235138
v 0.150874 0.192143 -0.256859
v 0.155038 0.191930 -0.274148
v 0.159734 0.191810 -0.287711
v 0.164957 0.191791 -0.298252
v 0.170700 0.191880 -0.306477
v 0.127070 0.215686 -0.175629
v 0.129396 0.215174 -0.208351
v 0.132235 0.214740 -0.235233
v 0.135586 0.214391 -0.256980
v 0.139445 0.214136 -0.274294
v 0.143811 0.213985 -0.287878
v 0.148679 0.213944 -0.298438
v 0.154049 0.214024 -0.306675
v 0.175538 0.000000 -0.118371
v 0.173110 0.065895 -0.114598
v 0.171429 0.053728 -0.052236
v 0.174722 0.039198 -0.114484
v 0.171663 0.049357 -0.052469
v 0.175264 0.012942 -0.114414
v 0.172526 0.015351 -0.053325
v 0.172570 0.000000 -0.053368
v 0.168528 0.085639 -0.049354
v 0.169254 0.079607 -0.050075
v 0.170595 0.065778 -0.051408
v 0.166429 0.109389 -0.098587
v 0.164756 0.109416 -0.045607
v 0.168598 -0.085090 -0.049423
v 0.164756 -0.109416 -0.045607
v 0.166429 -0.109389 -0.098587
v 0.170595 -0.065774 -0.051408
v 0.173110 -0.065895 -0.114598
v 0.174722 -0.039198 -0.114484
v 0.170985 -0.060667 -0.051795
v 0.172322 -0.030328 -0.053123
v 0.175264 -0.012942 -0.114414
v 0.144170 -0.192825 -0.208279
v 0.129396 -0.215174 -0.208351
v 0.147249 -0.192444 -0.235138
v 0.132235 -0.214740 -0.235233
v 0.150874 -0.192143 -0.256859
v 0.135586 -0.214391 -0.256980
v 0.155038 -0.191930 -0.274148
v 0.139445 -0.214136 -0.274294
v 0.159734 -0.191810 -0.287711
v 0.143811 -0.213985 -0.287878
v 0.164957 -0.191791 -0.298252
v 0.148679 -0.213944 -0.298438
v 0.170700 -0.191880 -0.306477
v 0.154049 -0.214024 -0.306675
v 0.159363 -0.151800 -0.175377
v 0.153804 -0.167025 -0.175463
v 0.156554 -0.166767 -0.208116
v 0.159900 -0.166585 -0.234920
v 0.163829 -0.166482 -0.256584
v 0.168329 -0.166461 -0.273817
v 0.173388 -0.166524 -0.287329
v 0.178993 -0.166675 -0.297829
v 0.185131 -0.166916 -0.306027
v 0.146455 -0.183865 -0.175542
v 0.141643 -0.193280 -0.175578
v 0.132763 -0.207916 -0.175618
v 0.127070 -0.215686 -0.175629
v 0.165720 -0.130693 -0.175236
v 0.166521 -0.138541 -0.207873
v 0.170169 -0.138605 -0.234596
v 0.174440 -0.138748 -0.256174
v 0.179314 -0.138967 -0.273324
v 0.184769 -0.139259 -0.286761
v 0.190784 -0.139624 -0.297199
v 0.197339 -0.140058 -0.305356
v 0.078909 0.251638 -0.175485
v 0.091396 0.245708 -0.175543
v 0.095772 0.245690 -0.235072
v 0.064613 0.256704 -0.175413
v 0.071150 0.254584 -0.175446
v 0.075156 0.255343 -0.234888
v 0.099157 0.241109 -0.175576
v 0.110190 0.233021 -0.175612
v 0.114949 0.232381 -0.235201
v 0.116368 0.227498 -0.175624
v 0.135243 0.232620 -0.306608
v 0.114597 0.247740 -0.306342
v 0.130225 0.232337 -0.298375
v 0.109924 0.247087 -0.298125
v 0.125687 0.232178 -0.287822
v 0.105707 0.246556 -0.287596
v 0.121628 0.232137 -0.274245
v 0.101944 0.246147 -0.274049
v 0.118049 0.232206 -0.256939
v 0.098633 0.245859 -0.256776
v 0.049918 0.260484 -0.175340
v 0.088171 0.258541 -0.297766
v 0.065360 0.267046 -0.297378
v 0.084283 0.257545 -0.287272
v 0.061825 0.265572 -0.286922
v 0.080820 0.256677 -0.273768
v 0.058683 0.264235 -0.273464
v 0.077779 0.255941 -0.256543
v 0.055928 0.263045 -0.256291
v 0.053553 0.262015 -0.234688
v 0.161197 0.126070 -0.042071
v 0.161432 0.131787 -0.098665
v 0.155027 0.148894 -0.035941
v 0.150644 0.166476 -0.098761
v 0.131538 0.206064 -0.098831
v 0.138127 0.192106 -0.019180
v 0.138437 0.194067 -0.098815
v 0.141519 0.185000 -0.022539
v 0.149349 0.165848 -0.030303
v 0.124024 0.216797 -0.098838
v 0.122277 0.217948 -0.010083
v 0.125037 0.214221 -0.010081
v 0.127651 0.210401 -0.010079
v 0.129300 0.207843 -0.010557
v 0.129802 0.207044 -0.010956
v 0.150325 -0.163145 -0.031272
v 0.142825 -0.182088 -0.023833
v 0.143031 -0.184756 -0.098800
v 0.141519 -0.185000 -0.022539
v 0.129618 -0.209023 -0.098833
v 0.133694 -0.200474 -0.014797
v 0.129802 -0.207044 -0.010956
v 0.159541 -0.132792 -0.040425
v 0.156817 -0.142843 -0.037719
v 0.155576 -0.152226 -0.098725
v 0.161678 -0.130814 -0.098662
v 0.128605 -0.208935 -0.010229
v 0.127651 -0.210401 -0.010079
v 0.124024 -0.216797 -0.098838
v 0.125037 -0.214221 -0.010081
v 0.122277 -0.217948 -0.010083
v 0.107508 -0.235180 -0.175604
v 0.091396 -0.245708 -0.175543
v 0.095772 -0.245690 -0.235072
v 0.059612 -0.258131 -0.175388
v 0.049918 -0.260484 -0.175340
v 0.053553 -0.262015 -0.234688
v 0.071150 -0.254584 -0.175446
v 0.085432 -0.248743 -0.175516
v 0.075156 -0.255343 -0.234888
v 0.098633 -0.245859 -0.256776
v 0.077779 -0.255941 -0.256543
v 0.101944 -0.246147 -0.274049
v 0.080820 -0.256677 -0.273768
v 0.105707 -0.246556 -0.287596
v 0.084283 -0.257545 -0.287272
v 0.109924 -0.247087 -0.298125
v 0.088171 -0.258541 -0.297766
v 0.114597 -0.247740 -0.306342
v 0.114949 -0.232381 -0.235201
v 0.110686 -0.232607 -0.175613
v 0.110190 -0.233021 -0.175612
v 0.135243 -0.232620 -0.306608
v 0.130225 -0.232337 -0.298375
v 0.125687 -0.232178 -0.287822
v 0.121628 -0.232137 -0.274245
v 0.118049 -0.232206 -0.256939
v 0.055928 -0.263045 -0.256291
v 0.058683 -0.264235 -0.273464
v 0.061825 -0.265572 -0.286922
v 0.065360 -0.267046 -0.297378
v 0.040828 0.262266 -0.175298
v 0.035904 0.269277 -0.273189
v 0.038693 0.271022 -0.286605
v 0.041838 0.272917 -0.297026
v 0.028097 0.264148 -0.175244
v 0.031351 0.266309 -0.234507
v 0.005822 0.265924 -0.175161
v 0.008680 0.268532 -0.234349
v 0.012622 0.272058 -0.272949
v 0.015037 0.274116 -0.286328
v 0.017767 0.276345 -0.296720
v -0.016840 0.266065 -0.175089
v -0.014395 0.268920 -0.234213
v -0.011080 0.272778 -0.272742
v -0.009048 0.275036 -0.286090
v -0.006743 0.277488 -0.296456
v -0.039819 0.264823 -0.175027
v -0.037807 0.267707 -0.234096
v -0.035119 0.271639 -0.272564
v -0.033466 0.273963 -0.285885
v -0.031576 0.276505 -0.296229
v 0.047785 0.259714 -0.098707
v 0.062350 0.256325 -0.098740
v 0.115439 0.225962 -0.010087
v 0.113491 0.228498 -0.098837
v 0.111858 0.229569 -0.010089
v 0.104811 0.235707 -0.010091
v 0.096516 0.241729 -0.098815
v 0.095287 0.242364 -0.010093
v 0.082517 0.249056 -0.010093
v 0.076503 0.251678 -0.098773
v 0.068653 0.254218 -0.010091
v 0.064751 0.255369 -0.010090
v 0.046614 0.259437 -0.010085
v 0.069170 -0.254282 -0.098756
v 0.076941 -0.251355 -0.010092
v 0.067906 -0.254448 -0.010090
v 0.060198 -0.256573 -0.010088
v 0.046614 -0.259437 -0.010085
v 0.047795 -0.259718 -0.099243
v 0.081207 -0.249626 -0.010093
v 0.106351 -0.234464 -0.010091
v 0.116214 -0.225788 -0.098839
v 0.112697 -0.228756 -0.010088
v 0.089885 -0.245568 -0.098802
v 0.088474 -0.246207 -0.010093
v 0.107891 -0.233502 -0.098832
v 0.094456 -0.242870 -0.010093
v -0.031576 -0.276505 -0.296229
v -0.006743 -0.277488 -0.296456
v -0.033466 -0.273963 -0.285885
v -0.009048 -0.275036 -0.286090
v -0.035119 -0.271639 -0.272564
v -0.011080 -0.272778 -0.272742
v -0.037807 -0.267707 -0.234096
v -0.039819 -0.264823 -0.175027
v -0.014395 -0.268920 -0.234213
v 0.017767 -0.276345 -0.296720
v 0.015037 -0.274116 -0.286328
v 0.012622 -0.272058 -0.272949
v 0.041838 -0.272917 -0.297026
v 0.038693 -0.271022 -0.286605
v 0.035904 -0.269277 -0.273189
v 0.008680 -0.268532 -0.234349
v 0.031351 -0.266309 -0.234507
v -0.016840 -0.266065 -0.175089
v 0.005822 -0.265924 -0.175161
v 0.028097 -0.264148 -0.175244
v -0.056551 0.273518 -0.296043
v -0.070522 0.261235 -0.174964
v -0.061404 0.265048 -0.234000
v -0.059331 0.268784 -0.272419
v -0.085744 0.258415 -0.174946
v -0.084674 0.260766 -0.233943
v -0.083221 0.264112 -0.272332
v -0.081196 0.268500 -0.295932
v -0.100730 0.254729 -0.174943
v -0.107019 0.254605 -0.233947
v -0.106213 0.257464 -0.272337
v -0.104973 0.261390 -0.295939
v -0.127830 0.244804 -0.174993
v -0.127837 0.246308 -0.234032
v -0.127731 0.248679 -0.272467
v -0.127341 0.252125 -0.296104
v 0.038768 0.261289 -0.098718
v 0.028376 0.261990 -0.010081
v 0.004014 0.264398 -0.098655
v 0.004688 0.263544 -0.010078
v -0.018470 0.264380 -0.098622
v -0.018808 0.263497 -0.010078
v -0.041228 0.263122 -0.098593
v -0.042240 0.262204 -0.010078
v -0.024763 -0.264145 -0.098613
v 0.030227 -0.262464 -0.098702
v 0.023218 -0.262485 -0.010080
v 0.012353 -0.264034 -0.098669
v 0.011222 -0.263292 -0.010079
v -0.000304 -0.263654 -0.010078
v -0.041227 -0.263122 -0.098626
v -0.042240 -0.262204 -0.010078
v -0.029842 -0.263025 -0.010078
v -0.109090 -0.252185 -0.174950
v -0.127830 -0.244804 -0.174993
v -0.107019 -0.254605 -0.233947
v -0.127837 -0.246308 -0.234032
v -0.106213 -0.257464 -0.272337
v -0.127731 -0.248679 -0.272467
v -0.104973 -0.261390 -0.295939
v -0.127341 -0.252125 -0.296104
v -0.079851 -0.259605 -0.174952
v -0.084674 -0.260766 -0.233943
v -0.083221 -0.264112 -0.272332
v -0.081196 -0.268500 -0.295932
v -0.062959 -0.262352 -0.174976
v -0.061404 -0.265048 -0.234000
v -0.059331 -0.268784 -0.272419
v -0.056551 -0.273518 -0.296043
v -0.145998 0.234544 -0.175090
v -0.146604 0.235686 -0.234214
v -0.147266 0.237646 -0.272744
v -0.147821 0.240671 -0.296458
v -0.161845 0.221976 -0.175231
v -0.163088 0.222821 -0.234481
v -0.164587 0.224449 -0.273150
v -0.166182 0.227109 -0.296977
v -0.175218 0.207260 -0.175408
v -0.177132 0.207864 -0.234816
v -0.179532 0.209216 -0.273658
v -0.182254 0.211549 -0.297626
v -0.188578 0.190967 -0.235199
v -0.191937 0.192079 -0.274241
v -0.195868 0.194101 -0.298371
v -0.071541 0.259715 -0.098594
v -0.080571 0.257552 -0.010081
v -0.053611 0.261198 -0.010079
v -0.127834 0.244001 -0.098595
v -0.101262 0.253545 -0.098580
v -0.127795 0.243618 -0.010085
v -0.111409 0.250016 -0.010084
v -0.104556 0.252114 -0.010083
v -0.083636 0.256994 -0.010081
v -0.124655 -0.245022 -0.010085
v -0.127795 -0.243618 -0.010085
v -0.127834 -0.244001 -0.098595
v -0.108274 -0.251012 -0.010084
v -0.109469 -0.251114 -0.098581
v -0.090584 -0.255594 -0.010082
v -0.080730 -0.258176 -0.098587
v -0.081380 -0.257408 -0.010081
v -0.066490 -0.259712 -0.010080
v -0.175218 -0.207260 -0.175408
v -0.177132 -0.207864 -0.234816
v -0.188578 -0.190967 -0.235199
v -0.179532 -0.209216 -0.273658
v -0.191937 -0.192079 -0.274241
v -0.182254 -0.211549 -0.297626
v -0.195868 -0.194101 -0.298371
v -0.161845 -0.221976 -0.175231
v -0.163088 -0.222821 -0.234481
v -0.164587 -0.224449 -0.273150
v -0.166182 -0.227109 -0.296977
v -0.145998 -0.234544 -0.175090
v -0.146604 -0.235686 -0.234214
v -0.147266 -0.237646 -0.272744
v -0.147821 -0.240671 -0.296458
v -0.203860 0.151835 -0.236037
v -0.215721 0.153937 -0.299998
v -0.231407 0.107723 -0.308031
v -0.201734 0.173158 -0.274870
v -0.204243 0.173901 -0.288543
v -0.212352 0.153136 -0.289287
v -0.206939 0.174870 -0.299174
v -0.197370 0.172264 -0.235612
v -0.206395 0.152102 -0.257995
v -0.209234 0.152530 -0.275516
v -0.222554 0.131379 -0.300807
v -0.227777 0.107273 -0.301560
v -0.218542 0.130741 -0.290017
v -0.221959 0.106672 -0.287106
v -0.214843 0.130264 -0.276148
v -0.218964 0.106426 -0.276738
v -0.211486 0.129936 -0.258521
v -0.213746 0.106121 -0.250813
v -0.208502 0.129744 -0.236453
v -0.211749 0.106054 -0.236841
v -0.208823 0.106023 -0.209555
v -0.180425 0.195988 -0.010076
v -0.172048 0.208653 -0.010079
v -0.138255 0.238186 -0.010085
v -0.144352 0.234407 -0.010084
v -0.156703 0.225011 -0.010083
v -0.160368 0.221669 -0.010082
v -0.182935 0.191290 -0.008338
v -0.181850 0.193394 -0.009595
v -0.167605 0.214099 -0.010081
v -0.180425 -0.195988 -0.010076
v -0.171738 -0.209056 -0.010079
v -0.180812 -0.195302 -0.010043
v -0.182066 -0.192986 -0.009424
v -0.158967 -0.222982 -0.010083
v -0.161628 -0.220450 -0.010082
v -0.146986 -0.232614 -0.010084
v -0.141806 -0.236046 -0.010085
v -0.206939 -0.174870 -0.299174
v -0.203860 -0.151835 -0.236037
v -0.215721 -0.153937 -0.299998
v -0.204243 -0.173901 -0.288543
v -0.201734 -0.173158 -0.274870
v -0.208502 -0.129744 -0.236453
v -0.211486 -0.129936 -0.258521
v -0.206395 -0.152102 -0.257995
v -0.197370 -0.172264 -0.235612
v -0.209234 -0.152530 -0.275516
v -0.214843 -0.130264 -0.276148
v -0.212352 -0.153136 -0.289287
v -0.218542 -0.130741 -0.290017
v -0.222554 -0.131379 -0.300807
v -0.232699 -0.107896 -0.310002
v -0.209727 -0.106023 -0.219081
v -0.211749 -0.106054 -0.236841
v -0.217019 -0.106293 -0.268476
v -0.218964 -0.106426 -0.276738
v -0.226409 -0.107118 -0.298688
v -0.227777 -0.107273 -0.301560
v -0.215449 0.054561 -0.237451
v -0.212005 0.054563 -0.210012
v -0.226981 0.000000 -0.282644
v -0.225450 0.000000 -0.278035
v -0.225095 0.027547 -0.277937
v -0.230729 0.000000 -0.292191
v -0.230300 0.027627 -0.292078
v -0.237430 0.000000 -0.304734
v -0.242040 0.027882 -0.311632
v -0.235962 0.027738 -0.303091
v -0.212806 0.000000 -0.210193
v -0.217871 0.000000 -0.246130
v -0.237125 0.082194 -0.310705
v -0.231684 0.081743 -0.302220
v -0.226614 0.081392 -0.291293
v -0.221954 0.081136 -0.277255
v -0.219448 0.054612 -0.259782
v -0.240221 0.055401 -0.311264
v -0.234389 0.055108 -0.302745
v -0.228957 0.054882 -0.291766
v -0.223964 0.054717 -0.277666
v -0.221954 -0.081136 -0.277255
v -0.235962 -0.027738 -0.303091
v -0.234389 -0.055108 -0.302745
v -0.228957 -0.054882 -0.291766
v -0.226614 -0.081392 -0.291293
v -0.231684 -0.081743 -0.302220
v -0.237125 -0.082194 -0.310705
v -0.240221 -0.055401 -0.311264
v -0.242040 -0.027882 -0.311632
v -0.223964 -0.054717 -0.277666
v -0.212005 -0.054563 -0.210012
v -0.215449 -0.054561 -0.237451
v -0.219448 -0.054612 -0.259782
v 0.099455 0.180000 0.201551
v 0.099455 -0.180000 0.201551
v 0.111401 0.180000 0.185069
v 0.111401 -0.180000 0.185069
v 0.115037 0.180000 0.178540
v 0.115037 -0.180000 0.178540
v 0.120551 0.180000 0.166130
v 0.120551 -0.180000 0.166130
v 0.124752 0.180000 0.152503
v 0.124752 -0.180000 0.152503
v 0.126161 0.180000 0.145858
v 0.126161 -0.180000 0.145858
v 0.128052 0.180000 0.124910
v 0.128052 -0.180000 0.124910
v 0.128052 -0.180000 -0.006019
v 0.128052 0.180000 -0.006019
v 0.137748 0.191220 -0.017786
v 0.129517 0.205990 -0.009555
v 0.129517 0.180000 -0.009555
v 0.170404 -0.060529 -0.050442
v 0.171738 -0.030286 -0.051776
v 0.129517 -0.180000 -0.009555
v 0.129517 -0.205990 -0.009555
v 0.133361 -0.199500 -0.013399
v 0.141110 -0.184178 -0.021148
v 0.142405 -0.181290 -0.022443
v 0.171985 0.000000 -0.052023
v 0.171942 0.015337 -0.051980
v 0.171081 0.049261 -0.051119
v 0.149852 -0.162485 -0.029890
v 0.156306 -0.142303 -0.036344
v 0.159015 -0.132307 -0.039053
v 0.170848 0.053617 -0.050886
v 0.168681 0.079389 -0.048719
v 0.167958 0.085393 -0.047996
v 0.164204 -0.109050 -0.044242
v 0.168028 -0.084847 -0.048066
v 0.164204 0.109050 -0.044242
v 0.160664 0.125619 -0.040702
v 0.154526 0.148320 -0.034564
v 0.148882 0.165170 -0.028920
v 0.141110 0.184178 -0.021148
v -0.073998 0.180000 0.225316
v -0.073998 -0.180000 0.225316
v -0.063052 0.180000 0.232273
v -0.063052 -0.180000 0.232273
v -0.052982 0.180000 0.237406
v -0.052982 -0.180000 0.237406
v -0.030062 0.180000 0.245317
v -0.030062 -0.180000 0.245317
v -0.029700 0.180000 0.245404
v -0.029700 -0.180000 0.245404
v -0.006063 0.180000 0.248764
v -0.006063 -0.180000 0.248764
v 0.005985 0.180000 0.248772
v 0.005985 -0.180000 0.248772
v 0.018157 0.180000 0.247623
v 0.018157 -0.180000 0.247623
v 0.041205 0.180000 0.242114
v 0.041205 -0.180000 0.242114
v 0.041726 0.180000 0.241936
v 0.041726 -0.180000 0.241936
v 0.063800 0.180000 0.231906
v 0.063800 -0.180000 0.231906
v 0.073198 0.180000 0.225951
v 0.073198 -0.180000 0.225951
v 0.083587 0.180000 0.217894
v 0.083587 -0.180000 0.217894
v 0.128223 0.180000 -0.007313
v 0.128223 -0.180000 -0.007313
v 0.128433 0.180000 -0.007933
v 0.128433 -0.180000 -0.007933
v 0.128722 0.180000 -0.008519
v 0.128722 -0.180000 -0.008519
v 0.128691 0.206779 -0.008888
v 0.127556 0.190113 -0.008345
v 0.128913 0.185895 -0.009040
v 0.129464 0.181769 -0.009503
v 0.127876 0.207549 -0.008463
v 0.129464 -0.181769 -0.009503
v 0.128913 -0.185895 -0.009040
v 0.127882 -0.207543 -0.008466
v 0.127556 -0.190113 -0.008345
v 0.127548 -0.207856 -0.008342
v 0.081676 -0.187071 0.215675
v 0.097777 -0.186246 0.200143
v 0.099023 -0.183310 0.201189
v 0.079559 -0.189239 0.213216
v 0.094725 -0.189239 0.197583
v 0.095855 -0.188479 0.198531
v 0.091874 -0.189999 0.195192
v 0.093476 -0.189756 0.196536
v -0.070427 -0.189239 0.220280
v -0.072304 -0.187071 0.222927
v -0.073558 -0.183827 0.224695
v 0.063421 -0.183827 0.231246
v 0.083091 -0.183827 0.217317
v 0.041478 -0.183827 0.241216
v 0.018049 -0.183827 0.246869
v -0.006026 -0.183827 0.248003
v -0.029883 -0.183827 0.244577
v -0.052666 -0.183827 0.236714
v -0.051768 -0.187071 0.234741
v -0.029373 -0.187071 0.242470
v -0.005923 -0.187071 0.245838
v 0.017742 -0.187071 0.244724
v 0.040773 -0.187071 0.239166
v 0.062342 -0.187071 0.229366
v -0.050424 -0.189239 0.231788
v -0.028610 -0.189239 0.239317
v -0.005768 -0.189239 0.242598
v 0.017283 -0.189239 0.241512
v 0.039716 -0.189239 0.236099
v 0.060726 -0.189239 0.226553
v 0.106106 -0.189239 0.181895
v 0.108889 -0.187071 0.183563
v 0.110748 -0.183827 0.184678
v 0.127291 -0.183827 0.124910
v 0.125413 -0.183827 0.145722
v 0.126712 -0.185000 0.124910
v 0.123280 -0.187071 0.145334
v 0.120088 -0.189239 0.144753
v 0.123052 -0.188660 0.124910
v 0.125123 -0.187071 0.124910
v 0.121879 -0.189239 0.124910
v 0.119838 -0.183827 0.165862
v 0.117809 -0.187071 0.165098
v 0.114773 -0.189239 0.163955
v 0.126717 -0.184991 -0.004470
v 0.127982 -0.181179 -0.005916
v 0.127248 -0.183930 -0.004990
v 0.120801 -0.189615 -0.003090
v 0.123052 -0.188660 -0.003090
v 0.123338 -0.188489 -0.003090
v 0.125438 -0.186742 -0.003599
v 0.091874 0.189999 0.195192
v 0.093476 0.189756 0.196536
v 0.095855 0.188479 0.198531
v 0.094725 0.189239 0.197583
v 0.079559 0.189239 0.213216
v 0.081676 0.187071 0.215675
v 0.097777 0.186246 0.200143
v 0.083091 0.183827 0.217317
v 0.099023 0.183310 0.201189
v -0.052666 0.183827 0.236714
v -0.073558 0.183827 0.224695
v -0.029883 0.183827 0.244577
v -0.006026 0.183827 0.248003
v 0.018049 0.183827 0.246869
v 0.041478 0.183827 0.241216
v 0.063421 0.183827 0.231246
v 0.062342 0.187071 0.229366
v 0.040773 0.187071 0.239166
v 0.017742 0.187071 0.244724
v -0.005923 0.187071 0.245838
v -0.029373 0.187071 0.242470
v -0.051768 0.187071 0.234741
v -0.072304 0.187071 0.222927
v 0.060726 0.189239 0.226553
v 0.039716 0.189239 0.236099
v 0.017283 0.189239 0.241512
v -0.005768 0.189239 0.242598
v -0.028610 0.189239 0.239317
v -0.050424 0.189239 0.231788
v -0.070427 0.189239 0.220280
v 0.125413 0.183827 0.145722
v 0.110748 0.183827 0.184678
v 0.108889 0.187071 0.183563
v 0.106106 0.189239 0.181895
v 0.119838 0.183827 0.165862
v 0.117809 0.187071 0.165098
v 0.123280 0.187071 0.145334
v 0.127291 0.183827 0.124910
v 0.126712 0.185000 0.124910
v 0.125123 0.187071 0.124910
v 0.123052 0.188660 0.124910
v 0.114773 0.189239 0.163955
v 0.120088 0.189239 0.144753
v 0.121879 0.189239 0.124910
v 0.120801 0.189615 -0.003090
v 0.123052 0.188660 -0.003090
v 0.126717 0.184991 -0.004470
v 0.125438 0.186742 -0.003599
v 0.123338 0.188489 -0.003090
v 0.127248 0.183930 -0.004990
v 0.127982 0.181179 -0.005916
v -0.179066 -0.194518 -0.008067
v 0.118052 -0.192500 -0.007420
v -0.180298 -0.192894 -0.007625
v -0.181855 -0.190674 -0.005597
v -0.181694 -0.190914 -0.005972
v 0.118052 -0.190670 -0.005590
v -0.181326 -0.191454 -0.006615
v -0.180577 -0.192511 -0.007426
v -0.182139 -0.190239 -0.004617
v 0.124660 -0.190611 -0.007420
v 0.121488 -0.192018 -0.007420
v 0.120985 -0.190259 -0.005590
v 0.123692 -0.189057 -0.005590
v 0.128143 -0.181350 -0.007236
v 0.128649 -0.181552 -0.008461
v 0.125481 -0.187418 -0.005701
v 0.127902 -0.185130 -0.007967
v 0.127325 -0.184450 -0.006566
v 0.126236 -0.188620 -0.007393
v -0.182257 0.190049 -0.003791
v 0.118052 0.190381 -0.005004
v 0.118052 0.191464 -0.006626
v -0.181326 0.191454 -0.006615
v 0.118052 0.190670 -0.005590
v -0.181855 0.190674 -0.005597
v -0.181947 0.190534 -0.005339
v 0.118052 0.193087 -0.007710
v -0.180086 0.193180 -0.007747
v 0.118052 0.192500 -0.007420
v -0.180575 0.192514 -0.007428
v -0.181152 0.191704 -0.006850
v 0.121649 0.192582 -0.007710
v 0.124660 0.190611 -0.007420
v 0.121204 0.191023 -0.006626
v 0.124112 0.189732 -0.006626
v 0.123692 0.189057 -0.005590
v 0.120906 0.189981 -0.005004
v 0.123539 0.188812 -0.005004
v 0.128649 0.181552 -0.008461
v 0.128143 0.181350 -0.007236
v 0.127325 0.184450 -0.006566
v 0.126236 0.188620 -0.007393
v 0.125481 0.187418 -0.005701
v 0.127902 0.185130 -0.007967
v -0.187670 0.173879 0.093757
v -0.188532 0.170962 0.096871
v -0.191938 0.157073 0.107446
v -0.193325 0.149879 0.110960
v -0.196702 0.125000 0.115910
v -0.195371 0.136525 0.114880
v -0.193898 0.146528 0.112241
v -0.190006 0.165475 0.101770
v -0.182404 0.188540 0.064611
v -0.181854 0.189942 0.053663
v -0.183741 0.185211 0.075398
v -0.183803 0.185052 0.075786
v -0.185643 0.180074 0.085432
v -0.197534 0.116157 0.115910
v -0.199601 -0.079138 0.115910
v -0.198207 -0.107301 0.115910
v -0.197534 -0.116157 0.115910
v -0.196702 -0.125000 0.115910
v -0.198207 0.107301 0.115910
v -0.198772 0.098125 0.115910
v -0.200153 0.056324 0.115910
v -0.200413 0.028163 0.115910
v -0.200450 0.000000 0.115910
v -0.200231 -0.050952 0.115910
v -0.188894 -0.169676 0.098123
v -0.188532 -0.170962 0.096872
v -0.182196 -0.189052 0.061973
v -0.183146 -0.186713 0.071318
v -0.186562 -0.177371 0.089410
v -0.184886 -0.182186 0.081809
v -0.183804 -0.185048 0.075794
v -0.190847 -0.162012 0.104343
v -0.192943 -0.151982 0.110045
v -0.196129 -0.130333 0.115691
v -0.194653 -0.141687 0.113731
v -0.193325 -0.149878 0.110961
v -0.183214 0.189461 0.050920
v -0.182582 0.189860 0.050916
v -0.183221 0.189403 0.053624
v -0.182589 0.189802 0.053648
v -0.183150 0.188411 0.064516
v -0.184510 0.185109 0.075230
v -0.186447 0.180008 0.085209
v -0.188511 0.173848 0.093498
v -0.190890 0.165482 0.101490
v -0.192856 0.157108 0.107160
v -0.183787 0.188018 0.064373
v -0.185158 0.184731 0.074970
v -0.187110 0.179656 0.084838
v -0.189189 0.173532 0.093033
v -0.191584 0.165220 0.100934
v -0.193562 0.156907 0.106537
v -0.195565 0.146473 0.111277
v -0.197067 0.136577 0.113891
v -0.198421 0.125179 0.114918
v -0.194849 0.146590 0.111958
v -0.196345 0.136607 0.114603
v -0.197693 0.125103 0.115644
v -0.198526 0.116241 0.115644
v -0.199255 0.116302 0.114917
v -0.199201 0.107369 0.115644
v -0.199931 0.107418 0.114917
v -0.182791 0.189861 0.023916
v -0.183014 0.189861 -0.003084
v -0.183423 0.189462 0.023921
v -0.183644 0.189463 -0.003078
v -0.200497 0.098220 0.114917
v -0.199767 0.098180 0.115644
v -0.201881 0.056352 0.114916
v -0.202142 0.028169 0.114916
v -0.202179 0.000000 0.114916
v -0.201149 0.056340 0.115644
v -0.201410 0.028166 0.115644
v -0.201447 0.000000 0.115644
v -0.183319 0.190152 -0.005856
v -0.182085 0.191520 -0.006921
v -0.183620 0.189527 -0.003945
v -0.182990 0.189917 -0.003853
v -0.182688 0.190472 -0.005546
v -0.182716 0.191337 -0.007414
v -0.201228 -0.050965 0.115644
v -0.201959 -0.050974 0.114916
v -0.200597 -0.079172 0.115644
v -0.201328 -0.079196 0.114916
v -0.199201 -0.107369 0.115644
v -0.199931 -0.107418 0.114917
v -0.180888 0.193473 -0.008088
v -0.182547 0.191659 -0.007697
v -0.181916 0.191805 -0.007170
v -0.181521 0.193549 -0.008751
v -0.180188 0.195853 -0.009082
v -0.179552 0.195492 -0.008356
v -0.198526 -0.116241 0.115644
v -0.199255 -0.116302 0.114917
v -0.197693 -0.125103 0.115644
v -0.198421 -0.125179 0.114918
v -0.127682 0.243373 -0.009087
v -0.127375 0.242709 -0.008357
v -0.138120 0.237953 -0.009087
v -0.137753 0.237320 -0.008357
v -0.144204 0.234182 -0.009087
v -0.156525 0.224808 -0.009086
v -0.167400 0.213921 -0.009085
v -0.171832 0.208488 -0.009084
v -0.143800 0.233572 -0.008357
v -0.156044 0.224256 -0.008357
v -0.166848 0.213441 -0.008356
v -0.171251 0.208044 -0.008356
v -0.185676 -0.182106 0.081604
v -0.197839 -0.130452 0.114696
v -0.195616 -0.141759 0.113451
v -0.197113 -0.130426 0.115420
v -0.189757 -0.169666 0.097850
v -0.191746 -0.162032 0.104059
v -0.193878 -0.152031 0.109759
v -0.187383 -0.177321 0.089168
v -0.196335 -0.141683 0.112752
v -0.194589 -0.151869 0.109105
v -0.192445 -0.161794 0.103473
v -0.190444 -0.169376 0.097336
v -0.188053 -0.176985 0.088752
v -0.186334 -0.181743 0.081273
v -0.184548 -0.186214 0.070961
v -0.183573 -0.188524 0.061783
v -0.183214 -0.189461 0.050920
v -0.183904 -0.186600 0.071176
v -0.182937 -0.188919 0.061897
v -0.182582 -0.189860 0.050916
v -0.042219 0.261933 -0.009083
v -0.042162 0.261204 -0.008356
v -0.053584 0.260928 -0.009084
v -0.053511 0.260200 -0.008356
v -0.080524 0.257285 -0.009085
v -0.083586 0.256728 -0.009085
v -0.104482 0.251854 -0.009086
v -0.111325 0.249759 -0.009087
v -0.080397 0.256565 -0.008357
v -0.083451 0.256009 -0.008357
v -0.104281 0.251150 -0.008357
v -0.111097 0.249064 -0.008357
v -0.182791 -0.189861 0.023916
v -0.183423 -0.189462 0.023921
v -0.183014 -0.189861 -0.003084
v -0.183644 -0.189463 -0.003078
v 0.046512 0.258858 -0.008674
v 0.046567 0.259171 -0.009087
v 0.028348 0.261720 -0.009085
v 0.028271 0.260993 -0.008357
v 0.046440 0.258451 -0.008357
v 0.004681 0.263272 -0.009083
v -0.018800 0.263225 -0.009083
v 0.004659 0.262541 -0.008356
v -0.018777 0.262494 -0.008356
v -0.182875 -0.190134 -0.004758
v -0.183073 -0.190643 -0.006633
v -0.182716 -0.191337 -0.007414
v -0.182442 -0.190906 -0.006233
v -0.182085 -0.191520 -0.006921
v -0.183506 -0.189771 -0.004967
v 0.122063 0.217783 -0.009086
v 0.122155 0.217854 -0.009320
v 0.115327 0.225857 -0.009323
v 0.121484 0.217336 -0.008357
v 0.121811 0.217588 -0.008673
v 0.115012 0.225559 -0.008675
v 0.114540 0.225114 -0.008242
v 0.121299 0.217192 -0.008242
v 0.104716 0.235588 -0.009326
v 0.095207 0.242235 -0.009327
v 0.082456 0.248918 -0.009327
v 0.068608 0.254073 -0.009325
v 0.064710 0.255222 -0.009324
v 0.104448 0.235248 -0.008676
v 0.094980 0.241866 -0.008677
v 0.082280 0.248521 -0.008677
v 0.068480 0.253659 -0.008676
v 0.064593 0.254804 -0.008676
v 0.104045 0.234739 -0.008243
v 0.094640 0.241313 -0.008243
v 0.082018 0.247928 -0.008243
v 0.068288 0.253039 -0.008242
v 0.064418 0.254180 -0.008242
v -0.180548 -0.195247 -0.009080
v -0.180188 -0.195853 -0.009082
v -0.179913 -0.194962 -0.008361
v -0.179552 -0.195492 -0.008356
v -0.181724 -0.193184 -0.008612
v -0.181092 -0.193151 -0.007969
v 0.124816 0.214064 -0.009085
v 0.124220 0.213640 -0.008357
v 0.127424 0.210251 -0.009084
v 0.126813 0.209849 -0.008356
v -0.171523 -0.208890 -0.009084
v -0.170944 -0.208443 -0.008356
v -0.161438 -0.220257 -0.009086
v -0.158784 -0.222783 -0.009086
v -0.146832 -0.232393 -0.009087
v -0.141663 -0.235818 -0.009087
v -0.127682 -0.243373 -0.009087
v -0.160926 -0.219735 -0.008357
v -0.158288 -0.222245 -0.008357
v -0.146412 -0.231793 -0.008357
v -0.141274 -0.235197 -0.008357
v -0.127375 -0.242709 -0.008357
v 0.129097 0.207205 -0.009305
v 0.129869 0.206753 -0.010423
v 0.129309 0.207576 -0.009886
v 0.129840 0.206578 -0.010173
v 0.129771 0.206390 -0.009941
v -0.042219 -0.261933 -0.009083
v -0.066454 -0.259442 -0.009084
v -0.124548 -0.244774 -0.009087
v -0.124258 -0.244103 -0.008357
v -0.108195 -0.250753 -0.009086
v -0.090527 -0.255329 -0.009086
v -0.107980 -0.250054 -0.008357
v -0.090372 -0.254614 -0.008357
v -0.066359 -0.258717 -0.008356
v -0.042162 -0.261204 -0.008356
v 0.138104 0.191709 -0.018409
v 0.141477 0.184630 -0.021772
v -0.029828 -0.262754 -0.009083
v -0.029788 -0.262023 -0.008356
v 0.023195 -0.262214 -0.009084
v -0.000308 -0.263382 -0.009083
v 0.046567 -0.259171 -0.009087
v 0.046512 -0.258858 -0.008674
v -0.000319 -0.262651 -0.008356
v 0.023132 -0.261486 -0.008356
v 0.046440 -0.258451 -0.008357
v 0.164616 0.109248 -0.044865
v 0.161070 0.125863 -0.041326
v 0.154923 0.148632 -0.035189
v 0.149268 0.165540 -0.029545
v 0.060161 -0.256425 -0.009324
v 0.060056 -0.256004 -0.008675
v 0.059899 -0.255375 -0.008242
v 0.076887 -0.251214 -0.009326
v 0.081148 -0.249487 -0.009327
v 0.094378 -0.242740 -0.009327
v 0.076732 -0.250809 -0.008677
v 0.080977 -0.249088 -0.008677
v 0.094154 -0.242369 -0.008677
v 0.106255 -0.234346 -0.009325
v 0.105979 -0.234012 -0.008676
v 0.112590 -0.228647 -0.009324
v 0.112287 -0.228337 -0.008675
v 0.122155 -0.217854 -0.009320
v 0.122063 -0.217783 -0.009086
v 0.121811 -0.217588 -0.008673
v 0.121484 -0.217336 -0.008357
v 0.076499 -0.250203 -0.008243
v 0.080722 -0.248492 -0.008243
v 0.093819 -0.241812 -0.008243
v 0.105566 -0.233511 -0.008242
v 0.111832 -0.227874 -0.008242
v 0.121299 -0.217192 -0.008242
v 0.172405 0.000000 -0.052640
v 0.172362 0.015345 -0.052597
v 0.171501 0.049313 -0.051738
v 0.171268 0.053676 -0.051505
v 0.169099 0.079507 -0.049340
v 0.168376 0.085525 -0.048618
v 0.124816 -0.214064 -0.009085
v 0.124220 -0.213640 -0.008357
v 0.126813 -0.209849 -0.008356
v 0.127424 -0.210251 -0.009084
v 0.164616 -0.109248 -0.044865
v 0.168445 -0.084978 -0.048687
v 0.170824 -0.060603 -0.051062
v 0.172158 -0.030309 -0.052394
v 0.128149 -0.208326 -0.008735
v 0.128525 -0.208709 -0.009405
v 0.129771 -0.206390 -0.009941
v 0.129840 -0.206578 -0.010173
v 0.129869 -0.206753 -0.010423
v 0.141477 -0.184630 -0.021772
v 0.142775 -0.181728 -0.023067
v 0.150239 -0.162845 -0.030514
v 0.156706 -0.142596 -0.036969
v 0.159420 -0.132570 -0.039678
v 0.133701 -0.200041 -0.014019
v -0.160211 0.141457 0.040323
v -0.186022 0.146008 0.044874
v -0.160211 0.141457 -0.003503
v -0.186257 0.146050 0.018365
v -0.186523 0.146097 -0.008143
v -0.160211 0.111913 -0.033047
v -0.192832 0.117665 -0.038799
v -0.193333 0.111814 -0.038888
v -0.195231 -0.077423 -0.039222
v -0.193771 -0.105958 -0.038965
v -0.160211 -0.111913 -0.033047
v -0.193333 -0.111814 -0.038888
v -0.192832 -0.117665 -0.038799
v -0.193771 0.105958 -0.038965
v -0.194262 0.098333 -0.039051
v -0.195781 0.056844 -0.039319
v -0.196113 0.028423 -0.039378
v -0.196176 0.000000 -0.039389
v -0.195915 -0.048861 -0.039343
v -0.186022 -0.146008 0.044874
v -0.160211 -0.141457 0.040323
v -0.186257 -0.146050 0.018365
v -0.160211 -0.141457 -0.003503
v -0.186523 -0.146097 -0.008143
v -0.194324 -0.028568 0.075882
v -0.194364 0.000000 0.075889
v -0.160211 -0.111913 0.069867
v -0.191327 -0.117399 0.075354
v -0.191769 -0.112023 0.075431
v -0.192157 -0.106642 0.075500
v -0.193539 0.078249 0.075744
v -0.192157 0.106642 0.075500
v -0.160211 0.111913 0.069867
v -0.191769 0.112023 0.075431
v -0.191327 0.117399 0.075354
v -0.194156 0.049831 0.075852
v -0.192656 -0.098533 0.075588
v -0.194049 -0.057136 0.075834
v -0.151948 0.128965 -0.013438
v -0.151948 0.121848 -0.020555
v -0.151948 0.131609 -0.003503
v -0.151948 0.111913 -0.023199
v -0.151948 0.131609 0.040323
v -0.151948 0.111913 0.060019
v -0.151948 0.128965 0.050258
v -0.151948 0.121848 0.057375
v -0.151948 -0.121848 -0.020555
v -0.151948 -0.128965 -0.013438
v -0.151948 -0.111913 -0.023199
v -0.151948 -0.131609 -0.003503
v -0.151948 -0.131609 0.040323
v -0.151948 -0.128965 0.050258
v -0.151948 -0.121848 0.057375
v -0.151948 -0.111913 0.060019
v -0.159606 -0.137385 0.055119
v -0.186444 -0.145446 0.051121
v -0.186874 -0.144398 0.055171
v -0.187542 -0.142348 0.059980
v -0.187677 -0.141883 0.060824
v -0.159606 -0.126709 0.065794
v -0.188289 -0.139554 0.064309
v -0.189192 -0.135387 0.068668
v -0.189787 -0.131993 0.071138
v -0.190523 -0.126630 0.073718
v -0.190919 -0.122811 0.074781
v -0.191891 -0.127144 -0.037049
v -0.159606 -0.126709 -0.028975
v -0.192324 -0.123579 -0.038108
v -0.191085 -0.132197 -0.034561
v -0.191039 -0.132444 -0.034405
v -0.190433 -0.135420 -0.032212
v -0.189381 -0.139600 -0.027856
v -0.188747 -0.141665 -0.024832
v -0.159606 -0.137385 -0.018299
v -0.188457 -0.142510 -0.023320
v -0.187758 -0.144293 -0.019206
v -0.186600 -0.146092 -0.009190
v -0.187231 -0.145360 -0.015433
v -0.159606 0.137385 -0.018299
v -0.187108 0.145562 -0.014422
v -0.187654 0.144524 -0.018523
v -0.188457 0.142509 -0.023322
v -0.159606 0.126709 -0.028975
v -0.188624 0.142030 -0.024203
v -0.189354 0.139693 -0.027735
v -0.190404 0.135549 -0.032102
v -0.191100 0.132118 -0.034611
v -0.191939 0.126783 -0.037180
v -0.192391 0.122939 -0.038244
v -0.190485 0.126948 0.073603
v -0.159606 0.126709 0.065794
v -0.190870 0.123345 0.074667
v -0.189790 0.131969 0.071153
v -0.189741 0.132279 0.070959
v -0.189208 0.135300 0.068741
v -0.187542 0.142348 0.059979
v -0.159606 0.137385 0.055119
v -0.187760 0.141586 0.061332
v -0.188304 0.139493 0.064388
v -0.186942 0.144212 0.055719
v -0.186522 0.145277 0.051952
v -0.186063 0.146003 0.045737
v -0.198520 -0.118113 0.080755
v -0.197252 -0.117971 0.078799
v -0.196709 -0.124108 0.078176
v -0.195566 -0.117799 0.077193
v -0.194595 -0.117704 0.076549
v -0.194129 -0.123387 0.075970
v -0.198349 -0.124888 0.081134
v -0.198974 -0.118169 0.081831
v -0.193711 -0.127406 0.074861
v -0.192981 -0.133051 0.072149
v -0.192418 -0.136615 0.069551
v -0.191599 -0.140967 0.064977
v -0.191063 -0.143377 0.061337
v -0.190392 -0.145943 0.055471
v -0.190054 -0.146984 0.051299
v -0.189762 -0.147489 0.044907
v -0.196252 -0.128457 0.076985
v -0.195492 -0.134577 0.074076
v -0.194930 -0.138449 0.071290
v -0.194142 -0.143187 0.066388
v -0.193648 -0.145816 0.062491
v -0.193061 -0.148622 0.056217
v -0.192792 -0.149763 0.051759
v -0.192616 -0.150325 0.044936
v -0.197839 -0.129655 0.079835
v -0.197010 -0.136383 0.076681
v -0.196408 -0.140657 0.073664
v -0.195578 -0.145918 0.068356
v -0.195069 -0.148861 0.064127
v -0.194484 -0.152036 0.057298
v -0.194235 -0.153355 0.052430
v -0.194122 -0.154055 0.044954
v -0.189999 -0.147532 0.018403
v -0.190269 -0.147581 -0.008099
v -0.192854 -0.150370 0.018435
v -0.193124 -0.150424 -0.008063
v -0.194358 -0.154104 0.018455
v -0.194626 -0.154163 -0.008040
v -0.198967 -0.112649 0.080833
v -0.196011 -0.112374 0.077271
v -0.196401 -0.106951 0.077340
v -0.199360 -0.107193 0.080901
v -0.199947 -0.118402 -0.044052
v -0.200412 -0.118462 -0.045101
v -0.199673 -0.125818 -0.044262
v -0.195477 -0.124201 -0.039258
v -0.195030 -0.127959 -0.038148
v -0.190323 -0.147592 -0.009168
v -0.193158 -0.150433 -0.009203
v -0.194647 -0.154160 -0.009290
v -0.190812 -0.146917 -0.015564
v -0.192095 -0.143175 -0.025306
v -0.191246 -0.145857 -0.019457
v -0.192657 -0.141037 -0.028470
v -0.193619 -0.136671 -0.033050
v -0.194193 -0.133544 -0.035362
v -0.196045 -0.117978 -0.039963
v -0.197003 -0.118076 -0.040589
v -0.193528 -0.149688 -0.016030
v -0.193896 -0.148525 -0.020190
v -0.194659 -0.145593 -0.026445
v -0.195184 -0.143260 -0.029832
v -0.196112 -0.138504 -0.034737
v -0.196683 -0.135105 -0.037215
v -0.197545 -0.129046 -0.040201
v -0.198026 -0.124978 -0.041392
v -0.198674 -0.118255 -0.042150
v -0.194964 -0.153248 -0.016760
v -0.195318 -0.151906 -0.021296
v -0.196086 -0.148587 -0.028092
v -0.196628 -0.145976 -0.031761
v -0.197601 -0.140693 -0.037063
v -0.198208 -0.136939 -0.039740
v -0.199141 -0.130277 -0.042969
v -0.199865 -0.098988 0.080989
v -0.196903 -0.098788 0.077428
v -0.201269 -0.057272 0.081235
v -0.201545 -0.028602 0.081284
v -0.201585 0.000000 0.081291
v -0.198302 -0.057212 0.077674
v -0.198578 -0.028587 0.077723
v -0.198618 0.000000 0.077730
v -0.200454 -0.112457 -0.044138
v -0.197507 -0.112173 -0.040677
v -0.200897 -0.106521 -0.044213
v -0.197947 -0.106272 -0.040754
v -0.198409 0.049889 0.077693
v -0.201376 0.049934 0.081253
v -0.197790 0.078399 0.077584
v -0.200755 0.078516 0.081144
v -0.196401 0.106951 0.077340
v -0.199360 0.107193 0.080901
v -0.200092 -0.048926 -0.041127
v -0.200350 0.000000 -0.041171
v -0.203049 -0.048978 -0.044574
v -0.203307 0.000000 -0.044615
v -0.199409 -0.077581 -0.041008
v -0.202365 -0.077707 -0.044461
v -0.196011 0.112374 0.077271
v -0.198967 0.112649 0.080833
v -0.195566 0.117799 0.077193
v -0.197252 0.117971 0.078799
v -0.198520 0.118113 0.080755
v -0.200897 0.106521 -0.044213
v -0.197947 0.106272 -0.040754
v -0.201391 0.098808 -0.044297
v -0.198439 0.098598 -0.040839
v -0.202915 0.056999 -0.044552
v -0.203245 0.028468 -0.044606
v -0.199958 0.056930 -0.041104
v -0.200289 0.028448 -0.041160
v -0.192616 0.150325 0.044936
v -0.189762 0.147489 0.044907
v -0.189786 0.147495 0.045788
v -0.194122 0.154055 0.044954
v -0.192623 0.150329 0.045875
v -0.194118 0.154050 0.045985
v -0.190114 0.146818 0.052153
v -0.191135 0.143071 0.061866
v -0.190447 0.145755 0.056038
v -0.191612 0.140903 0.065059
v -0.192434 0.136524 0.069628
v -0.192937 0.133351 0.071960
v -0.193673 0.127741 0.074740
v -0.194075 0.123949 0.075851
v -0.192837 0.149581 0.052671
v -0.193107 0.148415 0.056823
v -0.193713 0.145483 0.063058
v -0.194154 0.143118 0.066476
v -0.194945 0.138350 0.071372
v -0.195447 0.134903 0.073873
v -0.196211 0.128820 0.076856
v -0.196649 0.124716 0.078049
v -0.194275 0.153142 0.053427
v -0.194528 0.151801 0.057959
v -0.195136 0.148486 0.064742
v -0.195591 0.145841 0.068451
v -0.196424 0.140548 0.073754
v -0.196961 0.136742 0.076461
v -0.197794 0.130053 0.079694
v -0.198282 0.125553 0.080994
v -0.197507 0.112173 -0.040677
v -0.199947 0.118402 -0.044052
v -0.200454 0.112457 -0.044138
v -0.198674 0.118255 -0.042150
v -0.197003 0.118076 -0.040589
v -0.189999 0.147532 0.018403
v -0.192854 0.150370 0.018435
v -0.194358 0.154104 0.018455
v -0.190269 0.147581 -0.008099
v -0.193124 0.150424 -0.008063
v -0.194626 0.154163 -0.008040
v -0.195549 0.123527 -0.039400
v -0.198105 0.124249 -0.041545
v -0.199762 0.125020 -0.044428
v -0.195079 0.127578 -0.038286
v -0.194251 0.133201 -0.035579
v -0.193592 0.136807 -0.032934
v -0.192633 0.141135 -0.028343
v -0.191987 0.143551 -0.024649
v -0.191160 0.146089 -0.018751
v -0.190714 0.147114 -0.014524
v -0.197597 0.128634 -0.040349
v -0.196741 0.134732 -0.037447
v -0.196085 0.138652 -0.034612
v -0.195161 0.143366 -0.029696
v -0.194560 0.146004 -0.025742
v -0.193821 0.148779 -0.019435
v -0.193448 0.149904 -0.014920
v -0.199198 0.129825 -0.043129
v -0.198271 0.136529 -0.039990
v -0.197573 0.140856 -0.036929
v -0.196604 0.146094 -0.031614
v -0.195985 0.149050 -0.027330
v -0.195245 0.152197 -0.020473
v -0.194890 0.153502 -0.015548
v -0.155976 0.111913 -0.031220
v -0.155976 -0.111913 -0.031220
v -0.153012 0.111913 -0.027687
v -0.153012 -0.111913 -0.027687
v -0.152921 0.124000 -0.024282
v -0.152921 0.132692 -0.015590
v -0.155651 0.135693 -0.017323
v -0.155651 0.125732 -0.027283
v -0.155976 0.139630 -0.003503
v -0.153012 0.136097 -0.003503
v -0.152921 -0.132692 -0.015590
v -0.152921 -0.124000 -0.024282
v -0.155651 -0.125732 -0.027283
v -0.153012 -0.136097 -0.003503
v -0.155651 -0.135693 -0.017323
v -0.155976 -0.139630 -0.003503
v -0.155976 0.139630 0.040323
v -0.153012 0.136097 0.040323
v -0.153012 -0.136097 0.040323
v -0.155976 -0.139630 0.040323
v -0.152921 0.132692 0.052409
v -0.152921 0.124000 0.061101
v -0.155651 0.125732 0.064103
v -0.155651 0.135693 0.054142
v -0.155976 0.111913 0.068040
v -0.153012 0.111913 0.064507
v -0.152921 -0.124000 0.061101
v -0.152921 -0.132692 0.052409
v -0.155651 -0.135693 0.054142
v -0.153012 -0.111913 0.064507
v -0.155651 -0.125732 0.064103
v -0.155976 -0.111913 0.068040
vn -0.9995 0.0084 0.0306
vn -0.9997 0.0022 0.0256
vn -0.9995 0.0116 0.0292
vn -0.9986 0.0451 0.0281
vn -0.9991 0.0365 0.0214
vn -0.9977 0.0639 0.0246
vn -0.9976 0.0532 0.0436
vn -0.9977 0.0434 0.0517
vn -0.9986 0.0115 0.0518
vn -0.9985 0.0084 0.0547
vn -0.9908 -0.1297 0.0385
vn -0.9687 -0.2463 0.0323
vn -0.9969 -0.0742 0.0249
vn -0.9202 -0.3914 0.0013
vn -0.9794 -0.2016 0.0137
vn -0.9702 -0.2409 0.0278
vn -0.9667 -0.2558 0.0064
vn -0.9646 -0.2635 0.0103
vn -0.9676 -0.2519 0.0196
vn -0.9648 -0.2628 0.0131
vn -0.9623 -0.2718 0.0090
vn -0.9598 -0.2800 -0.0181
vn -0.9675 -0.2528 -0.0021
vn -0.9809 -0.1940 0.0135
vn -0.9836 -0.1792 0.0196
vn -0.9971 -0.0758 0.0065
vn -0.9974 -0.0720 0.0077
vn -0.9966 -0.0819 0.0065
vn -0.9956 -0.0936 0.0073
vn -0.9954 -0.0954 0.0068
vn -0.9860 -0.1639 0.0306
vn -0.9788 -0.2046 -0.0115
vn -0.9906 -0.1353 0.0217
vn -0.9859 -0.1671 -0.0051
vn -0.9935 -0.1130 0.0153
vn -0.9910 -0.1335 0.0032
vn -0.9939 -0.1105 0.0070
vn -0.8951 -0.4458 0.0077
vn -0.8947 -0.4466 0.0083
vn -0.9213 -0.3887 0.0100
vn -0.9399 -0.3416 0.0025
vn -0.9350 -0.3545 0.0075
vn -0.9640 -0.2656 0.0108
vn -0.9646 -0.2634 0.0102
vn -0.9215 -0.3884 -0.0006
vn -0.9280 -0.3725 0.0077
vn -0.9233 -0.3841 0.0042
vn -0.9151 -0.4031 0.0071
vn -0.9187 -0.3949 0.0040
vn -0.9911 -0.1314 0.0215
vn -0.9932 -0.1148 0.0219
vn -0.9961 -0.0850 0.0239
vn -0.9818 -0.1895 0.0131
vn -0.9839 -0.1785 0.0067
vn -0.9837 -0.1790 0.0186
vn -0.9167 -0.3987 0.0255
vn -0.9282 -0.3717 0.0164
vn -0.9255 -0.3784 0.0143
vn -0.9256 -0.3785 0.0069
vn -0.9132 -0.4074 -0.0114
vn -0.9835 -0.1766 0.0380
vn -0.9861 -0.1630 0.0332
vn -0.9864 -0.1632 0.0173
vn -0.9882 -0.1527 0.0153
vn -0.9938 -0.1023 0.0439
vn -0.9944 -0.0965 0.0423
vn -0.9948 -0.0997 0.0212
vn -0.9948 -0.0996 0.0212
vn -0.9524 -0.3020 0.0418
vn -0.9655 -0.2589 0.0272
vn -0.9657 -0.2590 0.0178
vn -0.9678 -0.2513 0.0156
vn -0.9679 -0.2513 0.0040
vn -0.9686 -0.2485 0.0011
vn -0.9995 -0.0084 0.0306
vn -0.9996 -0.0053 0.0281
vn -0.9987 -0.0448 0.0251
vn -0.9985 -0.0509 0.0204
vn -0.9993 -0.0238 0.0296
vn -0.9984 -0.0115 0.0547
vn -0.9986 -0.0084 0.0518
vn -0.9973 -0.0532 0.0516
vn -0.9980 -0.0447 0.0443
vn -0.9839 0.1772 -0.0217
vn -0.9232 0.3844 0.0012
vn -0.9237 0.3832 -0.0000
vn -0.9408 0.3387 0.0086
vn -0.9471 0.3209 0.0008
vn -0.9271 0.3747 0.0105
vn -0.9190 0.3943 0.0062
vn -0.9180 0.3965 0.0071
vn -0.9238 0.3828 0.0046
vn -0.9280 0.3725 0.0077
vn -0.9248 0.3804 0.0036
vn -0.9171 0.3985 -0.0062
vn -0.9129 0.4079 -0.0119
vn -0.9092 0.4161 -0.0168
vn -0.8960 0.4441 0.0078
vn -0.9662 0.2576 0.0074
vn -0.9646 0.2634 0.0102
vn -0.9657 0.2594 0.0092
vn -0.9655 0.2603 0.0090
vn -0.9656 0.2600 0.0090
vn -0.9682 0.2497 0.0126
vn -0.9707 0.2399 0.0171
vn -0.9618 0.2738 -0.0022
vn -0.9776 0.2101 0.0133
vn -0.9724 0.2333 0.0037
vn -0.9822 0.1877 0.0097
vn -0.9974 0.0720 0.0065
vn -0.9971 0.0759 0.0072
vn -0.9966 0.0819 0.0065
vn -0.9956 0.0936 0.0073
vn -0.9953 0.0963 0.0066
vn -0.9929 0.1190 0.0075
vn -0.9935 0.1130 0.0096
vn -0.9885 0.1510 0.0030
vn -0.9911 0.1327 0.0131
vn -0.9822 0.1880 -0.0008
vn -0.9873 0.1576 0.0205
vn -0.9849 0.1727 0.0132
vn -0.9839 0.1788 0.0071
vn -0.9816 0.1903 0.0134
vn -0.9678 0.2513 0.0134
vn -0.9703 0.2417 -0.0056
vn -0.9683 0.2498 0.0021
vn -0.9908 0.1345 0.0119
vn -0.9864 0.1631 0.0209
vn -0.9933 0.1130 0.0219
vn -0.9949 0.0987 0.0210
vn -0.9962 0.0850 0.0186
vn -0.9949 0.0981 0.0221
vn -0.9969 0.0742 0.0245
vn -0.9168 0.3988 0.0209
vn -0.9854 0.1693 0.0187
vn -0.9677 0.2513 0.0179
vn -0.9658 0.2590 0.0155
vn -0.9288 0.3703 0.0144
vn -0.9225 0.3858 0.0111
vn -0.9223 0.3856 0.0257
vn -0.9616 0.2732 0.0270
vn -0.9654 0.2588 0.0322
vn -0.9837 0.1767 0.0331
vn -0.9859 0.1630 0.0381
vn -0.9932 0.1101 0.0386
vn -0.9942 0.0979 0.0433
vn -0.0000 1.0000 -0.0000
vn -0.0000 -1.0000 -0.0000
vn -1.0000 0.0042 0.0063
vn -0.9981 0.0614 0.0066
vn -0.9988 0.0487 0.0025
vn -0.9994 0.0330 0.0134
vn -0.9998 0.0217 0.0045
vn -0.9999 0.0093 0.0073
vn -1.0000 0.0013 0.0012
vn -1.0000 -0.0043 0.0063
vn -0.9999 -0.0014 0.0116
vn -0.9999 -0.0096 0.0050
vn -0.9997 -0.0223 0.0079
vn -0.9994 -0.0337 -0.0009
vn -0.9987 -0.0494 0.0101
vn -0.9981 -0.0615 0.0066
vn -0.0000 -0.0000 1.0000
vn -1.0000 -0.0000 -0.0000
vn -0.0000 -0.0000 -1.0000
vn 0.9315 0.3637 -0.0000
vn 0.9489 0.3157 -0.0000
vn 0.9705 0.2410 -0.0000
vn 0.9851 0.1719 -0.0000
vn 0.9988 0.0494 -0.0000
vn 0.9968 0.0747 -0.0276
vn 0.9923 0.1236 -0.0000
vn 0.9998 -0.0204 -0.0000
vn 0.9974 -0.0715 -0.0000
vn 0.9889 -0.1488 -0.0000
vn 0.9759 -0.2182 -0.0000
vn 0.9417 -0.3365 -0.0000
vn 0.9495 -0.3125 -0.0276
vn 0.9641 -0.2656 -0.0000
vn 0.8622 0.5066 0.0084
vn 0.7412 0.6713 -0.0000
vn 0.7469 0.6648 -0.0094
vn 0.7986 0.6019 0.0062
vn 0.8037 0.5950 -0.0000
vn 0.8270 0.5622 -0.0000
vn 0.8447 0.5352 -0.0000
vn 0.8698 0.4934 -0.0000
vn 0.8824 0.4704 -0.0057
vn 0.9038 0.4279 0.0121
vn 0.9110 0.4125 -0.0000
vn 0.3191 0.1292 0.9389
vn 0.3415 0.0169 0.9397
vn 0.4222 0.0266 0.9061
vn 0.5144 0.0318 0.8570
vn 0.3373 0.0227 0.9411
vn 0.3366 0.0419 0.9407
vn 0.3278 0.0634 0.9426
vn 0.2776 0.1084 0.9545
vn 0.2894 0.1403 0.9469
vn 0.3107 0.1034 0.9449
vn 0.3112 0.0960 0.9455
vn 0.3246 0.0806 0.9424
vn 0.3262 0.0569 0.9436
vn 0.4205 0.0278 0.9069
vn 0.4184 0.0758 0.9051
vn 0.4147 0.0782 0.9066
vn 0.4112 0.1188 0.9038
vn 0.4077 0.1207 0.9051
vn 0.4035 0.1563 0.9015
vn 0.4030 0.1565 0.9017
vn 0.5158 0.0306 0.8561
vn 0.5127 0.0904 0.8538
vn 0.5173 0.0873 0.8514
vn 0.5118 0.1424 0.8472
vn 0.5198 0.1378 0.8431
vn 0.5126 0.1889 0.8376
vn 0.5251 0.1829 0.8312
vn 0.2786 -0.0996 0.9552
vn 0.3191 -0.1292 0.9389
vn 0.4030 -0.1562 0.9018
vn 0.5236 -0.1921 0.8300
vn 0.3074 -0.1336 0.9421
vn 0.3121 -0.0860 0.9462
vn 0.3147 -0.0968 0.9443
vn 0.3415 -0.0070 0.9399
vn 0.3370 -0.0227 0.9412
vn 0.3375 -0.0242 0.9410
vn 0.3350 -0.0644 0.9400
vn 0.3267 -0.0491 0.9439
vn 0.3251 -0.0727 0.9429
vn 0.4035 -0.1567 0.9015
vn 0.4080 -0.1181 0.9053
vn 0.4110 -0.1214 0.9035
vn 0.4149 -0.0754 0.9068
vn 0.4182 -0.0786 0.9049
vn 0.4205 -0.0266 0.9069
vn 0.4221 -0.0279 0.9061
vn 0.5140 -0.1800 0.8387
vn 0.5191 -0.1439 0.8425
vn 0.5125 -0.1364 0.8478
vn 0.5170 -0.0909 0.8512
vn 0.5130 -0.0868 0.8540
vn 0.5158 -0.0318 0.8561
vn 0.5144 -0.0305 0.8570
vn 0.7980 -0.6027 0.0084
vn 0.9038 -0.4279 -0.0000
vn 0.9001 -0.4356 -0.0094
vn 0.8616 -0.5075 0.0062
vn 0.8573 -0.5149 -0.0000
vn 0.8359 -0.5489 -0.0000
vn 0.8177 -0.5756 -0.0000
vn 0.7887 -0.6148 -0.0000
vn 0.7723 -0.6352 -0.0057
vn 0.7411 -0.6712 0.0121
vn 0.7297 -0.6838 -0.0000
vn 0.6027 0.7979 0.0084
vn 0.4279 0.9038 -0.0000
vn 0.4356 0.9001 -0.0094
vn 0.5075 0.8616 0.0062
vn 0.5149 0.8573 -0.0000
vn 0.5489 0.8359 -0.0000
vn 0.5756 0.8177 -0.0000
vn 0.6148 0.7887 -0.0000
vn 0.6352 0.7723 -0.0057
vn 0.6712 0.7411 0.0121
vn 0.6838 0.7297 -0.0000
vn 0.5066 -0.8622 0.0084
vn 0.6713 -0.7412 -0.0000
vn 0.6648 -0.7469 -0.0094
vn 0.6019 -0.7986 0.0062
vn 0.5950 -0.8037 -0.0000
vn 0.5622 -0.8270 -0.0000
vn 0.5352 -0.8447 -0.0000
vn 0.4934 -0.8698 -0.0000
vn 0.4704 -0.8824 -0.0057
vn 0.4279 -0.9038 0.0121
vn 0.4125 -0.9110 -0.0000
vn 0.2514 0.9678 0.0084
vn 0.0494 0.9988 -0.0000
vn 0.0580 0.9983 -0.0094
vn 0.1391 0.9903 0.0062
vn 0.1476 0.9890 -0.0000
vn 0.1873 0.9823 -0.0000
vn 0.2188 0.9758 -0.0000
vn 0.2662 0.9639 -0.0000
vn 0.2913 0.9566 -0.0057
vn 0.3365 0.9416 0.0121
vn 0.3525 0.9358 -0.0000
vn 0.1381 -0.9904 0.0084
vn 0.3365 -0.9417 -0.0000
vn 0.3284 -0.9445 -0.0094
vn 0.2504 -0.9681 0.0062
vn 0.2421 -0.9702 -0.0000
vn 0.2029 -0.9792 -0.0000
vn 0.1712 -0.9852 -0.0000
vn 0.1229 -0.9924 -0.0000
vn 0.0970 -0.9953 -0.0057
vn 0.0494 -0.9987 0.0121
vn 0.0325 -0.9995 -0.0000
vn -0.1381 0.9904 0.0084
vn -0.3365 0.9417 -0.0000
vn -0.3284 0.9445 -0.0094
vn -0.2504 0.9681 0.0062
vn -0.2421 0.9702 -0.0000
vn -0.2029 0.9792 -0.0000
vn -0.1712 0.9852 -0.0000
vn -0.1229 0.9924 -0.0000
vn -0.0970 0.9953 -0.0057
vn -0.0494 0.9987 0.0121
vn -0.0325 0.9995 -0.0000
vn -0.2514 -0.9678 0.0084
vn -0.0494 -0.9988 -0.0000
vn -0.0580 -0.9983 -0.0094
vn -0.1391 -0.9903 0.0062
vn -0.1476 -0.9890 -0.0000
vn -0.1873 -0.9823 -0.0000
vn -0.2188 -0.9758 -0.0000
vn -0.2662 -0.9639 -0.0000
vn -0.2913 -0.9566 -0.0057
vn -0.3365 -0.9416 0.0121
vn -0.3525 -0.9358 -0.0000
vn -0.6925 0.7214 -0.0000
vn -0.6548 0.7558 -0.0000
vn -0.5941 0.8044 -0.0000
vn -0.5358 0.8444 -0.0000
vn -0.4279 0.9038 -0.0000
vn -0.4505 0.8924 -0.0276
vn -0.4939 0.8695 -0.0000
vn -0.4015 -0.9159 -0.0000
vn -0.4477 -0.8942 -0.0000
vn -0.5159 -0.8567 -0.0000
vn -0.5750 -0.8181 -0.0000
vn -0.6713 -0.7412 -0.0000
vn -0.6520 -0.7577 -0.0276
vn -0.6143 -0.7891 -0.0000
vn -0.9159 0.4015 -0.0000
vn -0.8942 0.4477 -0.0000
vn -0.8567 0.5159 -0.0000
vn -0.8181 0.5750 -0.0000
vn -0.7412 0.6713 -0.0000
vn -0.7577 0.6520 -0.0276
vn -0.7891 0.6143 -0.0000
vn -0.7214 -0.6925 -0.0000
vn -0.7558 -0.6548 -0.0000
vn -0.8044 -0.5941 -0.0000
vn -0.8444 -0.5358 -0.0000
vn -0.9038 -0.4279 -0.0000
vn -0.8924 -0.4505 -0.0276
vn -0.8695 -0.4939 -0.0000
vn -0.8443 -0.5358 -0.0000
vn -0.9998 0.0204 -0.0000
vn -0.9974 0.0715 -0.0000
vn -0.9889 0.1488 -0.0000
vn -0.9759 0.2182 -0.0000
vn -0.9417 0.3365 -0.0000
vn -0.9495 0.3125 -0.0276
vn -0.9641 0.2656 -0.0000
vn -0.9315 -0.3637 -0.0000
vn -0.9489 -0.3157 -0.0000
vn -0.9705 -0.2410 -0.0000
vn -0.9851 -0.1719 -0.0000
vn -0.9988 -0.0494 -0.0000
vn -0.9968 -0.0747 -0.0276
vn -0.9923 -0.1236 -0.0000
vn 0.2609 0.1966 0.9451
vn 0.2617 0.1658 0.9508
vn 0.5339 0.2262 0.8147
vn 0.5164 0.2330 0.8241
vn 0.4032 0.1893 0.8953
vn 0.3981 0.1910 0.8972
vn 0.3126 0.1550 0.9372
vn 0.3161 0.1540 0.9361
vn 0.2676 0.1323 0.9544
vn 0.2752 0.1303 0.9525
vn 0.5439 0.2776 0.7919
vn 0.5223 0.2842 0.8040
vn 0.4074 0.2278 0.8844
vn 0.3968 0.2301 0.8886
vn 0.3109 0.1846 0.9324
vn 0.3086 0.1850 0.9330
vn 0.2581 0.1563 0.9534
vn 0.2654 0.1505 0.9523
vn 0.5506 0.3430 0.7610
vn 0.5275 0.3481 0.7750
vn 0.4128 0.2769 0.8677
vn 0.3985 0.2787 0.8738
vn 0.3126 0.2217 0.9237
vn 0.3055 0.2222 0.9259
vn 0.2560 0.1874 0.9483
vn 0.2603 0.1769 0.9492
vn 0.5457 0.4264 0.7214
vn 0.5260 0.4291 0.7343
vn 0.4144 0.3402 0.8441
vn 0.3998 0.3405 0.8510
vn 0.3147 0.2695 0.9101
vn 0.3050 0.2691 0.9135
vn 0.2628 0.2323 0.9365
vn 0.2559 0.2318 0.9385
vn 0.9917 0.0124 0.1279
vn 0.9913 0.0158 0.1306
vn 0.9823 0.0158 0.1869
vn 0.9814 0.0198 0.1908
vn 0.9644 0.0198 0.2637
vn 0.9629 0.0242 0.2688
vn 0.9321 0.0240 0.3613
vn 0.9296 0.0284 0.3675
vn 0.8779 0.0278 0.4781
vn 0.8740 0.0320 0.4849
vn 0.7972 0.0305 0.6029
vn 0.7922 0.0341 0.6093
vn 0.6986 0.0318 0.7148
vn 0.6934 0.0345 0.7197
vn 0.6067 0.0318 0.7943
vn 0.6026 0.0336 0.7974
vn 0.9915 0.0490 0.1208
vn 0.9901 0.0575 0.1278
vn 0.9826 0.0575 0.1769
vn 0.9801 0.0675 0.1868
vn 0.9658 0.0673 0.2504
vn 0.9615 0.0781 0.2634
vn 0.9355 0.0774 0.3448
vn 0.9285 0.0883 0.3607
vn 0.8840 0.0863 0.4595
vn 0.8736 0.0965 0.4769
vn 0.8060 0.0922 0.5846
vn 0.7928 0.1007 0.6012
vn 0.7082 0.0939 0.6997
vn 0.6943 0.1002 0.7126
vn 0.6142 0.0925 0.7837
vn 0.6030 0.0966 0.7919
vn 0.9886 0.1018 0.1112
vn 0.9862 0.1130 0.1206
vn 0.9801 0.1128 0.1631
vn 0.9762 0.1258 0.1765
vn 0.9646 0.1253 0.2319
vn 0.9583 0.1394 0.2495
vn 0.9368 0.1379 0.3215
vn 0.9269 0.1521 0.3432
vn 0.8893 0.1485 0.4326
vn 0.8747 0.1616 0.4569
vn 0.8157 0.1545 0.5575
vn 0.7969 0.1652 0.5811
vn 0.7202 0.1541 0.6765
vn 0.7001 0.1617 0.6955
vn 0.6243 0.1492 0.7668
vn 0.6074 0.1538 0.7794
vn 0.9807 0.1676 0.1003
vn 0.9776 0.1792 0.1106
vn 0.9727 0.1788 0.1476
vn 0.9679 0.1923 0.1621
vn 0.9586 0.1913 0.2109
vn 0.9511 0.2059 0.2302
vn 0.9337 0.2036 0.2946
vn 0.9224 0.2183 0.3187
vn 0.8910 0.2133 0.4008
vn 0.8747 0.2267 0.4285
vn 0.8235 0.2170 0.5241
vn 0.8021 0.2277 0.5521
vn 0.7324 0.2127 0.6468
vn 0.7086 0.2199 0.6704
vn 0.6363 0.2025 0.7444
vn 0.6151 0.2066 0.7609
vn 0.9871 -0.1153 0.1111
vn 0.9796 -0.1675 0.1107
vn 0.9787 -0.1793 0.1002
vn 0.9704 -0.1786 0.1623
vn 0.9702 -0.1925 0.1474
vn 0.9542 -0.1908 0.2306
vn 0.9556 -0.2064 0.2105
vn 0.9257 -0.2025 0.3194
vn 0.9303 -0.2194 0.2939
vn 0.8780 -0.2111 0.4296
vn 0.8875 -0.2289 0.3998
vn 0.8051 -0.2134 0.5534
vn 0.8204 -0.2315 0.5229
vn 0.7110 -0.2079 0.6718
vn 0.7299 -0.2249 0.6455
vn 0.6167 -0.1976 0.7620
vn 0.6346 -0.2117 0.7433
vn 0.9890 -0.0854 0.1208
vn 0.9875 -0.1130 0.1101
vn 0.9778 -0.1127 0.1766
vn 0.9786 -0.1259 0.1630
vn 0.9602 -0.1250 0.2498
vn 0.9627 -0.1396 0.2317
vn 0.9290 -0.1373 0.3437
vn 0.9346 -0.1527 0.3212
vn 0.8769 -0.1472 0.4576
vn 0.8870 -0.1630 0.4321
vn 0.7988 -0.1523 0.5819
vn 0.8136 -0.1675 0.5567
vn 0.7015 -0.1513 0.6964
vn 0.7185 -0.1647 0.6757
vn 0.6083 -0.1465 0.7801
vn 0.6232 -0.1567 0.7662
vn 0.9906 -0.0490 0.1279
vn 0.9910 -0.0575 0.1208
vn 0.9807 -0.0575 0.1868
vn 0.9819 -0.0675 0.1769
vn 0.9623 -0.0673 0.2635
vn 0.9650 -0.0782 0.2503
vn 0.9294 -0.0772 0.3609
vn 0.9345 -0.0886 0.3447
vn 0.8746 -0.0858 0.4773
vn 0.8830 -0.0970 0.4593
vn 0.7936 -0.0913 0.6016
vn 0.8051 -0.1017 0.5844
vn 0.6950 -0.0928 0.7130
vn 0.7075 -0.1014 0.6994
vn 0.6033 -0.0915 0.7922
vn 0.6137 -0.0977 0.7835
vn 0.9914 -0.0124 0.1306
vn 0.9917 -0.0158 0.1279
vn 0.9815 -0.0158 0.1908
vn 0.9822 -0.0198 0.1869
vn 0.9630 -0.0198 0.2689
vn 0.9643 -0.0242 0.2637
vn 0.9297 -0.0240 0.3676
vn 0.9320 -0.0284 0.3613
vn 0.8741 -0.0278 0.4849
vn 0.8777 -0.0320 0.4781
vn 0.7923 -0.0304 0.6093
vn 0.7971 -0.0342 0.6029
vn 0.6935 -0.0316 0.7198
vn 0.6984 -0.0347 0.7148
vn 0.6026 -0.0317 0.7974
vn 0.6066 -0.0338 0.7943
vn 0.2647 -0.1559 0.9516
vn 0.2595 -0.1827 0.9483
vn 0.5305 -0.4149 0.7392
vn 0.5408 -0.4408 0.7163
vn 0.4020 -0.3304 0.8539
vn 0.4119 -0.3506 0.8410
vn 0.3061 -0.2624 0.9151
vn 0.3134 -0.2764 0.9085
vn 0.2463 -0.1920 0.9500
vn 0.5315 -0.3320 0.7793
vn 0.5463 -0.3598 0.7564
vn 0.4002 -0.2691 0.8760
vn 0.4109 -0.2870 0.8654
vn 0.3062 -0.2175 0.9268
vn 0.3118 -0.2267 0.9227
vn 0.2616 -0.1914 0.9460
vn 0.2566 -0.2270 0.9395
vn 0.2620 -0.2373 0.9355
vn 0.5255 -0.2692 0.8071
vn 0.5406 -0.2931 0.7886
vn 0.3979 -0.2231 0.8899
vn 0.4062 -0.2351 0.8830
vn 0.3088 -0.1835 0.9333
vn 0.3107 -0.1861 0.9321
vn 0.2598 -0.1573 0.9527
vn 0.2610 -0.1714 0.9500
vn 0.5186 -0.2209 0.8260
vn 0.5315 -0.2389 0.8127
vn 0.3986 -0.1875 0.8977
vn 0.4027 -0.1929 0.8948
vn 0.3158 -0.1564 0.9358
vn 0.3129 -0.1526 0.9375
vn 0.2747 -0.1355 0.9520
vn 0.2682 -0.1270 0.9550
vn 0.2386 0.4052 0.8825
vn 0.2511 0.3567 0.8998
vn 0.5178 0.5257 0.6749
vn 0.5083 0.5261 0.6818
vn 0.4044 0.4176 0.8136
vn 0.3948 0.4167 0.8188
vn 0.3121 0.3288 0.8914
vn 0.3035 0.3273 0.8949
vn 0.2622 0.2827 0.9227
vn 0.2545 0.2810 0.9254
vn 0.4662 0.6215 0.6297
vn 0.4686 0.6216 0.6277
vn 0.3789 0.4984 0.7798
vn 0.3768 0.4979 0.7811
vn 0.3006 0.3945 0.8684
vn 0.2957 0.3929 0.8707
vn 0.2466 0.3267 0.9124
vn 0.2530 0.3246 0.9114
vn 0.3963 0.7015 0.5923
vn 0.4087 0.7037 0.5811
vn 0.3373 0.5736 0.7465
vn 0.3429 0.5756 0.7424
vn 0.2773 0.4609 0.8430
vn 0.2775 0.4610 0.8429
vn 0.2356 0.3898 0.8902
vn 0.2458 0.3743 0.8941
vn 0.3158 0.7625 0.5647
vn 0.3343 0.7679 0.5464
vn 0.2819 0.6381 0.7165
vn 0.2934 0.6437 0.7068
vn 0.2412 0.5232 0.8173
vn 0.2466 0.5265 0.8136
vn 0.2149 0.4569 0.8632
vn 0.2169 0.4582 0.8620
vn 0.2510 -0.3331 0.9089
vn 0.3221 -0.7796 0.5371
vn 0.3279 -0.7517 0.5722
vn 0.2877 -0.6522 0.7014
vn 0.2877 -0.6306 0.7208
vn 0.2445 -0.5308 0.8115
vn 0.2434 -0.5195 0.8190
vn 0.2203 -0.3884 0.8947
vn 0.4019 -0.7124 0.5752
vn 0.4031 -0.6935 0.5972
vn 0.3407 -0.5798 0.7401
vn 0.3395 -0.5697 0.7484
vn 0.2774 -0.4611 0.8428
vn 0.2774 -0.4608 0.8430
vn 0.2411 -0.3990 0.8847
vn 0.2163 -0.4598 0.8613
vn 0.2156 -0.4555 0.8637
vn 0.2226 -0.3274 0.9183
vn 0.4676 -0.6234 0.6267
vn 0.4672 -0.6197 0.6306
vn 0.3774 -0.4964 0.7818
vn 0.3782 -0.4998 0.7792
vn 0.2967 -0.3891 0.8721
vn 0.2994 -0.3980 0.8671
vn 0.2561 -0.3395 0.9051
vn 0.2430 -0.3835 0.8910
vn 0.5113 -0.5190 0.6850
vn 0.5146 -0.5327 0.6719
vn 0.3968 -0.4097 0.8214
vn 0.4022 -0.4245 0.8112
vn 0.3047 -0.3210 0.8967
vn 0.3106 -0.3350 0.8896
vn 0.2555 -0.2754 0.9268
vn 0.2611 -0.2882 0.9213
vn 0.0102 0.6389 0.7692
vn 0.1838 0.5142 0.8377
vn 0.2256 0.5491 0.8048
vn 0.2314 0.6990 0.6766
vn 0.2517 0.8144 0.5229
vn 0.1838 0.5466 0.8169
vn 0.1598 0.5785 0.7999
vn 0.1310 0.5902 0.7965
vn 0.1319 0.5882 0.7978
vn 0.1154 0.6052 0.7877
vn 0.0736 0.6352 0.7688
vn 0.0855 0.6088 0.7887
vn 0.0322 0.6501 0.7592
vn 0.2165 0.6896 0.6910
vn 0.1613 0.7402 0.6528
vn 0.1450 0.7272 0.6709
vn 0.0868 0.7674 0.6352
vn 0.0710 0.7518 0.6556
vn 0.0106 0.7827 0.6223
vn -0.0029 0.7661 0.6427
vn 0.2313 0.8060 0.5448
vn 0.1655 0.8460 0.5069
vn 0.1455 0.8351 0.5304
vn 0.0791 0.8646 0.4962
vn 0.0615 0.8524 0.5192
vn -0.0054 0.8728 0.4880
vn -0.0188 0.8613 0.5077
vn 0.1980 -0.5921 0.7812
vn 0.0310 -0.6263 0.7790
vn -0.0050 -0.8582 0.5132
vn 0.0105 -0.7608 0.6490
vn 0.0103 -0.6660 0.7459
vn 0.0720 -0.6196 0.7816
vn 0.0770 -0.6214 0.7797
vn 0.1067 -0.6139 0.7822
vn 0.1308 -0.5894 0.7972
vn 0.1838 -0.5142 0.8377
vn 0.1984 -0.5266 0.8267
vn 0.1522 -0.5882 0.7943
vn 0.1217 -0.5874 0.8001
vn -0.0034 -0.7892 0.6141
vn 0.0845 -0.7442 0.6625
vn 0.0729 -0.7764 0.6261
vn 0.1569 -0.7183 0.6778
vn 0.1491 -0.7505 0.6438
vn 0.2257 -0.6807 0.6970
vn 0.2221 -0.7093 0.6690
vn -0.0195 -0.8765 0.4810
vn 0.0779 -0.8467 0.5264
vn 0.0624 -0.8711 0.4871
vn 0.1623 -0.8268 0.5386
vn 0.1484 -0.8552 0.4966
vn 0.2465 -0.7958 0.5532
vn 0.2362 -0.8256 0.5124
vn -0.2501 0.6309 0.7344
vn -0.0328 0.6636 0.7474
vn -0.0660 0.7889 0.6110
vn -0.0875 0.8738 0.4783
vn -0.0531 0.6498 0.7583
vn -0.0820 0.6620 0.7450
vn -0.1180 0.6554 0.7460
vn -0.1133 0.6519 0.7498
vn -0.1364 0.6584 0.7402
vn -0.1876 0.6628 0.7249
vn -0.1669 0.6452 0.7456
vn -0.2340 0.6546 0.7188
vn -0.0761 0.7735 0.6292
vn -0.1428 0.7886 0.5981
vn -0.1502 0.7746 0.6143
vn -0.2212 0.7817 0.5832
vn -0.2270 0.7676 0.5994
vn -0.3018 0.7653 0.5685
vn -0.3070 0.7484 0.5879
vn -0.0959 0.8651 0.4924
vn -0.1696 0.8700 0.4629
vn -0.1746 0.8638 0.4725
vn -0.2543 0.8599 0.4427
vn -0.2580 0.8544 0.4510
vn -0.3428 0.8396 0.4215
vn -0.3473 0.8317 0.4332
vn -0.2253 -0.6305 0.7428
vn -0.3404 -0.8335 0.4351
vn -0.2959 -0.7499 0.5917
vn -0.2603 -0.6574 0.7071
vn -0.1834 -0.6478 0.7394
vn -0.1800 -0.6517 0.7368
vn -0.1484 -0.6617 0.7349
vn -0.1175 -0.6531 0.7481
vn -0.1235 -0.6477 0.7518
vn -0.0937 -0.6667 0.7395
vn -0.0317 -0.6403 0.7675
vn -0.0555 -0.6758 0.7350
vn -0.3133 -0.7645 0.5634
vn -0.2172 -0.7675 0.6031
vn -0.2314 -0.7823 0.5784
vn -0.1399 -0.7732 0.6185
vn -0.1534 -0.7906 0.5928
vn -0.0643 -0.7704 0.6343
vn -0.0782 -0.7928 0.6045
vn -0.3498 -0.8380 0.4188
vn -0.2528 -0.8551 0.4526
vn -0.2595 -0.8594 0.4406
vn -0.1684 -0.8639 0.4747
vn -0.1760 -0.8702 0.4603
vn -0.0864 -0.8641 0.4959
vn -0.0972 -0.8752 0.4739
vn -0.4462 0.4127 0.7940
vn -0.2985 0.6306 0.7164
vn -0.3832 0.7353 0.5590
vn -0.4343 0.8042 0.4058
vn -0.3146 0.5979 0.7372
vn -0.3376 0.5943 0.7300
vn -0.3753 0.5554 0.7421
vn -0.3648 0.3800 0.8500
vn -0.4370 0.3873 0.8118
vn -0.4094 0.4727 0.7804
vn -0.4064 0.4742 0.7810
vn -0.3960 0.5362 0.7454
vn -0.3501 0.5517 0.7570
vn -0.3878 0.7117 0.5857
vn -0.4589 0.6882 0.5619
vn -0.4613 0.6546 0.5990
vn -0.5232 0.6225 0.5820
vn -0.5200 0.5764 0.6304
vn -0.5700 0.5388 0.6203
vn -0.5568 0.4794 0.6784
vn -0.4408 0.7898 0.4265
vn -0.5222 0.7508 0.4044
vn -0.5297 0.7267 0.4373
vn -0.6013 0.6786 0.4219
vn -0.6070 0.6422 0.4681
vn -0.6662 0.5878 0.4591
vn -0.6654 0.5377 0.5178
vn -0.3802 -0.4197 0.8242
vn -0.5342 -0.5020 0.6802
vn -0.6426 -0.5639 0.5188
vn -0.4692 -0.4359 0.7680
vn -0.3800 -0.4881 0.7858
vn -0.4182 -0.4890 0.7655
vn -0.2766 -0.6310 0.7248
vn -0.3194 -0.6074 0.7273
vn -0.3008 -0.6007 0.7407
vn -0.3917 -0.5813 0.7132
vn -0.3350 -0.5564 0.7604
vn -0.3807 -0.5416 0.7495
vn -0.5960 -0.5177 0.6138
vn -0.4987 -0.5912 0.6338
vn -0.5465 -0.6092 0.5746
vn -0.4432 -0.6631 0.6032
vn -0.4782 -0.6809 0.5547
vn -0.3735 -0.7158 0.5900
vn -0.3981 -0.7321 0.5527
vn -0.6911 -0.5623 0.4541
vn -0.5864 -0.6594 0.4705
vn -0.6231 -0.6621 0.4163
vn -0.5134 -0.7366 0.4403
vn -0.5392 -0.7415 0.3992
vn -0.4295 -0.7946 0.4292
vn -0.4459 -0.7999 0.4017
vn -0.2507 0.1099 0.9618
vn -0.6971 0.4206 0.5806
vn -0.7094 0.4824 0.5139
vn -0.5658 0.3718 0.7360
vn -0.5927 0.4411 0.6739
vn -0.4390 0.3169 0.8408
vn -0.4736 0.3876 0.7909
vn -0.2925 0.2277 0.9288
vn -0.6982 0.3097 0.6455
vn -0.7232 0.3751 0.5799
vn -0.5473 0.2708 0.7919
vn -0.5863 0.3408 0.7349
vn -0.4101 0.2283 0.8830
vn -0.4538 0.2968 0.8402
vn -0.3872 0.2509 0.8872
vn -0.3580 0.2887 0.8880
vn -0.3932 0.3562 0.8477
vn -0.6776 0.2173 0.7026
vn -0.7112 0.2777 0.6458
vn -0.5128 0.1875 0.8378
vn -0.5572 0.2494 0.7920
vn -0.3710 0.1564 0.9154
vn -0.4168 0.2149 0.8832
vn -0.2363 0.1183 0.9644
vn -0.6481 0.1474 0.7471
vn -0.6835 0.1967 0.7030
vn -0.4746 0.1251 0.8713
vn -0.5171 0.1738 0.8381
vn -0.3321 0.1029 0.9376
vn -0.3738 0.1480 0.9156
vn -0.3030 0.1177 0.9457
vn -0.2906 0.1456 0.9457
vn -0.3324 0.2002 0.9216
vn -0.3195 0.2246 0.9206
vn -0.7267 -0.2359 0.6452
vn -0.4691 -0.3411 0.8146
vn -0.4216 -0.3398 0.8407
vn -0.3086 -0.2963 0.9039
vn -0.3488 -0.3022 0.8871
vn -0.2841 -0.1614 0.9451
vn -0.7094 -0.4824 0.5139
vn -0.6971 -0.4206 0.5806
vn -0.7232 -0.3751 0.5799
vn -0.7108 -0.3411 0.6151
vn -0.7064 -0.2897 0.6458
vn -0.4679 -0.1548 0.8701
vn -0.3321 -0.1029 0.9376
vn -0.3738 -0.1480 0.9156
vn -0.2539 -0.0967 0.9624
vn -0.2923 -0.1384 0.9463
vn -0.3151 -0.2327 0.9201
vn -0.3832 -0.2481 0.8897
vn -0.3955 -0.2566 0.8819
vn -0.4738 -0.2687 0.8386
vn -0.6409 -0.1818 0.7458
vn -0.5266 -0.1426 0.8381
vn -0.5015 -0.2214 0.8363
vn -0.3710 -0.1564 0.9154
vn -0.4168 -0.2149 0.8832
vn -0.3082 -0.1553 0.9386
vn -0.3282 -0.2082 0.9214
vn -0.5927 -0.4411 0.6739
vn -0.5658 -0.3718 0.7360
vn -0.5863 -0.3408 0.7349
vn -0.5473 -0.2708 0.7919
vn -0.5726 -0.2143 0.7914
vn -0.6626 -0.2552 0.7042
vn -0.6942 -0.1602 0.7017
vn -0.1840 0.0038 0.9829
vn -0.6196 0.0975 0.7789
vn -0.6508 0.1335 0.7474
vn -0.4411 0.0809 0.8938
vn -0.4766 0.1156 0.8715
vn -0.2995 0.0653 0.9518
vn -0.3334 0.0970 0.9378
vn -0.1916 0.0528 0.9801
vn -0.5971 0.0607 0.7998
vn -0.6212 0.0847 0.7791
vn -0.4160 0.0494 0.9080
vn -0.4424 0.0719 0.8939
vn -0.2756 0.0392 0.9605
vn -0.3004 0.0595 0.9520
vn -0.2269 0.0431 0.9730
vn -0.2240 0.0619 0.9726
vn -0.2551 0.0912 0.9626
vn -0.5829 0.0327 0.8119
vn -0.5982 0.0462 0.8000
vn -0.4005 0.0262 0.9159
vn -0.4169 0.0386 0.9081
vn -0.2609 0.0206 0.9652
vn -0.2763 0.0316 0.9606
vn -0.1771 0.0127 0.9841
vn -0.5782 0.0101 0.8158
vn -0.5836 0.0144 0.8119
vn -0.3953 0.0081 0.9185
vn -0.4011 0.0119 0.9160
vn -0.2559 0.0064 0.9667
vn -0.2613 0.0097 0.9652
vn -0.1899 0.0066 0.9818
vn -0.1884 0.0200 0.9819
vn -0.2027 0.0305 0.9788
vn -0.2013 0.0450 0.9785
vn -0.2533 -0.0989 0.9623
vn -0.2022 -0.0353 0.9787
vn -0.5837 -0.0103 0.8119
vn -0.5782 -0.0142 0.8158
vn -0.4012 -0.0083 0.9160
vn -0.3953 -0.0117 0.9185
vn -0.2614 -0.0066 0.9652
vn -0.2559 -0.0095 0.9667
vn -0.1891 -0.0066 0.9819
vn -0.1839 -0.0091 0.9829
vn -0.5991 -0.0341 0.8000
vn -0.5824 -0.0445 0.8117
vn -0.4178 -0.0280 0.9081
vn -0.4000 -0.0366 0.9158
vn -0.2771 -0.0224 0.9606
vn -0.2605 -0.0295 0.9650
vn -0.1917 -0.0204 0.9812
vn -0.1883 -0.0235 0.9818
vn -0.6235 -0.0646 0.7791
vn -0.5954 -0.0802 0.7994
vn -0.4447 -0.0543 0.8940
vn -0.4145 -0.0664 0.9076
vn -0.3026 -0.0444 0.9521
vn -0.2742 -0.0536 0.9602
vn -0.2252 -0.0427 0.9734
vn -0.2009 -0.0499 0.9784
vn -0.6559 -0.1053 0.7475
vn -0.6157 -0.1246 0.7780
vn -0.4817 -0.0909 0.8716
vn -0.4376 -0.1045 0.8931
vn -0.3381 -0.0762 0.9380
vn -0.2965 -0.0851 0.9512
vn -0.2383 -0.0665 0.9689
vn -0.2226 -0.0741 0.9721
vn 0.8591 0.5083 0.0596
vn 0.9693 0.2323 0.0805
vn 0.9626 0.2521 0.0990
vn 0.9589 0.2515 0.1315
vn 0.9535 0.2639 0.1456
vn 0.9462 0.2626 0.1890
vn 0.9384 0.2760 0.2079
vn 0.9245 0.2730 0.2662
vn 0.9131 0.2864 0.2902
vn 0.8873 0.2802 0.3663
vn 0.8710 0.2924 0.3947
vn 0.8274 0.2806 0.4866
vn 0.8056 0.2900 0.5166
vn 0.7431 0.2714 0.6116
vn 0.7178 0.2773 0.6387
vn 0.6494 0.2551 0.7164
vn 0.6250 0.2580 0.7367
vn 0.9476 0.3106 0.0751
vn 0.9379 0.3321 0.1006
vn 0.9364 0.3317 0.1146
vn 0.9306 0.3430 0.1279
vn 0.9251 0.3415 0.1662
vn 0.9171 0.3536 0.1839
vn 0.9064 0.3503 0.2363
vn 0.8953 0.3623 0.2591
vn 0.8748 0.3554 0.3292
vn 0.8594 0.3662 0.3569
vn 0.8233 0.3529 0.4445
vn 0.8025 0.3609 0.4751
vn 0.7482 0.3394 0.5702
vn 0.7230 0.3436 0.5993
vn 0.6598 0.3170 0.6813
vn 0.6341 0.3180 0.7048
vn 0.9067 0.4169 0.0638
vn 0.9005 0.4284 0.0751
vn 0.8987 0.4277 0.0970
vn 0.8926 0.4376 0.1085
vn 0.8887 0.4359 0.1423
vn 0.8808 0.4464 0.1576
vn 0.8729 0.4429 0.2048
vn 0.8627 0.4531 0.2247
vn 0.8471 0.4458 0.2894
vn 0.8334 0.4547 0.3141
vn 0.8047 0.4405 0.3979
vn 0.7866 0.4467 0.4263
vn 0.7409 0.4228 0.5218
vn 0.7185 0.4252 0.5504
vn 0.6617 0.3940 0.6379
vn 0.6375 0.3931 0.6626
vn 0.8130 0.5803 0.0487
vn 0.8336 0.5512 0.0363
vn 0.8315 0.5499 0.0789
vn 0.8262 0.5567 0.0868
vn 0.8234 0.5550 0.1180
vn 0.8170 0.5621 0.1286
vn 0.8114 0.5585 0.1727
vn 0.8035 0.5654 0.1865
vn 0.7920 0.5577 0.2483
vn 0.7821 0.5636 0.2659
vn 0.7601 0.5485 0.3484
vn 0.7474 0.5523 0.3693
vn 0.7103 0.5258 0.4680
vn 0.6944 0.5265 0.4905
vn 0.6447 0.4900 0.5868
vn 0.6267 0.4877 0.6077
vn 0.9968 0.0123 0.0795
vn 0.9974 0.0604 0.0387
vn 0.9979 0.0512 0.0408
vn 0.9987 0.0207 0.0459
vn 0.9987 0.0242 0.0438
vn 0.9990 0.0027 0.0447
vn 0.9927 0.1153 0.0348
vn 0.9949 0.0927 0.0398
vn 0.9970 0.0663 0.0398
vn 0.9989 0.0072 0.0456
vn 0.9973 -0.0012 0.0731
vn 0.9967 0.0208 0.0781
vn 0.9962 0.0489 0.0722
vn 0.9954 0.0604 0.0750
vn 0.9926 0.1018 0.0663
vn 0.9824 0.1677 0.0827
vn 0.9897 0.1314 0.0561
vn 0.9895 0.1423 0.0264
vn 0.9879 0.1518 0.0311
vn 0.9880 -0.1512 0.0311
vn 0.9947 -0.1022 0.0066
vn 0.9974 -0.0604 0.0388
vn 0.9981 -0.0420 0.0451
vn 0.9989 -0.0207 0.0421
vn 0.9989 -0.0071 0.0459
vn 0.9989 -0.0078 0.0456
vn 0.9909 -0.1154 0.0697
vn 0.9939 -0.0854 0.0698
vn 0.9954 -0.0604 0.0750
vn 0.9962 -0.0489 0.0722
vn 0.9967 -0.0208 0.0781
vn 0.9970 -0.0123 0.0762
vn 0.9968 0.0032 0.0795
vn 0.9842 -0.1678 0.0559
vn 0.9895 -0.1254 0.0722
vn 0.9897 -0.1374 0.0397
vn 0.9965 -0.0729 0.0398
vn 0.8309 -0.5495 0.0875
vn 0.8268 -0.5571 0.0783
vn 0.8222 -0.5542 0.1295
vn 0.8182 -0.5629 0.1170
vn 0.8090 -0.5569 0.1880
vn 0.8058 -0.5669 0.1713
vn 0.7877 -0.5548 0.2679
vn 0.7863 -0.5665 0.2464
vn 0.7527 -0.5433 0.3719
vn 0.7547 -0.5575 0.3459
vn 0.6989 -0.5177 0.4935
vn 0.7056 -0.5347 0.4650
vn 0.6302 -0.4794 0.6108
vn 0.6409 -0.4984 0.5837
vn 0.9365 -0.3424 0.0762
vn 0.9006 -0.4285 0.0725
vn 0.8975 -0.4272 0.1091
vn 0.8938 -0.4381 0.0962
vn 0.8864 -0.4350 0.1587
vn 0.8831 -0.4474 0.1412
vn 0.8686 -0.4409 0.2263
vn 0.8670 -0.4551 0.2032
vn 0.8393 -0.4421 0.3163
vn 0.8410 -0.4585 0.2872
vn 0.7921 -0.4342 0.4290
vn 0.7991 -0.4532 0.3951
vn 0.7230 -0.4134 0.5535
vn 0.7361 -0.4349 0.5186
vn 0.6409 -0.3825 0.6655
vn 0.6581 -0.4049 0.6348
vn 0.9155 -0.3997 0.0455
vn 0.8886 -0.4544 0.0623
vn 0.8328 -0.5507 0.0567
vn 0.8546 -0.5186 0.0271
vn 0.8057 -0.5904 0.0480
vn 0.9532 -0.2877 0.0926
vn 0.9403 -0.3327 0.0714
vn 0.9348 -0.3312 0.1284
vn 0.9322 -0.3435 0.1140
vn 0.9219 -0.3405 0.1847
vn 0.9203 -0.3546 0.1652
vn 0.9005 -0.3484 0.2603
vn 0.9012 -0.3643 0.2349
vn 0.8646 -0.3519 0.3587
vn 0.8696 -0.3698 0.3273
vn 0.8073 -0.3469 0.4773
vn 0.8184 -0.3670 0.4421
vn 0.7269 -0.3309 0.6018
vn 0.7441 -0.3524 0.5675
vn 0.6369 -0.3072 0.7071
vn 0.6569 -0.3281 0.6789
vn 0.9679 -0.2307 0.0994
vn 0.9640 -0.2523 0.0843
vn 0.9569 -0.2511 0.1459
vn 0.9555 -0.2643 0.1311
vn 0.9423 -0.2618 0.2085
vn 0.9423 -0.2767 0.1884
vn 0.9174 -0.2714 0.2911
vn 0.9202 -0.2880 0.2652
vn 0.8754 -0.2772 0.3961
vn 0.8829 -0.2954 0.3649
vn 0.8095 -0.2756 0.5183
vn 0.8233 -0.2951 0.4848
vn 0.7209 -0.2647 0.6405
vn 0.7399 -0.2843 0.6097
vn 0.6273 -0.2479 0.7383
vn 0.6470 -0.2655 0.7147
vn 0.4289 0.9028 0.0313
vn 0.3085 0.9507 0.0329
vn 0.5909 0.8058 0.0385
vn 0.6659 0.7447 0.0452
vn 0.5536 0.7495 0.3631
vn 0.5487 0.7489 0.3716
vn 0.5701 0.7803 0.2569
vn 0.5651 0.7811 0.2657
vn 0.5764 0.7982 0.1748
vn 0.5713 0.8001 0.1829
vn 0.5767 0.8087 0.1160
vn 0.5715 0.8113 0.1231
vn 0.5740 0.8154 0.0753
vn 0.5686 0.8186 0.0813
vn 0.5700 0.8210 0.0308
vn 0.5095 0.8597 0.0372
vn 0.2492 0.9682 0.0220
vn 0.3534 0.8659 0.3541
vn 0.3290 0.8652 0.3783
vn 0.3444 0.9140 0.2143
vn 0.3300 0.9129 0.2402
vn 0.3350 0.9309 0.1458
vn 0.3206 0.9323 0.1675
vn 0.3228 0.9415 0.0972
vn 0.3083 0.9443 0.1149
vn 0.3092 0.9489 0.0636
vn 0.2949 0.9524 0.0778
vn 0.2952 0.9545 0.0427
vn 0.6382 0.6438 0.4222
vn 0.6433 0.6440 0.4141
vn 0.6723 0.6735 0.3074
vn 0.6761 0.6726 0.3009
vn 0.6923 0.6889 0.2148
vn 0.6952 0.6875 0.2099
vn 0.7032 0.6957 0.1465
vn 0.7055 0.6941 0.1431
vn 0.7093 0.6980 0.0981
vn 0.7111 0.6966 0.0958
vn 0.7129 0.6984 0.0640
vn 0.7354 0.6766 0.0379
vn 0.7404 0.6708 0.0421
vn 0.3549 0.9342 0.0359
vn 0.4241 0.9051 0.0297
vn 0.4234 0.9027 0.0762
vn 0.4349 0.8982 0.0643
vn 0.4334 0.8939 0.1147
vn 0.4449 0.8899 0.1001
vn 0.4414 0.8811 0.1699
vn 0.4529 0.8785 0.1523
vn 0.4452 0.8608 0.2466
vn 0.4567 0.8603 0.2263
vn 0.4333 0.8105 0.3942
vn 0.4870 0.8041 0.3409
vn 0.4401 0.7862 0.4339
vn 0.5204 0.7020 0.4863
vn 0.5246 0.7034 0.4796
vn 0.5961 0.6009 0.5326
vn 0.5896 0.5994 0.5414
vn 0.9788 0.2026 0.0308
vn 0.9756 0.2178 0.0260
vn 0.9669 0.2534 0.0296
vn 0.9547 0.2970 0.0165
vn 0.8668 0.4985 0.0157
vn 0.9049 0.4254 0.0140
vn 0.9144 0.4046 0.0111
vn 0.9284 0.3710 0.0210
vn 0.9501 0.3113 0.0208
vn 0.8036 0.5951 0.0081
vn 0.8253 0.5647 0.0070
vn 0.8408 0.5413 0.0047
vn 0.8192 0.5734 0.0092
vn 0.8492 0.5279 0.0109
vn 0.8762 0.4817 0.0119
vn 0.9710 0.2325 0.0553
vn 0.9747 0.2177 0.0509
vn 0.9491 0.3110 0.0494
vn 0.9540 0.2968 0.0426
vn 0.9079 0.4174 0.0395
vn 0.9139 0.4044 0.0343
vn 0.8603 0.5089 0.0306
vn 0.8665 0.4984 0.0288
vn 0.8137 0.5808 0.0254
vn 0.8190 0.5733 0.0242
vn 0.9317 -0.3628 0.0155
vn 0.9151 -0.4028 0.0168
vn 0.8751 -0.4837 0.0158
vn 0.8929 -0.4503 0.0025
vn 0.8628 -0.5054 0.0096
vn 0.9663 -0.2565 0.0198
vn 0.9614 -0.2741 0.0260
vn 0.9759 -0.2165 0.0285
vn 0.9770 -0.2111 0.0308
vn 0.8466 -0.5322 0.0102
vn 0.8386 -0.5446 0.0101
vn 0.8117 -0.5840 0.0089
vn 0.8253 -0.5647 0.0070
vn 0.8036 -0.5951 0.0081
vn 0.8898 -0.4550 0.0344
vn 0.8746 -0.4834 0.0379
vn 0.8546 -0.5186 0.0275
vn 0.8115 -0.5839 0.0248
vn 0.8064 -0.5909 0.0234
vn 0.9159 -0.3998 0.0362
vn 0.9319 -0.3595 0.0478
vn 0.9329 -0.3598 0.0144
vn 0.9545 -0.2969 0.0262
vn 0.9383 -0.3429 0.0445
vn 0.9564 -0.2883 0.0457
vn 0.9604 -0.2739 0.0503
vn 0.9716 -0.2312 0.0509
vn 0.9747 -0.2163 0.0554
vn 0.5467 -0.8364 0.0399
vn 0.2359 -0.9710 0.0395
vn 0.2939 -0.9553 0.0326
vn 0.4534 -0.8907 0.0331
vn 0.4241 -0.9052 0.0272
vn 0.4237 -0.9036 0.0629
vn 0.4347 -0.8973 0.0774
vn 0.4341 -0.8955 0.0981
vn 0.4443 -0.8883 0.1164
vn 0.4427 -0.8841 0.1497
vn 0.4516 -0.8754 0.1721
vn 0.4476 -0.8660 0.2229
vn 0.4544 -0.8552 0.2495
vn 0.4455 -0.8362 0.3199
vn 0.7324 -0.6796 0.0414
vn 0.7176 -0.6948 0.0487
vn 0.6404 -0.7669 0.0429
vn 0.5941 -0.6041 0.5311
vn 0.5914 -0.5962 0.5429
vn 0.6411 -0.6469 0.4129
vn 0.6402 -0.6409 0.4235
vn 0.6739 -0.6752 0.3000
vn 0.6744 -0.6709 0.3084
vn 0.6931 -0.6898 0.2093
vn 0.6943 -0.6867 0.2154
vn 0.7036 -0.6961 0.1427
vn 0.7051 -0.6937 0.1470
vn 0.7095 -0.6982 0.0956
vn 0.7109 -0.6964 0.0984
vn 0.7129 -0.6984 0.0640
vn 0.4401 -0.7862 0.4339
vn 0.4554 -0.7928 0.4050
vn 0.3534 -0.8659 0.3541
vn 0.3784 -0.9249 0.0373
vn 0.2952 -0.9549 0.0321
vn 0.2950 -0.9535 0.0621
vn 0.3090 -0.9478 0.0791
vn 0.3088 -0.9464 0.0949
vn 0.3223 -0.9394 0.1168
vn 0.3215 -0.9361 0.1426
vn 0.3340 -0.9271 0.1701
vn 0.3319 -0.9196 0.2102
vn 0.3425 -0.9074 0.2437
vn 0.3290 -0.8652 0.3783
vn 0.5221 -0.6999 0.4874
vn 0.5229 -0.7055 0.4783
vn 0.5514 -0.7463 0.3729
vn 0.5509 -0.7522 0.3616
vn 0.5686 -0.7781 0.2670
vn 0.5666 -0.7834 0.2555
vn 0.5755 -0.7968 0.1839
vn 0.5722 -0.8015 0.1735
vn 0.5762 -0.8078 0.1239
vn 0.5720 -0.8121 0.1150
vn 0.5737 -0.8149 0.0819
vn 0.5689 -0.8190 0.0745
vn 0.5700 -0.8210 0.0326
vn 0.6265 -0.7783 0.0417
vn 0.1924 0.9806 0.0371
vn 0.2150 0.9618 0.1698
vn 0.2287 0.9620 0.1490
vn 0.2257 0.9442 0.2399
vn 0.2396 0.9469 0.2144
vn 0.2302 0.8998 0.3707
vn 0.2550 0.9032 0.3453
vn 0.1462 0.9883 0.0441
vn 0.1900 0.9811 0.0366
vn 0.1897 0.9770 0.0973
vn 0.2401 0.9680 0.0725
vn 0.2162 0.9710 0.1019
vn 0.0796 0.9957 0.0477
vn 0.0978 0.9943 0.0416
vn 0.0978 0.9901 0.1004
vn 0.1190 0.9888 0.0899
vn 0.1186 0.9780 0.1719
vn 0.1299 0.9794 0.1544
vn 0.1287 0.9622 0.2402
vn 0.1403 0.9658 0.2180
vn 0.1358 0.9206 0.3661
vn 0.1581 0.9263 0.3420
vn 0.0064 0.9988 0.0485
vn 0.0171 0.9988 0.0448
vn 0.0173 0.9947 0.1011
vn 0.0311 0.9951 0.0941
vn 0.0314 0.9847 0.1714
vn 0.0393 0.9865 0.1589
vn 0.0394 0.9704 0.2384
vn 0.0478 0.9740 0.2215
vn 0.0473 0.9313 0.3612
vn 0.0651 0.9379 0.3408
vn -0.0538 0.9975 0.0469
vn -0.0514 0.9976 0.0460
vn -0.0510 0.9939 0.0980
vn -0.0464 0.9943 0.0956
vn -0.0454 0.9851 0.1662
vn -0.0420 0.9862 0.1604
vn -0.0408 0.9720 0.2315
vn -0.0365 0.9743 0.2224
vn -0.0338 0.9353 0.3523
vn -0.0226 0.9407 0.3384
vn 0.2266 0.9738 0.0161
vn 0.7607 0.6491 0.0066
vn 0.7432 0.6691 0.0028
vn 0.7097 0.7045 0.0046
vn 0.6568 0.7541 0.0030
vn 0.6148 0.7887 -0.0039
vn 0.5729 0.8197 0.0021
vn 0.3489 0.9371 0.0040
vn 0.3120 0.9501 0.0004
vn 0.2828 0.9592 0.0027
vn 0.2266 0.9740 0.0044
vn 0.2189 0.9757 0.0059
vn 0.5912 0.8064 0.0138
vn 0.6147 0.7885 0.0200
vn 0.6664 0.7454 0.0153
vn 0.7431 0.6689 0.0191
vn 0.7409 0.6713 0.0197
vn 0.5098 0.8603 0.0106
vn 0.4451 0.8953 0.0167
vn 0.4451 0.8955 -0.0002
vn 0.4642 0.8857 -0.0053
vn 0.4290 0.9032 0.0130
vn 0.3550 0.9348 0.0106
vn 0.3120 0.9500 0.0142
vn 0.3085 0.9511 0.0138
vn 0.2492 0.9684 0.0121
vn 0.2939 -0.9558 0.0113
vn 0.3238 -0.9461 0.0028
vn 0.2063 -0.9785 0.0058
vn 0.3757 -0.9268 -0.0023
vn 0.6687 -0.7435 0.0016
vn 0.7549 -0.6558 0.0080
vn 0.7483 -0.6633 0.0061
vn 0.2359 -0.9716 0.0164
vn 0.2460 -0.9691 0.0180
vn 0.2465 -0.9692 -0.0001
vn 0.2658 -0.9640 0.0020
vn 0.3786 -0.9255 0.0134
vn 0.3877 -0.9216 0.0156
vn 0.3877 -0.9218 -0.0042
vn 0.4258 -0.9048 0.0003
vn 0.4536 -0.8912 0.0105
vn 0.5470 -0.8370 0.0123
vn 0.5566 -0.8306 0.0154
vn 0.6269 -0.7790 0.0139
vn 0.6409 -0.7675 0.0144
vn 0.7183 -0.6955 0.0184
vn 0.7549 -0.6558 0.0039
vn 0.6797 -0.7333 0.0162
vn 0.6798 -0.7334 0.0038
vn 0.5567 -0.8307 0.0007
vn 0.5771 -0.8167 -0.0049
vn 0.4872 -0.8733 0.0015
vn -0.0223 -0.9344 0.3555
vn -0.0342 -0.9418 0.3344
vn -0.0364 -0.9720 0.2323
vn -0.0410 -0.9743 0.2214
vn -0.0419 -0.9851 0.1666
vn -0.0455 -0.9861 0.1599
vn -0.0463 -0.9941 0.0984
vn -0.0514 -0.9976 0.0470
vn 0.0647 -0.9281 0.3666
vn 0.0475 -0.9413 0.3342
vn 0.0478 -0.9696 0.2400
vn 0.0394 -0.9748 0.2195
vn 0.0393 -0.9842 0.1725
vn 0.0314 -0.9870 0.1575
vn 0.1566 -0.9144 0.3732
vn 0.1371 -0.9328 0.3333
vn 0.1398 -0.9600 0.2427
vn 0.1291 -0.9680 0.2150
vn 0.1297 -0.9762 0.1736
vn 0.1187 -0.9812 0.1523
vn 0.2520 -0.8904 0.3790
vn 0.2329 -0.9129 0.3351
vn 0.2384 -0.9403 0.2430
vn 0.2269 -0.9509 0.2107
vn 0.2281 -0.9583 0.1721
vn 0.2155 -0.9655 0.1463
vn 0.2162 -0.9710 0.1019
vn -0.0510 -0.9942 0.0952
vn 0.0311 -0.9943 0.1022
vn 0.0173 -0.9955 0.0927
vn 0.1190 -0.9876 0.1024
vn 0.0978 -0.9913 0.0876
vn 0.2177 -0.9709 0.1001
vn 0.1900 -0.9795 0.0676
vn -0.0538 -0.9975 0.0459
vn 0.0171 -0.9987 0.0489
vn 0.0064 -0.9990 0.0443
vn 0.0978 -0.9940 0.0485
vn 0.0796 -0.9960 0.0407
vn 0.1900 -0.9807 0.0462
vn 0.1656 -0.9855 0.0356
vn -0.1094 0.9355 0.3360
vn -0.1056 0.9378 0.3308
vn -0.1159 0.9922 0.0462
vn -0.1117 0.9927 0.0447
vn -0.1112 0.9897 0.0902
vn -0.1161 0.9889 0.0930
vn -0.1141 0.9766 0.1823
vn -0.0895 0.9830 0.1603
vn -0.1143 0.9694 0.2174
vn -0.1820 0.9826 0.0359
vn -0.1808 0.9829 0.0356
vn -0.1802 0.9805 0.0786
vn -0.1909 0.9779 0.0848
vn -0.1888 0.9683 0.1638
vn -0.1958 0.9657 0.1705
vn -0.1881 0.9310 0.3128
vn -0.1890 0.9304 0.3141
vn -0.2388 0.9708 0.0234
vn -0.2657 0.9635 0.0336
vn -0.2652 0.9619 0.0661
vn -0.2771 0.9581 0.0730
vn -0.2749 0.9507 0.1437
vn -0.2832 0.9470 0.1518
vn -0.2745 0.9177 0.2872
vn -0.2765 0.9161 0.2904
vn -0.3438 0.9387 0.0240
vn -0.3701 0.9282 0.0375
vn -0.3698 0.9274 0.0562
vn -0.3776 0.9240 0.0609
vn -0.3755 0.9180 0.1276
vn -0.3802 0.9154 0.1323
vn -0.3706 0.8899 0.2660
vn -0.3702 0.8902 0.2654
vn 0.1720 0.9851 0.0054
vn 0.1386 0.9903 0.0084
vn 0.0891 0.9960 0.0026
vn 0.0655 0.9978 0.0091
vn -0.0008 1.0000 0.0096
vn -0.0020 0.9999 0.0100
vn -0.0552 0.9984 0.0097
vn -0.0551 0.9984 0.0097
vn 0.1924 0.9812 0.0152
vn 0.1720 0.9850 0.0172
vn 0.1463 0.9891 0.0166
vn 0.0891 0.9957 0.0248
vn 0.0796 0.9966 0.0218
vn 0.0063 0.9998 0.0201
vn -0.0008 0.9998 0.0220
vn -0.0539 0.9983 0.0209
vn -0.0552 0.9983 0.0212
vn 0.0063 -0.9996 0.0258
vn 0.1546 -0.9880 0.0052
vn 0.1292 -0.9916 0.0100
vn 0.0875 -0.9961 0.0067
vn 0.0671 -0.9977 0.0092
vn 0.0314 -0.9995 0.0088
vn -0.0539 -0.9983 0.0212
vn -0.0620 -0.9979 0.0186
vn -0.0620 -0.9980 0.0096
vn -0.0661 -0.9978 0.0088
vn 0.1656 -0.9861 0.0146
vn 0.1550 -0.9878 0.0174
vn 0.0796 -0.9966 0.0197
vn 0.0875 -0.9960 0.0171
vn 0.0030 -0.9997 0.0244
vn 0.0030 -1.0000 0.0047
vn -0.0213 -0.9997 0.0114
vn -0.3664 -0.9301 0.0253
vn -0.3702 -0.9286 0.0237
vn -0.3697 -0.9271 0.0613
vn -0.3777 -0.9242 0.0560
vn -0.3753 -0.9173 0.1329
vn -0.3804 -0.9160 0.1273
vn -0.2458 -0.9685 0.0392
vn -0.2657 -0.9636 0.0302
vn -0.2651 -0.9614 0.0738
vn -0.2772 -0.9586 0.0656
vn -0.2745 -0.9493 0.1530
vn -0.2836 -0.9482 0.1429
vn -0.1603 -0.9862 0.0408
vn -0.1808 -0.9829 0.0341
vn -0.1801 -0.9799 0.0856
vn -0.1911 -0.9785 0.0780
vn -0.1885 -0.9670 0.1716
vn -0.1961 -0.9669 0.1630
vn -0.1053 -0.9356 0.3371
vn -0.1880 -0.9305 0.3144
vn -0.1891 -0.9309 0.3126
vn -0.2742 -0.9166 0.2911
vn -0.2769 -0.9172 0.2867
vn -0.3707 -0.8901 0.2653
vn -0.3701 -0.8900 0.2661
vn -0.1060 -0.9934 0.0449
vn -0.1117 -0.9928 0.0424
vn -0.1111 -0.9894 0.0934
vn -0.1161 -0.9892 0.0899
vn -0.1147 -0.9809 0.1568
vn -0.0999 -0.9778 0.1842
vn -0.1143 -0.9694 0.2174
vn -0.1097 -0.9377 0.3295
vn -0.4917 0.8705 0.0218
vn -0.4926 0.8700 0.0222
vn -0.4923 0.8688 0.0527
vn -0.4916 0.8692 0.0523
vn -0.4894 0.8635 0.1216
vn -0.4863 0.8658 0.1182
vn -0.4750 0.8414 0.2576
vn -0.4694 0.8478 0.2468
vn -0.6214 0.7832 0.0242
vn -0.6153 0.7880 0.0215
vn -0.6148 0.7866 0.0569
vn -0.6060 0.7938 0.0508
vn -0.6030 0.7874 0.1283
vn -0.5923 0.7974 0.1156
vn -0.5775 0.7716 0.2666
vn -0.5670 0.7870 0.2433
vn -0.7399 0.6720 0.0307
vn -0.7291 0.6840 0.0251
vn -0.7280 0.6821 0.0687
vn -0.7136 0.6982 0.0571
vn -0.7085 0.6901 0.1476
vn -0.6927 0.7102 0.1257
vn -0.6709 0.6807 0.2942
vn -0.6582 0.7074 0.2578
vn -0.8405 0.5403 0.0406
vn -0.8279 0.5600 0.0324
vn -0.8257 0.5573 0.0869
vn -0.8092 0.5833 0.0703
vn -0.7999 0.5730 0.1784
vn -0.7828 0.6045 0.1478
vn -0.7487 0.5698 0.3387
vn -0.7380 0.6093 0.2901
vn -0.1117 0.9937 0.0129
vn -0.1340 0.9910 0.0028
vn -0.0881 0.9961 0.0093
vn -0.3380 0.9411 0.0099
vn -0.3381 0.9411 0.0042
vn -0.3637 0.9315 -0.0046
vn -0.2927 0.9562 0.0046
vn -0.2032 0.9791 0.0083
vn -0.2272 0.9739 -0.0011
vn -0.1792 0.9838 0.0058
vn -0.1160 0.9930 0.0200
vn -0.1117 0.9936 0.0183
vn -0.1821 0.9831 0.0171
vn -0.2032 0.9789 0.0211
vn -0.2388 0.9710 0.0134
vn -0.3439 0.9389 0.0122
vn -0.4081 -0.9129 0.0041
vn -0.3434 -0.9392 0.0015
vn -0.3612 -0.9325 0.0060
vn -0.2507 -0.9680 0.0045
vn -0.2386 -0.9711 0.0018
vn -0.1934 -0.9811 0.0071
vn -0.1242 -0.9922 0.0089
vn -0.1022 -0.9948 -0.0008
vn -0.1529 -0.9882 0.0074
vn -0.1061 -0.9941 0.0202
vn -0.1242 -0.9919 0.0253
vn -0.1605 -0.9869 0.0166
vn -0.2386 -0.9710 0.0154
vn -0.2460 -0.9692 0.0124
vn -0.3612 -0.9324 0.0113
vn -0.3664 -0.9304 0.0098
vn -0.8407 -0.5405 0.0326
vn -0.8277 -0.5597 0.0401
vn -0.8266 -0.5583 0.0705
vn -0.8084 -0.5823 0.0861
vn -0.8036 -0.5767 0.1474
vn -0.7796 -0.6007 0.1774
vn -0.7609 -0.5815 0.2879
vn -0.7269 -0.5977 0.3383
vn -0.7400 -0.6722 0.0251
vn -0.7290 -0.6838 0.0304
vn -0.7285 -0.6827 0.0570
vn -0.7133 -0.6975 0.0683
vn -0.7103 -0.6927 0.1249
vn -0.6910 -0.7076 0.1474
vn -0.6779 -0.6895 0.2550
vn -0.6518 -0.6988 0.2948
vn -0.6214 -0.7832 0.0215
vn -0.6153 -0.7879 0.0241
vn -0.6150 -0.7869 0.0506
vn -0.6059 -0.7935 0.0569
vn -0.6038 -0.7889 0.1147
vn -0.5916 -0.7960 0.1285
vn -0.5811 -0.7774 0.2407
vn -0.5637 -0.7813 0.2678
vn -0.4917 -0.8705 0.0222
vn -0.4926 -0.8700 0.0218
vn -0.4923 -0.8689 0.0522
vn -0.4916 -0.8692 0.0527
vn -0.4896 -0.8640 0.1179
vn -0.4861 -0.8654 0.1217
vn -0.4764 -0.8443 0.2452
vn -0.4681 -0.8450 0.2585
vn -0.9821 0.1761 0.0667
vn -0.8095 0.3714 0.4546
vn -0.7754 0.1861 0.6034
vn -0.9172 0.3515 0.1874
vn -0.8907 0.3369 0.3053
vn -0.8940 0.3648 0.2599
vn -0.8521 0.3419 0.3963
vn -0.9600 0.2723 0.0654
vn -0.9520 0.3013 0.0544
vn -0.9476 0.2987 0.1130
vn -0.9474 0.2996 0.1122
vn -0.9295 0.3330 0.1588
vn -0.9185 0.3270 0.2223
vn -0.8431 0.1586 0.5139
vn -0.8544 0.1697 0.4912
vn -0.9170 0.1877 0.3521
vn -0.9109 0.1745 0.3739
vn -0.9513 0.1664 0.2595
vn -0.9478 0.1570 0.2775
vn -0.9687 0.1628 0.1875
vn -0.9681 0.1555 0.1967
vn -0.9815 0.1365 0.1339
vn -0.9812 0.1322 0.1409
vn -0.9854 0.1334 0.1058
vn -0.9158 0.3980 0.0527
vn -0.9045 0.4243 0.0426
vn -0.9005 0.4209 0.1097
vn -0.8857 0.4556 0.0892
vn -0.8752 0.4470 0.1849
vn -0.8745 0.4503 0.1802
vn -0.8422 0.4741 0.2568
vn -0.8221 0.4592 0.3367
vn -0.7818 0.4831 0.3943
vn -0.8419 0.2859 0.4577
vn -0.8265 0.2320 0.5130
vn -0.9138 0.2658 0.3073
vn -0.9055 0.2388 0.3508
vn -0.9412 0.2528 0.2242
vn -0.9385 0.2291 0.2582
vn -0.9581 0.2367 0.1611
vn -0.9585 0.2157 0.1865
vn -0.9688 0.2198 0.1145
vn -0.9704 0.2014 0.1330
vn -0.9760 0.2036 0.0769
vn -0.9917 0.1020 0.0781
vn -0.9913 0.1096 0.0726
vn -0.8340 0.5517 0.0043
vn -0.4918 0.8707 0.0091
vn -0.4609 0.8875 0.0040
vn -0.4703 0.8825 0.0026
vn -0.5268 0.8500 0.0060
vn -0.6055 0.7958 0.0067
vn -0.6214 0.7835 0.0049
vn -0.6737 0.7389 0.0074
vn -0.8924 0.4511 0.0076
vn -0.8917 0.4525 0.0105
vn -0.8862 0.4631 0.0103
vn -0.8757 0.4828 0.0095
vn -0.8409 0.5408 0.0191
vn -0.8534 0.5211 0.0120
vn -0.7401 0.6724 0.0085
vn -0.7749 0.6321 0.0031
vn -0.7228 0.6910 0.0077
vn -0.8989 -0.4378 0.0157
vn -0.8327 -0.5536 0.0097
vn -0.8713 -0.4908 0.0038
vn -0.8786 -0.4775 0.0064
vn -0.8885 -0.4587 0.0082
vn -0.8887 -0.4585 0.0076
vn -0.6892 -0.7245 0.0076
vn -0.7480 -0.6637 0.0071
vn -0.7401 -0.6725 0.0083
vn -0.8410 -0.5409 0.0118
vn -0.4918 -0.8707 0.0091
vn -0.6266 -0.7793 0.0062
vn -0.6214 -0.7835 0.0054
vn -0.5523 -0.8336 0.0064
vn -0.4752 -0.8799 0.0041
vn -0.4754 -0.8797 0.0040
vn -0.8223 -0.4081 0.3966
vn -0.9821 -0.1761 0.0667
vn -0.8423 -0.2845 0.4577
vn -0.7818 -0.4831 0.3943
vn -0.8221 -0.4592 0.3367
vn -0.8422 -0.4741 0.2568
vn -0.8745 -0.4503 0.1802
vn -0.8752 -0.4470 0.1849
vn -0.9667 -0.2189 0.1326
vn -0.9920 -0.1019 0.0750
vn -0.9045 -0.4243 0.0426
vn -0.9158 -0.3980 0.0527
vn -0.9519 -0.3017 0.0544
vn -0.9627 -0.2173 0.1613
vn -0.9540 -0.2350 0.1860
vn -0.9465 -0.2320 0.2245
vn -0.9335 -0.2496 0.2576
vn -0.9197 -0.2442 0.3075
vn -0.8999 -0.2600 0.3500
vn -0.8264 -0.2319 0.5132
vn -0.8406 -0.1606 0.5173
vn -0.7650 -0.1817 0.6178
vn -0.9912 -0.1078 0.0774
vn -0.9847 -0.1332 0.1124
vn -0.9821 -0.1324 0.1340
vn -0.9737 -0.1591 0.1634
vn -0.9710 -0.1482 0.1876
vn -0.9602 -0.1604 0.2286
vn -0.9527 -0.1583 0.2595
vn -0.9277 -0.1912 0.3207
vn -0.9191 -0.1768 0.3522
vn -0.8847 -0.1782 0.4307
vn -0.8462 -0.1675 0.5058
vn -0.8857 -0.4556 0.0892
vn -0.9005 -0.4209 0.1097
vn -0.9477 -0.2987 0.1122
vn -0.9520 -0.3013 0.0543
vn -0.9671 -0.2456 0.0658
vn -0.8192 -0.3480 0.4559
vn -0.8325 -0.3318 0.4438
vn -0.8826 -0.3583 0.3044
vn -0.9026 -0.3431 0.2601
vn -0.9110 -0.3478 0.2215
vn -0.9250 -0.3304 0.1877
vn -0.9295 -0.3330 0.1588
vn -0.9472 -0.3002 0.1130
vn -0.9726 -0.2022 0.1148
vn -0.9760 -0.2036 0.0769
vn -0.9886 -0.1291 0.0778
vn -0.9875 0.0693 0.1415
vn -0.9950 0.0528 0.0853
vn -0.9490 0.0111 0.3151
vn -0.9308 0.0013 0.3655
vn -0.9383 0.0132 0.3454
vn -0.8819 0.0118 0.4712
vn -0.7216 0.0142 0.6922
vn -0.7602 0.0348 0.6488
vn -0.8147 0.0088 0.5798
vn -0.8891 0.0200 0.4573
vn -0.9919 0.0700 0.1064
vn -0.9959 0.0114 0.0902
vn -0.9962 0.0143 0.0854
vn -0.9901 0.0141 0.1396
vn -0.7850 0.1341 0.6049
vn -0.7499 0.0995 0.6540
vn -0.8592 0.1409 0.4919
vn -0.8336 0.1136 0.5406
vn -0.9178 0.1308 0.3749
vn -0.9017 0.0963 0.4214
vn -0.9518 0.1293 0.2780
vn -0.9432 0.1051 0.3151
vn -0.9740 0.1111 0.1974
vn -0.9689 0.0657 0.2387
vn -0.9813 0.0780 0.1759
vn -0.7516 0.0839 0.6542
vn -0.7317 0.0704 0.6779
vn -0.8366 0.0854 0.5411
vn -0.8218 0.0724 0.5651
vn -0.9030 0.0834 0.4216
vn -0.8934 0.0710 0.4435
vn -0.9457 0.0779 0.3154
vn -0.9403 0.0663 0.3338
vn -0.9671 0.0698 0.2446
vn -0.9690 0.0332 0.2449
vn -0.9842 0.0156 0.1763
vn -0.9919 0.0242 0.1245
vn -0.9904 0.0601 0.1243
vn -0.9955 0.0609 0.0730
vn -0.9729 0.0117 0.2311
vn -0.9669 0.0377 0.2523
vn -0.9378 0.0356 0.3454
vn -0.9416 0.0426 0.3340
vn -0.8885 0.0385 0.4572
vn -0.8950 0.0458 0.4438
vn -0.8138 0.0394 0.5798
vn -0.8235 0.0469 0.5654
vn -0.7208 0.0384 0.6921
vn -0.7335 0.0458 0.6782
vn -0.9671 -0.1096 0.2294
vn -0.7606 -0.0154 0.6491
vn -0.8950 -0.0458 0.4438
vn -0.9408 -0.1046 0.3224
vn -0.9439 -0.0981 0.3152
vn -0.8981 -0.1281 0.4207
vn -0.7466 -0.1254 0.6534
vn -0.7764 -0.1168 0.6193
vn -0.8317 -0.1284 0.5402
vn -0.8540 -0.1176 0.5067
vn -0.8931 -0.1255 0.4319
vn -0.8239 -0.0402 0.5654
vn -0.8136 -0.0460 0.5797
vn -0.7338 -0.0394 0.6782
vn -0.9726 -0.0249 0.2310
vn -0.9488 -0.0236 0.3151
vn -0.9423 -0.0216 0.3340
vn -0.9305 -0.0272 0.3653
vn -0.8754 -0.0245 0.4827
vn -0.8818 -0.0188 0.4712
vn -0.8147 -0.0088 0.5798
vn -0.7201 -0.0521 0.6919
vn -0.7205 -0.0447 0.6920
vn -0.9963 -0.0114 0.0855
vn -0.9958 -0.0143 0.0902
vn -0.9921 -0.0141 0.1245
vn -0.9900 -0.0218 0.1395
vn -0.9842 -0.0156 0.1763
vn -0.9690 -0.0332 0.2449
vn -0.7309 -0.0807 0.6777
vn -0.7527 -0.0733 0.6543
vn -0.8210 -0.0831 0.5649
vn -0.8376 -0.0744 0.5412
vn -0.8926 -0.0819 0.4433
vn -0.9039 -0.0723 0.4216
vn -0.9396 -0.0771 0.3336
vn -0.9466 -0.0671 0.3155
vn -0.9671 -0.0698 0.2446
vn -0.9568 -0.0914 0.2759
vn -0.9815 -0.0757 0.1759
vn -0.9840 -0.0687 0.1644
vn -0.9898 -0.0696 0.1242
vn -0.9915 -0.0638 0.1130
vn -0.9946 -0.0591 0.0852
vn -0.9956 -0.0529 0.0778
vn 0.8097 -0.0000 0.5868
vn 0.8737 -0.0000 0.4865
vn 0.9139 -0.0000 0.4060
vn 0.9556 -0.0000 0.2946
vn 0.9782 -0.0000 0.2075
vn 0.9960 -0.0000 0.0899
vn 1.0000 -0.0000 -0.0000
vn 0.7071 -0.0000 0.7071
vn -0.6493 -0.0000 0.7605
vn -0.5365 -0.0000 0.8439
vn -0.5364 -0.0000 0.8439
vn -0.4541 -0.0000 0.8909
vn -0.3263 -0.0000 0.9453
vn -0.2338 -0.0000 0.9723
vn -0.1407 -0.0000 0.9900
vn -0.0007 -0.0000 1.0000
vn 0.0940 -0.0000 0.9956
vn 0.2325 -0.0000 0.9726
vn 0.3236 -0.0000 0.9462
vn 0.4137 -0.0000 0.9104
vn 0.5352 -0.0000 0.8447
vn 0.6128 -0.0000 0.7902
vn 0.7174 -0.0000 0.6966
vn 0.9914 -0.0000 0.1305
vn 0.9469 -0.0000 0.3214
vn 0.8969 -0.0000 0.4423
vn 0.7933 -0.0000 0.6088
vn 0.6184 -0.0165 0.7857
vn 0.4761 0.0082 0.8793
vn 0.6442 0.0002 0.7648
vn 0.7019 -0.0000 0.7123
vn 0.4606 -0.0024 0.8876
vn 0.1958 0.0031 0.9806
vn 0.1595 -0.0000 0.9872
vn 0.6442 -0.0002 0.7648
vn 0.5574 -0.0045 0.8302
vn 0.4505 0.0022 0.8928
vn 0.3470 -0.0000 0.9378
vn 0.1594 0.0001 0.9872
vn 0.1586 -0.0000 0.9873
vn 0.6205 -0.4834 0.6175
vn 0.3294 -0.8885 0.3196
vn 0.0038 -1.0000 0.0037
vn 0.0830 -0.9932 0.0812
vn -0.3008 -0.8776 0.3731
vn -0.1424 -0.9755 0.1679
vn -0.4155 -0.7644 0.4930
vn -0.6215 -0.2877 0.7287
vn -0.5481 -0.5239 0.6520
vn 0.5541 -0.4271 0.7145
vn 0.5669 -0.1942 0.8005
vn 0.7038 -0.1943 0.6833
vn 0.5250 -0.1949 0.8285
vn 0.4058 -0.1942 0.8931
vn 0.3174 -0.1951 0.9280
vn 0.2295 -0.2068 0.9511
vn 0.2280 -0.1943 0.9541
vn 0.0462 -0.1942 0.9799
vn 0.0842 -0.4437 0.8922
vn -0.0007 -0.1949 0.9808
vn -0.1380 -0.1943 0.9712
vn -0.1392 -0.2028 0.9693
vn -0.6469 -0.0864 0.7577
vn -0.6300 -0.1945 0.7519
vn -0.5262 -0.1948 0.8278
vn -0.4710 -0.3284 0.8187
vn -0.4454 -0.1949 0.8739
vn -0.3200 -0.1942 0.9273
vn -0.3201 -0.1942 0.9273
vn -0.2293 -0.1951 0.9536
vn -0.5308 -0.5545 0.6409
vn -0.4152 -0.5539 0.7217
vn -0.4152 -0.5538 0.7217
vn -0.2717 -0.5538 0.7871
vn -0.1184 -0.5538 0.8242
vn -0.1184 -0.5539 0.8242
vn 0.0392 -0.5538 0.8317
vn 0.1953 -0.5538 0.8094
vn 0.1953 -0.5539 0.8094
vn 0.3444 -0.5538 0.7580
vn 0.4812 -0.5538 0.6795
vn 0.6011 -0.5538 0.5761
vn 0.7040 -0.1674 0.6901
vn -0.3450 -0.8311 0.4361
vn -0.2779 -0.8303 0.4831
vn -0.1818 -0.8303 0.5268
vn -0.0792 -0.8303 0.5516
vn 0.0262 -0.8303 0.5567
vn 0.1307 -0.8303 0.5418
vn 0.2305 -0.8303 0.5074
vn 0.3221 -0.8303 0.4548
vn 0.3935 -0.8308 0.3937
vn 0.4816 -0.7462 0.4596
vn -0.1203 -0.9807 0.1539
vn -0.0977 -0.9806 0.1698
vn -0.0639 -0.9806 0.1852
vn -0.0279 -0.9806 0.1939
vn 0.0092 -0.9806 0.1957
vn 0.0460 -0.9806 0.1905
vn 0.0811 -0.9806 0.1784
vn 0.1132 -0.9806 0.1599
vn 0.1339 -0.9807 0.1421
vn 0.2174 -0.9530 0.2109
vn 0.0043 -1.0000 0.0030
vn 0.0943 -0.9932 0.0677
vn 0.1636 -0.9808 0.1065
vn 0.2452 -0.9530 0.1779
vn 0.3714 -0.8885 0.2694
vn 0.4560 -0.8308 0.3190
vn 0.5352 -0.7463 0.3958
vn 0.6783 -0.5544 0.4822
vn 0.7063 -0.4839 0.5167
vn 0.7983 -0.1675 0.5786
vn 0.7969 -0.1945 0.5720
vn 0.8569 -0.1950 0.4772
vn 0.8562 -0.3495 0.3804
vn 0.9770 -0.1943 0.0882
vn 0.8940 -0.4408 0.0807
vn 0.8281 -0.5543 0.0830
vn 0.5536 -0.8308 0.0585
vn 0.6078 -0.7922 0.0549
vn 0.7913 -0.6072 0.0714
vn 0.1951 -0.9806 0.0176
vn 0.4419 -0.8962 0.0399
vn 0.9594 -0.1950 0.2035
vn 0.9215 -0.2928 0.2551
vn 0.8023 -0.5540 0.2221
vn 0.5369 -0.8304 0.1486
vn 0.1888 -0.9806 0.0522
vn 0.9373 -0.1947 0.2890
vn 0.8833 -0.1943 0.4267
vn 0.7496 -0.5540 0.3621
vn 0.5017 -0.8304 0.2424
vn 0.1763 -0.9806 0.0852
vn 0.8969 -0.4423 -0.0000
vn 0.9983 -0.0591 -0.0000
vn 0.9808 -0.1951 0.0012
vn 0.9661 -0.2581 -0.0001
vn 0.8946 -0.4468 0.0001
vn 0.1951 -0.9808 -0.0000
vn 0.1388 -0.9903 0.0017
vn 0.4423 -0.8969 -0.0011
vn 0.3904 -0.9207 -0.0000
vn 0.6088 -0.7934 -0.0000
vn 0.5144 -0.8576 0.0023
vn 0.7933 -0.6088 -0.0043
vn 0.6401 -0.7682 0.0041
vn 0.8073 -0.5901 -0.0000
vn -0.6446 0.1203 0.7550
vn 0.0038 1.0000 0.0037
vn 0.0830 0.9932 0.0812
vn 0.3294 0.8885 0.3196
vn 0.2174 0.9530 0.2109
vn 0.4816 0.7462 0.4596
vn 0.6303 0.4838 0.6072
vn -0.1187 0.9812 0.1519
vn -0.4842 0.4303 0.7618
vn -0.4892 0.1942 0.8503
vn -0.6302 0.1945 0.7517
vn -0.4454 0.1949 0.8739
vn -0.3201 0.1942 0.9273
vn -0.3200 0.1942 0.9273
vn -0.2293 0.1951 0.9536
vn -0.1392 0.2028 0.9693
vn -0.1380 0.1943 0.9712
vn -0.0007 0.1949 0.9808
vn 0.0444 0.3290 0.9433
vn 0.0922 0.1949 0.9765
vn 0.2280 0.1943 0.9541
vn 0.2295 0.2068 0.9511
vn 0.7073 0.1675 0.6868
vn 0.7009 0.1944 0.6862
vn 0.6011 0.1948 0.7751
vn 0.5459 0.3281 0.7709
vn 0.5250 0.1949 0.8285
vn 0.4058 0.1942 0.8931
vn 0.3174 0.1951 0.9280
vn 0.5924 0.5543 0.5847
vn 0.4812 0.5538 0.6795
vn 0.3444 0.5538 0.7580
vn 0.3444 0.5539 0.7580
vn 0.1953 0.5539 0.8094
vn 0.1953 0.5538 0.8094
vn 0.0392 0.5538 0.8317
vn 0.0392 0.5539 0.8317
vn -0.1184 0.5539 0.8242
vn -0.1184 0.5538 0.8242
vn -0.2717 0.5538 0.7871
vn -0.4152 0.5538 0.7217
vn -0.4152 0.5539 0.7217
vn -0.5313 0.5545 0.6405
vn -0.6083 0.3513 0.7117
vn 0.3935 0.8308 0.3937
vn 0.3221 0.8303 0.4548
vn 0.2305 0.8303 0.5074
vn 0.1307 0.8303 0.5418
vn 0.0262 0.8303 0.5567
vn -0.0792 0.8303 0.5517
vn -0.0792 0.8303 0.5516
vn -0.1818 0.8303 0.5268
vn -0.2779 0.8303 0.4831
vn -0.3531 0.8308 0.4301
vn -0.5207 0.5867 0.6202
vn 0.1339 0.9807 0.1421
vn 0.1132 0.9806 0.1599
vn 0.0811 0.9806 0.1784
vn 0.0460 0.9806 0.1905
vn 0.0092 0.9806 0.1957
vn -0.0279 0.9806 0.1939
vn -0.0639 0.9806 0.1852
vn -0.0977 0.9806 0.1698
vn -0.1198 0.9807 0.1542
vn -0.3525 0.8317 0.4290
vn 0.9770 0.1943 0.0882
vn 0.8014 0.1674 0.5743
vn 0.5352 0.7463 0.3958
vn 0.7159 0.4834 0.5038
vn 0.2452 0.9530 0.1779
vn 0.3714 0.8885 0.2694
vn 0.0043 1.0000 0.0030
vn 0.0943 0.9932 0.0677
vn 0.7943 0.1944 0.5756
vn 0.8569 0.1950 0.4772
vn 0.8597 0.2974 0.4153
vn 0.8964 0.1948 0.3982
vn 0.9454 0.1943 0.2617
vn 0.9000 0.3363 0.2775
vn 0.9594 0.1950 0.2035
vn 0.6706 0.5539 0.4935
vn 0.7496 0.5540 0.3621
vn 0.8023 0.5540 0.2221
vn 0.8940 0.4408 0.0807
vn 0.8281 0.5543 0.0830
vn 0.7913 0.6072 0.0714
vn 0.6078 0.7922 0.0549
vn 0.4560 0.8308 0.3190
vn 0.5017 0.8304 0.2424
vn 0.5369 0.8304 0.1486
vn 0.5536 0.8308 0.0585
vn 0.4419 0.8962 0.0399
vn 0.1636 0.9808 0.1065
vn 0.1763 0.9806 0.0852
vn 0.1888 0.9806 0.0522
vn 0.1951 0.9806 0.0176
vn 0.1388 0.9903 -0.0000
vn 0.1951 0.9808 0.0012
vn 0.3904 0.9207 -0.0006
vn 0.8073 0.5901 -0.0000
vn 0.6401 0.7682 0.0041
vn 0.7933 0.6088 -0.0043
vn 0.5144 0.8576 0.0023
vn 0.6088 0.7934 -0.0000
vn 0.4423 0.8969 -0.0000
vn 0.8946 0.4469 -0.0000
vn 0.8969 0.4423 0.0001
vn 0.9661 0.2581 -0.0001
vn 0.9808 0.1951 0.0012
vn 0.9983 0.0591 -0.0000
vn -0.0000 -0.0482 0.9988
vn -0.0003 -0.2588 0.9659
vn -0.0003 -0.2628 0.9649
vn -0.0000 -0.8420 0.5395
vn -0.0002 -0.7660 0.6429
vn -0.0006 -0.7071 0.7071
vn -0.0000 -0.6090 0.7932
vn -0.0000 -0.4600 0.8879
vn -0.0000 -0.9140 0.4058
vn -0.0005 -0.9659 0.2588
vn -0.0000 -0.9880 0.1546
vn 0.1060 -0.2387 0.9653
vn 0.0362 -0.2587 0.9653
vn 0.0986 -0.7037 0.7037
vn 0.1341 -0.9572 0.2565
vn 0.4968 -0.8284 0.2588
vn 0.2882 -0.6494 0.7037
vn 0.3936 -0.8869 0.2417
vn 0.3773 -0.8897 0.2570
vn 0.9463 -0.0373 0.3212
vn 0.9903 -0.0472 0.1304
vn 0.7933 -0.0145 0.6087
vn 0.8928 -0.4504 -0.0090
vn 0.8966 -0.0256 0.4422
vn 0.9242 -0.0012 0.3820
vn 0.9078 -0.1348 0.3972
vn 0.8897 -0.1408 0.4342
vn 0.8170 -0.3099 0.4863
vn 0.8349 -0.5188 0.1840
vn 0.6545 -0.7157 0.2437
vn 0.6620 -0.7051 0.2541
vn 0.9906 -0.0510 0.1272
vn 0.9670 -0.2095 0.1449
vn 0.9658 -0.2282 0.1230
vn 0.8573 -0.4748 0.1991
vn 0.7654 -0.3117 0.5630
vn 0.5437 -0.5504 0.6336
vn 0.5653 -0.4570 0.6867
vn 0.7871 -0.0053 0.6168
vn 0.7776 -0.0763 0.6241
vn 0.7209 -0.0186 0.6928
vn 0.6453 -0.1861 0.7409
vn 0.5535 -0.0410 0.8318
vn 0.3351 -0.2777 0.9003
vn 0.3180 -0.0996 0.9428
vn -0.0000 0.9975 0.0702
vn -0.0003 0.9808 0.1951
vn -0.0000 0.7933 0.6088
vn -0.0000 0.7938 0.6082
vn -0.0000 0.8969 0.4423
vn -0.0001 0.8796 0.4757
vn 0.0002 0.9543 0.2989
vn -0.0000 0.1951 0.9808
vn -0.0001 0.1853 0.9827
vn -0.0000 0.4423 0.8969
vn -0.0000 0.4318 0.9020
vn -0.0000 0.6088 0.7933
vn -0.0001 0.5812 0.8138
vn -0.0000 0.6847 0.7288
vn 0.0273 0.1950 0.9804
vn 0.0799 0.1800 0.9804
vn 0.0757 0.2570 0.9634
vn 0.2502 0.5033 0.8271
vn 0.2485 0.5598 0.7905
vn 0.3230 0.7277 0.6051
vn 0.3647 0.7515 0.5498
vn 0.3645 0.8213 0.4388
vn 0.0619 0.4414 0.8952
vn 0.0537 0.5595 0.8271
vn 0.0850 0.6066 0.7905
vn 0.1157 0.8259 0.5518
vn 0.0663 0.7916 0.6074
vn 0.1247 0.8899 0.4388
vn 0.1362 0.9716 0.1933
vn 0.1362 0.9717 0.1933
vn 0.3980 0.8968 0.1933
vn 0.3847 0.9073 0.1698
vn 0.5045 0.8411 0.1951
vn 0.8966 0.0256 0.4422
vn 0.9467 -0.0226 0.3213
vn 0.9908 0.0475 0.1268
vn 0.9639 0.2227 0.1462
vn 0.9685 0.2184 0.1198
vn 0.7844 0.2836 0.5516
vn 0.7947 0.3493 0.4963
vn 0.8940 0.1275 0.4295
vn 0.9044 0.1524 0.3986
vn 0.9219 0.0321 0.3861
vn 0.9902 0.0508 0.1304
vn 0.4364 0.1766 0.8822
vn 0.5051 0.1000 0.8573
vn 0.6865 0.1022 0.7200
vn 0.7084 0.0508 0.7040
vn 0.7836 0.0351 0.6203
vn 0.7862 0.0138 0.6178
vn 0.7933 0.0057 0.6088
vn 0.2055 0.1760 0.9627
vn 0.4887 0.3976 0.7766
vn 0.5256 0.5651 0.6360
vn 0.5607 0.5712 0.5995
vn 0.6230 0.6504 0.4346
vn 0.9123 0.3733 0.1683
vn 0.8585 0.4985 0.1203
vn 0.8349 0.5188 0.1840
vn 0.6224 0.7413 0.2512
vn 0.6547 0.7310 0.1923
vn -0.9950 -0.0000 0.1002
vn -0.9551 -0.0000 0.2964
vn -0.8768 -0.0000 0.4808
vn -0.0000 0.7299 0.6835
vn -0.0000 0.4389 0.8985
vn -0.0000 0.0890 0.9960
vn 0.0223 0.1950 0.9805
vn 0.0072 0.2541 0.9672
vn -0.0000 0.3571 0.9341
vn -0.0000 0.5556 0.8315
vn 0.0657 0.6546 0.7531
vn 0.0209 0.5563 0.8307
vn 0.0473 0.9905 0.1292
vn 0.0115 0.9807 0.1951
vn -0.0000 0.9998 0.0212
vn 0.0009 0.9555 0.2950
vn -0.0000 0.9251 0.3798
vn -0.0000 0.8315 0.5556
vn 0.0592 0.8825 0.4666
vn 0.0099 0.8010 0.5986
vn -0.0000 -0.6973 0.7168
vn -0.0000 -0.9963 0.0854
vn 0.0291 -0.9804 0.1950
vn 0.0121 -0.9697 0.2439
vn -0.0000 -0.7586 0.6516
vn 0.0293 -0.8415 0.5395
vn 0.0214 -0.8313 0.5554
vn -0.0000 -0.9030 0.4297
vn -0.0000 -0.9373 0.3486
vn 0.0033 -0.6297 0.7769
vn 0.0244 -0.5554 0.8312
vn 0.0046 -0.4935 0.8697
vn -0.0000 -0.0411 0.9992
vn 0.0122 -0.1685 0.9856
vn 0.0204 -0.1950 0.9806
vn -0.0000 -0.3204 0.9473
vn -0.0000 -0.3990 0.9170
vn -0.8075 0.5897 0.0107
vn -0.5345 0.8450 0.0167
vn -0.1867 0.9822 0.0204
vn -0.1868 0.9822 0.0204
vn -0.1874 0.9755 0.1152
vn -0.1826 0.9763 0.1159
vn -0.1962 0.9438 0.2660
vn -0.1840 0.9454 0.2689
vn -0.1969 0.9177 0.3451
vn -0.2453 0.8817 0.4031
vn -0.1906 0.8867 0.4211
vn -0.2190 0.8085 0.5463
vn -0.1999 0.8087 0.5532
vn -0.2220 0.7416 0.6330
vn -0.4470 0.6811 0.5799
vn -0.2162 0.6819 0.6988
vn -0.2415 0.5823 0.7763
vn -0.2219 0.5803 0.7836
vn -0.8079 0.5893 0.0105
vn -0.8080 0.5882 0.0339
vn -0.8135 0.5807 0.0320
vn -0.8171 0.5718 0.0731
vn -0.8279 0.5570 0.0656
vn -0.8356 0.5376 0.1133
vn -0.8483 0.5201 0.0997
vn -0.8595 0.4887 0.1497
vn -0.8702 0.4742 0.1336
vn -0.8843 0.4284 0.1856
vn -0.8936 0.4165 0.1674
vn -0.9088 0.3584 0.2136
vn -0.9141 0.3525 0.2003
vn -0.9283 0.2854 0.2382
vn -0.9317 0.2826 0.2284
vn -0.9442 0.2100 0.2539
vn -0.9452 0.2096 0.2503
vn -0.9549 0.1372 0.2633
vn -0.9547 0.1372 0.2640
vn -0.5347 0.8449 0.0166
vn -0.5348 0.8411 0.0802
vn -0.5367 0.8400 0.0798
vn -0.5460 0.8176 0.1829
vn -0.5488 0.8159 0.1818
vn -0.5658 0.7734 0.2858
vn -0.5685 0.7720 0.2843
vn -0.5906 0.7111 0.3815
vn -0.5920 0.7104 0.3805
vn -0.6174 0.6281 0.4737
vn -0.6172 0.6281 0.4738
vn -0.6438 0.5271 0.5547
vn -0.6418 0.5276 0.5565
vn -0.6665 0.4106 0.6222
vn -0.6623 0.4112 0.6263
vn -0.6847 0.2815 0.6723
vn -0.6798 0.2813 0.6773
vn -0.6978 0.1461 0.7013
vn -0.6916 0.1451 0.7076
vn -0.2474 0.4634 0.8509
vn -0.4376 0.4405 0.7839
vn -0.2413 0.3823 0.8920
vn -0.2572 0.2834 0.9239
vn -0.2404 0.2805 0.9292
vn -0.2623 0.1174 0.9578
vn -0.2462 0.1144 0.9624
vn -0.2567 0.0241 0.9662
vn -0.2566 0.0241 0.9662
vn -0.7018 0.0660 0.7093
vn -0.7017 0.0659 0.7094
vn -0.9603 0.0903 0.2639
vn -0.9603 0.0902 0.2641
vn -0.2571 0.0196 0.9662
vn -0.7029 0.0535 0.7093
vn -0.7028 0.0535 0.7093
vn -0.9618 0.0732 0.2637
vn -0.9618 0.0732 0.2639
vn -0.1867 0.9824 0.0015
vn -0.1864 0.9825 0.0015
vn -0.5340 0.8455 0.0044
vn -0.5333 0.8459 0.0044
vn -0.8069 0.5906 0.0067
vn -0.8061 0.5918 0.0067
vn -0.1869 0.9824 0.0015
vn -0.5346 0.8451 0.0042
vn -0.5340 0.8455 0.0042
vn -0.8076 0.5897 0.0063
vn -0.8070 0.5906 0.0063
vn -0.9628 0.0592 0.2637
vn -0.7036 0.0433 0.7093
vn -0.2573 0.0158 0.9662
vn -0.9628 0.0593 0.2636
vn -0.9641 0.0318 0.2635
vn -0.9642 0.0319 0.2633
vn -0.9647 0.0089 0.2633
vn -0.9647 0.0013 0.2633
vn -0.7037 0.0433 0.7092
vn -0.7047 0.0233 0.7091
vn -0.7048 0.0233 0.7090
vn -0.7051 0.0065 0.7091
vn -0.7051 0.0009 0.7091
vn -0.2574 0.0158 0.9662
vn -0.2578 0.0085 0.9662
vn -0.2579 0.0024 0.9662
vn -0.2579 0.0003 0.9662
vn -0.8084 0.5793 0.1050
vn -0.1501 0.8210 0.5509
vn -0.8051 0.5927 0.0219
vn -0.8058 0.5918 0.0208
vn -0.5307 0.8462 0.0470
vn -0.5325 0.8453 0.0449
vn -0.1826 0.9810 0.0658
vn -0.1855 0.9806 0.0626
vn -0.8005 0.5948 0.0733
vn -0.8074 0.5864 0.0648
vn -0.5168 0.8344 0.1918
vn -0.5366 0.8255 0.1750
vn -0.1586 0.9463 0.2818
vn -0.1927 0.9467 0.2581
vn -0.8029 0.5787 0.1431
vn -0.8138 0.5691 0.1175
vn -0.5195 0.7650 0.3805
vn -0.5522 0.7618 0.3386
vn -0.1646 0.8178 0.5514
vn -0.1906 0.8904 0.4134
vn -0.2579 -0.0011 0.9662
vn -0.7051 -0.0030 0.7091
vn -0.9647 -0.0042 0.2633
vn -0.2578 -0.0058 0.9662
vn -0.2579 -0.0058 0.9662
vn -0.7050 -0.0158 0.7091
vn -0.9644 -0.0216 0.2634
vn -0.9645 -0.0216 0.2633
vn -0.2575 -0.0127 0.9662
vn -0.2576 -0.0127 0.9662
vn -0.7041 -0.0349 0.7092
vn -0.7043 -0.0348 0.7091
vn -0.9634 -0.0477 0.2637
vn -0.9635 -0.0477 0.2634
vn -0.1656 0.5220 0.8367
vn -0.8112 0.5597 0.1693
vn -0.8105 0.5640 0.1582
vn -0.5484 0.6957 0.4639
vn -0.5496 0.7107 0.4392
vn 0.0202 0.5714 0.8204
vn -0.8095 0.5461 0.2156
vn -0.8182 0.5454 0.1817
vn -0.5342 0.6139 0.5812
vn -0.5756 0.6370 0.5127
vn -0.2485 0.5802 0.7757
vn -0.1912 0.7084 0.6795
vn -0.1947 0.7401 0.6437
vn -0.8237 0.5015 0.2644
vn -0.8280 0.5118 0.2291
vn -0.5639 0.4276 0.7065
vn -0.6044 0.4836 0.6331
vn -0.1613 0.2336 0.9588
vn -0.2502 0.3617 0.8981
vn -0.2570 -0.0196 0.9662
vn -0.2571 -0.0196 0.9662
vn -0.7028 -0.0535 0.7093
vn -0.7029 -0.0535 0.7093
vn -0.9618 -0.0732 0.2639
vn -0.9618 -0.0732 0.2637
vn -0.2566 -0.0241 0.9662
vn -0.2567 -0.0241 0.9662
vn -0.7017 -0.0660 0.7094
vn -0.7018 -0.0659 0.7093
vn -0.9603 -0.0903 0.2641
vn -0.9603 -0.0902 0.2639
vn -0.4449 0.8568 0.2607
vn -0.3256 0.6270 0.7077
vn -0.1192 0.2295 0.9660
vn -0.5086 0.8205 0.2609
vn -0.5086 0.8205 0.2610
vn -0.5845 0.7684 0.2606
vn -0.5845 0.7682 0.2611
vn -0.6503 0.7132 0.2616
vn -0.6321 0.6315 0.4491
vn -0.6975 0.6668 0.2624
vn -0.7477 0.6100 0.2625
vn -0.7476 0.6098 0.2631
vn -0.8047 0.5324 0.2626
vn -0.8045 0.5321 0.2639
vn -0.3256 0.6271 0.7076
vn -0.3721 0.6003 0.7079
vn -0.4280 0.5626 0.7073
vn -0.4279 0.5624 0.7076
vn -0.4999 0.4995 0.7075
vn -0.4997 0.4992 0.7079
vn -0.5467 0.4461 0.7086
vn -0.5466 0.4458 0.7089
vn -0.5888 0.3895 0.7082
vn -0.5883 0.3892 0.7088
vn -0.1362 0.2197 0.9660
vn -0.1567 0.2060 0.9659
vn -0.1567 0.2059 0.9659
vn -0.1831 0.1829 0.9659
vn -0.1829 0.1828 0.9660
vn -0.2000 0.1632 0.9661
vn -0.2000 0.1631 0.9661
vn -0.2156 0.1426 0.9660
vn -0.2153 0.1424 0.9661
vn -0.2130 -0.8459 0.4889
vn -0.9574 -0.1169 0.2641
vn -0.6970 -0.1067 0.7091
vn -0.2430 -0.1971 0.9498
vn -0.2591 -0.0674 0.9635
vn -0.2518 -0.0682 0.9654
vn -0.2192 -0.7113 0.6678
vn -0.2362 -0.6479 0.7241
vn -0.2162 -0.6493 0.7292
vn -0.2475 -0.5174 0.8192
vn -0.2251 -0.5183 0.8251
vn -0.2444 -0.4239 0.8721
vn -0.3929 -0.3691 0.8423
vn -0.2387 -0.3457 0.9075
vn -0.2608 -0.1970 0.9451
vn -0.3550 -0.7534 0.5535
vn -0.2259 -0.7605 0.6088
vn -0.1968 -0.8481 0.4920
vn -0.9576 -0.1168 0.2633
vn -0.9506 -0.1719 0.2586
vn -0.9501 -0.1722 0.2600
vn -0.9389 -0.2463 0.2403
vn -0.9367 -0.2488 0.2465
vn -0.9230 -0.3196 0.2142
vn -0.9178 -0.3264 0.2258
vn -0.9038 -0.3860 0.1848
vn -0.8966 -0.3964 0.1974
vn -0.8826 -0.4451 0.1513
vn -0.8710 -0.4620 0.1670
vn -0.8597 -0.4964 0.1205
vn -0.8491 -0.5118 0.1304
vn -0.8405 -0.5346 0.0881
vn -0.8274 -0.5532 0.0966
vn -0.8220 -0.5666 0.0564
vn -0.8138 -0.5782 0.0590
vn -0.8113 -0.5842 0.0241
vn -0.8073 -0.5896 0.0242
vn -0.7001 -0.1061 0.7061
vn -0.6861 -0.2123 0.6959
vn -0.6922 -0.2114 0.6901
vn -0.6714 -0.3491 0.6537
vn -0.6762 -0.3478 0.6495
vn -0.6514 -0.4761 0.5908
vn -0.6547 -0.4748 0.5881
vn -0.6295 -0.5824 0.5143
vn -0.6305 -0.5820 0.5136
vn -0.6043 -0.6723 0.4276
vn -0.6035 -0.6727 0.4281
vn -0.5813 -0.7404 0.3374
vn -0.5795 -0.7415 0.3382
vn -0.5604 -0.7909 0.2459
vn -0.5573 -0.7927 0.2469
vn -0.5444 -0.8254 0.1498
vn -0.5421 -0.8268 0.1502
vn -0.5350 -0.8430 0.0550
vn -0.5335 -0.8440 0.0551
vn -0.1935 -0.8990 0.3930
vn -0.4240 -0.8557 0.2967
vn -0.1977 -0.9279 0.3161
vn -0.1843 -0.9579 0.2202
vn -0.1932 -0.9563 0.2197
vn -0.1828 -0.9800 0.0781
vn -0.1858 -0.9795 0.0781
vn -0.0850 0.9609 0.2636
vn -0.0621 0.7022 0.7092
vn -0.0227 0.2569 0.9662
vn -0.0850 0.9609 0.2634
vn -0.1293 0.9560 0.2632
vn -0.1293 0.9563 0.2623
vn -0.1729 0.9493 0.2624
vn -0.1729 0.9494 0.2623
vn -0.2193 0.9398 0.2621
vn -0.2193 0.9400 0.2612
vn -0.2825 0.9229 0.2615
vn -0.2825 0.9230 0.2613
vn -0.3511 0.8992 0.2609
vn -0.3511 0.8994 0.2605
vn -0.0621 0.7024 0.7091
vn -0.0945 0.6990 0.7089
vn -0.0946 0.6994 0.7084
vn -0.1264 0.6941 0.7087
vn -0.1264 0.6942 0.7086
vn -0.1604 0.6874 0.7083
vn -0.1605 0.6879 0.7079
vn -0.2066 0.6751 0.7082
vn -0.2570 0.6582 0.7077
vn -0.2571 0.6584 0.7074
vn -0.0346 0.2557 0.9661
vn -0.0346 0.2560 0.9661
vn -0.0463 0.2539 0.9661
vn -0.0462 0.2539 0.9661
vn -0.0587 0.2516 0.9661
vn -0.0587 0.2518 0.9660
vn -0.0756 0.2470 0.9661
vn -0.0756 0.2470 0.9660
vn -0.0941 0.2410 0.9660
vn -0.0941 0.2411 0.9659
vn -0.1867 -0.9824 0.0015
vn -0.1869 -0.9824 0.0015
vn -0.5340 -0.8455 0.0042
vn -0.5346 -0.8451 0.0042
vn -0.8070 -0.5906 0.0063
vn -0.8076 -0.5897 0.0063
vn -0.1864 -0.9825 0.0015
vn -0.1867 -0.9824 0.0016
vn -0.5333 -0.8459 0.0044
vn -0.5341 -0.8454 0.0044
vn -0.8060 -0.5918 0.0067
vn -0.8070 -0.5906 0.0067
vn 0.1099 0.7849 0.6097
vn 0.1339 0.9561 0.2608
vn 0.0843 0.6023 0.7938
vn 0.0359 0.2561 0.9660
vn 0.1337 0.9557 0.2623
vn 0.0632 0.9629 0.2623
vn 0.0631 0.9626 0.2633
vn -0.0019 0.9647 0.2635
vn -0.0019 0.9646 0.2637
vn -0.0531 0.9631 0.2639
vn -0.0531 0.9632 0.2635
vn 0.0942 0.6993 0.7086
vn 0.0462 0.7043 0.7084
vn 0.0462 0.7037 0.7090
vn -0.0014 0.7052 0.7090
vn -0.0014 0.7050 0.7092
vn -0.0388 0.7039 0.7092
vn -0.0388 0.7040 0.7092
vn 0.0358 0.2557 0.9661
vn 0.0169 0.2577 0.9661
vn 0.0169 0.2575 0.9661
vn -0.0005 0.2579 0.9662
vn -0.0142 0.2575 0.9662
vn -0.1977 -0.9159 0.3493
vn -0.8133 -0.5640 0.1426
vn -0.8039 -0.5768 0.1450
vn -0.5561 -0.7310 0.3954
vn -0.5279 -0.7512 0.3963
vn -0.2128 -0.7813 0.5867
vn -0.1629 -0.7997 0.5779
vn -0.8104 -0.5774 0.0993
vn -0.7993 -0.5922 0.1022
vn -0.5457 -0.7924 0.2727
vn -0.5137 -0.8127 0.2748
vn -0.1164 -0.8935 0.4338
vn -0.1754 -0.8614 0.4767
vn -0.8053 -0.5915 0.0396
vn -0.8014 -0.5969 0.0384
vn -0.5301 -0.8422 0.0984
vn -0.5197 -0.8490 0.0953
vn -0.1833 -0.9726 0.1433
vn -0.1657 -0.9766 0.1374
vn 0.6815 0.5816 0.4441
vn 0.7456 0.6363 0.1980
vn 0.4625 0.3947 0.7939
vn 0.6028 0.5143 0.6100
vn 0.3361 0.2868 0.8971
vn 0.1482 0.1265 0.9808
vn 0.7459 0.6365 0.1962
vn 0.6958 0.6908 0.1964
vn 0.6018 0.6563 0.4550
vn 0.6442 0.7397 0.1944
vn 0.5619 0.8041 0.1942
vn 0.5621 0.8042 0.1935
vn 0.4554 0.8690 0.1934
vn 0.4554 0.8690 0.1935
vn 0.3424 0.9194 0.1936
vn 0.3423 0.9192 0.1947
vn 0.2774 0.9408 0.1949
vn 0.2773 0.9407 0.1953
vn 0.2147 0.9570 0.1951
vn 0.2086 0.9426 0.2607
vn 0.6301 0.5420 0.5560
vn 0.5620 0.6130 0.5554
vn 0.5626 0.6135 0.5543
vn 0.4767 0.6821 0.5546
vn 0.4769 0.6823 0.5541
vn 0.3865 0.7375 0.5539
vn 0.3864 0.7374 0.5541
vn 0.2905 0.7801 0.5541
vn 0.2903 0.7796 0.5549
vn 0.2352 0.7976 0.5555
vn 0.2351 0.7975 0.5556
vn 0.1838 0.8112 0.5552
vn 0.1735 0.7735 0.6095
vn 0.4204 0.3630 0.8316
vn 0.3758 0.4099 0.8311
vn 0.3763 0.4104 0.8307
vn 0.3187 0.4561 0.8309
vn 0.3189 0.4563 0.8307
vn 0.2585 0.4933 0.8306
vn 0.2585 0.4932 0.8306
vn 0.1943 0.5217 0.8307
vn 0.1941 0.5213 0.8310
vn 0.1572 0.5330 0.8314
vn 0.1571 0.5328 0.8315
vn 0.1217 0.5425 0.8312
vn 0.1358 0.5930 0.7936
vn 0.1484 0.1267 0.9808
vn 0.1320 0.1440 0.9807
vn 0.1322 0.1442 0.9807
vn 0.1120 0.1602 0.9807
vn 0.1120 0.1603 0.9807
vn 0.0909 0.1734 0.9807
vn 0.0908 0.1733 0.9807
vn 0.0682 0.1833 0.9807
vn 0.0682 0.1831 0.9807
vn 0.0552 0.1871 0.9808
vn 0.0392 0.1915 0.9807
vn 0.0566 0.2524 0.9660
vn -0.2192 -0.6871 0.6928
vn -0.8368 -0.4835 0.2567
vn -0.8291 -0.4926 0.2645
vn -0.6190 -0.3694 0.6931
vn -0.5866 -0.3920 0.7087
vn -0.2485 -0.1593 0.9554
vn -0.1858 -0.1930 0.9634
vn -0.8302 -0.5099 0.2254
vn -0.8148 -0.5217 0.2528
vn -0.6095 -0.4889 0.6241
vn -0.5418 -0.4990 0.6763
vn -0.2672 -0.3669 0.8911
vn -0.1356 -0.3545 0.9252
vn -0.8208 -0.5423 0.1796
vn -0.8026 -0.5616 0.2012
vn -0.5801 -0.6392 0.5050
vn -0.5167 -0.6629 0.5418
vn -0.1163 -0.5861 0.8019
vn -0.1753 -0.5507 0.8161
vn 0.7199 0.5331 0.4445
vn 0.2130 0.1457 0.9661
vn 0.7961 0.5448 0.2632
vn 0.7876 0.5834 0.1982
vn 0.7819 0.5654 0.2625
vn 0.7964 0.5448 0.2625
vn 0.5820 0.3983 0.7090
vn 0.6365 0.4714 0.6104
vn 0.5755 0.4080 0.7087
vn 0.5823 0.3984 0.7087
vn 0.2129 0.1457 0.9662
vn 0.1564 0.1158 0.9809
vn 0.2138 0.1446 0.9661
vn 0.3548 0.2628 0.8973
vn 0.4883 0.3616 0.7943
vn -0.8032 -0.5340 0.2639
vn -0.5875 -0.3906 0.7087
vn -0.2150 -0.1430 0.9661
vn -0.8036 -0.5342 0.2626
vn -0.7217 -0.6404 0.2626
vn -0.7220 -0.6406 0.2615
vn -0.6652 -0.6992 0.2620
vn -0.6652 -0.6992 0.2618
vn -0.6048 -0.7523 0.2613
vn -0.6049 -0.7524 0.2606
vn -0.5332 -0.8047 0.2611
vn -0.5332 -0.8047 0.2610
vn -0.4590 -0.8494 0.2605
vn -0.5880 -0.3909 0.7081
vn -0.5281 -0.4686 0.7082
vn -0.5285 -0.4689 0.7077
vn -0.4864 -0.5113 0.7085
vn -0.4865 -0.5114 0.7084
vn -0.4427 -0.5507 0.7077
vn -0.4429 -0.5509 0.7074
vn -0.3900 -0.5887 0.7080
vn -0.3901 -0.5887 0.7080
vn -0.3361 -0.6218 0.7074
vn -0.2153 -0.1431 0.9660
vn -0.1933 -0.1716 0.9660
vn -0.1935 -0.1717 0.9659
vn -0.1780 -0.1871 0.9661
vn -0.1621 -0.2017 0.9659
vn -0.1622 -0.2018 0.9659
vn -0.1427 -0.2154 0.9660
vn -0.1428 -0.2155 0.9660
vn -0.1231 -0.2277 0.9659
vn 0.6715 0.0805 0.7366
vn 0.8692 0.4715 0.1488
vn 0.8638 0.4721 0.1761
vn 0.8650 0.3597 0.3498
vn 0.8206 0.2963 0.4887
vn 0.8207 0.2975 0.4878
vn 0.7601 0.1317 0.6364
vn 0.6417 0.3012 0.7054
vn 0.7631 0.3812 0.5218
vn 0.8240 0.5018 0.2632
vn 0.8409 0.5067 0.1903
vn 0.3337 -0.0496 0.9414
vn 0.5833 0.4937 0.6449
vn 0.5934 0.1975 0.7803
vn -0.0986 -0.9596 0.2635
vn -0.3940 -0.8813 0.2610
vn -0.2882 -0.6447 0.7080
vn -0.1055 -0.2359 0.9660
vn -0.3316 -0.9067 0.2606
vn -0.3315 -0.9066 0.2611
vn -0.2420 -0.9344 0.2612
vn -0.2420 -0.9343 0.2618
vn -0.1867 -0.9468 0.2620
vn -0.1500 -0.8778 0.4549
vn -0.1475 -0.9535 0.2629
vn -0.0987 -0.9598 0.2628
vn -0.2427 -0.6638 0.7075
vn -0.2426 -0.6635 0.7077
vn -0.1771 -0.6838 0.7079
vn -0.1770 -0.6834 0.7082
vn -0.1189 -0.6959 0.7082
vn -0.1189 -0.6955 0.7086
vn -0.0721 -0.7017 0.7088
vn -0.0721 -0.7014 0.7091
vn -0.0889 -0.2430 0.9659
vn -0.0888 -0.2429 0.9660
vn -0.0648 -0.2503 0.9660
vn -0.0648 -0.2501 0.9661
vn -0.0435 -0.2547 0.9660
vn -0.0435 -0.2544 0.9661
vn -0.0264 -0.2567 0.9661
vn -0.0264 -0.2566 0.9662
vn 0.8174 0.1215 0.5631
vn 0.9170 0.3370 0.2134
vn 0.8942 0.4304 0.1233
vn 0.9001 0.3760 0.2199
vn 0.9179 0.3412 0.2025
vn 0.8156 0.1197 0.5660
vn 0.7838 0.0948 0.6138
vn 0.8118 0.1328 0.5687
vn 0.8636 0.2321 0.4475
vn 0.8918 0.3168 0.3229
vn -0.0466 -0.7034 0.7092
vn -0.0171 -0.2573 0.9662
vn 0.0648 -0.9627 0.2627
vn 0.0447 -0.8989 0.4358
vn 0.0303 -0.9641 0.2637
vn -0.0205 -0.9644 0.2635
vn -0.0205 -0.9644 0.2637
vn -0.0637 -0.9625 0.2637
vn -0.0638 -0.9625 0.2636
vn 0.1247 -0.9569 0.2625
vn 0.1247 -0.9573 0.2607
vn 0.1024 -0.7861 0.6095
vn -0.0466 -0.7034 0.7093
vn -0.0150 -0.7049 0.7091
vn -0.0150 -0.7050 0.7090
vn 0.0350 -0.7043 0.7091
vn 0.0350 -0.7047 0.7086
vn 0.0883 -0.7000 0.7086
vn 0.0786 -0.6032 0.7937
vn -0.0170 -0.2572 0.9662
vn -0.0055 -0.2578 0.9662
vn -0.0055 -0.2579 0.9662
vn 0.0128 -0.2576 0.9662
vn 0.0128 -0.2579 0.9661
vn 0.0334 -0.2561 0.9661
vn 0.0334 -0.2565 0.9660
vn 0.9630 0.1596 0.2173
vn 0.8246 0.0560 0.5630
vn 0.9645 0.1613 0.2091
vn 0.9553 0.1996 0.2182
vn 0.9576 0.2035 0.2041
vn 0.9451 0.2445 0.2166
vn 0.9470 0.2490 0.2028
vn 0.9311 0.2921 0.2185
vn 0.9332 0.3007 0.1968
vn 0.8261 0.0567 0.5607
vn 0.8229 0.0702 0.5639
vn 0.8254 0.0718 0.5599
vn 0.8210 0.0862 0.5643
vn 0.8234 0.0880 0.5606
vn 0.8178 0.1032 0.5661
vn 0.8215 0.1068 0.5602
vn 0.1992 -0.9446 0.2609
vn 0.1672 -0.7749 0.6096
vn 0.1255 -0.5950 0.7939
vn 0.0497 -0.2536 0.9660
vn 0.1975 -0.9606 0.1956
vn 0.2607 -0.9454 0.1957
vn 0.2614 -0.8388 0.4775
vn 0.3177 -0.9281 0.1940
vn 0.3686 -0.9091 0.1941
vn 0.3685 -0.9092 0.1939
vn 0.4177 -0.8877 0.1938
vn 0.4014 -0.7871 0.4683
vn 0.1715 -0.8134 0.5558
vn 0.2474 -0.7940 0.5553
vn 0.2476 -0.7946 0.5543
vn 0.3125 -0.7709 0.5550
vn 0.3125 -0.7711 0.5548
vn 0.3782 -0.7417 0.5540
vn 0.3783 -0.7417 0.5538
vn 0.4805 -0.6800 0.5538
vn 0.4803 -0.6797 0.5543
vn 0.5563 -0.6185 0.5550
vn 0.5560 -0.6181 0.5557
vn 0.4780 -0.8568 0.1936
vn 0.5662 -0.8013 0.1932
vn 0.5661 -0.8011 0.1943
vn 0.6559 -0.7293 0.1946
vn 0.6559 -0.7291 0.1957
vn 0.7339 -0.6506 0.1954
vn 0.7336 -0.6502 0.1978
vn 0.6706 -0.5944 0.4438
vn 0.6209 -0.5535 0.5551
vn 0.5932 -0.5258 0.6096
vn 0.4553 -0.4036 0.7936
vn 0.1170 -0.5431 0.8315
vn 0.1654 -0.5308 0.8312
vn 0.1656 -0.5315 0.8307
vn 0.2089 -0.5152 0.8312
vn 0.2089 -0.5153 0.8311
vn 0.2530 -0.4961 0.8306
vn 0.2531 -0.4962 0.8305
vn 0.3215 -0.4550 0.8305
vn 0.3213 -0.4547 0.8307
vn 0.3718 -0.4134 0.8311
vn 0.3716 -0.4131 0.8314
vn 0.4146 -0.3707 0.8311
vn 0.3309 -0.2933 0.8969
vn 0.0402 -0.1909 0.9808
vn 0.0581 -0.1864 0.9807
vn 0.0582 -0.1867 0.9807
vn 0.0733 -0.1809 0.9808
vn 0.0734 -0.1810 0.9808
vn 0.0889 -0.1743 0.9807
vn 0.0889 -0.1744 0.9807
vn 0.1130 -0.1599 0.9806
vn 0.1129 -0.1598 0.9807
vn 0.1306 -0.1452 0.9807
vn 0.1305 -0.1451 0.9808
vn 0.1462 -0.1296 0.9807
vn 0.1460 -0.1294 0.9808
vn 0.9754 0.0022 0.2204
vn 0.8266 0.0008 0.5627
vn 0.9755 0.0021 0.2202
vn 0.9752 0.0192 0.2203
vn 0.9758 0.0192 0.2178
vn 0.9749 0.0405 0.2189
vn 0.9750 0.0405 0.2183
vn 0.9743 0.0524 0.2190
vn 0.9354 0.0492 0.3503
vn 0.9738 0.0737 0.2153
vn 0.9719 0.0910 0.2172
vn 0.9723 0.0910 0.2154
vn 0.9684 0.1191 0.2190
vn 0.9703 0.1206 0.2099
vn 0.8267 0.0007 0.5627
vn 0.8266 0.0067 0.5627
vn 0.8271 0.0067 0.5620
vn 0.8268 0.0142 0.5623
vn 0.8269 0.0142 0.5622
vn 0.8264 0.0222 0.5626
vn 0.8274 0.0224 0.5611
vn 0.8264 0.0319 0.5622
vn 0.8267 0.0319 0.5617
vn 0.8255 0.0418 0.5629
vn 0.8272 0.0423 0.5604
vn 0.7876 -0.5834 0.1982
vn 0.7819 -0.5654 0.2625
vn 0.7199 -0.5331 0.4445
vn 0.6365 -0.4714 0.6104
vn 0.5755 -0.4080 0.7087
vn 0.4883 -0.3616 0.7943
vn 0.3548 -0.2628 0.8973
vn 0.2138 -0.1446 0.9661
vn 0.1564 -0.1158 0.9809
vn 0.2129 -0.1456 0.9662
vn 0.2130 -0.1458 0.9661
vn 0.5821 -0.3982 0.7090
vn 0.5823 -0.3984 0.7087
vn 0.7962 -0.5447 0.2633
vn 0.7963 -0.5450 0.2625
vn 0.9703 -0.1203 0.2098
vn 0.8272 -0.0423 0.5603
vn 0.9685 -0.1183 0.2190
vn 0.9736 -0.0787 0.2141
vn 0.9492 -0.0626 0.3082
vn 0.9742 -0.0577 0.2183
vn 0.9757 -0.0335 0.2165
vn 0.9749 -0.0333 0.2201
vn 0.9756 -0.0062 0.2195
vn 0.9754 -0.0062 0.2204
vn 0.8255 -0.0415 0.5629
vn 0.8274 -0.0261 0.5610
vn 0.8263 -0.0258 0.5626
vn 0.8273 -0.0117 0.5616
vn 0.8266 -0.0116 0.5626
vn 0.8269 -0.0022 0.5624
vn 0.8266 -0.0022 0.5627
vn 0.4593 -0.1442 0.8765
vn 0.3795 -0.2567 0.8889
vn 0.2928 -0.0194 0.9560
vn 0.6620 -0.4279 0.6154
vn 0.6377 -0.3081 0.7059
vn 0.8605 -0.4640 0.2105
vn 0.8146 -0.5345 0.2254
vn 0.8208 -0.5070 0.2632
vn 0.6831 -0.2341 0.6918
vn 0.6332 -0.0490 0.7725
vn 0.7880 -0.3405 0.5129
vn 0.7688 -0.2649 0.5820
vn 0.8447 -0.3890 0.3677
vn 0.8510 -0.4983 0.1658
vn 0.9238 -0.3224 0.2067
vn 0.8180 -0.1145 0.5637
vn 0.9239 -0.3197 0.2101
vn 0.9355 -0.2926 0.1981
vn 0.9340 -0.2833 0.2179
vn 0.9496 -0.2394 0.2023
vn 0.9478 -0.2334 0.2175
vn 0.9566 -0.2030 0.2088
vn 0.9558 -0.2007 0.2148
vn 0.9637 -0.1692 0.2067
vn 0.9617 -0.1657 0.2185
vn 0.8176 -0.1135 0.5646
vn 0.8218 -0.1038 0.5603
vn 0.8185 -0.1001 0.5657
vn 0.8240 -0.0846 0.5602
vn 0.8214 -0.0822 0.5643
vn 0.8245 -0.0715 0.5613
vn 0.8235 -0.0706 0.5630
vn 0.8263 -0.0595 0.5601
vn 0.8242 -0.0582 0.5634
vn 0.8849 -0.4463 0.1331
vn 0.8933 -0.3963 0.2122
vn 0.8850 -0.3283 0.3302
vn 0.8585 -0.2406 0.4529
vn 0.8123 -0.1389 0.5665
vn 0.7817 -0.0982 0.6159
vn 0.8136 -0.1242 0.5681
vn 0.8173 -0.1300 0.5614
vn 0.9110 -0.3495 0.2190
vn 0.9111 -0.3637 0.1939
vn -0.1736 -0.9848 -0.0000
vn -0.1736 -0.0000 0.9848
vn -0.1736 0.9848 -0.0000
vn -0.1737 -0.0000 -0.9848
vn -0.1736 -0.0000 -0.9848
vn -0.2109 0.9446 -0.2514
vn -0.2718 0.9567 -0.1044
vn -0.2405 0.9332 -0.2670
vn -0.2281 0.8838 -0.4085
vn -0.2349 0.8350 -0.4975
vn -0.2489 0.6848 -0.6848
vn -0.3126 0.7635 -0.5651
vn -0.2638 0.6694 -0.6945
vn -0.2377 0.5440 -0.8047
vn -0.2269 0.3967 -0.8894
vn -0.2399 0.2485 -0.9385
vn -0.2352 0.2378 -0.9424
vn -0.1882 0.0893 -0.9781
vn -0.2381 0.2500 0.9385
vn -0.2383 0.2486 0.9388
vn -0.1895 0.0979 0.9770
vn -0.2274 0.4006 0.8876
vn -0.2343 0.4882 0.8407
vn -0.2383 0.5443 0.8044
vn -0.2612 0.6642 0.7004
vn -0.3052 0.7554 0.5799
vn -0.2538 0.6840 0.6840
vn -0.2356 0.8284 0.5082
vn -0.2291 0.8784 0.4196
vn -0.1765 0.9842 0.0167
vn -0.2196 0.9429 0.2505
vn -0.2614 0.9552 0.1386
vn -0.2367 0.9258 0.2948
vn -0.2109 -0.9446 0.2514
vn -0.2696 -0.9571 0.1065
vn -0.2396 -0.9331 0.2683
vn -0.2281 -0.8835 0.4091
vn -0.2413 -0.6862 0.6862
vn -0.3395 -0.7980 0.4979
vn -0.3091 -0.7625 0.5684
vn -0.2624 -0.6677 0.6966
vn -0.2373 -0.5415 0.8065
vn -0.2270 -0.3933 0.8910
vn -0.2388 -0.2486 0.9387
vn -0.2327 -0.2341 0.9439
vn -0.1879 -0.0872 0.9783
vn -0.2391 -0.2514 -0.9379
vn -0.2396 -0.2485 -0.9385
vn -0.1896 -0.0983 -0.9769
vn -0.2274 -0.4014 -0.8872
vn -0.2344 -0.4894 -0.8400
vn -0.2386 -0.5469 -0.8025
vn -0.2354 -0.8299 -0.5058
vn -0.2530 -0.6841 -0.6841
vn -0.3095 -0.7580 -0.5742
vn -0.2630 -0.6671 -0.6971
vn -0.2288 -0.8796 -0.4170
vn -0.2379 -0.9274 -0.2888
vn -0.2456 -0.9371 -0.2479
vn -0.1978 -0.9718 -0.1282
vn -0.1760 -0.9843 -0.0138
vn -0.8383 -0.0188 -0.5449
vn -0.5548 0.0391 -0.8310
vn -0.3486 0.0726 -0.9344
vn -0.6888 -0.0186 -0.7247
vn -0.9193 -0.0449 -0.3909
vn -0.9831 -0.0741 -0.1674
vn -0.3571 0.0656 -0.9318
vn -0.3729 0.2126 -0.9032
vn -0.3748 0.2102 -0.9029
vn -0.3908 0.3549 -0.8493
vn -0.3875 0.3580 -0.8495
vn -0.4064 0.4900 -0.7712
vn -0.4000 0.4979 -0.7695
vn -0.4168 0.6124 -0.6718
vn -0.4021 0.6263 -0.6679
vn -0.4189 0.7193 -0.5543
vn -0.4061 0.7333 -0.5453
vn -0.4130 0.7682 -0.4892
vn -0.3969 0.8234 -0.4056
vn -0.3962 0.8235 -0.4061
vn -0.4063 0.8732 -0.2690
vn -0.3897 0.8857 -0.2525
vn -0.3941 0.9126 -0.1087
vn -0.3674 0.9257 -0.0900
vn -0.6528 0.0192 -0.7573
vn -0.6654 0.1336 -0.7345
vn -0.6672 0.1308 -0.7333
vn -0.6795 0.2444 -0.6918
vn -0.6794 0.2445 -0.6918
vn -0.6947 0.3489 -0.6290
vn -0.6929 0.3522 -0.6292
vn -0.7063 0.4453 -0.5503
vn -0.7012 0.4529 -0.5506
vn -0.7154 0.5295 -0.4558
vn -0.7106 0.5382 -0.4532
vn -0.7212 0.6006 -0.3452
vn -0.7117 0.6141 -0.3411
vn -0.7209 0.6564 -0.2222
vn -0.7133 0.6674 -0.2139
vn -0.7168 0.6917 -0.0875
vn -0.7031 0.7070 -0.0764
vn -0.8678 -0.0494 -0.4944
vn -0.8781 0.0384 -0.4770
vn -0.8793 0.0353 -0.4749
vn -0.8869 0.1039 -0.4502
vn -0.8884 0.1005 -0.4480
vn -0.8976 0.1642 -0.4092
vn -0.8983 0.1618 -0.4085
vn -0.9068 0.2206 -0.3592
vn -0.9074 0.2189 -0.3588
vn -0.9164 0.2681 -0.2971
vn -0.9164 0.2683 -0.2971
vn -0.9236 0.3103 -0.2251
vn -0.9227 0.3133 -0.2247
vn -0.9288 0.3416 -0.1434
vn -0.9275 0.3463 -0.1411
vn -0.9300 0.3636 -0.0540
vn -0.9263 0.3736 -0.0491
vn -0.9835 -0.0760 -0.1644
vn -0.9850 -0.0614 -0.1614
vn -0.9852 -0.0648 -0.1586
vn -0.9869 -0.0498 -0.1533
vn -0.9874 -0.0563 -0.1477
vn -0.9895 -0.0415 -0.1386
vn -0.9896 -0.0493 -0.1355
vn -0.9920 -0.0332 -0.1221
vn -0.9920 -0.0450 -0.1177
vn -0.9946 -0.0301 -0.0989
vn -0.9943 -0.0394 -0.0988
vn -0.9970 -0.0248 -0.0739
vn -0.9967 -0.0349 -0.0739
vn -0.9987 -0.0247 -0.0443
vn -0.9985 -0.0286 -0.0458
vn -0.9997 -0.0220 -0.0132
vn -0.9997 -0.0215 -0.0130
vn -0.3683 0.9297 0.0021
vn -0.3685 0.9296 0.0020
vn -0.7050 0.7092 0.0059
vn -0.7054 0.7087 0.0058
vn -0.9275 0.3737 0.0087
vn -0.9279 0.3728 0.0086
vn -0.9997 -0.0223 0.0102
vn -0.9997 -0.0237 0.0100
vn -0.3682 0.9297 0.0018
vn -0.3683 0.9297 0.0018
vn -0.7048 0.7094 0.0052
vn -0.7050 0.7092 0.0051
vn -0.9273 0.3743 0.0077
vn -0.9275 0.3737 0.0076
vn -0.9997 -0.0215 0.0090
vn -0.9997 -0.0223 0.0088
vn -0.9828 -0.0783 -0.1674
vn -0.9737 -0.0393 -0.2244
vn -0.9176 -0.0696 -0.3915
vn -0.8355 -0.0607 -0.5461
vn -0.7693 -0.0039 -0.6389
vn -0.6868 -0.0459 -0.7254
vn -0.5501 -0.0331 -0.8345
vn -0.3991 0.0182 -0.9167
vn -0.3424 -0.0145 -0.9395
vn -0.3966 -0.0169 -0.9178
vn -0.3966 -0.0170 -0.9178
vn -0.7667 -0.0471 -0.6402
vn -0.7668 -0.0472 -0.6402
vn -0.9720 -0.0672 -0.2250
vn -0.9721 -0.0673 -0.2249
vn -0.9123 -0.0452 0.4070
vn -0.3724 0.2219 0.9012
vn -0.7050 0.7086 0.0291
vn -0.9276 0.3728 0.0243
vn -0.9996 -0.0237 0.0167
vn -0.3897 0.8706 0.3005
vn -0.3996 0.9080 0.1262
vn -0.3688 0.9181 0.1451
vn -0.3734 0.9276 0.0102
vn -0.3680 0.9293 0.0305
vn -0.3805 0.8232 0.4214
vn -0.3950 0.8120 0.4296
vn -0.4093 0.8677 0.2820
vn -0.4135 0.7587 0.5034
vn -0.4031 0.7141 0.5722
vn -0.4189 0.7161 0.5583
vn -0.3969 0.6125 0.6836
vn -0.4169 0.6125 0.6716
vn -0.3966 0.4909 0.7757
vn -0.4056 0.4942 0.7689
vn -0.3971 0.4367 0.8072
vn -0.3780 0.3672 0.8498
vn -0.3898 0.3559 0.8494
vn -0.3731 0.2223 0.9007
vn -0.3552 0.0784 0.9315
vn -0.3462 0.0745 0.9352
vn -0.5493 0.0445 0.8344
vn -0.7080 0.7061 0.0151
vn -0.7030 0.6997 0.1275
vn -0.7190 0.6857 0.1138
vn -0.7113 0.6540 0.2574
vn -0.7207 0.6485 0.2450
vn -0.7069 0.5985 0.3770
vn -0.7195 0.5910 0.3647
vn -0.7056 0.5227 0.4785
vn -0.7121 0.5217 0.4698
vn -0.6947 0.4421 0.5675
vn -0.7024 0.4400 0.5596
vn -0.6870 0.3463 0.6388
vn -0.6901 0.3470 0.6350
vn -0.6733 0.2467 0.6970
vn -0.6747 0.2469 0.6956
vn -0.6617 0.1388 0.7368
vn -0.6602 0.1379 0.7383
vn -0.6431 0.0062 0.7658
vn -0.6833 0.0164 0.7299
vn -0.9286 0.3707 0.0164
vn -0.9255 0.3677 0.0903
vn -0.9300 0.3581 0.0832
vn -0.9249 0.3370 0.1760
vn -0.9269 0.3339 0.1711
vn -0.9184 0.3032 0.2541
vn -0.9201 0.3007 0.2508
vn -0.9115 0.2588 0.3196
vn -0.9119 0.2586 0.3187
vn -0.9018 0.2122 0.3764
vn -0.9015 0.2124 0.3771
vn -0.8925 0.1581 0.4225
vn -0.8918 0.1580 0.4240
vn -0.8823 0.1010 0.4597
vn -0.8806 0.1011 0.4629
vn -0.8730 0.0389 0.4862
vn -0.8714 0.0378 0.4891
vn -0.8636 -0.0265 0.5034
vn -0.8286 -0.0463 0.5579
vn -0.9996 -0.0244 0.0143
vn -0.9989 -0.0252 0.0393
vn -0.9989 -0.0257 0.0390
vn -0.9971 -0.0324 0.0683
vn -0.9970 -0.0301 0.0715
vn -0.9949 -0.0382 0.0937
vn -0.9943 -0.0319 0.1015
vn -0.9923 -0.0414 0.1170
vn -0.9914 -0.0389 0.1251
vn -0.9897 -0.0468 0.1350
vn -0.9883 -0.0422 0.1467
vn -0.9869 -0.0503 0.1534
vn -0.9856 -0.0503 0.1613
vn -0.9845 -0.0574 0.1659
vn -0.9829 -0.0570 0.1749
vn -0.9818 -0.0656 0.1781
vn -0.9809 -0.0670 0.1825
vn -0.9797 -0.0773 0.1848
vn -0.9789 -0.0785 0.1889
vn -0.9727 -0.0575 -0.2249
vn -0.7672 -0.0403 -0.6402
vn -0.3968 -0.0145 -0.9178
vn -0.9727 -0.0574 -0.2251
vn -0.9739 -0.0315 -0.2248
vn -0.9738 -0.0315 -0.2251
vn -0.9743 -0.0090 -0.2250
vn -0.9744 -0.0013 -0.2249
vn -0.7671 -0.0402 -0.6402
vn -0.7681 -0.0221 -0.6400
vn -0.7679 -0.0221 -0.6401
vn -0.7682 -0.0063 -0.6401
vn -0.7683 -0.0063 -0.6401
vn -0.7683 -0.0009 -0.6401
vn -0.3967 -0.0145 -0.9178
vn -0.3971 -0.0079 -0.9177
vn -0.3970 -0.0079 -0.9178
vn -0.3971 -0.0023 -0.9178
vn -0.3971 -0.0003 -0.9178
vn -0.3972 -0.0003 -0.9177
vn -0.9103 -0.0718 0.4077
vn -0.3927 -0.0172 0.9195
vn -0.9668 -0.0693 0.2458
vn -0.9786 -0.0811 0.1889
vn -0.9684 -0.0461 0.2449
vn -0.9670 -0.0689 0.2453
vn -0.7584 -0.0483 0.6500
vn -0.8273 -0.0625 0.5582
vn -0.7609 -0.0111 0.6488
vn -0.7586 -0.0481 0.6498
vn -0.3926 -0.0173 0.9195
vn -0.3394 -0.0149 0.9405
vn -0.3950 0.0134 0.9186
vn -0.5439 -0.0339 0.8385
vn -0.6791 -0.0471 0.7326
vn -0.3971 0.0010 -0.9178
vn -0.3972 0.0010 -0.9177
vn -0.7683 0.0027 -0.6401
vn -0.9744 0.0039 -0.2250
vn -0.9744 0.0039 -0.2249
vn -0.3971 0.0051 -0.9178
vn -0.7681 0.0142 -0.6401
vn -0.9741 0.0203 -0.2250
vn -0.3970 0.0114 -0.9178
vn -0.3969 0.0115 -0.9178
vn -0.7677 0.0319 -0.6400
vn -0.7675 0.0319 -0.6402
vn -0.9734 0.0454 -0.2247
vn -0.9733 0.0455 -0.2251
vn -0.3928 -0.0012 0.9196
vn -0.3926 -0.0012 0.9197
vn -0.7590 -0.0034 0.6510
vn -0.7587 -0.0035 0.6514
vn -0.9687 -0.0049 0.2481
vn -0.9685 -0.0050 0.2489
vn -0.3929 -0.0055 0.9196
vn -0.3927 -0.0056 0.9196
vn -0.7593 -0.0154 0.6505
vn -0.7589 -0.0155 0.6511
vn -0.9688 -0.0221 0.2470
vn -0.9685 -0.0223 0.2482
vn -0.3930 -0.0118 0.9194
vn -0.3927 -0.0119 0.9196
vn -0.7594 -0.0329 0.6498
vn -0.7587 -0.0331 0.6506
vn -0.9683 -0.0472 0.2455
vn -0.9678 -0.0475 0.2472
vn -0.3966 0.0169 -0.9178
vn -0.3966 0.0170 -0.9178
vn -0.7668 0.0471 -0.6402
vn -0.7667 0.0472 -0.6402
vn -0.9713 0.0766 -0.2250
vn -0.9721 0.0672 -0.2249
vn -0.9720 0.0673 -0.2250
vn -0.3965 0.0193 -0.9178
vn -0.3965 0.0193 -0.9179
vn -0.6868 0.0459 -0.7254
vn -0.7693 0.0039 -0.6389
vn -0.8355 0.0607 -0.5461
vn -0.9714 0.0764 -0.2248
vn -0.9675 0.0596 0.2457
vn -0.7588 0.0416 0.6500
vn -0.3928 0.0149 0.9195
vn -0.9674 0.0593 0.2462
vn -0.9687 0.0340 0.2459
vn -0.9682 0.0338 0.2479
vn -0.9687 0.0109 0.2479
vn -0.9685 0.0108 0.2486
vn -0.9686 0.0021 0.2486
vn -0.9685 0.0020 0.2489
vn -0.7586 0.0414 0.6502
vn -0.7596 0.0237 0.6500
vn -0.7588 0.0235 0.6509
vn -0.7591 0.0076 0.6509
vn -0.7588 0.0075 0.6513
vn -0.7588 0.0014 0.6513
vn -0.7587 0.0014 0.6514
vn -0.3927 0.0148 0.9195
vn -0.3931 0.0085 0.9195
vn -0.3927 0.0084 0.9196
vn -0.3928 0.0027 0.9196
vn -0.3927 0.0027 0.9197
vn -0.3927 0.0005 0.9197
vn -0.3926 0.0005 0.9197
vn -0.7048 -0.7093 -0.0147
vn -0.9273 -0.3742 -0.0055
vn -0.9998 0.0215 0.0036
vn -0.3910 -0.8733 -0.2905
vn -0.3972 -0.9102 -0.1172
vn -0.3701 -0.9192 -0.1348
vn -0.3719 -0.9283 -0.0042
vn -0.3683 -0.9294 -0.0226
vn -0.3838 -0.8250 -0.4149
vn -0.3971 -0.8149 -0.4221
vn -0.4082 -0.8709 -0.2735
vn -0.4142 -0.7627 -0.4967
vn -0.4057 -0.7189 -0.5645
vn -0.4193 -0.7208 -0.5519
vn -0.4005 -0.6170 -0.6774
vn -0.4175 -0.6173 -0.6668
vn -0.3999 -0.4954 -0.7711
vn -0.4072 -0.4983 -0.7655
vn -0.3997 -0.4402 -0.8040
vn -0.3801 -0.3701 -0.8477
vn -0.3916 -0.3591 -0.8471
vn -0.3766 -0.2252 -0.8986
vn -0.3748 -0.2240 -0.8996
vn -0.3588 -0.0798 -0.9300
vn -0.4040 -0.1004 -0.9092
vn -0.7068 -0.7074 -0.0021
vn -0.7041 -0.7014 -0.1108
vn -0.7179 -0.6892 -0.0985
vn -0.7134 -0.6579 -0.2413
vn -0.7214 -0.6532 -0.2302
vn -0.7105 -0.6035 -0.3618
vn -0.7211 -0.5973 -0.3511
vn -0.7099 -0.5290 -0.4651
vn -0.7153 -0.5282 -0.4576
vn -0.7003 -0.4482 -0.5556
vn -0.7063 -0.4467 -0.5492
vn -0.6931 -0.3524 -0.6288
vn -0.6953 -0.3530 -0.6261
vn -0.6803 -0.2518 -0.6884
vn -0.6805 -0.2519 -0.6881
vn -0.6688 -0.1429 -0.7296
vn -0.6668 -0.1416 -0.7316
vn -0.6506 -0.0079 -0.7594
vn -0.6908 -0.0187 -0.7228
vn -0.9279 -0.3728 0.0014
vn -0.9264 -0.3701 -0.0699
vn -0.9300 -0.3619 -0.0638
vn -0.9270 -0.3411 -0.1560
vn -0.9285 -0.3388 -0.1522
vn -0.9219 -0.3083 -0.2347
vn -0.9229 -0.3068 -0.2326
vn -0.9160 -0.2649 -0.3014
vn -0.9073 -0.2183 -0.3593
vn -0.9065 -0.2189 -0.3609
vn -0.8987 -0.1641 -0.4066
vn -0.8978 -0.1640 -0.4087
vn -0.8893 -0.1064 -0.4447
vn -0.8874 -0.1064 -0.4486
vn -0.8805 -0.0434 -0.4721
vn -0.8788 -0.0420 -0.4753
vn -0.8715 0.0234 -0.4898
vn -0.8368 0.0443 -0.5458
vn -0.9997 0.0219 0.0054
vn -0.9996 0.0226 -0.0183
vn -0.9996 0.0222 -0.0186
vn -0.9985 0.0288 -0.0473
vn -0.9984 0.0261 -0.0510
vn -0.9968 0.0340 -0.0726
vn -0.9963 0.0274 -0.0809
vn -0.9947 0.0367 -0.0960
vn -0.9940 0.0341 -0.1044
vn -0.9926 0.0419 -0.1141
vn -0.9913 0.0374 -0.1259
vn -0.9901 0.0455 -0.1326
vn -0.9891 0.0454 -0.1404
vn -0.9880 0.0528 -0.1450
vn -0.9867 0.0525 -0.1538
vn -0.9857 0.0615 -0.1571
vn -0.9849 0.0628 -0.1612
vn -0.9872 0.0365 -0.1552
vn -0.9721 0.0671 -0.2246
vn -0.3925 0.0197 0.9195
vn -0.9663 0.0793 0.2450
vn -0.9662 0.0789 0.2455
vn -0.8273 0.0625 0.5582
vn -0.7609 0.0111 0.6488
vn -0.6791 0.0471 0.7326
vn -0.3926 0.0198 0.9195
vn -0.3927 0.0172 0.9195
vn -0.3927 0.0173 0.9195
vn -0.7584 0.0481 0.6500
vn -0.7585 0.0483 0.6498
vn -0.9669 0.0689 0.2458
vn -0.9670 0.0693 0.2453
vn -0.3683 -0.9297 0.0018
vn -0.3682 -0.9298 0.0018
vn -0.7050 -0.7092 0.0052
vn -0.7048 -0.7094 0.0051
vn -0.9275 -0.3737 0.0077
vn -0.9273 -0.3743 0.0076
vn -0.9997 0.0223 0.0090
vn -0.9997 0.0215 0.0088
vn -0.3685 -0.9296 0.0021
vn -0.3683 -0.9297 0.0020
vn -0.7055 -0.7087 0.0059
vn -0.7050 -0.7092 0.0058
vn -0.9279 -0.3728 0.0087
vn -0.9275 -0.3737 0.0086
vn -0.9997 0.0237 0.0102
vn -0.9997 0.0223 0.0100
vn -0.3988 -0.0629 0.9149
vn -0.6811 0.0221 0.7319
vn -0.8302 0.0226 0.5571
vn -0.9689 0.0410 0.2441
vn -0.3591 -0.1064 0.9272
vn -0.3700 -0.2074 0.9056
vn -0.3711 -0.2060 0.9054
vn -0.3888 -0.3493 0.8525
vn -0.3836 -0.3541 0.8529
vn -0.4047 -0.4848 0.7754
vn -0.3967 -0.4947 0.7732
vn -0.4160 -0.6076 0.6766
vn -0.3990 -0.6241 0.6718
vn -0.4183 -0.7154 0.5597
vn -0.4038 -0.7317 0.5492
vn -0.4118 -0.7657 0.4940
vn -0.3965 -0.8218 0.4091
vn -0.3938 -0.8222 0.4110
vn -0.4068 -0.8712 0.2748
vn -0.3883 -0.8853 0.2558
vn -0.3955 -0.9113 0.1144
vn -0.3660 -0.9260 0.0926
vn -0.6453 -0.0158 0.7638
vn -0.6584 -0.1277 0.7418
vn -0.6598 -0.1255 0.7409
vn -0.6734 -0.2378 0.7000
vn -0.6725 -0.2390 0.7005
vn -0.6894 -0.3423 0.6384
vn -0.6868 -0.3469 0.6387
vn -0.7023 -0.4389 0.5605
vn -0.6959 -0.4485 0.5608
vn -0.7123 -0.5238 0.4671
vn -0.7066 -0.5344 0.4639
vn -0.7196 -0.5956 0.3571
vn -0.7086 -0.6115 0.3520
vn -0.7203 -0.6529 0.2345
vn -0.7116 -0.6656 0.2247
vn -0.7176 -0.6892 0.0998
vn -0.7023 -0.7066 0.0867
vn -0.8597 0.0530 0.5080
vn -0.8704 -0.0330 0.4912
vn -0.8716 -0.0300 0.4892
vn -0.8799 -0.0978 0.4649
vn -0.8813 -0.0949 0.4630
vn -0.8915 -0.1579 0.4246
vn -0.8920 -0.1561 0.4242
vn -0.9019 -0.2143 0.3751
vn -0.9021 -0.2137 0.3749
vn -0.9126 -0.2623 0.3137
vn -0.9123 -0.2635 0.3136
vn -0.9211 -0.3049 0.2420
vn -0.9197 -0.3097 0.2415
vn -0.9275 -0.3375 0.1607
vn -0.9258 -0.3436 0.1577
vn -0.9301 -0.3604 0.0712
vn -0.9258 -0.3723 0.0653
vn -0.9794 0.0798 0.1857
vn -0.9810 0.0656 0.1828
vn -0.9813 0.0691 0.1798
vn -0.9832 0.0543 0.1745
vn -0.9838 0.0611 0.1687
vn -0.9861 0.0462 0.1596
vn -0.9862 0.0542 0.1563
vn -0.9890 0.0380 0.1427
vn -0.9891 0.0498 0.1384
vn -0.9922 0.0348 0.1193
vn -0.9919 0.0440 0.1192
vn -0.9951 0.0293 0.0940
vn -0.9948 0.0387 0.0940
vn -0.9975 0.0286 0.0642
vn -0.9973 0.0318 0.0654
vn -0.9991 0.0254 0.0329
vn -0.9992 0.0237 0.0322
vn -0.3961 -0.0000 0.9182
vn -0.7660 -0.0000 0.6428
vn -0.9730 -0.0000 0.2306
vn -0.7750 -0.4469 0.4469
vn -0.9712 -0.0612 0.2302
vn -0.4294 -0.2233 0.8751
vn -0.3840 -0.2446 0.8903
vn -0.9734 -0.0553 0.2222
vn -0.9737 -0.1612 0.1612
vn -0.4306 -0.6382 0.6382
vn -0.7740 -0.1566 0.6136
vn -0.7545 -0.1727 0.6331
vn -0.3854 -0.8936 0.2302
vn -0.4311 -0.8704 0.2378
vn -0.7558 -0.6342 0.1629
vn -0.7753 -0.6094 0.1659
vn -0.9714 -0.2302 0.0576
vn -0.9736 -0.2204 0.0586
vn -0.7750 0.4469 0.4469
vn -0.9712 0.2302 0.0613
vn -0.4294 0.8751 0.2233
vn -0.3840 0.8903 0.2446
vn -0.9734 0.2222 0.0553
vn -0.9737 0.1612 0.1612
vn -0.4306 0.6382 0.6382
vn -0.7740 0.6136 0.1566
vn -0.7545 0.6331 0.1727
vn -0.3854 0.2302 0.8936
vn -0.4311 0.2378 0.8704
vn -0.7558 0.1629 0.6342
vn -0.7753 0.1659 0.6094
vn -0.9714 0.0576 0.2302
vn -0.9736 0.0586 0.2204
vn -0.3961 -0.9182 -0.0000
vn -0.7660 -0.6428 -0.0000
vn -0.9730 -0.2306 -0.0000
vn -0.9730 0.2306 -0.0000
vn -0.7660 0.6428 -0.0000
vn -0.3961 0.9182 -0.0000
vn -0.7750 -0.4469 -0.4469
vn -0.9712 -0.2302 -0.0613
vn -0.4294 -0.8751 -0.2233
vn -0.3840 -0.8903 -0.2446
vn -0.9734 -0.2222 -0.0553
vn -0.9737 -0.1612 -0.1612
vn -0.4306 -0.6382 -0.6382
vn -0.7740 -0.6136 -0.1566
vn -0.7545 -0.6331 -0.1727
vn -0.3854 -0.2302 -0.8936
vn -0.4311 -0.2378 -0.8704
vn -0.7558 -0.1629 -0.6342
vn -0.7753 -0.1659 -0.6094
vn -0.9714 -0.0576 -0.2302
vn -0.9736 -0.0586 -0.2204
vn -0.7750 0.4469 -0.4469
vn -0.9712 0.0612 -0.2302
vn -0.4294 0.2233 -0.8751
vn -0.3840 0.2446 -0.8903
vn -0.9734 0.0553 -0.2222
vn -0.9737 0.1612 -0.1612
vn -0.4306 0.6382 -0.6382
vn -0.7740 0.1566 -0.6136
vn -0.7545 0.1727 -0.6331
vn -0.3854 0.8936 -0.2302
vn -0.4311 0.8704 -0.2378
vn -0.7558 0.6342 -0.1629
vn -0.7753 0.6094 -0.1659
vn -0.9714 0.2302 -0.0576
vn -0.9736 0.2204 -0.0586
vn -0.9730 -0.0000 -0.2306
vn -0.7660 -0.0000 -0.6428
vn -0.3961 -0.0000 -0.9182
s 0
f 1//1 2//1 3//1
f 3//2 4//2 1//2
f 1//3 4//3 5//3
f 1//4 5//4 6//4
f 6//5 5//5 7//5
f 6//6 7//6 8//6
f 6//7 9//7 10//7
f 6//8 10//8 1//8
f 1//9 10//9 11//9
f 1//10 11//10 2//10
f 12//11 13//11 14//11
f 15//12 16//12 17//12
f 18//13 19//13 20//13
f 21//14 22//14 23//14
f 24//15 25//15 26//15
f 27//16 28//16 29//16
f 30//17 31//17 32//17
f 30//18 32//18 33//18
f 28//19 34//19 29//19
f 29//20 34//20 35//20
f 29//21 35//21 36//21
f 29//22 37//22 27//22
f 27//23 37//23 38//23
f 27//24 38//24 39//24
f 39//25 38//25 40//25
f 41//26 42//26 43//26
f 43//27 44//27 41//27
f 41//28 44//28 45//28
f 41//29 45//29 46//29
f 46//30 45//30 47//30
f 40//31 38//31 48//31
f 48//32 38//32 49//32
f 48//33 49//33 50//33
f 50//34 49//34 51//34
f 50//35 51//35 47//35
f 47//36 51//36 52//36
f 47//37 52//37 46//37
f 53//38 54//38 55//38
f 53//39 55//39 56//39
f 22//40 57//40 23//40
f 23//41 57//41 29//41
f 23//42 29//42 32//42
f 32//43 29//43 36//43
f 32//44 36//44 33//44
f 58//45 59//45 32//45
f 32//46 59//46 60//46
f 32//47 60//47 23//47
f 23//48 60//48 61//48
f 23//49 61//49 21//49
f 62//50 63//50 14//50
f 14//51 63//51 64//51
f 18//52 20//52 65//52
f 25//53 66//53 26//53
f 26//54 66//54 67//54
f 26//55 67//55 17//55
f 68//56 69//56 70//56
f 70//57 69//57 56//57
f 70//58 56//58 32//58
f 32//59 56//59 55//59
f 32//60 55//60 58//60
f 13//61 15//61 14//61
f 14//62 15//62 17//62
f 14//63 17//63 62//63
f 62//64 17//64 67//64
f 71//65 12//65 20//65
f 20//66 12//66 14//66
f 20//67 14//67 65//67
f 65//68 14//68 64//68
f 16//69 68//69 17//69
f 17//70 68//70 70//70
f 17//71 70//71 26//71
f 26//72 70//72 32//72
f 26//73 32//73 24//73
f 24//74 32//74 31//74
f 2//75 72//75 3//75
f 3//76 72//76 73//76
f 20//77 19//77 72//77
f 72//78 19//78 74//78
f 72//79 74//79 73//79
f 2//80 11//80 75//80
f 2//81 75//81 72//81
f 72//82 75//82 71//82
f 72//83 71//83 20//83
f 76//84 77//84 78//84
f 79//85 80//85 81//85
f 81//86 80//86 82//86
f 83//87 84//87 80//87
f 80//88 84//88 85//88
f 80//89 85//89 82//89
f 79//90 86//90 80//90
f 80//91 86//91 87//91
f 80//92 87//92 83//92
f 83//93 87//93 88//93
f 83//94 88//94 89//94
f 89//95 90//95 83//95
f 83//96 90//96 91//96
f 83//97 91//97 92//97
f 92//98 91//98 93//98
f 94//99 95//99 83//99
f 83//100 95//100 96//100
f 83//101 96//101 84//101
f 84//102 96//102 97//102
f 84//103 97//103 98//103
f 98//104 99//104 84//104
f 84//105 99//105 100//105
f 84//106 100//106 101//106
f 101//107 100//107 102//107
f 101//108 102//108 103//108
f 103//109 102//109 104//109
f 105//110 106//110 107//110
f 107//111 106//111 108//111
f 107//112 108//112 109//112
f 109//113 108//113 110//113
f 109//114 110//114 111//114
f 111//115 110//115 112//115
f 111//116 112//116 113//116
f 113//117 112//117 114//117
f 113//118 114//118 115//118
f 115//119 114//119 103//119
f 115//120 103//120 116//120
f 116//121 103//121 104//121
f 77//122 117//122 78//122
f 78//123 117//123 118//123
f 78//124 118//124 83//124
f 83//125 118//125 119//125
f 83//126 119//126 94//126
f 76//127 120//127 121//127
f 121//128 120//128 122//128
f 121//129 122//129 123//129
f 123//130 122//130 124//130
f 124//131 122//131 125//131
f 125//132 122//132 6//132
f 125//133 6//133 8//133
f 126//134 127//134 128//134
f 76//135 78//135 120//135
f 120//136 78//136 83//136
f 120//137 83//137 129//137
f 129//138 83//138 92//138
f 129//139 92//139 126//139
f 126//140 128//140 129//140
f 129//141 128//141 130//141
f 129//142 130//142 120//142
f 120//143 130//143 131//143
f 120//144 131//144 122//144
f 122//145 131//145 9//145
f 122//146 9//146 6//146
f 132//147 133//147 134//147
f 135//147 136//147 137//147
f 134//147 138//147 139//147
f 134//147 139//147 132//147
f 132//147 139//147 140//147
f 132//147 140//147 141//147
f 142//147 143//147 144//147
f 143//147 145//147 144//147
f 144//147 145//147 146//147
f 144//147 146//147 147//147
f 141//147 135//147 132//147
f 132//147 135//147 137//147
f 132//147 137//147 148//147
f 148//147 137//147 144//147
f 148//147 144//147 149//147
f 149//147 144//147 147//147
f 150//147 144//147 151//147
f 151//147 144//147 152//147
f 150//147 153//147 144//147
f 144//147 153//147 154//147
f 144//147 154//147 142//147
f 155//148 156//148 157//148
f 158//148 155//148 159//148
f 159//148 155//148 157//148
f 159//148 157//148 160//148
f 161//148 162//148 163//148
f 163//148 162//148 164//148
f 163//148 164//148 165//148
f 166//148 167//148 157//148
f 157//148 167//148 168//148
f 157//148 168//148 160//148
f 166//148 157//148 169//148
f 169//148 157//148 170//148
f 169//148 170//148 163//148
f 163//148 170//148 171//148
f 163//148 171//148 161//148
f 165//148 172//148 163//148
f 163//148 172//148 173//148
f 163//148 173//148 174//148
f 175//148 176//148 174//148
f 174//148 176//148 177//148
f 174//148 177//148 163//148
f 178//149 179//149 180//149
f 106//150 105//150 181//150
f 181//151 105//151 182//151
f 181//152 182//152 183//152
f 183//153 182//153 178//153
f 183//154 178//154 184//154
f 184//155 178//155 180//155
f 185//156 180//156 179//156
f 179//157 186//157 185//157
f 185//158 186//158 187//158
f 185//159 187//159 188//159
f 188//160 187//160 189//160
f 188//161 189//161 42//161
f 42//162 189//162 43//162
f 136//163 190//163 191//163
f 191//163 192//163 136//163
f 136//163 192//163 193//163
f 136//163 193//163 137//163
f 166//163 169//163 194//163
f 194//163 195//163 166//163
f 166//163 195//163 196//163
f 166//163 196//163 197//163
f 197//163 198//163 166//163
f 166//163 198//163 199//163
f 166//163 199//163 136//163
f 136//163 199//163 200//163
f 136//163 200//163 190//163
f 201//164 202//164 160//164
f 160//164 202//164 203//164
f 160//164 203//164 159//164
f 204//164 140//164 205//164
f 205//164 140//164 139//164
f 204//164 206//164 140//164
f 140//164 206//164 207//164
f 140//164 207//164 160//164
f 160//164 207//164 208//164
f 160//164 208//164 201//164
f 209//163 210//163 211//163
f 212//163 213//163 214//163
f 209//163 211//163 214//163
f 215//163 216//163 214//163
f 217//163 218//163 214//163
f 216//163 219//163 214//163
f 214//163 219//163 220//163
f 214//163 220//163 221//163
f 217//163 214//163 222//163
f 211//163 223//163 214//163
f 214//163 223//163 224//163
f 214//163 224//163 225//163
f 221//163 226//163 214//163
f 214//163 226//163 227//163
f 214//163 227//163 228//163
f 218//163 229//163 214//163
f 214//163 229//163 230//163
f 214//163 230//163 215//163
f 228//163 231//163 214//163
f 214//163 231//163 232//163
f 214//163 232//163 233//163
f 225//163 234//163 214//163
f 214//163 234//163 235//163
f 214//163 235//163 222//163
f 233//163 236//163 214//163
f 214//163 236//163 237//163
f 214//163 237//163 212//163
f 238//163 239//163 240//163
f 240//163 239//163 241//163
f 240//163 241//163 242//163
f 242//163 241//163 243//163
f 242//163 243//163 244//163
f 245//163 246//163 240//163
f 240//163 246//163 247//163
f 248//163 249//163 240//163
f 249//163 250//163 240//163
f 240//163 250//163 251//163
f 240//163 251//163 245//163
f 247//163 252//163 240//163
f 240//163 252//163 253//163
f 240//163 253//163 254//163
f 254//163 255//163 240//163
f 240//163 255//163 256//163
f 240//163 256//163 257//163
f 258//163 259//163 240//163
f 240//163 259//163 260//163
f 240//163 260//163 261//163
f 261//163 262//163 240//163
f 240//163 262//163 263//163
f 240//163 263//163 248//163
f 257//163 264//163 240//163
f 240//163 264//163 265//163
f 240//163 265//163 238//163
f 266//165 267//165 268//165
f 268//165 267//165 269//165
f 270//165 271//165 267//165
f 267//165 271//165 272//165
f 267//165 272//165 269//165
f 273//165 274//165 267//165
f 267//165 274//165 275//165
f 270//165 267//165 276//165
f 276//165 267//165 277//165
f 275//165 278//165 267//165
f 267//165 278//165 279//165
f 267//165 279//165 277//165
f 279//166 280//166 281//166
f 279//166 281//166 277//166
f 277//167 281//167 282//167
f 277//167 282//167 276//167
f 276//168 282//168 270//168
f 270//168 282//168 283//168
f 270//169 283//169 271//169
f 284//170 272//170 285//170
f 285//171 272//171 271//171
f 285//172 271//172 286//172
f 286//169 271//169 283//169
f 272//173 284//173 287//173
f 272//173 287//173 269//173
f 269//174 287//174 288//174
f 269//174 288//174 268//174
f 268//175 288//175 266//175
f 266//175 288//175 289//175
f 266//176 289//176 290//176
f 291//177 292//177 293//177
f 293//178 292//178 290//178
f 293//179 290//179 294//179
f 294//176 290//176 289//176
f 295//165 296//165 267//165
f 267//165 266//165 290//165
f 290//165 292//165 267//165
f 267//165 292//165 297//165
f 267//165 297//165 295//165
f 298//165 273//165 267//165
f 299//165 300//165 267//165
f 267//165 300//165 301//165
f 267//165 301//165 302//165
f 302//165 303//165 267//165
f 267//165 303//165 304//165
f 267//165 304//165 298//165
f 305//165 306//165 267//165
f 296//165 307//165 267//165
f 267//165 307//165 308//165
f 267//165 308//165 309//165
f 309//165 310//165 267//165
f 267//165 310//165 311//165
f 267//165 311//165 305//165
f 312//165 299//165 267//165
f 313//165 314//165 267//165
f 267//165 314//165 315//165
f 267//165 315//165 316//165
f 316//165 317//165 267//165
f 267//165 317//165 318//165
f 267//165 318//165 312//165
f 319//165 320//165 267//165
f 306//165 321//165 267//165
f 267//165 321//165 322//165
f 267//165 322//165 323//165
f 323//165 324//165 267//165
f 267//165 324//165 325//165
f 267//165 325//165 319//165
f 326//165 313//165 267//165
f 327//165 328//165 267//165
f 267//165 328//165 329//165
f 267//165 329//165 330//165
f 330//165 331//165 267//165
f 267//165 331//165 332//165
f 267//165 332//165 326//165
f 333//165 334//165 267//165
f 320//165 335//165 267//165
f 267//165 335//165 336//165
f 267//165 336//165 337//165
f 337//165 338//165 267//165
f 267//165 338//165 339//165
f 267//165 339//165 333//165
f 340//165 327//165 267//165
f 267//165 341//165 342//165
f 342//165 343//165 267//165
f 267//165 343//165 344//165
f 267//165 344//165 340//165
f 334//165 345//165 267//165
f 267//165 345//165 346//165
f 347//165 267//165 348//165
f 348//165 267//165 349//165
f 346//165 350//165 267//165
f 267//165 350//165 351//165
f 267//165 351//165 349//165
f 341//165 267//165 352//165
f 352//165 267//165 353//165
f 354//165 355//165 267//165
f 267//165 355//165 356//165
f 267//165 356//165 353//165
f 357//165 267//165 358//165
f 358//165 267//165 359//165
f 347//165 360//165 267//165
f 267//165 360//165 361//165
f 267//165 361//165 359//165
f 354//165 267//165 362//165
f 362//165 267//165 363//165
f 364//165 365//165 267//165
f 267//165 365//165 366//165
f 267//165 366//165 363//165
f 367//165 267//165 368//165
f 368//165 267//165 369//165
f 357//165 370//165 267//165
f 267//165 370//165 371//165
f 267//165 371//165 369//165
f 364//165 267//165 372//165
f 372//165 267//165 373//165
f 367//165 374//165 267//165
f 267//165 374//165 375//165
f 267//165 375//165 373//165
f 376//180 275//180 274//180
f 303//181 377//181 378//181
f 303//182 378//182 304//182
f 304//183 378//183 379//183
f 304//184 379//184 298//184
f 298//185 379//185 273//185
f 273//185 379//185 380//185
f 273//186 380//186 274//186
f 274//186 380//186 381//186
f 274//187 381//187 376//187
f 275//188 376//188 278//188
f 278//189 376//189 280//189
f 278//190 280//190 279//190
f 382//191 383//191 384//191
f 385//192 284//192 285//192
f 386//193 385//193 387//193
f 388//194 386//194 389//194
f 385//195 285//195 387//195
f 387//196 285//196 286//196
f 387//197 286//197 390//197
f 280//198 382//198 281//198
f 281//199 382//199 384//199
f 281//200 384//200 282//200
f 282//201 384//201 390//201
f 282//202 390//202 283//202
f 283//203 390//203 286//203
f 386//204 387//204 389//204
f 389//205 387//205 390//205
f 389//206 390//206 391//206
f 391//207 390//207 384//207
f 391//208 384//208 392//208
f 392//209 384//209 383//209
f 392//210 383//210 393//210
f 388//211 389//211 394//211
f 394//212 389//212 391//212
f 394//213 391//213 395//213
f 395//214 391//214 392//214
f 395//215 392//215 396//215
f 396//216 392//216 393//216
f 396//217 393//217 397//217
f 398//218 291//218 293//218
f 399//219 400//219 398//219
f 400//220 399//220 401//220
f 402//221 401//221 403//221
f 398//222 293//222 399//222
f 399//223 293//223 294//223
f 399//224 294//224 404//224
f 284//225 385//225 287//225
f 287//226 385//226 405//226
f 287//227 405//227 288//227
f 288//228 405//228 404//228
f 288//229 404//229 289//229
f 289//230 404//230 294//230
f 401//231 399//231 403//231
f 403//232 399//232 404//232
f 403//233 404//233 406//233
f 406//234 404//234 405//234
f 406//235 405//235 407//235
f 407//236 405//236 385//236
f 407//237 385//237 386//237
f 402//238 403//238 408//238
f 408//239 403//239 406//239
f 408//240 406//240 409//240
f 409//241 406//241 407//241
f 409//242 407//242 410//242
f 410//243 407//243 386//243
f 410//244 386//244 388//244
f 411//245 308//245 307//245
f 292//246 291//246 412//246
f 292//247 412//247 297//247
f 297//248 412//248 413//248
f 297//249 413//249 295//249
f 295//250 413//250 296//250
f 296//250 413//250 414//250
f 296//251 414//251 307//251
f 307//251 414//251 415//251
f 307//252 415//252 411//252
f 308//253 411//253 309//253
f 309//254 411//254 416//254
f 309//255 416//255 310//255
f 417//256 301//256 300//256
f 317//257 418//257 419//257
f 317//258 419//258 318//258
f 318//259 419//259 420//259
f 318//260 420//260 312//260
f 312//261 420//261 299//261
f 299//261 420//261 421//261
f 299//262 421//262 300//262
f 300//262 421//262 422//262
f 300//263 422//263 417//263
f 301//264 417//264 302//264
f 302//265 417//265 377//265
f 302//266 377//266 303//266
f 423//267 322//267 321//267
f 310//268 416//268 424//268
f 310//269 424//269 311//269
f 311//270 424//270 425//270
f 311//271 425//271 305//271
f 305//272 425//272 306//272
f 306//272 425//272 426//272
f 306//273 426//273 321//273
f 321//273 426//273 427//273
f 321//274 427//274 423//274
f 322//275 423//275 323//275
f 323//276 423//276 428//276
f 323//277 428//277 324//277
f 429//278 315//278 314//278
f 331//279 430//279 431//279
f 331//280 431//280 332//280
f 332//281 431//281 432//281
f 332//282 432//282 326//282
f 326//283 432//283 313//283
f 313//283 432//283 433//283
f 313//284 433//284 314//284
f 314//284 433//284 434//284
f 314//285 434//285 429//285
f 315//286 429//286 316//286
f 316//287 429//287 418//287
f 316//288 418//288 317//288
f 435//289 336//289 335//289
f 324//290 428//290 436//290
f 324//291 436//291 325//291
f 325//292 436//292 437//292
f 325//293 437//293 319//293
f 319//294 437//294 320//294
f 320//294 437//294 438//294
f 320//295 438//295 335//295
f 335//295 438//295 439//295
f 335//296 439//296 435//296
f 336//297 435//297 337//297
f 337//298 435//298 440//298
f 337//299 440//299 338//299
f 441//300 329//300 328//300
f 343//301 442//301 443//301
f 343//302 443//302 344//302
f 344//303 443//303 444//303
f 344//304 444//304 340//304
f 340//305 444//305 327//305
f 327//305 444//305 445//305
f 327//306 445//306 328//306
f 328//306 445//306 446//306
f 328//307 446//307 441//307
f 329//308 441//308 330//308
f 330//309 441//309 430//309
f 330//310 430//310 331//310
f 447//311 346//311 345//311
f 338//312 440//312 448//312
f 338//313 448//313 339//313
f 339//314 448//314 449//314
f 339//315 449//315 333//315
f 333//316 449//316 334//316
f 334//316 449//316 450//316
f 334//317 450//317 345//317
f 345//317 450//317 451//317
f 345//318 451//318 447//318
f 346//319 447//319 350//319
f 350//320 447//320 452//320
f 350//321 452//321 351//321
f 356//322 453//322 454//322
f 356//322 454//322 353//322
f 353//323 454//323 455//323
f 353//323 455//323 352//323
f 352//324 455//324 341//324
f 341//324 455//324 456//324
f 341//325 456//325 342//325
f 442//326 343//326 457//326
f 457//327 343//327 342//327
f 457//328 342//328 458//328
f 458//325 342//325 456//325
f 351//329 452//329 459//329
f 351//329 459//329 349//329
f 349//330 459//330 460//330
f 349//330 460//330 348//330
f 348//331 460//331 347//331
f 347//331 460//331 461//331
f 347//332 461//332 360//332
f 462//333 361//333 463//333
f 463//334 361//334 360//334
f 463//335 360//335 464//335
f 464//332 360//332 461//332
f 366//336 465//336 466//336
f 366//336 466//336 363//336
f 363//337 466//337 467//337
f 363//337 467//337 362//337
f 362//338 467//338 354//338
f 354//338 467//338 468//338
f 354//339 468//339 355//339
f 453//340 356//340 469//340
f 469//341 356//341 355//341
f 469//342 355//342 470//342
f 470//339 355//339 468//339
f 361//343 462//343 471//343
f 361//343 471//343 359//343
f 359//344 471//344 472//344
f 359//344 472//344 358//344
f 358//345 472//345 357//345
f 357//345 472//345 473//345
f 357//346 473//346 370//346
f 474//347 371//347 475//347
f 475//348 371//348 370//348
f 475//349 370//349 476//349
f 476//350 370//350 473//350
f 375//351 477//351 478//351
f 375//351 478//351 373//351
f 373//352 478//352 479//352
f 373//352 479//352 372//352
f 372//353 479//353 364//353
f 364//353 479//353 480//353
f 364//354 480//354 365//354
f 465//355 366//355 481//355
f 481//356 366//356 365//356
f 481//357 365//357 482//357
f 482//354 365//354 480//354
f 371//358 474//358 483//358
f 371//358 483//358 369//358
f 369//359 483//359 484//359
f 369//359 484//359 368//359
f 368//360 484//360 367//360
f 367//360 484//360 485//360
f 367//361 485//361 374//361
f 477//362 375//362 486//362
f 486//363 375//363 374//363
f 486//364 374//364 487//364
f 487//361 374//361 485//361
f 379//365 378//365 488//365
f 381//366 380//366 489//366
f 490//367 397//367 491//367
f 491//368 397//368 393//368
f 491//369 393//369 492//369
f 492//370 393//370 383//370
f 492//371 383//371 493//371
f 493//372 383//372 382//372
f 493//373 382//373 376//373
f 376//374 382//374 280//374
f 494//375 490//375 495//375
f 495//376 490//376 491//376
f 495//377 491//377 496//377
f 496//378 491//378 492//378
f 496//379 492//379 489//379
f 489//380 492//380 493//380
f 489//381 493//381 381//381
f 381//382 493//382 376//382
f 497//383 494//383 498//383
f 498//384 494//384 495//384
f 498//385 495//385 499//385
f 499//386 495//386 496//386
f 499//387 496//387 488//387
f 488//388 496//388 489//388
f 488//389 489//389 379//389
f 379//390 489//390 380//390
f 500//391 497//391 501//391
f 501//392 497//392 498//392
f 501//393 498//393 502//393
f 502//394 498//394 499//394
f 502//395 499//395 503//395
f 503//396 499//396 488//396
f 503//397 488//397 377//397
f 377//398 488//398 378//398
f 504//399 505//399 506//399
f 506//400 505//400 507//400
f 506//401 507//401 508//401
f 508//402 507//402 509//402
f 508//403 509//403 510//403
f 510//404 509//404 511//404
f 510//405 511//405 512//405
f 512//406 511//406 513//406
f 512//407 513//407 514//407
f 514//408 513//408 515//408
f 514//409 515//409 516//409
f 516//410 515//410 517//410
f 516//411 517//411 518//411
f 518//412 517//412 519//412
f 518//413 519//413 394//413
f 394//414 519//414 388//414
f 520//415 504//415 521//415
f 521//416 504//416 506//416
f 521//417 506//417 522//417
f 522//418 506//418 508//418
f 522//419 508//419 523//419
f 523//420 508//420 510//420
f 523//421 510//421 524//421
f 524//422 510//422 512//422
f 524//423 512//423 525//423
f 525//424 512//424 514//424
f 525//425 514//425 526//425
f 526//426 514//426 516//426
f 526//427 516//427 527//427
f 527//428 516//428 518//428
f 527//429 518//429 395//429
f 395//430 518//430 394//430
f 528//431 520//431 529//431
f 529//432 520//432 521//432
f 529//433 521//433 530//433
f 530//434 521//434 522//434
f 530//435 522//435 531//435
f 531//436 522//436 523//436
f 531//437 523//437 532//437
f 532//438 523//438 524//438
f 532//439 524//439 533//439
f 533//440 524//440 525//440
f 533//441 525//441 534//441
f 534//442 525//442 526//442
f 534//443 526//443 535//443
f 535//444 526//444 527//444
f 535//445 527//445 396//445
f 396//446 527//446 395//446
f 536//447 528//447 537//447
f 537//448 528//448 529//448
f 537//449 529//449 538//449
f 538//450 529//450 530//450
f 538//451 530//451 539//451
f 539//452 530//452 531//452
f 539//453 531//453 540//453
f 540//454 531//454 532//454
f 540//455 532//455 541//455
f 541//456 532//456 533//456
f 541//457 533//457 542//457
f 542//458 533//458 534//458
f 542//459 534//459 543//459
f 543//460 534//460 535//460
f 543//461 535//461 397//461
f 397//462 535//462 396//462
f 544//463 545//463 546//463
f 545//464 547//464 546//464
f 546//465 547//465 548//465
f 546//466 548//466 549//466
f 549//467 548//467 550//467
f 549//468 550//468 551//468
f 551//469 550//469 552//469
f 551//470 552//470 553//470
f 553//471 552//471 554//471
f 553//472 554//472 555//472
f 555//473 554//473 556//473
f 555//474 556//474 557//474
f 557//475 556//475 558//475
f 557//476 558//476 559//476
f 559//477 558//477 560//477
f 559//478 560//478 408//478
f 408//479 560//479 402//479
f 561//480 544//480 562//480
f 562//481 544//481 546//481
f 562//482 546//482 563//482
f 563//483 546//483 549//483
f 563//484 549//484 564//484
f 564//485 549//485 551//485
f 564//486 551//486 565//486
f 565//487 551//487 553//487
f 565//488 553//488 566//488
f 566//489 553//489 555//489
f 566//490 555//490 567//490
f 567//491 555//491 557//491
f 567//492 557//492 568//492
f 568//493 557//493 559//493
f 568//494 559//494 409//494
f 409//495 559//495 408//495
f 569//496 561//496 570//496
f 570//497 561//497 562//497
f 570//498 562//498 571//498
f 571//499 562//499 563//499
f 571//500 563//500 572//500
f 572//501 563//501 564//501
f 572//502 564//502 573//502
f 573//503 564//503 565//503
f 573//504 565//504 574//504
f 574//505 565//505 566//505
f 574//506 566//506 575//506
f 575//507 566//507 567//507
f 575//508 567//508 576//508
f 576//509 567//509 568//509
f 576//510 568//510 410//510
f 410//511 568//511 409//511
f 505//512 569//512 507//512
f 507//513 569//513 570//513
f 507//514 570//514 509//514
f 509//515 570//515 571//515
f 509//516 571//516 511//516
f 511//517 571//517 572//517
f 511//518 572//518 513//518
f 513//519 572//519 573//519
f 513//520 573//520 515//520
f 515//521 573//521 574//521
f 515//522 574//522 517//522
f 517//523 574//523 575//523
f 517//524 575//524 519//524
f 519//525 575//525 576//525
f 519//526 576//526 388//526
f 388//527 576//527 410//527
f 413//528 412//528 577//528
f 415//529 414//529 578//529
f 579//530 580//530 581//530
f 581//531 580//531 582//531
f 581//532 582//532 583//532
f 583//533 582//533 584//533
f 583//534 584//534 585//534
f 585//535 584//535 586//535
f 415//536 578//536 411//536
f 587//537 579//537 588//537
f 588//538 579//538 581//538
f 588//539 581//539 589//539
f 589//540 581//540 583//540
f 589//541 583//541 578//541
f 578//542 583//542 585//542
f 578//543 585//543 411//543
f 411//544 585//544 586//544
f 411//545 586//545 416//545
f 590//546 587//546 591//546
f 591//547 587//547 588//547
f 591//548 588//548 592//548
f 592//549 588//549 589//549
f 592//550 589//550 577//550
f 577//551 589//551 578//551
f 577//552 578//552 413//552
f 413//553 578//553 414//553
f 402//554 590//554 401//554
f 401//555 590//555 591//555
f 401//556 591//556 400//556
f 400//557 591//557 592//557
f 400//558 592//558 398//558
f 398//559 592//559 577//559
f 398//560 577//560 291//560
f 291//561 577//561 412//561
f 420//562 419//562 593//562
f 422//563 421//563 594//563
f 595//564 500//564 596//564
f 596//565 500//565 501//565
f 596//566 501//566 597//566
f 597//567 501//567 502//567
f 597//568 502//568 598//568
f 598//569 502//569 503//569
f 598//570 503//570 417//570
f 417//571 503//571 377//571
f 599//572 595//572 600//572
f 600//573 595//573 596//573
f 600//574 596//574 601//574
f 601//575 596//575 597//575
f 601//576 597//576 594//576
f 594//577 597//577 598//577
f 594//578 598//578 422//578
f 422//579 598//579 417//579
f 602//580 599//580 603//580
f 603//581 599//581 600//581
f 603//582 600//582 604//582
f 604//583 600//583 601//583
f 604//584 601//584 593//584
f 593//585 601//585 594//585
f 593//586 594//586 420//586
f 420//587 594//587 421//587
f 605//588 602//588 606//588
f 606//589 602//589 603//589
f 606//590 603//590 607//590
f 607//591 603//591 604//591
f 607//592 604//592 608//592
f 608//593 604//593 593//593
f 608//594 593//594 418//594
f 418//595 593//595 419//595
f 425//596 424//596 609//596
f 610//597 611//597 612//597
f 612//598 611//598 613//598
f 612//599 613//599 614//599
f 614//600 613//600 615//600
f 614//601 615//601 616//601
f 616//602 615//602 617//602
f 423//603 427//603 618//603
f 619//604 610//604 620//604
f 620//605 610//605 612//605
f 620//606 612//606 621//606
f 621//607 612//607 614//607
f 621//608 614//608 618//608
f 618//609 614//609 616//609
f 618//610 616//610 423//610
f 423//611 616//611 617//611
f 423//612 617//612 428//612
f 425//613 609//613 426//613
f 622//614 619//614 623//614
f 623//615 619//615 620//615
f 623//616 620//616 624//616
f 624//617 620//617 621//617
f 624//618 621//618 609//618
f 609//619 621//619 618//619
f 609//620 618//620 426//620
f 426//621 618//621 427//621
f 580//622 622//622 582//622
f 582//623 622//623 623//623
f 582//624 623//624 584//624
f 584//625 623//625 624//625
f 584//626 624//626 586//626
f 586//627 624//627 609//627
f 586//628 609//628 416//628
f 416//629 609//629 424//629
f 430//630 625//630 626//630
f 608//631 418//631 429//631
f 608//632 429//632 607//632
f 606//633 607//633 627//633
f 605//634 606//634 628//634
f 607//635 429//635 627//635
f 627//636 429//636 434//636
f 627//637 434//637 629//637
f 434//638 433//638 629//638
f 629//639 433//639 432//639
f 629//640 432//640 626//640
f 626//641 432//641 431//641
f 626//642 431//642 430//642
f 606//643 627//643 628//643
f 628//644 627//644 629//644
f 628//645 629//645 630//645
f 630//646 629//646 626//646
f 630//647 626//647 631//647
f 631//648 626//648 625//648
f 631//649 625//649 632//649
f 605//650 628//650 633//650
f 633//651 628//651 630//651
f 633//652 630//652 634//652
f 634//653 630//653 631//653
f 634//654 631//654 635//654
f 635//655 631//655 632//655
f 635//656 632//656 636//656
f 617//657 615//657 637//657
f 638//658 440//658 435//658
f 639//659 640//659 641//659
f 640//660 638//660 642//660
f 642//661 638//661 435//661
f 642//662 435//662 643//662
f 435//663 439//663 643//663
f 643//664 439//664 438//664
f 643//665 438//665 637//665
f 428//666 617//666 436//666
f 436//667 617//667 637//667
f 436//668 637//668 437//668
f 437//669 637//669 438//669
f 640//670 642//670 641//670
f 641//671 642//671 643//671
f 641//672 643//672 644//672
f 644//673 643//673 637//673
f 644//674 637//674 645//674
f 645//675 637//675 615//675
f 645//676 615//676 613//676
f 639//677 641//677 646//677
f 646//678 641//678 644//678
f 646//679 644//679 647//679
f 647//680 644//680 645//680
f 647//681 645//681 648//681
f 648//682 645//682 613//682
f 648//683 613//683 611//683
f 442//684 649//684 650//684
f 625//685 430//685 441//685
f 632//686 625//686 651//686
f 636//687 632//687 652//687
f 625//688 441//688 651//688
f 651//689 441//689 446//689
f 651//690 446//690 653//690
f 446//691 445//691 653//691
f 653//692 445//692 444//692
f 653//693 444//693 650//693
f 650//694 444//694 443//694
f 650//695 443//695 442//695
f 632//696 651//696 652//696
f 652//697 651//697 653//697
f 652//698 653//698 654//698
f 654//699 653//699 650//699
f 654//700 650//700 655//700
f 655//701 650//701 649//701
f 655//702 649//702 656//702
f 636//703 652//703 657//703
f 657//704 652//704 654//704
f 657//705 654//705 658//705
f 658//706 654//706 655//706
f 658//707 655//707 659//707
f 659//708 655//708 656//708
f 659//709 656//709 660//709
f 661//710 452//710 447//710
f 662//711 663//711 664//711
f 663//712 661//712 665//712
f 665//713 661//713 447//713
f 665//714 447//714 666//714
f 447//715 451//715 666//715
f 666//716 451//716 450//716
f 666//717 450//717 667//717
f 667//718 450//718 449//718
f 449//719 448//719 667//719
f 667//720 448//720 440//720
f 667//721 440//721 638//721
f 663//722 665//722 664//722
f 664//723 665//723 666//723
f 664//724 666//724 668//724
f 668//725 666//725 667//725
f 668//726 667//726 669//726
f 669//727 667//727 638//727
f 669//728 638//728 640//728
f 662//729 664//729 670//729
f 670//730 664//730 668//730
f 670//731 668//731 671//731
f 671//732 668//732 669//732
f 671//733 669//733 672//733
f 672//734 669//734 640//734
f 672//735 640//735 639//735
f 673//736 674//736 675//736
f 649//737 442//737 457//737
f 656//738 649//738 676//738
f 660//739 656//739 677//739
f 649//740 457//740 676//740
f 676//741 457//741 458//741
f 676//742 458//742 678//742
f 453//743 673//743 454//743
f 454//744 673//744 675//744
f 454//745 675//745 455//745
f 455//746 675//746 678//746
f 455//747 678//747 456//747
f 456//748 678//748 458//748
f 656//749 676//749 677//749
f 677//750 676//750 678//750
f 677//751 678//751 679//751
f 679//752 678//752 675//752
f 679//753 675//753 680//753
f 680//754 675//754 674//754
f 680//755 674//755 681//755
f 660//756 677//756 682//756
f 682//757 677//757 679//757
f 682//758 679//758 683//758
f 683//759 679//759 680//759
f 683//760 680//760 684//760
f 684//761 680//761 681//761
f 684//762 681//762 685//762
f 686//763 462//763 463//763
f 687//764 686//764 688//764
f 689//765 687//765 690//765
f 686//766 463//766 688//766
f 688//767 463//767 464//767
f 688//768 464//768 691//768
f 452//769 661//769 459//769
f 459//770 661//770 692//770
f 459//771 692//771 460//771
f 460//772 692//772 691//772
f 460//773 691//773 461//773
f 461//774 691//774 464//774
f 687//775 688//775 690//775
f 690//776 688//776 691//776
f 690//777 691//777 693//777
f 693//778 691//778 692//778
f 693//779 692//779 694//779
f 694//780 692//780 661//780
f 694//781 661//781 663//781
f 689//782 690//782 695//782
f 695//783 690//783 693//783
f 695//784 693//784 696//784
f 696//785 693//785 694//785
f 696//786 694//786 697//786
f 697//787 694//787 663//787
f 697//788 663//788 662//788
f 466//789 465//789 698//789
f 699//790 685//790 700//790
f 700//791 685//791 681//791
f 700//792 681//792 701//792
f 701//793 681//793 674//793
f 701//794 674//794 702//794
f 702//795 674//795 673//795
f 469//796 470//796 703//796
f 704//797 699//797 705//797
f 705//798 699//798 700//798
f 705//799 700//799 706//799
f 706//800 700//800 701//800
f 706//801 701//801 703//801
f 703//802 701//802 702//802
f 703//803 702//803 469//803
f 469//804 702//804 673//804
f 469//805 673//805 453//805
f 707//806 704//806 708//806
f 708//807 704//807 705//807
f 708//808 705//808 709//808
f 709//809 705//809 706//809
f 709//810 706//810 710//810
f 710//811 706//811 703//811
f 466//812 698//812 467//812
f 711//813 707//813 712//813
f 712//814 707//814 708//814
f 712//815 708//815 713//815
f 713//816 708//816 709//816
f 713//817 709//817 698//817
f 698//818 709//818 710//818
f 698//819 710//819 467//819
f 467//820 710//820 703//820
f 467//821 703//821 468//821
f 468//822 703//822 470//822
f 714//823 715//823 716//823
f 686//824 717//824 462//824
f 462//825 717//825 718//825
f 462//826 718//826 471//826
f 471//827 718//827 472//827
f 719//828 475//828 476//828
f 687//829 689//829 720//829
f 720//830 689//830 721//830
f 720//831 721//831 714//831
f 714//832 721//832 722//832
f 714//833 722//833 715//833
f 723//834 724//834 725//834
f 725//835 724//835 726//835
f 725//836 726//836 719//836
f 719//837 726//837 474//837
f 719//838 474//838 475//838
f 473//839 472//839 727//839
f 727//840 472//840 718//840
f 727//841 718//841 728//841
f 728//842 718//842 717//842
f 729//843 723//843 730//843
f 730//844 723//844 725//844
f 730//845 725//845 728//845
f 728//846 725//846 719//846
f 728//847 719//847 727//847
f 727//848 719//848 476//848
f 727//849 476//849 473//849
f 686//850 687//850 717//850
f 717//851 687//851 720//851
f 717//852 720//852 728//852
f 728//853 720//853 714//853
f 728//854 714//854 730//854
f 730//855 714//855 716//855
f 730//856 716//856 729//856
f 478//857 477//857 731//857
f 732//858 711//858 733//858
f 733//859 711//859 712//859
f 733//860 712//860 734//860
f 734//861 712//861 713//861
f 734//862 713//862 735//862
f 735//863 713//863 698//863
f 481//864 482//864 736//864
f 737//865 732//865 738//865
f 738//866 732//866 733//866
f 738//867 733//867 739//867
f 739//868 733//868 734//868
f 739//869 734//869 736//869
f 736//870 734//870 735//870
f 736//871 735//871 481//871
f 481//872 735//872 698//872
f 481//873 698//873 465//873
f 740//874 737//874 741//874
f 741//875 737//875 738//875
f 741//876 738//876 742//876
f 742//877 738//877 739//877
f 742//878 739//878 743//878
f 743//879 739//879 736//879
f 478//880 731//880 479//880
f 744//881 740//881 745//881
f 745//882 740//882 741//882
f 745//883 741//883 746//883
f 746//884 741//884 742//884
f 746//885 742//885 731//885
f 731//886 742//886 743//886
f 731//887 743//887 479//887
f 479//888 743//888 736//888
f 479//889 736//889 480//889
f 480//890 736//890 482//890
f 483//891 474//891 726//891
f 487//892 485//892 747//892
f 748//893 744//893 749//893
f 749//894 744//894 745//894
f 749//895 745//895 750//895
f 750//896 745//896 746//896
f 750//897 746//897 751//897
f 751//898 746//898 731//898
f 751//899 731//899 486//899
f 486//900 731//900 477//900
f 752//901 748//901 753//901
f 753//902 748//902 749//902
f 753//903 749//903 754//903
f 754//904 749//904 750//904
f 754//905 750//905 747//905
f 747//906 750//906 751//906
f 747//907 751//907 487//907
f 487//908 751//908 486//908
f 755//909 752//909 756//909
f 756//910 752//910 753//910
f 756//911 753//911 757//911
f 757//912 753//912 754//912
f 757//913 754//913 758//913
f 758//914 754//914 747//914
f 758//915 747//915 484//915
f 484//916 747//916 485//916
f 729//917 755//917 723//917
f 723//918 755//918 756//918
f 723//919 756//919 724//919
f 724//920 756//920 757//920
f 724//921 757//921 726//921
f 726//922 757//922 758//922
f 726//923 758//923 483//923
f 483//924 758//924 484//924
f 759//925 760//925 761//925
f 762//926 536//926 763//926
f 763//927 536//927 537//927
f 763//928 537//928 764//928
f 764//929 537//929 538//929
f 764//930 538//930 765//930
f 765//931 538//931 539//931
f 765//932 539//932 766//932
f 766//933 539//933 540//933
f 766//934 540//934 767//934
f 767//935 540//935 541//935
f 767//936 541//936 768//936
f 768//937 541//937 542//937
f 768//938 542//938 769//938
f 769//939 542//939 543//939
f 769//940 543//940 490//940
f 490//941 543//941 397//941
f 770//942 762//942 771//942
f 771//943 762//943 763//943
f 771//944 763//944 772//944
f 772//945 763//945 764//945
f 772//946 764//946 773//946
f 773//947 764//947 765//947
f 773//948 765//948 774//948
f 774//949 765//949 766//949
f 774//950 766//950 775//950
f 775//951 766//951 767//951
f 775//952 767//952 776//952
f 776//953 767//953 768//953
f 776//954 768//954 777//954
f 777//955 768//955 769//955
f 777//956 769//956 494//956
f 494//957 769//957 490//957
f 760//958 770//958 761//958
f 761//959 770//959 771//959
f 761//960 771//960 778//960
f 778//961 771//961 772//961
f 778//962 772//962 779//962
f 779//963 772//963 773//963
f 779//964 773//964 780//964
f 780//965 773//965 774//965
f 780//966 774//966 781//966
f 781//967 774//967 775//967
f 781//968 775//968 782//968
f 782//969 775//969 776//969
f 782//970 776//970 783//970
f 783//971 776//971 777//971
f 783//972 777//972 497//972
f 497//973 777//973 494//973
f 784//974 759//974 785//974
f 785//975 759//975 761//975
f 785//976 761//976 786//976
f 786//977 761//977 778//977
f 786//978 778//978 787//978
f 787//979 778//979 779//979
f 787//980 779//980 788//980
f 788//981 779//981 780//981
f 788//982 780//982 789//982
f 789//983 780//983 781//983
f 789//984 781//984 790//984
f 790//985 781//985 782//985
f 790//986 782//986 791//986
f 791//987 782//987 783//987
f 791//988 783//988 500//988
f 500//989 783//989 497//989
f 792//990 505//990 504//990
f 793//991 794//991 795//991
f 795//992 794//992 796//992
f 795//993 796//993 797//993
f 797//994 796//994 798//994
f 797//995 798//995 799//995
f 800//996 801//996 793//996
f 793//997 801//997 802//997
f 793//998 802//998 794//998
f 799//999 792//999 797//999
f 797//1000 792//1000 504//1000
f 797//1001 504//1001 795//1001
f 795//1002 504//1002 520//1002
f 795//1003 520//1003 793//1003
f 793//1004 520//1004 528//1004
f 528//1005 536//1005 793//1005
f 793//1006 536//1006 803//1006
f 793//1007 803//1007 800//1007
f 800//1008 803//1008 804//1008
f 805//1009 806//1009 807//1009
f 805//1010 807//1010 808//1010
f 809//1011 810//1011 811//1011
f 811//1012 810//1012 812//1012
f 810//1013 813//1013 812//1013
f 812//1014 813//1014 792//1014
f 812//1015 792//1015 799//1015
f 545//1016 544//1016 809//1016
f 809//1017 544//1017 561//1017
f 809//1018 561//1018 810//1018
f 810//1019 561//1019 569//1019
f 810//1020 569//1020 813//1020
f 813//1021 569//1021 505//1021
f 813//1022 505//1022 792//1022
f 547//1023 545//1023 807//1023
f 807//1024 545//1024 809//1024
f 807//1025 809//1025 808//1025
f 808//1026 809//1026 811//1026
f 814//1027 815//1027 816//1027
f 816//1028 815//1028 817//1028
f 816//1029 817//1029 818//1029
f 818//1030 817//1030 819//1030
f 818//1031 819//1031 820//1031
f 820//1032 819//1032 821//1032
f 820//1033 821//1033 822//1033
f 822//1034 821//1034 823//1034
f 822//1035 823//1035 824//1035
f 824//1036 823//1036 825//1036
f 824//1037 825//1037 826//1037
f 826//1038 825//1038 827//1038
f 826//1039 827//1039 579//1039
f 579//1040 827//1040 580//1040
f 828//1041 829//1041 830//1041
f 830//1042 829//1042 814//1042
f 830//1043 814//1043 831//1043
f 831//1044 814//1044 816//1044
f 831//1045 816//1045 832//1045
f 832//1046 816//1046 818//1046
f 832//1047 818//1047 833//1047
f 833//1048 818//1048 820//1048
f 833//1049 820//1049 834//1049
f 834//1050 820//1050 822//1050
f 834//1051 822//1051 835//1051
f 835//1052 822//1052 824//1052
f 835//1053 824//1053 836//1053
f 836//1054 824//1054 826//1054
f 836//1055 826//1055 587//1055
f 587//1056 826//1056 579//1056
f 829//1057 837//1057 814//1057
f 814//1058 837//1058 838//1058
f 814//1059 838//1059 815//1059
f 815//1060 838//1060 839//1060
f 815//1061 839//1061 840//1061
f 841//1062 828//1062 842//1062
f 842//1063 828//1063 830//1063
f 842//1064 830//1064 843//1064
f 843//1065 830//1065 831//1065
f 843//1066 831//1066 844//1066
f 844//1067 831//1067 832//1067
f 844//1068 832//1068 845//1068
f 845//1069 832//1069 833//1069
f 845//1070 833//1070 846//1070
f 846//1071 833//1071 834//1071
f 846//1072 834//1072 847//1072
f 847//1073 834//1073 835//1073
f 847//1074 835//1074 848//1074
f 848//1075 835//1075 836//1075
f 848//1076 836//1076 590//1076
f 590//1077 836//1077 587//1077
f 547//1078 841//1078 548//1078
f 548//1079 841//1079 842//1079
f 548//1080 842//1080 550//1080
f 550//1081 842//1081 843//1081
f 550//1082 843//1082 552//1082
f 552//1083 843//1083 844//1083
f 552//1084 844//1084 554//1084
f 554//1085 844//1085 845//1085
f 554//1086 845//1086 556//1086
f 556//1087 845//1087 846//1087
f 556//1088 846//1088 558//1088
f 558//1089 846//1089 847//1089
f 558//1090 847//1090 560//1090
f 560//1091 847//1091 848//1091
f 560//1092 848//1092 402//1092
f 402//1093 848//1093 590//1093
f 849//1094 850//1094 851//1094
f 852//1095 853//1095 854//1095
f 855//1096 856//1096 857//1096
f 857//1097 856//1097 858//1097
f 859//1098 860//1098 861//1098
f 861//1099 860//1099 862//1099
f 861//1100 862//1100 863//1100
f 863//1101 862//1101 864//1101
f 863//1102 864//1102 865//1102
f 865//1103 864//1103 866//1103
f 865//1104 866//1104 867//1104
f 867//1105 866//1105 868//1105
f 867//1106 868//1106 857//1106
f 857//1107 868//1107 851//1107
f 857//1108 851//1108 855//1108
f 855//1109 851//1109 850//1109
f 852//1110 854//1110 869//1110
f 602//1111 605//1111 870//1111
f 870//1112 605//1112 871//1112
f 870//1113 871//1113 872//1113
f 872//1114 871//1114 873//1114
f 872//1115 873//1115 874//1115
f 874//1116 873//1116 875//1116
f 874//1117 875//1117 876//1117
f 876//1118 875//1118 877//1118
f 876//1119 877//1119 854//1119
f 854//1120 877//1120 878//1120
f 854//1121 878//1121 869//1121
f 791//1122 859//1122 790//1122
f 790//1123 859//1123 861//1123
f 790//1124 861//1124 789//1124
f 789//1125 861//1125 863//1125
f 789//1126 863//1126 788//1126
f 788//1127 863//1127 865//1127
f 788//1128 865//1128 787//1128
f 787//1129 865//1129 867//1129
f 787//1130 867//1130 786//1130
f 786//1131 867//1131 857//1131
f 786//1132 857//1132 785//1132
f 785//1133 857//1133 858//1133
f 785//1134 858//1134 784//1134
f 853//1135 849//1135 854//1135
f 854//1136 849//1136 851//1136
f 854//1137 851//1137 876//1137
f 876//1138 851//1138 868//1138
f 876//1139 868//1139 874//1139
f 874//1140 868//1140 866//1140
f 874//1141 866//1141 872//1141
f 872//1142 866//1142 864//1142
f 872//1143 864//1143 870//1143
f 870//1144 864//1144 862//1144
f 870//1145 862//1145 602//1145
f 602//1146 862//1146 860//1146
f 602//1147 860//1147 599//1147
f 599//1148 860//1148 859//1148
f 599//1149 859//1149 595//1149
f 595//1150 859//1150 791//1150
f 595//1151 791//1151 500//1151
f 804//1152 803//1152 879//1152
f 879//1153 803//1153 880//1153
f 879//1154 880//1154 881//1154
f 881//1155 880//1155 882//1155
f 883//1156 884//1156 885//1156
f 885//1157 884//1157 886//1157
f 885//1158 886//1158 882//1158
f 882//1159 886//1159 887//1159
f 882//1160 887//1160 881//1160
f 888//1161 889//1161 890//1161
f 890//1162 891//1162 888//1162
f 888//1163 891//1163 892//1163
f 888//1164 892//1164 883//1164
f 883//1165 892//1165 893//1165
f 883//1166 893//1166 884//1166
f 803//1167 536//1167 762//1167
f 803//1168 762//1168 880//1168
f 880//1169 762//1169 770//1169
f 880//1170 770//1170 882//1170
f 882//1171 770//1171 760//1171
f 882//1172 760//1172 885//1172
f 885//1173 760//1173 759//1173
f 885//1174 759//1174 883//1174
f 883//1175 759//1175 784//1175
f 883//1176 784//1176 888//1176
f 894//1177 895//1177 896//1177
f 896//1178 895//1178 897//1178
f 896//1179 897//1179 898//1179
f 898//1180 897//1180 899//1180
f 898//1181 899//1181 900//1181
f 901//1182 902//1182 903//1182
f 903//1183 904//1183 901//1183
f 901//1184 904//1184 807//1184
f 901//1185 807//1185 806//1185
f 900//1186 905//1186 898//1186
f 898//1187 905//1187 906//1187
f 898//1188 906//1188 907//1188
f 907//1189 906//1189 908//1189
f 907//1190 908//1190 909//1190
f 837//1191 896//1191 838//1191
f 838//1192 896//1192 898//1192
f 838//1193 898//1193 839//1193
f 839//1194 898//1194 907//1194
f 839//1195 907//1195 840//1195
f 837//1196 829//1196 896//1196
f 896//1197 829//1197 903//1197
f 896//1198 903//1198 894//1198
f 894//1199 903//1199 902//1199
f 829//1200 828//1200 903//1200
f 903//1201 828//1201 841//1201
f 903//1202 841//1202 904//1202
f 904//1203 841//1203 547//1203
f 904//1204 547//1204 807//1204
f 910//1205 911//1205 912//1205
f 913//1206 914//1206 915//1206
f 913//1207 915//1207 916//1207
f 911//1208 917//1208 912//1208
f 912//1209 917//1209 918//1209
f 912//1210 918//1210 919//1210
f 919//1211 918//1211 920//1211
f 919//1212 920//1212 921//1212
f 921//1213 920//1213 922//1213
f 921//1214 922//1214 923//1214
f 923//1215 922//1215 924//1215
f 923//1216 924//1216 925//1216
f 925//1217 924//1217 926//1217
f 925//1218 926//1218 927//1218
f 815//1219 840//1219 928//1219
f 928//1220 840//1220 929//1220
f 928//1221 929//1221 930//1221
f 622//1222 580//1222 931//1222
f 931//1223 580//1223 827//1223
f 931//1224 827//1224 932//1224
f 932//1225 827//1225 825//1225
f 932//1226 825//1226 933//1226
f 933//1227 825//1227 823//1227
f 933//1228 823//1228 934//1228
f 934//1229 823//1229 821//1229
f 934//1230 821//1230 935//1230
f 935//1231 821//1231 819//1231
f 935//1232 819//1232 928//1232
f 928//1233 819//1233 817//1233
f 928//1234 817//1234 815//1234
f 619//1235 927//1235 610//1235
f 610//1236 927//1236 926//1236
f 610//1237 926//1237 611//1237
f 917//1238 916//1238 918//1238
f 918//1239 916//1239 915//1239
f 918//1240 915//1240 920//1240
f 920//1241 915//1241 936//1241
f 920//1242 936//1242 922//1242
f 922//1243 936//1243 937//1243
f 922//1244 937//1244 924//1244
f 924//1245 937//1245 938//1245
f 924//1246 938//1246 926//1246
f 926//1247 938//1247 939//1247
f 926//1248 939//1248 611//1248
f 619//1249 622//1249 927//1249
f 927//1250 622//1250 931//1250
f 927//1251 931//1251 925//1251
f 925//1252 931//1252 932//1252
f 925//1253 932//1253 923//1253
f 923//1254 932//1254 933//1254
f 923//1255 933//1255 921//1255
f 921//1256 933//1256 934//1256
f 921//1257 934//1257 919//1257
f 919//1258 934//1258 935//1258
f 919//1259 935//1259 912//1259
f 912//1260 935//1260 928//1260
f 912//1261 928//1261 910//1261
f 910//1262 928//1262 930//1262
f 940//1263 869//1263 878//1263
f 941//1264 875//1264 942//1264
f 942//1265 875//1265 873//1265
f 942//1266 873//1266 943//1266
f 943//1267 873//1267 871//1267
f 943//1268 871//1268 633//1268
f 633//1269 871//1269 605//1269
f 944//1270 940//1270 945//1270
f 945//1271 940//1271 878//1271
f 945//1272 878//1272 941//1272
f 941//1273 878//1273 877//1273
f 941//1274 877//1274 875//1274
f 946//1275 944//1275 947//1275
f 947//1276 944//1276 945//1276
f 947//1277 945//1277 948//1277
f 948//1278 945//1278 941//1278
f 948//1279 941//1279 949//1279
f 949//1280 941//1280 942//1280
f 949//1281 942//1281 950//1281
f 950//1282 942//1282 943//1282
f 950//1283 943//1283 634//1283
f 634//1284 943//1284 633//1284
f 951//1285 946//1285 952//1285
f 952//1286 946//1286 947//1286
f 952//1287 947//1287 953//1287
f 953//1288 947//1288 948//1288
f 953//1289 948//1289 954//1289
f 954//1290 948//1290 949//1290
f 954//1291 949//1291 955//1291
f 955//1292 949//1292 950//1292
f 955//1293 950//1293 635//1293
f 635//1294 950//1294 634//1294
f 956//1295 951//1295 957//1295
f 957//1296 951//1296 952//1296
f 957//1297 952//1297 958//1297
f 958//1298 952//1298 953//1298
f 958//1299 953//1299 959//1299
f 959//1300 953//1300 954//1300
f 959//1301 954//1301 960//1301
f 960//1302 954//1302 955//1302
f 960//1303 955//1303 636//1303
f 636//1304 955//1304 635//1304
f 869//1305 961//1305 962//1305
f 889//1306 888//1306 963//1306
f 963//1307 888//1307 964//1307
f 963//1308 964//1308 965//1308
f 965//1309 964//1309 966//1309
f 966//1310 964//1310 967//1310
f 966//1311 967//1311 968//1311
f 969//1312 970//1312 971//1312
f 971//1313 970//1313 962//1313
f 971//1314 962//1314 972//1314
f 972//1315 962//1315 961//1315
f 972//1316 961//1316 973//1316
f 855//1317 967//1317 856//1317
f 856//1318 967//1318 964//1318
f 856//1319 964//1319 858//1319
f 858//1320 964//1320 888//1320
f 858//1321 888//1321 784//1321
f 855//1322 850//1322 967//1322
f 967//1323 850//1323 970//1323
f 967//1324 970//1324 968//1324
f 968//1325 970//1325 969//1325
f 850//1326 849//1326 970//1326
f 970//1327 849//1327 853//1327
f 970//1328 853//1328 962//1328
f 962//1329 853//1329 852//1329
f 962//1330 852//1330 869//1330
f 913//1331 916//1331 974//1331
f 975//1332 976//1332 974//1332
f 977//1333 978//1333 979//1333
f 975//1334 974//1334 980//1334
f 981//1335 982//1335 983//1335
f 983//1336 982//1336 907//1336
f 983//1337 907//1337 909//1337
f 914//1338 913//1338 979//1338
f 979//1339 913//1339 974//1339
f 979//1340 974//1340 977//1340
f 977//1341 974//1341 976//1341
f 916//1342 917//1342 974//1342
f 974//1343 917//1343 984//1343
f 974//1344 984//1344 980//1344
f 980//1345 984//1345 985//1345
f 917//1346 911//1346 984//1346
f 984//1347 911//1347 910//1347
f 984//1348 910//1348 986//1348
f 986//1349 910//1349 930//1349
f 986//1350 930//1350 929//1350
f 840//1351 907//1351 929//1351
f 929//1352 907//1352 982//1352
f 929//1353 982//1353 986//1353
f 986//1354 982//1354 981//1354
f 986//1355 981//1355 984//1355
f 984//1356 981//1356 987//1356
f 984//1357 987//1357 985//1357
f 639//1358 646//1358 988//1358
f 988//1359 646//1359 989//1359
f 988//1360 989//1360 990//1360
f 990//1361 989//1361 991//1361
f 990//1362 991//1362 992//1362
f 992//1363 991//1363 993//1363
f 992//1364 993//1364 994//1364
f 995//1365 994//1365 996//1365
f 646//1366 647//1366 989//1366
f 989//1367 647//1367 997//1367
f 989//1368 997//1368 991//1368
f 991//1369 997//1369 998//1369
f 991//1370 998//1370 993//1370
f 993//1371 998//1371 999//1371
f 647//1372 648//1372 997//1372
f 997//1373 648//1373 1000//1373
f 997//1374 1000//1374 998//1374
f 998//1375 1000//1375 1001//1375
f 998//1376 1001//1376 999//1376
f 999//1377 1001//1377 1002//1377
f 648//1378 611//1378 1000//1378
f 1000//1379 611//1379 939//1379
f 1000//1380 939//1380 1001//1380
f 1001//1381 939//1381 938//1381
f 1001//1382 938//1382 1002//1382
f 1002//1383 938//1383 937//1383
f 1002//1384 937//1384 936//1384
f 994//1385 993//1385 996//1385
f 996//1386 993//1386 999//1386
f 996//1387 999//1387 1003//1387
f 1003//1388 999//1388 1002//1388
f 1003//1389 1002//1389 1004//1389
f 1004//1390 1002//1390 936//1390
f 1004//1391 936//1391 915//1391
f 995//1392 996//1392 1005//1392
f 1005//1393 996//1393 1003//1393
f 1005//1394 1003//1394 1006//1394
f 1006//1395 1003//1395 1004//1395
f 1006//1396 1004//1396 1007//1396
f 1007//1397 1004//1397 915//1397
f 1007//1398 915//1398 914//1398
f 1008//1399 960//1399 657//1399
f 657//1400 960//1400 636//1400
f 1009//1401 956//1401 1010//1401
f 1010//1402 956//1402 957//1402
f 1010//1403 957//1403 1011//1403
f 1011//1404 957//1404 958//1404
f 1011//1405 958//1405 1008//1405
f 1008//1406 958//1406 959//1406
f 1008//1407 959//1407 960//1407
f 1012//1408 1009//1408 1013//1408
f 1013//1409 1009//1409 1010//1409
f 1013//1410 1010//1410 1014//1410
f 1014//1411 1010//1411 1011//1411
f 1014//1412 1011//1412 1015//1412
f 1015//1413 1011//1413 1008//1413
f 1015//1414 1008//1414 658//1414
f 658//1415 1008//1415 657//1415
f 1016//1416 1012//1416 1017//1416
f 1017//1417 1012//1417 1013//1417
f 1017//1418 1013//1418 1018//1418
f 1018//1419 1013//1419 1014//1419
f 1018//1420 1014//1420 1019//1420
f 1019//1421 1014//1421 1015//1421
f 1019//1422 1015//1422 659//1422
f 659//1423 1015//1423 658//1423
f 1020//1424 1016//1424 1021//1424
f 1021//1425 1016//1425 1017//1425
f 1021//1426 1017//1426 1022//1426
f 1022//1427 1017//1427 1018//1427
f 1022//1428 1018//1428 1023//1428
f 1023//1429 1018//1429 1019//1429
f 1023//1430 1019//1430 660//1430
f 660//1431 1019//1431 659//1431
f 973//1432 961//1432 1024//1432
f 973//1433 1024//1433 1025//1433
f 1025//1434 1024//1434 1026//1434
f 1025//1435 1026//1435 1027//1435
f 1027//1436 1026//1436 1028//1436
f 1027//1437 1028//1437 1029//1437
f 1029//1438 1028//1438 1030//1438
f 1029//1439 1030//1439 1031//1439
f 961//1440 869//1440 940//1440
f 961//1441 940//1441 1024//1441
f 1024//1442 940//1442 944//1442
f 1024//1443 944//1443 1026//1443
f 944//1444 946//1444 1026//1444
f 1026//1445 946//1445 951//1445
f 1026//1446 951//1446 1028//1446
f 1028//1447 951//1447 956//1447
f 1028//1448 956//1448 1030//1448
f 1032//1449 1005//1449 1006//1449
f 979//1450 978//1450 1033//1450
f 1033//1451 978//1451 1034//1451
f 1033//1452 1034//1452 1035//1452
f 1035//1453 1034//1453 1036//1453
f 1035//1454 1036//1454 1037//1454
f 995//1455 1005//1455 1038//1455
f 1038//1456 1005//1456 1032//1456
f 1038//1457 1032//1457 1039//1457
f 1039//1458 1032//1458 1040//1458
f 914//1459 979//1459 1007//1459
f 1007//1460 979//1460 1033//1460
f 1007//1461 1033//1461 1006//1461
f 1006//1462 1033//1462 1035//1462
f 1006//1463 1035//1463 1032//1463
f 1032//1464 1035//1464 1037//1464
f 1032//1465 1037//1465 1040//1465
f 1041//1466 1042//1466 1043//1466
f 1043//1467 1042//1467 1044//1467
f 1043//1468 1044//1468 1045//1468
f 1045//1469 1044//1469 1046//1469
f 1045//1470 1046//1470 1047//1470
f 1047//1471 1046//1471 1048//1471
f 1049//1472 1041//1472 1050//1472
f 1050//1473 1041//1473 1043//1473
f 1050//1474 1043//1474 1051//1474
f 1051//1475 1043//1475 1045//1475
f 1051//1476 1045//1476 1052//1476
f 1052//1477 1045//1477 1047//1477
f 1053//1478 1049//1478 1054//1478
f 1054//1479 1049//1479 1050//1479
f 1054//1480 1050//1480 1055//1480
f 1055//1481 1050//1481 1051//1481
f 1055//1482 1051//1482 1056//1482
f 1056//1483 1051//1483 1052//1483
f 639//1484 1056//1484 672//1484
f 672//1485 1056//1485 1052//1485
f 672//1486 1052//1486 671//1486
f 671//1487 1052//1487 1047//1487
f 671//1488 1047//1488 670//1488
f 670//1489 1047//1489 1048//1489
f 670//1490 1048//1490 662//1490
f 995//1491 1053//1491 994//1491
f 994//1492 1053//1492 1054//1492
f 994//1493 1054//1493 992//1493
f 992//1494 1054//1494 1055//1494
f 992//1495 1055//1495 990//1495
f 990//1496 1055//1496 1056//1496
f 990//1497 1056//1497 988//1497
f 988//1498 1056//1498 639//1498
f 1057//1499 1020//1499 1058//1499
f 1058//1500 1020//1500 1021//1500
f 1058//1501 1021//1501 1059//1501
f 1059//1502 1021//1502 1022//1502
f 1059//1503 1022//1503 1060//1503
f 1060//1504 1022//1504 1023//1504
f 1060//1505 1023//1505 682//1505
f 682//1506 1023//1506 660//1506
f 1061//1507 1057//1507 1062//1507
f 1062//1508 1057//1508 1058//1508
f 1062//1509 1058//1509 1063//1509
f 1063//1510 1058//1510 1059//1510
f 1063//1511 1059//1511 1064//1511
f 1064//1512 1059//1512 1060//1512
f 1064//1513 1060//1513 683//1513
f 683//1514 1060//1514 682//1514
f 1065//1515 1061//1515 1066//1515
f 1066//1516 1061//1516 1062//1516
f 1066//1517 1062//1517 1067//1517
f 1067//1518 1062//1518 1063//1518
f 1067//1519 1063//1519 1068//1519
f 1068//1520 1063//1520 1064//1520
f 1068//1521 1064//1521 684//1521
f 684//1522 1064//1522 683//1522
f 127//1523 1065//1523 1069//1523
f 1069//1524 1065//1524 1066//1524
f 1069//1525 1066//1525 1070//1525
f 1070//1526 1066//1526 1067//1526
f 1070//1527 1067//1527 1071//1527
f 1071//1528 1067//1528 1068//1528
f 1071//1529 1068//1529 685//1529
f 685//1530 1068//1530 684//1530
f 1072//1531 1073//1531 1030//1531
f 1030//1532 1073//1532 1074//1532
f 1030//1533 1074//1533 1031//1533
f 1020//1534 1075//1534 1076//1534
f 1076//1535 1075//1535 1077//1535
f 1077//1536 1078//1536 1076//1536
f 1076//1537 1078//1537 1079//1537
f 1076//1538 1079//1538 1072//1538
f 1072//1539 1079//1539 1080//1539
f 1072//1540 1080//1540 1073//1540
f 1030//1541 956//1541 1009//1541
f 1030//1542 1009//1542 1072//1542
f 1072//1543 1009//1543 1012//1543
f 1072//1544 1012//1544 1076//1544
f 1076//1545 1012//1545 1016//1545
f 1076//1546 1016//1546 1020//1546
f 1081//1547 1082//1547 1083//1547
f 1081//1548 1083//1548 1084//1548
f 1084//1549 1083//1549 1085//1549
f 1084//1550 1085//1550 1086//1550
f 1086//1551 1085//1551 1087//1551
f 1086//1552 1087//1552 1088//1552
f 1038//1553 1039//1553 1087//1553
f 1087//1554 1039//1554 1089//1554
f 1087//1555 1089//1555 1088//1555
f 995//1556 1038//1556 1053//1556
f 1053//1557 1038//1557 1087//1557
f 1053//1558 1087//1558 1049//1558
f 1049//1559 1087//1559 1085//1559
f 1049//1560 1085//1560 1041//1560
f 1041//1561 1085//1561 1083//1561
f 1041//1562 1083//1562 1042//1562
f 1090//1563 69//1563 1091//1563
f 1091//1564 69//1564 1092//1564
f 1091//1565 1092//1565 1093//1565
f 1093//1566 1092//1566 1094//1566
f 1093//1567 1094//1567 1095//1567
f 1095//1568 1094//1568 1096//1568
f 1095//1569 1096//1569 695//1569
f 695//1570 1096//1570 689//1570
f 1097//1571 1090//1571 1098//1571
f 1098//1572 1090//1572 1091//1572
f 1098//1573 1091//1573 1099//1573
f 1099//1574 1091//1574 1093//1574
f 1099//1575 1093//1575 1100//1575
f 1100//1576 1093//1576 1095//1576
f 1100//1577 1095//1577 696//1577
f 696//1578 1095//1578 695//1578
f 1101//1579 1097//1579 1102//1579
f 1102//1580 1097//1580 1098//1580
f 1102//1581 1098//1581 1103//1581
f 1103//1582 1098//1582 1099//1582
f 1103//1583 1099//1583 1104//1583
f 1104//1584 1099//1584 1100//1584
f 1104//1585 1100//1585 697//1585
f 697//1586 1100//1586 696//1586
f 1042//1587 1101//1587 1044//1587
f 1044//1588 1101//1588 1102//1588
f 1044//1589 1102//1589 1046//1589
f 1046//1590 1102//1590 1103//1590
f 1046//1591 1103//1591 1048//1591
f 1048//1592 1103//1592 1104//1592
f 1048//1593 1104//1593 662//1593
f 662//1594 1104//1594 697//1594
f 131//1595 130//1595 1105//1595
f 699//1596 704//1596 1106//1596
f 707//1597 711//1597 1107//1597
f 1108//1598 1109//1598 1110//1598
f 1110//1599 1109//1599 1106//1599
f 1106//1600 1109//1600 1111//1600
f 1106//1601 1111//1601 699//1601
f 130//1602 128//1602 1105//1602
f 1105//1603 128//1603 1112//1603
f 1105//1604 1112//1604 1113//1604
f 1113//1605 1112//1605 1108//1605
f 1113//1606 1108//1606 1114//1606
f 1114//1607 1108//1607 1110//1607
f 707//1608 1107//1608 1115//1608
f 1115//1609 1107//1609 1116//1609
f 1115//1610 1116//1610 1117//1610
f 1117//1611 1116//1611 1118//1611
f 1117//1612 1118//1612 1119//1612
f 1119//1613 1118//1613 1120//1613
f 1119//1614 1120//1614 1121//1614
f 1121//1615 1120//1615 1122//1615
f 1121//1616 1122//1616 1123//1616
f 1123//1617 1122//1617 1124//1617
f 1123//1618 1124//1618 1125//1618
f 128//1619 127//1619 1112//1619
f 1112//1620 127//1620 1069//1620
f 1112//1621 1069//1621 1108//1621
f 1108//1622 1069//1622 1070//1622
f 1108//1623 1070//1623 1109//1623
f 1109//1624 1070//1624 1071//1624
f 1109//1625 1071//1625 1111//1625
f 1111//1626 1071//1626 685//1626
f 1111//1627 685//1627 699//1627
f 704//1628 707//1628 1106//1628
f 1106//1629 707//1629 1115//1629
f 1106//1630 1115//1630 1110//1630
f 1110//1631 1115//1631 1117//1631
f 1110//1632 1117//1632 1114//1632
f 1114//1633 1117//1633 1119//1633
f 1114//1634 1119//1634 1113//1634
f 1113//1635 1119//1635 1121//1635
f 1113//1636 1121//1636 1105//1636
f 1105//1637 1121//1637 1123//1637
f 1105//1638 1123//1638 131//1638
f 131//1639 1123//1639 1125//1639
f 131//1640 1125//1640 9//1640
f 126//1641 1126//1641 1127//1641
f 1075//1642 1020//1642 1057//1642
f 1077//1643 1075//1643 1128//1643
f 1128//1644 1075//1644 1057//1644
f 1128//1645 1057//1645 1129//1645
f 1129//1646 1057//1646 1130//1646
f 1130//1647 1057//1647 1061//1647
f 1130//1648 1061//1648 1131//1648
f 92//1649 93//1649 1132//1649
f 92//1650 1132//1650 126//1650
f 126//1651 1132//1651 1133//1651
f 126//1652 1133//1652 1126//1652
f 127//1653 126//1653 1065//1653
f 1065//1654 126//1654 1127//1654
f 1065//1655 1127//1655 1061//1655
f 1061//1656 1127//1656 1134//1656
f 1061//1657 1134//1657 1131//1657
f 56//1658 69//1658 1135//1658
f 1135//1659 69//1659 1136//1659
f 1135//1660 1137//1660 56//1660
f 56//1661 1137//1661 1138//1661
f 56//1662 1138//1662 53//1662
f 53//1663 1138//1663 54//1663
f 1139//1664 1140//1664 1097//1664
f 1097//1665 1140//1665 1136//1665
f 1097//1666 1136//1666 1090//1666
f 1090//1667 1136//1667 69//1667
f 1101//1668 1042//1668 1083//1668
f 1139//1669 1097//1669 1141//1669
f 1141//1670 1097//1670 1101//1670
f 1141//1671 1101//1671 1142//1671
f 1142//1672 1101//1672 1083//1672
f 1142//1673 1083//1673 1082//1673
f 722//1674 721//1674 1143//1674
f 1144//1675 15//1675 13//1675
f 716//1676 715//1676 1145//1676
f 721//1677 689//1677 1143//1677
f 1143//1678 689//1678 1096//1678
f 1143//1679 1096//1679 1146//1679
f 1146//1680 1096//1680 1094//1680
f 1146//1681 1094//1681 1147//1681
f 1148//1682 1149//1682 1150//1682
f 1148//1683 12//1683 71//1683
f 1092//1684 69//1684 1151//1684
f 1151//1685 69//1685 68//1685
f 1151//1686 68//1686 16//1686
f 1150//1687 1149//1687 1152//1687
f 1152//1688 1149//1688 1153//1688
f 1152//1689 1153//1689 1154//1689
f 1154//1690 1153//1690 1155//1690
f 1154//1691 1155//1691 1145//1691
f 1145//1692 1155//1692 1156//1692
f 1145//1693 1156//1693 716//1693
f 716//1694 1156//1694 1157//1694
f 716//1695 1157//1695 729//1695
f 71//1696 1158//1696 1148//1696
f 1148//1697 1158//1697 1159//1697
f 1148//1698 1159//1698 1149//1698
f 1149//1699 1159//1699 1160//1699
f 1149//1700 1160//1700 1153//1700
f 1153//1701 1160//1701 1161//1701
f 1153//1702 1161//1702 1155//1702
f 1155//1703 1161//1703 1162//1703
f 1155//1704 1162//1704 1156//1704
f 1156//1705 1162//1705 1163//1705
f 1156//1706 1163//1706 1157//1706
f 1094//1707 1092//1707 1147//1707
f 1147//1708 1092//1708 1151//1708
f 1147//1709 1151//1709 1144//1709
f 1144//1710 1151//1710 16//1710
f 1144//1711 16//1711 15//1711
f 715//1712 722//1712 1145//1712
f 1145//1713 722//1713 1143//1713
f 1145//1714 1143//1714 1154//1714
f 1154//1715 1143//1715 1146//1715
f 1154//1716 1146//1716 1152//1716
f 1152//1717 1146//1717 1147//1717
f 1152//1718 1147//1718 1150//1718
f 1150//1719 1147//1719 1144//1719
f 1150//1720 1144//1720 1148//1720
f 1148//1721 1144//1721 13//1721
f 1148//1722 13//1722 12//1722
f 1124//1723 1122//1723 1164//1723
f 1165//1724 10//1724 9//1724
f 1166//1725 1167//1725 1168//1725
f 1166//1726 1168//1726 1169//1726
f 1169//1727 1168//1727 1170//1727
f 1169//1728 1170//1728 1171//1728
f 740//1729 744//1729 1172//1729
f 1172//1730 744//1730 1171//1730
f 1172//1731 1171//1731 1173//1731
f 1173//1732 1171//1732 1170//1732
f 1124//1733 1164//1733 1125//1733
f 11//1734 10//1734 1174//1734
f 1174//1735 10//1735 1165//1735
f 1174//1736 1165//1736 1175//1736
f 711//1737 732//1737 1107//1737
f 1107//1738 732//1738 1176//1738
f 1107//1739 1176//1739 1116//1739
f 1116//1740 1176//1740 1177//1740
f 1116//1741 1177//1741 1118//1741
f 1118//1742 1177//1742 1178//1742
f 1118//1743 1178//1743 1120//1743
f 1120//1744 1178//1744 1179//1744
f 1120//1745 1179//1745 1122//1745
f 1122//1746 1179//1746 1180//1746
f 1122//1747 1180//1747 1164//1747
f 732//1748 737//1748 1176//1748
f 1176//1749 737//1749 1181//1749
f 1176//1750 1181//1750 1177//1750
f 1177//1751 1181//1751 1182//1751
f 1177//1752 1182//1752 1178//1752
f 1178//1753 1182//1753 1183//1753
f 1178//1754 1183//1754 1179//1754
f 1179//1755 1183//1755 1184//1755
f 1179//1756 1184//1756 1180//1756
f 1180//1757 1184//1757 1175//1757
f 1180//1758 1175//1758 1164//1758
f 1164//1759 1175//1759 1165//1759
f 1164//1760 1165//1760 1125//1760
f 1125//1761 1165//1761 9//1761
f 1167//1762 1175//1762 1168//1762
f 1168//1763 1175//1763 1184//1763
f 1168//1764 1184//1764 1170//1764
f 1170//1765 1184//1765 1183//1765
f 1170//1766 1183//1766 1173//1766
f 1173//1767 1183//1767 1182//1767
f 1173//1768 1182//1768 1172//1768
f 1172//1769 1182//1769 1181//1769
f 1172//1770 1181//1770 740//1770
f 740//1771 1181//1771 737//1771
f 1185//1772 1161//1772 1160//1772
f 1171//1773 744//1773 748//1773
f 1186//1774 1187//1774 1188//1774
f 1161//1775 1185//1775 1162//1775
f 1162//1776 1185//1776 1189//1776
f 1162//1777 1189//1777 1190//1777
f 755//1778 729//1778 1191//1778
f 1191//1779 729//1779 1157//1779
f 1191//1780 1157//1780 1190//1780
f 1190//1781 1157//1781 1163//1781
f 1190//1782 1163//1782 1162//1782
f 1187//1783 1186//1783 1192//1783
f 1192//1784 1186//1784 1193//1784
f 1192//1785 1193//1785 752//1785
f 1175//1786 1167//1786 1194//1786
f 1194//1787 1167//1787 1166//1787
f 1194//1788 1166//1788 1188//1788
f 1188//1789 1166//1789 1169//1789
f 1188//1790 1169//1790 1186//1790
f 1186//1791 1169//1791 1171//1791
f 1186//1792 1171//1792 1193//1792
f 1193//1793 1171//1793 748//1793
f 1193//1794 748//1794 752//1794
f 75//1795 11//1795 1195//1795
f 1195//1796 11//1796 1174//1796
f 1195//1797 1174//1797 1196//1797
f 1196//1798 1174//1798 1175//1798
f 1196//1799 1175//1799 1197//1799
f 1197//1800 1175//1800 1194//1800
f 752//1801 755//1801 1192//1801
f 1192//1802 755//1802 1191//1802
f 1192//1803 1191//1803 1187//1803
f 1187//1804 1191//1804 1190//1804
f 1187//1805 1190//1805 1188//1805
f 1188//1806 1190//1806 1189//1806
f 1188//1807 1189//1807 1194//1807
f 1194//1808 1189//1808 1185//1808
f 1194//1809 1185//1809 1197//1809
f 1197//1810 1185//1810 1160//1810
f 1197//1811 1160//1811 1196//1811
f 1196//1812 1160//1812 1159//1812
f 1196//1813 1159//1813 1195//1813
f 1195//1814 1159//1814 1158//1814
f 1195//1815 1158//1815 75//1815
f 75//1816 1158//1816 71//1816
f 1198//1817 1199//1817 1200//1817
f 1200//1817 1199//1817 1201//1817
f 1200//1818 1201//1818 1202//1818
f 1202//1818 1201//1818 1203//1818
f 1202//1819 1203//1819 1204//1819
f 1204//1819 1203//1819 1205//1819
f 1204//1820 1205//1820 1206//1820
f 1206//1820 1205//1820 1207//1820
f 1206//1821 1207//1821 1208//1821
f 1208//1821 1207//1821 1209//1821
f 1208//1822 1209//1822 1210//1822
f 1210//1822 1209//1822 1211//1822
f 1212//1823 1213//1823 1211//1823
f 1211//1823 1213//1823 1210//1823
f 1214//1824 1215//1824 1216//1824
f 1217//1824 1218//1824 1219//1824
f 1220//1824 1221//1824 1219//1824
f 1219//1824 1221//1824 1222//1824
f 1219//1824 1222//1824 1223//1824
f 1219//1824 1218//1824 1216//1824
f 1218//1824 1224//1824 1216//1824
f 1216//1824 1224//1824 1225//1824
f 1216//1824 1225//1824 1226//1824
f 1223//1824 1227//1824 1219//1824
f 1219//1824 1227//1824 1228//1824
f 1219//1824 1228//1824 1229//1824
f 1226//1824 1230//1824 1216//1824
f 1216//1824 1230//1824 1231//1824
f 1216//1824 1231//1824 1232//1824
f 1229//1824 1233//1824 1219//1824
f 1219//1824 1233//1824 1234//1824
f 1219//1824 1234//1824 1217//1824
f 1232//1824 1235//1824 1216//1824
f 1216//1824 1235//1824 1236//1824
f 1216//1824 1236//1824 1237//1824
f 1237//1824 1238//1824 1216//1824
f 1216//1824 1238//1824 1239//1824
f 1216//1824 1239//1824 1214//1824
f 200//1825 199//1825 1240//1825
f 1240//1825 199//1825 1241//1825
f 1240//1826 1241//1826 1242//1826
f 1242//1827 1241//1827 1243//1827
f 1242//1828 1243//1828 1244//1828
f 1244//1828 1243//1828 1245//1828
f 1244//1829 1245//1829 1246//1829
f 1246//1829 1245//1829 1247//1829
f 1246//1830 1247//1830 1248//1830
f 1248//1830 1247//1830 1249//1830
f 1248//1831 1249//1831 1250//1831
f 1250//1831 1249//1831 1251//1831
f 1250//1832 1251//1832 1252//1832
f 1252//1832 1251//1832 1253//1832
f 1252//1833 1253//1833 1254//1833
f 1254//1833 1253//1833 1255//1833
f 1254//1834 1255//1834 1256//1834
f 1256//1834 1255//1834 1257//1834
f 1256//1835 1257//1835 1258//1835
f 1258//1835 1257//1835 1259//1835
f 1258//1836 1259//1836 1260//1836
f 1260//1836 1259//1836 1261//1836
f 1260//1837 1261//1837 1262//1837
f 1262//1837 1261//1837 1263//1837
f 1262//1838 1263//1838 1264//1838
f 1264//1838 1263//1838 1265//1838
f 1264//1839 1265//1839 1198//1839
f 1198//1839 1265//1839 1199//1839
f 1213//1840 1212//1840 1266//1840
f 1266//1840 1212//1840 1267//1840
f 1266//1841 1267//1841 1268//1841
f 1268//1841 1267//1841 1269//1841
f 1268//1842 1269//1842 1270//1842
f 1270//1842 1269//1842 1271//1842
f 1270//1843 1271//1843 1216//1843
f 1216//1843 1271//1843 1219//1843
f 1215//1844 1272//1844 1273//1844
f 1273//1845 1274//1845 1215//1845
f 1215//1846 1274//1846 1275//1846
f 1215//1847 1275//1847 1216//1847
f 1272//1848 1276//1848 1273//1848
f 1273//1849 1276//1849 211//1849
f 1273//1850 211//1850 210//1850
f 1219//1847 1277//1847 1220//1847
f 1220//1851 1277//1851 1278//1851
f 1220//1852 1278//1852 1279//1852
f 1279//1853 1278//1853 1280//1853
f 1279//1854 1280//1854 1281//1854
f 1281//1855 1280//1855 244//1855
f 1281//1856 244//1856 243//1856
f 1282//1857 1283//1857 1284//1857
f 1285//1858 1286//1858 1287//1858
f 164//1859 1288//1859 165//1859
f 165//1860 1288//1860 1289//1860
f 195//1861 194//1861 1290//1861
f 1290//1862 194//1862 169//1862
f 1291//1863 196//1863 195//1863
f 198//1864 197//1864 1292//1864
f 1292//1865 197//1865 196//1865
f 1263//1866 1293//1866 1265//1866
f 1265//1867 1293//1867 1294//1867
f 1265//1868 1294//1868 1199//1868
f 1263//1869 1261//1869 1293//1869
f 1293//1870 1261//1870 1259//1870
f 1293//1870 1259//1870 1295//1870
f 1295//1871 1259//1871 1257//1871
f 1295//1872 1257//1872 1296//1872
f 1296//1873 1257//1873 1255//1873
f 1296//1874 1255//1874 1297//1874
f 1297//1875 1255//1875 1253//1875
f 1253//1876 1251//1876 1297//1876
f 1297//1877 1251//1877 1249//1877
f 1297//1878 1249//1878 1298//1878
f 199//1879 198//1879 1241//1879
f 1241//1880 198//1880 1292//1880
f 1241//1881 1292//1881 1243//1881
f 1243//1882 1292//1882 1299//1882
f 1243//1883 1299//1883 1245//1883
f 1245//1884 1299//1884 1298//1884
f 1245//1885 1298//1885 1247//1885
f 1247//1886 1298//1886 1249//1886
f 196//1887 1291//1887 1292//1887
f 1292//1888 1291//1888 1300//1888
f 1292//1889 1300//1889 1299//1889
f 1299//1890 1300//1890 1301//1890
f 1299//1890 1301//1890 1298//1890
f 1298//1891 1301//1891 1302//1891
f 1298//1892 1302//1892 1297//1892
f 1297//1893 1302//1893 1303//1893
f 1297//1893 1303//1893 1296//1893
f 1296//1894 1303//1894 1304//1894
f 1296//1895 1304//1895 1295//1895
f 1295//1896 1304//1896 1305//1896
f 1295//1896 1305//1896 1293//1896
f 1293//1897 1305//1897 1282//1897
f 1293//1897 1282//1897 1294//1897
f 1294//1898 1282//1898 1284//1898
f 1294//1899 1284//1899 1199//1899
f 195//1900 1290//1900 1291//1900
f 1291//1901 1290//1901 1306//1901
f 1291//1901 1306//1901 1300//1901
f 1300//1902 1306//1902 1307//1902
f 1300//1902 1307//1902 1301//1902
f 1301//1903 1307//1903 1308//1903
f 1301//1903 1308//1903 1302//1903
f 1302//1904 1308//1904 1309//1904
f 1302//1904 1309//1904 1303//1904
f 1303//1905 1309//1905 1310//1905
f 1303//1905 1310//1905 1304//1905
f 1304//1906 1310//1906 1311//1906
f 1304//1906 1311//1906 1305//1906
f 1305//1907 1311//1907 1285//1907
f 1305//1907 1285//1907 1282//1907
f 1282//1908 1285//1908 1287//1908
f 1282//1909 1287//1909 1283//1909
f 169//1910 163//1910 1290//1910
f 1290//1911 163//1911 177//1911
f 1290//1911 177//1911 1306//1911
f 1306//1912 177//1912 176//1912
f 1306//1912 176//1912 1307//1912
f 1307//1913 176//1913 175//1913
f 1307//1913 175//1913 1308//1913
f 1308//1914 175//1914 174//1914
f 1308//1914 174//1914 1309//1914
f 1309//1915 174//1915 173//1915
f 1309//1915 173//1915 1310//1915
f 1310//1916 173//1916 172//1916
f 1310//1916 172//1916 1311//1916
f 1311//1917 172//1917 165//1917
f 1311//1917 165//1917 1285//1917
f 1285//1918 165//1918 1289//1918
f 1285//1919 1289//1919 1286//1919
f 1288//1920 164//1920 162//1920
f 1288//1921 162//1921 1289//1921
f 1289//1922 162//1922 1312//1922
f 1289//1923 1312//1923 1286//1923
f 1286//1924 1312//1924 1287//1924
f 1287//1925 1312//1925 1313//1925
f 1287//1926 1313//1926 1283//1926
f 1283//1927 1313//1927 1314//1927
f 1283//1928 1314//1928 1284//1928
f 1199//1929 1284//1929 1201//1929
f 1201//1930 1284//1930 1314//1930
f 1201//1931 1314//1931 1203//1931
f 1203//1932 1314//1932 1205//1932
f 1211//1933 1209//1933 1315//1933
f 1315//1933 1209//1933 1316//1933
f 1315//1934 1316//1934 1317//1934
f 1317//1935 1316//1935 1318//1935
f 1319//1936 1320//1936 1318//1936
f 1318//1937 1320//1937 1321//1937
f 1318//1938 1321//1938 1317//1938
f 171//1939 170//1939 1319//1939
f 1319//1939 170//1939 1322//1939
f 1319//1940 1322//1940 1320//1940
f 1209//1941 1207//1941 1316//1941
f 1316//1942 1207//1942 1323//1942
f 1316//1943 1323//1943 1318//1943
f 1318//1943 1323//1943 1324//1943
f 1318//1944 1324//1944 1319//1944
f 1319//1944 1324//1944 1325//1944
f 1319//1945 1325//1945 171//1945
f 171//1945 1325//1945 161//1945
f 1207//1946 1205//1946 1323//1946
f 1323//1947 1205//1947 1314//1947
f 1323//1948 1314//1948 1324//1948
f 1324//1948 1314//1948 1313//1948
f 1324//1949 1313//1949 1325//1949
f 1325//1949 1313//1949 1312//1949
f 1325//1950 1312//1950 161//1950
f 161//1950 1312//1950 162//1950
f 1315//1951 1317//1951 1326//1951
f 1212//1952 1211//1952 1327//1952
f 1327//1953 1211//1953 1315//1953
f 1327//1954 1315//1954 1328//1954
f 1328//1955 1315//1955 1326//1955
f 170//1956 157//1956 1322//1956
f 1322//1957 157//1957 1329//1957
f 1322//1958 1329//1958 1320//1958
f 1320//1959 1329//1959 1330//1959
f 1320//1960 1330//1960 1321//1960
f 1321//1961 1330//1961 1331//1961
f 1321//1962 1331//1962 1317//1962
f 1317//1963 1331//1963 1332//1963
f 1317//1964 1332//1964 1326//1964
f 190//1965 200//1965 1240//1965
f 1333//1966 145//1966 143//1966
f 1333//1967 143//1967 1334//1967
f 1335//1968 1336//1968 1337//1968
f 1337//1969 1336//1969 1334//1969
f 1338//1970 1339//1970 1335//1970
f 1340//1971 1341//1971 1339//1971
f 144//1972 137//1972 193//1972
f 1242//1973 1342//1973 1240//1973
f 1240//1974 1342//1974 1343//1974
f 1240//1975 1343//1975 190//1975
f 1242//1976 1244//1976 1342//1976
f 1342//1977 1244//1977 1246//1977
f 1342//1978 1246//1978 1344//1978
f 1344//1979 1246//1979 1248//1979
f 1344//1980 1248//1980 1345//1980
f 1248//1981 1250//1981 1345//1981
f 1345//1982 1250//1982 1252//1982
f 1345//1983 1252//1983 1346//1983
f 1252//1984 1254//1984 1346//1984
f 1346//1985 1254//1985 1256//1985
f 1346//1986 1256//1986 1347//1986
f 1198//1987 1341//1987 1264//1987
f 1264//1988 1341//1988 1340//1988
f 1264//1989 1340//1989 1262//1989
f 1262//1990 1340//1990 1348//1990
f 1262//1991 1348//1991 1260//1991
f 1260//1992 1348//1992 1347//1992
f 1260//1992 1347//1992 1258//1992
f 1258//1993 1347//1993 1256//1993
f 1339//1994 1338//1994 1340//1994
f 1340//1995 1338//1995 1349//1995
f 1340//1995 1349//1995 1348//1995
f 1348//1996 1349//1996 1350//1996
f 1348//1997 1350//1997 1347//1997
f 1347//1998 1350//1998 1351//1998
f 1347//1999 1351//1999 1346//1999
f 1346//2000 1351//2000 1352//2000
f 1346//2001 1352//2001 1345//2001
f 1345//2002 1352//2002 1353//2002
f 1345//2003 1353//2003 1344//2003
f 1344//2004 1353//2004 1354//2004
f 1344//2004 1354//2004 1342//2004
f 1342//2005 1354//2005 1355//2005
f 1342//2006 1355//2006 1343//2006
f 1343//2007 1355//2007 191//2007
f 1343//2008 191//2008 190//2008
f 1335//2009 1337//2009 1338//2009
f 1338//2010 1337//2010 1356//2010
f 1338//2010 1356//2010 1349//2010
f 1349//2011 1356//2011 1357//2011
f 1349//2011 1357//2011 1350//2011
f 1350//2012 1357//2012 1358//2012
f 1350//2012 1358//2012 1351//2012
f 1351//2013 1358//2013 1359//2013
f 1351//2013 1359//2013 1352//2013
f 1352//2014 1359//2014 1360//2014
f 1352//2015 1360//2015 1353//2015
f 1353//2016 1360//2016 1361//2016
f 1353//2016 1361//2016 1354//2016
f 1354//2017 1361//2017 1362//2017
f 1354//2017 1362//2017 1355//2017
f 1355//2018 1362//2018 192//2018
f 1355//2019 192//2019 191//2019
f 1334//2020 143//2020 1337//2020
f 1337//2021 143//2021 142//2021
f 1337//2021 142//2021 1356//2021
f 1356//2022 142//2022 154//2022
f 1356//2022 154//2022 1357//2022
f 1357//2023 154//2023 153//2023
f 1357//2023 153//2023 1358//2023
f 1358//2024 153//2024 150//2024
f 1358//2024 150//2024 1359//2024
f 1359//2025 150//2025 151//2025
f 1359//2025 151//2025 1360//2025
f 1360//2026 151//2026 152//2026
f 1360//2026 152//2026 1361//2026
f 1361//2027 152//2027 144//2027
f 1361//2027 144//2027 1362//2027
f 1362//2028 144//2028 193//2028
f 1362//2029 193//2029 192//2029
f 1363//2030 1208//2030 1210//2030
f 1364//2031 1341//2031 1198//2031
f 1335//2032 1339//2032 1365//2032
f 1365//2033 1339//2033 1341//2033
f 1334//2034 1336//2034 1366//2034
f 1366//2035 1336//2035 1335//2035
f 145//2036 1333//2036 146//2036
f 146//2037 1333//2037 1334//2037
f 1198//2038 1200//2038 1364//2038
f 1364//2039 1200//2039 1202//2039
f 1364//2040 1202//2040 1367//2040
f 1367//2041 1202//2041 1204//2041
f 1367//2042 1204//2042 1363//2042
f 1363//2043 1204//2043 1206//2043
f 1363//2044 1206//2044 1208//2044
f 1341//2045 1364//2045 1365//2045
f 1365//2046 1364//2046 1367//2046
f 1365//2046 1367//2046 1368//2046
f 1368//2047 1367//2047 1363//2047
f 1368//2047 1363//2047 1369//2047
f 1210//2030 1370//2030 1363//2030
f 1363//2048 1370//2048 1371//2048
f 1363//2049 1371//2049 1369//2049
f 1369//2050 1371//2050 1372//2050
f 1369//2051 1372//2051 1373//2051
f 1335//2052 1365//2052 1366//2052
f 1366//2053 1365//2053 1368//2053
f 1366//2053 1368//2053 1374//2053
f 1374//2054 1368//2054 1369//2054
f 1374//2054 1369//2054 1375//2054
f 1375//2055 1369//2055 1373//2055
f 1375//2056 1373//2056 1376//2056
f 1334//2057 1366//2057 146//2057
f 146//2058 1366//2058 1374//2058
f 146//2058 1374//2058 147//2058
f 147//2059 1374//2059 1375//2059
f 147//2059 1375//2059 149//2059
f 149//2060 1375//2060 1376//2060
f 149//2060 1376//2060 148//2060
f 132//2061 148//2061 1377//2061
f 1377//2062 148//2062 1376//2062
f 1377//2063 1376//2063 1378//2063
f 1379//2064 1380//2064 1371//2064
f 1371//2065 1380//2065 1381//2065
f 1371//2066 1381//2066 1372//2066
f 1372//2067 1381//2067 1378//2067
f 1372//2068 1378//2068 1373//2068
f 1373//2069 1378//2069 1376//2069
f 1379//2070 1371//2070 1382//2070
f 1382//2071 1371//2071 1370//2071
f 1382//2072 1370//2072 1383//2072
f 1383//2073 1370//2073 1210//2073
f 1383//2074 1210//2074 1213//2074
f 258//2075 240//2075 1384//2075
f 1384//2076 240//2076 1385//2076
f 1384//2077 1385//2077 1386//2077
f 1387//2078 1388//2078 1389//2078
f 1389//2079 1388//2079 1390//2079
f 1389//2080 1390//2080 1385//2080
f 1385//2081 1390//2081 1391//2081
f 1385//2082 1391//2082 1386//2082
f 1387//2083 1389//2083 1392//2083
f 1392//2084 1389//2084 157//2084
f 1392//2085 157//2085 156//2085
f 242//2086 244//2086 1393//2086
f 240//2087 242//2087 1394//2087
f 240//2087 1394//2087 1385//2087
f 1385//2088 1394//2088 1395//2088
f 1385//2088 1395//2088 1389//2088
f 1389//2089 1395//2089 1329//2089
f 1389//2089 1329//2089 157//2089
f 1396//2090 1331//2090 1330//2090
f 242//2086 1393//2086 1394//2086
f 1394//2091 1393//2091 1396//2091
f 1394//2091 1396//2091 1395//2091
f 1395//2092 1396//2092 1330//2092
f 1395//2093 1330//2093 1329//2093
f 1269//2094 1267//2094 1397//2094
f 1267//2095 1212//2095 1327//2095
f 1219//2096 1271//2096 1398//2096
f 1328//2097 1326//2097 1399//2097
f 1271//2098 1269//2098 1398//2098
f 1398//2099 1269//2099 1397//2099
f 1398//2100 1397//2100 1400//2100
f 1400//2101 1397//2101 1401//2101
f 1400//2102 1401//2102 1402//2102
f 1326//2103 1332//2103 1399//2103
f 1399//2104 1332//2104 1331//2104
f 1399//2105 1331//2105 1396//2105
f 1267//2106 1327//2106 1397//2106
f 1397//2107 1327//2107 1328//2107
f 1397//2108 1328//2108 1401//2108
f 1401//2109 1328//2109 1399//2109
f 1401//2110 1399//2110 1402//2110
f 1402//2111 1399//2111 1396//2111
f 1402//2112 1396//2112 1393//2112
f 1219//2113 1398//2113 1277//2113
f 1277//2114 1398//2114 1400//2114
f 1277//2115 1400//2115 1278//2115
f 1278//2116 1400//2116 1402//2116
f 1278//2117 1402//2117 1280//2117
f 1280//2118 1402//2118 1393//2118
f 1280//2119 1393//2119 244//2119
f 133//2120 132//2120 1403//2120
f 1403//2121 132//2121 1404//2121
f 1405//2122 1406//2122 1407//2122
f 1407//2123 1406//2123 1408//2123
f 1407//2124 1408//2124 1404//2124
f 1404//2125 1408//2125 1409//2125
f 1404//2126 1409//2126 1403//2126
f 214//2127 213//2127 1410//2127
f 1410//2128 213//2128 1411//2128
f 1410//2129 1411//2129 1412//2129
f 1412//2130 1411//2130 1413//2130
f 1412//2131 1413//2131 1405//2131
f 1405//2132 1413//2132 1414//2132
f 1405//2133 1414//2133 1406//2133
f 209//2134 214//2134 1410//2134
f 210//2135 209//2135 1415//2135
f 210//2136 1415//2136 1416//2136
f 1416//2137 1415//2137 1417//2137
f 1416//2138 1417//2138 1418//2138
f 1418//2139 1417//2139 1419//2139
f 1419//2140 1417//2140 1420//2140
f 1419//2141 1420//2141 1421//2141
f 209//2134 1410//2134 1415//2134
f 1415//2142 1410//2142 1412//2142
f 1415//2143 1412//2143 1417//2143
f 1417//2144 1412//2144 1405//2144
f 1417//2145 1405//2145 1420//2145
f 1420//2146 1405//2146 1407//2146
f 1420//2147 1407//2147 1404//2147
f 1404//2148 132//2148 1420//2148
f 1420//2149 132//2149 1377//2149
f 1420//2150 1377//2150 1421//2150
f 1421//2151 1377//2151 1378//2151
f 1421//2152 1378//2152 1381//2152
f 1268//2153 1270//2153 1422//2153
f 1268//2154 1422//2154 1266//2154
f 1213//2155 1423//2155 1383//2155
f 1383//2156 1423//2156 1424//2156
f 1383//2157 1424//2157 1382//2157
f 1425//2158 1426//2158 1427//2158
f 1427//2159 1426//2159 1424//2159
f 1427//2160 1424//2160 1422//2160
f 1422//2161 1424//2161 1423//2161
f 1422//2162 1423//2162 1266//2162
f 1266//2163 1423//2163 1213//2163
f 210//2164 1425//2164 1273//2164
f 1273//2165 1425//2165 1427//2165
f 1273//2166 1427//2166 1274//2166
f 1274//2167 1427//2167 1422//2167
f 1274//2168 1422//2168 1275//2168
f 1275//2169 1422//2169 1270//2169
f 1275//2170 1270//2170 1216//2170
f 210//2171 1416//2171 1425//2171
f 1425//2172 1416//2172 1418//2172
f 1425//2173 1418//2173 1426//2173
f 1426//2174 1418//2174 1419//2174
f 1426//2175 1419//2175 1421//2175
f 1382//2176 1424//2176 1379//2176
f 1379//2177 1424//2177 1426//2177
f 1379//2178 1426//2178 1380//2178
f 1380//2179 1426//2179 1421//2179
f 1380//2180 1421//2180 1381//2180
f 140//2181 160//2181 168//2181
f 140//2181 168//2181 141//2181
f 141//2182 168//2182 167//2182
f 141//2182 167//2182 135//2182
f 135//2183 167//2183 166//2183
f 135//2183 166//2183 136//2183
f 1428//2184 1429//2184 204//2184
f 1430//2185 1431//2185 206//2185
f 1432//2186 207//2186 1433//2186
f 1433//2187 207//2187 206//2187
f 1433//2188 206//2188 1434//2188
f 1434//2189 206//2189 1431//2189
f 204//2190 1429//2190 206//2190
f 206//2191 1429//2191 1435//2191
f 206//2192 1435//2192 1430//2192
f 1436//2193 205//2193 1437//2193
f 1437//2194 205//2194 139//2194
f 1437//2195 139//2195 138//2195
f 1436//2196 1438//2196 205//2196
f 205//2197 1438//2197 1439//2197
f 205//2198 1439//2198 204//2198
f 204//2199 1439//2199 1440//2199
f 204//2200 1440//2200 1428//2200
f 207//163 1432//163 1441//163
f 1442//163 1443//163 208//163
f 208//163 1443//163 1444//163
f 208//163 1444//163 1445//163
f 1441//163 1446//163 207//163
f 207//163 1446//163 1447//163
f 207//163 1447//163 1448//163
f 1448//163 1449//163 207//163
f 207//163 1449//163 1450//163
f 207//163 1450//163 208//163
f 208//163 1450//163 1451//163
f 208//163 1451//163 1442//163
f 1452//2201 1453//2201 202//2201
f 158//2202 159//2202 1454//2202
f 1454//2203 159//2203 203//2203
f 1454//2204 203//2204 1455//2204
f 1453//2205 1456//2205 202//2205
f 202//2206 1456//2206 1457//2206
f 202//2207 1457//2207 203//2207
f 203//2208 1457//2208 1458//2208
f 203//2209 1458//2209 1455//2209
f 1452//2210 202//2210 1459//2210
f 1459//2211 202//2211 201//2211
f 1459//2212 201//2212 1460//2212
f 1445//2213 1461//2213 208//2213
f 208//2214 1461//2214 1462//2214
f 208//2215 1462//2215 201//2215
f 201//2216 1462//2216 1463//2216
f 201//2217 1463//2217 1460//2217
f 1464//2218 86//2218 79//2218
f 1465//2219 1464//2219 1466//2219
f 138//2220 1465//2220 1467//2220
f 138//2221 1467//2221 1437//2221
f 1437//2222 1467//2222 1468//2222
f 1437//2223 1468//2223 1436//2223
f 1436//2224 1468//2224 1469//2224
f 1436//2225 1469//2225 1438//2225
f 1438//2226 1469//2226 1439//2226
f 1439//2227 1469//2227 1470//2227
f 1439//2228 1470//2228 1440//2228
f 1440//2229 1470//2229 1471//2229
f 1440//2230 1471//2230 1428//2230
f 1428//2231 1471//2231 1429//2231
f 1429//2232 1471//2232 1472//2232
f 1429//2233 1472//2233 1435//2233
f 1435//2234 1472//2234 1473//2234
f 1435//2235 1473//2235 1430//2235
f 1464//2236 79//2236 1466//2236
f 1466//2237 79//2237 81//2237
f 1466//2238 81//2238 1474//2238
f 1474//2239 81//2239 82//2239
f 1474//2240 82//2240 1475//2240
f 1475//2241 82//2241 85//2241
f 1475//2242 85//2242 1476//2242
f 1476//2243 85//2243 84//2243
f 1476//2244 84//2244 1477//2244
f 1477//2245 84//2245 101//2245
f 1477//2246 101//2246 1478//2246
f 1478//2247 101//2247 103//2247
f 1478//2248 103//2248 1479//2248
f 1479//2249 103//2249 114//2249
f 1479//2250 114//2250 1480//2250
f 1480//2251 114//2251 112//2251
f 1480//2252 112//2252 1481//2252
f 1481//2253 112//2253 110//2253
f 1481//2254 110//2254 1482//2254
f 1465//2255 1466//2255 1467//2255
f 1467//2256 1466//2256 1474//2256
f 1467//2257 1474//2257 1468//2257
f 1468//2258 1474//2258 1475//2258
f 1468//2259 1475//2259 1469//2259
f 1469//2260 1475//2260 1476//2260
f 1469//2261 1476//2261 1470//2261
f 1470//2262 1476//2262 1477//2262
f 1470//2263 1477//2263 1471//2263
f 1471//2264 1477//2264 1478//2264
f 1471//2265 1478//2265 1472//2265
f 1472//2266 1478//2266 1479//2266
f 1472//2267 1479//2267 1473//2267
f 1473//2268 1479//2268 1480//2268
f 1473//2269 1480//2269 1483//2269
f 1483//2270 1480//2270 1481//2270
f 1483//2271 1481//2271 1484//2271
f 1484//2272 1481//2272 1482//2272
f 1484//2273 1482//2273 1485//2273
f 1430//2274 1473//2274 1431//2274
f 1431//2275 1473//2275 1483//2275
f 1431//2276 1483//2276 1434//2276
f 1434//2277 1483//2277 1484//2277
f 1434//2278 1484//2278 1433//2278
f 1433//2279 1484//2279 1485//2279
f 1433//2280 1485//2280 1432//2280
f 1441//2281 1432//2281 1486//2281
f 1486//2282 1432//2282 1485//2282
f 1486//2283 1485//2283 1487//2283
f 1487//2284 1485//2284 1482//2284
f 1487//2285 1482//2285 108//2285
f 108//2286 1482//2286 110//2286
f 1446//2287 1441//2287 1488//2287
f 1488//2287 1441//2287 1486//2287
f 1488//2288 1486//2288 1489//2288
f 1489//2289 1486//2289 1487//2289
f 1489//2290 1487//2290 106//2290
f 106//2291 1487//2291 108//2291
f 134//2292 133//2292 1490//2292
f 1490//2293 133//2293 1491//2293
f 1490//2294 1491//2294 1492//2294
f 1492//2295 1491//2295 1493//2295
f 1492//2296 1493//2296 87//2296
f 87//2297 1493//2297 88//2297
f 138//2298 134//2298 1465//2298
f 1465//2292 134//2292 1490//2292
f 1465//2299 1490//2299 1464//2299
f 1464//2300 1490//2300 1492//2300
f 1464//2301 1492//2301 86//2301
f 86//2302 1492//2302 87//2302
f 1489//2303 106//2303 181//2303
f 1488//2304 1489//2304 1494//2304
f 1446//2305 1488//2305 1495//2305
f 1489//2306 181//2306 1494//2306
f 1494//2307 181//2307 183//2307
f 1494//2308 183//2308 1496//2308
f 1496//2309 183//2309 184//2309
f 1496//2309 184//2309 1497//2309
f 1497//2310 184//2310 180//2310
f 1497//2310 180//2310 1498//2310
f 1488//2311 1494//2311 1495//2311
f 1495//2312 1494//2312 1496//2312
f 1495//2313 1496//2313 1499//2313
f 1499//2314 1496//2314 1497//2314
f 1499//2314 1497//2314 1500//2314
f 1500//2315 1497//2315 1498//2315
f 1500//2315 1498//2315 1501//2315
f 1446//2316 1495//2316 1447//2316
f 1447//2317 1495//2317 1499//2317
f 1447//2317 1499//2317 1448//2317
f 1448//2318 1499//2318 1500//2318
f 1448//2318 1500//2318 1449//2318
f 1449//2319 1500//2319 1501//2319
f 1449//2319 1501//2319 1450//2319
f 91//2320 90//2320 1502//2320
f 1408//2321 1406//2321 1503//2321
f 89//2322 88//2322 1504//2322
f 1504//2323 88//2323 1493//2323
f 1504//2324 1493//2324 1505//2324
f 1505//2325 1493//2325 1491//2325
f 1505//2326 1491//2326 1403//2326
f 1403//2327 1491//2327 133//2327
f 90//2328 89//2328 1502//2328
f 1502//2329 89//2329 1504//2329
f 1502//2330 1504//2330 1506//2330
f 1506//2331 1504//2331 1505//2331
f 1506//2332 1505//2332 1409//2332
f 1409//2333 1505//2333 1403//2333
f 93//2334 91//2334 1507//2334
f 1507//2335 91//2335 1502//2335
f 1507//2336 1502//2336 1503//2336
f 1503//2337 1502//2337 1506//2337
f 1503//2338 1506//2338 1408//2338
f 1408//2339 1506//2339 1409//2339
f 1451//2340 1450//2340 1508//2340
f 1508//2340 1450//2340 1501//2340
f 1508//2341 1501//2341 1509//2341
f 1509//2341 1501//2341 1498//2341
f 1509//2342 1498//2342 185//2342
f 185//2342 1498//2342 180//2342
f 1442//2343 1451//2343 1510//2343
f 1510//2344 1451//2344 1508//2344
f 1510//2345 1508//2345 1511//2345
f 1511//2345 1508//2345 1509//2345
f 1511//2346 1509//2346 188//2346
f 188//2347 1509//2347 185//2347
f 1443//2348 1442//2348 1512//2348
f 1512//2349 1442//2349 1510//2349
f 1512//2350 1510//2350 1513//2350
f 1513//2351 1510//2351 1511//2351
f 1513//2352 1511//2352 42//2352
f 42//2353 1511//2353 188//2353
f 1413//2354 1411//2354 1514//2354
f 1132//2355 93//2355 1515//2355
f 1515//2356 93//2356 1507//2356
f 1515//2357 1507//2357 1516//2357
f 1516//2358 1507//2358 1503//2358
f 1413//2359 1514//2359 1414//2359
f 1133//2360 1132//2360 1517//2360
f 1517//2361 1132//2361 1515//2361
f 1517//2362 1515//2362 1514//2362
f 1514//2363 1515//2363 1516//2363
f 1514//2364 1516//2364 1414//2364
f 1414//2365 1516//2365 1503//2365
f 1414//2366 1503//2366 1406//2366
f 1126//2367 1133//2367 1518//2367
f 1518//2368 1133//2368 1517//2368
f 1518//2369 1517//2369 1519//2369
f 1519//2370 1517//2370 1514//2370
f 1519//2371 1514//2371 213//2371
f 213//2372 1514//2372 1411//2372
f 1444//2373 1443//2373 1520//2373
f 1520//2374 1443//2374 1512//2374
f 1520//2375 1512//2375 1521//2375
f 1521//2376 1512//2376 1513//2376
f 1521//2377 1513//2377 41//2377
f 41//2378 1513//2378 42//2378
f 1445//2379 1444//2379 1522//2379
f 1522//2380 1444//2380 1520//2380
f 1522//2381 1520//2381 1523//2381
f 1523//2382 1520//2382 1521//2382
f 1523//2383 1521//2383 46//2383
f 46//2384 1521//2384 41//2384
f 1524//2385 1077//2385 1128//2385
f 1525//2386 1524//2386 1526//2386
f 231//2387 1525//2387 1527//2387
f 1524//2385 1128//2385 1526//2385
f 1526//2388 1128//2388 1129//2388
f 1526//2389 1129//2389 1528//2389
f 1528//2390 1129//2390 1130//2390
f 1528//2391 1130//2391 1529//2391
f 1529//2392 1130//2392 1131//2392
f 1529//2393 1131//2393 1530//2393
f 1131//2394 1134//2394 1530//2394
f 1530//2395 1134//2395 1127//2395
f 1530//2396 1127//2396 1531//2396
f 1531//2397 1127//2397 1126//2397
f 1531//2398 1126//2398 1518//2398
f 1525//2399 1526//2399 1527//2399
f 1527//2400 1526//2400 1528//2400
f 1527//2400 1528//2400 1532//2400
f 1532//2401 1528//2401 1529//2401
f 1532//2402 1529//2402 1533//2402
f 1533//2403 1529//2403 1530//2403
f 1533//2404 1530//2404 1534//2404
f 1534//2405 1530//2405 1531//2405
f 1534//2406 1531//2406 1535//2406
f 1535//2407 1531//2407 1518//2407
f 1535//2408 1518//2408 1519//2408
f 231//2387 1527//2387 232//2387
f 232//2409 1527//2409 1532//2409
f 232//2409 1532//2409 233//2409
f 233//2410 1532//2410 1533//2410
f 233//2411 1533//2411 236//2411
f 236//2412 1533//2412 1534//2412
f 236//2413 1534//2413 237//2413
f 237//2414 1534//2414 1535//2414
f 237//2415 1535//2415 212//2415
f 212//2416 1535//2416 1519//2416
f 212//2417 1519//2417 213//2417
f 1536//2418 1457//2418 1456//2418
f 1523//2419 46//2419 52//2419
f 1522//2420 1523//2420 1537//2420
f 1538//2421 1461//2421 1539//2421
f 1539//2422 1461//2422 1445//2422
f 1539//2423 1445//2423 1522//2423
f 1453//2424 1452//2424 1540//2424
f 1540//2425 1452//2425 1459//2425
f 1540//2426 1459//2426 1541//2426
f 1541//2427 1459//2427 1460//2427
f 1541//2428 1460//2428 1542//2428
f 1542//2429 1460//2429 1463//2429
f 1542//2430 1463//2430 1538//2430
f 1538//2431 1463//2431 1462//2431
f 1538//2432 1462//2432 1461//2432
f 1453//2433 1540//2433 1456//2433
f 1456//2434 1540//2434 1543//2434
f 1456//2435 1543//2435 1536//2435
f 1523//2436 52//2436 1537//2436
f 1537//2437 52//2437 51//2437
f 1537//2438 51//2438 1544//2438
f 1544//2439 51//2439 49//2439
f 1544//2440 49//2440 1545//2440
f 1545//2441 49//2441 38//2441
f 1545//2442 38//2442 1546//2442
f 1546//2443 38//2443 37//2443
f 1546//2444 37//2444 1547//2444
f 1547//2445 37//2445 29//2445
f 1547//2446 29//2446 1548//2446
f 1548//2447 29//2447 57//2447
f 1548//2448 57//2448 1549//2448
f 1549//2449 57//2449 22//2449
f 1549//2450 22//2450 1550//2450
f 1550//2451 22//2451 21//2451
f 1550//2452 21//2452 1551//2452
f 1551//2453 21//2453 61//2453
f 1551//2454 61//2454 1552//2454
f 1522//2455 1537//2455 1539//2455
f 1539//2456 1537//2456 1544//2456
f 1539//2457 1544//2457 1538//2457
f 1538//2458 1544//2458 1545//2458
f 1538//2459 1545//2459 1542//2459
f 1542//2460 1545//2460 1546//2460
f 1542//2461 1546//2461 1541//2461
f 1541//2462 1546//2462 1547//2462
f 1541//2463 1547//2463 1540//2463
f 1540//2464 1547//2464 1548//2464
f 1540//2465 1548//2465 1543//2465
f 1543//2466 1548//2466 1549//2466
f 1543//2467 1549//2467 1536//2467
f 1536//2468 1549//2468 1550//2468
f 1536//2469 1550//2469 1553//2469
f 1553//2470 1550//2470 1551//2470
f 1553//2471 1551//2471 1554//2471
f 1554//2472 1551//2472 1552//2472
f 1554//2473 1552//2473 1555//2473
f 1457//2474 1536//2474 1458//2474
f 1458//2475 1536//2475 1553//2475
f 1458//2476 1553//2476 1455//2476
f 1455//2477 1553//2477 1554//2477
f 1455//2478 1554//2478 1454//2478
f 1454//2479 1554//2479 1555//2479
f 1454//2480 1555//2480 158//2480
f 1556//2481 1031//2481 1074//2481
f 1557//2482 1556//2482 1558//2482
f 219//2483 1557//2483 1559//2483
f 1556//2484 1074//2484 1558//2484
f 1558//2485 1074//2485 1073//2485
f 1558//2486 1073//2486 1560//2486
f 1560//2487 1073//2487 1080//2487
f 1560//2488 1080//2488 1561//2488
f 1561//2489 1080//2489 1079//2489
f 1561//2490 1079//2490 1562//2490
f 1562//2491 1079//2491 1078//2491
f 1562//2492 1078//2492 1563//2492
f 1563//2493 1078//2493 1077//2493
f 1563//2494 1077//2494 1524//2494
f 1557//2495 1558//2495 1559//2495
f 1559//2496 1558//2496 1560//2496
f 1559//2497 1560//2497 1564//2497
f 1564//2498 1560//2498 1561//2498
f 1564//2499 1561//2499 1565//2499
f 1565//2500 1561//2500 1562//2500
f 1565//2501 1562//2501 1566//2501
f 1566//2502 1562//2502 1563//2502
f 1566//2502 1563//2502 1567//2502
f 1567//2503 1563//2503 1524//2503
f 1567//2504 1524//2504 1525//2504
f 219//2483 1559//2483 220//2483
f 220//2505 1559//2505 1564//2505
f 220//2506 1564//2506 221//2506
f 221//2507 1564//2507 1565//2507
f 221//2508 1565//2508 226//2508
f 226//2509 1565//2509 1566//2509
f 226//2510 1566//2510 227//2510
f 227//2511 1566//2511 1567//2511
f 227//2512 1567//2512 228//2512
f 228//2513 1567//2513 1525//2513
f 228//2514 1525//2514 231//2514
f 155//2515 158//2515 1568//2515
f 1568//2516 158//2516 1555//2516
f 1568//2517 1555//2517 1569//2517
f 1569//2518 1555//2518 1552//2518
f 1569//2519 1552//2519 60//2519
f 60//2520 1552//2520 61//2520
f 156//2521 155//2521 1570//2521
f 1570//2522 155//2522 1568//2522
f 1570//2523 1568//2523 1571//2523
f 1571//2524 1568//2524 1569//2524
f 1571//2525 1569//2525 59//2525
f 59//2526 1569//2526 60//2526
f 1572//2527 1573//2527 1574//2527
f 1573//2528 973//2528 1025//2528
f 1575//2529 1576//2529 1572//2529
f 1576//2530 1575//2530 229//2530
f 1573//2531 1025//2531 1574//2531
f 1574//2532 1025//2532 1027//2532
f 1574//2533 1027//2533 1577//2533
f 1577//2534 1027//2534 1029//2534
f 1577//2535 1029//2535 1578//2535
f 1578//2536 1029//2536 1031//2536
f 1578//2537 1031//2537 1556//2537
f 1572//2538 1574//2538 1575//2538
f 1575//2539 1574//2539 1577//2539
f 1575//2540 1577//2540 1579//2540
f 1579//2541 1577//2541 1578//2541
f 1579//2542 1578//2542 1580//2542
f 1580//2543 1578//2543 1556//2543
f 1580//2544 1556//2544 1557//2544
f 229//2545 1575//2545 230//2545
f 230//2546 1575//2546 1579//2546
f 230//2547 1579//2547 215//2547
f 215//2548 1579//2548 1580//2548
f 215//2548 1580//2548 216//2548
f 216//2549 1580//2549 1557//2549
f 216//2549 1557//2549 219//2549
f 1387//2550 1392//2550 1581//2550
f 55//2551 54//2551 1582//2551
f 1582//2552 54//2552 1583//2552
f 1582//2553 1583//2553 1584//2553
f 1584//2554 1583//2554 1585//2554
f 1584//2555 1585//2555 1388//2555
f 1388//2556 1585//2556 1390//2556
f 58//2557 55//2557 1586//2557
f 1586//2558 55//2558 1582//2558
f 1586//2559 1582//2559 1581//2559
f 1581//2560 1582//2560 1584//2560
f 1581//2561 1584//2561 1387//2561
f 1387//2562 1584//2562 1388//2562
f 59//2563 58//2563 1571//2563
f 1571//2564 58//2564 1586//2564
f 1571//2565 1586//2565 1570//2565
f 1570//2566 1586//2566 1581//2566
f 1570//2567 1581//2567 156//2567
f 156//2568 1581//2568 1392//2568
f 1587//2569 1588//2569 1589//2569
f 1588//2570 889//2570 963//2570
f 1590//2571 1591//2571 1592//2571
f 1592//2572 1591//2572 1587//2572
f 1593//2573 1594//2573 1590//2573
f 1594//2574 1593//2574 224//2574
f 1588//2575 963//2575 1589//2575
f 1589//2576 963//2576 965//2576
f 1589//2577 965//2577 1595//2577
f 965//2578 966//2578 1595//2578
f 1595//2579 966//2579 968//2579
f 1595//2580 968//2580 1596//2580
f 1596//2581 968//2581 969//2581
f 1596//2582 969//2582 1597//2582
f 1597//2583 969//2583 971//2583
f 1597//2584 971//2584 1598//2584
f 1598//2585 971//2585 972//2585
f 1598//2586 972//2586 1599//2586
f 1599//2587 972//2587 973//2587
f 1599//2588 973//2588 1573//2588
f 1587//2589 1589//2589 1592//2589
f 1592//2590 1589//2590 1595//2590
f 1592//2591 1595//2591 1600//2591
f 1600//2592 1595//2592 1596//2592
f 1600//2593 1596//2593 1601//2593
f 1601//2594 1596//2594 1597//2594
f 1601//2595 1597//2595 1602//2595
f 1602//2596 1597//2596 1598//2596
f 1602//2597 1598//2597 1603//2597
f 1603//2598 1598//2598 1599//2598
f 1603//2599 1599//2599 1604//2599
f 1604//2600 1599//2600 1573//2600
f 1604//2601 1573//2601 1572//2601
f 1590//2602 1592//2602 1593//2602
f 1593//2603 1592//2603 1600//2603
f 1593//2604 1600//2604 1605//2604
f 1605//2605 1600//2605 1601//2605
f 1605//2606 1601//2606 1606//2606
f 1606//2607 1601//2607 1602//2607
f 1606//2608 1602//2608 1607//2608
f 1607//2609 1602//2609 1603//2609
f 1607//2610 1603//2610 1608//2610
f 1608//2611 1603//2611 1604//2611
f 1608//2612 1604//2612 1609//2612
f 1609//2613 1604//2613 1572//2613
f 1609//2614 1572//2614 1576//2614
f 224//2615 1593//2615 225//2615
f 225//2616 1593//2616 1605//2616
f 225//2617 1605//2617 234//2617
f 234//2618 1605//2618 1606//2618
f 234//2619 1606//2619 235//2619
f 235//2620 1606//2620 1607//2620
f 235//2621 1607//2621 222//2621
f 222//2622 1607//2622 1608//2622
f 222//2623 1608//2623 217//2623
f 217//2624 1608//2624 1609//2624
f 217//2624 1609//2624 218//2624
f 218//2625 1609//2625 1576//2625
f 218//2626 1576//2626 229//2626
f 1391//2627 1390//2627 1585//2627
f 1137//2628 1135//2628 1610//2628
f 1610//2629 1135//2629 1611//2629
f 1610//2630 1611//2630 1612//2630
f 1612//2631 1611//2631 1613//2631
f 1612//2632 1613//2632 1384//2632
f 1384//2633 1613//2633 258//2633
f 1138//2634 1137//2634 1614//2634
f 1614//2635 1137//2635 1610//2635
f 1614//2636 1610//2636 1615//2636
f 1615//2637 1610//2637 1612//2637
f 1615//2638 1612//2638 1386//2638
f 1386//2639 1612//2639 1384//2639
f 54//2640 1138//2640 1583//2640
f 1583//2641 1138//2641 1614//2641
f 1583//2642 1614//2642 1585//2642
f 1585//2643 1614//2643 1615//2643
f 1585//2644 1615//2644 1391//2644
f 1391//2645 1615//2645 1386//2645
f 1588//2646 1587//2646 1616//2646
f 1617//2647 223//2647 211//2647
f 1618//2648 891//2648 890//2648
f 889//2649 1588//2649 890//2649
f 890//2650 1588//2650 1616//2650
f 890//2651 1616//2651 1618//2651
f 1618//2652 1616//2652 1619//2652
f 1587//2653 1591//2653 1616//2653
f 1616//2654 1591//2654 1617//2654
f 1616//2655 1617//2655 1619//2655
f 1619//2656 1617//2656 211//2656
f 224//2657 223//2657 1594//2657
f 1594//2658 223//2658 1617//2658
f 1594//2659 1617//2659 1590//2659
f 1590//2660 1617//2660 1591//2660
f 1611//2661 1135//2661 1136//2661
f 1613//2662 1611//2662 1620//2662
f 258//2663 1613//2663 1621//2663
f 1611//2664 1136//2664 1620//2664
f 1620//2665 1136//2665 1140//2665
f 1620//2666 1140//2666 1622//2666
f 1622//2667 1140//2667 1139//2667
f 1622//2668 1139//2668 1623//2668
f 1623//2669 1139//2669 1141//2669
f 1623//2670 1141//2670 1624//2670
f 1624//2671 1141//2671 1142//2671
f 1624//2672 1142//2672 1625//2672
f 1625//2673 1142//2673 1082//2673
f 1625//2673 1082//2673 1626//2673
f 1613//2674 1620//2674 1621//2674
f 1621//2675 1620//2675 1622//2675
f 1621//2676 1622//2676 1627//2676
f 1627//2677 1622//2677 1623//2677
f 1627//2678 1623//2678 1628//2678
f 1628//2679 1623//2679 1624//2679
f 1628//2680 1624//2680 1629//2680
f 1629//2681 1624//2681 1625//2681
f 1629//2682 1625//2682 1630//2682
f 1630//2683 1625//2683 1626//2683
f 1630//2683 1626//2683 1631//2683
f 258//2684 1621//2684 259//2684
f 259//2685 1621//2685 1627//2685
f 259//2686 1627//2686 260//2686
f 260//2687 1627//2687 1628//2687
f 260//2687 1628//2687 261//2687
f 261//2688 1628//2688 1629//2688
f 261//2689 1629//2689 262//2689
f 262//2690 1629//2690 1630//2690
f 262//2691 1630//2691 263//2691
f 263//2692 1630//2692 1631//2692
f 263//2692 1631//2692 248//2692
f 1632//2693 1272//2693 1215//2693
f 893//2694 892//2694 1633//2694
f 1633//2695 892//2695 1634//2695
f 1633//2696 1634//2696 1635//2696
f 1635//2697 1634//2697 1632//2697
f 1635//2698 1632//2698 1636//2698
f 1636//2699 1632//2699 1215//2699
f 1619//2700 1632//2700 1618//2700
f 1618//2701 1632//2701 1634//2701
f 1618//2702 1634//2702 891//2702
f 891//2703 1634//2703 892//2703
f 1619//2704 211//2704 1632//2704
f 1632//2705 211//2705 1276//2705
f 1632//2706 1276//2706 1272//2706
f 1039//2707 1637//2707 1638//2707
f 1626//2708 1082//2708 1081//2708
f 1631//2709 1626//2709 1639//2709
f 248//2710 1631//2710 1640//2710
f 1626//2708 1081//2708 1639//2708
f 1639//2711 1081//2711 1084//2711
f 1639//2712 1084//2712 1641//2712
f 1641//2713 1084//2713 1086//2713
f 1641//2714 1086//2714 1642//2714
f 1642//2715 1086//2715 1088//2715
f 1642//2716 1088//2716 1638//2716
f 1638//2717 1088//2717 1089//2717
f 1638//2718 1089//2718 1039//2718
f 1631//2709 1639//2709 1640//2709
f 1640//2719 1639//2719 1641//2719
f 1640//2720 1641//2720 1643//2720
f 1643//2721 1641//2721 1642//2721
f 1643//2722 1642//2722 1644//2722
f 1644//2723 1642//2723 1638//2723
f 1644//2724 1638//2724 1645//2724
f 1645//2725 1638//2725 1637//2725
f 1645//2726 1637//2726 1646//2726
f 248//2710 1640//2710 249//2710
f 249//2727 1640//2727 1643//2727
f 249//2728 1643//2728 250//2728
f 250//2729 1643//2729 1644//2729
f 250//2730 1644//2730 251//2730
f 251//2731 1644//2731 1645//2731
f 251//2732 1645//2732 245//2732
f 245//2733 1645//2733 1646//2733
f 245//2734 1646//2734 246//2734
f 1647//2735 1214//2735 1239//2735
f 1648//2736 886//2736 884//2736
f 893//2737 1633//2737 884//2737
f 884//2738 1633//2738 1647//2738
f 884//2739 1647//2739 1648//2739
f 1648//2740 1647//2740 1239//2740
f 1215//2741 1214//2741 1636//2741
f 1636//2742 1214//2742 1647//2742
f 1636//2743 1647//2743 1635//2743
f 1635//2744 1647//2744 1633//2744
f 1646//2745 1637//2745 1649//2745
f 246//2746 1646//2746 1650//2746
f 1034//2747 1651//2747 1036//2747
f 1036//2748 1651//2748 1652//2748
f 1036//2749 1652//2749 1037//2749
f 1037//2750 1652//2750 1649//2750
f 1037//2751 1649//2751 1040//2751
f 1040//2752 1649//2752 1637//2752
f 1040//2753 1637//2753 1039//2753
f 1034//2754 978//2754 1651//2754
f 1651//2755 978//2755 1653//2755
f 1651//2756 1653//2756 1654//2756
f 1646//2757 1649//2757 1650//2757
f 1650//2758 1649//2758 1652//2758
f 1650//2759 1652//2759 1655//2759
f 1655//2760 1652//2760 1651//2760
f 1655//2761 1651//2761 1656//2761
f 1656//2762 1651//2762 1654//2762
f 1656//2763 1654//2763 1657//2763
f 246//2764 1650//2764 247//2764
f 247//2765 1650//2765 1655//2765
f 247//2766 1655//2766 252//2766
f 252//2767 1655//2767 1656//2767
f 252//2768 1656//2768 253//2768
f 253//2769 1656//2769 1657//2769
f 253//2770 1657//2770 254//2770
f 1658//2771 804//2771 879//2771
f 1235//2772 1658//2772 1659//2772
f 1658//2773 879//2773 1659//2773
f 1659//2774 879//2774 881//2774
f 1659//2775 881//2775 1660//2775
f 1660//2776 881//2776 887//2776
f 1660//2777 887//2777 1661//2777
f 1661//2778 887//2778 886//2778
f 1661//2779 886//2779 1648//2779
f 1235//2780 1659//2780 1236//2780
f 1236//2781 1659//2781 1660//2781
f 1236//2782 1660//2782 1237//2782
f 1237//2783 1660//2783 1661//2783
f 1237//2784 1661//2784 1238//2784
f 1238//2785 1661//2785 1648//2785
f 1238//2786 1648//2786 1239//2786
f 1653//2787 978//2787 977//2787
f 1654//2788 1653//2788 1662//2788
f 1657//2789 1654//2789 1663//2789
f 254//2790 1657//2790 1664//2790
f 1653//2791 977//2791 1662//2791
f 1662//2792 977//2792 976//2792
f 1662//2793 976//2793 1665//2793
f 976//2794 975//2794 1665//2794
f 1665//2795 975//2795 980//2795
f 1665//2796 980//2796 1666//2796
f 1666//2797 980//2797 985//2797
f 1666//2798 985//2798 1667//2798
f 1654//2799 1662//2799 1663//2799
f 1663//2800 1662//2800 1665//2800
f 1663//2801 1665//2801 1668//2801
f 1668//2802 1665//2802 1666//2802
f 1668//2803 1666//2803 1669//2803
f 1669//2804 1666//2804 1667//2804
f 1669//2805 1667//2805 1670//2805
f 1670//2806 1667//2806 1671//2806
f 1670//2807 1671//2807 1672//2807
f 1672//2808 1671//2808 1673//2808
f 1672//2809 1673//2809 1674//2809
f 985//2810 987//2810 1667//2810
f 1667//2811 987//2811 981//2811
f 1667//2812 981//2812 1671//2812
f 1671//2813 981//2813 983//2813
f 1671//2814 983//2814 1673//2814
f 1673//2815 983//2815 909//2815
f 909//2816 1675//2816 1673//2816
f 1673//2817 1675//2817 1676//2817
f 1673//2818 1676//2818 1674//2818
f 1674//2819 1676//2819 1677//2819
f 1674//2820 1677//2820 1678//2820
f 1657//2821 1663//2821 1664//2821
f 1664//2822 1663//2822 1668//2822
f 1664//2823 1668//2823 1679//2823
f 1679//2824 1668//2824 1669//2824
f 1679//2825 1669//2825 1680//2825
f 1680//2826 1669//2826 1670//2826
f 1680//2827 1670//2827 1681//2827
f 1681//2828 1670//2828 1672//2828
f 1681//2829 1672//2829 1682//2829
f 1682//2830 1672//2830 1674//2830
f 1682//2831 1674//2831 1683//2831
f 1683//2832 1674//2832 1678//2832
f 1683//2833 1678//2833 1684//2833
f 254//2834 1664//2834 255//2834
f 255//2835 1664//2835 1679//2835
f 255//2836 1679//2836 256//2836
f 256//2837 1679//2837 1680//2837
f 256//2838 1680//2838 257//2838
f 257//2839 1680//2839 1681//2839
f 257//2840 1681//2840 264//2840
f 264//2841 1681//2841 1682//2841
f 264//2842 1682//2842 265//2842
f 265//2843 1682//2843 1683//2843
f 265//2844 1683//2844 238//2844
f 238//2845 1683//2845 1684//2845
f 238//2846 1684//2846 239//2846
f 1685//2847 799//2847 798//2847
f 1224//2848 1685//2848 1686//2848
f 1685//2849 798//2849 1686//2849
f 1686//2850 798//2850 796//2850
f 1686//2851 796//2851 1687//2851
f 1687//2852 796//2852 794//2852
f 1687//2853 794//2853 1688//2853
f 1688//2854 794//2854 802//2854
f 1688//2855 802//2855 1689//2855
f 802//2856 801//2856 1689//2856
f 1689//2857 801//2857 800//2857
f 1689//2858 800//2858 1690//2858
f 1690//2859 800//2859 804//2859
f 1690//2860 804//2860 1658//2860
f 1224//2861 1686//2861 1225//2861
f 1225//2862 1686//2862 1687//2862
f 1225//2863 1687//2863 1226//2863
f 1226//2864 1687//2864 1688//2864
f 1226//2865 1688//2865 1230//2865
f 1230//2866 1688//2866 1689//2866
f 1230//2867 1689//2867 1231//2867
f 1231//2868 1689//2868 1690//2868
f 1231//2869 1690//2869 1232//2869
f 1232//2870 1690//2870 1658//2870
f 1232//2871 1658//2871 1235//2871
f 909//2872 908//2872 1675//2872
f 1675//2873 908//2873 1691//2873
f 1675//2874 1691//2874 1676//2874
f 1676//2875 1691//2875 1677//2875
f 1677//2876 1691//2876 1692//2876
f 1677//2877 1692//2877 1678//2877
f 1678//2878 1692//2878 1684//2878
f 1684//2879 1692//2879 241//2879
f 1684//2880 241//2880 239//2880
f 243//2881 241//2881 1693//2881
f 1693//2882 241//2882 1692//2882
f 1693//2883 1692//2883 1694//2883
f 1694//2884 1692//2884 1691//2884
f 1694//2885 1691//2885 906//2885
f 906//2886 1691//2886 908//2886
f 1695//2887 806//2887 805//2887
f 1233//2888 1695//2888 1696//2888
f 1695//2889 805//2889 1696//2889
f 1696//2890 805//2890 808//2890
f 1696//2891 808//2891 1697//2891
f 808//2892 811//2892 1697//2892
f 1697//2893 811//2893 812//2893
f 1697//2894 812//2894 1698//2894
f 1698//2895 812//2895 799//2895
f 1698//2896 799//2896 1685//2896
f 1233//2897 1696//2897 1234//2897
f 1234//2898 1696//2898 1697//2898
f 1234//2899 1697//2899 1217//2899
f 1217//2900 1697//2900 1698//2900
f 1217//2901 1698//2901 1218//2901
f 1218//2902 1698//2902 1685//2902
f 1218//2903 1685//2903 1224//2903
f 1279//2904 1281//2904 1699//2904
f 1281//2905 243//2905 1699//2905
f 1699//2906 243//2906 1693//2906
f 1699//2907 1693//2907 1700//2907
f 1700//2908 1693//2908 1694//2908
f 900//2909 1700//2909 905//2909
f 905//2910 1700//2910 1694//2910
f 905//2911 1694//2911 906//2911
f 1220//2912 1279//2912 1701//2912
f 1701//2913 1279//2913 1699//2913
f 1701//2914 1699//2914 1702//2914
f 1702//2915 1699//2915 1700//2915
f 1702//2916 1700//2916 1703//2916
f 1703//2917 1700//2917 900//2917
f 1704//2918 897//2918 895//2918
f 1222//2919 1704//2919 1705//2919
f 1704//2920 895//2920 1705//2920
f 1705//2921 895//2921 894//2921
f 1705//2922 894//2922 1706//2922
f 1706//2923 894//2923 902//2923
f 1706//2924 902//2924 1707//2924
f 1707//2925 902//2925 901//2925
f 1707//2926 901//2926 1708//2926
f 1708//2927 901//2927 806//2927
f 1708//2928 806//2928 1695//2928
f 1222//2929 1705//2929 1223//2929
f 1223//2930 1705//2930 1706//2930
f 1223//2931 1706//2931 1227//2931
f 1227//2932 1706//2932 1707//2932
f 1227//2933 1707//2933 1228//2933
f 1228//2934 1707//2934 1708//2934
f 1228//2935 1708//2935 1229//2935
f 1229//2936 1708//2936 1695//2936
f 1229//2937 1695//2937 1233//2937
f 900//2938 899//2938 1703//2938
f 1703//2939 899//2939 1709//2939
f 1703//2940 1709//2940 1702//2940
f 1702//2941 1709//2941 1701//2941
f 1701//2942 1709//2942 1221//2942
f 1701//2943 1221//2943 1220//2943
f 1222//2944 1221//2944 1704//2944
f 1704//2945 1221//2945 1709//2945
f 1704//2946 1709//2946 897//2946
f 897//2947 1709//2947 899//2947
f 1710//2948 1711//2948 1712//2948
f 1712//2948 1711//2948 1713//2948
f 1712//2948 1713//2948 1714//2948
f 1715//2949 1716//2949 1717//2949
f 1718//2949 1719//2949 1720//2949
f 1720//2949 1719//2949 1721//2949
f 1720//2949 1721//2949 1722//2949
f 1717//2949 1723//2949 1715//2949
f 1715//2949 1723//2949 1724//2949
f 1715//2949 1724//2949 1725//2949
f 1725//2949 1726//2949 1715//2949
f 1715//2949 1726//2949 1727//2949
f 1715//2949 1727//2949 1720//2949
f 1720//2949 1727//2949 1728//2949
f 1720//2949 1728//2949 1718//2949
f 1729//2950 1730//2950 1731//2950
f 1731//2950 1730//2950 1732//2950
f 1731//2950 1732//2950 1733//2950
f 1734//2951 1735//2951 1736//2951
f 1737//2952 1738//2952 1736//2952
f 1736//2952 1738//2952 1739//2952
f 1740//2952 1741//2952 1742//2952
f 1742//2952 1741//2952 1743//2952
f 1742//2952 1743//2952 1744//2952
f 1736//2952 1735//2952 1742//2952
f 1742//2952 1735//2952 1745//2952
f 1742//2951 1745//2951 1740//2951
f 1739//2952 1746//2952 1736//2952
f 1736//2952 1746//2952 1747//2952
f 1736//2952 1747//2952 1734//2952
f 1748//164 1749//164 1750//164
f 1750//164 1749//164 1751//164
f 1750//164 1751//164 1752//164
f 1752//164 1751//164 1753//164
f 1752//164 1753//164 1754//164
f 1754//164 1753//164 1755//164
f 1756//164 1757//164 1758//164
f 1758//164 1757//164 1759//164
f 1760//164 1761//164 1762//164
f 1762//164 1763//164 1760//164
f 1760//164 1763//164 1753//164
f 1760//164 1753//164 1759//164
f 1759//164 1753//164 1751//164
f 1759//164 1751//164 1758//164
f 1730//2953 1729//2953 1764//2953
f 1764//2954 1729//2954 1765//2954
f 1764//2955 1765//2955 1766//2955
f 1766//2956 1767//2956 1764//2956
f 1764//2957 1767//2957 1768//2957
f 1764//2958 1768//2958 1769//2958
f 1769//2959 1768//2959 1770//2959
f 1769//2960 1770//2960 1771//2960
f 1771//2961 1772//2961 1769//2961
f 1769//2962 1772//2962 1773//2962
f 1769//2963 1773//2963 1736//2963
f 1736//2964 1773//2964 1774//2964
f 1736//2965 1774//2965 1737//2965
f 1775//2966 1776//2966 1777//2966
f 1777//2967 1776//2967 1720//2967
f 1777//2968 1720//2968 1722//2968
f 1775//2969 1778//2969 1776//2969
f 1776//2970 1778//2970 1779//2970
f 1776//2971 1779//2971 1780//2971
f 1780//2972 1781//2972 1776//2972
f 1776//2973 1781//2973 1782//2973
f 1776//2974 1782//2974 1783//2974
f 1783//2975 1782//2975 1784//2975
f 1783//2976 1784//2976 1785//2976
f 1733//2977 1732//2977 1786//2977
f 1786//2978 1732//2978 1783//2978
f 1786//2979 1783//2979 1787//2979
f 1787//2980 1783//2980 1785//2980
f 1712//2981 1714//2981 1788//2981
f 1788//2982 1714//2982 1789//2982
f 1789//2983 1790//2983 1788//2983
f 1788//2984 1790//2984 1791//2984
f 1788//2985 1791//2985 1792//2985
f 1791//2986 1793//2986 1792//2986
f 1792//2987 1793//2987 1794//2987
f 1792//2988 1794//2988 1795//2988
f 1795//2989 1796//2989 1792//2989
f 1792//2990 1796//2990 1797//2990
f 1792//2991 1797//2991 1715//2991
f 1715//2992 1797//2992 1798//2992
f 1715//2993 1798//2993 1716//2993
f 1799//2994 1800//2994 1801//2994
f 1801//2995 1800//2995 1742//2995
f 1801//2996 1742//2996 1744//2996
f 1799//2997 1802//2997 1800//2997
f 1800//2998 1802//2998 1803//2998
f 1800//2999 1803//2999 1804//2999
f 1805//3000 1806//3000 1807//3000
f 1807//3001 1806//3001 1800//3001
f 1807//3002 1800//3002 1808//3002
f 1808//3003 1800//3003 1804//3003
f 1805//3004 1809//3004 1806//3004
f 1806//3005 1809//3005 1810//3005
f 1806//3006 1810//3006 1710//3006
f 1710//3007 1810//3007 1811//3007
f 1710//3008 1811//3008 1711//3008
f 1812//3009 1813//3009 1814//3009
f 1815//3010 1816//3010 1817//3010
f 1816//3011 1737//3011 1774//3011
f 1815//3012 1817//3012 1813//3012
f 1818//3013 1819//3013 1812//3013
f 1819//3014 1818//3014 45//3014
f 1816//3015 1774//3015 1817//3015
f 1817//3016 1774//3016 1773//3016
f 1817//3017 1773//3017 1820//3017
f 1820//3018 1773//3018 1772//3018
f 1820//3019 1772//3019 1821//3019
f 1821//3020 1772//3020 1771//3020
f 1821//3021 1771//3021 1822//3021
f 1822//3022 1771//3022 1770//3022
f 1822//3023 1770//3023 1823//3023
f 1823//3024 1770//3024 1768//3024
f 1823//3025 1768//3025 1824//3025
f 1824//3026 1768//3026 1767//3026
f 1824//3027 1767//3027 1825//3027
f 1767//3028 1766//3028 1825//3028
f 1825//3029 1766//3029 1765//3029
f 1825//3030 1765//3030 1826//3030
f 1826//3031 1765//3031 1729//3031
f 1826//3032 1729//3032 1827//3032
f 1813//3033 1817//3033 1814//3033
f 1814//3034 1817//3034 1820//3034
f 1814//3035 1820//3035 1828//3035
f 1828//3036 1820//3036 1821//3036
f 1828//3037 1821//3037 1829//3037
f 1829//3038 1821//3038 1822//3038
f 1829//3039 1822//3039 1830//3039
f 1830//3040 1822//3040 1823//3040
f 1830//3041 1823//3041 1831//3041
f 1831//3042 1823//3042 1824//3042
f 1831//3043 1824//3043 1832//3043
f 1832//3044 1824//3044 1825//3044
f 1832//3045 1825//3045 1833//3045
f 1833//3046 1825//3046 1826//3046
f 1833//3047 1826//3047 1834//3047
f 1834//3048 1826//3048 1827//3048
f 1834//3049 1827//3049 1835//3049
f 1812//3050 1814//3050 1818//3050
f 1818//3051 1814//3051 1828//3051
f 1818//3052 1828//3052 1836//3052
f 1836//3053 1828//3053 1829//3053
f 1836//3054 1829//3054 1837//3054
f 1837//3055 1829//3055 1830//3055
f 1837//3056 1830//3056 1838//3056
f 1838//3057 1830//3057 1831//3057
f 1838//3058 1831//3058 1839//3058
f 1839//3059 1831//3059 1832//3059
f 1839//3060 1832//3060 1840//3060
f 1840//3061 1832//3061 1833//3061
f 1840//3062 1833//3062 1841//3062
f 1841//3063 1833//3063 1834//3063
f 1841//3064 1834//3064 1842//3064
f 1842//3065 1834//3065 1835//3065
f 1842//3066 1835//3066 1843//3066
f 45//3067 1818//3067 47//3067
f 47//3068 1818//3068 1836//3068
f 47//3069 1836//3069 50//3069
f 50//3070 1836//3070 1837//3070
f 50//3071 1837//3071 48//3071
f 48//3072 1837//3072 1838//3072
f 48//3073 1838//3073 40//3073
f 40//3074 1838//3074 1839//3074
f 40//3075 1839//3075 39//3075
f 39//3076 1839//3076 1840//3076
f 39//3077 1840//3077 27//3077
f 27//3078 1840//3078 1841//3078
f 27//3079 1841//3079 28//3079
f 28//3080 1841//3080 1842//3080
f 28//3081 1842//3081 34//3081
f 34//3082 1842//3082 1843//3082
f 34//3083 1843//3083 35//3083
f 1731//3084 1733//3084 1844//3084
f 1844//3085 1733//3085 1845//3085
f 1844//3086 1845//3086 1846//3086
f 1846//3087 1845//3087 1847//3087
f 1846//3088 1847//3088 1848//3088
f 1848//3089 1847//3089 1849//3089
f 1848//3090 1849//3090 36//3090
f 36//3091 1849//3091 33//3091
f 1729//3092 1731//3092 1827//3092
f 1827//3093 1731//3093 1844//3093
f 1827//3094 1844//3094 1835//3094
f 1835//3095 1844//3095 1846//3095
f 1835//3096 1846//3096 1843//3096
f 1843//3097 1846//3097 1848//3097
f 1843//3098 1848//3098 35//3098
f 35//3099 1848//3099 36//3099
f 45//3100 44//3100 1819//3100
f 1819//3101 44//3101 1850//3101
f 1819//3102 1850//3102 1812//3102
f 1812//3103 1850//3103 1813//3103
f 1813//3104 1850//3104 1851//3104
f 1813//3105 1851//3105 1815//3105
f 1815//3106 1851//3106 1816//3106
f 1816//3107 1851//3107 1738//3107
f 1816//3108 1738//3108 1737//3108
f 1739//3109 1738//3109 1852//3109
f 1852//3110 1738//3110 1851//3110
f 1852//3111 1851//3111 1853//3111
f 1853//3112 1851//3112 1850//3112
f 1853//3113 1850//3113 43//3113
f 43//3114 1850//3114 44//3114
f 1854//3115 1855//3115 1856//3115
f 1777//3116 1857//3116 1858//3116
f 1847//3117 1845//3117 1859//3117
f 1849//3118 1847//3118 1860//3118
f 33//3119 1849//3119 1861//3119
f 1785//3120 1862//3120 1787//3120
f 1787//3121 1862//3121 1859//3121
f 1787//3122 1859//3122 1786//3122
f 1786//3123 1859//3123 1845//3123
f 1786//3124 1845//3124 1733//3124
f 1784//3125 1863//3125 1785//3125
f 1785//3126 1863//3126 1864//3126
f 1785//3127 1864//3127 1862//3127
f 1784//3128 1782//3128 1863//3128
f 1863//3129 1782//3129 1781//3129
f 1863//3130 1781//3130 1865//3130
f 1865//3131 1781//3131 1780//3131
f 1865//3132 1780//3132 1866//3132
f 1866//3133 1780//3133 1779//3133
f 1866//3134 1779//3134 1867//3134
f 1867//3135 1779//3135 1778//3135
f 1867//3136 1778//3136 1858//3136
f 1858//3137 1778//3137 1775//3137
f 1858//3138 1775//3138 1777//3138
f 1777//3139 1722//3139 1857//3139
f 1857//3140 1722//3140 1868//3140
f 1857//3141 1868//3141 1869//3141
f 1847//3142 1859//3142 1860//3142
f 1860//3143 1859//3143 1862//3143
f 1860//3144 1862//3144 1870//3144
f 1870//3145 1862//3145 1864//3145
f 1870//3146 1864//3146 1871//3146
f 1871//3147 1864//3147 1863//3147
f 1871//3148 1863//3148 1872//3148
f 1872//3149 1863//3149 1865//3149
f 1872//3150 1865//3150 1873//3150
f 1873//3151 1865//3151 1866//3151
f 1873//3152 1866//3152 1874//3152
f 1874//3153 1866//3153 1867//3153
f 1874//3154 1867//3154 1875//3154
f 1875//3155 1867//3155 1858//3155
f 1875//3156 1858//3156 1876//3156
f 1876//3157 1858//3157 1857//3157
f 1876//3158 1857//3158 1877//3158
f 1877//3159 1857//3159 1869//3159
f 1877//3160 1869//3160 1878//3160
f 1849//3161 1860//3161 1861//3161
f 1861//3162 1860//3162 1870//3162
f 1861//3163 1870//3163 1879//3163
f 1879//3164 1870//3164 1871//3164
f 1879//3165 1871//3165 1880//3165
f 1880//3166 1871//3166 1872//3166
f 1880//3167 1872//3167 1881//3167
f 1881//3168 1872//3168 1873//3168
f 1881//3169 1873//3169 1882//3169
f 1882//3170 1873//3170 1874//3170
f 1882//3171 1874//3171 1883//3171
f 1883//3172 1874//3172 1875//3172
f 1883//3173 1875//3173 1884//3173
f 1884//3174 1875//3174 1876//3174
f 1884//3175 1876//3175 1885//3175
f 1885//3176 1876//3176 1877//3176
f 1885//3177 1877//3177 1856//3177
f 1856//3178 1877//3178 1878//3178
f 1856//3179 1878//3179 1854//3179
f 33//3180 1861//3180 30//3180
f 30//3181 1861//3181 1879//3181
f 30//3182 1879//3182 31//3182
f 31//3183 1879//3183 1880//3183
f 31//3184 1880//3184 24//3184
f 24//3185 1880//3185 1881//3185
f 24//3186 1881//3186 25//3186
f 25//3187 1881//3187 1882//3187
f 25//3188 1882//3188 66//3188
f 66//3189 1882//3189 1883//3189
f 66//3190 1883//3190 67//3190
f 67//3191 1883//3191 1884//3191
f 67//3192 1884//3192 62//3192
f 62//3193 1884//3193 1885//3193
f 62//3194 1885//3194 63//3194
f 63//3195 1885//3195 1856//3195
f 63//3196 1856//3196 64//3196
f 64//3197 1856//3197 1855//3197
f 64//3198 1855//3198 65//3198
f 1853//3199 43//3199 189//3199
f 1852//3200 1853//3200 1886//3200
f 1739//3201 1852//3201 1887//3201
f 1853//3202 189//3202 1886//3202
f 1886//3203 189//3203 187//3203
f 1886//3204 187//3204 1888//3204
f 1888//3205 187//3205 186//3205
f 1888//3205 186//3205 1889//3205
f 1889//3206 186//3206 179//3206
f 1889//3206 179//3206 1890//3206
f 1852//3207 1886//3207 1887//3207
f 1887//3208 1886//3208 1888//3208
f 1887//3209 1888//3209 1891//3209
f 1891//3210 1888//3210 1889//3210
f 1891//3211 1889//3211 1892//3211
f 1892//3212 1889//3212 1890//3212
f 1892//3212 1890//3212 1893//3212
f 1739//3213 1887//3213 1746//3213
f 1746//3214 1887//3214 1891//3214
f 1746//3215 1891//3215 1747//3215
f 1747//3216 1891//3216 1892//3216
f 1747//3216 1892//3216 1734//3216
f 1734//3217 1892//3217 1893//3217
f 1734//3218 1893//3218 1735//3218
f 1855//3219 1854//3219 1894//3219
f 1895//3220 1721//3220 1719//3220
f 1896//3221 19//3221 18//3221
f 65//3222 1855//3222 18//3222
f 18//3223 1855//3223 1894//3223
f 18//3224 1894//3224 1896//3224
f 1896//3225 1894//3225 1897//3225
f 1854//3226 1878//3226 1894//3226
f 1894//3227 1878//3227 1895//3227
f 1894//3228 1895//3228 1897//3228
f 1897//3229 1895//3229 1719//3229
f 1722//3230 1721//3230 1868//3230
f 1868//3231 1721//3231 1895//3231
f 1868//3232 1895//3232 1869//3232
f 1869//3233 1895//3233 1878//3233
f 1745//3234 1735//3234 1898//3234
f 1898//3235 1735//3235 1893//3235
f 1898//3236 1893//3236 1899//3236
f 1899//3236 1893//3236 1890//3236
f 1899//3237 1890//3237 178//3237
f 178//3238 1890//3238 179//3238
f 1740//3239 1745//3239 1900//3239
f 1900//3239 1745//3239 1898//3239
f 1900//3240 1898//3240 1901//3240
f 1901//3240 1898//3240 1899//3240
f 1901//3241 1899//3241 182//3241
f 182//3241 1899//3241 178//3241
f 1741//3242 1740//3242 1902//3242
f 1902//3243 1740//3243 1900//3243
f 1902//3244 1900//3244 1903//3244
f 1903//3245 1900//3245 1901//3245
f 1903//3246 1901//3246 105//3246
f 105//3247 1901//3247 182//3247
f 1728//3248 1727//3248 1904//3248
f 1904//3249 1727//3249 1905//3249
f 1904//3250 1905//3250 1906//3250
f 1906//3251 1905//3251 1907//3251
f 1906//3252 1907//3252 73//3252
f 73//3253 1907//3253 3//3253
f 1718//3254 1728//3254 1908//3254
f 1908//3255 1728//3255 1904//3255
f 1908//3256 1904//3256 1909//3256
f 1909//3257 1904//3257 1906//3257
f 1909//3258 1906//3258 74//3258
f 74//3259 1906//3259 73//3259
f 1719//3260 1718//3260 1897//3260
f 1897//3261 1718//3261 1908//3261
f 1897//3262 1908//3262 1896//3262
f 1896//3263 1908//3263 1909//3263
f 1896//3264 1909//3264 19//3264
f 19//3265 1909//3265 74//3265
f 1743//3266 1741//3266 1910//3266
f 1910//3267 1741//3267 1902//3267
f 1910//3268 1902//3268 1911//3268
f 1911//3269 1902//3269 1903//3269
f 109//3270 1911//3270 107//3270
f 107//3271 1911//3271 1903//3271
f 107//3272 1903//3272 105//3272
f 1744//3273 1743//3273 1912//3273
f 1912//3274 1743//3274 1910//3274
f 1912//3275 1910//3275 1913//3275
f 1913//3276 1910//3276 1911//3276
f 1913//3277 1911//3277 1914//3277
f 1914//3278 1911//3278 109//3278
f 1915//3279 8//3279 7//3279
f 1916//3280 1915//3280 1917//3280
f 1723//3281 1916//3281 1918//3281
f 1915//3282 7//3282 1917//3282
f 1917//3283 7//3283 5//3283
f 1917//3284 5//3284 1919//3284
f 1919//3285 5//3285 4//3285
f 1919//3286 4//3286 1920//3286
f 1920//3287 4//3287 3//3287
f 1920//3288 3//3288 1907//3288
f 1916//3289 1917//3289 1918//3289
f 1918//3290 1917//3290 1919//3290
f 1918//3291 1919//3291 1921//3291
f 1921//3292 1919//3292 1920//3292
f 1921//3293 1920//3293 1922//3293
f 1922//3294 1920//3294 1907//3294
f 1922//3295 1907//3295 1905//3295
f 1723//3296 1918//3296 1724//3296
f 1724//3297 1918//3297 1921//3297
f 1724//3298 1921//3298 1725//3298
f 1725//3299 1921//3299 1922//3299
f 1725//3300 1922//3300 1726//3300
f 1726//3301 1922//3301 1905//3301
f 1726//3302 1905//3302 1727//3302
f 1923//3303 1924//3303 1925//3303
f 1926//3304 1923//3304 1927//3304
f 97//3305 1926//3305 1928//3305
f 1809//3306 1929//3306 1810//3306
f 1810//3307 1929//3307 1925//3307
f 1810//3308 1925//3308 1811//3308
f 1811//3309 1925//3309 1924//3309
f 1811//3310 1924//3310 1711//3310
f 1805//3311 1930//3311 1809//3311
f 1809//3312 1930//3312 1931//3312
f 1809//3313 1931//3313 1929//3313
f 1805//3314 1807//3314 1930//3314
f 1930//3315 1807//3315 1808//3315
f 1930//3316 1808//3316 1932//3316
f 1932//3317 1808//3317 1804//3317
f 1932//3318 1804//3318 1933//3318
f 1933//3319 1804//3319 1803//3319
f 1933//3320 1803//3320 1934//3320
f 1934//3321 1803//3321 1802//3321
f 1934//3322 1802//3322 1935//3322
f 1802//3323 1799//3323 1935//3323
f 1935//3324 1799//3324 1801//3324
f 1935//3325 1801//3325 1936//3325
f 1936//3326 1801//3326 1744//3326
f 1936//3327 1744//3327 1912//3327
f 1923//3328 1925//3328 1927//3328
f 1927//3329 1925//3329 1929//3329
f 1927//3330 1929//3330 1937//3330
f 1937//3331 1929//3331 1931//3331
f 1937//3332 1931//3332 1938//3332
f 1938//3333 1931//3333 1930//3333
f 1938//3334 1930//3334 1939//3334
f 1939//3335 1930//3335 1932//3335
f 1939//3336 1932//3336 1940//3336
f 1940//3337 1932//3337 1933//3337
f 1940//3338 1933//3338 1941//3338
f 1941//3339 1933//3339 1934//3339
f 1941//3340 1934//3340 1942//3340
f 1942//3341 1934//3341 1935//3341
f 1942//3342 1935//3342 1943//3342
f 1943//3343 1935//3343 1936//3343
f 1943//3344 1936//3344 1944//3344
f 1944//3345 1936//3345 1912//3345
f 1944//3346 1912//3346 1913//3346
f 1926//3347 1927//3347 1928//3347
f 1928//3348 1927//3348 1937//3348
f 1928//3349 1937//3349 1945//3349
f 1945//3350 1937//3350 1938//3350
f 1945//3351 1938//3351 1946//3351
f 1946//3352 1938//3352 1939//3352
f 1946//3353 1939//3353 1947//3353
f 1947//3354 1939//3354 1940//3354
f 1947//3354 1940//3354 1948//3354
f 1948//3355 1940//3355 1941//3355
f 1948//3356 1941//3356 1949//3356
f 1949//3357 1941//3357 1942//3357
f 1949//3358 1942//3358 1950//3358
f 1950//3359 1942//3359 1943//3359
f 1950//3360 1943//3360 1951//3360
f 1951//3361 1943//3361 1944//3361
f 1951//3362 1944//3362 1952//3362
f 1952//3363 1944//3363 1913//3363
f 1952//3364 1913//3364 1914//3364
f 97//3365 1928//3365 98//3365
f 98//3366 1928//3366 1945//3366
f 98//3367 1945//3367 99//3367
f 99//3368 1945//3368 1946//3368
f 99//3369 1946//3369 100//3369
f 100//3370 1946//3370 1947//3370
f 100//3371 1947//3371 102//3371
f 102//3372 1947//3372 1948//3372
f 102//3373 1948//3373 104//3373
f 104//3374 1948//3374 1949//3374
f 104//3375 1949//3375 116//3375
f 116//3376 1949//3376 1950//3376
f 116//3377 1950//3377 115//3377
f 115//3378 1950//3378 1951//3378
f 115//3379 1951//3379 113//3379
f 113//3380 1951//3380 1952//3380
f 113//3381 1952//3381 111//3381
f 111//3382 1952//3382 1914//3382
f 111//3383 1914//3383 109//3383
f 1953//3384 1717//3384 1716//3384
f 124//3385 125//3385 1954//3385
f 1954//3386 125//3386 1955//3386
f 1954//3387 1955//3387 1956//3387
f 1956//3388 1955//3388 1953//3388
f 1956//3389 1953//3389 1957//3389
f 1957//3390 1953//3390 1716//3390
f 1723//3391 1717//3391 1916//3391
f 1916//3392 1717//3392 1953//3392
f 1916//3393 1953//3393 1915//3393
f 1915//3394 1953//3394 1955//3394
f 1915//3395 1955//3395 8//3395
f 8//3396 1955//3396 125//3396
f 1713//3397 1711//3397 1958//3397
f 1958//3398 1711//3398 1924//3398
f 1958//3399 1924//3399 1959//3399
f 1959//3400 1924//3400 1923//3400
f 1959//3401 1923//3401 1960//3401
f 1960//3402 1923//3402 1926//3402
f 1960//3403 1926//3403 96//3403
f 96//3404 1926//3404 97//3404
f 1714//3405 1713//3405 1961//3405
f 1961//3406 1713//3406 1958//3406
f 1961//3407 1958//3407 1962//3407
f 1962//3408 1958//3408 1959//3408
f 1962//3409 1959//3409 1963//3409
f 1963//3410 1959//3410 1960//3410
f 1963//3411 1960//3411 95//3411
f 95//3412 1960//3412 96//3412
f 1957//3413 1716//3413 1798//3413
f 1956//3414 1957//3414 1964//3414
f 1954//3415 1956//3415 1965//3415
f 124//3416 1954//3416 1966//3416
f 1957//3417 1798//3417 1964//3417
f 1964//3418 1798//3418 1797//3418
f 1964//3419 1797//3419 1967//3419
f 1967//3420 1797//3420 1796//3420
f 1967//3421 1796//3421 1968//3421
f 1968//3422 1796//3422 1795//3422
f 1968//3423 1795//3423 1969//3423
f 1969//3424 1795//3424 1794//3424
f 1969//3425 1794//3425 1970//3425
f 1970//3426 1794//3426 1793//3426
f 1970//3427 1793//3427 1971//3427
f 1971//3428 1793//3428 1791//3428
f 1971//3429 1791//3429 1972//3429
f 1791//3430 1790//3430 1972//3430
f 1972//3431 1790//3431 1789//3431
f 1972//3432 1789//3432 1973//3432
f 1973//3433 1789//3433 1714//3433
f 1973//3434 1714//3434 1961//3434
f 1956//3435 1964//3435 1965//3435
f 1965//3436 1964//3436 1967//3436
f 1965//3437 1967//3437 1974//3437
f 1974//3438 1967//3438 1968//3438
f 1974//3439 1968//3439 1975//3439
f 1975//3440 1968//3440 1969//3440
f 1975//3441 1969//3441 1976//3441
f 1976//3442 1969//3442 1970//3442
f 1976//3443 1970//3443 1977//3443
f 1977//3444 1970//3444 1971//3444
f 1977//3445 1971//3445 1978//3445
f 1978//3446 1971//3446 1972//3446
f 1978//3447 1972//3447 1979//3447
f 1979//3448 1972//3448 1973//3448
f 1979//3449 1973//3449 1980//3449
f 1980//3450 1973//3450 1961//3450
f 1980//3451 1961//3451 1962//3451
f 1954//3452 1965//3452 1966//3452
f 1966//3453 1965//3453 1974//3453
f 1966//3454 1974//3454 1981//3454
f 1981//3455 1974//3455 1975//3455
f 1981//3456 1975//3456 1982//3456
f 1982//3457 1975//3457 1976//3457
f 1982//3458 1976//3458 1983//3458
f 1983//3459 1976//3459 1977//3459
f 1983//3460 1977//3460 1984//3460
f 1984//3461 1977//3461 1978//3461
f 1984//3462 1978//3462 1985//3462
f 1985//3463 1978//3463 1979//3463
f 1985//3464 1979//3464 1986//3464
f 1986//3465 1979//3465 1980//3465
f 1986//3466 1980//3466 1987//3466
f 1987//3467 1980//3467 1962//3467
f 1987//3468 1962//3468 1963//3468
f 124//3469 1966//3469 123//3469
f 123//3470 1966//3470 1981//3470
f 123//3471 1981//3471 121//3471
f 121//3472 1981//3472 1982//3472
f 121//3473 1982//3473 76//3473
f 76//3474 1982//3474 1983//3474
f 76//3475 1983//3475 77//3475
f 77//3476 1983//3476 1984//3476
f 77//3477 1984//3477 117//3477
f 117//3478 1984//3478 1985//3478
f 117//3479 1985//3479 118//3479
f 118//3480 1985//3480 1986//3480
f 118//3481 1986//3481 119//3481
f 119//3482 1986//3482 1987//3482
f 119//3483 1987//3483 94//3483
f 94//3484 1987//3484 1963//3484
f 94//3485 1963//3485 95//3485
f 1715//3486 1720//3486 1988//3486
f 1988//3486 1720//3486 1989//3486
f 1988//3487 1989//3487 1990//3487
f 1990//3487 1989//3487 1991//3487
f 1990//3488 1991//3488 1751//3488
f 1751//3488 1991//3488 1758//3488
f 1992//3489 1993//3489 1994//3489
f 1990//3490 1751//3490 1749//3490
f 1792//3491 1715//3491 1995//3491
f 1995//3492 1715//3492 1988//3492
f 1990//3493 1749//3493 1992//3493
f 1992//3494 1749//3494 1748//3494
f 1992//3494 1748//3494 1993//3494
f 1788//3495 1792//3495 1994//3495
f 1994//3495 1792//3495 1995//3495
f 1994//3489 1995//3489 1992//3489
f 1992//3496 1995//3496 1988//3496
f 1992//3497 1988//3497 1990//3497
f 1712//3498 1788//3498 1996//3498
f 1996//3499 1788//3499 1994//3499
f 1996//3500 1994//3500 1997//3500
f 1997//3501 1994//3501 1993//3501
f 1997//3502 1993//3502 1750//3502
f 1750//3503 1993//3503 1748//3503
f 1998//3504 1999//3504 2000//3504
f 2001//3505 1759//3505 1757//3505
f 1783//3506 1732//3506 2002//3506
f 2002//3507 1732//3507 2003//3507
f 2001//3508 1757//3508 1998//3508
f 1998//3509 1757//3509 1756//3509
f 1998//3509 1756//3509 1999//3509
f 1776//3510 1783//3510 2000//3510
f 2000//3510 1783//3510 2002//3510
f 2000//3504 2002//3504 1998//3504
f 1998//3511 2002//3511 2003//3511
f 1998//3512 2003//3512 2001//3512
f 1720//3513 1776//3513 1989//3513
f 1989//3514 1776//3514 2000//3514
f 1989//3515 2000//3515 1991//3515
f 1991//3516 2000//3516 1999//3516
f 1991//3517 1999//3517 1758//3517
f 1758//3518 1999//3518 1756//3518
f 1710//3519 1712//3519 2004//3519
f 2004//3519 1712//3519 1996//3519
f 2004//3520 1996//3520 2005//3520
f 2005//3520 1996//3520 1997//3520
f 2005//3521 1997//3521 1752//3521
f 1752//3521 1997//3521 1750//3521
f 1760//3522 1759//3522 2006//3522
f 2006//3522 1759//3522 2001//3522
f 2006//3523 2001//3523 2007//3523
f 2007//3523 2001//3523 2003//3523
f 2007//3524 2003//3524 1730//3524
f 1730//3524 2003//3524 1732//3524
f 2008//3525 2009//3525 2010//3525
f 2005//3526 1752//3526 1754//3526
f 1806//3527 1710//3527 2011//3527
f 2011//3528 1710//3528 2004//3528
f 2005//3529 1754//3529 2008//3529
f 2008//3530 1754//3530 1755//3530
f 2008//3530 1755//3530 2009//3530
f 1800//3531 1806//3531 2010//3531
f 2010//3531 1806//3531 2011//3531
f 2010//3525 2011//3525 2008//3525
f 2008//3532 2011//3532 2004//3532
f 2008//3533 2004//3533 2005//3533
f 1742//3534 1800//3534 2012//3534
f 2012//3535 1800//3535 2010//3535
f 2012//3536 2010//3536 2013//3536
f 2013//3537 2010//3537 2009//3537
f 2013//3538 2009//3538 1753//3538
f 1753//3539 2009//3539 1755//3539
f 2014//3540 2015//3540 2016//3540
f 2017//3541 1763//3541 1762//3541
f 1769//3542 1736//3542 2018//3542
f 2018//3543 1736//3543 2019//3543
f 2017//3544 1762//3544 2014//3544
f 2014//3545 1762//3545 1761//3545
f 2014//3545 1761//3545 2015//3545
f 1764//3546 1769//3546 2016//3546
f 2016//3546 1769//3546 2018//3546
f 2016//3540 2018//3540 2014//3540
f 2014//3547 2018//3547 2019//3547
f 2014//3548 2019//3548 2017//3548
f 1730//3549 1764//3549 2007//3549
f 2007//3550 1764//3550 2016//3550
f 2007//3551 2016//3551 2006//3551
f 2006//3552 2016//3552 2015//3552
f 2006//3553 2015//3553 1760//3553
f 1760//3554 2015//3554 1761//3554
f 1753//3555 1763//3555 2013//3555
f 2013//3555 1763//3555 2017//3555
f 2013//3556 2017//3556 2012//3556
f 2012//3556 2017//3556 2019//3556
f 2012//3557 2019//3557 1742//3557
f 1742//3557 2019//3557 1736//3557
