# Blender 5.0.1
# www.blender.org
mtllib Core Base-link.mtl
o Core_Plus_link
v -0.085876 -0.033060 0.234036
v -0.085876 -0.062330 0.233091
v -0.081275 -0.062994 0.234317
v -0.071900 -0.051050 0.235420
v -0.074678 -0.063173 0.234865
v -0.060998 -0.062646 0.235105
v -0.083775 -0.026142 0.234935
v -0.086202 -0.009931 0.234181
v -0.076417 -0.039828 0.235795
v -0.081275 -0.040405 0.235116
v 0.065755 -0.053974 0.057859
v 0.062251 -0.058063 0.232612
v 0.065872 -0.053801 0.229207
v 0.068734 -0.050047 0.236463
v 0.059924 -0.060307 0.236477
v 0.065662 0.054080 0.228372
v 0.068831 0.049908 0.236484
v 0.065710 0.054037 0.057878
v 0.063873 0.056249 0.231804
v 0.059715 0.060568 0.235989
v 0.069964 -0.048365 0.058000
v 0.075980 -0.038214 0.236439
v 0.076570 -0.037059 0.057988
v 0.080851 -0.026281 0.236533
v 0.081202 -0.025334 0.058000
v 0.082934 -0.018916 0.236000
v 0.082934 -0.018916 0.058000
v 0.083941 -0.013498 0.236522
v 0.084094 -0.012813 0.058000
v 0.085009 -0.000091 0.236538
v 0.085066 -0.000000 0.058000
v 0.083968 0.013290 0.236541
v 0.084094 0.012813 0.058000
v 0.082934 0.018916 0.236000
v 0.082934 0.018916 0.058000
v 0.080976 0.025895 0.236488
v 0.081202 0.025334 0.058000
v 0.076051 0.038080 0.236384
v 0.076545 0.037112 0.057975
v 0.069964 0.048365 0.058000
v -0.077778 0.018449 0.238000
v -0.082468 0.012888 0.237944
v -0.079934 -0.000000 0.238000
v -0.083468 -0.000182 0.237944
v -0.077778 -0.018449 0.238000
v 0.040066 -0.069282 0.238000
v 0.049313 -0.067473 0.237944
v 0.054965 -0.058190 0.238000
v 0.059262 -0.058938 0.237944
v 0.066905 -0.043961 0.238000
v -0.061218 0.051423 0.238000
v -0.067622 0.048952 0.237944
v -0.071425 0.035904 0.238000
v -0.074446 0.037761 0.237944
v -0.079453 0.025681 0.237932
v 0.004717 0.079865 0.238000
v -0.000117 0.083534 0.237944
v -0.013826 0.078785 0.238000
v -0.013182 0.082477 0.237944
v -0.031621 0.073457 0.238000
v 0.066905 0.043961 0.238000
v 0.067539 0.049247 0.237944
v 0.054965 0.058190 0.238000
v 0.059004 0.059196 0.237944
v 0.040066 0.069282 0.238000
v 0.004717 -0.079865 0.238000
v 0.013313 -0.082477 0.237944
v 0.023010 -0.076639 0.238000
v 0.026052 -0.079389 0.237944
v 0.038135 -0.074387 0.237932
v -0.031621 -0.073457 0.238000
v -0.025574 -0.079502 0.237944
v -0.013826 -0.078785 0.238000
v -0.012822 -0.082534 0.237944
v 0.000214 -0.083563 0.237932
v -0.082445 -0.013219 0.237932
v -0.079323 -0.025987 0.237944
v -0.071425 -0.035904 0.238000
v -0.074281 -0.038086 0.237944
v -0.061218 -0.051423 0.238000
v -0.025898 0.079427 0.237932
v -0.038020 0.074346 0.237944
v -0.047707 0.064170 0.238000
v -0.049182 0.067473 0.237944
v -0.059127 0.058983 0.237932
v 0.049062 0.067691 0.237932
v 0.037827 0.074512 0.237944
v 0.023010 0.076639 0.238000
v 0.025706 0.079502 0.237944
v 0.012991 0.082557 0.237932
v 0.067757 -0.048997 0.237932
v 0.074577 -0.037761 0.237944
v 0.075241 -0.027362 0.238000
v 0.079567 -0.025640 0.237944
v 0.079525 -0.009287 0.238000
v 0.082599 -0.012888 0.237944
v 0.080066 -0.000000 0.238000
v 0.083599 0.000182 0.237944
v 0.079525 0.009287 0.238000
v 0.082542 0.013248 0.237944
v 0.075241 0.027362 0.238000
v 0.079455 0.025987 0.237944
v 0.074453 0.038069 0.237932
v -0.067451 -0.049237 0.237932
v -0.058873 -0.059196 0.237944
v -0.047707 -0.064170 0.238000
v -0.048887 -0.067687 0.237944
v -0.037738 -0.074523 0.237932
v 0.065753 0.053382 0.054123
v 0.069515 0.048054 0.053359
v 0.065476 0.052570 0.051273
v 0.065997 0.046543 0.045465
v 0.070474 0.034356 0.043102
v 0.066559 0.040550 0.042681
v 0.066814 0.033422 0.040398
v 0.067410 0.027077 0.039476
v 0.069457 0.022723 0.039626
v 0.072517 0.011048 0.039799
v 0.067171 0.016273 0.038245
v 0.067409 0.000255 0.037902
v 0.073355 -0.000000 0.039799
v 0.072517 -0.011048 0.039799
v 0.066784 -0.016259 0.038092
v 0.070024 -0.021844 0.039799
v 0.066454 -0.032682 0.040026
v 0.067001 -0.042196 0.043748
v 0.070474 -0.034356 0.043102
v 0.074849 -0.023350 0.043102
v 0.066389 -0.051776 0.052098
v 0.066688 -0.048223 0.047822
v 0.073924 -0.036040 0.047764
v 0.069515 -0.048054 0.053359
v 0.075966 -0.037036 0.053359
v 0.080681 -0.025171 0.053359
v 0.083555 -0.012731 0.053359
v 0.084520 -0.000000 0.053359
v 0.083555 0.012731 0.053359
v 0.075966 0.037036 0.053359
v 0.080681 0.025171 0.053359
v 0.078513 -0.024494 0.047764
v 0.081309 -0.012389 0.047764
v 0.082248 -0.000000 0.047764
v 0.081309 0.012389 0.047764
v 0.078513 0.024494 0.047764
v 0.073924 0.036040 0.047764
v 0.066888 0.048044 0.047847
v 0.077514 -0.011810 0.043102
v 0.078409 -0.000000 0.043102
v 0.077514 0.011810 0.043102
v 0.074849 0.023350 0.043102
v 0.013271 -0.083375 0.237414
v 0.049953 0.068799 0.236588
v 0.033858 0.078005 0.236521
v 0.038058 0.075458 0.237358
v -0.059097 0.060427 0.237263
v -0.049386 0.068523 0.237339
v -0.068601 0.049189 0.237366
v -0.084806 -0.000002 0.236693
v -0.084422 0.008302 0.236640
v 0.051490 -0.067658 0.236502
v 0.040493 -0.074666 0.236600
v 0.014166 -0.083774 0.236589
v -0.001194 -0.084915 0.236670
v 0.006603 -0.084669 0.236558
v -0.013789 -0.083578 0.237061
v -0.026020 -0.080283 0.237414
v -0.024002 -0.081450 0.236682
v -0.059430 -0.059911 0.237402
v -0.049348 -0.068532 0.237333
v -0.039454 -0.074750 0.237298
v -0.032111 -0.078863 0.236107
v -0.084428 -0.008714 0.236599
v -0.083339 -0.013426 0.237362
v -0.082073 -0.020848 0.236980
v -0.079712 -0.027753 0.237379
v -0.075202 -0.038487 0.237304
v -0.067156 -0.051266 0.237332
v -0.084349 -0.000000 0.237414
v -0.083343 0.013892 0.237277
v -0.074333 0.040070 0.237322
v -0.080628 0.025683 0.237166
v -0.038859 0.075110 0.237263
v 0.014496 0.083685 0.236669
v -0.000915 0.084947 0.236607
v -0.013459 0.083638 0.237059
v -0.024057 0.081176 0.237173
v 0.026228 0.080746 0.236688
v 0.006609 0.084668 0.236558
v 0.060203 0.059616 0.237129
v 0.049683 -0.068293 0.237414
v 0.059755 -0.059690 0.237414
v 0.000066 -0.084414 0.237414
v 0.000066 0.084414 0.237414
v 0.013271 0.083375 0.237414
v 0.026151 0.080283 0.237414
v 0.068358 -0.049617 0.237414
v 0.075279 -0.038323 0.237414
v 0.080348 -0.026085 0.237414
v 0.083441 -0.013205 0.237414
v 0.084480 -0.000000 0.237414
v 0.083441 0.013205 0.237414
v 0.080348 0.026085 0.237414
v 0.075279 0.038323 0.237414
v 0.068358 0.049617 0.237414
v 0.049683 0.068293 0.237414
v 0.038678 -0.075163 0.237347
v 0.026043 -0.080594 0.237125
v -0.032924 0.078455 0.236226
v 0.065071 -0.056003 0.223228
v 0.064924 -0.057213 0.226265
v 0.064273 -0.058578 0.228438
v 0.062895 -0.059540 0.230246
v 0.065067 -0.055956 0.053086
v -0.086203 0.162633 0.172668
v -0.085876 0.161532 0.178267
v -0.087694 0.160972 0.172131
v -0.088222 0.158923 0.177326
v -0.089922 0.145930 0.189363
v -0.088748 0.158871 0.171793
v -0.089405 0.156829 0.171841
v -0.089417 0.150446 0.191271
v -0.088185 0.153764 0.192821
v -0.085876 0.157356 0.191131
v -0.089924 0.145838 0.046904
v -0.089895 0.153279 0.068205
v -0.089930 0.153037 0.167571
v -0.085876 0.161532 0.057733
v -0.088222 0.158923 0.058674
v -0.088399 0.159767 0.063868
v -0.087175 0.161668 0.063971
v -0.085785 0.162961 0.063985
v -0.089369 0.156958 0.064811
v -0.089438 0.150343 0.044820
v -0.088260 0.153632 0.043274
v -0.085876 0.157356 0.044869
v -0.080875 0.165008 0.171543
v -0.084336 0.163848 0.171899
v -0.081920 0.163904 0.175811
v -0.059066 0.167509 0.163732
v -0.064691 0.165014 0.176502
v -0.075302 0.165932 0.170248
v -0.075537 0.164747 0.176099
v -0.064712 0.162805 0.184796
v -0.064724 0.160082 0.192421
v -0.075537 0.162486 0.184608
v -0.081920 0.161653 0.184278
v -0.075537 0.159776 0.192215
v -0.081920 0.158955 0.191847
v -0.078211 0.165519 0.065019
v -0.075537 0.164747 0.059901
v -0.082566 0.164499 0.063429
v -0.050481 0.168501 0.079904
v -0.061278 0.167281 0.071014
v -0.071453 0.166296 0.066203
v -0.065204 0.165085 0.059815
v -0.064782 0.162842 0.051328
v -0.064752 0.160125 0.043685
v -0.075537 0.159776 0.043785
v -0.075537 0.162486 0.051392
v -0.081920 0.158955 0.044153
v -0.081920 0.161653 0.051722
v -0.046508 0.169032 0.150235
v -0.012260 0.168038 0.158938
v -0.012260 0.170424 0.118000
v -0.034915 0.170577 0.116402
v -0.012260 0.169854 0.138940
v -0.038410 0.170091 0.136433
v -0.012260 0.160041 0.192334
v 0.027299 0.159475 0.192081
v -0.012260 0.162635 0.185104
v 0.027299 0.162061 0.184876
v -0.012260 0.164820 0.177050
v 0.027299 0.164240 0.176849
v 0.027299 0.167451 0.158798
v 0.027299 0.169263 0.138869
v 0.027299 0.169833 0.118000
v -0.012260 0.169854 0.097060
v -0.012260 0.168038 0.077062
v -0.040422 0.169816 0.094584
v 0.027299 0.164240 0.059151
v 0.027299 0.162061 0.051124
v -0.012260 0.162635 0.050896
v 0.027299 0.169263 0.097131
v 0.027299 0.167451 0.077202
v -0.012260 0.164820 0.058950
v -0.012260 0.160041 0.043666
v 0.027299 0.159475 0.043919
v -0.089903 0.119150 0.020405
v -0.089873 0.135135 0.205876
v -0.089420 0.114240 0.221230
v -0.089427 0.129615 0.214074
v -0.088222 0.122984 0.220794
v -0.088222 0.132415 0.216106
v -0.088230 0.146687 0.204062
v -0.089441 0.140836 0.205590
v -0.088244 0.138914 0.211721
v -0.085876 0.154392 0.197350
v -0.085876 0.151046 0.202731
v -0.085876 0.147354 0.207364
v -0.085876 0.143352 0.211337
v -0.085876 0.139075 0.214740
v -0.085876 0.134560 0.217663
v -0.085876 0.124960 0.222426
v -0.089897 0.017290 0.227601
v -0.089911 0.111257 0.218427
v -0.089897 0.085713 0.011790
v -0.088222 0.122956 0.015225
v -0.089438 0.114815 0.015097
v -0.089405 0.133792 0.024261
v -0.085876 0.147352 0.028637
v -0.085876 0.143348 0.024666
v -0.088228 0.139454 0.024699
v -0.085876 0.154392 0.038650
v -0.088229 0.147085 0.032435
v -0.085876 0.151046 0.033269
v -0.089871 0.138368 0.033698
v -0.089429 0.143978 0.034265
v -0.085876 0.139067 0.021265
v -0.088222 0.132403 0.019902
v -0.085876 0.134547 0.018345
v -0.085876 0.124928 0.013595
v -0.064934 0.127093 0.224178
v -0.064744 0.136831 0.219367
v -0.064739 0.141428 0.216406
v -0.064737 0.145796 0.212947
v -0.064735 0.149882 0.208910
v -0.064731 0.153650 0.204204
v -0.064727 0.157062 0.198738
v -0.075537 0.126834 0.223974
v -0.075537 0.136596 0.219141
v -0.075537 0.141189 0.216175
v -0.075537 0.145539 0.212721
v -0.075537 0.149611 0.208689
v -0.075537 0.153365 0.203988
v -0.075537 0.156766 0.198527
v -0.081920 0.126198 0.223449
v -0.081920 0.135906 0.218640
v -0.081920 0.140472 0.215688
v -0.081920 0.144797 0.212252
v -0.081920 0.148845 0.208239
v -0.081920 0.152578 0.203561
v -0.081920 0.155961 0.198127
v -0.088222 0.061356 0.231292
v -0.085876 0.062330 0.233091
v -0.088222 0.083618 0.229733
v -0.085876 0.084946 0.231506
v -0.088222 0.100153 0.227499
v -0.085876 0.101746 0.229237
v -0.088222 0.112697 0.224537
v -0.085876 0.114496 0.226229
v -0.089428 0.049233 0.229493
v -0.089431 0.091100 0.226481
v -0.089872 0.088561 0.223872
v -0.089897 -0.017299 0.008444
v -0.089437 0.076109 0.008042
v -0.089427 0.098015 0.010811
v -0.088222 0.061270 0.004801
v -0.088222 0.083524 0.006344
v -0.088222 0.100074 0.008557
v -0.088222 0.112643 0.011498
v -0.085527 0.063184 0.002838
v -0.085876 0.084843 0.004577
v -0.085876 0.101659 0.006824
v -0.085876 0.114437 0.009810
v -0.081920 0.126169 0.012570
v -0.081920 0.135893 0.017368
v -0.081920 0.140465 0.020316
v -0.081920 0.144794 0.023751
v -0.081920 0.148844 0.027762
v -0.081920 0.152578 0.032439
v -0.081920 0.155961 0.037873
v -0.075537 0.126812 0.012040
v -0.075537 0.136587 0.016865
v -0.075537 0.141183 0.019828
v -0.075537 0.145537 0.023281
v -0.075537 0.149610 0.027312
v -0.075537 0.153365 0.032012
v -0.075537 0.156766 0.037473
v -0.062299 0.126463 0.011521
v -0.064694 0.136917 0.016688
v -0.064700 0.141525 0.019668
v -0.064708 0.145879 0.023129
v -0.064715 0.149954 0.027171
v -0.064720 0.153713 0.031886
v -0.064723 0.157117 0.037363
v -0.012260 0.127040 0.224144
v 0.027299 0.126601 0.223782
v -0.012260 0.136819 0.219303
v 0.027299 0.136344 0.218958
v -0.012260 0.141420 0.216332
v 0.027299 0.140926 0.215997
v -0.012260 0.145779 0.212873
v 0.027299 0.145268 0.212549
v -0.012260 0.149858 0.208834
v 0.027299 0.149330 0.208524
v -0.012260 0.153619 0.204125
v 0.027299 0.153077 0.203832
v -0.012260 0.157026 0.198656
v 0.027299 0.156471 0.198381
v -0.061578 0.115711 0.228325
v -0.063366 0.103818 0.231060
v -0.062274 0.087049 0.233342
v -0.075537 0.116203 0.227834
v -0.081920 0.115624 0.227289
v -0.075537 0.103258 0.230887
v -0.081920 0.102745 0.230327
v -0.075537 0.086206 0.233190
v -0.081920 0.085778 0.232619
v -0.051144 0.071085 0.234671
v -0.061224 0.062417 0.235123
v -0.075537 0.063254 0.234798
v -0.081920 0.062941 0.234218
v -0.086514 -0.000946 0.234025
v -0.088222 -0.000000 0.232533
v -0.085763 0.013474 0.234370
v -0.088222 0.032544 0.232223
v -0.088222 -0.032544 0.232223
v -0.085876 0.033060 0.234036
v -0.088222 -0.061356 0.231292
v -0.089438 -0.076193 0.228019
v -0.089432 -0.020146 0.230111
v -0.089927 -0.086440 0.223923
v -0.089923 -0.152973 0.069634
v -0.089909 -0.111241 0.017566
v -0.089428 -0.049179 0.006582
v -0.089432 0.020090 0.005970
v -0.088222 -0.061270 0.004801
v -0.088222 -0.032492 0.003881
v -0.088235 0.019790 0.003615
v -0.085498 -0.063213 0.002827
v -0.085876 -0.033004 0.002078
v -0.085357 0.000846 0.001463
v -0.085380 0.033276 0.001792
v -0.081464 0.063159 0.001796
v -0.081920 0.085684 0.003458
v -0.060740 0.115289 0.007569
v -0.075537 0.103195 0.005157
v -0.075537 0.116160 0.008194
v -0.075537 0.086132 0.002871
v -0.075537 0.063186 0.001276
v -0.063046 0.103442 0.004893
v -0.035873 0.094011 0.003374
v -0.062499 0.085931 0.002544
v -0.081920 0.102665 0.005729
v -0.081920 0.115569 0.008747
v -0.037525 0.063636 0.000902
v -0.010179 0.125357 0.011120
v -0.012260 0.136819 0.016697
v -0.012260 0.141420 0.019668
v -0.012260 0.145779 0.023127
v -0.012260 0.149858 0.027166
v -0.012260 0.153619 0.031875
v -0.012260 0.157026 0.037344
v 0.027382 0.125101 0.011538
v 0.027299 0.136344 0.017042
v 0.027299 0.140926 0.020003
v 0.027299 0.145268 0.023451
v 0.027299 0.149330 0.027476
v 0.027299 0.153077 0.032168
v 0.027299 0.156471 0.037619
v 0.057167 0.156582 0.190784
v 0.061068 0.154771 0.189972
v 0.057167 0.159125 0.183705
v 0.061068 0.157287 0.182972
v 0.057167 0.161271 0.175819
v 0.061068 0.159413 0.175174
v 0.057167 0.164443 0.158084
v 0.061068 0.162561 0.157637
v 0.057167 0.166242 0.138504
v 0.061068 0.164351 0.138275
v 0.057167 0.166809 0.118000
v 0.061068 0.164917 0.118000
v 0.050850 0.157918 0.191383
v 0.050850 0.160481 0.184246
v 0.050850 0.162642 0.176294
v 0.050850 0.165832 0.158414
v 0.050850 0.167637 0.138672
v 0.050850 0.168206 0.118000
v 0.041200 0.158856 0.191803
v 0.041200 0.161433 0.184625
v 0.041200 0.163605 0.176628
v 0.041200 0.166807 0.158646
v 0.041200 0.168617 0.138791
v 0.041200 0.169186 0.118000
v 0.057167 0.124360 0.221930
v 0.061068 0.122957 0.220771
v 0.057167 0.133909 0.217191
v 0.061068 0.132385 0.216085
v 0.057167 0.138399 0.214282
v 0.061085 0.139398 0.211306
v 0.057167 0.142652 0.210894
v 0.057167 0.146632 0.206940
v 0.061068 0.144944 0.205948
v 0.057167 0.150304 0.202329
v 0.061068 0.148569 0.201389
v 0.057167 0.153633 0.196974
v 0.061068 0.151856 0.196093
v 0.050850 0.125395 0.222785
v 0.050850 0.135033 0.218007
v 0.050850 0.139566 0.215074
v 0.050850 0.143860 0.211659
v 0.050850 0.147878 0.207672
v 0.050850 0.151585 0.203023
v 0.050850 0.154943 0.197623
v 0.041200 0.126122 0.223386
v 0.041200 0.135823 0.218580
v 0.041200 0.140386 0.215630
v 0.041200 0.144708 0.212195
v 0.041200 0.148753 0.208186
v 0.041200 0.152484 0.203510
v 0.041200 0.155864 0.198080
v 0.027180 0.083605 0.233264
v 0.011419 0.087189 0.233195
v 0.027270 0.101095 0.231086
v -0.012260 0.098211 0.231927
v -0.038800 0.078811 0.234147
v -0.023730 0.084508 0.233642
v -0.009381 0.087391 0.233331
v 0.037108 0.114882 0.227689
v -0.012260 0.113896 0.228723
v -0.070889 0.052501 0.235392
v -0.076745 0.043380 0.235477
v -0.081555 0.032926 0.235300
v -0.083347 0.021061 0.235356
v -0.088222 -0.122984 0.220794
v -0.085876 -0.124960 0.222426
v -0.088222 -0.112697 0.224537
v -0.085876 -0.114496 0.226229
v -0.088222 -0.100153 0.227499
v -0.085876 -0.101746 0.229237
v -0.088222 -0.083618 0.229733
v -0.085876 -0.084946 0.231506
v -0.089439 -0.114827 0.220930
v -0.089427 -0.098075 0.225231
v -0.089911 -0.119412 0.215434
v -0.089915 -0.134801 0.030478
v -0.089872 -0.088516 0.012154
v -0.089420 -0.114214 0.014794
v -0.089430 -0.091040 0.009570
v -0.088222 -0.122956 0.015225
v -0.088222 -0.112643 0.011498
v -0.088222 -0.100074 0.008557
v -0.088222 -0.083524 0.006344
v -0.085876 -0.124928 0.013595
v -0.085876 -0.114437 0.009810
v -0.085876 -0.101659 0.006824
v -0.085876 -0.084843 0.004577
v -0.062307 -0.064659 0.001045
v -0.079954 -0.062856 0.001546
v -0.078486 -0.032991 0.000452
v -0.083928 -0.033208 0.001365
v -0.078772 0.033757 0.000492
v -0.078768 0.000408 0.000170
v -0.035659 -0.032204 -0.000087
v -0.037583 0.000373 -0.000389
v -0.037583 0.033939 -0.000063
v -0.012260 0.080062 0.002068
v -0.012260 0.110652 0.006448
v 0.027049 0.113512 0.007596
v 0.036238 0.103178 0.005534
v 0.027299 0.093328 0.003835
v 0.036979 0.063025 0.001626
v 0.027110 0.082267 0.002636
v 0.041200 0.126122 0.012614
v 0.041200 0.135823 0.017420
v 0.041200 0.140386 0.020370
v 0.041200 0.144708 0.023805
v 0.041200 0.148753 0.027814
v 0.041200 0.152484 0.032490
v 0.041200 0.155864 0.037920
v 0.041200 0.158856 0.044197
v 0.050850 0.125395 0.013215
v 0.050850 0.135033 0.017993
v 0.050850 0.139566 0.020926
v 0.050850 0.143860 0.024341
v 0.050850 0.147878 0.028328
v 0.050850 0.151585 0.032977
v 0.050850 0.154943 0.038377
v 0.050850 0.157918 0.044617
v 0.057167 0.124360 0.014070
v 0.057167 0.133909 0.018809
v 0.057167 0.138399 0.021718
v 0.057167 0.142652 0.025106
v 0.057167 0.146632 0.029060
v 0.057167 0.150304 0.033671
v 0.057167 0.153633 0.039026
v 0.057167 0.156582 0.045216
v 0.061068 0.122957 0.015229
v 0.061068 0.132385 0.019915
v 0.061131 0.139031 0.024426
v 0.061068 0.144944 0.030052
v 0.061068 0.148569 0.034611
v 0.061068 0.151856 0.039907
v 0.061068 0.154771 0.046028
v 0.057167 0.166242 0.097496
v 0.061068 0.164351 0.097725
v 0.057167 0.164443 0.077916
v 0.061068 0.162561 0.078363
v 0.057167 0.161271 0.060181
v 0.061068 0.159413 0.060826
v 0.057167 0.159125 0.052295
v 0.061068 0.157287 0.053028
v 0.050850 0.167637 0.097328
v 0.050850 0.165832 0.077586
v 0.050850 0.162642 0.059706
v 0.050850 0.160481 0.051754
v 0.041200 0.168617 0.097209
v 0.041200 0.166807 0.077354
v 0.041200 0.163605 0.059372
v 0.041200 0.161433 0.051375
v -0.085876 -0.161532 0.178267
v -0.088355 -0.159896 0.172752
v -0.087175 -0.161668 0.172029
v -0.085785 -0.162961 0.172015
v -0.089455 -0.156639 0.171721
v -0.089926 -0.153038 0.167274
v -0.089431 -0.150578 0.190794
v -0.088234 -0.153842 0.192427
v -0.085876 -0.157356 0.191131
v 0.064568 0.149918 0.187706
v 0.064566 0.154212 0.173369
v 0.064569 0.158477 0.147353
v 0.065066 0.152064 0.145924
v 0.064570 0.159534 0.105744
v 0.063382 0.153740 0.185787
v 0.063379 0.157025 0.174345
v 0.063379 0.160142 0.157063
v 0.063379 0.161920 0.137981
v 0.063379 0.162485 0.118000
v 0.064570 0.114540 0.219471
v 0.065066 0.116178 0.213205
v 0.064566 0.128120 0.212988
v 0.064566 0.136432 0.206959
v 0.065066 0.134553 0.200032
v 0.064567 0.142335 0.200739
v 0.063379 0.121154 0.219282
v 0.063379 0.130427 0.214663
v 0.063379 0.138910 0.208527
v 0.063387 0.144823 0.202337
v 0.063379 0.149573 0.194961
v 0.046136 0.074765 0.233242
v 0.053225 0.069849 0.232867
v 0.057167 0.085601 0.230861
v 0.056611 0.066918 0.232485
v 0.061068 0.084646 0.229603
v 0.060184 0.063005 0.231715
v 0.050850 0.086306 0.231790
v 0.041200 0.086801 0.232442
v 0.038159 0.079139 0.233336
v 0.061068 0.112877 0.224452
v 0.061068 0.100653 0.227379
v 0.057167 0.114157 0.225653
v 0.057167 0.101791 0.228613
v 0.050850 0.115101 0.226538
v 0.050850 0.102630 0.229523
v 0.041200 0.103219 0.230162
v -0.074043 -0.086006 0.233308
v -0.051273 -0.071006 0.234673
v -0.081920 -0.102745 0.230327
v -0.075537 -0.103258 0.230887
v -0.081920 -0.085778 0.232619
v -0.062910 -0.116880 0.227956
v -0.064369 -0.102753 0.231230
v -0.051865 -0.095145 0.232422
v -0.042259 -0.076811 0.234297
v -0.081920 -0.115624 0.227289
v -0.081920 -0.126198 0.223449
v -0.075537 -0.116203 0.227834
v -0.075537 -0.126834 0.223974
v -0.064616 -0.127119 0.224175
v -0.089405 -0.133807 0.211734
v -0.089430 -0.143979 0.201734
v -0.088229 -0.147087 0.203564
v -0.089872 -0.142602 0.197676
v -0.088229 -0.139461 0.211302
v -0.088222 -0.132415 0.216106
v -0.085876 -0.154392 0.197350
v -0.085876 -0.151046 0.202731
v -0.085876 -0.147354 0.207364
v -0.085876 -0.143352 0.211337
v -0.085876 -0.139075 0.214740
v -0.085876 -0.134560 0.217663
v -0.089885 -0.147688 0.049413
v -0.088222 -0.158923 0.058674
v -0.088748 -0.158871 0.064207
v -0.089388 -0.156906 0.064113
v -0.086203 -0.162633 0.063332
v -0.085876 -0.161532 0.057733
v -0.087694 -0.160972 0.063869
v -0.089429 -0.150184 0.044346
v -0.088228 -0.153535 0.042893
v -0.085876 -0.157356 0.044869
v -0.089427 -0.129606 0.021932
v -0.089441 -0.140831 0.030407
v -0.085876 -0.154392 0.038650
v -0.085876 -0.151046 0.033269
v -0.088230 -0.146685 0.031937
v -0.085876 -0.147352 0.028637
v -0.085876 -0.143348 0.024666
v -0.088244 -0.138907 0.024281
v -0.085876 -0.139067 0.021265
v -0.085876 -0.134547 0.018345
v -0.088222 -0.132403 0.019902
v -0.075537 -0.086132 0.002871
v -0.081920 -0.085684 0.003458
v -0.081920 -0.126169 0.012570
v -0.081920 -0.115569 0.008747
v -0.081920 -0.102665 0.005729
v -0.075537 -0.126812 0.012040
v -0.075537 -0.116160 0.008194
v -0.075537 -0.103195 0.005157
v -0.064830 -0.127120 0.011847
v -0.064775 -0.116426 0.007974
v -0.063919 -0.103535 0.004931
v -0.063936 -0.086433 0.002617
v -0.012524 -0.066008 0.001130
v 0.031887 -0.064588 0.001551
v 0.032461 -0.033553 0.000557
v 0.032464 -0.000110 0.000236
v 0.033390 0.032966 0.000569
v 0.041200 0.115554 0.008776
v 0.041200 0.085727 0.003450
v 0.050850 0.062545 0.002513
v 0.050850 0.085238 0.004103
v 0.050850 0.102097 0.006380
v 0.050850 0.114892 0.009399
v 0.057167 0.062034 0.003455
v 0.057167 0.084543 0.005032
v 0.057167 0.101263 0.007290
v 0.057167 0.113950 0.010285
v 0.061068 0.061343 0.004733
v 0.061068 0.083600 0.006292
v 0.061068 0.100131 0.008525
v 0.061068 0.112672 0.011486
v 0.063379 0.138910 0.027473
v 0.063388 0.144478 0.033234
v 0.063379 0.149573 0.041039
v 0.063391 0.153488 0.049567
v 0.063379 0.121154 0.016718
v 0.063379 0.130427 0.021337
v 0.064571 0.112946 0.015966
v 0.064566 0.128120 0.023012
v 0.064566 0.136432 0.029041
v 0.064568 0.141758 0.034537
v 0.064569 0.149318 0.046891
v 0.065066 0.130638 0.031607
v 0.065066 0.143137 0.049650
v 0.064570 0.155826 0.069606
v 0.063379 0.161920 0.098019
v 0.063379 0.160142 0.078937
v 0.063379 0.157025 0.061655
v -0.071445 -0.166297 0.169794
v -0.061277 -0.167281 0.164986
v -0.050481 -0.168501 0.156096
v -0.065204 -0.165085 0.176185
v -0.078207 -0.165520 0.170980
v -0.075537 -0.164747 0.176099
v -0.082566 -0.164499 0.172571
v -0.081920 -0.161653 0.184278
v -0.075537 -0.162486 0.184608
v -0.064782 -0.162842 0.184672
v -0.081920 -0.158955 0.191847
v -0.075537 -0.159776 0.192215
v -0.064752 -0.160125 0.192315
v 0.065066 0.145300 0.181422
v 0.063217 0.060842 0.229803
v 0.063379 0.082388 0.228089
v 0.064566 0.059406 0.227692
v 0.065060 0.056442 0.224024
v 0.064573 0.092299 0.224915
v 0.065066 0.088671 0.220676
v 0.063379 0.098678 0.225888
v 0.063379 0.111030 0.222970
v -0.003535 -0.090157 0.232936
v -0.027966 -0.083312 0.233771
v 0.012979 -0.086974 0.233196
v 0.036953 -0.103290 0.230408
v 0.028104 -0.085546 0.233020
v 0.036925 -0.115939 0.227392
v -0.012260 -0.104800 0.230811
v -0.012260 -0.127040 0.224144
v -0.012260 -0.120362 0.226726
v -0.012260 -0.112992 0.228965
v 0.027299 -0.126601 0.223782
v -0.064723 -0.157117 0.198637
v -0.064719 -0.153713 0.204115
v -0.064716 -0.149954 0.208830
v -0.064714 -0.145879 0.212874
v -0.064713 -0.141526 0.216336
v -0.064707 -0.136916 0.219319
v -0.075537 -0.156766 0.198527
v -0.075537 -0.153365 0.203988
v -0.075537 -0.149611 0.208689
v -0.075537 -0.145539 0.212721
v -0.075537 -0.141189 0.216175
v -0.075537 -0.136596 0.219141
v -0.081920 -0.155961 0.198127
v -0.081920 -0.152578 0.203561
v -0.081920 -0.148845 0.208239
v -0.081920 -0.144797 0.212252
v -0.081920 -0.140472 0.215688
v -0.081920 -0.135906 0.218640
v -0.059066 -0.167509 0.072268
v -0.064691 -0.165014 0.059498
v -0.075302 -0.165932 0.065752
v -0.080875 -0.165008 0.064457
v -0.081920 -0.163904 0.060189
v -0.084336 -0.163848 0.064101
v -0.081920 -0.161653 0.051722
v -0.081920 -0.158955 0.044153
v -0.075537 -0.159776 0.043785
v -0.075537 -0.162486 0.051392
v -0.075537 -0.164747 0.059901
v -0.064724 -0.160082 0.043579
v -0.064712 -0.162805 0.051204
v -0.081920 -0.155961 0.037873
v -0.081920 -0.152578 0.032439
v -0.081920 -0.148844 0.027762
v -0.081920 -0.144794 0.023751
v -0.081920 -0.140465 0.020316
v -0.081920 -0.135893 0.017368
v -0.075537 -0.156766 0.037473
v -0.075537 -0.153365 0.032012
v -0.075537 -0.149610 0.027312
v -0.075537 -0.145537 0.023281
v -0.075537 -0.141183 0.019828
v -0.075537 -0.136587 0.016865
v -0.064728 -0.157062 0.037262
v -0.064729 -0.153650 0.031797
v -0.064729 -0.149882 0.027091
v -0.064725 -0.145795 0.023055
v -0.064715 -0.141427 0.019597
v -0.064705 -0.136828 0.016637
v -0.012260 -0.104798 0.005191
v -0.012260 -0.127039 0.011857
v -0.012260 -0.120361 0.009275
v -0.012260 -0.112990 0.007036
v 0.036836 -0.102804 0.005501
v -0.012260 -0.095097 0.003636
v 0.036376 -0.086035 0.003241
v -0.012260 -0.083115 0.002327
v 0.037197 -0.115672 0.008549
v 0.027299 -0.126601 0.012218
v 0.049445 -0.063034 0.002374
v 0.046907 -0.033270 0.001228
v 0.046907 -0.000000 0.000911
v 0.046907 0.033270 0.001228
v 0.057500 -0.062732 0.003520
v 0.054505 -0.033044 0.002022
v 0.054505 -0.000000 0.001707
v 0.056940 0.033605 0.002409
v 0.058381 -0.032817 0.002816
v 0.058381 -0.000000 0.002503
v 0.061068 -0.061343 0.004733
v 0.061068 -0.032536 0.003802
v 0.061068 -0.000000 0.003492
v 0.061068 0.032536 0.003802
v 0.063379 0.060454 0.006374
v 0.063379 0.082388 0.007911
v 0.063379 0.098678 0.010112
v 0.063379 0.111030 0.013030
v 0.064567 0.048370 0.007756
v 0.064566 0.080960 0.009818
v 0.064566 0.096965 0.011981
v 0.065066 0.069452 0.013287
v 0.065066 0.103143 0.018093
v 0.065066 0.152172 0.085069
v -0.012260 -0.169854 0.138940
v -0.034915 -0.170577 0.119598
v -0.012260 -0.170424 0.118000
v -0.012260 -0.168038 0.158938
v -0.040422 -0.169816 0.141416
v -0.012260 -0.164820 0.177050
v -0.012260 -0.160041 0.192334
v -0.012260 -0.162635 0.185104
v 0.027299 -0.159475 0.192081
v 0.027299 -0.162061 0.184876
v 0.027299 -0.164240 0.176849
v 0.027299 -0.167451 0.158798
v 0.027299 -0.169263 0.138869
v 0.027299 -0.169833 0.118000
v 0.065070 0.055697 0.053096
v 0.064949 0.057524 0.226116
v 0.064680 0.057029 0.227633
v 0.064112 0.058795 0.228758
v 0.060771 -0.064557 0.231264
v 0.056761 -0.066782 0.232458
v 0.057167 -0.085601 0.230861
v 0.057167 -0.124360 0.221930
v 0.061068 -0.122957 0.220771
v 0.057167 -0.114157 0.225653
v 0.061068 -0.112877 0.224452
v 0.057167 -0.101791 0.228613
v 0.061068 -0.100653 0.227379
v 0.061068 -0.084646 0.229603
v 0.050850 -0.125395 0.222785
v 0.050850 -0.115101 0.226538
v 0.050850 -0.102630 0.229523
v 0.050850 -0.086306 0.231790
v 0.053220 -0.069856 0.232876
v 0.041200 -0.126122 0.223386
v 0.041200 -0.086801 0.232442
v 0.044059 -0.076143 0.233273
v -0.012260 -0.157026 0.198656
v 0.027299 -0.156471 0.198381
v -0.012260 -0.153619 0.204125
v 0.027299 -0.153077 0.203832
v -0.012260 -0.149858 0.208834
v 0.027299 -0.149330 0.208524
v -0.012260 -0.145779 0.212873
v 0.027299 -0.145268 0.212549
v -0.012260 -0.141420 0.216332
v 0.027299 -0.140926 0.215997
v -0.012260 -0.136819 0.219303
v 0.027299 -0.136344 0.218958
v -0.046508 -0.169032 0.085765
v -0.012260 -0.168038 0.077062
v -0.012260 -0.169854 0.097060
v -0.038410 -0.170091 0.099567
v -0.012260 -0.160041 0.043666
v -0.012260 -0.162635 0.050896
v -0.012260 -0.164820 0.058950
v 0.027299 -0.169263 0.097131
v 0.027299 -0.167451 0.077202
v 0.027299 -0.164240 0.059151
v 0.027299 -0.162061 0.051124
v 0.027299 -0.159475 0.043919
v -0.012260 -0.157026 0.037344
v -0.012260 -0.153619 0.031875
v -0.012260 -0.149858 0.027166
v -0.012260 -0.145779 0.023127
v -0.012260 -0.141420 0.019668
v -0.012260 -0.136819 0.016697
v 0.027299 -0.156471 0.037619
v 0.027299 -0.153077 0.032168
v 0.027299 -0.149330 0.027476
v 0.027299 -0.145268 0.023451
v 0.027299 -0.140926 0.020003
v 0.027299 -0.136344 0.017042
v 0.057167 -0.084543 0.005032
v 0.041200 -0.126122 0.012614
v 0.050850 -0.085238 0.004103
v 0.050850 -0.125395 0.013215
v 0.050850 -0.114892 0.009399
v 0.050850 -0.102097 0.006380
v 0.057167 -0.124360 0.014070
v 0.057167 -0.113950 0.010285
v 0.057167 -0.101263 0.007290
v 0.061068 -0.122957 0.015229
v 0.061068 -0.112672 0.011486
v 0.061068 -0.100131 0.008525
v 0.061068 -0.083600 0.006292
v 0.063379 -0.060454 0.006374
v 0.063379 -0.032065 0.005458
v 0.063379 -0.000000 0.005152
v 0.063379 0.032065 0.005458
v 0.064572 -0.075539 0.009231
v 0.064569 -0.020261 0.007156
v 0.065066 -0.004177 0.011298
v 0.041200 -0.158856 0.191803
v 0.050850 -0.157918 0.191383
v 0.041200 -0.161433 0.184625
v 0.057167 -0.156582 0.190784
v 0.050850 -0.160481 0.184246
v 0.061068 -0.154771 0.189972
v 0.057167 -0.159125 0.183705
v 0.041200 -0.163605 0.176628
v 0.041200 -0.166807 0.158646
v 0.041200 -0.168617 0.138791
v 0.041200 -0.169186 0.118000
v 0.050850 -0.162642 0.176294
v 0.050850 -0.165832 0.158414
v 0.050850 -0.167637 0.138672
v 0.050850 -0.168206 0.118000
v 0.057167 -0.161271 0.175819
v 0.057167 -0.164443 0.158084
v 0.057167 -0.166242 0.138504
v 0.057167 -0.166809 0.118000
v 0.061068 -0.157287 0.182972
v 0.061068 -0.159413 0.175174
v 0.061068 -0.162561 0.157637
v 0.061068 -0.164351 0.138275
v 0.061068 -0.164917 0.118000
v 0.063379 -0.082388 0.228089
v 0.064572 -0.090623 0.225145
v 0.064571 -0.112946 0.220034
v 0.065071 -0.107488 0.217028
v 0.063379 -0.121154 0.219282
v 0.063379 -0.111030 0.222970
v 0.063379 -0.098678 0.225888
v 0.057167 -0.153633 0.196974
v 0.061068 -0.151856 0.196093
v 0.057167 -0.150304 0.202329
v 0.061068 -0.148569 0.201389
v 0.057167 -0.146632 0.206940
v 0.061068 -0.144944 0.205948
v 0.057167 -0.142652 0.210894
v 0.061131 -0.139031 0.211574
v 0.057167 -0.138399 0.214282
v 0.057167 -0.133909 0.217191
v 0.061068 -0.132385 0.216085
v 0.050850 -0.154943 0.197623
v 0.050850 -0.151585 0.203023
v 0.050850 -0.147878 0.207672
v 0.050850 -0.143860 0.211659
v 0.050850 -0.139566 0.215074
v 0.050850 -0.135033 0.218007
v 0.041200 -0.155864 0.198080
v 0.041200 -0.152484 0.203510
v 0.041200 -0.148753 0.208186
v 0.041200 -0.144708 0.212195
v 0.041200 -0.140386 0.215630
v 0.041200 -0.135823 0.218580
v 0.041200 -0.168617 0.097209
v 0.050850 -0.167637 0.097328
v 0.057167 -0.166242 0.097496
v 0.041200 -0.166807 0.077354
v 0.041200 -0.163605 0.059372
v 0.041200 -0.161433 0.051375
v 0.041200 -0.158856 0.044197
v 0.050850 -0.165832 0.077586
v 0.050850 -0.162642 0.059706
v 0.050850 -0.160481 0.051754
v 0.050850 -0.157918 0.044617
v 0.057167 -0.164443 0.077916
v 0.057167 -0.161271 0.060181
v 0.057167 -0.159125 0.052295
v 0.057167 -0.156582 0.045216
v 0.061068 -0.164351 0.097725
v 0.061068 -0.162561 0.078363
v 0.061068 -0.159413 0.060826
v 0.061068 -0.157287 0.053028
v 0.061068 -0.154771 0.046028
v 0.041200 -0.155864 0.037920
v 0.041200 -0.152484 0.032490
v 0.041200 -0.148753 0.027814
v 0.041200 -0.144708 0.023805
v 0.041200 -0.140386 0.020370
v 0.041200 -0.135823 0.017420
v 0.050850 -0.154943 0.038377
v 0.050850 -0.151585 0.032977
v 0.050850 -0.147878 0.028328
v 0.050850 -0.143860 0.024341
v 0.050850 -0.139566 0.020926
v 0.050850 -0.135033 0.017993
v 0.057167 -0.153633 0.039026
v 0.057167 -0.150304 0.033671
v 0.057167 -0.146632 0.029060
v 0.057167 -0.142652 0.025106
v 0.057167 -0.138399 0.021718
v 0.057167 -0.133909 0.018809
v 0.061068 -0.151856 0.039907
v 0.061068 -0.148569 0.034611
v 0.061068 -0.144944 0.030052
v 0.061085 -0.139398 0.024694
v 0.061068 -0.132385 0.019915
v 0.063379 -0.121154 0.016718
v 0.063379 -0.111030 0.013030
v 0.063379 -0.098678 0.010112
v 0.063379 -0.082388 0.007911
v 0.064570 -0.114540 0.016529
v 0.064566 -0.096965 0.011981
v 0.065066 -0.116178 0.022795
v 0.065066 -0.083612 0.014417
v 0.065060 0.048877 0.042993
v 0.065065 0.032110 0.035723
v 0.065090 -0.050938 0.046227
v 0.065105 -0.038119 0.038802
v 0.065065 -0.016885 0.033810
v 0.063338 -0.151111 0.192301
v 0.064561 -0.148364 0.191001
v 0.063389 -0.156316 0.177494
v 0.064568 -0.153586 0.176200
v 0.063379 -0.160142 0.157063
v 0.063379 -0.161920 0.137981
v 0.063379 -0.162485 0.118000
v 0.064569 -0.158477 0.147353
v 0.064570 -0.159534 0.105744
v 0.065066 -0.153831 0.126693
v 0.064566 -0.136432 0.206959
v 0.064566 -0.128120 0.212988
v 0.063379 -0.130427 0.214663
v 0.065066 -0.133610 0.201061
v 0.064568 -0.141758 0.201463
v 0.063388 -0.144478 0.202766
v 0.063379 -0.138910 0.208527
v 0.063379 -0.161920 0.098019
v 0.063379 -0.160142 0.078937
v 0.063379 -0.157025 0.061655
v 0.063418 -0.153553 0.049902
v 0.064570 -0.155826 0.069606
v 0.064575 -0.149568 0.047621
v 0.065066 -0.146637 0.057850
v 0.063379 -0.130427 0.021337
v 0.063379 -0.138910 0.027473
v 0.063379 -0.149573 0.041039
v 0.063387 -0.144823 0.033663
v 0.064567 -0.142335 0.035261
v 0.064566 -0.136432 0.029041
v 0.064566 -0.128120 0.023012
v 0.065066 -0.134553 0.035968
v 0.065066 -0.144990 0.182483
v -0.053252 0.166991 0.080321
v -0.058103 0.166418 0.076141
v -0.051398 0.159759 0.082258
v -0.060136 0.160000 0.074776
v -0.048891 0.167481 0.085153
v -0.046029 0.160000 0.089215
v -0.045020 0.168050 0.090651
v -0.042515 0.168348 0.095274
v -0.041544 0.159929 0.097576
v -0.040331 0.168693 0.100564
v -0.038191 0.159838 0.108868
v -0.038535 0.168948 0.106920
v -0.037785 0.168987 0.111433
v -0.037434 0.160000 0.118002
v -0.037353 0.169110 0.118038
v -0.037814 0.168974 0.124807
v -0.038149 0.159876 0.126898
v -0.038975 0.168874 0.130930
v -0.041492 0.159937 0.138306
v -0.040300 0.168723 0.135389
v -0.042599 0.168366 0.140915
v -0.046032 0.160000 0.146789
v -0.046126 0.167904 0.147090
v -0.049016 0.167469 0.151015
v -0.049399 0.160000 0.151364
v -0.053369 0.166953 0.155783
v -0.052385 0.160000 0.154692
v -0.058674 0.166323 0.160301
v -0.060139 0.160000 0.161226
v -0.078652 0.160000 0.169273
v -0.074291 0.164739 0.168238
v -0.070344 0.159753 0.166767
v -0.067433 0.165450 0.165533
v -0.063766 0.165862 0.163644
v -0.086060 0.161205 0.170494
v -0.082962 0.163265 0.170225
v -0.078647 0.160000 0.066728
v -0.079814 0.163382 0.066445
v -0.087447 0.159191 0.065493
v -0.070282 0.159832 0.069253
v -0.073255 0.164198 0.068206
v -0.061426 0.166015 0.073804
v -0.067370 0.165439 0.070503
v -0.042388 0.154999 0.114217
v -0.043321 0.155000 0.127134
v -0.087950 0.155000 0.165500
v -0.075433 0.154996 0.163382
v -0.047333 0.154999 0.096557
v -0.059835 0.154999 0.154998
v -0.048101 0.154999 0.140905
v -0.058573 0.154999 0.082068
v -0.073575 0.154991 0.073298
v -0.088502 0.154932 0.069986
v -0.078647 -0.160000 0.169272
v -0.079811 -0.163382 0.169555
v -0.087447 -0.159191 0.170507
v -0.070282 -0.159832 0.166747
v -0.073251 -0.164198 0.167792
v -0.060136 -0.160000 0.161224
v -0.061419 -0.166016 0.162192
v -0.067362 -0.165439 0.165493
v -0.058096 -0.166419 0.159853
v -0.051397 -0.159759 0.153741
v -0.053252 -0.166991 0.155679
v -0.048891 -0.167481 0.150847
v -0.046029 -0.160000 0.146785
v -0.045020 -0.168050 0.145349
v -0.042515 -0.168348 0.140726
v -0.041544 -0.159929 0.138424
v -0.040331 -0.168693 0.135436
v -0.038191 -0.159838 0.127132
v -0.038535 -0.168948 0.129080
v -0.037785 -0.168987 0.124567
v -0.037434 -0.160000 0.117998
v -0.037353 -0.169110 0.117962
v -0.037814 -0.168974 0.111193
v -0.038149 -0.159876 0.109102
v -0.038975 -0.168874 0.105070
v -0.041492 -0.159937 0.097694
v -0.040300 -0.168723 0.100611
v -0.042599 -0.168366 0.095085
v -0.046032 -0.160000 0.089211
v -0.046126 -0.167904 0.088910
v -0.049016 -0.167469 0.084985
v -0.049399 -0.160000 0.084636
v -0.053369 -0.166953 0.080217
v -0.052385 -0.160000 0.081308
v -0.058674 -0.166323 0.075699
v -0.060139 -0.160000 0.074774
v -0.078652 -0.160000 0.066727
v -0.074291 -0.164739 0.067762
v -0.070343 -0.159753 0.069233
v -0.067433 -0.165450 0.070467
v -0.063767 -0.165862 0.072356
v -0.086060 -0.161205 0.065506
v -0.082962 -0.163265 0.065775
v -0.048101 -0.154999 0.095095
v -0.042548 -0.154999 0.112572
v -0.044003 -0.154999 0.130853
v -0.087948 -0.155003 0.165922
v -0.088591 -0.154920 0.070392
v -0.075433 -0.154996 0.072619
v -0.059835 -0.154999 0.081002
v -0.052250 -0.154999 0.147233
v -0.062974 -0.155000 0.157107
v -0.073575 -0.154991 0.162702
v -0.069157 0.158087 0.165799
v -0.041668 0.158087 0.137668
v -0.038787 0.158087 0.107983
v -0.052654 0.158087 0.081577
v -0.079315 0.155381 0.166259
v -0.070236 0.155381 0.163317
v -0.061891 0.155381 0.158685
v -0.054593 0.155381 0.152535
v -0.048613 0.155381 0.145096
v -0.044174 0.155381 0.136647
v -0.041443 0.155381 0.127502
v -0.040521 0.155381 0.118002
v -0.041442 0.155381 0.108503
v -0.044173 0.155381 0.099357
v -0.048610 0.155381 0.090907
v -0.054590 0.155381 0.083468
v -0.061887 0.155381 0.077318
v -0.070232 0.155381 0.072685
v -0.087685 0.158600 0.170355
v -0.078734 0.158087 0.168902
v -0.088153 0.157356 0.169825
v -0.078967 0.156464 0.167843
v -0.088391 0.156046 0.168664
v -0.088467 0.155219 0.167173
v -0.079311 0.155381 0.069742
v -0.088466 0.155431 0.068302
v -0.078962 0.156464 0.068158
v -0.088693 0.156280 0.066916
v -0.078729 0.158087 0.067099
v -0.088124 0.157558 0.066044
v -0.069153 0.158087 0.070203
v -0.069585 0.156464 0.071197
v -0.060967 0.156464 0.075982
v -0.060352 0.158087 0.075090
v -0.053429 0.156464 0.082335
v -0.047254 0.156464 0.090018
v -0.046347 0.158087 0.089424
v -0.041667 0.158087 0.098336
v -0.042670 0.156464 0.098745
v -0.039850 0.156464 0.108191
v -0.038899 0.156464 0.118002
v -0.037815 0.158087 0.118002
v -0.038788 0.158087 0.128022
v -0.039851 0.156464 0.127814
v -0.042672 0.156464 0.137259
v -0.047256 0.156464 0.145986
v -0.046350 0.158087 0.146580
v -0.052657 0.158087 0.154426
v -0.053433 0.156464 0.153668
v -0.060971 0.156464 0.160021
v -0.060355 0.158087 0.160913
v -0.069589 0.156464 0.164805
v -0.069157 -0.158087 0.070201
v -0.041668 -0.158087 0.098332
v -0.038787 -0.158087 0.128018
v -0.052654 -0.158087 0.154423
v -0.079315 -0.155381 0.069741
v -0.070236 -0.155381 0.072683
v -0.061891 -0.155381 0.077315
v -0.054593 -0.155381 0.083465
v -0.048613 -0.155381 0.090904
v -0.044174 -0.155381 0.099353
v -0.041443 -0.155381 0.108498
v -0.040521 -0.155381 0.117998
v -0.041442 -0.155381 0.127497
v -0.044173 -0.155381 0.136643
v -0.048610 -0.155381 0.145093
v -0.054590 -0.155381 0.152532
v -0.061888 -0.155381 0.158682
v -0.070232 -0.155381 0.163315
v -0.079311 -0.155381 0.166258
v -0.088466 -0.155431 0.167698
v -0.078962 -0.156464 0.167842
v -0.088375 -0.156337 0.169014
v -0.078729 -0.158087 0.168901
v -0.088124 -0.157558 0.169956
v -0.087685 -0.158600 0.065645
v -0.078734 -0.158087 0.067098
v -0.088153 -0.157356 0.066175
v -0.078967 -0.156464 0.068157
v -0.088715 -0.155992 0.067266
v -0.088467 -0.155219 0.068827
v -0.069153 -0.158087 0.165797
v -0.069585 -0.156464 0.164803
v -0.060967 -0.156464 0.160018
v -0.060352 -0.158087 0.160910
v -0.053429 -0.156464 0.153665
v -0.047254 -0.156464 0.145982
v -0.046347 -0.158087 0.146576
v -0.041667 -0.158087 0.137664
v -0.042670 -0.156464 0.137255
v -0.039850 -0.156464 0.127809
v -0.038899 -0.156464 0.117998
v -0.037815 -0.158087 0.117998
v -0.038788 -0.158087 0.107978
v -0.039851 -0.156464 0.108186
v -0.042672 -0.156464 0.098741
v -0.047256 -0.156464 0.090014
v -0.046350 -0.158087 0.089420
v -0.052657 -0.158087 0.081574
v -0.053432 -0.156464 0.082332
v -0.060971 -0.156464 0.075980
v -0.060355 -0.158087 0.075087
v -0.069589 -0.156464 0.071195
v -0.089019 -0.154700 0.126916
v -0.089682 -0.153982 0.125348
v -0.089581 -0.154118 0.070541
v -0.089507 -0.154566 0.068476
v -0.088818 -0.157522 0.065491
v -0.089602 -0.155452 0.066156
v -0.086373 -0.161943 0.064941
v -0.089001 -0.154724 0.166017
v -0.089698 -0.153975 0.167223
v -0.086304 -0.162476 0.064239
v -0.089402 -0.156298 0.170422
v -0.088571 -0.159132 0.171630
v -0.085225 -0.162291 0.170509
v -0.089162 -0.155416 0.168693
v -0.088621 -0.158059 0.170719
v -0.086417 -0.161916 0.171057
v -0.083265 -0.163914 0.065195
v -0.065051 -0.166894 0.070082
v -0.073893 -0.165655 0.067234
v -0.065308 -0.166491 0.070788
v -0.057955 -0.167248 0.075525
v -0.055306 -0.167899 0.076605
v -0.052899 -0.167822 0.079880
v -0.047077 -0.168536 0.086501
v -0.041981 -0.169465 0.094491
v -0.038539 -0.170032 0.102037
v -0.039107 -0.169602 0.102435
v -0.037264 -0.169860 0.111356
v -0.036251 -0.170340 0.114056
v -0.036848 -0.169916 0.118000
v -0.049702 -0.168563 0.153907
v -0.052899 -0.167822 0.156120
v -0.058912 -0.167510 0.162159
v -0.059473 -0.167074 0.161658
v -0.067635 -0.166541 0.166675
v -0.083204 -0.164269 0.171527
v -0.073594 -0.165671 0.168634
v -0.082827 -0.164083 0.170793
v -0.074945 -0.164897 0.168553
v -0.036823 -0.170265 0.126627
v -0.037501 -0.169820 0.126710
v -0.039664 -0.169779 0.136002
v -0.042673 -0.169474 0.143809
v -0.043338 -0.169028 0.143616
v -0.048435 -0.168371 0.151177
v -0.088931 0.154734 0.122790
v -0.089657 0.154031 0.123765
v -0.089540 0.154192 0.070055
v -0.089503 0.154728 0.068034
v -0.085225 0.162291 0.065491
v -0.088621 0.158059 0.065281
v -0.086417 0.161916 0.064943
v -0.089725 0.153866 0.166748
v -0.088641 0.154860 0.165493
v -0.089264 0.154516 0.166646
v -0.088818 0.157522 0.170509
v -0.089418 0.155805 0.169682
v -0.086373 0.161943 0.171059
v -0.049703 0.168563 0.082092
v -0.052899 0.167822 0.079880
v -0.058918 0.167509 0.073837
v -0.059479 0.167073 0.074338
v -0.067643 0.166540 0.069321
v -0.083205 0.164269 0.064473
v -0.073602 0.165671 0.067363
v -0.082827 0.164083 0.065207
v -0.074950 0.164897 0.067445
v -0.086304 0.162476 0.171761
v -0.036251 0.170340 0.121944
v -0.036848 0.169916 0.118000
v -0.036823 0.170265 0.109374
v -0.037501 0.169820 0.109290
v -0.039664 0.169779 0.099998
v -0.042673 0.169474 0.092191
v -0.043338 0.169028 0.092384
v -0.048435 0.168371 0.084823
v -0.083265 0.163914 0.170805
v -0.065051 0.166894 0.165918
v -0.073894 0.165655 0.168766
v -0.065308 0.166491 0.165212
v -0.057955 0.167248 0.160475
v -0.055306 0.167899 0.159395
v -0.052899 0.167822 0.156120
v -0.047077 0.168536 0.149499
v -0.041981 0.169465 0.141509
v -0.038539 0.170032 0.133963
v -0.039107 0.169602 0.133565
v -0.037264 0.169860 0.124644
v -0.079934 -0.000000 0.176500
v -0.077778 0.018449 0.176500
v -0.071425 0.035904 0.176500
v -0.061218 0.051423 0.176500
v -0.047707 0.064170 0.176500
v -0.031621 0.073457 0.176500
v -0.013826 0.078785 0.176500
v 0.004717 0.079865 0.176500
v 0.023010 0.076639 0.176500
v 0.040066 0.069282 0.176500
v 0.054965 0.058190 0.176500
v 0.066905 0.043961 0.176500
v 0.075241 0.027362 0.176500
v 0.079525 0.009287 0.176500
v 0.080066 0.000000 0.176500
v 0.079525 -0.009287 0.176500
v 0.075241 -0.027362 0.176500
v 0.066905 -0.043961 0.176500
v 0.054965 -0.058190 0.176500
v 0.040066 -0.069282 0.176500
v 0.023010 -0.076639 0.176500
v 0.004717 -0.079865 0.176500
v -0.013826 -0.078785 0.176500
v -0.031621 -0.073457 0.176500
v -0.047707 -0.064170 0.176500
v -0.061218 -0.051423 0.176500
v -0.071425 -0.035904 0.176500
v -0.077778 -0.018449 0.176500
v -0.059912 0.061541 0.235655
v -0.068986 0.051525 0.235805
v -0.080813 0.028131 0.235895
v -0.084700 0.012934 0.235184
v -0.083830 0.014532 0.236117
v -0.076089 0.040074 0.235907
v -0.050056 0.069794 0.235381
v -0.085576 -0.002611 0.234920
v -0.084699 -0.013004 0.235194
v 0.026421 0.082250 0.233995
v 0.016721 0.084732 0.233943
v 0.006716 0.086089 0.233928
v -0.003362 0.086281 0.233977
v -0.013438 0.085302 0.234101
v -0.023327 0.083155 0.234296
v -0.032815 0.079892 0.234546
v -0.041865 0.075527 0.234833
v 0.026093 0.081269 0.235373
v 0.016514 0.083730 0.235339
v 0.006639 0.085074 0.235328
v -0.003304 0.085263 0.235360
v -0.013244 0.084291 0.235441
v -0.022999 0.082165 0.235568
v -0.041297 0.074626 0.235920
v -0.059847 -0.061363 0.235798
v -0.068948 -0.051577 0.235804
v -0.083115 -0.021302 0.235506
v -0.081295 -0.027713 0.235713
v 0.051750 0.067854 0.235175
v 0.043786 0.073284 0.235363
v 0.035175 0.077782 0.235398
v 0.055796 0.065902 0.233186
v 0.059575 0.061703 0.232718
v 0.059435 0.061050 0.233896
v 0.055382 0.065042 0.234492
v 0.052231 0.068707 0.233702
v 0.035605 0.078730 0.234033
v 0.044285 0.074189 0.233980
v -0.050391 -0.070077 0.235136
v -0.049722 -0.069250 0.236118
v -0.007685 -0.087504 0.233330
v -0.041894 -0.075511 0.234834
v -0.032858 -0.079875 0.234548
v -0.023287 -0.083167 0.234295
v -0.013384 -0.085310 0.234100
v -0.003314 -0.086283 0.233976
v 0.006710 -0.086089 0.233928
v 0.016667 -0.084743 0.233943
v -0.041325 -0.074610 0.235920
v -0.022959 -0.082176 0.235568
v -0.013190 -0.084299 0.235440
v -0.003256 -0.085265 0.235360
v 0.006633 -0.085074 0.235328
v 0.016460 -0.083740 0.235339
v 0.026093 -0.081269 0.235373
v 0.026421 -0.082250 0.233995
v 0.032772 -0.081570 0.233361
v 0.063060 0.059018 0.230180
v 0.062854 0.057986 0.231040
v 0.052231 -0.068707 0.233702
v 0.044286 -0.074188 0.233980
v 0.051554 -0.068163 0.234784
v 0.043786 -0.073284 0.235363
v 0.058978 -0.061530 0.233961
v 0.055612 -0.066171 0.233168
v 0.059485 -0.061814 0.232703
v 0.035605 -0.078730 0.234033
v 0.035175 -0.077782 0.235398
v 0.060001 -0.062983 0.231802
v 0.064623 0.055710 0.228479
v 0.065336 0.054771 0.224822
v 0.065279 0.054791 0.055876
v 0.062813 -0.057961 0.231087
v 0.063638 -0.057966 0.229550
v 0.065195 -0.055024 0.226053
v 0.064617 -0.055718 0.228495
v 0.065157 -0.055171 0.055619
v 0.065313 -0.054023 0.053119
v 0.065375 0.048939 0.046098
v 0.065792 0.022163 0.037511
v 0.065911 0.000167 0.036897
v 0.065193 0.000168 0.035290
v 0.065176 -0.020761 0.035866
v 0.065170 0.022582 0.036041
v 0.065322 0.033169 0.038653
v 0.065498 0.040635 0.041361
v 0.065356 -0.049426 0.046519
v 0.065549 -0.042189 0.042112
v 0.065799 -0.021266 0.037437
v 0.065620 -0.032673 0.039016
v -0.237531 0.100000 0.078000
v -0.239934 0.098000 0.074536
v -0.239934 0.096536 0.076000
v -0.239934 0.100000 0.074000
v -0.239934 0.096536 0.080000
v -0.239934 0.098000 0.081464
v -0.239934 0.096000 0.078000
v -0.239934 0.102000 0.081464
v -0.239934 0.103464 0.080000
v -0.239934 0.100000 0.082000
v -0.239934 0.103464 0.076000
v -0.239934 0.102000 0.074536
v -0.239934 0.104000 0.078000
v -0.237531 0.100000 0.158000
v -0.239934 0.098000 0.154536
v -0.239934 0.096536 0.156000
v -0.239934 0.100000 0.154000
v -0.239934 0.096536 0.160000
v -0.239934 0.098000 0.161464
v -0.239934 0.096000 0.158000
v -0.239934 0.102000 0.161464
v -0.239934 0.103464 0.160000
v -0.239934 0.100000 0.162000
v -0.239934 0.103464 0.156000
v -0.239934 0.102000 0.154536
v -0.239934 0.104000 0.158000
v -0.244434 0.006073 0.220781
v -0.244934 0.006043 0.220788
v -0.244934 0.006135 0.220334
v -0.244434 0.006005 0.220087
v -0.244934 0.005844 0.220046
v -0.244434 -0.005987 0.220092
v -0.244934 -0.005882 0.220059
v -0.244434 -0.006098 0.220743
v -0.244934 -0.006045 0.220785
v -0.244434 -0.001455 0.223490
v -0.244684 0.001455 0.223490
v -0.244934 -0.001455 0.223490
v -0.244934 0.100000 0.074000
v -0.244934 0.098000 0.074536
v -0.244934 0.096536 0.076000
v -0.244934 0.096000 0.078000
v -0.244934 0.096536 0.080000
v -0.244934 0.098000 0.081464
v -0.244934 0.100000 0.082000
v -0.244934 0.102000 0.081464
v -0.244934 0.103464 0.080000
v -0.244934 0.104000 0.078000
v -0.244934 0.103464 0.076000
v -0.244934 0.102000 0.074536
v -0.244934 -0.057025 0.013663
v -0.244934 -0.021827 0.118000
v -0.244934 -0.019215 0.012549
v -0.244934 -0.004763 0.030750
v -0.244934 -0.005500 0.028000
v -0.244934 -0.004763 0.025250
v -0.244934 -0.002750 0.023237
v -0.244934 -0.000000 0.022500
v -0.244934 0.035419 0.012874
v -0.244934 0.002750 0.023237
v -0.244934 0.004763 0.025250
v -0.244934 0.005500 0.028000
v -0.244934 0.004763 0.030750
v -0.244934 0.064574 0.118000
v -0.244934 0.002750 0.032763
v -0.244934 -0.000000 0.033500
v -0.244934 -0.002750 0.032763
v -0.244934 0.057019 0.013662
v -0.244934 0.100000 0.154000
v -0.244934 0.098000 0.154536
v -0.244934 0.096536 0.156000
v -0.244934 0.096000 0.158000
v -0.244934 0.096536 0.160000
v -0.244934 0.098000 0.161464
v -0.244934 0.100000 0.162000
v -0.244934 0.102000 0.161464
v -0.244934 0.103464 0.160000
v -0.244934 0.104000 0.158000
v -0.244934 0.103464 0.156000
v -0.244934 0.102000 0.154536
v -0.244934 0.057025 0.222337
v -0.244934 0.025590 0.223318
v -0.244934 0.004763 0.205250
v -0.244934 0.005500 0.208000
v -0.244934 0.004763 0.210750
v -0.244934 0.002750 0.212763
v -0.244934 0.006017 0.220179
v -0.244934 0.006117 0.220371
v -0.244934 0.006126 0.220587
v -0.244934 -0.000000 0.213500
v -0.244935 -0.052150 0.222621
v -0.244934 -0.006126 0.220587
v -0.244934 -0.006117 0.220371
v -0.244934 -0.006017 0.220179
v -0.244934 -0.002750 0.212763
v -0.244934 -0.004763 0.210750
v -0.244934 -0.005500 0.208000
v -0.244934 -0.004763 0.205250
v -0.244934 -0.002750 0.203237
v -0.244934 -0.000000 0.202500
v -0.244934 0.002750 0.203237
v -0.234934 -0.050840 0.222677
v -0.234934 0.012660 0.223442
v -0.234934 0.056999 0.222338
v -0.234934 -0.012660 0.012558
v -0.234934 -0.057000 0.013662
v -0.234934 0.050110 0.013290
v -0.244934 -0.113263 0.212931
v -0.234934 -0.112807 0.213143
v -0.234934 -0.080993 0.220540
v -0.244934 -0.080993 0.220540
v -0.244934 -0.095261 0.218430
v -0.234934 -0.097618 0.217880
v -0.244934 -0.104750 0.216009
v -0.244934 -0.111294 0.103729
v -0.244934 -0.114556 0.195014
v -0.244934 -0.112250 0.195737
v -0.244934 -0.110237 0.197750
v -0.244934 -0.109500 0.200500
v -0.244934 -0.110237 0.203250
v -0.244934 -0.112250 0.205263
v -0.244934 -0.115000 0.206000
v -0.244934 -0.114385 0.205968
v -0.244934 -0.151773 0.134652
v -0.244934 -0.123392 0.207799
v -0.244934 -0.117750 0.205263
v -0.244934 -0.119763 0.203250
v -0.244934 -0.120500 0.200500
v -0.244934 -0.119763 0.197750
v -0.244934 -0.117750 0.195737
v -0.244934 -0.115000 0.195000
v -0.244935 -0.136434 0.195860
v -0.244934 -0.131185 0.201807
v -0.244934 -0.141900 0.186339
v -0.244934 -0.146684 0.171839
v -0.244934 -0.149976 0.154039
v -0.244934 -0.152167 0.118000
v -0.244934 -0.114822 0.023748
v -0.244934 -0.103127 0.019456
v -0.234934 -0.114828 0.023730
v -0.234934 -0.100225 0.018736
v -0.244934 -0.093111 0.017207
v -0.234934 -0.081516 0.015455
v -0.244934 -0.080751 0.015402
v -0.244934 -0.114406 0.030027
v -0.244934 -0.112250 0.030737
v -0.244934 -0.110237 0.032750
v -0.244934 -0.114541 0.040983
v -0.244934 -0.112250 0.040263
v -0.244934 -0.110237 0.038250
v -0.244934 -0.109500 0.035500
v -0.244934 -0.149834 0.080909
v -0.244934 -0.151428 0.095699
v -0.244934 -0.143233 0.052838
v -0.244934 -0.147898 0.069512
v -0.244934 -0.124497 0.028857
v -0.244934 -0.132362 0.035305
v -0.244934 -0.137672 0.042013
v -0.244934 -0.115000 0.041000
v -0.244934 -0.117750 0.040263
v -0.244934 -0.119763 0.038250
v -0.244934 -0.120500 0.035500
v -0.244934 -0.115000 0.030000
v -0.244934 -0.117750 0.030737
v -0.244934 -0.119763 0.032750
v -0.244934 0.113264 0.023069
v -0.234934 0.112862 0.022878
v -0.234934 0.080993 0.015460
v -0.244934 0.080993 0.015460
v -0.244934 0.095261 0.017570
v -0.234934 0.097618 0.018120
v -0.244934 0.104750 0.019991
v -0.244934 0.104000 0.078000
v -0.244934 0.103464 0.080000
v -0.244934 0.152167 0.118000
v -0.244934 0.098000 0.074536
v -0.244934 0.113116 0.072563
v -0.244934 0.102000 0.074536
v -0.244934 0.103464 0.076000
v -0.244934 0.098000 0.081464
v -0.244934 0.100000 0.082000
v -0.244934 0.102000 0.081464
v -0.244934 0.096536 0.080000
v -0.244934 0.096000 0.078000
v -0.244934 0.096536 0.076000
v -0.244934 0.114556 0.040986
v -0.244934 0.112250 0.040263
v -0.244934 0.110237 0.038250
v -0.244934 0.109500 0.035500
v -0.244934 0.110237 0.032750
v -0.244934 0.112250 0.030737
v -0.244934 0.115000 0.030000
v -0.244934 0.114385 0.030032
v -0.244934 0.142067 0.050075
v -0.244934 0.123737 0.028398
v -0.244934 0.115000 0.041000
v -0.244934 0.117750 0.030737
v -0.244934 0.119763 0.032750
v -0.244934 0.120500 0.035500
v -0.244934 0.119763 0.038250
v -0.244934 0.117750 0.040263
v -0.244934 0.129541 0.032752
v -0.244935 0.135425 0.038804
v -0.244934 0.146684 0.064161
v -0.244934 0.149976 0.081961
v -0.244934 0.151773 0.101348
v -0.244934 0.114777 0.212271
v -0.244934 0.103127 0.216544
v -0.234934 0.114776 0.212291
v -0.234934 0.100225 0.217264
v -0.244934 0.093111 0.218793
v -0.234934 0.081516 0.220545
v -0.244934 0.080751 0.220598
v -0.244934 0.113116 0.163437
v -0.244934 0.114406 0.205973
v -0.244934 0.112250 0.205263
v -0.244934 0.110237 0.203250
v -0.244934 0.109500 0.200500
v -0.244934 0.110237 0.197750
v -0.244934 0.112250 0.195737
v -0.244934 0.096000 0.158000
v -0.244934 0.096536 0.156000
v -0.244934 0.098000 0.154536
v -0.244934 0.102000 0.154536
v -0.244934 0.103464 0.156000
v -0.244934 0.104000 0.158000
v -0.244934 0.103464 0.160000
v -0.244934 0.100000 0.162000
v -0.244934 0.102000 0.161464
v -0.244934 0.098000 0.161464
v -0.244934 0.096536 0.160000
v -0.244934 0.114541 0.195017
v -0.244934 0.151428 0.140301
v -0.244934 0.149834 0.155091
v -0.244934 0.147898 0.166488
v -0.244934 0.143233 0.183162
v -0.244934 0.137672 0.193987
v -0.244934 0.124452 0.207172
v -0.244934 0.132361 0.200697
v -0.244934 0.115000 0.195000
v -0.244934 0.117750 0.195737
v -0.244934 0.119763 0.197750
v -0.244934 0.120500 0.200500
v -0.244934 0.115000 0.206000
v -0.244934 0.117750 0.205263
v -0.244934 0.119763 0.203250
v -0.234934 0.143285 0.182946
v -0.234934 0.138218 0.193285
v -0.234934 0.130623 0.202281
v -0.234934 0.125639 0.206280
v -0.234934 0.152167 0.118000
v -0.234934 0.150988 0.144980
v -0.234934 0.147898 0.166488
v -0.234934 0.146684 0.064161
v -0.234934 0.142397 0.050873
v -0.234934 0.151914 0.105198
v -0.234934 0.149976 0.081961
v -0.234934 0.125034 0.029304
v -0.234934 0.129541 0.032752
v -0.234934 0.136091 0.039798
v -0.234934 0.139553 0.045135
v -0.234934 -0.143285 0.053054
v -0.234934 -0.138217 0.042713
v -0.234934 -0.130594 0.033693
v -0.234934 -0.125721 0.029777
v -0.234934 -0.152167 0.118000
v -0.234934 -0.150988 0.091020
v -0.234934 -0.147898 0.069512
v -0.234934 -0.146684 0.171839
v -0.234934 -0.142605 0.184551
v -0.234934 -0.151914 0.130802
v -0.234934 -0.149976 0.154039
v -0.234934 -0.123970 0.207396
v -0.234933 -0.133668 0.199313
v -0.234934 -0.140070 0.190004
v -0.234934 -0.057500 0.074875
v -0.234934 -0.004763 0.210750
v -0.234934 -0.002750 0.212763
v -0.234934 0.002750 0.212763
v -0.234934 0.004763 0.210750
v -0.234934 -0.000000 0.213500
v -0.234934 0.110237 0.203250
v -0.234934 0.112250 0.205263
v -0.234934 0.115000 0.206000
v -0.234934 0.117750 0.205263
v -0.234934 0.119763 0.203250
v -0.234934 0.120500 0.200500
v -0.234934 0.119763 0.197750
v -0.234934 0.117750 0.195737
v -0.234934 0.115000 0.195000
v -0.234934 0.112250 0.195737
v -0.234934 0.057500 0.077625
v -0.234934 0.110237 0.197750
v -0.234934 0.109500 0.200500
v -0.234934 0.110237 0.038250
v -0.234934 0.112250 0.040263
v -0.234934 0.115000 0.041000
v -0.234934 0.117750 0.040263
v -0.234934 0.119763 0.038250
v -0.234934 0.120500 0.035500
v -0.234934 0.119763 0.032750
v -0.234934 0.117750 0.030737
v -0.234934 0.115000 0.030000
v -0.234934 0.112250 0.030737
v -0.234934 0.110237 0.032750
v -0.234934 0.109500 0.035500
v -0.234934 0.004763 0.025250
v -0.234934 0.002750 0.023237
v -0.234934 -0.002750 0.023237
v -0.234934 -0.004763 0.025250
v -0.234934 -0.000000 0.022500
v -0.234934 -0.110237 0.038250
v -0.234934 -0.109500 0.035500
v -0.234934 -0.110237 0.032750
v -0.234934 -0.112250 0.030737
v -0.234934 -0.117750 0.040263
v -0.234934 -0.112250 0.040263
v -0.234934 -0.115000 0.041000
v -0.234934 -0.115000 0.030000
v -0.234934 -0.117750 0.030737
v -0.234934 -0.119763 0.032750
v -0.234934 -0.120500 0.035500
v -0.234934 -0.119763 0.038250
v -0.234934 -0.119763 0.203250
v -0.234934 -0.117750 0.205263
v -0.234934 -0.109500 0.200500
v -0.234934 -0.115000 0.206000
v -0.234934 -0.112250 0.205263
v -0.234934 -0.110237 0.203250
v -0.234934 -0.110237 0.197750
v -0.234934 -0.112250 0.195737
v -0.234934 -0.115000 0.195000
v -0.234934 -0.117750 0.195737
v -0.234934 -0.119763 0.197750
v -0.234934 -0.120500 0.200500
v -0.234934 -0.004763 0.030750
v -0.234934 -0.002750 0.032763
v -0.234934 -0.005500 0.028000
v -0.234934 -0.000000 0.033500
v -0.234934 0.002750 0.032763
v -0.234934 0.004763 0.030750
v -0.234934 0.005500 0.028000
v -0.234934 0.004763 0.205250
v -0.234934 0.002750 0.203237
v -0.234934 0.005500 0.208000
v -0.234934 -0.000000 0.202500
v -0.234934 -0.002750 0.203237
v -0.234934 -0.004763 0.205250
v -0.234934 -0.005500 0.208000
v -0.244934 0.112250 0.030737
v -0.244934 0.110237 0.032750
v -0.244934 0.109500 0.035500
v -0.244934 0.110237 0.038250
v -0.244934 0.112250 0.040263
v -0.244934 0.117750 0.040263
v -0.244934 0.119763 0.038250
v -0.244934 0.120500 0.035500
v -0.244934 0.119763 0.032750
v -0.244934 0.117750 0.030737
v -0.244934 -0.002750 0.023237
v -0.244934 -0.004763 0.025250
v -0.244934 -0.005500 0.028000
v -0.244934 -0.004763 0.030750
v -0.244934 -0.002750 0.032763
v -0.234934 -0.000000 0.033500
v -0.244934 -0.000000 0.033500
v -0.244934 0.002750 0.032763
v -0.244934 0.004763 0.030750
v -0.244934 0.005500 0.028000
v -0.244934 0.004763 0.025250
v -0.244934 0.002750 0.023237
v -0.244934 -0.117750 0.030737
v -0.244934 -0.119763 0.032750
v -0.244934 -0.120500 0.035500
v -0.244934 -0.119763 0.038250
v -0.244934 -0.117750 0.040263
v -0.244934 -0.112250 0.040263
v -0.244934 -0.110237 0.038250
v -0.244934 -0.109500 0.035500
v -0.244934 -0.110237 0.032750
v -0.244934 -0.112250 0.030737
v -0.244934 -0.002750 0.203237
v -0.244934 -0.004763 0.205250
v -0.244934 -0.005500 0.208000
v -0.244934 -0.004763 0.210750
v -0.244934 -0.002750 0.212763
v -0.234934 -0.000000 0.213500
v -0.244934 -0.000000 0.213500
v -0.244934 0.002750 0.212763
v -0.244934 0.004763 0.210750
v -0.244934 0.005500 0.208000
v -0.244934 0.004763 0.205250
v -0.244934 0.002750 0.203237
v -0.244934 -0.117750 0.195737
v -0.244934 -0.119763 0.197750
v -0.244934 -0.120500 0.200500
v -0.244934 -0.119763 0.203250
v -0.244934 -0.117750 0.205263
v -0.244934 -0.112250 0.205263
v -0.244934 -0.110237 0.203250
v -0.244934 -0.109500 0.200500
v -0.244934 -0.110237 0.197750
v -0.244934 -0.112250 0.195737
v -0.244934 0.112250 0.195737
v -0.244934 0.110237 0.197750
v -0.244934 0.109500 0.200500
v -0.244934 0.110237 0.203250
v -0.244934 0.112250 0.205263
v -0.244934 0.117750 0.205263
v -0.244934 0.119763 0.203250
v -0.244934 0.120500 0.200500
v -0.244934 0.119763 0.197750
v -0.244934 0.117750 0.195737
v -0.234940 -0.138654 0.021179
v -0.234935 -0.134262 0.020718
v -0.234934 -0.131348 0.016782
v -0.234934 -0.124800 0.013707
v -0.234940 0.138595 0.023685
v -0.234944 0.139377 0.021699
v -0.234934 -0.124469 0.015770
v -0.234934 -0.117485 0.010908
v -0.234934 -0.116714 0.012802
v -0.234934 -0.108677 0.008365
v -0.234934 -0.108606 0.010444
v -0.234934 -0.099091 0.006466
v -0.234934 -0.093163 0.007557
v -0.234937 -0.093517 0.005609
v -0.234934 0.012084 0.001837
v -0.234934 -0.012695 0.001841
v -0.234934 -0.076871 0.003946
v -0.234934 -0.066008 0.005238
v -0.234936 -0.069367 0.003393
v -0.234934 -0.037211 0.002200
v -0.234934 -0.023498 0.003906
v -0.234934 0.033944 0.004092
v -0.234934 0.035903 0.002162
v -0.234934 0.056414 0.002755
v -0.234935 0.077508 0.005938
v -0.234934 0.077328 0.003981
v -0.234935 0.083947 0.004515
v -0.234934 0.103205 0.007129
v -0.234934 0.100496 0.008712
v -0.234934 0.114024 0.009799
v -0.234934 0.112718 0.011538
v -0.234933 0.123802 0.013250
v -0.234936 0.122448 0.014909
v -0.234934 0.131348 0.016782
v -0.234934 0.132002 0.019407
v -0.211251 0.147225 0.025473
v -0.207816 0.146170 0.027046
v -0.208124 0.146297 0.024406
v -0.224574 0.149568 0.029172
v -0.226130 0.149706 0.032803
v -0.217435 0.148627 0.027340
v -0.216458 0.148462 0.030090
v -0.216340 0.148427 0.027035
v -0.201094 0.143053 0.021367
v -0.200644 0.142775 0.023698
v -0.196404 0.139619 0.018773
v -0.194634 0.137987 0.020061
v -0.193582 0.136766 0.016959
v -0.190384 0.132326 0.014492
v -0.190186 0.132042 0.016563
v -0.188603 0.128936 0.012871
v -0.186449 0.123683 0.012756
v -0.179927 -0.016647 0.001839
v -0.179934 -0.000000 -0.000198
v -0.180030 0.036332 0.002149
v -0.180010 0.031679 0.000086
v -0.180077 0.041054 0.000291
v -0.180516 0.069315 0.003370
v -0.180498 0.068886 0.001339
v -0.181533 0.092587 0.005356
v -0.181571 0.093075 0.003408
v -0.182809 0.105767 0.007516
v -0.182923 0.106653 0.005656
v -0.183878 0.112983 0.009192
v -0.184065 0.113983 0.007399
v -0.186117 0.122450 0.010159
v -0.187713 0.126901 0.011971
v -0.185228 -0.119399 0.009027
v -0.183388 -0.109949 0.006357
v -0.184000 -0.113789 0.009398
v -0.182496 -0.103124 0.004971
v -0.182474 -0.102912 0.006965
v -0.186025 -0.122086 0.012171
v -0.181514 -0.092075 0.005324
v -0.181625 -0.093559 0.003500
v -0.180978 -0.082600 0.002302
v -0.180439 -0.067464 0.003213
v -0.180341 -0.061140 0.000958
v -0.180022 -0.036662 0.000132
v -0.187619 -0.126707 0.011850
v -0.188506 -0.128869 0.015006
v -0.190667 -0.132891 0.014757
v -0.205204 -0.145142 0.025943
v -0.201779 -0.143414 0.021694
v -0.200013 -0.142312 0.023334
v -0.196835 -0.139972 0.021479
v -0.192480 -0.135457 0.018472
v -0.193409 -0.136621 0.016849
v -0.197399 -0.140438 0.019376
v -0.226192 -0.149676 0.032775
v -0.223309 -0.149467 0.028859
v -0.215087 -0.148243 0.029683
v -0.214275 -0.148053 0.026459
v -0.207168 -0.145883 0.024004
v -0.205145 -0.145058 0.023188
v -0.231058 -0.148807 0.029473
v -0.228399 -0.149590 0.029821
v -0.229293 -0.149416 0.033069
v -0.231934 -0.148329 0.032327
v -0.233121 -0.147237 0.028222
v -0.233761 -0.146245 0.030385
v -0.234885 -0.142400 0.026753
v -0.234721 -0.143546 0.024998
v -0.232512 0.147903 0.028795
v -0.234846 0.142217 0.026667
v -0.234331 0.145056 0.029239
v -0.234116 0.145429 0.026650
v -0.234747 0.143026 0.024599
v -0.232464 0.147925 0.031971
v -0.229355 0.149449 0.029836
v -0.230271 0.149148 0.032939
v -0.207627 -0.140844 0.019937
v -0.207702 -0.133957 0.015680
v -0.207168 -0.126601 0.012218
v -0.207855 -0.114247 0.007829
v -0.206606 -0.100035 0.004734
v -0.207168 -0.086049 0.003019
v -0.207168 -0.063140 0.001414
v -0.227772 -0.132322 0.016034
v -0.227914 -0.125717 0.012956
v -0.227504 -0.144216 0.024040
v -0.227652 -0.138569 0.019711
v -0.207168 -0.033489 0.000457
v -0.207168 -0.000000 0.000138
v -0.207168 0.033489 0.000457
v -0.207168 0.063140 0.001414
v -0.228632 -0.108858 0.007503
v -0.228307 -0.102003 0.006071
v -0.228718 -0.094006 0.004865
v -0.228624 -0.085645 0.003895
v -0.227827 -0.062200 0.002196
v -0.228034 -0.114657 0.008983
v -0.207168 0.086049 0.003019
v -0.206934 0.099066 0.004591
v -0.207168 0.109931 0.006745
v -0.207168 0.115991 0.008366
v -0.207168 0.126601 0.012218
v -0.227798 0.062683 0.002218
v -0.227899 0.033622 0.001281
v -0.227719 0.000666 0.000948
v -0.227715 -0.032442 0.001248
v -0.228282 0.115140 0.009145
v -0.228004 0.125924 0.013058
v -0.227998 0.109698 0.007658
v -0.228027 0.102583 0.006154
v -0.227923 0.094603 0.004884
v -0.227662 0.085966 0.003854
v -0.207168 0.131766 0.014581
v -0.208702 0.139588 0.019058
v -0.227937 0.132204 0.015999
v -0.227273 0.144190 0.023989
v -0.227787 0.138426 0.019628
v -0.207113 -0.132853 0.017384
v -0.207115 -0.125819 0.014058
v -0.208490 -0.138432 0.020737
v -0.207125 -0.063043 0.003412
v -0.206673 -0.089652 0.005335
v -0.207118 -0.115416 0.010281
v -0.207643 -0.106060 0.007911
v -0.227795 -0.144180 0.026794
v -0.228021 -0.138438 0.022103
v -0.228145 -0.131779 0.018071
v -0.228078 -0.125068 0.014882
v -0.207126 -0.033450 0.002456
v -0.207126 -0.000000 0.002138
v -0.207126 0.033450 0.002456
v -0.207125 0.063043 0.003412
v -0.228139 -0.085693 0.005876
v -0.227842 -0.062654 0.004231
v -0.228282 -0.114616 0.011092
v -0.228112 -0.108944 0.009549
v -0.228302 -0.102586 0.008219
v -0.228260 -0.094571 0.006933
v -0.207557 0.113898 0.009802
v -0.206188 0.099899 0.006721
v -0.207115 0.125819 0.014058
v -0.207124 0.085853 0.005009
v -0.228062 0.032307 0.003274
v -0.227963 0.062158 0.004215
v -0.228122 -0.034121 0.003316
v -0.228008 -0.000705 0.002972
v -0.228412 0.114134 0.010957
v -0.227945 0.124741 0.014738
v -0.227919 0.085200 0.005816
v -0.228202 0.093511 0.006784
v -0.228282 0.101382 0.007998
v -0.228233 0.108414 0.009434
v -0.207966 0.138499 0.020729
v -0.207113 0.132853 0.017384
v -0.228160 0.138354 0.022075
v -0.230696 0.144036 0.027253
v -0.224778 0.144652 0.026879
v -0.228064 0.131668 0.017991
v -0.234927 -0.139854 0.043606
v -0.234172 -0.145482 0.026707
v -0.234680 -0.143432 0.024939
v -0.234519 -0.144422 0.053156
v -0.232447 -0.147898 0.028782
v -0.229753 -0.149302 0.029751
v -0.232760 -0.147663 0.063841
v -0.231302 -0.148731 0.068535
v -0.228750 -0.149523 0.072656
v -0.224948 -0.149644 0.073298
v -0.228151 -0.149586 0.029778
v -0.224934 -0.149591 0.163001
v -0.228146 -0.149634 0.162767
v -0.227568 -0.149635 0.206271
v -0.221589 -0.149299 0.207552
v -0.230243 -0.149140 0.206323
v -0.230580 -0.149016 0.166007
v -0.232444 -0.147942 0.171003
v -0.232379 -0.147967 0.207157
v -0.233992 -0.145763 0.178870
v -0.233530 -0.146586 0.208341
v -0.234470 -0.144410 0.210248
v -0.234750 -0.143030 0.186188
v -0.234934 -0.139553 0.192848
v -0.234943 -0.139951 0.213885
v -0.229830 0.149285 0.164678
v -0.224951 0.149660 0.162650
v -0.232968 0.147435 0.207613
v -0.234488 0.144300 0.210337
v -0.234527 0.144385 0.182936
v -0.234941 0.138712 0.214782
v -0.234926 0.139890 0.192332
v -0.232743 0.147684 0.172098
v -0.230480 0.149055 0.206370
v -0.227931 0.149628 0.206215
v -0.224006 0.149550 0.206957
v -0.228055 0.149653 0.073349
v -0.227568 0.149635 0.029729
v -0.224934 0.149591 0.072999
v -0.230580 0.149016 0.069993
v -0.230243 0.149140 0.029677
v -0.232422 0.147954 0.065039
v -0.232538 0.147844 0.028746
v -0.234044 0.145668 0.056806
v -0.233530 0.146586 0.027659
v -0.234555 0.144026 0.025441
v -0.234754 0.143078 0.049931
v -0.234934 0.139553 0.043152
v -0.234934 -0.137543 0.040093
v -0.234934 -0.130297 0.032084
v -0.234934 0.125245 0.028242
v -0.234934 0.133312 0.034963
v -0.234934 0.104817 0.018966
v -0.234934 0.114247 0.022424
v -0.234934 0.114921 0.010082
v -0.234934 -0.099130 0.017441
v -0.234934 -0.114247 0.022424
v -0.234934 -0.134386 0.018463
v -0.234934 -0.121664 0.026053
v -0.234934 -0.115988 0.010416
v -0.234934 0.134386 0.018463
v -0.234934 0.088402 0.015413
v -0.234934 0.057048 0.012663
v -0.234934 -0.078207 0.014159
v -0.234934 0.098208 0.006323
v -0.234934 -0.057048 0.012663
v -0.234934 -0.032166 0.002094
v -0.234934 -0.001171 0.011510
v -0.234934 0.137543 0.195907
v -0.234934 0.130297 0.203916
v -0.234934 -0.125245 0.207758
v -0.234934 -0.133312 0.201037
v -0.234934 -0.114247 0.213576
v -0.234936 -0.123554 0.222854
v -0.234934 -0.134386 0.217537
v -0.234934 0.108178 0.227737
v -0.234934 0.099130 0.218559
v -0.234934 0.114247 0.213576
v -0.234934 0.134386 0.217537
v -0.234934 0.121664 0.209947
v -0.234934 0.123492 0.222885
v -0.234934 0.115988 0.225584
v -0.234934 -0.088402 0.220587
v -0.234934 -0.057048 0.223337
v -0.234934 -0.068729 0.232665
v -0.234934 0.094510 0.230276
v -0.234934 0.078207 0.221841
v -0.234935 0.069580 0.232601
v -0.234934 0.057048 0.223337
v -0.234934 -0.078736 0.231908
v -0.234934 -0.092121 0.230545
v -0.234934 -0.104817 0.217034
v -0.234934 -0.108853 0.227577
v -0.234934 0.026368 0.234088
v -0.234934 0.001171 0.224490
v -0.234934 -0.042383 0.233671
v -0.212804 0.147661 0.210094
v -0.201956 0.143487 0.214237
v -0.206546 0.145673 0.212204
v -0.201985 0.143509 0.021783
v -0.198108 0.140964 0.216367
v -0.189861 0.131421 0.221960
v -0.189630 0.130974 0.013828
v -0.194342 0.137610 0.218542
v -0.192579 0.135512 0.016219
v -0.187369 0.126140 0.224379
v -0.185120 0.118891 0.227100
v -0.185435 0.120045 0.009292
v -0.183613 0.111338 0.229278
v -0.182484 0.103001 0.004935
v -0.180701 0.075010 0.001757
v -0.180523 0.069864 0.234650
v -0.181671 0.093985 0.232447
v -0.182569 0.103875 0.230909
v -0.179917 0.017713 0.236164
v -0.180041 0.036569 0.000185
v -0.215174 -0.148186 0.209442
v -0.212088 -0.147471 0.025745
v -0.185560 -0.120461 0.226553
v -0.184244 -0.114844 0.228349
v -0.200834 -0.142828 0.021205
v -0.207771 -0.146157 0.211731
v -0.192849 -0.135876 0.219577
v -0.198187 -0.141019 0.019674
v -0.197580 -0.140665 0.216490
v -0.202281 -0.143658 0.214084
v -0.189678 -0.131061 0.222129
v -0.188093 -0.127905 0.223637
v -0.190044 -0.131716 0.014193
v -0.184755 -0.117336 0.008377
v -0.181546 -0.092456 0.232643
v -0.182976 -0.107280 0.230256
v -0.180564 -0.069825 0.234616
v -0.180828 -0.078327 0.002005
v -0.180056 -0.040033 0.235757
v -0.179999 -0.029569 0.000048
v -0.137321 -0.154999 0.123428
v -0.091923 -0.155000 0.116529
v -0.131768 -0.154999 0.140905
v -0.106294 -0.154991 0.073298
v -0.091361 -0.154945 0.069964
v -0.135866 -0.154999 0.105147
v -0.091415 -0.154946 0.165549
v -0.104436 -0.154996 0.163382
v -0.120034 -0.154999 0.154998
v -0.127619 -0.154999 0.088767
v -0.116895 -0.155000 0.078893
v -0.113817 0.155000 0.076824
v -0.124116 0.155000 0.084872
v -0.091927 0.155001 0.070508
v -0.136639 0.155000 0.127194
v -0.091934 0.155000 0.128446
v -0.137144 0.154999 0.110620
v -0.131838 0.155000 0.095418
v -0.101717 0.155000 0.071881
v -0.107023 0.154991 0.162546
v -0.091431 0.154958 0.166019
v -0.120152 0.155000 0.154779
v -0.131074 0.154999 0.142303
v -0.090174 -0.153977 0.116277
v -0.090743 -0.154630 0.118916
v -0.089948 -0.153060 0.167431
v -0.090144 -0.153866 0.166748
v -0.090605 -0.154516 0.166646
v -0.091024 -0.158616 0.171743
v -0.091077 -0.157636 0.170590
v -0.092150 -0.158583 0.170361
v -0.092175 -0.160972 0.172131
v -0.091716 -0.157352 0.169821
v -0.091154 -0.155992 0.168734
v -0.091401 -0.155219 0.167173
v -0.090405 -0.156562 0.171457
v -0.093809 -0.161206 0.170494
v -0.093496 -0.161943 0.171059
v -0.093565 -0.162476 0.171761
v -0.093606 -0.162577 0.172663
v -0.109526 -0.159754 0.166767
v -0.110712 -0.158087 0.165799
v -0.138356 -0.159919 0.138347
v -0.138200 -0.158087 0.137668
v -0.141678 -0.159839 0.108867
v -0.141082 -0.158087 0.107983
v -0.128470 -0.159759 0.082257
v -0.127215 -0.158087 0.081577
v -0.100553 -0.155381 0.166259
v -0.109633 -0.155381 0.163317
v -0.117978 -0.155381 0.158685
v -0.125276 -0.155381 0.152535
v -0.131256 -0.155381 0.145096
v -0.135694 -0.155381 0.136647
v -0.138426 -0.155381 0.127502
v -0.139348 -0.155381 0.118002
v -0.138426 -0.155381 0.108503
v -0.135696 -0.155381 0.099357
v -0.131258 -0.155381 0.090907
v -0.125279 -0.155381 0.083468
v -0.117981 -0.155381 0.077318
v -0.109637 -0.155381 0.072685
v -0.100558 -0.155381 0.069742
v -0.091403 -0.155431 0.068302
v -0.100906 -0.156464 0.068158
v -0.091494 -0.156337 0.066986
v -0.101139 -0.158087 0.067099
v -0.091745 -0.157558 0.066044
v -0.101221 -0.160000 0.066728
v -0.092422 -0.159191 0.065493
v -0.101217 -0.160000 0.169273
v -0.101135 -0.158087 0.168902
v -0.100902 -0.156464 0.167843
v -0.110716 -0.158087 0.070203
v -0.109583 -0.159833 0.069251
v -0.110284 -0.156464 0.071197
v -0.118902 -0.156464 0.075982
v -0.119517 -0.158087 0.075090
v -0.119733 -0.160000 0.074776
v -0.126439 -0.156464 0.082335
v -0.132615 -0.156464 0.090018
v -0.133521 -0.158087 0.089424
v -0.133840 -0.160000 0.089215
v -0.138202 -0.158087 0.098336
v -0.138324 -0.159929 0.097576
v -0.137198 -0.156464 0.098745
v -0.140018 -0.156464 0.108191
v -0.140970 -0.156464 0.118002
v -0.142054 -0.158087 0.118002
v -0.142434 -0.160000 0.118002
v -0.141081 -0.158087 0.128022
v -0.141694 -0.159837 0.127027
v -0.140017 -0.156464 0.127814
v -0.137197 -0.156464 0.137259
v -0.132613 -0.156464 0.145986
v -0.133519 -0.158087 0.146580
v -0.133837 -0.160000 0.146789
v -0.127211 -0.158087 0.154426
v -0.127484 -0.160000 0.154692
v -0.130470 -0.160000 0.151364
v -0.126436 -0.156464 0.153668
v -0.118898 -0.156464 0.160021
v -0.119513 -0.158087 0.160913
v -0.119729 -0.160000 0.161226
v -0.110280 -0.156464 0.164805
v -0.091002 -0.154782 0.110816
v -0.090169 -0.153940 0.068875
v -0.089978 -0.153306 0.068053
v -0.090576 -0.154439 0.069974
v -0.094643 -0.162290 0.065491
v -0.093451 -0.161915 0.064943
v -0.092693 -0.161668 0.063971
v -0.094084 -0.162961 0.063985
v -0.090500 -0.156958 0.064811
v -0.091297 -0.159132 0.064370
v -0.091529 -0.159930 0.063238
v -0.090707 -0.155416 0.067307
v -0.091248 -0.158059 0.065281
v -0.090168 0.153960 0.123768
v -0.090171 0.153975 0.167222
v -0.089961 0.153092 0.167367
v -0.090594 0.154466 0.166078
v -0.090855 0.154706 0.128361
v -0.091413 0.155463 0.167784
v -0.091508 0.156368 0.169039
v -0.090467 0.156298 0.170422
v -0.090414 0.156639 0.171721
v -0.091297 0.159132 0.171630
v -0.091521 0.159917 0.172770
v -0.091762 0.157572 0.169957
v -0.092468 0.159241 0.170504
v -0.094643 0.162290 0.170509
v -0.090707 0.155416 0.168693
v -0.091247 0.158059 0.170719
v -0.093450 0.161915 0.171057
v -0.092693 0.161668 0.172029
v -0.089945 0.152973 0.069634
v -0.090288 0.154118 0.070541
v -0.091025 0.154780 0.070464
v -0.090362 0.154566 0.068476
v -0.091346 0.155131 0.068965
v -0.091024 0.158616 0.064257
v -0.091077 0.157635 0.065410
v -0.092282 0.158832 0.065596
v -0.092175 0.160972 0.063869
v -0.091831 0.157277 0.066283
v -0.091485 0.155952 0.067432
v -0.090347 0.155509 0.066585
v -0.093806 0.161331 0.065452
v -0.093496 0.161943 0.064941
v -0.090487 0.156938 0.064095
v -0.094084 0.162961 0.172015
v -0.093565 0.162476 0.064239
v -0.093606 0.162577 0.063337
v -0.092721 0.155670 0.068078
v -0.100029 0.160000 0.066480
v -0.099900 0.157500 0.168863
v -0.099548 0.155670 0.167067
v -0.099900 0.157500 0.067137
v -0.106789 0.157500 0.068987
v -0.107007 0.160000 0.068354
v -0.113359 0.157500 0.071765
v -0.113662 0.160000 0.071168
v -0.119485 0.157500 0.075419
v -0.119867 0.160000 0.074869
v -0.125051 0.157500 0.079880
v -0.125505 0.160000 0.079387
v -0.129953 0.157500 0.085062
v -0.130470 0.160000 0.084636
v -0.134096 0.157500 0.090868
v -0.134667 0.160000 0.090518
v -0.137403 0.157500 0.097188
v -0.138016 0.160000 0.096919
v -0.139811 0.157500 0.103903
v -0.140455 0.160000 0.103720
v -0.141274 0.157500 0.110884
v -0.141937 0.160000 0.110792
v -0.141764 0.157500 0.118000
v -0.142434 0.160000 0.118000
v -0.141274 0.157500 0.125116
v -0.141937 0.160000 0.125208
v -0.139810 0.157500 0.132097
v -0.140455 0.160000 0.132280
v -0.137403 0.157500 0.138812
v -0.138016 0.160000 0.139081
v -0.134096 0.157500 0.145132
v -0.134667 0.160000 0.145482
v -0.129952 0.157500 0.150938
v -0.130470 0.160000 0.151364
v -0.125051 0.157500 0.156120
v -0.125505 0.160000 0.156613
v -0.119485 0.157500 0.160581
v -0.119867 0.160000 0.161131
v -0.113359 0.157500 0.164235
v -0.113662 0.160000 0.164832
v -0.106789 0.157500 0.167013
v -0.107007 0.160000 0.167647
v -0.100029 0.160000 0.169520
v -0.099548 0.155670 0.068933
v -0.106194 0.155670 0.070718
v -0.112532 0.155670 0.073398
v -0.118442 0.155670 0.076923
v -0.123811 0.155670 0.081226
v -0.128539 0.155670 0.086225
v -0.132536 0.155670 0.091826
v -0.135727 0.155670 0.097923
v -0.138049 0.155670 0.104400
v -0.139461 0.155670 0.111135
v -0.139934 0.155670 0.118000
v -0.139461 0.155670 0.124865
v -0.138049 0.155670 0.131600
v -0.135727 0.155670 0.138077
v -0.132536 0.155670 0.144174
v -0.128539 0.155670 0.149775
v -0.123811 0.155670 0.154774
v -0.118441 0.155670 0.159077
v -0.112532 0.155670 0.162602
v -0.106194 0.155670 0.165282
v -0.089947 -0.145961 0.189457
v -0.091646 -0.158923 0.177326
v -0.094054 -0.160595 0.182013
v -0.093993 -0.157356 0.191131
v -0.090452 -0.150446 0.191271
v -0.091664 -0.153497 0.193246
v -0.095542 -0.163853 0.171898
v -0.096606 -0.163916 0.170805
v -0.098997 -0.165009 0.171541
v -0.104572 -0.165933 0.170248
v -0.117335 -0.167169 0.165604
v -0.114856 -0.166897 0.165899
v -0.106002 -0.165658 0.168758
v -0.114601 -0.166494 0.165192
v -0.096909 -0.163266 0.170224
v -0.105602 -0.164742 0.168231
v -0.112437 -0.165449 0.165533
v -0.116185 -0.165870 0.163595
v -0.121226 -0.166327 0.160278
v -0.121951 -0.167252 0.160446
v -0.124590 -0.167902 0.159370
v -0.129522 -0.168500 0.156219
v -0.126500 -0.166953 0.155784
v -0.126970 -0.167822 0.156120
v -0.143009 -0.154843 0.039299
v -0.143004 -0.163095 0.070099
v -0.195469 -0.163417 0.071302
v -0.144235 -0.163410 0.071277
v -0.196349 -0.163281 0.070796
v -0.196893 -0.163043 0.069907
v -0.144215 -0.154537 0.038149
v -0.195861 -0.154538 0.038166
v -0.196905 -0.154895 0.039498
v -0.144475 -0.166374 0.070569
v -0.143426 -0.166331 0.069996
v -0.142924 -0.166212 0.068954
v -0.195361 -0.166022 0.070687
v -0.196924 -0.165772 0.069190
v -0.196330 -0.165922 0.070204
v -0.100039 -0.163379 0.066442
v -0.106610 -0.164197 0.068205
v -0.118381 -0.166009 0.073763
v -0.112456 -0.165434 0.070483
v -0.121764 -0.166418 0.076140
v -0.126620 -0.166992 0.080323
v -0.130954 -0.167476 0.085124
v -0.134799 -0.168044 0.090570
v -0.137350 -0.168347 0.095265
v -0.139522 -0.168691 0.100519
v -0.141313 -0.168946 0.106826
v -0.142084 -0.168988 0.111431
v -0.142516 -0.169110 0.118038
v -0.142059 -0.168990 0.124829
v -0.140840 -0.168857 0.131145
v -0.139512 -0.168689 0.135513
v -0.137285 -0.168367 0.140882
v -0.133795 -0.167911 0.147011
v -0.130856 -0.167469 0.151012
v -0.089945 -0.145838 0.046904
v -0.089963 -0.122712 0.022538
v -0.130142 -0.168560 0.082065
v -0.126725 -0.168158 0.077118
v -0.126970 -0.167822 0.079880
v -0.120926 -0.167506 0.073818
v -0.120361 -0.167070 0.074317
v -0.108400 -0.166295 0.066197
v -0.112179 -0.166536 0.069300
v -0.101625 -0.165514 0.065012
v -0.096699 -0.164346 0.064256
v -0.106267 -0.165671 0.067363
v -0.097033 -0.164080 0.065206
v -0.104911 -0.164897 0.067443
v -0.094044 -0.160930 0.055250
v -0.093993 -0.157356 0.044869
v -0.091614 -0.153732 0.043434
v -0.090431 -0.150343 0.044820
v -0.089934 -0.153028 0.116420
v -0.089961 -0.062411 0.226059
v -0.089954 -0.101928 0.221094
v -0.089968 -0.060605 0.009593
v -0.089934 0.153000 0.123225
v -0.089961 0.046051 0.009492
v -0.089958 0.102754 0.220897
v -0.089963 0.095362 0.013259
v -0.130143 0.168560 0.153933
v -0.129364 0.168498 0.156118
v -0.118597 0.167281 0.164981
v -0.126970 0.167822 0.156120
v -0.120932 0.167507 0.162178
v -0.126660 0.166994 0.155638
v -0.120367 0.167070 0.161679
v -0.121803 0.166407 0.159821
v -0.118411 0.165996 0.162210
v -0.112347 0.165421 0.165566
v -0.108406 0.166295 0.169800
v -0.112187 0.166536 0.166697
v -0.101629 0.165515 0.170987
v -0.096700 0.164346 0.171744
v -0.106275 0.165671 0.168634
v -0.097033 0.164080 0.170794
v -0.104916 0.164897 0.168556
v -0.106600 0.164198 0.167799
v -0.099964 0.163372 0.169574
v -0.089943 0.137933 0.201899
v -0.094044 0.160930 0.180751
v -0.089998 0.146809 0.188929
v -0.090438 0.150578 0.190794
v -0.091627 0.153709 0.192656
v -0.093993 0.157356 0.191131
v -0.089951 0.136730 0.032691
v -0.094054 0.160595 0.053987
v -0.091647 0.158923 0.058674
v -0.089984 0.147688 0.049413
v -0.090440 0.150184 0.044346
v -0.091641 0.153535 0.042893
v -0.093993 0.157356 0.044869
v -0.095542 0.163853 0.064103
v -0.096606 0.163916 0.065195
v -0.098997 0.165009 0.064459
v -0.104572 0.165933 0.065752
v -0.117336 0.167169 0.070396
v -0.114856 0.166897 0.070101
v -0.106002 0.165658 0.067242
v -0.114601 0.166494 0.070808
v -0.096679 0.163217 0.065730
v -0.105645 0.164764 0.067774
v -0.112270 0.165436 0.070386
v -0.116183 0.165872 0.072402
v -0.121202 0.166311 0.075710
v -0.097435 0.162694 0.066022
v -0.121951 0.167252 0.075554
v -0.124590 0.167902 0.076630
v -0.129522 0.168500 0.079782
v -0.126564 0.166958 0.080282
v -0.126970 0.167822 0.079880
v -0.130936 0.167486 0.150906
v -0.134784 0.168041 0.145454
v -0.137375 0.168350 0.140685
v -0.139547 0.168683 0.135394
v -0.141329 0.168950 0.129110
v -0.142084 0.168999 0.124606
v -0.142516 0.169110 0.117962
v -0.142059 0.168990 0.111171
v -0.140874 0.168858 0.105004
v -0.139540 0.168682 0.100586
v -0.137301 0.168372 0.095148
v -0.133780 0.167910 0.088965
v -0.130859 0.167474 0.084989
v -0.090428 -0.124376 0.216954
v -0.091646 -0.122984 0.220794
v -0.089996 -0.137216 0.203550
v -0.091639 -0.146687 0.204062
v -0.090439 -0.143470 0.202370
v -0.091641 -0.138933 0.211730
v -0.090435 -0.135862 0.209860
v -0.091646 -0.132415 0.216106
v -0.089999 -0.122225 0.214180
v -0.093993 -0.154392 0.197350
v -0.093993 -0.151046 0.202731
v -0.093993 -0.147354 0.207364
v -0.093993 -0.143352 0.211337
v -0.093993 -0.139075 0.214740
v -0.093993 -0.134560 0.217663
v -0.093993 -0.124960 0.222426
v -0.097948 -0.163904 0.175811
v -0.115179 -0.165012 0.176507
v -0.104332 -0.164747 0.176099
v -0.115157 -0.162805 0.184796
v -0.115144 -0.160082 0.192421
v -0.104332 -0.162486 0.184608
v -0.097948 -0.161653 0.184278
v -0.104332 -0.159776 0.192215
v -0.097948 -0.158955 0.191847
v -0.132813 -0.168538 0.149472
v -0.133217 -0.168951 0.150086
v -0.137910 -0.169468 0.141465
v -0.141475 -0.170093 0.136392
v -0.141342 -0.170034 0.133926
v -0.140775 -0.169604 0.133525
v -0.142611 -0.169861 0.124597
v -0.143619 -0.170341 0.121907
v -0.144952 -0.170576 0.116353
v -0.143021 -0.169916 0.118000
v -0.196940 -0.156695 0.039085
v -0.197011 -0.162172 0.052462
v -0.195413 -0.155804 0.037688
v -0.196414 -0.156102 0.038186
v -0.144635 -0.156223 0.037536
v -0.143329 -0.156683 0.038188
v -0.142933 -0.157149 0.038870
v -0.143940 -0.156357 0.037752
v -0.142897 -0.162350 0.051912
v -0.142799 -0.159419 0.043212
v -0.142297 -0.159777 0.042904
v -0.142319 -0.162660 0.050897
v -0.142669 -0.164806 0.059746
v -0.142456 -0.167219 0.070759
v -0.141830 -0.165023 0.059340
v -0.142528 -0.166751 0.068931
v -0.143108 -0.166933 0.070118
v -0.144337 -0.167042 0.070838
v -0.195442 -0.166497 0.070837
v -0.172064 -0.167134 0.071204
v -0.196096 -0.166833 0.071183
v -0.196550 -0.166557 0.070443
v -0.197402 -0.166425 0.069207
v -0.197091 -0.164852 0.062797
v -0.197685 -0.165323 0.063026
v -0.197664 -0.162735 0.052609
v -0.197092 -0.158971 0.043139
v -0.197670 -0.159409 0.043143
v -0.143041 -0.170264 0.109342
v -0.142363 -0.169819 0.109255
v -0.139421 -0.169813 0.094532
v -0.140188 -0.169776 0.099951
v -0.137177 -0.169471 0.092156
v -0.136511 -0.169025 0.092346
v -0.131405 -0.168367 0.084786
v -0.091647 -0.122956 0.015225
v -0.090436 -0.125560 0.019624
v -0.089998 -0.138207 0.033476
v -0.090439 -0.143978 0.034265
v -0.090440 -0.136490 0.026632
v -0.093993 -0.154392 0.038650
v -0.091640 -0.147085 0.032435
v -0.093993 -0.151046 0.033269
v -0.093993 -0.147352 0.028637
v -0.091640 -0.139368 0.024629
v -0.093993 -0.143348 0.024666
v -0.093993 -0.139067 0.021265
v -0.091647 -0.132403 0.019902
v -0.093993 -0.134547 0.018345
v -0.093993 -0.124928 0.013595
v -0.097948 -0.163904 0.060189
v -0.114779 -0.162813 0.051265
v -0.104332 -0.164747 0.059901
v -0.114048 -0.165058 0.059795
v -0.114419 -0.160134 0.043756
v -0.104332 -0.159776 0.043785
v -0.104332 -0.162486 0.051392
v -0.097948 -0.158955 0.044153
v -0.097948 -0.161653 0.051722
v -0.244437 -0.158479 0.147344
v -0.244938 -0.151124 0.152957
v -0.244934 -0.152609 0.136855
v -0.244444 -0.159526 0.105828
v -0.244936 -0.153186 0.121057
v -0.244431 -0.149946 0.187673
v -0.244934 -0.143529 0.184933
v -0.244934 -0.145878 0.178423
v -0.244435 -0.154212 0.173369
v -0.244934 -0.148236 0.169643
v -0.243251 -0.153740 0.185787
v -0.243248 -0.157025 0.174345
v -0.243248 -0.160142 0.157063
v -0.243248 -0.161920 0.137981
v -0.243248 -0.162485 0.118000
v -0.240937 -0.154771 0.189972
v -0.240937 -0.157287 0.182972
v -0.240937 -0.159413 0.175174
v -0.240937 -0.162561 0.157637
v -0.240937 -0.164351 0.138275
v -0.240937 -0.164917 0.118000
v -0.091646 -0.061356 0.231292
v -0.093993 -0.062330 0.233091
v -0.091646 -0.083618 0.229733
v -0.093993 -0.084946 0.231506
v -0.091646 -0.100153 0.227499
v -0.093993 -0.101746 0.229237
v -0.091646 -0.112697 0.224537
v -0.093993 -0.114496 0.226229
v -0.090441 -0.049233 0.229493
v -0.090442 -0.081885 0.227418
v -0.090435 -0.103918 0.224166
v -0.089997 -0.103127 0.014870
v -0.090432 -0.076109 0.008042
v -0.090433 -0.105564 0.012279
v -0.091647 -0.061270 0.004801
v -0.091647 -0.083524 0.006344
v -0.091647 -0.100074 0.008557
v -0.091647 -0.112643 0.011498
v -0.093993 -0.062235 0.003012
v -0.093993 -0.084843 0.004577
v -0.093993 -0.101659 0.006824
v -0.093993 -0.114437 0.009810
v -0.244443 -0.155827 0.069665
v -0.244934 -0.150875 0.081138
v -0.244934 -0.148483 0.067457
v -0.244438 -0.149319 0.046899
v -0.244936 -0.144793 0.054147
v -0.244927 -0.152217 0.092055
v -0.243248 -0.161920 0.098019
v -0.243248 -0.160142 0.078937
v -0.243248 -0.157025 0.061655
v -0.243259 -0.153488 0.049567
v -0.240937 -0.164351 0.097725
v -0.240937 -0.162561 0.078363
v -0.240937 -0.159413 0.060826
v -0.240937 -0.157287 0.053028
v -0.240937 -0.154771 0.046028
v -0.091646 0.061356 0.231292
v -0.093993 0.062330 0.233091
v -0.091633 0.019849 0.232492
v -0.093993 0.033060 0.234036
v -0.093993 -0.000000 0.234351
v -0.091646 -0.032544 0.232223
v -0.093993 -0.033060 0.234036
v -0.090431 0.076193 0.228019
v -0.090437 0.020146 0.230111
v -0.089996 0.060236 0.226664
v -0.090441 0.049179 0.006582
v -0.090437 -0.020091 0.005970
v -0.091647 0.061270 0.004801
v -0.091647 0.032492 0.003881
v -0.091633 -0.019790 0.003615
v -0.094374 0.063212 0.002826
v -0.093993 0.033004 0.002078
v -0.093993 -0.000000 0.001767
v -0.094427 -0.031296 0.001790
v -0.091646 0.122984 0.220794
v -0.093993 0.124960 0.222426
v -0.091646 0.112697 0.224537
v -0.093993 0.114496 0.226229
v -0.091646 0.100153 0.227499
v -0.093993 0.101746 0.229237
v -0.091646 0.083618 0.229733
v -0.093993 0.084946 0.231506
v -0.090436 0.125579 0.216382
v -0.090433 0.105610 0.223755
v -0.089996 0.123157 0.213640
v -0.089997 0.122225 0.021842
v -0.090428 0.124346 0.019049
v -0.090442 0.110309 0.013696
v -0.090438 0.091040 0.009570
v -0.091647 0.122956 0.015225
v -0.091647 0.112643 0.011498
v -0.091647 0.100074 0.008557
v -0.091647 0.083524 0.006344
v -0.093993 0.124928 0.013595
v -0.093993 0.114437 0.009810
v -0.093993 0.101659 0.006824
v -0.093993 0.084843 0.004577
v -0.143619 0.170341 0.114093
v -0.144952 0.170576 0.119647
v -0.143021 0.169916 0.118000
v -0.143041 0.170264 0.126658
v -0.142363 0.169819 0.126745
v -0.139421 0.169813 0.141468
v -0.140188 0.169776 0.136048
v -0.137178 0.169471 0.143844
v -0.136511 0.169025 0.143654
v -0.131405 0.168367 0.151214
v -0.114663 0.165085 0.176185
v -0.097948 0.163904 0.175811
v -0.104332 0.164747 0.176099
v -0.097948 0.161653 0.184278
v -0.104332 0.162486 0.184608
v -0.115087 0.162842 0.184672
v -0.097948 0.158955 0.191847
v -0.104332 0.159776 0.192215
v -0.115117 0.160125 0.192315
v -0.090440 0.136495 0.209368
v -0.091639 0.139374 0.211373
v -0.093993 0.139075 0.214740
v -0.091646 0.132415 0.216106
v -0.093993 0.134560 0.217663
v -0.091640 0.147087 0.203564
v -0.090439 0.143979 0.201734
v -0.093993 0.143352 0.211337
v -0.093993 0.147354 0.207364
v -0.093993 0.151046 0.202731
v -0.093993 0.154392 0.197350
v -0.090439 0.143468 0.033629
v -0.090435 0.135855 0.026140
v -0.091647 0.132403 0.019902
v -0.093993 0.134547 0.018345
v -0.091641 0.138925 0.024272
v -0.093993 0.139067 0.021265
v -0.093993 0.143348 0.024666
v -0.091639 0.146685 0.031937
v -0.093993 0.147352 0.028637
v -0.093993 0.151046 0.033269
v -0.093993 0.154392 0.038650
v -0.115178 0.165012 0.059493
v -0.097948 0.163904 0.060189
v -0.097948 0.158955 0.044153
v -0.097948 0.161653 0.051722
v -0.104332 0.159776 0.043785
v -0.104332 0.162486 0.051392
v -0.104332 0.164747 0.059901
v -0.115144 0.160082 0.043579
v -0.115157 0.162805 0.051204
v -0.132813 0.168538 0.086528
v -0.133217 0.168951 0.085914
v -0.137910 0.169468 0.094535
v -0.141475 0.170093 0.099608
v -0.141342 0.170034 0.102074
v -0.140775 0.169604 0.102475
v -0.142611 0.169861 0.111403
v -0.244937 0.144794 0.181851
v -0.244437 0.153584 0.176202
v -0.244429 0.148364 0.191001
v -0.243258 0.156316 0.177494
v -0.243206 0.151111 0.192301
v -0.240937 0.157287 0.182972
v -0.240937 0.154771 0.189972
v -0.244934 0.148483 0.168543
v -0.240937 0.159413 0.175174
v -0.240937 0.162561 0.157637
v -0.243248 0.160142 0.157063
v -0.244433 0.158487 0.147358
v -0.244931 0.152218 0.143940
v -0.244934 0.150875 0.154862
v -0.244437 0.159540 0.105737
v -0.243248 0.162485 0.118000
v -0.243248 0.161920 0.137981
v -0.240937 0.164917 0.118000
v -0.240937 0.164351 0.138275
v -0.244936 0.153186 0.114939
v -0.114935 -0.127093 0.224178
v -0.115125 -0.136831 0.219367
v -0.115130 -0.141428 0.216406
v -0.115131 -0.145796 0.212947
v -0.115134 -0.149882 0.208910
v -0.115138 -0.153650 0.204204
v -0.115142 -0.157062 0.198738
v -0.104332 -0.126834 0.223974
v -0.104332 -0.136596 0.219141
v -0.104332 -0.141189 0.216175
v -0.104332 -0.145539 0.212721
v -0.104332 -0.149611 0.208689
v -0.104332 -0.153365 0.203988
v -0.104332 -0.156766 0.198527
v -0.097948 -0.126198 0.223449
v -0.097948 -0.135906 0.218640
v -0.097948 -0.140472 0.215688
v -0.097948 -0.144797 0.212252
v -0.097948 -0.148845 0.208239
v -0.097948 -0.152578 0.203561
v -0.097948 -0.155961 0.198127
v -0.167608 -0.168038 0.158938
v -0.167608 -0.170424 0.118000
v -0.167608 -0.169854 0.138940
v -0.167608 -0.160041 0.192334
v -0.207168 -0.159475 0.192081
v -0.167608 -0.162635 0.185104
v -0.207168 -0.162061 0.184876
v -0.167608 -0.164820 0.177050
v -0.207168 -0.164240 0.176849
v -0.207168 -0.167451 0.158798
v -0.207168 -0.169263 0.138869
v -0.207168 -0.169833 0.118000
v -0.237036 -0.156582 0.190784
v -0.237036 -0.159125 0.183705
v -0.237036 -0.161271 0.175819
v -0.237036 -0.164443 0.158084
v -0.237036 -0.166242 0.138504
v -0.237036 -0.166809 0.118000
v -0.230719 -0.157918 0.191383
v -0.230719 -0.160481 0.184246
v -0.230719 -0.162642 0.176294
v -0.230719 -0.165832 0.158414
v -0.230719 -0.167637 0.138672
v -0.230719 -0.168206 0.118000
v -0.221069 -0.158856 0.191803
v -0.221069 -0.161433 0.184625
v -0.221069 -0.163605 0.176628
v -0.221069 -0.166807 0.158646
v -0.221069 -0.168617 0.138791
v -0.221069 -0.169186 0.118000
v -0.244934 -0.139827 0.192391
v -0.243248 -0.121154 0.219282
v -0.244442 -0.113626 0.219743
v -0.244435 -0.128120 0.212988
v -0.244934 -0.114247 0.213576
v -0.240937 -0.144944 0.205948
v -0.240937 -0.141015 0.209858
v -0.243256 -0.137340 0.209938
v -0.243248 -0.149573 0.194961
v -0.240937 -0.151856 0.196093
v -0.243255 -0.144823 0.202337
v -0.240937 -0.148569 0.201389
v -0.240892 -0.134666 0.214791
v -0.243248 -0.130427 0.214663
v -0.240993 -0.121597 0.221338
v -0.244435 -0.136432 0.206959
v -0.244932 -0.133034 0.201504
v -0.244436 -0.142345 0.200728
v -0.244934 -0.124047 0.208596
v -0.120091 -0.088942 0.233205
v -0.115417 -0.063307 0.235038
v -0.116052 -0.116353 0.228096
v -0.128003 -0.110488 0.229660
v -0.115878 -0.103448 0.231128
v -0.104332 -0.063254 0.234798
v -0.104332 -0.086206 0.233190
v -0.104332 -0.103258 0.230887
v -0.104332 -0.116203 0.227834
v -0.097948 -0.062941 0.234218
v -0.097948 -0.085778 0.232619
v -0.097948 -0.102745 0.230327
v -0.097948 -0.115624 0.227289
v -0.167608 -0.141420 0.216332
v -0.167608 -0.145779 0.212873
v -0.167609 -0.136819 0.219303
v -0.167608 -0.149858 0.208834
v -0.167608 -0.153619 0.204125
v -0.207168 -0.153077 0.203832
v -0.167608 -0.157026 0.198656
v -0.207168 -0.156471 0.198381
v -0.221069 -0.152484 0.203510
v -0.230719 -0.151585 0.203023
v -0.237036 -0.138399 0.214282
v -0.237036 -0.133909 0.217191
v -0.237810 -0.122245 0.222587
v -0.237036 -0.150304 0.202329
v -0.237036 -0.146632 0.206940
v -0.237036 -0.142652 0.210894
v -0.237036 -0.153633 0.196974
v -0.230719 -0.154943 0.197623
v -0.221069 -0.155864 0.198080
v -0.244435 -0.096965 0.224019
v -0.243248 -0.111030 0.222970
v -0.244934 -0.104817 0.217034
v -0.244935 -0.091667 0.220112
v -0.244934 -0.077745 0.221887
v -0.243248 -0.098678 0.225888
v -0.243248 -0.082388 0.228089
v -0.244441 -0.075539 0.226769
v -0.240939 -0.110348 0.225233
v -0.244933 -0.048133 0.223820
v -0.240948 -0.096586 0.228115
v -0.240942 -0.080218 0.230046
v -0.243248 -0.060454 0.229626
v -0.240937 -0.061343 0.231267
v -0.107942 -0.001068 0.236265
v -0.107474 -0.033599 0.235930
v -0.108029 0.033139 0.235961
v -0.097230 -0.033868 0.235085
v -0.097092 0.000341 0.235384
v -0.097094 0.033759 0.235058
v -0.097116 0.062226 0.234143
v -0.105278 0.063276 0.234838
v -0.118741 0.065049 0.234984
v -0.238448 -0.078219 0.231161
v -0.238448 -0.061843 0.232191
v -0.238448 -0.108136 0.226857
v -0.238448 -0.091516 0.229806
v -0.244436 0.048375 0.228243
v -0.244933 0.048729 0.223789
v -0.244438 -0.020254 0.228844
v -0.244934 0.001171 0.224490
v -0.243248 0.060454 0.229626
v -0.243248 0.032065 0.230542
v -0.243312 -0.017320 0.230760
v -0.240937 -0.041765 0.231983
v -0.240945 0.064056 0.231146
v -0.240937 0.038569 0.232065
v -0.240937 0.012909 0.232460
v -0.128003 0.120466 0.226763
v -0.118302 0.115599 0.228347
v -0.097948 0.102745 0.230327
v -0.097948 0.085778 0.232619
v -0.097948 0.115624 0.227289
v -0.097948 0.126198 0.223449
v -0.104332 0.116203 0.227834
v -0.104332 0.126834 0.223974
v -0.116072 0.127046 0.224222
v -0.116220 0.103712 0.231080
v -0.128003 0.095425 0.232385
v -0.117504 0.087238 0.233342
v -0.104332 0.103258 0.230887
v -0.104332 0.086206 0.233190
v -0.238450 0.064488 0.232076
v -0.238448 0.038884 0.232994
v -0.238448 0.013014 0.233393
v -0.238448 -0.042105 0.232912
v -0.244435 0.096965 0.224019
v -0.244936 0.095685 0.219373
v -0.244435 0.080960 0.226182
v -0.244934 0.078207 0.221841
v -0.244439 0.112940 0.220038
v -0.244934 0.114247 0.213576
v -0.244934 0.104741 0.217057
v -0.243248 0.121154 0.219282
v -0.243248 0.111030 0.222970
v -0.243248 0.098678 0.225888
v -0.243248 0.082388 0.228089
v -0.240937 0.122957 0.220771
v -0.240937 0.112672 0.224514
v -0.240937 0.100131 0.227475
v -0.240937 0.083600 0.229708
v -0.167608 0.169854 0.138940
v -0.167608 0.170424 0.118000
v -0.167608 0.168038 0.158938
v -0.167608 0.164820 0.177050
v -0.167608 0.160041 0.192334
v -0.167608 0.162635 0.185104
v -0.207168 0.159475 0.192081
v -0.207168 0.162061 0.184876
v -0.207168 0.164240 0.176849
v -0.207168 0.167451 0.158798
v -0.207168 0.169263 0.138869
v -0.207168 0.169833 0.118000
v -0.115146 0.157117 0.198637
v -0.115149 0.153713 0.204115
v -0.115153 0.149954 0.208830
v -0.115155 0.145879 0.212874
v -0.115156 0.141526 0.216336
v -0.115162 0.136916 0.219319
v -0.104332 0.156766 0.198527
v -0.104332 0.153365 0.203988
v -0.104332 0.149611 0.208689
v -0.104332 0.145539 0.212721
v -0.104332 0.141189 0.216175
v -0.104332 0.136596 0.219141
v -0.097948 0.155961 0.198127
v -0.097948 0.152578 0.203561
v -0.097948 0.148845 0.208239
v -0.097948 0.144797 0.212252
v -0.097948 0.140472 0.215688
v -0.097948 0.135906 0.218640
v -0.237977 0.124132 0.221749
v -0.238448 0.117447 0.224136
v -0.238448 0.080909 0.230934
v -0.238448 0.092697 0.229653
v -0.238015 0.106732 0.227393
v -0.244435 0.136432 0.206959
v -0.244435 0.128120 0.212988
v -0.243248 0.130427 0.214663
v -0.240937 0.151856 0.196093
v -0.240937 0.148569 0.201389
v -0.243257 0.144478 0.202766
v -0.240937 0.144944 0.205948
v -0.240937 0.141015 0.209858
v -0.243274 0.136844 0.210315
v -0.240937 0.136817 0.213208
v -0.240937 0.132385 0.216085
v -0.244934 0.122429 0.209549
v -0.244934 0.140827 0.190625
v -0.244436 0.141757 0.201465
v -0.244934 0.136191 0.197867
v -0.244934 0.130297 0.203916
v -0.221069 0.158856 0.191803
v -0.230719 0.157918 0.191383
v -0.221069 0.161433 0.184625
v -0.237036 0.156582 0.190784
v -0.230719 0.160481 0.184246
v -0.237036 0.159125 0.183705
v -0.221069 0.163605 0.176628
v -0.221069 0.166807 0.158646
v -0.221069 0.168617 0.138791
v -0.221069 0.169186 0.118000
v -0.230719 0.162642 0.176294
v -0.230719 0.165832 0.158414
v -0.230719 0.167637 0.138672
v -0.230719 0.168206 0.118000
v -0.237036 0.161271 0.175819
v -0.237036 0.164443 0.158084
v -0.237036 0.166242 0.138504
v -0.237036 0.166809 0.118000
v -0.167608 0.145779 0.212873
v -0.167608 0.149858 0.208834
v -0.167609 0.136819 0.219303
v -0.167608 0.157026 0.198656
v -0.207168 0.156471 0.198381
v -0.167608 0.153619 0.204125
v -0.207168 0.153077 0.203832
v -0.237036 0.133909 0.217191
v -0.221069 0.152484 0.203510
v -0.230719 0.151585 0.203023
v -0.237036 0.146632 0.206940
v -0.237036 0.150304 0.202329
v -0.237036 0.142652 0.210894
v -0.237036 0.138399 0.214282
v -0.237036 0.153633 0.196974
v -0.230719 0.154943 0.197623
v -0.221069 0.155864 0.198080
v -0.240937 0.164351 0.097725
v -0.243248 0.161920 0.098019
v -0.240937 0.162561 0.078363
v -0.243248 0.160142 0.078937
v -0.240937 0.159413 0.060826
v -0.243248 0.157025 0.061655
v -0.240937 0.157287 0.053028
v -0.243286 0.153553 0.049902
v -0.240937 0.154771 0.046028
v -0.244434 0.155829 0.069553
v -0.244440 0.149594 0.047662
v -0.244934 0.152609 0.099145
v -0.244938 0.151124 0.083042
v -0.244934 0.148236 0.066357
v -0.244934 0.145878 0.057577
v -0.244934 0.143529 0.051067
v -0.197330 -0.157142 0.038668
v -0.197971 -0.156863 0.037725
v -0.196712 -0.156572 0.037638
v -0.195501 -0.156156 0.037259
v -0.195610 -0.156233 0.036684
v -0.144455 -0.156572 0.037126
v -0.172210 -0.156489 0.036520
v -0.143798 -0.156684 0.036792
v -0.143647 -0.156567 0.036362
v -0.143517 -0.156784 0.037513
v -0.142485 -0.157608 0.038445
v -0.167608 -0.168038 0.077062
v -0.207168 -0.167451 0.077202
v -0.207168 -0.164240 0.059151
v -0.207168 -0.162061 0.051124
v -0.207168 -0.159475 0.043919
v -0.167608 -0.169854 0.097060
v -0.207168 -0.169263 0.097131
v -0.097949 -0.126169 0.012570
v -0.097948 -0.135893 0.017368
v -0.097948 -0.140465 0.020316
v -0.097948 -0.144794 0.023751
v -0.097948 -0.148844 0.027762
v -0.097948 -0.152578 0.032439
v -0.097948 -0.155961 0.037873
v -0.104332 -0.126812 0.012040
v -0.104332 -0.136587 0.016865
v -0.104332 -0.141183 0.019828
v -0.104332 -0.145537 0.023281
v -0.104332 -0.149610 0.027312
v -0.104332 -0.153365 0.032012
v -0.104332 -0.156766 0.037473
v -0.115463 -0.127079 0.011819
v -0.115175 -0.136917 0.016688
v -0.115169 -0.141525 0.019668
v -0.115160 -0.145879 0.023129
v -0.115154 -0.149954 0.027171
v -0.115513 -0.153470 0.031562
v -0.114624 -0.157008 0.037201
v -0.097949 -0.115569 0.008747
v -0.097949 -0.102665 0.005729
v -0.097949 -0.085684 0.003458
v -0.104332 -0.116160 0.008194
v -0.104332 -0.103195 0.005157
v -0.116242 -0.116254 0.007899
v -0.116080 -0.103364 0.004887
v -0.128003 -0.110478 0.006354
v -0.118819 -0.088240 0.002742
v -0.104332 -0.086132 0.002871
v -0.097949 -0.062854 0.001876
v -0.104332 -0.063186 0.001276
v -0.116096 -0.063267 0.000999
v -0.243248 -0.121154 0.016718
v -0.243248 -0.130427 0.021337
v -0.244435 -0.128120 0.023012
v -0.244435 -0.136432 0.029041
v -0.243248 -0.149573 0.041039
v -0.243257 -0.144478 0.033234
v -0.244436 -0.141757 0.034535
v -0.243274 -0.136844 0.025685
v -0.244439 -0.112940 0.015962
v -0.244934 -0.122429 0.026451
v -0.244934 -0.114247 0.022424
v -0.240937 -0.151856 0.039907
v -0.240937 -0.148569 0.034611
v -0.240937 -0.144944 0.030052
v -0.240937 -0.141015 0.026142
v -0.240937 -0.136817 0.022792
v -0.240937 -0.132385 0.019915
v -0.240918 -0.121537 0.014563
v -0.244934 -0.140827 0.045375
v -0.244934 -0.136191 0.038133
v -0.244934 -0.130297 0.032084
v -0.237036 -0.166242 0.097496
v -0.237036 -0.164443 0.077916
v -0.237036 -0.161271 0.060181
v -0.237036 -0.159125 0.052295
v -0.237036 -0.156582 0.045216
v -0.230719 -0.167637 0.097328
v -0.230719 -0.165832 0.077586
v -0.230719 -0.162642 0.059706
v -0.230719 -0.160481 0.051754
v -0.230719 -0.157918 0.044617
v -0.221069 -0.168617 0.097209
v -0.221069 -0.166807 0.077354
v -0.221069 -0.163605 0.059372
v -0.221069 -0.161433 0.051375
v -0.221069 -0.158856 0.044197
v -0.167608 -0.145779 0.023127
v -0.167608 -0.149858 0.027166
v -0.207168 -0.153077 0.032168
v -0.167608 -0.136819 0.016697
v -0.167608 -0.153619 0.031875
v -0.207168 -0.149330 0.027476
v -0.116005 0.063136 0.000990
v -0.099936 0.062862 0.001544
v -0.101413 0.033008 0.000450
v -0.128003 -0.033606 0.000026
v -0.095982 0.033211 0.001354
v -0.095982 -0.000000 0.001041
v -0.101134 -0.000396 0.000167
v -0.101096 -0.033172 0.000482
v -0.128003 0.033606 0.000026
v -0.128003 -0.000000 -0.000293
v -0.243248 -0.098678 0.010112
v -0.243248 -0.111030 0.013030
v -0.240957 -0.080881 0.006010
v -0.240983 -0.096452 0.007850
v -0.240967 -0.110717 0.010880
v -0.240937 -0.061343 0.004733
v -0.243248 -0.082388 0.007911
v -0.244435 -0.096965 0.011981
v -0.244435 -0.080960 0.009818
v -0.243248 -0.060454 0.006374
v -0.244436 -0.048375 0.007757
v -0.244934 -0.104741 0.018943
v -0.244933 -0.048729 0.012211
v -0.244934 -0.078207 0.014159
v -0.244936 -0.095685 0.016627
v -0.230719 -0.151585 0.032977
v -0.221069 -0.152484 0.032490
v -0.237036 -0.146632 0.029060
v -0.237036 -0.150304 0.033671
v -0.237036 -0.142652 0.025106
v -0.237036 -0.138399 0.021718
v -0.237036 -0.133909 0.018809
v -0.237831 -0.122499 0.013496
v -0.221069 -0.155864 0.037920
v -0.230719 -0.154943 0.038377
v -0.237036 -0.153633 0.039026
v -0.128003 0.095402 0.003634
v -0.116099 0.103358 0.004883
v -0.097949 0.085684 0.003458
v -0.097949 0.102665 0.005729
v -0.097949 0.115569 0.008747
v -0.105696 0.086012 0.002752
v -0.128003 0.086360 0.002591
v -0.104332 0.103195 0.005157
v -0.104332 0.116160 0.008194
v -0.116007 0.116511 0.007981
v -0.097949 0.126169 0.012570
v -0.104332 0.126812 0.012040
v -0.115562 0.127103 0.011829
v -0.243248 0.032065 0.005458
v -0.243248 0.060454 0.006374
v -0.240963 0.064145 0.004868
v -0.240937 -0.041762 0.004017
v -0.243304 -0.019189 0.005254
v -0.240937 0.012910 0.003540
v -0.240937 0.038570 0.003935
v -0.244441 0.075539 0.009231
v -0.244438 0.020254 0.007156
v -0.244933 0.048133 0.012180
v -0.244934 -0.001171 0.011510
v -0.238430 -0.108140 0.009138
v -0.238430 -0.091520 0.006189
v -0.238430 -0.078222 0.004834
v -0.238430 -0.061845 0.003804
v -0.097948 0.155961 0.037873
v -0.097948 0.152578 0.032439
v -0.097948 0.148844 0.027762
v -0.097948 0.144794 0.023751
v -0.097948 0.140465 0.020316
v -0.097948 0.135893 0.017368
v -0.104332 0.156766 0.037473
v -0.104332 0.153365 0.032012
v -0.104332 0.149610 0.027312
v -0.104332 0.145537 0.023281
v -0.104332 0.141183 0.019828
v -0.104332 0.136587 0.016865
v -0.115141 0.157062 0.037262
v -0.115139 0.153650 0.031797
v -0.115139 0.149882 0.027091
v -0.115144 0.145795 0.023055
v -0.115154 0.141427 0.019597
v -0.115334 0.136796 0.016615
v -0.167608 0.168038 0.077062
v -0.167608 0.169854 0.097060
v -0.167608 0.160041 0.043666
v -0.167608 0.162635 0.050896
v -0.167608 0.164820 0.058950
v -0.207168 0.169263 0.097131
v -0.207168 0.167451 0.077202
v -0.207168 0.164240 0.059151
v -0.207168 0.162061 0.051124
v -0.207168 0.159475 0.043919
v -0.243248 0.098678 0.010112
v -0.243248 0.082388 0.007911
v -0.243248 0.111030 0.013030
v -0.243248 0.121154 0.016718
v -0.240937 0.122957 0.015229
v -0.240937 0.083600 0.006292
v -0.240937 0.100131 0.008525
v -0.240937 0.112672 0.011486
v -0.244442 0.113626 0.016257
v -0.244435 0.096965 0.011981
v -0.244934 0.077745 0.014113
v -0.244934 0.114247 0.022424
v -0.244934 0.104817 0.018966
v -0.244935 0.091667 0.015888
v -0.238430 -0.042104 0.003083
v -0.238430 0.013016 0.002602
v -0.238430 0.038886 0.003000
v -0.238402 0.064122 0.003891
v -0.167608 0.136819 0.016697
v -0.167608 0.141420 0.019668
v -0.167608 0.145779 0.023127
v -0.167608 0.157026 0.037344
v -0.167608 0.153619 0.031875
v -0.167608 0.149858 0.027166
v -0.207168 0.156471 0.037619
v -0.207168 0.153077 0.032168
v -0.207168 0.149330 0.027476
v -0.221069 0.168617 0.097209
v -0.230719 0.167637 0.097328
v -0.237036 0.166242 0.097496
v -0.221069 0.166807 0.077354
v -0.221069 0.163605 0.059372
v -0.221069 0.161433 0.051375
v -0.221069 0.158856 0.044197
v -0.230719 0.165832 0.077586
v -0.230719 0.162642 0.059706
v -0.230719 0.160481 0.051754
v -0.230719 0.157918 0.044617
v -0.237036 0.164443 0.077916
v -0.237036 0.161271 0.060181
v -0.237036 0.159125 0.052295
v -0.237036 0.156582 0.045216
v -0.244934 0.139827 0.043609
v -0.244435 0.128120 0.023012
v -0.244435 0.136432 0.029041
v -0.244934 0.124047 0.027404
v -0.243248 0.149573 0.041039
v -0.244436 0.142345 0.035272
v -0.243255 0.144823 0.033663
v -0.243256 0.137340 0.026062
v -0.243248 0.130427 0.021337
v -0.240937 0.151856 0.039907
v -0.240937 0.148569 0.034611
v -0.240937 0.144944 0.030052
v -0.240937 0.141015 0.026142
v -0.240937 0.136817 0.022792
v -0.240937 0.132385 0.019915
v -0.244932 0.133034 0.034496
v -0.238430 0.080914 0.005062
v -0.238373 0.098180 0.007067
v -0.238610 0.113765 0.010643
v -0.238091 0.124033 0.014272
v -0.237036 0.138399 0.021718
v -0.237036 0.133909 0.018809
v -0.237036 0.142652 0.025106
v -0.237036 0.146632 0.029060
v -0.237036 0.150304 0.033671
v -0.230719 0.151585 0.032977
v -0.221069 0.155864 0.037920
v -0.221069 0.152484 0.032490
v -0.230719 0.154943 0.038377
v -0.237036 0.153633 0.039026
v -0.224934 -0.151392 0.150757
v -0.224933 -0.153231 0.121701
v -0.224934 -0.151752 0.088544
v -0.224934 0.151392 0.085243
v -0.224933 0.153231 0.114299
v -0.224934 0.151752 0.147456
v -0.234934 -0.131348 0.219218
v -0.234935 -0.133750 0.215630
v -0.234954 0.137165 0.213405
v -0.234934 -0.124601 0.220167
v -0.234931 -0.140457 0.210842
v -0.234934 -0.116714 0.223198
v -0.234934 -0.117485 0.225092
v -0.234934 -0.108667 0.225540
v -0.234934 -0.109090 0.227539
v -0.234934 -0.098621 0.227550
v -0.234935 -0.095394 0.230155
v -0.234934 -0.086285 0.229193
v -0.234934 0.131348 0.219218
v -0.234934 0.129442 0.217895
v -0.234934 0.121506 0.221481
v -0.234933 0.110302 0.227285
v -0.234934 0.112705 0.224467
v -0.234934 0.104314 0.226503
v -0.234934 0.096247 0.229978
v -0.234934 0.094347 0.228198
v -0.234933 0.083910 0.231474
v -0.234934 0.081300 0.229684
v -0.234934 -0.066651 0.230716
v -0.234933 -0.001123 0.234247
v -0.234934 -0.025189 0.232085
v -0.234934 -0.037211 0.233800
v -0.234934 0.062125 0.230920
v -0.234934 0.033948 0.231908
v -0.234934 0.035128 0.233858
v -0.226158 0.149665 0.203244
v -0.216748 0.148517 0.205821
v -0.213768 0.147942 0.209691
v -0.210476 0.147000 0.207934
v -0.205267 0.145161 0.210030
v -0.204872 0.144995 0.212900
v -0.198540 0.141379 0.213472
v -0.199688 0.142116 0.215364
v -0.194350 0.137692 0.218503
v -0.193939 0.137164 0.216464
v -0.190210 0.132100 0.219406
v -0.190171 0.131975 0.221683
v -0.186697 0.124413 0.222958
v -0.188046 0.127765 0.223665
v -0.186044 0.122204 0.225927
v -0.184003 0.113659 0.226616
v -0.183977 0.113543 0.228737
v -0.182809 0.105767 0.228484
v -0.182923 0.106653 0.230344
v -0.181571 0.093126 0.230577
v -0.181571 0.093190 0.232589
v -0.180532 0.069921 0.232594
v -0.180522 0.069576 0.234619
v -0.180036 0.037150 0.233827
v -0.180031 0.036396 0.235850
v -0.179916 -0.014063 0.234223
v -0.179931 -0.015690 0.236188
v -0.225949 -0.149682 0.203259
v -0.214254 -0.148047 0.206588
v -0.212232 -0.147499 0.210203
v -0.206510 -0.145652 0.212251
v -0.204915 -0.145007 0.210190
v -0.201995 -0.143527 0.214209
v -0.197925 -0.140916 0.213826
v -0.197425 -0.140459 0.216608
v -0.193070 -0.136236 0.219377
v -0.192427 -0.135403 0.217572
v -0.188704 -0.129295 0.222993
v -0.188263 -0.128323 0.221237
v -0.186164 -0.122543 0.225792
v -0.185124 -0.118950 0.225010
v -0.184176 -0.114684 0.228419
v -0.182887 -0.106691 0.228343
v -0.182498 -0.103136 0.231027
v -0.181527 -0.092276 0.232667
v -0.181477 -0.091539 0.230740
v -0.180756 -0.076446 0.234139
v -0.180437 -0.067101 0.232808
v -0.180293 -0.059380 0.235142
v -0.227109 -0.149656 0.206327
v -0.231805 -0.148441 0.203573
v -0.229279 -0.149417 0.202932
v -0.230343 -0.149142 0.206305
v -0.232498 -0.147839 0.207271
v -0.233747 -0.146241 0.205622
v -0.233511 -0.146614 0.208317
v -0.234641 -0.143632 0.208067
v -0.234572 -0.144113 0.210485
v -0.234649 0.143836 0.210729
v -0.234804 0.142779 0.208851
v -0.234103 0.145489 0.206345
v -0.233422 0.146794 0.208160
v -0.232647 0.147734 0.204205
v -0.231834 0.148361 0.206852
v -0.229161 0.149509 0.206132
v -0.230311 0.149164 0.203029
v -0.207168 -0.133256 0.220663
v -0.207168 -0.126601 0.223782
v -0.208656 -0.138724 0.217462
v -0.207168 -0.086049 0.232981
v -0.207168 -0.063140 0.234586
v -0.207142 -0.099063 0.231400
v -0.207449 -0.113567 0.228386
v -0.227614 -0.144226 0.211929
v -0.227775 -0.138569 0.216282
v -0.227647 -0.125882 0.222994
v -0.227932 -0.132221 0.219992
v -0.207168 -0.033489 0.235543
v -0.207168 -0.000000 0.235862
v -0.207168 0.033489 0.235543
v -0.207168 0.063140 0.234586
v -0.227911 -0.086071 0.232118
v -0.227643 -0.062844 0.233782
v -0.228052 -0.115209 0.226848
v -0.227854 -0.109421 0.228423
v -0.228040 -0.102918 0.229783
v -0.227890 -0.094977 0.231066
v -0.207168 0.126601 0.223782
v -0.207429 0.114413 0.228141
v -0.206176 0.100224 0.231254
v -0.207168 0.086049 0.232981
v -0.228056 0.032924 0.234723
v -0.227669 0.062365 0.233804
v -0.227998 -0.033875 0.234704
v -0.228214 -0.000632 0.235019
v -0.227904 0.114882 0.226964
v -0.227684 0.125932 0.222984
v -0.228667 0.108768 0.228510
v -0.230501 0.102116 0.229641
v -0.230501 0.094304 0.230870
v -0.228557 0.085616 0.232113
v -0.224530 0.098491 0.230804
v -0.208043 0.138761 0.217479
v -0.207335 0.132450 0.221084
v -0.227233 0.144227 0.211994
v -0.227745 0.138505 0.216310
v -0.227762 0.132467 0.219890
v -0.207427 -0.140661 0.213740
v -0.207754 -0.133610 0.218236
v -0.207115 -0.125819 0.221942
v -0.207826 -0.113715 0.226242
v -0.206604 -0.099708 0.229292
v -0.207124 -0.085853 0.230991
v -0.207125 -0.063043 0.232588
v -0.227931 -0.131715 0.217994
v -0.228396 -0.124878 0.221169
v -0.228244 -0.138324 0.213944
v -0.227673 -0.144131 0.209279
v -0.207126 -0.033450 0.233544
v -0.207126 -0.000000 0.233862
v -0.207126 0.033450 0.233544
v -0.207125 0.063043 0.232588
v -0.228778 -0.085052 0.230136
v -0.231247 -0.097961 0.228260
v -0.228850 -0.108351 0.226533
v -0.228350 -0.061956 0.231768
v -0.228215 -0.114045 0.225086
v -0.224731 -0.098848 0.228708
v -0.207124 0.085853 0.230991
v -0.206990 0.098731 0.229433
v -0.207120 0.109470 0.227310
v -0.207118 0.115416 0.225719
v -0.207115 0.125819 0.221942
v -0.227909 0.062998 0.231747
v -0.228066 0.033444 0.232704
v -0.228008 0.000672 0.233028
v -0.227871 -0.032449 0.232734
v -0.228089 0.125183 0.221067
v -0.228557 0.114456 0.224935
v -0.231259 0.105743 0.226829
v -0.228491 0.094953 0.228997
v -0.228411 0.085878 0.230086
v -0.224794 0.105872 0.227414
v -0.207740 0.134014 0.218027
v -0.207831 0.140730 0.213660
v -0.224778 0.144652 0.209121
v -0.230696 0.144036 0.208747
v -0.228364 0.138319 0.213932
v -0.228271 0.132031 0.217775
v -0.069500 -0.165514 0.069696
v -0.075025 -0.165239 0.067653
v -0.072205 -0.158976 0.068661
v -0.077501 -0.158931 0.067088
v -0.066135 -0.159026 0.071276
v -0.065512 -0.165243 0.071525
v -0.060966 -0.158926 0.074319
v -0.041779 -0.158981 0.097275
v -0.041993 -0.165212 0.096571
v -0.044766 -0.159000 0.091352
v -0.045114 -0.165246 0.090650
v -0.047742 -0.158877 0.086919
v -0.047632 -0.165534 0.087007
v -0.051557 -0.158991 0.082281
v -0.050294 -0.165434 0.083639
v -0.054082 -0.165468 0.079720
v -0.056582 -0.159000 0.077531
v -0.057768 -0.165233 0.076499
v -0.062478 -0.165559 0.073342
v -0.039376 -0.159946 0.103775
v -0.039640 -0.165213 0.102886
v -0.037593 -0.159004 0.114818
v -0.037674 -0.165253 0.113013
v -0.038260 -0.158895 0.109327
v -0.038418 -0.165451 0.108117
v -0.039456 -0.165167 0.132524
v -0.039545 -0.158995 0.132526
v -0.038373 -0.158923 0.127419
v -0.038045 -0.165264 0.125968
v -0.037613 -0.159009 0.121385
v -0.037614 -0.165511 0.121696
v -0.037504 -0.165491 0.117613
v -0.045029 -0.160017 0.145274
v -0.046173 -0.165496 0.146930
v -0.041828 -0.158967 0.138825
v -0.041781 -0.165224 0.138934
v -0.043403 -0.165558 0.142146
v -0.051802 -0.159002 0.153987
v -0.050878 -0.165526 0.153000
v -0.048146 -0.158893 0.149600
v -0.048665 -0.165312 0.150420
v -0.066190 -0.165158 0.164855
v -0.066057 -0.158986 0.164683
v -0.061424 -0.158927 0.161979
v -0.061747 -0.165496 0.162207
v -0.057467 -0.165190 0.159282
v -0.056571 -0.159036 0.158457
v -0.053788 -0.165480 0.155991
v -0.078005 -0.158916 0.169039
v -0.082990 -0.159896 0.170061
v -0.081258 -0.165417 0.169757
v -0.072161 -0.158997 0.167324
v -0.072208 -0.165420 0.167398
v -0.075928 -0.165558 0.168518
v -0.110366 -0.165514 0.166305
v -0.104841 -0.165239 0.168348
v -0.107663 -0.158976 0.167339
v -0.102367 -0.158931 0.168913
v -0.098538 -0.165228 0.169796
v -0.096963 -0.159932 0.170051
v -0.093369 -0.165219 0.170376
v -0.090024 -0.158835 0.170390
v -0.085632 -0.165538 0.170259
v -0.113734 -0.159026 0.164724
v -0.114354 -0.165243 0.164477
v -0.118903 -0.158926 0.161682
v -0.138090 -0.158981 0.138724
v -0.137880 -0.165212 0.139418
v -0.135104 -0.159000 0.144648
v -0.134759 -0.165246 0.145342
v -0.132127 -0.158877 0.149081
v -0.132242 -0.165534 0.148986
v -0.128312 -0.158991 0.153719
v -0.129581 -0.165434 0.152356
v -0.125784 -0.165468 0.156283
v -0.123286 -0.159000 0.158469
v -0.122098 -0.165233 0.159503
v -0.117387 -0.165559 0.162660
v -0.140493 -0.159946 0.132225
v -0.140231 -0.165214 0.133105
v -0.142276 -0.159004 0.121181
v -0.142196 -0.165253 0.122977
v -0.141609 -0.158895 0.126673
v -0.141452 -0.165451 0.127874
v -0.140410 -0.165167 0.103466
v -0.140324 -0.158995 0.103474
v -0.141496 -0.158923 0.108580
v -0.141823 -0.165263 0.110022
v -0.142256 -0.159010 0.114614
v -0.142254 -0.165511 0.114295
v -0.142365 -0.165491 0.118375
v -0.134839 -0.160017 0.090725
v -0.133690 -0.165496 0.089062
v -0.138041 -0.158967 0.097175
v -0.138084 -0.165223 0.097058
v -0.136461 -0.165558 0.093843
v -0.128067 -0.159002 0.082013
v -0.128983 -0.165526 0.082992
v -0.131723 -0.158894 0.086400
v -0.131196 -0.165312 0.085571
v -0.113670 -0.165158 0.071140
v -0.113812 -0.158986 0.071317
v -0.118444 -0.158927 0.074020
v -0.118112 -0.165496 0.073786
v -0.122393 -0.165190 0.076711
v -0.123297 -0.159036 0.077543
v -0.126072 -0.165480 0.080001
v -0.101862 -0.158916 0.066960
v -0.096878 -0.159896 0.065939
v -0.099019 -0.165429 0.066323
v -0.107707 -0.158997 0.068676
v -0.107651 -0.165420 0.068598
v -0.103930 -0.165558 0.067479
v -0.081328 -0.165228 0.066205
v -0.082906 -0.159932 0.065949
v -0.085568 -0.165528 0.065742
v -0.089845 -0.158835 0.065610
v -0.090122 -0.165479 0.065560
v -0.094423 -0.165517 0.065751
v -0.059671 -0.169966 0.102014
v -0.120200 -0.169966 0.133983
v -0.085635 -0.169989 0.151224
v -0.094228 -0.169989 0.084776
v -0.074892 -0.169965 0.087748
v -0.059811 -0.169978 0.132154
v -0.104974 -0.169965 0.148253
v -0.120055 -0.169978 0.103839
v -0.092165 -0.155000 0.165520
v -0.062013 -0.155000 0.079092
v -0.075400 -0.154999 0.163625
v -0.105550 -0.155000 0.163074
v -0.129383 -0.155000 0.144587
v -0.120024 -0.155000 0.155015
v -0.136327 -0.154999 0.129857
v -0.136714 -0.154999 0.107774
v -0.127149 -0.154999 0.087867
v -0.112004 -0.155000 0.075710
v -0.096209 -0.155000 0.070712
v -0.079657 -0.155000 0.071418
v -0.047526 -0.154999 0.095764
v -0.042058 -0.154999 0.117162
v -0.046774 -0.154999 0.138738
v -0.058707 -0.155000 0.154060
v -0.096371 -0.165788 0.169897
v -0.136927 -0.165788 0.140943
v -0.077010 -0.165788 0.067328
v -0.042947 -0.165788 0.095046
v -0.130450 -0.168782 0.098069
v -0.130992 -0.167460 0.089888
v -0.049415 -0.168782 0.137922
v -0.048870 -0.167460 0.146103
v -0.069749 -0.169916 0.146679
v -0.052430 -0.169789 0.120127
v -0.110113 -0.169916 0.089317
v -0.127438 -0.169789 0.115865
v -0.102375 -0.166508 0.168018
v -0.089747 -0.165479 0.170440
v -0.092728 -0.166508 0.169466
v -0.093421 -0.167460 0.167678
v -0.084724 -0.166506 0.169237
v -0.085669 -0.167460 0.167577
v -0.082388 -0.168781 0.162521
v -0.077659 -0.169643 0.155086
v -0.076602 -0.166508 0.167787
v -0.077816 -0.167460 0.166303
v -0.068931 -0.167460 0.163154
v -0.067745 -0.168775 0.157261
v -0.065974 -0.165785 0.164435
v -0.067459 -0.166508 0.164383
v -0.062191 -0.167460 0.159308
v -0.063076 -0.169639 0.146156
v -0.060560 -0.166506 0.160303
v -0.055342 -0.167717 0.152828
v -0.057724 -0.168779 0.149449
v -0.057651 -0.165785 0.159087
v -0.055575 -0.166740 0.155964
v -0.051067 -0.166740 0.151335
v -0.054561 -0.169639 0.134214
v -0.046987 -0.166506 0.146424
v -0.044907 -0.167717 0.137548
v -0.043962 -0.166740 0.140549
v -0.040605 -0.165785 0.135233
v -0.041489 -0.166740 0.134580
v -0.041384 -0.167460 0.128906
v -0.044919 -0.168782 0.121510
v -0.038825 -0.165785 0.128872
v -0.039516 -0.166506 0.128507
v -0.040870 -0.167717 0.119493
v -0.038445 -0.166508 0.120325
v -0.039425 -0.167133 0.119214
v -0.042054 -0.167717 0.107180
v -0.046182 -0.168779 0.107404
v -0.053831 -0.169643 0.103079
v -0.037977 -0.165785 0.112456
v -0.038747 -0.166506 0.112324
v -0.039723 -0.166800 0.108489
v -0.039952 -0.165785 0.102765
v -0.041372 -0.166697 0.101445
v -0.045663 -0.167715 0.096916
v -0.050224 -0.168779 0.096796
v -0.044315 -0.166791 0.094857
v -0.048878 -0.167460 0.089886
v -0.058377 -0.168779 0.085696
v -0.065317 -0.169642 0.087703
v -0.047898 -0.166506 0.088246
v -0.053491 -0.167462 0.084100
v -0.052914 -0.166509 0.082179
v -0.061880 -0.167717 0.077719
v -0.057850 -0.165785 0.076757
v -0.059859 -0.166508 0.076143
v -0.061325 -0.167133 0.076357
v -0.069684 -0.168779 0.077794
v -0.070162 -0.167714 0.073169
v -0.080330 -0.169639 0.080292
v -0.066728 -0.166506 0.072024
v -0.070473 -0.166800 0.070746
v -0.078784 -0.167717 0.070196
v -0.080383 -0.168779 0.074008
v -0.077489 -0.166508 0.067983
v -0.077251 -0.167128 0.069145
v -0.085533 -0.166740 0.066985
v -0.092614 -0.167720 0.068923
v -0.094558 -0.168782 0.073085
v -0.094968 -0.169639 0.079415
v -0.093050 -0.167128 0.067621
v -0.093637 -0.166508 0.066592
v -0.103255 -0.166508 0.068210
v -0.102271 -0.167415 0.069653
v -0.108206 -0.168779 0.076857
v -0.106633 -0.169638 0.082983
v -0.110928 -0.167460 0.072841
v -0.113884 -0.165785 0.071559
v -0.112399 -0.166508 0.071612
v -0.117668 -0.167460 0.076685
v -0.120194 -0.168782 0.084487
v -0.116787 -0.169639 0.089838
v -0.119299 -0.166506 0.075690
v -0.124519 -0.167717 0.083165
v -0.122208 -0.165785 0.076906
v -0.124286 -0.166740 0.080028
v -0.128794 -0.166740 0.084656
v -0.125304 -0.169639 0.101778
v -0.132875 -0.166506 0.089567
v -0.134957 -0.167717 0.098442
v -0.135901 -0.166740 0.095440
v -0.139260 -0.165785 0.100756
v -0.138376 -0.166740 0.101409
v -0.138482 -0.167460 0.107083
v -0.134949 -0.168782 0.114480
v -0.141041 -0.165785 0.107117
v -0.140350 -0.166506 0.107482
v -0.138999 -0.167717 0.116496
v -0.141423 -0.166508 0.115663
v -0.140443 -0.167133 0.116775
v -0.137817 -0.167717 0.128809
v -0.133689 -0.168779 0.128586
v -0.126041 -0.169643 0.132913
v -0.141893 -0.165785 0.123532
v -0.141123 -0.166506 0.123665
v -0.140148 -0.166800 0.127500
v -0.139920 -0.165785 0.133224
v -0.138501 -0.166697 0.134544
v -0.134211 -0.167715 0.139074
v -0.128178 -0.168783 0.142028
v -0.135559 -0.166791 0.141133
v -0.130997 -0.167460 0.146105
v -0.114554 -0.169642 0.148295
v -0.131978 -0.166506 0.147744
v -0.128671 -0.166740 0.151440
v -0.125805 -0.167716 0.151394
v -0.116557 -0.168786 0.154363
v -0.124826 -0.166740 0.155446
v -0.117985 -0.167717 0.158283
v -0.122015 -0.165785 0.159245
v -0.120007 -0.166508 0.159859
v -0.118540 -0.167133 0.159645
v -0.105604 -0.167720 0.164586
v -0.104955 -0.168779 0.160438
v -0.097155 -0.169643 0.156392
v -0.113137 -0.166506 0.163978
v -0.109392 -0.166800 0.165255
v -0.104471 -0.165785 0.168190
v -0.102614 -0.167128 0.166856
v -0.095282 -0.168780 0.162642
v -0.044655 -0.158455 0.144084
v -0.039889 -0.158455 0.102965
v -0.083917 -0.158455 0.066092
v -0.096050 -0.158455 0.066104
v -0.135214 -0.158455 0.091916
v -0.139980 -0.158455 0.133035
v -0.095951 -0.158455 0.169908
v -0.083818 -0.158455 0.169896
v -0.095870 -0.157061 0.169202
v -0.101774 -0.157061 0.168167
v -0.107518 -0.157061 0.166453
v -0.113024 -0.157061 0.164084
v -0.118218 -0.157061 0.161092
v -0.123029 -0.157061 0.157517
v -0.127393 -0.157061 0.153408
v -0.131250 -0.157061 0.148820
v -0.134549 -0.157061 0.143815
v -0.137244 -0.157061 0.138461
v -0.139300 -0.157061 0.132830
v -0.140688 -0.157061 0.126999
v -0.141389 -0.157061 0.121046
v -0.141395 -0.157061 0.115052
v -0.140705 -0.157061 0.109098
v -0.139328 -0.157061 0.103264
v -0.137283 -0.157061 0.097629
v -0.134598 -0.157061 0.092270
v -0.131309 -0.157061 0.087259
v -0.127461 -0.157061 0.082663
v -0.123105 -0.157061 0.078546
v -0.118300 -0.157061 0.074962
v -0.113112 -0.157061 0.071960
v -0.107610 -0.157061 0.069580
v -0.101869 -0.157061 0.067856
v -0.095967 -0.157061 0.066809
v -0.089984 -0.157061 0.066455
v -0.083999 -0.157061 0.066798
v -0.078095 -0.157061 0.067833
v -0.072351 -0.157061 0.069547
v -0.066845 -0.157061 0.071916
v -0.061651 -0.157061 0.074908
v -0.056840 -0.157061 0.078483
v -0.052476 -0.157061 0.082592
v -0.048618 -0.157061 0.087180
v -0.045320 -0.157061 0.092185
v -0.042624 -0.157061 0.097539
v -0.040569 -0.157061 0.103170
v -0.039181 -0.157061 0.109001
v -0.038479 -0.157061 0.114954
v -0.038474 -0.157061 0.120948
v -0.039164 -0.157061 0.126902
v -0.040541 -0.157061 0.132736
v -0.042585 -0.157061 0.138371
v -0.045270 -0.157061 0.143730
v -0.048559 -0.157061 0.148741
v -0.052408 -0.157061 0.153337
v -0.056764 -0.157061 0.157454
v -0.061569 -0.157061 0.161038
v -0.066757 -0.157061 0.164040
v -0.072259 -0.157061 0.166420
v -0.077999 -0.157061 0.168144
v -0.083901 -0.157061 0.169191
v -0.089885 -0.157061 0.169545
v -0.092602 -0.155942 0.168436
v -0.104161 -0.155942 0.166461
v -0.114954 -0.155942 0.161874
v -0.124397 -0.155942 0.154921
v -0.131983 -0.155942 0.145978
v -0.137302 -0.155942 0.135527
v -0.139599 -0.155955 0.126806
v -0.140440 -0.155942 0.118269
v -0.139141 -0.155942 0.106615
v -0.135189 -0.155942 0.095574
v -0.128797 -0.155942 0.085742
v -0.120310 -0.155942 0.077649
v -0.110186 -0.155942 0.071732
v -0.101613 -0.155955 0.068932
v -0.093140 -0.155942 0.067596
v -0.081429 -0.155942 0.068215
v -0.070178 -0.155942 0.071518
v -0.059991 -0.155942 0.077328
v -0.051418 -0.155942 0.085329
v -0.044922 -0.155942 0.095092
v -0.040852 -0.155942 0.106090
v -0.039584 -0.155955 0.115019
v -0.039739 -0.155942 0.123596
v -0.042383 -0.155942 0.135021
v -0.047590 -0.155942 0.145528
v -0.055079 -0.155942 0.154551
v -0.062178 -0.155955 0.160115
v -0.069683 -0.155942 0.164268
v -0.080899 -0.155942 0.167691
v -0.092343 -0.155240 0.167054
v -0.103591 -0.155240 0.165176
v -0.111904 -0.155245 0.161849
v -0.118902 -0.155240 0.157660
v -0.127268 -0.155240 0.149911
v -0.133620 -0.155240 0.140441
v -0.137618 -0.155240 0.129761
v -0.139045 -0.155240 0.118448
v -0.138242 -0.155245 0.109530
v -0.136236 -0.155240 0.101624
v -0.131212 -0.155240 0.091387
v -0.125641 -0.155245 0.084377
v -0.119620 -0.155240 0.078874
v -0.109797 -0.155240 0.073083
v -0.101291 -0.155245 0.070288
v -0.093237 -0.155240 0.068998
v -0.081847 -0.155240 0.069558
v -0.070894 -0.155240 0.072729
v -0.060966 -0.155240 0.078340
v -0.052601 -0.155240 0.086089
v -0.046248 -0.155240 0.095559
v -0.042963 -0.155245 0.103889
v -0.041208 -0.155240 0.111854
v -0.040970 -0.155245 0.120805
v -0.042044 -0.155240 0.128890
v -0.044882 -0.155245 0.137383
v -0.048657 -0.155240 0.144613
v -0.054228 -0.155245 0.151623
v -0.060248 -0.155240 0.157126
v -0.070072 -0.155240 0.162917
v -0.080966 -0.155240 0.166287
v -0.038827 0.165514 0.106215
v -0.037769 0.165239 0.112010
v -0.038274 0.158976 0.109059
v -0.037640 0.158931 0.114546
v -0.039802 0.159026 0.102627
v -0.039940 0.165243 0.101972
v -0.041906 0.158926 0.097011
v -0.061204 0.158981 0.074147
v -0.060548 0.165212 0.074480
v -0.055885 0.159000 0.078112
v -0.055255 0.165246 0.078577
v -0.052033 0.158877 0.081810
v -0.052101 0.165534 0.081686
v -0.048124 0.158991 0.086369
v -0.049243 0.165434 0.084889
v -0.046037 0.165468 0.089298
v -0.044314 0.159000 0.092138
v -0.043501 0.165233 0.093485
v -0.041205 0.165559 0.098669
v -0.067191 0.159946 0.070658
v -0.066361 0.165213 0.071071
v -0.077761 0.159004 0.066995
v -0.075997 0.165253 0.067386
v -0.072467 0.158895 0.068600
v -0.071303 0.165451 0.068965
v -0.095522 0.165167 0.065771
v -0.095539 0.158995 0.065859
v -0.090307 0.158923 0.065586
v -0.088821 0.165264 0.065514
v -0.084233 0.159009 0.065880
v -0.084538 0.165511 0.065828
v -0.080498 0.165491 0.066424
v -0.109043 0.160017 0.069059
v -0.110872 0.165496 0.069900
v -0.102138 0.158967 0.067020
v -0.102237 0.165224 0.066955
v -0.105682 0.165558 0.067997
v -0.118795 0.159002 0.074225
v -0.117663 0.165526 0.073486
v -0.113842 0.158893 0.071382
v -0.114740 0.165312 0.071752
v -0.131984 0.165158 0.086520
v -0.131792 0.158986 0.086419
v -0.128329 0.158927 0.082322
v -0.128609 0.165496 0.082601
v -0.124989 0.165190 0.078891
v -0.124021 0.159036 0.078151
v -0.121112 0.165480 0.075836
v -0.138146 0.158916 0.097435
v -0.140014 0.159896 0.102169
v -0.139415 0.165417 0.100515
v -0.135447 0.158997 0.091975
v -0.135529 0.165420 0.092009
v -0.137274 0.165558 0.095479
v -0.141043 0.165514 0.129782
v -0.142100 0.165239 0.123987
v -0.141594 0.158976 0.126941
v -0.142229 0.158931 0.121453
v -0.142438 0.165228 0.117529
v -0.142417 0.159932 0.115933
v -0.142116 0.165219 0.112337
v -0.141553 0.158835 0.109040
v -0.140665 0.165538 0.104737
v -0.140067 0.159026 0.133372
v -0.139930 0.165243 0.134025
v -0.137963 0.158926 0.138989
v -0.118664 0.158981 0.161853
v -0.119312 0.165212 0.161526
v -0.123983 0.159000 0.157888
v -0.124607 0.165246 0.157429
v -0.127836 0.158877 0.154190
v -0.127761 0.165534 0.154321
v -0.131745 0.158991 0.149632
v -0.130621 0.165434 0.151117
v -0.133833 0.165468 0.146700
v -0.135555 0.159000 0.143862
v -0.136369 0.165233 0.142512
v -0.138665 0.165559 0.137327
v -0.112677 0.159946 0.165342
v -0.113499 0.165213 0.164932
v -0.102108 0.159004 0.169005
v -0.103863 0.165253 0.168616
v -0.107402 0.158895 0.167400
v -0.108558 0.165451 0.167038
v -0.084336 0.165167 0.170227
v -0.084329 0.158995 0.170141
v -0.089561 0.158923 0.170414
v -0.091038 0.165263 0.170486
v -0.095636 0.159010 0.170120
v -0.095321 0.165511 0.170173
v -0.099359 0.165491 0.169578
v -0.070824 0.160017 0.166941
v -0.068988 0.165496 0.166096
v -0.077731 0.158967 0.168980
v -0.077623 0.165223 0.169043
v -0.074176 0.165558 0.167999
v -0.061074 0.159002 0.161775
v -0.062197 0.165526 0.162508
v -0.066027 0.158894 0.164618
v -0.065119 0.165312 0.164243
v -0.047878 0.165158 0.149472
v -0.048077 0.158986 0.149581
v -0.051539 0.158927 0.153677
v -0.051251 0.165496 0.153390
v -0.054872 0.165190 0.157102
v -0.055848 0.159036 0.157849
v -0.058747 0.165480 0.160158
v -0.041722 0.158916 0.138564
v -0.039855 0.159896 0.133831
v -0.040603 0.165429 0.135873
v -0.044421 0.158997 0.144024
v -0.044335 0.165420 0.143983
v -0.042590 0.165558 0.140510
v -0.037431 0.165228 0.118468
v -0.037452 0.159932 0.120067
v -0.037707 0.165528 0.122725
v -0.038316 0.158835 0.126960
v -0.038315 0.165479 0.127242
v -0.039246 0.165517 0.131445
v -0.068962 0.169966 0.090952
v -0.110904 0.169966 0.145050
v -0.121916 0.169989 0.108028
v -0.057951 0.169989 0.127968
v -0.057539 0.169965 0.108409
v -0.098674 0.169978 0.085884
v -0.122330 0.169965 0.127589
v -0.081189 0.169978 0.150114
v -0.136786 0.155000 0.109031
v -0.066574 0.155000 0.159442
v -0.136704 0.154999 0.128270
v -0.128610 0.155000 0.145923
v -0.114559 0.154999 0.159067
v -0.096164 0.155000 0.165294
v -0.079613 0.155000 0.164572
v -0.055719 0.155000 0.151239
v -0.046414 0.155000 0.137532
v -0.042057 0.154999 0.118792
v -0.042197 0.155072 0.108789
v -0.052749 0.154999 0.087832
v -0.067905 0.155000 0.075689
v -0.083705 0.155000 0.070706
v -0.102907 0.154999 0.071907
v -0.112450 0.155072 0.074910
v -0.129500 0.154999 0.091029
v -0.142163 0.165788 0.115377
v -0.120649 0.165788 0.160324
v -0.037792 0.165788 0.114021
v -0.059210 0.165788 0.075683
v -0.077300 0.168782 0.161349
v -0.069335 0.167460 0.163296
v -0.102559 0.168782 0.074648
v -0.110523 0.167460 0.072699
v -0.114696 0.169916 0.093165
v -0.085552 0.169789 0.080692
v -0.065167 0.169916 0.142829
v -0.094309 0.169789 0.155309
v -0.141349 0.166508 0.121616
v -0.141553 0.165479 0.108758
v -0.141109 0.166508 0.111864
v -0.140109 0.167128 0.112499
v -0.137681 0.167715 0.106831
v -0.139185 0.166740 0.103991
v -0.132483 0.168781 0.102878
v -0.124343 0.169643 0.099504
v -0.136671 0.166508 0.096270
v -0.135419 0.167460 0.097722
v -0.130782 0.167460 0.089514
v -0.124773 0.168775 0.089363
v -0.131534 0.165785 0.086380
v -0.131739 0.166508 0.087852
v -0.125830 0.167460 0.083539
v -0.113029 0.169639 0.086682
v -0.126529 0.166506 0.081761
v -0.118264 0.167717 0.077913
v -0.115348 0.168779 0.080842
v -0.124828 0.165785 0.079106
v -0.121394 0.166740 0.077600
v -0.116056 0.166740 0.073959
v -0.099796 0.169639 0.080358
v -0.110514 0.166506 0.070789
v -0.101412 0.167717 0.070273
v -0.104205 0.166740 0.068824
v -0.098389 0.165785 0.066436
v -0.097898 0.166740 0.067419
v -0.092291 0.167460 0.068296
v -0.085617 0.168782 0.073055
v -0.091816 0.165785 0.065781
v -0.091575 0.166506 0.066525
v -0.082931 0.167717 0.069415
v -0.083332 0.166508 0.066883
v -0.082406 0.167133 0.068040
v -0.071008 0.167717 0.072708
v -0.071941 0.168779 0.076735
v -0.069002 0.169643 0.085017
v -0.075500 0.165785 0.067780
v -0.075503 0.166506 0.068562
v -0.071894 0.166800 0.070186
v -0.066296 0.165785 0.071400
v -0.065241 0.166697 0.073026
v -0.061521 0.167715 0.078035
v -0.062191 0.168779 0.082548
v -0.059260 0.166791 0.077063
v -0.055152 0.167460 0.082416
v -0.052666 0.168779 0.092496
v -0.055841 0.169642 0.098985
v -0.053367 0.166506 0.081734
v -0.050250 0.167462 0.087959
v -0.048258 0.166509 0.087722
v -0.045414 0.167717 0.097324
v -0.043770 0.165785 0.093521
v -0.043512 0.166508 0.095605
v -0.043976 0.167133 0.097013
v -0.046836 0.168779 0.104998
v -0.042362 0.167714 0.106267
v -0.051134 0.169639 0.115053
v -0.040641 0.166506 0.103083
v -0.040030 0.166800 0.106992
v -0.040923 0.167717 0.115273
v -0.044953 0.168779 0.116190
v -0.038520 0.166508 0.114380
v -0.039623 0.167128 0.113945
v -0.038926 0.166740 0.122476
v -0.042057 0.167720 0.129116
v -0.046493 0.168782 0.130311
v -0.052798 0.169639 0.129622
v -0.040851 0.167128 0.129769
v -0.039938 0.166508 0.130526
v -0.043193 0.166508 0.139720
v -0.044444 0.167415 0.138502
v -0.052566 0.168779 0.143102
v -0.058327 0.169638 0.140495
v -0.049080 0.167460 0.146477
v -0.048328 0.165785 0.149611
v -0.048123 0.166508 0.148139
v -0.054031 0.167460 0.152453
v -0.062151 0.168782 0.153592
v -0.066833 0.169639 0.149313
v -0.053332 0.166506 0.154231
v -0.061595 0.167717 0.158081
v -0.055032 0.165785 0.156886
v -0.058465 0.166740 0.158393
v -0.063803 0.166740 0.162035
v -0.080064 0.169639 0.155640
v -0.069345 0.166506 0.165206
v -0.078446 0.167717 0.165724
v -0.075653 0.166740 0.167172
v -0.081468 0.165785 0.169562
v -0.081959 0.166740 0.168579
v -0.087566 0.167460 0.167704
v -0.094242 0.168782 0.162946
v -0.088041 0.165785 0.170219
v -0.088282 0.166506 0.169475
v -0.096927 0.167717 0.166587
v -0.096525 0.166508 0.169118
v -0.097451 0.167133 0.167961
v -0.108851 0.167717 0.163296
v -0.107919 0.168779 0.159269
v -0.110859 0.169643 0.150988
v -0.104357 0.165785 0.168223
v -0.104354 0.166506 0.167441
v -0.107964 0.166800 0.165818
v -0.113562 0.165785 0.164605
v -0.113378 0.166740 0.163522
v -0.118781 0.167460 0.158594
v -0.120207 0.168783 0.151519
v -0.120451 0.166508 0.159536
v -0.124709 0.167460 0.153592
v -0.124027 0.169642 0.137018
v -0.126493 0.166506 0.154274
v -0.129562 0.166740 0.150379
v -0.129022 0.167716 0.147564
v -0.130348 0.168786 0.137942
v -0.132844 0.166740 0.145900
v -0.134457 0.167717 0.138672
v -0.136100 0.165785 0.142475
v -0.135326 0.166740 0.141697
v -0.137949 0.166740 0.135791
v -0.138211 0.167717 0.126884
v -0.134328 0.168779 0.125466
v -0.128996 0.169643 0.118482
v -0.139809 0.166740 0.129592
v -0.141881 0.165785 0.123650
v -0.140246 0.167128 0.122052
v -0.138930 0.167715 0.116028
v -0.134829 0.168780 0.115558
v -0.107807 0.158455 0.068896
v -0.066482 0.158455 0.071303
v -0.037767 0.158455 0.121038
v -0.039874 0.158455 0.132987
v -0.072062 0.158455 0.167104
v -0.113386 0.158455 0.164697
v -0.142101 0.158455 0.114962
v -0.139994 0.158455 0.103013
v -0.141392 0.157061 0.115003
v -0.141392 0.157061 0.120997
v -0.140696 0.157061 0.126951
v -0.139314 0.157061 0.132783
v -0.137264 0.157061 0.138416
v -0.134574 0.157061 0.143773
v -0.131280 0.157061 0.148781
v -0.127427 0.157061 0.153372
v -0.123067 0.157061 0.157486
v -0.118259 0.157061 0.161065
v -0.113068 0.157061 0.164062
v -0.107564 0.157061 0.166437
v -0.101821 0.157061 0.168156
v -0.095918 0.157061 0.169197
v -0.089934 0.157061 0.169545
v -0.083950 0.157061 0.169197
v -0.078047 0.157061 0.168156
v -0.072305 0.157061 0.166437
v -0.066801 0.157061 0.164062
v -0.061610 0.157061 0.161065
v -0.056802 0.157061 0.157486
v -0.052442 0.157061 0.153372
v -0.048589 0.157061 0.148781
v -0.045295 0.157061 0.143773
v -0.042605 0.157061 0.138416
v -0.040555 0.157061 0.132783
v -0.039172 0.157061 0.126951
v -0.038476 0.157061 0.120997
v -0.038476 0.157061 0.115003
v -0.039172 0.157061 0.109049
v -0.040555 0.157061 0.103217
v -0.042605 0.157061 0.097584
v -0.045295 0.157061 0.092227
v -0.048589 0.157061 0.087219
v -0.052442 0.157061 0.082628
v -0.056802 0.157061 0.078514
v -0.061610 0.157061 0.074935
v -0.066801 0.157061 0.071938
v -0.072305 0.157061 0.069563
v -0.078047 0.157061 0.067844
v -0.083950 0.157061 0.066803
v -0.089934 0.157061 0.066455
v -0.095918 0.157061 0.066803
v -0.101821 0.157061 0.067844
v -0.107564 0.157061 0.069563
v -0.113068 0.157061 0.071938
v -0.118259 0.157061 0.074935
v -0.123067 0.157061 0.078514
v -0.127427 0.157061 0.082628
v -0.131280 0.157061 0.087219
v -0.134574 0.157061 0.092227
v -0.137264 0.157061 0.097584
v -0.139314 0.157061 0.103217
v -0.140696 0.157061 0.109049
v -0.140440 0.155942 0.117779
v -0.139607 0.155955 0.126759
v -0.137470 0.155942 0.135066
v -0.132253 0.155942 0.145568
v -0.126622 0.155955 0.152613
v -0.120272 0.155942 0.158380
v -0.110142 0.155942 0.164288
v -0.101566 0.155955 0.167079
v -0.093092 0.155942 0.168407
v -0.081382 0.155942 0.167777
v -0.070133 0.155942 0.164463
v -0.059952 0.155942 0.158644
v -0.051387 0.155942 0.150634
v -0.044900 0.155942 0.140865
v -0.040841 0.155942 0.129863
v -0.039429 0.155942 0.118221
v -0.040739 0.155942 0.106568
v -0.043621 0.155955 0.098022
v -0.047616 0.155942 0.090431
v -0.053246 0.155955 0.083387
v -0.059597 0.155942 0.077620
v -0.067297 0.155955 0.072926
v -0.075237 0.155942 0.069680
v -0.084079 0.155955 0.067902
v -0.092650 0.155942 0.067567
v -0.104208 0.155942 0.069553
v -0.112571 0.155955 0.072926
v -0.119917 0.155942 0.077356
v -0.126622 0.155955 0.083387
v -0.132010 0.155942 0.090062
v -0.137319 0.155942 0.100518
v -0.139607 0.155955 0.109241
v -0.138667 0.155240 0.111901
v -0.138760 0.155240 0.123303
v -0.136919 0.155245 0.132066
v -0.134001 0.155240 0.139683
v -0.127813 0.155240 0.149261
v -0.119583 0.155240 0.157154
v -0.109754 0.155240 0.162936
v -0.101245 0.155245 0.165723
v -0.093190 0.155240 0.167005
v -0.081801 0.155240 0.166435
v -0.070850 0.155240 0.163253
v -0.060929 0.155240 0.157632
v -0.052571 0.155240 0.149875
v -0.047460 0.155245 0.142523
v -0.043922 0.155240 0.135174
v -0.041634 0.155245 0.126517
v -0.040823 0.155240 0.118401
v -0.043648 0.155240 0.101580
v -0.048682 0.155240 0.091348
v -0.054260 0.155245 0.084343
v -0.060286 0.155240 0.078846
v -0.070115 0.155240 0.073064
v -0.081012 0.155240 0.069705
v -0.092390 0.155240 0.068949
v -0.103636 0.155240 0.070837
v -0.118940 0.155240 0.078368
v -0.125608 0.155245 0.084343
v -0.130746 0.155240 0.090678
v -0.135947 0.155240 0.100827
vn -0.2616 -0.0311 0.9647
vn -0.0159 -0.0421 0.9990
vn -0.3629 -0.0110 0.9318
vn -0.1281 -0.0846 0.9881
vn -0.1371 -0.0115 0.9905
vn -0.2853 -0.0379 0.9577
vn -0.2795 -0.0339 0.9596
vn -0.0723 -0.0353 0.9968
vn -0.0834 -0.0265 0.9962
vn 0.7715 -0.6358 0.0246
vn 0.7564 -0.6494 0.0782
vn 0.7952 -0.6064 0.0001
vn 0.7963 0.6050 0.0001
vn 0.7825 0.6225 0.0145
vn 0.7557 0.6500 0.0801
vn 0.7999 -0.6002 -0.0001
vn 0.8528 -0.5222 0.0010
vn 0.8634 -0.5045 -0.0004
vn 0.9258 -0.3779 0.0006
vn 0.9300 -0.3674 -0.0001
vn 0.9622 -0.2722 0.0005
vn 0.9655 -0.2605 -0.0000
vn 0.9832 -0.1827 -0.0000
vn 0.9824 -0.1868 0.0001
vn 0.9968 -0.0794 0.0006
vn 0.9971 -0.0756 0.0003
vn 0.9970 0.0776 0.0004
vn 0.9971 0.0756 0.0005
vn 0.9835 0.1807 0.0002
vn 0.9824 0.1868 -0.0000
vn 0.9628 0.2701 -0.0000
vn 0.9655 0.2605 0.0004
vn 0.9271 0.3747 -0.0000
vn 0.9299 0.3678 0.0006
vn 0.8535 0.5210 -0.0005
vn 0.8632 0.5048 0.0011
vn 0.8000 0.6000 -0.0001
vn -0.0137 0.0016 0.9999
vn -0.0158 0.0012 0.9999
vn -0.0156 -0.0018 0.9999
vn 0.0081 -0.0109 0.9999
vn 0.0108 -0.0125 0.9999
vn 0.0113 -0.0095 0.9999
vn -0.0116 0.0076 0.9999
vn -0.0134 0.0082 0.9999
vn -0.0150 0.0055 0.9999
vn -0.0162 0.0057 0.9999
vn -0.0180 0.0052 0.9998
vn -0.0008 0.0141 0.9999
vn -0.0012 0.0153 0.9999
vn -0.0047 0.0159 0.9999
vn 0.0109 0.0092 0.9999
vn 0.0113 0.0097 0.9999
vn 0.0103 0.0138 0.9999
vn 0.0024 -0.0135 0.9999
vn 0.0039 -0.0159 0.9999
vn 0.0059 -0.0137 0.9999
vn 0.0078 -0.0163 0.9998
vn 0.0093 -0.0168 0.9998
vn -0.0039 -0.0131 0.9999
vn -0.0038 -0.0158 0.9999
vn -0.0009 -0.0150 0.9999
vn -0.0005 -0.0178 0.9998
vn 0.0006 -0.0192 0.9998
vn -0.0171 -0.0023 0.9999
vn -0.0186 -0.0036 0.9998
vn -0.0129 -0.0047 0.9999
vn -0.0148 -0.0061 0.9999
vn -0.0129 -0.0085 0.9999
vn -0.0048 0.0160 0.9999
vn -0.0063 0.0174 0.9998
vn -0.0070 0.0121 0.9999
vn -0.0081 0.0132 0.9999
vn -0.0112 0.0118 0.9999
vn -0.0117 0.0122 0.9999
vn -0.0136 0.0128 0.9998
vn 0.0099 0.0130 0.9999
vn 0.0102 0.0150 0.9998
vn 0.0056 0.0130 0.9999
vn 0.0058 0.0140 0.9999
vn 0.0029 0.0166 0.9999
vn 0.0029 0.0163 0.9999
vn 0.0023 0.0182 0.9998
vn 0.0144 -0.0111 0.9998
vn 0.0160 -0.0108 0.9998
vn 0.0122 -0.0061 0.9999
vn 0.0154 -0.0063 0.9999
vn 0.0142 -0.0034 0.9999
vn 0.0141 -0.0034 0.9999
vn 0.0169 -0.0010 0.9999
vn 0.0158 -0.0012 0.9999
vn 0.0157 0.0009 0.9999
vn 0.0166 0.0013 0.9999
vn 0.0140 0.0033 0.9999
vn 0.0143 0.0035 0.9999
vn 0.0158 0.0079 0.9998
vn 0.0145 0.0070 0.9999
vn 0.0157 0.0086 0.9998
vn -0.0144 -0.0099 0.9998
vn -0.0150 -0.0117 0.9998
vn -0.0094 -0.0100 0.9999
vn -0.0104 -0.0123 0.9999
vn -0.0076 -0.0132 0.9999
vn -0.0084 -0.0155 0.9998
vn -0.0081 -0.0173 0.9998
vn 0.8071 0.5832 -0.0925
vn 0.7760 0.5826 -0.2416
vn 0.6538 0.3684 -0.6609
vn 0.5243 0.2767 -0.8053
vn 0.3471 0.0772 -0.9346
vn 0.3014 0.0249 -0.9532
vn 0.3047 0.0231 -0.9522
vn 0.3029 -0.0230 -0.9527
vn 0.3039 -0.0225 -0.9524
vn 0.3514 -0.0812 -0.9327
vn 0.2966 -0.1175 -0.9477
vn 0.5026 -0.2897 -0.8145
vn 0.5362 -0.2131 -0.8167
vn 0.7055 -0.4218 -0.5695
vn 0.7813 -0.6069 -0.1457
vn 0.7958 -0.5942 -0.1168
vn 0.8571 -0.5018 -0.1165
vn 0.8577 -0.5013 -0.1145
vn 0.9223 -0.3666 -0.1223
vn 0.9238 -0.3648 -0.1165
vn 0.9589 -0.2587 -0.1167
vn 0.9606 -0.2219 -0.1672
vn 0.9757 -0.1855 -0.1168
vn 0.9903 -0.0751 -0.1165
vn 0.9903 0.0751 -0.1165
vn 0.7957 0.5943 -0.1168
vn 0.8572 0.5015 -0.1165
vn 0.8572 0.5018 -0.1158
vn 0.9224 0.3666 -0.1217
vn 0.9237 0.3650 -0.1165
vn 0.9677 0.2235 -0.1165
vn 0.9433 0.2545 -0.2131
vn 0.9757 0.1855 -0.1168
vn 0.7682 -0.5177 -0.3766
vn 0.7910 -0.4717 -0.3896
vn 0.7999 -0.4683 -0.3753
vn 0.8614 -0.3423 -0.3753
vn 0.9031 -0.2086 -0.3753
vn 0.9242 -0.0701 -0.3753
vn 0.9242 0.0701 -0.3753
vn 0.9031 0.2086 -0.3753
vn 0.8614 0.3423 -0.3753
vn 0.7985 0.4706 -0.3753
vn 0.7978 0.4671 -0.3812
vn 0.7709 0.5195 -0.3685
vn 0.6852 -0.3559 -0.6355
vn 0.7182 -0.2855 -0.6345
vn 0.7531 -0.1739 -0.6345
vn 0.7707 -0.0584 -0.6345
vn 0.7707 0.0584 -0.6345
vn 0.7531 0.1739 -0.6345
vn 0.7182 0.2855 -0.6345
vn 0.6769 0.3719 -0.6352
vn 0.7241 0.4282 -0.5407
vn 0.5146 -0.1870 -0.8368
vn 0.5341 -0.1234 -0.8364
vn 0.5466 -0.0414 -0.8364
vn 0.5466 0.0414 -0.8364
vn 0.5334 0.1275 -0.8362
vn 0.5278 0.1219 -0.8406
vn 0.5120 0.2119 -0.8324
vn 0.5092 0.2024 -0.8365
vn 0.5570 0.1705 -0.8128
vn 0.0414 -0.5094 0.8595
vn 0.4903 0.8583 0.1518
vn 0.0206 -0.2078 0.9779
vn -0.1754 -0.7228 0.6684
vn -0.3019 -0.7198 0.6251
vn -0.2962 -0.8198 0.4901
vn -0.5321 -0.1337 0.8361
vn -0.6771 -0.0374 0.7350
vn -0.8424 -0.0654 0.5349
vn -0.8436 0.0424 0.5354
vn -0.7147 0.0586 0.6970
vn 0.0148 0.2290 0.9733
vn 0.6205 0.7120 0.3288
vn 0.7364 0.6400 0.2192
vn 0.8460 0.2029 0.4931
vn 0.8485 -0.2047 0.4881
vn 0.3398 -0.3979 0.8522
vn 0.0413 -0.5244 0.8505
vn -0.0398 -0.5141 0.8568
vn -0.0571 -0.6137 0.7875
vn -0.1343 -0.5648 0.8142
vn -0.1136 -0.5129 0.8509
vn -0.1944 -0.4727 0.8595
vn -0.2286 -0.5380 0.8114
vn -0.2624 -0.4296 0.8640
vn -0.2836 -0.4559 0.8436
vn -0.3527 -0.4147 0.8388
vn -0.3304 -0.3933 0.8580
vn -0.3953 -0.3394 0.8536
vn -0.3576 -0.3124 0.8801
vn -0.5071 -0.3115 0.8036
vn -0.4591 -0.2872 0.8407
vn -0.4960 -0.2067 0.8434
vn -0.4318 -0.1875 0.8823
vn -0.5635 -0.1370 0.8147
vn -0.5118 -0.1286 0.8494
vn -0.5302 -0.0424 0.8468
vn -0.5219 -0.0426 0.8520
vn -0.5095 0.0390 0.8596
vn -0.5696 0.0494 0.8204
vn -0.5106 0.1212 0.8512
vn -0.5410 0.1323 0.8305
vn -0.5324 0.2198 0.8175
vn -0.5680 0.2400 0.7872
vn -0.4188 0.2554 0.8714
vn -0.4397 0.2722 0.8559
vn -0.4122 0.3501 0.8412
vn -0.4452 0.3839 0.8090
vn -0.3430 0.4006 0.8496
vn -0.3526 0.4151 0.8387
vn -0.2714 0.4407 0.8557
vn -0.2770 0.4525 0.8477
vn -0.2129 0.5101 0.8334
vn -0.2346 0.5839 0.7772
vn -0.1205 0.4990 0.8582
vn -0.1266 0.5822 0.8031
vn -0.0484 0.5983 0.7998
vn -0.0524 0.5231 0.8507
vn 0.0388 0.5096 0.8595
vn 0.0413 0.5244 0.8505
vn 0.1197 0.5015 0.8568
vn 0.1222 0.5088 0.8522
vn 0.3327 -0.3879 0.8596
vn 0.3979 -0.3398 0.8522
vn 0.3925 -0.3343 0.8568
vn 0.4485 -0.2748 0.8505
vn 0.4364 -0.2659 0.8595
vn 0.4834 -0.2003 0.8522
vn 0.4726 -0.1945 0.8596
vn 0.5088 -0.1222 0.8522
vn 0.4972 -0.1182 0.8596
vn 0.5216 -0.0411 0.8522
vn 0.5096 -0.0390 0.8595
vn 0.5216 0.0411 0.8522
vn 0.5094 0.0412 0.8595
vn 0.5088 0.1222 0.8522
vn 0.4967 0.1204 0.8596
vn 0.4834 0.2003 0.8522
vn 0.4761 0.1980 0.8568
vn 0.4485 0.2748 0.8505
vn 0.4350 0.2682 0.8595
vn 0.3945 0.3461 0.8512
vn 0.4308 0.3696 0.8233
vn 0.3907 0.4473 0.8045
vn 0.3343 0.3925 0.8568
vn 0.2682 -0.4351 0.8595
vn 0.2750 -0.4488 0.8503
vn 0.2052 -0.4937 0.8451
vn 0.2220 -0.5493 0.8056
vn 0.1352 -0.5577 0.8190
vn 0.1300 -0.5086 0.8511
vn 0.1853 -0.7905 0.5838
vn 0.0682 -0.8669 0.4938
vn 0.0676 -0.8773 0.4752
vn -0.0629 -0.7758 0.6279
vn 0.2479 0.6460 0.7220
vn 0.3198 0.7829 0.5337
vn 0.2033 0.8153 0.5421
vn 0.1833 0.7636 0.6191
vn 0.0697 0.8752 0.4788
vn 0.0684 0.8689 0.4902
vn -0.0615 0.7971 0.6007
vn -0.2863 0.7080 0.6456
vn 0.1945 0.4726 0.8596
vn 0.1989 0.4808 0.8540
vn 0.3698 -0.8732 0.3175
vn 0.4321 -0.6696 0.6041
vn 0.4804 -0.7735 0.4134
vn 0.5190 -0.5934 0.6152
vn 0.5525 -0.6469 0.5256
vn 0.6607 -0.5667 0.4923
vn 0.6538 -0.5584 0.5106
vn 0.7405 -0.4524 0.4970
vn 0.7457 -0.4570 0.4848
vn 0.7849 -0.3245 0.5278
vn 0.7881 -0.3264 0.5219
vn 0.8312 -0.2005 0.5185
vn 0.8257 -0.1982 0.5281
vn 0.8603 -0.0691 0.5050
vn 0.8512 -0.0670 0.5206
vn 0.8573 0.0666 0.5105
vn 0.8512 0.0670 0.5205
vn 0.8302 0.1992 0.5207
vn 0.8297 0.1992 0.5215
vn 0.8111 0.3319 0.4815
vn 0.7915 0.3279 0.5158
vn 0.7594 0.4596 0.4606
vn 0.7321 0.4487 0.5125
vn 0.6601 0.5529 0.5084
vn 0.5355 0.6308 0.5615
vn 0.4292 0.7008 0.5697
vn 0.2732 0.4500 0.8502
vn 0.2779 0.4562 0.8454
vn -0.7601 0.6277 0.1679
vn -0.7624 0.6247 0.1689
vn -0.8960 0.4366 0.0811
vn -0.9477 0.3072 0.0872
vn -0.9944 0.1003 0.0331
vn -0.9947 0.0979 0.0316
vn -0.9523 0.2900 0.0947
vn -0.9472 0.3034 0.1033
vn -0.7634 0.6123 0.2057
vn -0.7817 0.5931 0.1925
vn -1.0000 0.0048 -0.0003
vn -0.7601 0.6368 -0.1293
vn -0.8221 0.5391 -0.1830
vn -0.6719 0.7241 -0.1557
vn -0.9502 0.3009 -0.0812
vn -0.9952 0.0931 -0.0312
vn -0.9932 0.1113 -0.0334
vn -0.9506 0.2957 -0.0946
vn -0.9576 0.2732 -0.0915
vn -0.7840 0.5876 -0.1999
vn -0.7633 0.6144 -0.1995
vn -0.2974 0.9395 0.1702
vn -0.4472 0.8546 0.2640
vn -0.0223 0.9830 0.1823
vn -0.0314 0.9799 0.1972
vn -0.1370 0.9719 0.1914
vn -0.1085 0.9685 0.2240
vn -0.0333 0.9658 0.2571
vn -0.0328 0.9660 0.2566
vn -0.1379 0.9572 0.2543
vn -0.1382 0.9572 0.2545
vn -0.4292 0.8729 0.2321
vn -0.3332 0.9213 0.2007
vn -0.0335 0.9412 0.3361
vn -0.0330 0.9415 0.3355
vn -0.1390 0.9328 0.3324
vn -0.1391 0.9328 0.3325
vn -0.4745 0.8292 0.2956
vn -0.4030 0.8705 0.2826
vn -0.1451 0.9643 -0.2213
vn -0.0048 0.9816 -0.1908
vn -0.0336 0.9855 -0.1662
vn -0.0674 0.9661 -0.2491
vn -0.0336 0.9417 -0.3349
vn -0.0331 0.9415 -0.3355
vn -0.1391 0.9328 -0.3324
vn -0.1390 0.9328 -0.3325
vn -0.4039 0.8617 -0.3072
vn -0.4460 0.8513 -0.2764
vn -0.0334 0.9659 -0.2569
vn -0.0337 0.9659 -0.2566
vn -0.1382 0.9572 -0.2543
vn -0.1550 0.9580 -0.2414
vn -0.3886 0.8902 -0.2379
vn -0.4500 0.8720 -0.1927
vn 0.0048 0.9996 0.0272
vn 0.0066 0.9997 0.0254
vn 0.0004 0.9959 0.0904
vn 0.0082 0.9967 0.0813
vn 0.0156 0.9411 0.3377
vn 0.0156 0.9411 0.3378
vn 0.0155 0.9650 0.2617
vn 0.0155 0.9650 0.2619
vn 0.0153 0.9845 0.1749
vn 0.0152 0.9844 0.1751
vn 0.0151 0.9958 0.0904
vn 0.0150 0.9958 0.0906
vn 0.0150 0.9995 0.0272
vn 0.0149 0.9995 0.0273
vn 0.0013 0.9417 0.3363
vn 0.0011 0.9412 0.3378
vn 0.0016 0.9663 0.2574
vn 0.0008 0.9651 0.2618
vn 0.0016 0.9813 0.1925
vn 0.0068 0.9846 0.1750
vn 0.0003 0.9937 0.1124
vn 0.0086 0.9996 -0.0272
vn 0.0052 0.9957 -0.0928
vn 0.0066 0.9959 -0.0904
vn 0.0018 0.9994 -0.0353
vn 0.0155 0.9650 -0.2619
vn 0.0149 0.9995 -0.0272
vn 0.0150 0.9995 -0.0273
vn 0.0150 0.9958 -0.0904
vn 0.0151 0.9958 -0.0906
vn 0.0152 0.9845 -0.1749
vn 0.0014 0.9412 -0.3378
vn 0.0156 0.9411 -0.3377
vn 0.0156 0.9411 -0.3378
vn 0.0009 0.9422 -0.3349
vn 0.0016 0.9651 -0.2618
vn 0.0155 0.9650 -0.2618
vn 0.0153 0.9844 -0.1751
vn 0.0007 0.9668 -0.2555
vn 0.0018 0.9812 -0.1930
vn 0.0064 0.9846 -0.1750
vn 0.0017 0.9904 -0.1381
vn -1.0000 -0.0000 0.0004
vn -1.0000 0.0048 0.0061
vn -0.9917 0.0537 0.1164
vn -0.9395 0.1442 0.3107
vn -0.9307 0.1628 0.3275
vn -0.9472 0.2731 0.1681
vn -0.9577 0.2398 0.1593
vn -0.9288 0.2609 0.2631
vn -0.9591 0.1561 0.2362
vn -0.9396 0.2057 0.2736
vn -0.9909 0.0805 0.1081
vn -0.9953 0.0465 0.0855
vn -0.7367 0.6105 0.2909
vn -0.7849 0.5262 0.3272
vn -0.7862 0.5244 0.3270
vn -0.7386 0.5272 0.4202
vn -0.7669 0.4522 0.4555
vn -0.7687 0.4496 0.4549
vn -0.7208 0.4316 0.5423
vn -0.7421 0.3642 0.5626
vn -0.7275 0.3820 0.5698
vn -0.7074 0.3141 0.6332
vn -0.7062 0.3152 0.6340
vn -0.9946 0.0872 0.0568
vn -0.9955 0.0781 0.0540
vn -1.0000 -0.0001 0.0003
vn -1.0000 -0.0001 -0.0002
vn -1.0000 -0.0008 -0.0000
vn -0.9434 0.1456 -0.2981
vn -0.7617 0.4563 -0.4600
vn -0.7466 0.6006 -0.2862
vn -0.7881 0.5259 -0.3199
vn -0.7789 0.5325 -0.3312
vn -0.9952 0.0838 -0.0514
vn -0.9952 0.0836 -0.0512
vn -0.9920 0.0874 -0.0914
vn -0.9957 0.0537 -0.0753
vn -0.9868 0.0717 -0.1449
vn -0.7211 0.4310 -0.5425
vn -0.7446 0.3750 -0.5522
vn -0.7251 0.3736 -0.5785
vn -0.7069 0.3132 -0.6342
vn -0.9508 0.2649 -0.1605
vn -0.9488 0.2691 -0.1653
vn -0.9453 0.2274 -0.2339
vn -0.9999 0.0072 -0.0081
vn -0.7055 0.3144 -0.6351
vn -0.9411 0.1500 -0.3031
vn -0.9226 0.2164 -0.3192
vn -0.9535 0.2144 -0.2116
vn -0.7719 0.4525 -0.4465
vn -0.7384 0.5272 -0.4204
vn -0.0281 0.4435 0.8958
vn -0.0284 0.4432 0.8960
vn -0.0294 0.5423 0.8397
vn -0.0299 0.5413 0.8403
vn -0.0305 0.6215 0.7828
vn -0.0311 0.6205 0.7836
vn -0.0316 0.7033 0.7101
vn -0.0322 0.7025 0.7110
vn -0.0324 0.7810 0.6237
vn -0.0330 0.7802 0.6246
vn -0.0329 0.8484 0.5283
vn -0.0336 0.8478 0.5292
vn -0.0331 0.9021 0.4302
vn -0.0337 0.9017 0.4310
vn -0.1172 0.4408 0.8899
vn -0.1176 0.4406 0.8900
vn -0.1238 0.5387 0.8334
vn -0.1241 0.5384 0.8335
vn -0.1285 0.6169 0.7765
vn -0.1288 0.6166 0.7767
vn -0.1329 0.6977 0.7039
vn -0.1333 0.6974 0.7042
vn -0.1364 0.7743 0.6180
vn -0.1367 0.7741 0.6182
vn -0.1386 0.8408 0.5233
vn -0.1388 0.8406 0.5235
vn -0.1394 0.8939 0.4261
vn -0.1395 0.8938 0.4262
vn -0.3477 0.4166 0.8399
vn -0.3488 0.4160 0.8398
vn -0.3650 0.5060 0.7815
vn -0.3657 0.5053 0.7816
vn -0.3773 0.5767 0.7246
vn -0.3780 0.5759 0.7248
vn -0.3884 0.6492 0.6540
vn -0.3892 0.6485 0.6542
vn -0.3971 0.7177 0.5720
vn -0.3979 0.7171 0.5723
vn -0.4026 0.7774 0.4833
vn -0.4031 0.7769 0.4836
vn -0.4046 0.8255 0.3934
vn -0.4049 0.8254 0.3935
vn -0.6216 0.0547 0.7814
vn -0.6363 0.1033 0.7645
vn -0.6364 0.1032 0.7644
vn -0.6593 0.1728 0.7317
vn -0.6596 0.1726 0.7315
vn -0.6847 0.2492 0.6849
vn -0.6854 0.2487 0.6844
vn -0.9110 0.0295 0.4114
vn -0.9139 0.0284 0.4049
vn -0.8784 0.0640 0.4736
vn -0.9278 0.0829 0.3637
vn -0.9226 0.0887 0.3755
vn -0.9070 0.1440 0.3957
vn -0.9918 0.0070 0.1274
vn -0.9877 0.0112 0.1561
vn -0.9901 0.0312 0.1370
vn -0.9897 0.0320 0.1392
vn -0.9999 0.0009 0.0112
vn -1.0000 0.0002 0.0011
vn -1.0000 -0.0000 -0.0002
vn -0.9833 0.0233 -0.1804
vn -0.9929 0.0288 -0.1155
vn -0.9935 0.0282 -0.1099
vn -0.8760 0.0334 -0.4812
vn -0.9099 0.0550 -0.4111
vn -0.9006 0.0549 -0.4312
vn -0.9112 0.0939 -0.4012
vn -0.9247 0.0935 -0.3689
vn -0.9086 0.1419 -0.3927
vn -0.6125 0.0535 -0.7887
vn -0.6198 0.0543 -0.7828
vn -0.6344 0.1024 -0.7662
vn -0.6348 0.1024 -0.7659
vn -0.6576 0.1714 -0.7336
vn -0.6583 0.1715 -0.7329
vn -0.6834 0.2477 -0.6868
vn -0.6845 0.2477 -0.6856
vn -0.3480 0.4148 -0.8407
vn -0.3489 0.4150 -0.8403
vn -0.3651 0.5046 -0.7824
vn -0.3658 0.5049 -0.7818
vn -0.3773 0.5756 -0.7255
vn -0.3781 0.5759 -0.7248
vn -0.3884 0.6484 -0.6547
vn -0.3893 0.6486 -0.6540
vn -0.3971 0.7172 -0.5726
vn -0.3979 0.7173 -0.5720
vn -0.4026 0.7771 -0.4838
vn -0.4031 0.7771 -0.4833
vn -0.4047 0.8255 -0.3935
vn -0.4049 0.8254 -0.3934
vn -0.1181 0.4395 -0.8905
vn -0.1179 0.4394 -0.8905
vn -0.1242 0.5377 -0.8339
vn -0.1243 0.5378 -0.8339
vn -0.1288 0.6162 -0.7770
vn -0.1290 0.6163 -0.7768
vn -0.1330 0.6972 -0.7044
vn -0.1333 0.6974 -0.7042
vn -0.1365 0.7740 -0.6183
vn -0.1367 0.7741 -0.6181
vn -0.1386 0.8406 -0.5236
vn -0.1388 0.8407 -0.5234
vn -0.1394 0.8938 -0.4262
vn -0.1395 0.8938 -0.4261
vn -0.0237 0.4386 -0.8984
vn -0.0281 0.4424 -0.8964
vn -0.0302 0.5427 -0.8394
vn -0.0295 0.5417 -0.8401
vn -0.0312 0.6219 -0.7824
vn -0.0306 0.6211 -0.7832
vn -0.0322 0.7038 -0.7096
vn -0.0316 0.7031 -0.7104
vn -0.0330 0.7815 -0.6231
vn -0.0324 0.7809 -0.6238
vn -0.0335 0.8488 -0.5276
vn -0.0330 0.8484 -0.5284
vn -0.0337 0.9025 -0.4295
vn -0.0332 0.9021 -0.4302
vn 0.0131 0.4435 0.8962
vn 0.0132 0.4437 0.8961
vn 0.0139 0.5424 0.8400
vn 0.0139 0.5426 0.8399
vn 0.0144 0.6216 0.7832
vn 0.0144 0.6218 0.7830
vn 0.0149 0.7035 0.7105
vn 0.0149 0.7037 0.7103
vn 0.0153 0.7812 0.6241
vn 0.0153 0.7814 0.6239
vn 0.0155 0.8487 0.5286
vn 0.0156 0.8488 0.5285
vn 0.0156 0.9025 0.4304
vn 0.0157 0.9025 0.4303
vn 0.0010 0.4429 0.8966
vn 0.0012 0.4436 0.8962
vn 0.0011 0.5415 0.8407
vn 0.0013 0.5425 0.8401
vn 0.0012 0.6208 0.7840
vn 0.0013 0.6217 0.7833
vn 0.0012 0.7028 0.7114
vn 0.0014 0.7036 0.7106
vn 0.0013 0.7806 0.6250
vn 0.0014 0.7813 0.6241
vn 0.0013 0.8483 0.5295
vn 0.0014 0.8488 0.5287
vn 0.0013 0.9022 0.4313
vn 0.0014 0.9026 0.4304
vn -0.0263 0.3353 0.9417
vn -0.0211 0.3412 0.9398
vn -0.1107 0.3391 0.9342
vn -0.1105 0.3393 0.9342
vn -0.3304 0.3222 0.8872
vn -0.3298 0.3225 0.8873
vn -0.0262 0.2277 0.9734
vn -0.0244 0.2295 0.9730
vn -0.1033 0.2283 0.9681
vn -0.1032 0.2284 0.9681
vn -0.3103 0.2183 0.9252
vn -0.3101 0.2184 0.9253
vn -0.0202 0.1335 0.9908
vn -0.0199 0.1338 0.9908
vn -0.0972 0.1332 0.9863
vn -0.2934 0.1279 0.9474
vn -0.2933 0.1280 0.9474
vn -0.0167 0.0714 0.9973
vn -0.0160 0.0714 0.9973
vn -0.0186 0.0699 0.9974
vn -0.0935 0.0696 0.9932
vn -0.2831 0.0670 0.9567
vn -0.6529 0.0159 0.7572
vn -0.6244 0.0074 0.7810
vn -0.6532 -0.0072 0.7571
vn -0.6611 -0.0100 0.7502
vn -0.6128 0.0100 0.7902
vn -0.6148 0.0255 0.7883
vn -0.6148 -0.0255 0.7883
vn -0.6133 -0.0136 0.7897
vn -0.9131 -0.0151 0.4075
vn -0.9009 -0.0140 0.4338
vn -0.8790 -0.0045 0.4768
vn -0.9069 0.0038 0.4214
vn -0.9053 0.0040 0.4247
vn -0.8759 0.0156 0.4822
vn -0.9916 -0.0043 0.1293
vn -0.9929 -0.0044 0.1192
vn -0.9777 0.0019 0.2100
vn -1.0000 0.0001 -0.0001
vn -1.0000 0.0002 -0.0001
vn -0.9770 -0.0019 -0.2132
vn -0.9927 0.0044 -0.1207
vn -0.9911 0.0043 -0.1327
vn -0.8737 -0.0155 -0.4861
vn -0.9076 -0.0024 -0.4199
vn -0.8917 -0.0041 -0.4526
vn -0.8907 0.0133 -0.4543
vn -0.9115 0.0151 -0.4110
vn -0.5993 -0.0273 -0.8001
vn -0.6126 -0.0252 -0.7900
vn -0.6101 -0.0050 -0.7923
vn -0.6162 -0.0042 -0.7876
vn -0.5645 0.0080 -0.8254
vn -0.6174 0.0245 -0.7862
vn -0.5993 0.0231 -0.8002
vn -0.0277 0.2280 -0.9733
vn -0.2474 0.0736 -0.9661
vn -0.1001 0.1322 -0.9862
vn -0.0963 0.0690 -0.9930
vn -0.0874 0.0716 -0.9936
vn -0.0094 0.1327 -0.9911
vn -0.2944 0.1266 -0.9473
vn -0.3112 0.2163 -0.9254
vn -0.3108 0.2164 -0.9255
vn -0.3305 0.3203 -0.8878
vn -0.3305 0.3202 -0.8878
vn -0.0204 0.3309 -0.9434
vn -0.0279 0.3395 -0.9402
vn -0.2844 0.0648 -0.9565
vn -0.2949 0.1267 -0.9471
vn -0.0993 0.1319 -0.9863
vn -0.1056 0.2264 -0.9683
vn -0.1048 0.2268 -0.9683
vn -0.1121 0.3372 -0.9348
vn -0.1115 0.3375 -0.9347
vn -0.0250 0.2248 -0.9741
vn -0.0236 0.1322 -0.9909
vn -0.0228 0.1328 -0.9909
vn -0.0239 0.0693 -0.9973
vn -0.0106 0.0617 -0.9980
vn 0.0024 0.4379 -0.8990
vn 0.0010 0.4432 -0.8964
vn 0.0012 0.5424 -0.8401
vn 0.0011 0.5430 -0.8397
vn 0.0013 0.6217 -0.7833
vn 0.0012 0.6223 -0.7828
vn 0.0013 0.7036 -0.7106
vn 0.0012 0.7042 -0.7100
vn 0.0014 0.7813 -0.6241
vn 0.0013 0.7819 -0.6234
vn 0.0014 0.8488 -0.5287
vn 0.0013 0.8493 -0.5279
vn 0.0014 0.9026 -0.4304
vn 0.0013 0.9030 -0.4296
vn 0.0130 0.4397 -0.8980
vn 0.0131 0.4394 -0.8982
vn 0.0138 0.5426 -0.8399
vn 0.0139 0.5424 -0.8400
vn 0.0144 0.6218 -0.7830
vn 0.0144 0.6216 -0.7832
vn 0.0149 0.7037 -0.7103
vn 0.0149 0.7035 -0.7105
vn 0.0153 0.7814 -0.6239
vn 0.0153 0.7812 -0.6241
vn 0.0155 0.8488 -0.5285
vn 0.0156 0.8487 -0.5286
vn 0.0156 0.9025 -0.4303
vn 0.0157 0.9025 -0.4304
vn 0.4523 0.8393 0.3015
vn 0.4521 0.8394 0.3017
vn 0.4500 0.8617 0.2345
vn 0.4494 0.8619 0.2349
vn 0.4458 0.8812 0.1576
vn 0.4438 0.8820 0.1583
vn 0.4407 0.8939 0.0821
vn 0.4387 0.8948 0.0827
vn 0.4373 0.8990 0.0249
vn 0.4364 0.8994 0.0251
vn 0.2251 0.9170 0.3293
vn 0.2250 0.9170 0.3294
vn 0.2237 0.9405 0.2556
vn 0.2234 0.9405 0.2559
vn 0.2212 0.9601 0.1713
vn 0.2201 0.9602 0.1718
vn 0.2183 0.9718 0.0889
vn 0.2171 0.9721 0.0893
vn 0.2163 0.9760 0.0268
vn 0.2157 0.9761 0.0270
vn 0.1057 0.9359 0.3360
vn 0.1056 0.9359 0.3361
vn 0.1050 0.9597 0.2606
vn 0.1048 0.9597 0.2608
vn 0.1038 0.9792 0.1744
vn 0.1032 0.9792 0.1747
vn 0.1023 0.9906 0.0903
vn 0.1017 0.9907 0.0906
vn 0.1013 0.9945 0.0272
vn 0.1011 0.9945 0.0274
vn 0.0486 0.9401 0.3374
vn 0.0485 0.9401 0.3375
vn 0.0483 0.9640 0.2616
vn 0.0482 0.9639 0.2617
vn 0.0477 0.9834 0.1749
vn 0.0474 0.9834 0.1751
vn 0.0470 0.9948 0.0905
vn 0.0468 0.9948 0.0907
vn 0.0466 0.9985 0.0273
vn 0.0465 0.9985 0.0273
vn 0.3919 0.4090 0.8241
vn 0.3933 0.4093 0.8233
vn 0.4107 0.4958 0.7652
vn 0.4361 0.5060 0.7441
vn 0.3991 0.5712 0.7172
vn 0.4549 0.6277 0.6318
vn 0.4355 0.6262 0.6467
vn 0.4451 0.7005 0.5579
vn 0.4460 0.7006 0.5571
vn 0.4509 0.7581 0.4711
vn 0.4515 0.7581 0.4706
vn 0.4531 0.8048 0.3834
vn 0.4533 0.8048 0.3832
vn 0.1905 0.4361 0.8795
vn 0.1912 0.4364 0.8792
vn 0.2010 0.5322 0.8224
vn 0.2015 0.5326 0.8220
vn 0.2085 0.6088 0.7654
vn 0.2090 0.6092 0.7649
vn 0.2154 0.6878 0.6932
vn 0.2160 0.6882 0.6927
vn 0.2208 0.7626 0.6081
vn 0.2213 0.7628 0.6076
vn 0.2243 0.8275 0.5147
vn 0.2246 0.8276 0.5144
vn 0.2256 0.8794 0.4192
vn 0.2257 0.8795 0.4190
vn 0.0889 0.4422 0.8925
vn 0.0892 0.4424 0.8924
vn 0.0939 0.5405 0.8361
vn 0.0942 0.5408 0.8358
vn 0.0975 0.6192 0.7792
vn 0.0978 0.6195 0.7789
vn 0.1009 0.7004 0.7066
vn 0.1012 0.7007 0.7062
vn 0.1036 0.7774 0.6204
vn 0.1038 0.7776 0.6201
vn 0.1052 0.8443 0.5255
vn 0.1054 0.8444 0.5252
vn 0.1059 0.8976 0.4279
vn 0.1059 0.8976 0.4278
vn 0.0408 0.4434 0.8954
vn 0.0410 0.4436 0.8953
vn 0.0431 0.5422 0.8392
vn 0.0432 0.5424 0.8390
vn 0.0448 0.6213 0.7823
vn 0.0449 0.6215 0.7821
vn 0.0464 0.7030 0.7096
vn 0.0465 0.7032 0.7094
vn 0.0476 0.7806 0.6232
vn 0.0477 0.7807 0.6230
vn 0.0484 0.8479 0.5279
vn 0.0485 0.8480 0.5278
vn 0.0487 0.9016 0.4299
vn 0.0487 0.9016 0.4298
vn 0.0237 0.1234 0.9921
vn -0.0020 0.1347 0.9909
vn -0.0067 0.0783 0.9969
vn -0.0016 0.0927 0.9957
vn 0.0004 0.1238 0.9923
vn -0.0042 0.1276 0.9918
vn 0.0123 0.3255 0.9455
vn 0.0132 0.3290 0.9442
vn 0.0158 0.2285 0.9734
vn 0.0062 0.2001 0.9797
vn 0.0115 0.1317 0.9912
vn 0.0078 0.1412 0.9899
vn 0.0079 0.2229 0.9748
vn -0.0005 0.2001 0.9798
vn 0.0045 0.3290 0.9443
vn 0.0010 0.3426 0.9395
vn -0.0200 0.0466 0.9987
vn -0.0429 0.0367 0.9984
vn -0.4128 0.0132 0.9107
vn -0.2791 0.0467 0.9591
vn -0.0922 0.0396 0.9950
vn -0.1113 0.0344 0.9932
vn -0.2785 0.0312 0.9599
vn -0.2797 0.0310 0.9596
vn -0.6854 -0.2490 0.6842
vn -0.6846 -0.2490 0.6851
vn -0.6596 -0.1727 0.7315
vn -0.6593 -0.1727 0.7318
vn -0.6364 -0.1033 0.7644
vn -0.6363 -0.1033 0.7645
vn -0.6216 -0.0547 0.7814
vn -0.9095 -0.1421 0.3906
vn -0.9254 -0.0937 0.3673
vn -0.9124 -0.0941 0.3984
vn -0.9018 -0.0550 0.4286
vn -0.9115 -0.0551 0.4077
vn -0.8779 -0.0335 0.4776
vn -0.9936 -0.0286 0.1094
vn -0.9927 -0.0295 0.1174
vn -0.9844 -0.0227 0.1744
vn -1.0000 -0.0007 0.0008
vn -1.0000 -0.0000 -0.0000
vn -0.9999 -0.0009 -0.0109
vn -0.9896 -0.0321 -0.1403
vn -0.9899 -0.0313 -0.1384
vn -0.9874 -0.0112 -0.1576
vn -0.9916 -0.0071 -0.1289
vn -0.9061 -0.1438 -0.3978
vn -0.9219 -0.0882 -0.3771
vn -0.9269 -0.0829 -0.3660
vn -0.8766 -0.0638 -0.4769
vn -0.9127 -0.0283 -0.4077
vn -0.9093 -0.0296 -0.4150
vn -0.6844 -0.2474 -0.6858
vn -0.6835 -0.2481 -0.6865
vn -0.6583 -0.1713 -0.7330
vn -0.6577 -0.1716 -0.7335
vn -0.6348 -0.1023 -0.7659
vn -0.6344 -0.1025 -0.7662
vn -0.6193 -0.0526 -0.7834
vn -0.6112 -0.0547 -0.7896
vn -0.0319 -0.0350 -0.9989
vn -0.2228 -0.0358 -0.9742
vn -0.3461 -0.0276 -0.9378
vn -0.3448 -0.0118 -0.9386
vn -0.1644 -0.0280 -0.9860
vn -0.1651 -0.0097 -0.9862
vn -0.1930 -0.0053 -0.9812
vn -0.1920 0.0095 -0.9813
vn -0.1937 0.0098 -0.9810
vn -0.1948 0.0256 -0.9805
vn -0.2482 0.0326 -0.9682
vn -0.0874 0.0361 -0.9955
vn -0.0121 -0.0249 -0.9996
vn -0.0124 -0.0100 -0.9999
vn -0.0136 -0.0086 -0.9999
vn -0.0136 0.0097 -0.9999
vn -0.0135 0.0097 -0.9999
vn -0.0136 0.0325 -0.9994
vn -0.0102 0.0277 -0.9996
vn -0.0002 0.3335 -0.9428
vn 0.0068 0.3019 -0.9533
vn 0.0054 0.1742 -0.9847
vn -0.0014 0.2205 -0.9754
vn -0.0010 0.0723 -0.9974
vn 0.0018 0.0962 -0.9954
vn 0.0127 0.3011 -0.9535
vn 0.0042 0.3220 -0.9467
vn 0.0135 0.2072 -0.9782
vn 0.0078 0.1710 -0.9852
vn 0.0090 0.1621 -0.9867
vn 0.0084 0.1073 -0.9942
vn 0.0102 0.0576 -0.9983
vn 0.0114 0.0534 -0.9985
vn 0.0083 0.1076 -0.9942
vn 0.0369 0.4436 -0.8955
vn 0.0409 0.4396 -0.8973
vn 0.0431 0.5424 -0.8390
vn 0.0432 0.5422 -0.8392
vn 0.0448 0.6215 -0.7821
vn 0.0449 0.6213 -0.7823
vn 0.0464 0.7033 -0.7094
vn 0.0465 0.7030 -0.7096
vn 0.0476 0.7807 -0.6230
vn 0.0477 0.7806 -0.6232
vn 0.0484 0.8480 -0.5278
vn 0.0485 0.8479 -0.5279
vn 0.0487 0.9016 -0.4298
vn 0.0487 0.9016 -0.4299
vn 0.0889 0.4424 -0.8924
vn 0.0892 0.4422 -0.8925
vn 0.0939 0.5408 -0.8359
vn 0.0941 0.5405 -0.8361
vn 0.0976 0.6195 -0.7789
vn 0.0978 0.6191 -0.7792
vn 0.1009 0.7007 -0.7063
vn 0.1012 0.7004 -0.7065
vn 0.1036 0.7777 -0.6201
vn 0.1038 0.7774 -0.6204
vn 0.1052 0.8444 -0.5252
vn 0.1054 0.8443 -0.5255
vn 0.1059 0.8976 -0.4278
vn 0.1059 0.8976 -0.4279
vn 0.1905 0.4364 -0.8793
vn 0.1912 0.4360 -0.8794
vn 0.2010 0.5327 -0.8221
vn 0.2014 0.5321 -0.8224
vn 0.2085 0.6093 -0.7650
vn 0.2090 0.6087 -0.7654
vn 0.2154 0.6882 -0.6928
vn 0.2159 0.6877 -0.6931
vn 0.2208 0.7629 -0.6076
vn 0.2213 0.7625 -0.6080
vn 0.2243 0.8277 -0.5144
vn 0.2246 0.8274 -0.5147
vn 0.2256 0.8795 -0.4190
vn 0.2257 0.8794 -0.4191
vn 0.3920 0.4095 -0.8238
vn 0.3932 0.4088 -0.8236
vn 0.4129 0.5087 -0.7554
vn 0.4374 0.4890 -0.7547
vn 0.3988 0.5713 -0.7173
vn 0.4532 0.6170 -0.6433
vn 0.4367 0.6340 -0.6382
vn 0.4451 0.7009 -0.5573
vn 0.4459 0.7001 -0.5576
vn 0.4509 0.7584 -0.4707
vn 0.4515 0.7579 -0.4710
vn 0.4531 0.8049 -0.3833
vn 0.4533 0.8047 -0.3834
vn 0.4364 0.8994 -0.0249
vn 0.4373 0.8990 -0.0251
vn 0.4387 0.8949 -0.0822
vn 0.4408 0.8938 -0.0826
vn 0.4437 0.8822 -0.1578
vn 0.4458 0.8811 -0.1582
vn 0.4494 0.8620 -0.2346
vn 0.4500 0.8616 -0.2348
vn 0.4521 0.8394 -0.3016
vn 0.4524 0.8393 -0.3017
vn 0.2157 0.9761 -0.0269
vn 0.2163 0.9760 -0.0270
vn 0.2171 0.9721 -0.0889
vn 0.2183 0.9718 -0.0893
vn 0.2200 0.9603 -0.1713
vn 0.2212 0.9600 -0.1717
vn 0.2234 0.9406 -0.2556
vn 0.2237 0.9405 -0.2559
vn 0.2250 0.9170 -0.3293
vn 0.2251 0.9170 -0.3294
vn 0.1011 0.9945 -0.0272
vn 0.1014 0.9945 -0.0274
vn 0.1017 0.9907 -0.0903
vn 0.1023 0.9906 -0.0906
vn 0.1032 0.9793 -0.1744
vn 0.1038 0.9791 -0.1747
vn 0.1048 0.9597 -0.2606
vn 0.1050 0.9597 -0.2608
vn 0.1056 0.9359 -0.3360
vn 0.1057 0.9359 -0.3361
vn 0.0465 0.9985 -0.0273
vn 0.0466 0.9985 -0.0273
vn 0.0468 0.9948 -0.0905
vn 0.0470 0.9948 -0.0907
vn 0.0474 0.9834 -0.1749
vn 0.0477 0.9834 -0.1751
vn 0.0482 0.9640 -0.2616
vn 0.0483 0.9639 -0.2617
vn 0.0485 0.9401 -0.3374
vn 0.0486 0.9401 -0.3375
vn -0.7846 -0.5944 0.1764
vn -0.6719 -0.7241 0.1557
vn -0.9954 -0.0900 0.0327
vn -0.9967 -0.0775 0.0259
vn -0.9519 -0.2917 0.0939
vn -0.9492 -0.2992 0.0979
vn -0.7926 -0.5814 0.1838
vn -0.7804 -0.5948 0.1931
vn 0.9968 0.0765 0.0228
vn 0.9978 0.0658 0.0109
vn 0.9971 0.0741 0.0141
vn 0.9970 0.0768 0.0020
vn 0.9978 0.0668 0.0001
vn 0.9357 0.3391 0.0971
vn 0.9288 0.3550 0.1062
vn 0.9274 0.3682 0.0664
vn 0.9379 0.3423 0.0562
vn 0.9068 0.4197 0.0391
vn 0.9365 0.3505 0.0099
vn 0.9393 0.3429 0.0088
vn 0.7178 0.6552 0.2355
vn 0.7571 0.6303 0.1718
vn 0.7375 0.6492 0.1862
vn 0.7338 0.6686 0.1200
vn 0.7319 0.6706 0.1209
vn 0.7290 0.6816 0.0630
vn 0.7270 0.6836 0.0637
vn 0.7257 0.6877 0.0192
vn 0.7248 0.6887 0.0195
vn 0.9950 0.0433 0.0901
vn 0.9973 0.0428 0.0590
vn 0.9972 0.0432 0.0602
vn 0.9967 0.0587 0.0560
vn 0.9975 0.0607 0.0353
vn 0.9976 0.0602 0.0348
vn 0.9192 0.1755 0.3524
vn 0.9038 0.1846 0.3862
vn 0.9159 0.2352 0.3252
vn 0.9168 0.2345 0.3232
vn 0.9243 0.2754 0.2642
vn 0.9264 0.2731 0.2594
vn 0.9287 0.3122 0.2001
vn 0.9425 0.2890 0.1682
vn 0.9147 0.3678 0.1674
vn 0.7558 0.5961 0.2710
vn 0.7407 0.6066 0.2889
vn 0.7386 0.5671 0.3645
vn 0.7565 0.5556 0.3449
vn 0.7106 0.5507 0.4379
vn 0.7442 0.4825 0.4618
vn 0.6788 0.3269 0.6576
vn 0.6804 0.3268 0.6560
vn 0.7016 0.4001 0.5896
vn 0.7418 0.3930 0.5434
vn 0.7131 0.4882 0.5031
vn 0.1189 0.0961 0.9882
vn 0.1797 0.0799 0.9805
vn 0.3222 0.0725 0.9439
vn 0.2940 0.0809 0.9524
vn 0.1519 0.0621 0.9864
vn 0.0720 0.0955 0.9928
vn 0.0619 0.0914 0.9939
vn 0.0350 0.1021 0.9942
vn 0.3733 0.3182 0.8714
vn 0.3517 0.2180 0.9104
vn 0.3331 0.1297 0.9339
vn 0.3726 0.3181 0.8718
vn 0.1803 0.3371 0.9240
vn 0.1799 0.3370 0.9242
vn 0.0840 0.3413 0.9362
vn 0.0734 0.3331 0.9400
vn 0.3514 0.2179 0.9105
vn 0.1687 0.2294 0.9586
vn 0.1686 0.2294 0.9586
vn 0.0775 0.2320 0.9696
vn 0.0785 0.2331 0.9693
vn 0.0386 0.3450 0.9378
vn 0.0315 0.2179 0.9755
vn 0.1589 0.1358 0.9779
vn 0.0738 0.1372 0.9878
vn 0.0447 0.1374 0.9895
vn 0.0300 0.1234 0.9919
vn -0.0149 -0.0684 0.9975
vn -0.0146 -0.0686 0.9975
vn -0.0972 -0.1332 0.9863
vn -0.0901 -0.1307 0.9873
vn -0.2656 -0.0642 0.9619
vn -0.2831 -0.0670 0.9567
vn -0.2933 -0.1279 0.9474
vn -0.2934 -0.1280 0.9474
vn -0.0146 -0.1314 0.9912
vn -0.0018 -0.1008 0.9949
vn -0.0085 -0.0778 0.9969
vn -0.3298 -0.3225 0.8873
vn -0.3304 -0.3222 0.8872
vn -0.1105 -0.3393 0.9342
vn -0.1107 -0.3391 0.9342
vn -0.0261 -0.3411 0.9397
vn -0.0845 -0.0717 0.9938
vn -0.0889 -0.0702 0.9936
vn -0.0196 -0.2277 0.9735
vn -0.0243 -0.1368 0.9903
vn -0.0274 -0.3422 0.9392
vn -0.0217 -0.2295 0.9731
vn -0.1033 -0.2283 0.9681
vn -0.1032 -0.2284 0.9681
vn -0.3103 -0.2183 0.9252
vn -0.3101 -0.2184 0.9253
vn -0.9437 -0.1457 0.2972
vn -0.9499 -0.2676 0.1615
vn -0.9488 -0.2698 0.1640
vn -0.9453 -0.2275 0.2337
vn -1.0000 -0.0042 0.0032
vn -0.9535 -0.2145 0.2115
vn -0.9229 -0.2163 0.3185
vn -0.9412 -0.1504 0.3025
vn -0.7062 -0.3152 0.6340
vn -0.7427 -0.6045 0.2881
vn -0.7888 -0.5254 0.3190
vn -0.7789 -0.5326 0.3311
vn -0.7385 -0.5273 0.4203
vn -0.7720 -0.4527 0.4462
vn -0.7617 -0.4565 0.4598
vn -0.7213 -0.4313 0.5419
vn -0.7447 -0.3755 0.5517
vn -0.7255 -0.3740 0.5777
vn -0.7074 -0.3141 0.6332
vn -0.9868 -0.0720 0.1449
vn -0.9965 -0.0519 0.0656
vn -0.9936 -0.0781 0.0819
vn -0.9910 -0.1145 0.0692
vn -0.9460 -0.3122 -0.0870
vn -0.9942 -0.1028 -0.0309
vn -0.9954 -0.0926 -0.0261
vn -0.7601 -0.6277 -0.1679
vn -0.7624 -0.6247 -0.1689
vn -0.8960 -0.4366 -0.0811
vn -1.0000 -0.0084 -0.0041
vn -0.9933 -0.1098 -0.0352
vn -0.9496 -0.2974 -0.0992
vn -0.9529 -0.2872 -0.0977
vn -0.7848 -0.5865 -0.2000
vn -0.7633 -0.6144 -0.1995
vn -0.9953 -0.0464 -0.0850
vn -0.9916 -0.0539 -0.1172
vn -0.9392 -0.1441 -0.3116
vn -0.9957 -0.0777 -0.0513
vn -0.7415 -0.6057 -0.2887
vn -0.7838 -0.5273 -0.3280
vn -0.7859 -0.5244 -0.3277
vn -0.7386 -0.5271 -0.4203
vn -0.7668 -0.4520 -0.4557
vn -0.7687 -0.4494 -0.4551
vn -0.7206 -0.4313 -0.5429
vn -0.7420 -0.3637 -0.5632
vn -0.9917 -0.0768 -0.1033
vn -0.9394 -0.2057 -0.2741
vn -0.9305 -0.1625 -0.3283
vn -0.7055 -0.3144 -0.6351
vn -0.7069 -0.3132 -0.6342
vn -0.7272 -0.3816 -0.5705
vn -0.9591 -0.1559 -0.2363
vn -0.9287 -0.2610 -0.2634
vn -0.9575 -0.2399 -0.1602
vn -0.9489 -0.2677 -0.1672
vn -0.2209 -0.0625 -0.9733
vn -0.3305 -0.3202 -0.8878
vn -0.3305 -0.3203 -0.8878
vn -0.3108 -0.2164 -0.9255
vn -0.3112 -0.2163 -0.9254
vn -0.2944 -0.1267 -0.9472
vn -0.2949 -0.1265 -0.9471
vn -0.2857 -0.0723 -0.9556
vn -0.1115 -0.3375 -0.9347
vn -0.1121 -0.3372 -0.9348
vn -0.1048 -0.2268 -0.9683
vn -0.1056 -0.2264 -0.9683
vn -0.0993 -0.1322 -0.9862
vn -0.1001 -0.1319 -0.9862
vn -0.0967 -0.0748 -0.9925
vn -0.0268 -0.3403 -0.9399
vn -0.0277 -0.3395 -0.9402
vn -0.0256 -0.2281 -0.9733
vn -0.0256 -0.2280 -0.9733
vn -0.0232 -0.1341 -0.9907
vn -0.0251 -0.1328 -0.9908
vn -0.0236 -0.0702 -0.9973
vn -0.0348 -0.0633 -0.9974
vn 0.0007 -0.0355 -0.9994
vn 0.0105 -0.0322 -0.9994
vn 0.0089 -0.0299 -0.9995
vn 0.0093 -0.0096 -0.9999
vn 0.0089 -0.0088 -0.9999
vn 0.0090 0.0098 -0.9999
vn 0.0090 0.0097 -0.9999
vn 0.0094 0.0340 -0.9994
vn 0.0100 0.0324 -0.9994
vn 0.0479 0.3410 -0.9389
vn 0.0326 0.3211 -0.9465
vn 0.0470 0.2355 -0.9707
vn 0.0441 0.1308 -0.9904
vn 0.0311 0.1072 -0.9938
vn 0.0397 0.0727 -0.9966
vn 0.0660 0.0697 -0.9954
vn 0.0707 0.0668 -0.9953
vn 0.0736 0.1335 -0.9883
vn 0.0673 0.1372 -0.9883
vn 0.0731 0.2290 -0.9707
vn 0.0780 0.2233 -0.9716
vn 0.0838 0.3403 -0.9366
vn 0.0839 0.3402 -0.9366
vn 0.1526 0.0691 -0.9859
vn 0.1585 0.1322 -0.9785
vn 0.1682 0.2264 -0.9594
vn 0.1684 0.2264 -0.9594
vn 0.1798 0.3361 -0.9245
vn 0.1802 0.3359 -0.9245
vn 0.3211 0.0662 -0.9447
vn 0.3324 0.1263 -0.9347
vn 0.3324 0.1262 -0.9346
vn 0.3508 0.2152 -0.9114
vn 0.3511 0.2151 -0.9113
vn 0.3725 0.3174 -0.8721
vn 0.3731 0.3170 -0.8720
vn 0.7006 0.5126 -0.4965
vn 0.7473 0.4623 -0.4773
vn 0.7108 0.5506 -0.4378
vn 0.7556 0.5489 -0.3575
vn 0.7392 0.5722 -0.3552
vn 0.7406 0.6103 -0.2811
vn 0.7557 0.5912 -0.2816
vn 0.6789 0.3274 -0.6572
vn 0.6802 0.3263 -0.6564
vn 0.7053 0.4154 -0.5744
vn 0.7570 0.3620 -0.5440
vn 0.9191 0.1662 -0.3573
vn 0.9052 0.1895 -0.3804
vn 0.9160 0.2355 -0.3247
vn 0.9167 0.2341 -0.3237
vn 0.9242 0.2742 -0.2660
vn 0.9244 0.2735 -0.2658
vn 0.9307 0.3121 -0.1910
vn 0.9439 0.2771 -0.1798
vn 0.9144 0.3674 -0.1699
vn 0.9969 0.0349 -0.0710
vn 0.9972 0.0316 -0.0673
vn 0.9959 0.0534 -0.0736
vn 0.9965 0.0601 -0.0586
vn 0.9978 0.0547 -0.0379
vn 0.9973 0.0630 -0.0386
vn 0.9955 0.0941 -0.0097
vn 0.9980 0.0611 -0.0176
vn 0.9972 0.0720 -0.0184
vn 0.9093 0.4159 -0.0118
vn 0.9332 0.3579 -0.0334
vn 0.9419 0.3341 -0.0343
vn 0.9086 0.4110 -0.0741
vn 0.9427 0.3205 -0.0929
vn 0.9408 0.3258 -0.0934
vn 0.7248 0.6887 -0.0192
vn 0.7257 0.6877 -0.0194
vn 0.7270 0.6837 -0.0632
vn 0.7291 0.6815 -0.0635
vn 0.7319 0.6707 -0.1204
vn 0.7339 0.6685 -0.1206
vn 0.7372 0.6519 -0.1777
vn 0.7556 0.6289 -0.1833
vn 0.7193 0.6537 -0.2350
vn -0.0048 -0.9816 0.1908
vn -0.0673 -0.9662 0.2490
vn -0.0336 -0.9855 0.1663
vn -0.1451 -0.9644 0.2213
vn -0.4500 -0.8720 0.1927
vn -0.4460 -0.8513 0.2764
vn -0.3886 -0.8902 0.2379
vn -0.1550 -0.9580 0.2414
vn -0.1382 -0.9572 0.2543
vn -0.0337 -0.9659 0.2566
vn -0.0334 -0.9659 0.2569
vn -0.4039 -0.8617 0.3072
vn -0.1390 -0.9328 0.3325
vn -0.1391 -0.9328 0.3324
vn -0.0331 -0.9415 0.3355
vn -0.0336 -0.9417 0.3349
vn 1.0000 -0.0000 -0.0000
vn 0.5632 0.0613 0.8240
vn 0.9921 0.0103 0.1251
vn 0.9943 0.0108 0.1063
vn 0.9952 0.0235 0.0955
vn 0.9961 0.0231 0.0849
vn 0.8528 0.0350 0.5210
vn 0.8902 0.0381 0.4539
vn 0.8359 0.0735 0.5439
vn 0.8963 0.1019 0.4315
vn 0.9070 0.1003 0.4091
vn 0.8686 0.1697 0.4656
vn 0.6575 0.2579 0.7080
vn 0.6591 0.2580 0.7064
vn 0.6283 0.1788 0.7571
vn 0.6370 0.1795 0.7497
vn 0.6019 0.1069 0.7914
vn 0.6166 0.1083 0.7798
vn 0.5842 0.0552 0.8097
vn -0.0078 -0.0977 0.9952
vn 0.0132 -0.1495 0.9887
vn 0.0242 -0.1338 0.9907
vn 0.0151 -0.2319 0.9726
vn 0.0127 -0.1510 0.9884
vn 0.0046 -0.1463 0.9892
vn 0.0014 -0.1161 0.9932
vn 0.0011 -0.3466 0.9380
vn -0.0021 -0.3606 0.9327
vn 0.0032 -0.2907 0.9568
vn -0.0021 -0.2260 0.9741
vn 0.0125 -0.3606 0.9326
vn 0.0173 -0.3347 0.9422
vn 0.0132 -0.2907 0.9567
vn 0.0180 -0.2198 0.9754
vn -0.0008 -0.2198 0.9755
vn 0.0018 -0.1576 0.9875
vn -0.0332 -0.9021 0.4302
vn -0.0337 -0.9025 0.4295
vn -0.0330 -0.8484 0.5283
vn -0.0335 -0.8489 0.5276
vn -0.0324 -0.7810 0.6237
vn -0.0329 -0.7815 0.6230
vn -0.0316 -0.7033 0.7101
vn -0.0321 -0.7040 0.7095
vn -0.0305 -0.6215 0.7828
vn -0.0310 -0.6222 0.7823
vn -0.0294 -0.5423 0.8397
vn -0.0298 -0.5430 0.8392
vn -0.0278 -0.4435 0.8958
vn -0.0280 -0.4437 0.8958
vn -0.1395 -0.8938 0.4261
vn -0.1394 -0.8938 0.4262
vn -0.1388 -0.8408 0.5233
vn -0.1386 -0.8407 0.5235
vn -0.1367 -0.7743 0.6179
vn -0.1364 -0.7741 0.6182
vn -0.1333 -0.6977 0.7039
vn -0.1329 -0.6974 0.7042
vn -0.1289 -0.6169 0.7764
vn -0.1285 -0.6166 0.7767
vn -0.1241 -0.5387 0.8333
vn -0.1238 -0.5384 0.8336
vn -0.1176 -0.4408 0.8899
vn -0.1172 -0.4406 0.8900
vn -0.4049 -0.8254 0.3934
vn -0.4046 -0.8255 0.3935
vn -0.4031 -0.7772 0.4832
vn -0.4026 -0.7772 0.4837
vn -0.3979 -0.7174 0.5718
vn -0.3971 -0.7173 0.5725
vn -0.3893 -0.6489 0.6537
vn -0.3884 -0.6487 0.6545
vn -0.3781 -0.5765 0.7244
vn -0.3772 -0.5761 0.7251
vn -0.3658 -0.5058 0.7813
vn -0.3649 -0.5054 0.7819
vn -0.3489 -0.4164 0.8396
vn -0.3477 -0.4162 0.8402
vn -0.1085 -0.9685 -0.2240
vn -0.2974 -0.9395 -0.1702
vn -0.4472 -0.8546 -0.2640
vn -0.4292 -0.8729 -0.2321
vn -0.3332 -0.9213 -0.2007
vn -0.4745 -0.8292 -0.2956
vn -0.4030 -0.8705 -0.2826
vn -0.1391 -0.9328 -0.3325
vn -0.1390 -0.9328 -0.3324
vn -0.1382 -0.9572 -0.2545
vn -0.1379 -0.9572 -0.2543
vn -0.1370 -0.9719 -0.1914
vn -0.0330 -0.9415 -0.3355
vn -0.0335 -0.9412 -0.3361
vn -0.0328 -0.9660 -0.2566
vn -0.0333 -0.9658 -0.2571
vn -0.0314 -0.9799 -0.1972
vn -0.0223 -0.9830 -0.1823
vn -0.4049 -0.8254 -0.3935
vn -0.4047 -0.8255 -0.3934
vn -0.4031 -0.7769 -0.4836
vn -0.4026 -0.7773 -0.4834
vn -0.3979 -0.7169 -0.5724
vn -0.3972 -0.7176 -0.5722
vn -0.3892 -0.6482 -0.6545
vn -0.3885 -0.6489 -0.6542
vn -0.3780 -0.5754 -0.7253
vn -0.3773 -0.5761 -0.7251
vn -0.3657 -0.5044 -0.7822
vn -0.3651 -0.5050 -0.7821
vn -0.3488 -0.4147 -0.8405
vn -0.3481 -0.4151 -0.8406
vn -0.1395 -0.8938 -0.4262
vn -0.1394 -0.8938 -0.4261
vn -0.1388 -0.8406 -0.5235
vn -0.1386 -0.8408 -0.5234
vn -0.1367 -0.7739 -0.6183
vn -0.1365 -0.7742 -0.6181
vn -0.1333 -0.6972 -0.7044
vn -0.1331 -0.6974 -0.7042
vn -0.1290 -0.6162 -0.7770
vn -0.1288 -0.6164 -0.7769
vn -0.1243 -0.5377 -0.8339
vn -0.1242 -0.5378 -0.8339
vn -0.1179 -0.4395 -0.8905
vn -0.1181 -0.4394 -0.8905
vn -0.0337 -0.9017 -0.4310
vn -0.0331 -0.9021 -0.4302
vn -0.0336 -0.8478 -0.5293
vn -0.0329 -0.8484 -0.5284
vn -0.0331 -0.7802 -0.6247
vn -0.0324 -0.7809 -0.6238
vn -0.0322 -0.7023 -0.7111
vn -0.0317 -0.7031 -0.7104
vn -0.0312 -0.6203 -0.7838
vn -0.0307 -0.6211 -0.7832
vn -0.0301 -0.5409 -0.8405
vn -0.0297 -0.5416 -0.8401
vn -0.0287 -0.4426 -0.8962
vn -0.0290 -0.4424 -0.8964
vn -0.0007 -0.2297 -0.9733
vn 0.0007 -0.3606 -0.9327
vn -0.0022 -0.3405 -0.9402
vn 0.0019 -0.2907 -0.9568
vn -0.0030 -0.2197 -0.9756
vn 0.0168 -0.1331 -0.9910
vn 0.0122 -0.1086 -0.9940
vn 0.0142 -0.0756 -0.9970
vn 0.0117 -0.0696 -0.9975
vn -0.0003 -0.0720 -0.9974
vn -0.0011 -0.0698 -0.9976
vn 0.0030 -0.1341 -0.9910
vn -0.0072 -0.1086 -0.9941
vn 0.0011 -0.1583 -0.9874
vn 0.0127 -0.1583 -0.9873
vn 0.0151 -0.2197 -0.9754
vn 0.0173 -0.2301 -0.9730
vn 0.0135 -0.2906 -0.9567
vn 0.0177 -0.3325 -0.9429
vn 0.0125 -0.3605 -0.9327
vn 0.0498 -0.0342 -0.9982
vn 0.0470 -0.0329 -0.9984
vn 0.0466 -0.0095 -0.9989
vn 0.0467 -0.0096 -0.9989
vn 0.0466 0.0095 -0.9989
vn 0.0485 0.0087 -0.9988
vn 0.1421 -0.0356 -0.9892
vn 0.1048 -0.0293 -0.9941
vn 0.1042 -0.0095 -0.9945
vn 0.1042 0.0132 -0.9945
vn 0.1166 0.0095 -0.9931
vn 0.1160 0.0280 -0.9929
vn 0.0478 0.0374 -0.9982
vn 0.0647 0.0274 -0.9975
vn 0.2023 -0.0290 -0.9789
vn 0.2013 -0.0093 -0.9795
vn 0.2013 0.0059 -0.9795
vn 0.1502 0.0352 -0.9880
vn 0.3322 -0.0304 -0.9427
vn 0.3475 -0.0323 -0.9371
vn 0.3455 -0.0089 -0.9384
vn 0.3455 0.0089 -0.9384
vn 0.3224 0.0112 -0.9466
vn 0.3267 0.0305 -0.9446
vn 0.3162 0.0324 -0.9481
vn 0.5925 0.0563 -0.8036
vn 0.6073 0.1064 -0.7873
vn 0.6074 0.1063 -0.7873
vn 0.6307 0.1784 -0.7552
vn 0.6310 0.1783 -0.7551
vn 0.6567 0.2582 -0.7086
vn 0.6574 0.2577 -0.7081
vn 0.8746 0.0306 -0.4838
vn 0.8602 0.0356 -0.5086
vn 0.8687 0.0663 -0.4909
vn 0.8825 0.1135 -0.4564
vn 0.8969 0.1017 -0.4304
vn 0.8700 0.1688 -0.4633
vn 0.9930 0.0075 -0.1182
vn 0.9952 0.0139 -0.0973
vn 0.9955 0.0127 -0.0943
vn 0.9938 0.0267 -0.1082
vn 0.0086 -0.9996 0.0272
vn 0.0052 -0.9957 0.0928
vn 0.0066 -0.9959 0.0904
vn 0.0018 -0.9994 0.0353
vn 0.0064 -0.9846 0.1750
vn 0.0017 -0.9904 0.1381
vn 0.0014 -0.9412 0.3378
vn 0.0009 -0.9422 0.3349
vn 0.0016 -0.9651 0.2618
vn 0.0007 -0.9668 0.2555
vn 0.0018 -0.9812 0.1930
vn 0.0156 -0.9411 0.3378
vn 0.0156 -0.9411 0.3377
vn 0.0155 -0.9650 0.2619
vn 0.0155 -0.9650 0.2617
vn 0.0153 -0.9844 0.1751
vn 0.0152 -0.9845 0.1749
vn 0.0151 -0.9958 0.0906
vn 0.0150 -0.9958 0.0904
vn 0.0150 -0.9995 0.0273
vn 0.0149 -0.9995 0.0272
vn 1.0000 -0.0002 0.0001
vn 0.9813 -0.1451 0.1268
vn 0.9590 0.2691 -0.0884
vn 0.9603 0.1658 0.2245
vn 0.9345 -0.0967 0.3427
vn 0.8761 0.1488 0.4586
vn 0.3217 -0.0731 0.9440
vn 0.3733 -0.3180 0.8715
vn 0.3727 -0.3183 0.8717
vn 0.3517 -0.2179 0.9104
vn 0.3515 -0.2180 0.9105
vn 0.3331 -0.1297 0.9339
vn 0.3224 -0.0732 0.9438
vn 0.1803 -0.3369 0.9241
vn 0.1800 -0.3371 0.9241
vn 0.1687 -0.2294 0.9586
vn 0.1686 -0.2295 0.9586
vn 0.1589 -0.1358 0.9779
vn 0.1544 -0.0872 0.9842
vn 0.1845 -0.0791 0.9796
vn 0.0836 -0.3342 0.9388
vn 0.0780 -0.3415 0.9366
vn 0.0734 -0.2315 0.9701
vn 0.0728 -0.2321 0.9700
vn 0.0696 -0.1398 0.9877
vn 0.0738 -0.1372 0.9878
vn 0.0721 -0.0967 0.9927
vn 0.0976 -0.0796 0.9920
vn 0.0388 -0.3517 0.9353
vn 0.0312 -0.1303 0.9910
vn 0.0356 -0.0871 0.9956
vn 0.0157 -0.9025 0.4304
vn 0.0156 -0.9025 0.4303
vn 0.0156 -0.8487 0.5286
vn 0.0155 -0.8488 0.5285
vn 0.0153 -0.7812 0.6241
vn 0.0153 -0.7814 0.6239
vn 0.0149 -0.7035 0.7105
vn 0.0149 -0.7037 0.7103
vn 0.0144 -0.6216 0.7832
vn 0.0144 -0.6218 0.7830
vn 0.0139 -0.5424 0.8400
vn 0.0139 -0.5426 0.8399
vn 0.0132 -0.4436 0.8962
vn 0.0131 -0.4437 0.8961
vn 0.0013 -0.9030 0.4296
vn 0.0014 -0.9026 0.4304
vn 0.0013 -0.8493 0.5278
vn 0.0014 -0.8488 0.5287
vn 0.0013 -0.7820 0.6233
vn 0.0014 -0.7813 0.6241
vn 0.0012 -0.7043 0.7099
vn 0.0014 -0.7036 0.7106
vn 0.0012 -0.6225 0.7826
vn 0.0013 -0.6217 0.7833
vn 0.0012 -0.5433 0.8395
vn 0.0013 -0.5425 0.8401
vn 0.0011 -0.4441 0.8960
vn 0.0012 -0.4436 0.8962
vn 0.0048 -0.9996 -0.0272
vn 0.0066 -0.9997 -0.0254
vn 0.0004 -0.9959 -0.0904
vn 0.0082 -0.9967 -0.0813
vn 0.0013 -0.9417 -0.3363
vn 0.0011 -0.9412 -0.3378
vn 0.0016 -0.9663 -0.2574
vn 0.0008 -0.9651 -0.2618
vn 0.0016 -0.9813 -0.1925
vn 0.0068 -0.9846 -0.1750
vn 0.0003 -0.9937 -0.1124
vn 0.0149 -0.9995 -0.0273
vn 0.0150 -0.9995 -0.0272
vn 0.0150 -0.9958 -0.0906
vn 0.0151 -0.9958 -0.0904
vn 0.0152 -0.9844 -0.1751
vn 0.0153 -0.9845 -0.1749
vn 0.0155 -0.9650 -0.2619
vn 0.0155 -0.9650 -0.2617
vn 0.0156 -0.9411 -0.3378
vn 0.0156 -0.9411 -0.3377
vn 0.0014 -0.9026 -0.4304
vn 0.0013 -0.9022 -0.4313
vn 0.0014 -0.8488 -0.5287
vn 0.0013 -0.8483 -0.5296
vn 0.0014 -0.7813 -0.6241
vn 0.0013 -0.7806 -0.6250
vn 0.0013 -0.7036 -0.7106
vn 0.0012 -0.7027 -0.7115
vn 0.0013 -0.6217 -0.7833
vn 0.0011 -0.6206 -0.7841
vn 0.0012 -0.5424 -0.8401
vn 0.0010 -0.5412 -0.8409
vn 0.0011 -0.4435 -0.8963
vn 0.0009 -0.4425 -0.8968
vn 0.0157 -0.9025 -0.4303
vn 0.0156 -0.9025 -0.4304
vn 0.0156 -0.8488 -0.5285
vn 0.0155 -0.8487 -0.5286
vn 0.0153 -0.7814 -0.6239
vn 0.0153 -0.7812 -0.6241
vn 0.0149 -0.7037 -0.7103
vn 0.0149 -0.7035 -0.7105
vn 0.0144 -0.6218 -0.7830
vn 0.0144 -0.6216 -0.7832
vn 0.0139 -0.5426 -0.8399
vn 0.0138 -0.5424 -0.8400
vn 0.0131 -0.4437 -0.8961
vn 0.0131 -0.4435 -0.8962
vn 0.0387 -0.3493 -0.9362
vn 0.0532 -0.0742 -0.9958
vn 0.0839 -0.3403 -0.9366
vn 0.0776 -0.3355 -0.9389
vn 0.0735 -0.2290 -0.9706
vn 0.0724 -0.2280 -0.9710
vn 0.0687 -0.1335 -0.9887
vn 0.0661 -0.1315 -0.9891
vn 0.0629 -0.0653 -0.9959
vn 0.1431 -0.0706 -0.9872
vn 0.1802 -0.3361 -0.9244
vn 0.1798 -0.3359 -0.9246
vn 0.1684 -0.2264 -0.9594
vn 0.1682 -0.2264 -0.9594
vn 0.1585 -0.1322 -0.9785
vn 0.1525 -0.0671 -0.9860
vn 0.3731 -0.3173 -0.8718
vn 0.3724 -0.3171 -0.8722
vn 0.3511 -0.2152 -0.9113
vn 0.3508 -0.2151 -0.9114
vn 0.3324 -0.1263 -0.9346
vn 0.3324 -0.1262 -0.9347
vn 0.3211 -0.0662 -0.9447
vn 0.3454 -0.0701 -0.9358
vn 0.5855 -0.0262 -0.8102
vn 0.5832 -0.0077 -0.8123
vn 0.5832 0.0077 -0.8123
vn 0.5855 0.0262 -0.8102
vn 0.8869 -0.0173 -0.4617
vn 0.8678 -0.0160 -0.4966
vn 0.8357 -0.0052 -0.5492
vn 0.8780 0.0042 -0.4787
vn 0.8747 0.0046 -0.4847
vn 0.8306 0.0180 -0.5566
vn 0.9949 -0.0040 -0.1008
vn 0.9945 -0.0039 -0.1043
vn 0.9924 0.0011 -0.1233
vn 0.9950 0.0027 -0.1000
vn 1.0000 -0.0000 -0.0001
vn 1.0000 0.0001 -0.0000
vn 0.0486 -0.9401 0.3374
vn 0.1057 -0.9359 0.3360
vn 0.2251 -0.9170 0.3293
vn 0.4524 -0.8393 0.3015
vn 0.0485 -0.9401 0.3375
vn 0.0483 -0.9640 0.2616
vn 0.0482 -0.9639 0.2617
vn 0.0477 -0.9834 0.1749
vn 0.0474 -0.9834 0.1751
vn 0.0470 -0.9948 0.0905
vn 0.0468 -0.9948 0.0907
vn 0.0466 -0.9985 0.0273
vn 0.0465 -0.9985 0.0273
vn 0.1056 -0.9359 0.3361
vn 0.1050 -0.9597 0.2606
vn 0.1048 -0.9597 0.2608
vn 0.1038 -0.9792 0.1744
vn 0.1032 -0.9792 0.1747
vn 0.1023 -0.9906 0.0903
vn 0.1017 -0.9907 0.0906
vn 0.1013 -0.9945 0.0272
vn 0.1011 -0.9945 0.0274
vn 0.2250 -0.9170 0.3294
vn 0.2237 -0.9405 0.2556
vn 0.2234 -0.9405 0.2559
vn 0.2212 -0.9601 0.1713
vn 0.2201 -0.9602 0.1718
vn 0.2183 -0.9718 0.0889
vn 0.2171 -0.9721 0.0893
vn 0.2163 -0.9760 0.0268
vn 0.2157 -0.9761 0.0270
vn 0.4521 -0.8394 0.3017
vn 0.4500 -0.8617 0.2345
vn 0.4494 -0.8619 0.2349
vn 0.4458 -0.8812 0.1576
vn 0.4438 -0.8820 0.1583
vn 0.4407 -0.8939 0.0821
vn 0.4387 -0.8948 0.0827
vn 0.4373 -0.8990 0.0249
vn 0.4364 -0.8994 0.0251
vn 0.8046 -0.0389 0.5926
vn 0.9610 -0.0194 0.2757
vn 0.9928 -0.0267 0.1167
vn 0.9959 -0.0135 0.0893
vn 0.9989 -0.0055 0.0461
vn 0.8700 -0.1688 0.4633
vn 0.8969 -0.1017 0.4304
vn 0.9040 -0.0954 0.4166
vn 0.8357 -0.0735 0.5442
vn 0.8822 -0.0400 0.4693
vn 0.6576 -0.2584 0.7076
vn 0.6589 -0.2575 0.7068
vn 0.6292 -0.1810 0.7558
vn 0.6361 -0.1774 0.7510
vn 0.6033 -0.1097 0.7899
vn 0.6150 -0.1056 0.7814
vn 0.5861 -0.0581 0.8082
vn 0.5545 -0.0666 0.8295
vn 0.4533 -0.8047 0.3834
vn 0.4531 -0.8049 0.3833
vn 0.4515 -0.7579 0.4710
vn 0.4509 -0.7584 0.4707
vn 0.4459 -0.7001 0.5576
vn 0.4451 -0.7009 0.5573
vn 0.4367 -0.6340 0.6382
vn 0.4532 -0.6170 0.6433
vn 0.3988 -0.5713 0.7173
vn 0.4374 -0.4890 0.7547
vn 0.4129 -0.5087 0.7554
vn 0.3932 -0.4088 0.8236
vn 0.3920 -0.4095 0.8238
vn 0.2257 -0.8794 0.4191
vn 0.2256 -0.8795 0.4190
vn 0.2246 -0.8274 0.5147
vn 0.2243 -0.8277 0.5144
vn 0.2213 -0.7625 0.6080
vn 0.2208 -0.7629 0.6076
vn 0.2159 -0.6877 0.6931
vn 0.2154 -0.6882 0.6928
vn 0.2090 -0.6087 0.7654
vn 0.2085 -0.6093 0.7650
vn 0.2014 -0.5321 0.8224
vn 0.2010 -0.5327 0.8221
vn 0.1912 -0.4360 0.8794
vn 0.1905 -0.4364 0.8793
vn 0.1059 -0.8976 0.4279
vn 0.1059 -0.8976 0.4278
vn 0.1054 -0.8443 0.5255
vn 0.1052 -0.8444 0.5252
vn 0.1038 -0.7774 0.6204
vn 0.1036 -0.7777 0.6201
vn 0.1012 -0.7004 0.7065
vn 0.1009 -0.7007 0.7063
vn 0.0978 -0.6191 0.7792
vn 0.0976 -0.6195 0.7789
vn 0.0941 -0.5405 0.8361
vn 0.0939 -0.5408 0.8359
vn 0.0892 -0.4422 0.8925
vn 0.0889 -0.4424 0.8924
vn 0.0487 -0.9016 0.4299
vn 0.0487 -0.9016 0.4298
vn 0.0485 -0.8479 0.5279
vn 0.0484 -0.8480 0.5278
vn 0.0477 -0.7806 0.6232
vn 0.0476 -0.7807 0.6230
vn 0.0465 -0.7030 0.7096
vn 0.0464 -0.7033 0.7094
vn 0.0449 -0.6213 0.7823
vn 0.0448 -0.6215 0.7821
vn 0.0432 -0.5422 0.8392
vn 0.0431 -0.5424 0.8390
vn 0.0410 -0.4434 0.8954
vn 0.0408 -0.4436 0.8953
vn 0.0465 -0.9985 -0.0273
vn 0.1011 -0.9945 -0.0272
vn 0.2157 -0.9761 -0.0269
vn 0.4364 -0.8994 -0.0249
vn 0.0466 -0.9985 -0.0273
vn 0.0468 -0.9948 -0.0905
vn 0.0470 -0.9948 -0.0907
vn 0.0474 -0.9834 -0.1749
vn 0.0477 -0.9834 -0.1751
vn 0.0482 -0.9640 -0.2616
vn 0.0483 -0.9639 -0.2617
vn 0.0485 -0.9401 -0.3374
vn 0.0486 -0.9401 -0.3375
vn 0.1014 -0.9945 -0.0274
vn 0.1017 -0.9907 -0.0903
vn 0.1023 -0.9906 -0.0906
vn 0.1032 -0.9793 -0.1744
vn 0.1038 -0.9791 -0.1747
vn 0.1048 -0.9597 -0.2606
vn 0.1050 -0.9597 -0.2608
vn 0.1056 -0.9359 -0.3360
vn 0.1057 -0.9359 -0.3361
vn 0.2163 -0.9760 -0.0270
vn 0.2171 -0.9721 -0.0889
vn 0.2183 -0.9718 -0.0893
vn 0.2200 -0.9603 -0.1713
vn 0.2212 -0.9600 -0.1717
vn 0.2234 -0.9406 -0.2556
vn 0.2237 -0.9405 -0.2559
vn 0.2250 -0.9170 -0.3293
vn 0.2251 -0.9170 -0.3294
vn 0.4373 -0.8990 -0.0251
vn 0.4387 -0.8949 -0.0822
vn 0.4408 -0.8938 -0.0826
vn 0.4437 -0.8822 -0.1578
vn 0.4458 -0.8811 -0.1582
vn 0.4494 -0.8620 -0.2346
vn 0.4500 -0.8616 -0.2348
vn 0.4521 -0.8394 -0.3016
vn 0.4524 -0.8393 -0.3017
vn 0.0487 -0.9016 -0.4298
vn 0.0487 -0.9016 -0.4299
vn 0.0485 -0.8480 -0.5278
vn 0.0484 -0.8479 -0.5279
vn 0.0477 -0.7807 -0.6230
vn 0.0476 -0.7806 -0.6232
vn 0.0465 -0.7032 -0.7094
vn 0.0464 -0.7030 -0.7096
vn 0.0449 -0.6215 -0.7821
vn 0.0448 -0.6213 -0.7823
vn 0.0432 -0.5424 -0.8390
vn 0.0431 -0.5422 -0.8392
vn 0.0410 -0.4436 -0.8953
vn 0.0408 -0.4434 -0.8954
vn 0.1059 -0.8976 -0.4278
vn 0.1059 -0.8976 -0.4279
vn 0.1054 -0.8444 -0.5252
vn 0.1052 -0.8443 -0.5255
vn 0.1038 -0.7776 -0.6201
vn 0.1036 -0.7774 -0.6204
vn 0.1012 -0.7007 -0.7062
vn 0.1009 -0.7004 -0.7066
vn 0.0978 -0.6195 -0.7789
vn 0.0975 -0.6192 -0.7792
vn 0.0942 -0.5408 -0.8358
vn 0.0939 -0.5405 -0.8361
vn 0.0892 -0.4424 -0.8924
vn 0.0889 -0.4422 -0.8925
vn 0.2257 -0.8795 -0.4190
vn 0.2256 -0.8794 -0.4192
vn 0.2246 -0.8276 -0.5144
vn 0.2242 -0.8275 -0.5147
vn 0.2213 -0.7628 -0.6076
vn 0.2208 -0.7626 -0.6081
vn 0.2160 -0.6882 -0.6927
vn 0.2154 -0.6878 -0.6932
vn 0.2090 -0.6092 -0.7649
vn 0.2085 -0.6088 -0.7654
vn 0.2015 -0.5326 -0.8220
vn 0.2009 -0.5322 -0.8224
vn 0.1912 -0.4364 -0.8792
vn 0.1905 -0.4361 -0.8795
vn 0.4533 -0.8048 -0.3832
vn 0.4531 -0.8048 -0.3834
vn 0.4515 -0.7581 -0.4706
vn 0.4509 -0.7581 -0.4711
vn 0.4460 -0.7006 -0.5571
vn 0.4451 -0.7005 -0.5579
vn 0.4355 -0.6262 -0.6467
vn 0.4549 -0.6277 -0.6318
vn 0.3991 -0.5712 -0.7172
vn 0.4361 -0.5060 -0.7441
vn 0.4107 -0.4958 -0.7652
vn 0.3933 -0.4093 -0.8233
vn 0.3919 -0.4090 -0.8241
vn 0.6575 -0.2579 -0.7080
vn 0.6566 -0.2579 -0.7088
vn 0.6310 -0.1784 -0.7550
vn 0.6307 -0.1783 -0.7553
vn 0.6074 -0.1064 -0.7873
vn 0.6073 -0.1064 -0.7873
vn 0.5925 -0.0563 -0.8036
vn 0.8686 -0.1696 -0.4656
vn 0.9035 -0.1072 -0.4149
vn 0.8812 -0.1087 -0.4600
vn 0.8678 -0.0635 -0.4928
vn 0.8813 -0.0633 -0.4683
vn 0.8329 -0.0387 -0.5521
vn 0.9962 -0.0218 -0.0846
vn 0.9961 -0.0218 -0.0850
vn 0.9928 -0.0155 -0.1186
vn 1.0000 -0.0009 -0.0004
vn 1.0000 0.0002 0.0003
vn 1.0000 -0.0010 0.0003
vn 1.0000 -0.0001 -0.0015
vn 1.0000 -0.0023 0.0016
vn 1.0000 0.0022 0.0012
vn 0.7603 -0.6112 0.2197
vn 0.9271 -0.3526 0.1272
vn 0.9965 -0.0782 0.0281
vn 0.7644 -0.6074 0.2162
vn 0.7155 -0.6740 0.1837
vn 0.7508 -0.6502 0.1167
vn 0.7320 -0.6697 0.1250
vn 0.7290 -0.6816 0.0630
vn 0.7270 -0.6836 0.0637
vn 0.7257 -0.6877 0.0192
vn 0.7248 -0.6887 0.0195
vn 0.9310 -0.3441 0.1219
vn 0.9273 -0.3679 0.0684
vn 0.9396 -0.3375 0.0572
vn 0.9068 -0.4197 0.0391
vn 0.9365 -0.3505 0.0099
vn 0.9393 -0.3429 0.0088
vn 0.9978 -0.0660 0.0112
vn 0.9980 -0.0626 0.0099
vn 0.9954 -0.0956 0.0025
vn 0.9160 -0.2355 0.3247
vn 0.9977 -0.0359 0.0583
vn 0.9970 -0.0455 0.0627
vn 0.9977 -0.0582 0.0361
vn 0.9976 -0.0592 0.0362
vn 0.9269 -0.3191 0.1978
vn 0.9305 -0.3100 0.1951
vn 0.9244 -0.2735 0.2658
vn 0.6789 -0.3274 0.6572
vn 0.9052 -0.1895 0.3805
vn 0.9191 -0.1662 0.3573
vn 0.9951 -0.0419 0.0895
vn 0.6802 -0.3263 0.6564
vn 0.7053 -0.4154 0.5744
vn 0.9167 -0.2341 0.3237
vn 0.9242 -0.2742 0.2660
vn 0.9967 -0.0581 0.0567
vn 0.7123 -0.6337 0.3018
vn 0.7575 -0.5547 0.3443
vn 0.7624 -0.5482 0.3437
vn 0.7108 -0.5506 0.4378
vn 0.7473 -0.4623 0.4774
vn 0.7006 -0.5125 0.4965
vn 0.7570 -0.3620 0.5440
vn 0.7248 -0.6887 -0.0192
vn 0.9093 -0.4159 -0.0118
vn 0.7257 -0.6877 -0.0194
vn 0.7270 -0.6837 -0.0632
vn 0.7291 -0.6815 -0.0635
vn 0.7319 -0.6707 -0.1204
vn 0.7339 -0.6685 -0.1206
vn 0.7372 -0.6519 -0.1777
vn 0.7556 -0.6289 -0.1833
vn 0.7227 -0.6504 -0.2338
vn 0.9332 -0.3579 -0.0334
vn 0.9419 -0.3341 -0.0343
vn 0.9086 -0.4110 -0.0741
vn 0.9418 -0.3231 -0.0924
vn 0.9408 -0.3262 -0.0927
vn 0.9980 -0.0630 -0.0065
vn 0.9980 -0.0621 -0.0065
vn 0.9962 -0.0841 -0.0237
vn 0.6788 -0.3269 -0.6576
vn 0.6804 -0.3268 -0.6560
vn 0.7016 -0.4001 -0.5896
vn 0.7418 -0.3930 -0.5434
vn 0.7558 -0.5961 -0.2709
vn 0.7407 -0.6066 -0.2889
vn 0.7386 -0.5671 -0.3645
vn 0.7565 -0.5556 -0.3449
vn 0.7106 -0.5507 -0.4379
vn 0.7442 -0.4825 -0.4618
vn 0.7131 -0.4882 -0.5031
vn 0.9174 -0.3616 -0.1663
vn 0.9414 -0.2909 -0.1708
vn 0.9287 -0.3122 -0.2001
vn 0.9264 -0.2731 -0.2594
vn 0.9243 -0.2754 -0.2642
vn 0.9168 -0.2345 -0.3232
vn 0.9159 -0.2352 -0.3252
vn 0.9038 -0.1846 -0.3862
vn 0.9192 -0.1755 -0.3524
vn 0.9979 -0.0571 -0.0315
vn 0.9975 -0.0606 -0.0360
vn 0.9967 -0.0587 -0.0560
vn 0.9972 -0.0432 -0.0602
vn 0.9973 -0.0428 -0.0590
vn 0.9950 -0.0433 -0.0901
vn 1.0000 -0.0003 0.0001
vn -0.6546 0.0345 0.7552
vn -0.6491 0.0440 0.7595
vn -0.7418 -0.0105 0.6706
vn -0.7918 0.0284 0.6101
vn -0.8177 -0.0002 0.5757
vn -0.8796 0.0255 0.4750
vn -0.8808 0.0277 0.4727
vn -0.9243 -0.0022 0.3816
vn -0.9579 0.0355 0.2847
vn -0.9623 0.0216 0.2711
vn -0.9865 -0.0022 0.1640
vn -0.9964 0.0212 0.0822
vn -0.9978 0.0086 0.0651
vn -0.9977 0.0091 -0.0677
vn -0.9966 0.0184 -0.0798
vn -0.9824 -0.0067 -0.1864
vn -0.9589 0.0379 -0.2812
vn -0.9583 0.0358 -0.2836
vn -0.9232 -0.0024 -0.3842
vn -0.8812 0.0303 -0.4718
vn -0.8686 0.0085 -0.4954
vn -0.8059 0.0130 -0.5919
vn -0.8053 0.0137 -0.5927
vn -0.7388 0.0065 -0.6738
vn -0.7443 -0.0005 -0.6678
vn -0.6500 0.0272 -0.7595
vn -0.6439 0.0374 -0.7642
vn -0.2868 0.0550 -0.9564
vn -0.3655 -0.0149 -0.9307
vn -0.4775 0.0540 -0.8770
vn -0.4636 0.0771 -0.8827
vn -0.5490 0.0050 -0.8358
vn -0.1472 0.0927 -0.9848
vn -0.2219 -0.0088 -0.9750
vn -0.1419 0.0338 0.9893
vn -0.2882 0.0331 0.9570
vn -0.2584 -0.0083 0.9660
vn -0.5760 0.0086 0.8174
vn -0.4783 0.0393 0.8773
vn -0.4890 0.0599 0.8702
vn -0.3596 -0.0213 0.9329
vn -0.0001 1.0000 -0.0001
vn -0.0000 1.0000 -0.0000
vn 0.0001 1.0000 0.0001
vn 0.0005 1.0000 0.0012
vn -0.0004 1.0000 -0.0002
vn -0.0038 1.0000 -0.0007
vn -0.1419 -0.0338 -0.9893
vn -0.2882 -0.0331 -0.9570
vn -0.2585 0.0083 -0.9660
vn -0.4783 -0.0391 -0.8773
vn -0.4892 -0.0601 -0.8701
vn -0.3597 0.0213 -0.9328
vn -0.5762 -0.0086 -0.8173
vn -0.6491 -0.0441 -0.7595
vn -0.6547 -0.0344 -0.7551
vn -0.7418 0.0105 -0.6706
vn -0.7918 -0.0284 -0.6101
vn -0.8177 0.0002 -0.5757
vn -0.8796 -0.0255 -0.4750
vn -0.8808 -0.0277 -0.4727
vn -0.9243 0.0022 -0.3816
vn -0.9579 -0.0355 -0.2847
vn -0.9623 -0.0216 -0.2711
vn -0.9865 0.0022 -0.1640
vn -0.9964 -0.0212 -0.0822
vn -0.9978 -0.0086 -0.0651
vn -0.9977 -0.0092 0.0677
vn -0.9966 -0.0184 0.0798
vn -0.9824 0.0067 0.1864
vn -0.9589 -0.0379 0.2812
vn -0.9583 -0.0358 0.2836
vn -0.9232 0.0024 0.3842
vn -0.8812 -0.0303 0.4718
vn -0.8686 -0.0085 0.4954
vn -0.8059 -0.0130 0.5919
vn -0.8053 -0.0137 0.5927
vn -0.7388 -0.0065 0.6738
vn -0.7443 0.0005 0.6678
vn -0.6500 -0.0272 0.7595
vn -0.6439 -0.0374 0.7642
vn -0.2868 -0.0550 0.9564
vn -0.3655 0.0149 0.9307
vn -0.4775 -0.0540 0.8770
vn -0.4636 -0.0771 0.8827
vn -0.5490 -0.0050 0.8358
vn -0.1472 -0.0927 0.9848
vn -0.2219 0.0088 0.9750
vn -0.0000 -1.0000 -0.0000
vn 0.0001 -1.0000 -0.0000
vn -0.0084 -0.9998 0.0153
vn -0.0024 -1.0000 -0.0009
vn 0.0002 -1.0000 0.0001
vn 0.0020 -1.0000 0.0054
vn -0.0747 0.9875 -0.1387
vn -0.1181 0.9881 -0.0984
vn -0.1537 0.9867 -0.0533
vn -0.1960 0.9805 -0.0142
vn -0.1480 0.9881 0.0414
vn -0.1215 0.9881 0.0942
vn -0.0792 0.9877 0.1347
vn -0.1390 0.1388 -0.9805
vn -0.1464 0.1947 -0.9699
vn -0.1210 0.4276 -0.8958
vn -0.1237 0.5547 -0.8228
vn -0.0940 0.6696 -0.7367
vn -0.0848 0.8310 -0.5498
vn -0.0635 0.8742 -0.4814
vn -0.0352 0.9833 -0.1788
vn -0.0229 0.9903 -0.1368
vn -0.0432 0.9832 0.1773
vn -0.0392 0.9583 0.2829
vn -0.0820 0.8309 0.5504
vn -0.0837 0.8437 0.5303
vn -0.1157 0.5544 0.8241
vn -0.1227 0.5959 0.7936
vn -0.1538 0.1948 0.9687
vn -0.1241 0.3629 0.9235
vn -0.0722 0.9722 0.2229
vn -0.1718 0.8303 0.5302
vn -0.2567 0.5538 0.7921
vn -0.2938 0.3033 0.9065
vn -0.2799 0.1946 0.9401
vn -0.0861 0.9841 0.1550
vn -0.2706 0.8303 0.4873
vn -0.4042 0.5538 0.7280
vn -0.4762 0.1942 0.8576
vn -0.4737 0.1644 0.8652
vn -0.1594 0.9689 0.1891
vn -0.3592 0.8303 0.4262
vn -0.5366 0.5538 0.6367
vn -0.6350 0.1703 0.7535
vn -0.6349 0.1941 0.7478
vn -0.1317 0.9856 0.1059
vn -0.4344 0.8303 0.3492
vn -0.6490 0.5538 0.5217
vn -0.7646 0.1942 0.6146
vn -0.7520 0.3333 0.5687
vn -0.2189 0.9689 0.1150
vn -0.4935 0.8303 0.2592
vn -0.7372 0.5538 0.3872
vn -0.8588 0.2432 0.4510
vn -0.8637 0.1944 0.4650
vn -0.1619 0.9856 0.0483
vn -0.5341 0.8303 0.1595
vn -0.5341 0.8303 0.1594
vn -0.7979 0.5538 0.2382
vn -0.9429 0.1782 0.2815
vn -0.9428 0.1787 0.2814
vn -0.2462 0.9689 0.0239
vn -0.5548 0.8303 0.0538
vn -0.8288 0.5538 0.0804
vn -0.9764 0.1942 0.0947
vn -0.9550 0.2873 0.0740
vn -0.1681 0.9856 -0.0163
vn -0.5548 0.8303 -0.0539
vn -0.8288 0.5538 -0.0805
vn -0.9548 0.2825 -0.0927
vn -0.9780 0.1945 -0.0759
vn -0.1878 0.9806 -0.0561
vn -0.5341 0.8303 -0.1595
vn -0.7978 0.5538 -0.2383
vn -0.9413 0.1868 -0.2811
vn -0.9466 0.1630 -0.2782
vn -0.2189 0.9689 -0.1150
vn -0.4934 0.8303 -0.2592
vn -0.7372 0.5538 -0.3872
vn -0.8684 0.1942 -0.4562
vn -0.8552 0.2400 -0.4594
vn -0.7301 0.1949 -0.6550
vn -0.1317 0.9856 -0.1059
vn -0.4344 0.8303 -0.3492
vn -0.6490 0.5538 -0.5217
vn -0.7413 0.3086 -0.5960
vn -0.7899 0.1948 -0.5814
vn -0.1594 0.9689 -0.1891
vn -0.3592 0.8303 -0.4262
vn -0.5366 0.5538 -0.6367
vn -0.6321 0.1942 -0.7501
vn -0.0820 0.9856 -0.1477
vn -0.2705 0.8303 -0.4873
vn -0.4041 0.5538 -0.7280
vn -0.4791 0.1605 -0.8630
vn -0.4718 0.1941 -0.8601
vn -0.0746 0.9703 -0.2301
vn -0.1718 0.8303 -0.5302
vn -0.2566 0.5538 -0.7921
vn -0.3024 0.1942 -0.9332
vn -0.2625 0.3382 -0.9037
vn -0.0747 -0.9875 0.1387
vn -0.1181 -0.9881 0.0984
vn -0.1465 -0.9881 0.0465
vn -0.1532 -0.9881 -0.0122
vn -0.1373 -0.9881 -0.0691
vn -0.1101 -0.9867 -0.1197
vn -0.0922 -0.9805 -0.1733
vn -0.0366 -0.9853 -0.1668
vn -0.0329 -0.9694 -0.2431
vn -0.0820 -0.8309 -0.5504
vn -0.0810 -0.8234 -0.5616
vn -0.1102 -0.5542 -0.8250
vn -0.1219 -0.6220 -0.7734
vn -0.1538 -0.1948 -0.9687
vn -0.1241 -0.3629 -0.9235
vn -0.1390 -0.1388 0.9805
vn -0.1464 -0.1947 0.9699
vn -0.1210 -0.4276 0.8958
vn -0.1237 -0.5547 0.8228
vn -0.1005 -0.6463 0.7564
vn -0.0904 -0.8311 0.5487
vn -0.0607 -0.8906 0.4507
vn -0.0352 -0.9833 0.1788
vn -0.0369 -0.9821 0.1846
vn -0.0722 -0.9722 -0.2229
vn -0.1718 -0.8303 -0.5302
vn -0.2567 -0.5538 -0.7921
vn -0.2938 -0.3033 -0.9065
vn -0.2799 -0.1946 -0.9401
vn -0.0861 -0.9842 -0.1550
vn -0.2706 -0.8303 -0.4873
vn -0.4042 -0.5538 -0.7280
vn -0.4762 -0.1942 -0.8576
vn -0.4737 -0.1645 -0.8652
vn -0.1263 -0.9806 -0.1499
vn -0.3592 -0.8303 -0.4262
vn -0.5366 -0.5538 -0.6367
vn -0.6350 -0.1703 -0.7535
vn -0.6349 -0.1942 -0.7478
vn -0.1927 -0.9689 -0.1549
vn -0.4344 -0.8303 -0.3492
vn -0.6490 -0.5538 -0.5217
vn -0.7646 -0.1942 -0.6146
vn -0.7519 -0.3333 -0.5687
vn -0.1496 -0.9856 -0.0785
vn -0.4935 -0.8303 -0.2592
vn -0.7372 -0.5538 -0.3871
vn -0.7372 -0.5538 -0.3872
vn -0.8588 -0.2432 -0.4510
vn -0.8637 -0.1944 -0.4650
vn -0.2370 -0.9689 -0.0708
vn -0.5341 -0.8303 -0.1595
vn -0.7979 -0.5538 -0.2382
vn -0.9429 -0.1782 -0.2815
vn -0.9428 -0.1787 -0.2814
vn -0.1681 -0.9856 -0.0163
vn -0.5548 -0.8303 -0.0538
vn -0.8288 -0.5538 -0.0804
vn -0.9764 -0.1942 -0.0947
vn -0.9550 -0.2873 -0.0740
vn -0.2462 -0.9689 0.0239
vn -0.5548 -0.8303 0.0539
vn -0.8288 -0.5538 0.0805
vn -0.9548 -0.2825 0.0927
vn -0.9780 -0.1945 0.0759
vn -0.1619 -0.9856 0.0483
vn -0.5341 -0.8303 0.1595
vn -0.7978 -0.5538 0.2383
vn -0.9413 -0.1868 0.2811
vn -0.9466 -0.1630 0.2782
vn -0.2189 -0.9689 0.1150
vn -0.4934 -0.8303 0.2592
vn -0.7372 -0.5538 0.3872
vn -0.8684 -0.1942 0.4562
vn -0.8552 -0.2400 0.4594
vn -0.7301 -0.1949 0.6550
vn -0.1317 -0.9856 0.1059
vn -0.4344 -0.8303 0.3492
vn -0.6490 -0.5538 0.5217
vn -0.7413 -0.3086 0.5960
vn -0.7899 -0.1948 0.5814
vn -0.1594 -0.9689 0.1891
vn -0.3592 -0.8303 0.4262
vn -0.5366 -0.5538 0.6367
vn -0.6321 -0.1942 0.7501
vn -0.0820 -0.9856 0.1477
vn -0.2705 -0.8303 0.4873
vn -0.4041 -0.5538 0.7280
vn -0.4791 -0.1605 0.8630
vn -0.4718 -0.1941 0.8601
vn -0.0746 -0.9703 0.2301
vn -0.1718 -0.8303 0.5302
vn -0.2566 -0.5538 0.7921
vn -0.3023 -0.1942 0.9332
vn -0.2625 -0.3382 0.9037
vn -0.9702 -0.2423 -0.0002
vn -0.3162 -0.9487 0.0013
vn -0.6296 -0.7769 -0.0017
vn -0.7348 -0.6782 0.0003
vn -0.9578 -0.2874 -0.0011
vn -0.6092 -0.7793 0.1470
vn -0.5602 -0.4944 0.6646
vn -0.4496 -0.6635 0.5980
vn -0.5799 -0.6897 0.4336
vn -0.5559 -0.8235 0.1133
vn -0.7994 -0.4355 0.4138
vn -0.7945 -0.4364 0.4223
vn -0.7251 -0.6328 0.2715
vn -0.5229 -0.3671 0.7693
vn -0.4424 -0.3475 0.8267
vn -0.7383 -0.4686 0.4851
vn -0.7727 -0.4583 0.4391
vn -0.9460 -0.3025 0.1163
vn -0.9125 -0.3682 0.1780
vn -0.9628 -0.2692 0.0238
vn -0.2563 -0.9666 -0.0005
vn -0.7344 -0.6787 -0.0001
vn -0.7319 -0.6814 -0.0002
vn -0.9716 -0.2366 -0.0003
vn -0.7261 -0.5802 0.3689
vn -0.7382 -0.6737 0.0349
vn -0.9696 -0.2318 -0.0786
vn -0.9604 -0.2574 -0.1066
vn -0.9367 -0.3275 -0.1240
vn -0.9421 -0.3323 -0.0447
vn -0.2698 -0.9153 -0.2991
vn -0.3805 -0.8895 -0.2530
vn -0.6130 -0.6698 -0.4191
vn -0.4355 -0.6045 -0.6670
vn -0.4264 -0.6038 -0.6735
vn -0.5710 -0.4649 -0.6767
vn -0.4774 -0.3429 -0.8090
vn -0.4794 -0.3446 -0.8071
vn -0.8475 -0.4992 -0.1802
vn -0.6184 -0.6620 -0.4234
vn -0.8390 -0.4287 -0.3351
vn -0.7822 -0.4240 -0.4565
vn -0.7304 -0.4615 -0.5035
vn -0.7461 -0.4828 -0.4586
vn -0.8509 -0.4957 -0.1738
vn -0.4699 -0.7247 0.5040
vn -0.3612 -0.4653 0.8081
vn -0.5664 -0.8203 0.0793
vn -0.1562 -0.9758 0.1531
vn -0.5045 -0.7375 0.4490
vn -0.3308 -0.9046 0.2689
vn -0.2482 -0.8526 0.4598
vn -0.2511 -0.8799 0.4034
vn -0.2537 -0.8782 0.4055
vn -0.2543 -0.8768 0.4081
vn -0.3991 -0.4999 0.7686
vn -0.2742 -0.5660 0.7775
vn -0.2743 -0.5670 0.7767
vn -0.3595 -0.5783 0.7323
vn -0.3625 -0.4965 0.7887
vn -0.4096 -0.6336 0.6564
vn -0.5012 -0.5196 0.6920
vn -0.5023 -0.5103 0.6980
vn -0.3883 -0.7886 0.4767
vn -0.3376 -0.8651 0.3710
vn -0.1018 -0.9948 -0.0013
vn -0.5792 -0.5476 0.6038
vn -0.5763 -0.5599 0.5953
vn -0.3307 -0.9059 0.2645
vn -0.6454 -0.6903 -0.3270
vn -0.6911 -0.4245 0.5850
vn -0.6540 -0.5537 0.5154
vn -0.4121 -0.8707 0.2684
vn -0.5040 -0.7713 0.3887
vn -0.3312 -0.9212 0.2043
vn -0.6680 -0.6115 0.4240
vn -0.7142 -0.5983 0.3631
vn -0.7604 -0.4883 0.4282
vn -0.4783 -0.8537 0.2058
vn -0.3663 -0.9192 0.1444
vn -0.1910 -0.9815 0.0134
vn -0.5151 -0.8397 0.1719
vn -0.7701 -0.5786 0.2686
vn -0.8249 -0.4709 0.3128
vn -0.7652 -0.6097 0.2068
vn -0.8517 -0.5011 0.1533
vn -0.8770 -0.4500 0.1682
vn -0.6581 -0.7442 0.1145
vn -0.5622 -0.8225 0.0859
vn -0.3172 -0.9477 0.0361
vn -0.2074 -0.9782 0.0125
vn -0.8473 -0.5290 0.0471
vn -0.8524 -0.5207 0.0490
vn -0.4766 -0.8788 0.0225
vn -0.1260 -0.9919 -0.0169
vn -0.4795 -0.7603 -0.4381
vn -0.5697 -0.5611 -0.6005
vn -0.1644 -0.9847 -0.0578
vn -0.0963 -0.9954 -0.0000
vn -0.1863 -0.9707 -0.1517
vn -0.1273 -0.9888 -0.0782
vn -0.2487 -0.9667 -0.0610
vn -0.4401 -0.8951 0.0718
vn -0.3769 -0.8653 -0.3306
vn -0.3060 -0.8610 -0.4063
vn -0.2860 -0.8112 -0.5100
vn -0.2508 -0.8635 -0.4375
vn -0.2635 -0.8944 -0.3614
vn -0.4711 -0.7668 -0.4360
vn -0.4781 -0.7330 -0.4839
vn -0.6044 -0.4803 -0.6355
vn -0.5017 -0.6167 -0.6067
vn -0.4743 -0.5104 -0.7173
vn -0.4294 -0.6092 -0.6667
vn -0.3205 -0.6550 -0.6843
vn -0.3261 -0.6414 -0.6944
vn -0.2788 -0.5672 -0.7750
vn -0.2836 -0.5081 -0.8133
vn -0.4664 -0.7080 -0.5303
vn -0.3782 -0.0873 -0.9216
vn -0.2823 -0.3059 -0.9092
vn -0.1173 0.2573 -0.9592
vn -0.1999 -0.1442 -0.9691
vn -0.6925 -0.7209 -0.0272
vn -0.8446 -0.5323 -0.0575
vn -0.1673 -0.9859 -0.0017
vn -0.4456 -0.8915 -0.0815
vn -0.3388 -0.9393 -0.0540
vn -0.1843 -0.9823 -0.0327
vn -0.2051 -0.9773 -0.0529
vn -0.1792 -0.9832 -0.0361
vn -0.5511 -0.8338 -0.0322
vn -0.5550 -0.8223 -0.1256
vn -0.5157 -0.8405 -0.1659
vn -0.4842 -0.8349 -0.2617
vn -0.5680 -0.7595 -0.3169
vn -0.3711 -0.8983 -0.2353
vn -0.8981 -0.4368 -0.0506
vn -0.7927 -0.5964 -0.1266
vn -0.8552 -0.4793 -0.1970
vn -0.7855 -0.5861 -0.1985
vn -0.7373 -0.6073 -0.2958
vn -0.8674 -0.3690 -0.3339
vn -0.7119 -0.6108 -0.3465
vn -0.7515 -0.4670 -0.4660
vn -0.7166 -0.5336 -0.4492
vn -0.6562 -0.5338 -0.5333
vn -0.6453 -0.5537 -0.5263
vn -0.3057 0.9521 0.0011
vn -0.9313 0.3641 -0.0009
vn -0.6953 0.7187 0.0007
vn -0.5805 0.8143 -0.0017
vn -0.9602 0.2794 0.0003
vn -0.9623 0.2666 0.0532
vn -0.9497 0.2747 0.1504
vn -0.5556 0.8004 0.2252
vn -0.5844 0.7870 0.1981
vn -0.5714 0.6548 0.4947
vn -0.3923 0.6311 0.6692
vn -0.5710 0.4649 0.6766
vn -0.4774 0.3429 0.8090
vn -0.4794 0.3446 0.8071
vn -0.6497 0.6376 0.4140
vn -0.8297 0.3956 0.3938
vn -0.8350 0.4112 0.3657
vn -0.7570 0.4721 0.4517
vn -0.7534 0.4595 0.4703
vn -0.1979 0.9802 -0.0016
vn -0.4830 0.8756 0.0007
vn -0.6970 0.7171 -0.0017
vn -0.8154 0.5789 0.0009
vn -0.9709 0.2394 -0.0006
vn -0.6454 0.6903 0.3270
vn -0.5602 0.4944 -0.6646
vn -0.1926 0.9635 -0.1858
vn -0.4747 0.6303 -0.6144
vn -0.6659 0.4996 -0.5541
vn -0.5522 0.7408 -0.3824
vn -0.4685 0.8043 -0.3655
vn -0.6196 0.7782 -0.1021
vn -0.7396 0.4839 -0.4678
vn -0.8051 0.5300 -0.2662
vn -0.5230 0.3671 -0.7693
vn -0.4424 0.3476 -0.8267
vn -0.7383 0.4686 -0.4851
vn -0.7727 0.4583 -0.4392
vn -0.9438 0.3007 -0.1371
vn -0.9551 0.2698 -0.1223
vn -0.9777 0.2072 -0.0348
vn -0.1260 0.9919 0.0169
vn -0.4795 0.7603 0.4382
vn -0.5697 0.5611 0.6006
vn -0.1642 0.9847 0.0576
vn -0.0963 0.9954 -0.0000
vn -0.1863 0.9707 0.1516
vn -0.1273 0.9888 0.0782
vn -0.2488 0.9666 0.0610
vn -0.4401 0.8951 -0.0719
vn -0.3769 0.8653 0.3306
vn -0.3059 0.8610 0.4064
vn -0.2859 0.8114 0.5098
vn -0.2509 0.8635 0.4376
vn -0.2636 0.8944 0.3614
vn -0.4711 0.7668 0.4359
vn -0.4781 0.7330 0.4840
vn -0.6044 0.4804 0.6356
vn -0.5016 0.6167 0.6067
vn -0.4742 0.5105 0.7174
vn -0.4293 0.6092 0.6667
vn -0.3204 0.6550 0.6843
vn -0.3260 0.6414 0.6945
vn -0.2788 0.5675 0.7748
vn -0.2835 0.5080 0.8133
vn -0.4664 0.7080 0.5303
vn -0.3781 0.0871 0.9217
vn -0.2823 0.3058 0.9093
vn -0.1176 -0.2560 0.9595
vn -0.1999 0.1442 0.9691
vn -0.7261 0.5802 -0.3690
vn -0.7382 0.6737 -0.0349
vn -0.6925 0.7209 0.0272
vn -0.8446 0.5323 0.0575
vn -0.1673 0.9859 0.0017
vn -0.4455 0.8916 0.0814
vn -0.3388 0.9393 0.0540
vn -0.1843 0.9823 0.0326
vn -0.2051 0.9773 0.0530
vn -0.1792 0.9832 0.0361
vn -0.5511 0.8338 0.0322
vn -0.5550 0.8223 0.1256
vn -0.5157 0.8405 0.1659
vn -0.4842 0.8349 0.2617
vn -0.5681 0.7595 0.3170
vn -0.3710 0.8983 0.2353
vn -0.8981 0.4368 0.0506
vn -0.7927 0.5964 0.1266
vn -0.8553 0.4793 0.1970
vn -0.7855 0.5861 0.1985
vn -0.7373 0.6073 0.2958
vn -0.8674 0.3690 0.3339
vn -0.7119 0.6109 0.3465
vn -0.7515 0.4670 0.4660
vn -0.7166 0.5336 0.4492
vn -0.6562 0.5338 0.5333
vn -0.6453 0.5537 0.5263
vn -0.4698 0.7247 -0.5040
vn -0.3612 0.4653 -0.8081
vn -0.5664 0.8203 -0.0793
vn -0.1562 0.9758 -0.1532
vn -0.5045 0.7375 -0.4490
vn -0.3308 0.9046 -0.2690
vn -0.2482 0.8526 -0.4598
vn -0.2511 0.8799 -0.4034
vn -0.2537 0.8782 -0.4055
vn -0.2543 0.8768 -0.4080
vn -0.3991 0.4999 -0.7686
vn -0.2742 0.5660 -0.7775
vn -0.2743 0.5670 -0.7767
vn -0.3595 0.5783 -0.7323
vn -0.3625 0.4965 -0.7887
vn -0.4096 0.6335 -0.6564
vn -0.5012 0.5196 -0.6920
vn -0.5023 0.5103 -0.6980
vn -0.3883 0.7886 -0.4767
vn -0.3376 0.8651 -0.3710
vn -0.1018 0.9948 0.0013
vn -0.5792 0.5476 -0.6038
vn -0.5763 0.5599 -0.5953
vn -0.3307 0.9059 -0.2645
vn -0.6910 0.4245 -0.5850
vn -0.6540 0.5538 -0.5154
vn -0.4120 0.8707 -0.2685
vn -0.5040 0.7713 -0.3887
vn -0.3313 0.9211 -0.2043
vn -0.6680 0.6115 -0.4240
vn -0.7142 0.5983 -0.3631
vn -0.7604 0.4883 -0.4282
vn -0.4783 0.8537 -0.2058
vn -0.3663 0.9192 -0.1444
vn -0.1910 0.9815 -0.0134
vn -0.5151 0.8397 -0.1719
vn -0.7701 0.5786 -0.2686
vn -0.8249 0.4709 -0.3128
vn -0.7652 0.6097 -0.2067
vn -0.8517 0.5011 -0.1533
vn -0.8770 0.4500 -0.1682
vn -0.6581 0.7442 -0.1144
vn -0.5623 0.8225 -0.0859
vn -0.3172 0.9477 -0.0361
vn -0.2074 0.9782 -0.0125
vn -0.8473 0.5290 -0.0471
vn -0.8524 0.5207 -0.0490
vn -0.4766 0.8788 -0.0225
vn 0.9932 -0.1161 -0.0000
vn 0.9397 -0.3420 -0.0000
vn 0.8355 -0.5495 -0.0000
vn 0.6862 -0.7274 -0.0000
vn 0.5000 -0.8660 -0.0000
vn 0.2868 -0.9580 -0.0000
vn 0.0581 -0.9983 -0.0000
vn -0.1736 -0.9848 -0.0000
vn -0.3961 -0.9182 -0.0000
vn -0.5972 -0.8021 -0.0000
vn -0.7660 -0.6428 -0.0000
vn -0.8936 -0.4488 -0.0000
vn -0.9730 -0.2306 -0.0000
vn -0.9983 -0.0581 -0.0000
vn -0.9983 0.0581 -0.0000
vn -0.9730 0.2306 -0.0000
vn -0.8936 0.4488 -0.0000
vn -0.7660 0.6428 -0.0000
vn -0.5972 0.8021 -0.0000
vn -0.3961 0.9182 -0.0000
vn -0.1736 0.9848 -0.0000
vn 0.0581 0.9983 -0.0000
vn 0.2868 0.9580 -0.0000
vn 0.5000 0.8660 -0.0000
vn 0.6862 0.7274 -0.0000
vn 0.8355 0.5495 -0.0000
vn 0.9397 0.3420 -0.0000
vn 0.9932 0.1161 -0.0000
vn -0.0000 -0.0000 1.0000
vn -0.6870 0.2934 0.6648
vn -0.5799 0.0794 0.8108
vn -0.8442 0.1955 0.4991
vn -0.8580 0.2019 0.4723
vn -0.8239 0.1255 0.5527
vn -0.5562 0.1368 0.8197
vn -0.3631 0.0592 0.9299
vn -0.2227 0.0861 0.9711
vn -0.5621 0.5189 0.6441
vn -0.1457 0.0992 0.9843
vn -0.1565 0.1095 0.9816
vn -0.1398 0.1414 0.9800
vn -0.2216 0.2417 0.9447
vn -0.2148 0.0840 0.9731
vn -0.6089 0.2401 0.7560
vn -0.5830 0.3681 0.7243
vn -0.6000 0.3737 0.7073
vn -0.4945 0.4251 0.7581
vn -0.1962 0.2772 0.9406
vn -0.2339 0.3099 0.9215
vn -0.4768 0.5909 0.6508
vn -0.5230 0.6219 0.5828
vn -0.7286 -0.0435 0.6835
vn -0.5661 -0.0054 0.8243
vn -0.9398 0.0472 0.3384
vn -0.6009 0.0203 0.7991
vn -0.6735 0.0174 0.7390
vn -0.8516 -0.1138 0.5117
vn -0.9208 -0.0676 0.3840
vn -0.8914 -0.0436 0.4511
vn -0.9444 0.0458 0.3255
vn -0.8560 0.1077 0.5057
vn -0.8613 0.1944 0.4695
vn 0.1043 0.4262 0.8986
vn 0.1096 0.4984 0.8600
vn 0.0516 0.3912 0.9189
vn 0.0139 0.5123 0.8587
vn 0.0108 0.5458 0.8379
vn -0.0266 0.3908 0.9201
vn -0.0901 0.4936 0.8650
vn -0.0646 0.4190 0.9057
vn -0.1153 0.4046 0.9072
vn -0.1399 0.4484 0.8828
vn -0.1186 0.3078 0.9440
vn 0.1972 0.7761 0.5990
vn 0.1970 0.7821 0.5912
vn 0.1082 0.7997 0.5906
vn 0.1078 0.8021 0.5873
vn 0.0173 0.8091 0.5874
vn 0.0182 0.8056 0.5922
vn -0.0736 0.8017 0.5932
vn -0.0694 0.7915 0.6072
vn -0.1613 0.7765 0.6092
vn -0.1525 0.7603 0.6314
vn -0.2335 0.7371 0.6342
vn -0.2399 0.7453 0.6221
vn -0.3521 0.7224 0.5952
vn -0.2938 0.6548 0.6964
vn -0.4172 0.6904 0.5910
vn -0.3775 0.6063 0.7000
vn -0.2060 0.3805 0.9015
vn -0.1815 0.3522 0.9182
vn -0.4418 0.7124 0.5452
vn -0.3911 0.8221 0.4136
vn -0.3089 0.8872 0.3427
vn -0.1878 0.8868 0.4223
vn -0.2091 0.9162 0.3419
vn -0.0877 0.9278 0.3627
vn 0.2280 0.9125 0.3397
vn 0.2291 0.8971 0.3777
vn 0.1180 0.9702 0.2117
vn 0.1277 0.9410 0.3134
vn 0.0372 0.9488 0.3137
vn 0.0193 0.9773 0.2108
vn -0.0817 0.9176 0.3890
vn -0.5862 -0.5188 0.6223
vn -0.2739 -0.2553 0.9273
vn -0.4287 -0.0479 0.9022
vn -0.6390 -0.0600 0.7669
vn -0.1576 -0.1745 0.9720
vn -0.1444 -0.0911 0.9853
vn -0.3358 -0.0649 0.9397
vn -0.3793 -0.1465 0.9136
vn -0.5183 -0.4824 0.7061
vn -0.5681 -0.3606 0.7397
vn -0.5549 -0.3478 0.7557
vn -0.6335 -0.2501 0.7322
vn -0.6958 -0.2969 0.6540
vn -0.7151 -0.1812 0.6752
vn -0.7616 -0.2254 0.6076
vn -0.7908 -0.1284 0.5984
vn -0.8494 -0.1706 0.4994
vn 0.4355 0.8310 0.3462
vn 0.3484 0.9090 0.2286
vn 0.3265 0.8893 0.3203
vn 0.7008 0.5852 0.4079
vn 0.6223 0.5484 0.5586
vn 0.7052 0.7058 0.0681
vn 0.6200 0.7113 0.3312
vn 0.6185 0.7258 0.3012
vn 0.5757 0.6119 0.5424
vn 0.5564 0.6019 0.5729
vn 0.5041 0.3664 0.7820
vn 0.2842 0.7480 0.5997
vn 0.2838 0.7436 0.6054
vn 0.3718 0.7037 0.6054
vn 0.3729 0.7092 0.5983
vn 0.2657 0.3136 0.9116
vn 0.2294 0.3993 0.8876
vn 0.1922 0.3567 0.9143
vn 0.1713 0.4353 0.8838
vn 0.1506 0.4027 0.9029
vn 0.4061 0.7140 0.5703
vn 0.5582 0.8129 0.1663
vn 0.4619 0.6567 0.5962
vn 0.4867 0.6776 0.5514
vn 0.2949 0.3831 0.8753
vn 0.3730 0.3136 0.8732
vn 0.3674 0.3102 0.8768
vn 0.4461 0.2375 0.8629
vn -0.1987 -0.2797 0.9393
vn -0.2171 -0.3060 0.9269
vn -0.4310 -0.5236 0.7349
vn -0.5251 -0.6520 0.5469
vn -0.4904 -0.5788 0.6516
vn -0.0131 -0.1669 0.9859
vn 0.0098 -0.1319 0.9912
vn -0.1651 -0.3102 0.9362
vn -0.1758 -0.3330 0.9264
vn -0.1371 -0.3448 0.9286
vn -0.1654 -0.4353 0.8850
vn -0.0939 -0.3446 0.9340
vn -0.0840 -0.4681 0.8797
vn -0.0922 -0.5342 0.8403
vn -0.0265 -0.3916 0.9197
vn 0.0139 -0.5061 0.8624
vn 0.0195 -0.5512 0.8341
vn 0.0517 -0.3929 0.9181
vn -0.3544 -0.5820 0.7319
vn -0.3669 -0.6127 0.7000
vn -0.3118 -0.6449 0.6978
vn -0.3255 -0.7146 0.6192
vn -0.2388 -0.7586 0.6062
vn -0.2365 -0.7362 0.6341
vn -0.1568 -0.7593 0.6316
vn -0.1563 -0.7775 0.6091
vn -0.0720 -0.7913 0.6072
vn -0.0702 -0.8020 0.5932
vn 0.0174 -0.8056 0.5922
vn 0.0185 -0.8091 0.5874
vn 0.1082 -0.8021 0.5873
vn 0.1072 -0.7998 0.5905
vn 0.2310 -0.9057 0.3555
vn 0.1984 -0.7818 0.5911
vn 0.1953 -0.7766 0.5989
vn 0.1201 -0.4880 0.8645
vn 0.1406 -0.5403 0.8296
vn 0.0221 -0.1112 0.9935
vn 0.2226 -0.8961 0.3839
vn 0.1312 -0.9680 0.2142
vn 0.1102 -0.9431 0.3137
vn 0.0193 -0.9494 0.3135
vn 0.0338 -0.9776 0.2079
vn -0.0863 -0.9203 0.3816
vn -0.0861 -0.9216 0.3786
vn -0.1957 -0.9207 0.3376
vn -0.4419 -0.7062 0.5532
vn -0.4463 -0.7187 0.5332
vn -0.3839 -0.8124 0.4389
vn -0.3091 -0.9028 0.2991
vn -0.2014 -0.8961 0.3956
vn 0.5871 0.1149 0.8013
vn 0.6796 0.2208 0.6996
vn 0.7141 0.3586 0.6012
vn 0.7725 0.5118 0.3758
vn 0.7623 0.5766 0.2941
vn 0.7447 0.6652 0.0535
vn 0.2923 -0.3792 0.8779
vn 0.6690 -0.7357 0.1058
vn 0.3717 -0.3090 0.8754
vn 0.3730 -0.3135 0.8732
vn 0.1300 -0.3490 0.9281
vn 0.2353 -0.4396 0.8668
vn 0.1769 -0.3529 0.9188
vn 0.2823 -0.3552 0.8912
vn 0.6384 -0.7317 0.2388
vn 0.5454 -0.7985 0.2550
vn 0.4836 -0.7527 0.4468
vn 0.4505 -0.8605 0.2380
vn 0.3396 -0.7814 0.5236
vn 0.3353 -0.8759 0.3470
vn 0.1095 -0.2120 0.9711
vn 0.4047 -0.2585 0.8771
vn 0.3785 -0.1282 0.9167
vn 0.5113 -0.3718 0.7748
vn 0.7020 -0.5798 0.4136
vn 0.5204 -0.4962 0.6950
vn 0.5305 -0.5764 0.6216
vn 0.4664 -0.6382 0.6125
vn 0.4701 -0.6513 0.5956
vn 0.3729 -0.7092 0.5983
vn 0.3719 -0.7037 0.6054
vn 0.2838 -0.7436 0.6053
vn 0.2842 -0.7480 0.5997
vn 0.8786 0.1897 0.4382
vn 0.8378 0.5363 0.1019
vn 0.8417 0.5299 0.1038
vn 0.8437 0.5362 0.0270
vn 0.8068 0.0521 0.5885
vn 0.7872 -0.1309 0.6027
vn 0.8916 0.2167 0.3976
vn 0.9823 0.0693 0.1739
vn 0.9780 0.1960 0.0710
vn 0.9866 0.1632 -0.0006
vn 0.9747 0.2237 -0.0003
vn 0.9051 0.4253 -0.0003
vn 0.8678 0.4969 0.0001
vn 0.5120 -0.0428 0.8579
vn 0.7056 -0.3040 0.6401
vn 0.6504 -0.2627 0.7127
vn 0.7822 -0.5706 0.2501
vn 0.7364 -0.5328 0.4169
vn 0.7361 -0.6750 0.0511
vn 0.8626 -0.2020 0.4638
vn 0.8225 -0.1450 0.5499
vn 0.8295 -0.5572 0.0380
vn 0.8200 -0.5667 0.0803
vn 0.8297 -0.4867 0.2732
vn 0.8696 -0.1592 0.4674
vn 0.8353 -0.1110 0.5385
vn 0.9731 -0.1207 0.1962
vn 0.9686 -0.0976 0.2289
vn 0.9924 -0.1229 -0.0010
vn 0.9458 -0.3135 -0.0851
vn 0.2873 0.1022 -0.9524
vn 0.5356 0.6095 -0.5844
vn 0.6797 0.0682 -0.7303
vn 0.5544 0.0262 -0.8319
vn 0.9130 0.0163 -0.4077
vn 0.9130 -0.0120 -0.4077
vn 0.5078 0.1704 -0.8444
vn 0.9223 0.0139 -0.3862
vn 0.9958 0.0094 -0.0908
vn 0.9959 0.0080 -0.0903
vn 0.7697 0.2015 -0.6057
vn 0.7442 0.3376 -0.5764
vn 0.9829 -0.1540 -0.1007
vn 0.9738 -0.1367 -0.1818
vn 0.9195 -0.0692 -0.3869
vn 0.9117 -0.0703 -0.4049
vn 0.1095 -0.9059 -0.4091
vn 0.9990 -0.0375 -0.0241
vn 0.8849 -0.4593 -0.0779
vn 0.7304 -0.2120 -0.6493
vn 0.6875 -0.3910 -0.6120
vn 0.7985 -0.3652 -0.4787
vn 0.7938 -0.4939 -0.3550
vn 0.7638 -0.5319 -0.3655
vn 0.9279 -0.0142 -0.3726
vn 0.6311 -0.0228 -0.7754
vn 0.8120 -0.0843 -0.5775
vn 0.7667 -0.0998 -0.6342
vn 0.7531 -0.2086 -0.6239
vn 0.9693 -0.0825 -0.2317
vn 0.9876 0.1189 -0.1027
vn 0.9679 0.2079 -0.1413
vn 0.9892 0.1442 -0.0273
vn 0.9233 0.3801 -0.0558
vn 0.7924 0.5620 -0.2374
vn 0.9258 0.3007 -0.2289
vn 0.7334 0.3450 -0.5857
vn 0.9921 0.0730 -0.1022
vn 0.9713 0.0949 -0.2181
vn 0.7218 0.2344 -0.6512
vn 0.7490 0.1000 -0.6550
vn 0.9260 0.0779 -0.3695
vn 0.9889 0.0060 -0.1482
vn 0.9879 0.0061 -0.1552
vn 0.9983 -0.0024 -0.0581
vn 0.9958 -0.0192 -0.0895
vn 0.8778 -0.2409 -0.4141
vn 0.5579 -0.0307 -0.8293
vn 0.5557 0.0260 -0.8310
vn 0.9934 -0.1144 -0.0001
vn 0.9921 -0.1253 -0.0001
vn 0.8943 -0.4474 0.0002
vn 0.8751 -0.4840 -0.0001
vn -0.8491 0.3735 0.3735
vn -0.8491 0.1367 0.5102
vn -0.8491 0.3735 -0.3735
vn -0.8491 0.5102 -0.1367
vn -0.8491 0.5102 0.1367
vn -0.8491 -0.3735 -0.3735
vn -0.8491 -0.1367 -0.5102
vn -0.8491 0.1367 -0.5102
vn -0.8491 -0.3735 0.3735
vn -0.8491 -0.5102 0.1367
vn -0.8491 -0.5102 -0.1367
vn -0.8491 -0.1367 0.5102
vn 0.0557 -0.9786 -0.1981
vn -0.2059 -0.9739 0.0953
vn 0.1655 -0.6939 0.7008
vn -0.0660 0.0004 0.9978
vn -0.0823 0.0011 0.9966
vn 0.1919 0.9675 0.1646
vn 0.1199 0.9686 0.2176
vn -0.9693 -0.0832 -0.2313
vn 0.0180 -0.5067 -0.8619
vn -0.0201 0.5091 -0.8604
vn -0.0000 0.5076 -0.8616
vn -0.0000 0.2588 0.9659
vn -0.0000 0.7071 0.7071
vn -0.0000 0.9659 0.2588
vn -0.0000 0.9659 -0.2588
vn -0.0000 0.7071 -0.7071
vn -0.0000 0.2588 -0.9659
vn -0.0000 -0.2588 -0.9659
vn -0.0000 -0.7071 -0.7071
vn -0.0000 -0.9659 -0.2588
vn -0.0000 -0.9659 0.2588
vn -0.0000 -0.7071 0.7071
vn -0.0000 -0.2588 0.9659
vn -1.0000 -0.0001 -0.0000
vn -0.9971 -0.0098 0.0756
vn -1.0000 0.0003 -0.0001
vn -1.0000 -0.0000 -0.0001
vn -1.0000 -0.0013 -0.0005
vn -0.0000 -0.0171 0.9999
vn -0.0032 0.0071 1.0000
vn -0.0000 0.0249 0.9997
vn 0.0279 0.0312 0.9991
vn 0.0046 0.0003 1.0000
vn 0.0229 -0.0121 0.9997
vn -0.0034 -0.0171 0.9998
vn -0.0000 -0.0249 -0.9997
vn 0.0202 -0.0294 -0.9994
vn -0.0068 0.0117 -0.9999
vn 0.0329 0.0059 -0.9994
vn -0.0120 0.0365 -0.9993
vn 0.0037 -0.0707 0.9975
vn -0.0000 -0.0720 0.9974
vn -0.0000 -0.1463 0.9892
vn 0.0170 -0.1579 0.9873
vn -0.0051 -0.2472 0.9689
vn 0.0336 -0.2976 0.9541
vn -0.0044 -0.3399 0.9404
vn -1.0000 0.0003 -0.0002
vn -0.0019 -0.3445 -0.9388
vn 0.0258 -0.3234 -0.9459
vn -0.0066 -0.2191 -0.9757
vn 0.0277 -0.1727 -0.9846
vn 0.0001 -0.0729 -0.9973
vn -0.0004 -0.0731 -0.9973
vn -0.0059 -0.1445 -0.9895
vn -1.0000 0.0001 -0.0000
vn 0.0113 0.0701 -0.9975
vn -0.0000 0.0748 -0.9972
vn -0.0000 0.1463 -0.9892
vn 0.0170 0.1579 -0.9873
vn -0.0051 0.2472 -0.9690
vn 0.0338 0.2978 -0.9540
vn -0.0043 0.3400 -0.9404
vn -1.0000 -0.0002 -0.0000
vn -1.0000 -0.0001 0.0001
vn -1.0000 0.0004 -0.0000
vn -0.0018 0.3443 0.9388
vn 0.0257 0.3233 0.9460
vn -0.0066 0.2191 0.9757
vn 0.0277 0.1727 0.9846
vn 0.0001 0.0729 0.9973
vn -0.0004 0.0731 0.9973
vn -0.0059 0.1445 0.9895
vn 0.0048 0.8979 0.4401
vn -0.0165 0.8894 0.4569
vn 0.0008 0.7841 0.6206
vn 0.0306 0.7637 0.6448
vn -0.0125 0.6334 0.7737
vn -0.0047 0.6259 0.7799
vn 0.0205 0.4841 0.8748
vn -0.0017 0.4663 0.8846
vn -0.0000 0.9990 0.0437
vn 0.0285 0.9990 0.0331
vn -0.0063 0.9942 0.1072
vn 0.0296 0.9894 0.1421
vn -0.0000 0.9859 0.1675
vn -0.0000 0.9630 0.2694
vn 0.0008 0.9629 0.2699
vn -0.0000 0.9833 -0.1819
vn -0.0000 0.9517 -0.3071
vn -0.0065 0.9502 -0.3115
vn 0.0215 0.9955 -0.0923
vn -0.0000 0.9965 -0.0831
vn -0.0049 0.9997 -0.0237
vn -0.0000 0.9998 -0.0198
vn 0.0012 0.4535 -0.8913
vn 0.0196 0.4668 -0.8842
vn -0.0053 0.6001 -0.7999
vn -0.0000 0.6075 -0.7943
vn -0.0000 0.7170 -0.6970
vn 0.0189 0.7323 -0.6807
vn -0.0018 0.8389 -0.5442
vn -0.0342 0.8610 -0.5074
vn 0.0059 0.8960 -0.4441
vn 0.0048 -0.8979 -0.4401
vn -0.0165 -0.8894 -0.4569
vn 0.0008 -0.7841 -0.6207
vn 0.0309 -0.7635 -0.6451
vn -0.0126 -0.6340 -0.7732
vn -0.0049 -0.6264 -0.7795
vn 0.0211 -0.4853 -0.8741
vn -0.0019 -0.4669 -0.8843
vn -0.0000 -0.9990 -0.0437
vn 0.0285 -0.9990 -0.0331
vn -0.0063 -0.9942 -0.1072
vn 0.0296 -0.9894 -0.1421
vn -0.0000 -0.9859 -0.1675
vn -0.0000 -0.9630 -0.2694
vn 0.0008 -0.9629 -0.2699
vn -0.0000 -0.9833 0.1819
vn -0.0000 -0.9522 0.3056
vn -0.0109 -0.9496 0.3133
vn 0.0215 -0.9955 0.0923
vn -0.0000 -0.9965 0.0831
vn -0.0049 -0.9997 0.0237
vn -0.0000 -0.9998 0.0198
vn 0.0017 -0.4520 0.8920
vn 0.0094 -0.4577 0.8891
vn -0.0033 -0.6096 0.7927
vn 0.0326 -0.6399 0.7678
vn -0.0212 -0.7496 0.6616
vn 0.0321 -0.8235 0.5664
vn -0.0238 -0.8670 0.4978
vn 0.0114 -0.9068 0.4214
vn 1.0000 -0.0000 0.0001
vn 1.0000 -0.0001 -0.0005
vn 1.0000 -0.0000 -0.0002
vn 1.0000 -0.0001 0.0001
vn 1.0000 0.0001 -0.0002
vn -0.0128 0.2588 0.9658
vn -0.0000 0.3135 0.9496
vn -0.0120 0.2992 -0.9541
vn 0.0129 -0.2588 -0.9658
vn -0.0000 -0.2207 -0.9753
vn 0.0157 -0.2051 0.9786
vn 0.0180 0.2588 0.9658
vn -0.0000 0.2077 0.9782
vn 0.0117 0.2188 -0.9757
vn -0.0102 -0.2588 -0.9659
vn -0.0000 -0.2997 -0.9540
vn -0.0160 -0.3126 0.9497
vn 0.0129 0.2588 0.9658
vn -0.0000 0.2207 0.9753
vn 0.0157 0.2051 -0.9786
vn -0.0128 -0.2588 -0.9658
vn -0.0000 -0.3135 -0.9496
vn -0.0120 -0.2991 0.9541
vn -0.0102 0.2588 0.9659
vn -0.0000 0.2997 0.9540
vn -0.0160 0.3126 -0.9497
vn 0.0180 -0.2588 -0.9658
vn -0.0000 -0.2076 -0.9782
vn 0.0117 -0.2188 0.9757
vn -0.9999 0.0023 0.0115
vn -1.0000 0.0012 0.0006
vn -1.0000 -0.0002 -0.0004
vn -1.0000 -0.0002 0.0012
vn -1.0000 -0.0000 0.0001
vn -1.0000 -0.0001 0.0009
vn -1.0000 0.0001 0.0006
vn -1.0000 -0.0000 0.0002
vn -1.0000 0.0001 -0.0002
vn -1.0000 -0.0000 -0.0003
vn -1.0000 0.0003 -0.0013
vn -1.0000 0.0004 -0.0012
vn -1.0000 0.0001 0.0003
vn -1.0000 -0.0017 0.0008
vn -1.0000 -0.0019 0.0012
vn 0.2883 0.9574 0.0124
vn 0.1359 0.9905 0.0207
vn 0.1312 0.9913 0.0129
vn 0.1781 0.9840 -0.0042
vn 0.2293 0.9733 -0.0021
vn 0.2723 0.9609 0.0497
vn 0.4173 0.9088 -0.0050
vn 0.4365 0.8994 0.0229
vn 0.5847 0.8111 -0.0163
vn 0.6477 0.7585 0.0716
vn 0.6953 0.7172 -0.0462
vn 0.8253 0.5616 0.0591
vn 0.8022 0.5970 0.0054
vn 0.8813 0.4722 -0.0193
vn 0.9230 0.3767 0.0790
vn 0.9999 0.0019 0.0117
vn 1.0000 0.0024 0.0045
vn 1.0000 0.0072 -0.0065
vn 0.9998 0.0143 0.0114
vn 0.9999 0.0149 0.0057
vn 0.9990 0.0437 -0.0004
vn 0.9990 0.0450 -0.0083
vn 0.9954 0.0957 0.0045
vn 0.9948 0.1011 -0.0126
vn 0.9895 0.1446 0.0085
vn 0.9874 0.1573 -0.0148
vn 0.9739 0.2257 0.0248
vn 0.9728 0.2310 0.0147
vn 0.9337 0.3547 -0.0490
vn 0.9241 0.3775 0.0599
vn 0.9756 -0.2090 -0.0677
vn 0.9916 -0.1198 0.0482
vn 0.9904 -0.1382 0.0034
vn 0.9742 -0.2172 0.0614
vn 0.9961 -0.0885 -0.0019
vn 0.9960 -0.0889 0.0119
vn 0.9981 -0.0602 -0.0116
vn 0.9977 -0.0389 0.0550
vn 0.9983 -0.0327 -0.0483
vn 0.9999 -0.0128 0.0077
vn 0.9988 -0.0088 0.0473
vn 0.9997 -0.0026 -0.0251
vn 0.9455 -0.3235 -0.0367
vn 0.9437 -0.3283 0.0406
vn 0.8805 -0.4684 -0.0732
vn 0.4966 -0.8667 0.0480
vn 0.5685 -0.8204 -0.0606
vn 0.8742 -0.4757 0.0979
vn 0.7984 -0.6015 -0.0260
vn 0.7379 -0.6723 0.0594
vn 0.6838 -0.7293 -0.0220
vn 0.5720 -0.8198 0.0281
vn 0.1420 -0.9885 0.0517
vn 0.1493 -0.9886 -0.0207
vn 0.3066 -0.9516 0.0211
vn 0.3078 -0.9500 0.0516
vn 0.3708 -0.9285 -0.0204
vn 0.4321 -0.9017 -0.0182
vn -0.2793 -0.9599 -0.0255
vn -0.0808 -0.9962 0.0311
vn 0.0162 -0.9990 -0.0414
vn -0.3885 -0.9208 0.0348
vn -0.5874 -0.8080 -0.0452
vn -0.7769 -0.6270 0.0578
vn -0.8949 -0.4420 -0.0619
vn -0.9717 -0.2288 0.0586
vn -0.9961 -0.0777 -0.0424
vn -0.9998 0.0186 0.0093
vn -0.9740 0.2210 -0.0491
vn -0.9743 0.2215 0.0403
vn -0.9974 0.0699 -0.0201
vn -0.8421 0.5393 0.0077
vn -0.8420 0.5394 0.0091
vn -0.0321 0.9982 -0.0516
vn -0.4400 0.8980 0.0006
vn -0.4687 0.8818 -0.0527
vn -0.1316 0.9896 0.0573
vn -0.0406 -0.6253 -0.7793
vn -0.0552 -0.6301 -0.7745
vn -0.0175 -0.4793 -0.8775
vn -0.0284 -0.5258 -0.8501
vn -0.0252 -0.5334 -0.8455
vn -0.0204 -0.5955 -0.8031
vn -0.0232 -0.4158 -0.9092
vn -0.0193 -0.4246 -0.9052
vn -0.0195 -0.3548 -0.9347
vn -0.0266 -0.3360 -0.9415
vn -0.0105 -0.2700 -0.9628
vn -0.0217 -0.2109 -0.9773
vn -0.0156 -0.1971 -0.9803
vn -0.0097 -0.1511 -0.9885
vn -0.0212 -0.1074 -0.9940
vn -0.0111 -0.1221 -0.9925
vn -0.0181 -0.0699 -0.9974
vn -0.0123 -0.0621 -0.9980
vn -0.0502 -0.4227 -0.9049
vn -0.1597 -0.6032 -0.7814
vn -0.1578 -0.6876 -0.7087
vn -0.1123 -0.7191 -0.6858
vn -0.1214 -0.7176 -0.6858
vn -0.1273 -0.7150 -0.6874
vn -0.0602 -0.6083 -0.7914
vn -0.0530 -0.6301 -0.7747
vn -0.0557 -0.6628 -0.7468
vn -0.0504 -0.4223 -0.9051
vn -0.0565 -0.5073 -0.8599
vn -0.0501 -0.5255 -0.8493
vn -0.0763 -0.7066 -0.7035
vn -0.1505 -0.4202 -0.8949
vn -0.1506 -0.4202 -0.8949
vn -0.1576 -0.5092 -0.8461
vn -0.1651 -0.5027 -0.8486
vn -0.1492 -0.6125 -0.7762
vn -0.0145 -0.0336 -0.9993
vn -0.0157 -0.0323 -0.9994
vn -0.0131 -0.0095 -0.9999
vn -0.0123 -0.0090 -0.9999
vn -0.0123 0.0095 -0.9999
vn -0.0131 0.0089 -0.9999
vn -0.0122 0.0218 -0.9997
vn -0.0152 0.0323 -0.9994
vn -0.0109 0.0375 -0.9992
vn -0.1439 -0.1958 -0.9700
vn -0.1247 -0.1508 -0.9807
vn -0.1294 -0.1544 -0.9795
vn -0.1260 -0.0986 -0.9871
vn -0.1636 -0.1119 -0.9802
vn -0.1097 -0.0731 -0.9913
vn -0.0980 -0.0686 -0.9928
vn -0.1380 -0.2747 -0.9516
vn -0.1383 -0.1924 -0.9715
vn -0.1593 -0.2595 -0.9525
vn -0.1224 -0.3367 -0.9336
vn -0.1449 -0.3536 -0.9241
vn -0.0409 -0.0708 -0.9967
vn -0.0420 -0.0698 -0.9967
vn -0.0426 -0.1147 -0.9925
vn -0.0394 -0.1232 -0.9916
vn -0.0471 -0.1514 -0.9874
vn -0.0419 -0.2024 -0.9784
vn -0.0390 -0.2093 -0.9771
vn -0.0502 -0.2518 -0.9665
vn -0.0469 -0.3382 -0.9399
vn -0.0478 -0.3367 -0.9404
vn -0.0179 0.0699 -0.9974
vn -0.0179 0.1202 -0.9926
vn -0.0082 0.0849 -0.9964
vn -0.0178 0.1940 -0.9808
vn -0.0076 0.1626 -0.9867
vn -0.0180 0.2584 -0.9659
vn -0.0127 0.2294 -0.9733
vn -0.0172 0.3412 -0.9398
vn -0.0332 0.3665 -0.9298
vn -0.0131 0.3071 -0.9516
vn -0.1002 0.0288 -0.9946
vn -0.1137 0.0324 -0.9930
vn -0.1198 0.0135 -0.9927
vn -0.1075 0.0095 -0.9942
vn -0.1225 -0.0002 -0.9925
vn -0.1064 -0.0090 -0.9943
vn -0.1214 -0.0145 -0.9925
vn -0.1104 -0.0313 -0.9934
vn -0.1297 -0.0367 -0.9909
vn -0.0396 0.0323 -0.9987
vn -0.0395 0.0322 -0.9987
vn -0.0397 0.0099 -0.9992
vn -0.0391 0.0095 -0.9992
vn -0.0397 -0.0090 -0.9992
vn -0.0389 -0.0095 -0.9992
vn -0.0400 -0.0317 -0.9987
vn -0.0393 -0.0322 -0.9987
vn -0.1344 0.2374 -0.9621
vn -0.1484 0.3407 -0.9284
vn -0.1271 0.3301 -0.9353
vn -0.1634 0.2522 -0.9538
vn -0.1186 0.2057 -0.9714
vn -0.1244 0.1545 -0.9801
vn -0.1506 0.1330 -0.9796
vn -0.1213 0.1139 -0.9861
vn -0.1123 0.0800 -0.9905
vn -0.1009 0.0703 -0.9924
vn -0.1256 0.0580 -0.9904
vn -0.0489 0.3418 -0.9385
vn -0.0484 0.3409 -0.9389
vn -0.0461 0.2612 -0.9642
vn -0.0452 0.2581 -0.9650
vn -0.0451 0.2067 -0.9774
vn -0.0404 0.1934 -0.9803
vn -0.0470 0.1565 -0.9866
vn -0.0387 0.1171 -0.9924
vn -0.0409 0.1205 -0.9919
vn -0.0409 0.0703 -0.9967
vn -0.0404 0.0698 -0.9967
vn -0.0178 0.3979 -0.9173
vn -0.0203 0.4159 -0.9092
vn -0.0189 0.4232 -0.9058
vn -0.0203 0.5849 -0.8108
vn -0.0211 0.5214 -0.8531
vn -0.0289 0.4923 -0.8699
vn -0.0205 0.4743 -0.8801
vn -0.0483 0.6251 -0.7790
vn -0.0492 0.4889 -0.8709
vn -0.1592 0.6196 -0.7686
vn -0.0846 0.7131 -0.6960
vn -0.0715 0.6972 -0.7133
vn -0.1133 0.7183 -0.6865
vn -0.1631 0.6649 -0.7289
vn -0.1451 0.7001 -0.6992
vn -0.1236 0.7155 -0.6876
vn -0.0501 0.4155 -0.9082
vn -0.0620 0.6830 -0.7278
vn -0.0569 0.6647 -0.7449
vn -0.0518 0.6252 -0.7787
vn -0.1460 0.6052 -0.7826
vn -0.0605 0.6057 -0.7934
vn -0.0528 0.4240 -0.9041
vn -0.1536 0.4205 -0.8942
vn -0.1513 0.4189 -0.8953
vn -0.0564 0.5040 -0.8619
vn -0.1564 0.5004 -0.8516
vn -0.1747 0.5141 -0.8398
vn 0.0155 0.4581 0.8887
vn 0.0240 0.4274 0.9037
vn 0.0182 0.5420 0.8402
vn 0.0269 0.5101 0.8597
vn 0.0280 0.5976 0.8013
vn 0.0489 0.6270 0.7774
vn 0.0194 0.0724 0.9972
vn 0.0086 0.0851 0.9963
vn 0.0197 0.2465 0.9689
vn 0.0096 0.2170 0.9761
vn 0.0179 0.1540 0.9879
vn 0.0147 0.1485 0.9888
vn 0.0142 0.3139 0.9493
vn 0.0237 0.3412 0.9397
vn 0.0153 0.3808 0.9245
vn 0.1245 0.7470 0.6530
vn 0.0879 0.7451 0.6611
vn 0.1724 0.7025 0.6904
vn 0.1414 0.7384 0.6594
vn 0.1240 0.7471 0.6530
vn 0.1957 0.5849 0.7871
vn 0.1800 0.4436 0.8780
vn 0.1527 0.4230 0.8932
vn 0.1415 0.5146 0.8457
vn 0.1535 0.6288 0.7622
vn 0.0560 0.6330 0.7721
vn 0.0566 0.6900 0.7216
vn 0.0508 0.4270 0.9028
vn 0.0513 0.4283 0.9022
vn 0.0539 0.5046 0.8617
vn 0.0595 0.5178 0.8535
vn 0.0540 0.6284 0.7760
vn 0.0128 0.0323 0.9994
vn 0.0060 0.0270 0.9996
vn 0.0168 0.0095 0.9998
vn 0.0074 -0.0058 1.0000
vn 0.0123 -0.0095 0.9999
vn 0.0148 -0.0323 0.9994
vn 0.0102 -0.0368 0.9993
vn 0.1568 0.2758 0.9483
vn 0.1382 0.2562 0.9567
vn 0.1373 0.2067 0.9687
vn 0.1608 0.1814 0.9702
vn 0.1247 0.1566 0.9798
vn 0.1167 0.1158 0.9864
vn 0.1511 0.0841 0.9849
vn 0.1263 0.3546 0.9265
vn 0.1500 0.3396 0.9285
vn 0.1080 0.0694 0.9917
vn 0.0408 0.0727 0.9965
vn 0.0382 0.0707 0.9968
vn 0.0467 0.1174 0.9920
vn 0.0383 0.1528 0.9875
vn 0.0413 0.1582 0.9865
vn 0.0492 0.2059 0.9773
vn 0.0426 0.2476 0.9679
vn 0.0468 0.2609 0.9642
vn 0.0489 0.3409 0.9388
vn 0.0491 0.3413 0.9387
vn 0.0169 -0.2133 0.9768
vn 0.0245 -0.3369 0.9412
vn 0.0124 -0.3133 0.9496
vn 0.0069 -0.1611 0.9869
vn 0.0228 -0.2230 0.9745
vn 0.0187 -0.1222 0.9923
vn 0.0180 -0.0699 0.9974
vn 0.0088 -0.0846 0.9964
vn 0.1015 0.0099 0.9948
vn 0.1162 -0.0089 0.9932
vn 0.1439 -0.0032 0.9896
vn 0.1341 0.0310 0.9905
vn 0.1252 0.0330 0.9916
vn 0.1107 -0.0317 0.9933
vn 0.1519 -0.0418 0.9875
vn 0.0399 -0.0322 0.9987
vn 0.0407 -0.0316 0.9987
vn 0.0395 -0.0095 0.9992
vn 0.0403 -0.0091 0.9991
vn 0.0396 0.0095 0.9992
vn 0.0406 0.0101 0.9991
vn 0.0399 0.0322 0.9987
vn 0.0401 0.0324 0.9987
vn 0.1376 -0.1099 0.9844
vn 0.1579 -0.1183 0.9803
vn 0.1252 -0.1500 0.9807
vn 0.1307 -0.1992 0.9712
vn 0.1591 -0.2224 0.9619
vn 0.1397 -0.2508 0.9579
vn 0.1533 -0.3235 0.9337
vn 0.0931 -0.0692 0.9933
vn 0.1337 -0.3379 0.9316
vn 0.0481 -0.3374 0.9401
vn 0.0483 -0.3372 0.9402
vn 0.0506 -0.2556 0.9655
vn 0.0386 -0.2112 0.9767
vn 0.0432 -0.2001 0.9788
vn 0.0469 -0.1518 0.9873
vn 0.0387 -0.1234 0.9916
vn 0.0421 -0.1142 0.9926
vn 0.0409 -0.0698 0.9967
vn 0.0414 -0.0694 0.9967
vn 0.0588 -0.6353 0.7700
vn 0.0177 -0.5905 0.8068
vn 0.0246 -0.4932 0.8696
vn 0.0175 -0.5076 0.8614
vn 0.0234 -0.4274 0.9038
vn 0.0152 -0.4088 0.9125
vn 0.1581 -0.6303 0.7601
vn 0.1652 -0.6231 0.7645
vn 0.1969 -0.6775 0.7087
vn 0.1562 -0.7326 0.6625
vn 0.1218 -0.7426 0.6586
vn 0.1235 -0.7425 0.6584
vn 0.0569 -0.7132 0.6986
vn 0.0884 -0.7477 0.6581
vn 0.1491 -0.5138 0.8448
vn 0.1770 -0.5356 0.8257
vn 0.1635 -0.4202 0.8926
vn 0.1589 -0.4175 0.8947
vn 0.1191 -0.7418 0.6600
vn 0.1148 -0.6407 0.7591
vn 0.0515 -0.4238 0.9043
vn 0.0503 -0.4270 0.9029
vn 0.0534 -0.5030 0.8627
vn 0.0605 -0.5196 0.8522
vn 0.0564 -0.6245 0.7790
vn 0.0493 -0.6355 0.7705
vn 0.9758 0.2169 -0.0286
vn 0.9984 0.0564 0.0024
vn 0.9942 0.1071 0.0087
vn 0.8187 0.5741 -0.0123
vn 0.5684 0.8227 0.0106
vn 0.2998 0.9540 -0.0021
vn 0.8726 0.4885 0.0045
vn 0.4627 0.8865 -0.0018
vn 0.1746 0.9846 -0.0115
vn 0.0310 0.9995 0.0044
vn -0.1229 0.9924 -0.0006
vn -0.0239 0.9997 0.0031
vn -0.0134 0.9999 0.0002
vn -0.0555 0.9985 -0.0024
vn -0.0853 0.9964 -0.0001
vn 0.1816 0.9834 -0.0024
vn 0.2471 0.9690 0.0009
vn 0.4964 0.8681 -0.0015
vn 0.4814 0.8765 -0.0002
vn 0.8134 0.5817 -0.0011
vn 0.7706 0.6373 0.0057
vn 0.9170 0.3988 -0.0032
vn 0.9661 0.2583 0.0036
vn 0.9977 0.0678 -0.0077
vn 0.9946 0.1036 0.0024
vn 0.8989 -0.4382 -0.0026
vn 0.9965 -0.0837 -0.0037
vn 0.9958 -0.0919 -0.0017
vn 0.8828 -0.4697 0.0023
vn 0.5449 -0.8385 -0.0024
vn 0.4870 -0.8734 0.0028
vn 0.2192 -0.9757 -0.0020
vn 0.0786 -0.9969 0.0047
vn -0.0197 -0.9998 -0.0021
vn -0.1307 -0.9914 0.0003
vn -0.0221 -0.9998 0.0002
vn -0.0198 -0.9998 0.0003
vn 0.0330 -0.9995 0.0008
vn 0.2456 -0.9694 -0.0009
vn 0.1816 -0.9834 0.0024
vn 0.4965 -0.8681 0.0015
vn 0.4916 -0.8708 0.0011
vn 0.8169 -0.5767 -0.0009
vn 0.7874 -0.6164 -0.0055
vn 0.9269 -0.3753 0.0045
vn 0.9660 -0.2587 -0.0022
vn 0.9962 -0.0871 0.0047
vn 0.9987 -0.0511 -0.0000
vn 1.0000 0.0024 -0.0005
vn 1.0000 -0.0003 -0.0003
vn 1.0000 0.0005 -0.0005
vn 1.0000 0.0006 -0.0005
vn 1.0000 -0.0012 0.0004
vn 1.0000 -0.0001 -0.0000
vn 1.0000 0.0001 0.0001
vn 1.0000 0.0012 0.0012
vn 1.0000 0.0001 -0.0001
vn 1.0000 -0.0001 -0.0002
vn 1.0000 -0.0028 0.0005
vn 1.0000 0.0004 0.0004
vn 1.0000 -0.0004 0.0005
vn 1.0000 -0.0005 0.0004
vn 1.0000 -0.0009 -0.0009
vn 1.0000 0.0014 -0.0004
vn -0.2507 -0.9681 0.0008
vn -0.4303 -0.9027 0.0006
vn -0.3025 -0.9531 -0.0006
vn -0.4135 -0.9105 -0.0000
vn -0.5482 -0.8363 -0.0000
vn -0.5715 -0.8206 0.0007
vn -0.8101 -0.5863 0.0004
vn -0.6648 -0.7470 -0.0007
vn -0.7316 -0.6817 0.0007
vn -0.8388 -0.5444 -0.0017
vn -0.9043 -0.4268 -0.0001
vn -0.8932 -0.4497 -0.0007
vn -0.9553 -0.2957 0.0017
vn -0.9169 -0.3992 -0.0038
vn -0.9490 -0.3151 -0.0003
vn -0.9808 -0.1950 0.0023
vn -0.9754 -0.2206 0.0002
vn -0.9898 -0.1421 -0.0016
vn -0.9989 -0.0476 -0.0003
vn -0.9988 -0.0481 -0.0002
vn -0.9959 -0.0904 -0.0001
vn -0.9958 -0.0916 -0.0000
vn -0.9903 -0.1386 0.0002
vn -0.9994 -0.0332 -0.0000
vn -0.9999 -0.0116 -0.0001
vn -1.0000 -0.0024 0.0003
vn -1.0000 -0.0064 -0.0000
vn -0.9999 -0.0141 -0.0006
vn -0.1372 -0.9905 0.0003
vn -0.1660 -0.9861 -0.0009
vn -0.2641 0.9645 -0.0007
vn -0.9738 0.2273 0.0027
vn -0.4598 0.8880 -0.0012
vn -0.3778 0.9259 0.0001
vn -0.3070 0.9517 0.0004
vn -0.6775 0.7355 -0.0008
vn -0.7118 0.7024 0.0009
vn -0.4146 0.9100 0.0008
vn -0.5369 0.8436 -0.0004
vn -0.5642 0.8256 0.0003
vn -0.8945 0.4471 0.0041
vn -0.8252 0.5648 -0.0026
vn -0.8351 0.5500 0.0003
vn -0.9565 0.2919 -0.0011
vn -0.9000 0.4360 0.0005
vn -0.9467 0.3222 -0.0003
vn -0.9833 0.1820 0.0002
vn -0.9862 0.1653 -0.0002
vn -0.9954 0.0959 0.0007
vn -0.9986 0.0522 -0.0008
vn -0.9991 0.0434 0.0001
vn -0.9943 0.1069 -0.0002
vn -1.0000 0.0024 -0.0001
vn -1.0000 0.0022 -0.0001
vn -0.9999 0.0108 0.0002
vn -0.9999 0.0171 -0.0003
vn -0.9996 0.0284 0.0001
vn -0.1749 0.9846 0.0009
vn -0.1712 0.9852 0.0007
vn 0.0028 -1.0000 -0.0012
vn 0.0015 -1.0000 0.0011
vn 0.0055 -0.9999 -0.0100
vn -0.0001 -1.0000 -0.0000
vn 0.0006 -1.0000 -0.0004
vn 0.0030 1.0000 -0.0041
vn -0.0000 1.0000 0.0001
vn 0.0004 1.0000 0.0011
vn 0.0022 1.0000 -0.0020
vn -0.0002 1.0000 -0.0004
vn 0.2830 -0.9591 0.0090
vn 0.3035 -0.9528 -0.0021
vn 0.4684 -0.8835 0.0008
vn 0.7524 -0.6587 -0.0006
vn 0.8154 -0.5789 0.0008
vn 0.9718 -0.2357 -0.0001
vn 0.9695 -0.2451 0.0001
vn 0.5732 -0.4895 -0.6572
vn 0.4346 -0.6653 -0.6070
vn 0.3995 -0.7947 -0.4570
vn 0.6032 -0.7858 -0.1370
vn 0.9761 -0.1412 -0.1652
vn 0.8968 -0.3136 -0.3122
vn 0.6432 -0.6946 -0.3222
vn 0.8061 -0.5318 -0.2597
vn 0.5206 -0.3686 -0.7701
vn 0.4888 -0.3609 -0.7942
vn 0.7383 -0.4674 -0.4862
vn 0.7855 -0.4531 -0.4216
vn 0.9800 -0.1911 -0.0550
vn 0.7261 -0.5802 -0.3690
vn 0.7388 -0.6726 -0.0413
vn 0.0747 -0.9875 -0.1387
vn 0.1181 -0.9881 -0.0984
vn 0.1465 -0.9881 -0.0465
vn 0.1532 -0.9881 0.0122
vn 0.1373 -0.9881 0.0691
vn 0.1101 -0.9867 0.1197
vn 0.0922 -0.9805 0.1733
vn 0.0423 -0.9835 0.1759
vn 0.0387 -0.9594 0.2796
vn 0.0820 -0.8309 0.5504
vn 0.0810 -0.8234 0.5616
vn 0.1102 -0.5542 0.8250
vn 0.1219 -0.6220 0.7734
vn 0.1538 -0.1948 0.9687
vn 0.1241 -0.3629 0.9235
vn 0.1391 -0.1378 -0.9806
vn 0.1467 -0.1947 -0.9698
vn 0.1210 -0.4337 -0.8929
vn 0.1236 -0.5547 -0.8228
vn 0.1005 -0.6463 -0.7564
vn 0.0904 -0.8311 -0.5487
vn 0.0607 -0.8906 -0.4507
vn 0.0352 -0.9833 -0.1788
vn 0.0314 -0.9856 -0.1659
vn 0.0722 -0.9722 0.2229
vn 0.1718 -0.8303 0.5302
vn 0.2567 -0.5538 0.7921
vn 0.2938 -0.3033 0.9065
vn 0.2799 -0.1946 0.9401
vn 0.0861 -0.9842 0.1550
vn 0.2706 -0.8303 0.4873
vn 0.4042 -0.5538 0.7280
vn 0.4762 -0.1942 0.8576
vn 0.4737 -0.1641 0.8653
vn 0.1263 -0.9806 0.1499
vn 0.3592 -0.8303 0.4262
vn 0.5366 -0.5538 0.6367
vn 0.6350 -0.1703 0.7535
vn 0.6349 -0.1941 0.7478
vn 0.1927 -0.9689 0.1549
vn 0.4344 -0.8303 0.3492
vn 0.6490 -0.5538 0.5217
vn 0.7646 -0.1942 0.6146
vn 0.7520 -0.3332 0.5688
vn 0.1496 -0.9856 0.0786
vn 0.4935 -0.8303 0.2591
vn 0.4935 -0.8303 0.2592
vn 0.7372 -0.5538 0.3871
vn 0.7372 -0.5538 0.3872
vn 0.8588 -0.2432 0.4510
vn 0.8637 -0.1944 0.4649
vn 0.2370 -0.9689 0.0708
vn 0.5341 -0.8303 0.1595
vn 0.7979 -0.5538 0.2382
vn 0.9428 -0.1784 0.2815
vn 0.9428 -0.1787 0.2814
vn 0.1681 -0.9856 0.0163
vn 0.5548 -0.8303 0.0538
vn 0.8288 -0.5538 0.0804
vn 0.9764 -0.1942 0.0947
vn 0.9550 -0.2872 0.0741
vn 0.2462 -0.9689 -0.0239
vn 0.5548 -0.8303 -0.0539
vn 0.8288 -0.5538 -0.0805
vn 0.9550 -0.2818 -0.0927
vn 0.9779 -0.1945 -0.0767
vn 0.1619 -0.9856 -0.0483
vn 0.5341 -0.8303 -0.1595
vn 0.7978 -0.5538 -0.2383
vn 0.9418 -0.1841 -0.2813
vn 0.9446 -0.1717 -0.2798
vn 0.2189 -0.9689 -0.1150
vn 0.4934 -0.8303 -0.2592
vn 0.7372 -0.5538 -0.3872
vn 0.8684 -0.1942 -0.4562
vn 0.8543 -0.2428 -0.4596
vn 0.7301 -0.1949 -0.6550
vn 0.1317 -0.9856 -0.1059
vn 0.4344 -0.8303 -0.3492
vn 0.6490 -0.5538 -0.5217
vn 0.7413 -0.3086 -0.5960
vn 0.7899 -0.1948 -0.5814
vn 0.1594 -0.9689 -0.1891
vn 0.3592 -0.8303 -0.4262
vn 0.5366 -0.5538 -0.6367
vn 0.6321 -0.1942 -0.7501
vn 0.0820 -0.9856 -0.1477
vn 0.2705 -0.8303 -0.4873
vn 0.4041 -0.5538 -0.7280
vn 0.4791 -0.1605 -0.8630
vn 0.4718 -0.1941 -0.8601
vn 0.0746 -0.9703 -0.2301
vn 0.1718 -0.8303 -0.5302
vn 0.2566 -0.5538 -0.7921
vn 0.3024 -0.1942 -0.9332
vn 0.2626 -0.3380 -0.9038
vn 0.7753 -0.6317 -0.0004
vn 0.6933 -0.7207 0.0012
vn 0.5412 -0.8409 -0.0014
vn 0.2408 -0.9706 0.0018
vn 0.9573 -0.2890 -0.0001
vn 0.9695 -0.2452 0.0005
vn 0.7321 -0.6811 -0.0105
vn 0.6453 -0.6903 0.3272
vn 0.9767 -0.2026 0.0710
vn 0.9332 -0.3545 0.0596
vn 0.5252 -0.8203 0.2266
vn 0.4340 -0.8526 0.2910
vn 0.6130 -0.6698 0.4191
vn 0.4356 -0.6045 0.6670
vn 0.4264 -0.6038 0.6735
vn 0.5710 -0.4649 0.6767
vn 0.4774 -0.3429 0.8090
vn 0.4794 -0.3446 0.8071
vn 0.8840 -0.4512 0.1218
vn 0.5327 -0.6996 0.4762
vn 0.8398 -0.4280 0.3339
vn 0.8263 -0.3864 0.4098
vn 0.7305 -0.4615 0.5035
vn 0.7461 -0.4828 0.4584
vn 0.8503 -0.4958 0.1763
vn 0.7577 0.6526 -0.0002
vn 0.9730 0.2309 -0.0000
vn 0.9717 0.2362 0.0001
vn 0.7331 0.6801 -0.0008
vn 0.5066 0.8622 0.0020
vn 0.2628 0.9648 -0.0024
vn 0.9731 0.2196 -0.0694
vn 0.9620 0.2520 -0.1052
vn 0.9367 0.3275 -0.1240
vn 0.9421 0.3323 -0.0445
vn 0.5043 0.8288 -0.2424
vn 0.4321 0.8534 -0.2914
vn 0.6045 0.6673 -0.4350
vn 0.4255 0.6035 -0.6743
vn 0.4271 0.6037 -0.6731
vn 0.5688 0.4636 -0.6794
vn 0.4697 0.3365 -0.8162
vn 0.4794 0.3446 -0.8071
vn 0.8794 0.4583 -0.1285
vn 0.6182 0.6622 -0.4235
vn 0.8390 0.4287 -0.3351
vn 0.7822 0.4240 -0.4565
vn 0.7305 0.4614 -0.5035
vn 0.7461 0.4828 -0.4584
vn 0.8506 0.4958 -0.1752
vn 0.9717 0.2364 -0.0003
vn 0.2373 0.9714 -0.0000
vn 0.2630 0.9648 0.0005
vn 0.6682 0.7439 -0.0010
vn 0.7365 0.6765 0.0003
vn 0.9578 0.2876 -0.0013
vn 0.6538 0.7440 0.1377
vn 0.2418 0.9550 0.1719
vn 0.5666 0.4648 0.6804
vn 0.4173 0.6552 0.6298
vn 0.6294 0.5300 0.5683
vn 0.5555 0.7531 0.3525
vn 0.5935 0.7184 0.3629
vn 0.5280 0.8450 0.0849
vn 0.7273 0.5059 0.4638
vn 0.5310 0.3678 0.7634
vn 0.4767 0.3552 0.8041
vn 0.7383 0.4674 0.4862
vn 0.7855 0.4531 0.4216
vn 0.9492 0.2929 0.1149
vn 0.9042 0.3793 0.1963
vn 0.9628 0.2692 0.0238
vn 0.6453 0.6903 -0.3272
vn 0.7261 0.5802 0.3690
vn 0.7388 0.6726 0.0413
vn 0.0435 0.8825 0.4684
vn 0.1327 0.1375 0.9816
vn 0.1214 0.3555 -0.9268
vn 0.0717 0.8116 -0.5798
vn 0.1069 0.4275 0.8977
vn 0.2576 0.9498 0.1774
vn 0.1479 0.2586 0.9546
vn 0.2506 0.2582 0.9330
vn 0.3763 0.2582 0.8898
vn 0.4949 0.2582 0.8297
vn 0.6041 0.2582 0.7539
vn 0.7019 0.2582 0.6638
vn 0.7864 0.2583 0.5612
vn 0.7864 0.2582 0.5612
vn 0.8560 0.2583 0.4479
vn 0.9094 0.2583 0.3261
vn 0.9455 0.2582 0.1982
vn 0.9455 0.2583 0.1982
vn 0.9638 0.2583 0.0665
vn 0.9638 0.2582 0.0665
vn 0.9638 0.2583 -0.0665
vn 0.9638 0.2582 -0.0665
vn 0.9455 0.2583 -0.1982
vn 0.9455 0.2582 -0.1982
vn 0.9094 0.2582 -0.3261
vn 0.8560 0.2582 -0.4479
vn 0.7864 0.2582 -0.5612
vn 0.7019 0.2583 -0.6638
vn 0.7019 0.2582 -0.6638
vn 0.6041 0.2582 -0.7539
vn 0.4949 0.2582 -0.8297
vn 0.3763 0.2582 -0.8898
vn 0.2505 0.2582 -0.9330
vn 0.2506 0.2582 -0.9330
vn 0.1501 0.2587 -0.9542
vn 0.2172 0.6713 0.7086
vn 0.0862 0.7207 0.6878
vn 0.0938 0.7065 0.7015
vn 0.1836 0.7063 0.6837
vn 0.2757 0.7063 0.6520
vn 0.3627 0.7063 0.6080
vn 0.4427 0.7063 0.5525
vn 0.5144 0.7063 0.4864
vn 0.5763 0.7063 0.4112
vn 0.6273 0.7063 0.3282
vn 0.6664 0.7063 0.2390
vn 0.6929 0.7063 0.1452
vn 0.7063 0.7063 0.0487
vn 0.7063 0.7063 -0.0487
vn 0.6929 0.7063 -0.1452
vn 0.6664 0.7063 -0.2390
vn 0.6273 0.7063 -0.3282
vn 0.5763 0.7063 -0.4112
vn 0.5144 0.7063 -0.4864
vn 0.4427 0.7063 -0.5525
vn 0.3626 0.7063 -0.6080
vn 0.3627 0.7063 -0.6080
vn 0.2757 0.7063 -0.6520
vn 0.1836 0.7063 -0.6837
vn 0.1100 0.7069 -0.6988
vn 0.0995 0.6163 -0.7812
vn 0.0486 0.9602 -0.2752
vn 0.0546 0.9703 -0.2359
vn 0.0698 0.9631 -0.2599
vn 0.1149 0.9555 -0.2717
vn 0.1178 0.9732 -0.1975
vn 0.1182 0.9729 -0.1987
vn 0.1760 0.9596 -0.2197
vn 0.1778 0.9696 -0.1682
vn 0.1634 0.9761 -0.1431
vn 0.2301 0.9592 -0.1642
vn 0.2625 0.9551 -0.1374
vn 0.2086 0.9751 -0.0748
vn 0.2151 0.9734 -0.0792
vn 0.2755 0.9596 -0.0578
vn 0.2442 0.9696 -0.0168
vn 0.2171 0.9761 -0.0067
vn 0.2820 0.9592 0.0195
vn 0.2900 0.9551 0.0608
vn 0.2086 0.9751 0.0748
vn 0.2164 0.9734 0.0756
vn 0.2494 0.9596 0.1305
vn 0.1992 0.9696 0.1422
vn 0.1897 0.9720 0.1389
vn 0.2045 0.9596 0.1934
vn 0.1530 0.9696 0.1910
vn 0.1448 0.9720 0.1853
vn 0.1442 0.9596 0.2418
vn 0.0953 0.9696 0.2254
vn 0.0889 0.9720 0.2177
vn 0.0730 0.9596 0.2719
vn 0.0304 0.9696 0.2428
vn 0.0356 0.9664 0.2545
vn 1.0000 0.0002 -0.0001
vn 0.9008 -0.4274 0.0770
vn 0.9569 -0.2754 0.0916
vn 0.7628 -0.6243 0.1688
vn 0.7626 -0.6245 0.1688
vn 0.7911 -0.5780 0.2001
vn 0.9950 -0.0948 0.0305
vn 0.9946 -0.0986 0.0328
vn 0.9555 -0.2811 0.0890
vn 0.9458 -0.3072 0.1057
vn 0.7865 -0.5843 0.2000
vn 0.4698 -0.7247 -0.5040
vn 0.3613 -0.4654 -0.8080
vn 0.5672 -0.8210 -0.0655
vn 0.1148 -0.9920 -0.0516
vn 0.5045 -0.7376 -0.4488
vn 0.3304 -0.9045 -0.2698
vn 0.2481 -0.8526 -0.4599
vn 0.2510 -0.8798 -0.4036
vn 0.2540 -0.8778 -0.4061
vn 0.2545 -0.8768 -0.4080
vn 0.3990 -0.4999 -0.7687
vn 0.2743 -0.5660 -0.7775
vn 0.2744 -0.5669 -0.7767
vn 0.3599 -0.5785 -0.7320
vn 0.3630 -0.4941 -0.7900
vn 0.4098 -0.6350 -0.6549
vn 0.5021 -0.5192 -0.6916
vn 0.5034 -0.5087 -0.6984
vn 0.3886 -0.7890 -0.4760
vn 0.3381 -0.8649 -0.3710
vn 0.3886 -0.8008 -0.4558
vn 0.1090 -0.9940 -0.0005
vn 0.5795 -0.5476 -0.6036
vn 0.5765 -0.5600 -0.5950
vn 0.3313 -0.9055 -0.2650
vn -0.0006 -0.9661 -0.2582
vn -0.0001 -0.9662 -0.2576
vn 0.0002 -0.9659 -0.2588
vn -0.7018 0.1140 -0.7032
vn -0.4724 0.2409 -0.8478
vn -0.8987 0.1307 -0.4187
vn -0.0005 0.2296 -0.9733
vn -0.0007 0.2324 -0.9726
vn 0.8606 0.1202 -0.4950
vn 0.8644 0.1156 -0.4893
vn 0.5119 0.2172 -0.8311
vn 0.4538 0.1978 -0.8689
vn 0.1419 -0.0341 0.9893
vn 0.2882 -0.0331 0.9570
vn 0.2582 0.0086 0.9661
vn 0.4782 -0.0403 0.8773
vn 0.4879 -0.0587 0.8709
vn 0.3591 0.0210 0.9330
vn 0.5755 -0.0084 0.8177
vn 0.6491 -0.0440 0.7595
vn 0.6546 -0.0345 0.7552
vn 0.7417 0.0104 0.6707
vn 0.7918 -0.0282 0.6101
vn 0.8169 -0.0003 0.5768
vn 0.8791 -0.0247 0.4760
vn 0.8808 -0.0278 0.4727
vn 0.9241 0.0021 0.3821
vn 0.9579 -0.0353 0.2848
vn 0.9619 -0.0225 0.2723
vn 0.9863 0.0025 0.1650
vn 0.9964 -0.0212 0.0822
vn 0.9978 -0.0086 0.0651
vn 0.9977 -0.0091 -0.0669
vn 0.9965 -0.0202 -0.0814
vn 0.9818 0.0064 -0.1897
vn 0.9564 -0.0415 -0.2891
vn 0.9585 -0.0350 -0.2829
vn 0.9236 0.0021 -0.3833
vn 0.8811 -0.0299 -0.4719
vn 0.8693 -0.0093 -0.4942
vn 0.8065 -0.0123 -0.5912
vn 0.8053 -0.0137 -0.5927
vn 0.7389 -0.0065 -0.6738
vn 0.7443 0.0005 -0.6678
vn 0.6503 -0.0272 -0.7592
vn 0.6439 -0.0378 -0.7642
vn 0.2868 -0.0550 -0.9564
vn 0.3658 0.0147 -0.9306
vn 0.4775 -0.0540 -0.8770
vn 0.4645 -0.0757 -0.8823
vn 0.5500 -0.0050 -0.8351
vn 0.1472 -0.0926 -0.9848
vn 0.2221 0.0090 -0.9750
vn 0.4786 -0.7613 0.4375
vn 0.5695 -0.5611 0.6007
vn 0.1084 -0.9941 -0.0059
vn 0.3009 -0.8856 0.3538
vn 0.1856 -0.9710 0.1507
vn 0.1277 -0.9887 0.0788
vn 0.3768 -0.8653 0.3306
vn 0.3058 -0.8608 0.4070
vn 0.2858 -0.8112 0.5103
vn 0.2510 -0.8632 0.4381
vn 0.2664 -0.8999 0.3453
vn 0.4628 -0.7981 0.3858
vn 0.4786 -0.7327 0.4839
vn 0.6049 -0.4785 0.6365
vn 0.5006 -0.6181 0.6061
vn 0.4737 -0.5095 0.7183
vn 0.4285 -0.6093 0.6672
vn 0.3200 -0.6551 0.6845
vn 0.3256 -0.6415 0.6946
vn 0.2787 -0.5676 0.7747
vn 0.2835 -0.5077 0.8136
vn 0.4666 -0.7071 0.5312
vn 0.3777 -0.0874 0.9218
vn 0.2821 -0.3060 0.9093
vn 0.1175 0.2558 0.9596
vn 0.1999 -0.1441 0.9692
vn 0.7809 -0.5918 -0.2000
vn 1.0000 -0.0069 -0.0009
vn 0.7832 -0.5975 -0.1718
vn 0.6709 -0.7230 -0.1650
vn 0.9952 -0.0930 -0.0313
vn 0.9931 -0.1121 -0.0337
vn 0.9513 -0.2936 -0.0939
vn 0.9550 -0.2817 -0.0923
vn 0.8024 -0.5686 -0.1814
vn 1.0000 0.0002 0.0001
vn 1.0000 -0.0002 0.0003
vn 1.0000 -0.0000 -0.0003
vn 1.0000 0.0007 -0.0001
vn 1.0000 -0.0000 0.0002
vn 1.0000 -0.0001 -0.0004
vn 1.0000 -0.0004 -0.0000
vn 1.0000 0.0001 -0.0003
vn 0.1259 0.9919 -0.0168
vn 0.4786 0.7613 -0.4375
vn 0.5688 0.5630 -0.5995
vn 0.1637 0.9848 -0.0571
vn 0.0964 0.9953 -0.0002
vn 0.1857 0.9710 -0.1508
vn 0.1276 0.9887 -0.0787
vn 0.3768 0.8653 -0.3306
vn 0.3058 0.8608 -0.4069
vn 0.2859 0.8110 -0.5105
vn 0.2510 0.8632 -0.4380
vn 0.2663 0.8999 -0.3453
vn 0.4628 0.7982 -0.3857
vn 0.4786 0.7327 -0.4839
vn 0.6072 0.4729 -0.6384
vn 0.5027 0.6144 -0.6081
vn 0.4743 0.5079 -0.7191
vn 0.4262 0.6133 -0.6651
vn 0.3206 0.6514 -0.6877
vn 0.3251 0.6406 -0.6956
vn 0.2787 0.5673 -0.7749
vn 0.2835 0.5077 -0.8135
vn 0.4667 0.7072 -0.5311
vn 0.3772 0.0897 -0.9218
vn 0.2815 0.3067 -0.9092
vn 0.1123 -0.2732 -0.9554
vn 0.1996 0.1440 -0.9692
vn 0.6709 0.7230 0.1650
vn 0.7833 0.5975 0.1718
vn 0.9999 0.0152 0.0062
vn 0.9953 0.0921 0.0285
vn 0.9945 0.0997 0.0329
vn 0.9520 0.2914 0.0938
vn 0.9484 0.3013 0.0991
vn 0.8027 0.5680 0.1816
vn 0.7819 0.5906 0.1995
vn 1.0000 0.0025 0.0006
vn 1.0000 -0.0003 -0.0000
vn 0.9925 0.1179 -0.0327
vn 0.9971 0.0748 -0.0130
vn 0.9461 0.3114 -0.0884
vn 0.7627 0.6243 -0.1688
vn 0.7626 0.6245 -0.1688
vn 0.9008 0.4274 -0.0770
vn 0.9999 0.0098 -0.0045
vn 0.9933 0.1099 -0.0352
vn 0.9496 0.2973 -0.0994
vn 0.9524 0.2885 -0.0982
vn 0.7848 0.5865 -0.2000
vn 0.7911 0.5780 -0.2001
vn 0.4698 0.7247 0.5040
vn 0.3685 0.4783 0.7972
vn 0.5672 0.8210 0.0655
vn 0.1148 0.9920 0.0516
vn 0.5045 0.7376 0.4488
vn 0.3304 0.9045 0.2698
vn 0.2481 0.8526 0.4599
vn 0.2510 0.8799 0.4035
vn 0.2540 0.8778 0.4061
vn 0.2545 0.8768 0.4080
vn 0.4161 0.5244 0.7429
vn 0.2743 0.5657 0.7776
vn 0.2749 0.5705 0.7739
vn 0.3598 0.5792 0.7315
vn 0.3633 0.4823 0.7971
vn 0.4078 0.6375 0.6537
vn 0.2475 0.1754 0.9529
vn 0.2267 0.2050 0.9521
vn 0.5025 0.5155 0.6941
vn 0.5033 0.5091 0.6983
vn 0.3886 0.7890 0.4759
vn 0.3381 0.8649 0.3710
vn 0.3885 0.8007 0.4560
vn 0.1090 0.9940 0.0005
vn 0.5787 0.5516 0.6007
vn 0.5770 0.5586 0.5958
vn 0.3313 0.9055 0.2650
vn 0.1303 0.0134 -0.9914
vn 0.2593 0.0099 -0.9657
vn 0.2597 0.0104 -0.9656
vn 0.5120 0.0302 -0.8584
vn 0.4842 0.0010 -0.8749
vn 0.3893 0.0302 -0.9206
vn 0.3619 -0.0013 -0.9322
vn 0.5764 0.0071 -0.8172
vn 0.6251 0.0295 -0.7800
vn 0.6528 0.0021 -0.7575
vn 0.7431 0.0294 -0.6685
vn 0.7265 0.0032 -0.6871
vn 0.8139 0.0152 -0.5808
vn 0.8174 0.0099 -0.5759
vn 0.8790 0.0111 -0.4768
vn 0.8858 0.0210 -0.4635
vn 0.9251 0.0019 -0.3797
vn 0.9411 0.0226 -0.3375
vn 0.9620 -0.0027 -0.2729
vn 0.9856 0.0379 -0.1648
vn 0.9787 0.0022 -0.2051
vn 0.9976 0.0117 -0.0688
vn 0.9979 0.0086 -0.0647
vn 0.9977 0.0092 0.0669
vn 0.9976 0.0107 0.0688
vn 0.9820 0.0054 0.1887
vn 0.9786 0.0165 0.2051
vn 0.9574 0.0034 0.2887
vn 0.9411 0.0227 0.3375
vn 0.9247 0.0016 0.3807
vn 0.8858 0.0224 0.4635
vn 0.8690 -0.0002 0.4948
vn 0.8069 0.0254 0.5901
vn 0.8139 0.0150 0.5808
vn 0.7390 0.0067 0.6736
vn 0.7264 0.0222 0.6870
vn 0.6489 0.0009 0.7609
vn 0.6251 0.0283 0.7801
vn 0.2591 0.0433 0.9649
vn 0.3895 0.0007 0.9210
vn 0.3700 0.0387 0.9282
vn 0.5122 -0.0077 0.8588
vn 0.4635 0.0799 0.8825
vn 0.5506 0.0052 0.8348
vn 0.1602 0.0133 0.9870
vn 0.2018 -0.0281 0.9790
vn 0.9486 -0.2687 0.1669
vn 0.9494 -0.2665 0.1664
vn 0.9450 -0.2299 0.2328
vn 0.9451 -0.2295 0.2327
vn 0.9379 -0.1928 0.2884
vn 0.7415 -0.6057 0.2886
vn 0.7826 -0.5287 0.3287
vn 0.7855 -0.5245 0.3284
vn 0.7386 -0.5272 0.4202
vn 0.7669 -0.4522 0.4555
vn 0.7687 -0.4496 0.4549
vn 0.7206 -0.4317 0.5425
vn 0.7422 -0.3642 0.5626
vn 0.7275 -0.3820 0.5699
vn 0.7074 -0.3141 0.6332
vn 1.0000 -0.0042 0.0060
vn 1.0000 -0.0044 0.0064
vn 0.9926 -0.0702 0.0992
vn 0.9945 -0.0896 0.0551
vn 0.9953 -0.0806 0.0534
vn 0.9924 -0.0868 0.0877
vn 0.9955 -0.0500 0.0800
vn 0.9448 -0.1726 0.2785
vn 0.9179 -0.1766 0.3553
vn 0.7062 -0.3151 0.6340
vn 0.2968 -0.9396 0.1703
vn 0.0263 -0.9816 0.1890
vn 0.0314 -0.9798 0.1973
vn 0.1370 -0.9719 0.1913
vn 0.1085 -0.9685 0.2240
vn 0.4541 -0.8496 0.2682
vn 0.4203 -0.8834 0.2073
vn 0.0333 -0.9658 0.2571
vn 0.0328 -0.9660 0.2566
vn 0.1379 -0.9572 0.2543
vn 0.1382 -0.9572 0.2545
vn 0.3808 -0.8936 0.2376
vn 0.0335 -0.9412 0.3361
vn 0.0330 -0.9415 0.3355
vn 0.1390 -0.9328 0.3324
vn 0.1391 -0.9328 0.3325
vn 0.4111 -0.8586 0.3061
vn 0.4038 -0.8629 0.3039
vn 0.6917 -0.4223 -0.5858
vn 0.6541 -0.5537 -0.5152
vn 0.4336 -0.8534 -0.2892
vn 0.5246 -0.7501 -0.4027
vn 0.1199 -0.9928 0.0007
vn 0.6675 -0.6131 -0.4226
vn 0.7149 -0.5978 -0.3626
vn 0.7613 -0.4872 -0.4280
vn 0.5071 -0.8317 -0.2262
vn 0.3668 -0.9190 -0.1446
vn 0.8572 -0.0537 -0.5122
vn 0.1911 -0.9815 -0.0134
vn 0.5151 -0.8398 -0.1716
vn 0.7700 -0.5790 -0.2680
vn 0.8307 -0.4574 -0.3172
vn 0.7688 -0.6038 -0.2106
vn 0.8527 -0.4991 -0.1541
vn 0.8747 -0.4550 -0.1668
vn 0.6578 -0.7445 -0.1138
vn 0.5626 -0.8223 -0.0856
vn 0.3174 -0.9476 -0.0359
vn 0.2075 -0.9782 -0.0124
vn 0.8473 -0.5290 -0.0476
vn 0.8496 -0.5252 -0.0484
vn 0.4774 -0.8784 -0.0223
vn 0.9999 -0.0096 -0.0073
vn 0.9995 -0.0293 -0.0082
vn 0.9998 -0.0186 -0.0022
vn 0.4773 -0.1577 0.8645
vn 0.7912 -0.2726 0.5474
vn 0.8892 -0.1182 0.4420
vn 0.0003 -0.3419 0.9397
vn -0.0001 -0.3533 0.9355
vn -0.8907 -0.1113 0.4407
vn -0.3311 -0.2485 0.9103
vn -0.7007 -0.2514 0.6677
vn -0.6554 -0.3036 0.6916
vn -0.9995 -0.0312 -0.0097
vn -0.9996 -0.0265 -0.0069
vn -0.9997 -0.0232 -0.0068
vn -0.6598 -0.7063 -0.2565
vn -0.9719 -0.2197 -0.0850
vn -0.7351 -0.6399 -0.2238
vn -0.7047 -0.6826 -0.1934
vn -0.3338 -0.9221 -0.1956
vn -0.3486 -0.9076 -0.2339
vn -0.8758 -0.4747 -0.0870
vn -0.8033 -0.5850 -0.1115
vn -0.9402 -0.3319 -0.0766
vn -0.7628 -0.4886 -0.4236
vn -0.7337 -0.5194 -0.4381
vn -0.1846 -0.9539 -0.2368
vn -0.1017 -0.9431 -0.3164
vn -0.4380 -0.3948 -0.8077
vn -0.4230 -0.4128 -0.8066
vn -0.0043 -0.2997 -0.9540
vn -0.0040 -0.3746 -0.9272
vn -0.0073 -0.6873 -0.7263
vn -0.0136 0.2864 -0.9580
vn -0.0083 -0.7100 -0.7041
vn 0.7910 -0.2241 -0.5693
vn 0.2075 -0.8682 -0.4508
vn 0.3319 -0.3345 -0.8820
vn 0.3653 -0.4359 -0.8226
vn 0.7122 -0.4496 -0.5391
vn 0.6986 -0.5244 -0.4869
vn 0.8011 -0.5892 -0.1056
vn 0.5706 -0.8036 -0.1694
vn 0.9580 -0.2792 -0.0651
vn 0.6158 -0.7638 -0.1934
vn 0.5600 -0.8043 -0.1987
vn 0.9752 -0.2068 -0.0794
vn 0.5808 -0.7684 -0.2688
vn 0.5946 -0.7584 -0.2669
vn 0.6913 -0.7220 0.0274
vn 0.8446 -0.5323 0.0577
vn 0.1673 -0.9859 0.0017
vn 0.4461 -0.8912 0.0819
vn 0.3392 -0.9392 0.0543
vn 0.1842 -0.9823 0.0327
vn 0.2204 -0.9730 0.0682
vn 0.7225 -0.5184 0.4574
vn 0.5511 -0.8338 0.0322
vn 0.5553 -0.8220 0.1261
vn 0.5156 -0.8406 0.1662
vn 0.4842 -0.8347 0.2622
vn 0.5673 -0.7600 0.3171
vn 0.3715 -0.8979 0.2360
vn 0.8991 -0.4349 0.0507
vn 0.7913 -0.5981 0.1270
vn 0.8556 -0.4783 0.1979
vn 0.7852 -0.5862 0.1994
vn 0.7371 -0.6074 0.2963
vn 0.8679 -0.3670 0.3347
vn 0.7106 -0.6124 0.3465
vn 0.7516 -0.4656 0.4672
vn 0.7165 -0.5328 0.4503
vn 0.6560 -0.5338 0.5336
vn 0.6452 -0.5535 0.5267
vn 0.9952 -0.0837 -0.0515
vn 0.9952 -0.0832 -0.0509
vn 0.9931 -0.0638 -0.0989
vn 0.9952 -0.0579 -0.0789
vn 0.9924 -0.0878 -0.0862
vn 0.7446 -0.6025 -0.2871
vn 0.7884 -0.5257 -0.3195
vn 0.7789 -0.5325 -0.3312
vn 0.7384 -0.5272 -0.4204
vn 0.7722 -0.4519 -0.4467
vn 0.7628 -0.4553 -0.4591
vn 0.7208 -0.4312 -0.5427
vn 0.7436 -0.3750 -0.5536
vn 0.7251 -0.3736 -0.5785
vn 0.7069 -0.3132 -0.6342
vn 0.9999 -0.0084 -0.0087
vn 0.9505 -0.2658 -0.1611
vn 0.9488 -0.2693 -0.1650
vn 0.9459 -0.2316 -0.2272
vn 0.9447 -0.2333 -0.2306
vn 0.9378 -0.1876 -0.2921
vn 0.9478 -0.1784 -0.2643
vn 0.9172 -0.1767 -0.3570
vn 0.7055 -0.3144 -0.6351
vn 0.4165 -0.8859 -0.2040
vn 0.1375 -0.9663 -0.2178
vn 0.0333 -0.9856 -0.1656
vn 0.0682 -0.9666 -0.2469
vn 0.4370 -0.8699 -0.2288
vn 0.2031 -0.9648 -0.1673
vn 0.0019 -0.9815 -0.1913
vn 0.0014 -0.9820 -0.1887
vn 0.0054 -0.9872 -0.1593
vn 0.0344 -0.9418 -0.3344
vn 0.0335 -0.9414 -0.3355
vn 0.1391 -0.9328 -0.3324
vn 0.1390 -0.9328 -0.3325
vn 0.4039 -0.8617 -0.3072
vn 0.4234 -0.8572 -0.2931
vn 0.0030 -0.9670 -0.2547
vn 0.0333 -0.9658 -0.2570
vn 0.0337 -0.9659 -0.2566
vn 0.1382 -0.9572 -0.2543
vn 0.1379 -0.9572 -0.2545
vn 0.3801 -0.8939 -0.2377
vn -0.9973 -0.0729 0.0065
vn -0.9967 -0.0806 0.0022
vn -0.9964 -0.0852 0.0032
vn -0.9974 -0.0678 0.0245
vn -0.9971 -0.0732 0.0221
vn -0.9973 -0.0714 0.0192
vn -0.9971 -0.0756 0.0125
vn -0.9968 -0.0784 0.0138
vn -0.9356 -0.3394 0.0972
vn -0.9288 -0.3551 0.1061
vn -0.9274 -0.3682 0.0664
vn -0.9379 -0.3422 0.0562
vn -0.9068 -0.4197 0.0391
vn -0.9365 -0.3505 0.0099
vn -0.9392 -0.3434 0.0088
vn -0.7178 -0.6552 0.2355
vn -0.7571 -0.6303 0.1718
vn -0.7375 -0.6492 0.1862
vn -0.7338 -0.6686 0.1200
vn -0.7319 -0.6706 0.1209
vn -0.7290 -0.6816 0.0630
vn -0.7270 -0.6836 0.0637
vn -0.7257 -0.6877 0.0192
vn -0.7248 -0.6887 0.0195
vn 0.6216 -0.0547 0.7814
vn 0.6363 -0.1033 0.7645
vn 0.6364 -0.1032 0.7644
vn 0.6593 -0.1728 0.7317
vn 0.6596 -0.1726 0.7315
vn 0.6847 -0.2492 0.6849
vn 0.6854 -0.2487 0.6844
vn 0.9050 -0.0270 0.4245
vn 0.8959 -0.0310 0.4431
vn 0.9036 -0.0623 0.4237
vn 0.9177 -0.0532 0.3937
vn 0.8911 -0.1043 0.4417
vn 0.9374 -0.1155 0.3285
vn 0.9320 -0.1240 0.3407
vn 0.9833 -0.0116 0.1819
vn 0.9919 -0.0157 0.1262
vn 0.9897 -0.0206 0.1415
vn 0.9910 -0.0450 0.1258
vn 0.9918 -0.0422 0.1207
vn 1.0000 -0.0018 -0.0090
vn 0.9924 -0.0175 -0.1214
vn 0.9887 -0.0191 -0.1485
vn 0.9912 -0.0457 -0.1239
vn 0.9921 -0.0444 -0.1177
vn 0.8760 -0.0334 -0.4812
vn 0.9099 -0.0550 -0.4111
vn 0.9226 -0.0550 -0.3819
vn 0.8903 -0.1037 -0.4433
vn 0.9328 -0.1225 -0.3390
vn 0.9364 -0.1211 -0.3294
vn 0.6196 -0.0542 -0.7831
vn 0.6198 -0.0543 -0.7828
vn 0.6344 -0.1024 -0.7662
vn 0.6348 -0.1024 -0.7659
vn 0.6576 -0.1714 -0.7336
vn 0.6583 -0.1715 -0.7329
vn 0.6834 -0.2477 -0.6868
vn 0.6845 -0.2477 -0.6856
vn -0.9974 -0.0704 -0.0123
vn -0.9971 -0.0730 -0.0211
vn -0.9969 -0.0760 -0.0210
vn -0.9975 -0.0710 -0.0027
vn -0.9966 -0.0817 -0.0084
vn -0.9969 -0.0782 -0.0089
vn -0.9093 -0.4159 -0.0118
vn -0.9333 -0.3576 -0.0333
vn -0.9418 -0.3345 -0.0342
vn -0.9086 -0.4110 -0.0741
vn -0.9428 -0.3202 -0.0928
vn -0.9408 -0.3258 -0.0933
vn -0.7248 -0.6887 -0.0192
vn -0.7257 -0.6877 -0.0194
vn -0.7270 -0.6837 -0.0632
vn -0.7291 -0.6815 -0.0635
vn -0.7319 -0.6707 -0.1204
vn -0.7339 -0.6685 -0.1206
vn -0.7372 -0.6519 -0.1777
vn -0.7556 -0.6289 -0.1833
vn -0.7193 -0.6537 -0.2350
vn 0.6142 0.0230 0.7888
vn 0.6407 0.0248 0.7674
vn 0.5776 0.0078 0.8163
vn 0.6399 -0.0041 0.7684
vn 0.6125 -0.0075 0.7904
vn 0.6148 -0.0255 0.7883
vn 0.9131 0.0151 0.4075
vn 0.8928 0.0133 0.4502
vn 0.8938 -0.0040 0.4485
vn 0.9093 -0.0024 0.4162
vn 0.8759 -0.0156 0.4822
vn 0.9758 0.0081 0.2186
vn 0.9924 -0.0003 0.1232
vn 0.9897 -0.0013 0.1434
vn 1.0000 0.0002 0.0083
vn 0.9869 0.0015 -0.1613
vn 0.9915 -0.0002 -0.1304
vn 0.9769 -0.0078 -0.2138
vn 0.8737 0.0155 -0.4861
vn 0.9076 0.0024 -0.4199
vn 0.8917 0.0041 -0.4526
vn 0.8907 -0.0133 -0.4543
vn 0.9115 -0.0151 -0.4110
vn 0.5992 0.0273 -0.8001
vn 0.6126 0.0252 -0.7900
vn 0.6104 0.0075 -0.7921
vn 0.6376 0.0041 -0.7704
vn 0.5713 -0.0085 -0.8207
vn 0.6107 -0.0227 -0.7916
vn 0.6122 -0.0228 -0.7904
vn 0.6854 0.2490 0.6842
vn 0.6846 0.2490 0.6851
vn 0.6596 0.1727 0.7315
vn 0.6593 0.1727 0.7318
vn 0.6364 0.1033 0.7644
vn 0.6363 0.1033 0.7645
vn 0.6216 0.0547 0.7814
vn 0.9367 0.1214 0.3284
vn 0.9335 0.1226 0.3370
vn 0.8917 0.1040 0.4406
vn 0.9235 0.0551 0.3796
vn 0.9115 0.0551 0.4077
vn 0.8780 0.0335 0.4776
vn 0.9918 0.0445 0.1198
vn 0.9917 0.0446 0.1203
vn 0.9892 0.0189 0.1456
vn 0.9929 0.0171 0.1176
vn 0.9919 0.0445 -0.1193
vn 0.9938 0.0349 -0.1053
vn 0.9848 0.0365 -0.1696
vn 0.9902 0.0099 -0.1391
vn 0.9885 0.0116 -0.1507
vn 0.9316 0.1235 -0.3418
vn 0.9226 0.1366 -0.3607
vn 0.9116 0.0937 -0.4002
vn 0.9224 0.0810 -0.3776
vn 0.8766 0.0638 -0.4769
vn 0.9127 0.0283 -0.4077
vn 0.9093 0.0296 -0.4150
vn 0.6844 0.2474 -0.6858
vn 0.6835 0.2481 -0.6865
vn 0.6583 0.1713 -0.7330
vn 0.6577 0.1716 -0.7335
vn 0.6348 0.1023 -0.7659
vn 0.6344 0.1025 -0.7662
vn 0.6193 0.0526 -0.7834
vn 0.6111 0.0547 -0.7897
vn 0.6913 0.7220 -0.0274
vn 0.8446 0.5323 -0.0577
vn 0.1673 0.9859 -0.0017
vn 0.4461 0.8912 -0.0819
vn 0.3392 0.9392 -0.0543
vn 0.1842 0.9823 -0.0327
vn 0.2049 0.9774 -0.0529
vn 0.1790 0.9832 -0.0360
vn 0.5511 0.8338 -0.0322
vn 0.5553 0.8220 -0.1261
vn 0.5156 0.8406 -0.1662
vn 0.4843 0.8347 -0.2622
vn 0.5672 0.7601 -0.3170
vn 0.3715 0.8979 -0.2360
vn 0.8972 0.4387 -0.0510
vn 0.7913 0.5983 -0.1260
vn 0.8552 0.4791 -0.1978
vn 0.7890 0.5812 -0.1991
vn 0.7364 0.6084 -0.2959
vn 0.8711 0.3589 -0.3351
vn 0.7099 0.6134 -0.3460
vn 0.7519 0.4648 -0.4675
vn 0.7142 0.5366 -0.4494
vn 0.6557 0.5346 -0.5332
vn 0.6470 0.5504 -0.5276
vn 0.0048 0.9816 0.1908
vn 0.0676 0.9660 0.2494
vn 0.2030 0.9648 0.1673
vn 0.1375 0.9663 0.2178
vn 0.0336 0.9856 0.1658
vn 0.4165 0.8859 0.2040
vn 0.4369 0.8699 0.2288
vn 0.4234 0.8572 0.2931
vn 0.3801 0.8939 0.2377
vn 0.1379 0.9572 0.2545
vn 0.1382 0.9572 0.2543
vn 0.0337 0.9659 0.2566
vn 0.0334 0.9658 0.2569
vn 0.4039 0.8617 0.3072
vn 0.1390 0.9328 0.3325
vn 0.1391 0.9328 0.3324
vn 0.0331 0.9415 0.3355
vn 0.0336 0.9417 0.3349
vn 0.9927 0.0655 0.1014
vn 0.9953 0.0579 0.0773
vn 0.7437 0.3754 0.5531
vn 0.7255 0.3740 0.5777
vn 0.7074 0.3141 0.6332
vn 0.9447 0.2332 0.2304
vn 0.9459 0.2316 0.2271
vn 0.9488 0.2695 0.1647
vn 0.9506 0.2657 0.1604
vn 0.9379 0.1877 0.2916
vn 0.9479 0.1785 0.2639
vn 0.9177 0.1769 0.3558
vn 0.7062 0.3151 0.6340
vn 0.9999 0.0063 0.0124
vn 0.7629 0.4555 0.4589
vn 0.7722 0.4520 0.4464
vn 0.7385 0.5273 0.4203
vn 0.7789 0.5326 0.3311
vn 0.7877 0.5262 0.3203
vn 0.7443 0.6029 0.2873
vn 0.9945 0.0882 0.0562
vn 0.9953 0.0831 0.0502
vn 0.9931 0.0838 0.0822
vn 0.7210 0.4315 0.5422
vn 0.9955 0.0800 -0.0501
vn 0.9956 0.0790 -0.0498
vn 0.9929 0.0836 -0.0845
vn 0.7055 0.3144 -0.6351
vn 0.7069 0.3132 -0.6342
vn 0.7272 0.3816 -0.5705
vn 0.7420 0.3637 -0.5632
vn 0.7204 0.4315 -0.5430
vn 0.7687 0.4493 -0.4551
vn 0.7669 0.4520 -0.4557
vn 0.7386 0.5271 -0.4203
vn 0.7859 0.5244 -0.3277
vn 0.7838 0.5273 -0.3280
vn 0.7415 0.6057 -0.2887
vn 0.9955 0.0500 -0.0802
vn 0.9925 0.0711 -0.0992
vn 0.9999 0.0045 -0.0102
vn 0.9174 0.1765 -0.3566
vn 0.9447 0.1724 -0.2789
vn 0.9378 0.1927 -0.2888
vn 0.9450 0.2296 -0.2328
vn 0.9449 0.2298 -0.2330
vn 0.9493 0.2663 -0.1668
vn 0.9489 0.2677 -0.1672
vn 0.1085 0.9685 -0.2240
vn 0.2968 0.9396 -0.1703
vn 0.4038 0.8629 -0.3039
vn 0.4111 0.8586 -0.3061
vn 0.3808 0.8936 -0.2376
vn 0.4203 0.8834 -0.2073
vn 0.4541 0.8496 -0.2682
vn 0.1391 0.9328 -0.3325
vn 0.1390 0.9328 -0.3324
vn 0.1382 0.9572 -0.2545
vn 0.1379 0.9572 -0.2543
vn 0.1370 0.9719 -0.1913
vn 0.0330 0.9415 -0.3355
vn 0.0335 0.9412 -0.3361
vn 0.0328 0.9660 -0.2566
vn 0.0333 0.9658 -0.2571
vn 0.0314 0.9798 -0.1973
vn 0.0263 0.9816 -0.1890
vn 0.6915 0.4246 0.5844
vn 0.6562 0.5492 0.5175
vn 0.4336 0.8534 0.2892
vn 0.5246 0.7501 0.4027
vn 0.1199 0.9928 -0.0007
vn 0.6671 0.6133 0.4229
vn 0.7142 0.5991 0.3619
vn 0.7611 0.4876 0.4278
vn 0.5071 0.8317 0.2262
vn 0.3668 0.9190 0.1446
vn 0.8570 0.0538 0.5124
vn 0.1911 0.9815 0.0134
vn 0.5151 0.8398 0.1715
vn 0.7706 0.5781 0.2682
vn 0.8282 0.4638 0.3147
vn 0.7696 0.6037 0.2081
vn 0.8527 0.4993 0.1532
vn 0.8766 0.4511 0.1673
vn 0.6578 0.7446 0.1138
vn 0.5626 0.8223 0.0856
vn 0.3174 0.9476 0.0359
vn 0.2075 0.9782 0.0124
vn 0.8473 0.5290 0.0476
vn 0.8496 0.5252 0.0484
vn 0.4774 0.8784 0.0223
vn -0.9969 0.0737 0.0265
vn -0.9310 0.3442 0.1219
vn -0.9271 0.3526 0.1272
vn -0.7644 0.6074 0.2162
vn -0.7603 0.6113 0.2197
vn -0.9974 0.0688 0.0189
vn -0.7155 0.6740 0.1837
vn -0.7508 0.6502 0.1167
vn -0.7320 0.6697 0.1250
vn -0.9273 0.3679 0.0684
vn -0.9396 0.3374 0.0572
vn -0.9969 0.0776 0.0130
vn -0.9972 0.0744 0.0088
vn -0.9968 0.0794 0.0139
vn -0.9394 0.3427 0.0087
vn -0.9366 0.3504 0.0099
vn -0.7248 0.6887 0.0195
vn -0.7257 0.6877 0.0192
vn -0.7290 0.6816 0.0630
vn -0.7270 0.6836 0.0637
vn -0.9067 0.4199 0.0391
vn -0.9969 0.0780 0.0021
vn -0.9966 0.0825 0.0029
vn 0.0281 -0.4435 0.8958
vn 0.0284 -0.4432 0.8960
vn 0.0294 -0.5423 0.8397
vn 0.0299 -0.5413 0.8403
vn 0.0305 -0.6215 0.7828
vn 0.0311 -0.6205 0.7836
vn 0.0316 -0.7033 0.7101
vn 0.0322 -0.7025 0.7110
vn 0.0324 -0.7810 0.6237
vn 0.0330 -0.7802 0.6246
vn 0.0329 -0.8484 0.5283
vn 0.0336 -0.8478 0.5292
vn 0.0331 -0.9021 0.4302
vn 0.0337 -0.9017 0.4310
vn 0.1172 -0.4408 0.8899
vn 0.1176 -0.4406 0.8900
vn 0.1238 -0.5387 0.8334
vn 0.1241 -0.5384 0.8335
vn 0.1285 -0.6169 0.7765
vn 0.1288 -0.6166 0.7767
vn 0.1329 -0.6977 0.7039
vn 0.1333 -0.6974 0.7042
vn 0.1364 -0.7743 0.6180
vn 0.1367 -0.7741 0.6182
vn 0.1386 -0.8408 0.5233
vn 0.1388 -0.8406 0.5235
vn 0.1394 -0.8939 0.4261
vn 0.1395 -0.8938 0.4262
vn 0.3477 -0.4166 0.8399
vn 0.3488 -0.4160 0.8398
vn 0.3650 -0.5060 0.7815
vn 0.3657 -0.5053 0.7816
vn 0.3773 -0.5767 0.7246
vn 0.3780 -0.5759 0.7248
vn 0.3884 -0.6492 0.6540
vn 0.3892 -0.6485 0.6542
vn 0.3971 -0.7177 0.5720
vn 0.3979 -0.7171 0.5723
vn 0.4026 -0.7774 0.4833
vn 0.4031 -0.7769 0.4836
vn 0.4046 -0.8255 0.3934
vn 0.4049 -0.8254 0.3935
vn -0.0047 -0.9996 0.0272
vn -0.0067 -0.9997 0.0253
vn -0.0003 -0.9959 0.0904
vn -0.0061 -0.9965 0.0837
vn -0.0156 -0.9411 0.3377
vn -0.0156 -0.9411 0.3378
vn -0.0155 -0.9650 0.2618
vn -0.0155 -0.9650 0.2619
vn -0.0153 -0.9845 0.1749
vn -0.0152 -0.9844 0.1751
vn -0.0151 -0.9958 0.0904
vn -0.0150 -0.9958 0.0906
vn -0.0150 -0.9995 0.0272
vn -0.0149 -0.9995 0.0273
vn -0.0013 -0.9417 0.3363
vn -0.0011 -0.9412 0.3378
vn -0.0016 -0.9663 0.2574
vn -0.0008 -0.9651 0.2618
vn -0.0016 -0.9809 0.1943
vn -0.0062 -0.9846 0.1750
vn -0.0018 -0.9898 0.1428
vn -0.4523 -0.8393 0.3015
vn -0.4521 -0.8394 0.3017
vn -0.4500 -0.8617 0.2345
vn -0.4494 -0.8619 0.2349
vn -0.4458 -0.8812 0.1576
vn -0.4438 -0.8820 0.1583
vn -0.4407 -0.8939 0.0821
vn -0.4387 -0.8948 0.0827
vn -0.4373 -0.8990 0.0249
vn -0.4364 -0.8994 0.0251
vn -0.2251 -0.9170 0.3293
vn -0.2250 -0.9170 0.3294
vn -0.2237 -0.9405 0.2556
vn -0.2234 -0.9405 0.2559
vn -0.2212 -0.9601 0.1713
vn -0.2201 -0.9602 0.1718
vn -0.2183 -0.9718 0.0889
vn -0.2171 -0.9721 0.0893
vn -0.2163 -0.9760 0.0268
vn -0.2157 -0.9761 0.0270
vn -0.1057 -0.9359 0.3360
vn -0.1056 -0.9359 0.3361
vn -0.1050 -0.9597 0.2606
vn -0.1048 -0.9597 0.2608
vn -0.1038 -0.9792 0.1744
vn -0.1032 -0.9792 0.1747
vn -0.1023 -0.9906 0.0903
vn -0.1017 -0.9907 0.0906
vn -0.1013 -0.9945 0.0272
vn -0.1011 -0.9945 0.0274
vn -0.0486 -0.9401 0.3374
vn -0.0485 -0.9401 0.3375
vn -0.0483 -0.9640 0.2616
vn -0.0482 -0.9639 0.2617
vn -0.0477 -0.9834 0.1749
vn -0.0474 -0.9834 0.1751
vn -0.0470 -0.9948 0.0905
vn -0.0468 -0.9948 0.0907
vn -0.0466 -0.9985 0.0273
vn -0.0465 -0.9985 0.0273
vn -0.9974 -0.0645 0.0320
vn -0.9183 -0.1676 0.3587
vn -0.9957 -0.0394 0.0835
vn -0.7379 -0.4761 0.4783
vn -0.7557 -0.5962 0.2710
vn -0.7407 -0.6066 0.2889
vn -0.7386 -0.5671 0.3645
vn -0.7565 -0.5556 0.3449
vn -0.6843 -0.4444 0.5782
vn -0.7270 -0.3869 0.5673
vn -0.6538 -0.3430 0.6745
vn -0.9968 -0.0576 0.0549
vn -0.9975 -0.0566 0.0425
vn -0.9969 -0.0678 0.0391
vn -0.9147 -0.3678 0.1673
vn -0.9426 -0.2888 0.1678
vn -0.9286 -0.3124 0.2002
vn -0.9264 -0.2730 0.2592
vn -0.9963 -0.0392 0.0770
vn -0.9965 -0.0492 0.0678
vn -0.9970 -0.0483 0.0608
vn -0.6706 -0.3307 0.6640
vn -0.9052 -0.1895 0.3805
vn -0.9145 -0.2276 0.3345
vn -0.9284 -0.2182 0.3009
vn -0.9184 -0.2819 0.2775
vn -0.7487 -0.4724 0.4650
vn -0.7106 -0.5507 0.4379
vn 0.0151 -0.2289 0.9733
vn 0.0220 -0.0699 0.9973
vn 0.0138 -0.0738 0.9972
vn 0.0229 -0.1352 0.9906
vn 0.0241 -0.2295 0.9730
vn 0.0247 -0.2290 0.9731
vn 0.0254 -0.3411 0.9397
vn 0.0264 -0.3401 0.9400
vn 0.0935 -0.0696 0.9932
vn 0.0972 -0.1332 0.9863
vn 0.1032 -0.2284 0.9681
vn 0.1033 -0.2283 0.9681
vn 0.1105 -0.3393 0.9342
vn 0.1107 -0.3391 0.9342
vn 0.2831 -0.0670 0.9567
vn 0.2933 -0.1280 0.9474
vn 0.2934 -0.1279 0.9474
vn 0.3101 -0.2184 0.9253
vn 0.3103 -0.2183 0.9252
vn 0.3298 -0.3225 0.8873
vn 0.3304 -0.3222 0.8872
vn -0.0115 -0.6216 0.7832
vn 0.0027 -0.4321 0.9018
vn -0.0078 -0.4644 0.8856
vn -0.0112 -0.5424 0.8400
vn -0.0090 -0.5354 0.8445
vn -0.0102 -0.6167 0.7871
vn -0.0149 -0.6679 0.7441
vn -0.0136 -0.7035 0.7105
vn -0.0165 -0.7212 0.6925
vn -0.0195 -0.7812 0.6240
vn -0.0153 -0.7643 0.6446
vn -0.0155 -0.8487 0.5286
vn -0.0156 -0.8488 0.5285
vn -0.0156 -0.9025 0.4304
vn -0.0157 -0.9025 0.4303
vn -0.0017 -0.4429 0.8966
vn -0.0012 -0.4394 0.8983
vn -0.0011 -0.5415 0.8407
vn -0.0013 -0.5425 0.8401
vn -0.0012 -0.6208 0.7840
vn -0.0013 -0.6217 0.7833
vn -0.0012 -0.7028 0.7114
vn -0.0014 -0.7036 0.7106
vn -0.0013 -0.7806 0.6250
vn -0.0014 -0.7813 0.6241
vn -0.0013 -0.8483 0.5295
vn -0.0014 -0.8488 0.5287
vn -0.0013 -0.9022 0.4313
vn -0.0014 -0.9026 0.4304
vn -0.0446 -0.7874 0.6149
vn -0.1336 -0.7870 0.6023
vn -0.2409 -0.5323 0.8115
vn -0.2535 -0.5260 0.8118
vn -0.2409 -0.4276 0.8713
vn -0.2711 -0.4189 0.8666
vn -0.2456 -0.7583 0.6039
vn -0.2414 -0.7394 0.6285
vn -0.2579 -0.6975 0.6686
vn -0.2911 -0.6743 0.6787
vn -0.2241 -0.6072 0.7623
vn -0.3228 -0.6185 0.7164
vn -0.0752 -0.8210 0.5659
vn -0.4042 -0.4060 0.8196
vn -0.4231 -0.4085 0.8088
vn -0.3837 -0.5021 0.7750
vn -0.4470 -0.5573 0.6997
vn -0.4230 -0.5541 0.7170
vn -0.4358 -0.6343 0.6385
vn -0.4368 -0.6346 0.6376
vn -0.4451 -0.7005 0.5579
vn -0.4460 -0.7005 0.5571
vn -0.4509 -0.7581 0.4711
vn -0.4515 -0.7581 0.4706
vn -0.4531 -0.8048 0.3834
vn -0.4533 -0.8048 0.3832
vn -0.2257 -0.8795 0.4190
vn -0.2256 -0.8794 0.4192
vn -0.2246 -0.8276 0.5144
vn -0.2243 -0.8275 0.5147
vn -0.2221 -0.7763 0.5900
vn -0.1907 -0.7755 0.6019
vn -0.1059 -0.8976 0.4278
vn -0.1059 -0.8976 0.4279
vn -0.1054 -0.8444 0.5252
vn -0.1052 -0.8443 0.5255
vn -0.1041 -0.7876 0.6074
vn -0.0478 -0.7857 0.6168
vn -0.0484 -0.8479 0.5279
vn -0.0485 -0.8480 0.5278
vn -0.0487 -0.9016 0.4299
vn -0.0487 -0.9016 0.4298
vn -0.9013 -0.1074 0.4197
vn -0.9961 -0.0303 0.0826
vn -0.9944 -0.0241 0.1026
vn -0.9952 -0.0240 0.0950
vn -0.9940 -0.0138 0.1086
vn -0.8813 -0.0633 0.4683
vn -0.8737 -0.1665 0.4571
vn -0.6788 -0.2514 0.6900
vn -0.6394 -0.2488 0.7275
vn -0.6631 -0.1721 0.7285
vn -0.8812 -0.1087 0.4600
vn -0.8678 -0.0635 0.4929
vn -0.9942 -0.0140 0.1068
vn -0.9946 -0.0067 0.1035
vn -0.6055 -0.1635 0.7788
vn -0.6423 -0.1026 0.7596
vn -0.5911 -0.0943 0.8011
vn -0.8329 -0.0387 0.5521
vn -0.6154 -0.0551 0.7863
vn -0.5915 -0.0519 0.8046
vn 0.0819 -0.0091 0.9966
vn 0.0821 -0.0090 0.9966
vn 0.0798 0.0091 0.9968
vn 0.0817 0.0097 0.9966
vn 0.0888 0.0320 0.9955
vn 0.0806 0.0298 0.9963
vn 0.0156 0.0358 0.9992
vn 0.0813 -0.0317 0.9962
vn 0.0917 -0.0283 0.9954
vn 0.0218 -0.0358 0.9991
vn 0.3184 0.0306 0.9475
vn 0.3191 0.0307 0.9472
vn 0.3148 0.0090 0.9491
vn 0.3172 0.0093 0.9483
vn 0.3154 -0.0090 0.9489
vn 0.3106 -0.0096 0.9505
vn 0.3152 -0.0306 0.9485
vn 0.2791 -0.0355 0.9596
vn -0.0032 -0.3039 0.9527
vn -0.0031 -0.3430 0.9393
vn 0.0009 -0.3650 0.9310
vn -0.0042 -0.0867 0.9962
vn -0.0009 -0.1420 0.9899
vn -0.0038 -0.1586 0.9873
vn -0.0012 -0.2021 0.9794
vn -0.0052 -0.2676 0.9635
vn -0.0018 -0.2442 0.9697
vn 0.0007 -0.0714 0.9974
vn -0.3576 -0.0586 0.9320
vn -0.4006 -0.2981 0.8664
vn -0.3312 -0.2870 0.8989
vn -0.2975 -0.1668 0.9400
vn -0.4148 -0.1868 0.8905
vn -0.3668 -0.0600 0.9284
vn -0.3415 -0.0952 0.9350
vn -0.3985 -0.1073 0.9109
vn -0.2717 -0.0726 0.9597
vn -0.2163 -0.0613 0.9744
vn -0.2210 -0.0988 0.9703
vn -0.2307 -0.1700 0.9581
vn -0.2308 -0.1700 0.9580
vn -0.2492 -0.2962 0.9221
vn -0.2191 -0.2917 0.9311
vn -0.9938 0.0010 0.1111
vn -0.9925 0.0018 0.1222
vn -0.9944 -0.0015 0.1061
vn -0.8306 0.0180 0.5566
vn -0.8789 0.0032 0.4770
vn -0.8650 0.0044 0.5018
vn -0.5863 -0.0296 0.8095
vn -0.5821 0.0291 0.8126
vn -0.5995 0.0258 0.7999
vn -0.5745 0.0126 0.8184
vn -0.6174 0.0043 0.7866
vn -0.5176 -0.0075 0.8556
vn -0.6235 -0.0215 0.7815
vn -0.8517 -0.0150 0.5238
vn -0.8869 -0.0173 0.4617
vn -0.9924 -0.0046 0.1230
vn 0.2934 0.1280 0.9474
vn 0.2933 0.1279 0.9474
vn 0.3298 0.3225 0.8873
vn 0.3304 0.3222 0.8872
vn 0.1105 0.3393 0.9342
vn 0.1107 0.3391 0.9342
vn 0.0260 0.3411 0.9397
vn 0.0148 0.1349 0.9908
vn 0.0972 0.1332 0.9863
vn 0.0934 0.0675 0.9933
vn 0.0932 0.0676 0.9933
vn 0.2840 0.0719 0.9561
vn 0.3167 0.0663 0.9462
vn 0.0245 0.2281 0.9733
vn 0.0212 0.1344 0.9907
vn 0.0219 0.1338 0.9908
vn 0.0172 0.0728 0.9972
vn 0.0202 0.0708 0.9973
vn 0.0150 0.3364 0.9416
vn 0.0201 0.3355 0.9418
vn 0.0258 0.2295 0.9730
vn 0.1033 0.2283 0.9681
vn 0.1032 0.2284 0.9681
vn 0.3103 0.2183 0.9252
vn 0.3101 0.2184 0.9253
vn -0.0026 -0.0382 0.9993
vn -0.0031 0.0296 0.9996
vn -0.0034 0.0290 0.9996
vn 0.0009 0.0089 1.0000
vn -0.0032 -0.0070 1.0000
vn -0.0015 -0.0103 0.9999
vn 0.0003 -0.0301 0.9995
vn -0.3540 0.0335 0.9346
vn -0.3535 0.0336 0.9348
vn -0.3515 0.0144 0.9361
vn -0.3516 0.0144 0.9361
vn -0.3508 -0.0082 0.9364
vn -0.3507 -0.0082 0.9364
vn -0.3537 -0.0342 0.9348
vn -0.3537 -0.0342 0.9347
vn -0.1953 0.0337 0.9802
vn -0.1803 0.0353 0.9830
vn -0.2482 0.0149 0.9686
vn -0.1720 -0.0060 0.9851
vn -0.2118 -0.0085 0.9773
vn -0.2139 -0.0373 0.9762
vn -0.2021 -0.0358 0.9787
vn -0.9945 0.0140 0.1034
vn -0.9944 0.0148 0.1051
vn -0.9939 0.0070 0.1100
vn -0.9937 0.0073 0.1116
vn -0.9961 0.0302 0.0825
vn -0.9948 0.0243 0.0985
vn -0.9946 0.0258 0.1002
vn -0.8700 0.1688 0.4633
vn -0.8968 0.1017 0.4305
vn -0.8825 0.1135 0.4564
vn -0.8687 0.0663 0.4909
vn -0.8602 0.0356 0.5086
vn -0.8746 0.0306 0.4838
vn -0.6574 0.2577 0.7081
vn -0.6567 0.2582 0.7086
vn -0.6310 0.1783 0.7551
vn -0.6307 0.1784 0.7552
vn -0.6074 0.1063 0.7873
vn -0.6073 0.1064 0.7873
vn -0.5934 0.0593 0.8027
vn -0.6091 0.0554 0.7912
vn -0.0087 0.9996 0.0272
vn -0.0051 0.9957 0.0929
vn -0.0067 0.9959 0.0904
vn -0.0017 0.9994 0.0354
vn -0.0064 0.9846 0.1750
vn -0.0017 0.9904 0.1381
vn -0.0014 0.9412 0.3378
vn -0.0009 0.9422 0.3349
vn -0.0016 0.9651 0.2618
vn -0.0007 0.9668 0.2555
vn -0.0018 0.9812 0.1930
vn -0.0156 0.9411 0.3378
vn -0.0156 0.9411 0.3377
vn -0.0155 0.9650 0.2619
vn -0.0155 0.9650 0.2618
vn -0.0153 0.9844 0.1751
vn -0.0152 0.9845 0.1749
vn -0.0151 0.9958 0.0906
vn -0.0150 0.9958 0.0904
vn -0.0150 0.9995 0.0273
vn -0.0149 0.9995 0.0272
vn 0.0332 0.9021 0.4302
vn 0.0337 0.9025 0.4295
vn 0.0330 0.8484 0.5283
vn 0.0335 0.8489 0.5276
vn 0.0324 0.7810 0.6237
vn 0.0329 0.7815 0.6230
vn 0.0316 0.7033 0.7101
vn 0.0321 0.7040 0.7095
vn 0.0305 0.6215 0.7828
vn 0.0310 0.6222 0.7823
vn 0.0294 0.5423 0.8397
vn 0.0298 0.5430 0.8392
vn 0.0278 0.4435 0.8958
vn 0.0269 0.4427 0.8963
vn 0.1395 0.8938 0.4261
vn 0.1394 0.8938 0.4262
vn 0.1388 0.8408 0.5233
vn 0.1386 0.8407 0.5235
vn 0.1367 0.7743 0.6179
vn 0.1364 0.7741 0.6182
vn 0.1333 0.6977 0.7039
vn 0.1329 0.6975 0.7042
vn 0.1289 0.6169 0.7764
vn 0.1285 0.6166 0.7767
vn 0.1241 0.5387 0.8333
vn 0.1238 0.5384 0.8336
vn 0.1176 0.4408 0.8899
vn 0.1172 0.4406 0.8900
vn 0.4049 0.8254 0.3934
vn 0.4046 0.8255 0.3935
vn 0.4031 0.7772 0.4832
vn 0.4026 0.7772 0.4837
vn 0.3979 0.7174 0.5718
vn 0.3971 0.7173 0.5725
vn 0.3893 0.6489 0.6537
vn 0.3884 0.6487 0.6545
vn 0.3781 0.5765 0.7244
vn 0.3772 0.5761 0.7251
vn 0.3658 0.5058 0.7813
vn 0.3649 0.5054 0.7819
vn 0.3489 0.4164 0.8396
vn 0.3477 0.4162 0.8402
vn -0.0019 0.1137 0.9935
vn -0.0043 0.0907 0.9959
vn 0.0004 0.0738 0.9973
vn -0.0028 0.3044 0.9525
vn -0.0043 0.2763 0.9611
vn -0.0000 0.2135 0.9769
vn -0.0020 0.2238 0.9746
vn -0.0022 0.1585 0.9874
vn -0.0030 0.1534 0.9882
vn -0.0041 0.3503 0.9366
vn -0.0026 0.3643 0.9313
vn -0.2698 0.3259 0.9061
vn -0.2333 0.3416 0.9104
vn -0.3587 0.0686 0.9309
vn -0.3842 0.0641 0.9210
vn -0.3247 0.1266 0.9373
vn -0.2191 0.0906 0.9715
vn -0.2525 0.1614 0.9540
vn -0.1919 0.1792 0.9649
vn -0.4122 0.3320 0.8485
vn -0.4568 0.3042 0.8359
vn -0.2422 0.0673 0.9679
vn -0.1225 0.1072 0.9867
vn -0.4800 0.0948 0.8721
vn -0.3351 0.1598 0.9285
vn -0.4414 0.2062 0.8733
vn -0.3591 0.2581 0.8969
vn -0.2329 0.2742 0.9330
vn -0.2758 0.2555 0.9267
vn -0.9160 0.2355 0.3247
vn -0.7123 0.6337 0.3018
vn -0.7575 0.5547 0.3443
vn -0.7624 0.5482 0.3437
vn -0.7108 0.5506 0.4378
vn -0.7440 0.4714 0.4736
vn -0.7454 0.4696 0.4732
vn -0.6926 0.4499 0.5638
vn -0.7181 0.3789 0.5838
vn -0.6789 0.3274 0.6572
vn -0.9052 0.1895 0.3805
vn -0.9191 0.1662 0.3573
vn -0.9959 0.0381 0.0815
vn -0.9955 0.0418 0.0848
vn -0.9974 0.0653 0.0298
vn -0.9971 0.0648 0.0402
vn -0.9972 0.0629 0.0404
vn -0.9971 0.0546 0.0533
vn -0.9971 0.0548 0.0533
vn -0.9966 0.0482 0.0665
vn -0.9967 0.0474 0.0663
vn -0.6802 0.3263 0.6564
vn -0.7011 0.3980 0.5916
vn -0.9336 0.1983 0.2984
vn -0.9151 0.2894 0.2808
vn -0.9236 0.2705 0.2715
vn -0.9305 0.3100 0.1951
vn -0.9269 0.3191 0.1978
vn -0.0486 0.9401 0.3374
vn -0.1057 0.9359 0.3360
vn -0.2251 0.9170 0.3293
vn -0.4523 0.8393 0.3015
vn -0.0485 0.9401 0.3375
vn -0.0483 0.9640 0.2616
vn -0.0482 0.9639 0.2617
vn -0.0477 0.9834 0.1749
vn -0.0474 0.9834 0.1751
vn -0.0470 0.9948 0.0905
vn -0.0468 0.9948 0.0907
vn -0.0466 0.9985 0.0273
vn -0.0465 0.9985 0.0273
vn -0.1056 0.9359 0.3361
vn -0.1050 0.9597 0.2606
vn -0.1048 0.9597 0.2608
vn -0.1038 0.9792 0.1744
vn -0.1032 0.9792 0.1747
vn -0.1023 0.9906 0.0903
vn -0.1017 0.9907 0.0906
vn -0.1013 0.9945 0.0272
vn -0.1011 0.9945 0.0274
vn -0.2250 0.9170 0.3294
vn -0.2237 0.9405 0.2556
vn -0.2234 0.9405 0.2559
vn -0.2212 0.9601 0.1713
vn -0.2201 0.9602 0.1718
vn -0.2183 0.9718 0.0889
vn -0.2171 0.9721 0.0893
vn -0.2163 0.9760 0.0268
vn -0.2157 0.9761 0.0270
vn -0.4521 0.8394 0.3017
vn -0.4500 0.8617 0.2345
vn -0.4494 0.8619 0.2349
vn -0.4458 0.8812 0.1576
vn -0.4438 0.8820 0.1583
vn -0.4407 0.8939 0.0821
vn -0.4387 0.8948 0.0827
vn -0.4373 0.8990 0.0249
vn -0.4364 0.8994 0.0251
vn -0.0141 0.7035 0.7105
vn -0.0109 0.4773 0.8787
vn 0.0067 0.4191 0.9079
vn -0.0081 0.5376 0.8431
vn -0.0146 0.6642 0.7474
vn -0.0117 0.6346 0.7727
vn -0.0157 0.9025 0.4304
vn -0.0156 0.9025 0.4303
vn -0.0156 0.8487 0.5286
vn -0.0155 0.8488 0.5285
vn -0.0153 0.7812 0.6241
vn -0.0192 0.7647 0.6441
vn -0.0146 0.7060 0.7081
vn -0.0013 0.9030 0.4296
vn -0.0014 0.9026 0.4304
vn -0.0013 0.8493 0.5278
vn -0.0014 0.8488 0.5287
vn -0.0013 0.7820 0.6233
vn -0.0014 0.7813 0.6241
vn -0.0012 0.7043 0.7099
vn -0.0014 0.7036 0.7106
vn -0.0012 0.6225 0.7826
vn -0.0038 0.6030 0.7978
vn -0.0034 0.5433 0.8395
vn -0.0013 0.5716 0.8205
vn -0.0011 0.4449 0.8956
vn -0.0035 0.4346 0.9006
vn -0.0967 0.7969 0.5963
vn -0.1045 0.8047 0.5845
vn -0.2489 0.7012 0.6681
vn -0.2493 0.7575 0.6033
vn -0.2221 0.7749 0.5918
vn -0.2045 0.7738 0.5994
vn -0.1398 0.7851 0.6033
vn -0.2880 0.6749 0.6794
vn -0.2346 0.6168 0.7514
vn -0.2697 0.5999 0.7532
vn -0.2713 0.5234 0.8078
vn -0.2528 0.5195 0.8162
vn -0.2411 0.4291 0.8705
vn -0.2357 0.4282 0.8724
vn -0.0456 0.7755 0.6297
vn -0.0477 0.7802 0.6237
vn -0.4273 0.4025 0.8096
vn -0.3955 0.4191 0.8173
vn -0.4108 0.4964 0.7648
vn -0.4115 0.4956 0.7649
vn -0.4239 0.5649 0.7079
vn -0.4248 0.5640 0.7081
vn -0.4359 0.6349 0.6379
vn -0.4367 0.6340 0.6382
vn -0.4451 0.7009 0.5573
vn -0.4459 0.7001 0.5576
vn -0.4509 0.7584 0.4707
vn -0.4531 0.8049 0.3833
vn -0.4515 0.7579 0.4710
vn -0.2243 0.8277 0.5144
vn -0.2246 0.8274 0.5147
vn -0.1052 0.8444 0.5252
vn -0.1054 0.8443 0.5255
vn -0.0484 0.8480 0.5278
vn -0.0485 0.8479 0.5279
vn -0.4533 0.8047 0.3834
vn -0.2256 0.8795 0.4190
vn -0.2257 0.8794 0.4191
vn -0.1059 0.8976 0.4278
vn -0.1059 0.8976 0.4279
vn -0.0487 0.9016 0.4298
vn -0.0487 0.9016 0.4299
vn -0.7248 0.6887 -0.0192
vn -0.9093 0.4160 -0.0118
vn -0.7257 0.6877 -0.0194
vn -0.7270 0.6837 -0.0632
vn -0.7291 0.6815 -0.0635
vn -0.7319 0.6707 -0.1204
vn -0.7339 0.6685 -0.1206
vn -0.7372 0.6519 -0.1777
vn -0.7556 0.6289 -0.1833
vn -0.7227 0.6504 -0.2338
vn -0.9332 0.3579 -0.0333
vn -0.9421 0.3336 -0.0343
vn -0.9085 0.4112 -0.0741
vn -0.9418 0.3233 -0.0924
vn -0.9406 0.3266 -0.0928
vn -0.9972 0.0743 -0.0028
vn -0.9969 0.0783 -0.0070
vn -0.9966 0.0824 -0.0085
vn -0.9974 0.0710 -0.0125
vn -0.9970 0.0746 -0.0209
vn -0.9968 0.0772 -0.0207
vn -0.9974 0.0676 -0.0244
vn 0.8320 -0.4966 -0.2475
vn 0.5673 -0.7512 -0.3375
vn 0.2429 -0.8726 -0.4237
vn 0.8000 -0.5953 0.0750
vn 0.7254 -0.6861 0.0555
vn 0.1815 -0.9024 -0.3907
vn 0.4667 -0.7286 0.5014
vn 0.4133 -0.7902 0.4525
vn 0.3415 -0.9379 0.0616
vn 0.2181 -0.9715 -0.0928
vn -0.0044 -0.7623 0.6472
vn -0.0047 -0.7729 0.6346
vn -0.0074 -0.9785 0.2063
vn -0.0099 -0.9908 0.1351
vn -0.0094 -0.9535 0.3012
vn -0.0041 -0.9643 -0.2648
vn -0.3325 -0.6899 0.6430
vn -0.3807 -0.7800 0.4967
vn -0.1967 -0.9787 -0.0583
vn -0.5997 -0.7501 0.2789
vn -0.2285 -0.9158 -0.3303
vn -0.7089 -0.6814 0.1820
vn -0.7452 -0.5971 0.2968
vn -0.7330 -0.6791 -0.0382
vn -0.6687 -0.6794 -0.3022
vn -0.8003 -0.5411 -0.2583
vn -0.0123 -0.9896 -0.1434
vn -0.0049 -0.9909 -0.1344
vn -0.0018 -0.9630 -0.2695
vn -0.0007 -0.9407 -0.3393
vn -0.0018 -0.9418 -0.3362
vn -0.0387 -0.9841 -0.1736
vn -0.0409 -0.9835 -0.1761
vn -0.0409 -0.9837 -0.1750
vn -0.0032 -0.9651 -0.2619
vn -0.0311 -0.9700 -0.2410
vn -0.0140 -0.9411 -0.3378
vn -0.0205 -0.9433 -0.3314
vn -0.0087 -0.9996 -0.0272
vn -0.0027 -0.9886 -0.1506
vn -0.0028 -0.9953 -0.0966
vn -0.0067 -0.9959 -0.0904
vn -0.0017 -0.9994 -0.0354
vn -0.0149 -0.9995 -0.0272
vn -0.0150 -0.9995 -0.0273
vn -0.0150 -0.9958 -0.0904
vn -0.0151 -0.9958 -0.0906
vn -0.0152 -0.9914 -0.1297
vn 0.3480 -0.4148 -0.8407
vn 0.3489 -0.4150 -0.8403
vn 0.3651 -0.5046 -0.7824
vn 0.3658 -0.5049 -0.7818
vn 0.3773 -0.5756 -0.7255
vn 0.3781 -0.5759 -0.7248
vn 0.3884 -0.6484 -0.6547
vn 0.3893 -0.6486 -0.6540
vn 0.3971 -0.7172 -0.5726
vn 0.3979 -0.7173 -0.5720
vn 0.4026 -0.7771 -0.4838
vn 0.4031 -0.7771 -0.4833
vn 0.4047 -0.8255 -0.3935
vn 0.4049 -0.8254 -0.3934
vn 0.1181 -0.4395 -0.8905
vn 0.1179 -0.4394 -0.8905
vn 0.1242 -0.5377 -0.8339
vn 0.1243 -0.5378 -0.8339
vn 0.1288 -0.6162 -0.7770
vn 0.1290 -0.6163 -0.7768
vn 0.1330 -0.6972 -0.7044
vn 0.1333 -0.6974 -0.7042
vn 0.1365 -0.7740 -0.6183
vn 0.1367 -0.7741 -0.6181
vn 0.1386 -0.8406 -0.5236
vn 0.1388 -0.8407 -0.5234
vn 0.1394 -0.8938 -0.4262
vn 0.1395 -0.8938 -0.4261
vn 0.0285 -0.4428 -0.8962
vn 0.0281 -0.4424 -0.8964
vn 0.0302 -0.5427 -0.8394
vn 0.0295 -0.5417 -0.8401
vn 0.0312 -0.6219 -0.7824
vn 0.0306 -0.6211 -0.7832
vn 0.0322 -0.7038 -0.7096
vn 0.0316 -0.7031 -0.7104
vn 0.0330 -0.7815 -0.6231
vn 0.0325 -0.7809 -0.6238
vn 0.0295 -0.8446 -0.5345
vn 0.0339 -0.8483 -0.5284
vn 0.0326 -0.9018 -0.4310
vn 0.0333 -0.9021 -0.4302
vn 0.3108 -0.2163 -0.9255
vn 0.2944 -0.1266 -0.9473
vn 0.2846 -0.0662 -0.9563
vn 0.3112 -0.2164 -0.9254
vn 0.1048 -0.2265 -0.9684
vn 0.1056 -0.2268 -0.9682
vn 0.0259 -0.2280 -0.9733
vn 0.0256 -0.2278 -0.9734
vn 0.0260 -0.3387 -0.9405
vn 0.0269 -0.3395 -0.9402
vn 0.1121 -0.3375 -0.9346
vn 0.1115 -0.3372 -0.9348
vn 0.3304 -0.3202 -0.8878
vn 0.3305 -0.3202 -0.8878
vn 0.0161 -0.2277 -0.9736
vn 0.2949 -0.1267 -0.9471
vn 0.0993 -0.1319 -0.9863
vn 0.1001 -0.1322 -0.9862
vn 0.0247 -0.1328 -0.9908
vn 0.0285 -0.1353 -0.9904
vn 0.2850 -0.0663 -0.9562
vn 0.0963 -0.0688 -0.9930
vn 0.0968 -0.0690 -0.9929
vn 0.0190 -0.0693 -0.9974
vn 0.0239 -0.0722 -0.9971
vn -0.9052 -0.1895 -0.3804
vn -0.9160 -0.2355 -0.3247
vn -0.9145 -0.3673 -0.1698
vn -0.9439 -0.2770 -0.1797
vn -0.9307 -0.3121 -0.1910
vn -0.9236 -0.2705 -0.2715
vn -0.9151 -0.2894 -0.2808
vn -0.9336 -0.1983 -0.2984
vn -0.9191 -0.1662 -0.3573
vn -0.9959 -0.0381 -0.0815
vn -0.9955 -0.0418 -0.0848
vn -0.7557 -0.5912 -0.2816
vn -0.7406 -0.6103 -0.2811
vn -0.7392 -0.5722 -0.3552
vn -0.7556 -0.5489 -0.3575
vn -0.7108 -0.5506 -0.4378
vn -0.7440 -0.4714 -0.4736
vn -0.7454 -0.4696 -0.4732
vn -0.6926 -0.4499 -0.5638
vn -0.7181 -0.3789 -0.5838
vn -0.7011 -0.3980 -0.5916
vn -0.6794 -0.3237 -0.6585
vn -0.6695 -0.3312 -0.6649
vn -0.9976 -0.0635 -0.0288
vn -0.9970 -0.0655 -0.0402
vn -0.9972 -0.0629 -0.0404
vn -0.9971 -0.0546 -0.0533
vn -0.9971 -0.0548 -0.0533
vn -0.9966 -0.0482 -0.0665
vn -0.9967 -0.0474 -0.0663
vn -0.4364 -0.8994 -0.0249
vn -0.4373 -0.8990 -0.0251
vn -0.4387 -0.8949 -0.0822
vn -0.4408 -0.8938 -0.0826
vn -0.4437 -0.8822 -0.1578
vn -0.4458 -0.8811 -0.1582
vn -0.4494 -0.8620 -0.2346
vn -0.4500 -0.8616 -0.2348
vn -0.4521 -0.8394 -0.3016
vn -0.4524 -0.8393 -0.3017
vn -0.2157 -0.9761 -0.0269
vn -0.2163 -0.9760 -0.0270
vn -0.2171 -0.9721 -0.0889
vn -0.2183 -0.9718 -0.0893
vn -0.2200 -0.9603 -0.1713
vn -0.2212 -0.9600 -0.1717
vn -0.2234 -0.9406 -0.2556
vn -0.2237 -0.9405 -0.2559
vn -0.2250 -0.9170 -0.3293
vn -0.2251 -0.9170 -0.3294
vn -0.1011 -0.9945 -0.0272
vn -0.1014 -0.9945 -0.0274
vn -0.1017 -0.9907 -0.0903
vn -0.1023 -0.9906 -0.0906
vn -0.1032 -0.9793 -0.1744
vn -0.1038 -0.9791 -0.1747
vn -0.1048 -0.9597 -0.2606
vn -0.1050 -0.9597 -0.2608
vn -0.1056 -0.9359 -0.3360
vn -0.1057 -0.9359 -0.3361
vn -0.0465 -0.9985 -0.0273
vn -0.0466 -0.9985 -0.0273
vn -0.0468 -0.9948 -0.0905
vn -0.0470 -0.9948 -0.0907
vn -0.0474 -0.9834 -0.1749
vn -0.0477 -0.9834 -0.1751
vn -0.0482 -0.9640 -0.2616
vn -0.0483 -0.9639 -0.2617
vn -0.0485 -0.9401 -0.3374
vn -0.0486 -0.9401 -0.3375
vn -0.0147 -0.7035 -0.7105
vn -0.0284 -0.9053 -0.4239
vn -0.0130 -0.8349 -0.5502
vn -0.0164 -0.8388 -0.5442
vn -0.0007 -0.8946 -0.4468
vn 0.0025 -0.8469 -0.5317
vn -0.0002 -0.8993 -0.4374
vn 0.0016 -0.9026 -0.4304
vn 0.0043 -0.4253 -0.9050
vn -0.0088 -0.4715 -0.8818
vn -0.0091 -0.5334 -0.8458
vn -0.0137 -0.6496 -0.7602
vn -0.0118 -0.6358 -0.7717
vn -0.0027 -0.4365 -0.8997
vn -0.0010 -0.4436 -0.8962
vn -0.0012 -0.5724 -0.8200
vn -0.0034 -0.5430 -0.8397
vn -0.0037 -0.6029 -0.7978
vn -0.0012 -0.6223 -0.7828
vn -0.0013 -0.7036 -0.7106
vn -0.0012 -0.7042 -0.7100
vn -0.0014 -0.7813 -0.6241
vn -0.0015 -0.7805 -0.6251
vn -0.0009 -0.8380 -0.5457
vn 0.0055 -0.7096 -0.7046
vn -0.0149 -0.7047 -0.7093
vn -0.0153 -0.7814 -0.6239
vn -0.0153 -0.7812 -0.6241
vn -0.0155 -0.8437 -0.5366
vn -0.0052 -0.8484 -0.5293
vn -0.0017 -0.0694 -0.9976
vn -0.0038 -0.0975 -0.9952
vn 0.0021 -0.0608 -0.9981
vn -0.0020 -0.1988 -0.9800
vn -0.0048 -0.1712 -0.9852
vn -0.0001 -0.1405 -0.9901
vn -0.0026 -0.2633 -0.9647
vn -0.0012 -0.3405 -0.9402
vn -0.0022 -0.3470 -0.9379
vn 0.0350 0.0349 -0.9988
vn 0.2222 0.0359 -0.9743
vn 0.3445 0.0276 -0.9384
vn 0.3429 0.0089 -0.9393
vn 0.3430 0.0089 -0.9393
vn 0.3430 -0.0054 -0.9393
vn 0.1631 0.0281 -0.9862
vn 0.1638 0.0097 -0.9864
vn 0.1664 0.0093 -0.9860
vn 0.1678 -0.0093 -0.9858
vn 0.1961 -0.0137 -0.9805
vn 0.1990 -0.0249 -0.9797
vn 0.2808 -0.0339 -0.9592
vn 0.0953 -0.0366 -0.9948
vn 0.0165 0.0259 -0.9995
vn 0.0162 0.0095 -0.9998
vn 0.0173 0.0086 -0.9998
vn 0.0170 -0.0095 -0.9998
vn 0.0171 -0.0096 -0.9998
vn 0.0174 -0.0258 -0.9995
vn 0.0237 -0.0290 -0.9993
vn -0.8968 -0.1017 -0.4305
vn -0.6598 -0.0871 -0.7464
vn -0.5979 -0.1843 -0.7801
vn -0.6660 -0.1557 -0.7295
vn -0.6178 -0.0507 -0.7847
vn -0.8687 -0.0663 -0.4909
vn -0.5925 -0.0563 -0.8036
vn -0.8602 -0.0356 -0.5086
vn -0.8746 -0.0306 -0.4838
vn -0.8700 -0.1688 -0.4633
vn -0.6424 -0.2623 -0.7200
vn -0.6802 -0.2389 -0.6930
vn -0.9961 -0.0302 -0.0825
vn -0.9948 -0.0243 -0.0985
vn -0.8825 -0.1135 -0.4564
vn -0.5918 -0.1079 -0.7988
vn -0.9937 -0.0073 -0.1116
vn -0.9939 -0.0070 -0.1100
vn -0.9944 -0.0148 -0.1051
vn -0.9945 -0.0140 -0.1034
vn -0.9946 -0.0258 -0.1002
vn -0.0468 -0.7806 -0.6233
vn -0.1866 -0.7748 -0.6041
vn -0.0946 -0.7935 -0.6011
vn -0.2392 -0.7253 -0.6456
vn -0.2457 -0.7582 -0.6039
vn -0.2965 -0.6648 -0.6857
vn -0.2728 -0.6781 -0.6825
vn -0.2542 -0.6066 -0.7533
vn -0.2670 -0.6004 -0.7538
vn -0.2715 -0.5233 -0.8077
vn -0.2527 -0.5193 -0.8163
vn -0.2404 -0.4235 -0.8734
vn -0.2767 -0.4271 -0.8608
vn -0.0503 -0.7486 -0.6611
vn -0.0203 -0.7095 -0.7044
vn -0.0477 -0.7825 -0.6209
vn -0.0484 -0.8480 -0.5278
vn -0.0414 -0.8563 -0.5148
vn -0.0426 -0.9019 -0.4299
vn -0.0487 -0.8924 -0.4487
vn -0.1059 -0.8976 -0.4279
vn -0.1059 -0.8976 -0.4278
vn -0.1054 -0.8443 -0.5254
vn -0.1052 -0.8444 -0.5252
vn -0.1045 -0.8035 -0.5860
vn -0.1298 -0.7907 -0.5983
vn -0.2257 -0.8794 -0.4191
vn -0.2256 -0.8795 -0.4190
vn -0.2246 -0.8274 -0.5147
vn -0.2243 -0.8277 -0.5144
vn -0.2221 -0.7759 -0.5904
vn -0.4087 -0.4033 -0.8188
vn -0.3936 -0.4105 -0.8226
vn -0.4108 -0.4964 -0.7648
vn -0.4115 -0.4956 -0.7649
vn -0.4239 -0.5649 -0.7079
vn -0.4248 -0.5640 -0.7081
vn -0.4359 -0.6349 -0.6379
vn -0.4367 -0.6340 -0.6382
vn -0.4451 -0.7009 -0.5573
vn -0.4459 -0.7001 -0.5576
vn -0.4509 -0.7584 -0.4707
vn -0.4515 -0.7579 -0.4710
vn -0.4531 -0.8049 -0.3833
vn -0.4533 -0.8047 -0.3834
vn -0.0022 0.0357 -0.9994
vn -0.0012 0.0331 -0.9995
vn -0.0019 0.0202 -0.9998
vn -0.0015 0.0095 -1.0000
vn -0.0018 0.0090 -1.0000
vn -0.0018 -0.0095 -1.0000
vn -0.0011 -0.0083 -1.0000
vn -0.0027 -0.0288 -0.9996
vn -0.0005 -0.0330 -0.9995
vn 0.2857 0.0724 -0.9556
vn 0.2949 0.1265 -0.9471
vn 0.3112 0.2163 -0.9254
vn 0.3305 0.3203 -0.8878
vn 0.2203 0.0625 -0.9734
vn 0.0937 0.0751 -0.9928
vn 0.0354 0.0609 -0.9975
vn 0.0084 0.0731 -0.9973
vn 0.2944 0.1267 -0.9472
vn 0.0955 0.1319 -0.9866
vn 0.0992 0.1302 -0.9865
vn 0.0250 0.1366 -0.9903
vn 0.0092 0.1273 -0.9918
vn 0.0276 0.1145 -0.9930
vn 0.3108 0.2164 -0.9255
vn 0.1056 0.2264 -0.9683
vn 0.1048 0.2268 -0.9683
vn 0.0258 0.2280 -0.9733
vn 0.0247 0.2290 -0.9731
vn 0.3305 0.3202 -0.8878
vn 0.1121 0.3372 -0.9348
vn 0.1115 0.3375 -0.9347
vn 0.0274 0.3395 -0.9402
vn 0.0266 0.3403 -0.9399
vn -0.5796 0.0263 -0.8145
vn -0.5864 -0.0296 -0.8095
vn -0.6205 -0.0221 -0.7839
vn -0.5180 -0.0075 -0.8553
vn -0.6197 0.0038 -0.7848
vn -0.5745 0.0126 -0.8184
vn -0.6043 0.0284 -0.7962
vn -0.8869 0.0173 -0.4617
vn -0.8678 0.0160 -0.4966
vn -0.8291 0.0031 -0.5591
vn -0.8931 -0.0040 -0.4499
vn -0.8250 -0.0165 -0.5649
vn -0.9924 0.0046 -0.1230
vn -0.9944 0.0015 -0.1061
vn -0.9925 -0.0018 -0.1222
vn -0.9938 -0.0010 -0.1111
vn -0.2054 -0.3424 -0.9168
vn -0.3151 -0.2877 -0.9044
vn -0.2465 -0.2618 -0.9331
vn -0.2375 -0.1697 -0.9564
vn -0.2565 -0.1729 -0.9509
vn -0.2176 -0.0989 -0.9710
vn -0.1764 -0.0900 -0.9802
vn -0.2449 -0.0609 -0.9676
vn -0.3908 -0.2823 -0.8761
vn -0.3060 -0.3080 -0.9008
vn -0.4182 -0.1892 -0.8884
vn -0.2901 -0.1672 -0.9423
vn -0.4116 -0.0923 -0.9067
vn -0.3574 -0.0606 -0.9320
vn -0.3700 -0.0583 -0.9272
vn -0.3211 -0.1106 -0.9406
vn 0.0009 0.3642 -0.9313
vn -0.0028 0.3415 -0.9399
vn -0.0029 0.2976 -0.9547
vn -0.0002 0.2293 -0.9734
vn -0.0019 0.2186 -0.9758
vn -0.0028 0.1591 -0.9873
vn -0.0016 0.1519 -0.9884
vn 0.0002 0.0910 -0.9958
vn -0.0090 0.1146 -0.9934
vn 0.0009 0.0692 -0.9976
vn 0.0007 0.0681 -0.9977
vn 0.4049 0.8254 -0.3935
vn 0.4047 0.8255 -0.3934
vn 0.4031 0.7769 -0.4836
vn 0.4026 0.7773 -0.4834
vn 0.3979 0.7169 -0.5724
vn 0.3972 0.7176 -0.5722
vn 0.3892 0.6482 -0.6545
vn 0.3885 0.6489 -0.6542
vn 0.3780 0.5754 -0.7253
vn 0.3773 0.5761 -0.7251
vn 0.3657 0.5045 -0.7822
vn 0.3651 0.5050 -0.7821
vn 0.3488 0.4147 -0.8405
vn 0.3481 0.4151 -0.8406
vn 0.1395 0.8938 -0.4262
vn 0.1394 0.8938 -0.4261
vn 0.1388 0.8406 -0.5235
vn 0.1386 0.8407 -0.5234
vn 0.1367 0.7739 -0.6183
vn 0.1365 0.7742 -0.6181
vn 0.1333 0.6972 -0.7044
vn 0.1331 0.6974 -0.7042
vn 0.1290 0.6162 -0.7770
vn 0.1288 0.6164 -0.7769
vn 0.1243 0.5377 -0.8339
vn 0.1242 0.5378 -0.8339
vn 0.1179 0.4395 -0.8905
vn 0.1181 0.4394 -0.8905
vn 0.0337 0.9017 -0.4310
vn 0.0331 0.9021 -0.4302
vn 0.0336 0.8478 -0.5293
vn 0.0329 0.8484 -0.5284
vn 0.0331 0.7802 -0.6247
vn 0.0324 0.7809 -0.6238
vn 0.0322 0.7023 -0.7111
vn 0.0317 0.7031 -0.7104
vn 0.0312 0.6203 -0.7838
vn 0.0307 0.6211 -0.7832
vn 0.0301 0.5404 -0.8409
vn 0.0294 0.5417 -0.8401
vn 0.0287 0.4420 -0.8965
vn 0.0284 0.4424 -0.8964
vn -0.0047 0.9996 -0.0272
vn -0.0067 0.9997 -0.0253
vn -0.0003 0.9959 -0.0904
vn -0.0061 0.9965 -0.0837
vn -0.0013 0.9417 -0.3363
vn -0.0011 0.9412 -0.3378
vn -0.0016 0.9663 -0.2574
vn -0.0008 0.9651 -0.2618
vn -0.0016 0.9809 -0.1943
vn -0.0062 0.9846 -0.1750
vn -0.0018 0.9898 -0.1428
vn -0.0149 0.9995 -0.0273
vn -0.0150 0.9995 -0.0272
vn -0.0150 0.9958 -0.0906
vn -0.0151 0.9958 -0.0904
vn -0.0152 0.9844 -0.1751
vn -0.0153 0.9845 -0.1749
vn -0.0155 0.9650 -0.2619
vn -0.0155 0.9650 -0.2617
vn -0.0156 0.9411 -0.3378
vn -0.0156 0.9411 -0.3377
vn -0.8813 0.0633 -0.4683
vn -0.6575 0.2579 -0.7080
vn -0.6073 0.1064 -0.7873
vn -0.6074 0.1064 -0.7873
vn -0.6307 0.1783 -0.7553
vn -0.8737 0.1665 -0.4571
vn -0.9013 0.1074 -0.4197
vn -0.8329 0.0387 -0.5521
vn -0.5925 0.0563 -0.8036
vn -0.6137 0.0585 -0.7874
vn -0.9946 0.0067 -0.1035
vn -0.9942 0.0140 -0.1068
vn -0.8678 0.0635 -0.4928
vn -0.8812 0.1087 -0.4600
vn -0.6310 0.1784 -0.7550
vn -0.6566 0.2579 -0.7088
vn -0.9961 0.0303 -0.0826
vn -0.9944 0.0241 -0.1026
vn -0.9952 0.0240 -0.0950
vn -0.9940 0.0138 -0.1086
vn -0.1926 -0.0358 -0.9806
vn -0.1804 -0.0343 -0.9830
vn -0.2387 -0.0126 -0.9710
vn -0.2711 -0.0084 -0.9625
vn -0.2137 -0.0002 -0.9769
vn -0.2098 0.0151 -0.9776
vn -0.1714 0.0204 -0.9850
vn -0.2411 0.0345 -0.9699
vn -0.3559 0.0337 -0.9339
vn -0.3530 0.0334 -0.9350
vn -0.3510 0.0144 -0.9362
vn -0.3502 -0.0082 -0.9366
vn -0.3531 -0.0342 -0.9349
vn -0.3532 -0.0342 -0.9349
vn -0.0123 0.5424 -0.8400
vn -0.0063 0.5237 -0.8519
vn -0.0087 0.6041 -0.7968
vn -0.0145 0.6216 -0.7832
vn 0.0127 0.4091 -0.9124
vn 0.0046 0.4268 -0.9044
vn -0.0073 0.4626 -0.8866
vn -0.0014 0.9026 -0.4304
vn -0.0013 0.9022 -0.4313
vn -0.0014 0.8488 -0.5287
vn -0.0013 0.8483 -0.5296
vn -0.0014 0.7813 -0.6241
vn -0.0013 0.7806 -0.6250
vn -0.0013 0.7036 -0.7106
vn -0.0012 0.7027 -0.7115
vn -0.0013 0.6217 -0.7833
vn -0.0011 0.6206 -0.7841
vn -0.0012 0.5424 -0.8401
vn -0.0011 0.5415 -0.8407
vn -0.0012 0.4322 -0.9018
vn -0.0030 0.4428 -0.8966
vn -0.0157 0.9025 -0.4303
vn -0.0156 0.9025 -0.4304
vn -0.0156 0.8488 -0.5285
vn -0.0155 0.8487 -0.5286
vn -0.0153 0.7814 -0.6239
vn -0.0153 0.7812 -0.6241
vn -0.0150 0.7135 -0.7005
vn -0.0134 0.7035 -0.7105
vn -0.0150 0.6675 -0.7444
vn -0.0465 0.9985 -0.0273
vn -0.1011 0.9945 -0.0272
vn -0.2157 0.9761 -0.0269
vn -0.4364 0.8994 -0.0249
vn -0.0466 0.9985 -0.0273
vn -0.0468 0.9948 -0.0905
vn -0.0470 0.9948 -0.0907
vn -0.0474 0.9834 -0.1749
vn -0.0477 0.9834 -0.1751
vn -0.0482 0.9640 -0.2616
vn -0.0483 0.9639 -0.2617
vn -0.0485 0.9401 -0.3374
vn -0.0486 0.9401 -0.3375
vn -0.1014 0.9945 -0.0274
vn -0.1017 0.9907 -0.0903
vn -0.1023 0.9906 -0.0906
vn -0.1032 0.9793 -0.1744
vn -0.1038 0.9791 -0.1747
vn -0.1048 0.9597 -0.2606
vn -0.1050 0.9597 -0.2608
vn -0.1056 0.9359 -0.3360
vn -0.1057 0.9359 -0.3361
vn -0.2163 0.9760 -0.0270
vn -0.2171 0.9721 -0.0889
vn -0.2183 0.9718 -0.0893
vn -0.2200 0.9603 -0.1713
vn -0.2212 0.9600 -0.1717
vn -0.2234 0.9406 -0.2556
vn -0.2237 0.9405 -0.2559
vn -0.2250 0.9170 -0.3293
vn -0.2251 0.9170 -0.3294
vn -0.4373 0.8990 -0.0251
vn -0.4387 0.8949 -0.0822
vn -0.4408 0.8938 -0.0826
vn -0.4437 0.8822 -0.1578
vn -0.4458 0.8810 -0.1582
vn -0.4494 0.8620 -0.2346
vn -0.4500 0.8616 -0.2348
vn -0.4521 0.8394 -0.3016
vn -0.4524 0.8393 -0.3017
vn -0.9975 0.0636 -0.0316
vn -0.9183 0.1676 -0.3587
vn -0.9965 0.0492 -0.0678
vn -0.9174 0.3615 -0.1663
vn -0.9415 0.2907 -0.1704
vn -0.9286 0.3124 -0.2002
vn -0.9264 0.2730 -0.2592
vn -0.9184 0.2819 -0.2775
vn -0.9284 0.2182 -0.3009
vn -0.9145 0.2276 -0.3345
vn -0.9052 0.1895 -0.3804
vn -0.6789 0.3274 -0.6572
vn -0.9957 0.0394 -0.0835
vn -0.9963 0.0392 -0.0770
vn -0.7558 0.5961 -0.2709
vn -0.7407 0.6066 -0.2889
vn -0.7386 0.5671 -0.3645
vn -0.7565 0.5556 -0.3449
vn -0.7106 0.5507 -0.4379
vn -0.7487 0.4724 -0.4650
vn -0.7379 0.4761 -0.4783
vn -0.6931 0.4496 -0.5635
vn -0.7201 0.3910 -0.5732
vn -0.6989 0.3894 -0.5999
vn -0.6802 0.3263 -0.6564
vn -0.9970 0.0483 -0.0608
vn -0.9968 0.0576 -0.0549
vn -0.9975 0.0567 -0.0425
vn -0.9970 0.0668 -0.0394
vn -0.2111 0.0676 -0.9751
vn -0.1820 0.0627 -0.9813
vn -0.2101 0.1557 -0.9652
vn -0.2898 0.2098 -0.9338
vn -0.2195 0.2384 -0.9460
vn -0.2422 0.3261 -0.9138
vn -0.3551 0.0644 -0.9326
vn -0.3799 0.0680 -0.9225
vn -0.3409 0.1096 -0.9337
vn -0.4191 0.1215 -0.8998
vn -0.4069 0.3124 -0.8584
vn -0.2554 0.1216 -0.9591
vn -0.2110 0.1135 -0.9709
vn -0.3625 0.2032 -0.9096
vn -0.4182 0.2087 -0.8840
vn -0.4512 0.3175 -0.8340
vn -0.2680 0.3330 -0.9040
vn -0.4250 0.4029 -0.8106
vn -0.2535 0.5260 -0.8118
vn -0.2411 0.4287 -0.8707
vn -0.2536 0.5259 -0.8118
vn -0.2941 0.6141 -0.7324
vn -0.2328 0.6059 -0.7607
vn -0.2932 0.6905 -0.6613
vn -0.2644 0.6797 -0.6842
vn -0.2426 0.7365 -0.6314
vn -0.2464 0.7581 -0.6038
vn -0.2077 0.7860 -0.5823
vn -0.0891 0.8134 -0.5749
vn -0.0487 0.9016 -0.4298
vn -0.0487 0.9016 -0.4299
vn -0.0485 0.8480 -0.5278
vn -0.0484 0.8479 -0.5279
vn -0.0477 0.7812 -0.6224
vn -0.0469 0.7806 -0.6233
vn -0.0371 0.7165 -0.6966
vn -0.1059 0.8976 -0.4278
vn -0.1059 0.8976 -0.4279
vn -0.1054 0.8444 -0.5252
vn -0.1052 0.8443 -0.5255
vn -0.1044 0.7991 -0.5920
vn -0.0546 0.7779 -0.6260
vn -0.2257 0.8795 -0.4190
vn -0.2256 0.8794 -0.4192
vn -0.2246 0.8276 -0.5144
vn -0.2242 0.8275 -0.5147
vn -0.2217 0.7680 -0.6008
vn -0.1336 0.7870 -0.6023
vn -0.4533 0.8048 -0.3832
vn -0.4531 0.8048 -0.3834
vn -0.4515 0.7581 -0.4706
vn -0.4509 0.7581 -0.4711
vn -0.4460 0.7006 -0.5571
vn -0.4451 0.7005 -0.5579
vn -0.4368 0.6346 -0.6376
vn -0.4358 0.6343 -0.6385
vn -0.4249 0.5646 -0.7076
vn -0.4238 0.5643 -0.7085
vn -0.4116 0.4962 -0.7644
vn -0.4107 0.4958 -0.7652
vn -0.3952 0.4181 -0.8179
vn -0.2500 0.4262 -0.8694
vn 0.0098 -0.0659 -0.9978
vn -0.0323 -0.1398 -0.9897
vn -0.0000 -0.1550 -0.9879
vn -0.0000 -0.0705 -0.9975
vn -0.0000 -0.3438 -0.9390
vn -0.0329 -0.3129 -0.9492
vn 0.0066 -0.2478 -0.9688
vn -0.0306 0.0198 -0.9993
vn -0.0000 0.0136 -0.9999
vn -0.0000 -0.0206 -0.9998
vn -0.0329 -0.0147 -0.9993
vn -0.0000 0.3443 -0.9389
vn -0.0000 0.2279 -0.9737
vn -0.0226 0.2115 -0.9771
vn 0.0099 0.0651 -0.9978
vn -0.0364 0.0873 -0.9955
vn 0.0058 0.1265 -0.9920
vn 0.0135 0.8865 -0.4624
vn -0.0042 0.8957 -0.4447
vn 0.0054 0.8018 -0.5976
vn -0.0061 0.7954 -0.6061
vn -0.0180 0.6400 -0.7682
vn -0.0000 0.4530 -0.8915
vn -0.0181 0.4675 -0.8838
vn 0.0084 0.6195 -0.7850
vn -0.0026 0.9893 -0.1456
vn 0.0155 0.9843 -0.1760
vn 0.0356 0.9797 -0.1974
vn -0.0047 0.9853 -0.1705
vn -0.0043 0.9406 -0.3394
vn 0.0045 0.9369 -0.3495
vn 0.0005 0.9658 -0.2594
vn 0.0062 0.9640 -0.2657
vn -0.0028 0.9893 -0.1456
vn 0.0032 0.9958 -0.0918
vn -0.0168 0.9979 -0.0632
vn 0.0034 0.9993 -0.0365
vn -0.0064 0.9566 0.2912
vn 0.0145 0.9636 0.2671
vn 0.0002 0.9751 0.2218
vn 0.0043 0.9850 0.1723
vn 0.0128 0.9834 0.1812
vn -0.0189 0.9923 0.1220
vn 0.0012 0.9994 0.0334
vn -0.0154 0.9989 0.0446
vn 0.0010 0.9906 0.1370
vn 0.0072 0.9896 0.1435
vn -0.0000 0.4416 0.8972
vn 0.0022 0.4395 0.8983
vn -0.0111 0.5726 0.8197
vn 0.0067 0.9112 0.4119
vn -0.0000 0.5820 0.8132
vn -0.0000 0.7163 0.6978
vn -0.0312 0.7412 0.6706
vn 0.0053 0.8355 0.5495
vn 0.0134 0.8421 0.5392
vn -0.0114 0.9018 0.4319
vn 0.0098 0.0659 0.9978
vn -0.0323 0.1398 0.9897
vn -0.0000 0.1550 0.9879
vn -0.0000 0.0705 0.9975
vn -0.0000 0.3438 0.9390
vn -0.0329 0.3129 0.9492
vn 0.0066 0.2478 0.9688
vn -0.0306 -0.0198 0.9993
vn -0.0000 -0.0136 0.9999
vn -0.0000 0.0206 0.9998
vn -0.0329 0.0147 0.9993
vn -0.0000 -0.3443 0.9389
vn -0.0000 -0.2279 0.9737
vn -0.0226 -0.2115 0.9771
vn 0.0099 -0.0651 0.9978
vn -0.0364 -0.0873 0.9955
vn 0.0058 -0.1265 0.9920
vn 0.0122 -0.8872 0.4611
vn -0.0042 -0.8957 0.4447
vn 0.0054 -0.8018 0.5976
vn -0.0061 -0.7954 0.6061
vn -0.0180 -0.6400 0.7682
vn -0.0000 -0.4530 0.8915
vn -0.0181 -0.4675 0.8838
vn 0.0084 -0.6195 0.7850
vn -0.0033 -0.9893 0.1456
vn 0.0150 -0.9844 0.1755
vn 0.0352 -0.9798 0.1970
vn -0.0042 -0.9853 0.1705
vn -0.0038 -0.9406 0.3394
vn 0.0069 -0.9360 0.3519
vn -0.0002 -0.9658 0.2594
vn 0.0063 -0.9638 0.2664
vn -0.0027 -0.9894 0.1454
vn 0.0032 -0.9958 0.0918
vn -0.0168 -0.9979 0.0632
vn 0.0034 -0.9993 0.0365
vn -0.0071 -0.9563 -0.2923
vn 0.0148 -0.9636 -0.2671
vn -0.0023 -0.9773 -0.2118
vn 0.0083 -0.9850 -0.1722
vn -0.0252 -0.9922 -0.1220
vn 0.0137 -0.9886 -0.1498
vn 0.0012 -0.9994 -0.0334
vn -0.0154 -0.9989 -0.0446
vn 0.0009 -0.9907 -0.1364
vn -0.0000 -0.4416 -0.8972
vn 0.0022 -0.4395 -0.8983
vn -0.0111 -0.5726 -0.8197
vn 0.0071 -0.9112 -0.4119
vn -0.0000 -0.5820 -0.8132
vn -0.0000 -0.7163 -0.6978
vn -0.0312 -0.7412 -0.6706
vn 0.0055 -0.8360 -0.5487
vn 0.0131 -0.8421 -0.5392
vn -0.0108 -0.9018 -0.4319
vn -0.9999 0.0112 0.0005
vn -1.0000 0.0028 -0.0001
vn -1.0000 0.0012 -0.0002
vn -1.0000 -0.0091 -0.0004
vn -1.0000 -0.0024 0.0001
vn -1.0000 -0.0010 0.0002
vn -1.0000 0.0016 -0.0009
vn -1.0000 0.0001 -0.0008
vn -1.0000 0.0025 -0.0042
vn -1.0000 0.0003 -0.0008
vn -1.0000 0.0003 0.0001
vn -1.0000 0.0026 0.0059
vn -1.0000 -0.0014 0.0020
vn -1.0000 0.0001 0.0002
vn -1.0000 0.0001 0.0004
vn 0.1336 0.9899 -0.0467
vn 0.1461 0.9887 0.0342
vn 0.2505 0.9669 -0.0495
vn 0.3078 0.9491 0.0675
vn 0.3105 0.9505 0.0124
vn 0.4970 0.8675 -0.0180
vn 0.4980 0.8665 -0.0354
vn 0.6135 0.7869 0.0657
vn 0.6912 0.7211 -0.0473
vn 0.8031 0.5958 0.0077
vn 0.8021 0.5968 0.0189
vn 0.9082 0.4184 0.0072
vn 0.9088 0.3945 -0.1363
vn 0.9304 0.3609 0.0638
vn 0.9725 0.2287 -0.0438
vn 0.9726 0.2323 0.0008
vn 0.9889 0.1486 -0.0040
vn 0.9888 0.1488 -0.0105
vn 0.9949 0.0997 0.0133
vn 0.9950 0.0994 -0.0028
vn 0.9990 0.0446 -0.0010
vn 0.9990 0.0446 0.0029
vn 0.9999 0.0151 -0.0022
vn 0.9999 0.0149 0.0032
vn 1.0000 0.0023 -0.0015
vn 1.0000 0.0020 0.0096
vn 0.1585 -0.9847 -0.0731
vn 0.1746 -0.9833 0.0515
vn 0.3179 -0.9475 -0.0340
vn 0.3247 -0.9448 -0.0445
vn 0.4132 -0.9100 0.0350
vn 0.5332 -0.8424 -0.0771
vn 0.5422 -0.8393 0.0403
vn 0.6988 -0.7153 -0.0081
vn 0.7262 -0.6850 -0.0577
vn 0.8351 -0.5483 0.0441
vn 0.8720 -0.4869 -0.0503
vn 0.9309 -0.3637 0.0327
vn 0.9540 -0.2915 -0.0696
vn 0.9622 -0.2648 0.0638
vn 0.9844 -0.1594 -0.0744
vn 0.9852 -0.1581 0.0665
vn 0.9959 -0.0841 -0.0331
vn 0.9958 -0.0913 -0.0090
vn 0.9988 -0.0493 0.0072
vn 0.9985 -0.0394 -0.0368
vn 0.9990 -0.0292 0.0348
vn 0.9994 -0.0090 -0.0320
vn 1.0000 -0.0083 0.0011
vn 0.0576 -0.9979 0.0305
vn -0.3690 -0.9285 -0.0407
vn -0.1569 -0.9871 0.0310
vn -0.0774 -0.9968 -0.0205
vn -0.5015 -0.8639 0.0467
vn -0.7670 -0.6404 -0.0395
vn -0.7783 -0.6276 -0.0186
vn -0.9355 -0.3518 0.0334
vn -0.9329 -0.3573 -0.0443
vn -0.9951 -0.0987 0.0090
vn -0.9950 -0.0991 0.0127
vn -0.9990 0.0339 -0.0293
vn -0.9969 0.0641 0.0463
vn -0.9758 0.2150 -0.0403
vn -0.9090 0.4146 0.0432
vn -0.8577 0.5121 -0.0462
vn -0.6856 0.7270 0.0385
vn -0.0141 0.9991 0.0391
vn -0.1160 0.9910 -0.0673
vn -0.3852 0.9219 0.0402
vn -0.5347 0.8443 -0.0357
vn -0.0149 -0.4545 0.8906
vn -0.0232 -0.4243 0.9052
vn -0.0267 -0.4996 0.8659
vn -0.0548 -0.6109 0.7898
vn -0.0294 -0.5882 0.8082
vn -0.0184 -0.5350 0.8447
vn -0.0227 -0.0580 0.9981
vn -0.0109 -0.0699 0.9975
vn -0.0102 -0.0921 0.9957
vn -0.0171 -0.1206 0.9926
vn -0.0096 -0.1484 0.9889
vn -0.0188 -0.2030 0.9790
vn -0.0119 -0.2187 0.9757
vn -0.0164 -0.3132 0.9495
vn -0.0258 -0.3334 0.9424
vn -0.0156 -0.3779 0.9257
vn -0.1672 -0.6326 0.7562
vn -0.0681 -0.6969 0.7139
vn -0.1060 -0.7188 0.6871
vn -0.1186 -0.7183 0.6855
vn -0.1588 -0.6843 0.7117
vn -0.1383 -0.7071 0.6934
vn -0.1254 -0.7160 0.6868
vn -0.1506 -0.4175 0.8961
vn -0.1511 -0.4178 0.8959
vn -0.1566 -0.5013 0.8510
vn -0.1797 -0.5182 0.8361
vn -0.1447 -0.6060 0.7822
vn -0.0533 -0.6099 0.7907
vn -0.0560 -0.6589 0.7501
vn -0.0497 -0.4239 0.9043
vn -0.0504 -0.4255 0.9035
vn -0.0526 -0.4938 0.8680
vn -0.0573 -0.5049 0.8613
vn -0.0537 -0.6108 0.7900
vn -0.0175 -0.0095 0.9998
vn -0.0081 -0.0239 0.9997
vn -0.0162 -0.0323 0.9993
vn -0.0083 0.0065 0.9999
vn -0.0123 0.0095 0.9999
vn -0.0148 0.0323 0.9994
vn -0.0102 0.0369 0.9993
vn -0.1506 -0.2767 0.9491
vn -0.1316 -0.2562 0.9576
vn -0.1307 -0.2065 0.9697
vn -0.1500 -0.1855 0.9711
vn -0.1176 -0.1563 0.9807
vn -0.1206 -0.1167 0.9858
vn -0.1521 -0.0926 0.9840
vn -0.1239 -0.3434 0.9310
vn -0.1269 -0.3411 0.9314
vn -0.0956 -0.0700 0.9929
vn -0.0401 -0.0698 0.9968
vn -0.0414 -0.0709 0.9966
vn -0.0411 -0.1206 0.9919
vn -0.0390 -0.1173 0.9923
vn -0.0471 -0.1585 0.9862
vn -0.0384 -0.2025 0.9785
vn -0.0400 -0.2056 0.9778
vn -0.0512 -0.2607 0.9641
vn -0.0437 -0.3336 0.9417
vn -0.0481 -0.3408 0.9389
vn -0.0169 0.3715 0.9283
vn -0.0254 0.3371 0.9411
vn -0.0169 0.2128 0.9769
vn -0.0128 0.3058 0.9520
vn -0.0067 0.1638 0.9865
vn -0.0237 0.2236 0.9744
vn -0.0189 0.1222 0.9923
vn -0.0181 0.0699 0.9974
vn -0.0085 0.0853 0.9963
vn -0.1245 -0.0102 0.9922
vn -0.1133 -0.0123 0.9935
vn -0.1133 0.0362 0.9929
vn -0.1219 0.0093 0.9925
vn -0.1149 0.0107 0.9933
vn -0.1123 -0.0358 0.9930
vn -0.1252 -0.0331 0.9916
vn -0.1316 0.0327 0.9908
vn -0.0393 0.0322 0.9987
vn -0.0400 0.0317 0.9987
vn -0.0395 0.0095 0.9992
vn -0.0403 0.0090 0.9991
vn -0.0397 -0.0095 0.9992
vn -0.0400 -0.0097 0.9992
vn -0.0396 -0.0322 0.9987
vn -0.0397 -0.0323 0.9987
vn -0.2229 0.2228 0.9490
vn -0.0837 0.1199 0.9892
vn -0.2236 0.1514 0.9628
vn -0.1289 0.1122 0.9853
vn -0.1607 0.3123 0.9363
vn -0.1243 0.2579 0.9581
vn -0.1445 0.1862 0.9718
vn -0.1201 0.0779 0.9897
vn -0.0964 0.0685 0.9930
vn -0.0765 0.1245 0.9893
vn -0.0977 0.1545 0.9831
vn -0.0768 0.1877 0.9792
vn -0.1266 0.3383 0.9325
vn -0.0476 0.3373 0.9402
vn -0.0463 0.3393 0.9395
vn -0.0499 0.2508 0.9667
vn -0.0391 0.2108 0.9767
vn -0.0430 0.2011 0.9786
vn -0.0359 0.1233 0.9917
vn -0.0426 0.1142 0.9925
vn -0.0418 0.0698 0.9967
vn -0.0407 0.0709 0.9967
vn -0.0418 0.6052 0.7950
vn -0.0177 0.5643 0.8254
vn -0.0265 0.4936 0.8693
vn -0.0175 0.4762 0.8792
vn -0.0201 0.4176 0.9084
vn -0.0199 0.4183 0.9081
vn -0.1230 0.7168 0.6863
vn -0.1328 0.7111 0.6904
vn -0.1576 0.6839 0.7124
vn -0.1153 0.7188 0.6856
vn -0.0530 0.6579 0.7513
vn -0.0758 0.7093 0.7008
vn -0.1638 0.6178 0.7691
vn -0.1489 0.6039 0.7830
vn -0.1656 0.5033 0.8481
vn -0.1586 0.5094 0.8458
vn -0.1495 0.4217 0.8943
vn -0.1529 0.4180 0.8955
vn -0.0489 0.4172 0.9075
vn -0.0524 0.4268 0.9028
vn -0.0504 0.4911 0.8697
vn -0.0576 0.5093 0.8587
vn -0.0550 0.6044 0.7948
vn -0.0530 0.6085 0.7918
vn 0.0241 0.6407 -0.7674
vn 0.0144 0.4530 -0.8914
vn 0.0265 0.5383 -0.8423
vn 0.0222 0.5467 -0.8371
vn 0.0230 0.4279 -0.9035
vn 0.0143 0.3693 -0.9292
vn 0.0264 0.3360 -0.9415
vn 0.0078 0.2610 -0.9653
vn 0.0230 0.2108 -0.9773
vn 0.0063 0.1557 -0.9878
vn 0.0174 0.1223 -0.9923
vn 0.0089 0.0839 -0.9964
vn 0.0188 0.0699 -0.9974
vn 0.0516 0.4235 -0.9044
vn 0.1887 0.5707 -0.7992
vn 0.1371 0.5129 -0.8475
vn 0.1765 0.4244 -0.8881
vn 0.1543 0.4390 -0.8852
vn 0.1769 0.6269 -0.7587
vn 0.1331 0.6591 -0.7402
vn 0.1406 0.7384 -0.6596
vn 0.1703 0.7042 -0.6893
vn 0.1236 0.7469 -0.6534
vn 0.1229 0.7470 -0.6533
vn 0.0844 0.7444 -0.6623
vn 0.0630 0.6288 -0.7750
vn 0.0554 0.6506 -0.7574
vn 0.0555 0.6876 -0.7240
vn 0.0508 0.4256 -0.9035
vn 0.0590 0.5196 -0.8524
vn 0.0522 0.5386 -0.8409
vn 0.0131 0.0323 -0.9994
vn 0.0060 0.0266 -0.9996
vn 0.0182 0.0095 -0.9998
vn 0.0083 -0.0095 -0.9999
vn 0.0115 -0.0077 -0.9999
vn 0.0149 -0.0323 -0.9994
vn 0.0099 -0.0374 -0.9992
vn 0.1688 0.1101 -0.9795
vn 0.1514 0.1960 -0.9689
vn 0.1245 0.1310 -0.9835
vn 0.1379 0.0673 -0.9882
vn 0.1035 0.0769 -0.9916
vn 0.1408 0.2767 -0.9506
vn 0.1482 0.1940 -0.9697
vn 0.1641 0.2600 -0.9515
vn 0.1291 0.3353 -0.9332
vn 0.1563 0.3543 -0.9220
vn 0.0421 0.0696 -0.9967
vn 0.0419 0.0698 -0.9967
vn 0.0434 0.1155 -0.9924
vn 0.0378 0.1230 -0.9917
vn 0.0413 0.2059 -0.9777
vn 0.0399 0.2093 -0.9770
vn 0.0507 0.2512 -0.9666
vn 0.0478 0.3390 -0.9396
vn 0.0490 0.3369 -0.9403
vn 0.0853 0.1273 -0.9882
vn 0.0923 0.1839 -0.9786
vn 0.0183 -0.0699 -0.9974
vn 0.0181 -0.1202 -0.9926
vn 0.0084 -0.0862 -0.9962
vn 0.0122 -0.2286 -0.9734
vn 0.0179 -0.1938 -0.9809
vn 0.0086 -0.1625 -0.9867
vn 0.0178 -0.2584 -0.9659
vn 0.0125 -0.3192 -0.9476
vn 0.0233 -0.3412 -0.9397
vn 0.1212 -0.0348 -0.9920
vn 0.1127 -0.0327 -0.9931
vn 0.1144 -0.0096 -0.9934
vn 0.1457 -0.0030 -0.9893
vn 0.1009 0.0092 -0.9949
vn 0.1225 0.0305 -0.9920
vn 0.1349 0.0327 -0.9903
vn 0.0405 -0.0325 -0.9987
vn 0.0401 -0.0322 -0.9987
vn 0.0401 -0.0098 -0.9991
vn 0.0396 -0.0095 -0.9992
vn 0.0402 0.0090 -0.9991
vn 0.0394 0.0095 -0.9992
vn 0.0405 0.0320 -0.9987
vn 0.0402 0.0322 -0.9987
vn 0.1270 -0.3414 -0.9313
vn 0.1559 -0.3173 -0.9354
vn 0.1865 -0.2636 -0.9464
vn 0.1349 -0.2337 -0.9629
vn 0.1481 -0.1581 -0.9762
vn 0.1367 -0.1660 -0.9766
vn 0.1331 -0.1170 -0.9842
vn 0.1393 -0.1121 -0.9839
vn 0.1252 -0.0691 -0.9897
vn 0.1061 -0.0639 -0.9923
vn 0.0495 -0.3407 -0.9389
vn 0.0496 -0.3409 -0.9388
vn 0.0468 -0.2581 -0.9650
vn 0.0336 -0.1935 -0.9805
vn 0.0480 -0.1591 -0.9861
vn 0.0410 -0.1188 -0.9921
vn 0.0420 -0.1204 -0.9918
vn 0.0423 -0.0714 -0.9966
vn 0.0405 -0.0698 -0.9967
vn 0.0923 -0.2387 -0.9667
vn 0.0922 -0.1733 -0.9805
vn 0.0169 -0.4130 -0.9106
vn 0.0242 -0.4295 -0.9028
vn 0.0144 -0.4944 -0.8691
vn 0.0211 -0.5447 -0.8383
vn 0.0325 -0.5547 -0.8314
vn 0.0295 -0.6436 -0.7648
vn 0.0506 -0.4274 -0.9026
vn 0.0892 -0.7474 -0.6584
vn 0.0602 -0.7176 -0.6939
vn 0.1236 -0.7428 -0.6580
vn 0.1942 -0.6926 -0.6947
vn 0.1548 -0.7325 -0.6630
vn 0.1711 -0.6228 -0.7635
vn 0.1702 -0.6235 -0.7630
vn 0.1552 -0.4962 -0.8542
vn 0.1638 -0.4063 -0.8989
vn 0.0607 -0.5198 -0.8521
vn 0.0527 -0.4316 -0.9005
vn 0.0518 -0.6835 -0.7281
vn 0.0523 -0.6508 -0.7574
vn 0.0632 -0.6262 -0.7771
vn 0.0528 -0.5438 -0.8376
vn 0.1492 -0.4252 -0.8927
vn 0.1833 -0.5106 -0.8400
vn 0.1148 -0.6414 -0.7586
vn 0.1190 -0.7415 -0.6603
vn 0.3465 -0.0051 -0.9380
vn 0.2849 0.0259 -0.9582
vn 0.3957 0.0184 -0.9182
vn 0.4166 0.0053 -0.9091
vn 0.5070 0.0163 -0.8618
vn 0.8927 0.0202 -0.4502
vn 0.8846 0.0030 -0.4663
vn 0.8303 0.0162 -0.5571
vn 0.8224 0.0061 -0.5688
vn 0.7722 0.0044 -0.6354
vn 0.7847 0.0234 -0.6194
vn 0.7190 -0.0054 -0.6950
vn 0.6868 0.0196 -0.7266
vn 0.6579 -0.0005 -0.7531
vn 0.5912 0.0210 -0.8062
vn 0.5570 -0.0047 -0.8305
vn 0.5144 0.0090 -0.8575
vn 0.9384 0.0113 -0.3452
vn 0.9370 0.0072 -0.3492
vn 0.9925 0.0218 -0.1201
vn 0.9886 0.0038 -0.1504
vn 0.9798 0.0131 -0.1995
vn 0.9736 -0.0103 -0.2278
vn 0.9745 0.0141 0.2240
vn 0.9776 0.0024 0.2104
vn 0.9919 0.0228 0.1246
vn 0.9950 0.0046 0.1000
vn 1.0000 -0.0001 0.0030
vn 0.9993 0.0254 0.0271
vn 0.9993 -0.0023 -0.0371
vn 0.9401 0.0135 0.3406
vn 0.9399 0.0130 0.3411
vn 0.8947 0.0145 0.4464
vn 0.8924 0.0072 0.4512
vn 0.8648 -0.0292 0.5013
vn 0.7680 0.0118 0.6403
vn 0.7579 0.0220 0.6520
vn 0.8123 0.0088 0.5831
vn 0.8140 0.0055 0.5809
vn 0.5038 0.0133 0.8637
vn 0.5122 0.0046 0.8589
vn 0.5642 0.0009 0.8256
vn 0.5877 0.0230 0.8088
vn 0.6838 -0.0016 0.7297
vn 0.6676 0.0255 0.7440
vn 0.7168 -0.0041 0.6973
vn 0.1992 0.0084 0.9799
vn 0.3970 0.0171 0.9177
vn 0.3890 0.0079 0.9212
vn 0.2818 0.0091 0.9594
vn 0.2876 0.0147 0.9576
vn 0.2263 -0.0057 0.9741
vn -0.3465 -0.0051 0.9380
vn -0.2849 0.0259 0.9582
vn -0.2239 0.0005 0.9746
vn -0.2037 0.0134 0.9789
vn -0.1115 -0.0147 0.9937
vn -0.0529 0.0254 0.9983
vn -0.0172 0.0067 0.9998
vn 0.0481 0.0094 0.9988
vn 0.0440 0.0144 0.9989
vn 0.1146 -0.0189 0.9932
vn -0.3957 0.0184 0.9182
vn -0.4166 0.0053 0.9091
vn -0.5070 0.0162 0.8618
vn -0.8927 0.0201 0.4502
vn -0.8847 0.0030 0.4661
vn -0.8303 0.0161 0.5571
vn -0.8226 0.0061 0.5687
vn -0.7722 0.0043 0.6354
vn -0.7849 0.0235 0.6192
vn -0.7190 -0.0055 0.6950
vn -0.6868 0.0196 0.7266
vn -0.6579 -0.0005 0.7531
vn -0.5912 0.0210 0.8062
vn -0.5570 -0.0047 0.8305
vn -0.5144 0.0090 0.8575
vn -0.9384 0.0111 0.3452
vn -0.9371 0.0073 0.3490
vn -0.9925 0.0218 0.1201
vn -0.9886 0.0039 0.1503
vn -0.9798 0.0131 0.1995
vn -0.9737 -0.0103 0.2277
vn -0.9745 0.0140 -0.2240
vn -0.9776 0.0025 -0.2106
vn -0.9919 0.0228 -0.1246
vn -0.9950 0.0046 -0.1002
vn -1.0000 -0.0002 -0.0030
vn -0.9993 0.0255 -0.0273
vn -0.9993 -0.0022 0.0369
vn -0.9401 0.0136 -0.3406
vn -0.9399 0.0129 -0.3412
vn -0.8947 0.0146 -0.4465
vn -0.8923 0.0071 -0.4514
vn -0.8647 -0.0292 -0.5015
vn -0.7680 0.0117 -0.6403
vn -0.7577 0.0221 -0.6522
vn -0.8123 0.0087 -0.5831
vn -0.8139 0.0056 -0.5810
vn -0.5038 0.0132 -0.8637
vn -0.5120 0.0047 -0.8590
vn -0.5641 0.0009 -0.8257
vn -0.5876 0.0231 -0.8088
vn -0.6838 -0.0018 -0.7297
vn -0.6675 0.0256 -0.7442
vn -0.7166 -0.0041 -0.6974
vn -0.1991 0.0089 -0.9799
vn -0.3970 0.0172 -0.9177
vn -0.3888 0.0078 -0.9213
vn -0.2818 0.0092 -0.9594
vn -0.2874 0.0146 -0.9577
vn -0.2290 -0.0048 -0.9734
vn 0.2240 0.0005 -0.9746
vn 0.2037 0.0135 -0.9789
vn 0.1096 -0.0153 -0.9939
vn 0.0509 0.0128 -0.9986
vn 0.0398 0.0057 -0.9992
vn -0.0481 0.0094 -0.9988
vn -0.0444 0.0139 -0.9989
vn -0.1238 -0.0210 -0.9921
vn 0.0002 -1.0000 -0.0003
vn -0.0002 -1.0000 0.0003
vn 0.0013 -1.0000 -0.0002
vn 0.0001 -1.0000 -0.0004
vn -0.0013 -1.0000 0.0002
vn -0.0001 -1.0000 0.0004
vn -0.0001 1.0000 -0.0000
vn -0.1077 -0.2432 0.9640
vn -0.8620 -0.2278 0.4528
vn 0.2178 -0.2252 -0.9497
vn 0.8619 -0.2278 -0.4530
vn 0.0072 -0.9999 0.0092
vn 0.0252 -0.9997 -0.0003
vn -0.0072 -0.9999 -0.0093
vn -0.0252 -0.9997 0.0003
vn 0.0202 -0.7177 0.6961
vn 0.0201 -0.7170 0.6968
vn 0.0142 -0.8705 0.4919
vn 0.0061 -0.8836 0.4683
vn 0.0034 -0.9670 0.2549
vn 0.0023 -0.9675 0.2527
vn 0.0080 -0.9927 0.1201
vn 0.0454 -0.9589 0.2800
vn 0.1516 -0.6679 0.7286
vn 0.0839 -0.9680 0.2367
vn 0.0841 -0.9688 0.2331
vn 0.1224 -0.7167 0.6866
vn 0.0867 -0.8692 0.4868
vn 0.0752 -0.8826 0.4641
vn 0.0538 -0.9874 0.1486
vn 0.1559 -0.8844 0.4400
vn 0.3678 -0.4263 0.8264
vn 0.2934 -0.6534 0.6979
vn 0.1382 -0.9603 0.2421
vn 0.0640 -0.9925 0.1041
vn 0.1732 -0.8681 0.4652
vn 0.2378 -0.7318 0.6387
vn 0.2318 -0.6911 0.6846
vn 0.4509 -0.3839 0.8058
vn 0.3465 -0.7527 0.5598
vn 0.3557 -0.7155 0.6012
vn 0.2507 -0.8705 0.4235
vn 0.1547 -0.9671 0.2018
vn 0.1529 -0.9685 0.1966
vn 0.0887 -0.9895 0.1143
vn 0.2321 -0.8836 0.4067
vn 0.3996 -0.7680 0.5005
vn 0.2540 -0.9179 0.3048
vn 0.2860 -0.8814 0.3760
vn 0.4223 -0.6650 0.6159
vn 0.5348 -0.4083 0.7398
vn 0.4962 -0.7141 0.4937
vn 0.4897 -0.7300 0.4768
vn 0.2985 -0.9205 0.2521
vn 0.2042 -0.9658 0.1596
vn 0.1987 -0.9695 0.1435
vn 0.5898 -0.4106 0.6954
vn 0.4822 -0.6951 0.5332
vn 0.3118 -0.9003 0.3036
vn 0.1102 -0.9907 0.0797
vn 0.1090 -0.9910 0.0777
vn 0.6057 -0.6447 0.4663
vn 0.5720 -0.6923 0.4399
vn 0.5753 -0.6861 0.4453
vn 0.3938 -0.8737 0.2856
vn 0.2387 -0.9610 0.1394
vn 0.6241 -0.6879 0.3704
vn 0.5929 -0.7326 0.3344
vn 0.3488 -0.9179 0.1891
vn 0.4049 -0.8814 0.2435
vn 0.7628 -0.5579 0.3270
vn 0.6546 -0.6990 0.2879
vn 0.6162 -0.7451 0.2554
vn 0.3706 -0.9205 0.1237
vn 0.2347 -0.9698 0.0668
vn 0.2309 -0.9709 0.0632
vn 0.1274 -0.9914 0.0298
vn 0.1377 -0.9898 0.0377
vn 0.4021 -0.9003 0.1666
vn 0.8223 -0.5204 0.2301
vn 0.6556 -0.7324 0.1835
vn 0.6604 -0.7274 0.1865
vn 0.4716 -0.8737 0.1196
vn 0.2733 -0.9610 0.0412
vn 0.9097 -0.2551 0.3277
vn 0.8110 -0.5737 0.1149
vn 0.6958 -0.7125 0.0901
vn 0.6994 -0.7089 0.0917
vn 0.4845 -0.8725 0.0636
vn 0.3821 -0.9230 0.0461
vn 0.4646 -0.8832 0.0641
vn 0.9433 -0.2596 0.2068
vn 0.7562 -0.6541 0.0173
vn 0.3687 -0.9289 -0.0355
vn 0.2434 -0.9696 -0.0234
vn 0.2480 -0.9685 -0.0224
vn 0.1225 -0.9923 -0.0186
vn 0.1350 -0.9908 -0.0123
vn 0.3847 -0.9222 -0.0393
vn 0.4286 -0.9026 -0.0399
vn 0.5546 -0.8319 -0.0211
vn 0.6855 -0.7276 -0.0260
vn 0.7013 -0.7125 -0.0237
vn 0.8922 -0.4480 -0.0562
vn 0.8746 -0.4301 -0.2238
vn 0.6891 -0.7083 -0.1532
vn 0.6343 -0.7564 -0.1595
vn 0.3504 -0.9284 -0.1234
vn 0.2439 -0.9660 -0.0859
vn 0.2285 -0.9697 -0.0870
vn 0.1422 -0.9884 -0.0542
vn 0.4169 -0.9022 -0.1108
vn 0.6964 -0.7071 -0.1230
vn 0.6894 -0.7135 -0.1252
vn 0.9127 -0.3898 -0.1230
vn 0.8585 -0.4007 -0.3200
vn 0.8042 -0.5060 -0.3118
vn 0.6834 -0.6803 -0.2649
vn 0.3828 -0.9102 -0.1581
vn 0.1990 -0.9690 -0.1462
vn 0.1015 -0.9919 -0.0759
vn 0.1041 -0.9916 -0.0765
vn 0.2284 -0.9635 -0.1394
vn 0.3416 -0.9205 -0.1896
vn 0.5945 -0.7627 -0.2548
vn 0.3680 -0.8824 -0.2932
vn 0.2063 -0.9646 -0.1643
vn 0.4124 -0.8728 -0.2611
vn 0.6476 -0.6608 -0.3794
vn 0.5832 -0.7269 -0.3628
vn 0.6546 -0.6404 -0.4017
vn 0.5376 -0.7156 -0.4460
vn 0.5411 -0.7123 -0.4471
vn 0.3824 -0.8684 -0.3158
vn 0.1896 -0.9590 -0.2109
vn 0.5839 -0.4137 -0.6985
vn 0.4716 -0.7092 -0.5241
vn 0.4238 -0.7633 -0.4877
vn 0.3190 -0.8737 -0.3672
vn 0.1307 -0.9736 -0.1870
vn 0.0870 -0.9884 -0.1245
vn 0.2510 -0.9225 -0.2931
vn 0.3063 -0.8862 -0.3475
vn 0.5579 -0.6354 -0.5338
vn 0.5244 -0.4237 -0.7386
vn 0.4265 -0.6572 -0.6215
vn 0.1785 -0.9286 -0.3253
vn 0.1288 -0.9634 -0.2350
vn 0.0543 -0.9924 -0.1104
vn 0.3705 -0.5862 -0.7205
vn 0.3548 -0.6299 -0.6909
vn 0.1259 -0.9227 -0.3644
vn 0.0801 -0.9696 -0.2314
vn 0.0832 -0.9684 -0.2349
vn 0.0481 -0.9896 -0.1359
vn 0.1926 -0.9096 -0.3680
vn 0.2007 -0.9026 -0.3808
vn 0.2853 -0.8319 -0.4760
vn 0.3437 -0.7437 -0.5734
vn 0.2750 -0.5133 -0.8130
vn 0.2338 -0.7151 -0.6588
vn 0.2225 -0.7331 -0.6427
vn 0.1573 -0.8573 -0.4902
vn 0.1253 -0.9322 -0.3395
vn 0.2729 -0.7240 -0.6335
vn 0.0850 -0.8715 -0.4830
vn 0.0653 -0.9081 -0.4136
vn 0.0328 -0.9349 -0.3535
vn 0.0241 -0.9656 -0.2589
vn 0.0158 -0.9706 -0.2402
vn 0.0080 -0.9910 -0.1337
vn 0.0090 -0.9907 -0.1357
vn 0.0116 -0.9086 -0.4175
vn 0.1068 -0.7107 -0.6953
vn 0.1080 -0.7076 -0.6984
vn 0.1287 -0.5968 -0.7920
vn -0.0275 -0.6594 -0.7513
vn 0.0006 -0.8565 -0.5162
vn 0.0124 -0.7288 -0.6846
vn 0.0201 -0.7159 -0.6979
vn -0.1025 -0.6896 -0.7169
vn -0.1131 -0.7314 -0.6725
vn -0.0824 -0.8680 -0.4897
vn -0.0659 -0.9691 -0.2377
vn -0.0395 -0.9909 -0.1288
vn -0.0380 -0.9899 -0.1365
vn -0.0507 -0.9618 -0.2690
vn -0.0590 -0.9158 -0.3972
vn -0.0788 -0.8732 -0.4810
vn -0.1594 -0.8811 -0.4453
vn -0.0892 -0.9626 -0.2557
vn -0.1536 -0.6686 -0.7275
vn -0.3676 -0.4264 -0.8265
vn -0.2932 -0.6534 -0.6979
vn -0.1303 -0.9648 -0.2284
vn -0.1314 -0.9695 -0.2068
vn -0.0749 -0.9910 -0.1111
vn -0.0757 -0.9900 -0.1194
vn -0.1731 -0.8681 -0.4653
vn -0.2377 -0.7318 -0.6387
vn -0.2316 -0.6911 -0.6847
vn -0.4507 -0.3841 -0.8058
vn -0.3464 -0.7527 -0.5599
vn -0.3556 -0.7155 -0.6013
vn -0.2506 -0.8705 -0.4236
vn -0.1700 -0.9610 -0.2179
vn -0.2320 -0.8836 -0.4068
vn -0.3995 -0.7680 -0.5006
vn -0.2539 -0.9179 -0.3049
vn -0.2859 -0.8814 -0.3761
vn -0.4222 -0.6650 -0.6160
vn -0.5347 -0.4082 -0.7399
vn -0.4961 -0.7141 -0.4938
vn -0.4896 -0.7300 -0.4769
vn -0.2984 -0.9205 -0.2521
vn -0.1933 -0.9698 -0.1490
vn -0.1910 -0.9709 -0.1443
vn -0.5896 -0.4107 -0.6955
vn -0.4821 -0.6951 -0.5333
vn -0.3118 -0.9003 -0.3037
vn -0.1139 -0.9898 -0.0860
vn -0.1090 -0.9910 -0.0778
vn -0.6057 -0.6445 -0.4665
vn -0.5719 -0.6923 -0.4400
vn -0.5752 -0.6860 -0.4455
vn -0.3937 -0.8737 -0.2857
vn -0.2386 -0.9610 -0.1395
vn -0.6240 -0.6879 -0.3706
vn -0.5928 -0.7326 -0.3345
vn -0.3487 -0.9179 -0.1892
vn -0.4048 -0.8814 -0.2435
vn -0.7628 -0.5577 -0.3273
vn -0.6545 -0.6990 -0.2880
vn -0.6161 -0.7451 -0.2555
vn -0.3705 -0.9205 -0.1238
vn -0.2347 -0.9698 -0.0669
vn -0.2309 -0.9709 -0.0633
vn -0.1274 -0.9914 -0.0298
vn -0.1377 -0.9898 -0.0377
vn -0.4020 -0.9003 -0.1667
vn -0.8222 -0.5206 -0.2303
vn -0.6556 -0.7324 -0.1836
vn -0.6603 -0.7274 -0.1867
vn -0.4715 -0.8737 -0.1197
vn -0.2733 -0.9610 -0.0413
vn -0.9096 -0.2551 -0.3279
vn -0.8110 -0.5737 -0.1151
vn -0.6958 -0.7125 -0.0903
vn -0.6994 -0.7088 -0.0918
vn -0.4845 -0.8725 -0.0637
vn -0.3821 -0.9230 -0.0462
vn -0.4645 -0.8832 -0.0642
vn -0.9433 -0.2596 -0.2070
vn -0.7562 -0.6541 -0.0175
vn -0.3687 -0.9289 0.0354
vn -0.2434 -0.9696 0.0234
vn -0.2480 -0.9685 0.0224
vn -0.1225 -0.9923 0.0185
vn -0.1350 -0.9908 0.0123
vn -0.3847 -0.9222 0.0392
vn -0.4286 -0.9026 0.0398
vn -0.5546 -0.8319 0.0209
vn -0.6855 -0.7276 0.0258
vn -0.7013 -0.7125 0.0235
vn -0.8924 -0.4478 0.0561
vn -0.8748 -0.4299 0.2236
vn -0.6891 -0.7084 0.1530
vn -0.6343 -0.7564 0.1594
vn -0.3505 -0.9284 0.1233
vn -0.2439 -0.9660 0.0859
vn -0.2152 -0.9726 0.0880
vn -0.1450 -0.9877 0.0592
vn -0.4170 -0.9022 0.1107
vn -0.6964 -0.7071 0.1229
vn -0.6894 -0.7135 0.1250
vn -0.9127 -0.3898 0.1228
vn -0.8584 -0.4010 0.3198
vn -0.8043 -0.5060 0.3117
vn -0.6834 -0.6803 0.2648
vn -0.3828 -0.9102 0.1580
vn -0.0954 -0.9929 0.0713
vn -0.2408 -0.9597 0.1449
vn -0.3416 -0.9205 0.1896
vn -0.5945 -0.7627 0.2546
vn -0.3801 -0.8801 0.2846
vn -0.3078 -0.9158 0.2579
vn -0.1617 -0.9751 0.1520
vn -0.1099 -0.9886 0.1032
vn -0.2146 -0.9628 0.1640
vn -0.4125 -0.8728 0.2610
vn -0.6478 -0.6607 0.3793
vn -0.5833 -0.7268 0.3626
vn -0.6544 -0.6409 0.4014
vn -0.5375 -0.7157 0.4459
vn -0.5529 -0.7010 0.4505
vn -0.3042 -0.9068 0.2919
vn -0.2498 -0.9259 0.2834
vn -0.1755 -0.9642 0.1990
vn -0.5839 -0.4138 0.6985
vn -0.4741 -0.7047 0.5278
vn -0.4246 -0.7526 0.5032
vn -0.3132 -0.8670 0.3875
vn -0.2530 -0.9223 0.2922
vn -0.5103 -0.7069 0.4898
vn -0.5145 -0.7029 0.4912
vn -0.5243 -0.4237 0.7386
vn -0.4264 -0.6572 0.6215
vn -0.1681 -0.9290 0.3297
vn -0.1136 -0.9682 0.2227
vn -0.1188 -0.9664 0.2280
vn -0.0520 -0.9924 0.1116
vn -0.0619 -0.9909 0.1194
vn -0.3704 -0.5861 0.7206
vn -0.3547 -0.6299 0.6909
vn -0.1677 -0.9294 0.3287
vn -0.2007 -0.9026 0.3808
vn -0.2853 -0.8318 0.4761
vn -0.3436 -0.7437 0.5734
vn -0.2915 -0.4426 0.8480
vn -0.2419 -0.7171 0.6537
vn -0.2110 -0.7588 0.6162
vn -0.1573 -0.8573 0.4903
vn -0.0546 -0.9695 0.2389
vn -0.0335 -0.9887 0.1464
vn -0.1430 -0.8953 0.4219
vn -0.2728 -0.7240 0.6335
vn -0.0497 -0.4768 0.8776
vn -0.0887 -0.8020 0.5907
vn -0.0737 -0.8681 0.4909
vn -0.0338 -0.6336 0.7729
vn -0.2048 -0.3973 0.8945
vn -0.1752 -0.5286 0.8306
vn -0.1587 -0.6396 0.7521
vn -0.0746 -0.8731 0.4817
vn 0.1027 -0.6751 0.7306
vn 0.0012 -0.9907 0.1363
vn -0.0479 -0.9617 0.2698
vn -0.0635 -0.9421 0.3294
vn 0.0053 -0.9969 0.0785
vn 0.0190 -0.9986 0.0503
vn 0.0473 -0.9959 0.0768
vn 0.0440 -0.9984 0.0344
vn 0.0503 -0.9981 0.0359
vn 0.0569 -0.9982 0.0192
vn 0.0577 -0.9982 -0.0133
vn 0.0639 -0.9968 -0.0478
vn 0.0335 -0.9988 -0.0358
vn 0.0333 -0.9971 -0.0678
vn 0.0089 -0.9987 -0.0501
vn 0.0039 -0.9978 -0.0655
vn -0.0223 -0.9978 -0.0619
vn -0.0162 -0.9985 -0.0527
vn -0.0467 -0.9965 -0.0693
vn -0.0440 -0.9984 -0.0344
vn -0.0503 -0.9981 -0.0359
vn -0.0569 -0.9982 -0.0192
vn -0.0577 -0.9982 0.0133
vn -0.0639 -0.9968 0.0478
vn -0.0334 -0.9988 0.0358
vn -0.0332 -0.9969 0.0714
vn -0.0086 -0.9988 0.0478
vn 0.8182 0.2115 0.5347
vn 0.8778 0.1391 0.4583
vn 0.9520 0.2025 -0.2297
vn 0.9348 0.1455 -0.3240
vn 0.1649 0.2063 -0.9645
vn 0.0711 0.1443 -0.9870
vn -0.0692 0.1528 -0.9858
vn -0.1584 0.2019 -0.9665
vn -0.8182 0.2115 -0.5347
vn -0.8778 0.1390 -0.4583
vn -0.9520 0.2025 0.2297
vn -0.9348 0.1454 0.3240
vn -0.1649 0.2063 0.9645
vn -0.0711 0.1443 0.9870
vn 0.0692 0.1528 0.9858
vn 0.1585 0.2019 0.9665
vn -0.0434 0.4532 0.8904
vn -0.1539 0.4534 0.8779
vn -0.1694 0.4110 0.8957
vn -0.2584 0.4275 0.8663
vn -0.2615 0.4217 0.8682
vn -0.3597 0.4143 0.8361
vn -0.3646 0.4049 0.8386
vn -0.4530 0.4199 0.7864
vn -0.4553 0.4161 0.7871
vn -0.5392 0.4274 0.7257
vn -0.5390 0.4277 0.7256
vn -0.6256 0.4091 0.6643
vn -0.6275 0.4057 0.6646
vn -0.6933 0.4239 0.5829
vn -0.6959 0.4197 0.5828
vn -0.7521 0.4343 0.4957
vn -0.7555 0.4288 0.4954
vn -0.8150 0.4093 0.4103
vn -0.8122 0.4142 0.4108
vn -0.8531 0.4186 0.3114
vn -0.8327 0.4530 0.3185
vn -0.8671 0.4534 0.2064
vn -0.8894 0.4114 0.1993
vn -0.8960 0.4313 0.1056
vn -0.9025 0.4187 0.1012
vn -0.9098 0.4151 0.0009
vn -0.9144 0.4048 -0.0031
vn -0.9008 0.4215 -0.1044
vn -0.9039 0.4140 -0.1079
vn -0.8783 0.4308 -0.2073
vn -0.8787 0.4297 -0.2078
vn -0.8583 0.4079 -0.3115
vn -0.8564 0.4140 -0.3085
vn -0.8116 0.4195 -0.4066
vn -0.8029 0.4530 -0.3875
vn -0.7452 0.4534 -0.4891
vn -0.7556 0.4099 -0.5109
vn -0.6928 0.4282 -0.5802
vn -0.6942 0.4142 -0.5887
vn -0.6245 0.4165 -0.6607
vn -0.6249 0.4009 -0.6699
vn -0.5421 0.4217 -0.7268
vn -0.5414 0.4117 -0.7331
vn -0.4523 0.4294 -0.7817
vn -0.4519 0.4260 -0.7838
vn -0.3619 0.4110 -0.8368
vn -0.3616 0.4094 -0.8376
vn -0.2612 0.4192 -0.8695
vn -0.2611 0.4188 -0.8697
vn -0.1577 0.4288 -0.8895
vn -0.1650 0.4531 -0.8760
vn -0.0527 0.4534 -0.8898
vn -0.0458 0.4268 -0.9032
vn 0.0516 0.4329 -0.9000
vn 0.0435 0.4532 -0.8904
vn 0.1539 0.4534 -0.8779
vn 0.1694 0.4110 -0.8958
vn 0.2584 0.4275 -0.8663
vn 0.2615 0.4217 -0.8682
vn 0.3597 0.4143 -0.8361
vn 0.3646 0.4048 -0.8386
vn 0.4530 0.4199 -0.7864
vn 0.4553 0.4160 -0.7872
vn 0.5392 0.4274 -0.7257
vn 0.5390 0.4277 -0.7256
vn 0.6256 0.4091 -0.6643
vn 0.6275 0.4057 -0.6646
vn 0.6933 0.4239 -0.5828
vn 0.6959 0.4197 -0.5828
vn 0.7521 0.4343 -0.4957
vn 0.7555 0.4288 -0.4954
vn 0.8150 0.4093 -0.4103
vn 0.8122 0.4142 -0.4108
vn 0.8531 0.4185 -0.3114
vn 0.8327 0.4530 -0.3185
vn 0.8671 0.4534 -0.2064
vn 0.8894 0.4114 -0.1993
vn 0.8960 0.4313 -0.1056
vn 0.9025 0.4187 -0.1012
vn 0.9098 0.4150 -0.0009
vn 0.9144 0.4048 0.0030
vn 0.9008 0.4215 0.1044
vn 0.9039 0.4140 0.1079
vn 0.8784 0.4307 0.2073
vn 0.8787 0.4297 0.2078
vn 0.8583 0.4079 0.3115
vn 0.8564 0.4140 0.3085
vn 0.8116 0.4195 0.4066
vn 0.8029 0.4530 0.3875
vn 0.7452 0.4534 0.4891
vn 0.7556 0.4099 0.5109
vn 0.6928 0.4282 0.5802
vn 0.6942 0.4142 0.5887
vn 0.6245 0.4165 0.6607
vn 0.6249 0.4009 0.6699
vn 0.5421 0.4217 0.7268
vn 0.5414 0.4117 0.7330
vn 0.4523 0.4293 0.7817
vn 0.4519 0.4260 0.7837
vn 0.3619 0.4109 0.8368
vn 0.3616 0.4094 0.8376
vn 0.2612 0.4192 0.8695
vn 0.2611 0.4189 0.8697
vn 0.1577 0.4288 0.8895
vn 0.1651 0.4531 0.8760
vn 0.0527 0.4534 0.8898
vn 0.0458 0.4268 0.9032
vn -0.0516 0.4329 0.9000
vn -0.0436 0.6481 0.7603
vn -0.1096 0.7594 0.6414
vn -0.1143 0.7498 0.6517
vn -0.2177 0.6481 0.7298
vn -0.2545 0.7594 0.5988
vn -0.2615 0.7498 0.6078
vn -0.3802 0.6481 0.6599
vn -0.3858 0.7594 0.5240
vn -0.3946 0.7498 0.5311
vn -0.5221 0.6481 0.5544
vn -0.4962 0.7594 0.4209
vn -0.5064 0.7498 0.4258
vn -0.6359 0.6481 0.4191
vn -0.5799 0.7594 0.2951
vn -0.5910 0.7498 0.2975
vn -0.7154 0.6481 0.2612
vn -0.6451 0.7452 0.1688
vn -0.6885 0.7065 0.1639
vn -0.7046 0.7061 0.0705
vn -0.6571 0.7498 0.0774
vn -0.7615 0.6481 0.0007
vn -0.6467 0.7594 -0.0721
vn -0.6572 0.7498 -0.0762
vn -0.7412 0.6481 -0.1749
vn -0.6126 0.7594 -0.2193
vn -0.6219 0.7498 -0.2257
vn -0.6809 0.6481 -0.3411
vn -0.5455 0.7594 -0.3546
vn -0.5531 0.7498 -0.3630
vn -0.5838 0.6481 -0.4890
vn -0.4490 0.7594 -0.4709
vn -0.4545 0.7498 -0.4808
vn -0.4554 0.6481 -0.6104
vn -0.3283 0.7594 -0.5617
vn -0.3314 0.7498 -0.5727
vn -0.3023 0.6481 -0.6990
vn -0.2060 0.7452 -0.6342
vn -0.2036 0.7065 -0.6778
vn -0.1113 0.7061 -0.6993
vn -0.1155 0.7498 -0.6515
vn -0.0450 0.6481 -0.7602
vn 0.0344 0.7594 -0.6498
vn 0.0378 0.7498 -0.6606
vn 0.1315 0.6481 -0.7501
vn 0.1833 0.7594 -0.6243
vn 0.1892 0.7498 -0.6340
vn 0.3010 0.6481 -0.6996
vn 0.3223 0.7594 -0.5652
vn 0.3303 0.7498 -0.5733
vn 0.4542 0.6481 -0.6113
vn 0.4440 0.7594 -0.4756
vn 0.4536 0.7498 -0.4817
vn 0.5829 0.6481 -0.4901
vn 0.5417 0.7594 -0.3604
vn 0.5524 0.7498 -0.3641
vn 0.6802 0.6481 -0.3424
vn 0.6102 0.7594 -0.2258
vn 0.6215 0.7498 -0.2269
vn 0.7409 0.6481 -0.1763
vn 0.6604 0.7452 -0.0928
vn 0.7028 0.7065 -0.0828
vn 0.7080 0.7061 0.0118
vn 0.6616 0.7498 -0.0006
vn 0.7565 0.6481 0.0877
vn 0.6339 0.7594 0.1467
vn 0.6440 0.7498 0.1520
vn 0.7159 0.6481 0.2598
vn 0.5830 0.7594 0.2889
vn 0.5915 0.7498 0.2964
vn 0.6367 0.6481 0.4179
vn 0.5007 0.7594 0.4156
vn 0.5073 0.7498 0.4248
vn 0.5231 0.6481 0.5534
vn 0.4105 0.7452 0.5255
vn 0.4232 0.7065 0.5673
vn 0.3438 0.7061 0.6191
vn 0.3314 0.7498 0.5727
vn 0.3023 0.6481 0.6990
vn 0.1899 0.7594 0.6223
vn 0.1904 0.7498 0.6337
vn 0.1330 0.6481 0.7499
vn 0.0413 0.7594 0.6493
vn 0.0391 0.7498 0.6605
vn -0.0735 0.8947 0.4405
vn -0.0771 0.8891 0.4512
vn -0.1664 0.8946 0.4147
vn -0.1947 0.8674 0.4580
vn -0.2065 0.9152 0.3460
vn -0.3289 0.8320 0.4468
vn -0.2561 0.9263 0.2764
vn -0.4231 0.8320 0.3589
vn -0.3129 0.9263 0.2099
vn -0.4945 0.8320 0.2516
vn -0.3529 0.9263 0.1321
vn -0.5042 0.8535 0.1315
vn -0.4056 0.9126 0.0512
vn -0.4536 0.8900 0.0460
vn -0.4449 0.8946 -0.0405
vn -0.4946 0.8674 -0.0551
vn -0.3907 0.9152 -0.0986
vn -0.5224 0.8320 -0.1870
vn -0.3382 0.9263 -0.1660
vn -0.4652 0.8320 -0.3024
vn -0.3095 0.9184 -0.2466
vn -0.3558 0.8499 -0.3887
vn -0.3159 0.8891 -0.3313
vn -0.2268 0.8947 -0.3847
vn -0.2310 0.8891 -0.3952
vn -0.1391 0.8946 -0.4246
vn -0.1401 0.8904 -0.4330
vn -0.0724 0.8905 -0.4492
vn -0.0723 0.8900 -0.4502
vn 0.0219 0.8947 -0.4461
vn 0.0242 0.8891 -0.4571
vn 0.1242 0.8947 -0.4290
vn 0.1290 0.8891 -0.4392
vn 0.2198 0.8947 -0.3888
vn 0.2268 0.8891 -0.3977
vn 0.3035 0.8947 -0.3276
vn 0.3124 0.8891 -0.3346
vn 0.3709 0.8947 -0.2488
vn 0.3811 0.8891 -0.2536
vn 0.4158 0.8946 -0.1635
vn 0.4668 0.8674 -0.1727
vn 0.3934 0.9152 -0.0872
vn 0.5160 0.8535 -0.0721
vn 0.4201 0.9074 -0.0107
vn 0.4803 0.8771 0.0074
vn 0.3995 0.9152 0.0526
vn 0.5405 0.8320 0.1251
vn 0.3752 0.9184 0.1258
vn 0.4673 0.8499 0.2435
vn 0.4102 0.8891 0.2033
vn 0.3495 0.8946 0.2783
vn 0.3829 0.8674 0.3178
vn 0.2722 0.9152 0.2971
vn 0.3205 0.8535 0.4108
vn 0.2076 0.9126 0.3521
vn 0.2220 0.8900 0.3983
vn 0.1320 0.8947 0.4267
vn 0.1336 0.8891 0.4378
vn 0.0300 0.8947 0.4456
vn 0.0291 0.8891 0.4568
vn -0.0277 0.9880 0.1517
vn -0.0224 0.9907 0.1344
vn -0.0725 0.9810 0.1800
vn -0.0586 0.9927 0.1052
vn -0.0715 0.9901 0.1205
vn -0.1361 0.9797 0.1469
vn -0.0898 0.9927 0.0805
vn -0.1621 0.9808 0.1088
vn -0.1048 0.9933 0.0495
vn -0.1885 0.9795 0.0705
vn -0.1855 0.9824 0.0234
vn -0.0955 0.9954 0.0017
vn -0.1771 0.9841 -0.0164
vn -0.2201 0.9739 -0.0553
vn -0.0969 0.9942 -0.0466
vn -0.1027 0.9934 -0.0504
vn -0.1869 0.9710 -0.1491
vn -0.1062 0.9876 -0.1155
vn -0.0652 0.9946 -0.0813
vn -0.1048 0.9785 -0.1777
vn -0.0392 0.9915 -0.1238
vn -0.0381 0.9924 -0.1174
vn -0.0313 0.9809 -0.1920
vn 0.0055 0.9915 -0.1298
vn 0.0067 0.9907 -0.1361
vn 0.0557 0.9797 -0.1924
vn 0.0416 0.9945 -0.0957
vn 0.0991 0.9795 -0.1754
vn 0.1272 0.9823 -0.1373
vn 0.0720 0.9954 -0.0626
vn 0.1671 0.9795 -0.1121
vn 0.1747 0.9823 -0.0684
vn 0.0983 0.9948 -0.0251
vn 0.1173 0.9927 -0.0264
vn 0.2391 0.9710 -0.0059
vn 0.1556 0.9876 0.0202
vn 0.0933 0.9954 0.0204
vn 0.1685 0.9841 0.0568
vn 0.2014 0.9739 0.1046
vn 0.0890 0.9936 0.0694
vn 0.0963 0.9924 0.0771
vn 0.1317 0.9809 0.1433
vn 0.0628 0.9920 0.1095
vn 0.0581 0.9934 0.0986
vn 0.0767 0.9657 0.2480
vn 0.0133 0.9929 0.1178
vn 0.0105 0.9877 0.1561
vn 0.9838 0.0051 -0.1793
vn 0.9930 -0.0259 -0.1151
vn 0.9727 -0.0184 -0.2312
vn 0.9674 -0.0053 -0.2533
vn 0.9364 -0.0162 -0.3505
vn 0.5976 -0.0202 -0.8016
vn 0.6121 -0.0030 -0.7908
vn 0.6921 -0.0162 -0.7216
vn 0.7023 -0.0061 -0.7118
vn 0.7592 -0.0044 -0.6509
vn 0.7456 -0.0234 -0.6660
vn 0.8087 0.0054 -0.5881
vn 0.8343 -0.0196 -0.5510
vn 0.8554 0.0005 -0.5180
vn 0.8962 -0.0210 -0.4431
vn 0.9142 0.0047 -0.4052
vn 0.9334 -0.0090 -0.3586
vn 0.5021 -0.0113 -0.8647
vn 0.5058 -0.0072 -0.8626
vn 0.2897 -0.0218 -0.9569
vn 0.3189 -0.0038 -0.9478
vn 0.3657 -0.0131 -0.9306
vn 0.3925 0.0103 -0.9197
vn -0.0523 -0.0141 -0.9985
vn -0.0384 -0.0024 -0.9993
vn 0.0486 -0.0228 -0.9986
vn 0.0733 -0.0046 -0.9973
vn 0.1697 0.0001 -0.9855
vn 0.1459 -0.0253 -0.9890
vn 0.2091 0.0023 -0.9779
vn -0.1731 -0.0135 -0.9848
vn -0.1736 -0.0130 -0.9847
vn -0.2852 -0.0145 -0.9584
vn -0.2903 -0.0072 -0.9569
vn -0.3444 0.0292 -0.9384
vn -0.4980 -0.0118 -0.8671
vn -0.5113 -0.0220 -0.8591
vn -0.4341 -0.0088 -0.9008
vn -0.4316 -0.0055 -0.9021
vn -0.7637 -0.0133 -0.6454
vn -0.7575 -0.0046 -0.6528
vn -0.7158 -0.0009 -0.6983
vn -0.6951 -0.0230 -0.7185
vn -0.6006 0.0016 -0.7995
vn -0.6176 -0.0255 -0.7861
vn -0.5630 0.0041 -0.8264
vn -0.9308 -0.0084 -0.3655
vn -0.8353 -0.0171 -0.5495
vn -0.8402 -0.0079 -0.5422
vn -0.8963 -0.0091 -0.4433
vn -0.8936 -0.0147 -0.4487
vn -0.9203 0.0057 -0.3911
vn -0.9838 0.0051 0.1793
vn -0.9930 -0.0259 0.1151
vn -0.9986 -0.0005 0.0522
vn -0.9994 -0.0134 0.0316
vn -0.9980 0.0147 -0.0618
vn -0.9924 -0.0254 -0.1203
vn -0.9878 -0.0067 -0.1558
vn -0.9755 -0.0094 -0.2199
vn -0.9763 -0.0144 -0.2159
vn -0.9585 0.0189 -0.2844
vn -0.9727 -0.0184 0.2312
vn -0.9674 -0.0053 0.2533
vn -0.9364 -0.0162 0.3505
vn -0.5976 -0.0201 0.8016
vn -0.6119 -0.0030 0.7909
vn -0.6921 -0.0161 0.7216
vn -0.7022 -0.0061 0.7120
vn -0.7592 -0.0043 0.6509
vn -0.7455 -0.0235 0.6661
vn -0.8087 0.0055 0.5881
vn -0.8343 -0.0196 0.5510
vn -0.8554 0.0005 0.5179
vn -0.8962 -0.0210 0.4431
vn -0.9142 0.0047 0.4052
vn -0.9335 -0.0090 0.3585
vn -0.5021 -0.0111 0.8647
vn -0.5056 -0.0073 0.8627
vn -0.2897 -0.0218 0.9569
vn -0.3187 -0.0039 0.9478
vn -0.3657 -0.0131 0.9306
vn -0.3924 0.0103 0.9197
vn 0.0523 -0.0140 0.9985
vn 0.0386 -0.0025 0.9993
vn -0.0486 -0.0228 0.9986
vn -0.0732 -0.0046 0.9973
vn -0.1697 0.0002 0.9855
vn -0.1457 -0.0255 0.9890
vn -0.2089 0.0022 0.9779
vn 0.1731 -0.0136 0.9848
vn 0.1738 -0.0129 0.9847
vn 0.2852 -0.0146 0.9584
vn 0.2905 -0.0071 0.9569
vn 0.3446 0.0292 0.9383
vn 0.4980 -0.0118 0.8671
vn 0.5115 -0.0221 0.8590
vn 0.4341 -0.0087 0.9008
vn 0.4318 -0.0056 0.9020
vn 0.7637 -0.0132 0.6454
vn 0.7577 -0.0047 0.6526
vn 0.7159 -0.0009 0.6982
vn 0.6951 -0.0231 0.7185
vn 0.6006 0.0018 0.7995
vn 0.6177 -0.0256 0.7860
vn 0.5632 0.0040 0.8263
vn 0.9308 -0.0089 0.3654
vn 0.8353 -0.0172 0.5495
vn 0.8403 -0.0078 0.5421
vn 0.8963 -0.0092 0.4433
vn 0.8937 -0.0146 0.4485
vn 0.9192 0.0048 0.3937
vn 0.9986 -0.0005 -0.0523
vn 0.9994 -0.0135 -0.0316
vn 0.9979 0.0153 0.0637
vn 0.9924 -0.0128 0.1223
vn 0.9911 -0.0057 0.1334
vn 0.9755 -0.0094 0.2199
vn 0.9762 -0.0139 0.2163
vn 0.9558 0.0210 0.2933
vn 0.0004 1.0000 -0.0002
vn -0.0004 1.0000 0.0002
vn 0.0004 1.0000 -0.0012
vn 0.0004 1.0000 -0.0000
vn -0.0004 1.0000 0.0012
vn -0.0004 1.0000 -0.0000
vn -0.0000 -1.0000 -0.0001
vn -0.0001 -1.0000 -0.0001
vn -0.0119 -0.9999 -0.0072
vn 0.0050 -1.0000 0.0010
vn -0.0068 -1.0000 0.0028
vn 0.0023 -1.0000 -0.0021
vn -0.9681 0.2432 -0.0604
vn -0.5949 0.2278 0.7709
vn 0.9730 0.2252 -0.0506
vn 0.5951 0.2278 -0.7707
vn -0.0079 0.9999 -0.0087
vn 0.0046 0.9997 -0.0248
vn 0.0079 0.9999 0.0087
vn -0.0046 0.9997 0.0248
vn -0.6821 0.7177 -0.1401
vn -0.3335 0.9416 -0.0453
vn -0.2549 0.9663 -0.0346
vn -0.6658 0.7327 -0.1412
vn -0.4817 0.8715 -0.0921
vn -0.4214 0.9027 -0.0870
vn -0.2318 0.9718 -0.0428
vn -0.1169 0.9927 -0.0287
vn -0.3732 0.9201 -0.1184
vn -0.2676 0.9590 -0.0933
vn -0.6915 0.6679 -0.2752
vn -0.2186 0.9680 -0.1235
vn -0.2151 0.9688 -0.1231
vn -0.6486 0.7246 -0.2329
vn -0.4589 0.8710 -0.1756
vn -0.1371 0.9874 -0.0786
vn -0.4064 0.8844 -0.2296
vn -0.7505 0.4263 -0.5050
vn -0.6367 0.6534 -0.4095
vn -0.2146 0.9603 -0.1780
vn -0.0915 0.9925 -0.0810
vn -0.4283 0.8681 -0.2510
vn -0.5880 0.7318 -0.3445
vn -0.6343 0.6911 -0.3465
vn -0.7158 0.3839 -0.5834
vn -0.4916 0.7527 -0.4380
vn -0.5307 0.7155 -0.4542
vn -0.3739 0.8705 -0.3200
vn -0.1721 0.9671 -0.1872
vn -0.1673 0.9685 -0.1846
vn -0.0972 0.9895 -0.1071
vn -0.3605 0.8836 -0.2989
vn -0.4239 0.7680 -0.4800
vn -0.2564 0.9179 -0.3028
vn -0.3210 0.8814 -0.3466
vn -0.5337 0.6650 -0.5223
vn -0.6363 0.4083 -0.6546
vn -0.4006 0.7141 -0.5741
vn -0.3850 0.7300 -0.5646
vn -0.1967 0.9205 -0.3375
vn -0.1220 0.9658 -0.2287
vn -0.1070 0.9695 -0.2205
vn -0.5831 0.4106 -0.7010
vn -0.4419 0.6951 -0.5671
vn -0.2452 0.9003 -0.3596
vn -0.0595 0.9907 -0.1223
vn -0.0577 0.9910 -0.1208
vn -0.3547 0.6447 -0.6772
vn -0.3345 0.6923 -0.6394
vn -0.3393 0.6861 -0.6435
vn -0.2133 0.8737 -0.4372
vn -0.0961 0.9610 -0.2592
vn -0.2571 0.6879 -0.6787
vn -0.2269 0.7326 -0.6417
vn -0.1261 0.9179 -0.3762
vn -0.1699 0.8814 -0.4408
vn -0.1904 0.5578 -0.8078
vn -0.1705 0.6990 -0.6945
vn -0.1451 0.7451 -0.6510
vn -0.0578 0.9205 -0.3864
vn -0.0253 0.9698 -0.2427
vn -0.0224 0.9709 -0.2383
vn -0.0073 0.9914 -0.1306
vn -0.0134 0.9898 -0.1421
vn -0.0947 0.9003 -0.4248
vn -0.0846 0.5204 -0.8497
vn -0.0675 0.7325 -0.6775
vn -0.0697 0.7274 -0.6827
vn -0.0364 0.8737 -0.4851
vn 0.0066 0.9610 -0.2763
vn -0.1657 0.2551 -0.9526
vn 0.0269 0.5737 -0.8186
vn 0.0314 0.7125 -0.7009
vn 0.0305 0.7089 -0.7047
vn 0.0211 0.8725 -0.4882
vn 0.0206 0.9230 -0.3843
vn 0.0171 0.8832 -0.4687
vn -0.0408 0.2595 -0.9649
vn 0.1136 0.6541 -0.7479
vn 0.0986 0.9289 -0.3570
vn 0.0651 0.9696 -0.2357
vn 0.0649 0.9685 -0.2404
vn 0.0395 0.9923 -0.1175
vn 0.0354 0.9908 -0.1309
vn 0.1051 0.9222 -0.3721
vn 0.1133 0.9026 -0.4153
vn 0.1165 0.8319 -0.5426
vn 0.1440 0.7276 -0.6707
vn 0.1444 0.7125 -0.6867
vn 0.2095 0.4480 -0.8691
vn 0.3715 0.4300 -0.8229
vn 0.2699 0.7083 -0.6522
vn 0.2667 0.7564 -0.5972
vn 0.1820 0.9284 -0.3239
vn 0.1267 0.9660 -0.2254
vn 0.1252 0.9697 -0.2100
vn 0.0779 0.9884 -0.1307
vn 0.1811 0.9022 -0.3916
vn 0.2414 0.7071 -0.6646
vn 0.2424 0.7135 -0.6574
vn 0.2787 0.3898 -0.8777
vn 0.4635 0.4007 -0.7903
vn 0.4461 0.5060 -0.7382
vn 0.3790 0.6803 -0.6273
vn 0.2218 0.9102 -0.3497
vn 0.1784 0.9690 -0.1708
vn 0.0922 0.9919 -0.0869
vn 0.0933 0.9916 -0.0893
vn 0.1768 0.9635 -0.2009
vn 0.2458 0.9205 -0.3037
vn 0.3536 0.7627 -0.5416
vn 0.3524 0.8824 -0.3118
vn 0.1974 0.9646 -0.1749
vn 0.3284 0.8728 -0.3611
vn 0.4856 0.6608 -0.5724
vn 0.4580 0.7269 -0.5117
vn 0.5087 0.6403 -0.5755
vn 0.5322 0.7156 -0.4525
vn 0.5338 0.7123 -0.4558
vn 0.3771 0.8684 -0.3221
vn 0.2404 0.9590 -0.1503
vn 0.7888 0.4138 -0.4545
vn 0.5976 0.7092 -0.3741
vn 0.5535 0.7633 -0.3332
vn 0.4168 0.8737 -0.2508
vn 0.2067 0.9736 -0.0964
vn 0.1376 0.9884 -0.0642
vn 0.3321 0.9225 -0.1966
vn 0.3952 0.8862 -0.2417
vn 0.6222 0.6354 -0.4573
vn 0.8180 0.4237 -0.3889
vn 0.6858 0.6572 -0.3127
vn 0.3512 0.9286 -0.1196
vn 0.2538 0.9634 -0.0863
vn 0.1181 0.9924 -0.0344
vn 0.7737 0.5862 -0.2404
vn 0.7418 0.6299 -0.2301
vn 0.3807 0.9227 -0.0611
vn 0.2418 0.9696 -0.0389
vn 0.2458 0.9684 -0.0413
vn 0.1421 0.9896 -0.0239
vn 0.3958 0.9096 -0.1262
vn 0.4097 0.9026 -0.1319
vn 0.5182 0.8318 -0.1988
vn 0.6241 0.7437 -0.2395
vn 0.8482 0.5133 -0.1305
vn 0.6893 0.7151 -0.1165
vn 0.6714 0.7331 -0.1082
vn 0.5100 0.8573 -0.0703
vn 0.3560 0.9322 -0.0648
vn 0.6711 0.7240 -0.1594
vn 0.4904 0.8715 -0.0004
vn 0.4187 0.9081 0.0072
vn 0.3538 0.9349 0.0288
vn 0.2592 0.9656 0.0210
vn 0.2393 0.9706 0.0259
vn 0.1331 0.9910 0.0152
vn 0.1352 0.9907 0.0145
vn 0.4132 0.9086 0.0607
vn 0.7033 0.7107 0.0149
vn 0.7065 0.7076 0.0143
vn 0.8023 0.5968 0.0100
vn 0.7353 0.6594 0.1568
vn 0.5086 0.8564 0.0886
vn 0.6765 0.7288 0.1060
vn 0.6909 0.7159 0.1008
vn 0.6884 0.6896 0.2248
vn 0.6428 0.7314 0.2275
vn 0.4681 0.8680 0.1657
vn 0.2228 0.9691 0.1060
vn 0.1201 0.9909 0.0612
vn 0.1279 0.9899 0.0610
vn 0.2562 0.9618 0.0964
vn 0.3810 0.9158 0.1267
vn 0.4602 0.8732 0.1607
vn 0.4111 0.8811 0.2340
vn 0.2364 0.9626 0.1320
vn 0.6901 0.6686 0.2770
vn 0.7506 0.4264 0.5048
vn 0.6368 0.6534 0.4093
vn 0.2025 0.9648 0.1678
vn 0.1810 0.9695 0.1651
vn 0.0965 0.9910 0.0929
vn 0.1045 0.9900 0.0952
vn 0.4284 0.8681 0.2509
vn 0.5881 0.7318 0.3444
vn 0.6344 0.6911 0.3464
vn 0.7158 0.3841 0.5831
vn 0.4916 0.7527 0.4379
vn 0.5309 0.7155 0.4541
vn 0.3739 0.8705 0.3200
vn 0.1853 0.9610 0.2051
vn 0.3606 0.8836 0.2988
vn 0.4240 0.7680 0.4799
vn 0.2565 0.9179 0.3028
vn 0.3211 0.8814 0.3466
vn 0.5339 0.6650 0.5222
vn 0.6365 0.4082 0.6544
vn 0.4007 0.7141 0.5740
vn 0.3852 0.7300 0.5646
vn 0.1968 0.9205 0.3375
vn 0.1134 0.9698 0.2161
vn 0.1091 0.9709 0.2131
vn 0.5832 0.4107 0.7009
vn 0.4420 0.6951 0.5670
vn 0.2453 0.9003 0.3595
vn 0.0651 0.9898 0.1271
vn 0.0578 0.9910 0.1208
vn 0.3549 0.6445 0.6773
vn 0.3347 0.6923 0.6393
vn 0.3395 0.6860 0.6435
vn 0.2134 0.8737 0.4372
vn 0.0962 0.9610 0.2591
vn 0.2572 0.6879 0.6786
vn 0.2271 0.7326 0.6417
vn 0.1262 0.9179 0.3762
vn 0.1700 0.8814 0.4408
vn 0.1906 0.5578 0.8078
vn 0.1707 0.6990 0.6944
vn 0.1453 0.7451 0.6510
vn 0.0579 0.9205 0.3863
vn 0.0253 0.9698 0.2427
vn 0.0225 0.9709 0.2383
vn 0.0074 0.9914 0.1306
vn 0.0134 0.9898 0.1421
vn 0.0948 0.9003 0.4248
vn 0.0848 0.5206 0.8496
vn 0.0676 0.7324 0.6775
vn 0.0698 0.7274 0.6827
vn 0.0365 0.8737 0.4851
vn -0.0066 0.9610 0.2763
vn 0.1659 0.2551 0.9526
vn -0.0267 0.5737 0.8186
vn -0.0312 0.7125 0.7009
vn -0.0303 0.7088 0.7047
vn -0.0209 0.8725 0.4882
vn -0.0205 0.9230 0.3843
vn -0.0170 0.8832 0.4687
vn 0.0410 0.2596 0.9648
vn -0.1134 0.6541 0.7478
vn -0.0985 0.9289 0.3570
vn -0.0651 0.9696 0.2357
vn -0.0649 0.9685 0.2404
vn -0.0394 0.9923 0.1175
vn -0.0354 0.9908 0.1309
vn -0.1051 0.9222 0.3722
vn -0.1132 0.9026 0.4153
vn -0.1164 0.8319 0.5426
vn -0.1438 0.7276 0.6708
vn -0.1443 0.7125 0.6867
vn -0.2093 0.4478 0.8693
vn -0.3713 0.4299 0.8230
vn -0.2697 0.7084 0.6523
vn -0.2675 0.7451 0.6110
vn -0.1828 0.9241 0.3355
vn -0.1312 0.9657 0.2243
vn -0.1306 0.9695 0.2075
vn -0.0833 0.9877 0.1326
vn -0.1756 0.9038 0.3903
vn -0.2413 0.7071 0.6647
vn -0.2422 0.7135 0.6574
vn -0.2786 0.3898 0.8778
vn -0.4632 0.4010 0.7903
vn -0.4459 0.5060 0.7384
vn -0.3527 0.7310 0.5841
vn -0.3519 0.7332 0.5819
vn -0.2626 0.8710 0.4153
vn -0.3021 0.8836 0.3579
vn -0.0867 0.9929 0.0817
vn -0.1824 0.9592 0.2160
vn -0.3459 0.8801 0.3253
vn -0.3071 0.9158 0.2586
vn -0.1777 0.9751 0.1330
vn -0.1206 0.9886 0.0904
vn -0.1986 0.9628 0.1830
vn -0.3233 0.8705 0.3710
vn -0.4900 0.6660 0.5624
vn -0.4708 0.7068 0.5280
vn -0.5084 0.6409 0.5752
vn -0.5321 0.7157 0.4524
vn -0.5392 0.7010 0.4668
vn -0.3401 0.9068 0.2492
vn -0.3223 0.9259 0.1971
vn -0.2263 0.9642 0.1385
vn -0.7888 0.4138 0.4545
vn -0.6018 0.7047 0.3759
vn -0.5752 0.7441 0.3396
vn -0.3386 0.9195 0.1999
vn -0.5705 0.7069 0.4180
vn -0.5727 0.7029 0.4219
vn -0.8181 0.4236 0.3889
vn -0.6223 0.7319 0.2778
vn -0.6202 0.7345 0.2755
vn -0.3527 0.9290 0.1123
vn -0.2385 0.9682 0.0760
vn -0.2374 0.9685 0.0752
vn -0.1189 0.9924 0.0319
vn -0.1283 0.9909 0.0403
vn -0.3978 0.9003 0.1767
vn -0.7737 0.5862 0.2404
vn -0.6879 0.6939 0.2127
vn -0.6744 0.7101 0.2024
vn -0.3733 0.9209 0.1121
vn -0.8856 0.4426 0.1406
vn -0.6895 0.7133 0.1257
vn -0.6424 0.7595 0.1019
vn -0.5109 0.8564 0.0737
vn -0.3243 0.9457 0.0213
vn -0.2580 0.9660 0.0169
vn -0.2499 0.9682 0.0127
vn -0.1500 0.9887 0.0077
vn -0.4297 0.9002 0.0713
vn -0.8730 0.4768 -0.1026
vn -0.5971 0.8020 -0.0147
vn -0.5209 0.8535 -0.0128
vn -0.7671 0.6337 -0.1002
vn -0.9165 0.3973 0.0472
vn -0.8483 0.5287 0.0291
vn -0.7682 0.6396 0.0264
vn -0.4882 0.8727 -0.0070
vn -0.4310 0.9023 -0.0062
vn -0.6794 0.6996 -0.2214
vn -0.1341 0.9907 -0.0247
vn -0.0764 0.9969 -0.0187
vn -0.0463 0.9986 -0.0274
vn -0.0675 0.9959 -0.0598
vn -0.0263 0.9984 -0.0493
vn -0.0267 0.9981 -0.0558
vn -0.0091 0.9982 -0.0593
vn 0.0231 0.9982 -0.0545
vn 0.0581 0.9968 -0.0547
vn 0.0410 0.9988 -0.0268
vn 0.0725 0.9971 -0.0211
vn 0.0509 0.9987 -0.0002
vn 0.0652 0.9978 0.0075
vn 0.0572 0.9978 0.0326
vn 0.0491 0.9985 0.0251
vn 0.0602 0.9965 0.0580
vn 0.0263 0.9984 0.0493
vn 0.0267 0.9981 0.0558
vn 0.0091 0.9982 0.0593
vn -0.0231 0.9982 0.0545
vn -0.0581 0.9968 0.0547
vn -0.0410 0.9988 0.0268
vn -0.0760 0.9969 0.0204
vn -0.0485 0.9988 0.0002
vn -0.3853 -0.2115 -0.8982
vn -0.2998 -0.1391 -0.9438
vn 0.3907 -0.2025 -0.8980
vn 0.4806 -0.1455 -0.8648
vn 0.9785 -0.2063 0.0042
vn 0.9844 -0.1443 0.1004
vn 0.9591 -0.1528 0.2384
vn 0.9246 -0.2019 0.3230
vn 0.3853 -0.2115 0.8982
vn 0.2999 -0.1390 0.9438
vn -0.3907 -0.2025 0.8980
vn -0.4805 -0.1454 0.8648
vn -0.9785 -0.2063 -0.0042
vn -0.9844 -0.1443 -0.1004
vn -0.9591 -0.1528 -0.2384
vn -0.9246 -0.2019 -0.3230
vn -0.8845 -0.4532 -0.1110
vn -0.8913 -0.4534 -0.0000
vn -0.9115 -0.4110 0.0122
vn -0.8979 -0.4275 0.1049
vn -0.9003 -0.4217 0.1076
vn -0.8856 -0.4143 0.2099
vn -0.8889 -0.4048 0.2143
vn -0.8529 -0.4199 0.3104
vn -0.8540 -0.4161 0.3125
vn -0.8079 -0.4274 0.4057
vn -0.8078 -0.4277 0.4056
vn -0.7624 -0.4091 0.5014
vn -0.7630 -0.4057 0.5033
vn -0.6938 -0.4239 0.5822
vn -0.6942 -0.4197 0.5848
vn -0.6181 -0.4343 0.6552
vn -0.6184 -0.4288 0.6586
vn -0.5449 -0.4093 0.7319
vn -0.5449 -0.4141 0.7291
vn -0.4541 -0.4186 0.7865
vn -0.4575 -0.4530 0.7652
vn -0.3530 -0.4534 0.8184
vn -0.3499 -0.4114 0.8416
vn -0.2588 -0.4313 0.8643
vn -0.2556 -0.4187 0.8714
vn -0.1580 -0.4151 0.8960
vn -0.1549 -0.4048 0.9012
vn -0.0527 -0.4215 0.9053
vn -0.0498 -0.4140 0.9089
vn 0.0525 -0.4308 0.9009
vn 0.0529 -0.4297 0.9014
vn 0.1585 -0.4079 0.8992
vn 0.1559 -0.4140 0.8968
vn 0.2603 -0.4195 0.8696
vn 0.2430 -0.4530 0.8577
vn 0.3530 -0.4534 0.8184
vn 0.3727 -0.4099 0.8325
vn 0.4518 -0.4282 0.7826
vn 0.4600 -0.4141 0.7854
vn 0.5429 -0.4165 0.7292
vn 0.5519 -0.4009 0.7312
vn 0.6222 -0.4217 0.6595
vn 0.6285 -0.4117 0.6599
vn 0.6918 -0.4294 0.5805
vn 0.6939 -0.4260 0.5805
vn 0.7617 -0.4110 0.5010
vn 0.7626 -0.4094 0.5009
vn 0.8113 -0.4192 0.4075
vn 0.8116 -0.4188 0.4074
vn 0.8489 -0.4288 0.3090
vn 0.8344 -0.4531 0.3139
vn 0.8673 -0.4534 0.2056
vn 0.8817 -0.4268 0.2011
vn 0.8953 -0.4329 0.1046
vn 0.8845 -0.4532 0.1110
vn 0.8913 -0.4534 -0.0000
vn 0.9116 -0.4110 -0.0122
vn 0.8979 -0.4275 -0.1049
vn 0.9003 -0.4217 -0.1076
vn 0.8856 -0.4143 -0.2099
vn 0.8889 -0.4048 -0.2143
vn 0.8529 -0.4199 -0.3104
vn 0.8540 -0.4160 -0.3125
vn 0.8079 -0.4274 -0.4057
vn 0.8078 -0.4277 -0.4056
vn 0.7624 -0.4091 -0.5014
vn 0.7630 -0.4057 -0.5033
vn 0.6938 -0.4239 -0.5822
vn 0.6942 -0.4197 -0.5848
vn 0.6181 -0.4343 -0.6552
vn 0.6184 -0.4288 -0.6585
vn 0.5449 -0.4093 -0.7319
vn 0.5449 -0.4142 -0.7290
vn 0.4541 -0.4185 -0.7865
vn 0.4575 -0.4530 -0.7652
vn 0.3530 -0.4534 -0.8184
vn 0.3499 -0.4114 -0.8416
vn 0.2588 -0.4313 -0.8643
vn 0.2556 -0.4187 -0.8714
vn 0.1580 -0.4150 -0.8960
vn 0.1549 -0.4048 -0.9012
vn 0.0527 -0.4215 -0.9053
vn 0.0498 -0.4140 -0.9089
vn -0.0525 -0.4307 -0.9010
vn -0.0529 -0.4297 -0.9014
vn -0.1585 -0.4079 -0.8992
vn -0.1559 -0.4140 -0.8968
vn -0.2603 -0.4195 -0.8696
vn -0.2430 -0.4530 -0.8577
vn -0.3530 -0.4534 -0.8184
vn -0.3727 -0.4099 -0.8325
vn -0.4518 -0.4282 -0.7826
vn -0.4600 -0.4142 -0.7854
vn -0.5429 -0.4165 -0.7292
vn -0.5519 -0.4009 -0.7312
vn -0.6222 -0.4217 -0.6595
vn -0.6285 -0.4117 -0.6599
vn -0.6918 -0.4293 -0.5805
vn -0.6939 -0.4260 -0.5805
vn -0.7617 -0.4109 -0.5010
vn -0.7626 -0.4094 -0.5009
vn -0.8113 -0.4192 -0.4075
vn -0.8115 -0.4189 -0.4074
vn -0.8489 -0.4287 -0.3090
vn -0.8344 -0.4531 -0.3139
vn -0.8673 -0.4534 -0.2056
vn -0.8817 -0.4268 -0.2011
vn -0.8954 -0.4329 -0.1046
vn -0.6572 -0.7498 -0.0768
vn -0.7616 -0.6481 -0.0000
vn -0.6639 -0.7452 0.0627
vn -0.7029 -0.7065 0.0822
vn -0.6860 -0.7061 0.1754
vn -0.6438 -0.7498 0.1526
vn -0.7156 -0.6481 0.2605
vn -0.5827 -0.7594 0.2895
vn -0.5913 -0.7498 0.2969
vn -0.6363 -0.6481 0.4185
vn -0.5203 -0.7452 0.4172
vn -0.5421 -0.7065 0.4549
vn -0.4768 -0.7061 0.5235
vn -0.4540 -0.7498 0.4813
vn -0.4548 -0.6481 0.6109
vn -0.3278 -0.7594 0.5621
vn -0.3308 -0.7498 0.5730
vn -0.3016 -0.6481 0.6993
vn -0.2054 -0.7452 0.6344
vn -0.2030 -0.7065 0.6780
vn -0.1107 -0.7061 0.6994
vn -0.1149 -0.7498 0.6516
vn -0.0443 -0.6481 0.7603
vn 0.0350 -0.7594 0.6497
vn 0.0385 -0.7498 0.6605
vn 0.1322 -0.6481 0.7500
vn 0.1839 -0.7594 0.6241
vn 0.1898 -0.7498 0.6339
vn 0.3016 -0.6481 0.6993
vn 0.3229 -0.7594 0.5649
vn 0.3308 -0.7498 0.5730
vn 0.4548 -0.6481 0.6109
vn 0.4444 -0.7594 0.4752
vn 0.4540 -0.7498 0.4813
vn 0.5834 -0.6481 0.4895
vn 0.5420 -0.7594 0.3599
vn 0.5528 -0.7498 0.3636
vn 0.6806 -0.6481 0.3418
vn 0.6104 -0.7594 0.2252
vn 0.6217 -0.7498 0.2263
vn 0.7410 -0.6481 0.1756
vn 0.6459 -0.7594 0.0784
vn 0.6572 -0.7498 0.0768
vn 0.7616 -0.6481 -0.0000
vn 0.6466 -0.7594 -0.0727
vn 0.6572 -0.7498 -0.0768
vn 0.7410 -0.6481 -0.1756
vn 0.6316 -0.7452 -0.2141
vn 0.6650 -0.7065 -0.2420
vn 0.6271 -0.7061 -0.3289
vn 0.5913 -0.7498 -0.2969
vn 0.6363 -0.6481 -0.4185
vn 0.5203 -0.7452 -0.4172
vn 0.5421 -0.7065 -0.4549
vn 0.4768 -0.7061 -0.5235
vn 0.4540 -0.7498 -0.4813
vn 0.4548 -0.6481 -0.6109
vn 0.3462 -0.7452 -0.5699
vn 0.3539 -0.7065 -0.6129
vn 0.2690 -0.7061 -0.6550
vn 0.2621 -0.7498 -0.6075
vn 0.2184 -0.6481 -0.7296
vn 0.1304 -0.7452 -0.6540
vn 0.1229 -0.7065 -0.6969
vn 0.0287 -0.7061 -0.7075
vn 0.0385 -0.7498 -0.6605
vn -0.0443 -0.6481 -0.7603
vn -0.1102 -0.7594 -0.6413
vn -0.1149 -0.7498 -0.6516
vn -0.2184 -0.6481 -0.7296
vn -0.2504 -0.7452 -0.6181
vn -0.2803 -0.7065 -0.6498
vn -0.3648 -0.7061 -0.6069
vn -0.3308 -0.7498 -0.5730
vn -0.4548 -0.6481 -0.6109
vn -0.4467 -0.7452 -0.4951
vn -0.4857 -0.7065 -0.5148
vn -0.5504 -0.7061 -0.4455
vn -0.5068 -0.7498 -0.4253
vn -0.6363 -0.6481 -0.4185
vn -0.5802 -0.7594 -0.2946
vn -0.5913 -0.7498 -0.2969
vn -0.7156 -0.6481 -0.2605
vn -0.6453 -0.7452 -0.1682
vn -0.6886 -0.7065 -0.1632
vn -0.7047 -0.7061 -0.0698
vn -0.5089 -0.8593 -0.0509
vn -0.3768 -0.9263 -0.0031
vn -0.5187 -0.8535 0.0493
vn -0.4112 -0.9074 0.0868
vn -0.4656 -0.8770 0.1184
vn -0.3764 -0.9152 0.1437
vn -0.4969 -0.8320 0.2468
vn -0.3165 -0.9263 0.2045
vn -0.4063 -0.8535 0.3262
vn -0.2829 -0.9126 0.2950
vn -0.3075 -0.8900 0.3367
vn -0.2265 -0.8947 0.3849
vn -0.2306 -0.8891 0.3954
vn -0.1387 -0.8946 0.4247
vn -0.1397 -0.8904 0.4332
vn -0.0720 -0.8905 0.4492
vn -0.0719 -0.8900 0.4503
vn 0.0223 -0.8947 0.4461
vn 0.0246 -0.8891 0.4571
vn 0.1246 -0.8947 0.4289
vn 0.1294 -0.8891 0.4391
vn 0.2201 -0.8947 0.3886
vn 0.2272 -0.8891 0.3975
vn 0.3038 -0.8947 0.3273
vn 0.3127 -0.8891 0.3344
vn 0.3671 -0.8946 0.2547
vn 0.4146 -0.8674 0.2753
vn 0.3628 -0.9152 0.1752
vn 0.5205 -0.8320 0.1920
vn 0.3827 -0.9184 0.1007
vn 0.5243 -0.8499 0.0528
vn 0.4545 -0.8891 0.0551
vn 0.4441 -0.8947 -0.0478
vn 0.4534 -0.8899 -0.0510
vn 0.3927 -0.9142 -0.1004
vn 0.4933 -0.8535 -0.1676
vn 0.3668 -0.9126 -0.1805
vn 0.4041 -0.8900 -0.2112
vn 0.3492 -0.8946 -0.2787
vn 0.3547 -0.8904 -0.2851
vn 0.3070 -0.8905 -0.3358
vn 0.3075 -0.8900 -0.3367
vn 0.2265 -0.8947 -0.3850
vn 0.2137 -0.9109 -0.3530
vn 0.1948 -0.8593 -0.4729
vn 0.1110 -0.9263 -0.3601
vn 0.1015 -0.8535 -0.5111
vn 0.0271 -0.9126 -0.4079
vn 0.0191 -0.8900 -0.4556
vn -0.0740 -0.8947 -0.4405
vn -0.0775 -0.8891 -0.4512
vn -0.1731 -0.8947 -0.4117
vn -0.1600 -0.9055 -0.3932
vn -0.2279 -0.8947 -0.3842
vn -0.2344 -0.8900 -0.3911
vn -0.2985 -0.8946 -0.3325
vn -0.3053 -0.8904 -0.3375
vn -0.3531 -0.8905 -0.2869
vn -0.3540 -0.8900 -0.2874
vn -0.3975 -0.8947 -0.2037
vn -0.4082 -0.8891 -0.2072
vn -0.4337 -0.8947 -0.1065
vn -0.3995 -0.9109 -0.1035
vn -0.1262 -0.9920 0.0005
vn -0.1144 -0.9934 -0.0009
vn -0.2339 -0.9710 0.0496
vn -0.1467 -0.9876 0.0556
vn -0.0948 -0.9946 0.0435
vn -0.1733 -0.9785 0.1119
vn -0.0863 -0.9920 0.0922
vn -0.0792 -0.9934 0.0826
vn -0.1316 -0.9657 0.2238
vn -0.0362 -0.9936 0.1069
vn -0.0380 -0.9924 0.1174
vn -0.0311 -0.9809 0.1921
vn 0.0057 -0.9915 0.1297
vn 0.0068 -0.9907 0.1361
vn 0.0559 -0.9797 0.1923
vn 0.0442 -0.9927 0.1122
vn 0.0962 -0.9808 0.1699
vn 0.0734 -0.9925 0.0972
vn 0.1403 -0.9785 0.1512
vn 0.1074 -0.9915 0.0729
vn 0.1016 -0.9924 0.0700
vn 0.1751 -0.9809 0.0849
vn 0.1230 -0.9920 0.0286
vn 0.1008 -0.9946 0.0261
vn 0.1983 -0.9799 0.0203
vn 0.1891 -0.9819 -0.0098
vn 0.0883 -0.9952 -0.0410
vn 0.1027 -0.9934 -0.0505
vn 0.1868 -0.9710 -0.1493
vn 0.1061 -0.9876 -0.1156
vn 0.0652 -0.9946 -0.0814
vn 0.1046 -0.9785 -0.1778
vn 0.0391 -0.9915 -0.1239
vn 0.0402 -0.9907 -0.1302
vn 0.0133 -0.9797 -0.1998
vn -0.0065 -0.9945 -0.1042
vn -0.0333 -0.9795 -0.1985
vn -0.0637 -0.9819 -0.1783
vn -0.0646 -0.9952 -0.0729
vn -0.0698 -0.9946 -0.0772
vn -0.1545 -0.9799 -0.1259
vn -0.1664 -0.9824 -0.0853
vn -0.0967 -0.9946 -0.0391
vn -0.2003 -0.9785 -0.0492
s 0
f 1//1 2//1 3//1
f 4//2 5//2 6//2
f 7//3 8//3 1//3
f 4//4 9//4 10//4
f 10//5 9//5 7//5
f 7//6 1//6 10//6
f 10//7 1//7 3//7
f 10//8 3//8 4//8
f 4//9 3//9 5//9
f 12//10 13//10 14//10
f 12//11 14//11 15//11
f 14//12 13//12 11//12
f 16//13 17//13 18//13
f 16//14 19//14 17//14
f 17//15 19//15 20//15
f 14//16 11//16 21//16
f 14//17 21//17 22//17
f 22//18 21//18 23//18
f 22//19 23//19 24//19
f 24//20 23//20 25//20
f 24//21 25//21 26//21
f 26//22 25//22 27//22
f 26//23 27//23 28//23
f 28//24 27//24 29//24
f 28//25 29//25 30//25
f 30//26 29//26 31//26
f 30//27 31//27 32//27
f 32//28 31//28 33//28
f 32//29 33//29 34//29
f 34//30 33//30 35//30
f 34//31 35//31 36//31
f 36//32 35//32 37//32
f 36//33 37//33 38//33
f 38//34 37//34 39//34
f 38//35 39//35 17//35
f 17//36 39//36 40//36
f 17//37 40//37 18//37
f 41//38 42//38 43//38
f 43//39 42//39 44//39
f 43//40 44//40 45//40
f 46//41 47//41 48//41
f 48//42 47//42 49//42
f 48//43 49//43 50//43
f 51//44 52//44 53//44
f 53//45 52//45 54//45
f 53//46 54//46 41//46
f 41//47 54//47 55//47
f 41//48 55//48 42//48
f 56//49 57//49 58//49
f 58//50 57//50 59//50
f 58//51 59//51 60//51
f 61//52 62//52 63//52
f 63//53 62//53 64//53
f 63//54 64//54 65//54
f 66//55 67//55 68//55
f 68//56 67//56 69//56
f 68//57 69//57 46//57
f 46//58 69//58 70//58
f 46//59 70//59 47//59
f 71//60 72//60 73//60
f 73//61 72//61 74//61
f 73//62 74//62 66//62
f 66//63 74//63 75//63
f 66//64 75//64 67//64
f 44//65 76//65 45//65
f 45//66 76//66 77//66
f 45//67 77//67 78//67
f 78//68 77//68 79//68
f 78//69 79//69 80//69
f 59//70 81//70 60//70
f 60//71 81//71 82//71
f 60//72 82//72 83//72
f 83//73 82//73 84//73
f 83//74 84//74 51//74
f 51//75 84//75 85//75
f 51//76 85//76 52//76
f 64//77 86//77 65//77
f 65//78 86//78 87//78
f 65//79 87//79 88//79
f 88//80 87//80 89//80
f 88//81 89//81 56//81
f 56//82 89//82 90//82
f 56//83 90//83 57//83
f 49//84 91//84 50//84
f 50//85 91//85 92//85
f 50//86 92//86 93//86
f 93//87 92//87 94//87
f 93//88 94//88 95//88
f 95//89 94//89 96//89
f 95//90 96//90 97//90
f 97//91 96//91 98//91
f 97//92 98//92 99//92
f 99//93 98//93 100//93
f 99//94 100//94 101//94
f 101//95 100//95 102//95
f 101//96 102//96 61//96
f 61//97 102//97 103//97
f 61//98 103//98 62//98
f 79//99 104//99 80//99
f 80//100 104//100 105//100
f 80//101 105//101 106//101
f 106//102 105//102 107//102
f 106//103 107//103 71//103
f 71//104 107//104 108//104
f 71//105 108//105 72//105
f 109//106 18//106 110//106
f 109//107 110//107 111//107
f 112//108 113//108 114//108
f 114//109 113//109 115//109
f 117//110 118//110 119//110
f 119//111 118//111 120//111
f 120//112 118//112 121//112
f 120//113 121//113 122//113
f 120//114 122//114 123//114
f 123//115 122//115 124//115
f 123//116 124//116 125//116
f 127//117 126//117 125//117
f 127//118 125//118 128//118
f 130//119 126//119 131//119
f 11//120 129//120 132//120
f 11//121 132//121 21//121
f 21//122 132//122 133//122
f 21//123 133//123 23//123
f 23//124 133//124 134//124
f 23//125 134//125 25//125
f 25//126 134//126 27//126
f 27//127 134//127 135//127
f 27//128 135//128 29//128
f 29//129 135//129 136//129
f 29//129 136//129 31//129
f 31//130 136//130 137//130
f 31//130 137//130 33//130
f 18//131 40//131 110//131
f 110//132 40//132 39//132
f 110//133 39//133 138//133
f 138//134 39//134 139//134
f 139//135 39//135 37//135
f 139//136 37//136 137//136
f 137//137 37//137 35//137
f 137//138 35//138 33//138
f 129//139 130//139 132//139
f 132//140 130//140 131//140
f 132//141 131//141 133//141
f 133//142 131//142 140//142
f 133//142 140//142 134//142
f 134//143 140//143 141//143
f 134//143 141//143 135//143
f 135//144 141//144 142//144
f 135//144 142//144 136//144
f 136//145 142//145 143//145
f 136//145 143//145 137//145
f 137//146 143//146 144//146
f 137//146 144//146 139//146
f 139//147 144//147 145//147
f 139//147 145//147 138//147
f 138//148 145//148 146//148
f 138//149 146//149 110//149
f 110//150 146//150 111//150
f 126//151 127//151 131//151
f 131//152 127//152 128//152
f 131//152 128//152 140//152
f 140//153 128//153 147//153
f 140//153 147//153 141//153
f 141//154 147//154 148//154
f 141//154 148//154 142//154
f 142//155 148//155 149//155
f 142//155 149//155 143//155
f 143//156 149//156 150//156
f 143//156 150//156 144//156
f 144//157 150//157 113//157
f 144//157 113//157 145//157
f 145//158 113//158 112//158
f 145//159 112//159 146//159
f 125//160 124//160 128//160
f 128//161 124//161 122//161
f 128//161 122//161 147//161
f 147//162 122//162 121//162
f 147//162 121//162 148//162
f 148//163 121//163 118//163
f 148//163 118//163 149//163
f 149//164 118//164 117//164
f 149//165 117//165 150//165
f 150//166 117//166 116//166
f 150//167 116//167 113//167
f 113//168 116//168 115//168
f 151//169 67//169 75//169
f 152//170 153//170 154//170
f 162//171 163//171 164//171
f 165//172 166//172 167//172
f 170//173 171//173 166//173
f 166//174 171//174 167//174
f 173//175 174//175 175//175
f 172//176 173//176 158//176
f 158//177 173//177 178//177
f 158//178 178//178 159//178
f 159//179 178//179 179//179
f 183//180 188//180 184//180
f 152//181 189//181 20//181
f 20//182 189//182 17//182
f 32//183 34//183 36//183
f 24//184 26//184 28//184
f 47//185 190//185 191//185
f 151//186 75//186 192//186
f 192//187 75//187 74//187
f 192//188 74//188 165//188
f 165//189 74//189 72//189
f 165//190 72//190 166//190
f 166//191 72//191 108//191
f 166//192 108//192 170//192
f 170//193 108//193 107//193
f 170//194 107//194 169//194
f 169//195 107//195 105//195
f 169//196 105//196 168//196
f 168//197 105//197 104//197
f 168//198 104//198 177//198
f 177//199 104//199 79//199
f 177//200 79//200 176//200
f 176//201 79//201 77//201
f 176//202 77//202 175//202
f 175//203 77//203 76//203
f 175//204 76//204 173//204
f 173//205 76//205 44//205
f 173//206 44//206 178//206
f 178//207 44//207 42//207
f 178//208 42//208 179//208
f 179//209 42//209 55//209
f 179//210 55//210 181//210
f 181//211 55//211 54//211
f 181//212 54//212 180//212
f 180//213 54//213 52//213
f 180//214 52//214 157//214
f 157//215 52//215 85//215
f 157//216 85//216 155//216
f 155//217 85//217 84//217
f 155//218 84//218 156//218
f 156//219 84//219 82//219
f 156//220 82//220 182//220
f 182//221 82//221 81//221
f 182//222 81//222 186//222
f 186//223 81//223 59//223
f 186//224 59//224 185//224
f 185//225 59//225 57//225
f 185//226 57//226 193//226
f 193//227 57//227 90//227
f 193//228 90//228 194//228
f 194//229 90//229 89//229
f 194//230 89//230 195//230
f 47//231 191//231 49//231
f 49//232 191//232 196//232
f 49//233 196//233 91//233
f 91//234 196//234 197//234
f 91//235 197//235 92//235
f 92//236 197//236 198//236
f 92//237 198//237 94//237
f 94//238 198//238 199//238
f 94//239 199//239 96//239
f 96//240 199//240 200//240
f 96//241 200//241 98//241
f 98//242 200//242 201//242
f 98//243 201//243 100//243
f 100//244 201//244 202//244
f 100//245 202//245 102//245
f 102//246 202//246 203//246
f 102//247 203//247 103//247
f 103//248 203//248 204//248
f 103//249 204//249 62//249
f 62//250 204//250 189//250
f 62//251 189//251 64//251
f 64//252 189//252 205//252
f 64//253 205//253 86//253
f 47//254 70//254 190//254
f 190//255 70//255 206//255
f 70//256 69//256 206//256
f 206//257 69//257 207//257
f 69//258 67//258 207//258
f 207//259 67//259 151//259
f 207//260 151//260 162//260
f 162//261 151//261 192//261
f 162//262 192//262 163//262
f 163//263 192//263 165//263
f 154//264 153//264 187//264
f 154//265 187//265 195//265
f 195//266 187//266 183//266
f 195//267 183//267 194//267
f 194//268 183//268 184//268
f 194//269 184//269 193//269
f 193//270 184//270 185//270
f 186//271 208//271 182//271
f 89//272 87//272 195//272
f 195//273 87//273 154//273
f 207//274 161//274 206//274
f 206//275 161//275 160//275
f 206//276 160//276 190//276
f 190//277 160//277 15//277
f 190//278 15//278 191//278
f 191//279 15//279 14//279
f 191//280 14//280 196//280
f 196//281 14//281 22//281
f 196//282 22//282 197//282
f 197//283 22//283 24//283
f 197//284 24//284 198//284
f 198//285 24//285 28//285
f 198//286 28//286 199//286
f 199//287 28//287 30//287
f 199//288 30//288 200//288
f 200//289 30//289 32//289
f 200//290 32//290 201//290
f 201//291 32//291 36//291
f 201//292 36//292 202//292
f 202//293 36//293 38//293
f 202//294 38//294 203//294
f 203//295 38//295 17//295
f 203//296 17//296 204//296
f 204//297 17//297 189//297
f 189//298 152//298 205//298
f 205//299 152//299 154//299
f 205//300 154//300 86//300
f 86//301 154//301 87//301
f 215//302 214//302 216//302
f 215//303 216//303 217//303
f 217//304 216//304 219//304
f 217//305 219//305 220//305
f 226//306 218//306 220//306
f 220//307 218//307 221//307
f 220//308 221//308 217//308
f 217//309 221//309 222//309
f 217//310 222//310 215//310
f 215//311 222//311 223//311
f 225//312 224//312 226//312
f 227//313 228//313 229//313
f 229//314 230//314 227//314
f 227//315 230//315 231//315
f 228//316 232//316 229//316
f 224//317 225//317 233//317
f 233//318 225//318 232//318
f 233//319 232//319 234//319
f 234//320 232//320 228//320
f 234//321 228//321 235//321
f 235//322 228//322 227//322
f 236//323 237//323 238//323
f 238//324 237//324 214//324
f 240//325 239//325 241//325
f 240//326 241//326 242//326
f 242//327 241//327 238//327
f 238//328 241//328 236//328
f 243//329 240//329 242//329
f 243//330 242//330 245//330
f 245//331 242//331 238//331
f 245//332 238//332 246//332
f 246//333 238//333 214//333
f 246//334 214//334 215//334
f 244//335 243//335 245//335
f 244//336 245//336 247//336
f 247//337 245//337 246//337
f 247//338 246//338 248//338
f 248//339 246//339 215//339
f 248//340 215//340 223//340
f 249//341 250//341 251//341
f 254//342 253//342 255//342
f 250//343 249//343 255//343
f 255//344 249//344 254//344
f 256//345 257//345 258//345
f 256//346 258//346 259//346
f 259//347 258//347 260//347
f 259//348 260//348 261//348
f 261//349 260//349 235//349
f 261//350 235//350 227//350
f 255//351 256//351 259//351
f 255//352 259//352 250//352
f 250//353 259//353 261//353
f 250//354 261//354 251//354
f 251//355 261//355 227//355
f 251//356 227//356 231//356
f 264//357 265//357 266//357
f 265//358 267//358 266//358
f 266//359 267//359 263//359
f 263//360 267//360 262//360
f 268//361 269//361 270//361
f 270//362 269//362 271//362
f 270//363 271//363 272//363
f 272//364 271//364 273//364
f 272//365 273//365 263//365
f 263//366 273//366 274//366
f 263//367 274//367 266//367
f 266//368 274//368 275//368
f 266//369 275//369 264//369
f 264//370 275//370 276//370
f 244//371 268//371 243//371
f 243//372 268//372 270//372
f 243//373 270//373 240//373
f 240//374 270//374 272//374
f 240//375 272//375 239//375
f 239//376 272//376 263//376
f 239//377 263//377 262//377
f 277//378 265//378 264//378
f 252//379 279//379 278//379
f 278//380 279//380 277//380
f 277//381 279//381 265//381
f 280//382 281//382 282//382
f 264//383 276//383 277//383
f 277//384 276//384 283//384
f 277//385 283//385 278//385
f 278//386 283//386 284//386
f 278//387 284//387 285//387
f 257//388 282//388 286//388
f 286//389 282//389 281//389
f 286//390 281//390 287//390
f 257//391 256//391 282//391
f 282//392 256//392 285//392
f 282//393 285//393 280//393
f 280//394 285//394 284//394
f 256//395 255//395 285//395
f 285//396 255//396 253//396
f 285//397 253//397 278//397
f 278//398 253//398 252//398
f 226//399 305//399 218//399
f 289//400 218//400 305//400
f 305//401 290//401 291//401
f 291//402 290//402 292//402
f 291//403 292//403 293//403
f 222//404 221//404 294//404
f 294//405 221//405 295//405
f 294//406 295//406 296//406
f 296//407 295//407 293//407
f 293//408 295//408 291//408
f 291//409 295//409 289//409
f 291//410 289//410 305//410
f 223//411 222//411 297//411
f 297//412 222//412 298//412
f 298//413 222//413 294//413
f 298//414 294//414 299//414
f 299//415 294//415 300//415
f 300//416 294//416 296//416
f 300//417 296//417 301//417
f 301//418 296//418 302//418
f 302//419 296//419 293//419
f 302//420 293//420 303//420
f 303//421 293//421 292//421
f 221//422 218//422 295//422
f 295//423 218//423 289//423
f 226//424 304//424 305//424
f 306//425 226//425 288//425
f 288//426 226//426 224//426
f 307//427 308//427 309//427
f 310//428 311//428 312//428
f 234//429 235//429 313//429
f 234//430 313//430 314//430
f 314//431 313//431 315//431
f 224//432 233//432 316//432
f 316//433 233//433 317//433
f 316//434 317//434 309//434
f 316//435 309//435 288//435
f 288//436 309//436 308//436
f 312//437 311//437 318//437
f 312//438 318//438 319//438
f 319//439 318//439 320//439
f 319//440 320//440 321//440
f 233//441 234//441 317//441
f 317//442 234//442 314//442
f 317//443 314//443 309//443
f 316//444 288//444 224//444
f 321//445 307//445 319//445
f 319//446 307//446 309//446
f 319//447 309//447 312//447
f 312//448 309//448 314//448
f 312//449 314//449 310//449
f 310//450 314//450 315//450
f 329//451 322//451 330//451
f 330//452 322//452 323//452
f 330//453 323//453 331//453
f 331//454 323//454 324//454
f 331//455 324//455 332//455
f 332//456 324//456 325//456
f 332//457 325//457 333//457
f 333//458 325//458 326//458
f 333//459 326//459 334//459
f 334//460 326//460 327//460
f 334//461 327//461 335//461
f 335//462 327//462 328//462
f 335//463 328//463 247//463
f 247//464 328//464 244//464
f 336//465 329//465 337//465
f 337//466 329//466 330//466
f 337//467 330//467 338//467
f 338//468 330//468 331//468
f 338//469 331//469 339//469
f 339//470 331//470 332//470
f 339//471 332//471 340//471
f 340//472 332//472 333//472
f 340//473 333//473 341//473
f 341//474 333//474 334//474
f 341//475 334//475 342//475
f 342//476 334//476 335//476
f 342//477 335//477 248//477
f 248//478 335//478 247//478
f 303//479 336//479 302//479
f 302//480 336//480 337//480
f 302//481 337//481 301//481
f 301//482 337//482 338//482
f 301//483 338//483 300//483
f 300//484 338//484 339//484
f 300//485 339//485 299//485
f 299//486 339//486 340//486
f 299//487 340//487 298//487
f 298//488 340//488 341//488
f 298//489 341//489 297//489
f 297//490 341//490 342//490
f 297//491 342//491 223//491
f 223//492 342//492 248//492
f 343//493 344//493 345//493
f 345//493 344//493 346//493
f 345//494 346//494 347//494
f 347//495 346//495 348//495
f 347//496 348//496 349//496
f 349//497 348//497 350//497
f 349//498 350//498 292//498
f 292//499 350//499 303//499
f 351//500 343//500 352//500
f 352//501 343//501 345//501
f 352//502 345//502 347//502
f 352//503 347//503 290//503
f 290//504 347//504 349//504
f 290//505 349//505 292//505
f 304//506 351//506 353//506
f 353//507 351//507 352//507
f 353//508 352//508 305//508
f 305//509 352//509 290//509
f 305//510 304//510 353//510
f 304//511 226//511 422//511
f 226//512 306//512 354//512
f 226//512 354//512 422//512
f 355//513 306//513 356//513
f 356//514 306//514 308//514
f 308//515 306//515 288//515
f 357//516 355//516 358//516
f 358//517 355//517 359//517
f 359//518 355//518 356//518
f 359//519 356//519 360//519
f 360//520 356//520 308//520
f 360//521 308//521 307//521
f 361//522 357//522 362//522
f 362//523 357//523 358//523
f 362//524 358//524 363//524
f 363//525 358//525 359//525
f 363//526 359//526 364//526
f 364//527 359//527 360//527
f 364//528 360//528 321//528
f 321//529 360//529 307//529
f 365//530 321//530 366//530
f 366//531 321//531 320//531
f 366//532 320//532 367//532
f 367//533 320//533 318//533
f 367//534 318//534 368//534
f 368//535 318//535 311//535
f 368//536 311//536 369//536
f 369//537 311//537 310//537
f 369//538 310//538 370//538
f 370//539 310//539 315//539
f 370//540 315//540 371//540
f 371//541 315//541 313//541
f 371//542 313//542 260//542
f 260//543 313//543 235//543
f 372//544 365//544 373//544
f 373//545 365//545 366//545
f 373//546 366//546 374//546
f 374//547 366//547 367//547
f 374//548 367//548 375//548
f 375//549 367//549 368//549
f 375//550 368//550 376//550
f 376//551 368//551 369//551
f 376//552 369//552 377//552
f 377//553 369//553 370//553
f 377//554 370//554 378//554
f 378//555 370//555 371//555
f 378//556 371//556 258//556
f 258//557 371//557 260//557
f 379//558 372//558 380//558
f 380//559 372//559 373//559
f 380//560 373//560 381//560
f 381//561 373//561 374//561
f 381//562 374//562 382//562
f 382//563 374//563 375//563
f 382//564 375//564 383//564
f 383//565 375//565 376//565
f 383//566 376//566 384//566
f 384//567 376//567 377//567
f 384//568 377//568 385//568
f 385//569 377//569 378//569
f 385//570 378//570 257//570
f 257//571 378//571 258//571
f 386//572 387//572 388//572
f 388//573 387//573 389//573
f 388//574 389//574 390//574
f 390//575 389//575 391//575
f 390//576 391//576 392//576
f 392//577 391//577 393//577
f 392//578 393//578 394//578
f 394//579 393//579 395//579
f 394//580 395//580 396//580
f 396//581 395//581 397//581
f 396//582 397//582 398//582
f 398//583 397//583 399//583
f 398//584 399//584 268//584
f 268//585 399//585 269//585
f 322//586 386//586 323//586
f 323//587 386//587 388//587
f 323//588 388//588 324//588
f 324//589 388//589 390//589
f 324//590 390//590 325//590
f 325//591 390//591 392//591
f 325//592 392//592 326//592
f 326//593 392//593 394//593
f 326//594 394//594 327//594
f 327//595 394//595 396//595
f 327//596 396//596 328//596
f 328//597 396//597 398//597
f 328//598 398//598 244//598
f 244//599 398//599 268//599
f 400//600 322//600 329//600
f 400//601 329//601 403//601
f 403//602 329//602 336//602
f 403//603 336//603 404//603
f 404//604 336//604 303//604
f 404//605 303//605 350//605
f 401//606 400//606 403//606
f 401//607 403//607 405//607
f 405//608 403//608 404//608
f 405//609 404//609 406//609
f 406//610 404//610 350//610
f 406//611 350//611 348//611
f 402//612 401//612 405//612
f 402//613 405//613 407//613
f 407//614 405//614 406//614
f 407//614 406//614 408//614
f 408//615 406//615 348//615
f 408//616 348//616 346//616
f 409//617 402//617 410//617
f 410//618 402//618 407//618
f 410//619 407//619 411//619
f 411//620 407//620 408//620
f 411//620 408//620 412//620
f 412//621 408//621 346//621
f 412//621 346//621 344//621
f 414//622 413//622 415//622
f 414//623 415//623 416//623
f 417//624 8//624 414//624
f 414//625 8//625 413//625
f 416//626 415//626 418//626
f 416//627 418//627 343//627
f 343//627 418//627 344//627
f 419//628 2//628 417//628
f 417//628 2//628 1//628
f 417//629 1//629 8//629
f 420//630 419//630 421//630
f 421//631 419//631 417//631
f 421//632 417//632 414//632
f 421//633 414//633 351//633
f 351//634 414//634 416//634
f 351//635 416//635 343//635
f 422//636 420//636 304//636
f 304//637 420//637 421//637
f 304//638 421//638 351//638
f 422//639 354//639 424//639
f 422//640 424//640 423//640
f 425//641 354//641 426//641
f 426//642 354//642 355//642
f 355//643 354//643 306//643
f 427//644 425//644 428//644
f 428//645 425//645 429//645
f 429//646 425//646 426//646
f 429//647 426//647 357//647
f 357//648 426//648 355//648
f 430//649 427//649 431//649
f 431//650 427//650 428//650
f 431//651 428//651 432//651
f 432//652 428//652 429//652
f 432//653 429//653 433//653
f 433//654 429//654 361//654
f 361//655 429//655 357//655
f 437//656 438//656 436//656
f 361//657 362//657 434//657
f 437//658 439//658 435//658
f 435//659 439//659 440//659
f 435//660 440//660 434//660
f 441//661 442//661 443//661
f 362//662 363//662 444//662
f 444//663 363//663 364//663
f 444//664 364//664 445//664
f 445//665 364//665 321//665
f 445//666 321//666 365//666
f 379//667 436//667 438//667
f 379//668 438//668 372//668
f 434//669 362//669 435//669
f 435//670 362//670 444//670
f 435//671 444//671 437//671
f 437//672 444//672 445//672
f 437//673 445//673 438//673
f 438//674 445//674 365//674
f 438//675 365//675 372//675
f 436//676 441//676 437//676
f 437//677 441//677 443//677
f 437//678 443//678 439//678
f 439//679 443//679 440//679
f 440//680 443//680 446//680
f 447//681 379//681 448//681
f 448//682 379//682 380//682
f 448//683 380//683 449//683
f 449//684 380//684 381//684
f 449//685 381//685 450//685
f 450//686 381//686 382//686
f 450//687 382//687 451//687
f 451//688 382//688 383//688
f 451//689 383//689 452//689
f 452//690 383//690 384//690
f 452//691 384//691 453//691
f 453//692 384//692 385//692
f 453//693 385//693 286//693
f 286//694 385//694 257//694
f 454//695 447//695 455//695
f 455//696 447//696 448//696
f 455//697 448//697 456//697
f 456//698 448//698 449//698
f 456//699 449//699 457//699
f 457//700 449//700 450//700
f 457//701 450//701 458//701
f 458//702 450//702 451//702
f 458//703 451//703 459//703
f 459//704 451//704 452//704
f 459//705 452//705 460//705
f 460//706 452//706 453//706
f 460//707 453//707 287//707
f 287//708 453//708 286//708
f 461//709 462//709 463//709
f 463//710 462//710 464//710
f 463//711 464//711 465//711
f 465//712 464//712 466//712
f 465//713 466//713 467//713
f 467//714 466//714 468//714
f 467//715 468//715 469//715
f 469//716 468//716 470//716
f 469//717 470//717 471//717
f 471//718 470//718 472//718
f 473//719 461//719 474//719
f 474//720 461//720 463//720
f 474//721 463//721 475//721
f 475//722 463//722 465//722
f 475//723 465//723 476//723
f 476//724 465//724 467//724
f 476//725 467//725 477//725
f 477//726 467//726 469//726
f 477//727 469//727 478//727
f 478//728 469//728 471//728
f 479//729 473//729 480//729
f 480//730 473//730 474//730
f 480//731 474//731 481//731
f 481//732 474//732 475//732
f 481//733 475//733 482//733
f 482//734 475//734 476//734
f 482//735 476//735 483//735
f 483//736 476//736 477//736
f 483//737 477//737 484//737
f 484//738 477//738 478//738
f 269//739 479//739 271//739
f 271//740 479//740 480//740
f 271//741 480//741 273//741
f 273//742 480//742 481//742
f 273//743 481//743 274//743
f 274//744 481//744 482//744
f 274//745 482//745 275//745
f 275//746 482//746 483//746
f 275//747 483//747 276//747
f 276//748 483//748 484//748
f 485//749 486//749 487//749
f 487//750 486//750 488//750
f 487//751 488//751 489//751
f 489//752 488//752 490//752
f 489//753 490//753 491//753
f 491//754 490//754 492//754
f 492//755 490//755 493//755
f 492//756 493//756 494//756
f 494//757 493//757 495//757
f 494//758 495//758 496//758
f 496//759 495//759 497//759
f 496//760 497//760 461//760
f 461//761 497//761 462//761
f 498//762 485//762 499//762
f 499//763 485//763 487//763
f 499//764 487//764 500//764
f 500//765 487//765 489//765
f 500//766 489//766 501//766
f 501//767 489//767 491//767
f 501//768 491//768 502//768
f 502//769 491//769 492//769
f 502//770 492//770 503//770
f 503//771 492//771 494//771
f 503//772 494//772 504//772
f 504//773 494//773 496//773
f 504//774 496//774 473//774
f 473//775 496//775 461//775
f 505//776 498//776 506//776
f 506//777 498//777 499//777
f 506//778 499//778 507//778
f 507//779 499//779 500//779
f 507//780 500//780 508//780
f 508//781 500//781 501//781
f 508//782 501//782 509//782
f 509//783 501//783 502//783
f 509//784 502//784 510//784
f 510//785 502//785 503//785
f 510//786 503//786 511//786
f 511//787 503//787 504//787
f 511//788 504//788 479//788
f 479//789 504//789 473//789
f 387//790 505//790 389//790
f 389//791 505//791 506//791
f 389//792 506//792 391//792
f 391//793 506//793 507//793
f 391//794 507//794 393//794
f 393//795 507//795 508//795
f 393//796 508//796 395//796
f 395//797 508//797 509//797
f 395//798 509//798 397//798
f 397//799 509//799 510//799
f 397//800 510//800 399//800
f 399//801 510//801 511//801
f 399//802 511//802 269//802
f 269//803 511//803 479//803
f 513//804 512//804 514//804
f 515//805 401//805 402//805
f 402//806 409//806 516//806
f 402//807 516//807 517//807
f 402//808 517//808 515//808
f 515//809 517//809 518//809
f 387//810 386//810 519//810
f 519//811 386//811 520//811
f 519//812 520//812 514//812
f 514//813 520//813 515//813
f 514//814 515//814 518//814
f 514//815 518//815 513//815
f 401//816 515//816 400//816
f 400//817 515//817 520//817
f 400//818 520//818 386//818
f 400//819 386//819 322//819
f 521//820 410//820 411//820
f 521//821 411//821 522//821
f 415//822 524//822 418//822
f 418//823 524//823 523//823
f 522//824 411//824 412//824
f 522//825 412//825 523//825
f 523//826 412//826 344//826
f 523//827 344//827 418//827
f 525//828 526//828 527//828
f 527//829 526//829 528//829
f 527//830 528//830 529//830
f 529//831 528//831 530//831
f 529//832 530//832 531//832
f 531//833 530//833 532//833
f 531//834 532//834 419//834
f 419//834 532//834 2//834
f 533//835 525//835 527//835
f 533//836 527//836 534//836
f 534//837 527//837 529//837
f 534//838 529//838 420//838
f 420//839 529//839 531//839
f 420//840 531//840 419//840
f 535//841 533//841 422//841
f 422//842 533//842 534//842
f 422//843 534//843 420//843
f 535//844 422//844 616//844
f 424//640 536//640 423//640
f 422//845 423//845 616//845
f 537//846 424//846 354//846
f 538//847 424//847 539//847
f 539//848 424//848 537//848
f 539//849 537//849 425//849
f 425//850 537//850 354//850
f 540//851 538//851 541//851
f 541//852 538//852 542//852
f 542//853 538//853 539//853
f 542//854 539//854 543//854
f 543//855 539//855 427//855
f 427//856 539//856 425//856
f 544//857 540//857 545//857
f 545//858 540//858 541//858
f 545//859 541//859 546//859
f 546//860 541//860 542//860
f 546//861 542//861 547//861
f 547//862 542//862 543//862
f 547//863 543//863 430//863
f 430//864 543//864 427//864
f 548//865 549//865 550//865
f 549//866 430//866 551//866
f 551//867 430//867 431//867
f 551//868 431//868 432//868
f 550//869 549//869 551//869
f 550//870 551//870 553//870
f 553//871 551//871 432//871
f 553//872 432//872 552//872
f 552//873 432//873 433//873
f 552//874 433//874 434//874
f 434//875 433//875 361//875
f 440//876 552//876 434//876
f 554//877 548//877 550//877
f 554//878 550//878 555//878
f 555//879 550//879 553//879
f 555//880 553//880 556//880
f 556//881 553//881 552//881
f 556//882 552//882 446//882
f 446//883 552//883 440//883
f 379//884 447//884 436//884
f 436//885 447//885 558//885
f 442//886 441//886 558//886
f 558//887 441//887 436//887
f 446//888 443//888 557//888
f 557//889 443//889 442//889
f 447//890 454//890 558//890
f 558//891 454//891 559//891
f 558//892 559//892 560//892
f 558//893 560//893 442//893
f 442//894 560//894 561//894
f 442//895 561//895 557//895
f 562//896 446//896 563//896
f 563//897 446//897 557//897
f 563//898 557//898 561//898
f 564//899 454//899 565//899
f 565//900 454//900 455//900
f 565//901 455//901 566//901
f 566//902 455//902 456//902
f 566//903 456//903 567//903
f 567//904 456//904 457//904
f 567//905 457//905 568//905
f 568//906 457//906 458//906
f 568//907 458//907 569//907
f 569//908 458//908 459//908
f 569//909 459//909 570//909
f 570//910 459//910 460//910
f 570//911 460//911 571//911
f 571//912 460//912 287//912
f 572//913 564//913 573//913
f 573//914 564//914 565//914
f 573//915 565//915 574//915
f 574//916 565//916 566//916
f 574//917 566//917 575//917
f 575//918 566//918 567//918
f 575//919 567//919 576//919
f 576//920 567//920 568//920
f 576//921 568//921 577//921
f 577//922 568//922 569//922
f 577//923 569//923 578//923
f 578//924 569//924 570//924
f 578//925 570//925 579//925
f 579//926 570//926 571//926
f 580//927 572//927 581//927
f 581//928 572//928 573//928
f 581//929 573//929 582//929
f 582//930 573//930 574//930
f 582//931 574//931 583//931
f 583//932 574//932 575//932
f 583//933 575//933 584//933
f 584//934 575//934 576//934
f 584//935 576//935 585//935
f 585//936 576//936 577//936
f 585//937 577//937 586//937
f 586//938 577//938 578//938
f 586//939 578//939 587//939
f 587//940 578//940 579//940
f 588//941 580//941 589//941
f 589//942 580//942 581//942
f 589//943 581//943 590//943
f 590//944 581//944 582//944
f 590//945 582//945 583//945
f 590//946 583//946 591//946
f 591//947 583//947 584//947
f 591//948 584//948 592//948
f 592//949 584//949 585//949
f 592//950 585//950 593//950
f 593//951 585//951 586//951
f 593//952 586//952 594//952
f 594//953 586//953 587//953
f 471//954 472//954 595//954
f 595//955 472//955 596//955
f 595//956 596//956 597//956
f 597//957 596//957 598//957
f 597//958 598//958 599//958
f 599//959 598//959 600//959
f 599//960 600//960 601//960
f 601//961 600//961 602//961
f 601//962 602//962 587//962
f 587//963 602//963 594//963
f 478//964 471//964 603//964
f 603//965 471//965 595//965
f 603//966 595//966 604//966
f 604//967 595//967 597//967
f 604//968 597//968 605//968
f 605//969 597//969 599//969
f 605//970 599//970 606//970
f 606//971 599//971 601//971
f 606//972 601//972 579//972
f 579//973 601//973 587//973
f 484//974 478//974 607//974
f 607//975 478//975 603//975
f 607//976 603//976 608//976
f 608//977 603//977 604//977
f 608//978 604//978 609//978
f 609//979 604//979 605//979
f 609//980 605//980 610//980
f 610//981 605//981 606//981
f 610//982 606//982 571//982
f 571//983 606//983 579//983
f 276//984 484//984 283//984
f 283//985 484//985 607//985
f 283//986 607//986 284//986
f 284//987 607//987 608//987
f 284//988 608//988 280//988
f 280//989 608//989 609//989
f 280//990 609//990 281//990
f 281//991 609//991 610//991
f 281//992 610//992 287//992
f 287//993 610//993 571//993
f 612//994 613//994 611//994
f 611//995 613//995 614//995
f 674//996 616//996 615//996
f 674//997 615//997 617//997
f 617//998 615//998 612//998
f 617//999 612//999 618//999
f 618//1000 612//1000 611//1000
f 618//1001 611//1001 619//1001
f 620//1002 765//1002 621//1002
f 621//1003 765//1003 622//1003
f 622//1004 765//1004 623//1004
f 622//1005 623//1005 624//1005
f 624//1006 623//1006 867//1006
f 625//1007 620//1007 626//1007
f 626//1008 620//1008 621//1008
f 626//1009 621//1009 627//1009
f 627//1010 621//1010 622//1010
f 627//1011 622//1011 628//1011
f 628//1012 622//1012 629//1012
f 629//1013 622//1013 624//1013
f 462//1014 625//1014 464//1014
f 464//1015 625//1015 466//1015
f 466//1016 625//1016 626//1016
f 466//1017 626//1017 468//1017
f 468//1018 626//1018 627//1018
f 468//1019 627//1019 470//1019
f 470//1020 627//1020 628//1020
f 470//1021 628//1021 472//1021
f 472//1022 628//1022 629//1022
f 630//1023 631//1023 632//1023
f 632//1024 631//1024 633//1024
f 633//1025 631//1025 634//1025
f 633//1026 634//1026 635//1026
f 635//1027 634//1027 620//1027
f 620//1028 634//1028 765//1028
f 636//1029 630//1029 637//1029
f 637//1030 630//1030 632//1030
f 637//1031 632//1031 638//1031
f 638//1032 632//1032 633//1032
f 638//1033 633//1033 639//1033
f 639//1034 633//1034 635//1034
f 639//1035 635//1035 640//1035
f 640//1036 635//1036 620//1036
f 640//1037 620//1037 625//1037
f 625//1038 462//1038 640//1038
f 640//1039 462//1039 497//1039
f 640//1040 497//1040 639//1040
f 639//1041 497//1041 495//1041
f 639//1042 495//1042 493//1042
f 639//1043 493//1043 638//1043
f 486//1044 636//1044 488//1044
f 488//1045 636//1045 637//1045
f 488//1046 637//1046 490//1046
f 490//1047 637//1047 638//1047
f 490//1048 638//1048 493//1048
f 641//1049 642//1049 643//1049
f 643//1050 642//1050 644//1050
f 643//1051 644//1051 645//1051
f 645//1052 644//1052 646//1052
f 643//1053 647//1053 641//1053
f 641//1054 647//1054 648//1054
f 641//1055 648//1055 649//1055
f 649//1056 648//1056 512//1056
f 650//1057 486//1057 485//1057
f 651//1058 650//1058 652//1058
f 645//1059 651//1059 653//1059
f 650//1060 485//1060 652//1060
f 652//1061 485//1061 498//1061
f 652//1062 498//1062 654//1062
f 654//1063 498//1063 505//1063
f 654//1064 505//1064 519//1064
f 651//1065 652//1065 653//1065
f 653//1066 652//1066 654//1066
f 653//1067 654//1067 655//1067
f 655//1068 654//1068 519//1068
f 655//1069 519//1069 656//1069
f 505//1070 387//1070 519//1070
f 656//1071 519//1071 514//1071
f 645//1059 653//1059 643//1059
f 643//1072 653//1072 655//1072
f 643//1072 655//1072 647//1072
f 647//1073 655//1073 656//1073
f 647//1073 656//1073 648//1073
f 648//1074 656//1074 514//1074
f 648//1075 514//1075 512//1075
f 6//1076 5//1076 657//1076
f 6//1077 657//1077 658//1077
f 659//1078 660//1078 661//1078
f 661//1079 660//1079 657//1079
f 3//1080 2//1080 661//1080
f 661//1081 2//1081 532//1081
f 661//1082 532//1082 659//1082
f 659//1083 532//1083 530//1083
f 663//1084 664//1084 657//1084
f 657//1085 664//1085 665//1085
f 657//1086 665//1086 658//1086
f 528//1087 526//1087 666//1087
f 666//1088 526//1088 667//1088
f 666//1089 667//1089 668//1089
f 668//1090 667//1090 669//1090
f 668//1091 669//1091 670//1091
f 3//1092 661//1092 5//1092
f 5//1093 661//1093 657//1093
f 662//1094 663//1094 660//1094
f 660//1095 663//1095 657//1095
f 670//1096 662//1096 668//1096
f 668//1097 662//1097 660//1097
f 668//1098 660//1098 666//1098
f 666//1099 660//1099 659//1099
f 666//1100 659//1100 528//1100
f 528//1101 659//1101 530//1101
f 525//1102 533//1102 671//1102
f 617//1103 618//1103 672//1103
f 672//1104 618//1104 673//1104
f 672//1105 673//1105 671//1105
f 674//1106 535//1106 616//1106
f 673//1107 675//1107 671//1107
f 671//1108 675//1108 676//1108
f 671//1109 676//1109 525//1109
f 525//1110 676//1110 526//1110
f 618//1111 619//1111 677//1111
f 618//1112 677//1112 673//1112
f 673//1113 677//1113 678//1113
f 673//1114 678//1114 679//1114
f 673//1115 679//1115 675//1115
f 675//1116 679//1116 680//1116
f 675//1117 680//1117 681//1117
f 675//1118 681//1118 676//1118
f 676//1119 681//1119 682//1119
f 676//1120 682//1120 526//1120
f 533//1121 535//1121 671//1121
f 671//1122 535//1122 674//1122
f 671//1123 674//1123 672//1123
f 672//1124 674//1124 617//1124
f 684//1125 685//1125 686//1125
f 683//1126 686//1126 1318//1126
f 683//1127 1318//1127 423//1127
f 688//1128 687//1128 689//1128
f 688//1129 689//1129 684//1129
f 684//1130 689//1130 685//1130
f 423//1131 536//1131 683//1131
f 683//1132 690//1132 686//1132
f 686//1133 690//1133 691//1133
f 686//1134 691//1134 684//1134
f 684//1135 691//1135 692//1135
f 684//1136 692//1136 688//1136
f 536//1137 424//1137 693//1137
f 693//1138 424//1138 538//1138
f 693//1139 538//1139 540//1139
f 536//1140 694//1140 683//1140
f 683//1140 694//1140 690//1140
f 692//1141 691//1141 695//1141
f 695//1142 691//1142 696//1142
f 696//1143 691//1143 697//1143
f 696//1144 697//1144 698//1144
f 698//1145 697//1145 699//1145
f 699//1146 697//1146 700//1146
f 699//1147 700//1147 701//1147
f 701//1148 700//1148 702//1148
f 694//1149 536//1149 693//1149
f 694//1150 693//1150 703//1150
f 703//1151 693//1151 540//1151
f 703//1152 540//1152 544//1152
f 544//1153 702//1153 703//1153
f 703//1154 702//1154 700//1154
f 703//1155 700//1155 694//1155
f 694//1156 700//1156 697//1156
f 694//1157 697//1157 690//1157
f 690//1158 697//1158 691//1158
f 430//1159 549//1159 705//1159
f 706//1160 544//1160 707//1160
f 707//1161 544//1161 545//1161
f 707//1162 545//1162 708//1162
f 708//1163 545//1163 546//1163
f 708//1164 546//1164 705//1164
f 705//1165 546//1165 547//1165
f 705//1166 547//1166 430//1166
f 709//1167 706//1167 710//1167
f 710//1168 706//1168 707//1168
f 710//1169 707//1169 711//1169
f 711//1170 707//1170 708//1170
f 711//1171 708//1171 704//1171
f 704//1172 708//1172 705//1172
f 704//1173 705//1173 549//1173
f 712//1174 709//1174 713//1174
f 713//1175 709//1175 710//1175
f 713//1176 710//1176 714//1176
f 714//1177 710//1177 711//1177
f 714//1178 711//1178 715//1178
f 715//1179 711//1179 704//1179
f 715//1180 704//1180 548//1180
f 548//1181 704//1181 549//1181
f 716//1182 548//1182 554//1182
f 717//1183 716//1183 718//1183
f 718//1184 716//1184 554//1184
f 718//1185 554//1185 719//1185
f 719//1186 554//1186 555//1186
f 719//1187 555//1187 720//1187
f 720//1188 555//1188 556//1188
f 720//1189 556//1189 562//1189
f 562//1190 556//1190 446//1190
f 454//1191 564//1191 721//1191
f 454//1192 721//1192 559//1192
f 559//1193 721//1193 560//1193
f 561//1194 560//1194 722//1194
f 561//1195 722//1195 563//1195
f 563//1196 722//1196 562//1196
f 723//1197 562//1197 724//1197
f 724//1198 562//1198 722//1198
f 724//1199 722//1199 725//1199
f 725//1200 722//1200 560//1200
f 725//1201 560//1201 726//1201
f 726//1202 560//1202 721//1202
f 726//1203 721//1203 572//1203
f 572//1204 721//1204 564//1204
f 727//1205 723//1205 728//1205
f 728//1205 723//1205 724//1205
f 728//1206 724//1206 729//1206
f 729//1206 724//1206 725//1206
f 729//1207 725//1207 730//1207
f 730//1208 725//1208 726//1208
f 730//1209 726//1209 580//1209
f 580//1210 726//1210 572//1210
f 731//1211 727//1211 732//1211
f 732//1211 727//1211 728//1211
f 732//1212 728//1212 733//1212
f 733//1213 728//1213 729//1213
f 733//1214 729//1214 734//1214
f 734//1215 729//1215 730//1215
f 734//1216 730//1216 588//1216
f 588//1217 730//1217 580//1217
f 735//1218 590//1218 736//1218
f 736//1219 590//1219 591//1219
f 736//1220 591//1220 592//1220
f 736//1221 592//1221 737//1221
f 737//1222 592//1222 593//1222
f 737//1223 593//1223 738//1223
f 738//1224 593//1224 594//1224
f 739//1225 588//1225 740//1225
f 740//1226 588//1226 589//1226
f 740//1227 589//1227 735//1227
f 735//1228 589//1228 590//1228
f 741//1229 739//1229 742//1229
f 742//1230 739//1230 740//1230
f 742//1231 740//1231 743//1231
f 743//1232 740//1232 735//1232
f 743//1233 735//1233 744//1233
f 744//1234 735//1234 736//1234
f 744//1235 736//1235 745//1235
f 745//1236 736//1236 737//1236
f 745//1237 737//1237 738//1237
f 866//1238 741//1238 746//1238
f 746//1239 741//1239 742//1239
f 746//1240 742//1240 743//1240
f 746//1241 743//1241 744//1241
f 746//1242 744//1242 747//1242
f 747//1243 744//1243 745//1243
f 624//1244 867//1244 748//1244
f 748//1245 867//1245 745//1245
f 745//1246 867//1246 747//1246
f 629//1247 624//1247 749//1247
f 749//1248 624//1248 750//1248
f 750//1249 624//1249 748//1249
f 750//1250 748//1250 751//1250
f 751//1251 748//1251 738//1251
f 738//1252 748//1252 745//1252
f 472//1253 629//1253 596//1253
f 596//1254 629//1254 749//1254
f 596//1255 749//1255 598//1255
f 598//1256 749//1256 750//1256
f 598//1257 750//1257 600//1257
f 600//1258 750//1258 751//1258
f 600//1259 751//1259 602//1259
f 602//1260 751//1260 738//1260
f 602//1261 738//1261 594//1261
f 753//1262 755//1262 752//1262
f 752//1263 755//1263 756//1263
f 755//1264 757//1264 756//1264
f 756//1265 757//1265 758//1265
f 611//1266 614//1266 758//1266
f 619//1267 611//1267 759//1267
f 611//1268 758//1268 759//1268
f 759//1269 758//1269 757//1269
f 759//1270 757//1270 760//1270
f 760//1271 757//1271 755//1271
f 760//1272 755//1272 761//1272
f 619//1273 759//1273 762//1273
f 762//1274 759//1274 760//1274
f 762//1275 760//1275 763//1275
f 763//1276 760//1276 761//1276
f 763//1277 761//1277 764//1277
f 765//1278 634//1278 631//1278
f 882//1278 867//1278 623//1278
f 623//1278 765//1278 882//1278
f 766//1279 767//1279 646//1279
f 768//1280 769//1280 770//1280
f 770//1281 769//1281 771//1281
f 770//1282 771//1282 630//1282
f 630//1283 771//1283 631//1283
f 766//1284 768//1284 767//1284
f 767//1285 768//1285 770//1285
f 767//1286 770//1286 772//1286
f 772//1287 770//1287 773//1287
f 773//1288 770//1288 630//1288
f 773//1289 630//1289 636//1289
f 636//1290 486//1290 773//1290
f 773//1291 486//1291 650//1291
f 773//1292 650//1292 772//1292
f 772//1293 650//1293 651//1293
f 772//1294 651//1294 767//1294
f 767//1295 651//1295 645//1295
f 767//1296 645//1296 646//1296
f 664//1297 775//1297 665//1297
f 776//1298 774//1298 777//1298
f 776//1299 777//1299 778//1299
f 779//1300 777//1300 780//1300
f 780//1301 777//1301 774//1301
f 780//1302 774//1302 664//1302
f 664//1303 774//1303 775//1303
f 670//1304 781//1304 662//1304
f 662//1305 781//1305 782//1305
f 662//1306 782//1306 783//1306
f 662//1307 783//1307 663//1307
f 781//1308 784//1308 782//1308
f 782//1309 784//1309 779//1309
f 782//1310 779//1310 783//1310
f 783//1311 779//1311 780//1311
f 783//1312 780//1312 663//1312
f 663//1313 780//1313 664//1313
f 763//1314 764//1314 791//1314
f 791//1315 764//1315 785//1315
f 791//1316 785//1316 792//1316
f 792//1317 785//1317 786//1317
f 792//1318 786//1318 793//1318
f 793//1319 786//1319 787//1319
f 793//1320 787//1320 794//1320
f 794//1321 787//1321 788//1321
f 794//1322 788//1322 795//1322
f 795//1323 788//1323 789//1323
f 795//1324 789//1324 796//1324
f 796//1325 789//1325 790//1325
f 796//1326 790//1326 669//1326
f 669//1327 790//1327 670//1327
f 762//1328 763//1328 797//1328
f 797//1329 763//1329 791//1329
f 797//1330 791//1330 798//1330
f 798//1331 791//1331 792//1331
f 798//1332 792//1332 799//1332
f 799//1333 792//1333 793//1333
f 799//1334 793//1334 800//1334
f 800//1335 793//1335 794//1335
f 800//1336 794//1336 801//1336
f 801//1337 794//1337 795//1337
f 801//1338 795//1338 802//1338
f 802//1339 795//1339 796//1339
f 802//1340 796//1340 667//1340
f 667//1341 796//1341 669//1341
f 619//1342 762//1342 677//1342
f 677//1343 762//1343 797//1343
f 677//1344 797//1344 678//1344
f 678//1345 797//1345 798//1345
f 678//1346 798//1346 679//1346
f 679//1347 798//1347 799//1347
f 679//1348 799//1348 680//1348
f 680//1349 799//1349 800//1349
f 680//1350 800//1350 681//1350
f 681//1351 800//1351 801//1351
f 681//1352 801//1352 682//1352
f 682//1353 801//1353 802//1353
f 682//1354 802//1354 526//1354
f 526//1355 802//1355 667//1355
f 805//1356 806//1356 807//1356
f 807//1357 806//1357 808//1357
f 807//1358 808//1358 687//1358
f 807//1359 687//1359 809//1359
f 809//1360 687//1360 688//1360
f 809//1361 688//1361 810//1361
f 810//1362 688//1362 692//1362
f 810//1363 811//1363 809//1363
f 809//1364 811//1364 812//1364
f 809//1365 812//1365 807//1365
f 807//1366 812//1366 813//1366
f 807//1367 813//1367 805//1367
f 811//1368 814//1368 812//1368
f 812//1369 814//1369 815//1369
f 812//1370 815//1370 813//1370
f 813//1371 815//1371 804//1371
f 813//1372 804//1372 805//1372
f 805//1373 804//1373 803//1373
f 810//1374 692//1374 816//1374
f 816//1375 692//1375 695//1375
f 816//1376 695//1376 817//1376
f 817//1377 695//1377 696//1377
f 817//1378 696//1378 818//1378
f 818//1379 696//1379 698//1379
f 818//1380 698//1380 819//1380
f 819//1381 698//1381 699//1381
f 819//1382 699//1382 820//1382
f 820//1383 699//1383 701//1383
f 820//1384 701//1384 821//1384
f 821//1385 701//1385 702//1385
f 821//1386 702//1386 706//1386
f 706//1387 702//1387 544//1387
f 811//1388 810//1388 822//1388
f 822//1389 810//1389 816//1389
f 822//1390 816//1390 823//1390
f 823//1391 816//1391 817//1391
f 823//1392 817//1392 824//1392
f 824//1393 817//1393 818//1393
f 824//1394 818//1394 825//1394
f 825//1395 818//1395 819//1395
f 825//1396 819//1396 826//1396
f 826//1397 819//1397 820//1397
f 826//1398 820//1398 827//1398
f 827//1399 820//1399 821//1399
f 827//1400 821//1400 709//1400
f 709//1401 821//1401 706//1401
f 814//1402 811//1402 828//1402
f 828//1403 811//1403 822//1403
f 828//1404 822//1404 829//1404
f 829//1405 822//1405 823//1405
f 829//1406 823//1406 830//1406
f 830//1407 823//1407 824//1407
f 830//1408 824//1408 831//1408
f 831//1409 824//1409 825//1409
f 831//1410 825//1410 832//1410
f 832//1411 825//1411 826//1411
f 832//1412 826//1412 833//1412
f 833//1413 826//1413 827//1413
f 833//1414 827//1414 712//1414
f 712//1415 827//1415 709//1415
f 713//1416 714//1416 834//1416
f 835//1417 712//1417 836//1417
f 836//1418 712//1418 713//1418
f 836//1419 713//1419 837//1419
f 837//1420 713//1420 834//1420
f 838//1421 839//1421 840//1421
f 840//1422 839//1422 841//1422
f 840//1423 841//1423 717//1423
f 717//1424 841//1424 716//1424
f 548//1425 716//1425 715//1425
f 715//1426 716//1426 841//1426
f 715//1427 841//1427 714//1427
f 714//1428 841//1428 839//1428
f 714//1429 839//1429 834//1429
f 834//1430 839//1430 838//1430
f 834//1431 838//1431 837//1431
f 837//1432 838//1432 842//1432
f 837//1433 842//1433 836//1433
f 836//1434 842//1434 843//1434
f 836//1435 843//1435 835//1435
f 844//1436 717//1436 845//1436
f 845//1437 717//1437 718//1437
f 845//1438 718//1438 846//1438
f 846//1439 718//1439 719//1439
f 846//1440 719//1440 847//1440
f 847//1441 719//1441 720//1441
f 848//1442 844//1442 849//1442
f 849//1443 844//1443 845//1443
f 849//1444 845//1444 850//1444
f 850//1444 845//1444 846//1444
f 850//1445 846//1445 851//1445
f 851//1446 846//1446 847//1446
f 851//1447 847//1447 723//1447
f 723//1448 847//1448 720//1448
f 723//1449 720//1449 562//1449
f 852//1450 848//1450 849//1450
f 852//1451 849//1451 853//1451
f 853//1451 849//1451 850//1451
f 853//1452 850//1452 851//1452
f 727//1453 851//1453 723//1453
f 854//1454 848//1454 855//1454
f 855//1455 848//1455 852//1455
f 855//1456 852//1456 856//1456
f 856//1456 852//1456 853//1456
f 856//1457 853//1457 857//1457
f 857//1458 853//1458 851//1458
f 857//1459 851//1459 731//1459
f 731//1460 851//1460 727//1460
f 858//1461 731//1461 859//1461
f 859//1461 731//1461 732//1461
f 859//1462 732//1462 860//1462
f 860//1463 732//1463 733//1463
f 860//1464 733//1464 861//1464
f 861//1465 733//1465 734//1465
f 861//1466 734//1466 739//1466
f 739//1467 734//1467 588//1467
f 862//1468 858//1468 863//1468
f 863//1469 858//1469 859//1469
f 863//1470 859//1470 864//1470
f 864//1470 859//1470 860//1470
f 864//1471 860//1471 741//1471
f 741//1472 860//1472 861//1472
f 741//1473 861//1473 739//1473
f 865//1474 862//1474 863//1474
f 865//1475 863//1475 866//1475
f 866//1476 863//1476 864//1476
f 866//1477 864//1477 741//1477
f 866//1278 746//1278 867//1278
f 867//1278 746//1278 747//1278
f 868//1478 869//1478 870//1478
f 754//1479 872//1479 871//1479
f 871//1480 872//1480 868//1480
f 868//1481 872//1481 869//1481
f 873//1482 753//1482 871//1482
f 871//1483 753//1483 754//1483
f 874//1484 764//1484 875//1484
f 875//1485 764//1485 761//1485
f 875//1486 761//1486 873//1486
f 873//1487 761//1487 755//1487
f 873//1488 755//1488 753//1488
f 876//1489 874//1489 877//1489
f 877//1490 874//1490 875//1490
f 877//1491 875//1491 878//1491
f 878//1492 875//1492 873//1492
f 878//1493 873//1493 879//1493
f 879//1494 873//1494 871//1494
f 879//1495 871//1495 880//1495
f 880//1496 871//1496 868//1496
f 880//1497 868//1497 881//1497
f 881//1498 868//1498 870//1498
f 769//1499 882//1499 771//1499
f 771//1278 882//1278 631//1278
f 631//1278 882//1278 765//1278
f 769//1500 883//1500 884//1500
f 883//1501 769//1501 768//1501
f 884//1502 883//1502 885//1502
f 885//1503 883//1503 768//1503
f 885//1504 768//1504 766//1504
f 886//1505 887//1505 888//1505
f 889//1506 890//1506 891//1506
f 891//1507 890//1507 892//1507
f 891//1508 892//1508 893//1508
f 893//1509 892//1509 894//1509
f 893//1510 894//1510 888//1510
f 888//1510 894//1510 895//1510
f 888//1511 895//1511 886//1511
f 896//1512 889//1512 897//1512
f 897//1513 889//1513 891//1513
f 897//1514 891//1514 898//1514
f 898//1515 891//1515 893//1515
f 898//1516 893//1516 899//1516
f 899//1516 893//1516 888//1516
f 899//1517 888//1517 900//1517
f 900//1518 888//1518 887//1518
f 901//1519 896//1519 779//1519
f 779//1520 896//1520 897//1520
f 779//1521 897//1521 777//1521
f 777//1522 897//1522 898//1522
f 777//1523 898//1523 902//1523
f 902//1524 898//1524 899//1524
f 902//1525 899//1525 903//1525
f 903//1526 899//1526 900//1526
f 784//1527 901//1527 779//1527
f 778//1528 777//1528 902//1528
f 778//1529 902//1529 903//1529
f 874//1530 876//1530 904//1530
f 904//1531 876//1531 905//1531
f 904//1532 905//1532 906//1532
f 906//1533 905//1533 907//1533
f 906//1534 907//1534 908//1534
f 908//1535 907//1535 909//1535
f 908//1536 909//1536 910//1536
f 910//1537 909//1537 911//1537
f 910//1538 911//1538 912//1538
f 912//1539 911//1539 913//1539
f 912//1540 913//1540 914//1540
f 914//1541 913//1541 915//1541
f 914//1542 915//1542 781//1542
f 781//1543 915//1543 784//1543
f 764//1544 874//1544 785//1544
f 785//1545 874//1545 904//1545
f 785//1546 904//1546 786//1546
f 786//1547 904//1547 906//1547
f 786//1548 906//1548 787//1548
f 787//1549 906//1549 908//1549
f 787//1550 908//1550 788//1550
f 788//1551 908//1551 910//1551
f 788//1552 910//1552 789//1552
f 789//1553 910//1553 912//1553
f 789//1554 912//1554 790//1554
f 790//1555 912//1555 914//1555
f 790//1556 914//1556 670//1556
f 670//1557 914//1557 781//1557
f 870//1558 869//1558 918//1558
f 869//1559 919//1559 918//1559
f 918//1560 919//1560 917//1560
f 917//1561 919//1561 916//1561
f 814//1562 920//1562 815//1562
f 815//1563 920//1563 921//1563
f 815//1564 921//1564 804//1564
f 804//1565 921//1565 922//1565
f 804//1566 922//1566 803//1566
f 803//1567 922//1567 917//1567
f 803//1568 917//1568 916//1568
f 881//1569 870//1569 923//1569
f 923//1570 870//1570 918//1570
f 923//1571 918//1571 924//1571
f 924//1572 918//1572 917//1572
f 924//1573 917//1573 925//1573
f 925//1574 917//1574 922//1574
f 925//1575 922//1575 926//1575
f 926//1576 922//1576 921//1576
f 926//1577 921//1577 927//1577
f 927//1578 921//1578 920//1578
f 920//1579 814//1579 928//1579
f 928//1580 814//1580 828//1580
f 928//1581 828//1581 929//1581
f 929//1582 828//1582 829//1582
f 929//1583 829//1583 930//1583
f 930//1584 829//1584 830//1584
f 930//1585 830//1585 931//1585
f 931//1586 830//1586 831//1586
f 931//1587 831//1587 932//1587
f 932//1588 831//1588 832//1588
f 932//1589 832//1589 933//1589
f 933//1590 832//1590 833//1590
f 933//1591 833//1591 835//1591
f 835//1592 833//1592 712//1592
f 927//1593 920//1593 934//1593
f 934//1594 920//1594 928//1594
f 934//1595 928//1595 935//1595
f 935//1596 928//1596 929//1596
f 935//1597 929//1597 936//1597
f 936//1598 929//1598 930//1598
f 936//1599 930//1599 937//1599
f 937//1600 930//1600 931//1600
f 937//1601 931//1601 938//1601
f 938//1602 931//1602 932//1602
f 938//1603 932//1603 939//1603
f 939//1604 932//1604 933//1604
f 939//1605 933//1605 843//1605
f 843//1606 933//1606 835//1606
f 941//1607 843//1607 842//1607
f 717//1608 844//1608 942//1608
f 943//1609 941//1609 944//1609
f 944//1610 941//1610 842//1610
f 944//1611 842//1611 945//1611
f 945//1612 842//1612 838//1612
f 945//1613 838//1613 942//1613
f 942//1614 838//1614 840//1614
f 942//1615 840//1615 717//1615
f 848//1616 940//1616 844//1616
f 946//1617 943//1617 947//1617
f 947//1618 943//1618 944//1618
f 947//1619 944//1619 948//1619
f 948//1620 944//1620 945//1620
f 948//1621 945//1621 940//1621
f 940//1621 945//1621 942//1621
f 940//1622 942//1622 844//1622
f 949//1623 946//1623 950//1623
f 950//1624 946//1624 947//1624
f 950//1625 947//1625 951//1625
f 951//1626 947//1626 948//1626
f 951//1627 948//1627 952//1627
f 952//1628 948//1628 940//1628
f 952//1629 940//1629 854//1629
f 854//1630 940//1630 848//1630
f 953//1631 854//1631 954//1631
f 954//1631 854//1631 855//1631
f 954//1632 855//1632 955//1632
f 955//1632 855//1632 856//1632
f 955//1633 856//1633 956//1633
f 956//1633 856//1633 857//1633
f 956//1634 857//1634 858//1634
f 858//1634 857//1634 731//1634
f 957//1635 953//1635 958//1635
f 958//1636 953//1636 954//1636
f 958//1637 954//1637 955//1637
f 958//1638 955//1638 862//1638
f 862//1639 955//1639 956//1639
f 862//1640 956//1640 858//1640
f 1064//1641 957//1641 959//1641
f 959//1642 957//1642 958//1642
f 959//1643 958//1643 862//1643
f 959//1644 862//1644 865//1644
f 882//1645 865//1645 866//1645
f 882//1646 866//1646 867//1646
f 960//1647 876//1647 877//1647
f 961//1648 960//1648 962//1648
f 963//1649 961//1649 964//1649
f 965//1650 963//1650 966//1650
f 960//1651 877//1651 962//1651
f 962//1652 877//1652 878//1652
f 962//1653 878//1653 967//1653
f 967//1654 878//1654 879//1654
f 967//1655 879//1655 968//1655
f 968//1656 879//1656 880//1656
f 968//1657 880//1657 969//1657
f 969//1658 880//1658 881//1658
f 969//1659 881//1659 970//1659
f 961//1660 962//1660 964//1660
f 964//1661 962//1661 967//1661
f 964//1662 967//1662 971//1662
f 971//1663 967//1663 968//1663
f 971//1664 968//1664 972//1664
f 972//1665 968//1665 969//1665
f 972//1666 969//1666 973//1666
f 973//1667 969//1667 970//1667
f 973//1668 970//1668 974//1668
f 963//1669 964//1669 966//1669
f 966//1670 964//1670 971//1670
f 966//1671 971//1671 975//1671
f 975//1672 971//1672 972//1672
f 975//1673 972//1673 976//1673
f 976//1674 972//1674 973//1674
f 976//1675 973//1675 977//1675
f 977//1676 973//1676 974//1676
f 977//1677 974//1677 978//1677
f 965//1678 966//1678 979//1678
f 979//1679 966//1679 975//1679
f 979//1680 975//1680 980//1680
f 980//1681 975//1681 976//1681
f 980//1682 976//1682 981//1682
f 981//1683 976//1683 977//1683
f 981//1684 977//1684 982//1684
f 982//1685 977//1685 978//1685
f 982//1686 978//1686 983//1686
f 211//1687 212//1687 984//1687
f 210//1688 211//1688 985//1688
f 986//1689 987//1689 985//1689
f 985//1690 987//1690 210//1690
f 210//1691 987//1691 209//1691
f 988//1692 986//1692 989//1692
f 989//1693 986//1693 990//1693
f 990//1694 986//1694 985//1694
f 990//1695 985//1695 984//1695
f 984//1696 985//1696 211//1696
f 890//1697 988//1697 892//1697
f 892//1698 988//1698 989//1698
f 892//1699 989//1699 894//1699
f 894//1700 989//1700 990//1700
f 894//1701 990//1701 895//1701
f 895//1702 990//1702 984//1702
f 895//1703 984//1703 886//1703
f 886//1704 984//1704 212//1704
f 963//1705 965//1705 991//1705
f 991//1706 965//1706 992//1706
f 991//1707 992//1707 993//1707
f 993//1708 992//1708 994//1708
f 993//1709 994//1709 995//1709
f 995//1710 994//1710 996//1710
f 995//1711 996//1711 997//1711
f 997//1712 996//1712 998//1712
f 997//1713 998//1713 999//1713
f 999//1714 998//1714 1000//1714
f 1000//1715 998//1715 1001//1715
f 1000//1716 1001//1716 889//1716
f 889//1717 1001//1717 890//1717
f 961//1718 963//1718 1002//1718
f 1002//1719 963//1719 991//1719
f 1002//1720 991//1720 1003//1720
f 1003//1721 991//1721 993//1721
f 1003//1722 993//1722 1004//1722
f 1004//1723 993//1723 995//1723
f 1004//1724 995//1724 1005//1724
f 1005//1725 995//1725 997//1725
f 1005//1726 997//1726 1006//1726
f 1006//1727 997//1727 999//1727
f 1006//1728 999//1728 1007//1728
f 1007//1729 999//1729 1000//1729
f 1007//1730 1000//1730 896//1730
f 896//1731 1000//1731 889//1731
f 960//1732 961//1732 1008//1732
f 1008//1733 961//1733 1002//1733
f 1008//1734 1002//1734 1009//1734
f 1009//1735 1002//1735 1003//1735
f 1009//1736 1003//1736 1010//1736
f 1010//1737 1003//1737 1004//1737
f 1010//1738 1004//1738 1011//1738
f 1011//1739 1004//1739 1005//1739
f 1011//1740 1005//1740 1012//1740
f 1012//1741 1005//1741 1006//1741
f 1012//1742 1006//1742 1013//1742
f 1013//1743 1006//1743 1007//1743
f 1013//1744 1007//1744 901//1744
f 901//1745 1007//1745 896//1745
f 876//1746 960//1746 905//1746
f 905//1747 960//1747 1008//1747
f 905//1748 1008//1748 907//1748
f 907//1749 1008//1749 1009//1749
f 907//1750 1009//1750 909//1750
f 909//1751 1009//1751 1010//1751
f 909//1752 1010//1752 911//1752
f 911//1753 1010//1753 1011//1753
f 911//1754 1011//1754 913//1754
f 913//1755 1011//1755 1012//1755
f 913//1756 1012//1756 915//1756
f 915//1757 1012//1757 1013//1757
f 915//1758 1013//1758 784//1758
f 784//1759 1013//1759 901//1759
f 970//1760 881//1760 923//1760
f 974//1761 970//1761 1014//1761
f 978//1762 974//1762 1015//1762
f 983//1763 978//1763 1016//1763
f 970//1764 923//1764 1014//1764
f 1014//1765 923//1765 924//1765
f 1014//1766 924//1766 1017//1766
f 1017//1767 924//1767 925//1767
f 1017//1768 925//1768 1018//1768
f 1018//1769 925//1769 926//1769
f 1018//1770 926//1770 1019//1770
f 1019//1771 926//1771 927//1771
f 1019//1772 927//1772 1020//1772
f 974//1773 1014//1773 1015//1773
f 1015//1774 1014//1774 1017//1774
f 1015//1775 1017//1775 1021//1775
f 1021//1776 1017//1776 1018//1776
f 1021//1777 1018//1777 1022//1777
f 1022//1778 1018//1778 1019//1778
f 1022//1779 1019//1779 1023//1779
f 1023//1780 1019//1780 1020//1780
f 1023//1781 1020//1781 1024//1781
f 978//1782 1015//1782 1016//1782
f 1016//1783 1015//1783 1021//1783
f 1016//1784 1021//1784 1025//1784
f 1025//1785 1021//1785 1022//1785
f 1025//1786 1022//1786 1026//1786
f 1026//1787 1022//1787 1023//1787
f 1026//1788 1023//1788 1027//1788
f 1027//1789 1023//1789 1024//1789
f 1027//1790 1024//1790 1028//1790
f 983//1791 1016//1791 1029//1791
f 1029//1792 1016//1792 1025//1792
f 1029//1793 1025//1793 1030//1793
f 1030//1794 1025//1794 1026//1794
f 1030//1795 1026//1795 1031//1795
f 1031//1796 1026//1796 1027//1796
f 1031//1797 1027//1797 1032//1797
f 1032//1798 1027//1798 1028//1798
f 1032//1799 1028//1799 1033//1799
f 1020//1800 927//1800 1034//1800
f 1034//1801 927//1801 934//1801
f 1034//1802 934//1802 1035//1802
f 1035//1803 934//1803 935//1803
f 1035//1804 935//1804 1036//1804
f 1036//1805 935//1805 936//1805
f 1036//1806 936//1806 1037//1806
f 1037//1807 936//1807 937//1807
f 1037//1808 937//1808 1038//1808
f 1038//1809 937//1809 938//1809
f 1038//1810 938//1810 1039//1810
f 1039//1811 938//1811 939//1811
f 1039//1812 939//1812 941//1812
f 941//1813 939//1813 843//1813
f 1024//1814 1020//1814 1040//1814
f 1040//1815 1020//1815 1034//1815
f 1040//1816 1034//1816 1041//1816
f 1041//1817 1034//1817 1035//1817
f 1041//1818 1035//1818 1042//1818
f 1042//1819 1035//1819 1036//1819
f 1042//1820 1036//1820 1043//1820
f 1043//1821 1036//1821 1037//1821
f 1043//1822 1037//1822 1044//1822
f 1044//1823 1037//1823 1038//1823
f 1044//1824 1038//1824 1045//1824
f 1045//1825 1038//1825 1039//1825
f 1045//1826 1039//1826 943//1826
f 943//1827 1039//1827 941//1827
f 1028//1828 1024//1828 1046//1828
f 1046//1829 1024//1829 1040//1829
f 1046//1830 1040//1830 1047//1830
f 1047//1831 1040//1831 1041//1831
f 1047//1832 1041//1832 1048//1832
f 1048//1833 1041//1833 1042//1833
f 1048//1834 1042//1834 1049//1834
f 1049//1835 1042//1835 1043//1835
f 1049//1836 1043//1836 1050//1836
f 1050//1837 1043//1837 1044//1837
f 1050//1838 1044//1838 1051//1838
f 1051//1839 1044//1839 1045//1839
f 1051//1840 1045//1840 946//1840
f 946//1841 1045//1841 943//1841
f 1033//1842 1028//1842 1052//1842
f 1052//1843 1028//1843 1046//1843
f 1052//1844 1046//1844 1053//1844
f 1053//1845 1046//1845 1047//1845
f 1053//1846 1047//1846 1054//1846
f 1054//1847 1047//1847 1048//1847
f 1054//1848 1048//1848 1055//1848
f 1055//1849 1048//1849 1049//1849
f 1055//1850 1049//1850 1050//1850
f 1055//1851 1050//1851 1056//1851
f 1056//1852 1050//1852 1051//1852
f 1056//1853 1051//1853 949//1853
f 949//1854 1051//1854 946//1854
f 1057//1855 949//1855 1058//1855
f 1058//1856 949//1856 950//1856
f 1058//1857 950//1857 1059//1857
f 1059//1858 950//1858 951//1858
f 1059//1859 951//1859 1060//1859
f 1060//1860 951//1860 952//1860
f 1060//1861 952//1861 953//1861
f 953//1861 952//1861 854//1861
f 1061//1862 1057//1862 1058//1862
f 1061//1863 1058//1863 1062//1863
f 1062//1864 1058//1864 1059//1864
f 1062//1865 1059//1865 957//1865
f 957//1866 1059//1866 1060//1866
f 957//1867 1060//1867 953//1867
f 1063//1868 1061//1868 1064//1868
f 1064//1869 1061//1869 1062//1869
f 1064//1870 1062//1870 957//1870
f 865//1871 882//1871 1065//1871
f 865//1872 1065//1872 1066//1872
f 865//1278 1066//1278 959//1278
f 1067//1873 1064//1873 1068//1873
f 959//1874 1068//1874 1064//1874
f 213//1875 1064//1875 1067//1875
f 959//1278 1066//1278 1069//1278
f 959//1876 1069//1876 1068//1876
f 1070//1877 965//1877 979//1877
f 1071//1878 1070//1878 1072//1878
f 1102//1879 1071//1879 1073//1879
f 1070//1880 979//1880 1072//1880
f 1072//1881 979//1881 980//1881
f 1072//1882 980//1882 981//1882
f 1072//1883 981//1883 1074//1883
f 1074//1884 981//1884 982//1884
f 1074//1885 982//1885 1075//1885
f 1075//1886 982//1886 983//1886
f 1075//1887 983//1887 1076//1887
f 1071//1888 1072//1888 1073//1888
f 1073//1889 1072//1889 1074//1889
f 1073//1890 1074//1890 1077//1890
f 1077//1891 1074//1891 1075//1891
f 1077//1892 1075//1892 1076//1892
f 1077//1893 1076//1893 1078//1893
f 1102//1894 1073//1894 1077//1894
f 1102//1895 1077//1895 1079//1895
f 1079//1896 1077//1896 1078//1896
f 213//1278 209//1278 987//1278
f 213//1278 987//1278 1079//1278
f 1080//1897 1081//1897 1082//1897
f 987//1898 1081//1898 1083//1898
f 1083//1899 1081//1899 1080//1899
f 1071//1900 1102//1900 1084//1900
f 1084//1901 1102//1901 1083//1901
f 1070//1902 1071//1902 1085//1902
f 1085//1903 1071//1903 1084//1903
f 1085//1904 1084//1904 1086//1904
f 890//1905 1082//1905 988//1905
f 988//1906 1082//1906 1081//1906
f 988//1907 1081//1907 986//1907
f 986//1908 1081//1908 987//1908
f 890//1909 1001//1909 1082//1909
f 1082//1910 1001//1910 1086//1910
f 1082//1911 1086//1911 1080//1911
f 1080//1912 1086//1912 1084//1912
f 1080//1913 1084//1913 1083//1913
f 965//1914 1070//1914 992//1914
f 992//1915 1070//1915 994//1915
f 994//1916 1070//1916 1085//1916
f 994//1917 1085//1917 996//1917
f 996//1918 1085//1918 998//1918
f 998//1919 1085//1919 1086//1919
f 998//1920 1086//1920 1001//1920
f 1076//1921 983//1921 1029//1921
f 1078//1922 1076//1922 1087//1922
f 1076//1923 1029//1923 1087//1923
f 1087//1924 1029//1924 1030//1924
f 1087//1925 1030//1925 1088//1925
f 1088//1926 1030//1926 1031//1926
f 1088//1927 1031//1927 1089//1927
f 1089//1928 1031//1928 1032//1928
f 1089//1929 1032//1929 1090//1929
f 1090//1930 1032//1930 1033//1930
f 1078//1931 1087//1931 1088//1931
f 1078//1932 1088//1932 1091//1932
f 1091//1933 1088//1933 1089//1933
f 1091//1934 1089//1934 1090//1934
f 1091//1935 1090//1935 1092//1935
f 1079//1936 1078//1936 1091//1936
f 1079//1937 1091//1937 1093//1937
f 1093//1938 1091//1938 1092//1938
f 949//1939 1057//1939 1056//1939
f 1056//1940 1057//1940 1094//1940
f 1056//1941 1094//1941 1055//1941
f 1055//1942 1094//1942 1095//1942
f 1090//1943 1033//1943 1096//1943
f 1096//1944 1033//1944 1052//1944
f 1096//1945 1052//1945 1097//1945
f 1097//1946 1052//1946 1053//1946
f 1097//1947 1053//1947 1054//1947
f 1097//1948 1054//1948 1095//1948
f 1095//1949 1054//1949 1055//1949
f 1092//1950 1090//1950 1096//1950
f 1092//1951 1096//1951 1098//1951
f 1098//1952 1096//1952 1097//1952
f 1098//1953 1097//1953 1099//1953
f 1099//1954 1097//1954 1095//1954
f 1099//1955 1095//1955 1100//1955
f 1100//1956 1095//1956 1094//1956
f 1100//1957 1094//1957 1061//1957
f 1061//1958 1094//1958 1057//1958
f 1093//1959 1092//1959 1101//1959
f 1101//1960 1092//1960 1098//1960
f 1101//1961 1098//1961 1099//1961
f 1101//1962 1099//1962 1063//1962
f 1063//1963 1099//1963 1100//1963
f 1063//1964 1100//1964 1061//1964
f 213//1278 1093//1278 1063//1278
f 213//1278 1063//1278 1064//1278
f 1102//1278 1079//1278 1083//1278
f 1083//1965 1079//1965 987//1965
f 1101//1278 1063//1278 1093//1278
f 1093//1278 213//1278 1079//1278
f 1103//1966 1104//1966 1105//1966
f 1105//1967 1104//1967 1106//1967
f 1103//1968 1105//1968 1107//1968
f 1107//1969 1105//1969 1108//1969
f 1107//1970 1108//1970 1109//1970
f 1109//1971 1108//1971 1110//1971
f 1110//1972 1108//1972 1111//1972
f 1110//1973 1111//1973 1112//1973
f 1112//1974 1111//1974 1113//1974
f 1112//1975 1113//1975 1114//1975
f 1114//1976 1113//1976 1115//1976
f 1115//1977 1113//1977 1116//1977
f 1115//1978 1116//1978 1117//1978
f 1117//1979 1116//1979 1118//1979
f 1118//1980 1116//1980 1119//1980
f 1118//1981 1119//1981 1120//1981
f 1120//1982 1119//1982 1121//1982
f 1120//1983 1121//1983 1122//1983
f 1122//1984 1121//1984 1123//1984
f 1123//1985 1121//1985 1124//1985
f 1123//1986 1124//1986 1125//1986
f 1125//1987 1124//1987 1126//1987
f 1126//1988 1124//1988 1127//1988
f 1126//1989 1127//1989 1128//1989
f 1128//1990 1127//1990 1129//1990
f 1128//1991 1129//1991 1130//1991
f 1130//1992 1129//1992 1131//1992
f 1132//1993 1133//1993 1134//1993
f 1134//1994 1133//1994 1135//1994
f 1134//1995 1135//1995 1131//1995
f 1131//1996 1135//1996 1136//1996
f 1131//1997 1136//1997 1130//1997
f 1132//1998 1137//1998 1138//1998
f 1132//1999 1138//1999 1133//1999
f 1140//2000 1141//2000 1139//2000
f 1142//2001 1143//2001 1139//2001
f 1139//2002 1143//2002 1140//2002
f 1104//2003 1144//2003 1106//2003
f 1106//2004 1144//2004 1142//2004
f 1142//2005 1144//2005 1145//2005
f 1142//2006 1145//2006 1143//2006
f 1146//2007 1148//2007 1147//2007
f 1150//2008 1148//2008 1146//2008
f 1148//2008 1151//2008 1152//2008
f 1147//2009 1148//2009 1152//2009
f 1148//2010 1149//2010 1151//2010
f 1148//2008 1150//2008 1153//2008
f 1153//2011 1154//2011 1148//2011
f 1148//2012 1154//2012 1155//2012
f 1157//2013 1158//2013 1156//2013
f 1159//2014 1160//2014 1156//2014
f 1156//2015 1160//2015 1157//2015
f 1161//2016 1162//2016 1159//2016
f 1159//2017 1162//2017 1163//2017
f 1159//2018 1163//2018 1160//2018
f 1162//2019 1161//2019 1164//2019
f 1164//2020 1161//2020 1165//2020
f 1164//2021 1165//2021 1166//2021
f 1166//2022 1165//2022 1167//2022
f 1167//2023 1165//2023 1168//2023
f 1167//2024 1168//2024 1169//2024
f 1169//2025 1168//2025 1170//2025
f 1170//2026 1168//2026 1171//2026
f 1170//2027 1171//2027 1172//2027
f 1172//2028 1171//2028 1173//2028
f 1172//2029 1173//2029 1174//2029
f 1174//2030 1173//2030 1175//2030
f 1175//2031 1173//2031 1176//2031
f 1175//2032 1176//2032 1177//2032
f 1177//2033 1176//2033 1178//2033
f 1178//2034 1176//2034 1179//2034
f 1178//2035 1179//2035 1180//2035
f 1180//2036 1179//2036 1181//2036
f 1180//2037 1181//2037 1182//2037
f 1182//2038 1181//2038 1183//2038
f 1183//2039 1181//2039 1184//2039
f 1183//2040 1184//2040 1185//2040
f 1185//2041 1184//2041 1186//2041
f 1186//2042 1184//2042 1187//2042
f 1186//2043 1187//2043 1188//2043
f 1188//2044 1187//2044 1189//2044
f 1188//2045 1189//2045 1190//2045
f 1190//2046 1189//2046 1191//2046
f 1192//2047 1193//2047 1194//2047
f 1194//2048 1193//2048 1195//2048
f 1194//2049 1195//2049 1191//2049
f 1191//2050 1195//2050 1196//2050
f 1191//2051 1196//2051 1190//2051
f 1192//2052 1197//2052 1198//2052
f 1192//2053 1198//2053 1193//2053
f 1199//2054 1200//2054 1202//2054
f 1201//2055 1202//2055 1200//2055
f 1204//2056 1205//2056 1203//2056
f 1203//2057 1205//2057 1202//2057
f 1202//2055 1205//2055 1199//2055
f 1201//2058 1206//2058 1202//2058
f 1202//2055 1206//2055 1207//2055
f 1207//2059 1208//2059 1202//2059
f 1151//2060 1149//2060 1214//2060
f 1152//2061 1151//2061 1216//2061
f 1147//2062 1152//2062 1218//2062
f 1146//2063 1147//2063 1219//2063
f 1150//2064 1146//2064 1221//2064
f 1153//2065 1150//2065 1223//2065
f 1154//2066 1153//2066 1225//2066
f 1137//2067 1132//2067 1227//2067
f 1227//2068 1132//2068 1228//2068
f 1227//2069 1228//2069 1229//2069
f 1229//2070 1228//2070 1230//2070
f 1229//2071 1230//2071 1231//2071
f 1231//2072 1230//2072 1213//2072
f 1231//2073 1213//2073 1232//2073
f 1232//2074 1213//2074 1149//2074
f 1232//2075 1149//2075 1148//2075
f 1155//2076 1154//2076 1233//2076
f 1155//2077 1233//2077 1234//2077
f 1234//2078 1233//2078 1235//2078
f 1234//2079 1235//2079 1236//2079
f 1236//2080 1235//2080 1237//2080
f 1236//2081 1237//2081 1238//2081
f 1139//2082 1141//2082 1237//2082
f 1237//2083 1141//2083 1238//2083
f 1154//2084 1226//2084 1233//2084
f 1233//2085 1226//2085 1240//2085
f 1233//2085 1240//2085 1235//2085
f 1235//2086 1240//2086 1239//2086
f 1235//2086 1239//2086 1237//2086
f 1237//2087 1239//2087 1142//2087
f 1237//2088 1142//2088 1139//2088
f 1154//2089 1225//2089 1226//2089
f 1226//2090 1225//2090 1241//2090
f 1226//2090 1241//2090 1240//2090
f 1240//2091 1241//2091 1242//2091
f 1240//2091 1242//2091 1239//2091
f 1239//2092 1242//2092 1106//2092
f 1239//2093 1106//2093 1142//2093
f 1153//2094 1224//2094 1225//2094
f 1225//2095 1224//2095 1243//2095
f 1225//2095 1243//2095 1241//2095
f 1241//2096 1243//2096 1212//2096
f 1241//2096 1212//2096 1242//2096
f 1242//2097 1212//2097 1105//2097
f 1242//2098 1105//2098 1106//2098
f 1153//2099 1223//2099 1224//2099
f 1224//2100 1223//2100 1244//2100
f 1224//2100 1244//2100 1243//2100
f 1243//2101 1244//2101 1245//2101
f 1243//2101 1245//2101 1212//2101
f 1212//2102 1245//2102 1108//2102
f 1212//2103 1108//2103 1105//2103
f 1150//2104 1222//2104 1223//2104
f 1223//2105 1222//2105 1247//2105
f 1223//2105 1247//2105 1244//2105
f 1244//2106 1247//2106 1246//2106
f 1244//2106 1246//2106 1245//2106
f 1245//2107 1246//2107 1111//2107
f 1245//2108 1111//2108 1108//2108
f 1150//2109 1221//2109 1222//2109
f 1222//2110 1221//2110 1248//2110
f 1222//2111 1248//2111 1247//2111
f 1247//2112 1248//2112 1211//2112
f 1247//2112 1211//2112 1246//2112
f 1246//2113 1211//2113 1113//2113
f 1246//2114 1113//2114 1111//2114
f 1146//2115 1220//2115 1221//2115
f 1221//2116 1220//2116 1249//2116
f 1221//2116 1249//2116 1248//2116
f 1248//2117 1249//2117 1250//2117
f 1248//2117 1250//2117 1211//2117
f 1211//2118 1250//2118 1116//2118
f 1211//2119 1116//2119 1113//2119
f 1146//2120 1219//2120 1220//2120
f 1220//2121 1219//2121 1252//2121
f 1220//2121 1252//2121 1249//2121
f 1249//2122 1252//2122 1251//2122
f 1249//2122 1251//2122 1250//2122
f 1250//2123 1251//2123 1119//2123
f 1250//2124 1119//2124 1116//2124
f 1147//2125 1218//2125 1219//2125
f 1219//2126 1218//2126 1253//2126
f 1219//2126 1253//2126 1252//2126
f 1252//2127 1253//2127 1210//2127
f 1252//2127 1210//2127 1251//2127
f 1251//2128 1210//2128 1121//2128
f 1251//2129 1121//2129 1119//2129
f 1152//2130 1217//2130 1218//2130
f 1218//2131 1217//2131 1254//2131
f 1218//2131 1254//2131 1253//2131
f 1253//2132 1254//2132 1255//2132
f 1253//2132 1255//2132 1210//2132
f 1210//2133 1255//2133 1124//2133
f 1210//2134 1124//2134 1121//2134
f 1256//2135 1129//2135 1127//2135
f 1152//2136 1216//2136 1217//2136
f 1217//2137 1216//2137 1257//2137
f 1217//2137 1257//2137 1254//2137
f 1254//2138 1257//2138 1256//2138
f 1254//2138 1256//2138 1255//2138
f 1255//2139 1256//2139 1127//2139
f 1255//2140 1127//2140 1124//2140
f 1151//2141 1215//2141 1216//2141
f 1216//2142 1215//2142 1258//2142
f 1216//2142 1258//2142 1257//2142
f 1257//2143 1258//2143 1259//2143
f 1257//2143 1259//2143 1256//2143
f 1256//2144 1259//2144 1131//2144
f 1256//2144 1131//2144 1129//2144
f 1151//2145 1214//2145 1215//2145
f 1215//2146 1214//2146 1260//2146
f 1215//2146 1260//2146 1258//2146
f 1258//2147 1260//2147 1209//2147
f 1258//2147 1209//2147 1259//2147
f 1259//2148 1209//2148 1134//2148
f 1259//2149 1134//2149 1131//2149
f 1149//2150 1213//2150 1214//2150
f 1214//2151 1213//2151 1230//2151
f 1214//2151 1230//2151 1260//2151
f 1260//2152 1230//2152 1228//2152
f 1260//2152 1228//2152 1209//2152
f 1209//2153 1228//2153 1132//2153
f 1209//2154 1132//2154 1134//2154
f 1205//2155 1204//2155 1266//2155
f 1199//2156 1205//2156 1268//2156
f 1200//2157 1199//2157 1270//2157
f 1201//2158 1200//2158 1272//2158
f 1206//2159 1201//2159 1274//2159
f 1207//2160 1206//2160 1276//2160
f 1208//2161 1207//2161 1277//2161
f 1202//2162 1208//2162 1279//2162
f 1202//2163 1279//2163 1280//2163
f 1280//2164 1279//2164 1281//2164
f 1280//2165 1281//2165 1282//2165
f 1282//2166 1281//2166 1283//2166
f 1282//2167 1283//2167 1284//2167
f 1156//2168 1158//2168 1283//2168
f 1283//2169 1158//2169 1284//2169
f 1197//2170 1192//2170 1285//2170
f 1285//2171 1192//2171 1286//2171
f 1285//2172 1286//2172 1287//2172
f 1287//2173 1286//2173 1288//2173
f 1287//2174 1288//2174 1289//2174
f 1289//2175 1288//2175 1265//2175
f 1289//2176 1265//2176 1290//2176
f 1290//2177 1265//2177 1204//2177
f 1290//2178 1204//2178 1203//2178
f 1208//2179 1278//2179 1279//2179
f 1279//2180 1278//2180 1292//2180
f 1279//2180 1292//2180 1281//2180
f 1281//2181 1292//2181 1291//2181
f 1281//2181 1291//2181 1283//2181
f 1283//2182 1291//2182 1159//2182
f 1283//2183 1159//2183 1156//2183
f 1208//2184 1277//2184 1278//2184
f 1278//2185 1277//2185 1293//2185
f 1278//2185 1293//2185 1292//2185
f 1292//2186 1293//2186 1294//2186
f 1292//2186 1294//2186 1291//2186
f 1291//2187 1294//2187 1161//2187
f 1291//2188 1161//2188 1159//2188
f 1207//2189 1276//2189 1277//2189
f 1277//2190 1276//2190 1295//2190
f 1277//2190 1295//2190 1293//2190
f 1293//2191 1295//2191 1264//2191
f 1293//2191 1264//2191 1294//2191
f 1294//2192 1264//2192 1165//2192
f 1294//2193 1165//2193 1161//2193
f 1206//2194 1275//2194 1276//2194
f 1276//2195 1275//2195 1296//2195
f 1276//2195 1296//2195 1295//2195
f 1295//2196 1296//2196 1297//2196
f 1295//2196 1297//2196 1264//2196
f 1264//2197 1297//2197 1168//2197
f 1264//2198 1168//2198 1165//2198
f 1206//2199 1274//2199 1275//2199
f 1275//2200 1274//2200 1299//2200
f 1275//2200 1299//2200 1296//2200
f 1296//2201 1299//2201 1298//2201
f 1296//2202 1298//2202 1297//2202
f 1297//2203 1298//2203 1171//2203
f 1297//2204 1171//2204 1168//2204
f 1201//2205 1273//2205 1274//2205
f 1274//2206 1273//2206 1300//2206
f 1274//2206 1300//2206 1299//2206
f 1299//2207 1300//2207 1263//2207
f 1299//2207 1263//2207 1298//2207
f 1298//2208 1263//2208 1173//2208
f 1298//2209 1173//2209 1171//2209
f 1201//2210 1272//2210 1273//2210
f 1273//2211 1272//2211 1301//2211
f 1273//2211 1301//2211 1300//2211
f 1300//2212 1301//2212 1302//2212
f 1300//2212 1302//2212 1263//2212
f 1263//2213 1302//2213 1176//2213
f 1263//2214 1176//2214 1173//2214
f 1200//2215 1271//2215 1272//2215
f 1272//2216 1271//2216 1304//2216
f 1272//2216 1304//2216 1301//2216
f 1301//2217 1304//2217 1303//2217
f 1301//2217 1303//2217 1302//2217
f 1302//2218 1303//2218 1179//2218
f 1302//2219 1179//2219 1176//2219
f 1200//2220 1270//2220 1271//2220
f 1271//2221 1270//2221 1305//2221
f 1271//2221 1305//2221 1304//2221
f 1304//2222 1305//2222 1262//2222
f 1304//2222 1262//2222 1303//2222
f 1303//2223 1262//2223 1181//2223
f 1303//2224 1181//2224 1179//2224
f 1199//2225 1269//2225 1270//2225
f 1270//2226 1269//2226 1306//2226
f 1270//2226 1306//2226 1305//2226
f 1305//2227 1306//2227 1307//2227
f 1305//2227 1307//2227 1262//2227
f 1262//2228 1307//2228 1184//2228
f 1262//2229 1184//2229 1181//2229
f 1308//2230 1189//2230 1187//2230
f 1199//2231 1268//2231 1269//2231
f 1269//2232 1268//2232 1309//2232
f 1269//2232 1309//2232 1306//2232
f 1306//2233 1309//2233 1308//2233
f 1306//2233 1308//2233 1307//2233
f 1307//2234 1308//2234 1187//2234
f 1307//2235 1187//2235 1184//2235
f 1205//2236 1267//2236 1268//2236
f 1268//2237 1267//2237 1310//2237
f 1268//2237 1310//2237 1309//2237
f 1309//2238 1310//2238 1311//2238
f 1309//2238 1311//2238 1308//2238
f 1308//2239 1311//2239 1191//2239
f 1308//2239 1191//2239 1189//2239
f 1205//2240 1266//2240 1267//2240
f 1267//2241 1266//2241 1312//2241
f 1267//2241 1312//2241 1310//2241
f 1310//2242 1312//2242 1261//2242
f 1310//2242 1261//2242 1311//2242
f 1311//2243 1261//2243 1194//2243
f 1311//2244 1194//2244 1191//2244
f 1204//2245 1265//2245 1266//2245
f 1266//2246 1265//2246 1288//2246
f 1266//2246 1288//2246 1312//2246
f 1312//2247 1288//2247 1286//2247
f 1312//2247 1286//2247 1261//2247
f 1261//2248 1286//2248 1192//2248
f 1261//2249 1192//2249 1194//2249
f 1314//2250 616//2250 423//2250
f 1203//2251 1202//2251 1313//2251
f 1203//2252 1313//2252 1315//2252
f 1315//2253 1313//2253 1314//2253
f 1314//2254 423//2254 1315//2254
f 1203//2255 1315//2255 1316//2255
f 1285//2256 1287//2256 1317//2256
f 1317//2257 1287//2257 1289//2257
f 1289//2258 1290//2258 1316//2258
f 1316//2259 1290//2259 1203//2259
f 685//2260 1317//2260 1318//2260
f 1318//2261 1317//2261 1289//2261
f 1318//2262 1289//2262 1316//2262
f 1197//2263 1285//2263 1319//2263
f 1319//2264 1285//2264 1317//2264
f 1319//2265 1317//2265 689//2265
f 689//2266 1317//2266 685//2266
f 685//2267 1318//2267 686//2267
f 1318//2268 1316//2268 423//2268
f 423//2269 1316//2269 1315//2269
f 1313//2270 1202//2270 1320//2270
f 1313//2271 1320//2271 1314//2271
f 1314//2272 1320//2272 1321//2272
f 1314//2273 1321//2273 616//2273
f 1322//2274 1319//2274 689//2274
f 1322//2275 689//2275 687//2275
f 616//2276 1321//2276 1323//2276
f 616//2277 1323//2277 615//2277
f 615//2278 1323//2278 1324//2278
f 615//2279 1324//2279 612//2279
f 1320//2280 1202//2280 1280//2280
f 1320//2281 1280//2281 1326//2281
f 1326//2282 1280//2282 1282//2282
f 1326//2283 1282//2283 1284//2283
f 1326//2284 1284//2284 1327//2284
f 1327//2285 1284//2285 1158//2285
f 1327//2286 1158//2286 1325//2286
f 1327//2287 1325//2287 1328//2287
f 1321//2288 1320//2288 1326//2288
f 1321//2289 1326//2289 1323//2289
f 1323//2290 1326//2290 1327//2290
f 1323//2291 1327//2291 1324//2291
f 1324//2292 1327//2292 1328//2292
f 1324//2293 1328//2293 613//2293
f 1324//2294 613//2294 612//2294
f 1319//2295 1322//2295 808//2295
f 1197//2296 1319//2296 1329//2296
f 808//2297 1322//2297 687//2297
f 805//2298 803//2298 1330//2298
f 1319//2299 808//2299 1329//2299
f 1329//2300 808//2300 806//2300
f 1329//2301 806//2301 805//2301
f 1329//2302 805//2302 1331//2302
f 1331//2303 805//2303 1330//2303
f 1331//2304 1330//2304 1332//2304
f 1197//2305 1329//2305 1198//2305
f 1198//2306 1329//2306 1331//2306
f 1198//2307 1331//2307 1193//2307
f 1193//2308 1331//2308 1332//2308
f 1193//2309 1332//2309 1195//2309
f 1195//2310 1332//2310 1196//2310
f 1190//2311 1196//2311 1333//2311
f 1333//2312 1196//2312 1332//2312
f 1333//2313 1332//2313 1334//2313
f 1334//2314 1332//2314 1330//2314
f 1334//2315 1330//2315 803//2315
f 1188//2316 1190//2316 1335//2316
f 1335//2317 1190//2317 1333//2317
f 1335//2318 1333//2318 1334//2318
f 613//2319 1328//2319 614//2319
f 1186//2320 1188//2320 1336//2320
f 1336//2321 1188//2321 1335//2321
f 1336//2322 1335//2322 916//2322
f 916//2323 1335//2323 1334//2323
f 916//2324 1334//2324 803//2324
f 1185//2325 1186//2325 1336//2325
f 1183//2326 1185//2326 1337//2326
f 1337//2327 1185//2327 1336//2327
f 1337//2328 1336//2328 916//2328
f 1337//2329 916//2329 919//2329
f 1337//2330 919//2330 1338//2330
f 1337//2331 1338//2331 1339//2331
f 1337//2332 1339//2332 1183//2332
f 1183//2333 1339//2333 1182//2333
f 1180//2334 1182//2334 1339//2334
f 1178//2335 1180//2335 1340//2335
f 1340//2336 1180//2336 1339//2336
f 1340//2337 1339//2337 1341//2337
f 1341//2338 1339//2338 1338//2338
f 1341//2339 1338//2339 869//2339
f 869//2340 1338//2340 919//2340
f 1177//2341 1178//2341 1342//2341
f 1342//2342 1178//2342 1340//2342
f 1342//2343 1340//2343 1341//2343
f 1343//2344 754//2344 753//2344
f 1344//2345 1343//2345 1345//2345
f 1166//2346 1344//2346 1346//2346
f 1343//2347 753//2347 1345//2347
f 1345//2348 753//2348 752//2348
f 1345//2349 752//2349 1347//2349
f 1347//2350 752//2350 756//2350
f 756//2351 758//2351 1348//2351
f 1348//2352 758//2352 614//2352
f 1344//2353 1345//2353 1346//2353
f 1346//2354 1345//2354 1347//2354
f 1347//2355 756//2355 1349//2355
f 1349//2356 756//2356 1350//2356
f 1350//2357 756//2357 1348//2357
f 1350//2358 1348//2358 614//2358
f 1350//2359 614//2359 1328//2359
f 1166//2360 1346//2360 1164//2360
f 1164//2361 1346//2361 1162//2361
f 1162//2362 1346//2362 1347//2362
f 1162//2363 1347//2363 1163//2363
f 1163//2364 1347//2364 1349//2364
f 1163//2365 1349//2365 1351//2365
f 1351//2366 1349//2366 1350//2366
f 1351//2367 1350//2367 1325//2367
f 1325//2368 1350//2368 1328//2368
f 1160//2369 1163//2369 1351//2369
f 1160//2370 1351//2370 1157//2370
f 1157//2371 1351//2371 1325//2371
f 1157//2372 1325//2372 1158//2372
f 1342//2373 1341//2373 1352//2373
f 1177//2374 1342//2374 1353//2374
f 1341//2375 869//2375 1352//2375
f 1352//2376 869//2376 872//2376
f 1352//2377 872//2377 1354//2377
f 1354//2378 872//2378 1355//2378
f 1355//2379 872//2379 754//2379
f 1355//2380 754//2380 1343//2380
f 1342//2381 1352//2381 1353//2381
f 1353//2382 1352//2382 1354//2382
f 1354//2383 1355//2383 1356//2383
f 1356//2384 1355//2384 1343//2384
f 1356//2385 1343//2385 1357//2385
f 1357//2386 1343//2386 1344//2386
f 1177//2387 1353//2387 1175//2387
f 1175//2388 1353//2388 1174//2388
f 1174//2389 1353//2389 1354//2389
f 1174//2390 1354//2390 1172//2390
f 1172//2391 1354//2391 1356//2391
f 1172//2392 1356//2392 1170//2392
f 1170//2393 1356//2393 1169//2393
f 1169//2394 1356//2394 1357//2394
f 1169//2395 1357//2395 1167//2395
f 1167//2396 1357//2396 1344//2396
f 1167//2397 1344//2397 1166//2397
f 1358//2398 1148//2398 1155//2398
f 1360//2399 225//2399 1359//2399
f 1360//2400 1359//2400 1358//2400
f 1360//2401 1358//2401 1155//2401
f 226//2402 1359//2402 225//2402
f 225//2403 1360//2403 1361//2403
f 225//2404 1361//2404 232//2404
f 1360//2405 1155//2405 1234//2405
f 1360//2406 1234//2406 1361//2406
f 1361//2407 1234//2407 1236//2407
f 1236//2408 1238//2408 1363//2408
f 1363//2409 1238//2409 1141//2409
f 1363//2410 1141//2410 1362//2410
f 1363//2411 1362//2411 1364//2411
f 1361//2412 1236//2412 232//2412
f 232//2413 1236//2413 1363//2413
f 232//2414 1363//2414 229//2414
f 229//2415 1363//2415 1364//2415
f 229//2416 1364//2416 230//2416
f 1366//2417 1148//2417 1358//2417
f 1366//2418 1358//2418 1367//2418
f 1367//2419 1358//2419 1359//2419
f 1367//2420 1359//2420 1365//2420
f 1365//2421 1359//2421 226//2421
f 230//2422 1364//2422 231//2422
f 1227//2423 1229//2423 1368//2423
f 1232//2424 1148//2424 1366//2424
f 1368//2425 1229//2425 1231//2425
f 1368//2426 1231//2426 1369//2426
f 1369//2427 1231//2427 1232//2427
f 1369//2428 1232//2428 1367//2428
f 1367//2429 1232//2429 1366//2429
f 219//2430 1368//2430 1369//2430
f 1369//2431 1367//2431 1365//2431
f 1137//2432 1227//2432 1370//2432
f 1370//2433 1227//2433 1368//2433
f 1370//2434 1368//2434 216//2434
f 216//2435 1368//2435 219//2435
f 219//2436 1369//2436 220//2436
f 220//2437 1369//2437 226//2437
f 226//2438 1369//2438 1365//2438
f 1371//2439 252//2439 253//2439
f 1372//2440 1371//2440 1373//2440
f 1103//2441 1372//2441 1374//2441
f 1371//2442 253//2442 1373//2442
f 1373//2443 253//2443 254//2443
f 1373//2444 254//2444 1375//2444
f 1375//2445 254//2445 249//2445
f 249//2446 251//2446 1376//2446
f 1376//2447 251//2447 231//2447
f 1372//2448 1373//2448 1374//2448
f 1374//2449 1373//2449 1375//2449
f 1375//2450 249//2450 1377//2450
f 1377//2451 249//2451 1378//2451
f 1378//2452 249//2452 1376//2452
f 1378//2453 1376//2453 231//2453
f 1378//2454 231//2454 1364//2454
f 1103//2455 1374//2455 1104//2455
f 1104//2456 1374//2456 1144//2456
f 1144//2457 1374//2457 1375//2457
f 1144//2458 1375//2458 1145//2458
f 1145//2459 1375//2459 1377//2459
f 1145//2460 1377//2460 1379//2460
f 1379//2461 1377//2461 1378//2461
f 1379//2462 1378//2462 1362//2462
f 1362//2463 1378//2463 1364//2463
f 1143//2464 1145//2464 1379//2464
f 1143//2465 1379//2465 1140//2465
f 1140//2466 1379//2466 1362//2466
f 1140//2467 1362//2467 1141//2467
f 1380//2468 1370//2468 216//2468
f 1380//2469 216//2469 214//2469
f 1382//2470 1381//2470 1383//2470
f 1117//2471 1382//2471 1384//2471
f 1381//2472 265//2472 1383//2472
f 1383//2473 265//2473 279//2473
f 1383//2474 279//2474 1385//2474
f 1385//2475 279//2475 1386//2475
f 1386//2476 279//2476 252//2476
f 1386//2477 252//2477 1371//2477
f 1382//2478 1383//2478 1384//2478
f 1384//2479 1383//2479 1385//2479
f 1385//2480 1386//2480 1387//2480
f 1387//2481 1386//2481 1371//2481
f 1387//2482 1371//2482 1388//2482
f 1388//2483 1371//2483 1372//2483
f 1117//2484 1384//2484 1115//2484
f 1115//2485 1384//2485 1114//2485
f 1114//2486 1384//2486 1385//2486
f 1114//2487 1385//2487 1112//2487
f 1112//2488 1385//2488 1387//2488
f 1112//2489 1387//2489 1110//2489
f 1110//2490 1387//2490 1109//2490
f 1109//2491 1387//2491 1388//2491
f 1109//2492 1388//2492 1107//2492
f 1107//2493 1388//2493 1372//2493
f 1107//2494 1372//2494 1103//2494
f 1370//2495 1380//2495 237//2495
f 1137//2496 1370//2496 1389//2496
f 237//2497 1380//2497 214//2497
f 241//2498 239//2498 1390//2498
f 1370//2499 237//2499 1389//2499
f 1389//2500 237//2500 236//2500
f 1389//2501 236//2501 241//2501
f 1389//2502 241//2502 1391//2502
f 1391//2503 241//2503 1390//2503
f 1391//2504 1390//2504 1392//2504
f 1137//2505 1389//2505 1138//2505
f 1138//2506 1389//2506 1391//2506
f 1138//2507 1391//2507 1133//2507
f 1133//2508 1391//2508 1392//2508
f 1133//2509 1392//2509 1135//2509
f 1135//2510 1392//2510 1136//2510
f 1130//2511 1136//2511 1393//2511
f 1393//2512 1136//2512 1392//2512
f 1393//2513 1392//2513 1394//2513
f 1394//2514 1392//2514 1390//2514
f 1394//2515 1390//2515 239//2515
f 1128//2516 1130//2516 1395//2516
f 1395//2517 1130//2517 1393//2517
f 1395//2518 1393//2518 1394//2518
f 1126//2519 1128//2519 1396//2519
f 1396//2520 1128//2520 1395//2520
f 1396//2521 1395//2521 262//2521
f 262//2522 1395//2522 1394//2522
f 262//2523 1394//2523 239//2523
f 1125//2524 1126//2524 1396//2524
f 1123//2525 1125//2525 1397//2525
f 1397//2526 1125//2526 1396//2526
f 1397//2527 1396//2527 262//2527
f 1397//2528 262//2528 267//2528
f 1397//2529 267//2529 1398//2529
f 1397//2530 1398//2530 1399//2530
f 1397//2531 1399//2531 1123//2531
f 1123//2532 1399//2532 1122//2532
f 1120//2533 1122//2533 1399//2533
f 1118//2534 1120//2534 1400//2534
f 1400//2535 1120//2535 1399//2535
f 1400//2536 1399//2536 1381//2536
f 1381//2537 1399//2537 1398//2537
f 1381//2538 1398//2538 265//2538
f 265//2539 1398//2539 267//2539
f 1117//2540 1118//2540 1382//2540
f 1382//2541 1118//2541 1400//2541
f 1382//2542 1400//2542 1381//2542
f 43//2543 1401//2543 41//2543
f 41//2543 1401//2543 1402//2543
f 41//2544 1402//2544 53//2544
f 53//2544 1402//2544 1403//2544
f 53//2545 1403//2545 51//2545
f 51//2545 1403//2545 1404//2545
f 51//2546 1404//2546 83//2546
f 83//2546 1404//2546 1405//2546
f 83//2547 1405//2547 60//2547
f 60//2547 1405//2547 1406//2547
f 60//2548 1406//2548 58//2548
f 58//2548 1406//2548 1407//2548
f 58//2549 1407//2549 56//2549
f 56//2549 1407//2549 1408//2549
f 56//2550 1408//2550 88//2550
f 88//2550 1408//2550 1409//2550
f 88//2551 1409//2551 65//2551
f 65//2551 1409//2551 1410//2551
f 65//2552 1410//2552 63//2552
f 63//2552 1410//2552 1411//2552
f 63//2553 1411//2553 61//2553
f 61//2553 1411//2553 1412//2553
f 61//2554 1412//2554 101//2554
f 101//2554 1412//2554 1413//2554
f 101//2555 1413//2555 99//2555
f 99//2555 1413//2555 1414//2555
f 99//2556 1414//2556 97//2556
f 97//2556 1414//2556 1415//2556
f 97//2557 1415//2557 95//2557
f 95//2557 1415//2557 1416//2557
f 95//2558 1416//2558 93//2558
f 93//2558 1416//2558 1417//2558
f 93//2559 1417//2559 50//2559
f 50//2559 1417//2559 1418//2559
f 50//2560 1418//2560 48//2560
f 48//2560 1418//2560 1419//2560
f 48//2561 1419//2561 46//2561
f 46//2561 1419//2561 1420//2561
f 46//2562 1420//2562 68//2562
f 68//2562 1420//2562 1421//2562
f 68//2563 1421//2563 66//2563
f 66//2563 1421//2563 1422//2563
f 66//2564 1422//2564 73//2564
f 73//2564 1422//2564 1423//2564
f 73//2565 1423//2565 71//2565
f 71//2565 1423//2565 1424//2565
f 71//2566 1424//2566 106//2566
f 106//2566 1424//2566 1425//2566
f 106//2567 1425//2567 80//2567
f 80//2567 1425//2567 1426//2567
f 80//2568 1426//2568 78//2568
f 78//2568 1426//2568 1427//2568
f 78//2569 1427//2569 45//2569
f 45//2569 1427//2569 1428//2569
f 45//2570 1428//2570 43//2570
f 43//2570 1428//2570 1401//2570
f 1418//2571 1417//2571 1415//2571
f 1415//2571 1417//2571 1416//2571
f 1421//2571 1420//2571 1415//2571
f 1415//2571 1420//2571 1419//2571
f 1415//2571 1419//2571 1418//2571
f 1424//2571 1423//2571 1415//2571
f 1415//2571 1423//2571 1422//2571
f 1415//2571 1422//2571 1421//2571
f 1427//2571 1426//2571 1415//2571
f 1415//2571 1426//2571 1425//2571
f 1415//2571 1425//2571 1424//2571
f 1402//2571 1401//2571 1415//2571
f 1415//2571 1401//2571 1428//2571
f 1415//2571 1428//2571 1427//2571
f 1405//2571 1404//2571 1415//2571
f 1415//2571 1404//2571 1403//2571
f 1415//2571 1403//2571 1402//2571
f 1408//2571 1407//2571 1415//2571
f 1415//2571 1407//2571 1406//2571
f 1415//2571 1406//2571 1405//2571
f 1411//2571 1410//2571 1415//2571
f 1415//2571 1410//2571 1409//2571
f 1415//2571 1409//2571 1408//2571
f 1414//2571 1413//2571 1415//2571
f 1415//2571 1413//2571 1412//2571
f 1415//2571 1412//2571 1411//2571
f 1431//2572 181//2572 180//2572
f 415//2573 1432//2573 524//2573
f 181//2574 1431//2574 1433//2574
f 181//2575 1433//2575 179//2575
f 1432//2576 1433//2576 524//2576
f 524//2577 1433//2577 1431//2577
f 523//2578 524//2578 1431//2578
f 523//2579 1431//2579 522//2579
f 1429//2580 1430//2580 155//2580
f 522//2581 1434//2581 1430//2581
f 522//2582 1430//2582 521//2582
f 521//2583 1430//2583 1429//2583
f 521//2584 1429//2584 410//2584
f 522//2585 1431//2585 1434//2585
f 1434//2586 1431//2586 180//2586
f 1434//2587 180//2587 1430//2587
f 1430//2588 180//2588 157//2588
f 1430//2589 157//2589 155//2589
f 409//2590 410//2590 1429//2590
f 409//2591 1429//2591 1435//2591
f 1435//2592 1429//2592 155//2592
f 1435//2593 155//2593 156//2593
f 1436//2594 413//2594 1437//2594
f 1437//2595 413//2595 8//2595
f 158//2596 1432//2596 1436//2596
f 1436//2597 1432//2597 415//2597
f 1436//2598 415//2598 413//2598
f 1437//2599 173//2599 172//2599
f 1437//2600 172//2600 1436//2600
f 1436//2601 172//2601 158//2601
f 158//2602 159//2602 1432//2602
f 1432//2603 159//2603 179//2603
f 179//2604 1433//2604 1432//2604
f 1438//2605 512//2605 1439//2605
f 1439//2606 512//2606 513//2606
f 1439//2607 513//2607 1440//2607
f 1440//2608 513//2608 1441//2608
f 1441//2609 513//2609 518//2609
f 1441//2610 518//2610 1442//2610
f 1442//2611 518//2611 1443//2611
f 1443//2612 518//2612 517//2612
f 1443//2613 517//2613 1444//2613
f 1444//2614 517//2614 516//2614
f 1444//2615 516//2615 1445//2615
f 1446//2616 1438//2616 1447//2616
f 1447//2617 1438//2617 1439//2617
f 1447//2618 1439//2618 1448//2618
f 1448//2619 1439//2619 1440//2619
f 1448//2620 1440//2620 1449//2620
f 1449//2621 1440//2621 1441//2621
f 1449//2622 1441//2622 1450//2622
f 1450//2623 1441//2623 1442//2623
f 1450//2624 1442//2624 1451//2624
f 1451//2625 1442//2625 1443//2625
f 1451//2626 1443//2626 208//2626
f 208//2627 1443//2627 1444//2627
f 208//2628 1444//2628 1452//2628
f 1452//2629 1444//2629 1445//2629
f 156//2630 1452//2630 1435//2630
f 1435//2631 1452//2631 1445//2631
f 1435//2632 1445//2632 516//2632
f 1435//2633 516//2633 409//2633
f 156//2634 182//2634 1452//2634
f 1452//2635 182//2635 208//2635
f 1451//2636 208//2636 186//2636
f 1451//2637 186//2637 1450//2637
f 1450//2638 186//2638 185//2638
f 1450//2639 185//2639 1449//2639
f 187//2640 1446//2640 183//2640
f 183//2641 1446//2641 1447//2641
f 183//2642 1447//2642 188//2642
f 188//2643 1447//2643 1448//2643
f 188//2644 1448//2644 184//2644
f 184//2645 1448//2645 1449//2645
f 184//2646 1449//2646 185//2646
f 1453//2647 168//2647 177//2647
f 6//2648 1453//2648 1454//2648
f 1455//2649 1437//2649 7//2649
f 7//2650 1437//2650 8//2650
f 4//2651 6//2651 1454//2651
f 4//2652 1454//2652 9//2652
f 1455//2653 7//2653 1456//2653
f 1456//2654 7//2654 9//2654
f 1454//2655 1453//2655 177//2655
f 1454//2656 177//2656 9//2656
f 9//2657 177//2657 176//2657
f 9//2658 176//2658 1456//2658
f 1456//2659 176//2659 175//2659
f 1456//2660 175//2660 1455//2660
f 1455//2661 175//2661 174//2661
f 1455//2662 174//2662 1437//2662
f 1437//2663 174//2663 173//2663
f 1458//2664 1459//2664 153//2664
f 153//2665 1459//2665 1446//2665
f 153//2666 1446//2666 187//2666
f 1461//2667 1460//2667 1462//2667
f 1462//2668 1460//2668 1463//2668
f 1462//2669 1463//2669 20//2669
f 152//2670 20//2670 1463//2670
f 152//2671 1463//2671 1457//2671
f 1457//2672 1463//2672 1464//2672
f 1464//2673 1463//2673 1460//2673
f 1460//2674 1461//2674 646//2674
f 1438//2675 1446//2675 1465//2675
f 1465//2676 1446//2676 1459//2676
f 1465//2677 1459//2677 1466//2677
f 1466//2678 1459//2678 1458//2678
f 642//2679 641//2679 1466//2679
f 1466//2680 641//2680 649//2680
f 1466//2681 649//2681 1465//2681
f 1465//2682 649//2682 512//2682
f 1465//2683 512//2683 1438//2683
f 153//2684 152//2684 1458//2684
f 1458//2685 152//2685 1457//2685
f 1458//2686 1457//2686 1466//2686
f 1466//2687 1457//2687 1464//2687
f 1466//2688 1464//2688 642//2688
f 642//2689 1464//2689 1460//2689
f 642//2690 1460//2690 644//2690
f 644//2691 1460//2691 646//2691
f 6//2692 658//2692 1467//2692
f 6//2693 1467//2693 1453//2693
f 1453//2694 1467//2694 1468//2694
f 1453//2695 1468//2695 169//2695
f 1453//2696 169//2696 168//2696
f 1469//2697 775//2697 774//2697
f 1469//2698 774//2698 776//2698
f 1467//2699 658//2699 1470//2699
f 1470//2700 658//2700 665//2700
f 1470//2701 665//2701 1471//2701
f 1471//2702 665//2702 775//2702
f 1471//2703 775//2703 1472//2703
f 1472//2704 775//2704 1473//2704
f 1473//2705 775//2705 1469//2705
f 1473//2706 1469//2706 1474//2706
f 1474//2707 1469//2707 1475//2707
f 1475//2708 1469//2708 776//2708
f 1475//2709 776//2709 1476//2709
f 1468//2710 1467//2710 1477//2710
f 1477//2711 1467//2711 1470//2711
f 1477//2712 1470//2712 171//2712
f 171//2713 1470//2713 1471//2713
f 171//2714 1471//2714 1478//2714
f 1478//2715 1471//2715 1472//2715
f 1478//2716 1472//2716 1479//2716
f 1479//2717 1472//2717 1473//2717
f 1479//2718 1473//2718 1480//2718
f 1480//2719 1473//2719 1474//2719
f 1480//2720 1474//2720 1481//2720
f 1481//2721 1474//2721 1475//2721
f 1481//2722 1475//2722 1482//2722
f 1482//2723 1475//2723 1476//2723
f 207//2724 1482//2724 1483//2724
f 1483//2725 1482//2725 1476//2725
f 1483//2726 1476//2726 1484//2726
f 1484//2727 1476//2727 776//2727
f 1484//2728 776//2728 1485//2728
f 1485//2729 776//2729 778//2729
f 207//2730 162//2730 1482//2730
f 1482//2731 162//2731 1481//2731
f 1481//2732 162//2732 164//2732
f 1481//2733 164//2733 1480//2733
f 1480//2734 164//2734 163//2734
f 1480//2735 163//2735 1479//2735
f 1479//2736 163//2736 165//2736
f 1479//2737 165//2737 1478//2737
f 169//2738 1468//2738 170//2738
f 170//2739 1468//2739 1477//2739
f 170//2740 1477//2740 171//2740
f 167//2741 171//2741 1478//2741
f 167//2742 1478//2742 165//2742
f 766//2743 646//2743 1486//2743
f 1486//2744 646//2744 1461//2744
f 1486//2745 1461//2745 1487//2745
f 1487//2746 1461//2746 1462//2746
f 1487//2747 1462//2747 19//2747
f 19//2748 1462//2748 20//2748
f 900//2749 1488//2749 1489//2749
f 1490//2750 1492//2750 15//2750
f 900//2751 887//2751 1488//2751
f 1488//2752 887//2752 1493//2752
f 1484//2753 1485//2753 1495//2753
f 1495//2754 1485//2754 1489//2754
f 1489//2755 1485//2755 903//2755
f 1489//2756 903//2756 900//2756
f 15//2757 160//2757 1490//2757
f 1490//2758 160//2758 1491//2758
f 1491//2759 160//2759 161//2759
f 1491//2760 161//2760 1496//2760
f 1496//2761 161//2761 207//2761
f 1496//2762 207//2762 1483//2762
f 1485//2763 778//2763 903//2763
f 887//2764 886//2764 1493//2764
f 1493//2765 886//2765 1497//2765
f 1493//2766 1497//2766 1494//2766
f 1494//2767 1492//2767 1493//2767
f 1493//2768 1492//2768 1490//2768
f 1493//2769 1490//2769 1488//2769
f 1488//2770 1490//2770 1491//2770
f 1488//2771 1491//2771 1489//2771
f 1489//2772 1491//2772 1496//2772
f 1489//2773 1496//2773 1495//2773
f 1495//2774 1496//2774 1483//2774
f 1495//2775 1483//2775 1484//2775
f 1486//2776 1487//2776 1498//2776
f 1487//2777 19//2777 1498//2777
f 1498//2778 19//2778 16//2778
f 1498//2779 16//2779 1499//2779
f 766//2780 1486//2780 885//2780
f 885//2781 1486//2781 884//2781
f 884//2782 1486//2782 1498//2782
f 884//2783 1498//2783 1499//2783
f 884//2784 1499//2784 769//2784
f 882//2785 769//2785 1499//2785
f 882//2786 1499//2786 1500//2786
f 1500//2787 1499//2787 16//2787
f 1500//2788 16//2788 18//2788
f 886//2789 212//2789 1497//2789
f 1497//2790 212//2790 1501//2790
f 1497//2791 1501//2791 1494//2791
f 1494//2792 1501//2792 12//2792
f 1494//2793 12//2793 1492//2793
f 1492//2794 12//2794 15//2794
f 1501//2795 212//2795 1502//2795
f 1502//2796 212//2796 211//2796
f 1503//2797 13//2797 1504//2797
f 1504//2798 13//2798 1501//2798
f 1501//2799 13//2799 12//2799
f 1501//2800 1502//2800 1504//2800
f 1504//2801 1502//2801 211//2801
f 1504//2802 211//2802 1503//2802
f 1503//2803 211//2803 210//2803
f 1503//2804 210//2804 209//2804
f 11//2805 1505//2805 1506//2805
f 116//2806 117//2806 119//2806
f 146//2807 112//2807 111//2807
f 116//2808 119//2808 1508//2808
f 1508//2809 119//2809 1509//2809
f 1508//2810 1509//2810 1510//2810
f 1510//2811 1509//2811 1511//2811
f 115//2812 116//2812 1508//2812
f 1512//2813 1508//2813 1510//2813
f 1513//2814 1066//2814 1514//2814
f 1512//2815 1066//2815 1513//2815
f 1513//2816 1514//2816 114//2816
f 114//2817 1514//2817 112//2817
f 1506//2818 1067//2818 1515//2818
f 1515//2819 1067//2819 1516//2819
f 1511//2820 1517//2820 1068//2820
f 1068//2821 1517//2821 1518//2821
f 1506//2822 1505//2822 1067//2822
f 1067//2823 1505//2823 213//2823
f 1506//2824 129//2824 11//2824
f 126//2825 1516//2825 125//2825
f 1516//2826 126//2826 1515//2826
f 1515//2827 126//2827 130//2827
f 1515//2828 130//2828 129//2828
f 1515//2829 129//2829 1506//2829
f 1511//2830 1509//2830 1517//2830
f 1517//2831 1509//2831 123//2831
f 1517//2832 123//2832 125//2832
f 1517//2833 125//2833 1518//2833
f 1518//2834 125//2834 1516//2834
f 1518//2835 1516//2835 1068//2835
f 1507//2836 1065//2836 111//2836
f 111//2837 1065//2837 882//2837
f 111//2838 882//2838 1500//2838
f 1500//2839 18//2839 109//2839
f 1500//2840 109//2840 111//2840
f 1507//2841 111//2841 112//2841
f 1507//2842 112//2842 1514//2842
f 1507//2843 1514//2843 1065//2843
f 1065//2844 1514//2844 1066//2844
f 114//2845 115//2845 1513//2845
f 1513//2846 115//2846 1508//2846
f 1513//2847 1508//2847 1512//2847
f 1066//2848 1512//2848 1510//2848
f 1066//2849 1510//2849 1069//2849
f 1069//2850 1510//2850 1511//2850
f 1069//2851 1511//2851 1068//2851
f 1067//2852 1068//2852 1516//2852
f 123//2853 1509//2853 120//2853
f 120//2854 1509//2854 119//2854
f 209//2855 213//2855 1505//2855
f 209//2856 1505//2856 1503//2856
f 1503//2857 1505//2857 11//2857
f 1503//2858 11//2858 13//2858
f 1519//2859 1520//2859 1521//2859
f 1522//2860 1520//2860 1519//2860
f 1519//2861 1523//2861 1524//2861
f 1525//2862 1523//2862 1519//2862
f 1521//2863 1525//2863 1519//2863
f 1519//2864 1526//2864 1527//2864
f 1528//2865 1526//2865 1519//2865
f 1524//2866 1528//2866 1519//2866
f 1519//2867 1529//2867 1530//2867
f 1531//2868 1529//2868 1519//2868
f 1527//2869 1531//2869 1519//2869
f 1530//2870 1522//2870 1519//2870
f 1532//2859 1533//2859 1534//2859
f 1535//2860 1533//2860 1532//2860
f 1532//2861 1536//2861 1537//2861
f 1538//2862 1536//2862 1532//2862
f 1534//2863 1538//2863 1532//2863
f 1532//2864 1539//2864 1540//2864
f 1541//2865 1539//2865 1532//2865
f 1537//2866 1541//2866 1532//2866
f 1532//2867 1542//2867 1543//2867
f 1544//2868 1542//2868 1532//2868
f 1540//2869 1544//2869 1532//2869
f 1543//2870 1535//2870 1532//2870
f 1545//2871 1546//2871 1547//2871
f 1545//2872 1547//2872 1548//2872
f 1548//2873 1547//2873 1549//2873
f 1550//2874 1548//2874 1551//2874
f 1551//2875 1548//2875 1549//2875
f 1550//2876 1551//2876 1552//2876
f 1552//2877 1551//2877 1553//2877
f 1554//2878 1555//2878 1545//2878
f 1550//845 1552//845 1548//845
f 1552//845 1554//845 1548//845
f 1548//845 1554//845 1545//845
f 1546//2879 1545//2879 1555//2879
f 1552//2880 1553//2880 1554//2880
f 1554//2881 1553//2881 1556//2881
f 1522//2882 1557//2882 1520//2882
f 1520//2882 1557//2882 1558//2882
f 1520//2883 1558//2883 1521//2883
f 1521//2883 1558//2883 1559//2883
f 1521//2884 1559//2884 1525//2884
f 1525//2884 1559//2884 1560//2884
f 1525//2885 1560//2885 1523//2885
f 1523//2885 1560//2885 1561//2885
f 1523//2886 1561//2886 1524//2886
f 1524//2886 1561//2886 1562//2886
f 1524//2887 1562//2887 1528//2887
f 1528//2887 1562//2887 1563//2887
f 1528//2888 1563//2888 1526//2888
f 1526//2888 1563//2888 1564//2888
f 1526//2889 1564//2889 1527//2889
f 1527//2889 1564//2889 1565//2889
f 1527//2890 1565//2890 1531//2890
f 1531//2890 1565//2890 1566//2890
f 1531//2891 1566//2891 1529//2891
f 1529//2891 1566//2891 1567//2891
f 1529//2892 1567//2892 1530//2892
f 1530//2892 1567//2892 1568//2892
f 1530//2893 1568//2893 1522//2893
f 1522//2893 1568//2893 1557//2893
f 1569//845 1570//845 1571//845
f 1571//845 1570//845 1572//845
f 1572//2894 1573//2894 1571//2894
f 1571//845 1573//845 1574//845
f 1574//845 1575//845 1571//845
f 1571//845 1575//845 1576//845
f 1571//845 1576//845 1577//845
f 1577//845 1576//845 1578//845
f 1577//845 1578//845 1579//845
f 1580//845 1581//845 1582//845
f 1582//845 1581//845 1583//845
f 1582//845 1583//845 1570//845
f 1570//845 1583//845 1584//845
f 1570//845 1584//845 1585//845
f 1570//845 1585//845 1572//845
f 1579//845 1580//845 1577//845
f 1577//845 1580//845 1582//845
f 1577//845 1582//845 1586//845
f 1535//2882 1587//2882 1533//2882
f 1533//2882 1587//2882 1588//2882
f 1533//2883 1588//2883 1534//2883
f 1534//2883 1588//2883 1589//2883
f 1534//2884 1589//2884 1538//2884
f 1538//2884 1589//2884 1590//2884
f 1538//2885 1590//2885 1536//2885
f 1536//2885 1590//2885 1591//2885
f 1536//2886 1591//2886 1537//2886
f 1537//2886 1591//2886 1592//2886
f 1537//2887 1592//2887 1541//2887
f 1541//2887 1592//2887 1593//2887
f 1541//2888 1593//2888 1539//2888
f 1539//2888 1593//2888 1594//2888
f 1539//2889 1594//2889 1540//2889
f 1540//2889 1594//2889 1595//2889
f 1540//2890 1595//2890 1544//2890
f 1544//2890 1595//2890 1596//2890
f 1544//2891 1596//2891 1542//2891
f 1542//2891 1596//2891 1597//2891
f 1542//2892 1597//2892 1543//2892
f 1543//2892 1597//2892 1598//2892
f 1543//2893 1598//2893 1535//2893
f 1535//2893 1598//2893 1587//2893
f 1599//845 1582//845 1600//845
f 1600//845 1582//845 1601//845
f 1546//2895 1555//2895 1600//2895
f 1601//845 1602//845 1600//845
f 1600//845 1602//845 1603//845
f 1600//845 1603//845 1604//845
f 1549//2896 1605//2896 1604//2896
f 1604//845 1605//845 1606//845
f 1604//845 1606//845 1600//845
f 1600//845 1606//845 1607//845
f 1600//2897 1607//2897 1546//2897
f 1549//845 1604//845 1551//845
f 1551//845 1604//845 1608//845
f 1609//845 1556//845 1553//845
f 1609//2897 1553//2897 1610//2897
f 1609//845 1610//845 1611//845
f 1551//2898 1608//2898 1612//2898
f 1612//845 1608//845 1613//845
f 1612//845 1613//845 1611//845
f 1611//845 1613//845 1614//845
f 1611//845 1614//845 1609//845
f 1615//845 1616//845 1570//845
f 1570//845 1616//845 1617//845
f 1570//845 1617//845 1618//845
f 1570//845 1618//845 1582//845
f 1582//845 1618//845 1619//845
f 1582//845 1619//845 1601//845
f 1614//845 1615//845 1609//845
f 1609//845 1615//845 1570//845
f 1554//2899 1556//2899 1609//2899
f 1621//2900 1600//2900 1555//2900
f 1622//2901 1599//2901 1621//2901
f 1621//2902 1599//2902 1600//2902
f 1621//2903 1555//2903 1554//2903
f 1621//2904 1554//2904 1620//2904
f 1620//2905 1554//2905 1609//2905
f 1623//2906 1624//2906 1569//2906
f 1569//2907 1571//2907 1623//2907
f 1623//2908 1571//2908 1625//2908
f 1625//2909 1571//2909 1577//2909
f 1625//2910 1577//2910 1586//2910
f 1620//2911 1609//2911 1628//2911
f 1609//2912 1629//2912 1628//2912
f 1628//2913 1629//2913 1630//2913
f 1628//2914 1630//2914 1631//2914
f 1631//2915 1630//2915 1632//2915
f 1631//2916 1632//2916 1627//2916
f 1627//2917 1632//2917 1626//2917
f 1609//845 1570//845 1633//845
f 1609//845 1633//845 1629//845
f 1629//845 1633//845 1630//845
f 1630//845 1633//845 1632//845
f 1634//845 1635//845 1633//845
f 1635//845 1636//845 1633//845
f 1633//845 1636//845 1637//845
f 1633//845 1637//845 1632//845
f 1632//845 1637//845 1638//845
f 1632//845 1638//845 1639//845
f 1639//845 1641//845 1632//845
f 1632//845 1641//845 1640//845
f 1632//845 1640//845 1626//845
f 1643//845 1626//845 1640//845
f 1640//845 1644//845 1643//845
f 1643//845 1644//845 1645//845
f 1643//845 1645//845 1646//845
f 1633//845 1647//845 1648//845
f 1633//845 1648//845 1649//845
f 1633//845 1649//845 1634//845
f 1652//845 1643//845 1633//845
f 1633//845 1643//845 1646//845
f 1633//845 1646//845 1647//845
f 1650//2918 1651//2918 1652//2918
f 1652//845 1651//845 1643//845
f 1653//845 1652//845 1633//845
f 1653//845 1633//845 1654//845
f 1654//845 1633//845 1642//845
f 1655//845 1642//845 1633//845
f 1656//2919 1657//2919 1658//2919
f 1658//2920 1657//2920 1659//2920
f 1659//2921 1657//2921 1660//2921
f 1659//2922 1660//2922 1661//2922
f 1569//2923 1624//2923 1661//2923
f 1569//2924 1661//2924 1662//2924
f 1662//2925 1661//2925 1660//2925
f 1656//845 1663//845 1657//845
f 1657//845 1663//845 1664//845
f 1657//845 1664//845 1665//845
f 1666//845 1633//845 1667//845
f 1667//845 1633//845 1668//845
f 1668//845 1633//845 1669//845
f 1665//845 1669//845 1657//845
f 1657//845 1669//845 1633//845
f 1660//845 1633//845 1662//845
f 1662//845 1633//845 1570//845
f 1662//845 1570//845 1569//845
f 1660//845 1657//845 1633//845
f 1672//845 1673//845 1670//845
f 1674//845 1675//845 1672//845
f 1672//2926 1675//2926 1676//2926
f 1677//845 1678//845 1633//845
f 1633//845 1678//845 1679//845
f 1633//845 1679//845 1680//845
f 1681//845 1656//845 1682//845
f 1682//845 1656//845 1674//845
f 1682//845 1674//845 1683//845
f 1681//845 1663//845 1656//845
f 1672//845 1633//845 1674//845
f 1674//845 1633//845 1680//845
f 1674//845 1680//845 1683//845
f 1633//845 1671//845 1655//845
f 1666//2894 1677//2894 1633//2894
f 1671//845 1633//845 1670//845
f 1670//845 1633//845 1672//845
f 1625//2927 1586//2927 1686//2927
f 1586//2928 1687//2928 1686//2928
f 1686//2929 1687//2929 1688//2929
f 1686//2930 1688//2930 1689//2930
f 1689//2931 1688//2931 1690//2931
f 1689//2932 1690//2932 1685//2932
f 1685//2933 1690//2933 1684//2933
f 1586//845 1582//845 1687//845
f 1687//845 1582//845 1688//845
f 1691//845 1692//845 1693//845
f 1694//845 1557//845 1688//845
f 1688//845 1557//845 1695//845
f 1688//845 1695//845 1690//845
f 1557//845 1696//845 1695//845
f 1695//845 1696//845 1697//845
f 1695//845 1697//845 1691//845
f 1698//845 1582//845 1699//845
f 1699//845 1582//845 1693//845
f 1699//845 1693//845 1700//845
f 1700//845 1693//845 1692//845
f 1698//845 1701//845 1582//845
f 1582//845 1701//845 1702//845
f 1582//845 1702//845 1688//845
f 1688//845 1702//845 1703//845
f 1688//845 1703//845 1694//845
f 1695//845 1704//845 1705//845
f 1705//845 1706//845 1695//845
f 1695//2926 1706//2926 1707//2926
f 1695//845 1707//845 1690//845
f 1690//845 1707//845 1708//845
f 1690//845 1708//845 1709//845
f 1709//845 1711//845 1690//845
f 1690//845 1711//845 1710//845
f 1690//845 1710//845 1684//845
f 1691//845 1693//845 1695//845
f 1714//2926 1704//2926 1695//2926
f 1715//845 1713//845 1710//845
f 1710//845 1713//845 1684//845
f 1715//845 1716//845 1713//845
f 1713//845 1716//845 1717//845
f 1713//845 1717//845 1695//845
f 1695//2934 1717//2934 1718//2934
f 1695//845 1718//845 1719//845
f 1713//845 1712//845 1720//845
f 1720//2935 1712//2935 1721//2935
f 1723//2936 1693//2936 1724//2936
f 1723//845 1722//845 1695//845
f 1723//845 1695//845 1693//845
f 1695//845 1719//845 1714//845
f 1722//845 1712//845 1695//845
f 1695//845 1712//845 1713//845
f 1725//2937 1726//2937 1727//2937
f 1727//2938 1726//2938 1728//2938
f 1728//2939 1726//2939 1729//2939
f 1728//2940 1729//2940 1730//2940
f 1599//2941 1622//2941 1730//2941
f 1599//2942 1730//2942 1731//2942
f 1731//2943 1730//2943 1729//2943
f 1733//845 1734//845 1726//845
f 1733//845 1726//845 1725//845
f 1734//845 1735//845 1726//845
f 1726//845 1735//845 1736//845
f 1726//845 1736//845 1732//845
f 1732//2926 1736//2926 1737//2926
f 1732//845 1737//845 1738//845
f 1739//845 1740//845 1582//845
f 1582//845 1740//845 1741//845
f 1582//845 1741//845 1693//845
f 1741//845 1587//845 1693//845
f 1693//845 1587//845 1742//845
f 1693//845 1742//845 1743//845
f 1732//845 1744//845 1745//845
f 1746//845 1726//845 1732//845
f 1746//845 1732//845 1747//845
f 1747//845 1732//845 1745//845
f 1726//845 1746//845 1729//845
f 1729//845 1746//845 1748//845
f 1729//845 1748//845 1749//845
f 1749//845 1739//845 1729//845
f 1729//845 1739//845 1582//845
f 1729//845 1582//845 1731//845
f 1731//845 1582//845 1599//845
f 1743//845 1744//845 1693//845
f 1693//845 1744//845 1732//845
f 1732//845 1738//845 1750//845
f 1751//845 1732//845 1752//845
f 1754//845 1753//845 1752//845
f 1756//845 1757//845 1754//845
f 1732//2926 1750//2926 1758//2926
f 1759//845 1760//845 1732//845
f 1732//2934 1760//2934 1761//2934
f 1762//845 1725//845 1763//845
f 1763//845 1725//845 1756//845
f 1763//845 1756//845 1764//845
f 1762//2894 1733//2894 1725//2894
f 1757//2894 1755//2894 1754//2894
f 1751//845 1693//845 1732//845
f 1732//845 1758//845 1759//845
f 1754//845 1752//845 1732//845
f 1754//845 1732//845 1756//845
f 1756//845 1732//845 1761//845
f 1756//845 1761//845 1764//845
f 1765//2944 1754//2944 1766//2944
f 1766//2945 1754//2945 1755//2945
f 1766//2946 1755//2946 1757//2946
f 1766//2947 1757//2947 1767//2947
f 1767//2948 1757//2948 1756//2948
f 1767//2949 1756//2949 1768//2949
f 1768//2950 1756//2950 1727//2950
f 1725//2951 1727//2951 1756//2951
f 1769//2952 1693//2952 1770//2952
f 1770//2953 1693//2953 1751//2953
f 1770//2954 1751//2954 1752//2954
f 1770//2955 1752//2955 1771//2955
f 1752//2956 1753//2956 1771//2956
f 1771//2957 1753//2957 1754//2957
f 1771//2958 1754//2958 1765//2958
f 1723//2959 1772//2959 1722//2959
f 1722//2960 1772//2960 1773//2960
f 1722//2961 1773//2961 1712//2961
f 1724//2962 1774//2962 1723//2962
f 1723//2963 1774//2963 1775//2963
f 1723//2959 1775//2959 1772//2959
f 1774//2964 1724//2964 1693//2964
f 1774//2965 1693//2965 1769//2965
f 1685//2966 1684//2966 1713//2966
f 1685//2967 1713//2967 1776//2967
f 1776//2968 1713//2968 1720//2968
f 1776//2969 1720//2969 1777//2969
f 1777//2970 1720//2970 1721//2970
f 1777//2971 1721//2971 1778//2971
f 1778//2972 1721//2972 1779//2972
f 1779//2973 1721//2973 1712//2973
f 1779//2974 1712//2974 1773//2974
f 1780//2975 1672//2975 1781//2975
f 1781//2976 1672//2976 1676//2976
f 1781//2977 1676//2977 1675//2977
f 1781//2978 1675//2978 1782//2978
f 1782//2979 1675//2979 1674//2979
f 1782//2980 1674//2980 1783//2980
f 1783//2981 1674//2981 1658//2981
f 1656//2982 1658//2982 1674//2982
f 1784//2983 1655//2983 1785//2983
f 1785//2984 1655//2984 1671//2984
f 1785//2985 1671//2985 1670//2985
f 1785//2986 1670//2986 1786//2986
f 1670//2987 1673//2987 1786//2987
f 1786//2988 1673//2988 1672//2988
f 1786//2989 1672//2989 1780//2989
f 1654//2990 1787//2990 1653//2990
f 1653//2991 1787//2991 1788//2991
f 1653//2992 1788//2992 1652//2992
f 1642//2993 1789//2993 1654//2993
f 1654//2994 1789//2994 1790//2994
f 1654//2990 1790//2990 1787//2990
f 1789//2995 1642//2995 1655//2995
f 1789//2996 1655//2996 1784//2996
f 1627//2997 1626//2997 1643//2997
f 1627//2998 1643//2998 1791//2998
f 1791//2999 1643//2999 1651//2999
f 1791//3000 1651//3000 1792//3000
f 1792//3001 1651//3001 1650//3001
f 1792//3002 1650//3002 1793//3002
f 1793//3003 1650//3003 1652//3003
f 1793//3004 1652//3004 1788//3004
f 1661//1278 1624//1278 1794//1278
f 1628//1278 1631//1278 1620//1278
f 1620//3005 1631//3005 1627//3005
f 1620//1278 1795//1278 1796//1278
f 1621//1278 1797//1278 1798//1278
f 1620//1278 1796//1278 1621//1278
f 1621//1278 1796//1278 1799//1278
f 1621//1278 1799//1278 1797//1278
f 1728//3006 1730//3006 1622//3006
f 1800//1278 1801//1278 1622//1278
f 1801//1278 1727//1278 1622//1278
f 1622//3005 1727//3005 1728//3005
f 1801//1645 1802//1645 1727//1645
f 1727//1645 1802//1645 1803//1645
f 1727//1278 1803//1278 1768//1278
f 1768//1278 1803//1278 1804//1278
f 1768//1278 1804//1278 1767//1278
f 1767//1278 1804//1278 1805//1278
f 1767//1278 1805//1278 1766//1278
f 1806//1278 1807//1278 1769//1278
f 1808//1278 1809//1278 1810//1278
f 1810//1278 1809//1278 1811//1278
f 1810//1278 1811//1278 1622//1278
f 1622//1278 1811//1278 1812//1278
f 1622//1278 1812//1278 1800//1278
f 1805//1278 1806//1278 1766//1278
f 1766//1278 1806//1278 1769//1278
f 1766//1278 1769//1278 1765//1278
f 1770//1278 1771//1278 1769//1278
f 1769//1278 1771//1278 1765//1278
f 1778//1278 1779//1278 1769//1278
f 1769//1278 1779//1278 1773//1278
f 1773//1278 1772//1278 1769//1278
f 1769//1278 1772//1278 1775//1278
f 1769//1278 1775//1278 1774//1278
f 1813//1278 1814//1278 1810//1278
f 1810//1278 1814//1278 1769//1278
f 1810//1278 1769//1278 1808//1278
f 1808//1278 1769//1278 1807//1278
f 1814//1278 1815//1278 1769//1278
f 1769//1278 1815//1278 1816//1278
f 1769//1278 1816//1278 1778//1278
f 1816//1278 1817//1278 1778//1278
f 1778//1278 1817//1278 1818//1278
f 1778//1278 1818//1278 1777//1278
f 1777//1278 1818//1278 1819//1278
f 1777//1278 1819//1278 1776//1278
f 1776//1278 1819//1278 1820//1278
f 1776//3005 1820//3005 1685//3005
f 1820//3005 1821//3005 1685//3005
f 1685//3005 1821//3005 1822//3005
f 1685//3005 1822//3005 1625//3005
f 1625//1278 1822//1278 1823//1278
f 1625//1278 1823//1278 1810//1278
f 1810//1278 1823//1278 1824//1278
f 1810//1278 1824//1278 1813//1278
f 1686//1645 1689//1645 1625//1645
f 1625//3007 1689//3007 1685//3007
f 1625//1278 1825//1278 1826//1278
f 1623//1278 1827//1278 1828//1278
f 1625//1278 1826//1278 1623//1278
f 1623//1278 1826//1278 1829//1278
f 1623//1278 1829//1278 1827//1278
f 1658//1278 1659//1278 1794//1278
f 1794//1278 1659//1278 1661//1278
f 1794//1278 1830//1278 1831//1278
f 1831//1278 1832//1278 1794//1278
f 1794//1278 1832//1278 1833//1278
f 1794//3008 1833//3008 1658//3008
f 1786//1278 1780//1278 1834//1278
f 1830//1278 1794//1278 1835//1278
f 1835//1278 1794//1278 1836//1278
f 1836//1278 1794//1278 1784//1278
f 1836//1278 1784//1278 1834//1278
f 1834//1278 1784//1278 1785//1278
f 1834//1278 1785//1278 1786//1278
f 1833//3005 1837//3005 1658//3005
f 1658//3005 1837//3005 1838//3005
f 1658//3005 1838//3005 1783//3005
f 1783//1278 1838//1278 1839//1278
f 1783//1278 1839//1278 1782//1278
f 1782//1278 1839//1278 1840//1278
f 1782//1278 1840//1278 1781//1278
f 1781//1278 1840//1278 1841//1278
f 1781//1278 1841//1278 1834//1278
f 1781//1278 1834//1278 1780//1278
f 1842//1278 1843//1278 1791//1278
f 1791//1278 1843//1278 1627//1278
f 1794//1278 1620//1278 1844//1278
f 1843//1645 1845//1645 1627//1645
f 1627//1278 1845//1278 1846//1278
f 1627//1278 1846//1278 1620//1278
f 1620//1278 1846//1278 1847//1278
f 1620//1278 1847//1278 1844//1278
f 1844//1278 1848//1278 1794//1278
f 1794//1278 1848//1278 1849//1278
f 1794//1278 1849//1278 1784//1278
f 1784//1278 1849//1278 1850//1278
f 1784//1278 1850//1278 1789//1278
f 1789//1278 1850//1278 1851//1278
f 1789//1278 1851//1278 1790//1278
f 1852//1645 1793//1645 1788//1645
f 1852//1278 1788//1278 1851//1278
f 1851//1278 1788//1278 1787//1278
f 1851//1278 1787//1278 1790//1278
f 1842//1278 1791//1278 1853//1278
f 1853//1646 1791//1646 1792//1646
f 1853//1646 1792//1646 1852//1646
f 1852//3009 1792//3009 1793//3009
f 1794//1278 1854//1278 1855//1278
f 1854//1278 1794//1278 1856//1278
f 1856//1278 1794//1278 1828//1278
f 1828//1278 1794//1278 1624//1278
f 1828//1278 1624//1278 1623//1278
f 1857//1278 1858//1278 1810//1278
f 1810//1278 1858//1278 1859//1278
f 1810//1278 1859//1278 1625//1278
f 1625//1278 1859//1278 1860//1278
f 1625//1278 1860//1278 1825//1278
f 1810//1278 1861//1278 1862//1278
f 1861//1278 1810//1278 1863//1278
f 1863//1278 1810//1278 1622//1278
f 1863//1278 1622//1278 1798//1278
f 1798//1278 1622//1278 1621//1278
f 1864//1278 1865//1278 1794//1278
f 1794//1278 1865//1278 1866//1278
f 1794//1278 1866//1278 1620//1278
f 1620//1278 1866//1278 1867//1278
f 1620//1278 1867//1278 1795//1278
f 1862//1278 1864//1278 1810//1278
f 1810//1278 1864//1278 1794//1278
f 1810//1278 1794//1278 1857//1278
f 1857//1278 1794//1278 1855//1278
f 1821//3010 1711//3010 1822//3010
f 1822//3011 1711//3011 1868//3011
f 1822//2883 1868//2883 1823//2883
f 1823//2883 1868//2883 1869//2883
f 1823//2884 1869//2884 1824//2884
f 1824//2884 1869//2884 1870//2884
f 1824//2885 1870//2885 1813//2885
f 1813//2885 1870//2885 1871//2885
f 1813//2886 1871//2886 1814//2886
f 1814//2886 1871//2886 1872//2886
f 1814//2887 1872//2887 1815//2887
f 1872//3012 1704//3012 1815//3012
f 1815//3013 1704//3013 1816//3013
f 1816//3014 1704//3014 1873//3014
f 1816//2889 1873//2889 1817//2889
f 1817//2889 1873//2889 1874//2889
f 1817//2890 1874//2890 1818//2890
f 1818//2890 1874//2890 1875//2890
f 1818//2891 1875//2891 1819//2891
f 1819//2891 1875//2891 1876//2891
f 1819//2892 1876//2892 1820//2892
f 1820//2892 1876//2892 1877//2892
f 1820//2893 1877//2893 1821//2893
f 1821//3015 1877//3015 1711//3015
f 1829//2882 1576//2882 1827//2882
f 1827//2882 1576//2882 1878//2882
f 1827//2883 1878//2883 1828//2883
f 1828//2883 1878//2883 1879//2883
f 1828//2884 1879//2884 1856//2884
f 1856//2884 1879//2884 1880//2884
f 1856//2885 1880//2885 1854//2885
f 1854//2885 1880//2885 1881//2885
f 1854//2886 1881//2886 1855//2886
f 1855//2886 1881//2886 1882//2886
f 1855//2887 1882//2887 1883//2887
f 1883//2887 1882//2887 1884//2887
f 1883//2888 1884//2888 1858//2888
f 1858//2888 1884//2888 1885//2888
f 1858//2889 1885//2889 1859//2889
f 1859//2889 1885//2889 1886//2889
f 1859//2890 1886//2890 1860//2890
f 1860//2890 1886//2890 1887//2890
f 1860//2891 1887//2891 1825//2891
f 1825//2891 1887//2891 1888//2891
f 1825//2892 1888//2892 1826//2892
f 1826//2892 1888//2892 1889//2892
f 1826//2893 1889//2893 1829//2893
f 1829//2893 1889//2893 1576//2893
f 1837//3016 1663//3016 1838//3016
f 1838//3017 1663//3017 1890//3017
f 1838//2883 1890//2883 1839//2883
f 1839//2883 1890//2883 1891//2883
f 1839//2884 1891//2884 1840//2884
f 1840//2884 1891//2884 1892//2884
f 1840//2885 1892//2885 1841//2885
f 1841//2885 1892//2885 1893//2885
f 1841//2886 1893//2886 1834//2886
f 1834//2886 1893//2886 1894//2886
f 1834//2887 1894//2887 1836//2887
f 1894//3018 1666//3018 1836//3018
f 1836//3019 1666//3019 1835//3019
f 1835//3020 1666//3020 1895//3020
f 1835//2889 1895//2889 1830//2889
f 1830//2889 1895//2889 1896//2889
f 1830//2890 1896//2890 1831//2890
f 1831//2890 1896//2890 1897//2890
f 1831//2891 1897//2891 1832//2891
f 1832//2891 1897//2891 1898//2891
f 1832//2892 1898//2892 1833//2892
f 1833//2892 1898//2892 1899//2892
f 1833//2893 1899//2893 1837//2893
f 1837//3021 1899//3021 1663//3021
f 1864//2882 1618//2882 1865//2882
f 1865//2882 1618//2882 1900//2882
f 1865//2883 1900//2883 1866//2883
f 1866//2883 1900//2883 1901//2883
f 1866//2884 1901//2884 1867//2884
f 1867//2884 1901//2884 1902//2884
f 1867//2885 1902//2885 1795//2885
f 1795//2885 1902//2885 1903//2885
f 1795//2886 1903//2886 1796//2886
f 1796//2886 1903//2886 1904//2886
f 1796//2887 1904//2887 1905//2887
f 1905//2887 1904//2887 1906//2887
f 1905//2888 1906//2888 1797//2888
f 1797//2888 1906//2888 1907//2888
f 1797//2889 1907//2889 1798//2889
f 1798//2889 1907//2889 1908//2889
f 1798//2890 1908//2890 1863//2890
f 1863//2890 1908//2890 1909//2890
f 1863//2891 1909//2891 1861//2891
f 1861//2891 1909//2891 1910//2891
f 1861//2892 1910//2892 1862//2892
f 1862//2892 1910//2892 1911//2892
f 1862//2893 1911//2893 1864//2893
f 1864//2893 1911//2893 1618//2893
f 1850//3022 1634//3022 1851//3022
f 1851//3023 1634//3023 1912//3023
f 1851//2883 1912//2883 1852//2883
f 1852//2883 1912//2883 1913//2883
f 1852//2884 1913//2884 1853//2884
f 1853//2884 1913//2884 1914//2884
f 1853//2885 1914//2885 1842//2885
f 1842//2885 1914//2885 1915//2885
f 1842//2886 1915//2886 1843//2886
f 1843//2886 1915//2886 1916//2886
f 1843//2887 1916//2887 1845//2887
f 1916//3024 1641//3024 1845//3024
f 1845//3025 1641//3025 1846//3025
f 1846//3026 1641//3026 1917//3026
f 1846//2889 1917//2889 1847//2889
f 1847//2889 1917//2889 1918//2889
f 1847//2890 1918//2890 1844//2890
f 1844//2890 1918//2890 1919//2890
f 1844//2891 1919//2891 1848//2891
f 1848//2891 1919//2891 1920//2891
f 1848//2892 1920//2892 1849//2892
f 1849//2892 1920//2892 1921//2892
f 1849//2893 1921//2893 1850//2893
f 1850//3027 1921//3027 1634//3027
f 1808//3028 1750//3028 1809//3028
f 1809//3029 1750//3029 1922//3029
f 1809//2883 1922//2883 1811//2883
f 1811//2883 1922//2883 1923//2883
f 1811//2884 1923//2884 1812//2884
f 1812//2884 1923//2884 1924//2884
f 1812//2885 1924//2885 1800//2885
f 1800//2885 1924//2885 1925//2885
f 1800//2886 1925//2886 1801//2886
f 1801//2886 1925//2886 1926//2886
f 1801//2887 1926//2887 1802//2887
f 1926//3030 1733//3030 1802//3030
f 1802//3031 1733//3031 1803//3031
f 1803//3032 1733//3032 1927//3032
f 1803//2889 1927//2889 1804//2889
f 1804//2889 1927//2889 1928//2889
f 1804//2890 1928//2890 1805//2890
f 1805//2890 1928//2890 1929//2890
f 1805//2891 1929//2891 1806//2891
f 1806//2891 1929//2891 1930//2891
f 1806//2892 1930//2892 1807//2892
f 1807//2892 1930//2892 1931//2892
f 1807//2893 1931//2893 1808//2893
f 1808//3033 1931//3033 1750//3033
f 2033//3034 1933//3034 1932//3034
f 1932//3035 1933//3035 1934//3035
f 1934//3036 1933//3036 1935//3036
f 1933//2926 1938//2926 1935//2926
f 1935//845 1938//845 1939//845
f 1939//845 1938//845 1940//845
f 1939//845 1940//845 1941//845
f 1941//2897 1940//2897 1942//2897
f 1941//2897 1942//2897 1943//2897
f 1943//845 1942//845 1944//845
f 1943//3037 1944//3037 1945//3037
f 1952//3038 1946//3038 1947//3038
f 1945//511 1944//511 1948//511
f 1948//845 1944//845 1949//845
f 1948//3039 1949//3039 1950//3039
f 1950//3040 1949//3040 1951//3040
f 1951//3038 1949//3038 1952//3038
f 1951//3038 1952//3038 1947//3038
f 1952//3038 1953//3038 1946//3038
f 1946//845 1953//845 1954//845
f 1954//845 1953//845 1955//845
f 1955//2897 1953//2897 1956//2897
f 1955//512 1956//512 1957//512
f 1957//425 1956//425 1958//425
f 1958//3041 1956//3041 1959//3041
f 1959//3042 1956//3042 1960//3042
f 1959//3043 1960//3043 1961//3043
f 1961//2897 1960//2897 1962//2897
f 1961//2926 1962//2926 1963//2926
f 1963//3044 1962//3044 1964//3044
f 1963//3045 1964//3045 1965//3045
f 1965//3046 1964//3046 1966//3046
f 1965//3047 1966//3047 1937//3047
f 1937//3048 1966//3048 1936//3048
f 1967//3049 1968//3049 1969//3049
f 1970//3050 1971//3050 1972//3050
f 1972//3051 1971//3051 1973//3051
f 1972//3052 1973//3052 1974//3052
f 1974//3053 1973//3053 1967//3053
f 1967//3054 1973//3054 1968//3054
f 1969//3055 1968//3055 1975//3055
f 1975//3056 1968//3056 1976//3056
f 1975//3057 1976//3057 1977//3057
f 1976//3058 1978//3058 1977//3058
f 1977//3059 1978//3059 1979//3059
f 1979//3060 1978//3060 1980//3060
f 1980//3061 1978//3061 1981//3061
f 1980//3062 1981//3062 1982//3062
f 1982//3063 1981//3063 1983//3063
f 1984//3064 1985//3064 1986//3064
f 1986//3065 1985//3065 1987//3065
f 1986//3066 1987//3066 1988//3066
f 1986//3067 1988//3067 1989//3067
f 1989//3068 1988//3068 1990//3068
f 1989//3069 1990//3069 1991//3069
f 1991//3070 1990//3070 1992//3070
f 1991//3071 1992//3071 1993//3071
f 1993//3072 1992//3072 1994//3072
f 1993//3073 1994//3073 1995//3073
f 1995//3074 1994//3074 1996//3074
f 1995//3075 1996//3075 1983//3075
f 1983//3076 1996//3076 1997//3076
f 1983//3077 1997//3077 1998//3077
f 1983//3078 1998//3078 1982//3078
f 1999//3079 2000//3079 2001//3079
f 2001//3080 2000//3080 2002//3080
f 2001//3081 2002//3081 2003//3081
f 1999//3082 2001//3082 2004//3082
f 2003//3083 2002//3083 2005//3083
f 2005//3084 2002//3084 2006//3084
f 2005//3085 2006//3085 2007//3085
f 2005//3086 2007//3086 2008//3086
f 2008//3087 2007//3087 2009//3087
f 2008//3088 2009//3088 2010//3088
f 2008//3089 2010//3089 1984//3089
f 1985//3090 1984//3090 2010//3090
f 1999//3091 2004//3091 2011//3091
f 2011//3092 2004//3092 2012//3092
f 2011//3093 2012//3093 2013//3093
f 2014//3094 2015//3094 2016//3094
f 2016//3095 2015//3095 2017//3095
f 2012//3096 2018//3096 2013//3096
f 2013//3097 2018//3097 2019//3097
f 2019//3098 2018//3098 2017//3098
f 2019//3099 2017//3099 2020//3099
f 2020//3100 2017//3100 2015//3100
f 2021//3101 2022//3101 2023//3101
f 2023//3102 2022//3102 2024//3102
f 2023//3103 2024//3103 2014//3103
f 2014//3104 2024//3104 2025//3104
f 2014//3105 2025//3105 2026//3105
f 2014//3106 2026//3106 2015//3106
f 2027//3107 2028//3107 2029//3107
f 2029//3108 2028//3108 2021//3108
f 2021//3109 2028//3109 2022//3109
f 2029//3110 2030//3110 2027//3110
f 2027//3111 2030//3111 2031//3111
f 2031//3112 2030//3112 2032//3112
f 2031//3113 2032//3113 2034//3113
f 2034//3114 2032//3114 2033//3114
f 2033//3115 1932//3115 2034//3115
f 1937//3116 1936//3116 2036//3116
f 2037//3117 2038//3117 2036//3117
f 2036//3118 2038//3118 2039//3118
f 2036//3119 2039//3119 1937//3119
f 2038//3120 2037//3120 2035//3120
f 2035//3121 2037//3121 2040//3121
f 2041//3122 1971//3122 1970//3122
f 2035//3123 2040//3123 2041//3123
f 2041//3124 2040//3124 2042//3124
f 2041//3125 2042//3125 1971//3125
f 2043//3126 2015//3126 2026//3126
f 2043//3127 2026//3127 2025//3127
f 2044//3128 2013//3128 2019//3128
f 2044//3129 2019//3129 2043//3129
f 2043//3130 2019//3130 2020//3130
f 2043//3131 2020//3131 2015//3131
f 2013//3132 2044//3132 2011//3132
f 2011//3133 2044//3133 2045//3133
f 2011//3134 2045//3134 1999//3134
f 1999//3135 2045//3135 2046//3135
f 1999//3136 2046//3136 2000//3136
f 2000//3137 2046//3137 2047//3137
f 2000//3138 2047//3138 2002//3138
f 2002//3139 2047//3139 2006//3139
f 2006//3140 2047//3140 2007//3140
f 2007//3141 2047//3141 2048//3141
f 2007//3142 2048//3142 2049//3142
f 2007//3143 2049//3143 2009//3143
f 2050//3144 2051//3144 2045//3144
f 2052//3145 2034//3145 2053//3145
f 2052//3146 2031//3146 2034//3146
f 2022//3147 2028//3147 2052//3147
f 2052//3148 2028//3148 2027//3148
f 2052//3149 2027//3149 2031//3149
f 2053//3150 2043//3150 2052//3150
f 2052//3151 2043//3151 2025//3151
f 2052//3152 2025//3152 2024//3152
f 2045//3153 2044//3153 2050//3153
f 2050//3154 2044//3154 2053//3154
f 2053//3155 2044//3155 2043//3155
f 2022//3156 2052//3156 2024//3156
f 1935//3157 2051//3157 1934//3157
f 1934//3158 2051//3158 2050//3158
f 1934//3159 2050//3159 1932//3159
f 1932//3160 2050//3160 2053//3160
f 1932//3161 2053//3161 2034//3161
f 2009//3162 2049//3162 2010//3162
f 2010//3163 2049//3163 2054//3163
f 2010//3164 2054//3164 2055//3164
f 2010//3165 2055//3165 1985//3165
f 1985//3166 2055//3166 2056//3166
f 1985//3167 2056//3167 1987//3167
f 1987//3168 2056//3168 1988//3168
f 1988//3169 2056//3169 2057//3169
f 1988//3170 2057//3170 1990//3170
f 2058//3171 1943//3171 2059//3171
f 2059//3172 1943//3172 1945//3172
f 2059//3173 1945//3173 2060//3173
f 2060//3174 1945//3174 1948//3174
f 2060//3175 1948//3175 2061//3175
f 2061//3176 1948//3176 1950//3176
f 2061//3177 1950//3177 2062//3177
f 1939//3178 1941//3178 2058//3178
f 2058//3179 1941//3179 1943//3179
f 2058//3180 2063//3180 1939//3180
f 1939//3181 2063//3181 2051//3181
f 1939//3182 2051//3182 1935//3182
f 2062//3183 2049//3183 2061//3183
f 2061//3184 2049//3184 2048//3184
f 2061//3185 2048//3185 2060//3185
f 2060//3186 2048//3186 2047//3186
f 2060//3187 2047//3187 2059//3187
f 2059//3188 2047//3188 2058//3188
f 2058//3189 2047//3189 2046//3189
f 2058//3190 2046//3190 2063//3190
f 2063//3191 2046//3191 2051//3191
f 2051//3192 2046//3192 2045//3192
f 2064//3193 1990//3193 2057//3193
f 2065//3194 1992//3194 2064//3194
f 2064//3195 1992//3195 1990//3195
f 2066//3196 1994//3196 2065//3196
f 2065//3197 1994//3197 1992//3197
f 2067//3198 1996//3198 2066//3198
f 2066//3199 1996//3199 1994//3199
f 2068//3200 1998//3200 2067//3200
f 2067//3201 1998//3201 1997//3201
f 2067//3202 1997//3202 1996//3202
f 1955//3203 2069//3203 1954//3203
f 1954//3204 2069//3204 2070//3204
f 1954//3205 2070//3205 1946//3205
f 1946//3206 2070//3206 2071//3206
f 1946//3207 2071//3207 1947//3207
f 1947//3208 2071//3208 2072//3208
f 1947//3209 2072//3209 1951//3209
f 1951//3210 2072//3210 2062//3210
f 1951//3211 2062//3211 1950//3211
f 2069//3212 2057//3212 2070//3212
f 2070//3213 2057//3213 2056//3213
f 2070//3214 2056//3214 2071//3214
f 2071//3215 2056//3215 2055//3215
f 2071//3216 2055//3216 2072//3216
f 2072//3217 2055//3217 2054//3217
f 2072//3218 2054//3218 2062//3218
f 2062//3219 2054//3219 2049//3219
f 1959//3220 1961//3220 2073//3220
f 2073//3221 1961//3221 2074//3221
f 2074//3222 1961//3222 1963//3222
f 2073//3223 2075//3223 1959//3223
f 1959//3224 2075//3224 2076//3224
f 1959//3225 2076//3225 2077//3225
f 1959//3226 2077//3226 1958//3226
f 1958//3227 2077//3227 2078//3227
f 1958//3228 2078//3228 1957//3228
f 1957//3229 2078//3229 2069//3229
f 1957//3230 2069//3230 1955//3230
f 2074//3231 2068//3231 2073//3231
f 2073//3232 2068//3232 2067//3232
f 2073//3233 2067//3233 2075//3233
f 2075//3234 2067//3234 2066//3234
f 2075//3235 2066//3235 2076//3235
f 2076//3236 2066//3236 2065//3236
f 2076//3237 2065//3237 2077//3237
f 2077//3238 2065//3238 2078//3238
f 2078//3239 2065//3239 2064//3239
f 2078//3240 2064//3240 2069//3240
f 2069//3241 2064//3241 2057//3241
f 1998//3242 2068//3242 1982//3242
f 1982//3243 2068//3243 2079//3243
f 1982//3244 2079//3244 1980//3244
f 2080//3245 1975//3245 1977//3245
f 2080//3246 1977//3246 1979//3246
f 2080//3247 1979//3247 2079//3247
f 2079//3248 1979//3248 1980//3248
f 1969//3249 1975//3249 2080//3249
f 2080//3250 2079//3250 2081//3250
f 1937//3251 2039//3251 2082//3251
f 1970//3252 1972//3252 2082//3252
f 2082//3253 1972//3253 1974//3253
f 1970//3254 2082//3254 2041//3254
f 2039//3255 2038//3255 2082//3255
f 2082//3256 2038//3256 2035//3256
f 2082//3257 2035//3257 2041//3257
f 2079//3258 2068//3258 2074//3258
f 1974//3259 1967//3259 2082//3259
f 2082//3260 1967//3260 1969//3260
f 2082//3261 1969//3261 2080//3261
f 1937//3262 2082//3262 2083//3262
f 2083//3263 2082//3263 2080//3263
f 2079//3264 2074//3264 2081//3264
f 2081//3265 2074//3265 1963//3265
f 2081//3266 1963//3266 1965//3266
f 2080//3267 2081//3267 2083//3267
f 2083//3268 2081//3268 1965//3268
f 2083//3269 1965//3269 1937//3269
f 2018//3270 2012//3270 2084//3270
f 2084//3271 2012//3271 2085//3271
f 2086//3272 2017//3272 2018//3272
f 2086//3273 2018//3273 2084//3273
f 2017//3274 2086//3274 2016//3274
f 2016//3275 2086//3275 2014//3275
f 2008//3276 2087//3276 2088//3276
f 2088//3277 2005//3277 2008//3277
f 2089//3278 2001//3278 2090//3278
f 2090//3279 2001//3279 2003//3279
f 2090//3280 2003//3280 2088//3280
f 2088//3281 2003//3281 2005//3281
f 2001//3282 2089//3282 2004//3282
f 2004//3283 2089//3283 2085//3283
f 2004//3284 2085//3284 2012//3284
f 2091//3285 2029//3285 2021//3285
f 2091//3286 2021//3286 2023//3286
f 2091//3287 2033//3287 2032//3287
f 2032//3288 2030//3288 2091//3288
f 2091//3289 2030//3289 2029//3289
f 2092//3290 1933//3290 2033//3290
f 1933//3291 2093//3291 1938//3291
f 1938//3292 2093//3292 2094//3292
f 2092//3293 2093//3293 1933//3293
f 2092//3294 2033//3294 2091//3294
f 2092//3295 2091//3295 2014//3295
f 2014//3296 2091//3296 2023//3296
f 2085//3297 2094//3297 2084//3297
f 2084//3298 2094//3298 2093//3298
f 2084//3299 2093//3299 2086//3299
f 2086//3300 2093//3300 2092//3300
f 2086//3301 2092//3301 2014//3301
f 2087//3302 2008//3302 2095//3302
f 2008//3303 1984//3303 2095//3303
f 2095//3304 1984//3304 2096//3304
f 2096//3305 1984//3305 1986//3305
f 2096//3306 1986//3306 2097//3306
f 2097//3307 1986//3307 2098//3307
f 2098//3308 1986//3308 1989//3308
f 1940//3309 2101//3309 1942//3309
f 1942//3310 2101//3310 2102//3310
f 1942//3311 2102//3311 2103//3311
f 1942//3312 2103//3312 1944//3312
f 1944//3313 2103//3313 2104//3313
f 1944//3314 2104//3314 2099//3314
f 1944//3315 2099//3315 1949//3315
f 1940//3316 1938//3316 2101//3316
f 2101//3317 1938//3317 2094//3317
f 2099//3318 2100//3318 1949//3318
f 2087//3319 2100//3319 2088//3319
f 2088//3320 2100//3320 2099//3320
f 2088//3321 2099//3321 2104//3321
f 2088//3322 2104//3322 2090//3322
f 2090//3323 2104//3323 2103//3323
f 2090//3324 2103//3324 2102//3324
f 2090//3325 2102//3325 2089//3325
f 2089//3326 2102//3326 2101//3326
f 2089//3327 2101//3327 2085//3327
f 2085//3328 2101//3328 2094//3328
f 1995//3329 2105//3329 2106//3329
f 1983//3330 2107//3330 2105//3330
f 2105//3331 1995//3331 1983//3331
f 2106//3332 1991//3332 1993//3332
f 2106//3333 1993//3333 1995//3333
f 2108//3334 1991//3334 2106//3334
f 2098//3335 1989//3335 2108//3335
f 2108//3336 1989//3336 1991//3336
f 1952//3337 2111//3337 2112//3337
f 2109//3338 1953//3338 2112//3338
f 2112//3339 1953//3339 1952//3339
f 1952//3340 1949//3340 2111//3340
f 2111//3341 1949//3341 2100//3341
f 2109//3342 2110//3342 1953//3342
f 1953//3343 2110//3343 1956//3343
f 2098//3344 2110//3344 2097//3344
f 2097//3345 2110//3345 2109//3345
f 2097//3346 2109//3346 2096//3346
f 2096//3347 2109//3347 2112//3347
f 2096//3348 2112//3348 2095//3348
f 2095//3349 2112//3349 2111//3349
f 2095//3350 2111//3350 2087//3350
f 2087//3351 2111//3351 2100//3351
f 1956//3352 2115//3352 2116//3352
f 1956//3353 2116//3353 1960//3353
f 1960//3354 2116//3354 2117//3354
f 1960//3355 2117//3355 2118//3355
f 1960//3356 2118//3356 1962//3356
f 1962//3357 2118//3357 2113//3357
f 2113//3358 1964//3358 1962//3358
f 2110//3359 2115//3359 1956//3359
f 2113//3360 2114//3360 1964//3360
f 2107//3361 2114//3361 2105//3361
f 2105//3362 2114//3362 2113//3362
f 2105//3363 2113//3363 2118//3363
f 2105//3364 2118//3364 2106//3364
f 2106//3365 2118//3365 2117//3365
f 2106//3366 2117//3366 2116//3366
f 2106//3367 2116//3367 2108//3367
f 2108//3368 2116//3368 2115//3368
f 2108//3369 2115//3369 2098//3369
f 2098//3370 2115//3370 2110//3370
f 1976//3371 1968//3371 2119//3371
f 2119//3372 1978//3372 1976//3372
f 1978//3373 2119//3373 1981//3373
f 1981//3374 2119//3374 2120//3374
f 1981//3375 2120//3375 2107//3375
f 1981//3376 2107//3376 1983//3376
f 1936//3377 2121//3377 2036//3377
f 2036//3378 2121//3378 2122//3378
f 2036//3379 2122//3379 2037//3379
f 2122//3380 2040//3380 2037//3380
f 1971//3381 2042//3381 2122//3381
f 2122//3382 2042//3382 2040//3382
f 1968//3383 1973//3383 2123//3383
f 2123//3384 1973//3384 1971//3384
f 1966//3385 2124//3385 2121//3385
f 1966//3386 2121//3386 1936//3386
f 1966//3387 1964//3387 2124//3387
f 2124//3388 1964//3388 2114//3388
f 1971//3389 2122//3389 2123//3389
f 2123//3390 2122//3390 2121//3390
f 2124//3391 2114//3391 2107//3391
f 2107//3392 2120//3392 2124//3392
f 2124//3393 2120//3393 2119//3393
f 2124//3394 2119//3394 2121//3394
f 2121//3395 2119//3395 2123//3395
f 2123//3396 2119//3396 1968//3396
f 2125//3397 2126//3397 2127//3397
f 2125//3398 2127//3398 1932//3398
f 2125//3399 2128//3399 2126//3399
f 2126//3400 2128//3400 2129//3400
f 2130//3401 2131//3401 2132//3401
f 2130//3402 2132//3402 2133//3402
f 2128//3403 2131//3403 2129//3403
f 2129//3404 2131//3404 2130//3404
f 2134//3405 2135//3405 2130//3405
f 2134//3406 2130//3406 2133//3406
f 2136//3407 2022//3407 2134//3407
f 2134//3408 2022//3408 2135//3408
f 2137//3409 2138//3409 2136//3409
f 2136//3410 2138//3410 2139//3410
f 2136//3411 2139//3411 2022//3411
f 2138//3412 2137//3412 2140//3412
f 2140//3413 2137//3413 2141//3413
f 2141//3414 2142//3414 2140//3414
f 2140//3415 2142//3415 2143//3415
f 2143//3416 2142//3416 2144//3416
f 2143//3417 2144//3417 2145//3417
f 2145//3418 2144//3418 2146//3418
f 2144//3419 2147//3419 2146//3419
f 2146//3420 2147//3420 2148//3420
f 2146//3421 2148//3421 2149//3421
f 2152//3422 2153//3422 2154//3422
f 2153//3423 2155//3423 2156//3423
f 2153//3424 2156//3424 2154//3424
f 2152//3425 2154//3425 2157//3425
f 2157//3426 2158//3426 2152//3426
f 2158//3427 2157//3427 2150//3427
f 2158//3428 2150//3428 2159//3428
f 2159//3429 2150//3429 2151//3429
f 2159//3430 2151//3430 2160//3430
f 2160//3431 2151//3431 1970//3431
f 2161//3432 2162//3432 1970//3432
f 2161//3433 1970//3433 2163//3433
f 2163//3434 1970//3434 2151//3434
f 2164//3435 2165//3435 2161//3435
f 2161//3436 2165//3436 2162//3436
f 2164//3437 2166//3437 2165//3437
f 2165//3438 2166//3438 2167//3438
f 2167//3439 2166//3439 2168//3439
f 2167//3440 2168//3440 2169//3440
f 2169//3441 2168//3441 2170//3441
f 2168//3442 2171//3442 2170//3442
f 2170//3443 2171//3443 1937//3443
f 1937//3444 2171//3444 2172//3444
f 2125//3445 1932//3445 2173//3445
f 2173//3446 1932//3446 2174//3446
f 2175//3447 1937//3447 2176//3447
f 2176//3448 1937//3448 2172//3448
f 2177//3005 1959//3005 2178//3005
f 2178//1646 1959//1646 2179//1646
f 1941//1278 2180//1278 2181//1278
f 2174//3449 1932//3449 2182//3449
f 2174//1278 2182//1278 2183//1278
f 2183//1278 2182//1278 1935//1278
f 2183//1278 1935//1278 2181//1278
f 2181//1278 1935//1278 2184//1278
f 2181//1278 2184//1278 1941//1278
f 2179//3450 1963//3450 2178//3450
f 2178//3005 1963//3005 2175//3005
f 2175//3451 1963//3451 2185//3451
f 2175//3452 2185//3452 1937//3452
f 2186//1278 2187//1278 1955//1278
f 1941//3453 1945//3453 2180//3453
f 2180//3007 1945//3007 2188//3007
f 1955//1278 1958//1278 2186//1278
f 2186//1278 1958//1278 2177//1278
f 2177//1278 1958//1278 2189//1278
f 2177//1499 2189//1499 1959//1499
f 1945//3454 1950//3454 2188//3454
f 2188//1645 1950//1645 2190//1645
f 2190//1645 1950//1645 2191//1645
f 2190//1278 2191//1278 2192//1278
f 2191//1278 1947//1278 2192//1278
f 2192//1278 1947//1278 1946//1278
f 2192//1278 1946//1278 2187//1278
f 2187//1278 1946//1278 1955//1278
f 2156//3455 2155//3455 2193//3455
f 2193//3456 2155//3456 2194//3456
f 2195//3457 2149//3457 2196//3457
f 2196//3458 2149//3458 2148//3458
f 2197//3008 2198//3008 2195//3008
f 2195//3451 2198//3451 2199//3451
f 2195//3459 2199//3459 2149//3459
f 2200//1278 2201//1278 2202//1278
f 2194//3460 2155//3460 2203//3460
f 2194//1278 2203//1278 2204//1278
f 2204//1278 2203//1278 2205//1278
f 2204//1278 2205//1278 2202//1278
f 2202//3450 2205//3450 2206//3450
f 2202//1278 2206//1278 2200//1278
f 2207//1278 2208//1278 2209//1278
f 2200//1278 2210//1278 2201//1278
f 2201//1278 2210//1278 2211//1278
f 2211//1278 2210//1278 2212//1278
f 2211//1278 2212//1278 2213//1278
f 2209//1278 2214//1278 2207//1278
f 2207//1278 2214//1278 2215//1278
f 2207//1278 2215//1278 2216//1278
f 2216//1278 2215//1278 2217//1278
f 2216//1278 2217//1278 2197//1278
f 2197//3008 2217//3008 2198//3008
f 2213//1278 2212//1278 2218//1278
f 2213//1278 2218//1278 2219//1278
f 2219//1278 2218//1278 2208//1278
f 2208//1278 2218//1278 2220//1278
f 2208//1278 2220//1278 2209//1278
f 1974//3461 1969//3461 2221//3461
f 1969//3462 2222//3462 2223//3462
f 2221//3463 1969//3463 2223//3463
f 1969//3464 2224//3464 2222//3464
f 2222//3465 2224//3465 2225//3465
f 2225//3466 2224//3466 1977//3466
f 2227//3467 2226//3467 2228//3467
f 2225//3468 1977//3468 2228//3468
f 2228//3469 1977//3469 2229//3469
f 2228//3470 2229//3470 2227//3470
f 2226//3471 2227//3471 2230//3471
f 2230//3472 2227//3472 1982//3472
f 2230//3473 1982//3473 2231//3473
f 2231//3474 1982//3474 1998//3474
f 2231//3475 1998//3475 2232//3475
f 2233//3476 2231//3476 2234//3476
f 2231//3477 2232//3477 1996//3477
f 2231//3478 1996//3478 2234//3478
f 2236//3479 2237//3479 2235//3479
f 2235//3480 2237//3480 1992//3480
f 1992//3481 2237//3481 2238//3481
f 1992//3482 2238//3482 2234//3482
f 2234//3483 2238//3483 2233//3483
f 2236//3484 2235//3484 1990//3484
f 2236//3485 1990//3485 2239//3485
f 1985//3486 2239//3486 1987//3486
f 1987//3487 2239//3487 2240//3487
f 2240//3488 2239//3488 1990//3488
f 2160//3489 1970//3489 1974//3489
f 2160//3490 1974//3490 2221//3490
f 2241//3491 2246//3491 2242//3491
f 2243//3492 2244//3492 2011//3492
f 2246//3493 2245//3493 2026//3493
f 2246//3494 2026//3494 2025//3494
f 2242//3495 2246//3495 2025//3495
f 2247//3496 2019//3496 2248//3496
f 2247//3497 2248//3497 2249//3497
f 2246//3498 2250//3498 2245//3498
f 2245//3499 2250//3499 2249//3499
f 2245//3500 2249//3500 2248//3500
f 2251//3501 2252//3501 2019//3501
f 2019//3502 2252//3502 2253//3502
f 2019//3503 2247//3503 2251//3503
f 2244//3504 2254//3504 2011//3504
f 2253//3505 2252//3505 2011//3505
f 2011//3506 2252//3506 2243//3506
f 2254//3507 2244//3507 2000//3507
f 2000//3508 2244//3508 2256//3508
f 2000//3509 2256//3509 2255//3509
f 2006//3510 2257//3510 2258//3510
f 2257//3511 2006//3511 2255//3511
f 2255//3512 2006//3512 2000//3512
f 2239//3513 1985//3513 2259//3513
f 2259//3514 1985//3514 2260//3514
f 2259//3515 2260//3515 2009//3515
f 2259//3516 2009//3516 2257//3516
f 2257//3517 2009//3517 2258//3517
f 2241//3518 2242//3518 2022//3518
f 2241//3519 2022//3519 2139//3519
f 2261//2054 2262//2054 2263//2054
f 2264//3520 2265//3520 2262//3520
f 2262//2054 2261//2054 2266//2054
f 2267//3521 2269//3521 2262//3521
f 2262//2054 2269//2054 2263//2054
f 2267//3522 2268//3522 2269//3522
f 2262//2054 2266//2054 2270//2054
f 2270//3523 2271//3523 2262//3523
f 2262//3524 2271//3524 2264//3524
f 2272//2007 2273//2007 2274//2007
f 2275//2008 2276//2008 2277//2008
f 2277//2008 2276//2008 2278//2008
f 2274//2008 2273//2008 2276//2008
f 2276//2008 2273//2008 2278//2008
f 2280//3525 2281//3525 2282//3525
f 2275//3526 2283//3526 2276//3526
f 2276//3527 2283//3527 2281//3527
f 2281//3528 2283//3528 2282//3528
f 2274//3529 2279//3529 2272//3529
f 2366//3530 2285//3530 2262//3530
f 2267//3531 2262//3531 2285//3531
f 2267//3532 2285//3532 2288//3532
f 2288//3533 2285//3533 2284//3533
f 2288//3534 2284//3534 2287//3534
f 2287//3535 2284//3535 2286//3535
f 2286//3536 2284//3536 2555//3536
f 2290//3537 2291//3537 2293//3537
f 2290//3538 2293//3538 2294//3538
f 2294//3539 2295//3539 2288//3539
f 2288//3540 2295//3540 2267//3540
f 2289//3541 2290//3541 2294//3541
f 2289//3542 2294//3542 2296//3542
f 2296//3543 2294//3543 2288//3543
f 2296//3544 2288//3544 2287//3544
f 2297//3545 2291//3545 2298//3545
f 2298//3546 2291//3546 2290//3546
f 2298//3547 2290//3547 2292//3547
f 2292//3548 2290//3548 2289//3548
f 2296//3549 2287//3549 2286//3549
f 2299//3550 2298//3550 2292//3550
f 2299//3551 2292//3551 2300//3551
f 2269//3552 2268//3552 2310//3552
f 2263//3553 2269//3553 2312//3553
f 2261//3554 2263//3554 2314//3554
f 2266//3555 2261//3555 2316//3555
f 2270//3556 2266//3556 2318//3556
f 2271//3557 2270//3557 2320//3557
f 2264//3558 2271//3558 2321//3558
f 2265//3559 2264//3559 2323//3559
f 2265//3560 2323//3560 2324//3560
f 2324//3561 2323//3561 2325//3561
f 2324//3562 2325//3562 2326//3562
f 2326//3563 2325//3563 2327//3563
f 2326//3564 2327//3564 2328//3564
f 2329//3565 2330//3565 2327//3565
f 2327//3566 2330//3566 2328//3566
f 2297//3567 2331//3567 2291//3567
f 2291//3568 2331//3568 2332//3568
f 2291//3569 2332//3569 2293//3569
f 2293//3570 2332//3570 2333//3570
f 2293//3571 2333//3571 2294//3571
f 2294//3572 2333//3572 2309//3572
f 2294//3573 2309//3573 2295//3573
f 2295//3574 2309//3574 2268//3574
f 2295//3575 2268//3575 2267//3575
f 2264//3576 2322//3576 2323//3576
f 2323//3577 2322//3577 2336//3577
f 2323//3577 2336//3577 2325//3577
f 2325//3578 2336//3578 2334//3578
f 2325//3578 2334//3578 2327//3578
f 2327//3579 2334//3579 2335//3579
f 2327//3580 2335//3580 2329//3580
f 2264//3581 2321//3581 2322//3581
f 2322//3582 2321//3582 2337//3582
f 2322//3582 2337//3582 2336//3582
f 2336//3583 2337//3583 2338//3583
f 2336//3583 2338//3583 2334//3583
f 2334//3584 2338//3584 2339//3584
f 2334//3585 2339//3585 2335//3585
f 2271//3586 2320//3586 2321//3586
f 2321//3587 2320//3587 2340//3587
f 2321//3587 2340//3587 2337//3587
f 2337//3588 2340//3588 2308//3588
f 2337//3588 2308//3588 2338//3588
f 2338//3589 2308//3589 2307//3589
f 2338//3590 2307//3590 2339//3590
f 2270//3591 2319//3591 2320//3591
f 2320//3592 2319//3592 2341//3592
f 2320//3592 2341//3592 2340//3592
f 2340//3593 2341//3593 2342//3593
f 2340//3593 2342//3593 2308//3593
f 2308//3594 2342//3594 2343//3594
f 2308//3595 2343//3595 2307//3595
f 2270//3596 2318//3596 2319//3596
f 2319//3597 2318//3597 2346//3597
f 2319//3598 2346//3598 2341//3598
f 2341//3599 2346//3599 2344//3599
f 2341//3600 2344//3600 2342//3600
f 2342//3601 2344//3601 2345//3601
f 2342//3602 2345//3602 2343//3602
f 2266//3603 2317//3603 2318//3603
f 2318//3604 2317//3604 2347//3604
f 2318//3604 2347//3604 2346//3604
f 2346//3605 2347//3605 2306//3605
f 2346//3605 2306//3605 2344//3605
f 2344//3606 2306//3606 2305//3606
f 2344//3607 2305//3607 2345//3607
f 2266//3608 2316//3608 2317//3608
f 2317//3609 2316//3609 2348//3609
f 2317//3609 2348//3609 2347//3609
f 2347//3610 2348//3610 2349//3610
f 2347//3610 2349//3610 2306//3610
f 2306//3611 2349//3611 2350//3611
f 2306//3612 2350//3612 2305//3612
f 2261//3613 2315//3613 2316//3613
f 2316//3614 2315//3614 2353//3614
f 2316//3614 2353//3614 2348//3614
f 2348//3615 2353//3615 2351//3615
f 2348//3615 2351//3615 2349//3615
f 2349//3616 2351//3616 2352//3616
f 2349//3617 2352//3617 2350//3617
f 2261//3618 2314//3618 2315//3618
f 2315//3619 2314//3619 2354//3619
f 2315//3619 2354//3619 2353//3619
f 2353//3620 2354//3620 2304//3620
f 2353//3620 2304//3620 2351//3620
f 2351//3621 2304//3621 2303//3621
f 2351//3622 2303//3622 2352//3622
f 2263//3623 2313//3623 2314//3623
f 2314//3624 2313//3624 2355//3624
f 2314//3624 2355//3624 2354//3624
f 2354//3625 2355//3625 2356//3625
f 2354//3625 2356//3625 2304//3625
f 2304//3626 2356//3626 2357//3626
f 2304//3627 2357//3627 2303//3627
f 2358//3628 2359//3628 2360//3628
f 2263//3629 2312//3629 2313//3629
f 2313//3630 2312//3630 2361//3630
f 2313//3630 2361//3630 2355//3630
f 2355//3631 2361//3631 2358//3631
f 2355//3631 2358//3631 2356//3631
f 2356//3632 2358//3632 2360//3632
f 2356//3633 2360//3633 2357//3633
f 2269//3634 2311//3634 2312//3634
f 2312//3635 2311//3635 2362//3635
f 2312//3635 2362//3635 2361//3635
f 2361//3636 2362//3636 2363//3636
f 2361//3636 2363//3636 2358//3636
f 2358//3637 2363//3637 2364//3637
f 2358//3637 2364//3637 2359//3637
f 2269//3638 2310//3638 2311//3638
f 2311//3639 2310//3639 2365//3639
f 2311//3639 2365//3639 2362//3639
f 2362//3640 2365//3640 2302//3640
f 2362//3640 2302//3640 2363//3640
f 2363//3641 2302//3641 2301//3641
f 2363//3642 2301//3642 2364//3642
f 2268//3643 2309//3643 2310//3643
f 2310//3644 2309//3644 2333//3644
f 2310//3644 2333//3644 2365//3644
f 2365//3645 2333//3645 2332//3645
f 2365//3645 2332//3645 2302//3645
f 2302//3646 2332//3646 2331//3646
f 2302//3647 2331//3647 2301//3647
f 2367//3648 2284//3648 2369//3648
f 2369//3649 2284//3649 2366//3649
f 2369//3650 2366//3650 2265//3650
f 2265//3651 2366//3651 2262//3651
f 2367//3652 2368//3652 2284//3652
f 2284//3653 2368//3653 2555//3653
f 2285//3654 2366//3654 2284//3654
f 2372//3655 2371//3655 2373//3655
f 2368//3656 2367//3656 2374//3656
f 2374//3657 2375//3657 2376//3657
f 2369//3658 2265//3658 2324//3658
f 2369//3659 2324//3659 2377//3659
f 2377//3660 2324//3660 2326//3660
f 2377//3661 2326//3661 2328//3661
f 2377//3662 2328//3662 2378//3662
f 2378//3663 2328//3663 2330//3663
f 2378//3664 2330//3664 2370//3664
f 2378//3665 2370//3665 2371//3665
f 2367//3666 2369//3666 2377//3666
f 2367//3667 2377//3667 2374//3667
f 2374//3668 2377//3668 2378//3668
f 2374//3669 2378//3669 2375//3669
f 2375//3670 2378//3670 2371//3670
f 2375//3671 2371//3671 2372//3671
f 2375//3672 2372//3672 2376//3672
f 2382//3673 2380//3673 2379//3673
f 2380//3674 2381//3674 2379//3674
f 2379//3675 2381//3675 2559//3675
f 2379//3676 2383//3676 2382//3676
f 2382//3677 2383//3677 2281//3677
f 2281//3678 2383//3678 2276//3678
f 2381//3679 2380//3679 2386//3679
f 2381//3680 2386//3680 2387//3680
f 2387//3681 2386//3681 2388//3681
f 2387//3682 2388//3682 2389//3682
f 2382//3683 2281//3683 2384//3683
f 2382//3684 2384//3684 2393//3684
f 2393//3685 2384//3685 2385//3685
f 2393//3686 2385//3686 2390//3686
f 2393//3687 2390//3687 2394//3687
f 2394//3688 2390//3688 2391//3688
f 2394//3689 2391//3689 2392//3689
f 2394//3690 2392//3690 2395//3690
f 2380//3691 2382//3691 2393//3691
f 2380//3692 2393//3692 2386//3692
f 2386//3693 2393//3693 2394//3693
f 2386//3694 2394//3694 2388//3694
f 2388//3695 2394//3695 2395//3695
f 2388//3696 2395//3696 2396//3696
f 2388//3697 2396//3697 2389//3697
f 2379//3698 2559//3698 2397//3698
f 2274//3699 2276//3699 2399//3699
f 2399//3700 2276//3700 2383//3700
f 2399//3701 2383//3701 2398//3701
f 2398//3702 2383//3702 2379//3702
f 2379//3703 2397//3703 2398//3703
f 2399//3704 2398//3704 2400//3704
f 2274//3705 2399//3705 2401//3705
f 2403//3706 2404//3706 2406//3706
f 2403//3707 2406//3707 2407//3707
f 2403//3708 2407//3708 2408//3708
f 2408//3709 2407//3709 2401//3709
f 2408//3710 2401//3710 2400//3710
f 2400//3711 2401//3711 2399//3711
f 2402//3712 2403//3712 2408//3712
f 2409//3713 2404//3713 2410//3713
f 2410//3714 2404//3714 2403//3714
f 2410//3715 2403//3715 2405//3715
f 2405//3716 2403//3716 2402//3716
f 2411//3717 2402//3717 2408//3717
f 2408//3718 2400//3718 2397//3718
f 2397//3719 2400//3719 2398//3719
f 2396//3720 2395//3720 2412//3720
f 2413//3721 2410//3721 2405//3721
f 2413//3722 2405//3722 2414//3722
f 2401//3723 2407//3723 2415//3723
f 2404//3724 2409//3724 2416//3724
f 2391//3725 2390//3725 2417//3725
f 2385//3726 2384//3726 2418//3726
f 2406//3727 2404//3727 2419//3727
f 2401//3728 2415//3728 2274//3728
f 2419//3729 2404//3729 2416//3729
f 2419//3730 2416//3730 2420//3730
f 2420//3730 2416//3730 2421//3730
f 2420//3731 2421//3731 2422//3731
f 2422//3731 2421//3731 2423//3731
f 2422//3732 2423//3732 2424//3732
f 2424//3732 2423//3732 2425//3732
f 2424//3733 2425//3733 2426//3733
f 2426//3733 2425//3733 2427//3733
f 2426//3734 2427//3734 2428//3734
f 2428//3734 2427//3734 2429//3734
f 2428//3735 2429//3735 2430//3735
f 2430//3736 2429//3736 2431//3736
f 2430//3737 2431//3737 2432//3737
f 2432//3737 2431//3737 2433//3737
f 2432//3738 2433//3738 2434//3738
f 2434//3738 2433//3738 2435//3738
f 2434//3739 2435//3739 2436//3739
f 2436//3740 2435//3740 2437//3740
f 2436//3741 2437//3741 2438//3741
f 2438//3742 2437//3742 2439//3742
f 2438//3743 2439//3743 2440//3743
f 2440//3744 2439//3744 2441//3744
f 2440//3745 2441//3745 2442//3745
f 2442//3746 2441//3746 2443//3746
f 2442//3747 2443//3747 2444//3747
f 2444//3747 2443//3747 2445//3747
f 2444//3748 2445//3748 2446//3748
f 2446//3748 2445//3748 2447//3748
f 2446//3749 2447//3749 2448//3749
f 2448//3749 2447//3749 2449//3749
f 2448//3750 2449//3750 2450//3750
f 2450//3751 2449//3751 2451//3751
f 2450//3752 2451//3752 2452//3752
f 2452//3752 2451//3752 2453//3752
f 2452//3753 2453//3753 2454//3753
f 2454//3753 2453//3753 2455//3753
f 2454//3754 2455//3754 2456//3754
f 2456//3754 2455//3754 2457//3754
f 2456//3755 2457//3755 2417//3755
f 2417//3756 2457//3756 2458//3756
f 2417//3757 2458//3757 2391//3757
f 2415//3758 2407//3758 2406//3758
f 2415//3759 2406//3759 2459//3759
f 2459//3760 2406//3760 2419//3760
f 2459//3761 2419//3761 2460//3761
f 2460//3761 2419//3761 2420//3761
f 2460//3762 2420//3762 2461//3762
f 2461//3762 2420//3762 2422//3762
f 2461//3763 2422//3763 2462//3763
f 2462//3763 2422//3763 2424//3763
f 2462//3764 2424//3764 2463//3764
f 2463//3764 2424//3764 2426//3764
f 2463//3765 2426//3765 2464//3765
f 2464//3765 2426//3765 2428//3765
f 2464//3766 2428//3766 2465//3766
f 2465//3766 2428//3766 2430//3766
f 2465//3767 2430//3767 2466//3767
f 2466//3767 2430//3767 2432//3767
f 2466//3768 2432//3768 2467//3768
f 2467//3768 2432//3768 2434//3768
f 2467//3769 2434//3769 2468//3769
f 2468//3769 2434//3769 2436//3769
f 2468//3770 2436//3770 2469//3770
f 2469//3770 2436//3770 2438//3770
f 2469//3771 2438//3771 2470//3771
f 2470//3771 2438//3771 2440//3771
f 2470//3772 2440//3772 2471//3772
f 2471//3772 2440//3772 2442//3772
f 2471//3773 2442//3773 2472//3773
f 2472//3773 2442//3773 2444//3773
f 2472//3774 2444//3774 2473//3774
f 2473//3774 2444//3774 2446//3774
f 2473//3775 2446//3775 2474//3775
f 2474//3775 2446//3775 2448//3775
f 2474//3776 2448//3776 2475//3776
f 2475//3776 2448//3776 2450//3776
f 2475//3777 2450//3777 2476//3777
f 2476//3777 2450//3777 2452//3777
f 2476//3778 2452//3778 2477//3778
f 2477//3779 2452//3779 2454//3779
f 2477//3780 2454//3780 2478//3780
f 2478//3780 2454//3780 2456//3780
f 2478//3781 2456//3781 2418//3781
f 2418//3781 2456//3781 2417//3781
f 2418//3782 2417//3782 2385//3782
f 2385//3783 2417//3783 2390//3783
f 2384//3784 2281//3784 2418//3784
f 2418//3785 2281//3785 2280//3785
f 2418//3786 2280//3786 2478//3786
f 2478//3787 2280//3787 2477//3787
f 2477//3788 2280//3788 2476//3788
f 2476//3789 2280//3789 2282//3789
f 2476//3790 2282//3790 2475//3790
f 2475//3791 2282//3791 2474//3791
f 2474//3792 2282//3792 2283//3792
f 2474//3793 2283//3793 2473//3793
f 2473//3794 2283//3794 2472//3794
f 2472//3795 2283//3795 2471//3795
f 2471//3796 2283//3796 2275//3796
f 2471//3797 2275//3797 2470//3797
f 2470//3798 2275//3798 2469//3798
f 2469//3799 2275//3799 2277//3799
f 2469//3800 2277//3800 2468//3800
f 2468//3801 2277//3801 2467//3801
f 2467//3802 2277//3802 2466//3802
f 2466//3803 2277//3803 2278//3803
f 2466//3804 2278//3804 2465//3804
f 2465//3805 2278//3805 2464//3805
f 2464//3806 2278//3806 2273//3806
f 2464//3807 2273//3807 2463//3807
f 2463//3808 2273//3808 2462//3808
f 2462//3809 2273//3809 2272//3809
f 2462//3810 2272//3810 2461//3810
f 2461//3811 2272//3811 2460//3811
f 2460//3812 2272//3812 2279//3812
f 2460//3813 2279//3813 2459//3813
f 2459//3814 2279//3814 2415//3814
f 2415//3815 2279//3815 2274//3815
f 2286//3816 2557//3816 2479//3816
f 2292//3817 2289//3817 2480//3817
f 2480//3818 2289//3818 2296//3818
f 2300//3819 2292//3819 2481//3819
f 2481//3820 2292//3820 2480//3820
f 2481//3821 2480//3821 2482//3821
f 2286//3822 2479//3822 2296//3822
f 2296//3823 2479//3823 2483//3823
f 2296//3824 2483//3824 2480//3824
f 2480//3825 2483//3825 2484//3825
f 2480//3826 2484//3826 2482//3826
f 2298//3827 2299//3827 2485//3827
f 2297//3828 2298//3828 2486//3828
f 2485//3829 2299//3829 2300//3829
f 2488//3830 2489//3830 2490//3830
f 2298//3831 2485//3831 2486//3831
f 2486//3832 2485//3832 2487//3832
f 2486//3833 2487//3833 2488//3833
f 2486//3834 2488//3834 2491//3834
f 2491//3835 2488//3835 2490//3835
f 2491//3836 2490//3836 2492//3836
f 2297//3837 2486//3837 2493//3837
f 2493//3838 2486//3838 2491//3838
f 2493//3839 2491//3839 2494//3839
f 2494//3840 2491//3840 2492//3840
f 2494//3841 2492//3841 2495//3841
f 2495//3842 2492//3842 2496//3842
f 2497//3843 2496//3843 2498//3843
f 2498//3844 2496//3844 2492//3844
f 2498//3845 2492//3845 2499//3845
f 2499//3846 2492//3846 2490//3846
f 2499//3847 2490//3847 2500//3847
f 2500//3848 2490//3848 2489//3848
f 2501//3849 2497//3849 2502//3849
f 2502//3850 2497//3850 2498//3850
f 2502//3851 2498//3851 2499//3851
f 2503//2890 2504//2890 2505//2890
f 2504//2890 2506//2890 2505//2890
f 2505//3852 2507//3852 2508//3852
f 2509//3853 2503//3853 2510//3853
f 2510//2890 2503//2890 2505//2890
f 2510//2890 2505//2890 2508//2890
f 2511//3854 2510//3854 2508//3854
f 2504//3855 2513//3855 2506//3855
f 2506//3856 2513//3856 2512//3856
f 2513//3857 2504//3857 2514//3857
f 2515//3858 2505//3858 2506//3858
f 2515//3859 2506//3859 2512//3859
f 2516//3860 2508//3860 2507//3860
f 2516//3861 2507//3861 2517//3861
f 2505//3862 2515//3862 2507//3862
f 2507//3863 2515//3863 2517//3863
f 2518//3864 2330//3864 2329//3864
f 2335//3865 2519//3865 2329//3865
f 2329//3866 2519//3866 2518//3866
f 2339//3867 2520//3867 2335//3867
f 2335//3868 2520//3868 2521//3868
f 2335//3869 2521//3869 2519//3869
f 2520//3870 2339//3870 2522//3870
f 2522//3871 2339//3871 2307//3871
f 2522//3872 2307//3872 2523//3872
f 2523//3873 2307//3873 2524//3873
f 2524//3874 2307//3874 2343//3874
f 2524//3875 2343//3875 2525//3875
f 2525//3876 2343//3876 2526//3876
f 2526//3877 2343//3877 2345//3877
f 2526//3878 2345//3878 2527//3878
f 2527//3879 2345//3879 2305//3879
f 2527//3880 2305//3880 2528//3880
f 2528//3881 2305//3881 2529//3881
f 2529//3882 2305//3882 2350//3882
f 2529//3883 2350//3883 2530//3883
f 2530//3884 2350//3884 2531//3884
f 2531//3885 2350//3885 2352//3885
f 2531//3886 2352//3886 2532//3886
f 2532//3887 2352//3887 2533//3887
f 2533//3888 2352//3888 2303//3888
f 2533//3889 2303//3889 2534//3889
f 2534//3890 2303//3890 2357//3890
f 2534//3891 2357//3891 2535//3891
f 2535//3892 2357//3892 2536//3892
f 2536//3893 2357//3893 2360//3893
f 2536//3894 2360//3894 2501//3894
f 2501//3895 2360//3895 2359//3895
f 2501//3896 2359//3896 2497//3896
f 2497//3897 2359//3897 2364//3897
f 2331//3898 2494//3898 2301//3898
f 2301//3899 2494//3899 2495//3899
f 2301//3900 2495//3900 2364//3900
f 2364//3901 2495//3901 2496//3901
f 2364//3902 2496//3902 2497//3902
f 2331//3903 2297//3903 2493//3903
f 2331//3904 2493//3904 2494//3904
f 2541//3905 2539//3905 2542//3905
f 2523//3906 2541//3906 2543//3906
f 2539//3907 2540//3907 2542//3907
f 2542//3908 2540//3908 2544//3908
f 2542//3909 2544//3909 2545//3909
f 2545//3910 2544//3910 2546//3910
f 2541//3911 2542//3911 2543//3911
f 2543//3912 2542//3912 2545//3912
f 2545//3913 2546//3913 2548//3913
f 2548//3914 2546//3914 2549//3914
f 2549//3915 2546//3915 2547//3915
f 2549//3916 2547//3916 2373//3916
f 2549//3917 2373//3917 2371//3917
f 2523//3918 2543//3918 2522//3918
f 2522//3919 2543//3919 2520//3919
f 2520//3920 2543//3920 2545//3920
f 2520//3921 2545//3921 2521//3921
f 2521//3922 2545//3922 2548//3922
f 2521//3923 2548//3923 2550//3923
f 2550//3924 2548//3924 2549//3924
f 2550//3925 2549//3925 2370//3925
f 2370//3926 2549//3926 2371//3926
f 2519//3927 2521//3927 2550//3927
f 2519//3928 2550//3928 2518//3928
f 2518//3929 2550//3929 2370//3929
f 2518//3930 2370//3930 2330//3930
f 2551//3931 2552//3931 2553//3931
f 2368//3932 2537//3932 2555//3932
f 2376//3933 2372//3933 2551//3933
f 2551//3934 2372//3934 2373//3934
f 2537//3935 2368//3935 2554//3935
f 2554//3936 2368//3936 2374//3936
f 2554//3937 2374//3937 2553//3937
f 2553//3938 2374//3938 2376//3938
f 2553//3939 2376//3939 2551//3939
f 2555//3940 2556//3940 2557//3940
f 2555//3941 2557//3941 2286//3941
f 2558//3942 2555//3942 2538//3942
f 2538//3943 2555//3943 2537//3943
f 2556//3944 2555//3944 2559//3944
f 2556//3944 2559//3944 2561//3944
f 2555//3945 2558//3945 2560//3945
f 2555//3007 2560//3007 2559//3007
f 2559//3946 2582//3946 2561//3946
f 2559//3947 2560//3947 2562//3947
f 2559//3454 2562//3454 2397//3454
f 2563//3948 2564//3948 2565//3948
f 2566//3949 2563//3949 2567//3949
f 2568//3950 2566//3950 2569//3950
f 2563//3951 2565//3951 2567//3951
f 2567//3952 2565//3952 2573//3952
f 2567//3953 2573//3953 2574//3953
f 2574//3954 2573//3954 2575//3954
f 2566//3955 2567//3955 2569//3955
f 2569//3956 2567//3956 2574//3956
f 2574//3957 2575//3957 2577//3957
f 2577//3958 2575//3958 2578//3958
f 2578//3959 2575//3959 2576//3959
f 2578//3960 2576//3960 2412//3960
f 2578//3961 2412//3961 2395//3961
f 2568//3962 2569//3962 2570//3962
f 2570//3963 2569//3963 2571//3963
f 2571//3964 2569//3964 2574//3964
f 2571//3965 2574//3965 2572//3965
f 2572//3966 2574//3966 2577//3966
f 2572//3967 2577//3967 2579//3967
f 2579//3968 2577//3968 2578//3968
f 2579//3969 2578//3969 2392//3969
f 2392//3970 2578//3970 2395//3970
f 2580//3971 2572//3971 2579//3971
f 2580//3972 2579//3972 2581//3972
f 2581//3973 2579//3973 2392//3973
f 2581//3974 2392//3974 2391//3974
f 2412//3975 2583//3975 2396//3975
f 2583//3976 2389//3976 2396//3976
f 2582//3977 2381//3977 2584//3977
f 2584//3978 2381//3978 2387//3978
f 2584//3979 2387//3979 2585//3979
f 2585//3980 2387//3980 2389//3980
f 2585//3981 2389//3981 2586//3981
f 2586//3982 2389//3982 2583//3982
f 2586//3983 2583//3983 2587//3983
f 2582//3984 2559//3984 2381//3984
f 2562//3985 2588//3985 2397//3985
f 2397//3986 2591//3986 2408//3986
f 2408//3987 2591//3987 2411//3987
f 2402//3988 2411//3988 2590//3988
f 2589//3989 2414//3989 2405//3989
f 2589//3990 2405//3990 2590//3990
f 2590//3991 2405//3991 2402//3991
f 2397//3992 2588//3992 2591//3992
f 2591//3993 2592//3993 2411//3993
f 2411//3994 2592//3994 2593//3994
f 2411//3995 2593//3995 2590//3995
f 2590//3996 2593//3996 2594//3996
f 2590//3997 2594//3997 2589//3997
f 2410//3998 2413//3998 2595//3998
f 2409//3999 2410//3999 2596//3999
f 2595//4000 2413//4000 2414//4000
f 2598//4001 2599//4001 2600//4001
f 2410//4002 2595//4002 2596//4002
f 2596//4003 2595//4003 2597//4003
f 2596//4004 2597//4004 2598//4004
f 2596//4005 2598//4005 2601//4005
f 2601//4006 2598//4006 2600//4006
f 2601//4007 2600//4007 2602//4007
f 2409//4008 2596//4008 2603//4008
f 2603//4009 2596//4009 2601//4009
f 2603//4010 2601//4010 2604//4010
f 2604//4011 2601//4011 2602//4011
f 2604//4012 2602//4012 2605//4012
f 2605//4013 2602//4013 2606//4013
f 2604//4014 2608//4014 2603//4014
f 2603//4015 2608//4015 2409//4015
f 2607//4016 2606//4016 2609//4016
f 2609//4017 2606//4017 2602//4017
f 2609//4018 2602//4018 2610//4018
f 2610//4019 2602//4019 2600//4019
f 2610//4020 2600//4020 2611//4020
f 2611//4021 2600//4021 2599//4021
f 2612//4022 2607//4022 2613//4022
f 2613//4023 2607//4023 2609//4023
f 2613//4024 2609//4024 2610//4024
f 2581//4025 2391//4025 2458//4025
f 2457//4026 2580//4026 2458//4026
f 2458//4027 2580//4027 2581//4027
f 2453//4028 2571//4028 2455//4028
f 2455//4029 2571//4029 2572//4029
f 2455//4030 2572//4030 2457//4030
f 2457//4031 2572//4031 2580//4031
f 2571//4032 2453//4032 2570//4032
f 2570//4033 2453//4033 2451//4033
f 2570//4034 2451//4034 2568//4034
f 2568//4035 2451//4035 2614//4035
f 2614//4036 2451//4036 2449//4036
f 2614//4037 2449//4037 2447//4037
f 2614//4038 2447//4038 2615//4038
f 2615//4039 2447//4039 2616//4039
f 2616//4040 2447//4040 2445//4040
f 2616//4041 2445//4041 2617//4041
f 2617//4042 2445//4042 2443//4042
f 2617//4043 2443//4043 2618//4043
f 2618//4044 2443//4044 2619//4044
f 2619//4045 2443//4045 2441//4045
f 2619//4046 2441//4046 2439//4046
f 2619//4047 2439//4047 2620//4047
f 2620//4048 2439//4048 2621//4048
f 2621//4049 2439//4049 2437//4049
f 2621//4050 2437//4050 2622//4050
f 2622//4051 2437//4051 2435//4051
f 2622//4052 2435//4052 2623//4052
f 2623//4053 2435//4053 2433//4053
f 2623//4054 2433//4054 2624//4054
f 2624//4055 2433//4055 2431//4055
f 2624//4056 2431//4056 2625//4056
f 2625//4057 2431//4057 2626//4057
f 2626//4058 2431//4058 2429//4058
f 2626//4059 2429//4059 2612//4059
f 2612//4060 2429//4060 2427//4060
f 2612//4061 2427//4061 2607//4061
f 2607//4062 2427//4062 2425//4062
f 2416//4063 2604//4063 2421//4063
f 2421//4064 2604//4064 2423//4064
f 2423//4065 2604//4065 2605//4065
f 2423//4066 2605//4066 2425//4066
f 2425//4067 2605//4067 2606//4067
f 2425//4068 2606//4068 2607//4068
f 2409//4069 2608//4069 2416//4069
f 2416//4070 2608//4070 2604//4070
f 2484//4071 2483//4071 2630//4071
f 2630//4072 2483//4072 2631//4072
f 2630//4073 2631//4073 2632//4073
f 2632//4074 2631//4074 2633//4074
f 2632//4075 2633//4075 2634//4075
f 2482//4076 2484//4076 2636//4076
f 2636//4077 2484//4077 2637//4077
f 2637//4078 2484//4078 2630//4078
f 2637//4079 2630//4079 2638//4079
f 2638//4080 2630//4080 2639//4080
f 2639//4081 2630//4081 2632//4081
f 2639//4082 2632//4082 2640//4082
f 2640//4083 2632//4083 2641//4083
f 2641//4084 2632//4084 2634//4084
f 2641//4085 2634//4085 2642//4085
f 2479//4086 2557//4086 2629//4086
f 2629//4087 2557//4087 2635//4087
f 2629//4088 2635//4088 2627//4088
f 2483//4089 2479//4089 2631//4089
f 2631//4090 2479//4090 2629//4090
f 2631//4091 2629//4091 2633//4091
f 2633//4092 2629//4092 2627//4092
f 2633//4093 2627//4093 2634//4093
f 2634//4094 2627//4094 2628//4094
f 2634//4095 2628//4095 2642//4095
f 2643//4096 2487//4096 2485//4096
f 2644//4097 2489//4097 2488//4097
f 2644//4098 2488//4098 2645//4098
f 2645//4099 2488//4099 2643//4099
f 2643//4100 2488//4100 2487//4100
f 2643//4101 2485//4101 2300//4101
f 2643//4102 2300//4102 2481//4102
f 2646//4103 2644//4103 2645//4103
f 2646//4104 2645//4104 2648//4104
f 2648//4105 2645//4105 2643//4105
f 2648//4106 2643//4106 2649//4106
f 2649//4107 2643//4107 2481//4107
f 2647//4108 2646//4108 2648//4108
f 2647//4109 2648//4109 2650//4109
f 2650//4110 2648//4110 2649//4110
f 2650//4111 2649//4111 2651//4111
f 2651//4112 2649//4112 2481//4112
f 2651//4113 2481//4113 2482//4113
f 2536//4114 2501//4114 2652//4114
f 2652//4115 2501//4115 2502//4115
f 2652//4116 2502//4116 2653//4116
f 2653//4117 2502//4117 2499//4117
f 2653//4118 2499//4118 2500//4118
f 2535//4119 2536//4119 2652//4119
f 2534//4120 2535//4120 2654//4120
f 2654//4121 2535//4121 2652//4121
f 2654//4122 2652//4122 2653//4122
f 2654//4123 2653//4123 2655//4123
f 2655//4124 2653//4124 2500//4124
f 2654//4125 2655//4125 2656//4125
f 2654//4126 2656//4126 2657//4126
f 2654//4127 2657//4127 2534//4127
f 2534//4128 2657//4128 2533//4128
f 2532//4129 2533//4129 2657//4129
f 2531//4130 2532//4130 2658//4130
f 2658//4131 2532//4131 2657//4131
f 2658//4132 2657//4132 2659//4132
f 2659//4133 2657//4133 2656//4133
f 2659//4134 2656//4134 2660//4134
f 2660//4135 2656//4135 2655//4135
f 2530//4136 2531//4136 2661//4136
f 2661//4137 2531//4137 2658//4137
f 2661//4138 2658//4138 2659//4138
f 2508//4139 2516//4139 2663//4139
f 2508//4140 2663//4140 2511//4140
f 2511//4141 2663//4141 2662//4141
f 2664//4142 2510//4142 2665//4142
f 2665//4143 2510//4143 2511//4143
f 2665//4144 2511//4144 2662//4144
f 2666//4145 2509//4145 2510//4145
f 2666//4146 2510//4146 2664//4146
f 2503//4147 2667//4147 2668//4147
f 2509//4148 2666//4148 2669//4148
f 2509//4149 2669//4149 2503//4149
f 2503//4150 2669//4150 2667//4150
f 2503//4151 2668//4151 2670//4151
f 2503//4152 2670//4152 2504//4152
f 2504//4153 2670//4153 2514//4153
f 2671//4154 2672//4154 2673//4154
f 2668//4155 2671//4155 2670//4155
f 2671//4156 2673//4156 2670//4156
f 2670//4157 2673//4157 2674//4157
f 2675//4158 2674//4158 2676//4158
f 2676//4159 2674//4159 2673//4159
f 2675//4160 2677//4160 2674//4160
f 2674//4161 2677//4161 2514//4161
f 2670//4162 2674//4162 2514//4162
f 2513//4163 2514//4163 2678//4163
f 2678//4164 2514//4164 2677//4164
f 2678//4165 2677//4165 2675//4165
f 2678//4166 2675//4166 2679//4166
f 2678//4167 2679//4167 2513//4167
f 2513//4168 2679//4168 2512//4168
f 2515//4169 2512//4169 2680//4169
f 2680//4170 2512//4170 2679//4170
f 2680//4171 2679//4171 2681//4171
f 2681//4172 2679//4172 2675//4172
f 2682//4173 2680//4173 2681//4173
f 2683//4174 2682//4174 2684//4174
f 2680//4175 2682//4175 2683//4175
f 2515//4176 2680//4176 2683//4176
f 2515//4177 2683//4177 2517//4177
f 2517//4178 2683//4178 2684//4178
f 2517//4179 2684//4179 2516//4179
f 2685//4180 2516//4180 2684//4180
f 2685//4181 2684//4181 2686//4181
f 2663//4182 2516//4182 2685//4182
f 2663//4183 2685//4183 2687//4183
f 2687//4184 2685//4184 2686//4184
f 2662//4185 2663//4185 2688//4185
f 2688//4186 2663//4186 2689//4186
f 2689//4187 2663//4187 2687//4187
f 2661//4188 2659//4188 2690//4188
f 2530//4189 2661//4189 2691//4189
f 2659//4190 2660//4190 2690//4190
f 2690//4191 2660//4191 2692//4191
f 2690//4192 2692//4192 2693//4192
f 2693//4193 2692//4193 2694//4193
f 2694//4194 2692//4194 2540//4194
f 2694//4195 2540//4195 2539//4195
f 2661//4196 2690//4196 2691//4196
f 2691//4197 2690//4197 2693//4197
f 2693//4198 2694//4198 2695//4198
f 2695//4199 2694//4199 2539//4199
f 2695//4200 2539//4200 2696//4200
f 2696//4201 2539//4201 2541//4201
f 2530//4202 2691//4202 2529//4202
f 2529//4203 2691//4203 2528//4203
f 2528//4204 2691//4204 2693//4204
f 2528//4205 2693//4205 2527//4205
f 2527//4206 2693//4206 2695//4206
f 2527//4207 2695//4207 2526//4207
f 2526//4208 2695//4208 2525//4208
f 2525//4209 2695//4209 2696//4209
f 2525//4210 2696//4210 2524//4210
f 2524//4211 2696//4211 2541//4211
f 2524//4212 2541//4212 2523//4212
f 2537//4213 2554//4213 2699//4213
f 2699//4214 2554//4214 2700//4214
f 2698//4215 2538//4215 2701//4215
f 2701//4216 2538//4216 2699//4216
f 2701//4217 2699//4217 2700//4217
f 2553//4218 2552//4218 2702//4218
f 2553//4219 2702//4219 2703//4219
f 2703//4220 2702//4220 2704//4220
f 2703//4221 2704//4221 2705//4221
f 2703//4222 2705//4222 2706//4222
f 2706//4223 2705//4223 2707//4223
f 2706//4224 2707//4224 2708//4224
f 2706//4225 2708//4225 2709//4225
f 2709//4226 2708//4226 2710//4226
f 2709//4227 2710//4227 2711//4227
f 2699//4228 2538//4228 2537//4228
f 2554//4229 2553//4229 2700//4229
f 2700//4230 2553//4230 2703//4230
f 2700//4231 2703//4231 2701//4231
f 2701//4232 2703//4232 2706//4232
f 2701//4233 2706//4233 2698//4233
f 2698//4234 2706//4234 2709//4234
f 2698//4235 2709//4235 2697//4235
f 2697//4236 2709//4236 2711//4236
f 2551//4237 2373//4237 2712//4237
f 2546//4238 2714//4238 2712//4238
f 2714//4239 2546//4239 2715//4239
f 2715//4240 2546//4240 2544//4240
f 2373//4241 2547//4241 2712//4241
f 2712//4242 2547//4242 2546//4242
f 2676//4243 2715//4243 2544//4243
f 2676//4244 2544//4244 2675//4244
f 2675//4245 2544//4245 2540//4245
f 2713//4246 2716//4246 2717//4246
f 2713//4247 2717//4247 2718//4247
f 2718//4248 2717//4248 2719//4248
f 2718//4249 2719//4249 2720//4249
f 2720//4250 2719//4250 2552//4250
f 2720//4251 2552//4251 2551//4251
f 2676//4252 2713//4252 2715//4252
f 2715//4253 2713//4253 2718//4253
f 2715//4254 2718//4254 2714//4254
f 2714//4255 2718//4255 2720//4255
f 2714//4256 2720//4256 2712//4256
f 2712//4257 2720//4257 2551//4257
f 2721//4258 2722//4258 2723//4258
f 2721//4259 2723//4259 2724//4259
f 2724//4260 2723//4260 2725//4260
f 2726//4261 2727//4261 2728//4261
f 2726//4262 2728//4262 2729//4262
f 2729//4263 2728//4263 2730//4263
f 2729//4264 2730//4264 2721//4264
f 2721//4265 2730//4265 2722//4265
f 2731//4266 2726//4266 2732//4266
f 2732//4267 2726//4267 2729//4267
f 2732//4268 2729//4268 2733//4268
f 2733//4269 2729//4269 2721//4269
f 2733//4270 2721//4270 2734//4270
f 2734//4271 2721//4271 2735//4271
f 2735//4272 2721//4272 2724//4272
f 2736//4273 2731//4273 2737//4273
f 2737//4274 2731//4274 2738//4274
f 2738//4275 2731//4275 2732//4275
f 2738//4276 2732//4276 2739//4276
f 2739//4277 2732//4277 2733//4277
f 2739//4278 2733//4278 2740//4278
f 2740//4279 2733//4279 2734//4279
f 2740//4280 2734//4280 2741//4280
f 2741//4281 2734//4281 2735//4281
f 2742//4282 2743//4282 2744//4282
f 2744//4282 2743//4282 2745//4282
f 2744//4283 2745//4283 2746//4283
f 2746//4284 2745//4284 2747//4284
f 2746//4285 2747//4285 2748//4285
f 2748//4286 2747//4286 2749//4286
f 2748//4287 2749//4287 2628//4287
f 2628//4288 2749//4288 2642//4288
f 2750//4289 2742//4289 2751//4289
f 2751//4290 2742//4290 2744//4290
f 2751//4291 2744//4291 2752//4291
f 2752//4292 2744//4292 2746//4292
f 2752//4293 2746//4293 2748//4293
f 2752//4294 2748//4294 2627//4294
f 2627//4295 2748//4295 2628//4295
f 2556//4296 2750//4296 2751//4296
f 2556//4297 2751//4297 2557//4297
f 2557//4298 2751//4298 2752//4298
f 2557//4299 2752//4299 2635//4299
f 2635//4300 2752//4300 2627//4300
f 2753//4301 2558//4301 2538//4301
f 2754//4302 2558//4302 2755//4302
f 2755//4303 2558//4303 2753//4303
f 2755//4304 2753//4304 2698//4304
f 2698//4305 2753//4305 2538//4305
f 2756//4306 2754//4306 2757//4306
f 2757//4307 2754//4307 2758//4307
f 2758//4308 2754//4308 2755//4308
f 2758//4309 2755//4309 2759//4309
f 2759//4310 2755//4310 2697//4310
f 2697//4311 2755//4311 2698//4311
f 2760//4312 2756//4312 2761//4312
f 2761//4313 2756//4313 2757//4313
f 2761//4314 2757//4314 2762//4314
f 2762//4315 2757//4315 2758//4315
f 2762//4316 2758//4316 2763//4316
f 2763//4317 2758//4317 2759//4317
f 2763//4318 2759//4318 2711//4318
f 2711//4319 2759//4319 2697//4319
f 2764//4320 2765//4320 2766//4320
f 2764//4321 2766//4321 2767//4321
f 2767//4322 2766//4322 2768//4322
f 2724//4323 2725//4323 2769//4323
f 2724//4324 2769//4324 2764//4324
f 2764//4325 2769//4325 2765//4325
f 2735//4326 2724//4326 2770//4326
f 2770//4327 2724//4327 2771//4327
f 2771//4328 2724//4328 2764//4328
f 2771//4329 2764//4329 2772//4329
f 2772//4330 2764//4330 2773//4330
f 2773//4331 2764//4331 2767//4331
f 2741//4332 2735//4332 2774//4332
f 2774//4333 2735//4333 2770//4333
f 2774//4334 2770//4334 2775//4334
f 2775//4335 2770//4335 2771//4335
f 2775//4336 2771//4336 2776//4336
f 2776//4337 2771//4337 2772//4337
f 2776//4338 2772//4338 2777//4338
f 2777//4339 2772//4339 2773//4339
f 2777//4340 2773//4340 2778//4340
f 2779//4341 2780//4341 2781//4341
f 2781//4342 2780//4342 2782//4342
f 2781//4343 2782//4343 2783//4343
f 2781//4344 2783//4344 2784//4344
f 2784//4345 2783//4345 2785//4345
f 2784//4346 2785//4346 2742//4346
f 2742//4346 2785//4346 2743//4346
f 2786//4347 2779//4347 2787//4347
f 2787//4348 2779//4348 2781//4348
f 2787//4349 2781//4349 2750//4349
f 2750//4350 2781//4350 2784//4350
f 2750//4351 2784//4351 2742//4351
f 2788//4352 2786//4352 2787//4352
f 2788//4353 2787//4353 2556//4353
f 2556//4354 2787//4354 2750//4354
f 2561//4355 2788//4355 2556//4355
f 2789//4356 2560//4356 2790//4356
f 2790//4357 2560//4357 2558//4357
f 2790//4358 2558//4358 2754//4358
f 2791//4359 2789//4359 2792//4359
f 2792//4360 2789//4360 2793//4360
f 2793//4361 2789//4361 2790//4361
f 2793//4362 2790//4362 2756//4362
f 2756//4363 2790//4363 2754//4363
f 2794//4364 2791//4364 2795//4364
f 2795//4365 2791//4365 2792//4365
f 2795//4366 2792//4366 2796//4366
f 2796//4367 2792//4367 2793//4367
f 2796//4368 2793//4368 2797//4368
f 2797//4369 2793//4369 2760//4369
f 2760//4370 2793//4370 2756//4370
f 2798//4371 2799//4371 2800//4371
f 2800//4372 2799//4372 2801//4372
f 2800//4373 2801//4373 2802//4373
f 2802//4374 2801//4374 2803//4374
f 2802//4375 2803//4375 2804//4375
f 2804//4376 2803//4376 2805//4376
f 2804//4377 2805//4377 2779//4377
f 2779//4377 2805//4377 2780//4377
f 2806//4378 2798//4378 2807//4378
f 2807//4379 2798//4379 2800//4379
f 2807//4380 2800//4380 2802//4380
f 2807//4381 2802//4381 2786//4381
f 2786//4382 2802//4382 2804//4382
f 2786//4383 2804//4383 2779//4383
f 2808//4384 2806//4384 2561//4384
f 2561//4385 2806//4385 2807//4385
f 2561//4386 2807//4386 2788//4386
f 2788//4387 2807//4387 2786//4387
f 2810//4388 2809//4388 2811//4388
f 2811//4389 2809//4389 2562//4389
f 2811//4390 2562//4390 2812//4390
f 2812//4391 2562//4391 2789//4391
f 2789//4392 2562//4392 2560//4392
f 2813//4393 2810//4393 2814//4393
f 2814//4394 2810//4394 2811//4394
f 2814//4395 2811//4395 2815//4395
f 2815//4396 2811//4396 2812//4396
f 2815//4397 2812//4397 2816//4397
f 2816//4398 2812//4398 2791//4398
f 2791//4399 2812//4399 2789//4399
f 2817//4400 2813//4400 2818//4400
f 2818//4401 2813//4401 2814//4401
f 2818//4402 2814//4402 2819//4402
f 2819//4403 2814//4403 2815//4403
f 2819//4404 2815//4404 2820//4404
f 2820//4405 2815//4405 2816//4405
f 2820//4406 2816//4406 2794//4406
f 2794//4407 2816//4407 2791//4407
f 2823//4408 2821//4408 2824//4408
f 2620//4409 2823//4409 2825//4409
f 2821//4410 2822//4410 2824//4410
f 2824//4411 2822//4411 2826//4411
f 2824//4412 2826//4412 2827//4412
f 2827//4413 2826//4413 2828//4413
f 2828//4414 2826//4414 2564//4414
f 2828//4415 2564//4415 2563//4415
f 2823//4416 2824//4416 2825//4416
f 2825//4417 2824//4417 2827//4417
f 2827//4418 2828//4418 2829//4418
f 2829//4419 2828//4419 2563//4419
f 2829//4420 2563//4420 2830//4420
f 2830//4421 2563//4421 2566//4421
f 2620//4422 2825//4422 2619//4422
f 2619//4423 2825//4423 2618//4423
f 2618//4424 2825//4424 2827//4424
f 2618//4425 2827//4425 2617//4425
f 2617//4426 2827//4426 2829//4426
f 2617//4427 2829//4427 2616//4427
f 2616//4428 2829//4428 2615//4428
f 2615//4429 2829//4429 2830//4429
f 2615//4430 2830//4430 2614//4430
f 2614//4431 2830//4431 2566//4431
f 2614//4432 2566//4432 2568//4432
f 2565//4433 2831//4433 2573//4433
f 2573//4434 2831//4434 2575//4434
f 2832//4435 2576//4435 2575//4435
f 2832//4436 2575//4436 2833//4436
f 2833//4437 2575//4437 2831//4437
f 2832//4438 2583//4438 2412//4438
f 2832//4439 2412//4439 2576//4439
f 2587//4440 2583//4440 2834//4440
f 2583//4441 2832//4441 2834//4441
f 2834//4442 2832//4442 2833//4442
f 2834//4443 2833//4443 2835//4443
f 2835//4444 2833//4444 2831//4444
f 2835//4445 2831//4445 2836//4445
f 2587//4446 2834//4446 2837//4446
f 2837//4447 2834//4447 2835//4447
f 2837//4448 2835//4448 2838//4448
f 2838//4449 2835//4449 2836//4449
f 2838//4450 2836//4450 2839//4450
f 2806//4451 2808//4451 2840//4451
f 2840//4452 2808//4452 2582//4452
f 2841//4453 2842//4453 2843//4453
f 2843//4454 2842//4454 2844//4454
f 2843//4455 2844//4455 2799//4455
f 2841//4456 2840//4456 2845//4456
f 2845//4457 2840//4457 2846//4457
f 2845//4458 2846//4458 2586//4458
f 2586//4459 2846//4459 2585//4459
f 2840//4460 2841//4460 2806//4460
f 2806//4461 2841//4461 2843//4461
f 2806//4462 2843//4462 2798//4462
f 2798//4463 2843//4463 2799//4463
f 2808//4464 2561//4464 2582//4464
f 2847//4465 2841//4465 2848//4465
f 2848//4466 2841//4466 2845//4466
f 2848//4467 2845//4467 2849//4467
f 2849//4468 2845//4468 2850//4468
f 2850//4469 2845//4469 2586//4469
f 2850//4470 2586//4470 2587//4470
f 2584//4471 2585//4471 2582//4471
f 2582//4472 2585//4472 2846//4472
f 2582//4473 2846//4473 2840//4473
f 2841//4474 2847//4474 2842//4474
f 2592//4475 2591//4475 2851//4475
f 2851//4476 2591//4476 2588//4476
f 2851//4477 2588//4477 2852//4477
f 2813//4478 2817//4478 2853//4478
f 2853//4479 2817//4479 2854//4479
f 2853//4480 2854//4480 2855//4480
f 2855//4481 2854//4481 2856//4481
f 2855//4482 2856//4482 2857//4482
f 2855//4483 2857//4483 2858//4483
f 2858//4484 2857//4484 2859//4484
f 2858//4485 2859//4485 2860//4485
f 2858//4486 2860//4486 2593//4486
f 2593//4487 2860//4487 2861//4487
f 2593//4488 2861//4488 2594//4488
f 2852//4489 2588//4489 2810//4489
f 2810//4490 2588//4490 2809//4490
f 2809//4491 2588//4491 2562//4491
f 2810//4492 2813//4492 2853//4492
f 2810//4493 2853//4493 2852//4493
f 2852//4494 2853//4494 2855//4494
f 2852//4495 2855//4495 2851//4495
f 2851//4496 2855//4496 2858//4496
f 2851//4497 2858//4497 2592//4497
f 2592//4498 2858//4498 2593//4498
f 2598//4499 2597//4499 2863//4499
f 2863//4500 2597//4500 2595//4500
f 2594//4501 2864//4501 2589//4501
f 2589//4502 2864//4502 2865//4502
f 2589//4503 2865//4503 2863//4503
f 2589//4504 2863//4504 2414//4504
f 2414//4505 2863//4505 2595//4505
f 2864//4506 2866//4506 2865//4506
f 2865//4507 2866//4507 2867//4507
f 2865//4508 2867//4508 2863//4508
f 2863//4509 2867//4509 2868//4509
f 2863//4510 2868//4510 2598//4510
f 2866//4511 2869//4511 2867//4511
f 2867//4512 2869//4512 2870//4512
f 2867//4513 2870//4513 2868//4513
f 2868//4514 2870//4514 2862//4514
f 2868//4515 2862//4515 2598//4515
f 2598//4516 2862//4516 2599//4516
f 2626//4517 2612//4517 2871//4517
f 2871//4518 2612//4518 2613//4518
f 2871//4519 2613//4519 2872//4519
f 2872//4520 2613//4520 2610//4520
f 2872//4521 2610//4521 2611//4521
f 2625//4522 2626//4522 2871//4522
f 2624//4523 2625//4523 2873//4523
f 2873//4524 2625//4524 2871//4524
f 2873//4525 2871//4525 2872//4525
f 2873//4526 2872//4526 2874//4526
f 2874//4527 2872//4527 2611//4527
f 2873//4528 2874//4528 2875//4528
f 2873//4529 2875//4529 2876//4529
f 2873//4530 2876//4530 2624//4530
f 2624//4531 2876//4531 2623//4531
f 2622//4532 2623//4532 2876//4532
f 2621//4533 2622//4533 2877//4533
f 2877//4534 2622//4534 2876//4534
f 2877//4535 2876//4535 2821//4535
f 2821//4536 2876//4536 2875//4536
f 2821//4537 2875//4537 2822//4537
f 2822//4538 2875//4538 2874//4538
f 2620//4539 2621//4539 2823//4539
f 2823//4540 2621//4540 2877//4540
f 2823//4541 2877//4541 2821//4541
f 2879//4542 2878//4542 2880//4542
f 2879//4543 2880//4543 2881//4543
f 2881//4544 2880//4544 2882//4544
f 2881//4545 2882//4545 2883//4545
f 2883//4546 2882//4546 2884//4546
f 2885//4547 2878//4547 2879//4547
f 2886//4548 2881//4548 2883//4548
f 2886//4549 2887//4549 2881//4549
f 2881//4550 2887//4550 2888//4550
f 2881//4551 2888//4551 2879//4551
f 2879//4552 2888//4552 2889//4552
f 2879//4553 2889//4553 2885//4553
f 2889//4554 2890//4554 2891//4554
f 2889//4555 2891//4555 2885//4555
f 2892//4556 2889//4556 2893//4556
f 2893//4557 2889//4557 2894//4557
f 2893//4558 2894//4558 2895//4558
f 2895//4559 2894//4559 2896//4559
f 2887//4560 2896//4560 2888//4560
f 2888//4561 2896//4561 2894//4561
f 2888//4562 2894//4562 2889//4562
f 2890//4563 2889//4563 2892//4563
f 2890//4564 2892//4564 2897//4564
f 2905//4565 2898//4565 2906//4565
f 2906//4566 2898//4566 2899//4566
f 2906//4567 2899//4567 2907//4567
f 2907//4568 2899//4568 2900//4568
f 2907//4569 2900//4569 2908//4569
f 2908//4570 2900//4570 2901//4570
f 2908//4571 2901//4571 2909//4571
f 2909//4572 2901//4572 2902//4572
f 2909//4573 2902//4573 2910//4573
f 2910//4574 2902//4574 2903//4574
f 2910//4575 2903//4575 2911//4575
f 2911//4576 2903//4576 2904//4576
f 2911//4577 2904//4577 2650//4577
f 2650//4578 2904//4578 2647//4578
f 2912//4579 2905//4579 2913//4579
f 2913//4580 2905//4580 2906//4580
f 2913//4581 2906//4581 2914//4581
f 2914//4582 2906//4582 2907//4582
f 2914//4583 2907//4583 2915//4583
f 2915//4584 2907//4584 2908//4584
f 2915//4585 2908//4585 2916//4585
f 2916//4586 2908//4586 2909//4586
f 2916//4587 2909//4587 2917//4587
f 2917//4588 2909//4588 2910//4588
f 2917//4589 2910//4589 2918//4589
f 2918//4590 2910//4590 2911//4590
f 2918//4591 2911//4591 2651//4591
f 2651//4592 2911//4592 2650//4592
f 2642//4593 2912//4593 2641//4593
f 2641//4594 2912//4594 2913//4594
f 2641//4595 2913//4595 2640//4595
f 2640//4596 2913//4596 2914//4596
f 2640//4597 2914//4597 2639//4597
f 2639//4598 2914//4598 2915//4598
f 2639//4599 2915//4599 2638//4599
f 2638//4600 2915//4600 2916//4600
f 2638//4601 2916//4601 2637//4601
f 2637//4602 2916//4602 2917//4602
f 2637//4603 2917//4603 2636//4603
f 2636//4604 2917//4604 2918//4604
f 2636//4605 2918//4605 2482//4605
f 2482//4606 2918//4606 2651//4606
f 2920//4607 2660//4607 2921//4607
f 2660//4608 2655//4608 2921//4608
f 2921//4609 2655//4609 2919//4609
f 2919//4610 2655//4610 2500//4610
f 2922//4611 2923//4611 2924//4611
f 2924//4612 2923//4612 2925//4612
f 2924//4613 2925//4613 2926//4613
f 2926//4614 2925//4614 2927//4614
f 2926//4615 2927//4615 2919//4615
f 2919//4616 2927//4616 2928//4616
f 2919//4617 2928//4617 2921//4617
f 2921//4618 2928//4618 2929//4618
f 2921//4619 2929//4619 2920//4619
f 2920//4620 2929//4620 2930//4620
f 2647//4621 2922//4621 2646//4621
f 2646//4622 2922//4622 2924//4622
f 2646//4623 2924//4623 2644//4623
f 2644//4624 2924//4624 2926//4624
f 2644//4625 2926//4625 2489//4625
f 2489//4626 2926//4626 2919//4626
f 2489//4627 2919//4627 2500//4627
f 2931//4628 2736//4628 2932//4628
f 2932//4629 2736//4629 2737//4629
f 2932//4630 2737//4630 2933//4630
f 2933//4631 2737//4631 2738//4631
f 2933//4632 2738//4632 2934//4632
f 2934//4633 2738//4633 2739//4633
f 2934//4634 2739//4634 2935//4634
f 2935//4635 2739//4635 2740//4635
f 2935//4636 2740//4636 2936//4636
f 2936//4637 2740//4637 2741//4637
f 2937//4638 2931//4638 2938//4638
f 2938//4639 2931//4639 2932//4639
f 2938//4640 2932//4640 2939//4640
f 2939//4641 2932//4641 2933//4641
f 2939//4642 2933//4642 2940//4642
f 2940//4643 2933//4643 2934//4643
f 2940//4644 2934//4644 2941//4644
f 2941//4645 2934//4645 2935//4645
f 2941//4646 2935//4646 2942//4646
f 2942//4647 2935//4647 2936//4647
f 2943//4648 2937//4648 2944//4648
f 2944//4649 2937//4649 2938//4649
f 2944//4650 2938//4650 2945//4650
f 2945//4651 2938//4651 2939//4651
f 2945//4652 2939//4652 2946//4652
f 2946//4653 2939//4653 2940//4653
f 2946//4654 2940//4654 2947//4654
f 2947//4655 2940//4655 2941//4655
f 2947//4656 2941//4656 2948//4656
f 2948//4657 2941//4657 2942//4657
f 2923//4658 2943//4658 2925//4658
f 2925//4659 2943//4659 2944//4659
f 2925//4660 2944//4660 2927//4660
f 2927//4661 2944//4661 2945//4661
f 2927//4662 2945//4662 2928//4662
f 2928//4663 2945//4663 2946//4663
f 2928//4664 2946//4664 2929//4664
f 2929//4665 2946//4665 2947//4665
f 2929//4666 2947//4666 2930//4666
f 2930//4667 2947//4667 2948//4667
f 2949//4668 2727//4668 2726//4668
f 2950//4669 2951//4669 2952//4669
f 2952//4670 2951//4670 2953//4670
f 2954//4671 2955//4671 2956//4671
f 2731//4672 2736//4672 2957//4672
f 2957//4673 2736//4673 2958//4673
f 2957//4674 2958//4674 2959//4674
f 2959//4675 2958//4675 2960//4675
f 2956//4676 2955//4676 2961//4676
f 2956//4677 2961//4677 2962//4677
f 2962//4678 2961//4678 2963//4678
f 2964//4679 2965//4679 2966//4679
f 2966//4680 2965//4680 2949//4680
f 2966//4681 2949//4681 2726//4681
f 2726//4682 2731//4682 2957//4682
f 2726//4683 2957//4683 2966//4683
f 2966//4684 2957//4684 2959//4684
f 2966//4685 2959//4685 2964//4685
f 2953//4686 2967//4686 2952//4686
f 2952//4687 2967//4687 2964//4687
f 2964//4688 2967//4688 2965//4688
f 2963//4689 2950//4689 2962//4689
f 2962//4690 2950//4690 2952//4690
f 2962//4691 2952//4691 2956//4691
f 2956//4692 2952//4692 2964//4692
f 2956//4693 2964//4693 2959//4693
f 2956//4694 2959//4694 2954//4694
f 2954//4695 2959//4695 2960//4695
f 2971//4696 2970//4696 2972//4696
f 2973//4697 2969//4697 2974//4697
f 2974//4698 2969//4698 2968//4698
f 2974//1299 2968//1299 2975//1299
f 2975//4699 2968//4699 2972//4699
f 2975//4700 2972//4700 2976//4700
f 2976//4701 2972//4701 2970//4701
f 2976//4702 2970//4702 2905//4702
f 2905//4703 2970//4703 2898//4703
f 2977//4704 2973//4704 2978//4704
f 2978//4704 2973//4704 2974//4704
f 2978//4705 2974//4705 2979//4705
f 2979//4705 2974//4705 2975//4705
f 2979//4706 2975//4706 2980//4706
f 2980//4707 2975//4707 2976//4707
f 2980//4708 2976//4708 2912//4708
f 2912//4709 2976//4709 2905//4709
f 2743//4710 2977//4710 2745//4710
f 2745//4710 2977//4710 2978//4710
f 2745//4711 2978//4711 2747//4711
f 2747//4712 2978//4712 2979//4712
f 2747//4713 2979//4713 2749//4713
f 2749//4714 2979//4714 2980//4714
f 2749//4715 2980//4715 2642//4715
f 2642//4716 2980//4716 2912//4716
f 2981//4717 2249//4717 2982//4717
f 2252//4718 2251//4718 2983//4718
f 2251//4719 2247//4719 2983//4719
f 2983//4720 2247//4720 2981//4720
f 2981//4721 2247//4721 2249//4721
f 2249//4722 2250//4722 2982//4722
f 2982//4723 2250//4723 2246//4723
f 2982//4724 2246//4724 2984//4724
f 2984//4725 2246//4725 2241//4725
f 2984//4726 2241//4726 2985//4726
f 2985//4727 2241//4727 2986//4727
f 2985//4728 2986//4728 2987//4728
f 2987//4729 2986//4729 2988//4729
f 2987//4730 2988//4730 2922//4730
f 2922//4731 2988//4731 2923//4731
f 2898//4732 2252//4732 2899//4732
f 2899//4733 2252//4733 2983//4733
f 2899//4734 2983//4734 2900//4734
f 2900//4735 2983//4735 2981//4735
f 2900//4736 2981//4736 2901//4736
f 2901//4737 2981//4737 2982//4737
f 2901//4738 2982//4738 2902//4738
f 2902//4739 2982//4739 2984//4739
f 2902//4740 2984//4740 2903//4740
f 2903//4741 2984//4741 2985//4741
f 2903//4742 2985//4742 2904//4742
f 2904//4743 2985//4743 2987//4743
f 2904//4744 2987//4744 2647//4744
f 2647//4745 2987//4745 2922//4745
f 2241//4746 2139//4746 2989//4746
f 2138//4747 2140//4747 2990//4747
f 2991//4748 2149//4748 2199//4748
f 2991//4749 2199//4749 2992//4749
f 2992//4750 2199//4750 2198//4750
f 2992//4751 2198//4751 2993//4751
f 2994//4752 2143//4752 2995//4752
f 2143//4753 2145//4753 2995//4753
f 2995//4754 2145//4754 2146//4754
f 2995//4755 2146//4755 2996//4755
f 2996//4756 2146//4756 2991//4756
f 2991//4757 2146//4757 2149//4757
f 2138//4758 2990//4758 2139//4758
f 2993//4759 2963//4759 2992//4759
f 2992//4760 2963//4760 2961//4760
f 2992//4761 2961//4761 2991//4761
f 2991//4762 2961//4762 2996//4762
f 2996//4763 2961//4763 2955//4763
f 2996//4764 2955//4764 2995//4764
f 2995//4765 2955//4765 2954//4765
f 2995//4766 2954//4766 2994//4766
f 2994//4767 2954//4767 2960//4767
f 2994//4768 2960//4768 2997//4768
f 2997//4769 2960//4769 2958//4769
f 2997//4770 2958//4770 2931//4770
f 2931//4771 2958//4771 2736//4771
f 2931//4772 2937//4772 2997//4772
f 2997//4773 2937//4773 2998//4773
f 2997//4774 2998//4774 2994//4774
f 2994//4775 2998//4775 2990//4775
f 2994//4776 2990//4776 2143//4776
f 2143//4777 2990//4777 2140//4777
f 2937//4778 2943//4778 2998//4778
f 2998//4779 2943//4779 2999//4779
f 2998//4780 2999//4780 2990//4780
f 2990//4781 2999//4781 2989//4781
f 2990//4782 2989//4782 2139//4782
f 2986//4783 2241//4783 2989//4783
f 2986//4784 2989//4784 2988//4784
f 2988//4785 2989//4785 2999//4785
f 2988//4786 2999//4786 2923//4786
f 2923//4787 2999//4787 2943//4787
f 3000//4788 2951//4788 3001//4788
f 3002//4789 2953//4789 2951//4789
f 3002//4790 2951//4790 3003//4790
f 3003//4791 2951//4791 3000//4791
f 3003//4792 3000//4792 3004//4792
f 3005//4793 3006//4793 3007//4793
f 2951//4794 2950//4794 3001//4794
f 3001//4795 2950//4795 2963//4795
f 3001//4796 2963//4796 3008//4796
f 3001//4797 3008//4797 3005//4797
f 3001//4798 3005//4798 3000//4798
f 3000//4799 3005//4799 3007//4799
f 3000//4800 3007//4800 3004//4800
f 3004//4801 3007//4801 3009//4801
f 3008//4802 3010//4802 3005//4802
f 3005//4803 3010//4803 3006//4803
f 3006//4804 3010//4804 3011//4804
f 3007//4805 3006//4805 3012//4805
f 3012//4806 3006//4806 3011//4806
f 3012//4807 3011//4807 3013//4807
f 3014//4808 3015//4808 3017//4808
f 3014//4809 3017//4809 3018//4809
f 3016//4810 3014//4810 3018//4810
f 3016//4811 3018//4811 3019//4811
f 3019//4812 3020//4812 3021//4812
f 3019//4813 3021//4813 3016//4813
f 3016//4814 3021//4814 3022//4814
f 2977//4815 3017//4815 3015//4815
f 2977//4816 3015//4816 2973//4816
f 2973//4817 3015//4817 2969//4817
f 2780//4818 3020//4818 2782//4818
f 2782//4819 3020//4819 3019//4819
f 2782//4820 3019//4820 2783//4820
f 2783//4821 3019//4821 3018//4821
f 2783//4822 3018//4822 2785//4822
f 2785//4823 3018//4823 3017//4823
f 2785//4824 3017//4824 2743//4824
f 2743//4825 3017//4825 2977//4825
f 2244//4826 2243//4826 2970//4826
f 2898//4827 2970//4827 2252//4827
f 2252//4828 2970//4828 2243//4828
f 2257//4829 2255//4829 2968//4829
f 2968//4830 2255//4830 2972//4830
f 2972//4831 2255//4831 2256//4831
f 2972//4832 2256//4832 2971//4832
f 2971//4833 2256//4833 2970//4833
f 2970//4834 2256//4834 2244//4834
f 2257//4835 2968//4835 2969//4835
f 3023//4836 3024//4836 3013//4836
f 2963//4837 2993//4837 3008//4837
f 3008//4838 2993//4838 3025//4838
f 3026//4839 3010//4839 3025//4839
f 3025//4840 3010//4840 3008//4840
f 3013//4841 3011//4841 3023//4841
f 3023//4842 3011//4842 3026//4842
f 3026//4843 3011//4843 3010//4843
f 2209//4844 3024//4844 2214//4844
f 2214//4845 3024//4845 3023//4845
f 2214//4846 3023//4846 2215//4846
f 2215//4846 3023//4846 3026//4846
f 2215//4847 3026//4847 2217//4847
f 2217//4848 3026//4848 3025//4848
f 2217//4849 3025//4849 2198//4849
f 2198//4850 3025//4850 2993//4850
f 3027//4851 3028//4851 3029//4851
f 3029//4852 3028//4852 3030//4852
f 3029//4853 3030//4853 3009//4853
f 3031//4854 3027//4854 3032//4854
f 3032//4855 3027//4855 3033//4855
f 3033//4856 3027//4856 3029//4856
f 3012//4857 3013//4857 3034//4857
f 3035//4858 3031//4858 3036//4858
f 3036//4859 3031//4859 3032//4859
f 3036//4860 3032//4860 3037//4860
f 3037//4861 3032//4861 3033//4861
f 3037//4862 3033//4862 3034//4862
f 3034//4863 3033//4863 3012//4863
f 3012//4864 3033//4864 3029//4864
f 3012//4865 3029//4865 3007//4865
f 3007//4866 3029//4866 3009//4866
f 2803//4867 3040//4867 2805//4867
f 2805//4868 3040//4868 3041//4868
f 2801//4869 2799//4869 3042//4869
f 3042//4870 2799//4870 3043//4870
f 3042//4871 3043//4871 3044//4871
f 3044//4872 3043//4872 3045//4872
f 3044//4873 3045//4873 3046//4873
f 3047//4874 3048//4874 3049//4874
f 3040//4875 3050//4875 3041//4875
f 3041//4875 3050//4875 3051//4875
f 3041//4876 3051//4876 3021//4876
f 3021//4877 3020//4877 3041//4877
f 3041//4878 3020//4878 2805//4878
f 2805//4879 3020//4879 2780//4879
f 3039//4880 3047//4880 3050//4880
f 3050//4881 3047//4881 3049//4881
f 3050//4882 3049//4882 3051//4882
f 3051//4883 3049//4883 3022//4883
f 3051//4884 3022//4884 3021//4884
f 3046//4885 3038//4885 3039//4885
f 3046//4886 3039//4886 3044//4886
f 3044//4887 3039//4887 3050//4887
f 3044//4888 3050//4888 3042//4888
f 3042//4889 3050//4889 3040//4889
f 3042//4890 3040//4890 2801//4890
f 2801//4891 3040//4891 2803//4891
f 2259//4892 2257//4892 2969//4892
f 3022//4893 2236//4893 3016//4893
f 2236//4894 2239//4894 3016//4894
f 3016//4895 2239//4895 3014//4895
f 3014//4896 2239//4896 2259//4896
f 3014//4897 2259//4897 3015//4897
f 3015//4898 2259//4898 2969//4898
f 3052//4899 3035//4899 3053//4899
f 3053//4900 3035//4900 3036//4900
f 3053//4901 3036//4901 3054//4901
f 3054//4902 3036//4902 3037//4902
f 3054//4903 3037//4903 3055//4903
f 3055//4904 3037//4904 3034//4904
f 3055//4905 3034//4905 3024//4905
f 3024//4906 3034//4906 3013//4906
f 2212//4907 3052//4907 2218//4907
f 2218//4908 3052//4908 3053//4908
f 2218//4909 3053//4909 3054//4909
f 2218//4910 3054//4910 2220//4910
f 2220//4911 3054//4911 3055//4911
f 2220//4912 3055//4912 2209//4912
f 2209//4913 3055//4913 3024//4913
f 3056//4914 3057//4914 3058//4914
f 3058//4915 3057//4915 3059//4915
f 3058//4916 3059//4916 3027//4916
f 3027//4917 3059//4917 3028//4917
f 3060//4918 3061//4918 3062//4918
f 3060//4919 3062//4919 3056//4919
f 3056//4920 3062//4920 3057//4920
f 3063//4921 3060//4921 3064//4921
f 3064//4922 3060//4922 3065//4922
f 3065//4923 3060//4923 3056//4923
f 3065//4924 3056//4924 3066//4924
f 3066//4924 3056//4924 3058//4924
f 3066//4925 3058//4925 3031//4925
f 3031//4926 3058//4926 3027//4926
f 3067//4927 3063//4927 3068//4927
f 3068//4928 3063//4928 3064//4928
f 3068//4929 3064//4929 3069//4929
f 3069//4930 3064//4930 3065//4930
f 3069//4931 3065//4931 3070//4931
f 3070//4932 3065//4932 3066//4932
f 3070//4933 3066//4933 3035//4933
f 3035//4934 3066//4934 3031//4934
f 3071//4935 2822//4935 3072//4935
f 2564//4936 2826//4936 3073//4936
f 3073//4937 2826//4937 3071//4937
f 3071//4938 2826//4938 2822//4938
f 3074//4939 2565//4939 3073//4939
f 3073//4940 2565//4940 2564//4940
f 3075//4941 2839//4941 3076//4941
f 3076//4942 2839//4942 2836//4942
f 3076//4943 2836//4943 3074//4943
f 3074//4944 2836//4944 2831//4944
f 3074//4945 2831//4945 2565//4945
f 3077//4946 3075//4946 3078//4946
f 3078//4947 3075//4947 3076//4947
f 3078//4948 3076//4948 3079//4948
f 3079//4949 3076//4949 3074//4949
f 3079//4950 3074//4950 3080//4950
f 3080//4951 3074//4951 3073//4951
f 3080//4952 3073//4952 3081//4952
f 3081//4953 3073//4953 3071//4953
f 3081//4954 3071//4954 3082//4954
f 3082//4955 3071//4955 3072//4955
f 2838//4956 2839//4956 3089//4956
f 3089//4957 2839//4957 3083//4957
f 3089//4958 3083//4958 3090//4958
f 3090//4959 3083//4959 3084//4959
f 3090//4960 3084//4960 3091//4960
f 3091//4961 3084//4961 3085//4961
f 3091//4962 3085//4962 3092//4962
f 3092//4963 3085//4963 3086//4963
f 3092//4964 3086//4964 3093//4964
f 3093//4965 3086//4965 3087//4965
f 3093//4966 3087//4966 3094//4966
f 3094//4967 3087//4967 3088//4967
f 3094//4968 3088//4968 3045//4968
f 3045//4969 3088//4969 3046//4969
f 2837//4970 2838//4970 3095//4970
f 3095//4971 2838//4971 3089//4971
f 3095//4972 3089//4972 3096//4972
f 3096//4973 3089//4973 3090//4973
f 3096//4974 3090//4974 3097//4974
f 3097//4975 3090//4975 3091//4975
f 3097//4976 3091//4976 3098//4976
f 3098//4977 3091//4977 3092//4977
f 3098//4978 3092//4978 3099//4978
f 3099//4979 3092//4979 3093//4979
f 3099//4980 3093//4980 3100//4980
f 3100//4981 3093//4981 3094//4981
f 3100//4982 3094//4982 3043//4982
f 3043//4983 3094//4983 3045//4983
f 2587//4984 2837//4984 2850//4984
f 2850//4985 2837//4985 3095//4985
f 2850//4986 3095//4986 2849//4986
f 2849//4987 3095//4987 3096//4987
f 2849//4988 3096//4988 2848//4988
f 2848//4989 3096//4989 3097//4989
f 2848//4990 3097//4990 2847//4990
f 2847//4991 3097//4991 3098//4991
f 2847//4992 3098//4992 2842//4992
f 2842//4993 3098//4993 3099//4993
f 2842//4994 3099//4994 2844//4994
f 2844//4995 3099//4995 3100//4995
f 2844//4996 3100//4996 2799//4996
f 2799//4997 3100//4997 3043//4997
f 3048//4998 2237//4998 3049//4998
f 3049//4999 2237//4999 2236//4999
f 3049//5000 2236//5000 3022//5000
f 3038//5001 2231//5001 3039//5001
f 3039//5002 2231//5002 2233//5002
f 3039//5003 2233//5003 2238//5003
f 3039//5004 2238//5004 3047//5004
f 3047//5005 2238//5005 3048//5005
f 3048//5006 2238//5006 2237//5006
f 2231//5007 3038//5007 2230//5007
f 2230//5008 3038//5008 3046//5008
f 2206//5009 2205//5009 3101//5009
f 2206//5010 3101//5010 3102//5010
f 3035//5011 3052//5011 3070//5011
f 3070//5012 3052//5012 3103//5012
f 3070//5013 3103//5013 3069//5013
f 2212//5014 2210//5014 3104//5014
f 3104//5015 2210//5015 3105//5015
f 3105//5016 2210//5016 2200//5016
f 3102//5017 3101//5017 3067//5017
f 3102//5018 3067//5018 3068//5018
f 3052//5019 2212//5019 3103//5019
f 3103//5020 2212//5020 3104//5020
f 3103//5021 3104//5021 3069//5021
f 3069//5022 3104//5022 3105//5022
f 3069//5023 3105//5023 3068//5023
f 3068//5024 3105//5024 3102//5024
f 3102//5025 3105//5025 2200//5025
f 3102//5026 2200//5026 2206//5026
f 3106//5027 3107//5027 3108//5027
f 2884//5028 2882//5028 3109//5028
f 3109//5029 2882//5029 3110//5029
f 3110//5030 2882//5030 3111//5030
f 3110//5031 3111//5031 3112//5031
f 3112//5032 3111//5032 3113//5032
f 3113//5033 3111//5033 3114//5033
f 3113//5034 3114//5034 3115//5034
f 3115//5035 3114//5035 3116//5035
f 3067//5036 3108//5036 3063//5036
f 3063//5037 3108//5037 3107//5037
f 3063//5038 3107//5038 3060//5038
f 3060//5039 3107//5039 3117//5039
f 3060//5040 3117//5040 3061//5040
f 2880//5041 2878//5041 3118//5041
f 2880//5042 3118//5042 3119//5042
f 3119//5043 3118//5043 3120//5043
f 3119//5044 3120//5044 3106//5044
f 3106//5045 3120//5045 3121//5045
f 3106//5046 3121//5046 3107//5046
f 3107//5047 3121//5047 3117//5047
f 3067//5048 3116//5048 3108//5048
f 3108//5049 3116//5049 3114//5049
f 3108//5050 3114//5050 3106//5050
f 3106//5051 3114//5051 3119//5051
f 3119//5052 3114//5052 3111//5052
f 3119//5053 3111//5053 2880//5053
f 2880//5054 3111//5054 2882//5054
f 3122//5055 3077//5055 3078//5055
f 3123//5056 3122//5056 3124//5056
f 3125//5057 3123//5057 3126//5057
f 2884//5058 3125//5058 3127//5058
f 3122//5059 3078//5059 3124//5059
f 3124//5060 3078//5060 3079//5060
f 3124//5061 3079//5061 3128//5061
f 3128//5062 3079//5062 3080//5062
f 3128//5063 3080//5063 3129//5063
f 3129//5064 3080//5064 3081//5064
f 3129//5065 3081//5065 3130//5065
f 3130//5066 3081//5066 3082//5066
f 3130//5067 3082//5067 3131//5067
f 3123//5068 3124//5068 3126//5068
f 3126//5069 3124//5069 3128//5069
f 3126//5070 3128//5070 3132//5070
f 3132//5071 3128//5071 3129//5071
f 3132//5072 3129//5072 3133//5072
f 3133//5073 3129//5073 3130//5073
f 3133//5074 3130//5074 3134//5074
f 3134//5075 3130//5075 3131//5075
f 3134//5076 3131//5076 3135//5076
f 3125//5077 3126//5077 3127//5077
f 3127//5078 3126//5078 3132//5078
f 3127//5079 3132//5079 3136//5079
f 3136//5080 3132//5080 3133//5080
f 3136//5081 3133//5081 3137//5081
f 3137//5082 3133//5082 3134//5082
f 3137//5083 3134//5083 3138//5083
f 3138//5084 3134//5084 3135//5084
f 3138//5085 3135//5085 3139//5085
f 2884//5086 3127//5086 2883//5086
f 2883//5087 3127//5087 3136//5087
f 2883//5088 3136//5088 2886//5088
f 2886//5089 3136//5089 3137//5089
f 2886//5090 3137//5090 2887//5090
f 2887//5091 3137//5091 3138//5091
f 2887//5092 3138//5092 2896//5092
f 2896//5093 3138//5093 3139//5093
f 2896//5094 3139//5094 2895//5094
f 2223//5095 3140//5095 3141//5095
f 2228//5096 2226//5096 3142//5096
f 3142//5097 2226//5097 2230//5097
f 2228//5098 3142//5098 2225//5098
f 2223//5099 2222//5099 3140//5099
f 3140//5100 2222//5100 2225//5100
f 3075//5101 3077//5101 3143//5101
f 3143//5102 3077//5102 3144//5102
f 3143//5103 3144//5103 3145//5103
f 3145//5104 3144//5104 3146//5104
f 3145//5105 3146//5105 3141//5105
f 3141//5106 3146//5106 2221//5106
f 3141//5107 2221//5107 2223//5107
f 2839//5108 3075//5108 3083//5108
f 3083//5109 3075//5109 3143//5109
f 3083//5110 3143//5110 3084//5110
f 3084//5111 3143//5111 3145//5111
f 3084//5112 3145//5112 3085//5112
f 3085//5113 3145//5113 3141//5113
f 3085//5114 3141//5114 3086//5114
f 3086//5115 3141//5115 3140//5115
f 3086//5116 3140//5116 3087//5116
f 3087//5117 3140//5117 2225//5117
f 3087//5118 2225//5118 3088//5118
f 3088//5119 2225//5119 3142//5119
f 3088//5120 3142//5120 3046//5120
f 3046//5121 3142//5121 2230//5121
f 2160//5122 3148//5122 2159//5122
f 2159//5123 3148//5123 3149//5123
f 2153//5124 2152//5124 3150//5124
f 3150//5125 2152//5125 3151//5125
f 3151//5126 2152//5126 3149//5126
f 3149//5127 2152//5127 2158//5127
f 3149//5128 2158//5128 2159//5128
f 2153//5129 3150//5129 3152//5129
f 2153//5130 3152//5130 2155//5130
f 2155//5131 3152//5131 3153//5131
f 2155//5132 3153//5132 3147//5132
f 2155//5133 3147//5133 2203//5133
f 2203//5134 3147//5134 3101//5134
f 2203//5135 3101//5135 2205//5135
f 2221//5136 3146//5136 2160//5136
f 2160//5137 3146//5137 3148//5137
f 3067//5138 3101//5138 3116//5138
f 3116//5139 3101//5139 3147//5139
f 3116//5140 3147//5140 3115//5140
f 3115//5141 3147//5141 3153//5141
f 3115//5142 3153//5142 3113//5142
f 3113//5143 3153//5143 3152//5143
f 3113//5144 3152//5144 3112//5144
f 3112//5145 3152//5145 3150//5145
f 3112//5146 3150//5146 3110//5146
f 3110//5147 3150//5147 3151//5147
f 3110//5148 3151//5148 3109//5148
f 2884//5149 3109//5149 3154//5149
f 3109//5150 3151//5150 3154//5150
f 3154//5151 3151//5151 3149//5151
f 3154//5152 3149//5152 3155//5152
f 3155//5153 3149//5153 3148//5153
f 3155//5154 3148//5154 3156//5154
f 3156//5155 3148//5155 3146//5155
f 3156//5156 3146//5156 3144//5156
f 2884//5157 3154//5157 3125//5157
f 3125//5158 3154//5158 3155//5158
f 3125//5159 3155//5159 3123//5159
f 3123//5160 3155//5160 3156//5160
f 3123//5161 3156//5161 3122//5161
f 3122//5162 3156//5162 3144//5162
f 3122//5163 3144//5163 3077//5163
f 2893//5164 2895//5164 3157//5164
f 2892//5165 2893//5165 3158//5165
f 2893//5166 3157//5166 3158//5166
f 3158//5167 3157//5167 3159//5167
f 3158//5168 3159//5168 3160//5168
f 3160//5169 3159//5169 3161//5169
f 3160//5170 3161//5170 3162//5170
f 3162//5171 3161//5171 3163//5171
f 3162//5172 3163//5172 3164//5172
f 3164//5173 3163//5173 3165//5173
f 2892//5174 3158//5174 3160//5174
f 2892//5175 3160//5175 3166//5175
f 3166//5176 3160//5176 3162//5176
f 3166//5177 3162//5177 3164//5177
f 3166//5178 3164//5178 3167//5178
f 2897//5179 2892//5179 3168//5179
f 3168//5180 2892//5180 3169//5180
f 3169//5181 2892//5181 3166//5181
f 3169//5182 3166//5182 3170//5182
f 3170//5183 3166//5183 3167//5183
f 3170//5184 3167//5184 3171//5184
f 3171//5185 3167//5185 3172//5185
f 2662//5186 2688//5186 3173//5186
f 3173//5187 2688//5187 2689//5187
f 3173//5188 2689//5188 3174//5188
f 2665//5189 2662//5189 3175//5189
f 3175//5190 2662//5190 3173//5190
f 3175//5191 3173//5191 3174//5191
f 2664//5192 2665//5192 3176//5192
f 3176//5193 2665//5193 3175//5193
f 3176//5194 3175//5194 3177//5194
f 3177//5195 3175//5195 3174//5195
f 2666//5196 2664//5196 3178//5196
f 3178//5197 2664//5197 3176//5197
f 3178//5198 3176//5198 3179//5198
f 3179//5199 3176//5199 3177//5199
f 3180//5200 3178//5200 3179//5200
f 3180//5201 3179//5201 3181//5201
f 2669//5202 2666//5202 3182//5202
f 3182//5203 2666//5203 3178//5203
f 3182//5204 3178//5204 3180//5204
f 2669//5205 3182//5205 2667//5205
f 3181//5206 3183//5206 3180//5206
f 3180//5207 3183//5207 3182//5207
f 3182//5208 3183//5208 2667//5208
f 2667//5209 3183//5209 2668//5209
f 3183//5210 2672//5210 2671//5210
f 3183//5211 2671//5211 2668//5211
f 2682//5212 2681//5212 3184//5212
f 2675//5213 2540//5213 2681//5213
f 2676//5214 2673//5214 2713//5214
f 2713//5215 2673//5215 2672//5215
f 2713//5216 2672//5216 2716//5216
f 2684//5217 3185//5217 2686//5217
f 2684//5218 2682//5218 3185//5218
f 3185//5219 3186//5219 2686//5219
f 2686//5220 3186//5220 3187//5220
f 2686//5221 3187//5221 2687//5221
f 2687//5222 3187//5222 3188//5222
f 2687//5223 3188//5223 2689//5223
f 3189//5224 2660//5224 2920//5224
f 2681//5225 2540//5225 3184//5225
f 2540//5226 2692//5226 3184//5226
f 3184//5227 2692//5227 3189//5227
f 3189//5228 2692//5228 2660//5228
f 2920//5229 2930//5229 3189//5229
f 3189//5230 2930//5230 3190//5230
f 3189//5231 3190//5231 3184//5231
f 3184//5232 3190//5232 3185//5232
f 3184//5233 3185//5233 2682//5233
f 3191//5234 2711//5234 3192//5234
f 3192//5235 2711//5235 2710//5235
f 3192//5236 2710//5236 3193//5236
f 3193//5237 2710//5237 2708//5237
f 3193//5238 2708//5238 3194//5238
f 3194//5239 2708//5239 2707//5239
f 3194//5240 2707//5240 3195//5240
f 3195//5241 2707//5241 2705//5241
f 3195//5242 2705//5242 3196//5242
f 3196//5243 2705//5243 2704//5243
f 3196//5244 2704//5244 3197//5244
f 3197//5245 2704//5245 2702//5245
f 3197//5246 2702//5246 2719//5246
f 2719//5247 2702//5247 2552//5247
f 3198//5248 3191//5248 3199//5248
f 3199//5249 3191//5249 3192//5249
f 3199//5250 3192//5250 3200//5250
f 3200//5251 3192//5251 3193//5251
f 3200//5252 3193//5252 3201//5252
f 3201//5253 3193//5253 3194//5253
f 3201//5254 3194//5254 3202//5254
f 3202//5255 3194//5255 3195//5255
f 3202//5256 3195//5256 3203//5256
f 3203//5257 3195//5257 3196//5257
f 3203//5258 3196//5258 3204//5258
f 3204//5259 3196//5259 3197//5259
f 3204//5260 3197//5260 2717//5260
f 2717//5261 3197//5261 2719//5261
f 3205//5262 3198//5262 3206//5262
f 3206//5263 3198//5263 3199//5263
f 3206//5264 3199//5264 3207//5264
f 3207//5265 3199//5265 3200//5265
f 3207//5266 3200//5266 3208//5266
f 3208//5267 3200//5267 3201//5267
f 3208//5268 3201//5268 3209//5268
f 3209//5269 3201//5269 3202//5269
f 3209//5270 3202//5270 3210//5270
f 3210//5271 3202//5271 3203//5271
f 3210//5272 3203//5272 3211//5272
f 3211//5273 3203//5273 3204//5273
f 3211//5274 3204//5274 2716//5274
f 2716//5275 3204//5275 2717//5275
f 2762//5276 2763//5276 3212//5276
f 2761//5277 2762//5277 3213//5277
f 2760//5278 2761//5278 3214//5278
f 2762//5279 3212//5279 3213//5279
f 3213//5280 3212//5280 3215//5280
f 3213//5281 3215//5281 3216//5281
f 3216//5282 3215//5282 3217//5282
f 3216//5283 3217//5283 3218//5283
f 3205//5284 3217//5284 3215//5284
f 3205//5285 3215//5285 3198//5285
f 3198//5286 3215//5286 3212//5286
f 3198//5287 3212//5287 3191//5287
f 3191//5288 3212//5288 2763//5288
f 3191//5289 2763//5289 2711//5289
f 3217//5290 3219//5290 3218//5290
f 2761//5291 3213//5291 3214//5291
f 3214//5292 3213//5292 3216//5292
f 3214//5293 3216//5293 3221//5293
f 3221//5294 3216//5294 3218//5294
f 3221//5295 3218//5295 3220//5295
f 2760//5296 3214//5296 3222//5296
f 3222//5297 3214//5297 3221//5297
f 3222//5298 3221//5298 3223//5298
f 3223//5299 3221//5299 3220//5299
f 3223//5300 3220//5300 3224//5300
f 3225//5301 3226//5301 3227//5301
f 3227//5302 3226//5302 3228//5302
f 2773//5303 2767//5303 3229//5303
f 3229//5304 2767//5304 3230//5304
f 3230//5305 2767//5305 3231//5305
f 3230//5306 3231//5306 3232//5306
f 3232//5307 3231//5307 3228//5307
f 3232//5308 3228//5308 3226//5308
f 3225//5309 3227//5309 3233//5309
f 3233//5310 3227//5310 3234//5310
f 3233//5311 3234//5311 3235//5311
f 2778//5312 2773//5312 3236//5312
f 3236//5313 2773//5313 3229//5313
f 3236//5314 3229//5314 3237//5314
f 3237//5315 3229//5315 3230//5315
f 3237//5316 3230//5316 3238//5316
f 3238//5317 3230//5317 3239//5317
f 3239//5318 3230//5318 3232//5318
f 3239//5319 3232//5319 3240//5319
f 3240//5320 3232//5320 3241//5320
f 3241//5321 3232//5321 3226//5321
f 3241//5322 3226//5322 3242//5322
f 3242//5323 3226//5323 3225//5323
f 2767//5324 2768//5324 3243//5324
f 2767//5325 3243//5325 3231//5325
f 3231//5326 3243//5326 3244//5326
f 3231//5327 3244//5327 3228//5327
f 3228//5328 3244//5328 3245//5328
f 3228//5329 3245//5329 3227//5329
f 3227//5330 3245//5330 3234//5330
f 2936//5331 2741//5331 3246//5331
f 3246//5332 2741//5332 2774//5332
f 3246//5333 2774//5333 3247//5333
f 3247//5334 2774//5334 2775//5334
f 3247//5335 2775//5335 3248//5335
f 3248//5336 2775//5336 2776//5336
f 3248//5337 2776//5337 3249//5337
f 3249//5338 2776//5338 2777//5338
f 3249//5339 2777//5339 3250//5339
f 3250//5340 2777//5340 2778//5340
f 2942//5341 2936//5341 3251//5341
f 3251//5342 2936//5342 3246//5342
f 3251//5343 3246//5343 3252//5343
f 3252//5344 3246//5344 3247//5344
f 3252//5345 3247//5345 3253//5345
f 3253//5346 3247//5346 3248//5346
f 3253//5347 3248//5347 3254//5347
f 3254//5348 3248//5348 3249//5348
f 3254//5349 3249//5349 3255//5349
f 3255//5350 3249//5350 3250//5350
f 2948//5351 2942//5351 3256//5351
f 3256//5352 2942//5352 3251//5352
f 3256//5353 3251//5353 3257//5353
f 3257//5354 3251//5354 3252//5354
f 3257//5355 3252//5355 3258//5355
f 3258//5356 3252//5356 3253//5356
f 3258//5357 3253//5357 3259//5357
f 3259//5358 3253//5358 3254//5358
f 3259//5359 3254//5359 3260//5359
f 3260//5360 3254//5360 3255//5360
f 2930//5361 2948//5361 3190//5361
f 3190//5362 2948//5362 3256//5362
f 3190//5363 3256//5363 3185//5363
f 3185//5364 3256//5364 3257//5364
f 3185//5365 3257//5365 3186//5365
f 3186//5366 3257//5366 3258//5366
f 3186//5367 3258//5367 3187//5367
f 3187//5368 3258//5368 3259//5368
f 3187//5369 3259//5369 3188//5369
f 3188//5370 3259//5370 3260//5370
f 2026//5371 3261//5371 3262//5371
f 2689//5372 3188//5372 3174//5372
f 3179//5373 3177//5373 3263//5373
f 3263//5374 3177//5374 3174//5374
f 3211//5375 3183//5375 3181//5375
f 3211//5376 3181//5376 3210//5376
f 3183//5377 3211//5377 2672//5377
f 2672//5378 3211//5378 2716//5378
f 2011//5379 3264//5379 2253//5379
f 2253//5380 3264//5380 2019//5380
f 2248//5381 2019//5381 3264//5381
f 2026//5382 2245//5382 3261//5382
f 3261//5383 2245//5383 2248//5383
f 2011//5384 3205//5384 3264//5384
f 3264//5385 3205//5385 3206//5385
f 3264//5386 3206//5386 2248//5386
f 2248//5387 3206//5387 3207//5387
f 2248//5388 3207//5388 3261//5388
f 3261//5389 3207//5389 3208//5389
f 3261//5390 3208//5390 3262//5390
f 3262//5391 3208//5391 3209//5391
f 3262//5392 3209//5392 3265//5392
f 3265//5393 3209//5393 3210//5393
f 3265//5394 3210//5394 3181//5394
f 2025//5395 2026//5395 3266//5395
f 3266//5396 2026//5396 3262//5396
f 3266//5397 3262//5397 3263//5397
f 3263//5398 3262//5398 3265//5398
f 3263//5399 3265//5399 3179//5399
f 3179//5400 3265//5400 3181//5400
f 2009//5401 3224//5401 3220//5401
f 3220//5402 2006//5402 2258//5402
f 3220//5403 2258//5403 2009//5403
f 3219//5404 2000//5404 3218//5404
f 3218//5405 2000//5405 2006//5405
f 3218//5406 2006//5406 3220//5406
f 3217//5407 2254//5407 2000//5407
f 3217//5407 2000//5407 3219//5407
f 3217//5408 3205//5408 2254//5408
f 2254//5409 3205//5409 2011//5409
f 3267//5410 3268//5410 3269//5410
f 3268//5411 2794//5411 3271//5411
f 3271//5412 2794//5412 2795//5412
f 3271//5413 2795//5413 3272//5413
f 3272//5414 2795//5414 2796//5414
f 3272//5415 2796//5415 2797//5415
f 3269//5416 3268//5416 3271//5416
f 3269//5417 3271//5417 3273//5417
f 3273//5418 3271//5418 3272//5418
f 3273//5419 3272//5419 3274//5419
f 3274//5420 3272//5420 2797//5420
f 3274//5421 2797//5421 3222//5421
f 3222//5422 2797//5422 2760//5422
f 3223//5423 3274//5423 3222//5423
f 3275//5424 3267//5424 3269//5424
f 3275//5425 3269//5425 3276//5425
f 3276//5426 3269//5426 3273//5426
f 3276//5427 3273//5427 3270//5427
f 3270//5428 3273//5428 3274//5428
f 3270//5429 3274//5429 3224//5429
f 3224//5430 3274//5430 3223//5430
f 3277//5431 3278//5431 3233//5431
f 3279//5432 3280//5432 3277//5432
f 3277//5433 3280//5433 3278//5433
f 3278//5434 3280//5434 3281//5434
f 3282//5435 3279//5435 3283//5435
f 3284//5436 3285//5436 3283//5436
f 3282//5437 3283//5437 3286//5437
f 3286//5438 3283//5438 3285//5438
f 3286//5439 3285//5439 3287//5439
f 3233//5440 3278//5440 3225//5440
f 3225//5441 3278//5441 3281//5441
f 3225//5442 3281//5442 3242//5442
f 3235//5443 3288//5443 3233//5443
f 3233//5444 3288//5444 3284//5444
f 3233//5445 3284//5445 3277//5445
f 3277//5436 3284//5436 3283//5436
f 3277//5446 3283//5446 3279//5446
f 3289//5447 3287//5447 3290//5447
f 3290//5448 3287//5448 3285//5448
f 3290//5449 3285//5449 3291//5449
f 3291//5450 3285//5450 3284//5450
f 3291//5451 3284//5451 3288//5451
f 2022//5452 3266//5452 3263//5452
f 2129//5453 2130//5453 3292//5453
f 2135//5454 2022//5454 3293//5454
f 3294//5455 2126//5455 2129//5455
f 3294//5456 2129//5456 3295//5456
f 2126//5457 3294//5457 2127//5457
f 2127//5458 3294//5458 3296//5458
f 2127//5459 3296//5459 1932//5459
f 1932//5460 3296//5460 3297//5460
f 1932//5461 3297//5461 3298//5461
f 1932//5462 3298//5462 2182//5462
f 2182//5463 3298//5463 3299//5463
f 2182//5464 3299//5464 1935//5464
f 2022//5465 2242//5465 3266//5465
f 3266//5466 2242//5466 2025//5466
f 3293//5467 2022//5467 3263//5467
f 3293//5468 3263//5468 3300//5468
f 3300//5469 3263//5469 3174//5469
f 3300//5470 3174//5470 3260//5470
f 3260//5471 3174//5471 3188//5471
f 3260//5472 3255//5472 3300//5472
f 3300//5473 3255//5473 3301//5473
f 3300//5474 3301//5474 3293//5474
f 3293//5475 3301//5475 3292//5475
f 3293//5476 3292//5476 2135//5476
f 2135//5477 3292//5477 2130//5477
f 3255//5478 3250//5478 3301//5478
f 3301//5479 3250//5479 3302//5479
f 3301//5480 3302//5480 3292//5480
f 3292//5481 3302//5481 3295//5481
f 3292//5482 3295//5482 2129//5482
f 3242//5483 3299//5483 3241//5483
f 3241//5484 3299//5484 3298//5484
f 3241//5485 3298//5485 3240//5485
f 3240//5486 3298//5486 3297//5486
f 3240//5487 3297//5487 3239//5487
f 3239//5488 3297//5488 3296//5488
f 3239//5489 3296//5489 3238//5489
f 3238//5490 3296//5490 3294//5490
f 3238//5491 3294//5491 3237//5491
f 3237//5492 3294//5492 3295//5492
f 3237//5493 3295//5493 3236//5493
f 3236//5494 3295//5494 3302//5494
f 3236//5495 3302//5495 2778//5495
f 2778//5496 3302//5496 3250//5496
f 1990//5497 3267//5497 2240//5497
f 2240//5498 3267//5498 3275//5498
f 2240//5499 3275//5499 1987//5499
f 1987//5500 3275//5500 3276//5500
f 1987//5501 3276//5501 1985//5501
f 1985//5502 3276//5502 3270//5502
f 1985//5503 3270//5503 2260//5503
f 2260//5504 3270//5504 2009//5504
f 2009//5505 3270//5505 3224//5505
f 2820//5506 2794//5506 3305//5506
f 2820//5507 3305//5507 2819//5507
f 2818//5508 2819//5508 3306//5508
f 2817//5509 2818//5509 3307//5509
f 2794//5510 3268//5510 3305//5510
f 3305//5511 3268//5511 3308//5511
f 3308//5512 3268//5512 3267//5512
f 3308//5513 3267//5513 3309//5513
f 2819//5514 3305//5514 3306//5514
f 3306//5515 3305//5515 3308//5515
f 3306//5516 3308//5516 3310//5516
f 3310//5517 3308//5517 3304//5517
f 3304//5518 3308//5518 3309//5518
f 3304//5519 3309//5519 3303//5519
f 2818//5520 3306//5520 3307//5520
f 3307//5521 3306//5521 3310//5521
f 3307//5522 3310//5522 3311//5522
f 3311//5523 3310//5523 3304//5523
f 3311//5524 3304//5524 3312//5524
f 2817//5525 3307//5525 3313//5525
f 3313//5526 3307//5526 3311//5526
f 3313//5527 3311//5527 3314//5527
f 3314//5528 3311//5528 3312//5528
f 3314//5529 3312//5529 3315//5529
f 3316//5530 3317//5530 3318//5530
f 3319//5531 3282//5531 3286//5531
f 3286//5532 3320//5532 3319//5532
f 3319//5533 3320//5533 3321//5533
f 3321//5534 3320//5534 3316//5534
f 3321//5535 3316//5535 3322//5535
f 3322//5536 3316//5536 3318//5536
f 3323//5537 3317//5537 3324//5537
f 3324//5538 3317//5538 3316//5538
f 3324//5539 3316//5539 3320//5539
f 3324//5540 3320//5540 3287//5540
f 3287//5541 3320//5541 3286//5541
f 3325//5542 3323//5542 3324//5542
f 3325//5543 3324//5543 3326//5543
f 3326//5544 3324//5544 3289//5544
f 3289//5545 3324//5545 3287//5545
f 1935//5546 3299//5546 2184//5546
f 2184//5547 3299//5547 3327//5547
f 2184//5548 3327//5548 1941//5548
f 1941//5549 3327//5549 3328//5549
f 1941//5550 3328//5550 1945//5550
f 1945//5551 3328//5551 3329//5551
f 1945//5552 3329//5552 1950//5552
f 3330//5553 1950//5553 3329//5553
f 3299//5554 3242//5554 3327//5554
f 3327//5555 3242//5555 3281//5555
f 3327//5556 3281//5556 3280//5556
f 3327//5557 3280//5557 3328//5557
f 3328//5558 3280//5558 3329//5558
f 3282//5559 3330//5559 3279//5559
f 3279//5560 3330//5560 3329//5560
f 3279//5561 3329//5561 3280//5561
f 3312//5562 2232//5562 1998//5562
f 3312//5563 1998//5563 3315//5563
f 2232//5564 3312//5564 1996//5564
f 1996//5565 3312//5565 3304//5565
f 1996//5566 3304//5566 2234//5566
f 3303//5567 1992//5567 3304//5567
f 3304//5568 1992//5568 2234//5568
f 1992//5569 3303//5569 2235//5569
f 2235//5570 3303//5570 3309//5570
f 2235//5571 3309//5571 3267//5571
f 2235//5572 3267//5572 1990//5572
f 2864//5573 2594//5573 3331//5573
f 3331//5574 2594//5574 2861//5574
f 3331//5575 2861//5575 3332//5575
f 3332//5576 2861//5576 2860//5576
f 3332//5577 2860//5577 3333//5577
f 3333//5578 2860//5578 2859//5578
f 3333//5579 2859//5579 3334//5579
f 3334//5580 2859//5580 2857//5580
f 3334//5581 2857//5581 3335//5581
f 3335//5582 2857//5582 2856//5582
f 3335//5583 2856//5583 3336//5583
f 3336//5584 2856//5584 2854//5584
f 3336//5585 2854//5585 3313//5585
f 3313//5586 2854//5586 2817//5586
f 2866//5587 2864//5587 3337//5587
f 3337//5588 2864//5588 3331//5588
f 3337//5589 3331//5589 3338//5589
f 3338//5590 3331//5590 3332//5590
f 3338//5591 3332//5591 3339//5591
f 3339//5592 3332//5592 3333//5592
f 3339//5593 3333//5593 3340//5593
f 3340//5594 3333//5594 3334//5594
f 3340//5595 3334//5595 3341//5595
f 3341//5596 3334//5596 3335//5596
f 3341//5597 3335//5597 3342//5597
f 3342//5598 3335//5598 3336//5598
f 3342//5599 3336//5599 3314//5599
f 3314//5600 3336//5600 3313//5600
f 2869//5601 2866//5601 3343//5601
f 3343//5602 2866//5602 3337//5602
f 3343//5603 3337//5603 3344//5603
f 3344//5604 3337//5604 3338//5604
f 3344//5605 3338//5605 3345//5605
f 3345//5606 3338//5606 3339//5606
f 3345//5607 3339//5607 3346//5607
f 3346//5608 3339//5608 3340//5608
f 3346//5609 3340//5609 3347//5609
f 3347//5610 3340//5610 3341//5610
f 3347//5611 3341//5611 3348//5611
f 3348//5612 3341//5612 3342//5612
f 3348//5613 3342//5613 3315//5613
f 3315//5614 3342//5614 3314//5614
f 3072//5615 2822//5615 3350//5615
f 2822//5616 2874//5616 3350//5616
f 3350//5617 2874//5617 3349//5617
f 3349//5618 2874//5618 2611//5618
f 2869//5619 3351//5619 2870//5619
f 2870//5620 3351//5620 3352//5620
f 2870//5621 3352//5621 2862//5621
f 2862//5622 3352//5622 3353//5622
f 2862//5623 3353//5623 2599//5623
f 2599//5624 3353//5624 3349//5624
f 2599//5625 3349//5625 2611//5625
f 3082//5626 3072//5626 3354//5626
f 3354//5627 3072//5627 3350//5627
f 3354//5628 3350//5628 3355//5628
f 3355//5629 3350//5629 3349//5629
f 3355//5630 3349//5630 3356//5630
f 3356//5631 3349//5631 3353//5631
f 3356//5632 3353//5632 3357//5632
f 3357//5633 3353//5633 3352//5633
f 3357//5634 3352//5634 3358//5634
f 3358//5635 3352//5635 3351//5635
f 3359//5636 3360//5636 3323//5636
f 3361//5637 3362//5637 3363//5637
f 3364//5638 3360//5638 3365//5638
f 3365//5639 3360//5639 3359//5639
f 3365//5640 3359//5640 3366//5640
f 3367//5641 3362//5641 3361//5641
f 3367//5642 3361//5642 3368//5642
f 3323//5643 3360//5643 3317//5643
f 3317//5644 3360//5644 3364//5644
f 3317//5645 3364//5645 3318//5645
f 3325//5646 3369//5646 3323//5646
f 3323//5647 3369//5647 3368//5647
f 3323//5648 3368//5648 3359//5648
f 3359//5649 3368//5649 3361//5649
f 3359//5650 3361//5650 3366//5650
f 3366//5651 3361//5651 3363//5651
f 3370//5652 3367//5652 3371//5652
f 3371//5653 3367//5653 3372//5653
f 3372//5654 3367//5654 3368//5654
f 3372//5655 3368//5655 3369//5655
f 3330//5656 3373//5656 1950//5656
f 1950//5657 3373//5657 2191//5657
f 2191//5658 3373//5658 1947//5658
f 1947//5659 3373//5659 3374//5659
f 1947//5660 3374//5660 1946//5660
f 1946//5661 3374//5661 3375//5661
f 1946//5662 3375//5662 1955//5662
f 1955//5663 3375//5663 3376//5663
f 3318//5664 3376//5664 3322//5664
f 3322//5665 3376//5665 3375//5665
f 3322//5666 3375//5666 3321//5666
f 3321//5666 3375//5666 3374//5666
f 3321//5667 3374//5667 3319//5667
f 3319//5667 3374//5667 3373//5667
f 3319//5668 3373//5668 3282//5668
f 3282//5669 3373//5669 3330//5669
f 3377//5670 2229//5670 3378//5670
f 3378//5671 2229//5671 1977//5671
f 2224//5672 3379//5672 1977//5672
f 1977//5673 3379//5673 3378//5673
f 3377//5674 1998//5674 1982//5674
f 1982//5675 2227//5675 3377//5675
f 3377//5676 2227//5676 2229//5676
f 3351//5677 2869//5677 3380//5677
f 3380//5678 2869//5678 3343//5678
f 3380//5679 3343//5679 3381//5679
f 3381//5680 3343//5680 3344//5680
f 3381//5681 3344//5681 3382//5681
f 3382//5682 3344//5682 3345//5682
f 3382//5683 3345//5683 3379//5683
f 3379//5684 3345//5684 3346//5684
f 3379//5685 3346//5685 3378//5685
f 3378//5686 3346//5686 3347//5686
f 3378//5687 3347//5687 3377//5687
f 3377//5688 3347//5688 3348//5688
f 3377//5689 3348//5689 1998//5689
f 1998//5690 3348//5690 3315//5690
f 3358//5691 3351//5691 3383//5691
f 3383//5692 3351//5692 3380//5692
f 3383//5693 3380//5693 3384//5693
f 3384//5694 3380//5694 3381//5694
f 3384//5695 3381//5695 3385//5695
f 3385//5696 3381//5696 3382//5696
f 3385//5697 3382//5697 1969//5697
f 1969//5698 3382//5698 3379//5698
f 1969//5699 3379//5699 2224//5699
f 3131//5700 3082//5700 3354//5700
f 3135//5701 3131//5701 3386//5701
f 3139//5702 3135//5702 3387//5702
f 2895//5703 3139//5703 3388//5703
f 3131//5704 3354//5704 3386//5704
f 3386//5705 3354//5705 3355//5705
f 3386//5706 3355//5706 3389//5706
f 3389//5707 3355//5707 3356//5707
f 3389//5708 3356//5708 3390//5708
f 3390//5709 3356//5709 3357//5709
f 3390//5710 3357//5710 3391//5710
f 3391//5711 3357//5711 3358//5711
f 3391//5712 3358//5712 3392//5712
f 3135//5713 3386//5713 3387//5713
f 3387//5714 3386//5714 3389//5714
f 3387//5715 3389//5715 3393//5715
f 3393//5716 3389//5716 3390//5716
f 3393//5717 3390//5717 3394//5717
f 3394//5718 3390//5718 3391//5718
f 3394//5719 3391//5719 3395//5719
f 3395//5720 3391//5720 3392//5720
f 3395//5721 3392//5721 3396//5721
f 3139//5722 3387//5722 3388//5722
f 3388//5723 3387//5723 3393//5723
f 3388//5724 3393//5724 3397//5724
f 3397//5725 3393//5725 3394//5725
f 3397//5726 3394//5726 3398//5726
f 3398//5727 3394//5727 3395//5727
f 3398//5728 3395//5728 3399//5728
f 3399//5729 3395//5729 3396//5729
f 3399//5730 3396//5730 3400//5730
f 2895//5731 3388//5731 3157//5731
f 3157//5732 3388//5732 3397//5732
f 3157//5733 3397//5733 3159//5733
f 3159//5734 3397//5734 3398//5734
f 3159//5735 3398//5735 3161//5735
f 3161//5736 3398//5736 3399//5736
f 3161//5737 3399//5737 3163//5737
f 3163//5738 3399//5738 3400//5738
f 3163//5739 3400//5739 3165//5739
f 3401//5740 3172//5740 3167//5740
f 3362//5741 3367//5741 3402//5741
f 3403//5742 3402//5742 3404//5742
f 3164//5743 3405//5743 3167//5743
f 3167//5744 3405//5744 3406//5744
f 3406//5745 3405//5745 3407//5745
f 3406//5746 3407//5746 3403//5746
f 3407//5747 3408//5747 3403//5747
f 3403//5748 3408//5748 3402//5748
f 3402//5749 3408//5749 3409//5749
f 3402//5750 3409//5750 3362//5750
f 3362//5751 3409//5751 3363//5751
f 3367//5752 3370//5752 3402//5752
f 3402//5753 3370//5753 3404//5753
f 3164//5754 3165//5754 3405//5754
f 3405//5755 3165//5755 3410//5755
f 3405//5756 3410//5756 3407//5756
f 3407//5757 3410//5757 3411//5757
f 3407//5758 3411//5758 3412//5758
f 3407//5759 3412//5759 3408//5759
f 3408//5760 3412//5760 3413//5760
f 3408//5761 3413//5761 3414//5761
f 3408//5762 3414//5762 3409//5762
f 3409//5763 3414//5763 3415//5763
f 3409//5764 3415//5764 3363//5764
f 3404//5765 3416//5765 3403//5765
f 3403//5766 3416//5766 3406//5766
f 3406//5767 3416//5767 3401//5767
f 3406//5768 3401//5768 3167//5768
f 3417//5769 1958//5769 3376//5769
f 3376//5770 1958//5770 1955//5770
f 2189//5771 3418//5771 1959//5771
f 1959//5772 3418//5772 3419//5772
f 1959//5773 3419//5773 2179//5773
f 2179//5774 3419//5774 1963//5774
f 3376//5775 3318//5775 3417//5775
f 3417//5776 3318//5776 3364//5776
f 3417//5777 3364//5777 3418//5777
f 3418//5778 3364//5778 3365//5778
f 3366//5779 3363//5779 3420//5779
f 1958//5780 3417//5780 2189//5780
f 2189//5781 3417//5781 3418//5781
f 3418//5782 3365//5782 3419//5782
f 3419//5783 3365//5783 3366//5783
f 3419//5784 3366//5784 3420//5784
f 3419//5785 3420//5785 1963//5785
f 3420//5786 3363//5786 3415//5786
f 3421//5787 2185//5787 3422//5787
f 3422//5788 2185//5788 1963//5788
f 3421//5789 1937//5789 2185//5789
f 1937//5790 3421//5790 2170//5790
f 2170//5791 3421//5791 3423//5791
f 2170//5792 3423//5792 2169//5792
f 2169//5793 3423//5793 3424//5793
f 2169//5794 3424//5794 2167//5794
f 2167//5795 3424//5795 3425//5795
f 2167//5796 3425//5796 2165//5796
f 1970//5797 2162//5797 3426//5797
f 3392//5798 3358//5798 3427//5798
f 3427//5799 3358//5799 3383//5799
f 3427//5800 3383//5800 3428//5800
f 3428//5801 3383//5801 3384//5801
f 3428//5802 3384//5802 1974//5802
f 1974//5803 3384//5803 3385//5803
f 1974//5804 3385//5804 1969//5804
f 3396//5805 3392//5805 3429//5805
f 3429//5806 3392//5806 3427//5806
f 3429//5807 3427//5807 3426//5807
f 3426//5808 3427//5808 3428//5808
f 3426//5809 3428//5809 1970//5809
f 1970//5810 3428//5810 1974//5810
f 3400//5811 3396//5811 3430//5811
f 3430//5812 3396//5812 3429//5812
f 3430//5813 3429//5813 3425//5813
f 3425//5814 3429//5814 3426//5814
f 3425//5815 3426//5815 2165//5815
f 2165//5816 3426//5816 2162//5816
f 3165//5817 3400//5817 3410//5817
f 3410//5818 3400//5818 3430//5818
f 3410//5819 3430//5819 3411//5819
f 3411//5820 3430//5820 3425//5820
f 3411//5821 3425//5821 3412//5821
f 3412//5822 3425//5822 3424//5822
f 3412//5823 3424//5823 3413//5823
f 3413//5824 3424//5824 3423//5824
f 3413//5825 3423//5825 3414//5825
f 3414//5826 3423//5826 3421//5826
f 3414//5827 3421//5827 3415//5827
f 3415//5828 3421//5828 3422//5828
f 3415//5829 3422//5829 3420//5829
f 3420//5830 3422//5830 1963//5830
f 2213//5831 3028//5831 3059//5831
f 3057//5832 2201//5832 3059//5832
f 3059//5833 2201//5833 2211//5833
f 3059//5834 2211//5834 2213//5834
f 3061//5835 2202//5835 3062//5835
f 3062//5836 2202//5836 2201//5836
f 3062//5837 2201//5837 3057//5837
f 2208//5838 3009//5838 2219//5838
f 2219//5839 3009//5839 3030//5839
f 2219//5840 3030//5840 2213//5840
f 2213//5841 3030//5841 3028//5841
f 2197//5842 2953//5842 3002//5842
f 2197//5842 3002//5842 2216//5842
f 2216//5843 3002//5843 3003//5843
f 2216//5844 3003//5844 2207//5844
f 3009//5845 2208//5845 3004//5845
f 3004//5846 2208//5846 2207//5846
f 3004//5847 2207//5847 3003//5847
f 2147//5848 2727//5848 2148//5848
f 2727//5849 2949//5849 2148//5849
f 2148//5850 2949//5850 2965//5850
f 2148//5851 2965//5851 2196//5851
f 2196//5852 2965//5852 2195//5852
f 2953//5853 2197//5853 2967//5853
f 2967//5854 2197//5854 2195//5854
f 2967//5855 2195//5855 2965//5855
f 3431//5856 2137//5856 2136//5856
f 2137//5857 2722//5857 2141//5857
f 2141//5858 2722//5858 2142//5858
f 2142//5859 2722//5859 2730//5859
f 2728//5860 2727//5860 2147//5860
f 2147//5861 2144//5861 2728//5861
f 2728//5862 2144//5862 2730//5862
f 2730//5863 2144//5863 2142//5863
f 2722//5864 2137//5864 3431//5864
f 2722//5865 3431//5865 2723//5865
f 2723//5866 3431//5866 3432//5866
f 2723//5867 3432//5867 2725//5867
f 2128//5868 2768//5868 2131//5868
f 2131//5869 2768//5869 2766//5869
f 2131//5870 2766//5870 2132//5870
f 2132//5871 2766//5871 2765//5871
f 2132//5872 2765//5872 2133//5872
f 2133//5873 2765//5873 2769//5873
f 2725//5874 3432//5874 2769//5874
f 2769//5875 3432//5875 3433//5875
f 2769//5876 3433//5876 2134//5876
f 2769//5877 2134//5877 2133//5877
f 2181//5878 3235//5878 3234//5878
f 2181//5879 3234//5879 2183//5879
f 2183//5880 3234//5880 2174//5880
f 3243//5881 2768//5881 2128//5881
f 3234//5882 3245//5882 2174//5882
f 2174//5883 3245//5883 3244//5883
f 2174//5884 3244//5884 2173//5884
f 2173//5885 3244//5885 2125//5885
f 2125//5886 3244//5886 3243//5886
f 2125//5887 3243//5887 2128//5887
f 2190//5888 3289//5888 3290//5888
f 3291//5889 2180//5889 3290//5889
f 3290//5890 2180//5890 2188//5890
f 3290//5891 2188//5891 2190//5891
f 3235//5892 2181//5892 3288//5892
f 3288//5893 2181//5893 2180//5893
f 3288//5894 2180//5894 3291//5894
f 2187//5895 3325//5895 2192//5895
f 2192//5896 3325//5896 3326//5896
f 2192//5897 3326//5897 2190//5897
f 2190//5898 3326//5898 3289//5898
f 2178//5899 3370//5899 3371//5899
f 2178//5899 3371//5899 2177//5899
f 2177//5900 3371//5900 3372//5900
f 2177//5901 3372//5901 2186//5901
f 3325//5902 2187//5902 3369//5902
f 3369//5903 2187//5903 2186//5903
f 3369//5904 2186//5904 3372//5904
f 2171//5905 3172//5905 2172//5905
f 3172//5906 3401//5906 2172//5906
f 2172//5907 3401//5907 3416//5907
f 2172//5908 3416//5908 2176//5908
f 2176//5909 3416//5909 2175//5909
f 3370//5910 2178//5910 3404//5910
f 3404//5911 2178//5911 2175//5911
f 3404//5912 2175//5912 3416//5912
f 3434//5913 2161//5913 2163//5913
f 2161//5914 3169//5914 2164//5914
f 2164//5915 3169//5915 2166//5915
f 2166//5916 3169//5916 3170//5916
f 3171//5917 3172//5917 2171//5917
f 2171//5918 2168//5918 3171//5918
f 3171//5919 2168//5919 3170//5919
f 3170//5920 2168//5920 2166//5920
f 3169//5921 2161//5921 3434//5921
f 3169//5922 3434//5922 3168//5922
f 3168//5923 3434//5923 3435//5923
f 3168//5924 3435//5924 2897//5924
f 2154//5925 2878//5925 2157//5925
f 2157//5926 2878//5926 2885//5926
f 2157//5927 2885//5927 2150//5927
f 2150//5928 2885//5928 2891//5928
f 2150//5929 2891//5929 2890//5929
f 2150//5930 2890//5930 2151//5930
f 2897//5931 3435//5931 2890//5931
f 2890//5932 3435//5932 3436//5932
f 2890//5933 3436//5933 2151//5933
f 2202//5934 3061//5934 3117//5934
f 2202//5935 3117//5935 2204//5935
f 2204//5936 3117//5936 2194//5936
f 3118//5937 2878//5937 2154//5937
f 3117//5938 3121//5938 2194//5938
f 2194//5939 3121//5939 3120//5939
f 2194//5940 3120//5940 2193//5940
f 2193//5941 3120//5941 2156//5941
f 2156//5942 3120//5942 3118//5942
f 2156//5943 3118//5943 2154//5943
f 2151//5944 3436//5944 3435//5944
f 2151//5945 3435//5945 3434//5945
f 2151//5946 3434//5946 2163//5946
f 2134//5947 3433//5947 3432//5947
f 2134//5948 3432//5948 3431//5948
f 2134//5949 3431//5949 2136//5949
f 2149//5950 3437//5950 3438//5950
f 3438//3038 3437//3038 3440//3038
f 3440//5951 3437//5951 2198//5951
f 3441//5952 2149//5952 3438//5952
f 3440//5953 2198//5953 3442//5953
f 3442//5954 2198//5954 3443//5954
f 3442//845 3443//845 3444//845
f 3444//2897 3443//2897 3445//2897
f 3444//2897 3445//2897 3446//2897
f 3446//2897 3445//2897 3447//2897
f 3446//2897 3447//2897 3448//2897
f 2155//5955 3439//5955 3449//5955
f 3449//5956 3439//5956 3450//5956
f 3449//3038 3450//3038 2205//3038
f 2205//5957 3450//5957 3451//5957
f 2205//3046 3451//3046 3452//3046
f 3452//5958 3451//5958 3453//5958
f 3452//5958 3453//5958 3454//5958
f 3452//3046 3454//3046 3455//3046
f 3455//845 3454//845 3456//845
f 3455//2935 3456//2935 3457//2935
f 3457//399 3456//399 3458//399
f 3457//5957 3458//5957 2212//5957
f 3448//512 3447//512 3459//512
f 3459//2897 3447//2897 2209//2897
f 3460//3038 3461//3038 3462//3038
f 3462//845 3461//845 2209//845
f 2209//512 3461//512 3459//512
f 3458//3043 3463//3043 2212//3043
f 2212//512 3463//512 3464//512
f 2212//845 3464//845 3465//845
f 3465//845 3464//845 3460//845
f 3460//399 3464//399 3461//399
f 3466//5959 2160//5959 3467//5959
f 3467//5960 2160//5960 3468//5960
f 3467//5961 3468//5961 3469//5961
f 3469//5962 3468//5962 3470//5962
f 3470//5963 3468//5963 3471//5963
f 3470//5964 3471//5964 3472//5964
f 3472//5965 3471//5965 3473//5965
f 3472//5966 3473//5966 3474//5966
f 3472//5967 3474//5967 3475//5967
f 3475//5968 3474//5968 3476//5968
f 3476//5969 3474//5969 3477//5969
f 3476//5970 3477//5970 3478//5970
f 3477//5971 3479//5971 3478//5971
f 3478//5972 3479//5972 3480//5972
f 3478//5973 3480//5973 3481//5973
f 3481//5974 3480//5974 3482//5974
f 3481//5975 3482//5975 3483//5975
f 3483//5976 3482//5976 3484//5976
f 3483//5977 3484//5977 3485//5977
f 3485//5978 3484//5978 3486//5978
f 3485//5979 3486//5979 3487//5979
f 3487//5980 3486//5980 3488//5980
f 3487//5981 3488//5981 3489//5981
f 3489//5982 3488//5982 3490//5982
f 3489//5983 3490//5983 3491//5983
f 3491//5984 3490//5984 3492//5984
f 3493//5985 3494//5985 2139//5985
f 2139//5986 3494//5986 3495//5986
f 3495//5987 3494//5987 3496//5987
f 3496//5988 3494//5988 3497//5988
f 3496//5989 3497//5989 3498//5989
f 3498//5990 3497//5990 3499//5990
f 3498//5991 3499//5991 3500//5991
f 3500//5992 3499//5992 3501//5992
f 3501//5993 3499//5993 3502//5993
f 3501//5994 3502//5994 3503//5994
f 3503//5995 3502//5995 3504//5995
f 3503//5996 3504//5996 3505//5996
f 3505//5997 3504//5997 3506//5997
f 3505//5998 3506//5998 3507//5998
f 3507//5999 3506//5999 3508//5999
f 3507//6000 3508//6000 3509//6000
f 3509//6001 3508//6001 3510//6001
f 3510//6002 3508//6002 3511//6002
f 3510//6003 3511//6003 3512//6003
f 3512//6004 3511//6004 3513//6004
f 3512//6005 3513//6005 3514//6005
f 3514//6006 3513//6006 3491//6006
f 3514//6007 3491//6007 3492//6007
f 3493//6008 2139//6008 3515//6008
f 3516//6009 3517//6009 3518//6009
f 3518//6010 3517//6010 3515//6010
f 3515//6011 3517//6011 3493//6011
f 3516//6012 3518//6012 3519//6012
f 3516//6013 3519//6013 3520//6013
f 3520//6014 3519//6014 3521//6014
f 3520//6015 3521//6015 3522//6015
f 3521//6016 3523//6016 3522//6016
f 3522//6017 3523//6017 3441//6017
f 3441//6018 3523//6018 2149//6018
f 2155//6019 3524//6019 3439//6019
f 3439//6020 3524//6020 3525//6020
f 3525//6021 3524//6021 3526//6021
f 3526//6022 3524//6022 3527//6022
f 3526//6023 3527//6023 3528//6023
f 3528//6024 3527//6024 3529//6024
f 3466//6025 3530//6025 2160//6025
f 3530//6026 3466//6026 3531//6026
f 3530//6027 3531//6027 3529//6027
f 3529//6028 3531//6028 3528//6028
f 3501//6029 3503//6029 3532//6029
f 3532//6030 3503//6030 3533//6030
f 3534//6031 3501//6031 3532//6031
f 3498//6032 3534//6032 3496//6032
f 3534//6033 3498//6033 3500//6033
f 3534//6034 3500//6034 3501//6034
f 3535//6035 3512//6035 3514//6035
f 3535//6036 3514//6036 3536//6036
f 3512//6037 3535//6037 3510//6037
f 3510//6038 3535//6038 3537//6038
f 3510//6039 3537//6039 3509//6039
f 3509//6040 3537//6040 3538//6040
f 3509//6041 3538//6041 3507//6041
f 3507//6042 3538//6042 3505//6042
f 3505//6043 3538//6043 3533//6043
f 3505//6044 3533//6044 3503//6044
f 2149//6045 3523//6045 3539//6045
f 3539//6046 2139//6046 3495//6046
f 2139//6047 3539//6047 3515//6047
f 3515//6048 3539//6048 3518//6048
f 3539//6049 3523//6049 3521//6049
f 3539//6050 3521//6050 3519//6050
f 3539//6051 3519//6051 3518//6051
f 3541//6052 2198//6052 3542//6052
f 3542//6053 2198//6053 3437//6053
f 3540//6054 3542//6054 3437//6054
f 3540//6055 3437//6055 2149//6055
f 3540//6056 2149//6056 3539//6056
f 3540//6057 3539//6057 3496//6057
f 3496//6058 3539//6058 3495//6058
f 3533//6059 3541//6059 3532//6059
f 3532//6060 3541//6060 3542//6060
f 3532//6061 3542//6061 3534//6061
f 3534//6062 3542//6062 3540//6062
f 3534//6063 3540//6063 3496//6063
f 3543//6064 3492//6064 3544//6064
f 3492//6065 3543//6065 3514//6065
f 3514//6066 3543//6066 3536//6066
f 3544//6067 3492//6067 3490//6067
f 3544//6068 3490//6068 3545//6068
f 3545//6069 3490//6069 3546//6069
f 3546//6070 3490//6070 3488//6070
f 3443//6071 3549//6071 3445//6071
f 3445//6072 3549//6072 3550//6072
f 3445//6073 3550//6073 3551//6073
f 3445//6074 3551//6074 3447//6074
f 3447//6075 3551//6075 3552//6075
f 3447//6076 3552//6076 3547//6076
f 3447//6077 3547//6077 2209//6077
f 3443//6078 2198//6078 3549//6078
f 3549//6079 2198//6079 3541//6079
f 3547//6080 3548//6080 2209//6080
f 3536//6081 3548//6081 3535//6081
f 3535//6082 3548//6082 3547//6082
f 3535//6083 3547//6083 3537//6083
f 3537//6084 3547//6084 3552//6084
f 3537//6085 3552//6085 3551//6085
f 3537//6086 3551//6086 3538//6086
f 3538//6087 3551//6087 3550//6087
f 3538//6088 3550//6088 3549//6088
f 3538//6089 3549//6089 3533//6089
f 3533//6090 3549//6090 3541//6090
f 3479//6091 3553//6091 3480//6091
f 3480//6092 3553//6092 3554//6092
f 3555//6093 3482//6093 3554//6093
f 3554//6094 3482//6094 3480//6094
f 3555//6095 3486//6095 3484//6095
f 3555//6096 3484//6096 3482//6096
f 3556//6097 3486//6097 3555//6097
f 3546//6098 3488//6098 3556//6098
f 3556//6099 3488//6099 3486//6099
f 3559//6100 3560//6100 3462//6100
f 3462//6101 3560//6101 3460//6101
f 2212//6102 3465//6102 3557//6102
f 3557//6103 3465//6103 3560//6103
f 3560//6104 3465//6104 3460//6104
f 3462//6105 2209//6105 3559//6105
f 3559//6106 2209//6106 3548//6106
f 3557//6107 3558//6107 2212//6107
f 3546//6108 3558//6108 3545//6108
f 3545//6109 3558//6109 3557//6109
f 3545//6110 3557//6110 3544//6110
f 3544//6111 3557//6111 3560//6111
f 3544//6112 3560//6112 3543//6112
f 3543//6113 3560//6113 3559//6113
f 3543//6114 3559//6114 3536//6114
f 3536//6115 3559//6115 3548//6115
f 3563//6116 3455//6116 3564//6116
f 3564//6117 3455//6117 3457//6117
f 3564//6118 3457//6118 3565//6118
f 3565//6119 3457//6119 3566//6119
f 2205//6120 3452//6120 3561//6120
f 3561//6121 3452//6121 3563//6121
f 3563//6122 3452//6122 3455//6122
f 3457//6123 2212//6123 3566//6123
f 3566//6124 2212//6124 3558//6124
f 3566//6125 3567//6125 3565//6125
f 3565//6126 3567//6126 3564//6126
f 3564//6127 3567//6127 3563//6127
f 3561//6128 3562//6128 2205//6128
f 3553//6129 3562//6129 3554//6129
f 3554//6130 3562//6130 3561//6130
f 3554//6131 3561//6131 3563//6131
f 3554//6132 3563//6132 3555//6132
f 3555//6133 3563//6133 3567//6133
f 3555//6134 3567//6134 3556//6134
f 3556//6135 3567//6135 3566//6135
f 3556//6136 3566//6136 3546//6136
f 3546//6137 3566//6137 3558//6137
f 3568//6138 3473//6138 3471//6138
f 3473//6139 3568//6139 3474//6139
f 3474//6140 3568//6140 3569//6140
f 3474//6141 3569//6141 3477//6141
f 3477//6142 3569//6142 3479//6142
f 3479//6143 3569//6143 3553//6143
f 3570//6144 3530//6144 3529//6144
f 3529//6145 3527//6145 3570//6145
f 3570//6146 3527//6146 3524//6146
f 3570//6147 2160//6147 3530//6147
f 3471//6148 3468//6148 3570//6148
f 3570//6149 3468//6149 2160//6149
f 3570//6150 3524//6150 2155//6150
f 3570//6151 2155//6151 3571//6151
f 3571//6152 2155//6152 3572//6152
f 3572//6153 2155//6153 3449//6153
f 3562//6154 3572//6154 3449//6154
f 3562//6155 3449//6155 2205//6155
f 3553//6156 3569//6156 3562//6156
f 3562//6157 3569//6157 3572//6157
f 3572//6158 3569//6158 3568//6158
f 3572//6159 3568//6159 3571//6159
f 3571//6160 3568//6160 3570//6160
f 3570//6161 3568//6161 3471//6161
f 3573//6162 3499//6162 3497//6162
f 3504//6163 3502//6163 3574//6163
f 3574//6164 3502//6164 3573//6164
f 3573//6165 3502//6165 3499//6165
f 3504//6166 3574//6166 3575//6166
f 3504//6167 3575//6167 3506//6167
f 3506//6168 3575//6168 3576//6168
f 3506//6169 3576//6169 3508//6169
f 3508//6170 3576//6170 3577//6170
f 3508//6171 3577//6171 3511//6171
f 3511//6172 3577//6172 3578//6172
f 3511//6173 3578//6173 3513//6173
f 3513//6174 3578//6174 3579//6174
f 3580//6175 3581//6175 3575//6175
f 3441//6176 3438//6176 3582//6176
f 3582//6177 3438//6177 3580//6177
f 3580//6178 3438//6178 3581//6178
f 3581//6179 3438//6179 3440//6179
f 3583//6180 3522//6180 3582//6180
f 3582//6181 3522//6181 3441//6181
f 3516//6182 3520//6182 3583//6182
f 3583//6183 3520//6183 3522//6183
f 3493//6184 3517//6184 3583//6184
f 3583//6185 3517//6185 3516//6185
f 3583//6186 3494//6186 3493//6186
f 3582//6187 3573//6187 3583//6187
f 3583//6188 3573//6188 3497//6188
f 3583//6189 3497//6189 3494//6189
f 3575//6190 3574//6190 3580//6190
f 3580//6191 3574//6191 3582//6191
f 3582//6192 3574//6192 3573//6192
f 3513//6193 3579//6193 3584//6193
f 3513//6194 3584//6194 3491//6194
f 3491//6195 3584//6195 3585//6195
f 3491//6196 3585//6196 3586//6196
f 3491//6197 3586//6197 3489//6197
f 3489//6198 3586//6198 3587//6198
f 3489//6199 3587//6199 3487//6199
f 3588//6200 3589//6200 3446//6200
f 3446//6201 3589//6201 3590//6201
f 3446//6202 3448//6202 3588//6202
f 3588//6203 3448//6203 3591//6203
f 3591//6204 3448//6204 3459//6204
f 3442//6205 3444//6205 3590//6205
f 3590//6206 3444//6206 3446//6206
f 3590//6207 3592//6207 3442//6207
f 3442//6208 3592//6208 3581//6208
f 3442//6209 3581//6209 3440//6209
f 3591//6210 3579//6210 3588//6210
f 3588//6211 3579//6211 3578//6211
f 3588//6212 3578//6212 3593//6212
f 3593//6213 3578//6213 3577//6213
f 3593//6214 3577//6214 3590//6214
f 3590//6215 3577//6215 3576//6215
f 3590//6216 3576//6216 3592//6216
f 3592//6217 3576//6217 3581//6217
f 3581//6218 3576//6218 3575//6218
f 3589//6219 3588//6219 3593//6219
f 3589//6220 3593//6220 3590//6220
f 3594//6221 3487//6221 3587//6221
f 3595//6222 3485//6222 3594//6222
f 3594//6223 3485//6223 3487//6223
f 3596//6224 3481//6224 3483//6224
f 3596//6225 3483//6225 3595//6225
f 3595//6226 3483//6226 3485//6226
f 3481//6227 3596//6227 3597//6227
f 3481//6228 3597//6228 3478//6228
f 3478//6229 3597//6229 3598//6229
f 3463//6230 3599//6230 3464//6230
f 3464//6231 3599//6231 3600//6231
f 3464//6232 3600//6232 3601//6232
f 3464//6233 3601//6233 3461//6233
f 3461//6234 3601//6234 3602//6234
f 3461//6235 3602//6235 3591//6235
f 3461//6236 3591//6236 3459//6236
f 3599//6237 3587//6237 3600//6237
f 3600//6238 3587//6238 3586//6238
f 3600//6239 3586//6239 3601//6239
f 3601//6240 3586//6240 3585//6240
f 3601//6241 3585//6241 3602//6241
f 3602//6242 3585//6242 3584//6242
f 3602//6243 3584//6243 3591//6243
f 3591//6244 3584//6244 3579//6244
f 3451//6245 3603//6245 3604//6245
f 3451//6246 3604//6246 3453//6246
f 3605//6247 3454//6247 3604//6247
f 3604//6248 3454//6248 3453//6248
f 3454//6249 3605//6249 3606//6249
f 3454//6250 3606//6250 3456//6250
f 3456//6251 3606//6251 3607//6251
f 3456//6252 3607//6252 3458//6252
f 3599//6253 3463//6253 3607//6253
f 3607//6254 3463//6254 3458//6254
f 3603//6255 3598//6255 3604//6255
f 3604//6256 3598//6256 3597//6256
f 3604//6257 3597//6257 3608//6257
f 3608//6257 3597//6257 3596//6257
f 3608//6258 3596//6258 3595//6258
f 3608//6259 3595//6259 3606//6259
f 3606//6260 3595//6260 3607//6260
f 3607//6261 3595//6261 3594//6261
f 3607//6262 3594//6262 3599//6262
f 3599//6263 3594//6263 3587//6263
f 3605//6264 3604//6264 3608//6264
f 3605//6265 3608//6265 3606//6265
f 3478//6266 3598//6266 3476//6266
f 3476//6267 3598//6267 3609//6267
f 3609//6268 3475//6268 3476//6268
f 3610//6269 3472//6269 3609//6269
f 3609//6270 3472//6270 3475//6270
f 3610//6271 3470//6271 3472//6271
f 3609//6272 3598//6272 3603//6272
f 3611//6273 3466//6273 3467//6273
f 3611//6274 3467//6274 3469//6274
f 3466//6275 3612//6275 3531//6275
f 3612//6276 3525//6276 3526//6276
f 3612//6277 3526//6277 3528//6277
f 3612//6275 3528//6275 3531//6275
f 3525//6278 3612//6278 3613//6278
f 3525//6279 3613//6279 3439//6279
f 3450//6280 3439//6280 3613//6280
f 3603//6281 3451//6281 3450//6281
f 3614//6282 3613//6282 3609//6282
f 3609//6283 3603//6283 3614//6283
f 3469//6284 3470//6284 3611//6284
f 3611//6285 3470//6285 3610//6285
f 3611//6286 3610//6286 3613//6286
f 3613//6287 3610//6287 3609//6287
f 3603//6288 3450//6288 3614//6288
f 3614//6289 3450//6289 3613//6289
f 3613//6290 3612//6290 3611//6290
f 3611//6291 3612//6291 3466//6291
f 3615//6292 3616//6292 3617//6292
f 3617//6293 3616//6293 3618//6293
f 3615//6294 3617//6294 3619//6294
f 3615//6295 3619//6295 3620//6295
f 3620//6296 3619//6296 3621//6296
f 3622//6297 3623//6297 3624//6297
f 3624//6298 3623//6298 3625//6298
f 3624//6299 3625//6299 3626//6299
f 3626//6300 3625//6300 3627//6300
f 3626//6301 3627//6301 3628//6301
f 3628//6302 3627//6302 3629//6302
f 3628//6303 3629//6303 3630//6303
f 3628//6304 3630//6304 3631//6304
f 3631//6305 3630//6305 3632//6305
f 3631//6306 3632//6306 3621//6306
f 3621//6307 3632//6307 3633//6307
f 3621//6308 3633//6308 3620//6308
f 3634//6309 3635//6309 3622//6309
f 3622//6310 3635//6310 3623//6310
f 3636//6311 3637//6311 3638//6311
f 3638//6312 3637//6312 3639//6312
f 3638//6313 3639//6313 3634//6313
f 3634//6314 3639//6314 3635//6314
f 3641//6315 3640//6315 3642//6315
f 3640//6316 3643//6316 3642//6316
f 3642//6317 3643//6317 3644//6317
f 3644//6318 3643//6318 3645//6318
f 3644//6319 3645//6319 3636//6319
f 3636//6320 3645//6320 3646//6320
f 3636//6321 3646//6321 3637//6321
f 3640//6322 3641//6322 3649//6322
f 3640//6323 3649//6323 3650//6323
f 3650//6324 3649//6324 3647//6324
f 3650//6325 3647//6325 3651//6325
f 3651//6326 3647//6326 3648//6326
f 3652//6327 3653//6327 3654//6327
f 3654//6328 3653//6328 3655//6328
f 3654//6329 3655//6329 3647//6329
f 3647//6330 3655//6330 3648//6330
f 3657//6331 3656//6331 3658//6331
f 3656//6332 3659//6332 3658//6332
f 3658//6333 3659//6333 3660//6333
f 3658//6334 3660//6334 3661//6334
f 3661//6335 3660//6335 3652//6335
f 3652//6336 3660//6336 3662//6336
f 3652//6337 3662//6337 3653//6337
f 3663//6338 3664//6338 3665//6338
f 3656//6339 3657//6339 3666//6339
f 3656//6340 3666//6340 3667//6340
f 3667//6341 3666//6341 3663//6341
f 3667//6342 3663//6342 3668//6342
f 3668//6343 3663//6343 3665//6343
f 3669//6344 3670//6344 3671//6344
f 3671//6345 3670//6345 3672//6345
f 3672//6346 3670//6346 3673//6346
f 3672//6347 3673//6347 3674//6347
f 3674//6348 3673//6348 3675//6348
f 3674//6349 3675//6349 3676//6349
f 3676//6350 3675//6350 3771//6350
f 3676//6351 3771//6351 3664//6351
f 3664//6352 3771//6352 3677//6352
f 3664//6353 3677//6353 3665//6353
f 3669//6354 3671//6354 3678//6354
f 3669//6355 3678//6355 3679//6355
f 3679//6356 3678//6356 3680//6356
f 3681//6357 3682//6357 3683//6357
f 3683//6358 3682//6358 3684//6358
f 3683//6359 3684//6359 3685//6359
f 3685//6360 3684//6360 3686//6360
f 3685//6361 3686//6361 3687//6361
f 3687//6362 3686//6362 3688//6362
f 3687//6363 3688//6363 3689//6363
f 3687//6364 3689//6364 3690//6364
f 3690//6365 3689//6365 3691//6365
f 3690//6366 3691//6366 3680//6366
f 3680//6367 3691//6367 3692//6367
f 3680//6368 3692//6368 3679//6368
f 3693//6369 3694//6369 3681//6369
f 3681//6370 3694//6370 3682//6370
f 3695//6371 3696//6371 3697//6371
f 3697//6372 3696//6372 3698//6372
f 3697//6373 3698//6373 3693//6373
f 3693//6374 3698//6374 3694//6374
f 3700//6375 3699//6375 3701//6375
f 3699//6376 3702//6376 3701//6376
f 3701//6377 3702//6377 3703//6377
f 3703//6378 3702//6378 3704//6378
f 3703//6379 3704//6379 3695//6379
f 3695//6380 3704//6380 3705//6380
f 3695//6381 3705//6381 3696//6381
f 3699//6382 3700//6382 3708//6382
f 3699//6383 3708//6383 3709//6383
f 3709//6384 3708//6384 3706//6384
f 3709//6385 3706//6385 3710//6385
f 3710//6386 3706//6386 3707//6386
f 3711//6387 3712//6387 3713//6387
f 3713//6388 3712//6388 3714//6388
f 3713//6389 3714//6389 3706//6389
f 3706//6390 3714//6390 3707//6390
f 3716//6391 3715//6391 3717//6391
f 3715//6392 3718//6392 3717//6392
f 3717//6393 3718//6393 3719//6393
f 3717//6394 3719//6394 3720//6394
f 3720//6395 3719//6395 3711//6395
f 3711//6396 3719//6396 3721//6396
f 3711//6397 3721//6397 3712//6397
f 3722//6398 3723//6398 3724//6398
f 3715//6399 3716//6399 3725//6399
f 3715//6400 3725//6400 3726//6400
f 3726//6401 3725//6401 3722//6401
f 3726//6402 3722//6402 3727//6402
f 3727//6403 3722//6403 3724//6403
f 3618//6404 3616//6404 3728//6404
f 3618//6405 3728//6405 3729//6405
f 3729//6406 3728//6406 3730//6406
f 3729//6407 3730//6407 3731//6407
f 3731//6408 3730//6408 3732//6408
f 3731//6409 3732//6409 3723//6409
f 3723//6410 3732//6410 3733//6410
f 3723//6411 3733//6411 3724//6411
f 3738//6412 3734//6412 3736//6412
f 3740//6413 3735//6413 3737//6413
f 3736//6414 3737//6414 3738//6414
f 3736//6415 3734//6415 3739//6415
f 3737//6416 3736//6416 3740//6416
f 3737//6417 3735//6417 3741//6417
f 3745//2008 3742//2008 3743//2008
f 3743//6418 3742//6418 3744//6418
f 3747//2008 3745//2008 3743//2008
f 3746//2008 3747//2008 3743//2008
f 3743//2008 3748//2008 3746//2008
f 3749//2008 3748//2008 3743//2008
f 3743//2008 3750//2008 3749//2008
f 3743//2008 3751//2008 3750//2008
f 3743//2008 3752//2008 3751//2008
f 3743//2008 3753//2008 3752//2008
f 3743//6418 3755//6418 3754//6418
f 3743//2008 3756//2008 3755//2008
f 3757//6418 3756//6418 3743//6418
f 3744//2008 3757//2008 3743//2008
f 3675//6419 3673//6419 3758//6419
f 3684//6420 3682//6420 3759//6420
f 3728//6421 3616//6421 3760//6421
f 3625//6422 3623//6422 3761//6422
f 3766//6423 3736//6423 3739//6423
f 3734//6424 3767//6424 3739//6424
f 3768//6425 3737//6425 3741//6425
f 3735//6426 3769//6426 3741//6426
f 3677//6427 3771//6427 3772//6427
f 3774//6428 3677//6428 3772//6428
f 3774//6429 3772//6429 3775//6429
f 3775//6430 3772//6430 3773//6430
f 3775//6431 3773//6431 3776//6431
f 3776//6432 3773//6432 3898//6432
f 3893//6433 3777//6433 3776//6433
f 3779//6434 3775//6434 3776//6434
f 3668//6435 3665//6435 3778//6435
f 3780//6436 3779//6436 3776//6436
f 3780//6437 3776//6437 3781//6437
f 3665//6438 3774//6438 3778//6438
f 3778//6439 3774//6439 3779//6439
f 3774//6440 3775//6440 3779//6440
f 3776//6441 3777//6441 3781//6441
f 3778//6442 3779//6442 3780//6442
f 3656//6443 3667//6443 3782//6443
f 3782//6444 3667//6444 3783//6444
f 3784//6445 3780//6445 3781//6445
f 3785//6446 3781//6446 3777//6446
f 3780//6447 3783//6447 3778//6447
f 3778//6448 3783//6448 3667//6448
f 3778//6449 3667//6449 3668//6449
f 3659//6450 3656//6450 3782//6450
f 3659//6451 3782//6451 3783//6451
f 3659//6452 3783//6452 3786//6452
f 3786//6453 3783//6453 3784//6453
f 3787//6454 3784//6454 3781//6454
f 3787//6455 3781//6455 3788//6455
f 3785//6456 3788//6456 3781//6456
f 3780//6457 3784//6457 3783//6457
f 3789//6458 3786//6458 3790//6458
f 3787//6459 3790//6459 3784//6459
f 3784//6460 3790//6460 3786//6460
f 3786//6461 3789//6461 3659//6461
f 3659//6462 3789//6462 3660//6462
f 3653//6463 3662//6463 3790//6463
f 3653//6464 3790//6464 3791//6464
f 3791//6465 3787//6465 3765//6465
f 3765//6466 3787//6466 3788//6466
f 3765//6467 3788//6467 3764//6467
f 3662//6468 3660//6468 3789//6468
f 3662//6469 3789//6469 3790//6469
f 3791//6470 3790//6470 3787//6470
f 3788//6471 3785//6471 3764//6471
f 3764//6472 3785//6472 3792//6472
f 3655//6473 3653//6473 3648//6473
f 3648//6474 3653//6474 3791//6474
f 3648//6475 3791//6475 3793//6475
f 3793//6476 3791//6476 3765//6476
f 3794//6477 3765//6477 3764//6477
f 3651//6478 3648//6478 3793//6478
f 3651//6479 3793//6479 3795//6479
f 3794//6480 3795//6480 3765//6480
f 3765//6481 3795//6481 3793//6481
f 3650//6482 3651//6482 3796//6482
f 3796//6483 3651//6483 3795//6483
f 3796//6484 3795//6484 3797//6484
f 3797//6485 3794//6485 3798//6485
f 3798//6486 3794//6486 3764//6486
f 3798//6487 3764//6487 3799//6487
f 3767//6488 3799//6488 3792//6488
f 3792//6489 3799//6489 3764//6489
f 3794//6490 3797//6490 3795//6490
f 3640//6491 3796//6491 3800//6491
f 3800//6492 3796//6492 3797//6492
f 3800//6493 3797//6493 3801//6493
f 3801//6494 3797//6494 3798//6494
f 3802//6495 3798//6495 3799//6495
f 3796//6496 3640//6496 3650//6496
f 3643//6497 3800//6497 3645//6497
f 3645//6498 3800//6498 3801//6498
f 3645//6499 3801//6499 3803//6499
f 3803//6500 3801//6500 3804//6500
f 3802//6501 3804//6501 3798//6501
f 3798//6502 3804//6502 3801//6502
f 3800//6503 3643//6503 3640//6503
f 3646//6504 3645//6504 3803//6504
f 3804//6505 3802//6505 3805//6505
f 3805//6506 3802//6506 3799//6506
f 3805//6507 3799//6507 3806//6507
f 3807//6508 3806//6508 3767//6508
f 3767//6509 3806//6509 3799//6509
f 3805//6510 3810//6510 3804//6510
f 3804//6511 3810//6511 3809//6511
f 3804//6512 3809//6512 3803//6512
f 3803//6513 3809//6513 3808//6513
f 3803//6514 3808//6514 3646//6514
f 3646//6515 3808//6515 3637//6515
f 3635//6516 3639//6516 3811//6516
f 3811//6517 3639//6517 3810//6517
f 3811//6518 3810//6518 3812//6518
f 3812//6519 3805//6519 3813//6519
f 3813//6520 3805//6520 3806//6520
f 3813//6521 3806//6521 3814//6521
f 3807//6522 3814//6522 3806//6522
f 3805//6523 3812//6523 3810//6523
f 3809//6524 3810//6524 3639//6524
f 3809//6525 3639//6525 3808//6525
f 3808//6526 3639//6526 3637//6526
f 3623//6527 3635//6527 3811//6527
f 3623//6528 3811//6528 3761//6528
f 3761//6529 3811//6529 3812//6529
f 3813//6530 3815//6530 3812//6530
f 3816//6531 3814//6531 3817//6531
f 3818//6532 3817//6532 3807//6532
f 3807//6533 3817//6533 3814//6533
f 3814//6534 3816//6534 3813//6534
f 3813//6535 3816//6535 3815//6535
f 3812//6536 3815//6536 3761//6536
f 3819//6537 3816//6537 3820//6537
f 3817//6538 3820//6538 3816//6538
f 3816//6539 3819//6539 3815//6539
f 3815//6540 3819//6540 3627//6540
f 3815//6541 3627//6541 3761//6541
f 3761//6542 3627//6542 3625//6542
f 3629//6543 3627//6543 3819//6543
f 3629//6544 3819//6544 3821//6544
f 3821//6545 3819//6545 3820//6545
f 3822//6546 3820//6546 3817//6546
f 3632//6547 3630//6547 3823//6547
f 3823//6548 3630//6548 3821//6548
f 3823//6549 3821//6549 3824//6549
f 3824//6550 3821//6550 3825//6550
f 3822//6551 3817//6551 3826//6551
f 3818//6552 3826//6552 3817//6552
f 3822//6553 3825//6553 3820//6553
f 3820//6554 3825//6554 3821//6554
f 3821//6555 3630//6555 3629//6555
f 3633//6556 3632//6556 3823//6556
f 3633//6557 3823//6557 3824//6557
f 3825//6558 3822//6558 3827//6558
f 3827//6559 3822//6559 3826//6559
f 3828//6560 3826//6560 3818//6560
f 3620//6561 3633//6561 3615//6561
f 3615//6562 3633//6562 3829//6562
f 3830//6563 3827//6563 3831//6563
f 3831//6564 3827//6564 3826//6564
f 3831//6565 3826//6565 3832//6565
f 3828//6566 3832//6566 3826//6566
f 3827//6567 3830//6567 3825//6567
f 3825//6568 3830//6568 3829//6568
f 3825//6569 3829//6569 3824//6569
f 3824//6570 3829//6570 3633//6570
f 3616//6571 3615//6571 3760//6571
f 3760//6572 3615//6572 3830//6572
f 3760//6573 3830//6573 3833//6573
f 3833//6574 3830//6574 3834//6574
f 3831//6575 3834//6575 3830//6575
f 3829//6576 3830//6576 3615//6576
f 3833//6577 3834//6577 3835//6577
f 3835//6578 3834//6578 3831//6578
f 3835//6579 3831//6579 3836//6579
f 3836//6580 3831//6580 3832//6580
f 3836//6581 3832//6581 3837//6581
f 3838//6582 3837//6582 3828//6582
f 3828//6583 3837//6583 3832//6583
f 3839//6584 3835//6584 3836//6584
f 3833//6585 3835//6585 3730//6585
f 3833//6586 3730//6586 3760//6586
f 3760//6587 3730//6587 3728//6587
f 3733//6588 3732//6588 3840//6588
f 3839//6589 3840//6589 3835//6589
f 3835//6590 3840//6590 3732//6590
f 3835//6591 3732//6591 3730//6591
f 3724//6592 3733//6592 3840//6592
f 3724//6593 3840//6593 3841//6593
f 3841//6594 3840//6594 3842//6594
f 3842//6595 3837//6595 3843//6595
f 3844//6596 3843//6596 3838//6596
f 3838//6597 3843//6597 3837//6597
f 3837//6598 3842//6598 3836//6598
f 3836//6599 3842//6599 3839//6599
f 3839//6600 3842//6600 3840//6600
f 3841//6601 3842//6601 3845//6601
f 3843//6602 3845//6602 3842//6602
f 3841//6603 3727//6603 3724//6603
f 3715//6604 3726//6604 3846//6604
f 3846//6605 3726//6605 3847//6605
f 3848//6606 3845//6606 3843//6606
f 3848//6607 3843//6607 3849//6607
f 3850//6608 3849//6608 3844//6608
f 3844//6609 3849//6609 3843//6609
f 3845//6610 3847//6610 3841//6610
f 3841//6611 3847//6611 3726//6611
f 3841//6612 3726//6612 3727//6612
f 3718//6613 3715//6613 3846//6613
f 3718//6614 3846//6614 3847//6614
f 3718//6615 3847//6615 3851//6615
f 3851//6616 3847//6616 3848//6616
f 3852//6617 3848//6617 3849//6617
f 3845//6618 3848//6618 3847//6618
f 3853//6619 3851//6619 3854//6619
f 3852//6620 3854//6620 3848//6620
f 3848//6621 3854//6621 3851//6621
f 3851//6622 3853//6622 3718//6622
f 3718//6623 3853//6623 3719//6623
f 3712//6624 3721//6624 3854//6624
f 3712//6625 3854//6625 3855//6625
f 3855//6626 3852//6626 3763//6626
f 3763//6627 3852//6627 3849//6627
f 3763//6628 3849//6628 3762//6628
f 3721//6629 3719//6629 3853//6629
f 3721//6630 3853//6630 3854//6630
f 3855//6631 3854//6631 3852//6631
f 3849//6632 3850//6632 3762//6632
f 3762//6633 3850//6633 3856//6633
f 3714//6634 3712//6634 3707//6634
f 3707//6635 3712//6635 3855//6635
f 3707//6636 3855//6636 3857//6636
f 3857//6637 3855//6637 3763//6637
f 3858//6638 3763//6638 3762//6638
f 3710//6639 3707//6639 3857//6639
f 3710//6640 3857//6640 3859//6640
f 3858//6641 3859//6641 3763//6641
f 3763//6642 3859//6642 3857//6642
f 3709//6643 3710//6643 3860//6643
f 3860//6644 3710//6644 3859//6644
f 3860//6645 3859//6645 3861//6645
f 3861//6646 3858//6646 3862//6646
f 3862//6647 3858//6647 3762//6647
f 3862//6648 3762//6648 3863//6648
f 3769//6649 3863//6649 3856//6649
f 3856//6650 3863//6650 3762//6650
f 3858//6651 3861//6651 3859//6651
f 3699//6652 3860//6652 3864//6652
f 3864//6653 3860//6653 3861//6653
f 3864//6654 3861//6654 3865//6654
f 3865//6655 3861//6655 3862//6655
f 3866//6656 3862//6656 3863//6656
f 3860//6657 3699//6657 3709//6657
f 3702//6658 3864//6658 3704//6658
f 3704//6659 3864//6659 3865//6659
f 3704//6660 3865//6660 3867//6660
f 3867//6661 3865//6661 3868//6661
f 3866//6662 3868//6662 3862//6662
f 3862//6663 3868//6663 3865//6663
f 3864//6664 3702//6664 3699//6664
f 3705//6665 3704//6665 3867//6665
f 3868//6666 3866//6666 3869//6666
f 3869//6667 3866//6667 3863//6667
f 3869//6668 3863//6668 3870//6668
f 3871//6669 3870//6669 3769//6669
f 3769//6670 3870//6670 3863//6670
f 3869//6671 3874//6671 3868//6671
f 3868//6672 3874//6672 3873//6672
f 3868//6673 3873//6673 3867//6673
f 3867//6674 3873//6674 3872//6674
f 3867//6675 3872//6675 3705//6675
f 3705//6676 3872//6676 3696//6676
f 3694//6677 3698//6677 3875//6677
f 3875//6678 3698//6678 3874//6678
f 3875//6679 3874//6679 3876//6679
f 3876//6680 3869//6680 3877//6680
f 3877//6681 3869//6681 3870//6681
f 3877//6682 3870//6682 3878//6682
f 3871//6683 3878//6683 3870//6683
f 3869//6684 3876//6684 3874//6684
f 3873//6685 3874//6685 3698//6685
f 3873//6686 3698//6686 3872//6686
f 3872//6687 3698//6687 3696//6687
f 3682//6688 3694//6688 3875//6688
f 3682//6689 3875//6689 3759//6689
f 3759//6690 3875//6690 3876//6690
f 3877//6691 3879//6691 3876//6691
f 3881//6692 3878//6692 3871//6692
f 3878//6693 3880//6693 3877//6693
f 3877//6694 3880//6694 3879//6694
f 3876//6695 3879//6695 3759//6695
f 3882//6696 3880//6696 3883//6696
f 3883//6697 3880//6697 3884//6697
f 3884//6698 3878//6698 3885//6698
f 3881//6699 3885//6699 3878//6699
f 3878//6700 3884//6700 3880//6700
f 3880//6701 3882//6701 3879//6701
f 3879//6702 3882//6702 3686//6702
f 3879//6703 3686//6703 3759//6703
f 3759//6704 3686//6704 3684//6704
f 3688//6705 3686//6705 3882//6705
f 3688//6706 3882//6706 3883//6706
f 3886//6707 3883//6707 3884//6707
f 3886//6708 3884//6708 3887//6708
f 3887//6709 3884//6709 3885//6709
f 3691//6710 3689//6710 3888//6710
f 3888//6711 3689//6711 3886//6711
f 3888//6712 3886//6712 3889//6712
f 3889//6713 3886//6713 3890//6713
f 3887//6714 3890//6714 3886//6714
f 3883//6715 3886//6715 3689//6715
f 3883//6716 3689//6716 3688//6716
f 3692//6717 3691//6717 3888//6717
f 3692//6718 3888//6718 3889//6718
f 3890//6719 3887//6719 3891//6719
f 3891//6720 3887//6720 3885//6720
f 3891//6721 3885//6721 3892//6721
f 3893//6722 3892//6722 3881//6722
f 3881//6723 3892//6723 3885//6723
f 3679//6724 3692//6724 3669//6724
f 3669//6725 3692//6725 3894//6725
f 3891//6726 3895//6726 3890//6726
f 3890//6727 3895//6727 3894//6727
f 3890//6728 3894//6728 3889//6728
f 3889//6729 3894//6729 3692//6729
f 3670//6730 3669//6730 3896//6730
f 3896//6731 3669//6731 3895//6731
f 3896//6732 3895//6732 3770//6732
f 3770//6733 3895//6733 3897//6733
f 3891//6734 3892//6734 3898//6734
f 3893//6735 3898//6735 3892//6735
f 3891//6736 3897//6736 3895//6736
f 3894//6737 3895//6737 3669//6737
f 3771//6738 3675//6738 3758//6738
f 3772//6739 3758//6739 3770//6739
f 3772//6740 3770//6740 3773//6740
f 3771//6741 3758//6741 3772//6741
f 3673//6742 3670//6742 3896//6742
f 3673//6743 3896//6743 3758//6743
f 3758//6744 3896//6744 3770//6744
f 3770//6745 3897//6745 3773//6745
f 3665//6746 3677//6746 3774//6746
f 3893//6747 3776//6747 3898//6747
f 3898//6748 3773//6748 3891//6748
f 3891//6749 3773//6749 3897//6749
f 3893//6750 3736//6750 3777//6750
f 3777//6751 3736//6751 3766//6751
f 3777//6752 3766//6752 3785//6752
f 3785//6753 3766//6753 3739//6753
f 3785//6754 3739//6754 3792//6754
f 3792//6755 3739//6755 3767//6755
f 3767//6756 3734//6756 3807//6756
f 3807//6757 3734//6757 3818//6757
f 3818//6758 3734//6758 3738//6758
f 3818//6759 3738//6759 3828//6759
f 3828//6760 3738//6760 3737//6760
f 3828//6761 3737//6761 3838//6761
f 3838//6762 3737//6762 3768//6762
f 3838//6763 3768//6763 3844//6763
f 3844//6764 3768//6764 3850//6764
f 3850//6765 3768//6765 3741//6765
f 3850//6766 3741//6766 3856//6766
f 3856//6767 3741//6767 3769//6767
f 3769//6768 3735//6768 3871//6768
f 3871//6769 3735//6769 3881//6769
f 3881//6770 3735//6770 3740//6770
f 3881//6771 3740//6771 3893//6771
f 3893//6772 3740//6772 3736//6772
f 3899//6773 3654//6773 3647//6773
f 3899//6774 3647//6774 3649//6774
f 3900//6775 3638//6775 3634//6775
f 3900//6776 3634//6776 3622//6776
f 3901//6777 3618//6777 3729//6777
f 3901//6778 3729//6778 3731//6778
f 3731//6779 3723//6779 3902//6779
f 3902//6780 3723//6780 3722//6780
f 3903//6781 3713//6781 3706//6781
f 3903//6782 3706//6782 3708//6782
f 3904//6783 3697//6783 3693//6783
f 3904//6784 3693//6784 3681//6784
f 3905//6785 3672//6785 3674//6785
f 3905//6786 3674//6786 3676//6786
f 3676//6787 3664//6787 3906//6787
f 3906//6788 3664//6788 3663//6788
f 3676//6789 3907//6789 3905//6789
f 3905//6790 3907//6790 3908//6790
f 3905//6791 3908//6791 3672//6791
f 3672//6792 3908//6792 3909//6792
f 3672//6793 3909//6793 3671//6793
f 3671//6794 3909//6794 3910//6794
f 3671//6795 3910//6795 3678//6795
f 3678//6796 3910//6796 3911//6796
f 3678//6797 3911//6797 3680//6797
f 3680//6798 3911//6798 3912//6798
f 3680//6799 3912//6799 3690//6799
f 3690//6800 3912//6800 3913//6800
f 3690//6801 3913//6801 3687//6801
f 3687//6802 3913//6802 3914//6802
f 3687//6803 3914//6803 3685//6803
f 3685//6804 3914//6804 3915//6804
f 3685//6805 3915//6805 3683//6805
f 3683//6806 3915//6806 3916//6806
f 3683//6807 3916//6807 3681//6807
f 3681//6808 3916//6808 3917//6808
f 3681//6809 3917//6809 3904//6809
f 3904//6810 3917//6810 3918//6810
f 3904//6811 3918//6811 3697//6811
f 3697//6812 3918//6812 3919//6812
f 3697//6813 3919//6813 3695//6813
f 3695//6814 3919//6814 3920//6814
f 3695//6815 3920//6815 3703//6815
f 3703//6816 3920//6816 3921//6816
f 3703//6817 3921//6817 3701//6817
f 3701//6818 3921//6818 3922//6818
f 3701//6819 3922//6819 3700//6819
f 3700//6820 3922//6820 3923//6820
f 3700//6821 3923//6821 3708//6821
f 3708//6822 3923//6822 3924//6822
f 3708//6823 3924//6823 3903//6823
f 3903//6824 3924//6824 3925//6824
f 3903//6825 3925//6825 3713//6825
f 3713//6826 3925//6826 3926//6826
f 3713//6827 3926//6827 3711//6827
f 3711//6828 3926//6828 3927//6828
f 3711//6829 3927//6829 3720//6829
f 3720//6830 3927//6830 3928//6830
f 3720//6831 3928//6831 3717//6831
f 3717//6832 3928//6832 3929//6832
f 3717//6833 3929//6833 3716//6833
f 3716//6834 3929//6834 3930//6834
f 3716//6835 3930//6835 3725//6835
f 3725//6836 3930//6836 3931//6836
f 3725//6837 3931//6837 3722//6837
f 3722//6838 3931//6838 3932//6838
f 3722//6839 3932//6839 3902//6839
f 3902//6840 3932//6840 3933//6840
f 3902//6841 3933//6841 3731//6841
f 3731//6842 3933//6842 3934//6842
f 3731//6843 3934//6843 3901//6843
f 3901//6844 3934//6844 3935//6844
f 3901//6845 3935//6845 3618//6845
f 3618//6846 3935//6846 3936//6846
f 3618//6847 3936//6847 3617//6847
f 3617//6848 3936//6848 3937//6848
f 3617//6849 3937//6849 3619//6849
f 3619//6850 3937//6850 3938//6850
f 3619//6851 3938//6851 3621//6851
f 3621//6852 3938//6852 3939//6852
f 3621//6853 3939//6853 3631//6853
f 3631//6854 3939//6854 3940//6854
f 3631//6855 3940//6855 3628//6855
f 3628//6856 3940//6856 3941//6856
f 3628//6857 3941//6857 3626//6857
f 3626//6858 3941//6858 3942//6858
f 3626//6859 3942//6859 3624//6859
f 3624//6860 3942//6860 3943//6860
f 3624//6861 3943//6861 3622//6861
f 3622//6862 3943//6862 3944//6862
f 3622//6863 3944//6863 3900//6863
f 3900//6864 3944//6864 3945//6864
f 3900//6865 3945//6865 3638//6865
f 3638//6866 3945//6866 3946//6866
f 3638//6867 3946//6867 3636//6867
f 3636//6868 3946//6868 3947//6868
f 3636//6869 3947//6869 3644//6869
f 3644//6870 3947//6870 3948//6870
f 3644//6871 3948//6871 3642//6871
f 3642//6872 3948//6872 3949//6872
f 3642//6873 3949//6873 3641//6873
f 3641//6874 3949//6874 3950//6874
f 3641//6875 3950//6875 3649//6875
f 3649//6876 3950//6876 3951//6876
f 3649//6877 3951//6877 3899//6877
f 3899//6878 3951//6878 3952//6878
f 3899//6879 3952//6879 3654//6879
f 3654//6880 3952//6880 3953//6880
f 3654//6881 3953//6881 3652//6881
f 3652//6882 3953//6882 3954//6882
f 3652//6883 3954//6883 3661//6883
f 3661//6884 3954//6884 3955//6884
f 3661//6885 3955//6885 3658//6885
f 3658//6886 3955//6886 3956//6886
f 3658//6887 3956//6887 3657//6887
f 3657//6888 3956//6888 3957//6888
f 3657//6889 3957//6889 3666//6889
f 3666//6890 3957//6890 3958//6890
f 3666//6891 3958//6891 3663//6891
f 3663//6892 3958//6892 3959//6892
f 3663//6893 3959//6893 3906//6893
f 3906//6894 3959//6894 3960//6894
f 3906//6895 3960//6895 3676//6895
f 3676//6896 3960//6896 3907//6896
f 3960//6897 3961//6897 3907//6897
f 3907//6898 3961//6898 3962//6898
f 3907//6899 3962//6899 3908//6899
f 3908//6900 3962//6900 3909//6900
f 3909//6901 3962//6901 3963//6901
f 3909//6902 3963//6902 3910//6902
f 3910//6903 3963//6903 3911//6903
f 3911//6904 3963//6904 3964//6904
f 3911//6905 3964//6905 3912//6905
f 3912//6906 3964//6906 3913//6906
f 3913//6907 3964//6907 3965//6907
f 3913//6908 3965//6908 3914//6908
f 3914//6909 3965//6909 3915//6909
f 3915//6910 3965//6910 3966//6910
f 3915//6911 3966//6911 3916//6911
f 3916//6912 3966//6912 3917//6912
f 3917//6913 3966//6913 3967//6913
f 3917//6914 3967//6914 3918//6914
f 3918//6915 3967//6915 3968//6915
f 3918//6916 3968//6916 3919//6916
f 3919//6917 3968//6917 3920//6917
f 3920//6918 3968//6918 3969//6918
f 3920//6919 3969//6919 3921//6919
f 3921//6920 3969//6920 3922//6920
f 3922//6921 3969//6921 3970//6921
f 3922//6922 3970//6922 3923//6922
f 3923//6923 3970//6923 3924//6923
f 3924//6924 3970//6924 3971//6924
f 3924//6925 3971//6925 3925//6925
f 3925//6926 3971//6926 3926//6926
f 3926//6927 3971//6927 3972//6927
f 3926//6928 3972//6928 3927//6928
f 3927//6929 3972//6929 3928//6929
f 3928//6930 3972//6930 3973//6930
f 3928//6931 3973//6931 3929//6931
f 3929//6932 3973//6932 3930//6932
f 3930//6933 3973//6933 3974//6933
f 3930//6934 3974//6934 3931//6934
f 3931//6935 3974//6935 3975//6935
f 3931//6936 3975//6936 3932//6936
f 3932//6937 3975//6937 3933//6937
f 3933//6938 3975//6938 3976//6938
f 3933//6939 3976//6939 3934//6939
f 3934//6940 3976//6940 3935//6940
f 3935//6941 3976//6941 3977//6941
f 3935//6942 3977//6942 3936//6942
f 3936//6943 3977//6943 3937//6943
f 3937//6944 3977//6944 3978//6944
f 3937//6945 3978//6945 3938//6945
f 3938//6946 3978//6946 3939//6946
f 3939//6947 3978//6947 3979//6947
f 3939//6948 3979//6948 3940//6948
f 3940//6949 3979//6949 3941//6949
f 3941//6950 3979//6950 3980//6950
f 3941//6951 3980//6951 3942//6951
f 3942//6952 3980//6952 3943//6952
f 3943//6953 3980//6953 3981//6953
f 3943//6954 3981//6954 3944//6954
f 3944//6955 3981//6955 3945//6955
f 3945//6956 3981//6956 3982//6956
f 3945//6957 3982//6957 3946//6957
f 3946//6958 3982//6958 3983//6958
f 3946//6959 3983//6959 3947//6959
f 3947//6960 3983//6960 3948//6960
f 3948//6961 3983//6961 3984//6961
f 3948//6962 3984//6962 3949//6962
f 3949//6963 3984//6963 3950//6963
f 3950//6964 3984//6964 3985//6964
f 3950//6965 3985//6965 3951//6965
f 3951//6966 3985//6966 3952//6966
f 3952//6967 3985//6967 3986//6967
f 3952//6968 3986//6968 3953//6968
f 3953//6969 3986//6969 3954//6969
f 3954//6970 3986//6970 3987//6970
f 3954//6971 3987//6971 3955//6971
f 3955//6972 3987//6972 3988//6972
f 3955//6973 3988//6973 3956//6973
f 3956//6974 3988//6974 3957//6974
f 3957//6975 3988//6975 3989//6975
f 3957//6976 3989//6976 3958//6976
f 3958//6977 3989//6977 3959//6977
f 3959//6978 3989//6978 3961//6978
f 3959//6979 3961//6979 3960//6979
f 3961//6980 3990//6980 3991//6980
f 3961//6981 3991//6981 3962//6981
f 3962//6982 3991//6982 3992//6982
f 3962//6983 3992//6983 3963//6983
f 3963//6984 3992//6984 3993//6984
f 3963//6985 3993//6985 3964//6985
f 3964//6986 3993//6986 3994//6986
f 3964//6987 3994//6987 3965//6987
f 3965//6988 3994//6988 3995//6988
f 3965//6989 3995//6989 3966//6989
f 3966//6990 3995//6990 3996//6990
f 3966//6991 3996//6991 3967//6991
f 3967//6992 3996//6992 3997//6992
f 3967//6993 3997//6993 3968//6993
f 3968//6994 3997//6994 3998//6994
f 3968//6995 3998//6995 3969//6995
f 3969//6996 3998//6996 3999//6996
f 3969//6997 3999//6997 3970//6997
f 3970//6998 3999//6998 4000//6998
f 3970//6999 4000//6999 3971//6999
f 3971//7000 4000//7000 4001//7000
f 3971//7001 4001//7001 4002//7001
f 3971//7002 4002//7002 3972//7002
f 3972//7003 4002//7003 4003//7003
f 3972//7004 4003//7004 3973//7004
f 3973//7005 4003//7005 4004//7005
f 3973//7006 4004//7006 3974//7006
f 3974//7007 4004//7007 4005//7007
f 3974//7008 4005//7008 3975//7008
f 3975//7009 4005//7009 4006//7009
f 3975//7010 4006//7010 3976//7010
f 3976//7011 4006//7011 4007//7011
f 3976//7012 4007//7012 3977//7012
f 3977//7013 4007//7013 4008//7013
f 3977//7014 4008//7014 3978//7014
f 3978//7015 4008//7015 4009//7015
f 3978//7016 4009//7016 3979//7016
f 3979//7017 4009//7017 4010//7017
f 3979//7018 4010//7018 3980//7018
f 3980//7019 4010//7019 4011//7019
f 3980//7020 4011//7020 3981//7020
f 3981//7021 4011//7021 4012//7021
f 3981//7022 4012//7022 3982//7022
f 3982//7023 4012//7023 4013//7023
f 3982//7024 4013//7024 3983//7024
f 3983//7025 4013//7025 4014//7025
f 3983//7026 4014//7026 3984//7026
f 3984//7027 4014//7027 4015//7027
f 3984//7028 4015//7028 4016//7028
f 3984//7029 4016//7029 3985//7029
f 3985//7030 4016//7030 4017//7030
f 3985//7031 4017//7031 3986//7031
f 3986//7032 4017//7032 4018//7032
f 3986//7033 4018//7033 3987//7033
f 3987//7034 4018//7034 4019//7034
f 3987//7035 4019//7035 3988//7035
f 3988//7036 4019//7036 4020//7036
f 3988//7037 4020//7037 3989//7037
f 3989//7038 4020//7038 3990//7038
f 3989//7039 3990//7039 3961//7039
f 3990//7040 3742//7040 3745//7040
f 3990//7041 3745//7041 3991//7041
f 3991//7042 3745//7042 3992//7042
f 3992//7043 3745//7043 3747//7043
f 3992//7044 3747//7044 3993//7044
f 3993//7045 3747//7045 3994//7045
f 3994//7046 3747//7046 3746//7046
f 3994//7047 3746//7047 3995//7047
f 3995//7048 3746//7048 3748//7048
f 3995//7049 3748//7049 3996//7049
f 3996//7050 3748//7050 3997//7050
f 3997//7051 3748//7051 3749//7051
f 3997//7052 3749//7052 3998//7052
f 3998//7053 3749//7053 3999//7053
f 3999//7054 3749//7054 3750//7054
f 3999//7055 3750//7055 4000//7055
f 4000//7056 3750//7056 4001//7056
f 4001//7057 3750//7057 4002//7057
f 4002//7058 3750//7058 3751//7058
f 4002//7059 3751//7059 4003//7059
f 4003//7060 3751//7060 3752//7060
f 4003//7061 3752//7061 4004//7061
f 4004//7062 3752//7062 4005//7062
f 4005//7063 3752//7063 3753//7063
f 4005//7064 3753//7064 4006//7064
f 4006//7065 3753//7065 4007//7065
f 4007//7066 3753//7066 3743//7066
f 4007//7067 3743//7067 4008//7067
f 4008//7068 3743//7068 4009//7068
f 4009//7069 3743//7069 3754//7069
f 4009//7070 3754//7070 4010//7070
f 4010//7071 3754//7071 4011//7071
f 4011//7072 3754//7072 3755//7072
f 4011//7073 3755//7073 4012//7073
f 4012//7074 3755//7074 4013//7074
f 4013//7075 3755//7075 4014//7075
f 4014//7076 3755//7076 3756//7076
f 4014//7077 3756//7077 4015//7077
f 4015//7078 3756//7078 4016//7078
f 4016//7079 3756//7079 3757//7079
f 4016//7080 3757//7080 4017//7080
f 4017//7081 3757//7081 4018//7081
f 4018//7082 3757//7082 3744//7082
f 4018//7083 3744//7083 4019//7083
f 4019//7084 3744//7084 4020//7084
f 4020//7085 3744//7085 3742//7085
f 4020//7086 3742//7086 3990//7086
f 4021//7087 4022//7087 4023//7087
f 4023//7088 4022//7088 4024//7088
f 4021//7089 4023//7089 4025//7089
f 4021//7090 4025//7090 4026//7090
f 4026//7091 4025//7091 4027//7091
f 4028//7092 4029//7092 4030//7092
f 4030//7093 4029//7093 4031//7093
f 4030//7094 4031//7094 4032//7094
f 4032//7095 4031//7095 4033//7095
f 4032//7096 4033//7096 4034//7096
f 4034//7097 4033//7097 4035//7097
f 4034//7098 4035//7098 4036//7098
f 4034//7099 4036//7099 4037//7099
f 4037//7100 4036//7100 4038//7100
f 4037//7101 4038//7101 4027//7101
f 4027//7102 4038//7102 4039//7102
f 4027//7103 4039//7103 4026//7103
f 4040//7104 4041//7104 4028//7104
f 4028//7105 4041//7105 4029//7105
f 4042//7106 4043//7106 4044//7106
f 4044//7107 4043//7107 4045//7107
f 4044//7108 4045//7108 4040//7108
f 4040//7109 4045//7109 4041//7109
f 4047//7110 4046//7110 4048//7110
f 4046//7111 4049//7111 4048//7111
f 4048//7112 4049//7112 4050//7112
f 4050//7113 4049//7113 4051//7113
f 4050//7114 4051//7114 4042//7114
f 4042//7115 4051//7115 4052//7115
f 4042//7116 4052//7116 4043//7116
f 4046//7117 4047//7117 4055//7117
f 4046//7118 4055//7118 4056//7118
f 4056//7119 4055//7119 4053//7119
f 4056//7120 4053//7120 4057//7120
f 4057//7121 4053//7121 4054//7121
f 4058//7122 4059//7122 4060//7122
f 4060//7123 4059//7123 4061//7123
f 4060//7124 4061//7124 4053//7124
f 4053//7125 4061//7125 4054//7125
f 4063//7126 4062//7126 4064//7126
f 4062//7127 4065//7127 4064//7127
f 4064//7128 4065//7128 4066//7128
f 4064//7129 4066//7129 4067//7129
f 4067//7130 4066//7130 4058//7130
f 4058//7131 4066//7131 4068//7131
f 4058//7132 4068//7132 4059//7132
f 4069//7133 4070//7133 4071//7133
f 4062//7134 4063//7134 4072//7134
f 4062//7135 4072//7135 4073//7135
f 4073//7136 4072//7136 4069//7136
f 4073//7137 4069//7137 4074//7137
f 4074//7138 4069//7138 4071//7138
f 4075//7139 4076//7139 4077//7139
f 4077//7140 4076//7140 4078//7140
f 4078//7141 4076//7141 4079//7141
f 4078//7142 4079//7142 4080//7142
f 4080//7143 4079//7143 4081//7143
f 4080//7144 4081//7144 4082//7144
f 4082//7145 4081//7145 4178//7145
f 4082//7146 4178//7146 4070//7146
f 4070//7147 4178//7147 4083//7147
f 4070//7148 4083//7148 4071//7148
f 4075//7149 4077//7149 4084//7149
f 4075//7150 4084//7150 4085//7150
f 4085//7151 4084//7151 4086//7151
f 4087//7152 4088//7152 4089//7152
f 4089//7153 4088//7153 4090//7153
f 4089//7154 4090//7154 4091//7154
f 4091//7155 4090//7155 4092//7155
f 4091//7156 4092//7156 4093//7156
f 4093//7157 4092//7157 4094//7157
f 4093//7158 4094//7158 4095//7158
f 4093//7159 4095//7159 4096//7159
f 4096//7160 4095//7160 4097//7160
f 4096//7161 4097//7161 4086//7161
f 4086//7162 4097//7162 4098//7162
f 4086//7163 4098//7163 4085//7163
f 4099//7164 4100//7164 4087//7164
f 4087//7165 4100//7165 4088//7165
f 4101//7166 4102//7166 4103//7166
f 4103//7167 4102//7167 4104//7167
f 4103//7168 4104//7168 4099//7168
f 4099//7169 4104//7169 4100//7169
f 4106//7170 4105//7170 4107//7170
f 4105//7171 4108//7171 4107//7171
f 4107//7172 4108//7172 4109//7172
f 4109//7173 4108//7173 4110//7173
f 4109//7174 4110//7174 4101//7174
f 4101//7175 4110//7175 4111//7175
f 4101//7176 4111//7176 4102//7176
f 4105//7177 4106//7177 4114//7177
f 4105//7178 4114//7178 4115//7178
f 4115//7179 4114//7179 4112//7179
f 4115//7180 4112//7180 4116//7180
f 4116//7181 4112//7181 4113//7181
f 4117//7182 4118//7182 4119//7182
f 4119//7183 4118//7183 4120//7183
f 4119//7184 4120//7184 4112//7184
f 4112//7185 4120//7185 4113//7185
f 4122//7186 4121//7186 4123//7186
f 4121//7187 4124//7187 4123//7187
f 4123//7188 4124//7188 4125//7188
f 4123//7189 4125//7189 4126//7189
f 4126//7190 4125//7190 4117//7190
f 4117//7191 4125//7191 4127//7191
f 4117//7192 4127//7192 4118//7192
f 4128//7193 4129//7193 4130//7193
f 4121//7194 4122//7194 4131//7194
f 4121//7195 4131//7195 4132//7195
f 4132//7196 4131//7196 4128//7196
f 4132//7197 4128//7197 4133//7197
f 4133//7198 4128//7198 4130//7198
f 4024//7199 4022//7199 4134//7199
f 4024//7200 4134//7200 4135//7200
f 4135//7201 4134//7201 4136//7201
f 4135//7202 4136//7202 4137//7202
f 4137//7203 4136//7203 4138//7203
f 4137//7204 4138//7204 4129//7204
f 4129//7205 4138//7205 4139//7205
f 4129//7206 4139//7206 4130//7206
f 4144//7207 4140//7207 4142//7207
f 4146//7208 4141//7208 4143//7208
f 4142//7209 4143//7209 4144//7209
f 4142//7210 4140//7210 4145//7210
f 4143//7211 4142//7211 4146//7211
f 4143//7212 4141//7212 4147//7212
f 4150//2054 4148//2054 4149//2054
f 4149//2054 4151//2054 4150//2054
f 4149//7213 4152//7213 4151//7213
f 4149//2054 4153//2054 4152//2054
f 4149//7213 4154//7213 4153//7213
f 4149//7214 4156//7214 4155//7214
f 4149//2054 4157//2054 4156//2054
f 4149//7215 4158//7215 4157//7215
f 4149//7216 4159//7216 4158//7216
f 4149//2054 4160//2054 4159//2054
f 4149//2054 4161//2054 4160//2054
f 4149//2054 4162//2054 4161//2054
f 4163//7217 4162//7217 4149//7217
f 4149//7218 4164//7218 4163//7218
f 4148//2054 4164//2054 4149//2054
f 4081//7219 4079//7219 4165//7219
f 4090//7220 4088//7220 4166//7220
f 4134//7221 4022//7221 4167//7221
f 4031//7222 4029//7222 4168//7222
f 4173//7223 4142//7223 4145//7223
f 4140//7224 4174//7224 4145//7224
f 4175//7225 4143//7225 4147//7225
f 4141//7226 4176//7226 4147//7226
f 4083//7227 4178//7227 4179//7227
f 4181//7228 4180//7228 4304//7228
f 4181//7229 4304//7229 4305//7229
f 4182//7230 4083//7230 4179//7230
f 4182//7231 4179//7231 4180//7231
f 4182//7232 4180//7232 4181//7232
f 4183//7233 4181//7233 4305//7233
f 4300//7234 4184//7234 4183//7234
f 4182//7235 4181//7235 4186//7235
f 4186//7236 4181//7236 4183//7236
f 4074//7237 4071//7237 4185//7237
f 4187//7238 4186//7238 4183//7238
f 4187//7239 4183//7239 4188//7239
f 4071//7240 4182//7240 4185//7240
f 4185//7241 4182//7241 4186//7241
f 4183//7242 4184//7242 4188//7242
f 4185//7243 4186//7243 4187//7243
f 4062//7244 4073//7244 4189//7244
f 4189//7245 4073//7245 4190//7245
f 4191//7246 4187//7246 4188//7246
f 4192//7247 4188//7247 4184//7247
f 4187//7248 4190//7248 4185//7248
f 4185//7249 4190//7249 4073//7249
f 4185//7250 4073//7250 4074//7250
f 4065//7251 4062//7251 4189//7251
f 4065//7252 4189//7252 4190//7252
f 4065//7253 4190//7253 4193//7253
f 4193//7254 4190//7254 4191//7254
f 4194//7255 4191//7255 4188//7255
f 4194//7256 4188//7256 4195//7256
f 4192//7257 4195//7257 4188//7257
f 4187//7258 4191//7258 4190//7258
f 4196//7259 4193//7259 4197//7259
f 4194//7260 4197//7260 4191//7260
f 4191//7261 4197//7261 4193//7261
f 4193//7262 4196//7262 4065//7262
f 4065//7263 4196//7263 4066//7263
f 4059//7264 4068//7264 4197//7264
f 4059//7265 4197//7265 4198//7265
f 4198//7266 4194//7266 4172//7266
f 4172//7267 4194//7267 4195//7267
f 4172//7268 4195//7268 4171//7268
f 4068//7269 4066//7269 4196//7269
f 4068//7270 4196//7270 4197//7270
f 4198//7271 4197//7271 4194//7271
f 4195//7272 4192//7272 4171//7272
f 4171//7273 4192//7273 4199//7273
f 4061//7274 4059//7274 4054//7274
f 4054//7275 4059//7275 4198//7275
f 4054//7276 4198//7276 4200//7276
f 4200//7277 4198//7277 4172//7277
f 4201//7278 4172//7278 4171//7278
f 4057//7279 4054//7279 4200//7279
f 4057//7280 4200//7280 4202//7280
f 4201//7281 4202//7281 4172//7281
f 4172//7282 4202//7282 4200//7282
f 4056//7283 4057//7283 4203//7283
f 4203//7284 4057//7284 4202//7284
f 4203//7285 4202//7285 4204//7285
f 4204//7286 4201//7286 4205//7286
f 4205//7287 4201//7287 4171//7287
f 4205//7288 4171//7288 4206//7288
f 4174//7289 4206//7289 4199//7289
f 4199//7290 4206//7290 4171//7290
f 4201//7291 4204//7291 4202//7291
f 4046//7292 4203//7292 4207//7292
f 4207//7293 4203//7293 4204//7293
f 4207//7294 4204//7294 4208//7294
f 4208//7295 4204//7295 4205//7295
f 4209//7296 4205//7296 4206//7296
f 4203//7297 4046//7297 4056//7297
f 4049//7298 4207//7298 4051//7298
f 4051//7299 4207//7299 4208//7299
f 4051//7300 4208//7300 4210//7300
f 4210//7301 4208//7301 4211//7301
f 4209//7302 4211//7302 4205//7302
f 4205//7303 4211//7303 4208//7303
f 4207//7304 4049//7304 4046//7304
f 4052//7305 4051//7305 4210//7305
f 4211//7306 4209//7306 4212//7306
f 4212//7307 4209//7307 4206//7307
f 4212//7308 4206//7308 4213//7308
f 4214//7309 4213//7309 4174//7309
f 4174//7310 4213//7310 4206//7310
f 4212//7311 4217//7311 4211//7311
f 4211//7312 4217//7312 4216//7312
f 4211//7313 4216//7313 4210//7313
f 4210//7314 4216//7314 4215//7314
f 4210//7315 4215//7315 4052//7315
f 4052//7316 4215//7316 4043//7316
f 4041//7317 4045//7317 4218//7317
f 4218//7318 4045//7318 4217//7318
f 4218//7319 4217//7319 4219//7319
f 4219//7320 4212//7320 4220//7320
f 4220//7321 4212//7321 4213//7321
f 4220//7322 4213//7322 4221//7322
f 4214//7323 4221//7323 4213//7323
f 4212//7324 4219//7324 4217//7324
f 4216//7325 4217//7325 4045//7325
f 4216//7326 4045//7326 4215//7326
f 4215//7327 4045//7327 4043//7327
f 4029//7328 4041//7328 4218//7328
f 4029//7329 4218//7329 4168//7329
f 4168//7330 4218//7330 4219//7330
f 4220//7331 4222//7331 4219//7331
f 4223//7332 4221//7332 4224//7332
f 4225//7333 4224//7333 4214//7333
f 4214//7334 4224//7334 4221//7334
f 4221//7335 4223//7335 4220//7335
f 4220//7336 4223//7336 4222//7336
f 4219//7337 4222//7337 4168//7337
f 4226//7338 4223//7338 4227//7338
f 4224//7339 4227//7339 4223//7339
f 4223//7340 4226//7340 4222//7340
f 4222//7341 4226//7341 4033//7341
f 4222//7342 4033//7342 4168//7342
f 4168//7343 4033//7343 4031//7343
f 4035//7344 4033//7344 4226//7344
f 4035//7345 4226//7345 4228//7345
f 4228//7346 4226//7346 4227//7346
f 4229//7347 4227//7347 4224//7347
f 4038//7348 4036//7348 4230//7348
f 4230//7349 4036//7349 4228//7349
f 4230//7350 4228//7350 4231//7350
f 4231//7351 4228//7351 4232//7351
f 4229//7352 4224//7352 4233//7352
f 4225//7353 4233//7353 4224//7353
f 4229//7354 4232//7354 4227//7354
f 4227//7355 4232//7355 4228//7355
f 4228//7356 4036//7356 4035//7356
f 4039//7357 4038//7357 4230//7357
f 4039//7358 4230//7358 4231//7358
f 4232//7359 4229//7359 4234//7359
f 4234//7360 4229//7360 4233//7360
f 4235//7361 4233//7361 4225//7361
f 4026//7362 4039//7362 4021//7362
f 4021//7363 4039//7363 4236//7363
f 4237//7364 4234//7364 4238//7364
f 4238//7365 4234//7365 4233//7365
f 4238//7366 4233//7366 4239//7366
f 4235//7367 4239//7367 4233//7367
f 4234//7368 4237//7368 4232//7368
f 4232//7369 4237//7369 4236//7369
f 4232//7370 4236//7370 4231//7370
f 4231//7371 4236//7371 4039//7371
f 4022//7372 4021//7372 4167//7372
f 4167//7373 4021//7373 4237//7373
f 4167//7374 4237//7374 4240//7374
f 4240//7375 4237//7375 4241//7375
f 4238//7376 4241//7376 4237//7376
f 4236//7377 4237//7377 4021//7377
f 4240//7378 4241//7378 4242//7378
f 4242//7379 4241//7379 4238//7379
f 4242//7380 4238//7380 4243//7380
f 4243//7381 4238//7381 4239//7381
f 4243//7382 4239//7382 4244//7382
f 4245//7383 4244//7383 4235//7383
f 4235//7384 4244//7384 4239//7384
f 4246//7385 4242//7385 4243//7385
f 4240//7386 4242//7386 4136//7386
f 4240//7387 4136//7387 4167//7387
f 4167//7388 4136//7388 4134//7388
f 4139//7389 4138//7389 4247//7389
f 4246//7390 4247//7390 4242//7390
f 4242//7391 4247//7391 4138//7391
f 4242//7392 4138//7392 4136//7392
f 4130//7393 4139//7393 4247//7393
f 4130//7394 4247//7394 4248//7394
f 4248//7395 4247//7395 4249//7395
f 4249//7396 4244//7396 4250//7396
f 4251//7397 4250//7397 4245//7397
f 4245//7398 4250//7398 4244//7398
f 4244//7399 4249//7399 4243//7399
f 4243//7400 4249//7400 4246//7400
f 4246//7401 4249//7401 4247//7401
f 4248//7402 4249//7402 4252//7402
f 4250//7403 4252//7403 4249//7403
f 4248//7404 4133//7404 4130//7404
f 4121//7405 4132//7405 4253//7405
f 4253//7406 4132//7406 4254//7406
f 4255//7407 4252//7407 4250//7407
f 4255//7408 4250//7408 4256//7408
f 4257//7409 4256//7409 4251//7409
f 4251//7410 4256//7410 4250//7410
f 4252//7411 4254//7411 4248//7411
f 4248//7412 4254//7412 4132//7412
f 4248//7413 4132//7413 4133//7413
f 4124//7414 4121//7414 4253//7414
f 4124//7415 4253//7415 4254//7415
f 4124//7416 4254//7416 4258//7416
f 4258//7417 4254//7417 4255//7417
f 4259//7418 4255//7418 4256//7418
f 4252//7419 4255//7419 4254//7419
f 4260//7420 4258//7420 4261//7420
f 4259//7421 4261//7421 4255//7421
f 4255//7422 4261//7422 4258//7422
f 4258//7423 4260//7423 4124//7423
f 4124//7424 4260//7424 4125//7424
f 4118//7425 4127//7425 4261//7425
f 4118//7426 4261//7426 4262//7426
f 4262//7427 4259//7427 4170//7427
f 4170//7428 4259//7428 4256//7428
f 4170//7429 4256//7429 4169//7429
f 4127//7430 4125//7430 4260//7430
f 4127//7431 4260//7431 4261//7431
f 4262//7432 4261//7432 4259//7432
f 4256//7433 4257//7433 4169//7433
f 4169//7434 4257//7434 4263//7434
f 4120//7435 4118//7435 4113//7435
f 4113//7436 4118//7436 4262//7436
f 4113//7437 4262//7437 4264//7437
f 4264//7438 4262//7438 4170//7438
f 4265//7439 4170//7439 4169//7439
f 4116//7440 4113//7440 4264//7440
f 4116//7441 4264//7441 4266//7441
f 4265//7442 4266//7442 4170//7442
f 4170//7443 4266//7443 4264//7443
f 4115//7444 4116//7444 4267//7444
f 4267//7445 4116//7445 4266//7445
f 4267//7446 4266//7446 4268//7446
f 4268//7447 4265//7447 4269//7447
f 4269//7448 4265//7448 4169//7448
f 4269//7449 4169//7449 4270//7449
f 4176//7450 4270//7450 4263//7450
f 4263//7451 4270//7451 4169//7451
f 4265//7452 4268//7452 4266//7452
f 4105//7453 4267//7453 4271//7453
f 4271//7454 4267//7454 4268//7454
f 4271//7455 4268//7455 4272//7455
f 4272//7456 4268//7456 4269//7456
f 4273//7457 4269//7457 4270//7457
f 4267//7458 4105//7458 4115//7458
f 4108//7459 4271//7459 4110//7459
f 4110//7460 4271//7460 4272//7460
f 4110//7461 4272//7461 4274//7461
f 4274//7462 4272//7462 4275//7462
f 4273//7463 4275//7463 4269//7463
f 4269//7464 4275//7464 4272//7464
f 4271//7465 4108//7465 4105//7465
f 4111//7466 4110//7466 4274//7466
f 4275//7467 4273//7467 4276//7467
f 4276//7468 4273//7468 4270//7468
f 4276//7469 4270//7469 4277//7469
f 4278//7470 4277//7470 4176//7470
f 4176//7471 4277//7471 4270//7471
f 4276//7472 4281//7472 4275//7472
f 4275//7473 4281//7473 4280//7473
f 4275//7474 4280//7474 4274//7474
f 4274//7475 4280//7475 4279//7475
f 4274//7476 4279//7476 4111//7476
f 4111//7477 4279//7477 4102//7477
f 4100//7478 4104//7478 4282//7478
f 4282//7479 4104//7479 4281//7479
f 4282//7480 4281//7480 4283//7480
f 4283//7481 4276//7481 4284//7481
f 4284//7482 4276//7482 4277//7482
f 4284//7483 4277//7483 4285//7483
f 4278//7484 4285//7484 4277//7484
f 4276//7485 4283//7485 4281//7485
f 4280//7486 4281//7486 4104//7486
f 4280//7487 4104//7487 4279//7487
f 4279//7488 4104//7488 4102//7488
f 4088//7489 4100//7489 4282//7489
f 4088//7490 4282//7490 4166//7490
f 4166//7491 4282//7491 4283//7491
f 4166//7492 4283//7492 4286//7492
f 4286//7493 4283//7493 4284//7493
f 4286//7494 4284//7494 4287//7494
f 4288//7495 4285//7495 4278//7495
f 4285//7496 4287//7496 4284//7496
f 4289//7497 4287//7497 4290//7497
f 4290//7498 4287//7498 4291//7498
f 4291//7499 4285//7499 4292//7499
f 4288//7500 4292//7500 4285//7500
f 4285//7501 4291//7501 4287//7501
f 4287//7502 4289//7502 4286//7502
f 4286//7503 4289//7503 4092//7503
f 4286//7504 4092//7504 4166//7504
f 4166//7505 4092//7505 4090//7505
f 4094//7506 4092//7506 4289//7506
f 4094//7507 4289//7507 4290//7507
f 4293//7508 4290//7508 4291//7508
f 4293//7509 4291//7509 4294//7509
f 4294//7510 4291//7510 4292//7510
f 4097//7511 4095//7511 4295//7511
f 4295//7512 4095//7512 4293//7512
f 4295//7513 4293//7513 4296//7513
f 4294//7514 4296//7514 4293//7514
f 4290//7515 4293//7515 4095//7515
f 4290//7516 4095//7516 4094//7516
f 4098//7517 4097//7517 4295//7517
f 4098//7518 4295//7518 4296//7518
f 4098//7519 4296//7519 4297//7519
f 4297//7520 4294//7520 4298//7520
f 4298//7521 4294//7521 4292//7521
f 4298//7522 4292//7522 4299//7522
f 4300//7523 4299//7523 4288//7523
f 4288//7524 4299//7524 4292//7524
f 4294//7525 4297//7525 4296//7525
f 4085//7526 4098//7526 4075//7526
f 4075//7527 4098//7527 4297//7527
f 4075//7528 4297//7528 4301//7528
f 4298//7529 4301//7529 4297//7529
f 4076//7530 4075//7530 4302//7530
f 4302//7531 4075//7531 4301//7531
f 4302//7532 4301//7532 4177//7532
f 4177//7533 4301//7533 4303//7533
f 4303//7534 4298//7534 4304//7534
f 4304//7535 4298//7535 4299//7535
f 4304//7536 4299//7536 4305//7536
f 4300//7537 4305//7537 4299//7537
f 4298//7538 4303//7538 4301//7538
f 4178//7539 4081//7539 4165//7539
f 4179//7540 4165//7540 4177//7540
f 4179//7541 4177//7541 4180//7541
f 4178//7542 4165//7542 4179//7542
f 4079//7543 4076//7543 4302//7543
f 4079//7544 4302//7544 4165//7544
f 4165//7545 4302//7545 4177//7545
f 4177//7546 4303//7546 4180//7546
f 4180//7547 4303//7547 4304//7547
f 4071//7548 4083//7548 4182//7548
f 4300//7549 4183//7549 4305//7549
f 4300//7550 4142//7550 4184//7550
f 4184//7551 4142//7551 4173//7551
f 4184//7552 4173//7552 4192//7552
f 4192//7553 4173//7553 4145//7553
f 4192//7554 4145//7554 4199//7554
f 4199//7555 4145//7555 4174//7555
f 4174//7556 4140//7556 4214//7556
f 4214//7557 4140//7557 4225//7557
f 4225//7558 4140//7558 4144//7558
f 4225//7559 4144//7559 4235//7559
f 4235//7560 4144//7560 4143//7560
f 4235//7561 4143//7561 4245//7561
f 4245//7562 4143//7562 4175//7562
f 4245//7563 4175//7563 4251//7563
f 4251//7564 4175//7564 4257//7564
f 4257//7565 4175//7565 4147//7565
f 4257//7566 4147//7566 4263//7566
f 4263//7567 4147//7567 4176//7567
f 4176//7568 4141//7568 4278//7568
f 4278//7569 4141//7569 4288//7569
f 4288//7570 4141//7570 4146//7570
f 4288//7571 4146//7571 4300//7571
f 4300//7572 4146//7572 4142//7572
f 4306//7573 4060//7573 4053//7573
f 4306//7574 4053//7574 4055//7574
f 4307//7575 4044//7575 4040//7575
f 4307//7576 4040//7576 4028//7576
f 4308//7577 4024//7577 4135//7577
f 4308//7578 4135//7578 4137//7578
f 4137//7579 4129//7579 4309//7579
f 4309//7580 4129//7580 4128//7580
f 4310//7581 4119//7581 4112//7581
f 4310//7582 4112//7582 4114//7582
f 4311//7583 4103//7583 4099//7583
f 4311//7584 4099//7584 4087//7584
f 4312//7585 4078//7585 4080//7585
f 4312//7586 4080//7586 4082//7586
f 4082//7587 4070//7587 4313//7587
f 4313//7588 4070//7588 4069//7588
f 4082//7589 4314//7589 4312//7589
f 4312//7590 4314//7590 4315//7590
f 4312//7591 4315//7591 4078//7591
f 4078//7592 4315//7592 4316//7592
f 4078//7593 4316//7593 4077//7593
f 4077//7594 4316//7594 4317//7594
f 4077//7595 4317//7595 4084//7595
f 4084//7596 4317//7596 4318//7596
f 4084//7597 4318//7597 4086//7597
f 4086//7598 4318//7598 4319//7598
f 4086//7599 4319//7599 4096//7599
f 4096//7600 4319//7600 4320//7600
f 4096//7601 4320//7601 4093//7601
f 4093//7602 4320//7602 4321//7602
f 4093//7603 4321//7603 4091//7603
f 4091//7604 4321//7604 4322//7604
f 4091//7605 4322//7605 4089//7605
f 4089//7606 4322//7606 4323//7606
f 4089//7607 4323//7607 4087//7607
f 4087//7608 4323//7608 4324//7608
f 4087//7609 4324//7609 4311//7609
f 4311//7610 4324//7610 4325//7610
f 4311//7611 4325//7611 4103//7611
f 4103//7612 4325//7612 4326//7612
f 4103//7613 4326//7613 4101//7613
f 4101//7614 4326//7614 4327//7614
f 4101//7615 4327//7615 4109//7615
f 4109//7616 4327//7616 4328//7616
f 4109//7617 4328//7617 4107//7617
f 4107//7618 4328//7618 4329//7618
f 4107//7619 4329//7619 4106//7619
f 4106//7620 4329//7620 4330//7620
f 4106//7621 4330//7621 4114//7621
f 4114//7622 4330//7622 4331//7622
f 4114//7623 4331//7623 4310//7623
f 4310//7624 4331//7624 4332//7624
f 4310//7625 4332//7625 4119//7625
f 4119//7626 4332//7626 4333//7626
f 4119//7627 4333//7627 4117//7627
f 4117//7628 4333//7628 4334//7628
f 4117//7629 4334//7629 4126//7629
f 4126//7630 4334//7630 4335//7630
f 4126//7631 4335//7631 4123//7631
f 4123//7632 4335//7632 4336//7632
f 4123//7633 4336//7633 4122//7633
f 4122//7634 4336//7634 4337//7634
f 4122//7635 4337//7635 4131//7635
f 4131//7636 4337//7636 4338//7636
f 4131//7637 4338//7637 4128//7637
f 4128//7638 4338//7638 4339//7638
f 4128//7639 4339//7639 4309//7639
f 4309//7640 4339//7640 4340//7640
f 4309//7641 4340//7641 4137//7641
f 4137//7642 4340//7642 4341//7642
f 4137//7643 4341//7643 4308//7643
f 4308//7644 4341//7644 4342//7644
f 4308//7645 4342//7645 4024//7645
f 4024//7646 4342//7646 4343//7646
f 4024//7647 4343//7647 4023//7647
f 4023//7648 4343//7648 4344//7648
f 4023//7649 4344//7649 4025//7649
f 4025//7650 4344//7650 4345//7650
f 4025//7651 4345//7651 4027//7651
f 4027//7652 4345//7652 4346//7652
f 4027//7653 4346//7653 4037//7653
f 4037//7654 4346//7654 4347//7654
f 4037//7655 4347//7655 4034//7655
f 4034//7656 4347//7656 4348//7656
f 4034//7657 4348//7657 4032//7657
f 4032//7658 4348//7658 4349//7658
f 4032//7659 4349//7659 4030//7659
f 4030//7660 4349//7660 4350//7660
f 4030//7661 4350//7661 4028//7661
f 4028//7662 4350//7662 4351//7662
f 4028//7663 4351//7663 4307//7663
f 4307//7664 4351//7664 4352//7664
f 4307//7665 4352//7665 4044//7665
f 4044//7666 4352//7666 4353//7666
f 4044//7667 4353//7667 4042//7667
f 4042//7668 4353//7668 4354//7668
f 4042//7669 4354//7669 4050//7669
f 4050//7670 4354//7670 4355//7670
f 4050//7671 4355//7671 4048//7671
f 4048//7672 4355//7672 4356//7672
f 4048//7673 4356//7673 4047//7673
f 4047//7674 4356//7674 4357//7674
f 4047//7675 4357//7675 4055//7675
f 4055//7676 4357//7676 4358//7676
f 4055//7677 4358//7677 4306//7677
f 4306//7678 4358//7678 4359//7678
f 4306//7679 4359//7679 4060//7679
f 4060//7680 4359//7680 4360//7680
f 4060//7681 4360//7681 4058//7681
f 4058//7682 4360//7682 4361//7682
f 4058//7683 4361//7683 4067//7683
f 4067//7684 4361//7684 4362//7684
f 4067//7685 4362//7685 4064//7685
f 4064//7686 4362//7686 4363//7686
f 4064//7687 4363//7687 4063//7687
f 4063//7688 4363//7688 4364//7688
f 4063//7689 4364//7689 4072//7689
f 4072//7690 4364//7690 4365//7690
f 4072//7691 4365//7691 4069//7691
f 4069//7692 4365//7692 4366//7692
f 4069//7693 4366//7693 4313//7693
f 4313//7694 4366//7694 4367//7694
f 4313//7695 4367//7695 4082//7695
f 4082//7696 4367//7696 4314//7696
f 4367//7697 4368//7697 4314//7697
f 4314//7698 4368//7698 4315//7698
f 4315//7699 4368//7699 4369//7699
f 4315//7700 4369//7700 4316//7700
f 4316//7701 4369//7701 4370//7701
f 4316//7702 4370//7702 4317//7702
f 4317//7703 4370//7703 4318//7703
f 4318//7704 4370//7704 4371//7704
f 4318//7705 4371//7705 4319//7705
f 4319//7706 4371//7706 4320//7706
f 4320//7707 4371//7707 4372//7707
f 4320//7708 4372//7708 4321//7708
f 4321//7709 4372//7709 4373//7709
f 4321//7710 4373//7710 4322//7710
f 4322//7711 4373//7711 4323//7711
f 4323//7712 4373//7712 4374//7712
f 4323//7713 4374//7713 4324//7713
f 4324//7714 4374//7714 4325//7714
f 4325//7715 4374//7715 4375//7715
f 4325//7716 4375//7716 4326//7716
f 4326//7717 4375//7717 4376//7717
f 4326//7718 4376//7718 4327//7718
f 4327//7719 4376//7719 4328//7719
f 4328//7720 4376//7720 4377//7720
f 4328//7721 4377//7721 4329//7721
f 4329//7722 4377//7722 4330//7722
f 4330//7723 4377//7723 4378//7723
f 4330//7724 4378//7724 4331//7724
f 4331//7725 4378//7725 4332//7725
f 4332//7726 4378//7726 4379//7726
f 4332//7727 4379//7727 4333//7727
f 4333//7728 4379//7728 4334//7728
f 4334//7729 4379//7729 4380//7729
f 4334//7730 4380//7730 4335//7730
f 4335//7731 4380//7731 4336//7731
f 4336//7732 4380//7732 4381//7732
f 4336//7733 4381//7733 4337//7733
f 4337//7734 4381//7734 4338//7734
f 4338//7735 4381//7735 4382//7735
f 4338//7736 4382//7736 4339//7736
f 4339//7737 4382//7737 4340//7737
f 4340//7738 4382//7738 4383//7738
f 4340//7739 4383//7739 4341//7739
f 4341//7740 4383//7740 4342//7740
f 4342//7741 4383//7741 4384//7741
f 4342//7742 4384//7742 4343//7742
f 4343//7743 4384//7743 4344//7743
f 4344//7744 4384//7744 4385//7744
f 4344//7745 4385//7745 4345//7745
f 4345//7746 4385//7746 4386//7746
f 4345//7747 4386//7747 4346//7747
f 4346//7748 4386//7748 4347//7748
f 4347//7749 4386//7749 4387//7749
f 4347//7750 4387//7750 4348//7750
f 4348//7751 4387//7751 4388//7751
f 4348//7752 4388//7752 4349//7752
f 4349//7753 4388//7753 4350//7753
f 4350//7754 4388//7754 4389//7754
f 4350//7755 4389//7755 4351//7755
f 4351//7756 4389//7756 4390//7756
f 4351//7757 4390//7757 4352//7757
f 4352//7758 4390//7758 4353//7758
f 4353//7759 4390//7759 4391//7759
f 4353//7760 4391//7760 4354//7760
f 4354//7761 4391//7761 4392//7761
f 4354//7762 4392//7762 4355//7762
f 4355//7763 4392//7763 4356//7763
f 4356//7764 4392//7764 4393//7764
f 4356//7765 4393//7765 4357//7765
f 4357//7766 4393//7766 4358//7766
f 4358//7767 4393//7767 4394//7767
f 4358//7768 4394//7768 4359//7768
f 4359//7769 4394//7769 4395//7769
f 4359//7770 4395//7770 4360//7770
f 4360//7771 4395//7771 4361//7771
f 4361//7772 4395//7772 4396//7772
f 4361//7773 4396//7773 4362//7773
f 4362//7774 4396//7774 4397//7774
f 4362//7775 4397//7775 4363//7775
f 4363//7776 4397//7776 4364//7776
f 4364//7777 4397//7777 4398//7777
f 4364//7778 4398//7778 4365//7778
f 4365//7779 4398//7779 4366//7779
f 4366//7780 4398//7780 4399//7780
f 4366//7781 4399//7781 4367//7781
f 4367//7782 4399//7782 4368//7782
f 4399//7783 4400//7783 4368//7783
f 4368//7784 4400//7784 4401//7784
f 4368//7785 4401//7785 4369//7785
f 4369//7786 4401//7786 4402//7786
f 4369//7787 4402//7787 4370//7787
f 4370//7788 4402//7788 4403//7788
f 4370//7789 4403//7789 4371//7789
f 4371//7790 4403//7790 4404//7790
f 4371//7791 4404//7791 4372//7791
f 4372//7792 4404//7792 4405//7792
f 4372//7793 4405//7793 4373//7793
f 4373//7794 4405//7794 4406//7794
f 4373//7795 4406//7795 4374//7795
f 4374//7796 4406//7796 4407//7796
f 4374//7797 4407//7797 4375//7797
f 4375//7798 4407//7798 4408//7798
f 4375//7799 4408//7799 4376//7799
f 4376//7800 4408//7800 4409//7800
f 4376//7801 4409//7801 4377//7801
f 4377//7802 4409//7802 4410//7802
f 4377//7803 4410//7803 4378//7803
f 4378//7804 4410//7804 4411//7804
f 4378//7805 4411//7805 4379//7805
f 4379//7806 4411//7806 4412//7806
f 4379//7807 4412//7807 4380//7807
f 4380//7808 4412//7808 4413//7808
f 4380//7809 4413//7809 4381//7809
f 4381//7810 4413//7810 4414//7810
f 4381//7811 4414//7811 4382//7811
f 4382//7812 4414//7812 4415//7812
f 4382//7813 4415//7813 4416//7813
f 4382//7814 4416//7814 4383//7814
f 4383//7815 4416//7815 4158//7815
f 4383//7816 4158//7816 4384//7816
f 4384//7817 4158//7817 4417//7817
f 4384//7818 4417//7818 4385//7818
f 4385//7819 4417//7819 4418//7819
f 4385//7820 4418//7820 4386//7820
f 4386//7821 4418//7821 4419//7821
f 4386//7822 4419//7822 4387//7822
f 4387//7823 4419//7823 4420//7823
f 4387//7824 4420//7824 4388//7824
f 4388//7825 4420//7825 4421//7825
f 4388//7826 4421//7826 4389//7826
f 4389//7827 4421//7827 4390//7827
f 4390//7828 4421//7828 4422//7828
f 4390//7829 4422//7829 4391//7829
f 4391//7830 4422//7830 4423//7830
f 4391//7831 4423//7831 4392//7831
f 4392//7832 4423//7832 4424//7832
f 4392//7833 4424//7833 4393//7833
f 4393//7834 4424//7834 4163//7834
f 4393//7835 4163//7835 4394//7835
f 4394//7836 4163//7836 4425//7836
f 4394//7837 4425//7837 4395//7837
f 4395//7838 4425//7838 4426//7838
f 4395//7839 4426//7839 4396//7839
f 4396//7840 4426//7840 4427//7840
f 4396//7841 4427//7841 4397//7841
f 4397//7842 4427//7842 4428//7842
f 4397//7843 4428//7843 4398//7843
f 4398//7844 4428//7844 4400//7844
f 4398//7845 4400//7845 4399//7845
f 4400//7846 4148//7846 4150//7846
f 4400//7847 4150//7847 4401//7847
f 4401//7848 4150//7848 4402//7848
f 4402//7849 4150//7849 4403//7849
f 4403//7850 4150//7850 4151//7850
f 4403//7851 4151//7851 4404//7851
f 4404//7852 4151//7852 4152//7852
f 4404//7853 4152//7853 4405//7853
f 4405//7854 4152//7854 4406//7854
f 4406//7855 4152//7855 4153//7855
f 4406//7856 4153//7856 4407//7856
f 4407//7857 4153//7857 4408//7857
f 4408//7858 4153//7858 4154//7858
f 4408//7859 4154//7859 4409//7859
f 4409//7860 4154//7860 4410//7860
f 4410//7861 4154//7861 4149//7861
f 4410//7862 4149//7862 4411//7862
f 4411//7863 4149//7863 4155//7863
f 4411//7864 4155//7864 4412//7864
f 4412//7865 4155//7865 4156//7865
f 4412//7866 4156//7866 4413//7866
f 4413//7867 4156//7867 4414//7867
f 4414//7868 4156//7868 4157//7868
f 4414//7869 4157//7869 4415//7869
f 4415//7870 4157//7870 4416//7870
f 4416//7871 4157//7871 4158//7871
f 4417//7872 4158//7872 4159//7872
f 4417//7873 4159//7873 4418//7873
f 4418//7874 4159//7874 4419//7874
f 4419//7875 4159//7875 4420//7875
f 4420//7876 4159//7876 4160//7876
f 4420//7877 4160//7877 4421//7877
f 4421//7878 4160//7878 4161//7878
f 4421//7879 4161//7879 4422//7879
f 4422//7880 4161//7880 4423//7880
f 4423//7881 4161//7881 4162//7881
f 4423//7882 4162//7882 4424//7882
f 4424//7883 4162//7883 4163//7883
f 4425//7884 4163//7884 4164//7884
f 4425//7885 4164//7885 4426//7885
f 4426//7886 4164//7886 4427//7886
f 4427//7887 4164//7887 4428//7887
f 4428//7888 4164//7888 4148//7888
f 4428//7889 4148//7889 4400//7889
