# Blender 5.0.1
# www.blender.org
mtllib Pitch-link.mtl
o Pitch_link
v 0.012412 -0.165308 0.167842
v 0.012500 -0.160000 0.165000
v 0.011863 -0.158641 0.172318
v 0.009673 -0.165572 0.181808
v 0.011587 -0.165331 0.174721
v 0.010809 -0.159878 0.178295
v 0.004220 -0.159966 0.193380
v 0.004425 -0.165314 0.192985
v 0.008069 -0.159990 0.186129
v 0.007652 -0.165218 0.187039
v -0.010511 -0.159981 0.208469
v -0.003880 -0.159961 0.203115
v -0.003712 -0.165243 0.202928
v 0.000725 -0.160000 0.198132
v -0.000000 -0.165572 0.198906
v -0.021707 -0.159936 0.214241
v -0.018505 -0.165244 0.212927
v -0.016444 -0.158606 0.211739
v -0.010990 -0.165269 0.208744
v -0.036734 -0.158639 0.217268
v -0.034169 -0.165358 0.217160
v -0.029646 -0.159976 0.216478
v -0.028515 -0.165258 0.216216
v -0.058482 -0.159953 0.214167
v -0.057264 -0.165289 0.214594
v -0.050393 -0.159970 0.216470
v -0.050415 -0.165513 0.216411
v -0.042419 -0.159955 0.217481
v -0.045310 -0.165577 0.217167
v -0.069751 -0.159941 0.208289
v -0.068882 -0.165239 0.208834
v -0.064627 -0.158612 0.211186
v -0.084277 -0.159964 0.193280
v -0.083046 -0.165249 0.195034
v -0.080827 -0.158604 0.197772
v -0.076152 -0.159971 0.203084
v -0.075738 -0.165266 0.203435
v -0.092500 -0.160000 0.165000
v -0.092419 -0.165312 0.167675
v -0.092011 -0.160000 0.172149
v -0.090658 -0.165239 0.178894
v -0.090820 -0.159923 0.178261
v -0.088075 -0.159984 0.186116
v -0.087583 -0.165509 0.187076
v -0.092500 -0.160000 0.085000
v -0.091863 -0.158641 0.077682
v -0.089673 -0.165572 0.068192
v -0.090809 -0.159878 0.071705
v -0.084220 -0.159966 0.056620
v -0.084425 -0.165314 0.057015
v -0.088069 -0.159990 0.063871
v -0.087652 -0.165218 0.062961
v -0.069489 -0.159981 0.041531
v -0.076120 -0.159961 0.046885
v -0.076289 -0.165243 0.047072
v -0.080725 -0.160000 0.051868
v -0.080000 -0.165572 0.051094
v -0.058293 -0.159936 0.035759
v -0.061495 -0.165243 0.037073
v -0.063556 -0.158606 0.038261
v -0.069010 -0.165269 0.041256
v -0.043266 -0.158639 0.032732
v -0.045831 -0.165358 0.032840
v -0.050354 -0.159976 0.033522
v -0.051485 -0.165258 0.033784
v -0.021518 -0.159953 0.035833
v -0.022736 -0.165289 0.035406
v -0.029607 -0.159970 0.033530
v -0.029585 -0.165513 0.033589
v -0.037581 -0.159955 0.032519
v -0.034690 -0.165577 0.032833
v -0.010249 -0.159941 0.041711
v -0.011118 -0.165239 0.041166
v -0.015373 -0.158612 0.038814
v -0.017071 -0.165554 0.037856
v 0.004277 -0.159964 0.056720
v 0.003046 -0.165249 0.054966
v 0.000827 -0.158604 0.052228
v -0.000577 -0.165613 0.050456
v -0.003848 -0.159971 0.046916
v -0.004262 -0.165266 0.046565
v -0.006507 -0.165660 0.044714
v 0.012500 -0.160000 0.085000
v 0.012397 -0.165380 0.082333
v 0.012011 -0.160000 0.077851
v 0.011791 -0.165595 0.077081
v 0.010658 -0.165239 0.071106
v 0.010820 -0.159923 0.071739
v 0.008075 -0.159984 0.063884
v 0.007583 -0.165509 0.062924
v -0.049387 -0.170000 0.055558
v -0.068245 -0.170003 0.070751
v -0.025949 -0.170001 0.056783
v -0.030613 -0.170000 0.194442
v -0.010360 -0.170000 0.075443
v -0.011983 -0.170003 0.179576
v -0.054051 -0.170001 0.193217
v -0.069519 -0.170000 0.174810
v 0.007160 -0.155000 0.172181
v -0.086565 -0.154999 0.176550
v -0.086856 -0.154999 0.074865
v 0.006978 -0.155000 0.076590
v -0.064237 -0.155000 0.205966
v -0.029476 -0.155000 0.211606
v -0.013123 -0.154999 0.045500
v -0.027715 -0.155000 0.039014
v -0.044079 -0.154999 0.037398
v -0.065746 -0.154997 0.044460
v -0.014777 -0.155000 0.205367
v -0.000234 -0.154997 0.191926
v -0.079217 -0.155000 0.058024
v -0.076537 -0.154999 0.195784
v -0.048915 -0.154999 0.211936
v 0.000389 -0.154999 0.059478
v -0.001813 -0.167742 0.195686
v -0.004045 -0.168540 0.193891
v -0.009580 -0.167742 0.203398
v -0.011432 -0.168537 0.201222
v -0.081630 -0.168540 0.184861
v -0.085538 -0.168571 0.172352
v -0.088378 -0.167789 0.172810
v -0.090766 -0.166871 0.169571
v -0.092047 -0.165934 0.167873
v -0.091791 -0.165595 0.172919
v -0.082072 -0.169205 0.171789
v -0.089284 -0.166845 0.178053
v -0.077898 -0.169654 0.173878
v -0.090417 -0.165915 0.178388
v -0.084215 -0.167742 0.186093
v -0.067014 -0.169656 0.193460
v -0.065479 -0.169189 0.199217
v -0.076362 -0.169197 0.187596
v -0.053812 -0.168548 0.209150
v -0.051051 -0.167742 0.212726
v -0.059668 -0.167739 0.209813
v -0.069285 -0.167746 0.204356
v -0.067570 -0.168543 0.202055
v -0.078408 -0.167742 0.195408
v -0.076162 -0.168540 0.193632
v -0.088731 -0.165683 0.184061
v -0.084796 -0.165673 0.192143
v -0.079423 -0.165613 0.199544
v -0.073493 -0.165660 0.205286
v -0.067292 -0.165725 0.209656
v -0.062929 -0.165554 0.212144
v -0.057315 -0.165915 0.214207
v -0.086070 -0.166848 0.186963
v -0.080023 -0.166848 0.196670
v -0.073356 -0.166845 0.203558
v -0.067235 -0.166845 0.208100
v -0.060498 -0.166845 0.211682
v -0.051526 -0.166848 0.214719
v -0.052775 -0.169192 0.205778
v -0.038438 -0.168543 0.211160
v -0.038342 -0.167746 0.214028
v -0.042017 -0.166845 0.215944
v -0.034401 -0.166845 0.215675
v -0.040898 -0.165645 0.217396
v -0.034238 -0.165915 0.216845
v -0.043360 -0.169653 0.204122
v -0.038574 -0.169189 0.207637
v -0.025550 -0.165664 0.215356
v -0.026910 -0.166845 0.214275
v -0.027426 -0.167739 0.212296
v -0.023259 -0.168548 0.208125
v -0.018875 -0.167742 0.209200
v -0.018003 -0.166848 0.211054
v -0.019207 -0.165915 0.212841
v -0.008317 -0.166848 0.205012
v -0.012624 -0.165738 0.209585
v -0.006392 -0.165646 0.205200
v -0.024552 -0.169192 0.204842
v -0.021898 -0.169653 0.199418
v -0.009882 -0.169198 0.195452
v -0.009381 -0.169650 0.188736
v -0.000977 -0.169189 0.182240
v -0.002326 -0.169658 0.174631
v 0.008391 -0.167863 0.170768
v 0.005696 -0.168548 0.171182
v 0.004879 -0.167746 0.184808
v 0.002255 -0.168543 0.183648
v 0.001902 -0.165915 0.196070
v 0.006065 -0.165915 0.189478
v 0.010359 -0.165915 0.178607
v 0.011949 -0.165849 0.170402
v -0.000224 -0.166848 0.196980
v 0.005007 -0.166845 0.188953
v 0.008074 -0.166845 0.181978
v 0.010068 -0.166845 0.174618
v 0.011369 -0.166624 0.165531
v 0.002569 -0.169181 0.169027
v -0.085913 -0.168517 0.079192
v -0.088756 -0.167707 0.078832
v -0.092381 -0.165519 0.082331
v 0.002330 -0.169211 0.081790
v 0.008382 -0.167915 0.081708
v 0.010750 -0.166890 0.080552
v 0.011895 -0.166092 0.082010
v -0.078187 -0.167742 0.054314
v -0.075955 -0.168540 0.056109
v -0.070421 -0.167742 0.046602
v -0.068568 -0.168537 0.048778
v -0.002158 -0.169656 0.076048
v -0.000146 -0.169192 0.069581
v -0.027225 -0.169192 0.044222
v -0.012986 -0.169656 0.056540
v -0.014521 -0.169189 0.050783
v -0.004815 -0.168851 0.057270
v -0.031248 -0.168543 0.039650
v -0.028949 -0.167742 0.037274
v -0.020625 -0.168086 0.041094
v -0.010715 -0.167746 0.045644
v -0.012430 -0.168543 0.047945
v -0.001592 -0.167742 0.054592
v 0.004215 -0.167742 0.063907
v 0.001630 -0.168540 0.065139
v 0.007306 -0.167739 0.072462
v 0.005292 -0.168621 0.077679
v -0.028474 -0.166848 0.035281
v -0.022685 -0.165915 0.035793
v -0.012708 -0.165725 0.040344
v 0.004796 -0.165673 0.057857
v 0.008731 -0.165683 0.065939
v 0.010417 -0.165915 0.071612
v -0.019502 -0.166845 0.038318
v -0.012765 -0.166845 0.041900
v -0.006644 -0.166845 0.046442
v 0.000023 -0.166848 0.053330
v 0.006070 -0.166848 0.063037
v 0.009284 -0.166845 0.071947
v -0.046720 -0.168548 0.039230
v -0.041658 -0.167746 0.035972
v -0.037983 -0.166845 0.034056
v -0.045599 -0.166845 0.034325
v -0.039102 -0.165645 0.032604
v -0.045762 -0.165915 0.033155
v -0.036640 -0.169653 0.045878
v -0.041426 -0.169189 0.042363
v -0.054450 -0.165664 0.034644
v -0.053090 -0.166845 0.035725
v -0.052574 -0.167739 0.037704
v -0.059891 -0.168540 0.043385
v -0.061125 -0.167742 0.040800
v -0.061997 -0.166848 0.038946
v -0.060793 -0.165915 0.037159
v -0.071683 -0.166848 0.044988
v -0.067376 -0.165738 0.040415
v -0.073608 -0.165646 0.044800
v -0.055448 -0.169192 0.045158
v -0.058103 -0.169653 0.050582
v -0.070118 -0.169198 0.054548
v -0.070619 -0.169650 0.061264
v -0.079023 -0.169189 0.067760
v -0.077979 -0.169647 0.075912
v -0.084879 -0.167746 0.065192
v -0.082255 -0.168543 0.066352
v -0.081902 -0.165915 0.053930
v -0.086065 -0.165915 0.060522
v -0.090894 -0.165621 0.072444
v -0.091822 -0.165595 0.077284
v -0.079776 -0.166848 0.053020
v -0.085007 -0.166845 0.061047
v -0.088074 -0.166845 0.068022
v -0.090773 -0.166801 0.078575
v -0.082401 -0.169174 0.079634
v -0.089421 -0.155421 0.169113
v -0.089665 -0.155461 0.084896
v -0.090810 -0.156441 0.170210
v -0.090854 -0.156459 0.080092
v -0.092032 -0.157828 0.165144
v -0.092046 -0.157862 0.084905
v 0.012032 -0.157828 0.084856
v 0.011634 -0.158087 0.077903
v 0.010187 -0.158087 0.070938
v 0.007805 -0.158087 0.064236
v 0.004532 -0.158087 0.057920
v -0.004426 -0.158087 0.046909
v -0.009944 -0.158087 0.042420
v -0.022546 -0.158087 0.035890
v -0.029396 -0.158087 0.033971
v -0.036443 -0.158087 0.033002
v -0.050604 -0.158087 0.033971
v -0.057454 -0.158087 0.035890
v -0.070056 -0.158087 0.042420
v -0.075574 -0.158087 0.046909
v -0.080430 -0.158087 0.052108
v -0.084532 -0.158087 0.057920
v -0.087805 -0.158087 0.064236
v -0.090187 -0.158087 0.070938
v 0.009421 -0.155421 0.080887
v 0.010810 -0.156441 0.079790
v 0.009143 -0.156464 0.071231
v 0.006810 -0.156464 0.064667
v 0.003606 -0.156464 0.058483
v -0.000411 -0.156464 0.052792
v -0.005166 -0.156464 0.047701
v -0.010569 -0.156464 0.043306
v -0.016520 -0.156464 0.039686
v -0.022909 -0.156464 0.036911
v -0.029617 -0.156464 0.035032
v -0.036517 -0.156464 0.034083
v -0.043483 -0.156464 0.034083
v -0.050383 -0.156464 0.035032
v -0.057091 -0.156464 0.036911
v -0.063480 -0.156464 0.039686
v -0.069431 -0.156464 0.043306
v -0.074834 -0.156464 0.047701
v -0.079589 -0.156464 0.052792
v -0.083606 -0.156464 0.058483
v -0.086810 -0.156464 0.064667
v -0.089143 -0.156464 0.071231
v 0.006489 -0.155373 0.067978
v 0.000172 -0.155373 0.056067
v -0.006273 -0.155381 0.048887
v -0.014681 -0.155373 0.042457
v -0.027097 -0.155373 0.037204
v -0.036628 -0.155381 0.035702
v -0.047208 -0.155373 0.036020
v -0.060155 -0.155373 0.039781
v -0.071608 -0.155373 0.046896
v -0.080716 -0.155373 0.056836
v -0.085323 -0.155381 0.065314
v -0.088444 -0.155360 0.075019
v -0.091634 -0.158087 0.172097
v -0.090187 -0.158087 0.179062
v -0.087805 -0.158087 0.185764
v -0.084532 -0.158087 0.192080
v -0.075574 -0.158087 0.203091
v -0.070056 -0.158087 0.207580
v -0.057454 -0.158087 0.214110
v -0.050604 -0.158087 0.216029
v -0.043557 -0.158087 0.216998
v -0.029396 -0.158087 0.216029
v -0.022546 -0.158087 0.214110
v -0.009944 -0.158087 0.207580
v -0.004426 -0.158087 0.203091
v 0.000430 -0.158087 0.197892
v 0.004532 -0.158087 0.192080
v 0.007805 -0.158087 0.185764
v 0.010187 -0.158087 0.179062
v -0.089143 -0.156464 0.178769
v -0.086810 -0.156464 0.185333
v -0.083606 -0.156464 0.191517
v -0.079589 -0.156464 0.197208
v -0.074834 -0.156464 0.202299
v -0.069431 -0.156464 0.206694
v -0.063480 -0.156464 0.210314
v -0.057091 -0.156464 0.213089
v -0.050383 -0.156464 0.214968
v -0.043483 -0.156464 0.215917
v -0.036517 -0.156464 0.215917
v -0.029617 -0.156464 0.214968
v -0.022909 -0.156464 0.213089
v -0.016520 -0.156464 0.210314
v -0.010569 -0.156464 0.206694
v -0.005166 -0.156464 0.202299
v -0.000411 -0.156464 0.197208
v 0.003606 -0.156464 0.191517
v 0.006810 -0.156464 0.185333
v 0.009143 -0.156464 0.178769
v 0.010854 -0.156459 0.169908
v 0.012046 -0.157862 0.165095
v 0.009665 -0.155461 0.165104
v -0.086489 -0.155373 0.182022
v -0.080172 -0.155373 0.193933
v -0.070876 -0.155373 0.203699
v -0.059291 -0.155373 0.210594
v -0.046274 -0.155373 0.214108
v -0.032792 -0.155373 0.213980
v -0.019845 -0.155373 0.210219
v -0.011504 -0.155381 0.205369
v -0.003498 -0.155373 0.198445
v 0.004171 -0.155373 0.187357
v 0.008444 -0.155360 0.174981
v -0.045347 -0.015179 0.372157
v -0.122848 -0.024004 0.375487
v -0.124188 -0.020897 0.374098
v -0.038235 -0.015967 0.372388
v 0.023527 -0.023488 0.375238
v -0.033944 -0.014953 0.372076
v 0.026402 -0.016430 0.372470
v -0.127398 -0.006708 0.370368
v -0.056387 -0.005295 0.370214
v -0.126224 -0.014008 0.371787
v -0.052911 -0.010659 0.371032
v -0.048756 -0.013765 0.371750
v -0.057043 0.003722 0.370043
v -0.127718 -0.000277 0.369974
v -0.127431 0.006226 0.370329
v -0.053035 0.010683 0.371024
v -0.126331 0.013449 0.371656
v -0.034629 0.015143 0.372148
v 0.023140 0.024372 0.375654
v 0.024100 0.022276 0.374695
v -0.046056 0.014957 0.372076
v -0.048756 0.013765 0.371750
v -0.122757 0.024191 0.375572
v -0.124150 0.020956 0.374136
v -0.026407 0.010013 0.370886
v 0.026771 0.015069 0.372066
v -0.023461 0.004621 0.370171
v 0.027874 0.010021 0.370907
v -0.031179 0.013730 0.371741
v 0.028674 0.002705 0.370039
v -0.026919 -0.010635 0.371015
v 0.027049 -0.013825 0.371774
v -0.031179 -0.013730 0.371741
v -0.023356 -0.004604 0.370143
v 0.028500 -0.005569 0.370229
v -0.093980 0.045692 0.394413
v -0.084704 0.047730 0.397638
v -0.051201 0.050181 0.402481
v -0.072321 0.049298 0.400605
v -0.061841 0.049998 0.402078
v -0.015343 0.047355 0.397009
v -0.038097 0.049843 0.401745
v -0.028602 0.049147 0.400312
v -0.021703 0.048365 0.398805
v 0.005197 0.040972 0.388309
v 0.010238 0.038191 0.385401
v -0.111412 0.037978 0.385144
v -0.008835 0.045959 0.394761
v -0.100983 0.043428 0.391227
v -0.104872 0.041704 0.389143
v 0.002367 0.042330 0.389872
v 0.013384 0.035956 0.383353
v 0.017733 0.031891 0.380176
v -0.116064 0.033846 0.381641
v -0.117512 0.032244 0.380443
v -0.118575 0.031063 0.379566
v 0.019470 0.029926 0.378809
v -0.118572 -0.030948 0.379533
v -0.119968 -0.029140 0.378354
v 0.017639 -0.031988 0.380249
v 0.015414 -0.034152 0.381884
v -0.110208 -0.038690 0.385901
v -0.115586 -0.034414 0.382040
v 0.010938 -0.037856 0.385024
v -0.107631 -0.040260 0.387528
v 0.003079 -0.042018 0.389486
v -0.006169 -0.045307 0.393764
v -0.104872 -0.041704 0.389143
v -0.100542 -0.043560 0.391421
v -0.045824 -0.050109 0.402327
v -0.021286 -0.048314 0.398694
v -0.035062 -0.049668 0.401371
v -0.012177 -0.046745 0.395968
v -0.027476 -0.049044 0.400103
v -0.093932 -0.045737 0.394437
v -0.051605 -0.050192 0.402501
v -0.057969 -0.050090 0.402285
v -0.068961 -0.049599 0.401227
v -0.079559 -0.048508 0.399075
v -0.085783 -0.047533 0.397340
v -0.123737 -0.006585 0.374952
v -0.118877 0.005793 0.380144
v -0.115349 0.033177 0.382281
v -0.112051 0.032826 0.384912
v -0.115349 -0.033177 0.382281
v -0.108577 -0.032497 0.387374
v -0.104937 -0.032190 0.389664
v -0.112051 -0.032826 0.384912
v -0.115735 -0.022593 0.382457
v -0.115735 0.022593 0.382457
v -0.108577 0.032497 0.387374
v -0.097682 -0.012341 0.394107
v -0.089274 -0.021230 0.397233
v -0.104405 -0.041657 0.389422
v -0.099344 -0.041188 0.392194
v -0.112436 -0.022350 0.385087
v -0.108960 -0.022123 0.387548
v -0.105317 -0.021911 0.389837
v -0.089274 0.021230 0.397233
v -0.088407 0.040405 0.396837
v -0.097571 0.021537 0.393891
v -0.112436 0.022350 0.385087
v -0.108960 0.022123 0.387548
v -0.104937 0.032190 0.389664
v -0.105317 0.021911 0.389837
v -0.099344 0.041188 0.392194
v -0.104405 0.041657 0.389422
v -0.052133 0.020728 0.403134
v -0.047357 0.041217 0.402750
v -0.061856 0.020740 0.402813
v -0.058889 0.039469 0.402611
v -0.061160 0.039489 0.402459
v -0.071794 0.011187 0.401803
v -0.114390 0.000482 0.383989
v -0.106987 -0.000212 0.389199
v -0.089563 0.000000 0.397365
v -0.080505 0.020993 0.399846
v -0.080780 0.000000 0.399974
v -0.062089 0.000000 0.402931
v -0.052333 0.000000 0.403246
v -0.051532 -0.039460 0.402798
v -0.052133 -0.020728 0.403134
v -0.058889 -0.039469 0.402611
v -0.061856 -0.020740 0.402813
v -0.061160 -0.039489 0.402459
v -0.071339 -0.020829 0.401711
v -0.070568 -0.039659 0.401341
v -0.088407 -0.040405 0.396837
v -0.080505 -0.020993 0.399846
v -0.073219 -0.039734 0.400878
v -0.070568 0.039659 0.401341
v -0.073219 0.039734 0.400878
v -0.082157 0.041285 0.398772
v -0.013525 -0.036020 0.396638
v -0.022481 -0.011516 0.399432
v -0.043367 -0.038832 0.402508
v -0.042664 -0.001131 0.402859
v 0.007013 0.012730 0.387773
v -0.003682 0.012211 0.393103
v 0.005288 -0.011523 0.388722
v -0.004331 -0.035842 0.393140
v -0.022606 0.033432 0.399285
v -0.032000 0.039828 0.401107
v -0.037271 0.039674 0.401872
v -0.013016 0.010949 0.396675
v -0.003830 0.041346 0.392790
v 0.023440 -0.001219 0.375646
v 0.015303 0.000074 0.382403
v -0.032373 -0.000524 0.401549
v -0.037271 -0.039674 0.401872
v -0.032000 -0.039828 0.401107
v -0.040000 -0.000000 0.372366
v 0.008645 0.039156 0.386356
v -0.046695 -0.014723 0.372010
v -0.126333 -0.013451 0.371656
v -0.124210 -0.020805 0.374067
v 0.023474 -0.023612 0.375293
v 0.026823 -0.014882 0.372013
v -0.127452 -0.006060 0.370304
v -0.056307 -0.005235 0.370234
v -0.053035 -0.010683 0.371024
v -0.127409 0.006610 0.370357
v -0.057252 0.000429 0.369980
v -0.127709 0.000257 0.369986
v -0.056052 0.005852 0.370300
v -0.052911 0.010659 0.371032
v -0.126221 0.014005 0.371786
v 0.026734 0.015306 0.372109
v -0.038138 0.015958 0.372389
v 0.023329 0.023847 0.375423
v -0.045271 0.015206 0.372164
v -0.123176 0.023341 0.375162
v -0.023533 0.004775 0.370193
v 0.028434 0.006287 0.370303
v -0.026919 0.010635 0.371015
v 0.028674 -0.002705 0.370039
v -0.022706 -0.000479 0.369970
v -0.027053 -0.010622 0.371025
v 0.027978 -0.009404 0.370794
v -0.023907 -0.005726 0.370290
v -0.111397 -0.037973 0.385135
v 0.004033 -0.041595 0.389007
v 0.010389 -0.038131 0.385372
v 0.013665 -0.035693 0.383128
v -0.116733 -0.033140 0.381093
v -0.122676 -0.024481 0.375684
v 0.017729 -0.031911 0.380188
v 0.014633 0.034874 0.382485
v -0.110026 0.038945 0.386074
v -0.007244 0.045575 0.394161
v 0.001270 0.042739 0.390358
v -0.068134 0.049655 0.401341
v -0.060798 0.049989 0.402063
v -0.021878 0.048395 0.398845
v -0.082216 0.048158 0.398422
v -0.098427 0.044374 0.392480
v -0.092594 0.046063 0.394949
v -0.029564 0.049242 0.400495
v -0.015251 0.047331 0.396988
v -0.040772 0.049962 0.402005
v -0.100899 -0.043463 0.391274
v -0.006904 -0.045509 0.394062
v -0.094140 -0.045661 0.394358
v -0.038275 -0.049849 0.401759
v -0.020947 -0.048272 0.398623
v -0.028571 -0.049132 0.400281
v -0.084063 -0.047837 0.397824
v -0.065663 -0.049792 0.401636
v -0.073935 -0.049135 0.400283
v -0.123737 0.006585 0.374952
v -0.118559 0.006570 0.380426
v -0.118931 -0.019682 0.379697
v -0.097571 0.021537 0.393891
v -0.097682 -0.012341 0.394107
v -0.071339 -0.020829 0.401711
v -0.052333 -0.000000 0.403246
v -0.062089 -0.000000 0.402931
v -0.071794 0.011187 0.401803
v -0.080780 -0.000000 0.399974
v -0.089563 -0.000000 0.397365
v -0.105622 0.000000 0.389975
v -0.111082 -0.000011 0.386476
v -0.081858 -0.040135 0.398917
v -0.013848 -0.035370 0.396747
v -0.022717 -0.001872 0.399547
v 0.023552 -0.000656 0.375521
v 0.006940 0.010388 0.387841
v -0.003478 0.011370 0.393019
v -0.041561 0.032730 0.402493
v -0.012838 0.010708 0.396618
v 0.015379 0.002372 0.382347
v -0.042181 -0.026671 0.402645
v -0.032227 -0.000126 0.401522
v -0.040000 0.000000 0.372366
v -0.156166 0.070959 0.113199
v -0.154353 0.092505 0.113227
v -0.151387 0.092120 0.113425
v -0.152859 0.075874 0.113391
v -0.157545 0.028735 0.113200
v -0.154261 0.040721 0.113377
v -0.153039 -0.073086 0.113389
v -0.156205 -0.070373 0.113199
v -0.154426 -0.031450 0.113375
v -0.157421 -0.031502 0.113200
v -0.154709 0.004569 0.113372
v -0.151384 -0.092164 0.113432
v -0.154357 -0.092461 0.113219
v -0.151180 -0.095318 0.116248
v -0.154151 -0.095724 0.116086
v -0.151194 -0.094211 0.114334
v -0.154179 -0.094382 0.113969
v -0.152188 -0.095446 0.178024
v -0.155127 -0.095800 0.181347
v -0.151841 -0.095433 0.130760
v -0.154986 -0.095800 0.138753
v -0.153987 -0.095730 0.216843
v -0.151016 -0.095292 0.216850
v -0.154038 -0.094580 0.218864
v -0.151084 -0.093991 0.218887
v -0.154260 -0.092502 0.219774
v -0.151287 -0.092095 0.219635
v -0.156146 -0.070886 0.219800
v -0.153097 -0.071932 0.219678
v -0.157484 -0.030324 0.219800
v -0.154145 0.048115 0.219691
v -0.156967 0.052613 0.219801
v -0.157686 0.013394 0.219800
v -0.154783 -0.012338 0.219699
v -0.155709 0.076941 0.219800
v -0.151229 0.092622 0.219545
v -0.154220 0.092841 0.219731
v -0.152650 0.077974 0.219672
v -0.154014 0.094876 0.218568
v -0.151032 0.094645 0.218227
v -0.154003 0.095777 0.216481
v -0.151029 0.095382 0.216306
v -0.152156 0.095442 0.178570
v -0.155169 0.095801 0.176908
v -0.154986 0.095800 0.138754
v -0.151896 0.095442 0.131800
v -0.154159 0.095747 0.116205
v -0.151177 0.095312 0.116191
v -0.154165 0.094579 0.114136
v -0.151207 0.094015 0.114169
v -0.156216 0.081534 0.130790
v -0.156257 0.083780 0.182769
v -0.157331 0.063673 0.137882
v -0.157450 0.063943 0.180510
v -0.158182 0.033740 0.137769
v -0.158466 -0.000000 0.137732
v -0.158182 -0.033740 0.137769
v -0.157331 -0.063673 0.137882
v -0.158296 0.032188 0.183371
v -0.158543 -0.001171 0.184254
v -0.158280 -0.033508 0.182623
v -0.157452 -0.062770 0.182810
v -0.156147 -0.081953 0.129872
v -0.156396 -0.082942 0.166056
v -0.156144 -0.082188 0.193481
v -0.153481 0.081681 0.166039
v -0.153179 0.081471 0.130219
v -0.154402 0.063987 0.182692
v -0.154245 0.063649 0.131726
v -0.155101 0.032772 0.130771
v -0.155370 -0.000686 0.130786
v -0.155073 -0.033974 0.130423
v -0.154211 -0.063164 0.129746
v -0.154467 -0.063624 0.178934
v -0.155277 -0.033747 0.182128
v -0.155556 0.000889 0.182761
v -0.155254 0.034959 0.181820
v -0.153481 -0.081681 0.166039
v -0.153199 -0.081722 0.131322
v -0.153029 -0.081836 0.199707
v -0.153025 0.081604 0.200597
v 0.023995 -0.148257 0.302121
v 0.022993 -0.149705 0.296125
v 0.024189 -0.031726 0.303078
v 0.008205 -0.157669 0.268110
v 0.005487 -0.158477 0.265307
v 0.005744 0.158431 0.265580
v 0.016282 -0.154480 0.279147
v 0.013345 -0.155641 0.274344
v 0.019159 0.152330 0.284470
v 0.023345 0.149281 0.297914
v 0.024287 0.147536 0.304983
v 0.024194 0.031738 0.303126
v 0.024462 0.145992 0.310996
v 0.024519 0.032653 0.309254
v 0.020000 0.021701 0.286538
v 0.020000 0.021398 0.286538
v 0.023286 0.029698 0.297314
v 0.021792 0.150956 0.291808
v 0.022254 0.027479 0.293104
v 0.022112 0.026699 0.292413
v 0.023286 0.029478 0.297314
v 0.023286 -0.029478 0.297314
v 0.022249 -0.027180 0.293004
v 0.020000 -0.021398 0.286538
v 0.020000 -0.021701 0.286538
v 0.019614 -0.152522 0.285719
v 0.022167 -0.027241 0.292805
v 0.020825 -0.151765 0.288955
v 0.014158 0.155397 0.275662
v 0.010430 0.156883 0.270651
v 0.023286 -0.029698 0.297314
v 0.024519 -0.032653 0.309254
v 0.024447 -0.146547 0.308822
v 0.024519 0.032453 0.309254
v 0.024519 -0.032453 0.309254
v 0.024189 -0.031519 0.303076
v 0.024194 0.031531 0.303124
v 0.024270 -0.032312 0.314852
v 0.019474 -0.140735 0.333316
v 0.016597 0.139443 0.339208
v 0.024312 -0.145468 0.313265
v 0.023425 -0.143695 0.320319
v 0.024282 -0.032548 0.314486
v 0.023159 -0.030907 0.321812
v 0.021856 -0.142300 0.326641
v 0.021791 -0.028476 0.327075
v 0.020000 -0.024960 0.332125
v 0.020000 -0.024697 0.332125
v 0.023096 0.030552 0.322225
v 0.023064 -0.030492 0.322373
v 0.021781 0.028227 0.327108
v 0.021790 -0.028244 0.327080
v 0.020000 0.024697 0.332125
v 0.020000 0.024960 0.332125
v 0.019660 0.140860 0.332852
v 0.023048 0.030712 0.322352
v 0.023554 0.143833 0.319650
v 0.022115 0.142511 0.325747
v 0.021782 0.028460 0.327104
v 0.005625 -0.135973 0.353745
v 0.013301 0.138319 0.344534
v 0.008652 0.137104 0.350487
v 0.004102 0.136424 0.355074
v 0.012733 -0.138028 0.345393
v 0.016174 -0.139323 0.339909
v 0.024258 0.032535 0.314703
v 0.024270 0.032315 0.314768
v -0.033442 0.034875 0.372020
v -0.027994 0.132645 0.371212
v -0.035871 0.133161 0.372119
v -0.040268 0.038276 0.372372
v -0.042511 0.132391 0.372348
v -0.017068 0.015851 0.368112
v -0.028759 0.031564 0.371379
v -0.022227 0.133571 0.369724
v -0.022810 0.025524 0.369990
v -0.017446 -0.016666 0.368254
v -0.015884 -0.133920 0.367587
v -0.028458 -0.031337 0.371319
v -0.028566 -0.132630 0.371328
v -0.022659 -0.025200 0.369954
v -0.022798 -0.133828 0.369780
v -0.008900 -0.134544 0.364313
v -0.015505 0.133914 0.367455
v -0.008350 0.134921 0.363878
v -0.002581 0.134601 0.360572
v -0.003567 -0.134535 0.361208
v 0.003200 -0.136346 0.355849
v -0.040199 -0.038253 0.372373
v -0.038177 -0.132385 0.372371
v -0.033400 -0.034849 0.372016
v -0.057212 0.132770 0.369990
v -0.064299 0.133207 0.367598
v -0.057938 0.040895 0.369784
v -0.052456 -0.040921 0.371122
v -0.051521 -0.133224 0.371212
v -0.046146 -0.040032 0.372062
v -0.044321 -0.133179 0.372087
v -0.063252 -0.040161 0.368000
v -0.063252 0.040161 0.368000
v -0.065124 -0.133250 0.367263
v -0.057939 -0.040895 0.369783
v -0.057783 -0.133544 0.369712
v -0.071097 0.134503 0.364300
v -0.071890 -0.133867 0.363970
v -0.077333 -0.134480 0.360627
v -0.076628 0.135109 0.360959
v -0.082443 0.136088 0.356482
v -0.085552 -0.136712 0.353615
v -0.082990 -0.136189 0.355991
v -0.085624 0.135852 0.353746
v -0.051361 0.132523 0.371360
v -0.052456 0.040921 0.371122
v -0.046145 0.040032 0.372062
v -0.084606 0.146091 0.332697
v -0.088057 0.148032 0.323947
v -0.080531 0.144553 0.339319
v -0.079839 0.143011 0.343990
v -0.075693 0.143232 0.345062
v -0.083786 0.140652 0.347576
v -0.090032 0.151592 0.308967
v -0.096946 0.150446 0.306476
v -0.089564 0.142670 0.338965
v -0.091794 0.138928 0.345643
v -0.103193 0.147121 0.311548
v -0.096672 0.147659 0.317699
v -0.102700 0.144697 0.320334
v -0.101147 0.143175 0.326734
v -0.094350 0.145225 0.327950
v -0.098690 0.141606 0.333526
v -0.095408 0.140110 0.340099
v -0.089552 0.149740 0.316679
v -0.064561 0.141186 0.353684
v -0.070560 0.142228 0.349596
v -0.054194 0.140143 0.358021
v -0.045851 0.139805 0.359657
v -0.038648 0.139835 0.359998
v -0.075083 0.160360 0.274331
v -0.079618 0.158999 0.279450
v -0.090587 0.156037 0.285323
v -0.083946 0.157294 0.286099
v -0.094775 0.153396 0.295034
v -0.087717 0.155046 0.294927
v -0.089344 0.153310 0.301925
v -0.086712 0.158934 0.269281
v -0.093581 0.156350 0.277693
v -0.099493 0.153188 0.287768
v -0.102065 0.150922 0.296014
v -0.103251 0.149194 0.302492
v -0.027668 0.140401 0.358543
v -0.020250 0.141260 0.355950
v -0.014721 0.142090 0.353150
v -0.006651 0.142405 0.350335
v -0.008961 0.143111 0.349237
v -0.003490 0.144392 0.344192
v 0.001490 0.143613 0.343965
v -0.036501 0.164188 0.260026
v -0.039869 0.165202 0.249684
v -0.046711 0.164019 0.260427
v -0.054163 0.163599 0.262019
v -0.062831 0.162673 0.265419
v -0.070249 0.161456 0.270171
v -0.048835 0.164935 0.249402
v -0.057652 0.164305 0.251300
v -0.064101 0.163596 0.253440
v -0.070193 0.162709 0.256165
v -0.081200 0.160461 0.263251
v 0.002763 0.146219 0.336014
v 0.008162 0.148815 0.323626
v 0.005547 0.147349 0.330677
v 0.009578 0.150250 0.316866
v 0.013224 0.146496 0.326991
v 0.022973 0.145005 0.319173
v 0.015421 0.148710 0.317063
v 0.023782 0.146964 0.311217
v 0.016206 0.150915 0.307136
v 0.008244 0.137977 0.350257
v 0.007232 0.142054 0.343627
v 0.012546 0.139156 0.344745
v 0.016086 0.140405 0.339030
v 0.009967 0.144484 0.335860
v 0.019257 0.141905 0.332369
v 0.021549 0.143426 0.325689
v -0.000133 0.140266 0.351877
v 0.009991 0.152270 0.308154
v -0.005910 0.161130 0.273300
v -0.026191 0.163855 0.261875
v -0.029198 0.164844 0.249760
v -0.022538 0.164364 0.251211
v -0.014903 0.162746 0.266660
v -0.005723 0.161723 0.266118
v -0.002282 0.161416 0.261157
v 0.002543 0.159595 0.274802
v 0.008230 0.158588 0.269752
v 0.004308 0.157710 0.286697
v 0.013256 0.154871 0.291566
v 0.007502 0.157712 0.282252
v 0.008387 0.154990 0.297111
v -0.000077 0.159478 0.279898
v 0.013507 0.156508 0.276337
v 0.017817 0.154356 0.283772
v 0.020976 0.152098 0.291869
v 0.022609 0.150374 0.298200
v 0.023589 0.148565 0.304967
v 0.001088 0.159442 0.261496
v -0.003704 0.160371 0.258039
v 0.002170 -0.159532 0.262475
v -0.003439 -0.160330 0.258224
v -0.015451 -0.162223 0.252050
v -0.009231 0.161405 0.254875
v -0.009296 -0.161789 0.254947
v -0.015627 0.162238 0.251979
v -0.028608 0.163379 0.248361
v -0.021831 0.163374 0.250056
v -0.028262 -0.162785 0.248340
v -0.022220 -0.163407 0.249940
v -0.040356 -0.163765 0.247385
v -0.039539 0.163766 0.247385
v -0.035747 0.163762 0.247544
v -0.034456 -0.163731 0.247640
v -0.051515 -0.163341 0.248382
v -0.051876 0.162728 0.248357
v -0.044339 -0.163751 0.247550
v -0.045642 0.164099 0.247755
v -0.064588 0.162156 0.252065
v -0.064383 -0.162175 0.251983
v -0.058165 -0.162943 0.249948
v -0.057786 0.163370 0.249947
v -0.070754 -0.161339 0.254874
v -0.070695 0.161728 0.254948
v -0.076658 -0.160205 0.258279
v -0.076560 0.160268 0.258239
v -0.085498 -0.157613 0.265192
v -0.085094 0.158453 0.264944
v -0.080902 -0.159394 0.261359
v -0.082111 0.159083 0.262312
v -0.088173 0.157585 0.268093
v -0.094108 -0.155322 0.275595
v -0.093254 0.154990 0.274134
v -0.090459 -0.156777 0.270699
v -0.099048 -0.152300 0.284254
v -0.099310 0.152653 0.285107
v -0.096261 0.154404 0.279134
v -0.104474 0.146453 0.308709
v -0.103978 0.148224 0.302041
v -0.103301 -0.149275 0.297721
v -0.102840 0.149811 0.295535
v -0.101782 -0.150895 0.291794
v -0.100815 0.151699 0.288958
v -0.104439 -0.145932 0.311150
v -0.104288 -0.147459 0.305043
v -0.101896 0.142204 0.326560
v -0.103414 0.143620 0.320362
v -0.103631 -0.143745 0.319388
v -0.104307 0.145427 0.313224
v -0.099761 -0.140867 0.332578
v -0.099412 0.140662 0.333426
v -0.102057 -0.142404 0.325893
v -0.096647 -0.139387 0.339110
v -0.093411 -0.138282 0.344360
v -0.088618 -0.137038 0.350508
v -0.092777 0.137960 0.345325
v -0.096175 0.139255 0.339886
v -0.038538 -0.139798 0.360076
v -0.045882 -0.139805 0.359653
v -0.053438 -0.140109 0.358202
v -0.064070 -0.141119 0.353932
v -0.069167 -0.141960 0.350660
v -0.075335 -0.143204 0.345419
v -0.003181 -0.144455 0.343887
v -0.000396 -0.143690 0.344716
v -0.008894 -0.143136 0.349178
v -0.008760 -0.142057 0.351861
v -0.017170 -0.141640 0.354575
v -0.024410 -0.140774 0.357545
v -0.030286 -0.140225 0.359051
v -0.068734 -0.138043 0.359735
v -0.077283 -0.135773 0.360163
v -0.084603 -0.137577 0.353321
v -0.079498 -0.139663 0.352028
v -0.040941 -0.134080 0.371479
v -0.042808 -0.136643 0.366914
v -0.054946 -0.134376 0.369667
v -0.054834 -0.136933 0.365120
v -0.065024 -0.134507 0.366885
v -0.071573 -0.135091 0.363681
v -0.088178 -0.137945 0.350206
v -0.086847 -0.141561 0.343589
v -0.096833 -0.148574 0.314280
v -0.090021 -0.151410 0.309709
v -0.103223 -0.147910 0.308470
v -0.102913 -0.144979 0.319155
v -0.093598 -0.144585 0.330606
v -0.101498 -0.143406 0.325626
v -0.099177 -0.141871 0.332362
v -0.096009 -0.140376 0.338994
v -0.083335 -0.144388 0.338442
v -0.092479 -0.139131 0.344685
v -0.088145 -0.148116 0.323710
v -0.089552 -0.149740 0.316679
v -0.080535 -0.144552 0.339314
v -0.084182 -0.145884 0.333458
v -0.027786 -0.136944 0.365992
v -0.029762 -0.133746 0.371166
v 0.003089 -0.137240 0.355031
v -0.004055 -0.139536 0.355146
v -0.003408 -0.135727 0.360670
v -0.013518 -0.135142 0.365795
v -0.014095 -0.138202 0.361072
v 0.003887 -0.141675 0.346831
v -0.096057 -0.151956 0.300746
v -0.088785 -0.154127 0.298590
v -0.091739 -0.155429 0.287633
v -0.086770 -0.155707 0.292321
v -0.083636 -0.157442 0.285508
v -0.086284 -0.159081 0.268921
v -0.079658 -0.158999 0.279465
v -0.075218 -0.160279 0.274496
v -0.072392 -0.161039 0.271776
v -0.090875 -0.157475 0.273826
v -0.097705 -0.154317 0.283707
v -0.102066 -0.150922 0.296339
v 0.008556 -0.149074 0.322360
v 0.009828 -0.150879 0.314140
v 0.005458 -0.147294 0.330845
v 0.007614 -0.145342 0.335450
v 0.002342 -0.146087 0.336656
v 0.015322 -0.147771 0.320471
v 0.013105 -0.146072 0.328434
v 0.009988 -0.152362 0.307713
v 0.017376 -0.149357 0.311961
v 0.009736 -0.143150 0.339185
v 0.011886 -0.138963 0.345667
v 0.008016 -0.137518 0.351002
v 0.022770 -0.144736 0.320305
v 0.021230 -0.143216 0.326705
v 0.018807 -0.141658 0.333456
v 0.015500 -0.140149 0.340102
v 0.023790 -0.146885 0.311531
v -0.052332 -0.164801 0.250237
v -0.062762 -0.162676 0.265387
v -0.046709 -0.164061 0.260400
v -0.053573 -0.163609 0.261834
v -0.036491 -0.164194 0.260026
v -0.040420 -0.165198 0.249668
v -0.077836 -0.161275 0.260671
v -0.005959 -0.161133 0.273255
v 0.004482 -0.158887 0.278063
v -0.000077 -0.159478 0.279898
v 0.009607 -0.156642 0.286422
v 0.004301 -0.157706 0.286685
v 0.008238 -0.155162 0.296441
v 0.015831 -0.152797 0.298826
v 0.022152 -0.150935 0.296129
v 0.023317 -0.149207 0.302593
v 0.012147 -0.157080 0.274391
v 0.015725 -0.155471 0.279916
v 0.019579 -0.153232 0.287800
v 0.004980 -0.159583 0.267012
v -0.001494 -0.160838 0.268959
v -0.029885 -0.164959 0.250475
v -0.026124 -0.163803 0.261885
v 0.001449 -0.160502 0.263386
v -0.011942 -0.162781 0.262704
v -0.009731 -0.162769 0.256135
v -0.022392 -0.164351 0.251251
v -0.015467 -0.162793 0.266302
v -0.054258 0.136874 0.365334
v -0.050475 0.133748 0.371107
v -0.039141 0.134083 0.371483
v -0.042728 0.136643 0.366915
v -0.084271 0.137493 0.353713
v -0.075525 0.138911 0.355412
v -0.073082 0.135755 0.362260
v -0.065580 0.137712 0.361241
v -0.063813 0.134419 0.367377
v -0.057033 0.134002 0.369617
v -0.008760 0.138902 0.358156
v -0.002543 0.135822 0.360101
v 0.003398 0.137292 0.354740
v -0.030706 0.136889 0.366272
v -0.028842 0.133801 0.370976
v -0.017996 0.134778 0.367628
v -0.019647 0.137658 0.363353
v -0.052941 -0.030000 0.358296
v -0.065000 -0.030000 0.353301
v -0.090000 -0.030000 0.310000
v -0.088296 -0.030000 0.297059
v -0.075355 -0.030000 0.274645
v -0.027059 -0.030000 0.358296
v -0.015000 -0.030000 0.353301
v -0.004645 -0.030000 0.345355
v 0.003301 -0.030000 0.335000
v 0.008296 -0.030000 0.322941
v 0.010000 -0.030000 0.310000
v 0.008296 -0.030000 0.297059
v 0.003301 -0.030000 0.285000
v -0.004645 -0.030000 0.274645
v -0.015000 -0.030000 0.266699
v -0.027059 -0.030000 0.261704
v -0.040000 -0.030000 0.260000
v -0.052941 -0.030000 0.261704
v -0.065000 -0.030000 0.266699
v -0.083301 -0.030000 0.285000
v -0.088296 -0.030000 0.322941
v -0.083301 -0.030000 0.335000
v -0.075355 -0.030000 0.345355
v -0.040000 -0.030000 0.360000
v -0.027059 0.030000 0.358296
v 0.010000 0.030000 0.310000
v -0.090000 0.030000 0.310000
v -0.088296 0.030000 0.297059
v -0.083301 0.030000 0.285000
v -0.075355 0.030000 0.274645
v -0.065000 0.030000 0.266699
v -0.052941 0.030000 0.261704
v -0.040000 0.030000 0.260000
v -0.027059 0.030000 0.261704
v -0.015000 0.030000 0.266699
v -0.004645 0.030000 0.274645
v 0.003301 0.030000 0.285000
v 0.008296 0.030000 0.297059
v 0.008296 0.030000 0.322941
v 0.003301 0.030000 0.335000
v -0.004645 0.030000 0.345355
v -0.015000 0.030000 0.353301
v -0.052941 0.030000 0.358296
v -0.040000 0.030000 0.360000
v -0.065000 0.030000 0.353301
v -0.075355 0.030000 0.345355
v -0.083301 0.030000 0.335000
v -0.088296 0.030000 0.322941
v -0.085212 -0.158731 0.265323
v -0.103952 -0.147487 0.308377
v -0.098466 -0.153402 0.283474
v -0.101144 -0.151836 0.291963
v -0.091669 -0.157117 0.273381
v -0.085051 -0.159290 0.266046
v -0.078460 -0.160705 0.260074
v -0.070071 -0.162676 0.255677
v -0.063823 -0.163574 0.252919
v -0.057734 -0.164086 0.250705
v -0.051160 -0.164302 0.248918
v -0.042222 -0.164636 0.247947
v -0.042095 -0.165058 0.248649
v -0.038022 -0.133350 0.372117
v -0.032359 -0.164845 0.248765
v -0.029046 -0.164063 0.248581
v -0.015601 -0.163553 0.253106
v -0.003527 -0.161575 0.259310
v 0.005394 -0.159290 0.266194
v -0.087593 0.137205 0.351511
v -0.042126 0.133346 0.372111
v -0.103898 0.146690 0.311526
v -0.084128 0.159511 0.264932
v -0.087837 0.158442 0.268893
v -0.092397 0.156629 0.273831
v -0.095803 0.155252 0.279778
v -0.037809 0.164640 0.247947
v -0.037926 0.165063 0.248647
v -0.050938 0.164044 0.248585
v -0.064357 0.163089 0.252588
v -0.076419 0.161512 0.259346
v 0.018583 0.153404 0.283643
v 0.005215 0.159331 0.266118
v 0.000872 0.160445 0.262212
v -0.003680 0.161460 0.258981
v -0.009891 0.162731 0.255641
v -0.016155 0.163620 0.252886
v -0.028930 0.164329 0.248892
v -0.022217 -0.024623 0.368000
v -0.030443 -0.032833 0.368000
v -0.040643 -0.038404 0.368000
v -0.051996 -0.040890 0.368000
v -0.051996 0.040890 0.368000
v -0.040643 0.038404 0.368000
v -0.030443 0.032833 0.368000
v -0.022217 0.024623 0.368000
v 0.020001 0.027867 0.294111
v 0.020001 0.032495 0.313578
v 0.020001 0.031701 0.303435
v 0.019999 0.030092 0.323565
v 0.019999 -0.027953 0.294196
v 0.019999 -0.031799 0.303770
v 0.019999 -0.032468 0.313982
v 0.020001 -0.029971 0.323802
v -0.156363 -0.066581 0.113001
v -0.157491 -0.028148 0.113000
v -0.156593 0.062054 0.112998
v -0.156397 0.049748 0.105270
v -0.156427 0.022613 0.099880
v -0.157560 0.020634 0.113000
v -0.156566 -0.008041 0.100019
v -0.156217 -0.036979 0.100184
v -0.155495 -0.062777 0.101128
v -0.155297 0.056281 0.097950
v -0.146140 0.127146 0.116283
v -0.145964 0.126627 0.112081
v -0.150483 0.119534 0.166234
v -0.151008 0.117343 0.147190
v -0.149900 0.119308 0.127957
v -0.152717 0.103205 0.111692
v -0.154246 0.093377 0.113164
v -0.154112 0.095289 0.114686
v -0.154129 0.095890 0.116066
v -0.153789 0.103846 0.133815
v -0.154930 0.096000 0.137220
v -0.155124 0.095999 0.179461
v -0.153948 0.104273 0.175362
v -0.155055 0.086086 0.112994
v -0.149771 0.116141 0.111877
v -0.149138 0.120687 0.123034
v -0.147834 0.123531 0.118980
v -0.153608 0.085068 0.098823
v -0.151412 0.101948 0.098906
v -0.148464 0.114742 0.099005
v -0.144688 0.125173 0.099114
v -0.149049 -0.112916 0.098925
v -0.149771 -0.116141 0.111877
v -0.144688 -0.125173 0.099114
v -0.153468 -0.086508 0.098828
v -0.154989 -0.096000 0.139439
v -0.154130 -0.095890 0.116069
v -0.152717 -0.103205 0.111692
v -0.154112 -0.095289 0.114686
v -0.154247 -0.093377 0.113164
v -0.154891 -0.086103 0.111537
v -0.146139 -0.126771 0.114178
v -0.150738 -0.117484 0.134032
v -0.147258 -0.127712 0.148907
v -0.150925 -0.102112 0.096292
v -0.151494 -0.116114 0.166452
v -0.147235 -0.127484 0.179712
v -0.153759 -0.103959 0.133549
v -0.153975 -0.104173 0.175318
v -0.155096 -0.096000 0.179004
v -0.051486 0.033789 0.381603
v -0.051249 0.040670 0.387904
v -0.111442 0.037907 0.385154
v -0.078651 0.048649 0.399320
v -0.051025 0.046236 0.395214
v -0.096852 0.044928 0.393207
v -0.050847 0.050160 0.402439
v -0.050867 0.049722 0.401491
v -0.060509 0.050018 0.402117
v -0.069699 0.049528 0.401065
v -0.055399 0.007305 0.370467
v -0.126304 0.013500 0.371683
v -0.051943 0.011610 0.371234
v -0.051686 0.026613 0.376786
v -0.121681 0.026215 0.376649
v -0.051830 0.019654 0.373585
v -0.054524 -0.008632 0.370679
v -0.057534 -0.000397 0.369911
v -0.127813 -0.000717 0.369992
v -0.051799 -0.021258 0.374274
v -0.051942 -0.011534 0.371223
v -0.126000 -0.014829 0.372037
v -0.121073 -0.027276 0.377240
v -0.051561 -0.031359 0.379752
v -0.051377 -0.037145 0.384438
v -0.051155 -0.043121 0.390860
v -0.113816 -0.036102 0.383426
v -0.050847 -0.050160 0.402439
v -0.051014 -0.046483 0.395600
v -0.070205 -0.049492 0.400988
v -0.060697 -0.050019 0.402113
v -0.098866 -0.044208 0.392257
v -0.090401 -0.046565 0.395730
v -0.117919 0.043379 0.379235
v -0.049833 0.068172 0.371590
v -0.051259 0.040439 0.371350
v -0.048496 0.085644 0.398501
v -0.047657 0.094817 0.396140
v -0.047466 0.096767 0.371918
v -0.046739 0.103782 0.393101
v -0.048933 0.080386 0.399556
v -0.049692 0.070210 0.401051
v -0.049871 0.067479 0.401306
v -0.050742 0.052331 0.402343
v -0.043208 0.131779 0.372495
v -0.043175 0.132004 0.372744
v -0.043195 0.131866 0.372984
v -0.043156 0.132134 0.373051
v -0.043153 0.132158 0.373383
v -0.043158 0.132118 0.373580
v -0.043231 0.131614 0.372389
v -0.043919 0.126751 0.379071
v -0.043250 0.131483 0.372333
v -0.043165 0.132071 0.373704
v -0.043192 0.131884 0.373978
v -0.044216 0.124576 0.381021
v -0.046122 0.109318 0.372064
v -0.043296 0.131165 0.372278
v -0.044669 0.121170 0.383768
v -0.045403 0.115373 0.387622
v -0.045879 0.111411 0.389755
v -0.050736 -0.052452 0.371442
v -0.051789 -0.021774 0.371252
v -0.048767 -0.082446 0.371750
v -0.048689 -0.083366 0.371760
v -0.050742 -0.052331 0.402343
v -0.050651 -0.054125 0.402256
v -0.049766 -0.069129 0.401196
v -0.043296 -0.131165 0.372278
v -0.046675 -0.104378 0.372008
v -0.043879 -0.127043 0.378798
v -0.044216 -0.124576 0.381021
v -0.046260 -0.108114 0.391306
v -0.045403 -0.115373 0.387622
v -0.044626 -0.121497 0.383520
v -0.043192 -0.131884 0.373978
v -0.043195 -0.131866 0.372984
v -0.043167 -0.132056 0.373736
v -0.043173 -0.132016 0.372764
v -0.043180 -0.131967 0.372690
v -0.043155 -0.132141 0.373080
v -0.043153 -0.132154 0.373417
v -0.043158 -0.132118 0.373580
v -0.043205 -0.131793 0.372506
v -0.043231 -0.131614 0.372389
v -0.043248 -0.131498 0.372338
v -0.049394 -0.074361 0.400508
v -0.048527 -0.085325 0.398588
v -0.047341 -0.098020 0.395146
v -0.046398 -0.106890 0.391838
v -0.050461 0.057700 0.220000
v -0.050489 0.058482 0.248156
v -0.052104 -0.008249 0.219999
v -0.052037 0.008067 0.248427
v -0.047728 0.094088 0.219413
v -0.047559 0.095826 0.217509
v -0.046182 0.109008 0.247601
v -0.047864 0.092701 0.219954
v -0.047550 0.095914 0.115812
v -0.045033 0.119108 0.085000
v -0.047724 0.094114 0.113538
v -0.047295 0.098515 0.085000
v -0.047926 0.092000 0.113000
v -0.048946 0.080218 0.085000
v -0.050461 0.057700 0.113000
v -0.050492 0.057170 0.085000
v -0.042820 0.134415 0.085000
v -0.040000 0.151877 0.085000
v -0.039803 0.153000 0.085000
v -0.039447 0.155000 0.212497
v -0.039720 0.153468 0.085056
v -0.039524 0.154573 0.085765
v -0.039558 0.154383 0.086076
v -0.039611 0.154084 0.085319
v -0.039668 0.153765 0.085152
v -0.039447 0.155000 0.087000
v -0.039467 0.154890 0.086346
v -0.039336 0.155680 0.215120
v -0.040000 0.151877 0.247315
v -0.044103 0.125414 0.247445
v -0.037265 0.166572 0.220255
v -0.037366 0.166058 0.230184
v -0.037412 0.165826 0.235096
v -0.037701 0.164348 0.247356
v -0.037534 0.165206 0.217531
v -0.037418 0.165796 0.217823
v -0.037365 0.166067 0.218060
v -0.037257 0.166610 0.219542
v -0.037328 0.166255 0.218290
v -0.037272 0.166537 0.218885
v -0.038942 0.157783 0.216971
v -0.038531 0.160000 0.217479
v -0.037649 0.164618 0.217447
v -0.037535 0.165200 0.246883
v -0.037578 0.164978 0.247136
v -0.037507 0.165345 0.246402
v -0.037607 0.164833 0.247236
v -0.037636 0.164681 0.247301
v -0.052062 -0.009856 0.113000
v -0.052059 -0.005548 0.085000
v -0.051589 0.030267 0.085000
v -0.040000 -0.151877 0.085000
v -0.044618 -0.121559 0.085000
v -0.044364 -0.123602 0.247495
v -0.047422 -0.097263 0.085000
v -0.049346 -0.075193 0.085000
v -0.047926 -0.092000 0.113000
v -0.049552 -0.072163 0.113000
v -0.047722 -0.094113 0.113538
v -0.046591 -0.105145 0.085000
v -0.045023 -0.118690 0.085000
v -0.047549 -0.095926 0.115835
v -0.047553 -0.095882 0.217276
v -0.047727 -0.094114 0.219461
v -0.046885 -0.102418 0.247680
v -0.047926 -0.092000 0.220000
v -0.049868 -0.069179 0.248055
v -0.049552 -0.072163 0.220000
v -0.050243 -0.062493 0.085000
v -0.037604 -0.164847 0.246879
v -0.037553 -0.165109 0.247008
v -0.037533 -0.165213 0.246870
v -0.037520 -0.165278 0.246725
v -0.037507 -0.165345 0.246402
v -0.037456 -0.165603 0.240113
v -0.037602 -0.164858 0.247219
v -0.037662 -0.164548 0.247337
v -0.037701 -0.164348 0.247356
v -0.040000 -0.151877 0.247315
v -0.037454 -0.165615 0.218495
v -0.037257 -0.166610 0.219542
v -0.037266 -0.166568 0.219007
v -0.037281 -0.166491 0.218743
v -0.037315 -0.166320 0.218390
v -0.037402 -0.165876 0.217884
v -0.037265 -0.166572 0.220255
v -0.038531 -0.160000 0.217479
v -0.037649 -0.164618 0.217447
v -0.037519 -0.165283 0.217556
v -0.039315 -0.155734 0.215103
v -0.039113 -0.156850 0.216375
v -0.038841 -0.158333 0.217201
v -0.039626 -0.154001 0.086000
v -0.039803 -0.153000 0.085000
v -0.039579 -0.154264 0.085450
v -0.039685 -0.153670 0.085116
v -0.039499 -0.154711 0.085964
v -0.039455 -0.154958 0.086591
v -0.039447 -0.155000 0.087000
v -0.039447 -0.155000 0.212497
v -0.039427 -0.155112 0.213548
v -0.051615 -0.029317 0.248350
v -0.156667 0.035617 0.237326
v -0.156001 0.060349 0.234335
v -0.156857 0.055449 0.220000
v -0.156384 -0.066316 0.220000
v -0.155749 -0.061067 0.238355
v -0.156703 -0.034527 0.236861
v -0.157656 0.019774 0.220001
v -0.157043 -0.002964 0.237126
v -0.157552 -0.026772 0.220000
v -0.150762 -0.116657 0.195051
v -0.153495 -0.102779 0.203622
v -0.154954 -0.086175 0.220002
v -0.154146 -0.093380 0.219835
v -0.153976 -0.095240 0.218363
v -0.152857 -0.101359 0.221896
v -0.153959 -0.095911 0.216922
v -0.154082 -0.082715 0.240921
v -0.149545 -0.113254 0.231066
v -0.151098 -0.097967 0.252965
v -0.146556 -0.125422 0.213106
v -0.145347 -0.122304 0.238975
v -0.150087 -0.055169 0.298609
v -0.146779 -0.052893 0.317157
v -0.151021 -0.029228 0.298996
v -0.147719 -0.028017 0.317556
v -0.151333 -0.000000 0.299125
v -0.148032 -0.000000 0.317688
v -0.151021 0.029228 0.298996
v -0.147719 0.028017 0.317556
v -0.150087 0.055169 0.298609
v -0.146779 0.052893 0.317157
v -0.152549 -0.057210 0.279613
v -0.153475 -0.030303 0.279981
v -0.153783 0.000000 0.280104
v -0.153475 0.030303 0.279981
v -0.152549 0.057210 0.279613
v -0.154328 -0.058992 0.260441
v -0.155240 -0.031235 0.260773
v -0.155544 0.000000 0.260884
v -0.155240 0.031235 0.260773
v -0.154328 0.058992 0.260441
v -0.153946 0.095758 0.217652
v -0.152857 0.101359 0.221896
v -0.154119 0.093639 0.219745
v -0.155064 0.085164 0.220001
v -0.150981 0.116763 0.185272
v -0.147505 0.126840 0.178245
v -0.149050 0.123210 0.175169
v -0.149992 0.120724 0.171246
v -0.150286 0.115419 0.212132
v -0.153495 0.102779 0.203622
v -0.147181 0.127172 0.185365
v -0.146545 0.125069 0.215256
v -0.145347 0.122304 0.238975
v -0.149029 0.112070 0.239680
v -0.153298 0.081908 0.253196
v -0.151098 0.097967 0.252965
v -0.085709 -0.158946 0.265284
v -0.089128 -0.157855 0.268827
v -0.087886 -0.158928 0.266444
v -0.093941 -0.155723 0.275100
v -0.095610 -0.155214 0.277527
v -0.100292 -0.152168 0.287020
v -0.102679 -0.150318 0.294216
v -0.104080 -0.147952 0.301691
v -0.104613 -0.145647 0.310116
v -0.100672 -0.152613 0.287038
v -0.104878 -0.148598 0.301858
v -0.104998 -0.146196 0.309830
v -0.096270 -0.155688 0.277167
v -0.101581 -0.152530 0.287915
v -0.103771 -0.150501 0.294979
v -0.105685 -0.146011 0.311107
v -0.085577 0.158760 0.265236
v -0.090356 0.157398 0.270276
v -0.104568 0.145872 0.309094
v -0.104224 0.147587 0.302867
v -0.105016 0.146391 0.309201
v -0.105692 0.146413 0.309648
v -0.105295 0.147628 0.305353
v -0.103263 0.149347 0.296910
v -0.102497 0.150584 0.293358
v -0.099772 0.152572 0.285820
v -0.098872 0.153444 0.283588
v -0.094729 0.155370 0.276300
v -0.095897 0.155735 0.277045
v -0.083963 0.159740 0.263307
v -0.103922 0.150417 0.295230
v -0.100242 0.153462 0.284702
v -0.089293 0.158553 0.267771
v -0.083995 0.160073 0.262762
v -0.141546 0.136012 0.115427
v -0.135404 0.144857 0.125806
v -0.135189 0.145395 0.130140
v -0.131143 0.148944 0.129517
v -0.135212 0.145330 0.166674
v -0.131508 0.148488 0.167499
v -0.139081 0.139794 0.117360
v -0.134613 0.144584 0.112512
v -0.136642 0.143232 0.121508
v -0.143770 0.131837 0.114981
v -0.113966 0.158184 0.112911
v -0.113194 0.156954 0.099561
v -0.120300 0.155270 0.112818
v -0.119441 0.154033 0.099510
v -0.125795 0.152017 0.112720
v -0.124855 0.150755 0.099457
v -0.130537 0.148448 0.112617
v -0.129521 0.147148 0.099402
v -0.133527 0.143242 0.099345
v -0.139906 0.134640 0.099229
v -0.114590 0.157775 0.167725
v -0.114393 0.158528 0.129922
v -0.121041 0.154953 0.167676
v -0.120787 0.155643 0.129796
v -0.126394 0.152016 0.167604
v -0.126342 0.152444 0.129660
v -0.142020 -0.137022 0.133816
v -0.135273 -0.145160 0.129367
v -0.141107 -0.136062 0.112296
v -0.139906 -0.134640 0.099229
v -0.134613 -0.144584 0.112512
v -0.133527 -0.143242 0.099345
v -0.130537 -0.148448 0.112617
v -0.129521 -0.147148 0.099402
v -0.125795 -0.152017 0.112720
v -0.124855 -0.150755 0.099457
v -0.120300 -0.155270 0.112818
v -0.119441 -0.154033 0.099510
v -0.113966 -0.158184 0.112911
v -0.113194 -0.156954 0.099561
v -0.127931 -0.151042 0.167577
v -0.136560 -0.144058 0.167761
v -0.143115 -0.135717 0.167737
v -0.114393 -0.158528 0.129922
v -0.114590 -0.157775 0.167725
v -0.120787 -0.155643 0.129796
v -0.121041 -0.154953 0.167676
v -0.126342 -0.152444 0.129660
v -0.131143 -0.148944 0.129517
v -0.089319 0.153931 0.085327
v -0.087610 0.154753 0.086124
v -0.090178 0.154850 0.085716
v -0.092507 0.159156 0.092018
v -0.094281 0.161576 0.095803
v -0.091782 0.157303 0.088476
v -0.090580 0.156015 0.087274
v -0.088622 0.155047 0.086828
v -0.093207 0.159830 0.091739
v -0.093269 0.158421 0.088641
v -0.094095 0.160044 0.091425
v -0.092847 0.157043 0.087135
v -0.087617 -0.154706 0.086097
v -0.087829 -0.155004 0.087193
v -0.088155 -0.154012 0.085414
v -0.090018 -0.153514 0.085235
v -0.089913 -0.155497 0.086884
v -0.091697 -0.157116 0.088170
v -0.092513 -0.159065 0.091683
v -0.092695 -0.161140 0.098832
v -0.090168 -0.155206 0.086176
v -0.093094 -0.158234 0.088440
v -0.093218 -0.159921 0.091912
v -0.093241 -0.161802 0.098585
v -0.091184 -0.155165 0.085881
v -0.092828 -0.156645 0.086725
v -0.094012 -0.159711 0.090759
v -0.094239 -0.160740 0.093124
v -0.094259 -0.162248 0.098505
v -0.140205 -0.111277 0.295096
v -0.136669 -0.108002 0.313239
v -0.143583 -0.101897 0.296160
v -0.140317 -0.097874 0.314579
v -0.146362 -0.090412 0.297138
v -0.143055 -0.086763 0.315627
v -0.148532 -0.075333 0.297974
v -0.145218 -0.072249 0.316502
v -0.142521 -0.115410 0.276333
v -0.146005 -0.105727 0.277310
v -0.148828 -0.093812 0.278222
v -0.151005 -0.078147 0.279010
v -0.144170 -0.119170 0.257500
v -0.147761 -0.109180 0.258370
v -0.152800 -0.080629 0.259897
v -0.094011 -0.163554 0.167365
v -0.094759 -0.163476 0.171059
v -0.094314 -0.164165 0.146835
v -0.093215 -0.163165 0.167275
v -0.092581 -0.162316 0.167372
v -0.093226 -0.163910 0.128508
v -0.092690 -0.163212 0.127974
v -0.094266 -0.164263 0.124256
v -0.094339 -0.163566 0.108610
v -0.093242 -0.163076 0.108391
v -0.092535 -0.162284 0.110479
v -0.123048 -0.148687 0.245609
v -0.122156 -0.147807 0.255756
v -0.125736 -0.144069 0.261093
v -0.141139 -0.130799 0.238329
v -0.139773 -0.128092 0.256649
v -0.134640 -0.139789 0.237527
v -0.133410 -0.137967 0.253431
v -0.133534 -0.131935 0.274609
v -0.138363 -0.124102 0.275376
v -0.124792 -0.129655 0.309939
v -0.131266 -0.119384 0.311365
v -0.131854 -0.127425 0.293091
v -0.136256 -0.119759 0.294022
v -0.126659 -0.140288 0.274218
v -0.122342 -0.139842 0.291147
v -0.127145 -0.134066 0.292482
v -0.118759 -0.137336 0.308611
v -0.117824 -0.151720 0.247094
v -0.114013 -0.154586 0.237043
v -0.121496 -0.145591 0.271386
v -0.131494 -0.144545 0.228104
v -0.120669 -0.151198 0.237040
v -0.135072 -0.142014 0.220100
v -0.114567 -0.156345 0.207447
v -0.121085 -0.153274 0.210147
v -0.126539 -0.150003 0.211663
v -0.131287 -0.147133 0.202783
v -0.135619 -0.143650 0.198190
v -0.142110 -0.135797 0.196709
v -0.141443 -0.133770 0.220550
v -0.105270 -0.160912 0.167743
v -0.105143 -0.161677 0.130063
v -0.104791 -0.161328 0.113018
v -0.104132 -0.160078 0.099619
v -0.113369 -0.145347 0.296872
v -0.111809 -0.149227 0.283271
v -0.108092 -0.153267 0.269054
v -0.102980 -0.156268 0.259316
v -0.098289 -0.158644 0.249436
v -0.108477 -0.156162 0.244342
v -0.111659 -0.154144 0.252356
v -0.114326 -0.151829 0.260903
v -0.116398 -0.149466 0.268962
v -0.117342 -0.146498 0.281270
v -0.112785 -0.140919 0.312753
v -0.117611 -0.143378 0.292972
v -0.123567 0.044401 0.373152
v -0.129439 0.024016 0.366895
v -0.129439 -0.024016 0.366895
v -0.123567 -0.044401 0.373152
v -0.117919 -0.043379 0.379235
v -0.128501 0.045512 0.366470
v -0.133725 0.024659 0.359672
v -0.132784 0.046690 0.359249
v -0.137427 0.025327 0.351968
v -0.136485 0.047915 0.351550
v -0.140611 0.026008 0.343845
v -0.139669 0.049168 0.343431
v -0.143343 0.026691 0.335361
v -0.142401 0.050429 0.334952
v -0.143658 -0.000000 0.335498
v -0.140925 -0.000000 0.343983
v -0.137741 -0.000000 0.352108
v -0.134039 -0.000000 0.359813
v -0.143343 -0.026691 0.335361
v -0.140611 -0.026008 0.343845
v -0.137427 -0.025327 0.351968
v -0.133725 -0.024659 0.359672
v -0.128501 -0.045512 0.366470
v -0.132784 -0.046690 0.359249
v -0.136485 -0.047915 0.351550
v -0.141207 -0.049381 0.339189
v -0.140317 0.097874 0.314579
v -0.137028 0.107023 0.313405
v -0.143583 0.101897 0.296160
v -0.140205 0.111277 0.295096
v -0.146005 0.105727 0.277310
v -0.142521 0.115410 0.276333
v -0.147761 0.109180 0.258370
v -0.144170 0.119170 0.257500
v -0.143055 0.086763 0.315627
v -0.146362 0.090412 0.297138
v -0.148828 0.093812 0.278222
v -0.145218 0.072249 0.316502
v -0.148532 0.075333 0.297974
v -0.151005 0.078147 0.279010
v -0.094388 0.163600 0.108942
v -0.094278 0.164086 0.118140
v -0.092574 0.162612 0.114002
v -0.092709 0.161123 0.098614
v -0.093247 0.163443 0.112426
v -0.093256 0.161754 0.098254
v -0.094272 0.162315 0.098865
v -0.092893 0.163538 0.138025
v -0.094306 0.164299 0.136141
v -0.092588 0.162324 0.166999
v -0.093162 0.163125 0.168896
v -0.093957 0.163515 0.168940
v -0.122350 0.140320 0.289674
v -0.127145 0.134066 0.292482
v -0.136256 0.119759 0.294022
v -0.120588 0.151245 0.237039
v -0.126526 0.147285 0.237182
v -0.127302 0.144705 0.250118
v -0.130629 0.143923 0.237066
v -0.114013 0.154586 0.237043
v -0.122523 0.148884 0.246378
v -0.129084 0.140712 0.262009
v -0.134715 0.139667 0.237656
v -0.127231 0.139700 0.274200
v -0.122532 0.145092 0.270011
v -0.121387 0.147485 0.261508
v -0.123944 0.146436 0.255958
v -0.117918 0.151638 0.247293
v -0.134339 0.136181 0.255951
v -0.138363 0.124102 0.275376
v -0.133534 0.131935 0.274609
v -0.139966 0.133311 0.235656
v -0.139773 0.128092 0.256649
v -0.120884 0.134562 0.309703
v -0.127429 0.126174 0.309802
v -0.131854 0.127425 0.293091
v -0.133238 0.115374 0.312164
v -0.141443 0.133770 0.220550
v -0.136053 0.144400 0.171206
v -0.135402 0.143447 0.202914
v -0.131287 0.147133 0.202783
v -0.145542 0.130927 0.179800
v -0.143029 0.135449 0.179868
v -0.137904 0.142343 0.175165
v -0.140422 0.139192 0.178269
v -0.141950 0.135328 0.203114
v -0.131072 0.145816 0.219864
v -0.126371 0.149397 0.219555
v -0.120960 0.153112 0.213436
v -0.114238 0.156160 0.213223
v -0.135072 0.142014 0.220100
v -0.126485 0.150561 0.202595
v -0.105143 0.161677 0.130063
v -0.104132 0.160078 0.099619
v -0.104791 0.161328 0.113018
v -0.105270 0.160912 0.167743
v -0.107564 0.156392 0.244418
v -0.112108 0.153695 0.254473
v -0.100679 0.157551 0.254236
v -0.107911 0.153403 0.268604
v -0.111689 0.149297 0.283200
v -0.112960 0.146246 0.294040
v -0.111364 0.143978 0.306535
v -0.115750 0.150736 0.263163
v -0.117481 0.148406 0.271126
v -0.117144 0.144154 0.291549
v -0.114285 0.140523 0.310708
v -0.067395 -0.162660 0.253151
v -0.073838 -0.161768 0.256400
v -0.039985 -0.164730 0.247254
v -0.044939 -0.164754 0.247433
v -0.044960 -0.165270 0.246805
v -0.052402 -0.164441 0.248407
v -0.056064 -0.164176 0.249186
v -0.065600 -0.163153 0.252280
v -0.054809 -0.164785 0.248225
v -0.070384 -0.162991 0.253628
v -0.039993 -0.165298 0.246739
v -0.080443 -0.160884 0.260218
v -0.080162 -0.160216 0.260649
v -0.043378 0.165316 0.246692
v -0.039995 0.164798 0.247242
v -0.046475 0.164713 0.247563
v -0.081375 0.159935 0.261554
v -0.076151 0.161314 0.257810
v -0.071549 0.162192 0.255122
v -0.065580 0.162940 0.252366
v -0.062259 0.163554 0.251031
v -0.054190 0.164064 0.248846
v -0.054684 0.164719 0.248451
v -0.074809 0.162174 0.256145
v -0.063828 0.163879 0.250933
v -0.039994 0.165304 0.246699
v -0.153555 0.063219 0.091769
v -0.146202 0.030258 0.085000
v -0.149040 0.021737 0.085135
v -0.150722 0.019167 0.085711
v -0.152055 0.018787 0.086693
v -0.153660 0.031788 0.089380
v -0.153332 0.000000 0.088347
v -0.154467 0.000000 0.090783
v -0.146202 -0.030258 0.085000
v -0.148753 -0.047550 0.085217
v -0.150096 -0.049275 0.085726
v -0.152396 -0.031174 0.087289
v -0.154164 -0.032521 0.090788
v -0.145337 -0.057048 0.085000
v -0.151504 -0.059833 0.087296
v -0.153693 -0.061150 0.091855
v -0.145337 0.057048 0.085000
v -0.147290 0.074492 0.085211
v -0.148683 0.074872 0.085701
v -0.151456 0.060806 0.087298
v -0.141810 0.093108 0.085000
v -0.143887 0.077745 0.085000
v -0.143237 0.102875 0.085220
v -0.146535 0.098067 0.086126
v -0.149943 0.082552 0.087315
v -0.148428 0.099165 0.088395
v -0.149989 0.100697 0.092091
v -0.152183 0.084074 0.092034
v -0.144338 0.110347 0.086750
v -0.138200 0.117419 0.085220
v -0.135576 0.114247 0.085000
v -0.139057 0.104741 0.085000
v -0.147052 0.113333 0.092158
v -0.143243 0.123509 0.091942
v -0.145523 0.111607 0.088419
v -0.141833 0.121792 0.088446
v -0.140686 0.120416 0.086764
v -0.145829 -0.088599 0.085211
v -0.143887 -0.077745 0.085000
v -0.152214 -0.083668 0.092006
v -0.148963 -0.099475 0.089247
v -0.150609 -0.082765 0.088374
v -0.146881 -0.096785 0.086237
v -0.148823 -0.080938 0.086118
v -0.141810 -0.093108 0.085000
v -0.139057 -0.104741 0.085000
v -0.140235 -0.112709 0.085214
v -0.143417 -0.123697 0.092521
v -0.146988 -0.113367 0.092041
v -0.141833 -0.121792 0.088446
v -0.145523 -0.111607 0.088419
v -0.140686 -0.120416 0.086764
v -0.144338 -0.110347 0.086750
v -0.135576 -0.114247 0.085000
v -0.112652 -0.155926 0.094754
v -0.118846 -0.153012 0.094721
v -0.124211 -0.149738 0.094685
v -0.128833 -0.146133 0.094648
v -0.132799 -0.142227 0.094610
v -0.139114 -0.133632 0.094532
v -0.112015 -0.154637 0.091143
v -0.118149 -0.151739 0.091121
v -0.123459 -0.148480 0.091099
v -0.128033 -0.144889 0.091076
v -0.131958 -0.140998 0.091052
v -0.138204 -0.132442 0.091003
v -0.111294 -0.153126 0.088555
v -0.117363 -0.150251 0.088543
v -0.124901 -0.145412 0.088511
v -0.131018 -0.139587 0.088502
v -0.137194 -0.131095 0.088474
v -0.112914 -0.150474 0.086804
v -0.123816 -0.143894 0.086796
v -0.129998 -0.138022 0.086793
v -0.136099 -0.129617 0.086779
v -0.110921 -0.146795 0.085226
v -0.124235 -0.138423 0.085223
v -0.133726 -0.126375 0.085222
v -0.106933 -0.143529 0.085000
v -0.112625 -0.140827 0.085000
v -0.121919 -0.134592 0.084998
v -0.131217 -0.122924 0.085000
v -0.093156 -0.147895 0.085000
v -0.073143 -0.152996 0.085006
v -0.039882 -0.152987 0.084999
v -0.098748 -0.157204 0.088574
v -0.099337 -0.158752 0.091176
v -0.099857 -0.160073 0.094808
v -0.087788 -0.114912 0.085000
v -0.099139 -0.140216 0.085000
v -0.085656 -0.124252 0.085000
v -0.105026 -0.142722 0.085000
v -0.108390 -0.139037 0.085000
v -0.083091 -0.133327 0.085000
v -0.104330 -0.132189 0.085000
v -0.040099 -0.153743 0.085143
v -0.039784 -0.154714 0.085900
v -0.040000 -0.155000 0.087000
v -0.086963 -0.154998 0.172682
v -0.052676 -0.154999 0.210906
v -0.068802 -0.154999 0.203036
v -0.081387 -0.154998 0.188729
v -0.091036 -0.156464 0.165000
v -0.092119 -0.158087 0.165000
v -0.089413 -0.155381 0.165000
v -0.092500 -0.160000 0.165000
v -0.048041 -0.155381 0.213755
v -0.048482 -0.158087 0.216425
v -0.049718 -0.159866 0.216638
v -0.058580 -0.158087 0.213695
v -0.058716 -0.160000 0.214051
v -0.067930 -0.158087 0.209004
v -0.066862 -0.159781 0.210181
v -0.076266 -0.158560 0.202739
v -0.082923 -0.158087 0.194564
v -0.083967 -0.159739 0.193760
v -0.087963 -0.158087 0.185397
v -0.088313 -0.160000 0.185546
v -0.091070 -0.158087 0.175408
v -0.091174 -0.159739 0.176984
v -0.090008 -0.156464 0.175192
v -0.086965 -0.156464 0.184973
v -0.082031 -0.156464 0.193949
v -0.075403 -0.156464 0.201759
v -0.067349 -0.156464 0.208089
v -0.058194 -0.156464 0.212682
v -0.048305 -0.156464 0.215355
v -0.088418 -0.155381 0.174868
v -0.085472 -0.155381 0.184338
v -0.080695 -0.155381 0.193029
v -0.074278 -0.155381 0.200591
v -0.066480 -0.155381 0.206719
v -0.057615 -0.155381 0.211167
v -0.070182 -0.164955 0.225993
v -0.078518 -0.165091 0.204388
v -0.103629 -0.158234 0.236249
v -0.039558 -0.166638 0.219137
v -0.050652 -0.166597 0.218094
v -0.069084 -0.165809 0.210739
v -0.090561 -0.163812 0.186881
v -0.097168 -0.161759 0.202706
v -0.107101 -0.158603 0.213982
v -0.086578 -0.162518 0.229046
v -0.096927 -0.160672 0.225500
v -0.059947 -0.166329 0.216010
v -0.089426 -0.160739 0.247191
v -0.077020 -0.163475 0.237300
v -0.093097 -0.160795 0.236587
v -0.037383 -0.165972 0.232091
v -0.041173 -0.165278 0.217615
v -0.040655 -0.166096 0.218148
v -0.051491 -0.166037 0.216934
v -0.049568 -0.165205 0.216699
v -0.053529 -0.165121 0.215797
v -0.060706 -0.166017 0.214286
v -0.059906 -0.164899 0.213663
v -0.065490 -0.164571 0.210990
v -0.068095 -0.165318 0.210193
v -0.069502 -0.164355 0.208533
v -0.075851 -0.165037 0.204722
v -0.075023 -0.163943 0.204252
v -0.081095 -0.163355 0.197910
v -0.081968 -0.164624 0.198982
v -0.081449 -0.164206 0.198430
v -0.085610 -0.162790 0.191189
v -0.086894 -0.163949 0.190894
v -0.088760 -0.162481 0.184705
v -0.090152 -0.163271 0.183020
v -0.090853 -0.163672 0.183389
v -0.090217 -0.162353 0.180684
v -0.091794 -0.162241 0.174158
v -0.092814 -0.163387 0.174200
v -0.099857 0.160073 0.094808
v -0.093171 0.147878 0.085000
v -0.112071 0.145988 0.085146
v -0.058855 0.152609 0.085000
v -0.071896 0.153048 0.085010
v -0.098100 0.155467 0.086830
v -0.098748 0.157204 0.088574
v -0.099337 0.158752 0.091176
v -0.112652 0.155926 0.094754
v -0.112015 0.154637 0.091143
v -0.111294 0.153126 0.088555
v -0.113511 0.150209 0.086811
v -0.106933 0.143529 0.085000
v -0.138647 0.132954 0.092257
v -0.132799 0.142227 0.094610
v -0.128833 0.146133 0.094648
v -0.124211 0.149738 0.094685
v -0.118846 0.153012 0.094721
v -0.131958 0.140998 0.091052
v -0.128033 0.144889 0.091076
v -0.123459 0.148480 0.091099
v -0.118149 0.151739 0.091121
v -0.137194 0.131095 0.088474
v -0.131018 0.139587 0.088502
v -0.125062 0.145281 0.088508
v -0.117363 0.150251 0.088543
v -0.136099 0.129617 0.086779
v -0.129998 0.138022 0.086793
v -0.124261 0.143542 0.086796
v -0.133896 0.125390 0.085104
v -0.125224 0.137342 0.085180
v -0.131217 0.122924 0.085000
v -0.121791 0.134459 0.085000
v -0.112625 0.140827 0.085000
v -0.087788 0.114912 0.085000
v -0.061616 0.134081 0.085000
v -0.040000 0.153000 0.085000
v -0.085656 0.124252 0.085000
v -0.083091 0.133327 0.085000
v -0.080096 0.142165 0.085000
v -0.078494 0.146528 0.085000
v -0.105026 0.142722 0.085000
v -0.096441 0.144111 0.085000
v -0.099139 0.140216 0.085000
v -0.104330 0.132189 0.085000
v -0.101862 0.136263 0.085000
v -0.040124 0.154102 0.085292
v -0.039780 0.154936 0.086425
v -0.092119 0.158087 0.165000
v -0.092500 0.160000 0.165000
v -0.091036 0.156464 0.165000
v -0.088988 0.155363 0.171968
v -0.087111 0.154997 0.171621
v -0.053496 0.154999 0.210747
v -0.070151 0.154999 0.201978
v -0.082212 0.154998 0.187226
v -0.048482 0.158087 0.216425
v -0.049618 0.159858 0.216669
v -0.091070 0.158087 0.175408
v -0.091171 0.159772 0.176948
v -0.087963 0.158087 0.185397
v -0.088313 0.160000 0.185546
v -0.082923 0.158087 0.194564
v -0.083958 0.159735 0.193772
v -0.076280 0.158544 0.202714
v -0.067930 0.158087 0.209004
v -0.067061 0.159788 0.210065
v -0.058580 0.158087 0.213695
v -0.058716 0.160000 0.214051
v -0.048305 0.156464 0.215355
v -0.058194 0.156464 0.212682
v -0.067349 0.156464 0.208089
v -0.075403 0.156464 0.201759
v -0.082031 0.156464 0.193949
v -0.086965 0.156464 0.184973
v -0.090008 0.156464 0.175192
v -0.048041 0.155381 0.213755
v -0.057615 0.155381 0.211167
v -0.066480 0.155381 0.206719
v -0.074278 0.155381 0.200591
v -0.080695 0.155381 0.193029
v -0.085472 0.155381 0.184338
v -0.107048 0.158690 0.212743
v -0.078855 0.165073 0.203938
v -0.087395 0.164173 0.193046
v -0.099442 0.161180 0.204317
v -0.094656 0.163436 0.173436
v -0.070339 0.165730 0.210016
v -0.074617 0.164224 0.229871
v -0.057288 0.166430 0.216369
v -0.051021 0.166477 0.220413
v -0.041100 0.166661 0.219675
v -0.088510 0.162736 0.219402
v -0.093876 0.160727 0.235131
v -0.102607 0.158400 0.238182
v -0.090467 0.160608 0.246674
v -0.065933 0.164914 0.233265
v -0.082296 0.162576 0.239536
v -0.069271 0.164357 0.208683
v -0.072406 0.164173 0.206433
v -0.091114 0.162216 0.177359
v -0.092344 0.162249 0.170325
v -0.090014 0.162327 0.181226
v -0.087521 0.162608 0.187519
v -0.084576 0.164359 0.195528
v -0.088310 0.163792 0.188160
v -0.092180 0.163548 0.179248
v -0.077901 0.164895 0.202841
v -0.077196 0.163762 0.202213
v -0.081906 0.163254 0.196780
v -0.084569 0.162909 0.192910
v -0.063332 0.165889 0.213103
v -0.046095 0.166395 0.218087
v -0.038927 0.166357 0.218411
v -0.091362 0.163156 0.179243
v -0.083792 0.163962 0.195317
v -0.071335 0.165093 0.208017
v -0.055394 0.165934 0.215916
v -0.063666 0.164678 0.211960
v -0.057035 0.165015 0.214738
v -0.053240 0.165125 0.215880
v -0.046344 0.165295 0.217207
v -0.039161 0.165261 0.217588
v -0.103777 -0.143270 0.318829
v -0.102417 -0.141705 0.325185
v -0.099473 -0.139663 0.333553
v -0.096426 -0.138293 0.339684
v -0.091574 -0.136639 0.347133
v -0.084627 -0.135002 0.354813
v -0.104269 -0.143902 0.318743
v -0.102671 -0.142109 0.325988
v -0.100188 -0.140427 0.333106
v -0.096914 -0.138898 0.339844
v -0.091869 -0.137200 0.347586
v -0.084883 -0.135576 0.355282
v -0.104295 -0.142903 0.323136
v -0.099477 -0.139677 0.336860
v -0.092843 -0.137319 0.347635
v -0.085685 -0.135642 0.355631
v -0.105084 0.144011 0.318712
v -0.104442 0.144140 0.317779
v -0.086746 0.135439 0.352740
v -0.087214 0.136051 0.352997
v -0.087772 0.136071 0.353562
v -0.092385 0.136881 0.345964
v -0.096486 0.138309 0.339576
v -0.099490 0.139717 0.333537
v -0.102387 0.141627 0.325248
v -0.104008 0.143611 0.317532
v -0.092611 0.137431 0.346533
v -0.096715 0.138820 0.340197
v -0.100078 0.140367 0.333373
v -0.102552 0.142009 0.326410
v -0.095533 0.138125 0.343882
v -0.102153 0.141132 0.330503
v -0.138682 -0.082995 0.333352
v -0.135973 -0.093837 0.332211
v -0.131966 -0.102549 0.333300
v -0.108795 -0.092232 0.374298
v -0.111745 -0.083163 0.376091
v -0.117735 -0.095126 0.363675
v -0.117318 -0.084685 0.370037
v -0.122193 -0.086334 0.363405
v -0.125664 -0.098318 0.350002
v -0.126432 -0.088092 0.356252
v -0.131531 -0.090274 0.345684
v -0.114299 -0.072727 0.377486
v -0.116381 -0.059830 0.378521
v -0.119916 -0.074198 0.371409
v -0.122021 -0.061150 0.372438
v -0.124825 -0.075796 0.364744
v -0.126947 -0.062583 0.365759
v -0.129091 -0.077497 0.357548
v -0.131225 -0.064106 0.358544
v -0.134287 -0.080097 0.346425
v -0.134923 -0.065696 0.350852
v -0.138105 -0.067329 0.342743
v -0.140837 -0.068981 0.334275
v -0.107378 -0.110261 0.363764
v -0.101588 -0.111194 0.368454
v -0.127175 -0.115502 0.328201
v -0.116496 -0.130775 0.327271
v -0.110778 -0.127041 0.342636
v -0.115650 -0.122079 0.341472
v -0.119521 -0.115149 0.343434
v -0.113920 -0.112266 0.354718
v -0.103263 -0.124487 0.354932
v -0.121040 -0.125658 0.326352
v -0.095602 -0.122167 0.364165
v -0.095203 -0.056708 0.392798
v -0.086981 -0.055970 0.396166
v -0.056895 -0.076993 0.399715
v -0.102900 -0.057602 0.388722
v -0.077128 -0.064716 0.398164
v -0.109988 -0.058644 0.383958
v -0.111512 -0.042462 0.384666
v -0.107934 -0.071402 0.382924
v -0.100886 -0.070232 0.387697
v -0.093245 -0.069223 0.391788
v -0.085101 -0.068383 0.395178
v -0.067665 -0.067234 0.399785
v -0.058554 -0.066938 0.400964
v -0.105437 -0.081787 0.381521
v -0.098462 -0.080564 0.386298
v -0.090914 -0.079501 0.390405
v -0.082889 -0.078605 0.393819
v -0.074481 -0.077884 0.396523
v -0.065785 -0.077345 0.398494
v -0.055181 -0.085830 0.398052
v -0.063801 -0.086240 0.396787
v -0.072263 -0.086831 0.394774
v -0.080470 -0.087596 0.392035
v -0.088323 -0.088526 0.388595
v -0.095726 -0.089614 0.384476
v -0.102583 -0.090852 0.379703
v -0.088001 -0.129406 0.362279
v -0.097073 -0.131932 0.352042
v -0.104148 -0.134569 0.340461
v -0.111016 -0.137317 0.325178
v -0.078676 -0.096199 0.389508
v -0.070939 -0.095391 0.392288
v -0.062973 -0.094739 0.394387
v -0.053725 -0.098983 0.394410
v -0.055227 -0.116022 0.386300
v -0.051845 -0.109344 0.390301
v -0.059287 -0.109921 0.388868
v -0.068859 -0.117493 0.382026
v -0.066619 -0.110644 0.386736
v -0.073761 -0.111502 0.383943
v -0.081707 -0.119347 0.375398
v -0.080630 -0.112482 0.380526
v -0.087142 -0.113572 0.376521
v -0.090412 -0.120985 0.368960
v -0.093216 -0.114759 0.371967
v -0.096391 -0.107508 0.374757
v -0.090087 -0.106296 0.379384
v -0.083314 -0.105196 0.383434
v -0.076160 -0.104219 0.386876
v -0.068711 -0.103376 0.389677
v -0.061056 -0.102676 0.391805
v -0.131510 0.091100 0.345186
v -0.126848 0.098827 0.347427
v -0.138682 0.082995 0.333352
v -0.140837 0.068981 0.334275
v -0.138105 0.067329 0.342743
v -0.134923 0.065696 0.350852
v -0.131225 0.064106 0.358544
v -0.126947 0.062583 0.365759
v -0.122021 0.061150 0.372438
v -0.116381 0.059830 0.378521
v -0.135973 0.093837 0.332211
v -0.132414 0.102532 0.332179
v -0.114299 0.072727 0.377486
v -0.111745 0.083163 0.376091
v -0.119916 0.074198 0.371409
v -0.117318 0.084685 0.370037
v -0.124825 0.075796 0.364744
v -0.122193 0.086334 0.363405
v -0.129091 0.077497 0.357548
v -0.126432 0.088092 0.356252
v -0.132779 0.079279 0.349878
v -0.135954 0.081119 0.341794
v -0.108795 0.092232 0.374298
v -0.114292 0.093745 0.368290
v -0.118325 0.095089 0.362891
v -0.123301 0.097121 0.354649
v -0.098767 0.116034 0.366899
v -0.098285 0.122631 0.361631
v -0.129067 0.111210 0.329393
v -0.121359 0.111482 0.344595
v -0.123036 0.122854 0.326636
v -0.117307 0.131562 0.324179
v -0.102139 0.108821 0.369586
v -0.107378 0.110261 0.363764
v -0.111991 0.111796 0.357441
v -0.106709 0.125682 0.349695
v -0.116023 0.113425 0.350653
v -0.113582 0.125468 0.340478
v -0.058554 0.066938 0.400964
v -0.086981 0.055970 0.396166
v -0.095203 0.056708 0.392798
v -0.102900 0.057602 0.388722
v -0.109988 0.058644 0.383958
v -0.102583 0.090852 0.379703
v -0.056895 0.076993 0.399715
v -0.055033 0.090359 0.396977
v -0.065047 0.081471 0.397823
v -0.074481 0.077884 0.396523
v -0.072263 0.086831 0.394774
v -0.082889 0.078605 0.393819
v -0.080470 0.087596 0.392035
v -0.090914 0.079501 0.390405
v -0.088323 0.088526 0.388595
v -0.098462 0.080564 0.386298
v -0.095726 0.089614 0.384476
v -0.105437 0.081787 0.381521
v -0.107934 0.071402 0.382924
v -0.100886 0.070232 0.387697
v -0.093245 0.069223 0.391788
v -0.085101 0.068383 0.395178
v -0.076544 0.067718 0.397850
v -0.067665 0.067234 0.399785
v -0.108821 0.132108 0.337987
v -0.109894 0.137816 0.325913
v -0.104937 0.134691 0.339274
v -0.097614 0.132188 0.351197
v -0.090716 0.130229 0.359387
v -0.112968 0.134461 0.327284
v -0.062971 0.110376 0.387909
v -0.061573 0.099399 0.393067
v -0.051845 0.109344 0.390301
v -0.053280 0.102132 0.393227
v -0.090442 0.114208 0.374243
v -0.096391 0.107508 0.374757
v -0.090087 0.106296 0.379384
v -0.077332 0.112053 0.382308
v -0.079735 0.104650 0.385361
v -0.068711 0.103376 0.389677
v -0.087818 0.120454 0.371136
v -0.075594 0.118376 0.378918
v -0.065725 0.117090 0.383188
v -0.055670 0.115971 0.386250
v -0.053391 -0.125305 0.379606
v -0.050278 -0.132229 0.372989
v -0.061888 -0.132779 0.370121
v -0.075689 -0.134063 0.363453
v -0.077357 -0.127781 0.370025
v -0.065697 -0.126082 0.376117
v -0.050254 0.131651 0.371562
v -0.057809 0.131995 0.369875
v -0.063392 0.132410 0.368051
v -0.063399 -0.132333 0.368041
v -0.072237 0.133134 0.363851
v -0.072365 -0.133205 0.363791
v -0.079148 0.134069 0.359388
v -0.077956 -0.133890 0.360208
v -0.057972 -0.132026 0.369834
v -0.050284 -0.131671 0.371567
v -0.079642 0.134608 0.360707
v -0.083668 0.128683 0.365782
v -0.072686 0.127066 0.372754
v -0.068428 0.133289 0.367429
v -0.060099 0.125731 0.377961
v -0.053956 0.132362 0.372348
v -0.050202 0.124891 0.380327
v -0.043315 0.131823 0.372504
v -0.043280 0.132203 0.373454
v -0.050010 0.132257 0.372169
v -0.057490 0.132568 0.370528
v -0.064806 0.133042 0.368018
v -0.071550 0.133658 0.364821
v -0.079287 0.134625 0.359935
v -0.050498 -0.132280 0.372105
v -0.058110 -0.132601 0.370350
v -0.065132 -0.133067 0.367883
v -0.072080 -0.133714 0.364528
v -0.078514 -0.134522 0.360457
v -0.130887 0.117774 0.117010
v -0.127424 0.124427 0.115000
v -0.123961 0.131079 0.117010
v -0.121426 0.135949 0.122500
v -0.120498 0.137732 0.130000
v -0.134350 0.111122 0.130000
v -0.133422 0.112904 0.122500
v -0.134350 0.111122 0.165000
v -0.133422 0.112904 0.172500
v -0.121426 0.135949 0.172500
v -0.120498 0.137732 0.165000
v -0.123961 0.131079 0.177990
v -0.127424 0.124427 0.180000
v -0.130887 0.117774 0.177990
v -0.145794 0.127875 0.116190
v -0.142278 0.125987 0.116609
v -0.147454 0.124388 0.118417
v -0.143879 0.122656 0.118925
v -0.148773 0.121531 0.121882
v -0.145086 0.120027 0.122393
v -0.149759 0.119515 0.127218
v -0.145981 0.118248 0.127673
v -0.146565 0.118480 0.166105
v -0.150372 0.119706 0.165987
v -0.146483 0.118418 0.145603
v -0.150319 0.119660 0.146945
v -0.150175 0.120230 0.169168
v -0.146342 0.119072 0.169499
v -0.149534 0.122046 0.173330
v -0.145648 0.120990 0.173757
v -0.148292 0.125071 0.176731
v -0.144467 0.123842 0.176906
v -0.146879 0.128241 0.178739
v -0.143066 0.126942 0.178828
v -0.132602 0.142292 0.166471
v -0.135395 0.145151 0.166857
v -0.133182 0.141634 0.170336
v -0.136076 0.144389 0.170677
v -0.134682 0.139998 0.174324
v -0.137217 0.143159 0.173540
v -0.138836 0.141242 0.176284
v -0.136225 0.138152 0.176717
v -0.138421 0.135145 0.178984
v -0.141229 0.138092 0.178695
v -0.143531 0.134538 0.179742
v -0.141180 0.130617 0.179731
v -0.145177 0.131624 0.179706
v -0.135512 0.145322 0.149663
v -0.132426 0.142294 0.127391
v -0.135281 0.145117 0.127676
v -0.132679 0.142468 0.147631
v -0.136440 0.143526 0.122461
v -0.133605 0.140668 0.122207
v -0.138105 0.141404 0.119164
v -0.135318 0.138306 0.118738
v -0.139275 0.139544 0.117461
v -0.137294 0.135234 0.116483
v -0.141540 0.135906 0.115618
v -0.139400 0.131585 0.115504
v -0.143807 0.131819 0.115192
v -0.140930 0.128789 0.115718
v -0.141928 0.137343 0.140046
v -0.142583 0.136586 0.157099
v -0.147891 0.124823 0.128371
v -0.143800 0.133476 0.126967
v -0.138019 0.142523 0.140626
v -0.139890 0.140366 0.159241
v -0.145999 0.130118 0.140253
v -0.147338 0.127704 0.159989
v -0.144869 0.132736 0.159342
v -0.148821 0.123806 0.144981
v -0.135998 0.138100 0.126953
v -0.138797 0.133846 0.124854
v -0.135658 0.139240 0.143819
v -0.143300 0.126957 0.159287
v -0.138237 0.135885 0.159433
v -0.139783 0.133249 0.141101
v -0.140963 0.131547 0.159680
v -0.143912 0.123738 0.126092
v -0.142038 0.128724 0.133705
v -0.145093 0.122424 0.146372
v 0.066751 -0.057799 0.248594
v 0.068689 -0.031245 0.240810
v 0.063247 -0.004399 0.278460
v 0.062749 -0.012360 0.280726
v 0.063059 -0.034712 0.277012
v 0.062208 -0.017281 0.283239
v 0.061528 -0.021475 0.286340
v 0.060187 -0.026909 0.292288
v 0.057740 -0.031671 0.302427
v 0.055240 -0.032725 0.312133
v 0.057757 0.031555 0.302381
v 0.058983 0.029723 0.297367
v 0.062971 0.051842 0.274456
v 0.060310 0.026437 0.291737
v 0.061149 0.023282 0.288038
v 0.062345 0.016538 0.282617
v 0.063190 0.006360 0.278806
v 0.054234 0.032398 0.315798
v 0.056415 0.032564 0.307863
v 0.054643 -0.053747 0.311462
v 0.060399 -0.056245 0.286758
v 0.054721 0.054271 0.311096
v 0.058600 0.054704 0.295117
v 0.068689 0.031245 0.240810
v 0.066800 0.058133 0.248004
v 0.069032 0.000000 0.240904
v 0.019770 -0.054297 0.377488
v 0.026458 -0.044870 0.371386
v 0.023412 -0.023635 0.375337
v 0.027664 -0.011082 0.371128
v 0.032919 -0.011935 0.364735
v 0.028710 0.001798 0.370000
v 0.027034 0.023708 0.371602
v 0.032763 0.024294 0.364566
v 0.026517 0.015834 0.372323
v 0.026458 0.044870 0.371386
v 0.020015 0.043852 0.377802
v 0.051468 0.029556 0.325270
v 0.048561 0.050576 0.331531
v 0.049148 0.024719 0.332406
v 0.048091 0.021803 0.335406
v 0.045967 0.026155 0.340533
v 0.046733 0.016766 0.339075
v 0.045457 0.009831 0.342318
v 0.042149 0.025528 0.348952
v 0.045685 -0.011449 0.341762
v 0.044836 -0.000800 0.343829
v 0.042216 -0.015092 0.349302
v 0.051415 -0.029365 0.325404
v 0.050039 -0.026758 0.329796
v 0.048446 -0.022830 0.334411
v 0.045967 -0.026155 0.340533
v 0.047277 -0.018975 0.337632
v 0.048561 -0.050576 0.331531
v 0.053246 -0.031642 0.319249
v 0.045235 0.049420 0.340268
v 0.041438 0.048251 0.348703
v 0.037775 0.024905 0.356990
v 0.037094 0.047090 0.356756
v 0.032126 0.045956 0.364344
v 0.038023 -0.013819 0.357026
v 0.045235 -0.049420 0.340268
v 0.041438 -0.048251 0.348703
v 0.037094 -0.047090 0.356756
v 0.032126 -0.045956 0.364344
v 0.021595 -0.025839 0.290936
v 0.018865 -0.152700 0.283886
v 0.021600 -0.025566 0.290911
v 0.021602 0.025560 0.290909
v 0.022960 -0.028743 0.295831
v 0.022960 0.028743 0.295831
v 0.021593 0.025798 0.290894
v 0.022960 0.028969 0.295831
v 0.022951 0.149158 0.295657
v 0.018891 0.152791 0.283938
v 0.020744 0.151489 0.288328
v 0.024103 0.031318 0.302316
v 0.024087 -0.031284 0.302179
v 0.022035 -0.150305 0.292175
v 0.022960 -0.028969 0.295831
v 0.023562 -0.148288 0.298429
v 0.024097 -0.031514 0.302272
v 0.024592 -0.145321 0.307845
v 0.011984 0.156546 0.272374
v 0.016534 -0.154271 0.279305
v 0.016084 0.154876 0.278364
v 0.006025 0.158525 0.265637
v 0.006488 -0.158438 0.266062
v 0.012477 -0.156571 0.272899
v 0.024608 0.144427 0.310711
v 0.024095 0.031505 0.302216
v 0.024219 0.146955 0.302826
v 0.024205 0.032412 0.315903
v 0.023823 0.141957 0.318600
v 0.014773 0.136032 0.342430
v 0.020626 0.026243 0.330508
v 0.020626 -0.026243 0.330508
v 0.020250 -0.138434 0.331742
v 0.016504 -0.136771 0.339595
v 0.013469 -0.135805 0.344537
v 0.020626 -0.025994 0.330508
v 0.020626 0.025994 0.330508
v 0.022480 -0.029484 0.324757
v 0.022349 0.029298 0.325192
v 0.024172 -0.032203 0.315977
v 0.024151 0.032153 0.316173
v 0.022410 0.029598 0.325013
v 0.020052 0.138351 0.332343
v 0.022293 0.139999 0.325659
v 0.005388 -0.134148 0.354051
v 0.004771 0.134090 0.354700
v 0.008632 -0.134716 0.350642
v 0.011081 0.135254 0.347776
v 0.024137 -0.032330 0.316284
v 0.024070 -0.142472 0.316901
v 0.022670 -0.140367 0.324186
v 0.022374 -0.029575 0.325093
v 0.012034 -0.037064 0.384291
v -0.051384 -0.036922 0.384235
v -0.051016 -0.046427 0.395512
v -0.051175 -0.042535 0.390100
v -0.040960 -0.049977 0.402025
v -0.031368 -0.049407 0.400824
v -0.021797 -0.048388 0.398845
v -0.051596 -0.030032 0.378913
v -0.051803 -0.021064 0.374193
v 0.020351 -0.028685 0.378056
v -0.047353 -0.014520 0.371940
v -0.027838 -0.011652 0.371222
v -0.023662 -0.004978 0.370226
v -0.022731 -0.000450 0.369968
v -0.028394 0.012198 0.371333
v -0.023466 0.004370 0.370174
v 0.017458 0.032166 0.380371
v -0.051486 0.033807 0.381617
v -0.051849 0.018489 0.373201
v -0.046844 0.014718 0.371993
v -0.012330 0.046793 0.396084
v -0.051024 0.046249 0.395233
v -0.031716 0.049432 0.400881
v -0.050867 0.049742 0.401532
v -0.041514 0.049997 0.402075
v -0.004264 0.044663 0.392903
v -0.051255 0.040531 0.371350
v -0.043287 0.131165 0.372279
v -0.040081 0.131482 0.372419
v -0.049832 0.068178 0.371591
v -0.047440 0.097032 0.371921
v 0.013138 0.054562 0.382728
v -0.051244 -0.041417 0.371363
v -0.048392 -0.086695 0.398321
v -0.046684 -0.104293 0.372007
v -0.044244 -0.124126 0.381484
v -0.046142 -0.108977 0.390975
v -0.044218 0.124382 0.381271
v -0.046901 0.101984 0.393825
v -0.045876 0.111435 0.389744
v -0.048665 0.083760 0.398990
v -0.051865 -0.017445 0.085000
v -0.044217 -0.124690 0.247451
v -0.049905 -0.068650 0.248064
v -0.051613 -0.029411 0.248350
v -0.038994 -0.157501 0.216821
v -0.037349 -0.166147 0.228390
v -0.046274 0.108698 0.247612
v -0.038929 0.157856 0.217038
v -0.037604 0.164847 0.246879
v -0.039324 0.155666 0.215184
v -0.044114 0.125330 0.247446
v -0.050451 0.057876 0.085000
v -0.051844 0.018747 0.248391
v -0.024366 -0.131728 0.370514
v -0.040775 -0.131491 0.372425
v -0.036610 -0.131468 0.372319
v -0.029819 -0.131574 0.371602
v -0.013635 -0.132041 0.366746
v -0.024473 0.131623 0.370536
v -0.013899 0.132133 0.366881
v -0.008296 -0.132604 0.364138
v -0.008462 0.132584 0.364231
v -0.001154 -0.133273 0.359585
v -0.001258 0.133315 0.359688
v -0.031314 0.131536 0.371856
v -0.004293 -0.161160 0.257560
v 0.002033 -0.159918 0.262025
v 0.000290 0.160352 0.260661
v -0.007538 -0.161970 0.255591
v -0.016436 -0.163385 0.251477
v -0.018404 -0.163358 0.250892
v -0.014448 0.163110 0.252258
v -0.023903 0.164136 0.249194
v -0.027737 0.164214 0.248445
v -0.025953 -0.164304 0.248743
v -0.033144 -0.164525 0.247640
v -0.035143 0.164732 0.247430
v -0.040000 -0.057048 0.085000
v -0.040000 -0.020386 0.085000
v -0.040000 0.020386 0.085000
v -0.040000 0.057048 0.085000
v 0.069359 -0.020160 0.085225
v 0.067377 -0.073360 0.085225
v 0.065337 -0.057048 0.085000
v 0.074622 0.062105 0.099583
v 0.075576 0.032937 0.099563
v 0.073553 0.061459 0.092594
v 0.074029 0.032492 0.091144
v 0.066362 0.020386 0.085000
v 0.065337 0.057048 0.085000
v 0.068748 0.049533 0.085232
v 0.070172 0.050266 0.085817
v 0.072379 0.031218 0.087419
v 0.071555 0.060432 0.087588
v 0.066362 -0.020386 0.085000
v 0.070756 -0.019204 0.085756
v 0.072068 -0.018811 0.086799
v 0.073293 0.000000 0.088554
v 0.074340 0.000000 0.091141
v 0.075893 0.000000 0.099557
v 0.068685 -0.074045 0.085705
v 0.071341 -0.060325 0.087294
v 0.072985 -0.032193 0.088556
v 0.073485 -0.060789 0.092186
v 0.074029 -0.032492 0.091144
v 0.075576 -0.032937 0.099563
v 0.074622 -0.062105 0.099583
v 0.012669 -0.057048 0.085000
v 0.013181 -0.020386 0.085000
v 0.013181 0.020386 0.085000
v 0.012669 0.057048 0.085000
v -0.040000 0.115214 0.085000
v -0.040000 0.105149 0.085000
v -0.040000 0.093229 0.085000
v -0.040000 0.077760 0.085000
v -0.040000 -0.077760 0.085000
v -0.040000 -0.115214 0.085000
v -0.040000 -0.105149 0.085000
v -0.040000 -0.093229 0.085000
v 0.063887 0.077745 0.085000
v 0.007788 0.114912 0.085000
v 0.061810 0.093108 0.085000
v 0.059057 0.104741 0.085000
v 0.055576 0.114247 0.085000
v 0.073026 0.084655 0.099614
v 0.070753 0.101412 0.099653
v 0.071917 0.083946 0.092425
v 0.067763 0.114124 0.099692
v 0.069672 0.100474 0.092454
v 0.064014 0.124536 0.099726
v 0.066706 0.113032 0.092481
v 0.070515 0.082723 0.088568
v 0.068725 0.081875 0.086181
v 0.065487 0.091044 0.085224
v 0.068302 0.099083 0.088577
v 0.066547 0.097830 0.086191
v 0.065374 0.111490 0.088587
v 0.063653 0.109993 0.086203
v 0.060395 0.112058 0.085225
v 0.062932 0.123157 0.092217
v 0.061681 0.121655 0.088595
v 0.060613 0.120354 0.086841
v 0.059443 0.118932 0.085777
v 0.074889 0.039972 0.165078
v 0.075431 -0.006338 0.163555
v 0.075311 0.062506 0.112972
v 0.075992 0.046538 0.112497
v 0.076671 -0.013078 0.114591
v 0.076150 -0.040410 0.111567
v 0.075278 -0.062528 0.130137
v 0.075956 -0.038785 0.138013
v 0.073786 -0.061844 0.169021
v 0.075068 -0.037195 0.162444
v 0.075803 0.044395 0.138020
v 0.075311 -0.062506 0.112972
v 0.075278 0.062528 0.130137
v 0.073786 0.061844 0.169021
v 0.067763 -0.114124 0.099692
v 0.063889 -0.124070 0.097322
v 0.070753 -0.101412 0.099653
v 0.066749 -0.112850 0.092448
v 0.073026 -0.084655 0.099614
v 0.069702 -0.100269 0.092424
v 0.071942 -0.083654 0.092407
v 0.062620 -0.122806 0.091213
v 0.061681 -0.121655 0.088595
v 0.065374 -0.111490 0.088587
v 0.060064 -0.120174 0.086300
v 0.063804 -0.109468 0.086200
v 0.060644 -0.111455 0.085221
v 0.055576 -0.114247 0.085000
v 0.059057 -0.104741 0.085000
v 0.068302 -0.099083 0.088577
v 0.067170 -0.098033 0.086832
v 0.065451 -0.095660 0.085408
v 0.061810 -0.093108 0.085000
v 0.069940 -0.081973 0.087432
v 0.063887 -0.077745 0.085000
v 0.007788 -0.114912 0.085000
v -0.040000 -0.134351 0.085000
v 0.016441 0.144111 0.085000
v 0.019139 0.140216 0.085000
v -0.005694 0.153030 0.085003
v 0.046536 0.130296 0.085000
v -0.033776 0.153000 0.085001
v 0.045427 0.130850 0.085000
v 0.010170 0.153422 0.085191
v 0.026933 0.143529 0.085000
v 0.025026 0.142722 0.085000
v 0.032625 0.140827 0.085000
v 0.028390 0.139037 0.085000
v 0.039471 0.136464 0.085000
v 0.003091 0.133327 0.085000
v 0.021862 0.136263 0.085000
v 0.024330 0.132189 0.085000
v -0.018077 0.153014 0.085001
v 0.013171 0.147878 0.085000
v 0.007878 0.154968 0.086734
v -0.026686 0.154995 0.210774
v -0.013551 0.155000 0.204563
v 0.002554 0.155000 0.186304
v -0.004312 0.155000 0.196480
v 0.007019 0.154998 0.173002
v 0.009910 0.155688 0.169495
v 0.009799 0.155435 0.086858
v 0.011701 0.157205 0.165494
v 0.011781 0.157198 0.088229
v 0.012260 0.158298 0.090952
v 0.012534 0.159257 0.092326
v 0.012477 0.160793 0.167132
v 0.057063 0.130961 0.088601
v 0.056035 0.129552 0.086844
v 0.049951 0.137966 0.086846
v 0.057974 0.132204 0.091223
v 0.050926 0.139475 0.088605
v 0.044854 0.145318 0.088598
v 0.043799 0.143842 0.086840
v 0.037335 0.150186 0.088610
v 0.032916 0.150443 0.086836
v 0.031283 0.153075 0.088612
v 0.031995 0.154549 0.091241
v 0.032621 0.155786 0.094911
v 0.038100 0.151627 0.091238
v 0.038769 0.152833 0.094906
v 0.043376 0.148340 0.091235
v 0.044079 0.149516 0.094902
v 0.047912 0.144721 0.091233
v 0.048640 0.145865 0.094897
v 0.051797 0.140803 0.091230
v 0.052544 0.141916 0.094893
v 0.058744 0.133248 0.094881
v 0.059350 0.134061 0.099750
v 0.053720 0.126371 0.085231
v 0.044270 0.138386 0.085230
v 0.030943 0.146783 0.085229
v 0.033147 0.156746 0.099794
v 0.039326 0.153766 0.099787
v 0.044657 0.150423 0.099780
v 0.049232 0.146748 0.099774
v 0.053144 0.142775 0.099767
v 0.064620 0.125468 0.130477
v 0.063172 0.124221 0.169028
v 0.068315 0.114994 0.130401
v 0.066756 0.113840 0.169066
v 0.071314 0.102171 0.130308
v 0.069737 0.101120 0.169066
v 0.073631 0.085261 0.130215
v 0.072089 0.084356 0.169046
v 0.064650 0.125379 0.113234
v 0.068386 0.114903 0.113172
v 0.071390 0.102098 0.113100
v 0.073688 0.085215 0.113030
v 0.071301 0.060683 0.205558
v 0.072356 0.032168 0.205686
v 0.072708 0.000000 0.205728
v 0.072356 -0.032168 0.205686
v 0.071301 -0.060683 0.205558
v 0.073631 -0.085261 0.130215
v 0.072089 -0.084356 0.169046
v 0.071314 -0.102171 0.130308
v 0.069737 -0.101120 0.169066
v 0.068315 -0.114994 0.130401
v 0.066756 -0.113840 0.169066
v 0.064620 -0.125468 0.130477
v 0.063172 -0.124221 0.169028
v 0.073688 -0.085215 0.113030
v 0.071390 -0.102098 0.113100
v 0.068386 -0.114903 0.113172
v 0.064650 -0.125379 0.113234
v 0.053441 -0.126268 0.085131
v 0.051217 -0.122924 0.085000
v 0.053444 -0.118846 0.085000
v 0.049951 -0.137966 0.086846
v 0.044736 -0.137881 0.085226
v 0.036998 -0.138324 0.085000
v 0.045427 -0.130850 0.085000
v 0.053144 -0.142775 0.099767
v 0.049232 -0.146748 0.099774
v 0.052544 -0.141916 0.094893
v 0.048640 -0.145865 0.094897
v 0.051797 -0.140803 0.091230
v 0.047912 -0.144721 0.091233
v 0.050926 -0.139475 0.088605
v 0.044853 -0.145318 0.088598
v 0.043628 -0.143981 0.086847
v 0.044657 -0.150423 0.099780
v 0.044079 -0.149515 0.094902
v 0.043376 -0.148340 0.091235
v 0.031948 -0.146320 0.085231
v 0.026933 -0.143529 0.085000
v 0.059350 -0.134061 0.099750
v 0.058744 -0.133248 0.094881
v 0.057974 -0.132204 0.091223
v 0.057063 -0.130961 0.088601
v 0.056035 -0.129552 0.086844
v 0.039326 -0.153766 0.099787
v 0.033147 -0.156746 0.099794
v 0.038769 -0.152833 0.094906
v 0.032621 -0.155786 0.094911
v 0.038100 -0.151627 0.091238
v 0.031995 -0.154549 0.091241
v 0.037335 -0.150186 0.088610
v 0.031283 -0.153075 0.088612
v 0.033035 -0.150343 0.086827
v -0.005818 -0.153025 0.085009
v -0.014951 -0.152983 0.085001
v 0.019052 -0.146329 0.085000
v 0.016441 -0.144111 0.085000
v 0.005656 -0.124252 0.085000
v 0.003091 -0.133327 0.085000
v 0.000096 -0.142165 0.085000
v 0.024330 -0.132189 0.085000
v 0.019139 -0.140216 0.085000
v 0.025026 -0.142722 0.085000
v 0.013171 -0.147878 0.085000
v 0.001385 -0.150207 0.085000
v -0.003130 -0.150888 0.085000
v 0.008500 -0.155011 0.086833
v -0.029419 -0.155000 0.211398
v -0.039110 -0.155000 0.212492
v -0.017903 -0.155000 0.207147
v -0.007856 -0.155000 0.200093
v 0.006790 -0.154993 0.174983
v 0.000051 -0.155000 0.190702
v 0.012508 -0.159169 0.092198
v 0.011752 -0.157530 0.169287
v 0.012455 -0.160878 0.168350
v 0.010413 -0.155872 0.087211
v 0.009864 -0.155659 0.169235
v 0.011758 -0.157243 0.088421
v -0.029609 0.155649 0.213967
v -0.032353 0.157500 0.216263
v -0.032254 0.160000 0.216926
v 0.007350 0.155661 0.181332
v 0.001597 0.155661 0.192901
v -0.006925 0.155661 0.202613
v -0.017646 0.155661 0.209823
v 0.011397 0.157500 0.171685
v 0.010106 0.157500 0.178258
v 0.007977 0.157500 0.184610
v 0.005047 0.157500 0.190634
v 0.001365 0.157500 0.196230
v -0.003009 0.157500 0.201304
v -0.008000 0.157500 0.205772
v -0.013526 0.157500 0.209559
v -0.019495 0.157500 0.212601
v -0.025805 0.157500 0.214849
v 0.012061 0.160000 0.171771
v 0.010689 0.160369 0.178740
v 0.008597 0.160000 0.184863
v 0.005629 0.160000 0.190966
v 0.001899 0.160000 0.196634
v -0.002531 0.160000 0.201774
v -0.007587 0.160000 0.206299
v -0.013184 0.160000 0.210135
v -0.019230 0.160000 0.213217
v -0.025622 0.160000 0.215493
v 0.007253 0.153122 0.085129
v 0.014257 0.160446 0.092424
v 0.014266 0.162195 0.098847
v 0.024129 0.159935 0.099805
v 0.018755 0.157173 0.088616
v 0.019350 0.158698 0.091248
v 0.019876 0.159987 0.094921
v 0.018104 0.155451 0.086851
v 0.012770 0.156976 0.087102
v 0.013630 0.158653 0.089066
v 0.011036 0.155057 0.085840
v 0.012590 0.162740 0.128429
v 0.012667 0.161557 0.101779
v 0.034068 0.157636 0.110819
v 0.034475 0.157721 0.136279
v 0.040376 0.154814 0.130559
v 0.033891 0.156507 0.168411
v 0.039935 0.153386 0.168525
v 0.045676 0.151417 0.130556
v 0.045082 0.149963 0.168629
v 0.050197 0.147713 0.130553
v 0.049442 0.146258 0.168723
v 0.054039 0.143725 0.130547
v 0.053120 0.142291 0.168807
v 0.060085 0.135006 0.130524
v 0.058864 0.133656 0.168942
v 0.040073 0.154758 0.113337
v 0.045409 0.151380 0.113327
v 0.049977 0.147680 0.113316
v 0.053871 0.143688 0.113305
v 0.060027 0.134942 0.113276
v 0.060710 0.122058 0.204289
v 0.056991 0.120513 0.237077
v 0.060821 0.108623 0.238738
v 0.064195 0.111787 0.204703
v 0.062627 0.095553 0.248567
v 0.067163 0.099256 0.205059
v 0.064935 0.079565 0.248895
v 0.069552 0.082782 0.205346
v 0.060462 -0.121443 0.208911
v 0.064195 -0.111787 0.204703
v 0.065026 -0.079619 0.248218
v 0.069552 -0.082782 0.205346
v 0.062908 -0.095028 0.247150
v 0.067163 -0.099256 0.205059
v 0.060821 -0.108623 0.238738
v 0.057141 -0.117745 0.243094
v 0.033777 -0.157693 0.109839
v 0.040073 -0.154758 0.113337
v 0.033891 -0.156507 0.168411
v 0.034604 -0.157702 0.134320
v 0.040376 -0.154814 0.130559
v 0.060085 -0.135006 0.130524
v 0.058864 -0.133656 0.168942
v 0.054039 -0.143725 0.130547
v 0.053120 -0.142291 0.168807
v 0.050197 -0.147713 0.130553
v 0.049442 -0.146257 0.168723
v 0.045676 -0.151417 0.130556
v 0.045082 -0.149963 0.168629
v 0.039935 -0.153386 0.168525
v 0.060027 -0.134942 0.113276
v 0.053871 -0.143688 0.113305
v 0.049977 -0.147680 0.113316
v 0.045409 -0.151380 0.113327
v 0.014289 -0.161526 0.095985
v 0.019876 -0.159987 0.094921
v 0.009259 -0.153888 0.085313
v 0.018104 -0.155451 0.086851
v 0.012842 -0.157040 0.087163
v 0.018755 -0.157173 0.088616
v 0.019350 -0.158698 0.091248
v 0.014089 -0.160001 0.091483
v 0.024121 -0.159938 0.099805
v 0.014297 -0.162278 0.099281
v 0.012568 -0.162429 0.114550
v -0.032353 -0.157500 0.216263
v -0.039063 -0.155670 0.214991
v -0.032623 -0.155670 0.214453
v -0.022784 -0.155661 0.212036
v -0.011324 -0.155661 0.206067
v -0.001774 -0.155661 0.197365
v 0.005234 -0.155661 0.186510
v 0.008336 -0.155670 0.177790
v -0.025805 -0.157500 0.214849
v -0.019495 -0.157500 0.212601
v -0.013526 -0.157500 0.209559
v -0.008000 -0.157500 0.205772
v -0.003009 -0.157500 0.201304
v 0.001365 -0.157500 0.196230
v 0.005047 -0.157500 0.190634
v 0.007977 -0.157500 0.184610
v 0.010106 -0.157500 0.178258
v -0.032254 -0.160000 0.216926
v -0.025622 -0.160000 0.215493
v -0.019230 -0.160000 0.213217
v -0.013184 -0.160000 0.210135
v -0.007587 -0.160000 0.206299
v -0.002531 -0.160000 0.201774
v 0.001899 -0.160000 0.196634
v 0.005629 -0.160000 0.190966
v 0.008597 -0.160000 0.184863
v 0.010753 -0.160000 0.178430
v 0.012061 -0.160000 0.171771
v -0.048745 -0.071096 0.400927
v -0.004011 -0.056998 0.392376
v -0.012476 -0.064728 0.395376
v 0.004348 -0.057934 0.388129
v -0.039934 -0.073175 0.400451
v -0.038172 -0.089396 0.397502
v -0.029436 -0.089866 0.396364
v -0.030377 -0.073443 0.399269
v -0.020953 -0.086132 0.395301
v -0.021258 -0.077569 0.396805
v -0.012858 -0.086705 0.392670
v -0.012773 -0.078208 0.394138
v -0.005097 -0.087479 0.389281
v -0.004633 -0.079041 0.390711
v 0.001591 -0.091864 0.384655
v 0.003077 -0.080066 0.386530
v -0.021635 -0.067707 0.397886
v -0.004274 -0.069222 0.391713
v 0.003780 -0.070244 0.387495
v 0.012125 -0.059012 0.383145
v 0.011282 -0.071437 0.382535
v 0.010267 -0.081281 0.381603
v 0.009119 -0.089632 0.380261
v 0.018132 -0.072793 0.376840
v 0.016852 -0.082683 0.375939
v 0.015426 -0.091013 0.374649
v 0.048377 -0.100881 0.310839
v 0.051431 -0.084229 0.312419
v 0.045685 -0.083080 0.330427
v 0.022767 -0.084266 0.369557
v 0.021118 -0.092593 0.368326
v 0.028039 -0.085997 0.362529
v 0.026216 -0.094340 0.361362
v 0.032719 -0.087842 0.354939
v 0.030762 -0.096219 0.353837
v 0.036858 -0.089762 0.346871
v 0.034796 -0.098192 0.345832
v 0.041492 -0.102275 0.328708
v 0.025512 -0.061557 0.371016
v 0.024256 -0.074304 0.370430
v 0.031077 -0.062989 0.363963
v 0.029687 -0.075942 0.363377
v 0.035973 -0.064492 0.356359
v 0.034485 -0.077671 0.355767
v 0.040267 -0.066038 0.348286
v 0.038711 -0.079460 0.347682
v 0.052818 -0.072091 0.312963
v 0.046119 -0.068660 0.334644
v 0.043711 -0.093687 0.329636
v 0.049311 -0.114676 0.290701
v 0.053104 -0.100895 0.293053
v 0.058746 -0.092264 0.275436
v 0.053238 -0.112501 0.276511
v 0.056284 -0.103889 0.274619
v 0.060767 -0.076929 0.276156
v 0.057220 -0.074691 0.294569
v 0.055362 -0.089605 0.293860
v 0.031381 -0.152546 0.235916
v 0.032839 -0.154481 0.204640
v 0.038758 -0.150815 0.208789
v 0.054704 -0.128873 0.227992
v 0.056615 -0.131449 0.203824
v 0.049016 -0.136390 0.236487
v 0.051027 -0.139565 0.208347
v 0.042823 -0.142671 0.244073
v 0.047726 -0.143503 0.208146
v 0.043594 -0.147306 0.208656
v 0.037281 -0.148797 0.235844
v 0.014327 -0.163931 0.137722
v 0.025153 -0.161185 0.136339
v 0.014317 -0.163891 0.118937
v 0.024774 -0.160955 0.110321
v 0.014309 -0.163423 0.109072
v 0.024953 -0.159968 0.168258
v 0.014923 -0.162849 0.168015
v 0.011422 -0.161494 0.176227
v -0.011093 -0.163860 0.208980
v -0.031204 -0.165029 0.216832
v -0.023555 -0.164710 0.214985
v -0.015827 -0.164223 0.211724
v 0.010328 -0.161482 0.180270
v 0.007885 -0.161668 0.186697
v 0.004692 -0.162066 0.192706
v 0.002532 -0.162330 0.195934
v -0.001839 -0.162831 0.201181
v -0.006806 -0.163378 0.205790
v -0.042368 -0.115215 0.387786
v -0.045495 -0.103243 0.393373
v 0.012752 -0.103435 0.371833
v 0.007288 -0.101848 0.377109
v -0.006006 -0.099226 0.386286
v -0.013203 -0.098646 0.389588
v -0.020698 -0.098261 0.392145
v 0.009587 -0.118443 0.365665
v 0.004268 -0.117373 0.370777
v 0.000024 -0.107290 0.379546
v -0.006975 -0.109648 0.382219
v -0.013702 -0.109106 0.385476
v -0.020720 -0.108761 0.388011
v -0.027975 -0.108608 0.389800
v -0.028301 -0.101552 0.392679
v -0.035413 -0.108644 0.390819
v -0.036089 -0.101532 0.393715
v -0.034871 -0.114975 0.387555
v -0.027745 -0.114915 0.386550
v -0.017370 -0.115188 0.383698
v -0.004741 -0.116273 0.377401
v 0.006366 -0.134628 0.355235
v 0.007599 -0.127544 0.360456
v 0.000453 -0.126337 0.366939
v -0.000538 -0.133758 0.360986
v -0.010874 -0.125034 0.374190
v -0.007761 -0.133099 0.365504
v -0.014724 -0.132636 0.368800
v -0.023792 -0.124420 0.379083
v -0.025658 -0.132175 0.372321
v -0.034201 -0.124296 0.380906
v -0.038917 -0.132042 0.373801
v 0.017643 -0.107344 0.364701
v 0.044050 -0.114130 0.309771
v 0.040072 -0.124503 0.308157
v 0.036649 -0.116860 0.326577
v 0.031258 -0.127122 0.327464
v 0.035677 -0.132693 0.308016
v 0.014436 -0.119711 0.359968
v 0.024475 -0.109830 0.354744
v 0.018221 -0.124366 0.351972
v 0.021994 -0.126150 0.345213
v 0.030397 -0.112721 0.343099
v 0.025530 -0.127159 0.338560
v 0.041434 -0.138238 0.272354
v 0.037202 -0.143307 0.272607
v 0.037070 -0.145559 0.261588
v 0.039798 -0.144020 0.254349
v 0.042821 -0.140726 0.253999
v 0.041449 -0.140480 0.263176
v 0.034378 -0.149887 0.244735
v 0.048069 -0.133286 0.254152
v 0.038721 -0.146452 0.244952
v 0.037661 -0.138331 0.288873
v 0.041348 -0.131830 0.290549
v 0.050485 -0.123966 0.267833
v 0.046778 -0.129529 0.272412
v 0.044627 -0.125438 0.290805
v 0.025486 -0.142794 0.317693
v 0.027581 -0.137832 0.321391
v 0.032005 -0.138623 0.307519
v 0.025995 -0.145801 0.308144
v 0.021578 -0.138771 0.332663
v 0.017865 -0.137174 0.340334
v 0.012317 -0.135675 0.348733
v 0.012270 -0.128178 0.355507
v 0.024102 -0.140786 0.324709
v 0.012711 -0.162742 0.181324
v 0.018543 -0.160076 0.200537
v -0.000659 -0.164240 0.202457
v 0.006930 -0.163368 0.193925
v -0.008690 -0.165022 0.209383
v -0.003865 -0.163294 0.227732
v -0.021941 -0.166009 0.216031
v -0.031017 -0.166446 0.218361
v 0.026080 -0.157564 0.201204
v 0.015074 -0.158984 0.231334
v 0.009057 -0.160926 0.224910
v 0.024088 -0.156208 0.229832
v 0.010351 -0.158078 0.268799
v 0.006412 -0.159369 0.264618
v 0.019519 -0.156421 0.252020
v 0.024952 -0.153088 0.264603
v 0.013401 -0.156867 0.272752
v 0.027459 -0.151019 0.271317
v 0.017615 -0.154728 0.279918
v 0.029239 -0.148919 0.278416
v 0.020612 -0.152861 0.286071
v 0.031020 -0.146485 0.284926
v 0.023316 -0.150822 0.292388
v 0.032322 -0.143885 0.291244
v 0.025081 -0.148501 0.299754
v 0.033262 -0.141607 0.295352
v 0.025289 -0.154785 0.243724
v 0.029867 -0.151958 0.252152
v 0.033286 -0.148553 0.262292
v 0.010013 -0.159596 0.245950
v -0.004937 -0.162075 0.256251
v 0.002839 -0.161719 0.235189
v -0.015843 -0.163803 0.251028
v -0.017587 -0.164810 0.232956
v -0.028679 -0.164971 0.247644
v -0.030063 -0.165563 0.235499
v 0.020259 -0.157028 0.237840
v -0.004009 0.066153 0.391888
v 0.004054 0.066656 0.387747
v 0.019207 0.060223 0.377433
v -0.039934 0.073175 0.400451
v -0.030377 0.073442 0.399269
v -0.021635 0.067707 0.397886
v -0.012780 0.068374 0.395179
v 0.011282 0.071437 0.382535
v 0.018132 0.072793 0.376840
v -0.037848 0.085586 0.398247
v -0.029308 0.085759 0.397162
v -0.020953 0.086132 0.395301
v -0.021258 0.077569 0.396805
v -0.012858 0.086705 0.392670
v -0.012773 0.078208 0.394138
v -0.005097 0.087479 0.389281
v -0.004633 0.079041 0.390711
v 0.002278 0.091549 0.384325
v 0.003077 0.080066 0.386530
v 0.009119 0.089632 0.380261
v 0.010267 0.081281 0.381603
v 0.015426 0.091013 0.374649
v 0.016852 0.082683 0.375939
v 0.041797 0.066929 0.345131
v 0.025512 0.061557 0.371016
v 0.031077 0.062989 0.363963
v 0.035973 0.064492 0.356359
v 0.022767 0.084266 0.369557
v 0.024256 0.074304 0.370430
v 0.028039 0.085997 0.362529
v 0.029687 0.075942 0.363377
v 0.032719 0.087842 0.354939
v 0.034485 0.077671 0.355767
v 0.036858 0.089762 0.346871
v 0.038711 0.079460 0.347682
v 0.043711 0.093687 0.329636
v 0.045685 0.083080 0.330427
v 0.050423 0.090545 0.312031
v 0.052841 0.070953 0.313387
v 0.047330 0.069146 0.331064
v 0.021118 0.092593 0.368326
v 0.026216 0.094340 0.361362
v 0.030762 0.096219 0.353837
v 0.034796 0.098192 0.345832
v 0.041492 0.102275 0.328708
v 0.047210 0.106945 0.308274
v 0.011656 0.161428 0.174873
v -0.001044 0.162725 0.200344
v 0.001897 0.162394 0.196779
v 0.005652 0.161956 0.191097
v 0.009453 0.161648 0.183187
v -0.010650 0.163711 0.208619
v -0.005180 0.163200 0.204406
v -0.030702 0.165032 0.216741
v -0.026735 0.164861 0.215878
v -0.020277 0.164492 0.213739
v -0.014033 0.164057 0.210736
v 0.014367 0.163420 0.108846
v 0.024473 0.161011 0.109829
v 0.014372 0.163721 0.147256
v 0.014782 0.162733 0.171299
v 0.024961 0.159965 0.168258
v 0.025149 0.161235 0.133356
v 0.014287 0.164006 0.124667
v 0.054599 0.129586 0.226318
v 0.056615 0.131449 0.203824
v 0.050894 0.139794 0.208010
v 0.043707 0.147264 0.208230
v 0.038504 0.150928 0.209405
v 0.037281 0.148797 0.235844
v 0.031413 0.152530 0.235895
v 0.032505 0.154083 0.211536
v 0.038763 0.146411 0.244978
v 0.045565 0.143056 0.225185
v 0.043073 0.140755 0.252390
v 0.048642 0.134676 0.245892
v 0.047715 0.144171 0.203028
v 0.056284 0.103889 0.274619
v 0.054044 0.115352 0.267366
v 0.050525 0.110007 0.292212
v 0.053104 0.100895 0.293053
v 0.055362 0.089605 0.293860
v 0.058746 0.092264 0.275436
v 0.057220 0.074691 0.294569
v 0.060767 0.076929 0.276156
v -0.045944 0.093733 0.396515
v -0.043457 0.114769 0.388077
v -0.042980 0.108864 0.391046
v -0.035413 0.108644 0.390819
v 0.012394 0.105889 0.370786
v 0.006620 0.104645 0.376211
v 0.000365 0.103615 0.380950
v -0.036089 0.101532 0.393715
v -0.036901 0.093794 0.396203
v -0.028301 0.101552 0.392679
v -0.028741 0.093888 0.395147
v -0.020704 0.101766 0.390867
v -0.020772 0.094180 0.393313
v -0.013355 0.102179 0.388296
v -0.013060 0.094673 0.390713
v -0.006313 0.102794 0.384985
v -0.005670 0.095369 0.387360
v -0.034871 0.114975 0.387555
v -0.027745 0.114915 0.386550
v -0.027975 0.108608 0.389800
v -0.020792 0.115034 0.384791
v -0.020720 0.108761 0.388011
v -0.014063 0.115335 0.382308
v -0.013702 0.109106 0.385476
v -0.007609 0.115823 0.379126
v -0.006975 0.109648 0.382219
v -0.001481 0.116501 0.375274
v -0.000592 0.110390 0.378262
v 0.004503 0.114949 0.372245
v 0.010082 0.115949 0.367002
v -0.040438 0.132047 0.373793
v 0.017643 0.107344 0.364701
v 0.044050 0.114130 0.309771
v 0.040072 0.124503 0.308157
v 0.036649 0.116860 0.326577
v 0.014436 0.119711 0.359968
v 0.017661 0.124353 0.352701
v 0.022377 0.108987 0.358013
v 0.021270 0.126111 0.346321
v 0.026620 0.110789 0.350791
v 0.025180 0.127425 0.338899
v 0.030397 0.112721 0.343099
v 0.029203 0.126432 0.332342
v 0.030457 0.131820 0.323227
v 0.035677 0.132693 0.308016
v -0.030685 0.132074 0.373192
v -0.031208 0.124155 0.380707
v -0.020993 0.124435 0.378253
v -0.021592 0.132320 0.371172
v -0.012178 0.124915 0.374846
v -0.014339 0.132659 0.368634
v -0.007312 0.133137 0.365248
v -0.000322 0.126252 0.367532
v -0.000809 0.133737 0.361146
v 0.005947 0.134568 0.355647
v 0.009700 0.127748 0.358492
v 0.008834 0.161153 0.222220
v 0.014304 0.159093 0.233293
v 0.001879 0.163949 0.199662
v 0.018543 0.160076 0.200537
v -0.028707 0.166338 0.217923
v -0.018955 0.165526 0.220925
v -0.011041 0.165249 0.211726
v -0.003963 0.163232 0.228489
v 0.009421 0.163058 0.189555
v 0.025199 0.156435 0.221459
v 0.020451 0.157043 0.236693
v 0.041348 0.131830 0.290549
v 0.037924 0.137658 0.289607
v 0.052254 0.125072 0.254784
v 0.046778 0.129529 0.272412
v 0.050326 0.121813 0.272976
v 0.038218 0.143122 0.268546
v 0.041630 0.138097 0.271870
v 0.035157 0.149003 0.248148
v 0.039798 0.144020 0.254349
v 0.040397 0.141648 0.263541
v 0.046184 0.121825 0.291332
v 0.012590 0.135744 0.348320
v 0.017238 0.136971 0.341413
v 0.020995 0.138486 0.333993
v 0.023634 0.140275 0.326574
v 0.026014 0.144946 0.310808
v 0.029709 0.137826 0.315697
v 0.025275 0.142376 0.319100
v 0.031946 0.138447 0.308104
v 0.025709 0.154704 0.243105
v -0.023975 0.165145 0.237074
v 0.018801 0.156679 0.251468
v 0.009567 0.159702 0.245838
v -0.001926 0.161499 0.258057
v 0.002391 0.161681 0.237036
v -0.013194 0.163444 0.252111
v -0.012841 0.164232 0.233198
v -0.028084 0.165015 0.247478
v 0.034409 0.143624 0.283589
v 0.034026 0.141575 0.292576
v 0.006511 0.159298 0.265011
v 0.012632 0.157151 0.271966
v 0.021631 0.155100 0.258439
v 0.024952 0.153088 0.264603
v 0.017215 0.155096 0.278526
v 0.027459 0.151019 0.271317
v 0.021568 0.152397 0.287327
v 0.029239 0.148919 0.278416
v 0.030368 0.146816 0.285749
v 0.024252 0.149761 0.295782
v 0.030889 0.144729 0.293220
v 0.025601 0.147374 0.303278
v 0.029720 0.151560 0.256580
v 0.033812 0.147541 0.266749
v 0.034736 0.145215 0.275320
v 0.012711 -0.161040 0.098760
v 0.013253 -0.163281 0.112854
v 0.013261 -0.161670 0.098389
v 0.012899 -0.163171 0.138688
v 0.012633 -0.161762 0.168443
v 0.013192 -0.162458 0.168531
v 0.014001 -0.162838 0.168622
v 0.007766 -0.154717 0.086015
v 0.010180 -0.154856 0.085725
v 0.013203 -0.159789 0.091795
v 0.013257 -0.158397 0.088671
v -0.031222 -0.165908 0.217400
v 0.012441 -0.162734 0.178446
v 0.008716 -0.162911 0.187388
v 0.005083 -0.163459 0.194854
v -0.015873 -0.165354 0.212729
v -0.023148 -0.165543 0.215439
v -0.007957 -0.164383 0.207516
v -0.001482 -0.163726 0.201703
v 0.004296 -0.163074 0.194624
v 0.011606 -0.162349 0.178434
v -0.012279 -0.153993 0.085244
v -0.028702 0.165793 0.216962
v -0.019318 0.165599 0.214311
v -0.011670 0.165173 0.210918
v -0.004228 0.164325 0.204832
v 0.006807 0.163117 0.191126
v 0.010788 0.162848 0.183700
v -0.011962 0.164744 0.210242
v 0.001357 0.163409 0.198577
v 0.010071 0.162456 0.183314
v 0.012783 0.162639 0.174562
v 0.012664 0.161796 0.167455
v 0.013226 0.162494 0.167564
v 0.014038 0.162873 0.167678
v -0.021471 0.154777 0.086052
v -0.021012 0.154057 0.085276
v 0.013236 0.163632 0.129403
v 0.013247 0.162931 0.108640
v 0.013245 0.161748 0.098910
v 0.007569 0.154285 0.085606
v 0.010036 0.155129 0.086145
v 0.012476 0.157661 0.088089
v 0.013239 0.160042 0.092394
v -0.038589 -0.132057 0.372987
v 0.007059 -0.158778 0.266207
v -0.030057 -0.132138 0.372196
v -0.022556 -0.132346 0.370574
v -0.015211 -0.132696 0.368079
v -0.008324 -0.133175 0.364833
v -0.001079 -0.133867 0.360303
v 0.007250 -0.134888 0.352866
v 0.007760 -0.135069 0.353033
v 0.025176 -0.145886 0.308053
v 0.024324 -0.148483 0.299826
v 0.022598 -0.150758 0.292470
v 0.012874 -0.136148 0.346451
v 0.017005 -0.137339 0.340047
v 0.020727 -0.138974 0.332342
v 0.023233 -0.140912 0.324650
v 0.024647 -0.142979 0.317431
v -0.039853 0.132078 0.372978
v 0.005146 0.134674 0.355206
v -0.001197 0.133858 0.360374
v -0.007709 0.133226 0.364499
v -0.014734 0.132724 0.367887
v -0.021948 0.132369 0.370406
v -0.031082 0.132114 0.372384
v 0.025179 0.144926 0.311080
v 0.024502 0.142680 0.318421
v 0.022947 0.140628 0.325705
v 0.020183 0.138673 0.333661
v 0.016451 0.137150 0.341015
v 0.011719 0.135873 0.348006
v 0.005980 0.159102 0.265161
v 0.020598 0.152511 0.286699
v 0.023362 0.149885 0.295297
v 0.024718 0.147604 0.302617
v -0.005839 0.161638 0.256597
v 0.020000 -0.017166 0.283285
v 0.020000 -0.005990 0.278955
v 0.020000 0.005990 0.278955
v 0.020000 0.017166 0.283285
v 0.020000 0.022085 0.334985
v 0.020000 0.011924 0.341346
v 0.020000 0.000165 0.343601
v 0.020000 -0.011655 0.341441
v 0.020000 -0.021819 0.335213
v 0.062782 0.011605 0.280604
v 0.063170 0.004412 0.278762
v 0.062176 -0.017175 0.283409
v 0.061502 -0.021331 0.286480
v 0.060164 -0.026751 0.292414
v 0.057800 -0.031416 0.302241
v 0.055212 -0.032542 0.312217
v 0.047945 -0.021138 0.335851
v 0.053256 -0.031440 0.319233
v 0.051572 -0.029391 0.324908
v 0.050122 -0.026734 0.329482
v 0.048188 0.021783 0.335154
v 0.049193 0.024577 0.332266
v 0.051344 0.029110 0.325649
v 0.057747 0.031365 0.302436
v 0.054317 0.032258 0.315497
v 0.056268 0.032381 0.308224
v 0.058968 0.029541 0.297452
v 0.060284 0.026284 0.291865
v 0.061122 0.023140 0.288179
v 0.062155 0.017370 0.283511
v 0.045328 0.007401 0.342646
v 0.045956 0.012341 0.341087
v 0.046808 0.016681 0.338892
v 0.044977 0.001746 0.343499
v 0.045188 -0.005877 0.342995
v 0.046084 -0.013153 0.340765
v 0.062716 -0.012270 0.280905
v 0.063192 -0.004345 0.278656
v 0.056408 -0.006356 0.313037
v 0.055443 -0.006372 0.312746
v 0.054286 -0.010928 0.316816
v 0.055217 -0.011118 0.317192
v 0.054055 -0.013040 0.317559
v 0.055006 -0.013252 0.317862
v 0.054068 -0.016149 0.317399
v 0.055052 -0.016479 0.317586
v 0.054675 -0.020124 0.315066
v 0.055735 -0.020471 0.314976
v 0.059543 0.003063 0.300723
v 0.058583 0.006082 0.304629
v 0.059531 0.005615 0.300741
v 0.059248 0.006466 0.301912
v 0.057042 0.002425 0.310694
v 0.058060 -0.002323 0.306767
v 0.058654 -0.000748 0.304402
v 0.057686 -0.003050 0.308225
v 0.055059 0.000696 0.318020
v 0.058995 -0.011497 0.302824
v 0.057827 -0.010336 0.307541
v 0.059424 -0.016400 0.300853
v 0.058667 -0.015606 0.304005
v 0.058746 -0.018337 0.303545
v 0.059376 -0.020394 0.300820
v 0.058466 -0.020925 0.304534
v 0.059012 -0.022656 0.302188
v 0.058026 -0.025034 0.306022
v 0.057988 -0.022174 0.306362
v 0.055917 -0.024125 0.314084
v 0.057073 -0.022799 0.309882
v 0.056826 -0.025296 0.310645
v 0.054673 0.007705 0.315520
v 0.055647 0.008235 0.315735
v 0.055741 0.006189 0.315450
v 0.054851 0.005821 0.314934
v 0.054891 0.010053 0.314691
v 0.055891 0.010131 0.314822
v 0.055961 0.021236 0.314102
v 0.057458 0.013838 0.308856
v 0.057856 0.024896 0.306704
v 0.059176 0.016906 0.301860
v 0.058698 0.025298 0.303292
v 0.059432 0.018858 0.300673
v 0.059291 0.023628 0.300955
v 0.059121 0.024713 0.301585
v 0.053955 0.005101 0.321622
v 0.053671 0.008767 0.322502
v 0.054008 0.013611 0.321261
v 0.054975 0.018179 0.317771
v 0.057671 -0.019768 0.303650
v 0.057778 -0.016576 0.303391
v 0.056615 -0.022610 0.307671
v 0.057267 -0.021674 0.305162
v 0.055848 -0.022561 0.310612
v 0.056858 -0.010329 0.307293
v 0.054144 0.000502 0.317519
v 0.054666 -0.020441 0.318728
v 0.053994 -0.016280 0.321202
v 0.055274 -0.002206 0.317140
v 0.054096 -0.007234 0.321129
v 0.053794 -0.012666 0.321997
v 0.057683 -0.000747 0.304162
v 0.058246 0.006488 0.301799
v 0.058516 0.005848 0.300684
v 0.058606 0.003499 0.300338
v 0.056075 0.002424 0.310439
v 0.057532 0.005943 0.304747
v 0.057091 -0.002321 0.306521
v 0.057165 -0.024871 0.305362
v 0.055968 -0.025340 0.309969
v 0.054953 -0.024107 0.313819
v 0.056717 -0.003048 0.307976
v 0.058023 -0.011489 0.302588
v 0.058430 -0.015961 0.300721
v 0.058442 -0.019680 0.300466
v 0.058169 -0.022107 0.301453
v 0.058120 0.016687 0.301981
v 0.056490 0.013829 0.308605
v 0.058456 0.018522 0.300475
v 0.058286 0.023954 0.300835
v 0.054997 0.021221 0.313837
v 0.056814 0.024790 0.306752
v 0.057687 0.025293 0.303215
v 0.058095 0.024838 0.301564
v 0.052998 0.005097 0.321334
v 0.052752 0.007780 0.322105
v 0.052787 0.010962 0.321917
v 0.053193 0.014401 0.320460
v 0.054014 0.018166 0.317495
v 0.054313 -0.002205 0.316866
v 0.052840 -0.013086 0.321679
v 0.053087 -0.007608 0.321004
v 0.053706 -0.020427 0.318449
v 0.053036 -0.016269 0.320914
v 0.050512 0.000000 0.329152
v 0.059605 0.000006 0.296047
v -0.092412 0.165308 0.167842
v -0.092500 0.160000 0.165000
v -0.091863 0.158641 0.172318
v -0.089673 0.165572 0.181808
v -0.091587 0.165331 0.174721
v -0.090809 0.159878 0.178295
v -0.084220 0.159966 0.193380
v -0.084425 0.165314 0.192985
v -0.088069 0.159990 0.186129
v -0.087652 0.165218 0.187039
v -0.069489 0.159981 0.208469
v -0.076121 0.159961 0.203115
v -0.076288 0.165243 0.202928
v -0.080725 0.160000 0.198132
v -0.080000 0.165572 0.198906
v -0.058293 0.159936 0.214241
v -0.061495 0.165244 0.212927
v -0.063556 0.158606 0.211739
v -0.069010 0.165269 0.208744
v -0.043266 0.158639 0.217268
v -0.045831 0.165358 0.217160
v -0.050354 0.159976 0.216478
v -0.051485 0.165258 0.216216
v -0.021518 0.159953 0.214167
v -0.022736 0.165289 0.214594
v -0.029607 0.159970 0.216470
v -0.029585 0.165513 0.216411
v -0.037581 0.159955 0.217481
v -0.034690 0.165577 0.217167
v -0.010249 0.159941 0.208289
v -0.011118 0.165239 0.208834
v -0.015373 0.158612 0.211186
v 0.004277 0.159964 0.193280
v 0.003046 0.165249 0.195034
v 0.000827 0.158604 0.197772
v -0.003848 0.159971 0.203084
v -0.004262 0.165266 0.203435
v 0.012500 0.160000 0.165000
v 0.012419 0.165312 0.167675
v 0.012011 0.160000 0.172149
v 0.010659 0.165239 0.178894
v 0.010820 0.159923 0.178261
v 0.008075 0.159984 0.186116
v 0.007583 0.165509 0.187076
v 0.012500 0.160000 0.085000
v 0.011863 0.158641 0.077682
v 0.009673 0.165572 0.068192
v 0.010809 0.159878 0.071705
v 0.004220 0.159966 0.056620
v 0.004425 0.165314 0.057015
v 0.008069 0.159990 0.063871
v 0.007652 0.165218 0.062961
v -0.010511 0.159981 0.041531
v -0.003880 0.159960 0.046885
v -0.003711 0.165243 0.047072
v 0.000725 0.160000 0.051868
v -0.000000 0.165572 0.051094
v -0.021707 0.159936 0.035759
v -0.018505 0.165243 0.037073
v -0.016444 0.158606 0.038261
v -0.010990 0.165269 0.041256
v -0.036734 0.158639 0.032732
v -0.034169 0.165358 0.032840
v -0.029646 0.159976 0.033522
v -0.028515 0.165258 0.033784
v -0.058482 0.159953 0.035833
v -0.057264 0.165289 0.035406
v -0.050393 0.159970 0.033530
v -0.050415 0.165513 0.033589
v -0.042419 0.159955 0.032519
v -0.045310 0.165577 0.032833
v -0.069751 0.159941 0.041711
v -0.068882 0.165239 0.041166
v -0.064627 0.158612 0.038814
v -0.062929 0.165554 0.037856
v -0.084277 0.159964 0.056720
v -0.083046 0.165249 0.054966
v -0.080827 0.158604 0.052228
v -0.079423 0.165613 0.050456
v -0.076152 0.159971 0.046916
v -0.075738 0.165266 0.046565
v -0.073493 0.165660 0.044714
v -0.092500 0.160000 0.085000
v -0.092397 0.165380 0.082333
v -0.092011 0.160000 0.077851
v -0.091791 0.165595 0.077081
v -0.090658 0.165239 0.071106
v -0.090820 0.159923 0.071739
v -0.088075 0.159984 0.063884
v -0.087583 0.165509 0.062924
v -0.030613 0.170000 0.055558
v -0.011755 0.170003 0.070751
v -0.054051 0.170001 0.056783
v -0.049387 0.170000 0.194442
v -0.069640 0.170000 0.075443
v -0.068017 0.170003 0.179576
v -0.025949 0.170001 0.193217
v -0.010481 0.170000 0.174810
v -0.087160 0.155000 0.172181
v 0.006565 0.154999 0.176550
v 0.006856 0.154999 0.074865
v -0.087263 0.155000 0.079811
v -0.015763 0.155000 0.205966
v -0.050524 0.155000 0.211606
v -0.052285 0.155000 0.039014
v -0.035921 0.154999 0.037398
v -0.014254 0.154997 0.044460
v -0.065223 0.155000 0.205367
v -0.079766 0.154997 0.191926
v -0.083488 0.154999 0.065216
v -0.000783 0.155000 0.058024
v -0.003463 0.154999 0.195784
v -0.031085 0.154999 0.211936
v -0.069577 0.154997 0.047164
v -0.078187 0.167742 0.195686
v -0.075955 0.168540 0.193891
v -0.070420 0.167742 0.203398
v -0.068568 0.168537 0.201222
v 0.001630 0.168540 0.184861
v 0.005538 0.168571 0.172352
v 0.008378 0.167789 0.172810
v 0.010766 0.166871 0.169571
v 0.012047 0.165934 0.167873
v 0.011791 0.165595 0.172919
v 0.002072 0.169205 0.171789
v 0.009284 0.166845 0.178053
v -0.002102 0.169654 0.173878
v 0.010417 0.165915 0.178388
v 0.004215 0.167742 0.186093
v -0.012986 0.169656 0.193460
v -0.014521 0.169189 0.199217
v -0.003638 0.169197 0.187596
v -0.026188 0.168548 0.209150
v -0.028949 0.167742 0.212726
v -0.020332 0.167739 0.209813
v -0.010715 0.167746 0.204356
v -0.012430 0.168543 0.202055
v -0.001592 0.167742 0.195408
v -0.003838 0.168540 0.193632
v 0.008731 0.165683 0.184061
v 0.004796 0.165673 0.192143
v -0.000577 0.165613 0.199544
v -0.006507 0.165660 0.205286
v -0.012708 0.165725 0.209656
v -0.017071 0.165554 0.212144
v -0.022685 0.165915 0.214207
v 0.006070 0.166848 0.186963
v 0.000023 0.166848 0.196670
v -0.006644 0.166845 0.203558
v -0.012765 0.166845 0.208100
v -0.019502 0.166845 0.211682
v -0.028474 0.166848 0.214719
v -0.027225 0.169192 0.205778
v -0.041562 0.168543 0.211160
v -0.041658 0.167746 0.214028
v -0.037983 0.166845 0.215944
v -0.045599 0.166845 0.215675
v -0.039102 0.165645 0.217396
v -0.045762 0.165915 0.216845
v -0.036640 0.169653 0.204122
v -0.041426 0.169189 0.207637
v -0.054450 0.165664 0.215356
v -0.053090 0.166845 0.214275
v -0.052574 0.167739 0.212296
v -0.056741 0.168548 0.208125
v -0.061125 0.167742 0.209200
v -0.061997 0.166848 0.211054
v -0.060793 0.165915 0.212841
v -0.071683 0.166848 0.205012
v -0.067376 0.165738 0.209585
v -0.073608 0.165646 0.205200
v -0.055448 0.169192 0.204842
v -0.058102 0.169653 0.199418
v -0.070118 0.169198 0.195452
v -0.070619 0.169650 0.188736
v -0.079023 0.169189 0.182240
v -0.077674 0.169658 0.174631
v -0.088391 0.167863 0.170768
v -0.085696 0.168548 0.171182
v -0.084879 0.167746 0.184808
v -0.082255 0.168543 0.183648
v -0.081902 0.165915 0.196070
v -0.086065 0.165915 0.189478
v -0.090359 0.165915 0.178607
v -0.091949 0.165849 0.170402
v -0.079776 0.166848 0.196980
v -0.085007 0.166845 0.188953
v -0.088074 0.166845 0.181978
v -0.090068 0.166845 0.174618
v -0.091369 0.166624 0.165531
v -0.082569 0.169181 0.169027
v 0.005913 0.168517 0.079192
v 0.008756 0.167707 0.078832
v 0.012381 0.165519 0.082331
v -0.082330 0.169211 0.081790
v -0.088382 0.167915 0.081708
v -0.090750 0.166890 0.080552
v -0.091895 0.166092 0.082010
v -0.001813 0.167742 0.054314
v -0.004045 0.168540 0.056109
v -0.009580 0.167742 0.046602
v -0.011432 0.168537 0.048778
v -0.077842 0.169656 0.076048
v -0.079854 0.169192 0.069581
v -0.052775 0.169192 0.044222
v -0.067014 0.169656 0.056540
v -0.065479 0.169189 0.050783
v -0.075185 0.168851 0.057270
v -0.053812 0.168548 0.040850
v -0.051051 0.167742 0.037274
v -0.059668 0.167739 0.040187
v -0.069285 0.167746 0.045644
v -0.067570 0.168543 0.047945
v -0.078408 0.167742 0.054592
v -0.084215 0.167742 0.063907
v -0.081630 0.168540 0.065139
v -0.087306 0.167739 0.072462
v -0.085292 0.168621 0.077679
v -0.051526 0.166848 0.035281
v -0.057315 0.165915 0.035793
v -0.067292 0.165725 0.040344
v -0.084796 0.165673 0.057857
v -0.088731 0.165683 0.065939
v -0.090417 0.165915 0.071612
v -0.060498 0.166845 0.038318
v -0.067235 0.166845 0.041900
v -0.073356 0.166845 0.046442
v -0.080023 0.166848 0.053330
v -0.086070 0.166848 0.063037
v -0.089284 0.166845 0.071947
v -0.038438 0.168543 0.038840
v -0.038342 0.167746 0.035972
v -0.042017 0.166845 0.034056
v -0.034401 0.166845 0.034325
v -0.040898 0.165645 0.032604
v -0.034238 0.165915 0.033155
v -0.043360 0.169653 0.045878
v -0.038574 0.169189 0.042363
v -0.025550 0.165664 0.034644
v -0.026910 0.166845 0.035725
v -0.027426 0.167739 0.037704
v -0.023259 0.168548 0.041875
v -0.018875 0.167742 0.040800
v -0.018003 0.166848 0.038946
v -0.019207 0.165915 0.037159
v -0.008317 0.166848 0.044988
v -0.012624 0.165738 0.040415
v -0.006392 0.165646 0.044800
v -0.024552 0.169192 0.045158
v -0.021897 0.169653 0.050582
v -0.009882 0.169198 0.054548
v -0.009381 0.169650 0.061264
v -0.000977 0.169189 0.067760
v -0.002021 0.169647 0.075912
v 0.004879 0.167746 0.065192
v 0.002255 0.168543 0.066352
v 0.001902 0.165915 0.053930
v 0.006065 0.165915 0.060522
v 0.010894 0.165621 0.072444
v 0.011822 0.165595 0.077284
v -0.000224 0.166848 0.053020
v 0.005007 0.166845 0.061047
v 0.008074 0.166845 0.068022
v 0.010773 0.166801 0.078575
v 0.002401 0.169174 0.079634
v 0.009421 0.155421 0.169113
v 0.009665 0.155461 0.084896
v 0.010810 0.156441 0.170210
v 0.010854 0.156459 0.080092
v 0.012032 0.157828 0.165144
v 0.012046 0.157862 0.084905
v -0.092032 0.157828 0.084856
v -0.091634 0.158087 0.077903
v -0.090187 0.158087 0.070938
v -0.087805 0.158087 0.064236
v -0.084532 0.158087 0.057920
v -0.075574 0.158087 0.046909
v -0.070056 0.158087 0.042420
v -0.057454 0.158087 0.035890
v -0.050604 0.158087 0.033971
v -0.043557 0.158087 0.033002
v -0.029396 0.158087 0.033971
v -0.022546 0.158087 0.035890
v -0.009944 0.158087 0.042420
v -0.004426 0.158087 0.046909
v 0.000430 0.158087 0.052108
v 0.004532 0.158087 0.057920
v 0.007805 0.158087 0.064236
v 0.010187 0.158087 0.070938
v -0.089421 0.155421 0.080887
v -0.090810 0.156441 0.079790
v -0.089143 0.156464 0.071231
v -0.086810 0.156464 0.064667
v -0.083606 0.156464 0.058483
v -0.079589 0.156464 0.052792
v -0.074834 0.156464 0.047701
v -0.069431 0.156464 0.043306
v -0.063480 0.156464 0.039686
v -0.057091 0.156464 0.036911
v -0.050383 0.156464 0.035032
v -0.043483 0.156464 0.034083
v -0.036517 0.156464 0.034083
v -0.029617 0.156464 0.035032
v -0.022909 0.156464 0.036911
v -0.016520 0.156464 0.039686
v -0.010569 0.156464 0.043306
v -0.005166 0.156464 0.047701
v -0.000411 0.156464 0.052792
v 0.003606 0.156464 0.058483
v 0.006810 0.156464 0.064667
v 0.009143 0.156464 0.071231
v -0.086489 0.155373 0.067978
v -0.080172 0.155373 0.056067
v -0.073727 0.155381 0.048887
v -0.065319 0.155373 0.042457
v -0.052903 0.155373 0.037204
v -0.039529 0.155373 0.035495
v -0.026190 0.155373 0.037458
v -0.017267 0.155381 0.041127
v -0.008392 0.155373 0.046896
v 0.000716 0.155373 0.056836
v 0.005323 0.155381 0.065314
v 0.008444 0.155360 0.075019
v 0.011634 0.158087 0.172097
v 0.010187 0.158087 0.179062
v 0.007805 0.158087 0.185764
v 0.004532 0.158087 0.192080
v -0.004426 0.158087 0.203091
v -0.009944 0.158087 0.207580
v -0.022546 0.158087 0.214110
v -0.029396 0.158087 0.216029
v -0.036443 0.158087 0.216998
v -0.050604 0.158087 0.216029
v -0.057454 0.158087 0.214110
v -0.070056 0.158087 0.207580
v -0.075574 0.158087 0.203091
v -0.080430 0.158087 0.197892
v -0.084532 0.158087 0.192080
v -0.087805 0.158087 0.185764
v -0.090187 0.158087 0.179062
v 0.009143 0.156464 0.178769
v 0.006810 0.156464 0.185333
v 0.003606 0.156464 0.191517
v -0.000411 0.156464 0.197208
v -0.005166 0.156464 0.202299
v -0.010569 0.156464 0.206694
v -0.016520 0.156464 0.210314
v -0.022909 0.156464 0.213089
v -0.029617 0.156464 0.214968
v -0.036517 0.156464 0.215917
v -0.043483 0.156464 0.215917
v -0.050383 0.156464 0.214968
v -0.057091 0.156464 0.213089
v -0.063480 0.156464 0.210314
v -0.069431 0.156464 0.206694
v -0.074834 0.156464 0.202299
v -0.079589 0.156464 0.197208
v -0.083606 0.156464 0.191517
v -0.086810 0.156464 0.185333
v -0.089143 0.156464 0.178769
v -0.090854 0.156459 0.169908
v -0.092046 0.157862 0.165095
v -0.089665 0.155461 0.165104
v 0.006489 0.155373 0.182022
v 0.000172 0.155373 0.193933
v -0.009124 0.155373 0.203699
v -0.020709 0.155373 0.210594
v -0.033726 0.155373 0.214108
v -0.047208 0.155373 0.213980
v -0.060155 0.155373 0.210219
v -0.068496 0.155381 0.205369
v -0.076502 0.155373 0.198445
v -0.084171 0.155373 0.187357
v -0.088444 0.155360 0.174981
v -0.033825 -0.161040 0.032801
v -0.028397 -0.160136 0.033791
v -0.020675 -0.160764 0.035993
v -0.048915 -0.159746 0.033230
v -0.045204 -0.161913 0.032661
v -0.040005 -0.160000 0.032500
v -0.037982 -0.161479 0.032458
v -0.061179 -0.163122 0.036858
v -0.059794 -0.158550 0.036553
v -0.055499 -0.162723 0.034743
v -0.051005 -0.162371 0.033577
v -0.066942 -0.163535 0.039839
v -0.070090 -0.159775 0.041902
v -0.072352 -0.163796 0.043568
v -0.075895 -0.164019 0.046584
v -0.076658 -0.160000 0.047418
v -0.080652 -0.164122 0.051627
v -0.082652 -0.159840 0.054332
v -0.084087 -0.164090 0.056339
v -0.086473 -0.163914 0.060395
v -0.087964 -0.158562 0.064051
v -0.088923 -0.163449 0.065706
v -0.091123 -0.158539 0.073820
v -0.090857 -0.162656 0.071493
v -0.092184 -0.160783 0.077992
v 0.010804 0.160705 0.071115
v 0.007276 0.159881 0.062055
v 0.074403 0.060190 0.034664
v 0.073329 0.083290 0.040226
v 0.071314 0.076093 0.020026
v 0.071277 0.085709 0.025738
v 0.064825 0.124386 0.066857
v 0.064121 0.124018 0.075567
v 0.068001 0.113648 0.075421
v 0.064722 0.123878 0.055417
v 0.068812 0.113992 0.066576
v 0.063780 0.122773 0.042052
v 0.068802 0.113542 0.054955
v 0.061970 0.121350 0.027569
v 0.067927 0.112552 0.041374
v 0.071064 0.099933 0.040754
v 0.068878 0.100849 0.025761
v 0.066138 0.111278 0.026649
v 0.071033 0.100972 0.075278
v 0.071894 0.101256 0.066302
v 0.073293 0.084265 0.075151
v 0.074167 0.084470 0.066060
v 0.074856 0.061803 0.075052
v 0.075727 0.061928 0.065871
v 0.071921 0.100832 0.054516
v 0.074194 0.084078 0.054132
v 0.075740 0.061610 0.053837
v -0.102501 -0.094568 -0.037770
v -0.097870 -0.093930 -0.041149
v -0.090521 -0.085489 -0.046667
v -0.089321 -0.095563 -0.045668
v -0.074889 -0.085552 -0.053234
v -0.101735 -0.083441 -0.040043
v -0.103834 -0.103767 -0.034393
v -0.098724 -0.102845 -0.038458
v -0.091534 -0.104083 -0.042382
v -0.075387 -0.108789 -0.047812
v -0.084862 -0.112762 -0.042609
v -0.072462 -0.098093 -0.051908
v -0.081449 -0.097240 -0.048866
v -0.084113 -0.106711 -0.045169
v -0.094538 -0.111218 -0.038200
v 0.073823 -0.064754 0.031729
v 0.075730 -0.062353 0.052312
v 0.075691 -0.042813 0.041019
v 0.075920 0.035017 0.041524
v 0.075140 0.051353 0.038589
v 0.076265 -0.000998 0.041236
v 0.075787 0.032771 0.074991
v 0.076097 0.000000 0.074971
v 0.076580 0.032838 0.067309
v 0.076889 0.000000 0.067273
v 0.076746 0.032723 0.057445
v 0.077053 0.000000 0.057391
v 0.075787 -0.032771 0.074991
v 0.076580 -0.032838 0.067309
v 0.076746 -0.032723 0.057445
v 0.074856 -0.061803 0.075052
v 0.075652 -0.061941 0.067415
v -0.067795 -0.119062 -0.045283
v -0.065513 -0.110197 -0.050131
v -0.063975 -0.102813 -0.053034
v -0.062703 -0.094548 -0.055335
v -0.058826 -0.085675 -0.057765
v -0.056196 -0.117663 -0.048423
v -0.054826 -0.110804 -0.052125
v -0.053671 -0.103276 -0.055102
v -0.047800 -0.094565 -0.058452
v -0.044576 -0.117584 -0.049980
v -0.043772 -0.110692 -0.053736
v -0.043100 -0.103147 -0.056740
v -0.045204 -0.085729 -0.060370
v -0.033012 -0.116770 -0.051159
v -0.032802 -0.109943 -0.054904
v -0.032638 -0.102488 -0.057892
v -0.032514 -0.094197 -0.060224
v -0.032429 -0.085785 -0.061852
v 0.068917 -0.100761 0.025917
v 0.071064 -0.099933 0.040754
v 0.073329 -0.083290 0.040226
v 0.071212 -0.086070 0.025524
v 0.073293 -0.084265 0.075151
v 0.074167 -0.084470 0.066060
v 0.074194 -0.084078 0.054132
v 0.071921 -0.100832 0.054516
v 0.071894 -0.101256 0.066302
v 0.071033 -0.100971 0.075278
v 0.066138 -0.111278 0.026649
v 0.067927 -0.112552 0.041374
v 0.068802 -0.113542 0.054955
v 0.068812 -0.113992 0.066576
v 0.068001 -0.113648 0.075421
v 0.061970 -0.121350 0.027569
v 0.063780 -0.122773 0.042052
v 0.064722 -0.123878 0.055417
v 0.064825 -0.124386 0.066857
v 0.064121 -0.124018 0.075567
v -0.021966 -0.115337 -0.051933
v -0.022303 -0.108777 -0.055543
v -0.017581 -0.100884 -0.058683
v -0.017954 -0.093469 -0.060818
v -0.019674 -0.085834 -0.062317
v -0.008740 -0.112658 -0.052605
v -0.012458 -0.107096 -0.055856
v -0.008800 -0.085866 -0.061982
v 0.004756 -0.103227 -0.055793
v 0.007686 -0.097210 -0.057754
v 0.007075 -0.090486 -0.059690
v 0.006704 -0.085944 -0.060666
v 0.010624 -0.107587 -0.052857
v 0.065887 -0.100717 0.010825
v 0.066274 -0.084491 0.001080
v 0.070092 -0.079030 0.015091
v 0.068070 -0.087458 0.010114
v 0.063547 -0.085582 -0.007882
v 0.052567 -0.085553 -0.032987
v 0.058744 -0.085638 -0.020821
v 0.052536 -0.095956 -0.029457
v 0.057760 -0.097802 -0.017634
v 0.062237 -0.099359 -0.003967
v 0.050072 -0.105634 -0.028322
v 0.055074 -0.107818 -0.016540
v 0.059413 -0.109617 -0.002962
v 0.062992 -0.111150 0.011704
v 0.046873 -0.113473 -0.026879
v 0.051632 -0.116030 -0.015141
v 0.055804 -0.118095 -0.001708
v 0.059284 -0.119817 0.012752
v 0.028008 -0.085716 -0.055232
v 0.028058 -0.092676 -0.053980
v 0.022392 -0.086119 -0.057461
v 0.023251 -0.096638 -0.054852
v 0.017672 -0.097738 -0.055989
v 0.016158 -0.086173 -0.059115
v 0.027960 -0.099104 -0.052292
v 0.021866 -0.103237 -0.052757
v 0.047011 -0.085708 -0.040584
v 0.046935 -0.092240 -0.039029
v 0.040938 -0.086076 -0.046833
v 0.034387 -0.085932 -0.051738
v 0.033228 -0.097300 -0.050097
v 0.039617 -0.096728 -0.045407
v 0.045547 -0.099335 -0.038269
v 0.038241 -0.102197 -0.044548
v 0.043813 -0.105250 -0.037388
v 0.031638 -0.103111 -0.048806
v 0.036435 -0.106769 -0.043667
v 0.041683 -0.110332 -0.036387
v -0.092678 0.156597 0.083928
v -0.105916 0.153147 0.083948
v -0.050446 0.153000 0.085000
v -0.085916 0.152881 0.084974
v -0.090234 0.154188 0.084752
v -0.103480 0.159301 0.079027
v -0.094251 0.162324 0.077229
v -0.102351 0.160754 0.076207
v -0.093561 0.158478 0.082784
v -0.093913 0.160216 0.081040
v -0.103179 0.157928 0.081176
v -0.112513 0.157446 0.076147
v -0.112197 0.156255 0.079069
v -0.110497 0.146600 0.084931
v -0.115072 0.153183 0.081516
v -0.088873 0.165230 0.059863
v -0.090959 0.164707 0.066322
v -0.082418 0.165523 0.051171
v -0.072858 0.165203 0.040634
v -0.089133 0.164473 0.046361
v -0.060271 0.164336 0.033966
v -0.087727 0.163198 0.034460
v -0.102406 0.162295 0.068131
v -0.092408 0.163913 0.071398
v -0.099264 0.161379 0.034208
v -0.109284 0.158604 0.033965
v -0.100821 0.162512 0.046122
v -0.110980 0.159617 0.045903
v -0.101882 0.162849 0.057766
v -0.112113 0.159800 0.057595
v -0.112639 0.159096 0.068019
v 0.017108 0.151142 0.084917
v 0.007778 0.152889 0.084963
v 0.012952 0.156799 0.083815
v 0.011742 0.155484 0.084337
v 0.018583 0.157684 0.082284
v 0.013592 0.158663 0.082324
v 0.013829 0.159807 0.080790
v 0.019468 0.159334 0.079111
v 0.013703 0.161141 0.077564
v 0.019715 0.160025 0.076209
v 0.032444 0.155496 0.078006
v 0.031698 0.154178 0.081244
v 0.031111 0.152860 0.082827
v 0.032706 0.150424 0.083873
v 0.034509 0.145248 0.084856
v -0.037026 0.155715 0.001623
v -0.053713 0.155967 0.000891
v -0.071133 0.155685 0.001272
v -0.066846 0.150979 -0.009572
v -0.083268 0.149204 -0.009137
v -0.056588 0.162339 0.023253
v -0.039765 0.162907 0.029745
v -0.037427 0.161385 0.022774
v -0.055249 0.159615 0.011995
v -0.073425 0.159373 0.012124
v -0.075344 0.162100 0.023180
v -0.088753 0.160840 0.022478
v -0.104242 0.154120 0.011824
v -0.107052 0.156794 0.022604
v -0.097592 0.156132 0.011933
v -0.100211 0.158834 0.022764
v -0.090143 0.157651 0.012029
v -0.037821 0.150493 -0.011029
v -0.036776 0.158708 0.011527
v -0.051976 0.151111 -0.010244
v -0.100796 0.150488 0.001425
v -0.094381 0.152459 0.001433
v -0.087205 0.153958 0.001418
v -0.096654 0.145808 -0.008793
v -0.090521 0.147692 -0.008948
v -0.001831 0.158089 0.026043
v -0.001744 0.161654 0.045439
v 0.007699 0.158771 0.038736
v 0.012594 0.161968 0.071569
v 0.021619 0.159775 0.068083
v 0.009828 0.162099 0.063373
v 0.021201 0.158441 0.054836
v 0.007855 0.161923 0.057706
v 0.031971 0.154560 0.053443
v 0.032537 0.156226 0.069652
v 0.028014 0.149434 0.022042
v 0.021274 0.154002 0.031832
v -0.019240 0.153329 -0.000936
v -0.019581 0.148537 -0.012409
v -0.018940 0.159673 0.022394
v -0.016856 0.161843 0.034973
v 0.020952 0.151277 0.019480
v -0.019038 0.156921 0.010637
v -0.004997 0.145959 -0.013961
v -0.003653 0.150696 -0.002427
v -0.002554 0.154266 0.009365
v 0.022672 0.143298 -0.005004
v 0.019401 0.138424 -0.017897
v 0.010350 0.147192 -0.004241
v 0.008091 0.142576 -0.015798
v 0.012287 0.150697 0.007782
v 0.025094 0.146164 0.005957
v 0.013930 0.153453 0.020177
v -0.138383 0.133787 0.078961
v -0.138815 0.134871 0.075985
v -0.143499 0.125277 0.075906
v -0.127795 0.140362 0.083886
v -0.128862 0.132991 0.084912
v -0.121638 0.140371 0.084861
v -0.119073 0.147174 0.083896
v -0.134672 0.132055 0.083846
v -0.138407 0.117833 0.084863
v -0.133870 0.140713 0.078780
v -0.133267 0.139333 0.081145
v -0.142689 0.123531 0.080490
v -0.137705 0.131510 0.081983
v -0.118353 0.153368 0.079047
v -0.118704 0.154564 0.076114
v -0.123672 0.150087 0.079028
v -0.124051 0.151276 0.076086
v -0.128245 0.146450 0.079012
v -0.128644 0.147623 0.076062
v -0.134416 0.141561 0.075901
v -0.125380 0.147112 0.081243
v -0.141011 0.120778 0.083582
v -0.117781 0.137633 0.085000
v -0.143656 0.126808 0.067556
v -0.142872 0.127643 0.056844
v -0.138988 0.136483 0.067708
v -0.141204 0.127753 0.044821
v -0.138277 0.137331 0.057096
v -0.138712 0.127109 0.032534
v -0.136742 0.137400 0.045196
v -0.136117 0.141032 0.067763
v -0.132763 0.145329 0.067811
v -0.128832 0.149328 0.067855
v -0.124230 0.152986 0.067902
v -0.118864 0.156257 0.067955
v -0.135446 0.141888 0.057188
v -0.132131 0.146186 0.057267
v -0.128237 0.150177 0.057340
v -0.123666 0.153809 0.057414
v -0.118324 0.157034 0.057497
v -0.133981 0.141939 0.045333
v -0.130738 0.146216 0.045450
v -0.126914 0.150177 0.045556
v -0.122411 0.153767 0.045660
v -0.117132 0.156931 0.045773
v -0.134445 0.136674 0.033052
v -0.131784 0.141177 0.033244
v -0.128640 0.145417 0.033405
v -0.124917 0.149337 0.033546
v -0.120515 0.152879 0.033679
v -0.115336 0.155987 0.033815
v -0.152452 0.085285 0.075514
v -0.154020 0.062609 0.075401
v -0.153223 0.061777 0.079887
v -0.150210 0.102096 0.075651
v -0.151601 0.084230 0.080142
v -0.147242 0.114831 0.075790
v -0.149384 0.100802 0.080198
v -0.146440 0.113394 0.080255
v -0.151314 0.060377 0.083400
v -0.149639 0.082809 0.083516
v -0.148704 0.049215 0.084846
v -0.145483 0.090889 0.084856
v -0.147457 0.098912 0.083528
v -0.144550 0.111215 0.083538
v -0.144783 0.117318 0.044279
v -0.142104 0.116781 0.031797
v -0.147639 0.104569 0.043643
v -0.144791 0.104155 0.030940
v -0.149811 0.087588 0.043015
v -0.146819 0.087300 0.030097
v -0.151338 0.064455 0.042498
v -0.148236 0.064281 0.029406
v -0.146562 0.117141 0.056476
v -0.149510 0.104321 0.056040
v -0.151752 0.087299 0.055608
v -0.153327 0.064190 0.055253
v -0.147397 0.116296 0.067332
v -0.150375 0.103475 0.067065
v -0.152634 0.086506 0.066801
v -0.154217 0.063552 0.066583
v -0.135460 0.125699 0.020858
v -0.131540 0.123586 0.009969
v -0.131444 0.135149 0.021529
v -0.127048 0.120852 -0.000129
v -0.126749 0.135025 0.010902
v -0.122084 0.117578 -0.009436
v -0.122531 0.131958 0.000826
v -0.128906 0.139599 0.021777
v -0.125886 0.143789 0.021982
v -0.122287 0.147662 0.022156
v -0.118013 0.151158 0.022310
v -0.112967 0.154222 0.022455
v -0.122481 0.141342 0.011265
v -0.119013 0.145143 0.011444
v -0.114880 0.148577 0.011589
v -0.109987 0.151588 0.011712
v -0.118418 0.138086 0.001142
v -0.115069 0.141770 0.001274
v -0.111073 0.145099 0.001356
v -0.106344 0.148023 0.001402
v -0.117534 0.128506 -0.008633
v -0.111761 0.136310 -0.008484
v -0.106551 0.140688 -0.008553
v -0.101984 0.143463 -0.008658
v -0.154065 0.031956 0.080167
v -0.154956 0.033218 0.075330
v -0.155268 0.000000 0.075307
v -0.153091 -0.061636 0.080282
v -0.154128 -0.032613 0.079937
v -0.152768 -0.032229 0.082639
v -0.151856 -0.060766 0.082656
v -0.151157 -0.051765 0.083812
v -0.147540 -0.071324 0.084851
v -0.154018 0.000000 0.080910
v -0.152768 0.032229 0.082639
v -0.151943 0.017871 0.083802
v -0.149204 -0.017836 0.084886
v -0.154956 -0.033218 0.075330
v -0.154020 -0.062609 0.075401
v 0.058053 0.117152 0.084910
v -0.011768 0.129234 0.085000
v -0.155163 0.033732 0.066447
v -0.154269 0.034088 0.055032
v -0.152250 0.034245 0.042177
v -0.149082 0.034165 0.028977
v -0.155478 0.000000 0.066402
v -0.154583 0.000000 0.054958
v -0.152554 0.000000 0.042071
v -0.149364 0.000000 0.028834
v -0.155163 -0.033732 0.066447
v -0.154269 -0.034088 0.055032
v -0.152250 -0.034245 0.042177
v -0.149082 -0.034165 0.028977
v -0.154217 -0.063552 0.066583
v -0.153327 -0.064190 0.055253
v -0.151338 -0.064455 0.042498
v -0.148236 -0.064281 0.029406
v -0.144061 0.063629 0.016904
v -0.139042 0.062566 0.005282
v -0.142821 0.086392 0.017773
v -0.133463 0.061188 -0.005333
v -0.138024 0.084950 0.006314
v -0.141021 0.103044 0.018834
v -0.138590 0.115505 0.019918
v -0.136503 0.101323 0.007573
v -0.134375 0.113573 0.008858
v -0.132676 0.083089 -0.004170
v -0.131440 0.099111 -0.002760
v -0.129612 0.111087 -0.001335
v -0.126819 0.061809 -0.015837
v -0.127025 0.080926 -0.013569
v -0.126038 0.096526 -0.012080
v -0.124454 0.108154 -0.010613
v -0.092802 0.140711 -0.017648
v -0.099228 0.136915 -0.018182
v -0.097889 0.127690 -0.026968
v -0.092760 0.120253 -0.034881
v -0.104240 0.122081 -0.026004
v -0.097724 0.116941 -0.033550
v -0.103884 0.110906 -0.031784
v -0.108915 0.115606 -0.025317
v -0.101061 0.106287 -0.035741
v -0.094400 0.111055 -0.038344
v -0.086935 0.114530 -0.040879
v -0.086492 0.123161 -0.036290
v -0.088752 0.132853 -0.027885
v -0.107867 0.101459 -0.031755
v -0.113227 0.105368 -0.025359
v -0.116784 0.113874 -0.017904
v -0.112444 0.123611 -0.017582
v -0.106816 0.130947 -0.017788
v -0.079544 0.120128 -0.041019
v -0.078822 0.114916 -0.044102
v -0.080139 0.125627 -0.037250
v 0.039840 0.148525 0.082813
v 0.043566 0.143878 0.083868
v 0.053982 0.139715 0.078643
v 0.054541 0.140154 0.075724
v 0.048708 0.146030 0.075904
v 0.049901 0.137883 0.083855
v 0.049714 0.132650 0.084862
v 0.054895 0.131334 0.083864
v 0.037811 0.151279 0.081217
v 0.038310 0.152281 0.078993
v 0.043113 0.148015 0.081190
v 0.048986 0.141482 0.082696
v 0.059239 0.133447 0.075707
v 0.058657 0.132858 0.078774
v 0.063025 0.123151 0.080118
v 0.060626 0.120289 0.083821
v 0.061707 0.121528 0.082697
v 0.055861 0.132680 0.082817
v 0.056724 0.133850 0.081227
v 0.049736 0.142728 0.081020
v 0.048288 0.145384 0.078907
v 0.043661 0.148999 0.078950
v 0.043960 0.149703 0.075970
v 0.038640 0.152941 0.076033
v -0.144571 -0.095648 0.084854
v -0.140497 -0.112084 0.084853
v -0.149756 -0.081628 0.083516
v -0.151623 -0.083923 0.080163
v -0.152452 -0.085285 0.075514
v -0.147600 -0.098113 0.083528
v -0.149411 -0.100586 0.080227
v -0.150210 -0.102096 0.075651
v -0.144747 -0.110535 0.083537
v -0.146481 -0.113207 0.080283
v -0.147242 -0.114831 0.075790
v -0.141098 -0.121139 0.083440
v -0.142799 -0.123761 0.080108
v -0.143499 -0.125277 0.075906
v -0.110519 -0.152385 0.083570
v -0.119775 -0.146741 0.083888
v -0.138815 -0.134871 0.075985
v -0.109115 -0.148791 0.084738
v -0.117053 -0.143417 0.084878
v -0.128310 -0.139842 0.083886
v -0.129736 -0.132639 0.084865
v -0.134790 -0.131796 0.083861
v -0.128245 -0.146450 0.079012
v -0.124051 -0.151276 0.076086
v -0.123672 -0.150087 0.079028
v -0.118704 -0.154564 0.076114
v -0.118353 -0.153368 0.079047
v -0.112513 -0.157446 0.076147
v -0.112219 -0.156329 0.078923
v -0.131556 -0.141168 0.081219
v -0.125111 -0.147324 0.081234
v -0.117838 -0.151963 0.081251
v -0.109321 -0.155685 0.081443
v -0.137186 -0.135724 0.079192
v -0.134045 -0.142030 0.075902
v -0.132162 -0.142496 0.078996
v -0.128644 -0.147623 0.076062
v -0.136927 -0.131151 0.082799
v -0.136615 -0.134230 0.081436
v -0.109397 -0.142448 0.085000
v -0.119668 -0.136228 0.085000
v -0.128426 -0.127238 0.085000
v -0.143656 -0.126808 0.067556
v -0.147397 -0.116296 0.067332
v -0.150375 -0.103475 0.067065
v -0.152634 -0.086506 0.066801
v -0.142872 -0.127643 0.056844
v -0.146562 -0.117141 0.056476
v -0.149510 -0.104321 0.056040
v -0.151752 -0.087299 0.055608
v -0.141204 -0.127753 0.044821
v -0.144783 -0.117318 0.044279
v -0.147639 -0.104569 0.043643
v -0.149811 -0.087588 0.043015
v -0.138712 -0.127109 0.032534
v -0.142104 -0.116781 0.031797
v -0.144791 -0.104155 0.030940
v -0.146819 -0.087300 0.030097
v -0.132204 0.044505 -0.008583
v -0.133463 -0.061188 -0.005333
v -0.132661 -0.037243 -0.008091
v -0.130334 -0.053046 -0.011131
v -0.139643 -0.033258 0.004642
v -0.139042 -0.062566 0.005282
v -0.144797 -0.033823 0.016366
v -0.144061 -0.063629 0.016904
v -0.145043 0.000000 0.016187
v -0.139843 0.000000 0.004429
v -0.132814 0.000805 -0.008483
v -0.144797 0.033823 0.016366
v -0.139643 0.033258 0.004642
v -0.109031 0.080259 -0.034630
v -0.108784 0.088729 -0.033670
v -0.102473 0.083148 -0.039519
v -0.120253 0.072366 -0.023903
v -0.115433 0.076251 -0.028859
v -0.114723 0.091000 -0.027506
v -0.119052 0.104918 -0.018916
v -0.102294 0.098643 -0.037034
v -0.101695 0.089993 -0.039172
v -0.120461 0.093722 -0.020324
v -0.075387 0.108789 -0.047812
v -0.088522 0.085825 -0.047598
v -0.095847 0.085129 -0.043743
v -0.072196 0.093707 -0.052816
v -0.071150 0.085608 -0.054393
v -0.080698 0.085573 -0.051007
v -0.098035 0.098691 -0.040016
v -0.090751 0.101452 -0.043608
v -0.081601 0.097803 -0.048667
v -0.073632 0.101697 -0.050595
v -0.084113 0.106711 -0.045169
v -0.048084 0.137098 -0.032249
v -0.034039 0.136241 -0.033397
v -0.033470 0.127138 -0.043151
v -0.069108 0.122089 -0.042987
v -0.067346 0.116900 -0.046542
v -0.044576 0.117584 -0.049980
v -0.056196 0.117663 -0.048423
v -0.045351 0.122953 -0.046230
v -0.057511 0.122989 -0.044739
v -0.046206 0.128000 -0.041971
v -0.058955 0.127983 -0.040565
v -0.062097 0.136962 -0.031058
v -0.065348 0.144580 -0.020524
v -0.050057 0.144821 -0.021459
v -0.034687 0.143985 -0.022526
v -0.082566 0.142390 -0.019772
v -0.078002 0.135141 -0.029666
v -0.071046 0.126942 -0.038968
v -0.033012 0.116770 -0.051159
v -0.033225 0.122107 -0.047412
v 0.059492 0.133202 0.055875
v 0.038167 0.152228 0.056991
v 0.038746 0.153171 0.067768
v 0.043644 0.149004 0.056770
v 0.044201 0.149899 0.067642
v 0.048447 0.145466 0.056548
v 0.048954 0.146299 0.067516
v 0.054469 0.139807 0.056263
v 0.054824 0.140581 0.067340
v 0.059754 0.133823 0.067128
v 0.036409 0.149911 0.040229
v 0.042666 0.146172 0.039307
v 0.047244 0.143892 0.043834
v 0.050409 0.137510 0.029209
v 0.053263 0.138425 0.043300
v 0.057608 0.129082 0.028852
v 0.058433 0.131924 0.042757
v 0.066845 0.112836 0.080055
v 0.064677 0.111095 0.083484
v 0.061776 0.107624 0.084851
v 0.069835 0.100271 0.079999
v 0.067614 0.098800 0.083475
v 0.065510 0.090968 0.084850
v 0.072071 0.083749 0.079950
v 0.069813 0.082715 0.083466
v 0.073623 0.061568 0.079911
v 0.072119 0.060623 0.082571
v 0.071341 0.052638 0.083738
v 0.068752 0.049305 0.084842
v -0.045220 -0.153000 0.085000
v -0.070856 -0.138123 0.085000
v -0.099203 -0.146253 0.085000
v -0.078821 -0.150581 0.085000
v -0.094325 -0.162096 0.077768
v -0.103215 -0.159357 0.079072
v -0.089306 -0.153838 0.084779
v -0.090884 -0.153977 0.084795
v -0.093078 -0.156957 0.083808
v -0.093691 -0.158814 0.082505
v -0.099080 -0.158877 0.081297
v -0.093967 -0.160264 0.080967
v -0.102351 -0.160754 0.076207
v -0.112639 -0.159096 0.068019
v -0.112113 -0.159800 0.057595
v -0.118864 -0.156257 0.067955
v -0.110980 -0.159617 0.045903
v -0.118324 -0.157034 0.057497
v -0.109284 -0.158604 0.033965
v -0.117132 -0.156931 0.045773
v -0.124230 -0.152986 0.067902
v -0.128832 -0.149328 0.067855
v -0.132763 -0.145329 0.067811
v -0.137818 -0.138609 0.067698
v -0.123666 -0.153809 0.057414
v -0.128237 -0.150177 0.057340
v -0.132131 -0.146186 0.057267
v -0.137102 -0.139487 0.057083
v -0.122411 -0.153767 0.045660
v -0.126914 -0.150177 0.045556
v -0.130738 -0.146216 0.045450
v -0.135576 -0.139572 0.045200
v -0.115336 -0.155988 0.033815
v -0.120515 -0.152879 0.033679
v -0.124917 -0.149337 0.033546
v -0.128640 -0.145417 0.033405
v -0.133306 -0.138850 0.033092
v -0.127025 -0.080926 -0.013569
v -0.132676 -0.083089 -0.004170
v -0.124454 -0.108154 -0.010613
v -0.122084 -0.117578 -0.009436
v -0.129612 -0.111087 -0.001335
v -0.127048 -0.120852 -0.000129
v -0.134375 -0.113573 0.008858
v -0.131540 -0.123586 0.009969
v -0.138590 -0.115505 0.019918
v -0.135460 -0.125699 0.020858
v -0.126038 -0.096526 -0.012080
v -0.131440 -0.099111 -0.002760
v -0.136503 -0.101323 0.007573
v -0.141021 -0.103044 0.018834
v -0.138024 -0.084950 0.006314
v -0.142821 -0.086392 0.017773
v -0.043772 0.110692 -0.053735
v -0.032802 0.109943 -0.054904
v -0.043100 0.103148 -0.056740
v -0.032638 0.102488 -0.057892
v -0.042545 0.094753 -0.059091
v -0.032514 0.094197 -0.060224
v -0.045118 0.085732 -0.060403
v -0.032429 0.085785 -0.061852
v -0.054826 0.110804 -0.052125
v -0.053671 0.103276 -0.055101
v -0.052714 0.094884 -0.057444
v -0.065513 0.110198 -0.050131
v -0.063975 0.102813 -0.053034
v -0.062703 0.094548 -0.055335
v -0.058734 0.085665 -0.057766
v 0.005519 0.136572 -0.026753
v 0.016023 0.132756 -0.028547
v 0.008764 0.127461 -0.037426
v 0.004548 0.119537 -0.045807
v 0.004118 0.114486 -0.049680
v 0.001412 0.110432 -0.052633
v -0.006596 0.139769 -0.025159
v -0.014755 0.133537 -0.035126
v -0.016672 0.124683 -0.044539
v -0.017231 0.119703 -0.048688
v -0.017833 0.114585 -0.052245
v -0.020079 0.142267 -0.023754
v 0.041049 0.141665 0.017691
v 0.033174 0.146111 0.017984
v 0.033081 0.142245 0.004544
v 0.053955 0.128557 0.014128
v 0.050627 0.126580 0.000011
v 0.042784 0.135275 0.002089
v 0.059284 0.119817 0.012752
v 0.055804 0.118095 -0.001708
v 0.032380 0.137528 -0.008611
v 0.028739 0.133516 -0.020209
v 0.040367 0.131326 -0.010951
v 0.051632 0.116030 -0.015141
v 0.046873 0.113473 -0.026879
v 0.046687 0.124171 -0.013183
v 0.042227 0.121130 -0.024869
v 0.036266 0.127781 -0.022590
v 0.047101 0.136342 0.015640
v 0.069365 -0.017721 0.084847
v 0.072112 -0.017861 0.083760
v 0.074615 0.032390 0.079753
v 0.073036 0.032152 0.082557
v 0.074426 0.000000 0.080769
v 0.073644 -0.061065 0.079921
v 0.074535 -0.031746 0.079990
v 0.071446 -0.059224 0.083456
v 0.073036 -0.032152 0.082557
v 0.067583 -0.071392 0.084846
v 0.031320 -0.146310 0.084908
v 0.041373 -0.139952 0.084952
v 0.050832 -0.130871 0.084882
v 0.020760 -0.159766 0.076223
v 0.032444 -0.155866 0.076098
v 0.032150 -0.155196 0.079036
v 0.017992 -0.159254 0.080360
v 0.013890 -0.160074 0.080327
v 0.013649 -0.161238 0.077151
v 0.018606 -0.156935 0.082854
v 0.013596 -0.158821 0.082138
v 0.012842 -0.156919 0.083719
v 0.018028 -0.155329 0.083901
v 0.010273 -0.153514 0.084858
v 0.031698 -0.154178 0.081244
v 0.033807 -0.151655 0.082919
v 0.033082 -0.150150 0.083911
v -0.092575 -0.163906 0.071663
v -0.102406 -0.162295 0.068131
v -0.101882 -0.162849 0.057766
v -0.090514 -0.164810 0.065357
v -0.088334 -0.165297 0.058869
v -0.084309 -0.165505 0.053728
v -0.089133 -0.164473 0.046361
v -0.075517 -0.165341 0.044053
v -0.075061 -0.164184 0.034680
v -0.064711 -0.164685 0.036699
v -0.087727 -0.163198 0.034460
v -0.099264 -0.161379 0.034208
v -0.100821 -0.162512 0.046122
v -0.107052 -0.156794 0.022604
v -0.104242 -0.154120 0.011824
v -0.112967 -0.154222 0.022455
v -0.100796 -0.150488 0.001425
v -0.109987 -0.151588 0.011712
v -0.096174 -0.145948 -0.008889
v -0.106344 -0.148023 0.001402
v -0.118013 -0.151158 0.022310
v -0.122287 -0.147662 0.022156
v -0.125886 -0.143789 0.021982
v -0.130346 -0.137315 0.021596
v -0.114880 -0.148577 0.011589
v -0.119013 -0.145143 0.011444
v -0.122481 -0.141342 0.011265
v -0.126742 -0.134983 0.010842
v -0.111073 -0.145099 0.001356
v -0.116757 -0.140148 0.001216
v -0.122528 -0.131892 0.000766
v -0.101984 -0.143463 -0.008658
v -0.106551 -0.140688 -0.008553
v -0.112338 -0.135705 -0.008479
v -0.117913 -0.127964 -0.008551
v -0.108105 -0.100185 -0.031849
v -0.120867 -0.071923 -0.023245
v -0.114723 -0.091000 -0.027506
v -0.113480 -0.103287 -0.025752
v -0.110124 -0.113858 -0.025047
v -0.116784 -0.113874 -0.017904
v -0.119052 -0.104918 -0.018916
v -0.120461 -0.093722 -0.020324
v -0.109292 -0.080317 -0.034433
v -0.108784 -0.088729 -0.033670
v -0.116963 -0.074934 -0.027371
v 0.004756 0.103227 -0.055793
v -0.017587 0.107838 -0.055894
v -0.017814 0.100864 -0.058697
v 0.007625 0.097338 -0.057731
v -0.018084 0.092976 -0.060948
v 0.006795 0.090559 -0.059703
v -0.010608 0.085861 -0.062079
v 0.001996 0.085884 -0.061124
v -0.021478 0.085828 -0.062310
v 0.037391 0.117317 -0.034578
v 0.041683 0.110332 -0.036387
v 0.032537 0.112821 -0.042287
v 0.036435 0.106769 -0.043667
v 0.028113 0.107746 -0.048125
v 0.031638 0.103111 -0.048806
v 0.026418 0.100798 -0.052307
v 0.031805 0.123268 -0.032585
v 0.027299 0.117821 -0.040893
v 0.021621 0.112725 -0.047246
v 0.017997 0.105202 -0.052740
v 0.024746 0.128360 -0.030530
v 0.020665 0.122096 -0.039454
v 0.057760 0.097802 -0.017634
v 0.052536 0.095956 -0.029457
v 0.050072 0.105634 -0.028322
v 0.055074 0.107818 -0.016540
v 0.059413 0.109617 -0.002962
v 0.062237 0.099359 -0.003967
v 0.054974 0.085702 -0.028744
v 0.059678 0.085651 -0.018489
v 0.063848 0.085674 -0.006896
v 0.068040 0.083138 0.007163
v 0.065887 0.100717 0.010825
v 0.062992 0.111150 0.011704
v 0.072093 -0.083445 0.079970
v 0.069932 -0.081521 0.083466
v 0.069860 -0.100060 0.080029
v 0.067758 -0.097987 0.083477
v 0.064606 -0.095660 0.084848
v 0.066881 -0.112652 0.080092
v 0.064878 -0.110396 0.083487
v 0.060501 -0.112134 0.084847
v 0.063088 -0.122963 0.080154
v 0.061336 -0.120463 0.083426
v 0.049901 -0.137883 0.083855
v 0.043698 -0.143768 0.083873
v 0.038310 -0.152281 0.078993
v 0.042998 -0.150403 0.076009
v 0.043661 -0.148999 0.078950
v 0.050576 -0.143535 0.078521
v 0.051706 -0.143262 0.075866
v 0.058471 -0.134739 0.075703
v 0.037811 -0.151279 0.081217
v 0.044670 -0.145162 0.082799
v 0.045439 -0.146387 0.081190
v 0.052537 -0.137543 0.082683
v 0.053337 -0.138764 0.080995
v 0.055702 -0.137281 0.078819
v 0.058314 -0.132375 0.080220
v 0.055161 -0.131009 0.083842
v 0.057031 -0.130819 0.082731
v 0.021619 -0.159775 0.068083
v 0.032556 -0.156081 0.067369
v 0.005332 -0.161760 0.052828
v 0.009728 -0.162016 0.061288
v -0.008569 -0.161656 0.039605
v -0.002631 -0.158376 0.026800
v -0.022401 -0.162049 0.032857
v 0.021161 -0.158794 0.057537
v 0.012494 -0.162010 0.071046
v 0.031951 -0.155115 0.057211
v 0.030140 -0.152746 0.040437
v 0.020618 -0.155759 0.039354
v 0.013754 -0.154639 0.025001
v -0.053713 -0.155967 0.000891
v -0.055249 -0.159615 0.011995
v -0.073425 -0.159373 0.012124
v -0.066605 -0.150860 -0.009816
v -0.051976 -0.151111 -0.010244
v -0.051759 -0.163758 0.031930
v -0.056588 -0.162339 0.023253
v -0.037440 -0.161436 0.023020
v -0.035392 -0.162699 0.030910
v -0.078985 -0.161854 0.022679
v -0.090143 -0.157651 0.012029
v -0.097625 -0.159586 0.023141
v -0.097592 -0.156132 0.011933
v -0.036673 -0.158401 0.010350
v -0.035281 -0.150942 -0.009899
v -0.094381 -0.152459 0.001433
v -0.071133 -0.155685 0.001272
v -0.080999 -0.149561 -0.009199
v -0.087205 -0.153958 0.001418
v -0.090521 -0.147692 -0.008948
v -0.036082 -0.155099 0.000179
v -0.087453 -0.134241 -0.027156
v -0.089033 -0.141162 -0.018880
v -0.099189 -0.136798 -0.018315
v -0.104074 -0.122374 -0.025957
v -0.103088 -0.109205 -0.033178
v -0.097693 -0.127822 -0.026999
v -0.090874 -0.119977 -0.036135
v -0.091619 -0.131099 -0.027908
v -0.086492 -0.123161 -0.036290
v -0.083174 -0.127229 -0.034862
v -0.078271 -0.117991 -0.042767
v -0.097724 -0.116941 -0.033550
v -0.112623 -0.123804 -0.017281
v -0.106689 -0.131063 -0.017804
v 0.018276 0.100134 -0.054912
v 0.028121 0.085813 -0.055217
v 0.021059 0.086006 -0.057905
v 0.012721 0.085832 -0.059787
v 0.016655 0.094070 -0.057319
v 0.028140 0.096467 -0.053028
v 0.023298 0.096505 -0.054880
v 0.046103 0.096772 -0.038699
v 0.041784 0.085873 -0.046061
v 0.039617 0.096728 -0.045407
v 0.033352 0.097031 -0.050090
v 0.038241 0.102197 -0.044548
v 0.034525 0.086041 -0.051665
v 0.048853 0.085752 -0.038299
v 0.043813 0.105250 -0.037388
v 0.059492 -0.133202 0.055875
v 0.038167 -0.152228 0.056991
v 0.059754 -0.133823 0.067128
v 0.056304 -0.137542 0.056101
v 0.056656 -0.138234 0.067259
v 0.052645 -0.141638 0.056325
v 0.053081 -0.142402 0.067388
v 0.048447 -0.145466 0.056548
v 0.048954 -0.146299 0.067516
v 0.043644 -0.149004 0.056770
v 0.044201 -0.149899 0.067642
v 0.038746 -0.153171 0.067768
v 0.036368 -0.149718 0.039259
v 0.041819 -0.146750 0.039539
v 0.047244 -0.143892 0.043834
v 0.045869 -0.141639 0.030309
v 0.051165 -0.139381 0.038767
v 0.055185 -0.136165 0.043114
v 0.055626 -0.131296 0.027545
v 0.058433 -0.131924 0.042757
v 0.024794 -0.149960 0.019111
v -0.019240 -0.153329 -0.000936
v -0.019581 -0.148537 -0.012409
v 0.012287 -0.150697 0.007782
v -0.018940 -0.159673 0.022394
v -0.019038 -0.156921 0.010637
v -0.002554 -0.154266 0.009365
v 0.025094 -0.146164 0.005957
v 0.021914 -0.142330 -0.008089
v -0.003653 -0.150696 -0.002427
v -0.004997 -0.145959 -0.013961
v 0.008091 -0.142576 -0.015798
v 0.010350 -0.147192 -0.004241
v 0.019401 -0.138424 -0.017897
v -0.057511 -0.122989 -0.044739
v -0.050057 -0.144821 -0.021459
v -0.034687 -0.143985 -0.022526
v -0.048084 -0.137098 -0.032249
v -0.062097 -0.136962 -0.031058
v -0.046206 -0.128000 -0.041971
v -0.058955 -0.127983 -0.040565
v -0.045351 -0.122953 -0.046230
v -0.034039 -0.136241 -0.033397
v -0.033470 -0.127138 -0.043151
v -0.033225 -0.122107 -0.047412
v -0.072757 -0.126718 -0.038732
v -0.077942 -0.135088 -0.029708
v -0.065348 -0.144580 -0.020524
v -0.079598 -0.143044 -0.019687
v 0.028739 -0.133516 -0.020209
v 0.050627 -0.126580 0.000011
v 0.033174 -0.146111 0.017984
v 0.040619 -0.141565 0.016465
v 0.033574 -0.141834 0.004074
v 0.042818 -0.135027 0.001587
v 0.047101 -0.136342 0.015640
v 0.053955 -0.128557 0.014128
v 0.040367 -0.131326 -0.010951
v 0.042227 -0.121130 -0.024869
v 0.046687 -0.124171 -0.013183
v 0.032380 -0.137528 -0.008611
v 0.036266 -0.127781 -0.022590
v -0.020079 -0.142267 -0.023754
v -0.020685 -0.134560 -0.034506
v -0.021336 -0.125542 -0.044090
v -0.017021 -0.119661 -0.048700
v -0.006596 -0.139769 -0.025159
v -0.008334 -0.132188 -0.035619
v -0.010066 -0.123363 -0.044855
v 0.005519 -0.136572 -0.026753
v 0.002806 -0.129247 -0.036785
v 0.003635 -0.119853 -0.045691
v 0.003656 -0.114852 -0.049495
v 0.016023 -0.132756 -0.028547
v 0.012524 -0.125859 -0.038056
v 0.016809 -0.114821 -0.046910
v 0.024746 -0.128360 -0.030530
v 0.020665 -0.122096 -0.039454
v 0.031805 -0.123268 -0.032585
v 0.027299 -0.117821 -0.040893
v 0.023117 -0.111510 -0.047572
v 0.037391 -0.117317 -0.034578
v 0.032537 -0.112821 -0.042287
v 0.028113 -0.107746 -0.048125
v -0.090739 0.162713 0.071119
v -0.092463 0.159982 0.079819
v -0.091134 0.158631 0.073829
v -0.089173 0.163397 0.066316
v -0.087966 0.158567 0.064049
v -0.076655 0.160000 0.047415
v -0.081258 0.164109 0.052416
v -0.082707 0.159836 0.054413
v -0.083568 0.164128 0.055546
v -0.070035 0.159830 0.041873
v -0.072056 0.163778 0.043344
v -0.076923 0.164096 0.047547
v -0.062124 0.163197 0.037247
v -0.059786 0.160000 0.036371
v -0.068849 0.163675 0.041024
v -0.048771 0.159938 0.033171
v -0.048437 0.162132 0.033092
v -0.054709 0.163103 0.034341
v -0.020689 0.159999 0.036179
v -0.028250 0.160085 0.033851
v -0.032827 0.160369 0.032963
v -0.039998 0.160000 0.032500
v -0.037565 0.161435 0.032473
v -0.043731 0.161950 0.032502
v -0.084741 0.154994 0.068697
v -0.087893 0.154953 0.083468
v -0.069204 0.154999 0.047294
v -0.052839 0.154999 0.039065
v -0.034521 0.155000 0.082996
v -0.034579 0.154999 0.037613
v -0.017120 0.154999 0.043153
v 0.007564 0.154944 0.083475
v 0.005254 0.154995 0.070186
v -0.080106 0.155201 0.056830
v -0.003034 0.154999 0.054863
v 0.005750 -0.160406 0.059172
v 0.008313 -0.160041 0.064459
v 0.010759 -0.160784 0.070848
v -0.049885 -0.155137 0.037143
v -0.033341 -0.155000 0.082966
v -0.062881 -0.154999 0.043154
v -0.087565 -0.154947 0.083471
v -0.085347 -0.154996 0.070402
v -0.036224 -0.154999 0.037454
v -0.018584 -0.154999 0.042384
v 0.008297 -0.154974 0.083455
v -0.076966 -0.154999 0.054862
v -0.004103 -0.154999 0.053599
v 0.004825 -0.154991 0.068916
v -0.123486 0.038227 -0.007407
v -0.121435 0.035000 -0.001830
v -0.123453 -0.038451 -0.007397
v -0.121435 -0.035000 -0.001830
v -0.115462 -0.035005 0.010535
v -0.115056 0.035000 0.011180
v -0.106162 0.035078 0.024548
v -0.106083 -0.035227 0.024610
v -0.097596 -0.035000 0.034236
v -0.097596 0.035000 0.034236
v -0.088295 -0.035073 0.042804
v -0.088358 0.035265 0.042713
v -0.074564 0.035001 0.052300
v -0.074858 -0.035000 0.052108
v -0.060062 -0.035175 0.059598
v -0.059468 0.035178 0.059840
v -0.048331 -0.035000 0.063628
v -0.048331 0.035000 0.063628
v -0.035319 -0.035126 0.066606
v -0.035192 0.035095 0.066626
v -0.018489 -0.035121 0.068108
v -0.018319 0.035152 0.068113
v -0.005270 -0.035000 0.067475
v -0.005270 0.035000 0.067475
v 0.006885 -0.035270 0.065611
v 0.007167 0.035169 0.065546
v 0.022880 -0.035000 0.060840
v 0.022880 0.035000 0.060840
v 0.030516 0.035000 0.057392
v 0.068494 0.038020 0.037127
v 0.030516 -0.035000 0.057392
v 0.068617 -0.035236 0.037124
v 0.003822 -0.080002 0.020073
v 0.058889 -0.079979 -0.006180
v 0.049584 -0.080000 -0.028533
v -0.024290 -0.080000 0.023356
v -0.056884 -0.080001 0.010940
v -0.067985 -0.080000 -0.050442
v 0.036387 -0.079999 -0.044462
v -0.029233 -0.080000 -0.057604
v -0.086613 -0.079976 -0.043131
v -0.079188 -0.080001 -0.015871
v 0.017093 -0.079999 -0.054312
v 0.001317 0.080001 0.021066
v -0.086806 0.079985 -0.042870
v -0.067435 0.080000 -0.050609
v 0.015314 0.080000 -0.054482
v -0.071222 0.080003 -0.002199
v -0.034841 0.080002 0.021791
v 0.050840 0.080000 -0.025949
v 0.059445 0.079897 -0.004501
v -0.028343 0.080000 -0.057686
v 0.030097 0.080000 -0.048710
v 0.042631 0.080000 -0.038357
v 0.020095 0.066777 0.047875
v 0.067203 0.058699 0.030279
v 0.026975 0.059075 0.051441
v 0.067695 0.053087 0.033325
v 0.028908 0.052221 0.054367
v 0.068133 0.046206 0.035847
v 0.029774 0.044924 0.056590
v 0.064095 0.073911 0.014346
v 0.065612 0.068948 0.021311
v 0.018039 0.072879 0.040558
v 0.066561 0.063663 0.026550
v 0.061742 0.078061 0.004779
v 0.014340 0.076610 0.034322
v 0.013099 0.079035 0.026478
v 0.022576 0.043779 0.060031
v 0.021674 0.052221 0.057634
v 0.020210 0.060001 0.053742
v -0.115231 0.064857 -0.018775
v -0.113090 0.067518 -0.020784
v -0.109253 0.066820 -0.006862
v -0.092519 0.079358 -0.039467
v -0.090172 0.079123 -0.020832
v -0.103553 0.075614 -0.031541
v -0.093077 0.079135 -0.034637
v -0.099608 0.077817 -0.036891
v -0.122059 0.051771 -0.012153
v -0.119370 0.057121 -0.013198
v -0.114426 0.060001 -0.004726
v -0.118692 0.060490 -0.017030
v -0.122491 0.046284 -0.008619
v -0.118269 0.052221 -0.003138
v -0.120636 0.043779 -0.002160
v 0.008820 0.043779 0.064219
v -0.005359 0.043779 0.066615
v -0.019727 0.043779 0.067177
v -0.034049 0.043779 0.065898
v -0.048091 0.043779 0.062797
v -0.061620 0.043779 0.057926
v -0.074415 0.043779 0.051365
v -0.086266 0.043779 0.043222
v -0.096979 0.043779 0.033630
v -0.106377 0.043779 0.022746
v -0.114306 0.043779 0.010751
v -0.112084 0.052221 0.009478
v -0.104336 0.052221 0.021200
v -0.095152 0.052221 0.031835
v -0.084684 0.052221 0.041209
v -0.073103 0.052221 0.049166
v -0.060600 0.052221 0.055577
v -0.047379 0.052221 0.060337
v -0.033659 0.052221 0.063367
v -0.019663 0.052221 0.064617
v -0.005623 0.052221 0.064068
v 0.008232 0.052221 0.061727
v -0.108475 0.060001 0.007412
v -0.101021 0.060001 0.018690
v -0.092185 0.060001 0.028921
v -0.082114 0.060001 0.037939
v -0.070973 0.060001 0.045595
v -0.058943 0.060001 0.051763
v -0.046224 0.060001 0.056342
v -0.033024 0.060001 0.059257
v -0.019559 0.060001 0.060460
v -0.006051 0.060001 0.059931
v 0.007278 0.060001 0.057679
v -0.103618 0.066820 0.004632
v -0.096559 0.066820 0.015311
v -0.088193 0.066820 0.025000
v -0.078656 0.066820 0.033539
v -0.068105 0.066820 0.040789
v -0.056714 0.066820 0.046630
v -0.044670 0.066820 0.050966
v -0.032170 0.066820 0.053726
v -0.019419 0.066820 0.054866
v -0.006628 0.066820 0.054365
v 0.005995 0.066820 0.052232
v -0.109919 0.071614 -0.027329
v -0.106788 0.072416 -0.020759
v -0.102951 0.072416 -0.009466
v -0.097700 0.072416 0.001244
v -0.091123 0.072416 0.011194
v -0.083328 0.072416 0.020222
v -0.074442 0.072416 0.028178
v -0.064612 0.072416 0.034933
v -0.053998 0.072416 0.040375
v -0.042776 0.072416 0.044415
v -0.031129 0.072416 0.046987
v -0.019249 0.072416 0.048049
v -0.007331 0.072416 0.047582
v 0.004430 0.072416 0.045595
v -0.097428 0.076629 -0.016741
v -0.087934 0.076596 0.002477
v -0.073569 0.076596 0.018937
v -0.060625 0.076575 0.028252
v -0.045434 0.076596 0.035521
v -0.024077 0.076596 0.040120
v -0.002251 0.076596 0.039151
v -0.080755 0.079141 -0.001968
v -0.067752 0.079141 0.012816
v -0.051423 0.079141 0.023818
v -0.032838 0.079141 0.030319
v -0.013212 0.079141 0.031893
v 0.000709 0.079135 0.029806
v 0.012974 -0.079012 0.026623
v 0.019953 -0.073971 0.037525
v 0.063432 -0.075565 0.011159
v 0.015717 -0.076425 0.034163
v 0.061730 -0.078138 0.004339
v 0.060289 -0.079386 -0.001012
v 0.027573 -0.058684 0.051429
v 0.067454 -0.056348 0.031734
v 0.066727 -0.062515 0.027501
v 0.019883 -0.066753 0.047981
v 0.065895 -0.067417 0.022988
v 0.017476 -0.072459 0.041466
v 0.064970 -0.071296 0.018234
v 0.029519 -0.044728 0.056762
v 0.068359 -0.040403 0.036901
v 0.068022 -0.048000 0.035333
v 0.028908 -0.052221 0.054367
v 0.020210 -0.060001 0.053742
v 0.021674 -0.052221 0.057634
v 0.022576 -0.043779 0.060031
v -0.068795 -0.079141 0.011882
v -0.081867 -0.076596 0.010487
v -0.120636 -0.043779 -0.002160
v -0.122579 -0.046042 -0.008619
v -0.118269 -0.052221 -0.003138
v -0.121952 -0.052203 -0.012357
v -0.119384 -0.057092 -0.013186
v -0.114426 -0.060001 -0.004726
v -0.118614 -0.060588 -0.017075
v -0.116057 -0.064605 -0.020058
v -0.113028 -0.067795 -0.021567
v -0.106788 -0.072416 -0.020759
v -0.109902 -0.071590 -0.027276
v -0.104098 -0.075254 -0.030849
v -0.097493 -0.076663 -0.017228
v -0.097363 -0.078156 -0.036266
v -0.092682 -0.079368 -0.039498
v -0.089696 -0.079149 -0.020121
v -0.091123 -0.072416 0.011194
v -0.081527 -0.079141 -0.003137
v 0.004430 -0.072416 0.045595
v -0.103618 -0.066820 0.004632
v -0.097700 -0.072416 0.001244
v -0.090948 -0.076575 -0.002621
v -0.109253 -0.066820 -0.006862
v -0.102951 -0.072416 -0.009466
v -0.056300 -0.079135 0.021002
v -0.069634 -0.076575 0.022061
v -0.083328 -0.072416 0.020222
v -0.096559 -0.066820 0.015311
v -0.108475 -0.060001 0.007412
v -0.005623 -0.052221 0.064068
v 0.008232 -0.052221 0.061727
v 0.007278 -0.060001 0.057679
v -0.043658 -0.079141 0.027191
v -0.056298 -0.076596 0.030804
v -0.074442 -0.072416 0.028178
v -0.088193 -0.066820 0.025000
v -0.101021 -0.060001 0.018690
v -0.112084 -0.052221 0.009478
v 0.008820 -0.043779 0.064219
v -0.005359 -0.043779 0.066615
v -0.019727 -0.043779 0.067177
v -0.034049 -0.043779 0.065898
v -0.019663 -0.052221 0.064617
v -0.006051 -0.060001 0.059931
v 0.005995 -0.066820 0.052232
v -0.061620 -0.043779 0.057926
v -0.048091 -0.043779 0.062797
v -0.047379 -0.052221 0.060337
v -0.033659 -0.052221 0.063367
v -0.033024 -0.060001 0.059257
v -0.019559 -0.060001 0.060460
v -0.019419 -0.066820 0.054866
v -0.006628 -0.066820 0.054365
v -0.007331 -0.072416 0.047582
v -0.003138 -0.076596 0.039300
v 0.000709 -0.079135 0.029806
v -0.014612 -0.079141 0.031947
v -0.019054 -0.076575 0.040271
v -0.019249 -0.072416 0.048049
v -0.031129 -0.072416 0.046987
v -0.032170 -0.066820 0.053726
v -0.044670 -0.066820 0.050966
v -0.046224 -0.060001 0.056342
v -0.058943 -0.060001 0.051763
v -0.060600 -0.052221 0.055577
v -0.073103 -0.052221 0.049166
v -0.074415 -0.043779 0.051365
v -0.086266 -0.043779 0.043222
v -0.028653 -0.079135 0.030956
v -0.035781 -0.076596 0.038312
v -0.042776 -0.072416 0.044415
v -0.053998 -0.072416 0.040375
v -0.056714 -0.066820 0.046630
v -0.068105 -0.066820 0.040789
v -0.070973 -0.060001 0.045595
v -0.082114 -0.060001 0.037939
v -0.084684 -0.052221 0.041209
v -0.095152 -0.052221 0.031835
v -0.096979 -0.043779 0.033630
v -0.106377 -0.043779 0.022746
v -0.064612 -0.072416 0.034933
v -0.078656 -0.066820 0.033539
v -0.092185 -0.060001 0.028921
v -0.104336 -0.052221 0.021200
v -0.114306 -0.043779 0.010751
v 0.001988 0.083718 -0.061036
v 0.009835 0.081765 -0.059175
v 0.012741 0.083685 -0.059678
v 0.009862 0.080462 -0.057435
v 0.020975 0.083598 -0.057770
v 0.028571 0.083523 -0.054782
v 0.020705 0.081728 -0.056786
v 0.028149 0.081689 -0.053841
v 0.020255 0.080452 -0.055142
v 0.031049 0.080436 -0.050531
v -0.015931 0.080463 -0.059521
v -0.038164 0.080452 -0.058557
v -0.016306 0.081773 -0.061250
v -0.032342 0.081754 -0.060721
v -0.021477 0.083676 -0.062201
v -0.032420 0.083645 -0.061728
v -0.010613 0.083701 -0.061982
v 0.035417 0.083503 -0.050836
v 0.042174 0.083517 -0.045436
v 0.048926 0.083539 -0.037903
v 0.054919 0.083552 -0.028482
v 0.034855 0.081679 -0.049968
v 0.041508 0.081685 -0.044645
v 0.048149 0.081695 -0.037222
v 0.054053 0.081702 -0.027921
v 0.040415 0.080440 -0.043346
v 0.046869 0.080443 -0.036100
v 0.054368 0.080443 -0.023753
v -0.058079 0.080447 -0.054952
v -0.073928 0.080433 -0.050483
v -0.058464 0.081708 -0.056604
v -0.070783 0.081686 -0.053231
v -0.058696 0.083558 -0.057602
v -0.071093 0.083516 -0.054214
v -0.044935 0.081731 -0.059253
v -0.045135 0.083603 -0.060252
v 0.058567 0.081703 -0.018040
v 0.059518 0.083548 -0.018424
v 0.061507 0.080264 -0.004608
v 0.063307 0.081462 -0.004560
v 0.063857 0.083380 -0.006219
v -0.087407 0.080407 -0.044839
v -0.082785 0.081830 -0.048962
v -0.083570 0.083587 -0.049698
v 0.069968 0.069735 0.021352
v 0.067885 0.068831 0.021132
v 0.071464 0.071267 0.022162
v 0.065723 0.075401 0.011389
v 0.066848 0.072517 0.016277
v 0.063877 0.078459 0.004081
v 0.068174 0.075369 0.013548
v 0.065672 0.079653 0.003819
v 0.069524 0.077133 0.013942
v 0.066846 0.081498 0.003851
v -0.093745 0.079643 -0.041228
v -0.096202 0.080537 -0.041874
v -0.106275 0.077802 -0.035585
v -0.097582 0.082282 -0.042433
v 0.073099 0.062930 0.029914
v 0.071766 0.059189 0.030317
v 0.069524 0.058586 0.029863
v 0.071030 0.064399 0.026499
v 0.068847 0.063688 0.026107
v -0.125828 0.059869 -0.016608
v -0.123876 0.059104 -0.017214
v -0.121814 0.058579 -0.016921
v -0.120676 0.056729 -0.014864
v -0.120593 0.068577 -0.023069
v -0.110058 0.077970 -0.033628
v -0.120106 0.065633 -0.021928
v -0.115984 0.070730 -0.026626
v -0.118286 0.064775 -0.021435
v -0.114028 0.070054 -0.026346
v -0.106500 0.075803 -0.033531
v -0.116563 0.064501 -0.020320
v -0.113785 0.068104 -0.023659
v -0.105241 0.075170 -0.032220
v 0.070787 0.038470 0.036528
v 0.073151 0.038765 0.037114
v 0.074951 0.039168 0.038754
v 0.070476 0.046320 0.035255
v 0.070037 0.053059 0.032806
v 0.072809 0.046679 0.035810
v 0.072335 0.053500 0.033337
v 0.074572 0.047329 0.037355
v 0.074059 0.054309 0.034796
v 0.071233 -0.000009 0.036417
v 0.073598 -0.000009 0.037024
v 0.075393 -0.000009 0.038679
v 0.070813 -0.039130 0.036488
v 0.073162 -0.039311 0.037095
v 0.074938 -0.039605 0.038731
v -0.129554 0.048771 -0.011618
v -0.126293 0.052597 -0.013986
v -0.124189 0.052086 -0.013676
v -0.127856 0.046241 -0.011858
v -0.125666 0.045982 -0.011616
v -0.123769 0.045983 -0.010472
v -0.130863 0.039190 -0.009961
v -0.128782 0.038951 -0.010720
v -0.126570 0.038796 -0.010498
v -0.124667 0.038734 -0.009335
v 0.069786 -0.056090 0.031373
v 0.072066 -0.056483 0.031936
v 0.073792 -0.057207 0.033436
v 0.070417 -0.047440 0.034945
v 0.072754 -0.047646 0.035544
v 0.074531 -0.048029 0.037162
v -0.124867 -0.000000 -0.009601
v -0.124629 -0.038697 -0.009294
v -0.126768 -0.000000 -0.010785
v -0.126513 -0.038877 -0.010487
v -0.128996 -0.000000 -0.011020
v -0.128728 -0.039171 -0.010741
v -0.131103 -0.000000 -0.010259
v -0.130830 -0.039612 -0.009998
v 0.071540 -0.071086 0.022471
v 0.070349 -0.068044 0.023149
v 0.068215 -0.067267 0.022798
v 0.072843 -0.064405 0.028648
v 0.071220 -0.063209 0.027463
v 0.069021 -0.062529 0.027051
v -0.120676 -0.056730 -0.014865
v -0.124179 -0.052117 -0.013689
v -0.121746 -0.058726 -0.017007
v -0.126283 -0.052629 -0.014000
v -0.123726 -0.059433 -0.017408
v -0.129345 -0.049711 -0.011898
v -0.125524 -0.060531 -0.017000
v -0.123771 -0.045969 -0.010467
v -0.125650 -0.046065 -0.011636
v -0.127816 -0.046452 -0.011910
v 0.060860 -0.080420 -0.006790
v 0.062226 -0.081731 -0.008100
v 0.061911 -0.083561 -0.012065
v 0.065716 -0.082684 -0.000167
v 0.063190 -0.079183 0.001541
v 0.065685 -0.075561 0.011217
v 0.067184 -0.071437 0.017815
v 0.065027 -0.080326 0.001495
v 0.067654 -0.076557 0.011377
v 0.069230 -0.072371 0.018014
v 0.069050 -0.078160 0.012051
v 0.058071 -0.083550 -0.021857
v 0.055580 -0.080446 -0.020760
v 0.057132 -0.081704 -0.021444
v 0.049721 -0.080442 -0.032047
v 0.051267 -0.081695 -0.032782
v 0.052369 -0.083506 -0.032925
v -0.099706 -0.079735 -0.039814
v -0.107062 -0.077359 -0.034926
v -0.113785 -0.068104 -0.023659
v -0.105018 -0.075319 -0.032458
v -0.098117 -0.078447 -0.038191
v -0.118286 -0.064775 -0.021435
v -0.113731 -0.070344 -0.026652
v -0.106295 -0.075917 -0.033705
v -0.100179 -0.078649 -0.038400
v -0.120106 -0.065633 -0.021928
v -0.115386 -0.071299 -0.027231
v -0.118597 -0.071042 -0.025348
v -0.108876 -0.078458 -0.034533
v -0.101862 -0.081317 -0.039723
v 0.045849 -0.083531 -0.041586
v 0.040042 -0.083511 -0.047331
v 0.033836 -0.083504 -0.051849
v 0.027916 -0.083529 -0.055069
v 0.045079 -0.081694 -0.040905
v 0.039341 -0.081682 -0.046571
v 0.033286 -0.081680 -0.050975
v 0.024883 -0.081694 -0.055349
v 0.043811 -0.080443 -0.039783
v 0.035514 -0.080434 -0.047581
v 0.024067 -0.080441 -0.053842
v -0.090374 -0.083405 -0.046493
v -0.091381 -0.081395 -0.044713
v -0.090765 -0.080177 -0.043072
v 0.022905 -0.083576 -0.057111
v 0.011029 -0.080465 -0.057333
v 0.016094 -0.081758 -0.057985
v 0.016310 -0.083653 -0.058970
v 0.006600 -0.081795 -0.059586
v 0.006860 -0.083726 -0.060560
v -0.074177 -0.080436 -0.050382
v -0.074507 -0.081673 -0.052059
v -0.074717 -0.083499 -0.053085
v -0.016222 -0.080460 -0.059519
v -0.015848 -0.081760 -0.061227
v -0.008806 -0.083704 -0.061887
v -0.019674 -0.083681 -0.062209
v -0.038866 -0.080451 -0.058457
v -0.032342 -0.081754 -0.060721
v -0.032420 -0.083645 -0.061728
v -0.045027 -0.081732 -0.059222
v -0.045182 -0.083604 -0.060227
v -0.058275 -0.080446 -0.054923
v -0.058588 -0.081707 -0.056593
v -0.058779 -0.083557 -0.057601
v -0.068551 -0.158087 0.041397
v -0.088242 -0.155381 0.074303
v -0.085290 -0.155381 0.065239
v -0.080653 -0.155381 0.056910
v -0.074503 -0.155381 0.049627
v -0.067069 -0.155381 0.043660
v -0.058628 -0.155381 0.039232
v -0.040005 -0.155381 0.035587
v 0.011540 -0.156770 0.083183
v 0.009823 -0.156464 0.073942
v 0.012310 -0.158576 0.081278
v 0.012184 -0.160121 0.077542
v 0.010881 -0.158087 0.073707
v 0.007766 -0.158087 0.064147
v -0.006815 -0.160560 0.044054
v -0.001386 -0.160645 0.049102
v -0.003615 -0.158087 0.047683
v 0.002873 -0.158087 0.055363
v -0.011650 -0.160599 0.040577
v -0.011458 -0.158087 0.041391
v -0.015792 -0.160733 0.038177
v -0.020362 -0.158087 0.036722
v -0.029998 -0.158087 0.033849
v -0.092348 -0.158763 0.081349
v -0.090572 -0.155974 0.083230
v -0.091676 -0.157158 0.082700
v -0.089825 -0.156464 0.073952
v -0.089159 -0.155222 0.083413
v -0.030517 -0.155381 0.036505
v -0.021382 -0.155381 0.039228
v -0.012940 -0.155381 0.043655
v -0.005504 -0.155381 0.049620
v 0.000647 -0.155381 0.056902
v 0.005286 -0.155381 0.065230
v 0.008239 -0.155381 0.074293
v 0.010032 -0.155617 0.083331
v -0.030206 -0.156464 0.034913
v -0.020771 -0.156464 0.037726
v -0.012051 -0.156464 0.042298
v -0.004372 -0.156464 0.048459
v 0.001982 -0.156464 0.055980
v 0.006773 -0.156464 0.064581
v -0.040005 -0.156464 0.033964
v -0.040005 -0.158087 0.032881
v -0.050013 -0.158087 0.033851
v -0.049805 -0.156464 0.034915
v -0.059239 -0.156464 0.037730
v -0.067958 -0.156464 0.042303
v -0.075636 -0.156464 0.048466
v -0.076392 -0.158087 0.047690
v -0.082879 -0.158087 0.055372
v -0.081987 -0.156464 0.055988
v -0.086777 -0.156464 0.064590
v -0.050006 0.158087 0.033850
v -0.082877 0.158087 0.055369
v -0.039998 0.155381 0.035587
v -0.049487 0.155381 0.036506
v -0.058623 0.155381 0.039230
v -0.067065 0.155381 0.043658
v -0.074500 0.155381 0.049624
v -0.085289 0.155381 0.065237
v 0.009227 0.155222 0.083427
v 0.008242 0.155381 0.074305
v 0.011150 0.156444 0.083054
v 0.009826 0.156464 0.073954
v 0.012260 0.158491 0.081355
v 0.010884 0.158087 0.073719
v -0.088241 0.155381 0.074301
v -0.089421 0.155312 0.083419
v -0.089825 0.156464 0.073950
v -0.091141 0.156265 0.083486
v -0.091872 0.157424 0.082559
v -0.015501 0.160698 0.038332
v -0.020354 0.158087 0.036725
v -0.011854 0.160638 0.040435
v -0.011450 0.158087 0.041396
v -0.006384 0.160933 0.044243
v -0.003608 0.158087 0.047690
v -0.001333 0.160640 0.049157
v 0.007771 0.158087 0.064158
v 0.002880 0.158087 0.055373
v 0.002872 0.161088 0.054105
v 0.012196 0.160092 0.077676
v 0.005291 0.155381 0.065240
v 0.000653 0.155381 0.056911
v -0.005497 0.155381 0.049627
v -0.012932 0.155381 0.043660
v -0.021374 0.155381 0.039231
v -0.030509 0.155381 0.036507
v 0.006777 0.156464 0.064592
v 0.001988 0.156464 0.055989
v -0.004365 0.156464 0.048466
v -0.012043 0.156464 0.042303
v -0.020763 0.156464 0.037729
v -0.030198 0.156464 0.034915
v -0.029990 0.158087 0.033851
v -0.086776 0.156464 0.064588
v -0.081986 0.156464 0.055986
v -0.075633 0.156464 0.048463
v -0.076389 0.158087 0.047687
v -0.068547 0.158087 0.041394
v -0.067953 0.156464 0.042301
v -0.059234 0.156464 0.037728
v -0.059642 0.158087 0.036724
v -0.049798 0.156464 0.034914
v -0.039998 0.156464 0.033964
v -0.039998 0.158087 0.032881
v -0.062336 0.164055 0.036696
v -0.059071 0.164213 0.034377
v -0.070639 0.164611 0.041472
v -0.070892 0.165020 0.040747
v -0.077323 0.164936 0.047131
v -0.082750 0.165016 0.053294
v -0.086846 0.164306 0.060821
v -0.090763 0.163981 0.068853
v -0.092675 0.161770 0.077542
v -0.093424 0.162159 0.077571
v -0.046294 0.162903 0.032103
v -0.037910 0.162380 0.031825
v -0.046112 0.163294 0.031313
v -0.033938 0.162550 0.031265
v -0.025327 0.161450 0.034188
v -0.020060 0.160833 0.036218
v -0.019868 0.161530 0.035707
v -0.021829 0.161997 0.034057
v -0.031235 0.161672 0.032902
v -0.088760 0.154514 0.084276
v -0.087840 0.153796 0.084759
v -0.092969 0.159271 0.081694
v -0.035483 0.153983 0.084760
v -0.036828 0.154703 0.084105
v -0.012925 0.161342 0.039077
v -0.009334 0.161659 0.040252
v 0.006352 0.161278 0.059493
v -0.001053 0.161327 0.048624
v 0.001922 0.161734 0.050667
v 0.008912 0.160961 0.065391
v 0.010378 0.161709 0.067486
v 0.012746 0.160784 0.077489
v 0.008858 0.153926 0.084711
v 0.008772 0.154561 0.084235
v 0.012993 0.158967 0.081741
v 0.011120 0.155897 0.083836
v 0.008752 -0.160959 0.064996
v 0.007740 -0.161616 0.061234
v 0.008587 -0.162023 0.061064
v 0.012719 -0.161158 0.076302
v -0.023231 -0.162047 0.033526
v -0.020056 -0.161535 0.035631
v -0.013008 -0.161737 0.038110
v -0.013226 -0.161357 0.038888
v -0.005625 -0.161559 0.043817
v 0.001235 -0.161721 0.049867
v -0.001097 -0.161326 0.048578
v 0.002846 -0.161077 0.054075
v 0.009222 -0.154669 0.084201
v 0.009344 -0.154090 0.084653
v 0.012911 -0.159233 0.081212
v -0.035618 -0.162235 0.031897
v -0.026588 -0.161507 0.033839
v -0.036172 -0.153926 0.084788
v -0.031006 -0.154707 0.084087
v -0.053375 -0.163400 0.033445
v -0.064593 -0.164205 0.037755
v -0.044110 -0.163050 0.031600
v -0.040708 -0.154424 0.084408
v -0.092526 -0.162430 0.076084
v -0.093425 -0.162170 0.077538
v -0.088408 -0.164598 0.062844
v -0.082647 -0.165019 0.053121
v -0.074551 -0.164824 0.044500
v -0.088655 -0.154547 0.084246
v -0.093027 -0.159650 0.081256
v -0.091314 -0.155983 0.083872
vn 0.9963 0.0272 0.0816
vn 0.9652 -0.0324 0.2596
vn 0.9837 0.0235 0.1784
vn 0.9929 0.0018 0.1191
vn 0.9438 0.0155 0.3303
vn 0.9325 -0.0116 0.3611
vn 0.8832 0.0111 0.4688
vn 0.8789 -0.0016 0.4770
vn 0.6282 0.0077 0.7780
vn 0.6470 -0.0063 0.7624
vn 0.7344 -0.0006 0.6787
vn 0.7349 -0.0014 0.6782
vn 0.8055 -0.0226 0.5922
vn 0.8013 -0.0135 0.5982
vn 0.4226 0.0309 0.9058
vn 0.4838 0.0064 0.8752
vn 0.4864 0.0012 0.8737
vn 0.6097 -0.0142 0.7925
vn 0.1161 0.0283 0.9928
vn 0.1649 -0.0135 0.9862
vn 0.2712 0.0104 0.9625
vn 0.2786 0.0001 0.9604
vn 0.3276 -0.0360 0.9441
vn -0.2737 0.0144 0.9617
vn -0.2566 -0.0093 0.9665
vn -0.1257 -0.0101 0.9920
vn -0.1462 0.0199 0.9891
vn -0.0524 -0.0288 0.9982
vn 0.0384 -0.0046 0.9993
vn 0.0352 -0.0027 0.9994
vn -0.4937 0.0084 0.8696
vn -0.4858 0.0017 0.8741
vn -0.4332 0.0183 0.9011
vn -0.3963 -0.0170 0.9180
vn -0.7952 0.0158 0.6061
vn -0.7795 0.0023 0.6264
vn -0.7484 0.0178 0.6631
vn -0.7255 -0.0112 0.6882
vn -0.6309 0.0020 0.7759
vn -0.6352 0.0101 0.7723
vn -0.6087 -0.0183 0.7932
vn -0.9975 0.0191 0.0682
vn -0.9928 -0.0228 0.1175
vn -0.9823 -0.0128 0.1870
vn -0.9815 -0.0071 0.1913
vn -0.9439 0.0106 0.3300
vn -0.9361 -0.0222 0.3511
vn -0.8836 0.0028 0.4683
vn -0.8762 -0.0164 0.4816
vn -0.8535 -0.0262 0.5204
vn -0.9998 -0.0215 -0.0000
vn -0.9999 -0.0155 -0.0004
vn -0.9964 0.0188 -0.0832
vn -0.9609 -0.0213 -0.2761
vn -0.9850 -0.0076 -0.1722
vn -0.9821 0.0049 -0.1883
vn -0.9939 0.0004 -0.1102
vn -0.9438 0.0155 -0.3303
vn -0.9325 -0.0115 -0.3611
vn -0.8832 0.0111 -0.4688
vn -0.8789 -0.0016 -0.4770
vn -0.6282 0.0077 -0.7780
vn -0.6470 -0.0063 -0.7624
vn -0.7344 -0.0006 -0.6787
vn -0.7349 -0.0014 -0.6782
vn -0.8055 -0.0226 -0.5922
vn -0.8013 -0.0135 -0.5982
vn -0.4226 0.0309 -0.9058
vn -0.4838 0.0064 -0.8752
vn -0.4864 0.0012 -0.8737
vn -0.6097 -0.0142 -0.7925
vn -0.1161 0.0283 -0.9928
vn -0.1649 -0.0135 -0.9862
vn -0.2712 0.0104 -0.9625
vn -0.2786 0.0001 -0.9604
vn -0.3276 -0.0360 -0.9441
vn 0.2737 0.0145 -0.9617
vn 0.2566 -0.0093 -0.9665
vn 0.1257 -0.0101 -0.9920
vn 0.1462 0.0199 -0.9891
vn 0.0524 -0.0288 -0.9982
vn -0.0384 -0.0046 -0.9993
vn -0.0352 -0.0027 -0.9994
vn 0.4937 0.0084 -0.8696
vn 0.4858 0.0017 -0.8741
vn 0.4332 0.0183 -0.9011
vn 0.3963 -0.0170 -0.9180
vn 0.7952 0.0158 -0.6061
vn 0.7795 0.0023 -0.6264
vn 0.7484 0.0178 -0.6631
vn 0.7255 -0.0112 -0.6882
vn 0.6309 0.0020 -0.7759
vn 0.6352 0.0101 -0.7723
vn 0.6087 -0.0183 -0.7932
vn 0.9976 0.0148 -0.0682
vn 0.9933 -0.0234 -0.1136
vn 0.9823 -0.0128 -0.1870
vn 0.9815 -0.0071 -0.1913
vn 0.9439 0.0106 -0.3300
vn 0.9361 -0.0222 -0.3511
vn 0.8836 0.0028 -0.4683
vn 0.8763 -0.0164 -0.4816
vn 0.8535 -0.0262 -0.5204
vn 0.9999 -0.0166 -0.0000
vn 0.9998 -0.0190 -0.0002
vn -0.0000 -1.0000 -0.0002
vn -0.0000 -1.0000 -0.0000
vn 0.0001 -1.0000 -0.0000
vn -0.0000 -1.0000 0.0002
vn -0.0000 1.0000 -0.0000
vn -0.0001 1.0000 0.0001
vn 0.0001 1.0000 -0.0000
vn -0.0000 1.0000 0.0001
vn -0.0000 1.0000 -0.0001
vn -0.0000 1.0000 -0.0002
vn 0.1892 -0.9632 0.1909
vn 0.1257 -0.9687 0.2138
vn -0.2524 -0.9642 0.0813
vn -0.6582 -0.7482 0.0837
vn -0.8665 -0.4931 0.0771
vn -0.4523 -0.8881 0.0818
vn -0.6143 -0.7814 0.1097
vn -0.6115 -0.7838 0.1078
vn -0.3392 -0.9343 0.1096
vn -0.2570 -0.9628 0.0840
vn -0.0351 -0.9963 0.0781
vn -0.0486 -0.9944 0.0937
vn -0.1186 -0.9866 0.1117
vn -0.0751 -0.9963 0.0416
vn -0.0986 -0.9517 0.2907
vn -0.1120 -0.9736 0.1987
vn -0.1244 -0.9627 0.2405
vn -0.1891 -0.9629 0.1923
vn -0.1894 -0.9628 0.1928
vn -0.2290 -0.9629 0.1428
vn -0.8272 -0.4949 0.2661
vn -0.6599 -0.5751 0.4836
vn -0.5955 -0.5219 0.6107
vn -0.5146 -0.4602 0.7235
vn -0.3300 -0.4773 0.8145
vn -0.2376 -0.4972 0.8344
vn -0.5690 -0.7973 0.2017
vn -0.6245 -0.7292 0.2798
vn -0.6156 -0.7222 0.3154
vn -0.4911 -0.8156 0.3059
vn -0.5730 -0.7029 0.4215
vn -0.4441 -0.7859 0.4303
vn -0.4656 -0.7468 0.4748
vn -0.3739 -0.7787 0.5039
vn -0.3818 -0.7568 0.5306
vn -0.2931 -0.7811 0.5513
vn -0.2967 -0.7640 0.5729
vn -0.2742 -0.7375 0.6172
vn -0.1804 -0.8273 0.5320
vn -0.1751 -0.7137 0.6782
vn -0.3413 -0.9155 0.2128
vn -0.3410 -0.9157 0.2124
vn -0.2822 -0.9153 0.2873
vn -0.2556 -0.9345 0.2478
vn -0.2687 -0.8926 0.3621
vn -0.1830 -0.9282 0.3238
vn -0.1886 -0.9158 0.3547
vn -0.1291 -0.9155 0.3810
vn -0.1290 -0.9159 0.3800
vn -0.0255 -0.9981 0.0569
vn -0.0262 -0.9994 0.0220
vn -0.0440 -0.9987 0.0243
vn -0.1305 -0.9903 0.0476
vn -0.0205 -0.9872 0.1583
vn 0.0159 -0.8926 0.4506
vn 0.0221 -0.7791 0.6265
vn 0.0196 -0.7840 0.6204
vn 0.0516 -0.4961 0.8668
vn -0.0017 -0.9994 0.0336
vn 0.1403 -0.6165 0.7747
vn 0.1603 -0.5005 0.8508
vn 0.1330 -0.7483 0.6499
vn 0.1138 -0.7854 0.6084
vn 0.0738 -0.9158 0.3948
vn 0.0589 -0.9282 0.3673
vn 0.0364 -0.9736 0.2252
vn 0.0528 -0.9627 0.2655
vn 0.1042 -0.9517 0.2887
vn 0.1367 -0.9155 0.3783
vn 0.1362 -0.9159 0.3775
vn 0.2119 -0.7815 0.5869
vn 0.1860 -0.8140 0.5503
vn 0.2126 -0.9157 0.3409
vn 0.3016 -0.8217 0.4835
vn 0.3153 -0.7374 0.5974
vn 0.3927 -0.5086 0.7662
vn 0.1901 -0.9629 0.1915
vn 0.2834 -0.9155 0.2854
vn 0.4012 -0.7289 0.5548
vn 0.5058 -0.4920 0.7086
vn 0.4822 -0.1255 0.8670
vn 0.0204 -0.9944 0.1035
vn 0.0208 -0.9953 0.0948
vn 0.0778 -0.9895 0.1222
vn 0.0613 -0.9956 0.0716
vn 0.1124 -0.9908 0.0751
vn 0.0897 -0.9949 0.0454
vn 0.0483 -0.9985 0.0247
vn 0.0266 -0.9992 0.0309
vn 0.0232 -0.9993 0.0292
vn 0.0110 -0.9987 0.0504
vn 0.2560 -0.9640 0.0720
vn 0.2602 -0.9628 0.0722
vn 0.2296 -0.9629 0.1416
vn 0.2301 -0.9628 0.1418
vn 0.7571 -0.3518 0.5504
vn 0.6575 -0.6287 0.4152
vn 0.8310 -0.3327 0.4457
vn 0.7558 -0.5654 0.3303
vn 0.9043 -0.3583 0.2321
vn 0.7508 -0.6455 0.1404
vn 0.9535 -0.2794 0.1134
vn 0.5111 -0.7427 0.4327
vn 0.4923 -0.8093 0.3205
vn 0.5247 -0.7842 0.3313
vn 0.5666 -0.7854 0.2491
vn 0.6183 -0.7425 0.2577
vn 0.6221 -0.7532 0.2139
vn 0.5549 -0.8182 0.1504
vn 0.6657 -0.7360 0.1231
vn 0.5719 -0.8180 0.0619
vn 0.7771 -0.6293 0.0075
vn 0.3429 -0.9153 0.2113
vn 0.2985 -0.9345 0.1941
vn 0.4127 -0.8926 0.1815
vn 0.3471 -0.9330 0.0946
vn 0.3489 -0.9324 0.0946
vn 0.4461 -0.8940 0.0421
vn 0.1381 -0.9897 0.0365
vn -0.3776 -0.9159 0.1359
vn -0.5825 -0.7853 0.2098
vn -0.8698 -0.4546 0.1919
vn -0.9345 0.0481 0.3528
vn -0.4869 -0.1334 0.8632
vn -0.1067 -0.7453 0.6582
vn -0.0314 -0.9696 0.2429
vn -0.0278 -0.9629 0.2683
vn -0.0414 -0.9153 0.4006
vn -0.0452 -0.9344 0.3532
vn -0.0781 -0.7897 0.6085
vn -0.0458 -0.7526 0.6569
vn 0.2830 -0.9158 0.2851
vn 0.4425 -0.7781 0.4459
vn 0.0794 -0.9877 0.1345
vn 0.0982 -0.9832 0.1541
vn 0.0354 -0.9832 0.1788
vn 0.0355 -0.9832 0.1790
vn -0.0233 -0.9832 0.1813
vn -0.0234 -0.9833 0.1805
vn -0.0839 -0.9832 0.1619
vn -0.0839 -0.9832 0.1621
vn -0.1277 -0.9833 0.1299
vn -0.1182 -0.9867 0.1113
vn -0.1802 -0.9772 0.1123
vn -0.1486 -0.9877 0.0489
vn -0.1697 -0.9836 0.0618
vn 0.4560 -0.7654 0.4542
vn 0.5776 -0.5745 0.5799
vn 0.3162 -0.4382 0.8414
vn 0.2130 -0.9155 0.3412
vn 0.1434 -0.9626 0.2297
vn 0.1510 -0.9767 0.1525
vn 0.1356 -0.9866 0.0907
vn 0.1550 -0.9833 0.0956
vn 0.1762 -0.9832 0.0467
vn 0.1674 -0.9848 0.0466
vn 0.2373 -0.9696 -0.0593
vn -0.0413 -0.9991 -0.0005
vn -0.0366 -0.9993 -0.0000
vn -0.1071 -0.9943 -0.0000
vn -0.1063 -0.9943 0.0001
vn -0.1797 -0.9837 0.0003
vn -0.1841 -0.9829 0.0002
vn -0.2654 -0.9641 0.0005
vn -0.2739 -0.9618 0.0003
vn -0.3595 -0.9331 0.0006
vn -0.4099 -0.9121 -0.0007
vn -0.5899 -0.8075 -0.0006
vn -0.6253 -0.7804 -0.0013
vn -0.8586 -0.5126 0.0009
vn 0.0360 -0.9994 0.0005
vn 0.0419 -0.9991 0.0001
vn 0.0971 -0.9953 0.0002
vn 0.0986 -0.9951 0.0001
vn 0.2209 -0.9753 -0.0003
vn 0.2094 -0.9778 0.0006
vn 0.3850 -0.9229 0.0005
vn 0.3974 -0.9176 -0.0000
vn 0.5728 -0.8197 -0.0016
vn 0.8171 -0.5765 0.0015
vn 0.7832 -0.6217 0.0004
vn -0.1892 -0.9632 -0.1909
vn -0.1427 -0.9629 -0.2291
vn 0.1354 -0.9904 -0.0290
vn 0.0351 -0.9963 -0.0781
vn 0.0486 -0.9944 -0.0937
vn 0.1071 -0.9883 -0.1087
vn 0.1037 -0.9924 -0.0668
vn 0.0826 -0.9955 -0.0458
vn 0.0757 -0.9648 -0.2519
vn 0.1387 -0.9633 -0.2300
vn 0.1891 -0.9629 -0.1923
vn 0.1823 -0.9665 -0.1808
vn 0.2190 -0.9661 -0.1365
vn 0.2267 -0.9627 -0.1476
vn 0.2536 -0.9630 -0.0913
vn 0.2324 -0.9698 -0.0742
vn 0.2856 -0.9570 -0.0515
vn 0.1751 -0.7137 -0.6782
vn 0.2376 -0.4972 -0.8345
vn 0.3300 -0.4772 -0.8145
vn 0.5146 -0.4602 -0.7235
vn 0.5955 -0.5219 -0.6107
vn 0.6598 -0.5751 -0.4836
vn 0.8272 -0.4949 -0.2661
vn 0.8698 -0.4546 -0.1919
vn 0.8306 -0.5521 -0.0732
vn 0.1804 -0.8273 -0.5320
vn 0.2742 -0.7375 -0.6172
vn 0.2967 -0.7640 -0.5729
vn 0.2931 -0.7811 -0.5513
vn 0.3818 -0.7568 -0.5306
vn 0.3739 -0.7787 -0.5039
vn 0.4657 -0.7468 -0.4748
vn 0.4441 -0.7859 -0.4303
vn 0.5730 -0.7029 -0.4215
vn 0.4911 -0.8156 -0.3059
vn 0.6156 -0.7222 -0.3154
vn 0.6245 -0.7292 -0.2798
vn 0.5690 -0.7973 -0.2017
vn 0.5825 -0.7853 -0.2098
vn 0.6115 -0.7838 -0.1078
vn 0.6124 -0.7831 -0.1084
vn 0.6440 -0.7597 -0.0902
vn 0.3715 -0.9264 -0.0609
vn 0.3952 -0.9158 -0.0721
vn 0.3784 -0.9155 -0.1364
vn 0.3776 -0.9159 -0.1359
vn 0.3413 -0.9155 -0.2128
vn 0.3410 -0.9158 -0.2124
vn 0.2822 -0.9153 -0.2873
vn 0.2556 -0.9345 -0.2478
vn 0.2687 -0.8926 -0.3621
vn 0.1799 -0.9294 -0.3223
vn 0.1806 -0.9230 -0.3398
vn 0.1277 -0.9236 -0.3615
vn 0.1290 -0.9159 -0.3800
vn 0.0255 -0.9981 -0.0569
vn 0.0262 -0.9994 -0.0218
vn 0.0437 -0.9988 -0.0243
vn 0.0205 -0.9872 -0.1583
vn -0.0159 -0.8926 -0.4506
vn -0.0221 -0.7791 -0.6265
vn -0.0196 -0.7840 -0.6204
vn -0.0516 -0.4961 -0.8667
vn 0.0066 -0.9733 -0.2293
vn 0.0017 -0.9994 -0.0336
vn -0.1403 -0.6165 -0.7747
vn -0.1603 -0.5005 -0.8507
vn -0.1330 -0.7483 -0.6499
vn -0.1138 -0.7854 -0.6084
vn -0.0738 -0.9158 -0.3948
vn -0.0589 -0.9283 -0.3673
vn -0.0500 -0.9490 -0.3112
vn -0.0737 -0.9700 -0.2316
vn -0.0915 -0.9630 -0.2535
vn -0.1367 -0.9155 -0.3783
vn -0.1362 -0.9159 -0.3775
vn -0.2119 -0.7815 -0.5869
vn -0.1860 -0.8140 -0.5503
vn -0.2126 -0.9157 -0.3409
vn -0.3016 -0.8217 -0.4835
vn -0.3153 -0.7373 -0.5974
vn -0.3927 -0.5086 -0.7662
vn -0.1901 -0.9629 -0.1915
vn -0.2834 -0.9155 -0.2854
vn -0.4012 -0.7289 -0.5548
vn -0.5058 -0.4920 -0.7086
vn -0.4822 -0.1255 -0.8670
vn -0.0204 -0.9944 -0.1035
vn -0.0208 -0.9953 -0.0948
vn -0.0778 -0.9895 -0.1222
vn -0.0613 -0.9956 -0.0716
vn -0.1124 -0.9908 -0.0751
vn -0.0890 -0.9950 -0.0445
vn -0.0496 -0.9985 -0.0247
vn -0.0263 -0.9992 -0.0306
vn -0.0232 -0.9993 -0.0290
vn -0.0110 -0.9987 -0.0504
vn -0.2646 -0.9616 -0.0725
vn -0.2602 -0.9628 -0.0722
vn -0.2296 -0.9629 -0.1416
vn -0.2301 -0.9628 -0.1418
vn -0.7571 -0.3518 -0.5505
vn -0.6575 -0.6287 -0.4152
vn -0.8311 -0.3327 -0.4457
vn -0.7558 -0.5654 -0.3303
vn -0.5111 -0.7427 -0.4327
vn -0.4923 -0.8093 -0.3205
vn -0.5247 -0.7842 -0.3313
vn -0.5666 -0.7854 -0.2491
vn -0.6183 -0.7425 -0.2577
vn -0.6237 -0.7587 -0.1879
vn -0.5748 -0.8056 -0.1437
vn -0.6777 -0.7245 -0.1260
vn -0.7151 -0.6956 -0.0687
vn -0.3429 -0.9153 -0.2113
vn -0.2985 -0.9345 -0.1941
vn -0.4127 -0.8926 -0.1815
vn -0.3486 -0.9323 -0.0964
vn -0.3976 -0.9123 -0.0979
vn -0.1378 -0.9897 -0.0380
vn 0.9345 0.0481 -0.3528
vn 0.4869 -0.1334 -0.8632
vn 0.1067 -0.7453 -0.6582
vn 0.0303 -0.9557 -0.2927
vn 0.0414 -0.9153 -0.4006
vn 0.0452 -0.9344 -0.3532
vn 0.0781 -0.7897 -0.6085
vn 0.0458 -0.7526 -0.6569
vn -0.2830 -0.9157 -0.2851
vn -0.4425 -0.7781 -0.4459
vn -0.0847 -0.9871 -0.1359
vn -0.0890 -0.9862 -0.1397
vn -0.0637 -0.9777 -0.2000
vn -0.0300 -0.9880 -0.1515
vn 0.0060 -0.9776 -0.2102
vn 0.0205 -0.9872 -0.1582
vn 0.0691 -0.9774 -0.1996
vn 0.0852 -0.9822 -0.1674
vn 0.0839 -0.9832 -0.1620
vn 0.1232 -0.9834 -0.1331
vn 0.1507 -0.9850 -0.0844
vn 0.1984 -0.9780 -0.0643
vn 0.1520 -0.9879 -0.0324
vn 0.2095 -0.9778 0.0105
vn -0.4560 -0.7654 -0.4541
vn -0.5777 -0.5745 -0.5799
vn -0.3162 -0.4382 -0.8414
vn -0.2130 -0.9155 -0.3412
vn -0.1434 -0.9626 -0.2297
vn -0.1510 -0.9767 -0.1525
vn -0.1356 -0.9866 -0.0907
vn -0.1550 -0.9833 -0.0956
vn -0.1754 -0.9833 -0.0487
vn -0.1779 -0.9828 -0.0487
vn -0.1472 0.9891 0.0004
vn -0.1625 0.9867 -0.0000
vn -0.5915 0.8063 0.0013
vn -0.6430 0.7659 0.0002
vn -0.7506 0.6607 0.0002
vn -0.7623 0.6472 -0.0001
vn -0.9776 0.2106 0.0001
vn -0.9782 0.2076 -0.0000
vn 0.9763 0.2059 -0.0668
vn 0.9788 0.1946 -0.0633
vn 0.9604 0.1947 -0.1996
vn 0.9513 0.2488 -0.1822
vn 0.9284 0.1783 -0.3259
vn 0.9246 0.1925 -0.3286
vn 0.8687 0.2070 -0.4501
vn 0.8699 0.1764 -0.4606
vn 0.8036 0.2393 -0.5449
vn 0.7054 0.2140 -0.6757
vn 0.6202 0.1876 -0.7617
vn 0.6197 0.1895 -0.7617
vn 0.5233 0.2280 -0.8211
vn 0.3815 0.2376 -0.8933
vn 0.2691 0.1773 -0.9466
vn 0.2648 0.1915 -0.9451
vn 0.1331 0.2117 -0.9682
vn 0.1241 0.1768 -0.9764
vn 0.0191 0.2393 -0.9708
vn -0.1474 0.2098 -0.9666
vn -0.2654 0.1892 -0.9454
vn -0.2650 0.1870 -0.9459
vn -0.3694 0.2311 -0.9001
vn -0.5104 0.2356 -0.8270
vn -0.6183 0.1748 -0.7663
vn -0.6196 0.1903 -0.7615
vn -0.7135 0.2164 -0.6664
vn -0.7211 0.1947 -0.6649
vn -0.8013 0.1947 -0.5656
vn -0.7754 0.2669 -0.5722
vn -0.8700 0.1745 -0.4612
vn -0.8687 0.2069 -0.4501
vn -0.9257 0.1911 -0.3265
vn -0.9267 0.1808 -0.3294
vn -0.9473 0.2365 -0.2161
vn 0.8586 0.5082 -0.0680
vn 0.7931 0.5864 -0.1648
vn 0.8166 0.5544 -0.1605
vn 0.7840 0.5547 -0.2786
vn 0.7388 0.5547 -0.3828
vn 0.6736 0.5543 -0.4889
vn 0.6929 0.5297 -0.4891
vn 0.6334 0.5179 -0.5750
vn 0.6081 0.5547 -0.5679
vn 0.5251 0.5547 -0.6454
vn 0.4226 0.5543 -0.7170
vn 0.4407 0.5298 -0.7246
vn 0.3566 0.5088 -0.7835
vn 0.3315 0.5547 -0.7632
vn 0.2245 0.5547 -0.8012
vn 0.1133 0.5547 -0.8243
vn -0.0119 0.5543 -0.8323
vn -0.0000 0.5280 -0.8493
vn -0.1045 0.5176 -0.8492
vn -0.1133 0.5547 -0.8243
vn -0.2245 0.5547 -0.8012
vn -0.3420 0.5543 -0.7588
vn -0.3379 0.5299 -0.7779
vn -0.4344 0.5098 -0.7426
vn -0.4323 0.5547 -0.7109
vn -0.5251 0.5547 -0.6454
vn -0.6081 0.5547 -0.5679
vn -0.6798 0.5547 -0.4798
vn -0.7388 0.5547 -0.3828
vn -0.7840 0.5547 -0.2786
vn -0.8173 0.5543 -0.1576
vn -0.8180 0.5530 -0.1583
vn -0.9776 0.2054 -0.0469
vn -0.8713 0.4850 -0.0744
vn 0.5330 0.8394 -0.1061
vn 0.4881 0.8661 -0.1076
vn 0.5764 0.7911 -0.2049
vn 0.4588 0.8561 -0.2377
vn 0.4399 0.8672 -0.2333
vn 0.4997 0.7911 -0.3528
vn 0.3776 0.8561 -0.3527
vn 0.4141 0.8305 -0.3726
vn 0.3512 0.8309 -0.4317
vn 0.3119 0.8586 -0.4068
vn 0.3178 0.7911 -0.5227
vn 0.2059 0.8561 -0.4740
vn 0.1940 0.8672 -0.4585
vn 0.1650 0.7911 -0.5890
vn 0.0704 0.8561 -0.5119
vn 0.0861 0.8305 -0.5503
vn -0.0000 0.8309 -0.5565
vn -0.0148 0.8586 -0.5124
vn -0.0833 0.7911 -0.6060
vn -0.1394 0.8561 -0.4976
vn -0.1389 0.8672 -0.4781
vn -0.2437 0.7911 -0.5611
vn -0.2685 0.8561 -0.4415
vn -0.2627 0.8672 -0.4229
vn -0.3860 0.7911 -0.4745
vn -0.3776 0.8561 -0.3527
vn -0.3671 0.8672 -0.3363
vn -0.4998 0.7911 -0.3528
vn -0.4588 0.8561 -0.2377
vn -0.4897 0.8305 -0.2654
vn -0.5243 0.8309 -0.1864
vn -0.4901 0.8570 -0.1594
vn -0.6060 0.7867 -0.1175
vn -0.5055 0.8612 -0.0536
vn 0.2658 0.9623 -0.0568
vn 0.1308 0.9901 -0.0503
vn 0.2269 0.9665 -0.1203
vn 0.1281 0.9849 -0.1161
vn 0.1055 0.9892 -0.1020
vn 0.1510 0.9688 -0.1964
vn 0.0654 0.9858 -0.1546
vn 0.0781 0.9813 -0.1757
vn 0.0295 0.9809 -0.1922
vn 0.0153 0.9878 -0.1549
vn -0.0068 0.9688 -0.2476
vn -0.0468 0.9858 -0.1612
vn -0.0423 0.9906 -0.1301
vn -0.1816 0.9389 -0.2924
vn -0.1024 0.9903 -0.0939
vn -0.1368 0.9813 -0.1357
vn -0.1712 0.9809 -0.0921
vn -0.1347 0.9890 -0.0612
vn -0.2282 0.9707 -0.0755
vn -0.2234 0.9746 -0.0176
vn -0.9763 0.2059 0.0668
vn -0.9788 0.1946 0.0633
vn -0.9604 0.1947 0.1996
vn -0.9513 0.2488 0.1822
vn -0.9284 0.1783 0.3259
vn -0.9246 0.1925 0.3286
vn -0.8687 0.2070 0.4501
vn -0.8699 0.1764 0.4606
vn -0.8036 0.2393 0.5449
vn -0.7054 0.2140 0.6757
vn -0.6202 0.1876 0.7617
vn -0.6197 0.1895 0.7617
vn -0.5233 0.2280 0.8211
vn -0.3815 0.2376 0.8933
vn -0.2691 0.1773 0.9466
vn -0.2648 0.1915 0.9451
vn -0.1331 0.2118 0.9682
vn -0.1241 0.1768 0.9764
vn -0.0191 0.2393 0.9708
vn 0.1474 0.2098 0.9666
vn 0.2654 0.1892 0.9454
vn 0.2650 0.1870 0.9459
vn 0.3694 0.2311 0.9001
vn 0.5104 0.2356 0.8270
vn 0.6183 0.1748 0.7663
vn 0.6196 0.1903 0.7615
vn 0.7135 0.2164 0.6664
vn 0.7211 0.1947 0.6649
vn 0.8013 0.1947 0.5656
vn 0.7755 0.2669 0.5722
vn 0.8700 0.1745 0.4612
vn 0.8687 0.2069 0.4501
vn 0.9257 0.1911 0.3265
vn 0.9267 0.1809 0.3294
vn 0.9473 0.2365 0.2161
vn -0.8586 0.5082 0.0680
vn -0.7931 0.5864 0.1648
vn -0.8166 0.5544 0.1605
vn -0.7840 0.5547 0.2786
vn -0.7388 0.5547 0.3828
vn -0.6736 0.5543 0.4889
vn -0.6929 0.5297 0.4891
vn -0.6334 0.5179 0.5750
vn -0.6081 0.5547 0.5679
vn -0.5251 0.5547 0.6454
vn -0.4226 0.5543 0.7170
vn -0.4407 0.5298 0.7246
vn -0.3566 0.5088 0.7835
vn -0.3315 0.5547 0.7632
vn -0.2245 0.5547 0.8012
vn -0.1133 0.5547 0.8243
vn 0.0119 0.5543 0.8323
vn -0.0000 0.5280 0.8493
vn 0.1045 0.5176 0.8492
vn 0.1133 0.5547 0.8243
vn 0.2245 0.5547 0.8012
vn 0.3420 0.5543 0.7588
vn 0.3379 0.5299 0.7779
vn 0.4344 0.5098 0.7425
vn 0.4323 0.5547 0.7109
vn 0.5251 0.5547 0.6454
vn 0.6081 0.5547 0.5679
vn 0.6798 0.5547 0.4798
vn 0.7388 0.5547 0.3828
vn 0.7840 0.5547 0.2786
vn 0.8173 0.5543 0.1576
vn 0.8180 0.5530 0.1583
vn 0.9776 0.2054 0.0469
vn 0.8713 0.4850 0.0744
vn -0.5330 0.8394 0.1061
vn -0.4881 0.8661 0.1076
vn -0.5764 0.7911 0.2049
vn -0.4588 0.8561 0.2377
vn -0.4399 0.8672 0.2333
vn -0.4997 0.7911 0.3528
vn -0.3776 0.8561 0.3527
vn -0.3606 0.8672 0.3433
vn -0.3860 0.7911 0.4745
vn -0.2685 0.8561 0.4415
vn -0.2546 0.8672 0.4278
vn -0.2437 0.7911 0.5611
vn -0.1394 0.8561 0.4976
vn -0.1298 0.8672 0.4807
vn -0.0833 0.7911 0.6060
vn -0.0000 0.8561 0.5167
vn 0.0047 0.8672 0.4979
vn 0.0833 0.7911 0.6060
vn 0.1394 0.8561 0.4976
vn 0.1389 0.8672 0.4781
vn 0.2437 0.7911 0.5611
vn 0.2685 0.8561 0.4415
vn 0.2806 0.8305 0.4812
vn 0.3512 0.8309 0.4317
vn 0.3348 0.8586 0.3881
vn 0.4471 0.7911 0.4175
vn 0.4222 0.8561 0.2980
vn 0.4095 0.8672 0.2832
vn 0.5431 0.7911 0.2814
vn 0.4869 0.8561 0.1730
vn 0.4743 0.8648 0.1646
vn 0.6060 0.7867 0.1175
vn 0.5055 0.8612 0.0536
vn -0.3191 0.9452 0.0690
vn -0.1308 0.9890 0.0693
vn -0.1383 0.9878 0.0721
vn -0.1924 0.9641 0.1831
vn -0.0947 0.9889 0.1144
vn -0.1277 0.9683 0.2146
vn -0.0534 0.9892 0.1368
vn -0.0669 0.9665 0.2478
vn 0.0016 0.9858 0.1679
vn 0.0027 0.9873 0.1591
vn 0.0741 0.9640 0.2552
vn 0.0580 0.9889 0.1367
vn 0.1133 0.9746 0.1933
vn 0.1145 0.9844 0.1334
vn 0.0978 0.9896 0.1060
vn 0.2831 0.9389 0.1958
vn 0.1331 0.9900 0.0470
vn 0.1525 0.9867 0.0570
vn 0.2321 0.9725 0.0187
vn 0.9782 0.2076 -0.0000
vn 0.9776 0.2106 -0.0001
vn 0.7623 0.6472 0.0001
vn 0.7507 0.6607 -0.0002
vn 0.6430 0.7659 -0.0002
vn 0.5915 0.8063 -0.0013
vn 0.1811 0.9835 -0.0001
vn 0.1705 0.9854 -0.0003
vn 0.0069 -0.4057 -0.9140
vn -0.0045 -0.3183 -0.9480
vn -0.0003 -0.3567 -0.9342
vn 0.0055 -0.3149 -0.9491
vn -0.0028 -0.3641 -0.9314
vn 0.0017 -0.1906 -0.9817
vn -0.0032 -0.1529 -0.9882
vn -0.0003 -0.3181 -0.9481
vn 0.0004 -0.2756 -0.9613
vn 0.0002 -0.2250 -0.9744
vn -0.0018 -0.0191 -0.9998
vn 0.0044 -0.0610 -0.9981
vn -0.0021 0.0546 -0.9985
vn -0.0032 0.1414 -0.9899
vn 0.0024 0.1803 -0.9836
vn 0.0076 0.3130 -0.9497
vn -0.0105 0.4120 -0.9111
vn 0.0001 0.2637 -0.9646
vn 0.0002 0.2291 -0.9734
vn -0.0039 0.3256 -0.9455
vn 0.0068 0.4032 -0.9151
vn -0.0009 0.3140 -0.9494
vn 0.0090 0.1363 -0.9906
vn -0.0094 0.2218 -0.9750
vn -0.0008 0.3424 -0.9396
vn -0.0010 0.2746 -0.9615
vn 0.0003 0.2246 -0.9745
vn 0.0018 0.1180 -0.9930
vn -0.0000 -0.2582 -0.9661
vn 0.0001 -0.2645 -0.9644
vn 0.0002 -0.2288 -0.9735
vn -0.0024 0.0030 -1.0000
vn 0.0012 -0.0230 -0.9997
vn 0.0053 -0.1461 -0.9893
vn -0.0018 -0.1836 -0.9830
vn 0.0253 0.8105 -0.5852
vn 0.0152 0.8565 -0.5160
vn 0.0024 0.8856 -0.4645
vn -0.0037 0.8820 -0.4711
vn -0.0050 0.8861 -0.4634
vn -0.0038 0.8804 -0.4742
vn -0.0020 0.8685 -0.4956
vn 0.0002 0.7228 -0.6911
vn -0.0005 0.8489 -0.5286
vn -0.0002 0.8154 -0.5789
vn -0.0003 0.7319 -0.6814
vn 0.0003 0.7704 -0.6376
vn -0.0006 0.7544 -0.6564
vn 0.0007 0.8038 -0.5949
vn 0.0004 0.6161 -0.7876
vn -0.0000 0.5991 -0.8007
vn 0.0005 0.6462 -0.7632
vn -0.0012 0.6746 -0.7382
vn 0.0001 0.3613 -0.9324
vn -0.0000 0.5959 -0.8030
vn 0.0008 0.5022 -0.8648
vn -0.0042 0.5683 -0.8228
vn -0.0001 0.4939 -0.8695
vn 0.0032 -0.5445 -0.8388
vn 0.0002 -0.4873 -0.8732
vn -0.0016 -0.4759 -0.8795
vn 0.0002 -0.5532 -0.8331
vn -0.0002 -0.5860 -0.8103
vn 0.0003 -0.6030 -0.7977
vn 0.0005 -0.6699 -0.7425
vn -0.0011 -0.6459 -0.7634
vn -0.0001 -0.7199 -0.6941
vn 0.0004 -0.7316 -0.6817
vn -0.0017 -0.7910 -0.6117
vn 0.0043 -0.7416 -0.6709
vn 0.0014 -0.7741 -0.6331
vn -0.0064 -0.8787 -0.4772
vn -0.0884 -0.7064 -0.7023
vn -0.0139 -0.8615 -0.5075
vn 0.0002 -0.8539 -0.5204
vn -0.0005 -0.8113 -0.5846
vn -0.0005 -0.8952 -0.4456
vn 0.0005 -0.8984 -0.4392
vn 0.0013 -0.9017 -0.4325
vn -0.0000 -0.8919 -0.4522
vn -0.0003 -0.8722 -0.4892
vn 0.0008 -0.8494 -0.5277
vn -0.7813 -0.0044 0.6241
vn -0.7703 -0.0138 0.6375
vn -0.7625 0.0077 0.6470
vn -0.7774 0.0028 0.6290
vn -0.7807 0.0004 0.6248
vn -0.7814 -0.0006 0.6241
vn -0.7113 0.0245 0.7024
vn -0.7334 0.0143 0.6797
vn -0.7404 0.0088 0.6721
vn -0.7056 -0.0201 0.7083
vn -0.7224 -0.0128 0.6913
vn -0.6502 0.0583 0.7575
vn -0.6204 0.0416 0.7832
vn -0.5554 -0.0512 0.8300
vn -0.5291 -0.0476 0.8472
vn -0.6034 -0.0397 0.7965
vn -0.6184 -0.0623 0.7834
vn -0.5750 -0.0430 0.8171
vn -0.6829 -0.0161 0.7303
vn -0.6691 -0.0326 0.7425
vn -0.6525 0.0251 0.7574
vn -0.6819 0.0269 0.7309
vn -0.6598 0.0351 0.7507
vn -0.5757 0.0346 0.8169
vn -0.3792 -0.0334 0.9247
vn -0.5238 -0.0502 0.8503
vn -0.5090 -0.0506 0.8593
vn -0.4764 -0.0492 0.8779
vn -0.6658 -0.0347 0.7453
vn -0.6156 -0.0356 0.7872
vn -0.6214 -0.0357 0.7827
vn -0.6209 -0.0359 0.7831
vn -0.5760 -0.0348 0.8167
vn -0.5756 -0.0350 0.8170
vn -0.5304 -0.0338 0.8471
vn -0.5302 -0.0339 0.8472
vn -0.4572 -0.0319 0.8888
vn -0.4553 -0.0328 0.8898
vn -0.4090 -0.0369 0.9118
vn -0.3722 0.0360 0.9274
vn -0.3704 0.0350 0.9282
vn -0.6337 0.0597 0.7713
vn -0.6470 0.0363 0.7616
vn -0.6209 0.0357 0.7831
vn -0.6213 0.0359 0.7827
vn -0.5756 0.0348 0.8170
vn -0.5759 0.0350 0.8167
vn -0.5302 0.0338 0.8472
vn -0.5304 0.0339 0.8471
vn -0.4623 0.0320 0.8862
vn -0.4114 0.0415 0.9105
vn -0.4779 0.0327 0.8778
vn -0.4442 0.0479 0.8946
vn -0.5090 0.0506 0.8593
vn -0.5289 0.0501 0.8472
vn -0.5448 0.0585 0.8365
vn -0.0329 0.0264 0.9991
vn -0.0140 0.0130 0.9998
vn -0.0665 0.0213 0.9976
vn -0.1675 0.0248 0.9856
vn -0.1248 0.0250 0.9919
vn -0.6410 0.0142 0.7674
vn -0.6225 0.0164 0.7824
vn -0.5773 0.0106 0.8164
vn -0.5748 0.0097 0.8182
vn -0.5314 0.0157 0.8470
vn -0.4633 0.0094 0.8861
vn -0.4592 0.0072 0.8883
vn -0.3734 0.0071 0.9276
vn -0.3868 0.0110 0.9221
vn -0.2852 0.0099 0.9584
vn -0.2847 0.0096 0.9586
vn -0.2099 0.0087 0.9777
vn -0.1076 0.0069 0.9942
vn -0.0330 0.0061 0.9994
vn -0.0322 0.0057 0.9995
vn -0.0254 -0.0187 0.9995
vn -0.0330 -0.0160 0.9993
vn -0.0665 -0.0213 0.9976
vn -0.1152 -0.0242 0.9931
vn -0.1060 -0.0285 0.9940
vn -0.1262 -0.0234 0.9917
vn -0.3687 -0.0359 0.9289
vn -0.2720 -0.0322 0.9618
vn -0.2845 -0.0339 0.9581
vn -0.2737 -0.0363 0.9611
vn -0.1988 -0.0343 0.9794
vn -0.2508 -0.0177 0.9679
vn -0.1712 -0.0264 0.9849
vn -0.1086 0.0208 0.9939
vn -0.1713 0.0234 0.9849
vn -0.1956 0.0220 0.9804
vn -0.2238 0.0333 0.9741
vn -0.2847 0.0275 0.9582
vn -0.2999 0.0333 0.9534
vn -0.6586 -0.0116 0.7524
vn -0.6226 -0.0157 0.7824
vn -0.5761 -0.0100 0.8173
vn -0.5774 -0.0095 0.8164
vn -0.5314 -0.0160 0.8470
vn -0.4776 -0.0109 0.8785
vn -0.3584 -0.0107 0.9335
vn -0.2847 -0.0098 0.9586
vn -0.2853 -0.0096 0.9584
vn -0.1893 -0.0085 0.9819
vn -0.1994 -0.0056 0.9799
vn -0.1206 -0.0046 0.9927
vn -0.1153 -0.0069 0.9933
vn -0.0323 -0.0060 0.9995
vn -0.0330 -0.0057 0.9994
vn 0.5063 0.0162 0.8622
vn 0.4889 0.0149 0.8722
vn 0.4458 0.0065 0.8951
vn 0.5496 0.0082 0.8354
vn 0.4894 -0.1635 0.8566
vn 0.4460 0.2006 0.8723
vn 0.4362 -0.0091 0.8998
vn 0.4994 -0.0145 0.8662
vn 0.1935 0.0097 0.9810
vn 0.2048 0.0088 0.9788
vn 0.1434 0.0095 0.9896
vn 0.3287 0.0124 0.9443
vn 0.4245 0.0119 0.9053
vn 0.3758 0.0119 0.9266
vn 0.6395 0.0073 0.7688
vn 0.6450 0.0042 0.7642
vn 0.5964 0.0106 0.8026
vn 0.5516 0.0074 0.8341
vn 0.4459 0.0033 0.8951
vn 0.6309 -0.0029 0.7758
vn 0.6383 -0.0052 0.7697
vn 0.5870 -0.0116 0.8095
vn 0.5395 -0.0039 0.8420
vn 0.5321 -0.0047 0.8467
vn 0.4280 -0.0051 0.9038
vn 0.0470 0.0078 0.9989
vn 0.0406 0.0050 0.9992
vn 0.0394 -0.0050 0.9992
vn 0.0619 -0.0159 0.9980
vn 0.0363 -0.0100 0.9993
vn 0.1270 -0.0116 0.9918
vn 0.1259 0.0073 0.9920
vn 0.0886 0.0124 0.9960
vn 0.1030 -0.0047 0.9947
vn 0.1434 -0.0098 0.9896
vn 0.1989 -0.0091 0.9800
vn 0.2133 0.0038 0.9770
vn 0.1996 -0.0090 0.9798
vn 0.2233 -0.0123 0.9747
vn 0.2828 0.0093 0.9591
vn 0.2711 0.0039 0.9625
vn 0.2881 -0.0039 0.9576
vn 0.2715 -0.0105 0.9624
vn 0.3564 0.0085 0.9343
vn 0.3579 -0.0046 0.9337
vn 0.3556 -0.0041 0.9346
vn 0.3557 -0.0074 0.9346
vn -0.5012 -0.1163 0.8575
vn -0.0343 -0.0274 0.9990
vn -0.0254 -0.0328 0.9991
vn -0.0663 -0.0363 0.9971
vn -0.0977 -0.0457 0.9942
vn -0.1708 -0.0389 0.9845
vn -0.2040 -0.0535 0.9775
vn -0.3469 -0.0616 0.9359
vn -0.4340 -0.0735 0.8979
vn -0.4767 -0.0454 0.8779
vn 0.4265 -0.0232 0.9042
vn 0.3475 -0.0149 0.9376
vn 0.2903 -0.0233 0.9567
vn 0.1669 -0.0255 0.9856
vn 0.1432 -0.0180 0.9895
vn 0.0998 -0.0278 0.9946
vn 0.0899 -0.0355 0.9953
vn 0.0374 -0.0241 0.9990
vn 0.0304 -0.0279 0.9991
vn -0.5036 0.0980 0.8584
vn -0.4782 0.0293 0.8778
vn -0.4322 0.0720 0.8989
vn -0.3413 0.0699 0.9374
vn -0.3016 0.0483 0.9522
vn -0.2413 0.0748 0.9676
vn -0.2212 0.0486 0.9740
vn -0.1706 0.0441 0.9844
vn -0.1423 0.0496 0.9886
vn -0.0663 0.0318 0.9973
vn -0.0189 0.0452 0.9988
vn -0.0381 0.0136 0.9992
vn 0.0574 0.0545 0.9969
vn 0.0897 0.0197 0.9958
vn 0.1430 0.0240 0.9894
vn 0.1513 0.0291 0.9881
vn 0.2153 0.0183 0.9764
vn 0.2739 0.0143 0.9616
vn 0.4168 0.0648 0.9067
vn 0.1669 0.0006 -0.9860
vn 0.1084 -0.0245 -0.9938
vn 0.0398 -0.0032 -0.9992
vn 0.0327 0.0022 -0.9995
vn 0.2262 -0.0021 -0.9741
vn 0.1703 -0.0000 -0.9854
vn 0.0701 -0.0000 -0.9975
vn 0.1090 0.0249 -0.9937
vn 0.2362 0.0010 -0.9717
vn 0.7155 0.0082 0.6986
vn 0.7313 -0.0009 0.6820
vn 0.7282 0.0017 0.6853
vn 0.7064 -0.0102 0.7078
vn 0.7319 0.0002 0.6814
vn 0.7306 -0.0006 0.6828
vn 0.7309 0.0002 0.6825
vn 0.7128 0.0084 0.7013
vn 0.6737 -0.0109 0.7389
vn -0.1668 -0.0020 -0.9860
vn -0.1094 -0.0251 -0.9937
vn -0.0703 -0.0092 -0.9975
vn -0.0662 0.0092 -0.9978
vn -0.2355 0.0002 -0.9719
vn -0.0599 0.0069 -0.9982
vn -0.1172 -0.0000 -0.9931
vn -0.1764 -0.0000 -0.9843
vn -0.2373 -0.0002 -0.9714
vn -0.0047 -0.3199 -0.9474
vn -0.0008 -0.3117 -0.9502
vn 0.0071 -0.4002 -0.9164
vn 0.0005 -0.3518 -0.9361
vn 0.0011 -0.1799 -0.9837
vn -0.0030 -0.1453 -0.9894
vn 0.0002 -0.2291 -0.9734
vn 0.0001 -0.2616 -0.9652
vn -0.0002 0.0583 -0.9983
vn -0.0000 -0.0502 -0.9987
vn -0.0005 -0.0448 -0.9990
vn -0.0002 0.0589 -0.9983
vn -0.0032 0.1526 -0.9883
vn 0.0012 0.1896 -0.9819
vn -0.0004 0.3615 -0.9324
vn 0.0004 0.2749 -0.9615
vn 0.0002 0.2250 -0.9744
vn -0.0007 0.3402 -0.9403
vn -0.0036 0.1957 -0.9807
vn 0.0077 0.1433 -0.9897
vn -0.0000 0.2286 -0.9735
vn -0.0014 0.2751 -0.9614
vn 0.0026 0.0294 -0.9996
vn 0.0009 0.0424 -0.9991
vn -0.0010 -0.2750 -0.9614
vn 0.0001 -0.2248 -0.9744
vn 0.0017 -0.1121 -0.9937
vn -0.0013 -0.0604 -0.9982
vn 0.0061 -0.1523 -0.9883
vn -0.0058 -0.2161 -0.9764
vn -0.0001 -0.7319 -0.6814
vn 0.0004 -0.7243 -0.6895
vn -0.0017 -0.6760 -0.7369
vn 0.0007 -0.6412 -0.7674
vn -0.0023 -0.5500 -0.8352
vn -0.0004 -0.3578 -0.9338
vn 0.0005 -0.4787 -0.8780
vn 0.0003 -0.6139 -0.7894
vn -0.0002 -0.5798 -0.8148
vn 0.0005 -0.5112 -0.8595
vn 0.0004 0.3560 -0.9345
vn -0.0035 0.3165 -0.9486
vn -0.0002 0.4955 -0.8686
vn -0.0008 0.4863 -0.8738
vn 0.0005 0.5966 -0.8025
vn -0.0014 0.6375 -0.7704
vn 0.0006 0.6710 -0.7414
vn 0.0053 0.7392 -0.6735
vn -0.0040 0.7973 -0.6035
vn 0.0003 0.7453 -0.6667
vn 0.0013 0.9024 -0.4310
vn -0.0003 0.8904 -0.4552
vn 0.0013 0.7796 -0.6262
vn -0.0005 0.8259 -0.5639
vn 0.0001 0.8570 -0.5153
vn 0.0003 0.8560 -0.5170
vn -0.0506 0.7780 -0.6262
vn 0.0009 0.9004 -0.4350
vn -0.0020 0.8910 -0.4541
vn -0.0115 0.8667 -0.4987
vn -0.0000 -0.7714 -0.6364
vn 0.0009 -0.7917 -0.6110
vn -0.0005 -0.8148 -0.5797
vn -0.0036 -0.8816 -0.4720
vn -0.0003 -0.8549 -0.5188
vn -0.0038 -0.8804 -0.4742
vn -0.0051 -0.8863 -0.4632
vn 0.0038 -0.8822 -0.4709
vn 0.0250 -0.8122 -0.5828
vn 0.0180 -0.8518 -0.5236
vn -0.7291 -0.0031 0.6844
vn -0.7108 -0.0328 0.7027
vn -0.7812 0.0004 0.6242
vn -0.7808 -0.0003 0.6248
vn -0.7777 -0.0027 0.6287
vn -0.7620 -0.0078 0.6475
vn -0.7812 0.0049 0.6242
vn -0.7122 0.0241 0.7016
vn -0.7263 0.0157 0.6872
vn -0.7662 0.0176 0.6424
vn -0.7285 -0.0096 0.6850
vn -0.7264 -0.0088 0.6872
vn -0.6190 0.0561 0.7834
vn -0.6699 -0.0321 0.7417
vn -0.5756 0.0353 0.8170
vn -0.3708 0.0352 0.9281
vn -0.3997 0.0416 0.9157
vn -0.7050 0.2039 0.6792
vn -0.6572 0.0365 0.7528
vn -0.4215 0.0402 0.9059
vn -0.5310 0.0512 0.8458
vn -0.3791 -0.0333 0.9248
vn -0.6500 -0.0863 0.7550
vn -0.6201 -0.0448 0.7832
vn -0.5754 -0.0376 0.8170
vn -0.5469 -0.0597 0.8350
vn -0.5289 -0.0501 0.8472
vn -0.6689 -0.0327 0.7426
vn -0.6513 -0.0364 0.7580
vn -0.4104 -0.0368 0.9112
vn -0.0170 -0.0218 0.9996
vn -0.1124 -0.0255 0.9933
vn -0.1275 -0.0235 0.9916
vn -0.4764 -0.0122 0.8791
vn -0.5315 -0.0127 0.8470
vn -0.5395 -0.0110 0.8419
vn -0.5771 -0.0158 0.8165
vn -0.6228 -0.0109 0.7823
vn -0.6329 -0.0074 0.7742
vn -0.6597 -0.0115 0.7515
vn -0.0329 0.0232 0.9992
vn 0.0023 0.0104 0.9999
vn -0.1250 0.0234 0.9919
vn -0.1236 0.0237 0.9921
vn -0.0804 0.0196 0.9966
vn -0.2314 0.0364 0.9722
vn -0.2845 0.0323 0.9581
vn -0.2863 0.0328 0.9576
vn -0.3014 -0.0334 0.9529
vn -0.2847 -0.0263 0.9582
vn -0.1988 -0.0334 0.9795
vn -0.2204 -0.0211 0.9752
vn -0.4528 0.0072 0.8916
vn -0.4632 0.0120 0.8862
vn -0.5396 0.0128 0.8419
vn -0.5316 0.0099 0.8469
vn -0.5771 0.0158 0.8166
vn -0.6232 0.0108 0.7820
vn -0.6229 0.0106 0.7823
vn -0.6747 0.0254 0.7376
vn 0.6325 -0.0022 0.7746
vn 0.4831 0.0166 0.8754
vn 0.4457 0.0085 0.8951
vn 0.5483 0.0107 0.8362
vn 0.4618 0.1789 0.8688
vn 0.0368 0.0210 0.9991
vn 0.2109 0.0089 0.9775
vn 0.2711 0.0089 0.9625
vn 0.2745 0.0084 0.9615
vn 0.4278 0.0119 0.9038
vn 0.3848 0.0115 0.9229
vn 0.3584 0.0083 0.9335
vn 0.3354 0.0126 0.9420
vn 0.5516 0.0091 0.8340
vn 0.6119 0.0107 0.7909
vn 0.3591 -0.0041 0.9333
vn 0.4400 -0.0056 0.8980
vn 0.4447 -0.0048 0.8957
vn 0.4999 -0.0085 0.8661
vn 0.5428 -0.0041 0.8398
vn 0.5831 -0.0112 0.8123
vn 0.6401 -0.0045 0.7683
vn 0.6418 0.0032 0.7669
vn 0.0367 -0.0208 0.9991
vn 0.0461 -0.0050 0.9989
vn 0.0170 -0.0129 0.9998
vn 0.1339 -0.0083 0.9910
vn 0.1434 -0.0095 0.9896
vn 0.0550 0.0049 0.9985
vn 0.0640 0.0019 0.9979
vn 0.1084 0.0014 0.9941
vn 0.2016 -0.0091 0.9794
vn 0.2109 -0.0114 0.9774
vn 0.1307 0.0078 0.9914
vn 0.2706 -0.0088 0.9627
vn 0.2050 0.0103 0.9787
vn 0.2886 -0.0036 0.9574
vn 0.3541 -0.0051 0.9352
vn 0.3541 -0.0050 0.9352
vn -0.4987 0.1335 0.8564
vn -0.4755 0.0582 0.8778
vn -0.3293 0.0704 0.9416
vn -0.2088 0.0616 0.9760
vn -0.1707 0.0416 0.9844
vn -0.0998 0.0409 0.9942
vn -0.0662 0.0399 0.9970
vn -0.0443 0.0439 0.9981
vn 0.1426 0.0358 0.9891
vn 0.1061 0.0233 0.9941
vn 0.0462 0.0262 0.9986
vn 0.1353 0.0293 0.9904
vn 0.4200 0.0453 0.9064
vn -0.0661 -0.0551 0.9963
vn -0.0628 -0.0522 0.9967
vn -0.1652 -0.0513 0.9849
vn -0.1704 -0.0494 0.9841
vn -0.2191 -0.0451 0.9747
vn -0.2436 -0.0677 0.9675
vn -0.3006 -0.0492 0.9525
vn -0.3385 -0.0732 0.9381
vn -0.4324 -0.0682 0.8991
vn -0.4783 -0.0282 0.8778
vn -0.5036 -0.0972 0.8584
vn 0.4276 -0.0276 0.9036
vn 0.3150 -0.0354 0.9484
vn 0.2133 -0.0082 0.9770
vn 0.1426 -0.0353 0.9892
vn 0.1524 -0.0261 0.9880
vn 0.1008 -0.0210 0.9947
vn 0.1007 -0.0210 0.9947
vn 0.0566 -0.0416 0.9975
vn 0.1079 0.0242 -0.9939
vn 0.0318 -0.0023 -0.9995
vn 0.0451 0.0036 -0.9990
vn 0.0630 -0.0045 -0.9980
vn 0.1669 -0.0006 -0.9860
vn 0.1251 -0.0000 -0.9921
vn 0.2332 -0.0010 -0.9724
vn 0.2422 -0.0030 -0.9702
vn 0.2109 0.0110 -0.9774
vn 0.6676 0.0091 0.7445
vn 0.7298 0.0006 0.6837
vn 0.7092 0.0093 0.7050
vn 0.7288 -0.0012 0.6848
vn 0.7308 0.0009 0.6826
vn 0.7305 -0.0005 0.6829
vn 0.6713 -0.0096 0.7411
vn 0.7120 -0.0094 0.7021
vn -0.0878 -0.0111 -0.9961
vn -0.1678 0.0006 -0.9858
vn -0.0889 0.0118 -0.9960
vn -0.0706 -0.0000 -0.9975
vn -0.1711 -0.0000 -0.9853
vn -0.2343 0.0010 -0.9722
vn -0.2421 0.0029 -0.9702
vn -0.2109 -0.0112 -0.9774
vn 0.0661 -0.0043 -0.9978
vn 0.0632 -0.0036 -0.9980
vn 0.0608 -0.0020 -0.9981
vn 0.0610 -0.0020 -0.9981
vn 0.0616 0.0017 -0.9981
vn 0.0583 0.0019 -0.9983
vn 0.0584 0.0004 -0.9983
vn 0.0617 0.0001 -0.9981
vn 0.0557 -0.0006 -0.9984
vn 0.0713 0.0039 -0.9974
vn 0.0640 0.0044 -0.9979
vn 0.1442 -0.8562 -0.4961
vn 0.1132 -0.8385 -0.5330
vn 0.1337 -0.3892 -0.9114
vn 0.1021 -0.3538 -0.9297
vn 0.1204 -0.9927 0.0006
vn 0.1170 -0.9931 0.0004
vn 0.1186 -0.9929 0.0010
vn 0.1356 -0.9908 -0.0017
vn 0.1177 -0.9930 -0.0018
vn 0.1460 -0.9893 -0.0005
vn 0.1258 -0.8608 0.4931
vn 0.1610 -0.8295 0.5349
vn 0.0713 -0.3938 0.9164
vn 0.0922 -0.3570 0.9295
vn 0.0463 0.0028 0.9989
vn 0.0404 0.0015 0.9992
vn 0.0403 0.0013 0.9992
vn 0.0378 -0.0007 0.9993
vn 0.0335 0.0006 0.9994
vn 0.0364 0.0002 0.9993
vn 0.0330 -0.0002 0.9995
vn 0.0360 -0.0018 0.9993
vn 0.0620 0.0026 0.9981
vn 0.0418 0.0005 0.9991
vn 0.0424 -0.0015 0.9991
vn 0.0895 0.4874 0.8686
vn 0.1367 0.5315 0.8360
vn 0.1156 0.9117 0.3943
vn 0.1435 0.9239 0.3547
vn 0.1191 0.9929 -0.0020
vn 0.1313 0.9913 -0.0033
vn 0.1177 0.9930 0.0005
vn 0.1165 0.9932 0.0006
vn 0.1196 0.9928 0.0021
vn 0.1445 0.9895 -0.0016
vn 0.1240 0.8640 -0.4880
vn 0.1642 0.8293 -0.5341
vn 0.0854 0.3936 -0.9153
vn 0.1081 0.3546 -0.9287
vn -0.9951 0.0838 -0.0532
vn -0.9944 0.0929 -0.0497
vn -0.9935 0.1070 -0.0385
vn -0.9937 0.1061 -0.0367
vn -0.9961 0.0885 -0.0048
vn -0.9961 0.0879 -0.0046
vn -0.9982 0.0494 -0.0325
vn -0.9981 0.0611 -0.0032
vn -0.9982 0.0604 -0.0034
vn -0.9996 0.0084 -0.0276
vn -0.9992 -0.0021 -0.0399
vn -0.9995 -0.0084 -0.0317
vn -0.9989 -0.0312 -0.0338
vn -0.9989 -0.0285 -0.0378
vn -0.9996 0.0284 -0.0030
vn -0.9988 0.0285 -0.0387
vn -0.9989 0.0326 -0.0325
vn -0.9996 0.0265 -0.0016
vn -1.0000 0.0084 -0.0022
vn -1.0000 0.0074 -0.0015
vn -1.0000 -0.0084 -0.0019
vn -1.0000 -0.0080 -0.0021
vn -0.9996 -0.0284 -0.0020
vn -0.9996 -0.0283 -0.0021
vn -0.9948 -0.1021 -0.0033
vn -0.9942 -0.0963 -0.0478
vn -0.9934 -0.1076 -0.0389
vn -0.9982 -0.0508 -0.0318
vn -0.9950 -0.0833 -0.0544
vn -0.9987 -0.0509 -0.0017
vn -0.9981 -0.0609 -0.0086
vn -0.9959 -0.0894 -0.0093
vn -0.9936 -0.1070 -0.0370
vn -0.9982 -0.0545 0.0233
vn -0.9909 -0.1264 0.0468
vn -0.9930 -0.1133 0.0321
vn -0.9943 -0.1020 0.0312
vn -0.9955 -0.0869 0.0372
vn -0.9963 -0.0847 0.0115
vn -0.9981 -0.0613 0.0109
vn -0.9994 0.0285 0.0205
vn -0.9995 0.0082 0.0319
vn -0.9997 0.0183 0.0166
vn -0.9996 -0.0096 0.0280
vn -0.9998 -0.0046 0.0218
vn -0.9993 -0.0281 0.0238
vn -0.9991 -0.0330 0.0280
vn -0.9903 0.1293 0.0505
vn -0.9941 0.1043 0.0294
vn -0.9949 0.0958 0.0324
vn -0.9955 0.0933 0.0177
vn -0.9983 0.0516 0.0272
vn -0.9980 0.0571 0.0253
vn 0.9912 -0.1178 0.0607
vn 0.9933 -0.1057 0.0466
vn 0.9949 -0.1009 0.0055
vn 0.9957 -0.0925 0.0089
vn 0.9940 -0.0971 0.0512
vn 0.9950 -0.0903 0.0439
vn 0.9988 -0.0488 0.0034
vn 0.9982 -0.0589 0.0088
vn 0.9977 -0.0564 0.0377
vn 0.9990 -0.0124 0.0425
vn 0.9993 -0.0080 0.0355
vn 0.9991 0.0085 0.0405
vn 0.9992 0.0079 0.0391
vn 0.9981 0.0333 0.0513
vn 0.9987 0.0285 0.0421
vn 0.9996 0.0294 0.0055
vn 0.9990 -0.0288 0.0350
vn 0.9980 -0.0398 0.0489
vn 0.9996 0.0267 0.0038
vn 1.0000 0.0089 0.0039
vn 1.0000 0.0080 0.0033
vn 1.0000 -0.0081 0.0038
vn 1.0000 -0.0087 0.0034
vn 0.9996 -0.0278 0.0042
vn 0.9996 -0.0294 0.0033
vn 0.9988 0.0488 0.0081
vn 0.9934 0.1054 0.0461
vn 0.9911 0.1187 0.0611
vn 0.9951 0.0982 0.0073
vn 0.9949 0.1004 0.0080
vn 0.9950 0.0864 0.0505
vn 0.9977 0.0575 0.0366
vn 0.9943 0.0966 0.0445
vn 0.9985 0.0549 0.0057
vn 0.9928 0.1168 -0.0267
vn 0.9938 0.1056 -0.0339
vn 0.9983 0.0528 -0.0228
vn 0.9952 0.0894 -0.0410
vn 0.9935 0.1099 -0.0304
vn 0.9979 0.0638 -0.0131
vn 0.9965 0.0823 -0.0130
vn 0.9992 0.0300 -0.0275
vn 0.9992 0.0283 -0.0293
vn 0.9998 0.0084 -0.0179
vn 0.9994 -0.0288 -0.0193
vn 0.9996 -0.0096 -0.0260
vn 0.9996 -0.0106 -0.0247
vn 0.9983 -0.0500 -0.0284
vn 0.9930 -0.1145 -0.0275
vn 0.9941 -0.1014 -0.0373
vn 0.9935 -0.1099 -0.0298
vn 0.9964 -0.0838 -0.0134
vn 0.9978 -0.0645 -0.0133
vn 0.9984 -0.0487 -0.0289
vn 0.9946 -0.0968 -0.0379
vn 0.9863 -0.0003 -0.1648
vn 0.7180 -0.0000 -0.6960
vn 0.8531 0.0011 -0.5218
vn 0.9913 0.0013 -0.1318
vn 0.9986 0.0013 -0.0532
vn 0.9996 -0.0003 -0.0292
vn 0.9264 -0.0000 -0.3765
vn 0.9880 0.0003 -0.1544
vn 0.9692 0.0008 -0.2462
vn 0.9711 0.0011 -0.2387
vn 0.9412 -0.0000 -0.3377
vn 0.9455 0.0009 -0.3255
vn 0.9739 0.0150 -0.2264
vn 0.9081 -0.0000 -0.4188
vn 0.9449 -0.0007 -0.3274
vn 0.9365 0.0008 -0.3507
vn 0.9573 -0.0014 -0.2891
vn 0.8696 -0.0002 -0.4938
vn 0.9445 -0.0000 -0.3286
vn 0.9264 -0.0000 -0.3766
vn 0.9191 -0.0002 -0.3940
vn 0.8920 -0.0005 -0.4521
vn 0.8023 0.0004 -0.5969
vn 0.7343 -0.0012 -0.6789
vn 0.7714 0.0009 -0.6364
vn 0.9705 -0.0000 -0.2409
vn 0.9879 -0.0009 -0.1550
vn 0.9986 -0.0004 -0.0535
vn 0.9978 -0.0011 -0.0670
vn 0.9986 -0.0000 -0.0534
vn 0.9986 -0.0000 -0.0530
vn 0.9880 -0.0000 -0.1547
vn 0.9880 -0.0000 -0.1543
vn 0.9565 -0.0000 -0.2917
vn 0.9412 -0.3361 -0.0350
vn 0.9990 -0.0000 0.0445
vn 0.9995 -0.0007 0.0307
vn 0.9923 0.0026 0.1240
vn 0.9990 -0.0053 0.0454
vn 0.9885 0.0003 0.1515
vn 0.9705 -0.0009 0.2411
vn 0.9421 0.0035 0.3353
vn 0.9672 -0.0058 0.2541
vn 0.9423 -0.0008 0.3348
vn 0.9155 -0.0000 0.4024
vn 0.9656 0.0001 0.2601
vn 0.9653 -0.0000 0.2612
vn 0.9083 -0.0000 0.4182
vn 0.9732 0.0011 0.2300
vn 0.9423 0.0007 0.3349
vn 0.9657 0.0050 0.2597
vn 0.9453 -0.0020 0.3261
vn 0.9425 -0.0000 0.3343
vn 0.9424 -0.0000 0.3345
vn 0.9149 -0.0000 0.4037
vn 0.9108 0.0001 0.4129
vn 0.9008 0.0001 0.4342
vn 0.7540 0.0010 0.6569
vn 0.7882 -0.0014 0.6154
vn 0.7100 0.0005 0.7042
vn 0.7654 0.0004 0.6436
vn 0.8504 -0.0001 0.5262
vn 0.8471 0.0001 0.5314
vn 0.8942 -0.0002 0.4477
vn 0.9877 -0.0007 0.1561
vn 0.9988 0.0042 0.0479
vn 0.9946 -0.0011 0.1041
vn 0.9990 0.0001 0.0451
vn 0.9878 0.0002 0.1556
vn 0.9874 -0.0001 0.1584
vn 0.1145 0.0018 0.9934
vn 0.0516 0.0003 0.9987
vn 0.0343 0.0011 0.9994
vn 0.3127 0.0011 0.9499
vn 0.1360 0.0006 0.9907
vn 0.2500 -0.0003 0.9682
vn 0.2285 0.0012 0.9736
vn 0.3198 0.0006 0.9475
vn 0.5893 -0.0033 0.8079
vn 0.3871 -0.0001 0.9220
vn 0.2294 -0.0002 0.9733
vn 0.2588 -0.0019 0.9659
vn 0.3118 -0.0013 0.9502
vn 0.3024 -0.0019 0.9532
vn 0.4244 -0.0002 0.9055
vn 0.4470 0.0005 0.8945
vn 0.4973 0.0004 0.8676
vn 0.5032 0.0002 0.8642
vn 0.6207 -0.0004 0.7840
vn 0.6353 -0.0002 0.7722
vn 0.6553 0.0008 0.7554
vn 0.0520 0.0011 0.9986
vn 0.1395 -0.0001 0.9902
vn 0.1078 -0.0017 0.9942
vn -0.3197 0.0004 0.9475
vn -0.1472 -0.0005 0.9891
vn -0.1206 -0.0021 0.9927
vn -0.0519 -0.0011 0.9987
vn -0.0461 -0.0006 0.9989
vn -0.3585 -0.0000 0.9335
vn -0.3165 -0.0013 0.9486
vn -0.2373 -0.0011 0.9714
vn -0.2329 -0.0014 0.9725
vn -0.3183 0.0005 0.9480
vn -0.3184 -0.0011 0.9480
vn -0.3644 -0.0000 0.9312
vn -0.4365 0.0002 0.8997
vn -0.4377 0.0002 0.8991
vn -0.5233 0.0005 0.8521
vn -0.5169 0.0003 0.8560
vn -0.6100 0.0006 0.7924
vn -0.6800 -0.0005 0.7333
vn -0.6339 0.0002 0.7734
vn -0.6521 -0.0007 0.7581
vn -0.2281 -0.0004 0.9736
vn -0.2373 0.0003 0.9714
vn -0.1110 -0.0013 0.9938
vn -0.1469 0.0027 0.9892
vn -0.0529 -0.0010 0.9986
vn -0.1930 0.9229 0.3331
vn -0.1346 0.9349 0.3284
vn -0.3187 0.8528 0.4137
vn -0.2648 0.8762 0.4026
vn -0.3279 0.9058 0.2683
vn -0.3163 0.9028 0.2914
vn -0.3234 0.9016 0.2873
vn -0.3259 0.8885 0.3231
vn -0.3059 0.8895 0.3393
vn -0.3156 0.8789 0.3576
vn -0.2996 0.9242 0.2368
vn -0.2421 0.9403 0.2393
vn -0.2403 0.9404 0.2408
vn -0.2333 0.9329 0.2743
vn -0.2442 0.9316 0.2692
vn -0.2262 0.9283 0.2951
vn -0.2354 0.9193 0.3155
vn -0.3065 0.8704 0.3854
vn -0.1954 0.9176 0.3462
vn -0.2302 0.9098 0.3453
vn -0.1435 0.9195 0.3660
vn -0.1989 0.9717 0.1274
vn -0.2228 0.9632 0.1502
vn -0.2028 0.9635 0.1745
vn -0.2209 0.9574 0.1861
vn -0.2384 0.9504 0.1999
vn -0.2328 0.9498 0.2089
vn -0.2133 0.9691 0.1235
vn -0.2656 0.9534 0.1433
vn -0.2652 0.9533 0.1449
vn -0.2969 0.9404 0.1658
vn -0.2914 0.9362 0.1964
vn -0.3019 0.9354 0.1840
vn -0.3182 0.9237 0.2135
vn -0.1685 0.9794 0.1113
vn -0.1897 0.9737 0.1261
vn 0.0981 0.9182 0.3839
vn 0.1131 0.9269 0.3579
vn 0.1598 0.9122 0.3772
vn -0.0125 0.9947 0.1016
vn -0.0326 0.9953 0.0916
vn -0.0532 0.9951 0.0829
vn -0.0790 0.9927 0.0912
vn -0.0731 0.9938 0.0843
vn -0.1051 0.9906 0.0874
vn -0.1332 0.9850 0.1098
vn -0.1166 0.9906 0.0716
vn -0.1450 0.9855 0.0877
vn -0.1562 0.9820 0.1059
vn -0.1552 0.9847 0.0791
vn -0.0378 0.9956 0.0856
vn 0.1604 0.9300 0.3306
vn 0.3593 0.8908 0.2782
vn 0.3667 0.8940 0.2573
vn 0.3501 0.9082 0.2294
vn 0.3526 0.8201 0.4506
vn 0.3686 0.8340 0.4106
vn 0.3611 0.8462 0.3918
vn 0.3750 0.8500 0.3699
vn 0.3660 0.8695 0.3316
vn 0.3715 0.8695 0.3254
vn 0.3708 0.8807 0.2946
vn 0.2274 0.9140 0.3360
vn 0.2287 0.9214 0.3142
vn 0.2462 0.9218 0.2995
vn 0.2386 0.9293 0.2818
vn 0.2517 0.9313 0.2635
vn 0.2389 0.9385 0.2492
vn 0.2407 0.9429 0.2301
vn 0.2430 0.9427 0.2286
vn 0.3160 0.8255 0.4677
vn 0.3158 0.8290 0.4616
vn 0.2606 0.8688 0.4210
vn 0.2635 0.8903 0.3713
vn 0.0156 0.9956 0.0925
vn 0.0329 0.9968 0.0732
vn 0.0572 0.9961 0.0672
vn 0.0678 0.9952 0.0707
vn 0.1017 0.9934 0.0538
vn 0.1177 0.9917 0.0522
vn 0.1135 0.9923 0.0503
vn 0.1433 0.9889 0.0381
vn 0.1831 0.9809 0.0662
vn 0.2191 0.9743 0.0526
vn 0.1152 0.9897 0.0847
vn 0.1634 0.9829 0.0854
vn 0.2194 0.9627 0.1581
vn 0.2395 0.9509 0.1962
vn 0.2481 0.9484 0.1975
vn 0.1854 0.9735 0.1337
vn 0.1899 0.9745 0.1199
vn 0.1597 0.9816 0.1045
vn 0.2438 0.9664 0.0819
vn 0.2740 0.9581 0.0831
vn 0.2937 0.9501 0.1048
vn 0.2931 0.9499 0.1087
vn 0.3306 0.9346 0.1317
vn 0.3274 0.9297 0.1687
vn 0.3230 0.9301 0.1751
vn 0.3489 0.9168 0.1944
vn 0.3543 0.9084 0.2219
vn 0.2142 0.9623 0.1675
vn 0.6594 0.0001 -0.7518
vn 0.5848 -0.0016 -0.8111
vn 0.6491 0.0014 -0.7607
vn 0.6040 -0.0000 -0.7970
vn 0.4259 -0.0003 -0.9048
vn 0.4968 -0.0003 -0.8679
vn 0.4883 -0.0001 -0.8727
vn 0.4125 -0.0000 -0.9110
vn 0.2426 0.0003 -0.9701
vn 0.2960 -0.0008 -0.9552
vn 0.2561 0.0009 -0.9667
vn 0.2976 -0.0000 -0.9547
vn 0.1137 0.0002 -0.9935
vn 0.0420 -0.0015 -0.9991
vn 0.1121 0.0010 -0.9937
vn 0.0433 -0.0001 -0.9991
vn -0.1151 -0.0002 -0.9934
vn -0.0416 0.0015 -0.9991
vn -0.0960 -0.0004 -0.9954
vn -0.0606 0.0002 -0.9982
vn -0.2293 -0.0003 -0.9734
vn -0.3109 0.0014 -0.9504
vn -0.2599 -0.0008 -0.9656
vn -0.2973 0.0001 -0.9548
vn -0.4132 -0.0000 -0.9107
vn -0.4270 0.0003 -0.9043
vn -0.4996 0.0003 -0.8663
vn -0.4893 -0.0000 -0.8721
vn -0.6404 0.0002 -0.7681
vn -0.5872 0.0014 -0.8094
vn -0.6615 -0.0018 -0.7499
vn -0.5916 0.0001 -0.8063
vn -0.7150 0.0004 -0.6992
vn -0.8686 0.0001 -0.4955
vn -0.7652 -0.0006 -0.6438
vn -0.7429 0.0007 -0.6694
vn -0.8018 -0.0006 -0.5975
vn -0.8569 -0.0008 -0.5155
vn -0.8907 0.0005 -0.4545
vn -0.9972 -0.0012 -0.0745
vn -0.9851 0.0003 -0.1722
vn -0.9687 -0.0003 -0.2481
vn -0.9401 0.0009 -0.3410
vn -0.9556 -0.0010 -0.2945
vn -0.9314 0.0002 -0.3640
vn -0.9910 0.0010 -0.1339
vn -0.9997 -0.0003 -0.0247
vn -0.9713 -0.0001 0.2378
vn -0.9922 0.0003 0.1243
vn -0.9952 0.0007 0.0975
vn -0.9993 -0.0016 0.0365
vn -0.9403 0.0001 0.3402
vn -0.9457 -0.0002 0.3249
vn -0.9720 -0.0000 0.2350
vn -0.9026 -0.0002 0.4304
vn -0.7507 -0.0013 0.6606
vn -0.7888 0.0014 0.6147
vn -0.7118 -0.0005 0.7024
vn -0.7665 -0.0005 0.6423
vn -0.8513 0.0001 0.5247
vn -0.8481 -0.0000 0.5299
vn -0.8940 0.0003 0.4481
vn 0.1387 -0.9154 0.3779
vn 0.1312 -0.9219 0.3644
vn 0.0732 -0.9265 0.3691
vn 0.1605 -0.7713 0.6159
vn -0.2079 -0.8678 0.4513
vn -0.2217 -0.8446 0.4873
vn -0.0469 -0.8628 0.5034
vn -0.0518 -0.8710 0.4885
vn -0.1223 -0.8664 0.4841
vn -0.1207 -0.8636 0.4896
vn -0.1729 -0.8443 0.5072
vn -0.2007 -0.8482 0.4901
vn -0.0225 -0.9130 0.4073
vn -0.0397 -0.9098 0.4131
vn -0.0421 -0.9112 0.4099
vn -0.0829 -0.9119 0.4020
vn -0.0808 -0.9060 0.4155
vn -0.1055 -0.9112 0.3983
vn -0.1486 -0.9053 0.3979
vn -0.1499 -0.9077 0.3919
vn -0.3295 -0.9080 0.2587
vn -0.3097 -0.9077 0.2832
vn -0.3169 -0.9034 0.2889
vn -0.3323 -0.8883 0.3169
vn -0.3181 -0.8809 0.3505
vn -0.1887 -0.9094 0.3707
vn -0.1885 -0.9102 0.3689
vn -0.2604 -0.8683 0.4221
vn -0.2580 -0.8794 0.4001
vn -0.2920 -0.8628 0.4127
vn -0.3034 -0.8741 0.3794
vn -0.2948 -0.8854 0.3595
vn -0.2396 -0.9106 0.3367
vn -0.2151 -0.9277 0.3050
vn -0.2512 -0.9276 0.2764
vn -0.2366 -0.9352 0.2634
vn -0.2305 -0.9426 0.2414
vn -0.1607 -0.9261 0.3414
vn -0.1510 -0.9395 0.3076
vn -0.2729 -0.9077 0.3188
vn 0.0402 -0.8430 0.5364
vn 0.0122 -0.8741 0.4856
vn 0.2680 -0.8075 0.5254
vn 0.2243 -0.8144 0.5353
vn 0.1940 -0.8340 0.5165
vn 0.1134 -0.8402 0.5303
vn 0.1129 -0.8351 0.5384
vn 0.0998 -0.8289 0.5505
vn 0.2757 -0.8340 0.4779
vn 0.2059 -0.8821 0.4236
vn 0.1841 -0.8892 0.4188
vn 0.1522 -0.8772 0.4553
vn 0.0801 -0.9021 0.4240
vn 0.0745 -0.8967 0.4363
vn 0.0230 -0.9070 0.4205
vn 0.0060 -0.9049 0.4256
vn 0.0078 -0.9061 0.4230
vn -0.2442 -0.9440 0.2219
vn -0.2227 -0.9525 0.2080
vn -0.2331 -0.9563 0.1765
vn -0.2167 -0.9609 0.1726
vn -0.1999 -0.9676 0.1544
vn -0.2071 -0.9698 0.1289
vn -0.1892 -0.9738 0.1264
vn -0.1611 -0.9809 0.1088
vn -0.1604 -0.9812 0.1075
vn -0.1993 -0.9711 0.1314
vn -0.2609 -0.9572 0.1255
vn -0.2803 -0.9469 0.1578
vn -0.2794 -0.9469 0.1588
vn -0.3078 -0.9299 0.2015
vn -0.2931 -0.9314 0.2160
vn 0.2387 -0.9292 0.2821
vn 0.2007 -0.9322 0.3012
vn 0.1571 -0.9307 0.3302
vn 0.2539 -0.9290 0.2690
vn 0.2542 -0.9410 0.2234
vn 0.2573 -0.9369 0.2367
vn 0.2994 -0.8437 0.4456
vn 0.3733 -0.8152 0.4428
vn 0.3406 -0.8127 0.4727
vn 0.3698 -0.8932 0.2557
vn 0.3660 -0.8818 0.2976
vn 0.3719 -0.8813 0.2917
vn 0.3751 -0.8647 0.3342
vn 0.3623 -0.8645 0.3485
vn 0.3788 -0.8439 0.3799
vn 0.3670 -0.8321 0.4158
vn 0.3624 -0.8947 0.2612
vn 0.2369 -0.9297 0.2821
vn 0.2080 -0.9160 0.3431
vn 0.2407 -0.8980 0.3682
vn 0.2486 -0.9373 0.2443
vn 0.3167 -0.8855 0.3399
vn 0.2631 -0.8898 0.3729
vn -0.0450 -0.9942 0.0974
vn -0.0641 -0.9934 0.0952
vn -0.0093 -0.9949 0.1000
vn -0.0290 -0.9956 0.0886
vn -0.0876 -0.9930 0.0790
vn -0.1069 -0.9910 0.0805
vn -0.1122 -0.9901 0.0845
vn -0.1254 -0.9887 0.0824
vn -0.1588 -0.9824 0.0986
vn 0.1664 -0.9813 0.0971
vn 0.2010 -0.9717 0.1241
vn 0.1853 -0.9716 0.1473
vn 0.2426 -0.9544 0.1742
vn 0.2019 -0.9645 0.1701
vn 0.2336 -0.9515 0.2001
vn 0.2586 -0.9415 0.2161
vn 0.3487 -0.9192 0.1830
vn 0.3290 -0.9181 0.2211
vn 0.3641 -0.9106 0.1956
vn 0.2739 -0.9564 0.1011
vn 0.2763 -0.9571 0.0877
vn 0.3066 -0.9444 0.1184
vn 0.2104 -0.9750 0.0709
vn 0.2616 -0.9625 0.0724
vn 0.1637 -0.9811 0.1028
vn 0.3030 -0.9426 0.1402
vn 0.3381 -0.9288 0.1516
vn 0.0157 -0.9958 0.0906
vn 0.0207 -0.9954 0.0940
vn 0.2042 -0.9777 0.0488
vn 0.1664 -0.9857 0.0283
vn 0.1646 -0.9846 0.0583
vn 0.1626 -0.9853 0.0529
vn 0.1137 -0.9928 0.0364
vn 0.0895 -0.9949 0.0458
vn 0.0575 -0.9761 0.2096
vn 0.0671 -0.9946 0.0786
vn 0.0681 -0.9957 0.0636
vn 0.1168 -0.9869 0.1114
vn 0.1264 -0.9900 0.0634
vn -0.0421 0.8668 0.4969
vn -0.0543 0.8523 0.5203
vn -0.2298 0.8501 0.4738
vn -0.1650 0.8721 0.4608
vn -0.1541 0.8514 0.5014
vn -0.1153 0.8610 0.4954
vn -0.1131 0.8576 0.5017
vn -0.0843 0.8521 0.5166
vn -0.2254 0.8734 0.4317
vn -0.1823 0.9015 0.3925
vn -0.1561 0.9094 0.3854
vn -0.1289 0.9048 0.4060
vn -0.1160 0.9083 0.4019
vn -0.0799 0.9098 0.4074
vn -0.0784 0.9104 0.4063
vn -0.0376 0.9124 0.4076
vn -0.0445 0.9087 0.4150
vn -0.0231 0.9129 0.4076
vn 0.2512 0.8259 0.5048
vn 0.2554 0.8106 0.5270
vn 0.0494 0.8438 0.5344
vn 0.0851 0.8480 0.5231
vn 0.0827 0.8410 0.5346
vn 0.1481 0.8458 0.5126
vn 0.2016 0.8108 0.5496
vn 0.2292 0.8067 0.5447
vn 0.0080 0.8750 0.4841
vn 0.0039 0.9071 0.4209
vn 0.0083 0.9092 0.4164
vn 0.0508 0.9016 0.4296
vn 0.0475 0.8997 0.4339
vn 0.1020 0.8977 0.4285
vn 0.0955 0.8872 0.4514
vn 0.1157 0.8945 0.4319
vn 0.1833 0.8777 0.4427
vn 0.1933 0.8887 0.4157
vn 0.7457 -0.0000 0.6663
vn -0.3827 -0.0029 -0.9239
vn -0.3799 -0.0032 -0.9250
vn -0.5461 0.0011 -0.8377
vn -0.6088 -0.0039 -0.7933
vn -0.7949 -0.0021 -0.6067
vn -0.7934 -0.0023 -0.6088
vn -0.6794 0.0007 -0.7337
vn -0.9394 -0.0004 -0.3429
vn -0.9239 -0.0034 -0.3827
vn -0.8813 0.0005 -0.4726
vn -0.9914 -0.0015 -0.1305
vn -0.9883 -0.0038 -0.1522
vn -0.9881 -0.0003 0.1535
vn -0.9914 -0.0023 0.1305
vn -0.9997 0.0006 -0.0250
vn -0.9272 -0.0023 0.3747
vn -0.9239 -0.0015 0.3827
vn -0.8404 0.0006 0.5419
vn -0.7933 -0.0033 0.6088
vn -0.7487 0.0005 0.6629
vn -0.5902 -0.0003 0.8072
vn -0.6088 -0.0023 0.7934
vn -0.3827 -0.0014 0.9239
vn -0.3828 -0.0014 0.9238
vn -0.1763 -0.0044 0.9843
vn -0.1305 0.0004 0.9914
vn 0.1305 0.0003 0.9914
vn 0.2040 -0.0073 0.9790
vn 0.0366 0.0012 0.9993
vn 0.5529 0.0011 0.8332
vn 0.3827 -0.0027 0.9239
vn 0.3606 -0.0008 0.9327
vn 0.6088 -0.0003 0.7934
vn 0.6920 -0.0111 0.7218
vn 0.9084 -0.0007 0.4180
vn 0.7934 0.0003 0.6088
vn 0.8344 -0.0072 0.5511
vn 0.9239 0.0011 0.3827
vn 0.9514 -0.0083 0.3079
vn 0.9914 -0.0005 0.1305
vn 0.9938 -0.0025 0.1111
vn 0.9264 -0.0013 -0.3764
vn 0.9914 0.0004 -0.1305
vn 0.9809 -0.0072 -0.1946
vn 0.9977 -0.0000 -0.0671
vn 0.8488 0.0006 -0.5287
vn 0.9239 -0.0019 -0.3827
vn 0.6088 0.0006 -0.7934
vn 0.5414 -0.0099 -0.8407
vn 0.6475 -0.0003 -0.7620
vn 0.7934 -0.0002 -0.6088
vn 0.7619 -0.0060 -0.6476
vn 0.3827 -0.0009 -0.9239
vn 0.3729 -0.0021 -0.9279
vn -0.2482 0.0006 -0.9687
vn -0.1234 -0.0032 -0.9924
vn -0.1305 -0.0024 -0.9914
vn 0.1305 0.0011 -0.9914
vn 0.0574 -0.0086 -0.9983
vn 0.1886 -0.0000 -0.9820
vn -0.9989 -0.0008 -0.0475
vn 0.9914 0.0014 0.1305
vn 0.9951 0.0046 0.0985
vn 0.9195 0.0013 0.3931
vn 0.9239 0.0022 0.3827
vn 0.9741 -0.0007 0.2263
vn 0.7486 -0.0000 0.6631
vn 0.7933 0.0035 0.6088
vn 0.8381 -0.0005 0.5454
vn 0.6088 0.0006 0.7934
vn 0.6515 0.0060 0.7586
vn 0.3651 0.0011 0.9310
vn 0.3827 0.0027 0.9239
vn 0.5395 -0.0007 0.8420
vn 0.2089 -0.0004 0.9779
vn 0.1305 0.0034 0.9914
vn 0.0393 -0.0012 0.9992
vn -0.3827 0.0005 0.9239
vn -0.3902 0.0014 0.9207
vn -0.1305 -0.0004 0.9914
vn -0.1764 0.0044 0.9843
vn -0.5939 0.0007 0.8046
vn -0.6088 0.0023 0.7934
vn -0.8405 -0.0006 0.5418
vn -0.7933 0.0033 0.6088
vn -0.7493 -0.0004 0.6623
vn -0.9914 0.0019 0.1305
vn -0.9896 0.0007 0.1439
vn -0.9239 0.0005 0.3827
vn -0.9309 0.0025 0.3653
vn -0.9377 0.0009 -0.3476
vn -0.9914 -0.0004 -0.1305
vn -0.9791 0.0082 -0.2034
vn -0.7945 0.0016 -0.6072
vn -0.9239 -0.0009 -0.3827
vn -0.8874 0.0096 -0.4608
vn -0.5627 0.0069 -0.8266
vn -0.6088 0.0004 -0.7934
vn -0.4518 -0.0001 -0.8921
vn -0.6779 -0.0006 -0.7352
vn -0.7934 0.0018 -0.6088
vn -0.3827 -0.0000 -0.9239
vn -0.3307 0.0069 -0.9437
vn 0.1925 -0.0003 -0.9813
vn 0.1305 0.0039 -0.9914
vn 0.0473 -0.0006 -0.9989
vn -0.1305 0.0016 -0.9914
vn -0.1314 0.0015 -0.9913
vn 0.3827 0.0020 -0.9239
vn 0.3860 0.0017 -0.9225
vn 0.6620 -0.0000 -0.7495
vn 0.5639 0.0071 -0.8258
vn 0.6088 0.0003 -0.7934
vn 0.7655 0.0058 -0.6435
vn 0.7934 0.0008 -0.6088
vn 0.9981 -0.0003 -0.0623
vn 0.9914 0.0036 -0.1305
vn 0.9795 -0.0003 -0.2015
vn 0.9304 0.0012 -0.3667
vn 0.9239 0.0028 -0.3827
vn 0.8516 -0.0008 -0.5242
vn -0.7365 -0.2615 -0.6238
vn -0.8960 -0.4354 0.0867
vn -0.9164 -0.2874 -0.2787
vn -0.8804 -0.1461 -0.4513
vn -0.7344 -0.6753 0.0684
vn -0.7746 -0.6298 0.0583
vn -0.8204 -0.5692 -0.0546
vn -0.8220 -0.5668 -0.0547
vn -0.8060 -0.5730 -0.1486
vn -0.7493 -0.6519 -0.1162
vn -0.7169 -0.6557 -0.2367
vn -0.7031 -0.6734 -0.2284
vn -0.7513 -0.5210 -0.4052
vn -0.6338 -0.6781 -0.3721
vn -0.6382 -0.6712 -0.3770
vn -0.5108 -0.8445 0.1609
vn -0.4043 -0.9086 0.1047
vn -0.4131 -0.9107 0.0055
vn -0.3779 -0.9234 -0.0674
vn -0.4451 -0.8865 -0.1263
vn -0.4393 -0.6818 0.5849
vn -0.5907 -0.4979 0.6350
vn -0.6296 -0.5025 0.5926
vn -0.6420 -0.4747 0.6021
vn -0.6663 -0.5319 0.5226
vn -0.6813 -0.5023 0.5325
vn -0.7200 -0.5188 0.4608
vn -0.7204 -0.5182 0.4609
vn -0.7608 -0.5247 0.3820
vn -0.7598 -0.5263 0.3817
vn -0.7962 -0.5250 0.3007
vn -0.7984 -0.5214 0.3013
vn -0.8248 -0.5212 0.2193
vn -0.7513 -0.6231 0.2174
vn -0.5101 -0.8256 0.2413
vn -0.6756 -0.2539 -0.6922
vn -0.5462 -0.7171 -0.4330
vn -0.3080 -0.9493 -0.0629
vn -0.6008 -0.5729 -0.5575
vn -0.5865 -0.4050 -0.7014
vn -0.4872 -0.5820 -0.6510
vn -0.4739 -0.6185 -0.6268
vn -0.3919 -0.6125 -0.6865
vn -0.3908 -0.6146 -0.6852
vn -0.3133 -0.6113 -0.7267
vn -0.3166 -0.6040 -0.7314
vn -0.2179 -0.5948 -0.7738
vn -0.2375 -0.5387 -0.8083
vn -0.1276 -0.5188 -0.8453
vn -0.1080 -0.6103 -0.7848
vn -0.0382 -0.4835 -0.8745
vn -0.4608 -0.8310 -0.3117
vn -0.3965 -0.8346 -0.3824
vn -0.1558 -0.8700 -0.4678
vn -0.0787 -0.9072 -0.4133
vn -0.0992 -0.8602 -0.5002
vn -0.1439 -0.9748 -0.1706
vn -0.0369 -0.9964 -0.0764
vn -0.0115 -0.2564 0.9665
vn -0.0203 -0.6103 0.7919
vn -0.3129 -0.2964 0.9023
vn -0.3967 -0.2933 0.8698
vn -0.4707 -0.3146 0.8243
vn -0.4702 -0.3158 0.8241
vn -0.3961 -0.3064 0.8656
vn -0.5481 -0.3017 0.7801
vn -0.0767 -0.7392 0.6691
vn -0.0753 -0.7122 0.6979
vn -0.1597 -0.5883 0.7927
vn -0.1874 -0.6780 0.7108
vn -0.3857 -0.7026 0.5980
vn -0.4245 -0.6728 0.6059
vn 0.0381 -0.5989 -0.7999
vn 0.0249 -0.8543 -0.5192
vn 0.0236 -0.9844 -0.1743
vn 0.1488 -0.2703 -0.9512
vn 0.2141 -0.3060 -0.9276
vn 0.0478 -0.6639 -0.7463
vn 0.0996 -0.6080 -0.7876
vn 0.3311 -0.6096 -0.7203
vn 0.3744 -0.6023 -0.7050
vn 0.5015 -0.5884 -0.6342
vn 0.5454 -0.5724 -0.6123
vn 0.6173 -0.6114 -0.4952
vn 0.1772 -0.8625 -0.4740
vn 0.1796 -0.8095 -0.5590
vn 0.2432 -0.8021 -0.5454
vn 0.3665 -0.7789 -0.5089
vn 0.4005 -0.7732 -0.4917
vn 0.5017 -0.7605 -0.4122
vn 0.5164 -0.7582 -0.3981
vn 0.0311 -0.9933 -0.1113
vn 0.1008 -0.9723 -0.2109
vn 0.3787 -0.9154 -0.1368
vn 0.5480 -0.2824 0.7874
vn 0.4792 -0.3072 0.8222
vn 0.1806 -0.3282 0.9272
vn 0.0984 -0.2455 0.9644
vn 0.0998 -0.2384 0.9660
vn 0.4111 -0.6429 0.6462
vn 0.3040 -0.6711 0.6761
vn 0.3206 -0.5302 0.7849
vn 0.2242 -0.6416 0.7336
vn 0.0409 -0.7449 0.6660
vn 0.6589 -0.5879 -0.4693
vn 0.6084 -0.7508 -0.2574
vn 0.6936 -0.5907 -0.4122
vn 0.7292 -0.6166 -0.2969
vn 0.7236 -0.6283 -0.2856
vn 0.7720 -0.5989 -0.2129
vn 0.7622 -0.6165 -0.1974
vn 0.8139 -0.5539 -0.1752
vn 0.7830 -0.6192 -0.0589
vn 0.8214 -0.5617 -0.0990
vn 0.8256 -0.5642 -0.0017
vn 0.8156 -0.5785 0.0077
vn 0.8303 -0.5508 0.0845
vn 0.7874 -0.6054 0.1156
vn 0.4247 -0.8989 -0.1076
vn 0.6563 -0.2487 0.7123
vn 0.4717 -0.6267 0.6202
vn 0.6707 -0.4314 0.6033
vn 0.6927 -0.4671 0.5495
vn 0.7063 -0.4473 0.5487
vn 0.7332 -0.4865 0.4751
vn 0.7457 -0.4685 0.4737
vn 0.7721 -0.4999 0.3925
vn 0.7718 -0.5002 0.3926
vn 0.7937 -0.5206 0.3147
vn 0.8024 -0.5090 0.3115
vn 0.8237 -0.5212 0.2234
vn 0.7745 -0.5836 0.2440
vn 0.8568 -0.4944 0.1463
vn -0.6406 0.2608 0.7222
vn -0.4692 0.6229 0.6260
vn -0.3674 0.3071 0.8779
vn -0.2910 0.2831 0.9139
vn -0.2013 0.3357 0.9202
vn -0.1992 0.3098 0.9297
vn -0.2803 0.3146 0.9069
vn -0.1028 0.2719 0.9568
vn -0.1015 0.2778 0.9552
vn -0.3323 0.7342 0.5921
vn -0.3524 0.7128 0.6064
vn -0.3712 0.5856 0.7207
vn -0.2821 0.6705 0.6861
vn -0.0441 0.7452 0.6653
vn -0.5101 0.8213 0.2553
vn -0.4056 0.7568 0.5126
vn -0.6507 0.4630 0.6018
vn -0.6713 0.5026 0.5448
vn -0.6875 0.4810 0.5440
vn -0.7111 0.5199 0.4734
vn -0.7234 0.5036 0.4722
vn -0.7496 0.5319 0.3940
vn -0.7613 0.5169 0.3915
vn -0.7775 0.5427 0.3177
vn -0.7876 0.5302 0.3140
vn -0.8079 0.5416 0.2324
vn -0.7772 0.5800 0.2441
vn -0.8722 0.4691 0.1387
vn 0.0058 0.2385 0.9711
vn 0.0169 0.6076 0.7940
vn 0.1281 0.2879 0.9490
vn 0.1868 0.3264 0.9266
vn 0.4867 0.3011 0.8200
vn 0.5624 0.2822 0.7772
vn 0.0544 0.6905 0.7213
vn 0.1587 0.6825 0.7134
vn 0.2439 0.5419 0.8043
vn 0.2711 0.6370 0.7216
vn 0.4417 0.6109 0.6570
vn -0.6523 0.5905 -0.4752
vn -0.3702 0.9238 -0.0974
vn -0.7887 0.3147 -0.5281
vn -0.8215 0.3456 -0.4536
vn -0.6370 0.6448 -0.4226
vn -0.6726 0.6287 -0.3903
vn -0.7385 0.6128 -0.2811
vn -0.7763 0.5894 -0.2234
vn -0.7475 0.6394 -0.1800
vn -0.8006 0.5745 -0.1706
vn -0.7673 0.6391 -0.0528
vn -0.7996 0.5944 -0.0861
vn -0.8196 0.5729 -0.0037
vn -0.8029 0.5960 0.0120
vn -0.8167 0.5698 0.0906
vn -0.7899 0.6031 0.1106
vn -0.3930 0.9192 -0.0253
vn -0.4177 0.9064 -0.0627
vn -0.5114 0.8541 -0.0952
vn -0.4054 0.9128 0.0486
vn -0.5161 0.8342 0.1943
vn 0.4801 0.6258 0.6147
vn 0.5985 0.4530 0.6607
vn 0.6507 0.4621 0.6026
vn 0.6593 0.4411 0.6089
vn 0.6914 0.4897 0.5312
vn 0.7002 0.4708 0.5366
vn 0.7433 0.4804 0.4655
vn 0.7348 0.4969 0.4617
vn 0.7879 0.4815 0.3840
vn 0.7756 0.5035 0.3807
vn 0.8025 0.5151 0.3012
vn 0.8002 0.5189 0.3007
vn 0.8381 0.5021 0.2132
vn 0.8227 0.5270 0.2133
vn -0.0190 0.5671 -0.8235
vn -0.0460 0.8518 -0.5218
vn -0.0238 0.9839 -0.1770
vn -0.1517 0.2727 -0.9501
vn -0.2148 0.3134 -0.9250
vn -0.3371 0.5225 -0.7832
vn -0.3939 0.5217 -0.7568
vn -0.4984 0.6069 -0.6191
vn -0.5568 0.5863 -0.5884
vn -0.5511 0.6451 -0.5293
vn -0.6136 0.5541 -0.5626
vn -0.0461 0.8520 -0.5215
vn -0.1025 0.7928 -0.6008
vn -0.1795 0.8606 -0.4767
vn -0.1763 0.8178 -0.5478
vn -0.2491 0.8080 -0.5339
vn -0.2416 0.8641 -0.4415
vn -0.3339 0.8508 -0.4059
vn -0.3401 0.7957 -0.5013
vn -0.3933 0.7882 -0.4733
vn -0.4655 0.8124 -0.3513
vn -0.3516 0.9322 -0.0853
vn 0.8261 0.5511 0.1174
vn 0.9190 0.2802 -0.2773
vn 0.8807 0.1203 -0.4582
vn 0.8214 0.5581 0.1177
vn 0.8274 0.5609 0.0282
vn 0.8325 0.5533 0.0273
vn 0.8218 0.5672 -0.0533
vn 0.8110 0.5828 -0.0505
vn 0.8016 0.5809 -0.1410
vn 0.7652 0.6320 -0.1223
vn 0.7371 0.6270 -0.2521
vn 0.7543 0.6015 -0.2631
vn 0.7060 0.6207 -0.3411
vn 0.6584 0.6854 -0.3111
vn 0.6572 0.6289 -0.4154
vn 0.6547 0.6324 -0.4141
vn 0.5981 0.6400 -0.4824
vn 0.2755 0.9607 -0.0323
vn 0.6181 0.5405 -0.5708
vn 0.5536 0.5594 -0.6169
vn 0.5657 0.5324 -0.6298
vn 0.4869 0.5653 -0.6658
vn 0.4697 0.6050 -0.6430
vn 0.3938 0.5987 -0.6975
vn 0.3910 0.6047 -0.6939
vn 0.3349 0.6031 -0.7240
vn 0.2061 0.5300 -0.8226
vn 0.1246 0.5163 -0.8473
vn 0.1051 0.6078 -0.7871
vn 0.0372 0.4874 -0.8724
vn 0.2366 0.8048 -0.5443
vn 0.2001 0.8014 -0.5637
vn 0.1643 0.8694 -0.4659
vn 0.0826 0.8677 -0.4902
vn 0.0858 0.8593 -0.5043
vn 0.3166 0.9455 -0.0762
vn 0.3505 0.9134 -0.2069
vn 0.2803 0.9463 -0.1612
vn 0.0339 0.9969 -0.0706
vn -0.8563 0.5148 -0.0414
vn -0.7216 0.6910 0.0410
vn -0.7026 0.7041 0.1031
vn -0.4793 0.8775 0.0183
vn -0.4390 0.8899 0.1236
vn -0.5809 0.8137 -0.0191
vn 0.0631 0.9750 0.2130
vn 0.0023 0.9999 0.0103
vn -0.2138 0.9766 -0.0218
vn -0.1622 0.9720 0.1700
vn -0.2865 0.9581 -0.0041
vn 0.0631 -0.9750 0.2129
vn -0.4455 -0.8952 0.0120
vn -0.4775 -0.8742 0.0879
vn -0.5788 -0.8153 -0.0175
vn -0.7021 -0.7036 0.1094
vn -0.7004 -0.7089 0.0830
vn -0.8619 -0.5063 -0.0274
vn -0.2861 -0.9582 -0.0035
vn -0.2128 -0.9718 0.1013
vn -0.1379 -0.9904 -0.0104
vn 0.0023 -0.9999 0.0103
vn -0.0617 0.0051 0.9981
vn -0.0217 -0.0000 0.9998
vn -0.0000 -0.0000 1.0000
vn -0.1013 0.7565 -0.6461
vn 0.0347 0.9990 0.0265
vn -0.0653 0.9948 -0.0779
vn -0.0434 0.9713 0.2337
vn -0.0222 0.9737 0.2267
vn -0.1722 0.8334 0.5252
vn 0.0581 0.8952 0.4419
vn 0.0289 0.9882 -0.1501
vn 0.0133 0.9421 -0.3350
vn -0.0825 0.9217 -0.3790
vn 0.0700 0.8605 -0.5047
vn 0.0145 -0.9968 0.0780
vn 0.1654 -0.9766 0.1371
vn 0.1471 -0.7670 0.6245
vn 0.0108 -0.9248 0.3803
vn 0.2260 -0.8835 0.4104
vn 0.0323 -0.9447 0.3265
vn 0.2292 -0.8349 -0.5005
vn 0.0151 -0.9051 -0.4250
vn 0.0150 -0.9997 -0.0209
vn 0.0709 -0.9698 -0.2334
vn 0.1126 -0.9704 -0.2135
vn 1.0000 -0.0000 -0.0002
vn 1.0000 -0.0000 -0.0001
vn 0.1498 0.7658 0.6253
vn 0.0161 0.8797 0.4753
vn 0.1377 0.9191 0.3691
vn 0.0375 0.9445 0.3264
vn 0.0073 0.9889 0.1481
vn 0.1087 0.9919 0.0650
vn 0.0211 0.9996 -0.0191
vn 0.1308 0.9608 -0.2443
vn 0.0433 0.9763 -0.2121
vn 0.2218 0.8354 -0.5029
vn 0.0058 0.9084 -0.4181
vn -0.1626 -0.8335 0.5281
vn 0.0540 -0.8952 0.4423
vn -0.0150 -0.9691 0.2464
vn -0.0602 -0.9723 0.2257
vn 0.0556 -0.9963 -0.0653
vn -0.1437 -0.9796 -0.1404
vn 0.0309 -0.9992 0.0265
vn -0.0832 -0.7570 -0.6481
vn 0.1204 -0.9212 -0.3700
vn -0.2045 -0.8834 -0.4217
vn 0.0074 -0.9422 -0.3350
vn 1.0000 -0.0000 0.0001
vn 1.0000 -0.0000 0.0002
vn -0.9992 0.0090 -0.0397
vn -0.9963 0.0233 -0.0826
vn -0.9963 0.0041 -0.0854
vn -0.9973 -0.0014 -0.0733
vn -0.9958 -0.0125 -0.0904
vn -0.9965 -0.0307 -0.0779
vn -0.9962 -0.0292 -0.0822
vn -0.9933 0.0499 -0.1047
vn -0.9917 0.0261 -0.1257
vn -0.9310 0.3646 -0.0163
vn -0.9861 0.1402 -0.0892
vn -0.9865 0.1455 -0.0752
vn -0.9859 0.1590 -0.0524
vn -0.9911 0.1275 -0.0382
vn -0.9899 0.1419 -0.0045
vn -0.9904 0.1382 -0.0052
vn -0.9620 0.1125 -0.2489
vn -0.9537 0.2934 -0.0655
vn -0.9436 0.3219 -0.0776
vn -0.9294 0.3516 -0.1125
vn -0.9921 0.0615 -0.1091
vn -0.9923 0.0635 -0.1059
vn -0.9856 0.1288 -0.1099
vn -0.9856 0.1260 -0.1129
vn -0.9671 0.2238 -0.1207
vn -0.9363 0.3415 -0.0814
vn -0.9312 0.3406 -0.1298
vn -0.9317 0.3386 -0.1314
vn -0.9673 0.2220 -0.1224
vn -0.9735 0.2224 -0.0537
vn -0.9730 0.2250 -0.0521
vn -0.9721 0.2323 -0.0322
vn -0.9782 0.2074 -0.0059
vn -0.9750 0.2221 0.0013
vn -0.9328 -0.3340 -0.1351
vn -0.9851 -0.1682 -0.0370
vn -0.9865 -0.1453 -0.0757
vn -0.9861 -0.1403 -0.0888
vn -0.9764 -0.1258 -0.1758
vn -0.9960 -0.0784 0.0436
vn -0.9925 -0.0754 -0.0967
vn -0.9268 -0.3735 -0.0400
vn -0.9918 -0.0666 -0.1089
vn -0.9863 -0.1264 -0.1064
vn -0.9823 -0.1399 -0.1242
vn -0.9716 -0.1997 -0.1272
vn -0.9431 -0.3324 -0.0079
vn -0.9377 -0.3474 0.0033
vn -0.9300 -0.3451 -0.1262
vn -0.9404 -0.3346 -0.0613
vn -0.9740 -0.2195 -0.0558
vn -0.9758 -0.2184 -0.0135
vn -0.9800 -0.1991 -0.0061
vn -0.9689 -0.2222 -0.1093
vn -0.9734 -0.2224 -0.0541
vn -0.9920 -0.1154 -0.0513
vn -0.9889 -0.1485 -0.0059
vn -0.9909 -0.1347 -0.0027
vn -0.0027 -0.6752 0.7376
vn -0.0035 -0.8723 0.4890
vn 0.0008 -0.8461 0.5330
vn -0.0038 -0.7956 0.6058
vn -0.0007 -0.7828 0.6222
vn 0.0019 -0.7258 0.6879
vn -0.0050 -0.9080 0.4189
vn -0.0005 -0.9074 0.4202
vn 0.0047 -0.8743 0.4854
vn -0.0072 -0.8811 0.4728
vn -0.0062 -0.8799 0.4752
vn 0.0009 -0.1830 0.9831
vn -0.0108 -0.3098 0.9507
vn 0.0152 -0.1872 0.9822
vn -0.0001 -0.6541 0.7564
vn -0.0000 -0.5573 0.8303
vn -0.0061 -0.5942 0.8043
vn 0.0013 -0.5162 0.8565
vn 0.0006 -0.4179 0.9085
vn -0.0009 -0.4308 0.9024
vn 0.0023 -0.2805 0.9598
vn -0.0018 0.0923 0.9957
vn 0.0009 0.0627 0.9980
vn 0.0014 -0.0486 0.9988
vn -0.0008 -0.0718 0.9974
vn -0.0008 0.2994 0.9541
vn 0.0136 0.1958 0.9805
vn -0.0097 0.3191 0.9477
vn 0.0011 0.2014 0.9795
vn -0.0000 0.4419 0.8971
vn -0.0038 0.4767 0.8791
vn 0.0005 0.5300 0.8480
vn -0.0042 0.7417 0.6708
vn -0.0025 0.7320 0.6813
vn 0.0011 0.6034 0.7975
vn -0.0021 0.6293 0.7771
vn 0.0002 0.7024 0.7118
vn 0.0008 0.8808 0.4735
vn -0.0046 0.8800 0.4750
vn -0.0065 0.8828 0.4697
vn -0.0034 0.8809 0.4733
vn 0.0006 0.7799 0.6259
vn -0.0016 0.8157 0.5785
vn 0.0001 0.8276 0.5613
vn -0.0001 0.8645 0.5027
vn -0.6410 0.0683 0.7645
vn -0.6719 0.0557 0.7386
vn 0.9987 -0.0508 0.0032
vn 0.9988 -0.0479 0.0059
vn 0.9987 -0.0513 0.0001
vn 0.9994 -0.0344 -0.0001
vn 0.9996 -0.0298 0.0029
vn 0.9996 -0.0262 0.0120
vn 0.9991 -0.0238 0.0338
vn 0.9960 -0.0890 0.0083
vn 0.9966 -0.0825 0.0012
vn 0.9948 -0.1020 -0.0004
vn 0.9966 -0.0820 0.0037
vn 0.9972 -0.0743 0.0003
vn 0.9978 -0.0656 -0.0003
vn 0.9984 -0.0560 -0.0000
vn 0.9982 -0.0558 0.0235
vn 0.9988 -0.0483 0.0006
vn 0.9896 -0.1437 -0.0000
vn 0.9896 -0.1438 -0.0001
vn 0.9896 -0.1439 -0.0000
vn 0.9896 -0.1440 -0.0000
vn 0.9897 -0.1434 -0.0000
vn 0.9900 -0.1413 -0.0009
vn 0.9898 -0.1424 -0.0018
vn 0.9896 -0.1438 -0.0000
vn 0.9901 -0.1403 -0.0001
vn 0.9917 -0.1285 0.0078
vn 0.9917 -0.1284 0.0075
vn 0.9898 -0.1426 -0.0019
vn 0.9919 -0.1272 0.0056
vn 0.9923 -0.1241 0.0024
vn 0.9943 -0.1064 -0.0046
vn 0.9933 -0.1158 0.0067
vn 0.9938 -0.1109 0.0026
vn 0.9993 0.0326 0.0165
vn 0.9994 0.0343 -0.0026
vn 0.9999 0.0149 0.0008
vn 0.9993 0.0367 0.0061
vn 0.9975 0.0652 -0.0276
vn 0.9985 0.0533 0.0151
vn 0.9953 0.0837 -0.0479
vn 0.9984 0.0563 0.0103
vn 0.9988 0.0483 0.0016
vn 0.9987 0.0502 0.0033
vn 0.9983 0.0583 0.0083
vn 0.9921 0.1252 0.0095
vn 0.9920 0.1257 0.0111
vn 0.9932 0.1166 0.0012
vn 0.9925 0.1223 0.0053
vn 0.9922 0.1247 0.0089
vn 0.9901 0.1405 -0.0001
vn 0.9896 0.1438 -0.0000
vn 0.9896 0.1437 -0.0000
vn 0.9896 0.1439 -0.0000
vn 0.9897 0.1434 -0.0000
vn 0.9899 0.1415 -0.0009
vn 0.9898 0.1426 -0.0017
vn 0.9975 0.0706 0.0023
vn 0.9969 0.0789 -0.0003
vn 0.9957 0.0928 0.0008
vn 0.9954 0.0955 0.0024
vn 0.9944 0.1059 -0.0005
vn 0.9937 0.1118 0.0003
vn 0.9997 -0.0249 0.0017
vn 0.9994 -0.0306 0.0152
vn 0.9951 -0.0989 -0.0022
vn 0.9973 -0.0740 0.0031
vn 0.9963 -0.0850 -0.0104
vn 0.9951 -0.0985 -0.0024
vn 0.9942 -0.1079 -0.0000
vn 0.9948 -0.1019 0.0046
vn 0.9940 -0.1092 -0.0019
vn 0.9955 -0.0949 0.0003
vn 0.9960 -0.0898 0.0015
vn 0.9973 -0.0737 -0.0053
vn 0.9978 -0.0669 0.0002
vn 0.9945 -0.1050 0.0005
vn 0.9897 -0.1430 -0.0019
vn 0.9850 -0.1728 -0.0000
vn 0.9848 -0.1740 -0.0000
vn 0.9844 -0.1757 0.0001
vn 0.9846 -0.1749 -0.0002
vn 0.9847 -0.1745 -0.0000
vn 0.9845 -0.1752 -0.0000
vn 0.9844 -0.1761 -0.0000
vn 0.9844 -0.1760 -0.0001
vn 0.9844 -0.1761 -0.0001
vn 0.9882 -0.1532 0.0023
vn 0.9917 -0.1254 0.0288
vn 0.9891 -0.1475 -0.0035
vn 0.9892 -0.1467 -0.0025
vn 0.9872 -0.1594 -0.0004
vn 0.9833 -0.1818 0.0006
vn 0.9833 -0.1819 0.0006
vn 0.9834 -0.1813 0.0013
vn 0.9813 -0.1923 -0.0004
vn 0.9812 -0.1931 -0.0002
vn 0.9810 -0.1938 -0.0000
vn 0.9811 -0.1934 -0.0002
vn 0.9811 -0.1937 -0.0001
vn 0.9831 -0.1832 -0.0014
vn 0.9833 -0.1822 -0.0012
vn 0.9822 -0.1880 -0.0028
vn 0.9822 -0.1876 -0.0036
vn 0.9815 -0.1915 -0.0008
vn 0.9815 -0.1917 0.0002
vn 0.9802 -0.1980 -0.0031
vn 0.9812 -0.1931 -0.0000
vn 0.9824 -0.1870 0.0005
vn 0.9816 -0.1909 0.0001
vn 0.9997 -0.0237 -0.0035
vn 0.9995 -0.0131 -0.0274
vn 0.9992 -0.0408 -0.0003
vn 0.9886 0.1506 0.0003
vn 0.9962 0.0868 0.0016
vn 0.9967 0.0817 -0.0015
vn 0.9954 0.0959 -0.0001
vn 0.9945 0.1049 -0.0011
vn 0.9934 0.1150 -0.0051
vn 0.9898 0.1398 -0.0268
vn 0.9945 0.1045 0.0077
vn 0.9935 0.1138 -0.0001
vn 0.9934 0.1143 -0.0000
vn 0.9943 0.1065 -0.0073
vn 0.9930 0.1182 0.0052
vn 0.9956 0.0941 -0.0020
vn 0.9960 0.0894 -0.0038
vn 0.9967 0.0817 0.0025
vn 0.9975 0.0705 -0.0003
vn 0.9991 0.0402 -0.0108
vn 0.9995 0.0319 0.0050
vn 0.9818 0.1901 -0.0034
vn 0.9818 0.1899 0.0056
vn 0.9814 0.1919 0.0001
vn 0.9814 0.1918 -0.0000
vn 0.9816 0.1909 0.0009
vn 0.9815 0.1916 -0.0002
vn 0.9816 0.1908 0.0003
vn 0.9816 0.1910 0.0001
vn 0.9834 0.1813 0.0019
vn 0.9833 0.1820 0.0005
vn 0.9811 0.1934 -0.0001
vn 0.9811 0.1933 -0.0003
vn 0.9811 0.1933 -0.0002
vn 0.9819 0.1892 0.0003
vn 0.9823 0.1873 -0.0061
vn 0.9822 0.1876 -0.0042
vn 0.9814 0.1922 0.0003
vn 0.9815 0.1913 -0.0026
vn 0.9860 0.1662 -0.0112
vn 0.9851 0.1713 -0.0169
vn 0.9883 0.1525 0.0054
vn 0.9832 0.1826 -0.0013
vn 0.9829 0.1844 -0.0018
vn 0.9819 0.1892 0.0002
vn 0.9850 0.1728 -0.0016
vn 0.9846 0.1747 0.0003
vn 0.9848 0.1737 -0.0025
vn 0.9845 0.1754 -0.0004
vn 0.9844 0.1757 -0.0002
vn 0.9844 0.1758 -0.0001
vn 0.9852 0.1715 -0.0045
vn 0.9847 0.1743 -0.0000
vn 0.9879 0.1552 -0.0005
vn 0.9876 0.1570 -0.0022
vn 0.9868 0.1616 -0.0065
vn 0.9992 0.0399 0.0070
vn 0.9989 0.0437 0.0152
vn 0.9999 0.0113 -0.0089
vn -0.9985 -0.0334 0.0441
vn -0.9991 0.0224 0.0365
vn -0.9995 -0.0022 0.0328
vn -0.9989 -0.0111 0.0452
vn -0.9989 -0.0295 0.0367
vn -0.9983 0.0328 0.0484
vn -0.9988 0.0095 0.0483
vn -0.9889 -0.1465 0.0240
vn -0.9876 -0.1425 0.0659
vn -0.9786 -0.1137 0.1717
vn -0.9874 -0.1476 0.0571
vn -0.9960 -0.0702 0.0545
vn -0.9743 -0.2110 0.0782
vn -0.9880 -0.1373 0.0709
vn -0.9897 -0.1289 0.0626
vn -0.9960 -0.0717 0.0534
vn -0.9430 -0.3324 0.0178
vn -0.9313 -0.3618 0.0413
vn -0.9717 -0.2306 0.0518
vn -0.9865 -0.1570 0.0466
vn -0.9917 -0.1252 0.0300
vn -0.9757 -0.2182 0.0208
vn -0.9775 -0.2091 0.0269
vn -0.9729 -0.2250 0.0541
vn -0.9440 -0.3241 0.0625
vn -0.9305 -0.3560 0.0864
vn -0.9829 -0.0381 0.1800
vn -0.9833 -0.0400 0.1776
vn -0.9843 -0.0113 0.1759
vn -0.9845 -0.0118 0.1751
vn -0.9845 0.0113 0.1751
vn -0.9843 0.0118 0.1759
vn -0.9834 0.0381 0.1775
vn -0.9828 0.0400 0.1802
vn -0.9906 -0.0359 0.1322
vn -0.9908 -0.0376 0.1300
vn -0.9916 -0.0106 0.1285
vn -0.9917 -0.0111 0.1278
vn -0.9917 0.0106 0.1278
vn -0.9916 0.0111 0.1286
vn -0.9909 0.0358 0.1299
vn -0.9905 0.0376 0.1324
vn -0.9949 -0.0338 0.0954
vn -0.9950 -0.0355 0.0932
vn -0.9957 -0.0100 0.0920
vn -0.9958 -0.0105 0.0912
vn -0.9958 0.0100 0.0912
vn -0.9957 0.0105 0.0920
vn -0.9951 0.0338 0.0931
vn -0.9948 0.0355 0.0956
vn -0.9972 -0.0321 0.0672
vn -0.9973 -0.0336 0.0656
vn -0.9980 -0.0113 0.0626
vn -0.9979 -0.0099 0.0642
vn -0.9980 0.0094 0.0618
vn -0.9980 0.0099 0.0626
vn -0.9971 0.0350 0.0672
vn -0.9973 0.0336 0.0657
vn -0.9853 0.1677 0.0315
vn -0.9876 0.1437 0.0636
vn -0.9797 0.1142 0.1649
vn -0.9974 0.0602 0.0390
vn -0.9332 0.3560 0.0488
vn -0.9468 0.3210 0.0239
vn -0.9511 0.3084 0.0200
vn -0.9742 0.2228 0.0364
vn -0.9772 0.2108 0.0268
vn -0.9742 0.2255 0.0074
vn -0.9391 0.3427 0.0268
vn -0.9387 0.3424 0.0414
vn -0.9362 0.3486 0.0444
vn -0.9355 0.3425 0.0872
vn -0.9379 0.3365 0.0837
vn -0.9711 0.2276 0.0720
vn -0.9756 0.2136 0.0506
vn -0.9950 0.0903 0.0417
vn -0.9881 0.1523 0.0239
vn -0.9956 0.0723 0.0601
vn -0.9897 0.1272 0.0651
vn -0.9881 0.1364 0.0708
vn -0.9730 0.2170 0.0788
vn 0.2631 -0.8211 0.5066
vn 0.7709 0.4677 0.4325
vn 0.6666 -0.5485 0.5048
vn 0.7092 -0.5895 0.3867
vn 0.6339 -0.6952 0.3389
vn 0.6407 -0.7293 0.2400
vn 0.7503 -0.6298 0.2010
vn 0.4563 -0.6980 0.5519
vn 0.3152 -0.8117 0.4917
vn 0.3661 -0.8296 0.4217
vn 0.3151 -0.8571 0.4075
vn 0.2660 -0.8942 0.3602
vn 0.3955 -0.8429 0.3648
vn 0.3584 -0.8834 0.3020
vn 0.2743 -0.9196 0.2812
vn 0.7613 0.6131 0.2110
vn 0.2186 0.9335 0.2844
vn 0.5440 0.8095 0.2209
vn 0.7217 0.6236 0.3006
vn 0.9513 0.1625 0.2620
vn 0.9187 -0.3041 0.2519
vn 0.5268 0.6987 0.4841
vn 0.5605 0.5715 0.5993
vn 0.6483 0.3055 0.6974
vn 0.2731 0.9173 0.2898
vn 0.4244 0.8144 0.3958
vn 0.3058 0.8807 0.3616
vn 0.3807 0.8051 0.4549
vn 0.4094 0.7501 0.5195
vn 0.2151 0.8490 0.4826
vn 0.2307 0.8360 0.4978
vn -0.6634 0.7458 -0.0598
vn -0.6489 0.7609 0.0010
vn -0.7929 0.5915 -0.1462
vn -0.7669 0.6371 -0.0771
vn -0.8988 0.4289 -0.0907
vn -0.8528 0.4772 -0.2123
vn -0.4142 0.9038 -0.1072
vn -0.4203 0.9006 -0.1108
vn -0.5047 0.8560 -0.1121
vn -0.5135 0.8500 -0.1173
vn -0.5955 0.7946 -0.1179
vn -0.6059 0.7858 -0.1239
vn -0.6811 0.7218 -0.1234
vn -0.6913 0.7108 -0.1295
vn -0.7960 0.5920 -0.1260
vn -0.7922 0.5962 -0.1307
vn -0.8847 0.4484 -0.1275
vn -0.8762 0.4617 -0.1380
vn -0.4008 0.9160 0.0162
vn -0.4114 0.9113 0.0138
vn -0.4812 0.8765 0.0127
vn -0.4992 0.8664 0.0091
vn -0.5680 0.8230 0.0085
vn -0.5891 0.8080 0.0041
vn -0.6592 0.7520 0.0027
vn -0.4106 0.9114 -0.0288
vn -0.4173 0.9082 -0.0320
vn -0.4982 0.8664 -0.0334
vn -0.5085 0.8602 -0.0381
vn -0.5878 0.8080 -0.0393
vn -0.6001 0.7987 -0.0450
vn -0.6705 0.7405 -0.0458
vn -0.6862 0.7253 -0.0557
vn -0.7159 0.6959 -0.0568
vn -0.8826 -0.4510 -0.1329
vn -0.8844 -0.4483 -0.1301
vn -0.7861 -0.6025 -0.1378
vn -0.7960 -0.5920 -0.1260
vn -0.6804 -0.7213 -0.1297
vn -0.6920 -0.7114 -0.1232
vn -0.5950 -0.7941 -0.1239
vn -0.6064 -0.7864 -0.1179
vn -0.5043 -0.8555 -0.1172
vn -0.5139 -0.8505 -0.1122
vn -0.4140 -0.9035 -0.1107
vn -0.4205 -0.9009 -0.1073
vn -0.6291 -0.7773 0.0012
vn -0.7718 -0.6358 -0.0076
vn -0.7863 -0.6179 -0.0016
vn -0.8976 -0.4389 -0.0408
vn -0.8783 -0.4780 -0.0099
vn -0.8919 -0.4523 0.0040
vn -0.4115 -0.9113 0.0160
vn -0.4008 -0.9161 0.0140
vn -0.4993 -0.8664 0.0124
vn -0.4938 -0.8695 0.0115
vn -0.5892 -0.8080 0.0052
vn -0.6758 -0.7369 0.0164
vn -0.8827 -0.4663 -0.0582
vn -0.7845 -0.6172 -0.0608
vn -0.7937 -0.6061 -0.0518
vn -0.6737 -0.7372 -0.0515
vn -0.6866 -0.7255 -0.0459
vn -0.5876 -0.8079 -0.0448
vn -0.6003 -0.7988 -0.0395
vn -0.4980 -0.8663 -0.0379
vn -0.5086 -0.8603 -0.0335
vn -0.4105 -0.9113 -0.0318
vn -0.4174 -0.9083 -0.0289
vn 0.7883 0.5959 -0.1534
vn 0.7187 0.6683 -0.1920
vn 0.7192 0.6652 -0.2009
vn 0.5352 0.7649 -0.3584
vn 0.5564 0.7818 -0.2815
vn 0.4536 0.7658 -0.4558
vn 0.2762 0.8025 -0.5289
vn 0.0812 0.9557 -0.2830
vn 0.3674 0.9039 -0.2191
vn 0.4491 0.8578 -0.2499
vn 0.3233 0.8974 -0.3002
vn 0.3455 0.8517 -0.3941
vn 0.2931 0.7447 -0.5996
vn 0.1540 0.5042 -0.8498
vn 0.2542 -0.9445 -0.2081
vn 0.1617 -0.8910 -0.4243
vn 0.3863 -0.7960 -0.4661
vn 0.5567 -0.7704 -0.3109
vn 0.5607 -0.7724 -0.2983
vn 0.6980 -0.6537 -0.2925
vn 0.7373 -0.6535 -0.1710
vn 0.7898 -0.5911 -0.1639
vn 0.1054 -0.6551 -0.7481
vn 0.1683 -0.7161 -0.6774
vn 0.1757 -0.6927 -0.6995
vn 0.3308 -0.7173 -0.6133
vn 0.3546 -0.8460 -0.3982
vn 0.2867 -0.8882 -0.3591
vn 0.4122 -0.8773 -0.2459
vn 0.4055 -0.8806 -0.2453
vn -0.0065 -0.3602 -0.9328
vn -0.9043 -0.3530 0.2400
vn -0.9033 -0.3569 0.2381
vn -0.9434 -0.2471 0.2213
vn -0.9425 -0.2529 0.2185
vn -0.9676 -0.1505 0.2027
vn -0.9675 -0.1562 0.1990
vn -0.9787 -0.0814 0.1886
vn -0.9790 -0.0852 0.1851
vn -0.9175 -0.3494 0.1902
vn -0.9168 -0.3517 0.1893
vn -0.9556 -0.2396 0.1715
vn -0.9547 -0.2453 0.1686
vn -0.9777 -0.1435 0.1533
vn -0.9775 -0.1490 0.1496
vn -0.9871 -0.0769 0.1401
vn -0.9874 -0.0805 0.1366
vn -0.9261 -0.3460 0.1502
vn -0.9255 -0.3481 0.1492
vn -0.9657 -0.2245 0.1304
vn -0.9631 -0.2378 0.1257
vn -0.9837 -0.1412 0.1116
vn -0.9836 -0.1422 0.1109
vn -0.9921 -0.0726 0.1026
vn -0.9922 -0.0761 0.0991
vn -0.9358 -0.3329 0.1158
vn -0.9319 -0.3448 0.1123
vn -0.9658 -0.2398 0.0989
vn -0.9883 -0.1294 0.0810
vn -0.9949 -0.0677 0.0747
vn -0.9949 -0.0720 0.0708
vn 0.0406 -0.9988 0.0291
vn 0.4400 -0.8978 0.0202
vn 0.8008 -0.5988 0.0113
vn 0.4852 -0.8743 0.0167
vn 0.3034 -0.9528 0.0048
vn 0.4688 -0.8823 -0.0415
vn 0.4012 -0.9152 -0.0383
vn 0.3857 -0.9153 -0.1163
vn 0.4066 -0.9060 -0.1177
vn 0.7973 -0.6035 0.0115
vn 0.7830 -0.6215 -0.0264
vn 0.7794 -0.6260 -0.0263
vn 0.8307 -0.5521 -0.0717
vn 0.7819 -0.6192 -0.0715
vn 0.9885 -0.1512 0.0007
vn 0.9794 -0.1992 -0.0330
vn -0.6243 -0.7716 0.1218
vn -0.8303 -0.5291 0.1752
vn -0.8842 -0.4481 0.1320
vn -0.7992 -0.5403 0.2634
vn -0.8266 -0.5049 0.2488
vn -0.7292 -0.6534 0.2032
vn -0.7181 -0.6529 0.2410
vn -0.7529 -0.6288 0.1942
vn -0.5237 -0.8436 0.1191
vn -0.5121 -0.8574 0.0503
vn -0.6110 -0.7798 0.1364
vn -0.6614 -0.7318 0.1643
vn -0.6526 -0.7346 0.1857
vn -0.6820 -0.7188 0.1351
vn -0.6940 -0.7079 0.1313
vn -0.6272 -0.7694 0.1206
vn -0.4495 -0.8831 0.1341
vn -0.8631 -0.4344 0.2577
vn -0.8586 -0.4485 0.2483
vn -0.8841 -0.4483 0.1321
vn -0.8790 -0.4486 0.1617
vn -0.8825 -0.4403 0.1652
vn -0.7379 -0.6240 0.2571
vn -0.7788 -0.5751 0.2503
vn -0.7878 -0.5780 0.2127
vn -0.8390 -0.5061 0.1998
vn -0.8216 -0.5277 0.2158
vn -0.8782 -0.4342 0.2004
vn -0.8740 -0.4406 0.2049
vn -0.7030 -0.6950 0.1507
vn -0.7561 -0.6306 0.1752
vn -0.8059 -0.5707 0.1578
vn -0.8142 -0.5663 0.1278
vn -0.7955 -0.5881 0.1462
vn -0.8027 -0.5887 0.0951
vn -0.8891 -0.4477 0.0955
vn -0.4043 -0.9125 0.0618
vn -0.4523 -0.8887 0.0756
vn -0.4975 -0.8643 0.0744
vn -0.5535 -0.8281 0.0891
vn -0.5848 -0.8060 0.0914
vn -0.7205 -0.6854 0.1054
vn -0.6417 -0.7666 0.0240
vn -0.6285 -0.7773 0.0298
vn -0.4938 -0.8689 0.0339
vn -0.5064 -0.8615 0.0363
vn -0.5672 -0.8227 0.0373
vn -0.8897 -0.4542 0.0461
vn -0.8763 -0.4809 0.0290
vn -0.4007 -0.9155 0.0358
vn -0.4148 -0.9093 0.0330
vn -0.8835 -0.4593 0.0919
vn -0.8758 -0.4783 0.0652
vn -0.7755 -0.6269 0.0750
vn -0.7728 -0.6341 0.0250
vn -0.7859 -0.6175 0.0326
vn -0.6152 -0.7848 0.0752
vn -0.6691 -0.7398 0.0702
vn -0.6777 -0.7318 0.0716
vn -0.7878 -0.6124 0.0654
vn -0.7829 -0.6113 0.1156
vn -0.2514 -0.9677 0.0188
vn -0.2438 -0.9695 0.0231
vn -0.2521 -0.9668 -0.0418
vn -0.2293 -0.9733 0.0037
vn -0.2192 -0.9754 -0.0245
vn -0.2493 -0.9630 -0.1021
vn -0.2266 -0.9656 -0.1277
vn -0.3190 -0.9476 0.0172
vn -0.3225 -0.9464 0.0181
vn -0.3218 -0.9464 -0.0272
vn -0.3238 -0.9458 -0.0261
vn -0.3213 -0.9411 -0.1053
vn -0.3236 -0.9405 -0.1036
vn -0.4392 -0.8815 0.1731
vn -0.4323 -0.8790 0.2012
vn -0.3650 -0.9187 0.1507
vn -0.3695 -0.9148 0.1633
vn -0.2877 -0.9480 0.1364
vn -0.2897 -0.9469 0.1396
vn -0.2253 -0.9673 0.1161
vn -0.2286 -0.9656 0.1237
vn -0.4008 -0.9098 0.1075
vn -0.4127 -0.9085 0.0650
vn -0.4398 -0.8920 0.1044
vn -0.5167 -0.8471 0.1242
vn -0.5136 -0.8500 0.1172
vn -0.5563 -0.8192 0.1397
vn -0.5497 -0.8207 0.1558
vn -0.5265 -0.8137 0.2463
vn -0.6138 -0.7543 0.2329
vn -0.5890 -0.7674 0.2532
vn -0.6385 -0.7325 0.2361
vn -0.6332 -0.7514 0.1857
vn -0.6249 -0.7564 0.1933
vn -0.2924 -0.9484 0.1228
vn -0.3010 -0.9498 0.0855
vn -0.3429 -0.9282 0.1444
vn -0.3498 -0.9311 0.1032
vn -0.4124 -0.8973 0.1571
vn -0.4107 -0.8930 0.1839
vn -0.4747 -0.8715 0.1235
vn -0.4933 -0.8433 0.2135
vn -0.5409 -0.8231 0.1728
vn -0.4520 -0.8685 0.2035
vn -0.7295 0.0573 0.6816
vn -0.7269 0.0562 0.6845
vn -0.8166 0.0192 0.5769
vn -0.8002 0.0340 0.5988
vn -0.8002 -0.0356 0.5987
vn -0.7271 -0.0547 0.6844
vn -0.7591 0.0461 0.6493
vn -0.7976 0.0451 0.6015
vn -0.7999 0.0467 0.5983
vn -0.8571 0.0475 0.5129
vn -0.8558 0.0464 0.5153
vn -0.8988 0.0467 0.4360
vn -0.8975 0.0456 0.4386
vn -0.9288 0.0456 0.3679
vn -0.9277 0.0444 0.3706
vn -0.9499 0.0442 0.3095
vn -0.9490 0.0431 0.3123
vn -0.9695 0.0426 0.2414
vn -0.9689 0.0405 0.2440
vn -0.9708 0.0120 0.2394
vn -0.9711 0.0126 0.2385
vn -0.9515 0.0128 0.3075
vn -0.9518 0.0131 0.3065
vn -0.9306 0.0132 0.3658
vn -0.9310 0.0136 0.3648
vn -0.9008 0.0136 0.4341
vn -0.9012 0.0139 0.4331
vn -0.8594 0.0138 0.5112
vn -0.8528 0.0093 0.5222
vn -0.8211 0.0175 0.5706
vn -0.9711 -0.0120 0.2385
vn -0.9708 -0.0126 0.2395
vn -0.9518 -0.0128 0.3065
vn -0.9515 -0.0131 0.3075
vn -0.9310 -0.0132 0.3648
vn -0.9306 -0.0136 0.3659
vn -0.9012 -0.0136 0.4331
vn -0.9008 -0.0139 0.4341
vn -0.8534 -0.0138 0.5210
vn -0.8596 -0.0079 0.5108
vn -0.8152 -0.0201 0.5788
vn -0.8136 -0.0207 0.5811
vn -0.7209 -0.0598 0.6904
vn -0.7548 -0.0463 0.6543
vn -0.8001 -0.0452 0.5982
vn -0.7975 -0.0467 0.6015
vn -0.8556 -0.0475 0.5154
vn -0.8572 -0.0464 0.5128
vn -0.8974 -0.0467 0.4387
vn -0.8988 -0.0456 0.4359
vn -0.9314 -0.0455 0.3612
vn -0.9285 -0.0497 0.3681
vn -0.9503 -0.0373 0.3091
vn -0.9665 -0.0485 0.2522
vn -0.9696 -0.0405 0.2413
vn -0.9039 0.3555 0.2379
vn -0.9046 0.3529 0.2390
vn -0.9168 0.3517 0.1893
vn -0.9175 0.3494 0.1902
vn -0.9255 0.3481 0.1492
vn -0.9261 0.3460 0.1502
vn -0.9314 0.3449 0.1165
vn -0.9319 0.3433 0.1173
vn -0.9425 0.2529 0.2185
vn -0.9434 0.2471 0.2213
vn -0.9547 0.2453 0.1686
vn -0.9556 0.2396 0.1715
vn -0.9631 0.2378 0.1257
vn -0.9657 0.2245 0.1304
vn -0.9658 0.2381 0.1023
vn -0.9675 0.1562 0.1990
vn -0.9676 0.1505 0.2027
vn -0.9775 0.1490 0.1496
vn -0.9777 0.1435 0.1533
vn -0.9839 0.1421 0.1081
vn -0.9844 0.1364 0.1109
vn -0.9790 0.0852 0.1851
vn -0.9787 0.0814 0.1886
vn -0.9874 0.0805 0.1366
vn -0.9871 0.0769 0.1401
vn -0.9922 0.0761 0.0991
vn -0.9922 0.0760 0.0992
vn -0.9956 0.0660 0.0672
vn 0.9810 0.1921 -0.0272
vn 0.8292 0.5556 -0.0610
vn 0.7743 0.6283 -0.0754
vn 0.4467 0.8884 -0.1062
vn 0.4293 0.8965 -0.1094
vn 0.2959 0.9537 -0.0539
vn 0.7892 0.6139 -0.0132
vn 0.4844 0.8748 -0.0100
vn 0.4900 0.8716 -0.0096
vn 0.9591 0.2830 0.0018
vn 0.8289 0.5592 0.0147
vn 0.4414 0.8972 0.0159
vn 0.4571 0.8893 0.0164
vn 0.0377 0.9990 0.0235
vn -0.8650 0.4345 0.2511
vn -0.5478 0.8261 0.1319
vn -0.6315 0.7668 0.1151
vn -0.4491 0.8839 0.1305
vn -0.6269 0.7762 0.0664
vn -0.6927 0.7086 0.1341
vn -0.7056 0.6960 0.1333
vn -0.5608 0.8215 0.1031
vn -0.7350 0.6632 0.1415
vn -0.6496 0.7448 0.1528
vn -0.6028 0.7899 0.1125
vn -0.5281 0.8382 0.1359
vn -0.5195 0.8532 0.0475
vn -0.8740 0.4406 0.2049
vn -0.8782 0.4342 0.2004
vn -0.8216 0.5277 0.2158
vn -0.7842 0.6064 0.1317
vn -0.8152 0.5603 0.1468
vn -0.8762 0.4657 0.1238
vn -0.8841 0.4483 0.1320
vn -0.7149 0.6564 0.2410
vn -0.7600 0.5960 0.2591
vn -0.7791 0.5752 0.2493
vn -0.8268 0.5007 0.2564
vn -0.6672 0.7224 0.1815
vn -0.8677 0.4306 0.2484
vn -0.8237 0.5045 0.2590
vn -0.8390 0.5061 0.1998
vn -0.7878 0.5780 0.2127
vn -0.7563 0.6242 0.1959
vn -0.7304 0.6518 0.2043
vn -0.6141 0.7774 0.1360
vn -0.6607 0.7380 0.1369
vn -0.6779 0.7170 0.1626
vn -0.7472 0.6433 0.1670
vn -0.7598 0.6261 0.1752
vn -0.8125 0.5599 0.1624
vn -0.8303 0.5291 0.1752
vn -0.8790 0.4486 0.1617
vn -0.8825 0.4403 0.1652
vn -0.8834 0.4583 0.0980
vn -0.6661 0.7450 0.0361
vn -0.9044 0.4262 0.0214
vn -0.8724 0.4838 0.0696
vn -0.7077 0.7056 0.0357
vn -0.7596 0.6490 0.0427
vn -0.8062 0.5883 0.0626
vn -0.7773 0.6278 0.0393
vn -0.8812 0.4708 0.0433
vn -0.8875 0.4580 0.0511
vn -0.5985 0.7945 0.1028
vn -0.6329 0.7694 0.0866
vn -0.4840 0.8693 0.0999
vn -0.5521 0.8304 0.0744
vn -0.4516 0.8889 0.0774
vn -0.4104 0.9097 0.0640
vn -0.8816 0.4612 0.1002
vn -0.7851 0.6120 0.0953
vn -0.7822 0.6153 0.0981
vn -0.6813 0.7236 0.1106
vn -0.7115 0.6963 0.0949
vn -0.4117 0.9106 0.0355
vn -0.4007 0.9154 0.0375
vn -0.4766 0.8784 0.0362
vn -0.4811 0.8759 0.0352
vn -0.5799 0.8140 0.0323
vn -0.5681 0.8222 0.0351
vn -0.6532 0.7564 0.0331
vn -0.6528 0.7568 0.0341
vn -0.5163 0.8541 0.0621
vn -0.6025 0.7960 0.0587
vn -0.5778 0.8132 0.0700
vn -0.6855 0.7252 0.0646
vn -0.6639 0.7440 0.0748
vn -0.7878 0.6124 0.0662
vn -0.7751 0.6270 0.0786
vn -0.8781 0.4736 0.0679
vn -0.2458 0.9691 0.0201
vn -0.2286 0.9654 -0.1257
vn -0.2502 0.9628 -0.1021
vn -0.2221 0.9747 -0.0246
vn -0.2483 0.9686 -0.0119
vn -0.2312 0.9717 -0.0486
vn -0.2409 0.9704 0.0189
vn -0.3189 0.9476 0.0182
vn -0.3225 0.9464 0.0172
vn -0.3218 0.9464 -0.0260
vn -0.3238 0.9457 -0.0273
vn -0.3214 0.9413 -0.1036
vn -0.3235 0.9403 -0.1053
vn -0.3596 0.9291 0.0868
vn -0.2576 0.9551 0.1460
vn -0.2607 0.9596 0.1060
vn -0.2744 0.9532 0.1272
vn -0.3563 0.9194 0.1664
vn -0.3549 0.9239 0.1431
vn -0.4321 0.8801 0.1970
vn -0.4324 0.8759 0.2143
vn -0.4832 0.8586 0.1710
vn -0.4765 0.8565 0.1985
vn -0.5241 0.8413 0.1322
vn -0.5654 0.8107 0.1519
vn -0.4326 0.8968 0.0931
vn -0.4518 0.8851 0.1120
vn -0.5222 0.8445 0.1193
vn -0.3157 0.9424 0.1102
vn -0.5669 0.8046 0.1769
vn -0.6256 0.7568 0.1895
vn -0.6314 0.7318 0.2566
vn -0.6711 0.7036 0.2335
vn -0.3155 0.9421 0.1131
vn -0.4039 0.9043 0.1386
vn -0.4088 0.9006 0.1475
vn -0.4596 0.8743 0.1559
vn -0.5112 0.8397 0.1833
vn -0.5214 0.8354 0.1740
vn -0.5368 0.8155 0.2166
vn -0.5842 0.7770 0.2345
vn 0.0299 -0.6718 0.7401
vn 0.0041 -0.7727 0.6347
vn 0.0502 -0.7725 0.6330
vn 0.0578 -0.7515 0.6572
vn 0.0691 -0.7991 0.5972
vn 0.1288 -0.7526 0.6458
vn 0.1949 -0.6132 0.7655
vn 0.4603 0.1229 0.8792
vn 0.1179 -0.8459 0.5201
vn 0.2956 -0.6819 0.6691
vn 0.3358 -0.6059 0.7212
vn 0.3185 -0.7264 0.6091
vn 0.4213 -0.6097 0.6713
vn 0.9980 0.0002 0.0631
vn 0.9985 -0.0000 0.0552
vn 0.9829 -0.0003 0.1844
vn 0.9872 0.0005 0.1593
vn 0.9491 -0.0010 0.3150
vn 0.9773 0.0027 0.2119
vn 0.8693 0.0003 0.4942
vn 0.9268 0.0045 0.3756
vn 0.8234 -0.0042 0.5674
vn 0.9405 -0.0003 0.3399
vn 0.8969 0.0002 0.4423
vn 0.8093 -0.0002 0.5874
vn 0.7253 0.0023 0.6885
vn 0.7931 -0.0020 0.6091
vn 0.7196 -0.0002 0.6944
vn 0.3969 0.6406 0.6573
vn 0.5432 0.1732 0.8216
vn 0.3832 -0.6541 0.6522
vn 0.1732 0.6014 0.7799
vn 0.0892 0.5633 0.8214
vn 0.1853 0.8431 0.5047
vn 0.2595 0.7564 0.6004
vn 0.1706 0.8123 0.5577
vn 0.2242 0.6503 0.7258
vn 0.1355 0.8213 0.5542
vn 0.1120 0.7403 0.6629
vn 0.0811 0.6611 0.7459
vn 0.0201 0.7873 0.6163
vn 0.0012 0.7323 0.6809
vn 0.2066 -0.0188 0.9782
vn 0.1294 -0.0033 0.9916
vn 0.0287 -0.0019 0.9996
vn 0.0361 -0.0047 0.9993
vn 0.1228 0.0059 0.9924
vn 0.1480 0.0021 0.9890
vn 0.1745 0.0003 0.9847
vn 0.1783 -0.0002 0.9840
vn 0.1441 -0.0014 0.9896
vn 0.1172 -0.0054 0.9931
vn 0.1635 0.0069 0.9865
vn 0.0367 -0.0008 0.9993
vn 0.0493 0.0056 0.9988
vn 0.4352 -0.0057 0.9003
vn 0.2612 0.0022 0.9653
vn 0.3730 0.0002 0.9279
vn 0.1832 -0.0000 0.9831
vn 0.1875 -0.0001 0.9823
vn 0.3086 -0.0008 0.9512
vn 0.4192 -0.0001 0.9079
vn 0.5041 0.0012 0.8637
vn 0.4502 -0.0007 0.8929
vn 0.5825 0.0006 0.8128
vn 0.5577 -0.0002 0.8301
vn 0.6590 0.0004 0.7522
vn 0.6411 -0.0002 0.7674
vn -0.9675 0.0180 -0.2524
vn -0.8385 0.0091 -0.5448
vn -0.9066 0.0044 -0.4221
vn -0.0750 -0.0015 -0.9972
vn -0.3208 -0.0025 -0.9472
vn -0.3504 -0.0034 -0.9366
vn -0.5918 -0.0056 -0.8061
vn -0.5916 -0.0056 -0.8062
vn -0.7794 -0.0021 -0.6265
vn -0.9065 -0.0129 -0.4220
vn -0.8912 -0.0084 -0.4535
vn -0.0698 -0.0023 -0.9976
vn -0.6699 -0.0211 -0.7421
vn -0.8879 -0.0278 -0.4593
vn -0.8975 -0.0312 -0.4399
vn -0.0836 0.0027 -0.9965
vn -0.0577 0.0033 -0.9983
vn -0.3287 0.0123 -0.9444
vn -0.3408 0.0123 -0.9400
vn -0.5766 0.0209 -0.8167
vn -0.5964 0.0201 -0.8024
vn -0.8128 0.0200 -0.5821
vn -0.8969 0.0365 -0.4408
vn -0.9712 0.0213 -0.2373
vn -0.9698 0.0139 -0.2434
vn -0.9758 0.0034 -0.2188
vn -0.9734 -0.0091 -0.2291
vn -0.9756 -0.0130 -0.2193
vn -0.9742 -0.0244 -0.2244
vn -0.9799 -0.0346 -0.1965
vn -0.0798 0.0108 -0.9968
vn -0.0720 0.0106 -0.9973
vn -0.3278 0.0471 -0.9436
vn -0.3199 0.0470 -0.9463
vn -0.5972 0.0699 -0.7991
vn -0.7363 0.1106 -0.6676
vn -0.8985 0.1096 -0.4250
vn -0.8818 0.1180 -0.4566
vn -0.9658 0.1282 -0.2252
vn -0.9669 0.1269 -0.2215
vn -0.3798 0.1316 -0.9156
vn -0.0591 0.0205 -0.9980
vn -0.0628 0.0230 -0.9978
vn -0.9083 0.3314 -0.2554
vn -0.9061 0.3337 -0.2600
vn -0.8267 0.2994 -0.4764
vn -0.8246 0.3000 -0.4796
vn -0.6894 0.2515 -0.6794
vn -0.6910 0.2516 -0.6776
vn -0.3917 0.1433 -0.9089
vn -0.0664 0.0046 -0.9978
vn -0.6666 0.0470 -0.7439
vn -0.8937 0.0625 -0.4443
vn -0.8895 0.0643 -0.4523
vn -0.9745 0.0668 -0.2143
vn -0.9769 0.0635 -0.2039
vn -0.9461 0.2199 -0.2379
vn -0.9452 0.2209 -0.2403
vn -0.8686 0.2042 -0.4516
vn -0.8695 0.2039 -0.4499
vn -0.7154 0.1683 -0.6781
vn -0.7407 0.1657 -0.6511
vn -0.4236 0.1214 -0.8977
vn -0.0587 0.0139 -0.9982
vn -0.0787 -0.0055 -0.9969
vn -0.0780 -0.0055 -0.9969
vn -0.9662 -0.1205 -0.2278
vn -0.9394 -0.1385 -0.3135
vn -0.8985 -0.1107 -0.4247
vn -0.7696 -0.1087 -0.6292
vn -0.7413 -0.0958 -0.6643
vn -0.0619 -0.0084 -0.9980
vn -0.0714 -0.0169 -0.9973
vn -0.0702 -0.0164 -0.9974
vn -0.9112 -0.3281 -0.2491
vn -0.9111 -0.3267 -0.2515
vn -0.8292 -0.3083 -0.4662
vn -0.8248 -0.3000 -0.4793
vn -0.6908 -0.2520 -0.6777
vn -0.6896 -0.2511 -0.6793
vn -0.4234 -0.1548 -0.8926
vn -0.0522 -0.0191 -0.9985
vn -0.9765 -0.0634 -0.2059
vn -0.9773 -0.0655 -0.2015
vn -0.9070 -0.0623 -0.4164
vn -0.8937 -0.0558 -0.4452
vn -0.7584 -0.0601 -0.6490
vn -0.6174 -0.0346 -0.7859
vn -0.9369 -0.2274 -0.2657
vn -0.9227 -0.1977 -0.3310
vn -0.8649 -0.2142 -0.4539
vn -0.7408 -0.1656 -0.6510
vn -0.7373 -0.1631 -0.6556
vn -0.4035 -0.1101 -0.9083
vn -0.3270 -0.0760 -0.9420
vn -0.4240 -0.0587 -0.9038
vn -0.3493 -0.0256 -0.9367
vn -0.3279 -0.0232 -0.9444
vn -0.0000 -0.0000 -1.0000
vn -0.0007 0.0026 -1.0000
vn -0.0054 -0.0141 -0.9999
vn -0.4127 -0.8801 -0.2349
vn -0.4098 -0.8804 -0.2385
vn -0.5047 -0.8294 -0.2394
vn -0.5005 -0.8305 -0.2445
vn -0.5953 -0.7657 -0.2435
vn -0.5903 -0.7676 -0.2495
vn -0.6789 -0.6918 -0.2461
vn -0.6737 -0.6945 -0.2524
vn -0.7806 -0.5757 -0.2434
vn -0.7751 -0.5782 -0.2548
vn -0.8726 -0.4262 -0.2386
vn -0.8597 -0.4374 -0.2637
vn -0.3958 -0.8406 -0.3698
vn -0.3932 -0.8402 -0.3733
vn -0.4841 -0.7912 -0.3736
vn -0.4804 -0.7912 -0.3783
vn -0.5711 -0.7299 -0.3758
vn -0.5667 -0.7305 -0.3812
vn -0.6514 -0.6594 -0.3754
vn -0.6468 -0.6606 -0.3811
vn -0.7502 -0.5498 -0.3673
vn -0.7446 -0.5505 -0.3776
vn -0.8279 -0.4312 -0.3588
vn -0.3586 -0.7592 -0.5432
vn -0.3562 -0.7581 -0.5462
vn -0.4512 -0.7064 -0.5453
vn -0.4224 -0.6921 -0.5853
vn -0.5299 -0.6783 -0.5090
vn -0.5661 -0.5954 -0.5701
vn -0.5878 -0.5963 -0.5467
vn -0.6853 -0.5001 -0.5294
vn -0.6796 -0.4992 -0.5375
vn -0.7682 -0.3847 -0.5118
vn -0.7858 -0.3842 -0.4848
vn -0.3053 -0.6474 -0.6984
vn -0.3286 -0.5454 -0.7711
vn -0.3637 -0.5713 -0.7357
vn -0.4683 -0.4934 -0.7330
vn -0.4691 -0.4938 -0.7321
vn -0.5655 -0.4118 -0.7146
vn -0.5606 -0.4101 -0.7194
vn -0.6429 -0.3215 -0.6952
vn -0.6392 -0.3209 -0.6989
vn -0.1882 -0.2995 -0.9354
vn -0.1709 -0.2843 -0.9434
vn -0.2703 -0.2851 -0.9196
vn -0.2705 -0.2132 -0.9388
vn -0.3039 -0.2222 -0.9264
vn -0.3632 -0.1735 -0.9154
vn -0.3326 -0.1672 -0.9281
vn -0.0207 -0.0437 -0.9988
vn -0.0311 -0.0466 -0.9984
vn -0.0266 -0.0425 -0.9987
vn -0.0419 -0.0333 -0.9986
vn -0.0424 -0.0335 -0.9985
vn -0.0523 -0.0263 -0.9983
vn -0.0547 -0.0266 -0.9982
vn -0.0121 -0.0485 -0.9988
vn -0.2353 -0.9356 -0.2631
vn -0.1464 -0.7142 -0.6845
vn -0.1599 -0.8028 -0.5743
vn -0.1901 -0.8242 -0.5334
vn -0.1926 -0.8928 -0.4071
vn -0.2159 -0.9073 -0.3608
vn -0.1587 -0.9770 -0.1421
vn -0.4036 -0.0718 -0.9121
vn -0.3157 -0.9200 -0.2325
vn -0.2963 -0.9178 -0.2644
vn -0.2855 -0.8856 -0.3664
vn -0.2868 -0.8864 -0.3634
vn -0.2586 -0.8011 -0.5398
vn -0.2601 -0.8028 -0.5365
vn -0.2011 -0.6222 -0.7566
vn -0.1869 -0.5983 -0.7792
vn -0.1087 -0.3418 -0.9335
vn -0.1103 -0.3446 -0.9323
vn -0.0156 -0.0499 -0.9986
vn -0.0161 -0.0507 -0.9986
vn 0.0004 0.0003 -1.0000
vn 0.0189 0.0029 -0.9998
vn -0.0002 -0.0000 -1.0000
vn -0.0000 -0.0002 -1.0000
vn 0.0001 -0.0001 -1.0000
vn 0.0001 -0.0002 -1.0000
vn -0.0000 -0.0001 -1.0000
vn -0.0000 0.0004 -1.0000
vn -0.0001 -0.0005 -1.0000
vn 0.0001 0.0002 -1.0000
vn 0.0013 0.0004 -1.0000
vn -0.0001 -0.1870 -0.9824
vn -0.0035 -0.3281 -0.9446
vn -0.0021 -0.3459 -0.9383
vn -0.0013 -0.9648 -0.2631
vn -0.0010 -0.6147 -0.7888
vn -0.0031 -0.7030 -0.7112
vn -0.0009 -0.9679 -0.2514
vn -0.0001 -1.0000 -0.0000
vn -0.0000 -1.0000 0.0001
vn -0.0002 -1.0000 0.0001
vn 0.0123 0.0022 -0.9999
vn -0.0000 -0.9947 -0.1029
vn -0.1900 -0.9180 -0.3482
vn 0.0665 -0.9689 -0.2384
vn 0.1595 -0.7327 -0.6616
vn -0.2074 -0.6421 -0.7380
vn 0.0282 -0.4867 -0.8731
vn -0.0340 -0.1775 -0.9835
vn -0.0169 -0.1728 -0.9848
vn 0.8315 -0.5556 -0.0024
vn 0.1591 -0.9873 -0.0015
vn 0.2302 -0.9732 -0.0000
vn 0.5556 -0.8315 0.0023
vn 0.6708 -0.7416 -0.0032
vn 0.9808 -0.1951 -0.0027
vn 0.9225 -0.3861 0.0002
vn 0.0200 -0.9278 -0.3726
vn 0.0755 -0.1506 -0.9857
vn 0.0285 -0.9939 -0.1062
vn 0.0719 -0.1678 -0.9832
vn 0.2501 -0.2847 -0.9254
vn 0.2737 -0.1945 -0.9419
vn 0.4399 -0.1941 -0.8768
vn 0.3955 -0.3427 -0.8521
vn 0.5984 -0.1673 -0.7836
vn 0.7587 -0.1737 -0.6278
vn 0.8349 -0.3040 -0.4589
vn 0.8696 -0.1945 -0.4539
vn 0.9367 -0.1941 -0.2914
vn 0.9755 -0.1940 -0.1037
vn 0.9827 -0.1563 -0.0991
vn 0.8859 -0.3482 -0.3066
vn 0.8286 -0.5536 -0.0836
vn 0.7952 -0.5536 -0.2474
vn 0.7952 -0.5536 -0.2473
vn 0.7298 -0.5536 -0.4012
vn 0.6300 -0.5532 -0.5450
vn 0.6490 -0.5249 -0.5507
vn 0.5290 -0.5285 -0.6640
vn 0.5146 -0.5536 -0.6548
vn 0.3735 -0.5536 -0.7443
vn 0.2173 -0.5536 -0.8039
vn 0.0528 -0.5536 -0.8311
vn 0.0774 -0.4742 -0.8770
vn 0.5547 -0.8302 -0.0560
vn 0.5547 -0.8302 -0.0559
vn 0.5324 -0.8302 -0.1656
vn 0.4886 -0.8302 -0.2686
vn 0.4251 -0.8302 -0.3607
vn 0.3445 -0.8302 -0.4383
vn 0.2500 -0.8302 -0.4983
vn 0.1455 -0.8302 -0.5382
vn 0.0271 -0.8298 -0.5575
vn 0.0725 -0.7440 -0.6642
vn 0.2228 -0.9746 -0.0225
vn 0.1763 -0.9828 -0.0549
vn 0.1476 -0.9877 -0.0513
vn 0.2213 -0.9676 -0.1216
vn 0.1275 -0.9859 -0.1082
vn 0.1135 -0.9885 -0.0999
vn 0.1561 -0.9676 -0.1987
vn 0.0749 -0.9859 -0.1494
vn 0.0688 -0.9876 -0.1410
vn 0.0627 -0.9707 -0.2319
vn 0.0197 -0.9863 -0.1640
vn 0.9994 -0.0342 0.0008
vn 1.0000 -0.0086 -0.0003
vn -0.2157 -0.9758 0.0365
vn -0.1802 -0.9822 0.0522
vn -0.2635 -0.9639 0.0377
vn -0.2469 -0.9685 0.0337
vn -0.1916 -0.9803 0.0488
vn -0.2599 -0.9640 0.0565
vn -0.3262 -0.9429 0.0665
vn -0.3385 -0.9389 0.0621
vn -0.1078 -0.9930 0.0479
vn -0.0852 -0.9951 0.0496
vn -0.3171 -0.9477 0.0348
vn -0.3188 -0.9472 0.0343
vn -0.2517 -0.9666 0.0488
vn -0.1795 -0.9828 0.0439
vn -0.1361 -0.9890 0.0587
vn -0.3281 -0.9436 0.0450
vn -0.1691 -0.9799 0.1057
vn -0.1471 -0.9850 0.0904
vn -0.1465 -0.9852 0.0887
vn -0.0994 -0.9926 0.0698
vn -0.0902 -0.9935 0.0699
vn -0.0754 -0.9954 0.0597
vn -0.1385 -0.9893 0.0457
vn -0.2379 -0.9687 0.0713
vn -0.1939 -0.9794 0.0560
vn 0.0054 -0.9987 0.0504
vn -0.0051 -0.9990 0.0451
vn -0.2740 -0.9583 0.0812
vn -0.2378 -0.9691 0.0662
vn -0.0413 -0.9977 0.0544
vn -0.0409 -0.9977 0.0542
vn -0.0082 -0.9988 0.0478
vn -0.2028 -0.9733 0.1078
vn -0.2105 -0.9745 0.0781
vn -0.1668 -0.9840 0.0630
vn -0.1673 -0.9827 0.0798
vn 0.0456 -0.8536 -0.5189
vn 0.0469 -0.8860 -0.4613
vn 0.0937 -0.5014 -0.8602
vn 0.0922 -0.4618 -0.8822
vn 0.0128 -0.9830 -0.1834
vn 0.1457 -0.8458 -0.5132
vn 0.2377 -0.5027 -0.8311
vn 0.2360 -0.5965 -0.7672
vn 0.1652 -0.6020 -0.7812
vn 0.3730 -0.4145 -0.8301
vn 0.3304 -0.6288 -0.7039
vn 0.1749 -0.8683 -0.4642
vn 0.0621 -0.9770 -0.2040
vn 0.3867 -0.6166 -0.6857
vn 0.0415 -0.9841 -0.1729
vn 0.2351 -0.8950 -0.3792
vn 0.4805 -0.5177 -0.7079
vn 0.4523 -0.6183 -0.6428
vn 0.0335 -0.9937 -0.1071
vn 0.2995 -0.8743 -0.3820
vn 0.5301 -0.6400 -0.5562
vn 0.5555 -0.5894 -0.5865
vn 0.6451 -0.5921 -0.4830
vn 0.6547 -0.5734 -0.4926
vn 0.3806 -0.8730 -0.3048
vn 0.1579 -0.9714 -0.1774
vn 0.2502 -0.9378 -0.2406
vn 0.7663 -0.5055 -0.3964
vn 0.6724 -0.6600 -0.3351
vn 0.3864 -0.8915 -0.2367
vn 0.0073 -0.9991 -0.0407
vn 0.7046 -0.6537 -0.2760
vn 0.8032 -0.5894 -0.0866
vn 0.7445 -0.6645 -0.0644
vn 0.4326 -0.9000 -0.0539
vn 0.0089 -0.9997 0.0227
vn 0.1033 -0.9935 -0.0485
vn 0.1441 -0.9877 -0.0614
vn 0.4443 -0.8875 -0.1223
vn 0.8052 -0.5442 -0.2357
vn 0.7305 -0.6565 -0.1879
vn 0.0026 -0.9985 0.0543
vn 0.8819 -0.0840 -0.4639
vn 0.8991 -0.0139 -0.4375
vn 0.9460 -0.0628 -0.3180
vn 0.9291 -0.1426 -0.3411
vn 0.9718 0.0239 -0.2345
vn 0.9865 -0.1244 -0.1065
vn 0.9824 -0.1494 -0.1123
vn 0.8307 0.0214 -0.5563
vn 0.7612 -0.1257 -0.6363
vn 0.7207 -0.0282 -0.6926
vn 0.5225 0.0057 -0.8526
vn 0.6134 -0.0705 -0.7867
vn 0.6068 -0.0821 -0.7906
vn 0.2767 -0.0470 -0.9598
vn 0.3173 -0.0020 -0.9483
vn 0.4281 -0.0325 -0.9031
vn 0.4302 -0.0291 -0.9023
vn -0.0470 -0.0020 -0.9989
vn 0.0741 -0.0626 -0.9953
vn 0.1084 -0.0083 -0.9941
vn 0.2220 -0.0049 -0.9750
vn 0.0262 -0.9965 -0.0798
vn 0.0138 -0.9601 -0.2795
vn -0.0168 -0.9007 -0.4342
vn -0.0265 -0.8885 -0.4581
vn -0.0027 -0.7514 -0.6599
vn -0.0294 -0.5588 -0.8288
vn -0.0147 -0.4867 -0.8735
vn -0.0160 -0.1644 -0.9863
vn -0.0439 -0.0048 0.9990
vn -0.0133 -0.9991 0.0408
vn 0.0002 -0.9989 0.0460
vn 0.0044 -0.9987 0.0506
vn -0.0278 -0.0997 0.9946
vn -0.0055 -0.3570 0.9341
vn -0.0235 -0.6462 0.7628
vn -0.0648 -0.8016 0.5944
vn 0.0098 -0.9121 0.4099
vn 0.0092 -0.9788 0.2044
vn -0.0162 -0.6717 0.7407
vn -0.2152 0.9495 -0.2284
vn -0.0140 0.0628 -0.9979
vn -0.0003 0.0144 -0.9999
vn -0.0149 0.0634 -0.9979
vn -0.1706 0.7025 -0.6910
vn -0.0879 0.4635 -0.8817
vn -0.1100 0.2988 -0.9480
vn -0.1411 0.6747 -0.7245
vn -0.1774 0.8276 -0.5325
vn -0.1783 0.8261 -0.5346
vn -0.1827 0.9153 -0.3590
vn -0.2111 0.9198 -0.3307
vn -0.2314 0.9506 -0.2067
vn -0.3115 0.9087 -0.2779
vn -0.2990 0.9257 -0.2318
vn -0.2859 0.8867 -0.3633
vn -0.2864 0.8853 -0.3664
vn -0.2593 0.8031 -0.5365
vn -0.2595 0.8008 -0.5398
vn -0.2109 0.6523 -0.7280
vn -0.2084 0.6137 -0.7616
vn -0.1063 0.3150 -0.9431
vn -0.1086 0.3325 -0.9368
vn -0.8614 0.4283 -0.2730
vn -0.8603 0.4377 -0.2613
vn -0.7796 0.5618 -0.2767
vn -0.7774 0.5798 -0.2438
vn -0.6777 0.6907 -0.2522
vn -0.6749 0.6956 -0.2463
vn -0.5944 0.7646 -0.2494
vn -0.5913 0.7688 -0.2436
vn -0.5040 0.8284 -0.2445
vn -0.5012 0.8316 -0.2395
vn -0.4123 0.8793 -0.2386
vn -0.4102 0.8812 -0.2348
vn -0.7411 0.5609 -0.3690
vn -0.6498 0.6578 -0.3808
vn -0.6484 0.6621 -0.3757
vn -0.5697 0.7282 -0.3810
vn -0.5680 0.7321 -0.3759
vn -0.4831 0.7896 -0.3783
vn -0.4814 0.7928 -0.3737
vn -0.3952 0.8393 -0.3734
vn -0.3938 0.8415 -0.3698
vn -0.7734 0.3873 -0.5018
vn -0.7764 0.3942 -0.4918
vn -0.6927 0.5055 -0.5144
vn -0.6901 0.4947 -0.5282
vn -0.5779 0.6049 -0.5478
vn -0.5741 0.5827 -0.5752
vn -0.5298 0.6782 -0.5093
vn -0.4414 0.6880 -0.5761
vn -0.4366 0.7151 -0.5458
vn -0.3577 0.7574 -0.5462
vn -0.3571 0.7599 -0.5432
vn -0.6399 0.3200 -0.6987
vn -0.6421 0.3224 -0.6955
vn -0.5617 0.4090 -0.7191
vn -0.5644 0.4128 -0.7149
vn -0.4724 0.4913 -0.7318
vn -0.4743 0.4968 -0.7267
vn -0.3520 0.5692 -0.7430
vn -0.3416 0.5347 -0.7729
vn -0.3060 0.6490 -0.6966
vn -0.3550 0.1783 -0.9177
vn -0.3551 0.1784 -0.9176
vn -0.2913 0.2172 -0.9316
vn -0.2862 0.2094 -0.9350
vn -0.2709 0.2820 -0.9204
vn -0.1828 0.2744 -0.9441
vn -0.1875 0.3044 -0.9339
vn -0.0522 0.0262 -0.9983
vn -0.0349 0.0042 -0.9994
vn -0.0292 0.0275 -0.9992
vn -0.0228 0.0307 -0.9993
vn -0.0141 0.0298 -0.9995
vn -0.0008 0.0001 -1.0000
vn 0.0004 -0.0001 -1.0000
vn 0.0007 0.0009 -1.0000
vn 0.1887 0.4462 -0.8748
vn 0.0001 0.0014 -1.0000
vn -0.0054 0.0331 -0.9994
vn -0.0041 0.0025 -1.0000
vn 0.0012 -0.0130 -0.9999
vn -0.0121 0.0478 -0.9988
vn -0.0020 -0.0443 -0.9990
vn -0.0085 0.0073 -0.9999
vn -0.0023 -0.0054 -1.0000
vn -0.0012 0.0409 -0.9992
vn -0.0011 0.9220 -0.3872
vn -0.0017 0.3069 -0.9517
vn 0.0001 0.2563 -0.9666
vn -0.0029 0.6995 -0.7146
vn 0.0006 0.8050 -0.5932
vn 0.9316 0.3635 0.0004
vn 0.9808 0.1951 -0.0023
vn 0.8315 0.5556 -0.0020
vn 0.7313 0.6821 0.0003
vn 0.4796 0.8775 -0.0023
vn 0.4428 0.8966 -0.0014
vn 0.1912 0.9815 -0.0028
vn 0.0003 -0.0001 -1.0000
vn -0.1578 0.9873 -0.0179
vn -0.0013 1.0000 0.0006
vn 0.0023 1.0000 0.0001
vn 0.0003 1.0000 -0.0005
vn 0.0002 0.1179 -0.9930
vn -0.1966 0.2305 -0.9530
vn -0.0560 0.3178 -0.9465
vn 0.0625 0.4544 -0.8886
vn 0.0624 0.6661 -0.7432
vn -0.2197 0.8161 -0.5345
vn 0.0086 0.8775 -0.4794
vn 0.1027 0.9804 -0.1680
vn 0.9993 0.0375 0.0005
vn 0.9998 0.0218 -0.0003
vn 0.0618 0.1750 -0.9826
vn 0.0686 0.2109 -0.9751
vn 0.9760 0.1941 -0.0984
vn 0.9820 0.1561 -0.1063
vn 0.9071 0.3123 -0.2822
vn 0.9293 0.1945 -0.3141
vn 0.8597 0.1941 -0.4726
vn 0.8417 0.3195 -0.4353
vn 0.7584 0.1746 -0.6280
vn 0.5980 0.1815 -0.7807
vn 0.4261 0.3120 -0.8492
vn 0.4187 0.1945 -0.8870
vn 0.2560 0.1941 -0.9470
vn 0.2682 0.2982 -0.9160
vn 0.0640 0.6526 -0.7550
vn 0.0264 0.5522 -0.8333
vn 0.2173 0.5536 -0.8039
vn 0.3735 0.5536 -0.7443
vn 0.5203 0.5533 -0.6505
vn 0.5248 0.5279 -0.6678
vn 0.6443 0.5264 -0.5548
vn 0.6350 0.5536 -0.5388
vn 0.7298 0.5536 -0.4012
vn 0.7952 0.5536 -0.2474
vn 0.7952 0.5536 -0.2473
vn 0.8286 0.5536 -0.0836
vn 0.0581 0.8310 -0.5532
vn 0.1455 0.8302 -0.5382
vn 0.2500 0.8302 -0.4983
vn 0.3445 0.8302 -0.4384
vn 0.3445 0.8302 -0.4383
vn 0.4251 0.8302 -0.3607
vn 0.4886 0.8302 -0.2686
vn 0.5324 0.8302 -0.1656
vn 0.4880 0.8615 -0.1399
vn 0.6322 0.7722 -0.0638
vn 0.0061 0.9679 -0.2513
vn 0.0201 0.9867 -0.1615
vn 0.0651 0.9684 -0.2408
vn 0.0758 0.9856 -0.1511
vn 0.0706 0.9884 -0.1342
vn 0.1562 0.9675 -0.1987
vn 0.1274 0.9859 -0.1081
vn 0.1170 0.9885 -0.0957
vn 0.2213 0.9676 -0.1216
vn 0.1563 0.9866 -0.0458
vn 0.1812 0.9818 -0.0570
vn -0.3273 0.9426 0.0654
vn -0.1843 0.9808 0.0635
vn -0.2060 0.9778 0.0395
vn -0.1851 0.9822 0.0329
vn -0.0174 0.9997 0.0152
vn -0.1484 0.9873 0.0566
vn -0.2384 0.9695 0.0573
vn -0.2546 0.9654 0.0555
vn -0.3224 0.9442 0.0671
vn -0.1129 0.9923 0.0510
vn -0.0815 0.9950 0.0579
vn -0.3188 0.9471 0.0361
vn -0.3298 0.9435 0.0336
vn -0.2504 0.9674 0.0379
vn -0.2851 0.9581 0.0258
vn -0.2114 0.9760 0.0525
vn -0.0443 0.9974 0.0570
vn -0.0438 0.9974 0.0567
vn -0.0612 0.9964 0.0581
vn -0.0732 0.9951 0.0670
vn -0.1064 0.9918 0.0707
vn -0.1168 0.9902 0.0760
vn -0.1173 0.9901 0.0768
vn -0.1550 0.9835 0.0937
vn -0.1561 0.9831 0.0955
vn -0.2057 0.9718 0.1151
vn -0.1942 0.9767 0.0911
vn -0.3211 0.9458 0.0491
vn -0.1456 0.9879 0.0528
vn -0.1809 0.9814 0.0636
vn -0.0149 0.9987 0.0485
vn -0.0949 0.9947 0.0407
vn -0.1809 0.9814 0.0635
vn -0.2312 0.9698 0.0783
vn -0.2317 0.9696 0.0791
vn -0.2810 0.9560 0.0843
vn 0.0035 0.9969 -0.0785
vn 0.1996 0.9733 -0.1134
vn 0.3101 0.9388 -0.1501
vn -0.0633 0.9980 0.0078
vn 0.0482 0.9916 -0.1197
vn -0.0066 0.9977 -0.0671
vn 0.0239 0.9898 -0.1405
vn 0.2205 0.8107 -0.5423
vn 0.0527 0.9445 -0.3243
vn 0.0146 0.9776 -0.2100
vn 0.4360 0.8966 -0.0780
vn 0.4298 0.8996 -0.0775
vn 0.4211 0.8831 -0.2071
vn 0.3789 0.8881 -0.2603
vn 0.3373 0.8651 -0.3713
vn 0.3098 0.8503 -0.4255
vn 0.1391 0.9213 -0.3631
vn 0.1391 0.9028 -0.4069
vn 0.0867 0.8319 -0.5481
vn 0.7631 0.6449 -0.0414
vn 0.8307 0.5373 -0.1461
vn 0.8454 0.5139 -0.1454
vn 0.7297 0.6453 -0.2262
vn 0.7835 0.5404 -0.3067
vn 0.7064 0.6372 -0.3082
vn 0.6361 0.6492 -0.4170
vn 0.7712 0.4528 -0.4475
vn 0.6078 0.6363 -0.4751
vn 0.6355 0.5284 -0.5630
vn 0.5500 0.6399 -0.5367
vn 0.4674 0.6330 -0.6171
vn 0.5413 0.5149 -0.6647
vn 0.4323 0.6218 -0.6531
vn 0.4236 0.5125 -0.7469
vn 0.3886 0.5737 -0.7210
vn 0.2576 0.6249 -0.7370
vn 0.3185 0.4791 -0.8180
vn 0.2137 0.6030 -0.7686
vn 0.1735 0.4993 -0.8489
vn 0.1368 0.6002 -0.7880
vn 0.0387 0.6193 -0.7842
vn 0.0455 0.5935 -0.8035
vn 0.0725 0.0293 -0.9969
vn -0.0885 0.0100 -0.9960
vn 0.4293 0.0512 -0.9017
vn 0.3866 -0.0031 -0.9222
vn 0.2769 0.0388 -0.9601
vn 0.2863 0.0537 -0.9566
vn 0.1892 -0.0168 -0.9818
vn 0.0532 0.0665 -0.9964
vn 0.5052 -0.0166 -0.8628
vn 0.7614 0.1031 -0.6401
vn 0.7506 0.0688 -0.6571
vn 0.6203 0.0337 -0.7836
vn 0.6438 0.1658 -0.7471
vn 0.5815 0.0354 -0.8128
vn 0.9432 0.1023 -0.3162
vn 0.9298 -0.0038 -0.3681
vn 0.8818 0.0834 -0.4641
vn 0.8756 0.0378 -0.4815
vn 0.8236 0.0045 -0.5672
vn 0.9926 0.0984 -0.0706
vn 0.9777 0.1815 -0.1053
vn 0.9850 0.0062 -0.1722
vn 0.9613 0.0239 -0.2743
vn 0.0151 0.9984 0.0544
vn -0.0297 0.1465 -0.9888
vn -0.0162 0.4460 -0.8949
vn -0.0806 0.6093 -0.7888
vn -0.0446 0.6626 -0.7476
vn 0.0018 0.7742 -0.6330
vn 0.0253 0.9022 -0.4305
vn -0.0256 0.9610 -0.2752
vn 0.0094 0.9938 -0.1109
vn 0.0156 0.9986 0.0511
vn 0.0191 0.9985 0.0519
vn 0.0066 0.9989 0.0473
vn -0.0116 0.9990 0.0423
vn 0.0034 0.9989 0.0457
vn -0.0485 0.0057 0.9988
vn 0.0187 0.9567 0.2903
vn -0.0174 0.7535 0.6573
vn -0.0698 0.5757 0.8147
vn -0.0034 0.3944 0.9189
vn -0.0163 0.1663 0.9859
vn -0.0089 0.7323 0.6809
vn 0.7939 -0.6016 0.0880
vn 0.7798 -0.6187 0.0955
vn 0.7909 -0.6117 -0.0187
vn 0.8128 -0.5815 -0.0353
vn 0.7417 -0.6634 -0.0990
vn 0.7576 -0.6430 -0.1123
vn 0.7762 -0.5757 -0.2572
vn 0.7329 -0.6474 -0.2092
vn 0.6975 -0.6457 -0.3109
vn 0.7062 -0.6305 -0.3220
vn 0.6198 -0.6634 -0.4192
vn 0.6317 -0.6394 -0.4384
vn 0.1732 -0.9571 0.2322
vn 0.2408 -0.9461 0.2166
vn 0.0860 -0.9714 0.2214
vn 0.1845 -0.9689 0.1646
vn 0.2102 -0.9656 0.1532
vn 0.0895 -0.9798 0.1789
vn 0.1974 -0.9766 0.0855
vn 0.1269 -0.9824 0.1368
vn 0.1254 -0.9876 0.0946
vn 0.1234 -0.9876 0.0968
vn 0.7638 0.6351 0.1155
vn 0.6426 0.6565 -0.3950
vn 0.6370 0.6650 -0.3899
vn 0.7140 0.6233 -0.3190
vn 0.6834 0.6671 -0.2964
vn 0.7522 0.6174 -0.2303
vn 0.7505 0.6198 -0.2293
vn 0.7515 0.6500 -0.1128
vn 0.7458 0.6570 -0.1101
vn 0.8562 0.5144 -0.0475
vn 0.7701 0.6378 -0.0112
vn 0.7924 0.6004 0.1082
vn 0.1349 0.9860 0.0978
vn 0.1624 0.9836 0.0784
vn 0.0919 0.9835 0.1560
vn 0.2148 0.9700 0.1141
vn 0.1791 0.9751 0.1306
vn 0.0819 0.9761 0.2012
vn 0.2551 0.9503 0.1787
vn 0.1098 0.9715 0.2099
vn 0.1575 0.9577 0.2408
vn 0.1896 0.9522 0.2396
vn 0.7415 0.0007 -0.6709
vn 0.7686 -0.0005 -0.6397
vn 0.8415 0.0002 -0.5402
vn 0.8380 -0.0000 -0.5457
vn 0.8953 -0.0000 -0.4454
vn 0.8955 -0.0000 -0.4451
vn 0.9440 -0.0000 -0.3299
vn 0.9433 -0.0000 -0.3318
vn 0.9786 -0.0001 -0.2055
vn 0.9778 -0.0002 -0.2093
vn 0.9978 0.0005 -0.0662
vn 0.9954 -0.0005 -0.0953
vn -0.9504 -0.1578 0.2680
vn -0.8842 -0.3582 0.2999
vn -0.8790 -0.3660 0.3055
vn -0.6687 -0.3475 0.6574
vn -0.6282 -0.3864 0.6753
vn -0.7140 -0.3433 0.6102
vn -0.7632 -0.3708 0.5292
vn -0.7491 -0.3855 0.5387
vn -0.8154 -0.3452 0.4647
vn -0.8277 -0.3838 0.4095
vn -0.8590 -0.3481 0.3753
vn -0.7031 -0.1690 0.6908
vn -0.7045 -0.1680 0.6895
vn -0.7729 -0.1728 0.6106
vn -0.7750 -0.1712 0.6083
vn -0.8285 -0.1739 0.5323
vn -0.8310 -0.1718 0.5291
vn -0.8762 -0.1731 0.4498
vn -0.8718 -0.1787 0.4560
vn -0.9077 -0.1594 0.3883
vn -0.9209 -0.1749 0.3484
vn -0.9288 -0.1647 0.3319
vn -0.9505 -0.1636 0.2643
vn -0.9635 -0.0863 0.2534
vn -0.7193 -0.0971 0.6878
vn -0.7213 -0.0959 0.6859
vn -0.7906 -0.0988 0.6043
vn -0.7929 -0.0972 0.6016
vn -0.8466 -0.0989 0.5229
vn -0.8490 -0.0970 0.5195
vn -0.8889 -0.0977 0.4475
vn -0.8911 -0.0957 0.4435
vn -0.9199 -0.0957 0.3802
vn -0.9270 -0.0880 0.3646
vn -0.9412 -0.0987 0.3230
vn -0.9630 -0.0825 0.2567
vn -0.9249 -0.2546 0.2823
vn -0.9219 -0.2605 0.2868
vn -0.8958 -0.2617 0.3592
vn -0.8916 -0.2680 0.3649
vn -0.8490 -0.2633 0.4581
vn -0.8447 -0.2686 0.4630
vn -0.8002 -0.2665 0.5373
vn -0.7985 -0.2679 0.5391
vn -0.7454 -0.2639 0.6122
vn -0.7444 -0.2647 0.6130
vn -0.6775 -0.2580 0.6887
vn -0.6777 -0.2579 0.6886
vn -0.6079 -0.4356 0.6638
vn -0.7829 -0.5370 0.3141
vn -0.6984 -0.5911 0.4036
vn -0.7425 -0.4607 0.4863
vn -0.7300 -0.4370 0.5254
vn -0.7191 -0.6193 0.3152
vn -0.7393 -0.6022 0.3014
vn -0.7878 -0.5323 0.3098
vn -0.7544 -0.5270 0.3913
vn -0.8391 -0.4489 0.3074
vn -0.5724 -0.5456 0.6121
vn -0.5772 -0.5506 0.6031
vn -0.6510 -0.5587 0.5139
vn -0.6243 -0.5344 0.5699
vn -0.6705 -0.4553 0.5858
vn -0.6308 -0.4278 0.6474
vn -0.7217 -0.5703 0.3922
vn -0.7508 -0.5307 0.3932
vn -0.6604 -0.5218 0.5400
vn -0.6907 -0.5401 0.4809
vn -0.8426 -0.4361 0.3160
vn -0.7920 -0.4538 0.4084
vn -0.7918 -0.4501 0.4128
vn -0.3729 -0.0692 0.9253
vn -0.0424 -0.1756 0.9836
vn -0.0348 -0.0502 0.9981
vn -0.4571 -0.0957 0.8843
vn -0.3051 -0.0669 0.9500
vn -0.4023 -0.1041 0.9096
vn -0.2785 -0.0955 0.9557
vn -0.2083 -0.0860 0.9743
vn -0.0442 -0.0911 0.9949
vn -0.4858 -0.0833 0.8701
vn -0.5465 -0.0898 0.8326
vn -0.5498 -0.0882 0.8306
vn -0.6348 -0.0934 0.7670
vn -0.6362 -0.0927 0.7660
vn -0.6216 -0.1619 0.7664
vn -0.6212 -0.1621 0.7667
vn -0.5356 -0.1535 0.8304
vn -0.5366 -0.1529 0.8298
vn -0.4501 -0.1433 0.8814
vn -0.4526 -0.1418 0.8804
vn -0.3657 -0.1315 0.9214
vn -0.3697 -0.1292 0.9201
vn -0.2989 -0.1206 0.9466
vn -0.1923 -0.0938 0.9768
vn -0.1216 -0.0845 0.9890
vn -0.1253 -0.0830 0.9886
vn -0.0442 -0.0732 0.9963
vn -0.0446 -0.0730 0.9963
vn -0.5988 -0.2483 0.7614
vn -0.6005 -0.2472 0.7604
vn -0.5178 -0.2356 0.8224
vn -0.5213 -0.2335 0.8208
vn -0.4376 -0.2207 0.8717
vn -0.4427 -0.2175 0.8699
vn -0.3583 -0.2039 0.9111
vn -0.3647 -0.1998 0.9094
vn -0.2693 -0.1840 0.9453
vn -0.2877 -0.1752 0.9416
vn -0.2083 -0.1621 0.9645
vn -0.2086 -0.1619 0.9645
vn -0.1222 -0.1480 0.9814
vn -0.1290 -0.1432 0.9812
vn -0.0592 -0.1327 0.9894
vn -0.0575 -0.1343 0.9893
vn -0.0639 -0.1965 0.9784
vn -0.1323 -0.2080 0.9691
vn -0.1246 -0.2137 0.9689
vn -0.2101 -0.2292 0.9504
vn -0.2010 -0.2356 0.9508
vn -0.2852 -0.2515 0.9249
vn -0.2756 -0.2579 0.9260
vn -0.3586 -0.2736 0.8925
vn -0.3493 -0.2796 0.8943
vn -0.4311 -0.2947 0.8528
vn -0.4230 -0.2999 0.8551
vn -0.5036 -0.3142 0.8048
vn -0.4971 -0.3183 0.8072
vn -0.5764 -0.3313 0.7470
vn -0.5719 -0.3342 0.7492
vn -0.4099 -0.7322 0.5439
vn -0.4085 -0.7483 0.5226
vn -0.4748 -0.7498 0.4608
vn -0.4728 -0.7540 0.4561
vn -0.5359 -0.7556 0.3767
vn -0.5269 -0.7674 0.3654
vn -0.5192 -0.8111 0.2695
vn -0.5528 -0.7760 0.3037
vn -0.6341 -0.7138 0.2972
vn -0.4783 -0.6547 0.5854
vn -0.5026 -0.6424 0.5785
vn -0.5639 -0.6610 0.4950
vn -0.5794 -0.6517 0.4895
vn -0.6266 -0.6679 0.4017
vn -0.6368 -0.6607 0.3976
vn -0.6750 -0.6666 0.3162
vn -0.0573 -0.2663 0.9622
vn -0.2724 -0.3231 0.9063
vn -0.2931 -0.3082 0.9050
vn -0.2007 -0.3017 0.9320
vn -0.2223 -0.2850 0.9324
vn -0.1262 -0.2810 0.9514
vn -0.1299 -0.2780 0.9518
vn -0.0694 -0.2734 0.9594
vn -0.0886 -0.4591 0.8840
vn -0.0467 -0.4959 0.8671
vn -0.1337 -0.4587 0.8785
vn -0.2108 -0.4950 0.8429
vn -0.1927 -0.5125 0.8368
vn -0.2673 -0.4851 0.8326
vn -0.3304 -0.5219 0.7864
vn -0.3134 -0.5362 0.7837
vn -0.3860 -0.5124 0.7671
vn -0.4300 -0.5447 0.7200
vn -0.4334 -0.5427 0.7195
vn -0.4965 -0.5486 0.6727
vn -0.5107 -0.5401 0.6690
vn -0.5372 -0.4281 0.7267
vn -0.5637 -0.4207 0.7108
vn -0.4711 -0.4075 0.7823
vn -0.4904 -0.4019 0.7733
vn -0.4035 -0.3892 0.8281
vn -0.4278 -0.3821 0.8191
vn -0.3604 -0.3730 0.8550
vn -0.3457 -0.3302 0.8784
vn -0.3932 -0.3957 0.8300
vn -0.2782 -0.3771 0.8834
vn -0.2901 -0.3696 0.8827
vn -0.2106 -0.3565 0.9103
vn -0.2211 -0.3496 0.9105
vn -0.1582 -0.3398 0.9271
vn -0.0543 -0.3539 0.9337
vn -0.0747 -0.4050 0.9113
vn -0.0881 -0.3809 0.9204
vn -0.1454 -0.3874 0.9104
vn -0.1222 -0.3984 0.9090
vn -0.2167 -0.4118 0.8851
vn -0.2077 -0.4177 0.8845
vn -0.2839 -0.4288 0.8576
vn -0.2732 -0.4355 0.8577
vn -0.3467 -0.4464 0.8249
vn -0.3354 -0.4533 0.8258
vn -0.4064 -0.4640 0.7871
vn -0.3954 -0.4704 0.7889
vn -0.4640 -0.4806 0.7441
vn -0.4544 -0.4862 0.7464
vn -0.5068 -0.4938 0.7067
vn -0.6377 -0.0817 0.7659
vn -0.6662 -0.0529 0.7439
vn -0.5461 -0.1157 0.8297
vn -0.5746 -0.0489 0.8170
vn -0.9249 0.2546 0.2823
vn -0.9635 0.0863 0.2534
vn -0.9641 0.0904 0.2497
vn -0.9424 0.0912 0.3219
vn -0.9435 0.0933 0.3180
vn -0.9203 0.0936 0.3799
vn -0.9216 0.0957 0.3761
vn -0.8893 0.0957 0.4472
vn -0.8908 0.0977 0.4437
vn -0.8470 0.0970 0.5227
vn -0.8487 0.0989 0.5196
vn -0.7909 0.0972 0.6042
vn -0.7926 0.0989 0.6016
vn -0.7196 0.0958 0.6878
vn -0.7211 0.0971 0.6860
vn -0.8385 0.3979 0.3723
vn -0.8497 0.3492 0.3950
vn -0.6776 0.2579 0.6888
vn -0.6777 0.2580 0.6886
vn -0.7451 0.2647 0.6122
vn -0.7447 0.2639 0.6130
vn -0.7996 0.2680 0.5374
vn -0.7990 0.2664 0.5391
vn -0.8423 0.2685 0.4674
vn -0.8438 0.2738 0.4616
vn -0.8791 0.2544 0.4032
vn -0.8940 0.2788 0.3508
vn -0.8944 0.2617 0.3628
vn -0.9219 0.2605 0.2868
vn -0.8824 0.3623 0.3003
vn -0.8839 0.3566 0.3025
vn -0.6459 0.3448 0.6811
vn -0.6468 0.3470 0.6791
vn -0.7092 0.3544 0.6095
vn -0.7072 0.3485 0.6151
vn -0.7581 0.3666 0.5394
vn -0.7570 0.3594 0.5457
vn -0.8058 0.3626 0.4683
vn -0.8064 0.3479 0.4782
vn -0.9504 0.1578 0.2680
vn -0.9505 0.1636 0.2643
vn -0.9273 0.1648 0.3362
vn -0.9282 0.1676 0.3322
vn -0.9039 0.1680 0.3933
vn -0.9051 0.1708 0.3895
vn -0.8720 0.1705 0.4589
vn -0.8732 0.1731 0.4555
vn -0.8291 0.1717 0.5321
vn -0.8304 0.1740 0.5292
vn -0.7733 0.1711 0.6105
vn -0.7746 0.1729 0.6084
vn -0.7033 0.1679 0.6908
vn -0.7043 0.1691 0.6895
vn -0.8046 0.4388 0.4001
vn -0.7787 0.4947 0.3860
vn -0.7476 0.5869 0.3109
vn -0.7531 0.5820 0.3067
vn -0.8075 0.5020 0.3097
vn -0.8100 0.4943 0.3155
vn -0.8478 0.4307 0.3093
vn -0.8490 0.4272 0.3108
vn -0.5742 0.5077 0.6423
vn -0.5812 0.5332 0.6147
vn -0.6080 0.5462 0.5761
vn -0.6095 0.5502 0.5708
vn -0.6592 0.5417 0.5216
vn -0.6750 0.5512 0.4905
vn -0.8046 0.4386 0.4003
vn -0.7402 0.4357 0.5122
vn -0.7130 0.5312 0.4576
vn -0.7424 0.5325 0.4065
vn -0.7192 0.5807 0.3815
vn -0.6081 0.4330 0.6654
vn -0.6122 0.4369 0.6590
vn -0.6619 0.4428 0.6048
vn -0.6674 0.4473 0.5954
vn -0.7129 0.4466 0.5406
vn -0.7160 0.4504 0.5334
vn -0.7532 0.4531 0.4769
vn -0.0452 0.0959 0.9944
vn -0.0437 0.0707 0.9965
vn -0.2798 0.0933 0.9555
vn -0.3736 0.0620 0.9255
vn -0.3582 0.0825 0.9300
vn -0.4572 0.0948 0.8843
vn -0.4767 0.0823 0.8752
vn -0.5465 0.0898 0.8326
vn -0.5531 0.0866 0.8286
vn -0.5751 0.3347 0.7465
vn -0.0665 0.2017 0.9772
vn -0.0756 0.2102 0.9747
vn -0.1079 0.2139 0.9709
vn -0.2213 0.2396 0.9453
vn -0.2769 0.2500 0.9278
vn -0.2839 0.2595 0.9231
vn -0.3509 0.2722 0.8960
vn -0.3570 0.2811 0.8908
vn -0.4246 0.2936 0.8564
vn -0.4294 0.3012 0.8514
vn -0.4986 0.3134 0.8082
vn -0.5020 0.3192 0.8038
vn -0.5206 0.2361 0.8205
vn -0.5185 0.2331 0.8227
vn -0.4418 0.2214 0.8694
vn -0.4384 0.2168 0.8722
vn -0.3638 0.2048 0.9087
vn -0.3591 0.1989 0.9119
vn -0.2861 0.1869 0.9398
vn -0.2804 0.1800 0.9429
vn -0.1963 0.1660 0.9664
vn -0.2009 0.1699 0.9648
vn -0.1388 0.1602 0.9773
vn -0.1225 0.1422 0.9822
vn -0.0352 0.1289 0.9910
vn -0.0650 0.1498 0.9866
vn -0.5365 0.1536 0.8298
vn -0.5358 0.1528 0.8304
vn -0.4523 0.1436 0.8802
vn -0.4503 0.1416 0.8816
vn -0.3693 0.1320 0.9199
vn -0.3661 0.1288 0.9216
vn -0.2875 0.1192 0.9504
vn -0.2711 0.1037 0.9569
vn -0.2068 0.0979 0.9735
vn -0.1992 0.0934 0.9755
vn -0.1252 0.0858 0.9884
vn -0.1177 0.0810 0.9897
vn -0.0403 0.0726 0.9966
vn -0.0403 0.0725 0.9966
vn -0.5731 0.3308 0.7498
vn -0.6001 0.2485 0.7603
vn -0.5992 0.2470 0.7616
vn -0.6213 0.1618 0.7667
vn -0.6216 0.1622 0.7664
vn -0.6350 0.0926 0.7670
vn -0.6301 0.0887 0.7714
vn -0.6326 0.6251 0.4572
vn -0.4956 0.8308 0.2534
vn -0.5420 0.7932 0.2774
vn -0.5541 0.7771 0.2983
vn -0.5280 0.7854 0.3230
vn -0.5446 0.7491 0.3772
vn -0.4840 0.7715 0.4129
vn -0.4943 0.7385 0.4586
vn -0.4192 0.7596 0.4972
vn -0.4184 0.7383 0.5290
vn -0.6733 0.6287 0.3890
vn -0.6896 0.6037 0.4000
vn -0.6694 0.6790 0.3014
vn -0.6634 0.6830 0.3055
vn -0.6348 0.7081 0.3093
vn -0.5962 0.7040 0.3859
vn -0.5962 0.7040 0.3858
vn -0.5918 0.6569 0.4672
vn -0.5603 0.6713 0.4851
vn -0.5449 0.6355 0.5470
vn -0.4911 0.6579 0.5710
vn -0.1564 0.4036 0.9015
vn -0.1484 0.3970 0.9057
vn -0.0486 0.3838 0.9221
vn -0.0854 0.4082 0.9089
vn -0.5091 0.4992 0.7012
vn -0.5100 0.5061 0.6955
vn -0.4625 0.4684 0.7528
vn -0.3981 0.4872 0.7773
vn -0.3894 0.4564 0.8000
vn -0.2806 0.4424 0.8518
vn -0.2813 0.4454 0.8500
vn -0.0915 0.3281 0.9402
vn -0.0601 0.3110 0.9485
vn -0.1229 0.3177 0.9402
vn -0.2054 0.3946 0.8956
vn -0.4862 0.5666 0.6653
vn -0.4847 0.5443 0.6847
vn -0.3867 0.5359 0.7505
vn -0.3857 0.5160 0.7648
vn -0.2838 0.5125 0.8104
vn -0.2704 0.4771 0.8362
vn -0.1988 0.5079 0.8382
vn -0.1471 0.4527 0.8795
vn -0.0883 0.4819 0.8718
vn -0.0866 0.4805 0.8727
vn -0.5499 0.4249 0.7191
vn -0.5417 0.4180 0.7293
vn -0.4871 0.4101 0.7711
vn -0.4740 0.3998 0.7845
vn -0.4129 0.3908 0.8227
vn -0.4056 0.3825 0.8301
vn -0.3394 0.3554 0.8709
vn -0.3041 0.3585 0.8826
vn -0.2698 0.3359 0.9024
vn -0.2465 0.3333 0.9100
vn -0.1853 0.2853 0.9403
vn -0.1720 0.2836 0.9434
vn -0.0430 0.2528 0.9666
vn -0.0602 -0.6726 0.7376
vn -0.0738 -0.5613 0.8243
vn -0.0636 -0.7087 0.7026
vn -0.0690 -0.7053 0.7055
vn -0.1353 -0.7157 0.6852
vn -0.3361 -0.7425 0.5794
vn -0.3312 -0.7226 0.6067
vn -0.2403 -0.7314 0.6382
vn -0.2365 -0.7193 0.6532
vn -0.1517 -0.7058 0.6920
vn -0.4437 -0.6315 0.6359
vn -0.3757 -0.6396 0.6707
vn -0.3920 -0.6296 0.6708
vn -0.2891 -0.6160 0.7328
vn -0.2939 -0.6129 0.7335
vn -0.1792 -0.6016 0.7785
vn -0.1834 -0.5985 0.7798
vn -0.0979 -0.5947 0.7980
vn -0.0683 -0.6343 0.7701
vn 0.1021 -0.0035 -0.9948
vn 0.1161 -0.0008 -0.9932
vn 0.1320 0.0005 -0.9912
vn 0.2181 0.0010 -0.9759
vn 0.1975 -0.0017 -0.9803
vn 0.3109 0.0069 -0.9504
vn 0.2481 -0.0020 -0.9687
vn 0.2222 -0.0046 -0.9750
vn 0.2593 -0.0021 -0.9658
vn 0.2063 0.0003 -0.9785
vn 0.3032 -0.0000 -0.9529
vn 0.4290 -0.0000 -0.9033
vn 0.4283 -0.0000 -0.9036
vn 0.5425 -0.0001 -0.8401
vn 0.5396 -0.0002 -0.8419
vn 0.6585 0.0006 -0.7526
vn 0.6289 -0.0010 -0.7775
vn 0.3015 0.0212 -0.9532
vn 0.2345 0.0020 -0.9721
vn 0.2416 0.0030 -0.9704
vn 0.2295 0.0051 -0.9733
vn 0.3147 -0.0217 -0.9489
vn 0.1778 0.0051 -0.9841
vn 0.2201 -0.0034 -0.9755
vn 0.1215 -0.0001 -0.9926
vn 0.1010 0.0027 -0.9949
vn -0.3611 0.7433 0.5631
vn -0.3594 0.7358 0.5740
vn -0.2877 0.7282 0.6220
vn -0.2871 0.7286 0.6219
vn -0.2022 0.7129 0.6715
vn -0.1788 0.7269 0.6630
vn -0.1095 0.6994 0.7063
vn -0.0709 0.7113 0.6993
vn -0.0610 0.7197 0.6916
vn -0.7045 0.5477 0.4514
vn -0.1318 0.5603 0.8178
vn -0.0565 0.6313 0.7735
vn -0.0506 0.6704 0.7403
vn -0.4420 0.6292 0.6393
vn -0.4426 0.6351 0.6330
vn -0.3489 0.6284 0.6953
vn -0.3453 0.6171 0.7071
vn -0.2452 0.6142 0.7501
vn -0.2448 0.6135 0.7508
vn -0.1744 0.5903 0.7882
vn -0.1363 0.6047 0.7847
vn -0.0741 0.5828 0.8092
vn 0.1383 0.5217 -0.8418
vn -0.2070 0.4091 -0.8887
vn -0.6882 0.2182 -0.6919
vn 0.1192 0.3259 -0.9379
vn 0.2295 0.7072 -0.6688
vn 0.2994 0.9516 -0.0697
vn -0.5413 0.7854 -0.3002
vn -0.2253 0.8150 0.5339
vn 0.2560 0.8984 0.3569
vn 0.4214 0.8869 0.1894
vn 0.0808 0.6884 -0.7209
vn 0.1932 0.6538 -0.7316
vn 0.1817 0.6937 -0.6969
vn 0.2791 0.6504 -0.7064
vn 0.2915 0.6137 -0.7337
vn 0.3406 0.7310 -0.5913
vn 0.3606 0.6898 -0.6278
vn 0.5011 0.5620 -0.6581
vn 0.4498 0.6814 -0.5774
vn 0.5650 0.6464 -0.5127
vn -0.5183 0.8004 -0.3011
vn 0.0786 0.9246 -0.3728
vn 0.0229 0.9967 -0.0784
vn 0.0291 0.9980 0.0565
vn 0.0776 0.9963 -0.0379
vn 0.0718 0.9972 -0.0232
vn 0.0559 0.9957 0.0740
vn 0.1442 0.9890 -0.0325
vn 0.0817 0.9949 0.0589
vn 0.1138 0.9908 0.0737
vn 0.1122 0.9908 0.0752
vn -0.0025 -0.9771 0.2126
vn -0.0165 -0.9279 0.3723
vn 0.0665 -0.9270 -0.3692
vn 0.0239 -0.9990 -0.0380
vn 0.0859 -0.7178 -0.6909
vn 0.0799 -0.8258 -0.5583
vn 0.1019 -0.5357 -0.8382
vn 0.1114 -0.1606 -0.9807
vn 0.1099 -0.3841 -0.9167
vn 0.0854 -0.6761 -0.7319
vn 0.1907 -0.6865 -0.7017
vn 0.1908 -0.6812 -0.7068
vn 0.2834 -0.6778 -0.6784
vn 0.2940 -0.5217 -0.8009
vn 0.3573 -0.7137 -0.6024
vn 0.3618 -0.6958 -0.6205
vn 0.4699 -0.6308 -0.6174
vn 0.4655 -0.6485 -0.6023
vn 0.5308 -0.6722 -0.5162
vn 0.5337 -0.6646 -0.5229
vn 0.0071 -0.9984 0.0557
vn 0.0353 -0.9982 0.0487
vn 0.0490 -0.9984 -0.0297
vn 0.0431 -0.9969 0.0658
vn 0.1023 -0.9945 -0.0203
vn 0.1014 -0.9947 -0.0182
vn 0.0704 -0.9938 0.0859
vn 0.1439 -0.9895 0.0159
vn 0.1103 -0.9917 0.0662
vn -0.0406 -0.8171 0.5751
vn 0.1198 0.0381 0.9921
vn 0.0823 -0.0400 0.9958
vn 0.0017 -0.0304 -0.9995
vn -0.0003 -0.0013 -1.0000
vn 0.0012 0.0233 -0.9997
vn -0.0014 -0.3630 -0.9318
vn 0.0008 -0.7028 -0.7114
vn -0.0004 -0.7387 -0.6741
vn 0.0002 -1.0000 0.0052
vn -0.0008 -1.0000 -0.0000
vn -0.0013 -1.0000 -0.0009
vn 0.0006 -1.0000 -0.0063
vn 0.0012 -0.9169 0.3991
vn -0.0020 -0.7839 0.6209
vn 0.0016 -0.6230 0.7822
vn -0.0017 -0.2466 0.9691
vn 0.0012 -0.0235 0.9997
vn -0.0001 -0.0000 1.0000
vn -0.0000 0.0002 1.0000
vn 0.0015 0.0062 1.0000
vn 0.0012 0.9170 0.3989
vn -0.0020 0.7849 0.6196
vn -0.0017 0.2465 0.9691
vn 0.0016 0.6229 0.7823
vn 0.0003 1.0000 0.0047
vn -0.0003 1.0000 -0.0023
vn -0.0009 1.0000 -0.0004
vn -0.0007 1.0000 -0.0000
vn 0.0012 0.9065 -0.4221
vn -0.0017 0.7773 -0.6291
vn 0.0015 0.6206 -0.7842
vn -0.0017 0.2467 -0.9691
vn 0.1061 0.2365 0.9658
vn 0.0911 0.2234 0.9705
vn -0.1121 -0.2334 0.9659
vn -0.2329 -0.3178 0.9191
vn -0.0398 -0.0852 0.9956
vn -0.3409 -0.6155 0.7106
vn -0.3408 -0.6197 0.7070
vn -0.4448 -0.8574 0.2588
vn -0.5106 -0.8498 0.1309
vn -0.4134 -0.8060 0.4238
vn 0.4357 0.8621 0.2588
vn 0.4121 0.8588 0.3044
vn 0.2641 0.4941 0.8283
vn 0.2998 0.6407 0.7068
vn 0.3681 0.7014 0.6104
vn 0.4623 0.8867 -0.0000
vn 0.4656 0.8850 0.0019
vn -0.4660 -0.8461 -0.2588
vn -0.4662 -0.8456 -0.2600
vn -0.3769 -0.7381 -0.5596
vn -0.3523 -0.6134 -0.7068
vn 0.0137 0.0074 -0.9999
vn -0.1856 -0.2740 -0.9437
vn -0.1274 -0.2254 -0.9659
vn -0.2835 -0.5483 -0.7868
vn 0.0971 0.2411 -0.9656
vn 0.1441 0.2907 -0.9459
vn 0.3884 0.7334 -0.5579
vn 0.3013 0.6400 -0.7068
vn 0.2857 0.5459 -0.7876
vn 0.4309 0.8645 -0.2588
vn 0.4287 0.8686 -0.2484
vn -0.4588 -0.8885 -0.0000
vn -0.4625 -0.8866 -0.0019
vn -0.8870 0.4617 -0.0000
vn -0.8870 0.4618 -0.0000
vn -0.1540 -0.4788 -0.8643
vn -0.1331 -0.5219 -0.8426
vn -0.2440 -0.7005 -0.6707
vn -0.2141 -0.7410 -0.6365
vn -0.3023 -0.8719 -0.3852
vn -0.2604 -0.9008 -0.3476
vn -0.3064 -0.9519 0.0017
vn -0.3076 -0.9515 0.0014
vn -0.3080 -0.9514 0.0004
vn -0.3178 -0.9481 -0.0021
vn -0.3066 -0.9359 0.1734
vn -0.2988 -0.9366 0.1830
vn -0.2956 -0.8582 0.4197
vn -0.2803 -0.8573 0.4318
vn -0.2589 -0.6728 0.6931
vn -0.2474 -0.6702 0.6997
vn -0.1888 -0.4641 0.8655
vn -0.1768 -0.4596 0.8704
vn 0.7125 0.6663 0.2202
vn 0.6819 0.6844 0.2580
vn 0.6322 0.6039 0.4855
vn 0.6076 0.6127 0.5054
vn 0.4850 0.5563 0.6748
vn 0.4872 0.5108 0.7083
vn 0.3327 0.4006 0.8537
vn 0.3328 0.4006 0.8537
vn 0.1192 0.2086 0.9707
vn 0.1370 0.0795 0.9874
vn -0.0997 -0.2267 0.9689
vn -0.0590 -0.2097 0.9760
vn -0.0083 -0.0077 0.9999
vn 0.7155 0.6987 0.0021
vn 0.7032 0.7110 0.0027
vn 0.7101 0.7041 0.0009
vn 0.7111 0.7031 0.0037
vn 0.6405 0.6832 -0.3507
vn 0.6467 0.6733 -0.3583
vn 0.5213 0.5732 -0.6323
vn 0.5249 0.5602 -0.6408
vn 0.4006 0.4686 -0.7874
vn 0.3881 0.3699 -0.8441
vn 0.2373 0.3174 -0.9181
vn 0.2181 0.1335 -0.9667
vn 0.0739 0.0628 -0.9953
vn 0.0645 -0.1110 -0.9917
vn -0.0533 -0.2198 -0.9741
vn -0.0392 -0.2858 -0.9575
vn -0.9060 0.4201 -0.0508
vn -0.8975 0.4367 -0.0610
vn -0.8694 0.4893 -0.0684
vn -0.8330 0.5513 -0.0478
vn -0.8516 0.5240 0.0126
vn -0.7669 0.6412 -0.0253
vn -0.7478 0.6640 0.0017
vn -0.7178 0.6962 0.0118
vn -0.7419 0.6704 0.0078
vn -0.8981 0.4398 -0.0072
vn -0.8626 0.5058 -0.0107
vn -0.8713 0.4905 -0.0157
vn -0.8130 0.5823 -0.0054
vn -0.7976 0.6031 -0.0103
vn -0.7220 0.6918 -0.0140
vn -0.7604 0.6488 -0.0307
vn -0.7963 0.6042 -0.0283
vn -0.8316 0.5535 -0.0446
vn -0.8713 0.4903 -0.0202
vn -0.9059 0.4213 -0.0434
vn -0.9380 0.3465 -0.0034
vn -0.9409 0.3387 -0.0026
vn -0.9444 0.3274 -0.0292
vn -0.9406 0.3379 -0.0319
vn -0.9308 0.3610 -0.0567
vn -0.9392 0.3403 -0.0450
vn -0.9152 0.3989 -0.0577
vn -0.9201 0.3908 -0.0276
vn -0.9165 0.3998 -0.0133
vn -0.9332 0.3595 -0.0012
vn -0.9158 0.4014 0.0109
vn -0.9274 0.3741 0.0060
vn -0.9469 0.3215 0.0056
vn -0.7226 0.6913 0.0091
vn -0.7546 0.6560 0.0129
vn -0.7898 0.6131 0.0173
vn -0.8174 0.5760 0.0111
vn -0.8706 0.4919 0.0137
vn -0.8571 0.5150 0.0107
vn -0.8374 0.5464 0.0144
vn -0.8946 0.4468 0.0109
vn -0.8972 0.4415 0.0093
vn 0.7593 -0.6500 0.0311
vn 0.8214 -0.5678 0.0533
vn 0.7245 -0.6892 -0.0094
vn 0.7737 -0.6317 0.0483
vn 0.8218 -0.5673 0.0538
vn 0.7260 -0.6875 0.0150
vn 0.8208 -0.5710 0.0129
vn 0.8468 -0.5319 0.0051
vn 0.9067 -0.4178 0.0572
vn 0.9046 -0.4228 0.0542
vn 0.8825 -0.4674 0.0527
vn 0.8775 -0.4759 0.0585
vn 0.8561 -0.5123 0.0687
vn 0.8907 -0.4545 0.0125
vn 0.8857 -0.4641 0.0138
vn 0.8706 -0.4908 0.0348
vn 0.7390 -0.6736 -0.0069
vn 0.7621 -0.6474 -0.0083
vn 0.7755 -0.6313 -0.0075
vn 0.7595 -0.6499 0.0286
vn 0.8304 -0.5567 0.0209
vn 0.8173 -0.5756 0.0284
vn 0.9445 -0.3285 0.0048
vn 0.9161 -0.3958 0.0641
vn 0.9390 -0.3411 0.0443
vn 0.9339 -0.3528 0.0577
vn 0.9383 -0.3443 0.0323
vn 0.9426 -0.3326 0.0295
vn 0.9384 -0.3457 0.0009
vn 0.9302 -0.3670 -0.0004
vn 0.9125 -0.4088 0.0167
vn 0.9206 -0.3894 0.0284
vn 0.9434 -0.3315 -0.0043
vn 0.9138 -0.4060 -0.0112
vn 0.9260 -0.3775 -0.0054
vn 0.8915 -0.4529 -0.0110
vn 0.8908 -0.4543 -0.0114
vn 0.8527 -0.5221 -0.0150
vn 0.8463 -0.5325 -0.0122
vn 0.8020 -0.5971 -0.0151
vn 0.7281 -0.6854 -0.0074
vn 0.9858 -0.0141 0.1671
vn 0.9836 -0.0162 0.1798
vn 0.9818 -0.0196 0.1889
vn 0.9800 -0.0258 0.1974
vn 0.9761 -0.0530 0.2106
vn 0.9743 0.0516 0.2194
vn 0.9774 0.0388 0.2076
vn 0.9801 0.0308 0.1962
vn 0.9824 0.0254 0.1851
vn 0.9862 0.0204 0.1641
vn 0.9687 -0.0354 0.2457
vn 0.9721 -0.0420 0.2307
vn 0.9778 -0.0267 0.2078
vn 0.9634 0.0356 0.2656
vn 0.9707 0.0405 0.2367
vn 0.9720 0.0621 0.2266
vn 0.9787 0.0210 0.2042
vn 0.9850 -0.0466 0.1659
vn 0.9881 -0.0278 0.1510
vn 0.9882 -0.0134 0.1524
vn 0.9885 -0.0113 0.1509
vn 0.9883 0.0004 0.1523
vn 0.9885 0.0113 0.1505
vn 0.9876 0.0197 0.1558
vn 0.9883 0.0293 0.1500
vn 0.6976 -0.0317 0.7158
vn 0.6945 -0.0341 0.7186
vn 0.7708 -0.0221 0.6367
vn 0.7715 -0.0133 0.6361
vn 0.7999 0.0152 0.6000
vn 0.7776 -0.0027 0.6287
vn 0.7118 0.0542 0.7003
vn 0.7664 0.0226 0.6419
vn 0.7751 0.0069 0.6318
vn 0.7218 0.0160 0.6920
vn 0.7035 0.0238 0.7103
vn 0.9543 0.0439 0.2956
vn 0.9557 0.0413 0.2914
vn 0.9326 0.0319 0.3594
vn 0.9291 0.0185 0.3694
vn 0.9027 0.0085 0.4301
vn 0.9101 0.0168 0.4140
vn 0.9198 0.0142 0.3922
vn 0.9099 -0.0080 0.4147
vn 0.9335 -0.0401 0.3563
vn 0.9308 -0.0225 0.3648
vn 0.9114 -0.0169 0.4111
vn 0.9240 -0.0142 0.3821
vn 0.9548 -0.0365 0.2951
vn 0.9590 -0.0573 0.2775
vn 0.9533 -0.0419 0.2991
vn 0.9438 0.0326 0.3289
vn 0.9327 0.0333 0.3592
vn 0.9326 0.0334 0.3594
vn 0.9093 0.0333 0.4148
vn 0.9097 0.0330 0.4141
vn 0.8768 0.0327 0.4797
vn 0.8777 0.0320 0.4781
vn 0.8325 0.0314 0.5532
vn 0.8342 0.0302 0.5506
vn 0.7739 0.0293 0.6327
vn 0.7767 0.0275 0.6293
vn 0.7008 0.0263 0.7128
vn 0.7850 0.0063 0.6194
vn 0.8338 0.0062 0.5520
vn 0.8345 0.0059 0.5510
vn 0.8781 0.0061 0.4784
vn 0.8792 0.0056 0.4764
vn 0.8965 0.0053 0.4430
vn 0.9474 -0.0356 0.3179
vn 0.9327 -0.0317 0.3593
vn 0.9339 -0.0334 0.3561
vn 0.9096 -0.0333 0.4141
vn 0.9054 -0.0289 0.4237
vn 0.8779 -0.0292 0.4779
vn 0.8765 -0.0284 0.4805
vn 0.8344 -0.0278 0.5504
vn 0.8307 -0.0258 0.5562
vn 0.7769 -0.0254 0.6291
vn 0.7710 -0.0227 0.6364
vn 0.7225 -0.0249 0.6909
vn -0.9397 0.0012 0.3421
vn -0.9198 -0.0000 0.3924
vn -0.9391 -0.0000 0.3437
vn -0.9638 -0.0000 0.2665
vn -0.9639 -0.0000 0.2661
vn -0.9638 0.0003 0.2668
vn -0.9204 -0.0000 0.3909
vn -0.9389 -0.0011 0.3443
vn -0.9212 0.0017 0.3891
vn -0.9575 -0.0006 0.2883
vn -0.9848 -0.0000 0.1735
vn -0.9846 -0.0001 0.1747
vn -0.9982 0.0001 0.0599
vn -0.9981 -0.0000 0.0610
vn -0.9341 0.0003 0.3571
vn -0.9634 -0.0007 0.2681
vn -0.9715 0.0003 0.2371
vn -0.9849 -0.0012 0.1734
vn -0.9982 -0.0014 0.0601
vn -0.9941 0.0010 0.1084
vn -0.8251 0.0005 0.5650
vn -0.8912 0.0001 0.4535
vn -0.8931 -0.0000 0.4498
vn -0.9196 -0.0000 0.3929
vn -0.9199 -0.0000 0.3922
vn -0.9389 -0.0000 0.3441
vn -0.7490 -0.0002 0.6625
vn -0.7522 -0.0001 0.6589
vn -0.8448 -0.0004 0.5351
vn -0.9982 -0.0000 0.0602
vn -0.9846 0.0002 0.1748
vn -0.9847 0.0001 0.1742
vn -0.9988 0.0008 0.0495
vn -0.8863 0.0030 -0.4632
vn -0.9300 -0.0097 -0.3675
vn -0.8918 -0.0000 -0.4524
vn -0.9027 -0.0017 -0.4303
vn -0.9313 0.0048 -0.3642
vn -0.8529 -0.0082 -0.5220
vn -0.8852 -0.0000 -0.4652
vn -0.8875 0.0007 -0.4608
vn -0.9326 -0.0000 -0.3609
vn -0.9518 -0.0000 -0.3068
vn -0.9513 0.0002 -0.3083
vn -0.9820 -0.0008 -0.1890
vn -0.9806 0.0003 -0.1958
vn -0.9987 -0.0002 -0.0516
vn -0.9986 -0.0000 -0.0532
vn -0.9806 -0.0081 -0.1957
vn -0.9490 0.0117 -0.3151
vn -0.9774 0.0018 -0.2115
vn -0.9512 0.0002 -0.3087
vn -0.9989 -0.0023 -0.0473
vn -0.9952 0.0021 -0.0983
vn -0.7244 -0.0000 -0.6894
vn -0.7390 -0.0004 -0.6737
vn -0.7839 -0.0011 -0.6209
vn -0.8229 0.0014 -0.5681
vn -0.9985 -0.0000 -0.0543
vn -0.9983 0.0003 -0.0577
vn -0.9821 -0.0005 -0.1886
vn -0.9806 -0.0010 -0.1959
vn -0.9524 -0.0000 -0.3050
vn -0.9516 -0.0002 -0.3072
vn -0.0002 0.8119 0.5838
vn -0.0011 0.8092 0.5876
vn 0.0036 0.8803 0.4743
vn 0.0065 0.8822 0.4708
vn 0.0047 0.8795 0.4758
vn 0.0012 0.8666 0.4990
vn 0.0007 0.6113 0.7914
vn 0.0009 0.7225 0.6914
vn 0.0010 0.7228 0.6910
vn 0.0015 0.3692 0.9294
vn 0.0157 0.4666 0.8843
vn -0.0567 0.4640 0.8840
vn 0.0030 0.4185 0.9082
vn 0.0047 0.6337 0.7735
vn -0.0010 0.5742 0.8187
vn 0.0047 0.3227 0.9465
vn 0.0448 0.2979 0.9536
vn -0.0092 0.1533 0.9881
vn 0.0116 0.2408 0.9705
vn -0.0105 0.0589 0.9982
vn 0.0006 0.2595 0.9657
vn 0.0005 -0.2693 0.9631
vn 0.0109 0.1593 0.9872
vn -0.0020 0.0311 0.9995
vn -0.0078 -0.1512 0.9885
vn 0.0119 -0.2340 0.9722
vn -0.0094 -0.0440 0.9990
vn 0.0042 -0.1092 0.9940
vn 0.0032 -0.5699 0.8217
vn 0.0017 -0.5575 0.8302
vn -0.0203 -0.4033 0.9148
vn 0.0003 -0.3455 0.9384
vn 0.0040 -0.3772 0.9261
vn -0.0029 -0.4750 0.8800
vn 0.0247 -0.2751 0.9611
vn 0.0001 -0.3049 0.9524
vn 0.0011 -0.8642 0.5031
vn 0.0053 -0.8788 0.4772
vn 0.0023 -0.8745 0.4849
vn -0.0001 -0.9042 0.4272
vn 0.0005 -0.9082 0.4185
vn -0.0014 -0.6419 0.7668
vn 0.0028 -0.6755 0.7374
vn -0.0021 -0.7356 0.6774
vn 0.0024 -0.7958 0.6056
vn 0.0039 -0.7883 0.6152
vn -0.0005 -0.8315 0.5555
vn 0.1469 0.0005 -0.9892
vn 0.0453 0.0011 -0.9990
vn 0.0435 0.0010 -0.9991
vn 0.1494 0.0009 -0.9888
vn 0.0526 0.0030 -0.9986
vn 0.0740 0.0002 -0.9973
vn 0.1088 -0.0001 -0.9941
vn 0.1354 0.0001 -0.9908
vn 0.6342 0.0310 0.7726
vn 0.5964 0.0456 0.8014
vn 0.6053 0.0227 0.7957
vn 0.5127 0.0491 0.8572
vn -0.9983 -0.0574 -0.0095
vn -0.9988 -0.0483 -0.0016
vn -0.9983 -0.0570 -0.0081
vn -0.9994 -0.0357 0.0015
vn -0.9982 -0.0603 0.0001
vn -0.9984 -0.0554 -0.0106
vn -0.9952 -0.0978 -0.0016
vn -0.9971 -0.0764 0.0007
vn -0.9957 -0.0922 -0.0007
vn -0.9955 -0.0950 -0.0025
vn -0.9944 -0.1059 0.0005
vn -0.9896 -0.1438 0.0001
vn -0.9896 -0.1439 -0.0000
vn -0.9921 -0.1252 -0.0095
vn -0.9924 -0.1228 -0.0016
vn -0.9913 -0.1303 -0.0175
vn -0.9925 -0.1223 -0.0053
vn -0.9934 -0.1148 -0.0000
vn -0.9926 -0.1210 -0.0015
vn -0.9995 -0.0308 -0.0002
vn -0.9996 -0.0266 -0.0066
vn -0.9993 -0.0235 -0.0287
vn -0.9913 0.1313 -0.0098
vn -0.9921 0.1254 -0.0000
vn -0.9896 0.1439 -0.0000
vn -0.9896 0.1438 -0.0000
vn -0.9944 0.1052 0.0007
vn -0.9958 0.0909 0.0039
vn -0.9938 0.1110 -0.0025
vn -0.9943 0.1066 0.0011
vn -0.9929 0.1191 -0.0004
vn -0.9959 0.0909 -0.0006
vn -0.9966 0.0827 -0.0042
vn -0.9961 0.0874 -0.0073
vn -0.9971 0.0755 -0.0005
vn -0.9991 0.0239 -0.0358
vn -0.9996 0.0258 -0.0132
vn -0.9996 0.0298 -0.0029
vn -0.9986 0.0513 0.0112
vn -0.9989 0.0448 -0.0112
vn -0.9988 0.0480 -0.0059
vn -0.9985 0.0553 0.0009
vn -0.9983 0.0571 -0.0067
vn -0.9980 0.0566 -0.0273
vn -0.9988 0.0483 -0.0006
vn -0.9999 -0.0163 0.0015
vn -0.9929 -0.1189 -0.0005
vn -0.9960 -0.0891 0.0005
vn -0.9967 -0.0809 -0.0010
vn -0.9994 -0.0360 0.0007
vn -0.9991 -0.0435 -0.0016
vn -0.9999 -0.0113 0.0007
vn -0.9938 -0.1113 0.0008
vn -0.9880 -0.1546 -0.0008
vn -0.9887 -0.1497 0.0006
vn -0.9845 -0.1756 0.0003
vn -0.9847 -0.1741 0.0003
vn -0.9846 -0.1751 -0.0001
vn -0.9845 -0.1756 0.0002
vn -0.9875 -0.1578 0.0021
vn -0.9867 -0.1623 0.0062
vn -0.9859 -0.1668 0.0106
vn -0.9853 -0.1703 0.0144
vn -0.9882 -0.1533 -0.0043
vn -0.9836 -0.1806 0.0008
vn -0.9815 -0.1916 0.0003
vn -0.9813 -0.1927 -0.0001
vn -0.9822 -0.1880 0.0028
vn -0.9833 -0.1818 -0.0007
vn -0.9833 -0.1820 -0.0005
vn -0.9815 -0.1913 -0.0000
vn -0.9814 -0.1917 -0.0001
vn -0.9815 -0.1917 -0.0000
vn -0.9844 0.1760 0.0001
vn -0.9892 0.1464 0.0007
vn -0.9884 0.1518 0.0022
vn -0.9950 0.1001 -0.0012
vn -0.9965 0.0837 0.0017
vn -0.9832 0.1823 0.0012
vn -0.9816 0.1909 -0.0002
vn -0.9815 0.1915 0.0001
vn -0.9814 0.1918 -0.0001
vn -0.9814 0.1918 -0.0000
vn -0.9816 0.1910 -0.0001
vn -0.9819 0.1892 -0.0002
vn -0.9828 0.1848 0.0019
vn -0.9834 0.1813 -0.0011
vn -0.9841 0.1776 0.0003
vn -0.9882 0.1531 -0.0027
vn -0.9914 0.1285 -0.0264
vn -0.9884 0.1515 0.0076
vn -0.9977 0.0672 -0.0005
vn -0.9983 0.0574 -0.0004
vn -0.9994 0.0341 -0.0003
vn -0.9997 0.0250 -0.0024
vn -0.9998 0.0180 -0.0014
vn -0.0253 0.0002 -0.9997
vn -0.1050 -0.0009 -0.9945
vn -0.1959 -0.0076 -0.9806
vn -0.1125 0.0026 -0.9936
vn -0.2306 -0.0009 -0.9730
vn -0.2838 0.0039 -0.9589
vn -0.3313 -0.0003 -0.9435
vn -0.3267 0.0001 -0.9451
vn -0.2881 -0.0031 -0.9576
vn -0.3320 0.0001 -0.9433
vn -0.4390 -0.0000 -0.8985
vn -0.4381 -0.0000 -0.8989
vn -0.5376 -0.0000 -0.8432
vn -0.5334 0.0001 -0.8459
vn -0.6458 -0.0000 -0.7635
vn -0.6375 0.0004 -0.7704
vn -0.2274 0.0010 -0.9738
vn -0.0640 -0.0008 -0.9979
vn -0.1089 -0.0031 -0.9940
vn -0.1896 0.0067 -0.9818
vn 0.0576 -0.0028 -0.9983
vn 0.0628 -0.0017 -0.9980
vn 0.0490 -0.0004 -0.9988
vn 0.1240 0.0002 -0.9923
vn 0.1490 -0.0003 -0.9888
vn 0.1538 -0.0011 -0.9881
vn 0.0322 -0.0000 0.9995
vn 0.0316 -0.0000 0.9995
vn 0.0770 -0.0000 0.9970
vn 0.0859 0.0001 0.9963
vn 0.1692 0.0001 0.9856
vn 0.1730 0.0002 0.9849
vn 0.1597 -0.0002 0.9872
vn 0.1285 -0.0001 0.9917
vn 0.1248 -0.0001 0.9922
vn -0.5766 -0.0003 0.8170
vn -0.6707 -0.0039 0.7417
vn -0.5521 0.0034 0.8338
vn -0.6554 0.0001 0.7553
vn -0.5187 0.0001 0.8550
vn -0.4196 -0.0006 0.9077
vn -0.2850 -0.0058 0.9585
vn -0.4499 0.0017 0.8931
vn -0.3083 -0.0002 0.9513
vn -0.1918 0.0019 0.9814
vn -0.2737 -0.0006 0.9618
vn -0.0625 -0.0083 0.9980
vn -0.0473 -0.0000 0.9989
vn -0.0293 0.0021 0.9996
vn -0.0249 0.0005 0.9997
vn -0.1357 -0.0002 0.9907
vn -0.1516 0.0001 0.9884
vn 0.0845 -0.0031 -0.9964
vn 0.9875 0.0324 -0.1540
vn 0.9830 0.0252 -0.1820
vn 0.0723 0.0020 -0.9974
vn 0.7158 0.0242 -0.6978
vn 0.9104 0.0281 -0.4128
vn 0.9258 0.0340 -0.3765
vn 0.0749 -0.0000 -0.9972
vn 0.0864 0.0009 -0.9963
vn 0.3534 0.0032 -0.9355
vn 0.3777 0.0040 -0.9259
vn 0.6212 0.0059 -0.7836
vn 0.6202 0.0059 -0.7844
vn 0.8084 0.0023 -0.5886
vn 0.9269 0.0135 -0.3752
vn 0.9132 0.0088 -0.4075
vn 0.9833 0.0094 -0.1815
vn 0.9834 0.0095 -0.1812
vn 0.3392 -0.0126 -0.9406
vn 0.3629 -0.0128 -0.9317
vn 0.5932 -0.0217 -0.8048
vn 0.6259 -0.0202 -0.7797
vn 0.8110 -0.0212 -0.5847
vn 0.9141 -0.0353 -0.4040
vn 0.9257 -0.0317 -0.3769
vn 0.9830 -0.0256 -0.1820
vn 0.9870 -0.0324 -0.1575
vn 0.9833 -0.0095 -0.1815
vn 0.9834 -0.0094 -0.1812
vn 0.9269 -0.0089 -0.3752
vn 0.9270 -0.0089 -0.3748
vn 0.8593 -0.0082 -0.5114
vn 0.0751 -0.0021 -0.9972
vn 0.9851 0.0699 -0.1571
vn 0.9775 0.1329 -0.1639
vn 0.9586 0.2260 -0.1734
vn 0.9243 0.3334 -0.1860
vn 0.9848 0.0705 -0.1589
vn 0.9222 0.0643 -0.3813
vn 0.9320 0.0592 -0.3576
vn 0.7875 0.0637 -0.6131
vn 0.6664 0.0391 -0.7446
vn 0.3672 0.0275 -0.9297
vn 0.3545 0.0277 -0.9346
vn 0.0815 0.0062 -0.9967
vn 0.0880 0.0062 -0.9961
vn 0.9774 0.1330 -0.1641
vn 0.9190 0.1254 -0.3738
vn 0.9205 0.1247 -0.3702
vn 0.7773 0.1055 -0.6203
vn 0.7736 0.1060 -0.6247
vn 0.4354 0.0600 -0.8982
vn 0.0657 0.0089 -0.9978
vn 0.9581 0.2267 -0.1748
vn 0.8949 0.2123 -0.3926
vn 0.8960 0.2118 -0.3903
vn 0.7463 0.1766 -0.6417
vn 0.7418 0.1771 -0.6468
vn 0.3369 0.0811 -0.9380
vn 0.3331 0.0808 -0.9394
vn 0.0703 0.0171 -0.9974
vn 0.0731 0.0173 -0.9972
vn 0.9207 0.3381 -0.1948
vn 0.8561 0.3082 -0.4148
vn 0.8516 0.3098 -0.4228
vn 0.7008 0.2552 -0.6662
vn 0.7314 0.2536 -0.6331
vn 0.5133 0.2020 -0.8341
vn 0.3563 0.1236 -0.9262
vn 0.0559 0.0205 -0.9982
vn 0.9976 0.0441 -0.0526
vn 0.9973 0.0326 -0.0664
vn 0.9990 0.0099 -0.0426
vn 0.9990 0.0096 -0.0433
vn 0.9980 -0.0121 -0.0622
vn 0.9985 -0.0096 -0.0538
vn 0.9984 -0.0415 0.0390
vn 0.9993 0.0105 0.0355
vn 0.9997 0.0051 0.0246
vn 0.9999 0.0117 0.0084
vn 0.9996 -0.0127 0.0271
vn 0.9993 0.0050 0.0360
vn 0.9998 -0.0200 0.0086
vn 0.9995 -0.0317 0.0093
vn 0.9993 -0.0379 0.0019
vn 0.9981 -0.0327 -0.0523
vn 0.9963 -0.0426 -0.0742
vn 0.9990 0.0423 0.0110
vn 0.9996 0.0298 0.0019
vn 0.9980 0.0469 0.0413
vn 0.9983 0.0433 0.0391
vn 0.9585 -0.2260 -0.1739
vn 0.9776 -0.1330 -0.1632
vn 0.9850 -0.0699 -0.1579
vn 0.9297 -0.3178 -0.1860
vn 0.9033 -0.3425 -0.2584
vn 0.8492 -0.2981 -0.4360
vn 0.8553 -0.3111 -0.4143
vn 0.7045 -0.2565 -0.6617
vn 0.6980 -0.2501 -0.6709
vn 0.3712 -0.1383 -0.9182
vn 0.0546 -0.0200 -0.9983
vn 0.9584 -0.2253 -0.1751
vn 0.8950 -0.2108 -0.3931
vn 0.8956 -0.2117 -0.3912
vn 0.7469 -0.1768 -0.6410
vn 0.7668 -0.1919 -0.6125
vn 0.5373 -0.1120 -0.8359
vn 0.3485 -0.0950 -0.9325
vn 0.0825 -0.0133 -0.9965
vn 0.0957 -0.0227 -0.9952
vn 0.9774 -0.1319 -0.1654
vn 0.9195 -0.1243 -0.3729
vn 0.9078 -0.1139 -0.4037
vn 0.8001 -0.1160 -0.5885
vn 0.5776 -0.0692 -0.8134
vn 0.5990 -0.0787 -0.7969
vn 0.3281 -0.0361 -0.9439
vn 0.0998 -0.0168 -0.9949
vn 0.0772 -0.0104 -0.9970
vn 0.9842 -0.0680 -0.1634
vn 0.9178 -0.0657 -0.3915
vn 0.9120 -0.0616 -0.4055
vn 0.6871 -0.0491 -0.7249
vn 0.0703 -0.0049 -0.9975
vn -0.0002 -0.0001 -1.0000
vn 0.0001 -0.0000 -1.0000
vn -0.0000 0.0002 -1.0000
vn -0.0047 0.0112 -0.9999
vn -0.0001 0.0001 -1.0000
vn 0.1040 0.0903 -0.9905
vn 0.0037 0.0229 -0.9997
vn 0.0002 0.0003 -1.0000
vn -0.0002 -0.0002 -1.0000
vn 0.0004 1.0000 -0.0000
vn 0.0007 1.0000 -0.0000
vn -0.0005 1.0000 -0.0004
vn 0.0001 1.0000 0.0001
vn -0.0002 1.0000 -0.0001
vn -0.2351 0.9720 -0.0027
vn -0.2363 0.9717 -0.0027
vn -0.6474 0.7622 -0.0007
vn -0.6640 0.7478 -0.0014
vn -0.9601 0.2796 -0.0031
vn -0.9769 0.2137 -0.0051
vn -0.9161 0.4010 -0.0010
vn 0.8030 0.3987 -0.4429
vn 0.6721 0.3339 -0.6609
vn 0.5892 0.4262 -0.6864
vn 0.7986 0.3870 -0.4610
vn 0.7079 0.5105 -0.4880
vn 0.5876 0.4239 -0.6892
vn 0.4902 0.5086 -0.7078
vn 0.4834 0.5055 -0.7146
vn 0.3775 0.5850 -0.7178
vn 0.3374 0.5558 -0.7598
vn 0.3135 0.6570 -0.6856
vn 0.4038 0.8439 -0.3533
vn 0.4051 0.8440 -0.3515
vn 0.4949 0.7946 -0.3517
vn 0.4963 0.7945 -0.3499
vn 0.5847 0.7332 -0.3472
vn 0.5862 0.7329 -0.3453
vn 0.6677 0.6625 -0.3395
vn 0.6693 0.6620 -0.3373
vn 0.7693 0.5507 -0.3239
vn 0.7977 0.5709 -0.1945
vn 0.8829 0.4329 -0.1821
vn 0.0463 0.0261 -0.9986
vn 0.0561 0.0441 -0.9974
vn 0.0164 0.0330 -0.9993
vn 0.0336 0.0357 -0.9988
vn 0.0293 0.0464 -0.9985
vn 0.0299 0.0469 -0.9985
vn 0.0211 0.0444 -0.9988
vn 0.3656 0.7661 -0.5286
vn 0.3667 0.7666 -0.5272
vn 0.4615 0.7143 -0.5261
vn 0.4378 0.7031 -0.5603
vn 0.5471 0.6861 -0.4796
vn 0.5838 0.6060 -0.5403
vn 0.6108 0.6061 -0.5095
vn 0.7070 0.5082 -0.4919
vn 0.7694 0.5529 -0.3198
vn 0.8495 0.4324 -0.3022
vn 0.8838 0.4208 -0.2046
vn 0.4408 0.2765 -0.8539
vn 0.2352 0.1100 -0.9657
vn 0.0593 0.0280 -0.9978
vn 0.4223 0.8797 -0.2185
vn 0.4239 0.8795 -0.2164
vn 0.5172 0.8279 -0.2172
vn 0.5187 0.8274 -0.2154
vn 0.6102 0.7627 -0.2142
vn 0.6117 0.7620 -0.2123
vn 0.6954 0.6876 -0.2090
vn 0.6970 0.6866 -0.2070
vn 0.7982 0.5687 -0.1987
vn 0.6735 0.3355 -0.6586
vn 0.3754 0.1872 -0.9078
vn 0.3208 0.2322 -0.9182
vn 0.2819 0.2217 -0.9335
vn 0.2815 0.2939 -0.9134
vn 0.1778 0.2926 -0.9396
vn 0.1926 0.3056 -0.9325
vn 0.9421 0.3320 0.0461
vn 0.9441 0.3261 0.0478
vn 0.9728 0.2272 0.0460
vn 0.9726 0.2279 0.0458
vn 0.9898 0.1354 0.0440
vn 0.9894 0.1388 0.0425
vn 0.9965 0.0720 0.0413
vn 0.9964 0.0751 0.0395
vn 0.9419 0.3360 -0.0001
vn 0.9430 0.3327 0.0022
vn 0.9736 0.2283 0.0028
vn 0.9737 0.2277 0.0033
vn 0.9909 0.1349 0.0038
vn 0.9907 0.1357 0.0029
vn 0.9975 0.0713 0.0031
vn 0.9974 0.0722 0.0018
vn 0.9388 0.3382 -0.0653
vn 0.9399 0.3356 -0.0629
vn 0.9717 0.2288 -0.0582
vn 0.9719 0.2283 -0.0576
vn 0.9895 0.1343 -0.0537
vn 0.9894 0.1349 -0.0545
vn 0.9961 0.0706 -0.0521
vn 0.9960 0.0713 -0.0534
vn 0.9933 0.0409 0.1078
vn 0.9969 0.0372 0.0690
vn 0.9938 0.0372 0.1047
vn 0.9945 0.0112 0.1041
vn 0.9945 0.0110 0.1039
vn 0.9945 -0.0112 0.1039
vn 0.9945 -0.0110 0.1041
vn 0.9936 -0.0418 0.1048
vn 0.9935 -0.0372 0.1075
vn 0.9969 0.0378 0.0694
vn 0.9979 0.0110 0.0644
vn 0.9980 0.0096 0.0630
vn 0.9978 -0.0110 0.0661
vn 0.9978 -0.0140 0.0642
vn 0.9971 -0.0372 0.0669
vn 0.9971 -0.0335 0.0689
vn 0.9966 -0.0720 0.0395
vn 0.9963 -0.0751 0.0413
vn 0.9899 -0.1354 0.0425
vn 0.9893 -0.1388 0.0440
vn 0.9728 -0.2272 0.0458
vn 0.9726 -0.2279 0.0460
vn 0.9421 -0.3320 0.0479
vn 0.9442 -0.3261 0.0460
vn 0.9975 -0.0713 0.0018
vn 0.9974 -0.0722 0.0031
vn 0.9909 -0.1349 0.0029
vn 0.9907 -0.1357 0.0038
vn 0.9736 -0.2283 0.0033
vn 0.9737 -0.2277 0.0029
vn 0.9419 -0.3359 0.0021
vn 0.9430 -0.3327 -0.0001
vn 0.9961 -0.0706 -0.0534
vn 0.9961 -0.0713 -0.0521
vn 0.9894 -0.1343 -0.0544
vn 0.9894 -0.1349 -0.0537
vn 0.9718 -0.2288 -0.0576
vn 0.9719 -0.2282 -0.0581
vn 0.9349 -0.3491 -0.0634
vn 0.9393 -0.3355 -0.0725
vn 0.0585 -0.0271 -0.9979
vn 0.0312 -0.0352 -0.9989
vn 0.6970 -0.6866 -0.2070
vn 0.6954 -0.6876 -0.2090
vn 0.6693 -0.6620 -0.3373
vn 0.6677 -0.6625 -0.3395
vn 0.6108 -0.6061 -0.5095
vn 0.5838 -0.6060 -0.5403
vn 0.4902 -0.5086 -0.7078
vn 0.4787 -0.5033 -0.7194
vn 0.2791 -0.2936 -0.9143
vn 0.6117 -0.7620 -0.2123
vn 0.6102 -0.7627 -0.2142
vn 0.5862 -0.7329 -0.3453
vn 0.5847 -0.7332 -0.3472
vn 0.5471 -0.6861 -0.4796
vn 0.1870 -0.2838 -0.9405
vn 0.0320 -0.0490 -0.9983
vn 0.0222 -0.0428 -0.9988
vn 0.8775 -0.4432 -0.1831
vn 0.8692 -0.4164 -0.2666
vn 0.8548 -0.4230 -0.3006
vn 0.7961 -0.3941 -0.4592
vn 0.7940 -0.3943 -0.4628
vn 0.6598 -0.3278 -0.6762
vn 0.6762 -0.3288 -0.6592
vn 0.3480 -0.2026 -0.9154
vn 0.2927 -0.1365 -0.9464
vn 0.0393 -0.0130 -0.9991
vn 0.0697 -0.0380 -0.9968
vn 0.4239 -0.8795 -0.2164
vn 0.4223 -0.8797 -0.2184
vn 0.4051 -0.8440 -0.3515
vn 0.4038 -0.8439 -0.3533
vn 0.3667 -0.7666 -0.5272
vn 0.3656 -0.7661 -0.5286
vn 0.3108 -0.6515 -0.6921
vn 0.5187 -0.8274 -0.2154
vn 0.5172 -0.8279 -0.2172
vn 0.4963 -0.7945 -0.3499
vn 0.4949 -0.7946 -0.3517
vn 0.4378 -0.7031 -0.5603
vn 0.4615 -0.7143 -0.5261
vn 0.3794 -0.5879 -0.7145
vn 0.3356 -0.5564 -0.7601
vn 0.1919 -0.3167 -0.9289
vn 0.7989 -0.5692 -0.1944
vn 0.7970 -0.5704 -0.1988
vn 0.7705 -0.5516 -0.3196
vn 0.7682 -0.5520 -0.3241
vn 0.7088 -0.5095 -0.4879
vn 0.7061 -0.5092 -0.4921
vn 0.5899 -0.4255 -0.6863
vn 0.5870 -0.4246 -0.6894
vn 0.3171 -0.2295 -0.9202
vn 0.2859 -0.2219 -0.9322
vn 0.0368 -0.0357 -0.9987
vn -0.0001 -0.0000 -1.0000
vn 0.0009 -0.0013 -1.0000
vn 0.0001 -0.0007 -1.0000
vn -0.0047 0.0017 -1.0000
vn 0.0011 -0.0384 -0.9993
vn 0.0030 0.0072 -1.0000
vn -0.0020 0.0321 -0.9995
vn -0.0002 -1.0000 -0.0000
vn 0.0008 -1.0000 0.0002
vn 0.0001 -1.0000 0.0001
vn -0.0009 -1.0000 -0.0008
vn -0.9309 -0.3652 -0.0014
vn -0.9789 -0.2042 -0.0053
vn -0.7124 -0.7017 -0.0029
vn -0.7038 -0.7103 -0.0026
vn -0.4102 -0.9120 -0.0004
vn -0.2190 -0.9757 -0.0040
vn 0.6341 -0.0315 0.7726
vn 0.6038 -0.0432 0.7960
vn -0.0540 0.6508 -0.7573
vn -0.0858 0.2163 -0.9725
vn -0.3039 0.9506 -0.0636
vn -0.2067 0.9759 -0.0695
vn -0.2714 0.9529 -0.1350
vn -0.1847 0.9749 -0.1246
vn -0.2279 0.9529 -0.1999
vn -0.1467 0.9749 -0.1677
vn -0.1692 0.9529 -0.2516
vn -0.0925 0.9765 -0.1948
vn -0.1004 0.9526 -0.2871
vn -0.0263 0.9743 -0.2236
vn -0.0319 0.9705 -0.2392
vn -0.7292 0.6809 -0.0682
vn -0.6807 0.7203 -0.1337
vn -0.6525 0.7449 -0.1394
vn -0.7083 0.6648 -0.2373
vn -0.6090 0.7358 -0.2962
vn -0.5930 0.7493 -0.2949
vn -0.6240 0.6648 -0.4106
vn -0.5129 0.7358 -0.4421
vn -0.4978 0.7493 -0.4368
vn -0.4982 0.6648 -0.5566
vn -0.3828 0.7358 -0.5586
vn -0.3695 0.7493 -0.5496
vn -0.3392 0.6648 -0.6655
vn -0.2272 0.7358 -0.6379
vn -0.2182 0.7473 -0.6276
vn -0.1570 0.6688 -0.7267
vn -0.0845 0.7240 -0.6846
vn -0.9716 0.2319 -0.0474
vn -0.9642 0.2583 -0.0596
vn -0.9452 0.2581 -0.1998
vn -0.9559 0.2259 -0.1878
vn -0.9234 0.2383 -0.3011
vn -0.9160 0.2583 -0.3070
vn -0.8688 0.2583 -0.4225
vn -0.8070 0.2583 -0.5311
vn -0.7318 0.2583 -0.6307
vn -0.6443 0.2583 -0.7198
vn -0.5461 0.2583 -0.7969
vn -0.4387 0.2583 -0.8607
vn -0.3241 0.2583 -0.9101
vn -0.2040 0.2583 -0.9443
vn -0.0992 0.2586 -0.9609
vn 0.0095 0.0353 -0.9993
vn -0.0010 0.8551 -0.5185
vn 0.2394 0.9367 -0.2554
vn 0.1665 0.8364 -0.5222
vn 0.2303 0.9075 -0.3514
vn 0.1242 0.9874 -0.0978
vn 0.1595 0.6764 -0.7190
vn 0.1480 0.7192 -0.6789
vn 0.2017 0.8478 -0.4905
vn 0.0165 0.0432 -0.9989
vn 0.1176 0.3119 -0.9428
vn 0.0975 0.4842 -0.8695
vn 0.3253 0.9206 -0.2160
vn 0.3026 0.9187 -0.2538
vn 0.2930 0.8898 -0.3499
vn 0.2914 0.8888 -0.3536
vn 0.2650 0.8087 -0.5252
vn 0.2640 0.8075 -0.5275
vn 0.2065 0.6320 -0.7470
vn 0.2210 0.6559 -0.7218
vn 0.1161 0.3462 -0.9310
vn 0.1095 0.3371 -0.9351
vn 0.0175 0.0489 -0.9987
vn -0.9995 0.0305 -0.0014
vn -0.9964 0.0850 -0.0067
vn 0.4341 0.9008 -0.0099
vn 0.4578 0.8880 0.0419
vn 0.4715 0.8810 0.0386
vn 0.5391 0.8414 0.0379
vn 0.5527 0.8324 0.0404
vn 0.6334 0.7728 0.0394
vn 0.6465 0.7617 0.0418
vn 0.7196 0.6932 0.0407
vn 0.7321 0.6798 0.0431
vn 0.8211 0.5693 0.0410
vn 0.8314 0.5537 0.0459
vn 0.9023 0.4288 0.0438
vn 0.9085 0.4153 0.0476
vn 0.4359 0.9000 -0.0106
vn 0.5348 0.8449 -0.0122
vn 0.5395 0.8419 -0.0102
vn 0.6294 0.7770 -0.0114
vn 0.6338 0.7734 -0.0096
vn 0.7158 0.6982 -0.0105
vn 0.7201 0.6938 -0.0085
vn 0.8177 0.5756 -0.0092
vn 0.8217 0.5699 -0.0049
vn 0.9003 0.4352 -0.0046
vn 0.9031 0.4294 -0.0006
vn 0.5290 0.8437 -0.0909
vn 0.5326 0.8417 -0.0891
vn 0.6236 0.7766 -0.0895
vn 0.6269 0.7741 -0.0877
vn 0.7098 0.6990 -0.0871
vn 0.7131 0.6958 -0.0852
vn 0.8117 0.5782 -0.0825
vn 0.8151 0.5740 -0.0782
vn 0.8956 0.4388 -0.0735
vn 0.8980 0.4344 -0.0694
vn 0.4326 0.8971 -0.0895
vn 0.4667 0.8776 -0.1098
vn 0.9397 0.3196 0.1216
vn 0.9424 0.3232 0.0856
vn 0.9383 0.3233 0.1231
vn 0.9682 0.2214 0.1166
vn 0.9652 0.2320 0.1204
vn 0.9829 0.1443 0.1148
vn 0.9828 0.1446 0.1149
vn 0.9905 0.0816 0.1110
vn 0.9908 0.0794 0.1098
vn 0.9416 0.3254 0.0864
vn 0.9692 0.2319 0.0830
vn 0.9704 0.2274 0.0812
vn 0.9864 0.1444 0.0780
vn 0.9875 0.1385 0.0750
vn 0.9942 0.0794 0.0729
vn 0.9947 0.0749 0.0700
vn 0.9907 -0.0802 0.1101
vn 0.9944 -0.0793 0.0702
vn 0.9907 -0.0794 0.1105
vn 0.9831 -0.1430 0.1143
vn 0.9829 -0.1446 0.1139
vn 0.9674 -0.2229 0.1202
vn 0.9656 -0.2320 0.1173
vn 0.9393 -0.3202 0.1229
vn 0.9425 -0.3098 0.1251
vn 0.9945 -0.0749 0.0727
vn 0.9867 -0.1444 0.0752
vn 0.9873 -0.1384 0.0778
vn 0.9693 -0.2319 0.0813
vn 0.9703 -0.2274 0.0828
vn 0.9413 -0.3262 0.0864
vn 0.9416 -0.3254 0.0866
vn 0.4316 -0.8951 -0.1115
vn 0.4682 -0.8827 0.0407
vn 0.9022 -0.4287 0.0478
vn 0.9086 -0.4153 0.0435
vn 0.8209 -0.5692 0.0461
vn 0.8317 -0.5538 0.0407
vn 0.7195 -0.6931 0.0433
vn 0.7322 -0.6799 0.0404
vn 0.6333 -0.7727 0.0420
vn 0.6466 -0.7618 0.0392
vn 0.5391 -0.8413 0.0406
vn 0.5528 -0.8324 0.0377
vn 0.4580 -0.8881 0.0387
vn 0.4293 -0.9030 -0.0148
vn 0.9003 -0.4352 -0.0007
vn 0.9031 -0.4294 -0.0046
vn 0.8177 -0.5756 -0.0049
vn 0.8217 -0.5699 -0.0092
vn 0.7158 -0.6982 -0.0085
vn 0.7201 -0.6938 -0.0105
vn 0.6294 -0.7770 -0.0095
vn 0.6338 -0.7734 -0.0115
vn 0.5348 -0.8449 -0.0101
vn 0.5395 -0.8419 -0.0122
vn 0.4418 -0.8970 -0.0107
vn 0.9003 -0.4281 -0.0783
vn 0.8978 -0.4343 -0.0733
vn 0.8120 -0.5784 -0.0784
vn 0.8148 -0.5738 -0.0824
vn 0.7099 -0.6991 -0.0852
vn 0.7130 -0.6957 -0.0871
vn 0.6237 -0.7767 -0.0877
vn 0.6268 -0.7740 -0.0895
vn 0.5291 -0.8439 -0.0890
vn 0.5325 -0.8416 -0.0909
vn 0.4615 -0.8825 -0.0900
vn 0.2207 -0.9508 -0.2173
vn 0.0186 -0.0276 -0.9994
vn 0.0096 -0.0643 -0.9979
vn 0.0118 -0.0597 -0.9981
vn 0.1731 -0.7078 -0.6848
vn 0.0896 -0.4693 -0.8785
vn 0.1126 -0.2961 -0.9485
vn 0.1444 -0.6810 -0.7179
vn 0.1801 -0.8329 -0.5233
vn 0.1820 -0.8299 -0.5274
vn 0.1867 -0.9184 -0.3489
vn 0.2141 -0.9222 -0.3219
vn 0.2371 -0.9514 -0.1966
vn 0.3207 -0.9080 -0.2697
vn 0.0165 -0.0628 -0.9979
vn 0.3055 -0.9275 -0.2153
vn 0.2925 -0.8885 -0.3536
vn 0.2919 -0.8902 -0.3499
vn 0.2646 -0.8073 -0.5275
vn 0.2644 -0.8089 -0.5251
vn 0.2150 -0.6580 -0.7216
vn 0.2131 -0.6265 -0.7497
vn 0.1075 -0.3186 -0.9418
vn 0.1102 -0.3406 -0.9337
vn 0.0179 -0.0646 -0.9978
vn 0.0179 -0.0504 -0.9986
vn -0.9996 -0.0274 -0.0013
vn -0.0757 -0.4259 -0.9016
vn -0.0542 -0.7589 -0.6489
vn -0.0016 -0.9944 -0.1057
vn -0.5987 -0.7576 -0.2599
vn -0.0957 -0.7558 -0.6478
vn 0.1287 -0.9573 -0.2589
vn -0.0216 -0.9658 -0.2584
vn -0.0272 -0.9701 -0.2413
vn -0.0684 -0.9571 -0.2817
vn -0.0771 -0.9749 -0.2090
vn -0.1400 -0.9529 -0.2688
vn -0.1280 -0.9749 -0.1823
vn -0.2042 -0.9529 -0.2241
vn -0.1704 -0.9749 -0.1435
vn -0.2547 -0.9529 -0.1644
vn -0.1917 -0.9780 -0.0826
vn -0.2568 -0.9622 -0.0904
vn -0.3118 -0.9485 -0.0568
vn -0.0686 -0.5721 -0.8173
vn -0.0797 -0.7069 -0.7028
vn -0.1495 -0.7064 -0.6919
vn -0.1602 -0.7386 -0.6549
vn -0.2506 -0.6648 -0.7037
vn -0.3075 -0.7358 -0.6033
vn -0.3059 -0.7493 -0.5873
vn -0.4223 -0.6648 -0.6162
vn -0.4516 -0.7358 -0.5046
vn -0.4460 -0.7493 -0.4895
vn -0.5658 -0.6648 -0.4877
vn -0.5657 -0.7358 -0.3722
vn -0.5564 -0.7493 -0.3592
vn -0.6718 -0.6648 -0.3267
vn -0.6421 -0.7358 -0.2152
vn -0.6675 -0.7059 -0.2369
vn -0.6970 -0.7060 -0.1255
vn -0.6966 -0.7064 -0.1252
vn -0.0865 -0.1798 -0.9799
vn -0.1056 -0.2586 -0.9602
vn -0.2040 -0.2583 -0.9443
vn -0.3241 -0.2583 -0.9101
vn -0.4387 -0.2583 -0.8607
vn -0.5461 -0.2583 -0.7969
vn -0.6443 -0.2583 -0.7198
vn -0.7318 -0.2583 -0.6307
vn -0.8070 -0.2583 -0.5311
vn -0.8688 -0.2583 -0.4225
vn -0.9160 -0.2583 -0.3070
vn -0.9479 -0.2583 -0.1863
vn -0.9412 -0.2908 -0.1717
vn -0.9801 -0.1878 -0.0645
vn 0.3458 -0.1470 0.9267
vn -0.0533 -0.1627 0.9852
vn 0.1473 -0.0589 0.9873
vn 0.0427 -0.0421 0.9982
vn 0.3634 -0.0367 0.9309
vn 0.2920 -0.0363 0.9557
vn 0.4490 -0.0403 0.8926
vn 0.3934 -0.0088 0.9193
vn 0.0370 -0.0713 0.9968
vn 0.1186 -0.1651 0.9791
vn 0.1165 -0.1665 0.9791
vn 0.1919 -0.1602 0.9682
vn 0.1876 -0.1635 0.9685
vn 0.2953 -0.1551 0.9427
vn 0.2843 -0.1660 0.9443
vn 0.3815 -0.1611 0.9102
vn 0.3668 -0.1750 0.9137
vn 0.4815 -0.1721 0.8594
vn 0.4474 -0.1950 0.8728
vn 0.0356 -0.1639 0.9858
vn 0.0112 -0.1777 0.9840
vn 0.2180 -0.0980 0.9710
vn 0.2922 -0.0931 0.9518
vn 0.2914 -0.0938 0.9520
vn 0.3783 -0.0929 0.9210
vn 0.3556 -0.1077 0.9284
vn 0.4630 -0.1067 0.8799
vn 0.4486 -0.1192 0.8857
vn 0.0482 -0.0655 0.9967
vn 0.1209 -0.0618 0.9907
vn 0.1274 -0.0588 0.9901
vn 0.1915 -0.0555 0.9799
vn 0.2071 -0.0468 0.9772
vn 0.2777 -0.0453 0.9596
vn 0.3803 -0.0583 0.9230
vn 0.4573 -0.0580 0.8874
vn 0.4461 -0.0665 0.8925
vn 0.5188 -0.0424 0.8538
vn 0.5365 -0.0291 0.8434
vn 0.5303 -0.0774 0.8442
vn 0.5427 -0.0681 0.8372
vn 0.5316 -0.1340 0.8363
vn 0.5471 -0.1206 0.8283
vn 0.5294 -0.2051 0.8232
vn 0.5372 -0.1979 0.8199
vn 0.6097 -0.0388 0.7917
vn 0.6252 -0.0825 0.7761
vn 0.6278 -0.0806 0.7742
vn 0.6143 -0.1501 0.7746
vn 0.6290 -0.1373 0.7652
vn 0.6082 -0.2221 0.7621
vn 0.6247 -0.2069 0.7530
vn 0.9297 -0.1999 0.3094
vn 0.6863 -0.2246 0.6918
vn 0.6916 -0.2377 0.6820
vn 0.7474 -0.2396 0.6197
vn 0.7504 -0.2496 0.6120
vn 0.7955 -0.2510 0.5515
vn 0.7971 -0.2580 0.5459
vn 0.8330 -0.2589 0.4889
vn 0.8337 -0.2636 0.4852
vn 0.8753 -0.2640 0.4052
vn 0.6951 -0.0865 0.7137
vn 0.7072 -0.1018 0.6996
vn 0.7702 -0.1048 0.6291
vn 0.7747 -0.1113 0.6224
vn 0.8250 -0.1136 0.5536
vn 0.8277 -0.1181 0.5486
vn 0.8669 -0.1196 0.4840
vn 0.8682 -0.1223 0.4808
vn 0.9433 -0.1216 0.3088
vn 0.9432 -0.1192 0.3103
vn 0.9315 -0.1962 0.3063
vn 0.8941 -0.1964 0.4026
vn 0.9068 -0.1433 0.3966
vn 0.9032 -0.1232 0.4112
vn 0.7148 -0.0560 0.6970
vn 0.7734 -0.0579 0.6313
vn 0.7774 -0.0618 0.6260
vn 0.8306 -0.0635 0.5532
vn 0.8330 -0.0662 0.5493
vn 0.8740 -0.0673 0.4812
vn 0.8752 -0.0689 0.4788
vn 0.9060 -0.0694 0.4175
vn 0.9109 -0.0767 0.4055
vn 0.9299 -0.0632 0.3624
vn 0.9508 -0.0767 0.3003
vn 0.9500 -0.0696 0.3045
vn 0.9055 -0.2693 0.3279
vn 0.8722 -0.2694 0.4082
vn 0.8960 -0.1927 0.4001
vn 0.8540 -0.1917 0.4837
vn 0.8528 -0.1877 0.4873
vn 0.8155 -0.1862 0.5481
vn 0.8131 -0.1800 0.5535
vn 0.7657 -0.1776 0.6182
vn 0.7616 -0.1687 0.6257
vn 0.7025 -0.1657 0.6922
vn 0.6960 -0.1540 0.7013
vn 0.9767 -0.1452 0.1579
vn 0.9231 -0.2960 0.2456
vn 0.9321 -0.2929 0.2130
vn 0.9356 -0.2854 0.2077
vn 0.9414 -0.2986 0.1568
vn 0.9837 -0.0679 0.1665
vn 0.9765 -0.0843 0.1983
vn 0.9684 -0.0649 0.2409
vn 0.9692 -0.0773 0.2336
vn 0.9457 -0.1979 0.2577
vn 0.9455 -0.2071 0.2515
vn 0.9567 -0.2060 0.2055
vn 0.9556 -0.2164 0.2000
vn 0.9629 -0.2154 0.1627
vn 0.9842 -0.0805 0.1578
vn 0.9773 -0.1364 0.1621
vn 0.9694 -0.1373 0.2034
vn 0.9716 -0.1304 0.1973
vn 0.9597 -0.1314 0.2483
vn 0.9635 -0.1208 0.2391
vn 0.9582 -0.2419 0.1530
vn 0.9396 -0.3032 0.1588
vn 0.4857 -0.8708 0.0765
vn 0.9170 -0.3771 0.1299
vn 0.9135 -0.3968 0.0897
vn 0.8517 -0.5105 0.1185
vn 0.7778 -0.6160 0.1251
vn 0.7580 -0.6414 0.1183
vn 0.6804 -0.7246 0.1096
vn 0.6576 -0.7450 0.1118
vn 0.5864 -0.8047 0.0920
vn 0.5348 -0.8400 0.0918
vn 0.9062 -0.4069 0.1150
vn 0.8479 -0.5158 0.1220
vn 0.9061 -0.4145 0.0846
vn 0.8427 -0.5312 0.0879
vn 0.8292 -0.5528 0.0820
vn 0.7615 -0.6426 0.0846
vn 0.7301 -0.6787 0.0792
vn 0.6803 -0.7285 0.0805
vn 0.6449 -0.7606 0.0745
vn 0.5870 -0.8061 0.0753
vn 0.5515 -0.8313 0.0692
vn 0.4895 -0.8692 0.0698
vn 0.4570 -0.8872 0.0629
vn 0.2493 -0.9680 0.0297
vn 0.2456 -0.9694 -0.0022
vn 0.2608 -0.9653 -0.0124
vn 0.2345 -0.9710 -0.0462
vn 0.2409 -0.9640 -0.1131
vn 0.2358 -0.9658 -0.1081
vn 0.2750 -0.9607 0.0384
vn 0.3602 -0.9321 0.0378
vn 0.3531 -0.9347 0.0401
vn 0.3433 -0.9391 -0.0133
vn 0.3400 -0.9403 -0.0118
vn 0.3332 -0.9363 -0.1112
vn 0.3312 -0.9372 -0.1091
vn -0.9649 -0.2197 -0.1438
vn -0.9368 0.2975 -0.1841
vn -0.4541 0.0205 -0.8907
vn -0.0957 -0.0114 -0.9953
vn -0.0879 0.0001 -0.9961
vn -0.2334 -0.0307 -0.9719
vn -0.2111 0.0126 -0.9774
vn -0.3351 -0.0457 -0.9411
vn -0.3895 0.0118 -0.9210
vn -0.4940 -0.0923 -0.8646
vn -0.9643 -0.0471 -0.2607
vn -0.9411 -0.1217 -0.3154
vn -0.9348 0.0087 -0.3551
vn -0.8951 -0.0965 -0.4353
vn -0.8832 0.0054 -0.4689
vn -0.8324 -0.0840 -0.5478
vn -0.8276 -0.0572 -0.5585
vn -0.7574 -0.0098 -0.6528
vn -0.7648 -0.0526 -0.6421
vn -0.6669 -0.0071 -0.7451
vn -0.6768 -0.0457 -0.7348
vn -0.5653 -0.0064 -0.8249
vn -0.5894 -0.0787 -0.8040
vn -0.0237 -0.4664 0.8843
vn -0.0182 -0.3841 0.9231
vn -0.1256 -0.3583 0.9251
vn 0.2140 -0.2452 0.9455
vn 0.0676 -0.6711 0.7383
vn 0.0033 -0.7054 0.7088
vn 0.9852 0.0103 0.1713
vn -0.0144 -0.5753 0.8178
vn 0.6169 -0.2980 0.7284
vn 0.6023 -0.2829 0.7465
vn 0.5448 -0.2851 0.7886
vn 0.4320 -0.2540 0.8654
vn 0.3860 -0.2558 0.8863
vn 0.3679 -0.2424 0.8977
vn 0.3016 -0.2465 0.9210
vn 0.2852 -0.2357 0.9290
vn 0.2244 -0.2409 0.9442
vn 0.5876 -0.4105 0.6973
vn 0.5727 -0.4027 0.7141
vn 0.5487 -0.4050 0.7313
vn 0.4365 -0.3620 0.8237
vn 0.3814 -0.3667 0.8486
vn 0.3659 -0.3556 0.8600
vn 0.3010 -0.3613 0.8825
vn 0.2861 -0.3516 0.8914
vn 0.2164 -0.3581 0.9083
vn 0.2194 -0.3599 0.9068
vn 0.1279 -0.3696 0.9203
vn 0.1218 -0.3643 0.9233
vn 0.0251 -0.3749 0.9267
vn 0.0374 -0.3892 0.9204
vn 0.0267 -0.4422 0.8965
vn 0.0419 -0.4550 0.8895
vn 0.1236 -0.4463 0.8863
vn 0.1285 -0.4506 0.8834
vn 0.2059 -0.4423 0.8729
vn 0.2241 -0.4598 0.8593
vn 0.2889 -0.4250 0.8578
vn 0.3583 -0.4545 0.8155
vn 0.3627 -0.4649 0.8076
vn 0.4442 -0.4241 0.7892
vn 0.4959 -0.4416 0.7477
vn 0.5065 -0.3170 0.8019
vn 0.4841 -0.3190 0.8148
vn 0.1869 -0.2789 0.9420
vn 0.1255 -0.2873 0.9496
vn 0.1092 -0.2790 0.9541
vn 0.0190 -0.2949 0.9553
vn 0.0011 -0.2863 0.9581
vn 0.4977 -0.5691 0.6546
vn 0.4721 -0.5891 0.6558
vn 0.3764 -0.6097 0.6975
vn 0.3817 -0.6052 0.6986
vn 0.2907 -0.6470 0.7049
vn 0.2453 -0.6403 0.7279
vn 0.2015 -0.6709 0.7137
vn 0.1206 -0.6688 0.7336
vn 0.0726 -0.6979 0.7126
vn 0.0302 -0.6856 0.7273
vn 0.0436 -0.5830 0.8113
vn 0.0370 -0.5785 0.8148
vn 0.1195 -0.5708 0.8123
vn 0.1343 -0.5770 0.8056
vn 0.2080 -0.5493 0.8093
vn 0.2664 -0.5728 0.7752
vn 0.3430 -0.5255 0.7786
vn 0.4042 -0.5507 0.7303
vn 0.4688 -0.5087 0.7221
vn 0.5380 -0.5148 0.6675
vn 0.5315 -0.5052 0.6799
vn 0.8929 -0.3174 0.3193
vn 0.8471 -0.4165 0.3302
vn 0.8328 -0.4525 0.3189
vn 0.6357 -0.4043 0.6575
vn 0.6461 -0.4132 0.6418
vn 0.7032 -0.4058 0.5838
vn 0.7061 -0.4135 0.5749
vn 0.7412 -0.4190 0.5244
vn 0.7706 -0.4047 0.4924
vn 0.7774 -0.4116 0.4756
vn 0.8172 -0.4046 0.4105
vn 0.8176 -0.3932 0.4207
vn 0.6711 -0.2983 0.6787
vn 0.6892 -0.3219 0.6491
vn 0.7241 -0.3207 0.6106
vn 0.7361 -0.3342 0.5886
vn 0.7732 -0.3207 0.5471
vn 0.8040 -0.3388 0.4887
vn 0.8033 -0.3357 0.4919
vn 0.8481 -0.3341 0.4113
vn 0.8478 -0.3409 0.4062
vn 0.8796 -0.3406 0.3320
vn 0.8670 -0.3822 0.3197
vn 0.7650 -0.6327 0.1201
vn 0.7373 -0.6633 0.1281
vn 0.5355 -0.8415 0.0717
vn 0.8082 -0.5729 0.1363
vn 0.8073 -0.5724 0.1439
vn 0.8570 -0.4977 0.1334
vn 0.6138 -0.7825 0.1045
vn 0.6847 -0.7246 0.0783
vn 0.6559 -0.7497 0.0877
vn 0.6109 -0.7806 0.1320
vn 0.7384 -0.6685 0.0884
vn 0.6871 -0.7130 0.1398
vn 0.7761 -0.6188 0.1213
vn 0.7606 -0.6265 0.1702
vn 0.8329 -0.5207 0.1873
vn 0.9097 -0.3664 0.1955
vn 0.8849 -0.4139 0.2136
vn 0.9072 -0.3951 0.1447
vn 0.8823 -0.4466 0.1484
vn 0.8893 -0.3805 0.2539
vn 0.8576 -0.4498 0.2493
vn 0.8505 -0.4608 0.2534
vn 0.8168 -0.5250 0.2393
vn 0.9113 -0.3187 0.2606
vn 0.8873 -0.3838 0.2558
vn 0.9005 -0.3901 0.1921
vn 0.8681 -0.4533 0.2024
vn 0.8370 -0.5149 0.1853
vn 0.7208 -0.6731 0.1656
vn 0.7299 -0.6706 0.1324
vn 0.8100 -0.5694 0.1404
vn 0.8400 -0.5166 0.1657
vn 0.8764 -0.4558 0.1557
vn 0.9246 -0.3447 0.1621
vn 0.7898 -0.5443 0.2829
vn 0.7555 -0.6123 0.2331
vn 0.7380 -0.4879 0.4662
vn 0.7446 -0.4829 0.4609
vn 0.6986 -0.4917 0.5198
vn 0.6753 -0.5062 0.5364
vn 0.6564 -0.5035 0.5618
vn 0.5717 -0.5490 0.6098
vn 0.5710 -0.5484 0.6109
vn 0.8037 -0.5217 0.2861
vn 0.8251 -0.4651 0.3207
vn 0.6067 -0.4905 0.6255
vn 0.6032 -0.4870 0.6316
vn 0.6542 -0.4767 0.5872
vn 0.7842 -0.4717 0.4032
vn 0.7878 -0.4854 0.3791
vn 0.7813 -0.4993 0.3745
vn 0.7700 -0.5570 0.3112
vn 0.2395 -0.9689 0.0618
vn 0.0366 -0.9978 0.0546
vn 0.3102 -0.9483 0.0665
vn 0.3040 -0.9502 0.0679
vn 0.2397 -0.9689 0.0614
vn 0.2490 -0.9667 0.0591
vn 0.1852 -0.9806 0.0646
vn 0.2679 -0.9620 0.0522
vn 0.3122 -0.9489 0.0461
vn 0.2742 -0.9598 0.0607
vn 0.1927 -0.9793 0.0611
vn 0.1439 -0.9880 0.0552
vn 0.1067 -0.9921 0.0654
vn 0.3967 -0.9149 0.0751
vn 0.3841 -0.9206 0.0703
vn 0.3917 -0.9185 0.0536
vn 0.3594 -0.9311 0.0625
vn 0.2638 -0.9633 0.0490
vn 0.3468 -0.9329 0.0974
vn 0.3317 -0.9428 0.0329
vn 0.3923 -0.9100 0.1340
vn 0.3878 -0.9206 0.0468
vn 0.4572 -0.8775 0.1449
vn 0.4516 -0.8908 0.0503
vn 0.5284 -0.8325 0.1667
vn 0.5257 -0.8493 0.0492
vn 0.6142 -0.7663 0.1888
vn 0.6151 -0.7822 0.0991
vn 0.6951 -0.6843 0.2203
vn 0.6840 -0.7129 0.1549
vn 0.4243 -0.9026 0.0722
vn 0.3933 -0.9147 0.0931
vn 0.6302 -0.7650 0.1330
vn 0.6621 -0.7358 0.1424
vn 0.6788 -0.7177 0.1555
vn 0.7461 -0.6424 0.1754
vn 0.7466 -0.6394 0.1837
vn 0.7865 -0.5655 0.2481
vn 0.3942 -0.9162 0.0725
vn 0.4586 -0.8829 0.1009
vn 0.5236 -0.8452 0.1072
vn 0.5323 -0.8388 0.1146
vn 0.5978 -0.7907 0.1321
vn 0.8223 -0.5272 0.2143
vn 0.7562 -0.6132 0.2285
vn 0.5207 -0.8500 0.0793
vn 0.5427 -0.8343 0.0971
vn 0.6287 -0.7715 0.0977
vn 0.2022 -0.9776 0.0581
vn 0.1400 -0.9895 0.0349
vn 0.1624 -0.9848 0.0620
vn 0.1260 -0.9911 0.0431
vn 0.0780 -0.9958 0.0480
vn 0.0685 -0.9968 0.0408
vn 0.0360 -0.9984 0.0446
vn 0.1967 -0.9792 0.0498
vn 0.0553 -0.9971 0.0526
vn 0.3011 -0.9525 0.0464
vn 0.3856 -0.9182 0.0904
vn 0.2296 -0.9725 0.0388
vn 0.0636 -0.9978 0.0167
vn 0.0344 -0.9983 0.0466
vn 0.0310 -0.9987 0.0412
vn 0.3489 -0.9353 0.0582
vn 0.2841 -0.9572 0.0558
vn 0.2783 -0.9583 0.0653
vn 0.3780 -0.9253 0.0296
vn 0.2865 -0.9562 0.0592
vn 0.0421 -0.9964 0.0729
vn 0.0620 -0.9966 0.0546
vn 0.1242 -0.9915 0.0383
vn 0.1881 -0.9814 0.0381
vn 0.2384 -0.9687 0.0696
vn 0.0398 0.0422 0.9983
vn 0.3755 0.0393 0.9260
vn 0.4264 0.0376 0.9037
vn 0.4541 0.0462 0.8898
vn 0.5217 0.0383 0.8522
vn 0.6305 0.0486 0.7746
vn 0.0401 0.0697 0.9968
vn 0.0459 0.0667 0.9967
vn 0.1209 0.0611 0.9908
vn 0.1241 0.0596 0.9905
vn 0.1912 0.0551 0.9800
vn 0.2075 0.0457 0.9772
vn 0.2890 0.0445 0.9563
vn 0.2857 0.0461 0.9572
vn 0.3613 0.0466 0.9313
vn 0.5524 0.0703 0.8306
vn 0.6282 0.0779 0.7741
vn 0.6063 0.0891 0.7902
vn 0.1214 0.1538 0.9806
vn 0.1169 0.1575 0.9806
vn 0.2089 0.1472 0.9668
vn 0.1877 0.1635 0.9685
vn 0.2953 0.1551 0.9427
vn 0.2843 0.1660 0.9443
vn 0.3815 0.1611 0.9102
vn 0.3668 0.1750 0.9137
vn 0.4823 0.1721 0.8589
vn 0.4467 0.1986 0.8724
vn 0.5406 0.1948 0.8184
vn 0.5294 0.2051 0.8232
vn 0.6247 0.2069 0.7530
vn 0.6082 0.2221 0.7621
vn 0.6143 0.1501 0.7746
vn 0.6290 0.1373 0.7652
vn 0.5200 0.1335 0.8437
vn 0.5481 0.1151 0.8284
vn 0.4483 0.1131 0.8867
vn 0.4636 0.1028 0.8801
vn 0.3721 0.1022 0.9226
vn 0.3778 0.0972 0.9208
vn 0.2839 0.1007 0.9536
vn 0.2922 0.0931 0.9518
vn 0.2180 0.0980 0.9710
vn 0.0078 0.1736 0.9848
vn 0.0431 0.1471 0.9882
vn 0.8730 0.0754 0.4819
vn 0.7071 0.0508 0.7053
vn 0.7001 0.0555 0.7119
vn 0.7779 0.0580 0.6257
vn 0.7729 0.0617 0.6315
vn 0.8334 0.0636 0.5491
vn 0.7053 0.1543 0.6919
vn 0.6934 0.1651 0.7014
vn 0.7680 0.1690 0.6178
vn 0.7594 0.1773 0.6260
vn 0.8171 0.1801 0.5476
vn 0.8116 0.1860 0.5539
vn 0.8551 0.1878 0.4833
vn 0.8518 0.1916 0.4876
vn 0.8960 0.1927 0.4001
vn 0.8941 0.1964 0.4026
vn 0.9274 0.1964 0.3185
vn 0.9444 0.1372 0.2989
vn 0.9507 0.0655 0.3031
vn 0.9068 0.0623 0.4168
vn 0.9236 0.0771 0.3754
vn 0.9291 0.0707 0.3631
vn 0.9515 0.0706 0.2996
vn 0.7088 0.0936 0.6992
vn 0.6991 0.1014 0.7078
vn 0.7760 0.1050 0.6219
vn 0.7691 0.1110 0.6295
vn 0.8286 0.1137 0.5482
vn 0.8242 0.1179 0.5539
vn 0.8688 0.1196 0.4805
vn 0.6956 0.2247 0.6824
vn 0.6824 0.2373 0.6913
vn 0.7537 0.2397 0.6119
vn 0.7442 0.2493 0.6197
vn 0.7995 0.2510 0.5457
vn 0.7932 0.2579 0.5517
vn 0.8354 0.2589 0.4848
vn 0.8314 0.2636 0.4892
vn 0.8753 0.2640 0.4052
vn 0.8722 0.2694 0.4082
vn 0.9097 0.2692 0.3161
vn 0.9187 0.2500 0.3057
vn 0.9434 0.1254 0.3069
vn 0.9163 0.1256 0.3802
vn 0.9069 0.1427 0.3965
vn 0.8709 0.1174 0.4772
vn 0.8796 0.0674 0.4709
vn 0.8303 0.0661 0.5534
vn -0.9673 0.1573 -0.1989
vn -0.9929 -0.0646 -0.1000
vn -0.7556 0.0706 -0.6512
vn -0.7691 0.0381 -0.6380
vn -0.8349 0.0326 -0.5494
vn -0.8317 0.0469 -0.5532
vn -0.8986 0.0399 -0.4370
vn -0.9006 0.0264 -0.4338
vn -0.9355 0.1711 -0.3092
vn -0.5646 0.0491 -0.8239
vn -0.6108 -0.0092 -0.7918
vn -0.6657 0.0606 -0.7437
vn -0.7002 0.0075 -0.7139
vn -0.0879 0.0099 -0.9961
vn -0.1008 -0.0054 -0.9949
vn -0.2110 0.0293 -0.9770
vn -0.2112 0.0291 -0.9770
vn -0.3354 -0.0021 -0.9421
vn -0.3123 0.0376 -0.9492
vn -0.4541 -0.0023 -0.8909
vn -0.4305 0.0435 -0.9015
vn -0.5292 0.0150 -0.8483
vn 0.2719 0.9617 0.0349
vn 0.2690 0.9624 0.0365
vn 0.2386 0.9710 0.0114
vn 0.2333 0.9723 -0.0160
vn 0.2727 0.9615 -0.0343
vn 0.2328 0.9650 -0.1205
vn 0.2407 0.9642 -0.1117
vn 0.3312 0.9369 -0.1119
vn 0.3601 0.9320 0.0417
vn 0.3425 0.9388 0.0360
vn 0.3550 0.9348 -0.0088
vn 0.3335 0.9426 -0.0186
vn 0.3395 0.9348 -0.1038
vn 0.8457 0.5202 0.1189
vn 0.9085 0.4018 0.1147
vn 0.9145 0.3857 0.1219
vn 0.5872 0.8042 0.0920
vn 0.5356 0.8409 0.0776
vn 0.4890 0.8673 0.0925
vn 0.6224 0.7760 0.1018
vn 0.6738 0.7311 0.1076
vn 0.7762 0.6183 0.1234
vn 0.7954 0.5926 0.1273
vn 0.6880 0.7184 0.1029
vn 0.7437 0.6601 0.1054
vn 0.8438 0.5229 0.1208
vn 0.4570 0.8871 0.0646
vn 0.4835 0.8726 0.0694
vn 0.5515 0.8313 0.0693
vn 0.5855 0.8072 0.0753
vn 0.6449 0.7607 0.0742
vn 0.6710 0.7373 0.0786
vn 0.7302 0.6788 0.0780
vn 0.7582 0.6466 0.0842
vn 0.8292 0.5528 0.0823
vn 0.8416 0.5329 0.0880
vn 0.9061 0.4145 0.0846
vn 0.9115 0.4018 0.0883
vn 0.9308 0.3072 0.1979
vn 0.9567 0.2060 0.2055
vn 0.9716 0.1304 0.1973
vn 0.9694 0.1373 0.2034
vn 0.9777 0.0729 0.1972
vn 0.9778 0.0726 0.1968
vn 0.9838 0.0789 0.1612
vn 0.9467 0.2070 0.2466
vn 0.9578 0.1357 0.2533
vn 0.9595 0.1314 0.2494
vn 0.9677 0.0761 0.2403
vn 0.9687 0.0734 0.2371
vn 0.9355 0.3217 0.1459
vn 0.9566 0.2477 0.1536
vn 0.9458 0.2843 0.1571
vn 0.9845 0.0758 0.1579
vn 0.9760 0.1443 0.1632
vn 0.9780 0.1363 0.1579
vn 0.9624 0.2154 0.1654
vn 0.9556 0.2164 0.2000
vn 0.9360 0.2841 0.2076
vn 0.9151 0.2854 0.2849
vn 0.9409 0.2392 0.2398
vn 0.8317 0.1416 0.5369
vn -0.0131 0.3085 0.9511
vn -0.0512 0.2534 0.9660
vn -0.0563 0.4789 0.8761
vn 0.1012 0.3852 0.9173
vn -0.1354 0.4364 0.8895
vn -0.0600 0.2559 0.9648
vn 0.0399 0.4515 0.8914
vn 0.5920 0.3135 0.7425
vn 0.6184 0.2990 0.7267
vn 0.5437 0.3018 0.7832
vn 0.0228 0.3122 0.9497
vn 0.0308 0.3031 0.9525
vn 0.1253 0.2918 0.9482
vn 0.1191 0.2981 0.9471
vn 0.2145 0.2882 0.9332
vn 0.2037 0.2987 0.9323
vn 0.3014 0.2901 0.9083
vn 0.2869 0.3037 0.9085
vn 0.3851 0.2965 0.8740
vn 0.3680 0.3120 0.8759
vn 0.4645 0.3060 0.8310
vn 0.4644 0.3060 0.8311
vn 0.5480 0.3047 0.7790
vn 0.0431 0.4549 0.8895
vn 0.1288 0.4457 0.8859
vn 0.1233 0.4511 0.8839
vn 0.2129 0.4415 0.8717
vn 0.2050 0.4488 0.8698
vn 0.2937 0.4392 0.8490
vn 0.2842 0.4477 0.8478
vn 0.3706 0.4380 0.8190
vn 0.3604 0.4470 0.8187
vn 0.4435 0.4373 0.7823
vn 0.4335 0.4460 0.7830
vn 0.4938 0.4390 0.7506
vn 0.0319 0.2326 0.9721
vn 0.0264 0.2387 0.9707
vn 0.1224 0.2265 0.9663
vn 0.1179 0.2312 0.9657
vn 0.2111 0.2213 0.9521
vn 0.2018 0.2306 0.9519
vn 0.2987 0.2225 0.9280
vn 0.2852 0.2356 0.9291
vn 0.3841 0.2295 0.8943
vn 0.3674 0.2451 0.8972
vn 0.4455 0.2422 0.8619
vn 0.0383 0.3554 0.9339
vn 0.0251 0.3749 0.9267
vn 0.1282 0.3634 0.9228
vn 0.1215 0.3702 0.9210
vn 0.2162 0.3603 0.9075
vn 0.2056 0.3704 0.9058
vn 0.3010 0.3611 0.8826
vn 0.2876 0.3735 0.8819
vn 0.3818 0.3649 0.8492
vn 0.3666 0.3784 0.8499
vn 0.4579 0.3704 0.8082
vn 0.4424 0.3841 0.8104
vn 0.5484 0.3742 0.7478
vn 0.5113 0.3983 0.7615
vn 0.5914 0.3927 0.7043
vn 0.5803 0.4002 0.7093
vn 0.9680 0.0939 0.2328
vn 0.0070 0.6966 0.7175
vn 0.2471 0.5728 0.7815
vn -0.0221 0.5554 0.8313
vn 0.6472 0.3942 0.6525
vn 0.8670 0.3822 0.3197
vn 0.6598 0.4117 0.6286
vn 0.7118 0.4044 0.5743
vn 0.6907 0.4164 0.5912
vn 0.7403 0.4111 0.5319
vn 0.7363 0.4134 0.5357
vn 0.7746 0.4108 0.4809
vn 0.7726 0.4121 0.4829
vn 0.8042 0.4086 0.4315
vn 0.8230 0.3933 0.4099
vn 0.8285 0.4246 0.3650
vn 0.8429 0.4233 0.3323
vn 0.8348 0.4534 0.3125
vn 0.8893 0.3239 0.3229
vn 0.8796 0.3406 0.3320
vn 0.8452 0.3408 0.4117
vn 0.8509 0.3339 0.4056
vn 0.8053 0.3357 0.4886
vn 0.8113 0.3313 0.4817
vn 0.7681 0.3327 0.5471
vn 0.7770 0.3267 0.5380
vn 0.7209 0.3285 0.6102
vn 0.7344 0.3201 0.5985
vn 0.6621 0.3223 0.6766
vn 0.6817 0.3109 0.6623
vn 0.0428 0.6868 0.7256
vn 0.0434 0.6862 0.7261
vn 0.1549 0.6747 0.7216
vn 0.1442 0.6672 0.7308
vn 0.2397 0.6587 0.7132
vn 0.2247 0.6471 0.7285
vn 0.2950 0.6466 0.7034
vn 0.3668 0.6065 0.7054
vn 0.3794 0.6147 0.6915
vn 0.4636 0.5923 0.6590
vn 0.5099 0.5549 0.6573
vn 0.5423 0.5029 0.6731
vn 0.5332 0.5093 0.6755
vn 0.4905 0.5054 0.7100
vn 0.4050 0.5385 0.7389
vn 0.3944 0.5461 0.7391
vn 0.3407 0.5351 0.7731
vn 0.2648 0.5596 0.7853
vn 0.2739 0.5531 0.7868
vn 0.1936 0.5630 0.8035
vn 0.1767 0.5725 0.8007
vn 0.1202 0.5623 0.8181
vn 0.0349 0.5886 0.8077
vn 0.0454 0.5796 0.8136
vn 0.2764 0.9597 0.0517
vn 0.0422 0.9976 0.0546
vn 0.0533 0.9940 0.0957
vn 0.0729 0.9968 0.0327
vn 0.2489 0.9669 0.0558
vn 0.1968 0.9786 0.0606
vn 0.2432 0.9681 0.0608
vn 0.2899 0.9556 0.0522
vn 0.1508 0.9870 0.0551
vn 0.1899 0.9798 0.0629
vn 0.3977 0.9143 0.0761
vn 0.3836 0.9213 0.0641
vn 0.2423 0.9683 0.0604
vn 0.3056 0.9497 0.0680
vn 0.3241 0.9441 0.0612
vn 0.3595 0.9312 0.0602
vn 0.8194 0.5203 0.2404
vn 0.9048 0.4027 0.1384
vn 0.8906 0.4218 0.1700
vn 0.7575 0.6292 0.1738
vn 0.8335 0.5199 0.1870
vn 0.8371 0.5147 0.1853
vn 0.6471 0.7528 0.1206
vn 0.7022 0.7053 0.0979
vn 0.5329 0.8359 0.1319
vn 0.6076 0.7931 0.0427
vn 0.6160 0.7715 0.1589
vn 0.7367 0.6649 0.1235
vn 0.7301 0.6771 0.0921
vn 0.7045 0.6989 0.1236
vn 0.8869 0.3808 0.2616
vn 0.9045 0.3460 0.2491
vn 0.9019 0.3501 0.2529
vn 0.9184 0.3654 0.1516
vn 0.9099 0.3806 0.1646
vn 0.8505 0.4608 0.2534
vn 0.8653 0.4374 0.2447
vn 0.8746 0.4388 0.2062
vn 0.8847 0.4213 0.1993
vn 0.9135 0.3509 0.2059
vn 0.9146 0.3487 0.2045
vn 0.8741 0.4634 0.1455
vn 0.8705 0.4681 0.1520
vn 0.8091 0.5636 0.1663
vn 0.8458 0.5167 0.1331
vn 0.7860 0.6021 0.1404
vn 0.7684 0.6218 0.1514
vn 0.5654 0.5628 0.6030
vn 0.6379 0.5070 0.5797
vn 0.6833 0.5065 0.5260
vn 0.6766 0.4968 0.5436
vn 0.7345 0.4865 0.4731
vn 0.7350 0.4873 0.4716
vn 0.7801 0.4755 0.4066
vn 0.7857 0.4791 0.3913
vn 0.7837 0.4797 0.3945
vn 0.7799 0.5748 0.2476
vn 0.7877 0.5174 0.3344
vn 0.7644 0.5842 0.2729
vn 0.7953 0.5153 0.3194
vn 0.8165 0.4881 0.3082
vn 0.8073 0.5193 0.2803
vn 0.6108 0.4760 0.6327
vn 0.6401 0.4863 0.5948
vn 0.3820 0.9238 0.0236
vn 0.2750 0.9593 0.0641
vn 0.2102 0.9762 0.0541
vn 0.2069 0.9770 0.0509
vn 0.1498 0.9879 0.0393
vn 0.1654 0.9847 0.0558
vn 0.1347 0.9899 0.0437
vn 0.0915 0.9949 0.0431
vn 0.0996 0.9937 0.0518
vn 0.0512 0.9982 0.0327
vn 0.0300 0.9986 0.0441
vn 0.2316 0.9706 0.0661
vn 0.3422 0.9376 0.0613
vn 0.3845 0.9194 0.0832
vn 0.2803 0.9583 0.0549
vn 0.2852 0.9565 0.0613
vn 0.2232 0.9741 0.0370
vn 0.0550 0.9971 0.0521
vn 0.0482 0.9981 0.0385
vn 0.0971 0.9938 0.0536
vn 0.1009 0.9934 0.0555
vn 0.1425 0.9881 0.0588
vn 0.1810 0.9825 0.0437
vn 0.7610 0.6248 0.1748
vn 0.2851 0.9575 0.0445
vn 0.3670 0.9244 0.1040
vn 0.3422 0.9380 0.0549
vn 0.4350 0.8933 0.1129
vn 0.4132 0.9076 0.0739
vn 0.5215 0.8449 0.1191
vn 0.5486 0.8223 0.1513
vn 0.5446 0.8341 0.0872
vn 0.6357 0.7538 0.1663
vn 0.6305 0.7652 0.1302
vn 0.4162 0.9051 0.0873
vn 0.3032 0.9485 0.0917
vn 0.3507 0.9339 0.0692
vn 0.7644 0.6045 0.2242
vn 0.8206 0.5289 0.2165
vn 0.7746 0.5805 0.2511
vn 0.4140 0.9073 0.0732
vn 0.5020 0.8542 0.1356
vn 0.5172 0.8530 0.0698
vn 0.5601 0.8128 0.1602
vn 0.5907 0.8020 0.0891
vn 0.6154 0.7692 0.1723
vn 0.6527 0.7489 0.1142
vn 0.6695 0.7175 0.1921
vn 0.7161 0.6836 0.1411
vn 0.7148 0.6703 0.1995
vn 0.7042 0.6861 0.1827
vn 0.6822 0.7234 0.1062
vn 0.5264 0.8462 0.0828
vn 0.4396 0.8948 0.0780
vn 0.6770 0.7255 0.1239
vn 0.7386 0.6500 0.1789
vn 0.7796 0.6085 0.1479
vn 0.5518 0.8273 0.1049
vn -0.9797 -0.1986 -0.0263
vn -0.8298 -0.5552 -0.0563
vn -0.7718 -0.6320 -0.0708
vn -0.4694 -0.8776 -0.0980
vn -0.4351 -0.8943 -0.1041
vn -0.2905 -0.9558 -0.0451
vn -0.7871 -0.6168 -0.0082
vn -0.4715 -0.8819 -0.0027
vn -0.4906 -0.8714 -0.0016
vn -0.9805 -0.1966 0.0036
vn -0.9603 -0.2791 0.0046
vn -0.7806 -0.6246 0.0226
vn -0.4278 -0.9035 0.0258
vn -0.4558 -0.8897 0.0266
vn 0.0121 -0.9993 0.0355
vn -0.7864 -0.6000 -0.1468
vn -0.7124 -0.6765 -0.1867
vn -0.7146 -0.6704 -0.1999
vn -0.5334 -0.7691 -0.3521
vn -0.5596 -0.7847 -0.2668
vn -0.4487 -0.7689 -0.4555
vn -0.2649 -0.8148 -0.5157
vn -0.0871 -0.9598 -0.2668
vn -0.3564 -0.9111 -0.2070
vn -0.4452 -0.8621 -0.2420
vn -0.3182 -0.9021 -0.2915
vn -0.3411 -0.8564 -0.3876
vn -0.2941 -0.7493 -0.5934
vn -0.1316 -0.4914 -0.8610
vn -0.1048 -0.1804 -0.9780
vn -0.0098 -0.9005 -0.4348
vn -0.0552 -0.7547 -0.6537
vn -0.0705 -0.4939 -0.8667
vn 0.0112 -0.9968 -0.0796
vn -0.9672 -0.2095 -0.1433
vn -0.0068 -1.0000 0.0069
vn -0.0544 -0.9985 0.0020
vn 0.0328 -0.9994 -0.0061
vn -0.1083 -0.9892 -0.0988
vn 0.0161 -0.9977 -0.0654
vn -0.0041 -0.9944 -0.1053
vn -0.2439 -0.7625 -0.5993
vn -0.0101 -0.9604 -0.2783
vn -0.0233 -0.8744 -0.4846
vn -0.0756 -0.8768 -0.4748
vn -0.0869 -0.8614 -0.5004
vn -0.1357 -0.8942 -0.4266
vn -0.1278 -0.9219 -0.3658
vn -0.2769 -0.8706 -0.4067
vn -0.2278 -0.9023 -0.3660
vn -0.2802 -0.9077 -0.3124
vn -0.3307 -0.8803 -0.3403
vn -0.3671 -0.8975 -0.2445
vn -0.4081 -0.8934 -0.1877
vn -0.4164 -0.9074 -0.0567
vn -0.4197 -0.9059 -0.0569
vn -0.0744 -0.5397 -0.8386
vn -0.1779 -0.5311 -0.8284
vn -0.1763 -0.5359 -0.8257
vn -0.2909 -0.5634 -0.7733
vn -0.2546 -0.6367 -0.7279
vn -0.3612 -0.6113 -0.7042
vn -0.4337 -0.4975 -0.7512
vn -0.4094 -0.6427 -0.6475
vn -0.5606 -0.4961 -0.6630
vn -0.5131 -0.5757 -0.6366
vn -0.6054 -0.5670 -0.5586
vn -0.6407 -0.5141 -0.5703
vn -0.6138 -0.6394 -0.4630
vn -0.7385 -0.5219 -0.4270
vn -0.6396 -0.6531 -0.4055
vn -0.7134 -0.6381 -0.2896
vn -0.7854 -0.5479 -0.2879
vn -0.7267 -0.6588 -0.1946
vn -0.8640 -0.4895 -0.1176
vn -0.7670 -0.6311 -0.1159
vn 0.0044 -0.2629 -0.9648
vn -0.0002 -0.2339 -0.9723
vn 0.0056 -0.6518 -0.7584
vn -0.0014 -0.9415 -0.3371
vn 0.0038 -0.9947 -0.1029
vn 0.0003 -0.9304 -0.3665
vn 0.0002 -0.1699 -0.9855
vn 0.0018 -0.2287 -0.9735
vn -0.0017 -0.4910 -0.8712
vn 0.0017 -0.7071 -0.7071
vn 0.0006 -0.7547 -0.6561
vn -0.0269 0.9041 -0.4265
vn 0.0107 0.9938 -0.1109
vn -0.0732 0.6647 -0.7435
vn -0.0549 0.7774 -0.6266
vn -0.1093 0.1609 -0.9809
vn -0.0908 0.4559 -0.8854
vn -0.1023 0.8883 -0.4476
vn 0.0101 0.9947 -0.1022
vn 0.0221 0.9935 -0.1113
vn -0.2785 0.8765 -0.3927
vn -0.0546 0.9903 -0.1280
vn 0.0011 0.9994 -0.0356
vn -0.0294 0.8695 -0.4931
vn -0.1206 0.8633 -0.4901
vn -0.1634 0.8637 -0.4769
vn -0.2578 0.8625 -0.4354
vn -0.2330 0.9105 -0.3415
vn -0.3396 0.8968 -0.2834
vn -0.3686 0.9006 -0.2302
vn -0.0861 0.4798 -0.8731
vn -0.1441 0.6059 -0.7824
vn -0.2264 0.4966 -0.8379
vn -0.2225 0.5928 -0.7740
vn -0.3153 0.6367 -0.7037
vn -0.3515 0.4845 -0.8010
vn -0.3702 0.6185 -0.6931
vn -0.4698 0.5218 -0.7120
vn -0.4418 0.6199 -0.6486
vn -0.5175 0.6493 -0.5573
vn -0.6130 0.4143 -0.6728
vn -0.5679 0.6320 -0.5272
vn -0.6657 0.5463 -0.5083
vn -0.6236 0.6315 -0.4608
vn -0.6642 0.6687 -0.3341
vn -0.7110 0.6011 -0.3650
vn -0.2858 0.9529 -0.1010
vn -0.1296 0.9903 -0.0509
vn -0.4286 0.8963 -0.1141
vn -0.7574 0.6141 -0.2219
vn -0.7421 0.6354 -0.2135
vn -0.9658 -0.0479 -0.2547
vn -0.9681 0.2195 -0.1207
vn -0.7716 0.6319 -0.0735
vn -0.7385 0.6715 -0.0607
vn -0.4175 0.9075 -0.0453
vn 0.0124 0.9993 0.0363
vn 0.0001 0.1179 -0.9930
vn -0.0023 0.8780 -0.4786
vn 0.0035 0.9861 -0.1660
vn -0.0007 0.9703 -0.2418
vn 0.0056 0.1875 -0.9822
vn 0.0014 0.3091 -0.9510
vn -0.0014 0.4643 -0.8857
vn 0.0025 0.7342 -0.6789
vn -0.0008 0.6736 -0.7391
vn -0.0121 0.9991 0.0413
vn -0.4265 0.9040 0.0306
vn -0.7805 0.6248 0.0184
vn -0.9834 0.1814 0.0063
vn -0.4784 0.8778 0.0261
vn -0.2820 0.9593 0.0132
vn -0.4714 0.8812 -0.0350
vn -0.3951 0.9181 -0.0312
vn -0.3809 0.9182 -0.1086
vn -0.4042 0.9080 -0.1103
vn -0.8179 0.5751 0.0155
vn -0.7990 0.6009 -0.0207
vn -0.8720 0.4889 -0.0242
vn -0.6799 0.7280 -0.0883
vn -0.0002 0.2543 -0.9671
vn 0.0038 0.2648 -0.9643
vn 0.0077 0.3775 -0.9260
vn 0.0020 0.7340 -0.6791
vn 0.0065 0.8545 -0.5195
vn -0.9867 0.0816 0.1404
vn -0.1792 0.8624 -0.4734
vn -0.2023 0.8736 -0.4426
vn -0.3830 0.7957 -0.4692
vn -0.5710 0.7696 -0.2858
vn -0.5711 0.7708 -0.2823
vn -0.7124 0.6600 -0.2386
vn -0.7290 0.6674 -0.1522
vn -0.8438 0.5193 -0.1352
vn -0.1317 0.7773 -0.6151
vn -0.1635 0.6951 -0.7001
vn -0.3530 0.7157 -0.6026
vn -0.1696 0.7849 -0.5960
vn -0.3842 0.8351 -0.3936
vn -0.3290 0.8571 -0.3963
vn -0.3529 0.9052 -0.2368
vn -0.4017 0.8838 -0.2401
vn -0.0236 0.3847 -0.9228
vn -0.0194 0.3777 -0.9257
vn 0.0198 -0.8309 -0.5561
vn 0.0349 -0.1723 -0.9844
vn 0.0333 -0.3956 -0.9178
vn 0.0381 -0.6265 -0.7785
vn 0.0665 -0.7202 -0.6906
vn 0.0396 -0.5445 -0.8378
vn 0.0097 -0.9301 -0.3671
vn 0.0177 -0.9991 -0.0379
vn 0.0239 -0.9993 0.0282
vn 0.0066 -0.9770 0.2130
vn -0.0062 -0.8160 0.5780
vn -0.0027 -0.9279 0.3729
vn 0.0127 -0.9788 0.2046
vn -0.0232 -0.8596 0.5104
vn -0.0604 -0.3657 0.9288
vn -0.0238 -0.6462 0.7628
vn -0.0660 -0.1069 0.9921
vn -0.0529 -0.5223 0.8511
vn -0.0762 -0.7573 0.6486
vn -0.2828 0.0874 0.9552
vn -0.4518 0.7865 0.4210
vn -0.4832 -0.5018 0.7174
vn -0.1328 -0.6663 0.7338
vn -0.0978 -0.7894 0.6060
vn -0.1430 -0.8113 0.5669
vn -0.2004 -0.7082 0.6770
vn -0.1598 -0.8551 0.4933
vn -0.3362 -0.6290 0.7009
vn -0.1188 -0.9117 0.3934
vn -0.0320 -0.9539 0.2984
vn -0.0132 -0.7301 -0.6832
vn -0.0938 -0.5923 -0.8002
vn -0.0718 -0.7088 -0.7018
vn -0.1616 -0.6825 -0.7128
vn -0.1833 -0.6125 -0.7689
vn -0.2369 -0.7545 -0.6121
vn -0.2557 -0.7132 -0.6527
vn -0.4197 -0.5134 -0.7485
vn -0.3359 -0.7209 -0.6062
vn -0.4355 -0.6867 -0.5821
vn -0.4155 -0.7213 -0.5542
vn -0.5231 -0.6824 -0.5106
vn -0.5934 -0.5484 -0.5892
vn -0.2761 -0.9442 -0.1797
vn -0.0081 -0.9998 0.0153
vn -0.0087 -0.9999 0.0121
vn -0.0105 -0.9968 0.0790
vn -0.0362 -0.9988 0.0336
vn -0.0124 -0.9957 0.0918
vn -0.0227 -0.9949 0.0987
vn -0.0090 -0.9927 0.1205
vn -0.0159 -0.9919 0.1262
vn 0.0058 -0.9881 0.1535
vn -0.0026 -0.9871 0.1600
vn 0.0831 -0.9657 0.2458
vn 0.0664 -0.9535 0.2941
vn 0.0068 -0.9521 0.3057
vn 0.0056 -0.9557 0.2942
vn -0.0490 -0.9492 0.3108
vn -0.0470 -0.9445 0.3251
vn -0.2223 -0.8906 0.3966
vn -0.2060 -0.8675 0.4529
vn -0.0680 -0.9380 0.3398
vn -0.7169 -0.6386 0.2797
vn -0.6888 -0.6677 0.2822
vn -0.7832 -0.5099 0.3558
vn -0.6913 -0.6284 0.3565
vn -0.6913 -0.5794 0.4318
vn -0.5794 -0.7037 0.4112
vn -0.6993 -0.4874 0.5230
vn -0.5576 -0.6790 0.4775
vn -0.5726 -0.5862 0.5731
vn -0.5146 -0.5984 0.6141
vn -0.5460 -0.7380 -0.3965
vn -0.7255 -0.4847 -0.4885
vn -0.5266 -0.7931 -0.3060
vn -0.7331 -0.5923 -0.3343
vn -0.6135 -0.7467 -0.2570
vn -0.6696 -0.7239 -0.1662
vn -0.6489 -0.7449 -0.1553
vn -0.7189 -0.6931 -0.0529
vn -0.6794 -0.7329 -0.0367
vn -0.7199 -0.6913 0.0614
vn -0.6934 -0.7172 0.0695
vn -0.7322 -0.6607 0.1656
vn -0.7155 -0.6777 0.1697
vn -0.3084 -0.9475 -0.0844
vn 0.1324 -0.9525 0.2744
vn 0.0792 -0.9721 0.2208
vn 0.0518 -0.9753 0.2148
vn 0.1041 -0.9649 0.2411
vn 0.0998 -0.9624 0.2525
vn 0.1293 -0.9564 0.2617
vn 0.1215 -0.9524 0.2796
vn 0.1192 -0.9528 0.2792
vn 0.1175 -0.9484 0.2944
vn 0.1166 -0.9485 0.2944
vn 0.1145 -0.9470 0.3001
vn 0.0652 -0.9508 0.3029
vn 0.0566 0.1614 -0.9853
vn -0.0111 0.8264 0.5630
vn -0.0035 0.9343 0.3564
vn 0.0102 0.9805 0.1960
vn 0.0314 0.9977 0.0605
vn 0.0154 0.9974 -0.0701
vn 0.0070 0.9202 -0.3914
vn 0.0308 0.7397 -0.6722
vn 0.0461 0.6742 -0.7372
vn 0.0305 0.5378 -0.8425
vn 0.0251 0.3892 -0.9208
vn 0.0268 0.1645 -0.9860
vn -0.4894 0.7292 -0.4783
vn -0.5038 0.6985 -0.5081
vn -0.4156 0.7308 -0.5415
vn -0.4189 0.7222 -0.5505
vn -0.3630 0.6888 -0.6275
vn -0.3730 0.6312 -0.6800
vn -0.2557 0.7259 -0.6385
vn -0.2521 0.7454 -0.6171
vn -0.1756 0.4404 -0.8805
vn -0.1697 0.7005 -0.6931
vn -0.0508 0.6843 -0.7275
vn -0.0515 0.6937 -0.7184
vn 0.0265 0.9819 0.1875
vn 0.0032 0.9882 0.1533
vn 0.0017 0.9881 0.1540
vn -0.0129 0.9921 0.1248
vn -0.0111 0.9923 0.1238
vn -0.0206 0.9950 0.0975
vn -0.0158 0.9954 0.0950
vn -0.0208 0.9970 0.0739
vn -0.0127 0.9975 0.0702
vn -0.0144 0.9983 0.0568
vn -0.0007 0.9987 0.0500
vn -0.0004 0.9993 0.0377
vn -0.7034 0.6952 0.1477
vn -0.7026 0.6960 0.1481
vn -0.7246 0.6883 0.0338
vn -0.6937 0.7182 0.0543
vn -0.6897 0.7221 -0.0531
vn -0.7357 0.6712 -0.0906
vn -0.6002 0.7888 -0.1328
vn -0.6425 0.7468 -0.1715
vn -0.7208 0.5534 -0.4173
vn -0.6140 0.7376 -0.2808
vn -0.5638 0.7272 -0.3916
vn -0.5711 0.7156 -0.4022
vn 0.0754 0.9515 0.2981
vn 0.1066 0.9470 0.3030
vn 0.1168 0.9492 0.2923
vn 0.1174 0.9490 0.2925
vn 0.1339 0.9506 0.2801
vn 0.1102 0.9566 0.2699
vn 0.1159 0.9593 0.2574
vn 0.0956 0.9647 0.2453
vn 0.0973 0.9653 0.2422
vn 0.0661 0.9738 0.2176
vn 0.0647 0.9731 0.2211
vn 0.0287 0.9826 0.1837
vn -0.5741 0.4941 0.6529
vn -0.7875 0.3304 0.5202
vn -0.6290 0.6319 0.4528
vn -0.7586 0.5192 0.3936
vn -0.6961 0.5930 0.4048
vn -0.7535 0.5791 0.3113
vn -0.6950 0.6398 0.3282
vn -0.7306 0.6389 0.2408
vn -0.7230 0.6464 0.2439
vn -0.3506 0.7519 0.5583
vn -0.4073 0.7687 0.4931
vn -0.1968 0.8746 0.4431
vn -0.2311 0.8706 0.4343
vn -0.2282 0.8972 0.3782
vn -0.1115 0.9333 0.3413
vn -0.0957 0.9430 0.3188
vn -0.0349 0.9509 0.3076
vn -0.0322 0.9525 0.3028
vn 0.0248 0.9538 0.2994
vn 0.0240 0.9535 0.3004
vn 0.0767 0.9502 0.3022
vn -0.0545 0.1733 0.9833
vn -0.0551 0.4934 0.8681
vn 0.0005 0.9572 0.2894
vn -0.1408 -0.7532 0.6426
vn -0.0305 0.6285 0.7772
vn -0.0376 0.8492 0.5268
vn -0.1742 0.6370 0.7509
vn -0.1232 0.7496 0.6503
vn -0.0266 0.7541 0.6562
vn -0.2155 0.7309 0.6475
vn -0.1486 0.8088 0.5690
vn -0.1596 0.8461 0.5085
vn -0.1776 0.8556 0.4863
vn -0.2968 0.7547 0.5850
vn -0.4398 0.5511 0.7092
vn 1.0000 -0.0000 -0.0000
vn 0.0281 0.5913 0.8060
vn 0.0166 -0.6247 0.7807
vn -0.0016 -0.7609 0.6488
vn 0.0021 -0.8417 0.5400
vn -0.0034 -0.8641 0.5034
vn 0.0037 -0.9296 0.3686
vn -0.0003 -0.9393 0.3431
vn 0.0006 -0.9870 0.1609
vn 0.0052 -0.9832 0.1824
vn -0.0044 -0.9993 -0.0366
vn -0.0005 -0.9998 -0.0211
vn -0.0014 -0.9577 -0.2877
vn 0.0012 -0.9555 -0.2949
vn 0.0036 -0.7051 -0.7091
vn -0.0147 -0.7805 -0.6250
vn 0.0079 -0.7185 -0.6955
vn -0.0107 -0.8519 -0.5235
vn 0.0038 -0.8283 -0.5602
vn -0.0295 0.8471 -0.5306
vn 0.0311 0.7664 -0.6416
vn -0.0007 0.8598 -0.5106
vn -0.0037 0.9542 -0.2992
vn 0.0128 0.9390 -0.3436
vn -0.0078 0.9883 -0.1526
vn 0.0066 0.9989 -0.0456
vn 0.0045 0.8431 0.5377
vn -0.0076 0.9943 0.1061
vn 0.0039 0.9870 0.1609
vn 0.0027 0.9302 0.3671
vn -0.0099 0.9060 0.4232
vn -0.0032 0.7387 0.6740
vn -0.0244 -0.7237 0.6897
vn 0.0042 -0.5829 0.8125
vn 0.0094 -0.3613 0.9324
vn 0.0062 -0.3502 0.9367
vn 0.0114 -0.0000 0.9999
vn 0.0037 -0.0321 0.9995
vn 0.0009 0.2737 0.9618
vn 0.0152 0.3613 0.9323
vn 0.0022 0.4547 0.8907
vn 0.0025 0.5829 0.8125
vn -0.0219 0.7240 0.6894
vn -0.0084 0.7817 -0.6236
vn 0.0048 0.7010 -0.7132
vn 0.0012 0.6413 -0.7673
vn 0.0269 0.4853 -0.8739
vn 0.0160 0.1797 -0.9836
vn 0.0107 0.1914 -0.9815
vn 0.0065 0.5224 -0.8527
vn 0.0220 -0.1883 -0.9819
vn 0.0036 -0.1410 -0.9900
vn 0.0062 -0.5898 -0.8075
vn 0.0241 -0.5305 -0.8474
vn -0.0002 -0.4236 -0.9059
vn 0.0047 0.2484 -0.9687
vn -0.0267 -0.5913 -0.8060
vn 0.0036 -0.7388 -0.6740
vn -0.0047 -0.8407 -0.5415
vn 0.0092 -0.9042 -0.4270
vn -0.0029 -0.9285 -0.3712
vn -0.0036 -0.9867 -0.1628
vn 0.0078 -0.9939 -0.1101
vn -0.0064 -0.9993 0.0368
vn 0.0152 -0.7773 0.6290
vn 0.0023 -0.7314 0.6819
vn 0.0083 -0.9875 0.1574
vn -0.0129 -0.9417 0.3361
vn 0.0015 -0.9552 0.2961
vn 0.0002 -0.8646 0.5025
vn -0.0034 -0.8554 0.5180
vn 0.0042 -0.7505 0.6608
vn 0.0384 0.8431 0.5364
vn -0.0527 0.7268 0.6849
vn 0.0129 0.7777 0.6284
vn 0.0039 0.7382 0.6746
vn -0.0036 0.8255 0.5644
vn 0.0014 0.9533 0.3021
vn -0.0008 0.9869 -0.1614
vn 0.0033 0.9549 0.2970
vn -0.0025 0.9991 0.0432
vn 0.0028 0.9998 0.0178
vn -0.0034 0.9848 -0.1738
vn -0.0001 0.9391 -0.3436
vn -0.0040 0.9296 -0.3685
vn 0.0035 0.8642 -0.5031
vn -0.0023 0.8400 -0.5426
vn 0.0018 0.7611 -0.6486
vn -0.0154 0.6272 -0.7787
vn 0.0047 0.3004 0.9538
vn -0.0001 0.5306 0.8476
vn -0.0375 0.4568 0.8888
vn 0.0015 0.5909 0.8068
vn -0.0239 0.1505 0.9883
vn -0.0079 0.1883 0.9821
vn -0.0195 -0.1797 0.9835
vn 0.0082 -0.0658 0.9978
vn -0.0066 -0.5253 0.8509
vn -0.0079 -0.5224 0.8526
vn 0.0080 -0.2921 0.9564
vn 0.0206 -0.7199 -0.6938
vn 0.0022 -0.6094 -0.7928
vn 0.0025 -0.4549 -0.8906
vn -0.0105 -0.3613 -0.9324
vn 0.0037 -0.2732 -0.9619
vn -0.0040 0.0121 -0.9999
vn -0.0069 -0.0000 -1.0000
vn -0.0115 0.3613 -0.9324
vn 0.0026 0.4504 -0.8928
vn 0.0013 0.6094 -0.7928
vn 0.0191 0.7206 -0.6931
vn 0.2217 -0.6803 -0.6986
vn 0.1556 -0.6713 -0.7247
vn 0.2899 -0.3454 -0.8926
vn 0.2252 -0.3121 -0.9230
vn 0.3141 0.0500 -0.9481
vn 0.2138 0.0865 -0.9730
vn 0.3236 0.5152 -0.7936
vn 0.1128 0.5571 -0.8228
vn 0.9716 0.0029 0.2366
vn 0.9715 -0.0024 0.2372
vn 0.9688 0.0027 0.2478
vn 0.9696 0.0019 0.2448
vn 0.9715 0.0022 0.2371
vn 0.9660 0.0010 0.2586
vn 0.9636 -0.0210 0.2665
vn 0.9716 0.0199 0.2356
vn 0.9699 -0.0130 0.2433
vn 0.9723 -0.0019 0.2339
vn 0.9716 -0.0117 0.2362
vn 0.9719 -0.0135 0.2349
vn 0.9717 -0.0149 0.2359
vn 0.9716 -0.0134 0.2361
vn 0.9709 -0.0175 0.2390
vn 0.9700 -0.0162 0.2424
vn 0.9653 -0.0154 0.2607
vn 0.9653 -0.0161 0.2605
vn 0.9680 -0.0195 0.2501
vn 0.9684 -0.0170 0.2487
vn 0.1382 0.1431 -0.9800
vn 0.3786 0.3076 -0.8729
vn 0.1507 -0.4444 -0.8831
vn 0.3747 -0.3397 -0.8627
vn 0.9655 0.0108 0.2602
vn 0.9668 0.0148 0.2549
vn 0.9719 0.0152 0.2350
vn 0.9716 0.0148 0.2360
vn 0.9698 0.0125 0.2437
vn 0.9703 0.0140 0.2413
vn 0.9717 0.0154 0.2356
vn 0.9600 0.0117 0.2799
vn 0.9602 0.0073 0.2792
vn 0.9600 0.0051 0.2799
vn 0.9611 0.0093 0.2761
vn 0.9609 0.0079 0.2768
vn 0.9633 0.0113 0.2683
vn -0.4029 0.3645 0.8395
vn -0.0108 0.0812 0.9966
vn -0.4348 -0.1615 0.8860
vn -0.1916 0.9737 0.1232
vn 0.0474 0.9318 0.3598
vn -0.2562 0.8278 0.4990
vn 0.0252 0.6179 0.7859
vn 0.2522 0.8753 -0.4126
vn -0.0829 0.8980 -0.4321
vn 0.2135 0.9761 0.0395
vn 0.9660 -0.0149 0.2580
vn 0.9642 -0.0096 0.2649
vn 0.9639 -0.0090 0.2662
vn -0.0061 -0.5304 0.8478
vn -0.2081 -0.5677 0.7965
vn -0.1821 -0.6988 0.6918
vn -0.2229 -0.7002 0.6783
vn 0.9616 -0.0188 0.2739
vn 0.9617 -0.0073 0.2738
vn 0.9593 -0.0201 0.2818
vn 0.9617 -0.0082 0.2739
vn 0.9616 -0.0008 0.2746
vn 0.9599 -0.0068 0.2801
vn 0.9592 -0.0082 0.2825
vn 0.9591 -0.0107 0.2828
vn 0.9596 -0.0088 0.2813
vn -0.0056 -0.6686 -0.7436
vn 0.1700 -0.7048 -0.6888
vn 0.0737 0.8724 -0.4832
vn 0.2164 0.8141 -0.5389
vn 0.0892 0.1486 -0.9849
vn 0.3832 0.0085 -0.9236
vn -0.1329 0.8578 0.4964
vn -0.0572 0.8614 0.5047
vn -0.1124 0.9816 0.1541
vn 0.0061 0.9900 0.1411
vn -0.1881 -0.6490 0.7372
vn -0.1936 -0.6496 0.7352
vn 0.1300 -0.8396 -0.5275
vn 0.1321 -0.8400 -0.5262
vn -0.0924 -0.9879 -0.1247
vn 0.0789 -0.9962 -0.0360
vn -0.1590 -0.9517 0.2627
vn -0.0990 -0.9496 0.2973
vn 0.2097 0.5489 -0.8091
vn 0.2016 0.5496 -0.8107
vn 0.2203 0.3929 -0.8928
vn 0.2848 0.3789 -0.8805
vn 0.1611 0.0679 -0.9846
vn 0.3565 0.0035 -0.9343
vn 0.0575 -0.3814 -0.9226
vn 0.3379 -0.5264 -0.7802
vn -0.0230 -0.8135 -0.5811
vn 0.2037 -0.8545 -0.4778
vn 0.1773 0.6303 -0.7558
vn 0.1953 0.6293 -0.7522
vn 0.9623 0.0065 0.2719
vn 0.1498 -0.9207 -0.3604
vn 0.1070 -0.9200 -0.3771
vn 0.1372 -0.8575 -0.4959
vn 0.1324 -0.8571 -0.4978
vn 0.3384 -0.5210 -0.7836
vn 0.0448 -0.6386 -0.7682
vn 0.1401 0.0699 -0.9877
vn 0.1775 0.0632 -0.9821
vn -0.1296 0.8985 0.4194
vn -0.0725 0.9012 0.4274
vn -0.0959 0.9885 0.1169
vn -0.0137 0.9934 0.1135
vn 0.0153 0.9649 -0.2623
vn 0.1215 0.9478 -0.2948
vn 0.0942 0.6455 -0.7579
vn 0.2639 0.5154 -0.8153
vn -0.2752 -0.2886 0.9170
vn -0.1547 -0.2419 0.9579
vn -0.4477 0.0574 0.8924
vn -0.0209 0.2496 0.9681
vn -0.4194 0.3958 0.8170
vn -0.1385 0.6311 0.7632
vn -0.2239 0.6211 0.7510
vn -0.1828 0.7783 0.6007
vn -0.1777 0.7790 0.6013
vn -0.2515 -0.6547 0.7129
vn -0.2170 -0.6501 0.7282
vn 0.9656 -0.0101 0.2598
vn 0.9675 -0.0091 0.2526
vn 0.9686 -0.0078 0.2486
vn 0.9686 -0.0079 0.2487
vn 0.9671 -0.0118 0.2542
vn 0.9628 -0.0262 0.2688
vn 0.9708 0.0175 0.2391
vn 0.1921 0.7158 -0.6713
vn 0.1903 0.7160 -0.6716
vn -0.3639 0.1301 0.9223
vn -0.1813 0.1649 0.9695
vn -0.3191 0.6208 0.7161
vn -0.2098 0.6375 0.7413
vn -0.2451 -0.5234 0.8161
vn -0.2504 -0.5243 0.8139
vn -0.2815 -0.2406 0.9289
vn -0.2187 -0.2212 0.9504
vn -0.1749 -0.7931 0.5834
vn -0.1809 -0.7937 0.5808
vn 0.9546 -0.0090 0.2976
vn 0.9530 0.0002 0.3031
vn 0.9491 0.0107 0.3147
vn 0.9505 0.0077 0.3106
vn 0.9541 0.0143 0.2993
vn 0.9573 0.0185 0.2886
vn 0.9578 0.0201 0.2867
vn 0.9617 0.0181 0.2735
vn 0.9621 -0.0221 0.2717
vn 0.9614 -0.0198 0.2746
vn 0.9567 -0.0184 0.2905
vn 0.9545 -0.0224 0.2973
vn 0.9521 -0.0064 0.3057
vn 0.9521 -0.0052 0.3057
vn 0.9630 -0.0049 0.2693
vn 0.9611 -0.0066 0.2761
vn 0.9545 0.0037 0.2981
vn 0.9331 0.0020 0.3597
vn 0.9327 0.0044 0.3606
vn 0.9347 -0.0009 0.3554
vn 0.9520 -0.0148 0.3057
vn 0.9496 -0.0100 0.3133
vn 0.9436 -0.0097 0.3311
vn 0.9487 0.0109 0.3160
vn 0.9420 0.0081 0.3356
vn 0.9366 0.0034 0.3503
vn 0.9335 -0.0020 0.3584
vn 0.9326 -0.0046 0.3608
vn 0.9328 -0.0036 0.3603
vn 0.9732 -0.0044 0.2300
vn 0.9742 -0.0056 0.2257
vn 0.9732 -0.0029 0.2301
vn 0.9706 -0.0046 0.2408
vn 0.9743 -0.0184 0.2245
vn 0.9742 -0.0196 0.2251
vn 0.9715 -0.0185 0.2364
vn 0.9683 -0.0246 0.2484
vn 0.9682 -0.0239 0.2492
vn 0.9652 -0.0199 0.2608
vn 0.9655 0.0205 0.2594
vn 0.9661 0.0195 0.2576
vn 0.9696 0.0224 0.2438
vn 0.9700 0.0215 0.2424
vn 0.9728 0.0200 0.2309
vn 0.9719 0.0243 0.2339
vn 0.9730 0.0205 0.2298
vn 0.9738 0.0080 0.2272
vn 0.9715 0.0078 0.2368
vn 0.9700 0.0094 0.2427
vn 0.9668 0.0027 0.2556
vn 0.9674 0.0090 0.2531
vn 0.9659 0.0057 0.2587
vn 0.9591 -0.0275 0.2819
vn 0.9678 0.0063 0.2516
vn 0.9694 -0.0067 0.2455
vn 0.9730 0.0084 0.2306
vn 0.9757 0.0082 0.2188
vn 0.9748 0.0047 0.2230
vn 0.9794 -0.0000 0.2020
vn 0.9793 0.0011 0.2023
vn 0.9790 0.0035 0.2040
vn 0.9781 0.0066 0.2081
vn 0.9767 0.0089 0.2145
vn 0.9749 0.0157 0.2223
vn 0.9783 0.0113 0.2067
vn 0.9746 0.0104 0.2237
vn 0.9765 -0.0088 0.2153
vn 0.9757 -0.0118 0.2190
vn 0.9771 -0.0084 0.2126
vn 0.9783 -0.0058 0.2070
vn 0.9790 -0.0035 0.2040
vn 0.9793 -0.0014 0.2024
vn -0.9963 -0.0272 0.0816
vn -0.9652 0.0324 0.2596
vn -0.9837 -0.0235 0.1784
vn -0.9929 -0.0018 0.1191
vn -0.9438 -0.0155 0.3303
vn -0.9325 0.0116 0.3611
vn -0.8832 -0.0111 0.4688
vn -0.8789 0.0016 0.4770
vn -0.6282 -0.0077 0.7780
vn -0.6470 0.0063 0.7624
vn -0.7344 0.0006 0.6787
vn -0.7348 0.0014 0.6782
vn -0.8055 0.0226 0.5922
vn -0.8013 0.0135 0.5982
vn -0.4226 -0.0309 0.9058
vn -0.4838 -0.0064 0.8752
vn -0.4864 -0.0012 0.8737
vn -0.6097 0.0142 0.7925
vn -0.1161 -0.0283 0.9928
vn -0.1649 0.0135 0.9862
vn -0.2712 -0.0104 0.9625
vn -0.2786 -0.0001 0.9604
vn -0.3276 0.0360 0.9441
vn 0.2737 -0.0144 0.9617
vn 0.2566 0.0093 0.9665
vn 0.1257 0.0101 0.9920
vn 0.1462 -0.0199 0.9891
vn 0.0524 0.0288 0.9982
vn -0.0384 0.0046 0.9993
vn -0.0352 0.0027 0.9994
vn 0.4937 -0.0084 0.8696
vn 0.4858 -0.0017 0.8741
vn 0.4332 -0.0183 0.9011
vn 0.3963 0.0170 0.9180
vn 0.7952 -0.0158 0.6061
vn 0.7795 -0.0023 0.6264
vn 0.7484 -0.0178 0.6631
vn 0.7255 0.0112 0.6882
vn 0.6309 -0.0020 0.7759
vn 0.6352 -0.0101 0.7723
vn 0.6087 0.0183 0.7932
vn 0.9975 -0.0191 0.0682
vn 0.9928 0.0228 0.1175
vn 0.9823 0.0128 0.1870
vn 0.9815 0.0071 0.1913
vn 0.9439 -0.0106 0.3300
vn 0.9361 0.0222 0.3511
vn 0.8836 -0.0028 0.4683
vn 0.8763 0.0164 0.4816
vn 0.8535 0.0262 0.5204
vn 0.9998 0.0215 -0.0000
vn 0.9999 0.0155 -0.0004
vn 0.9964 -0.0188 -0.0832
vn 0.9609 0.0213 -0.2761
vn 0.9850 0.0076 -0.1722
vn 0.9821 -0.0049 -0.1883
vn 0.9939 -0.0004 -0.1102
vn 0.9438 -0.0155 -0.3303
vn 0.9325 0.0116 -0.3611
vn 0.8832 -0.0111 -0.4688
vn 0.8789 0.0016 -0.4770
vn 0.6282 -0.0077 -0.7780
vn 0.6470 0.0063 -0.7624
vn 0.7344 0.0006 -0.6787
vn 0.7349 0.0014 -0.6782
vn 0.8055 0.0226 -0.5922
vn 0.8013 0.0135 -0.5982
vn 0.4226 -0.0309 -0.9058
vn 0.4838 -0.0064 -0.8752
vn 0.4864 -0.0012 -0.8737
vn 0.6097 0.0142 -0.7925
vn 0.1161 -0.0283 -0.9928
vn 0.1649 0.0135 -0.9862
vn 0.2712 -0.0104 -0.9625
vn 0.2786 -0.0001 -0.9604
vn 0.3276 0.0360 -0.9441
vn -0.2737 -0.0145 -0.9617
vn -0.2566 0.0093 -0.9665
vn -0.1257 0.0101 -0.9920
vn -0.1462 -0.0199 -0.9891
vn -0.0524 0.0288 -0.9982
vn 0.0384 0.0046 -0.9993
vn 0.0352 0.0027 -0.9994
vn -0.4937 -0.0084 -0.8696
vn -0.4858 -0.0017 -0.8741
vn -0.4332 -0.0183 -0.9011
vn -0.3963 0.0170 -0.9180
vn -0.7952 -0.0158 -0.6061
vn -0.7795 -0.0023 -0.6264
vn -0.7484 -0.0178 -0.6631
vn -0.7255 0.0112 -0.6882
vn -0.6309 -0.0020 -0.7759
vn -0.6352 -0.0100 -0.7723
vn -0.6087 0.0183 -0.7932
vn -0.9976 -0.0148 -0.0682
vn -0.9933 0.0234 -0.1136
vn -0.9823 0.0128 -0.1870
vn -0.9815 0.0071 -0.1913
vn -0.9439 -0.0106 -0.3300
vn -0.9361 0.0222 -0.3511
vn -0.8836 -0.0028 -0.4683
vn -0.8763 0.0164 -0.4816
vn -0.8535 0.0262 -0.5204
vn -0.9999 0.0166 -0.0000
vn -0.9998 0.0190 -0.0002
vn -0.0001 1.0000 -0.0000
vn -0.0000 1.0000 0.0002
vn 0.0002 -1.0000 0.0002
vn -0.0000 -1.0000 -0.0001
vn -0.1892 0.9632 0.1909
vn -0.1257 0.9687 0.2138
vn 0.2524 0.9642 0.0813
vn 0.6582 0.7482 0.0837
vn 0.8665 0.4931 0.0771
vn 0.4523 0.8881 0.0818
vn 0.6143 0.7814 0.1097
vn 0.6115 0.7838 0.1078
vn 0.3392 0.9343 0.1096
vn 0.2570 0.9628 0.0840
vn 0.0351 0.9963 0.0781
vn 0.0486 0.9944 0.0937
vn 0.1186 0.9866 0.1117
vn 0.0751 0.9963 0.0416
vn 0.0986 0.9517 0.2907
vn 0.1120 0.9736 0.1987
vn 0.1244 0.9627 0.2405
vn 0.1891 0.9629 0.1923
vn 0.1894 0.9628 0.1928
vn 0.2290 0.9629 0.1428
vn 0.8272 0.4949 0.2661
vn 0.6599 0.5751 0.4836
vn 0.5955 0.5219 0.6107
vn 0.5146 0.4602 0.7235
vn 0.3300 0.4773 0.8145
vn 0.2376 0.4972 0.8345
vn 0.5690 0.7973 0.2017
vn 0.6245 0.7292 0.2798
vn 0.6156 0.7222 0.3154
vn 0.4911 0.8156 0.3059
vn 0.5730 0.7029 0.4215
vn 0.4441 0.7859 0.4303
vn 0.4657 0.7468 0.4748
vn 0.3739 0.7787 0.5039
vn 0.3818 0.7568 0.5306
vn 0.2931 0.7811 0.5513
vn 0.2967 0.7640 0.5729
vn 0.2742 0.7375 0.6172
vn 0.1804 0.8273 0.5321
vn 0.1751 0.7138 0.6782
vn 0.3413 0.9155 0.2128
vn 0.3410 0.9157 0.2124
vn 0.2822 0.9153 0.2873
vn 0.2556 0.9345 0.2478
vn 0.2687 0.8926 0.3621
vn 0.1830 0.9282 0.3238
vn 0.1886 0.9158 0.3547
vn 0.1291 0.9155 0.3810
vn 0.1290 0.9159 0.3800
vn 0.0255 0.9981 0.0569
vn 0.0262 0.9994 0.0220
vn 0.0440 0.9987 0.0243
vn 0.1305 0.9903 0.0476
vn 0.0205 0.9872 0.1583
vn -0.0159 0.8926 0.4506
vn -0.0221 0.7791 0.6265
vn -0.0196 0.7840 0.6204
vn -0.0516 0.4961 0.8667
vn 0.0017 0.9994 0.0336
vn -0.1403 0.6165 0.7748
vn -0.1603 0.5005 0.8507
vn -0.1330 0.7483 0.6499
vn -0.1138 0.7854 0.6084
vn -0.0738 0.9158 0.3948
vn -0.0589 0.9283 0.3673
vn -0.0364 0.9736 0.2252
vn -0.0528 0.9627 0.2655
vn -0.1042 0.9517 0.2887
vn -0.1367 0.9155 0.3783
vn -0.1362 0.9159 0.3775
vn -0.2119 0.7815 0.5869
vn -0.1860 0.8140 0.5503
vn -0.2126 0.9157 0.3409
vn -0.3016 0.8217 0.4835
vn -0.3153 0.7373 0.5974
vn -0.3927 0.5086 0.7662
vn -0.1902 0.9629 0.1915
vn -0.2834 0.9155 0.2854
vn -0.4012 0.7289 0.5548
vn -0.5059 0.4920 0.7085
vn -0.4822 0.1255 0.8670
vn -0.0204 0.9944 0.1035
vn -0.0208 0.9953 0.0948
vn -0.0778 0.9895 0.1222
vn -0.0613 0.9956 0.0716
vn -0.1124 0.9908 0.0751
vn -0.0897 0.9949 0.0454
vn -0.0483 0.9985 0.0247
vn -0.0266 0.9992 0.0309
vn -0.0232 0.9993 0.0292
vn -0.0110 0.9987 0.0504
vn -0.2560 0.9640 0.0720
vn -0.2602 0.9628 0.0722
vn -0.2296 0.9629 0.1416
vn -0.2301 0.9628 0.1418
vn -0.7571 0.3519 0.5505
vn -0.6575 0.6287 0.4152
vn -0.8311 0.3327 0.4457
vn -0.7558 0.5654 0.3303
vn -0.9043 0.3584 0.2320
vn -0.7508 0.6455 0.1404
vn -0.9535 0.2794 0.1134
vn -0.5111 0.7427 0.4327
vn -0.4923 0.8093 0.3205
vn -0.5247 0.7842 0.3313
vn -0.5666 0.7854 0.2491
vn -0.6183 0.7425 0.2577
vn -0.6221 0.7532 0.2139
vn -0.5549 0.8182 0.1504
vn -0.6657 0.7360 0.1231
vn -0.5719 0.8180 0.0619
vn -0.7771 0.6293 0.0075
vn -0.3429 0.9153 0.2113
vn -0.2985 0.9345 0.1941
vn -0.4128 0.8926 0.1815
vn -0.3471 0.9330 0.0946
vn -0.3489 0.9324 0.0946
vn -0.4461 0.8940 0.0421
vn -0.1381 0.9897 0.0365
vn 0.3776 0.9159 0.1359
vn 0.5825 0.7853 0.2098
vn 0.8698 0.4546 0.1919
vn 0.9345 -0.0481 0.3528
vn 0.4869 0.1334 0.8632
vn 0.1067 0.7453 0.6582
vn 0.0314 0.9696 0.2429
vn 0.0278 0.9629 0.2683
vn 0.0414 0.9153 0.4006
vn 0.0452 0.9344 0.3532
vn 0.0781 0.7897 0.6085
vn 0.0458 0.7526 0.6569
vn -0.2830 0.9158 0.2851
vn -0.4425 0.7781 0.4459
vn -0.0794 0.9877 0.1345
vn -0.0982 0.9832 0.1541
vn -0.0354 0.9832 0.1788
vn -0.0355 0.9832 0.1790
vn 0.0233 0.9832 0.1813
vn 0.0234 0.9833 0.1805
vn 0.0839 0.9832 0.1619
vn 0.0839 0.9832 0.1620
vn 0.1277 0.9833 0.1299
vn 0.1182 0.9867 0.1113
vn 0.1802 0.9772 0.1123
vn 0.1486 0.9877 0.0489
vn 0.1697 0.9836 0.0618
vn -0.4560 0.7654 0.4542
vn -0.5776 0.5745 0.5799
vn -0.3162 0.4382 0.8414
vn -0.2130 0.9155 0.3412
vn -0.1434 0.9626 0.2297
vn -0.1510 0.9767 0.1525
vn -0.1356 0.9866 0.0907
vn -0.1550 0.9833 0.0956
vn -0.1762 0.9832 0.0467
vn -0.1674 0.9848 0.0466
vn -0.2373 0.9696 -0.0593
vn 0.0413 0.9991 -0.0005
vn 0.0366 0.9993 -0.0000
vn 0.1071 0.9943 -0.0000
vn 0.1063 0.9943 0.0001
vn 0.1797 0.9837 0.0003
vn 0.1841 0.9829 0.0002
vn 0.2654 0.9641 0.0005
vn 0.2739 0.9618 0.0003
vn 0.3595 0.9331 0.0006
vn 0.4099 0.9121 -0.0007
vn 0.5899 0.8075 -0.0006
vn 0.6253 0.7804 -0.0013
vn 0.8586 0.5126 0.0009
vn -0.0360 0.9994 0.0005
vn -0.0419 0.9991 0.0001
vn -0.0971 0.9953 0.0002
vn -0.0986 0.9951 0.0001
vn -0.2209 0.9753 -0.0003
vn -0.2094 0.9778 0.0006
vn -0.3850 0.9229 0.0005
vn -0.3974 0.9176 -0.0000
vn -0.5728 0.8197 -0.0016
vn -0.8171 0.5765 0.0015
vn -0.7832 0.6217 0.0004
vn 0.1892 0.9632 -0.1909
vn 0.1257 0.9687 -0.2138
vn -0.1354 0.9904 -0.0290
vn -0.0351 0.9963 -0.0781
vn -0.0486 0.9944 -0.0937
vn -0.1071 0.9883 -0.1088
vn -0.1037 0.9924 -0.0668
vn -0.0826 0.9955 -0.0458
vn -0.0986 0.9517 -0.2907
vn -0.1120 0.9736 -0.1987
vn -0.1244 0.9627 -0.2405
vn -0.1891 0.9629 -0.1923
vn -0.1823 0.9665 -0.1808
vn -0.2190 0.9661 -0.1365
vn -0.2267 0.9627 -0.1476
vn -0.2536 0.9630 -0.0913
vn -0.2324 0.9698 -0.0742
vn -0.2856 0.9570 -0.0515
vn -0.1751 0.7137 -0.6782
vn -0.2376 0.4972 -0.8345
vn -0.3300 0.4772 -0.8144
vn -0.5146 0.4602 -0.7235
vn -0.5955 0.5219 -0.6107
vn -0.6598 0.5751 -0.4836
vn -0.8272 0.4949 -0.2661
vn -0.8698 0.4546 -0.1919
vn -0.8306 0.5521 -0.0732
vn -0.1804 0.8273 -0.5320
vn -0.2742 0.7375 -0.6172
vn -0.2967 0.7640 -0.5729
vn -0.2931 0.7811 -0.5513
vn -0.3818 0.7568 -0.5306
vn -0.3739 0.7787 -0.5039
vn -0.4657 0.7468 -0.4748
vn -0.4441 0.7859 -0.4303
vn -0.5730 0.7029 -0.4215
vn -0.4911 0.8156 -0.3059
vn -0.6156 0.7222 -0.3154
vn -0.6245 0.7292 -0.2798
vn -0.5690 0.7972 -0.2017
vn -0.5825 0.7853 -0.2098
vn -0.6115 0.7838 -0.1078
vn -0.6124 0.7831 -0.1084
vn -0.6440 0.7597 -0.0902
vn -0.3715 0.9264 -0.0609
vn -0.3952 0.9158 -0.0721
vn -0.3784 0.9155 -0.1364
vn -0.3776 0.9159 -0.1359
vn -0.3413 0.9155 -0.2128
vn -0.3410 0.9157 -0.2124
vn -0.2822 0.9153 -0.2873
vn -0.2556 0.9345 -0.2478
vn -0.2687 0.8926 -0.3621
vn -0.1830 0.9282 -0.3238
vn -0.1886 0.9158 -0.3546
vn -0.1291 0.9155 -0.3810
vn -0.1290 0.9159 -0.3800
vn -0.0255 0.9981 -0.0569
vn -0.0262 0.9994 -0.0218
vn -0.0437 0.9988 -0.0243
vn -0.0205 0.9872 -0.1583
vn 0.0159 0.8926 -0.4506
vn 0.0221 0.7791 -0.6265
vn 0.0196 0.7840 -0.6204
vn 0.0516 0.4961 -0.8667
vn -0.0017 0.9994 -0.0336
vn 0.1403 0.6165 -0.7747
vn 0.1603 0.5005 -0.8507
vn 0.1330 0.7483 -0.6499
vn 0.1138 0.7854 -0.6084
vn 0.0738 0.9158 -0.3948
vn 0.0589 0.9283 -0.3673
vn 0.0364 0.9736 -0.2252
vn 0.0528 0.9627 -0.2655
vn 0.1042 0.9517 -0.2887
vn 0.1367 0.9155 -0.3783
vn 0.1362 0.9159 -0.3775
vn 0.2119 0.7815 -0.5869
vn 0.1860 0.8140 -0.5503
vn 0.2126 0.9157 -0.3409
vn 0.3016 0.8217 -0.4835
vn 0.3153 0.7373 -0.5974
vn 0.3927 0.5086 -0.7662
vn 0.1901 0.9629 -0.1915
vn 0.2834 0.9155 -0.2854
vn 0.4012 0.7289 -0.5548
vn 0.5059 0.4920 -0.7085
vn 0.4822 0.1255 -0.8670
vn 0.0204 0.9944 -0.1035
vn 0.0208 0.9953 -0.0948
vn 0.0778 0.9895 -0.1222
vn 0.0613 0.9956 -0.0716
vn 0.1124 0.9908 -0.0751
vn 0.0890 0.9950 -0.0445
vn 0.0496 0.9985 -0.0247
vn 0.0263 0.9992 -0.0306
vn 0.0232 0.9993 -0.0290
vn 0.0110 0.9987 -0.0504
vn 0.2646 0.9616 -0.0725
vn 0.2602 0.9628 -0.0722
vn 0.2296 0.9629 -0.1416
vn 0.2301 0.9628 -0.1418
vn 0.7571 0.3518 -0.5505
vn 0.6575 0.6287 -0.4152
vn 0.8311 0.3327 -0.4457
vn 0.7558 0.5654 -0.3303
vn 0.5111 0.7427 -0.4327
vn 0.4923 0.8093 -0.3205
vn 0.5247 0.7842 -0.3313
vn 0.5666 0.7854 -0.2491
vn 0.6183 0.7425 -0.2577
vn 0.6237 0.7587 -0.1878
vn 0.5748 0.8056 -0.1437
vn 0.6777 0.7245 -0.1260
vn 0.7151 0.6956 -0.0687
vn 0.3429 0.9153 -0.2113
vn 0.2985 0.9345 -0.1941
vn 0.4128 0.8926 -0.1815
vn 0.3486 0.9323 -0.0964
vn 0.3976 0.9123 -0.0979
vn 0.1378 0.9897 -0.0380
vn -0.9345 -0.0482 -0.3528
vn -0.4869 0.1334 -0.8632
vn -0.1067 0.7453 -0.6582
vn -0.0314 0.9696 -0.2429
vn -0.0278 0.9629 -0.2683
vn -0.0414 0.9153 -0.4006
vn -0.0452 0.9344 -0.3532
vn -0.0781 0.7897 -0.6085
vn -0.0458 0.7526 -0.6569
vn 0.2830 0.9157 -0.2851
vn 0.4425 0.7781 -0.4459
vn 0.0794 0.9877 -0.1345
vn 0.0982 0.9832 -0.1541
vn 0.0354 0.9832 -0.1789
vn 0.0355 0.9832 -0.1790
vn -0.0233 0.9832 -0.1813
vn -0.0234 0.9833 -0.1805
vn -0.0839 0.9832 -0.1619
vn -0.0839 0.9832 -0.1620
vn -0.1232 0.9834 -0.1331
vn -0.1507 0.9850 -0.0844
vn -0.1984 0.9780 -0.0643
vn -0.1520 0.9879 -0.0324
vn -0.2095 0.9778 0.0105
vn 0.4560 0.7654 -0.4542
vn 0.5776 0.5745 -0.5799
vn 0.3162 0.4382 -0.8414
vn 0.2130 0.9155 -0.3412
vn 0.1434 0.9626 -0.2297
vn 0.1510 0.9767 -0.1525
vn 0.1356 0.9866 -0.0907
vn 0.1550 0.9833 -0.0956
vn 0.1754 0.9833 -0.0487
vn 0.1779 0.9828 -0.0487
vn 0.1472 -0.9891 0.0004
vn 0.1625 -0.9867 -0.0000
vn 0.5915 -0.8063 0.0013
vn 0.6430 -0.7659 0.0002
vn 0.7506 -0.6607 0.0002
vn 0.7623 -0.6472 -0.0001
vn 0.9776 -0.2106 0.0001
vn 0.9782 -0.2076 -0.0000
vn -0.9763 -0.2059 -0.0668
vn -0.9788 -0.1946 -0.0633
vn -0.9604 -0.1947 -0.1996
vn -0.9513 -0.2488 -0.1822
vn -0.9284 -0.1783 -0.3259
vn -0.9246 -0.1925 -0.3286
vn -0.8687 -0.2070 -0.4501
vn -0.8699 -0.1764 -0.4606
vn -0.8036 -0.2393 -0.5449
vn -0.7054 -0.2140 -0.6757
vn -0.6202 -0.1876 -0.7617
vn -0.6197 -0.1895 -0.7617
vn -0.5233 -0.2280 -0.8211
vn -0.3815 -0.2376 -0.8933
vn -0.2691 -0.1773 -0.9466
vn -0.2648 -0.1915 -0.9451
vn -0.1331 -0.2117 -0.9682
vn -0.1241 -0.1768 -0.9764
vn -0.0191 -0.2393 -0.9708
vn 0.1474 -0.2098 -0.9666
vn 0.2654 -0.1892 -0.9454
vn 0.2650 -0.1870 -0.9459
vn 0.3694 -0.2311 -0.9001
vn 0.5104 -0.2356 -0.8270
vn 0.6183 -0.1748 -0.7663
vn 0.6196 -0.1903 -0.7615
vn 0.7135 -0.2164 -0.6664
vn 0.7211 -0.1947 -0.6649
vn 0.8013 -0.1947 -0.5656
vn 0.7755 -0.2669 -0.5722
vn 0.8700 -0.1745 -0.4612
vn 0.8687 -0.2069 -0.4501
vn 0.9257 -0.1911 -0.3265
vn 0.9267 -0.1809 -0.3294
vn 0.9473 -0.2365 -0.2161
vn -0.8586 -0.5082 -0.0680
vn -0.7931 -0.5864 -0.1648
vn -0.8166 -0.5544 -0.1605
vn -0.7840 -0.5547 -0.2786
vn -0.7388 -0.5547 -0.3828
vn -0.6736 -0.5543 -0.4889
vn -0.6929 -0.5297 -0.4891
vn -0.6334 -0.5179 -0.5750
vn -0.6081 -0.5547 -0.5679
vn -0.5251 -0.5547 -0.6454
vn -0.4226 -0.5543 -0.7170
vn -0.4407 -0.5298 -0.7246
vn -0.3566 -0.5088 -0.7835
vn -0.3315 -0.5547 -0.7632
vn -0.2245 -0.5547 -0.8012
vn -0.1133 -0.5547 -0.8243
vn 0.0119 -0.5543 -0.8323
vn -0.0000 -0.5280 -0.8493
vn 0.1045 -0.5176 -0.8492
vn 0.1133 -0.5547 -0.8243
vn 0.2245 -0.5547 -0.8012
vn 0.3420 -0.5543 -0.7588
vn 0.3379 -0.5299 -0.7779
vn 0.4344 -0.5098 -0.7426
vn 0.4323 -0.5547 -0.7109
vn 0.5251 -0.5547 -0.6454
vn 0.6081 -0.5547 -0.5679
vn 0.6798 -0.5547 -0.4798
vn 0.7388 -0.5547 -0.3828
vn 0.7840 -0.5547 -0.2786
vn 0.8173 -0.5543 -0.1576
vn 0.8180 -0.5530 -0.1583
vn 0.9776 -0.2054 -0.0469
vn 0.8713 -0.4850 -0.0744
vn -0.5330 -0.8394 -0.1061
vn -0.4881 -0.8661 -0.1076
vn -0.5764 -0.7911 -0.2049
vn -0.4588 -0.8561 -0.2377
vn -0.4399 -0.8672 -0.2333
vn -0.4997 -0.7911 -0.3528
vn -0.3776 -0.8561 -0.3527
vn -0.4141 -0.8305 -0.3726
vn -0.3512 -0.8309 -0.4317
vn -0.3119 -0.8586 -0.4068
vn -0.3178 -0.7911 -0.5227
vn -0.2059 -0.8561 -0.4739
vn -0.1940 -0.8672 -0.4585
vn -0.1650 -0.7911 -0.5890
vn -0.0704 -0.8561 -0.5119
vn -0.0631 -0.8672 -0.4939
vn -0.0000 -0.7911 -0.6117
vn 0.0704 -0.8561 -0.5119
vn 0.0725 -0.8672 -0.4926
vn 0.1650 -0.7911 -0.5890
vn 0.2059 -0.8561 -0.4740
vn 0.2124 -0.8305 -0.5149
vn 0.2891 -0.8309 -0.4755
vn 0.2789 -0.8586 -0.4301
vn 0.3860 -0.7911 -0.4745
vn 0.3776 -0.8561 -0.3527
vn 0.3671 -0.8672 -0.3364
vn 0.4997 -0.7911 -0.3528
vn 0.4588 -0.8561 -0.2377
vn 0.4897 -0.8305 -0.2654
vn 0.5243 -0.8309 -0.1864
vn 0.4901 -0.8570 -0.1594
vn 0.6060 -0.7867 -0.1175
vn 0.5055 -0.8612 -0.0536
vn -0.2127 -0.9761 -0.0447
vn -0.1612 -0.9861 -0.0416
vn -0.2346 -0.9641 -0.1244
vn -0.0995 -0.9921 -0.0766
vn -0.1450 -0.9807 -0.1312
vn -0.1907 -0.9497 -0.2483
vn -0.0541 -0.9903 -0.1280
vn -0.0820 -0.9813 -0.1744
vn -0.0248 -0.9807 -0.1938
vn -0.0162 -0.9865 -0.1632
vn 0.0387 -0.9641 -0.2628
vn 0.0389 -0.9921 -0.1194
vn 0.0751 -0.9807 -0.1806
vn 0.1701 -0.9497 -0.2628
vn 0.1024 -0.9903 -0.0939
vn 0.1368 -0.9813 -0.1357
vn 0.1712 -0.9809 -0.0922
vn 0.1347 -0.9890 -0.0612
vn 0.2282 -0.9707 -0.0755
vn 0.2234 -0.9746 -0.0176
vn 0.9763 -0.2059 0.0668
vn 0.9788 -0.1946 0.0633
vn 0.9604 -0.1947 0.1996
vn 0.9513 -0.2489 0.1822
vn 0.9284 -0.1783 0.3259
vn 0.9246 -0.1925 0.3286
vn 0.8687 -0.2070 0.4501
vn 0.8699 -0.1764 0.4606
vn 0.8036 -0.2393 0.5449
vn 0.7054 -0.2140 0.6757
vn 0.6202 -0.1876 0.7617
vn 0.6197 -0.1895 0.7617
vn 0.5233 -0.2280 0.8211
vn 0.3815 -0.2376 0.8933
vn 0.2691 -0.1773 0.9466
vn 0.2648 -0.1915 0.9451
vn 0.1331 -0.2118 0.9682
vn 0.1241 -0.1768 0.9764
vn 0.0191 -0.2393 0.9708
vn -0.1474 -0.2098 0.9666
vn -0.2654 -0.1892 0.9454
vn -0.2650 -0.1870 0.9459
vn -0.3694 -0.2311 0.9001
vn -0.5104 -0.2356 0.8270
vn -0.6183 -0.1748 0.7663
vn -0.6196 -0.1903 0.7615
vn -0.7135 -0.2164 0.6664
vn -0.7211 -0.1947 0.6649
vn -0.8013 -0.1947 0.5656
vn -0.7754 -0.2669 0.5722
vn -0.8700 -0.1745 0.4612
vn -0.8687 -0.2069 0.4501
vn -0.9257 -0.1911 0.3265
vn -0.9267 -0.1808 0.3294
vn -0.9473 -0.2364 0.2161
vn 0.8586 -0.5082 0.0680
vn 0.7931 -0.5864 0.1648
vn 0.8166 -0.5544 0.1605
vn 0.7840 -0.5547 0.2786
vn 0.7388 -0.5547 0.3828
vn 0.6736 -0.5543 0.4889
vn 0.6929 -0.5297 0.4891
vn 0.6334 -0.5179 0.5750
vn 0.6081 -0.5547 0.5679
vn 0.5251 -0.5547 0.6454
vn 0.4226 -0.5543 0.7170
vn 0.4407 -0.5298 0.7246
vn 0.3566 -0.5088 0.7835
vn 0.3315 -0.5547 0.7632
vn 0.2245 -0.5547 0.8012
vn 0.1133 -0.5547 0.8243
vn -0.0119 -0.5543 0.8323
vn -0.0000 -0.5280 0.8493
vn -0.1045 -0.5176 0.8492
vn -0.1133 -0.5547 0.8243
vn -0.2245 -0.5547 0.8012
vn -0.3420 -0.5543 0.7588
vn -0.3379 -0.5299 0.7779
vn -0.4344 -0.5098 0.7426
vn -0.4323 -0.5547 0.7109
vn -0.5251 -0.5547 0.6454
vn -0.6081 -0.5547 0.5679
vn -0.6798 -0.5547 0.4798
vn -0.7388 -0.5547 0.3828
vn -0.7840 -0.5547 0.2786
vn -0.8173 -0.5543 0.1576
vn -0.8180 -0.5530 0.1583
vn -0.9776 -0.2054 0.0469
vn -0.8713 -0.4850 0.0744
vn 0.5330 -0.8394 0.1061
vn 0.4881 -0.8661 0.1076
vn 0.5764 -0.7911 0.2049
vn 0.4588 -0.8561 0.2377
vn 0.4399 -0.8672 0.2333
vn 0.4998 -0.7911 0.3528
vn 0.3776 -0.8561 0.3527
vn 0.3606 -0.8672 0.3433
vn 0.3860 -0.7911 0.4745
vn 0.2685 -0.8561 0.4415
vn 0.2546 -0.8672 0.4278
vn 0.2437 -0.7911 0.5611
vn 0.1394 -0.8561 0.4976
vn 0.1298 -0.8672 0.4807
vn 0.0833 -0.7911 0.6060
vn -0.0000 -0.8561 0.5167
vn -0.0047 -0.8672 0.4979
vn -0.0833 -0.7911 0.6060
vn -0.1394 -0.8561 0.4976
vn -0.1389 -0.8672 0.4781
vn -0.2437 -0.7911 0.5611
vn -0.2685 -0.8561 0.4415
vn -0.2806 -0.8305 0.4812
vn -0.3512 -0.8309 0.4317
vn -0.3348 -0.8586 0.3881
vn -0.4471 -0.7911 0.4175
vn -0.4222 -0.8561 0.2980
vn -0.4095 -0.8672 0.2832
vn -0.5431 -0.7911 0.2814
vn -0.4869 -0.8561 0.1730
vn -0.4743 -0.8648 0.1646
vn -0.6060 -0.7867 0.1175
vn -0.5055 -0.8612 0.0536
vn 0.3191 -0.9452 0.0690
vn 0.1308 -0.9890 0.0693
vn 0.1383 -0.9878 0.0721
vn 0.1924 -0.9641 0.1831
vn 0.0947 -0.9889 0.1144
vn 0.1277 -0.9683 0.2145
vn 0.0534 -0.9892 0.1368
vn 0.0669 -0.9665 0.2479
vn -0.0016 -0.9858 0.1679
vn -0.0027 -0.9873 0.1591
vn -0.0741 -0.9640 0.2552
vn -0.0580 -0.9889 0.1367
vn -0.1133 -0.9746 0.1933
vn -0.1145 -0.9844 0.1334
vn -0.0978 -0.9896 0.1059
vn -0.2831 -0.9389 0.1958
vn -0.1331 -0.9900 0.0470
vn -0.1525 -0.9867 0.0570
vn -0.2321 -0.9725 0.0187
vn -0.9782 -0.2076 -0.0000
vn -0.9776 -0.2106 -0.0001
vn -0.7623 -0.6472 0.0001
vn -0.7506 -0.6607 -0.0002
vn -0.6430 -0.7659 -0.0002
vn -0.5915 -0.8063 -0.0013
vn -0.1811 -0.9835 -0.0001
vn -0.1914 -0.9815 0.0002
vn 0.0774 -0.1272 0.9888
vn 0.0275 0.0091 0.9996
vn -0.0689 -0.1224 0.9901
vn 0.3513 -0.0441 0.9352
vn 0.2768 -0.1281 0.9523
vn 0.2560 -0.0763 0.9636
vn 0.1555 0.0069 0.9878
vn 0.4626 -0.0813 0.8828
vn 0.4676 -0.0909 0.8793
vn 0.5666 0.0225 0.8237
vn 0.6493 -0.0509 0.7588
vn 0.6434 -0.0363 0.7647
vn 0.7274 -0.0041 0.6862
vn 0.7535 -0.0616 0.6546
vn 0.8081 0.0053 0.5891
vn 0.8599 -0.0504 0.5080
vn 0.8688 -0.0905 0.4867
vn 0.9064 -0.0352 0.4211
vn 0.9454 -0.1119 0.3060
vn 0.9426 -0.0747 0.3254
vn 0.9746 -0.0592 0.2161
vn 0.9891 0.0763 -0.1259
vn 0.9888 0.0791 -0.1268
vn 0.9332 0.3479 0.0902
vn 0.9332 0.3586 -0.0244
vn 0.9244 0.3692 -0.0957
vn 0.9124 0.3802 -0.1514
vn 0.9614 0.2452 -0.1252
vn 0.9549 0.2627 -0.1387
vn 0.9096 0.3896 -0.1442
vn 0.9836 0.1375 -0.1163
vn 0.9788 0.1553 -0.1333
vn 0.9300 0.3540 0.0990
vn 0.9682 0.2305 0.0977
vn 0.9676 0.2320 0.1001
vn 0.9862 0.1326 0.0988
vn 0.9864 0.1322 0.0978
vn 0.9929 0.0687 0.0970
vn 0.9931 0.0679 0.0951
vn 0.9298 0.3678 -0.0150
vn 0.9719 0.2354 -0.0099
vn 0.9711 0.2385 -0.0063
vn 0.9909 0.1342 -0.0025
vn 0.9909 0.1345 -0.0022
vn 0.9976 0.0690 -0.0000
vn 0.9976 0.0686 -0.0008
vn 0.9211 0.3795 -0.0870
vn 0.9675 0.2401 -0.0799
vn 0.9668 0.2441 -0.0761
vn 0.9882 0.1357 -0.0704
vn 0.9882 0.1366 -0.0693
vn 0.9954 0.0693 -0.0659
vn 0.9952 0.0641 -0.0741
vn -0.4838 -0.1433 -0.8634
vn -0.3841 -0.1364 -0.9132
vn -0.5734 -0.1259 -0.8095
vn -0.5197 -0.1021 -0.8482
vn -0.5564 -0.2141 -0.8029
vn -0.4879 -0.2091 -0.8475
vn -0.4956 -0.1974 -0.8458
vn -0.3196 -0.3765 -0.8695
vn -0.3316 -0.2569 -0.9077
vn -0.3360 -0.2590 -0.9055
vn -0.3447 -0.3292 -0.8791
vn -0.5922 -0.1803 -0.7854
vn -0.4967 -0.2737 -0.8237
vn -0.3302 -0.1622 -0.9299
vn -0.4080 -0.2302 -0.8835
vn -0.4129 -0.2323 -0.8806
vn -0.4278 -0.3067 -0.8502
vn -0.4347 -0.3121 -0.8447
vn -0.3953 -0.1185 -0.9109
vn 0.9951 -0.0481 -0.0866
vn 0.9973 0.0362 -0.0635
vn 0.9960 0.0506 -0.0732
vn 0.9947 0.0094 0.1028
vn 0.9947 0.0093 0.1024
vn 0.9998 0.0094 0.0168
vn 0.9998 0.0093 0.0166
vn 0.9947 -0.0094 0.1024
vn 0.9947 -0.0093 0.1028
vn 0.9998 -0.0094 0.0166
vn 0.9998 -0.0093 0.0168
vn 0.9942 -0.0316 0.1029
vn 0.9941 -0.0313 0.1042
vn 0.9994 -0.0318 0.0165
vn 0.9994 -0.0353 0.0061
vn 0.9950 0.0317 0.0948
vn 0.9941 0.0342 0.1029
vn 0.9996 0.0293 0.0003
vn 0.9992 0.0369 0.0165
vn 0.9984 0.0288 -0.0477
vn 0.9987 0.0094 -0.0505
vn 0.9987 0.0100 -0.0493
vn 0.9988 -0.0094 -0.0481
vn 0.9983 -0.0134 -0.0559
vn 0.9985 -0.0259 -0.0482
vn -0.2524 -0.4135 -0.8748
vn -0.2632 -0.3990 -0.8783
vn -0.2589 -0.3062 -0.9161
vn -0.2761 -0.2770 -0.9204
vn -0.2495 -0.2239 -0.9421
vn -0.2840 -0.1358 -0.9492
vn -0.2694 -0.1526 -0.9509
vn -0.1854 -0.4378 -0.8798
vn -0.1890 -0.4333 -0.8812
vn -0.1912 -0.3354 -0.9225
vn -0.2002 -0.3220 -0.9253
vn -0.2014 -0.2304 -0.9520
vn -0.1993 -0.2342 -0.9515
vn -0.2018 -0.1757 -0.9635
vn -0.1145 -0.4650 -0.8779
vn -0.1241 -0.4520 -0.8833
vn -0.1311 -0.3567 -0.9250
vn -0.1396 -0.3455 -0.9280
vn -0.1443 -0.2690 -0.9523
vn -0.1862 -0.1559 -0.9701
vn -0.0556 -0.4788 -0.8761
vn -0.0614 -0.4720 -0.8795
vn -0.0734 -0.3697 -0.9263
vn -0.0794 -0.3627 -0.9285
vn -0.0887 -0.2684 -0.9592
vn -0.1055 -0.2498 -0.9625
vn -0.1086 -0.1879 -0.9762
vn -0.1142 -0.1786 -0.9773
vn 0.9884 -0.0843 -0.1264
vn 0.9921 -0.0686 0.1047
vn 0.9927 -0.0713 0.0971
vn 0.9978 -0.0662 0.0069
vn 0.9975 -0.0705 -0.0000
vn 0.9949 -0.0759 -0.0662
vn 0.9943 -0.0652 -0.0845
vn 0.9787 -0.1564 -0.1329
vn 0.9837 -0.1375 -0.1156
vn 0.9881 -0.1367 -0.0704
vn 0.9883 -0.1357 -0.0692
vn 0.9909 -0.1345 -0.0026
vn 0.9909 -0.1342 -0.0021
vn 0.9863 -0.1321 0.0988
vn 0.9863 -0.1327 0.0978
vn 0.9550 -0.2620 -0.1387
vn 0.9613 -0.2452 -0.1254
vn 0.9664 -0.2442 -0.0801
vn 0.9678 -0.2401 -0.0759
vn 0.9711 -0.2386 -0.0100
vn 0.9719 -0.2353 -0.0062
vn 0.9678 -0.2321 0.0977
vn 0.9679 -0.2304 0.1001
vn 0.9083 -0.3897 -0.1518
vn 0.9136 -0.3802 -0.1439
vn 0.9201 -0.3797 -0.0962
vn 0.9253 -0.3692 -0.0866
vn 0.9295 -0.3681 -0.0248
vn 0.9335 -0.3584 -0.0146
vn 0.9307 -0.3545 0.0903
vn 0.9324 -0.3475 0.0990
vn 0.0012 -0.4820 -0.8762
vn 0.0001 -0.4809 -0.8768
vn -0.0166 -0.3610 -0.9324
vn -0.0091 -0.3719 -0.9282
vn -0.0209 -0.2776 -0.9605
vn -0.0258 -0.2703 -0.9624
vn -0.0300 -0.1990 -0.9795
vn -0.0364 -0.1896 -0.9812
vn 0.0522 -0.4778 -0.8769
vn 0.0539 -0.4792 -0.8760
vn 0.0370 -0.3884 -0.9207
vn 0.0296 -0.1861 -0.9821
vn 0.0808 -0.3442 -0.9354
vn 0.0856 -0.3533 -0.9316
vn 0.0745 -0.2696 -0.9601
vn 0.0757 -0.2724 -0.9592
vn 0.0684 -0.2043 -0.9765
vn 0.0808 -0.2453 -0.9661
vn 0.1053 -0.4541 -0.8847
vn 0.1058 -0.4482 -0.8876
vn 0.9692 -0.0994 -0.2254
vn 0.9848 -0.0751 -0.1564
vn 0.9403 -0.2202 -0.2593
vn 0.8805 -0.1547 -0.4481
vn 0.8885 -0.1822 -0.4211
vn 0.9683 -0.1565 -0.1948
vn 0.9249 -0.1646 -0.3426
vn 0.9284 -0.1806 -0.3247
vn 0.9545 -0.1620 -0.2504
vn 0.9513 -0.1704 -0.2569
vn 0.9686 -0.1692 -0.1822
vn 0.9745 -0.1230 -0.1876
vn 0.8673 -0.2698 -0.4183
vn 0.8620 -0.2775 -0.4243
vn 0.9037 -0.2779 -0.3256
vn 0.9023 -0.2804 -0.3275
vn 0.9256 -0.2797 -0.2551
vn 0.9262 -0.2785 -0.2541
vn 0.9396 -0.2776 -0.2002
vn 0.9457 -0.2632 -0.1906
vn 0.8116 -0.4081 -0.4180
vn 0.8094 -0.4107 -0.4198
vn 0.8503 -0.4121 -0.3274
vn 0.8513 -0.4108 -0.3265
vn 0.8742 -0.4106 -0.2593
vn 0.8771 -0.4062 -0.2565
vn 0.8910 -0.4057 -0.2035
vn 0.9003 -0.3902 -0.1929
vn 0.3741 -0.1617 -0.9132
vn 0.3330 -0.2013 -0.9212
vn 0.2357 -0.2158 -0.9476
vn 0.1541 -0.1956 -0.9685
vn 0.1548 -0.2603 -0.9531
vn 0.1725 -0.2360 -0.9563
vn 0.2518 -0.2217 -0.9420
vn 0.3021 -0.3454 -0.8885
vn 0.2517 -0.3404 -0.9059
vn 0.1594 -0.4070 -0.8994
vn 0.1604 -0.3938 -0.9051
vn 0.3626 -0.2419 -0.9000
vn 0.1429 -0.3689 -0.9184
vn 0.7117 -0.1705 -0.6815
vn 0.5048 -0.1494 -0.8502
vn 0.4686 -0.1728 -0.8663
vn 0.5928 -0.1740 -0.7863
vn 0.5873 -0.1785 -0.7895
vn 0.7237 -0.1789 -0.6665
vn 0.6886 -0.2091 -0.6943
vn 0.4411 -0.2342 -0.8664
vn 0.5856 -0.2675 -0.7652
vn 0.6965 -0.2791 -0.6610
vn 0.6776 -0.2987 -0.6720
vn 0.7764 -0.3094 -0.5491
vn 0.8293 -0.2174 -0.5148
vn 0.7837 -0.2654 -0.5616
vn 0.8306 -0.1380 -0.5395
vn 0.7931 -0.1979 -0.5761
vn 0.4541 -0.3099 -0.8353
vn 0.5659 -0.3234 -0.7584
vn 0.5165 -0.3545 -0.7795
vn 0.6499 -0.3834 -0.6562
vn 0.6348 -0.3966 -0.6631
vn 0.7346 -0.4138 -0.5377
vn 0.7455 -0.4021 -0.5316
vn -0.0008 0.0174 0.9998
vn -0.0071 0.0426 0.9991
vn -0.2218 0.9002 0.3749
vn -0.1582 0.6832 0.7129
vn -0.0345 0.0553 0.9979
vn -0.2926 0.8927 0.3427
vn -0.3024 0.8708 0.3877
vn -0.1221 0.4734 0.8724
vn -0.1674 0.5643 0.8084
vn -0.2743 0.7926 0.5446
vn -0.1930 0.8145 0.5471
vn -0.1843 0.8531 0.4882
vn -0.0667 0.2615 0.9629
vn -0.0629 0.1912 0.9795
vn -0.2076 0.5767 0.7901
vn -0.2798 0.7445 0.6062
vn -0.0809 0.9913 -0.1034
vn -0.0853 0.9896 -0.1161
vn -0.1168 0.9917 -0.0533
vn -0.2094 0.9602 0.1846
vn -0.2177 0.9570 0.1920
vn -0.2619 0.9569 -0.1252
vn -0.2697 0.9555 -0.1194
vn -0.2726 0.9607 -0.0527
vn -0.2846 0.9577 -0.0426
vn -0.2859 0.9575 0.0367
vn -0.2985 0.9531 0.0494
vn -0.2952 0.9381 0.1810
vn -0.3046 0.9325 0.1940
vn -0.1520 0.9807 -0.1230
vn -0.1621 0.9801 -0.1144
vn -0.1642 0.9850 -0.0520
vn -0.1729 0.9839 -0.0443
vn -0.1832 0.9829 0.0204
vn -0.1996 0.9790 0.0423
vn -0.1903 0.9768 0.0984
vn 0.0079 0.0159 0.9998
vn 0.1166 0.2717 0.9553
vn 0.0383 0.1787 0.9832
vn 0.1230 0.5939 0.7951
vn 0.1579 0.7798 0.6058
vn 0.2185 0.8394 0.4976
vn 0.1863 0.9105 0.3692
vn 0.2298 0.9422 0.2439
vn 0.2941 0.9238 0.2450
vn 0.2902 0.8611 0.4174
vn 0.2603 0.8250 0.5017
vn 0.2404 0.7001 0.6723
vn 0.1423 0.4679 0.8723
vn 0.1560 0.4911 0.8570
vn 0.0642 0.2078 0.9761
vn 0.0891 0.2531 0.9633
vn 0.0127 0.0273 0.9995
vn -0.1083 0.8956 -0.4315
vn 0.0332 0.9845 -0.1722
vn 0.0437 0.9790 -0.1991
vn 0.0426 0.9722 -0.2301
vn -0.0146 0.9715 -0.2368
vn -0.0114 0.9704 -0.2414
vn -0.0118 0.9822 -0.1872
vn -0.0232 0.9849 -0.1718
vn -0.1495 0.9725 -0.1786
vn -0.2721 0.9150 -0.2979
vn -0.2669 0.9179 -0.2935
vn -0.1883 0.9412 -0.2803
vn -0.1727 0.9483 -0.2665
vn 0.0271 0.9567 -0.2898
vn 0.0307 0.9232 -0.3830
vn 0.0180 0.9175 -0.3973
vn -0.0236 0.9150 -0.4027
vn -0.0265 0.9132 -0.4068
vn -0.2754 0.9395 -0.2038
vn -0.2578 0.9475 -0.1893
vn -0.1738 0.9643 -0.2000
vn -0.2693 0.8780 -0.3958
vn -0.2610 0.8835 -0.3889
vn -0.1902 0.9071 -0.3754
vn -0.1812 0.9121 -0.3677
vn -0.0940 0.9319 -0.3504
vn -0.0968 0.9555 -0.2787
vn -0.0775 0.9648 -0.2514
vn -0.0823 0.9792 -0.1856
vn -0.0638 0.9841 -0.1659
vn -0.2674 0.8305 -0.4887
vn -0.2570 0.8384 -0.4807
vn -0.1920 0.8628 -0.4677
vn -0.1824 0.8692 -0.4596
vn -0.0999 0.8927 -0.4394
vn -0.1035 0.9349 -0.3396
vn -0.0224 0.9451 -0.3259
vn -0.0149 0.9493 -0.3140
vn 0.0389 0.9509 -0.3070
vn 0.0419 0.9725 -0.2291
vn 0.1689 0.9692 -0.1789
vn 0.1367 0.9742 -0.1797
vn 0.2027 0.9744 0.0970
vn 0.2462 0.9688 0.0279
vn 0.2149 0.9750 -0.0570
vn 0.2324 0.9670 -0.1047
vn 0.2287 0.9673 -0.1097
vn 0.3247 0.9396 -0.1079
vn 0.3211 0.9412 -0.1049
vn 0.3035 0.9519 0.0418
vn 0.3232 0.9424 0.0859
vn 0.3424 0.9195 -0.1932
vn 0.3130 0.9327 -0.1790
vn 0.2416 0.9529 -0.1831
vn 0.1807 0.9700 -0.1627
vn 0.2164 0.9628 -0.1618
vn 0.0694 0.9198 -0.3862
vn 0.0873 0.9792 -0.1834
vn 0.1305 0.9732 -0.1895
vn 0.0815 0.9535 -0.2902
vn 0.0863 0.9699 -0.2278
vn 0.0852 0.9704 -0.2260
vn 0.0869 0.9790 -0.1846
vn 0.1201 0.9133 -0.3891
vn 0.1177 0.9151 -0.3857
vn 0.1311 0.9454 -0.2984
vn 0.2540 0.8816 -0.3977
vn 0.2493 0.8816 -0.4008
vn 0.2691 0.9121 -0.3092
vn 0.2800 0.9118 -0.3003
vn 0.1960 0.9539 -0.2271
vn 0.2050 0.9570 -0.2054
vn 0.2751 0.9447 -0.1783
vn 0.2243 0.9504 -0.2155
vn 0.0682 0.9207 -0.3843
vn 0.0849 0.9512 -0.2967
vn 0.1295 0.9464 -0.2960
vn 0.1377 0.9641 -0.2269
vn 0.3181 0.9240 -0.2121
vn 0.3270 0.9127 -0.2449
vn 0.2603 0.9268 -0.2707
vn 0.2924 0.9245 -0.2443
vn 0.2030 0.9498 -0.2381
vn 0.1922 0.9334 -0.3030
vn 0.1947 0.9336 -0.3008
vn 0.1747 0.9022 -0.3945
vn 0.1783 0.9027 -0.3916
vn -0.8640 0.4195 0.2782
vn -0.1547 0.1581 0.9752
vn -0.1537 0.1954 0.9686
vn -0.1061 0.1789 0.9781
vn -0.1026 0.2176 0.9706
vn -0.2036 0.1638 0.9653
vn -0.0303 0.0158 0.9994
vn -0.7938 0.5253 0.3066
vn -0.7327 0.4898 0.4725
vn -0.3934 0.8357 0.3833
vn -0.3909 0.8350 0.3873
vn -0.4867 0.7870 0.3792
vn -0.4859 0.7869 0.3805
vn -0.5794 0.7270 0.3683
vn -0.5802 0.7270 0.3672
vn -0.6762 0.6488 0.3491
vn -0.6899 0.6484 0.3219
vn -0.3602 0.7637 0.5358
vn -0.4163 0.6796 0.6040
vn -0.4243 0.6847 0.5926
vn -0.5420 0.6793 0.4947
vn -0.5794 0.5803 0.5722
vn -0.6261 0.5934 0.5058
vn -0.7939 0.5258 0.3055
vn -0.2987 0.1459 0.9431
vn -0.0296 0.0149 0.9995
vn -0.0174 0.0239 0.9996
vn -0.0190 0.0239 0.9995
vn -0.0193 0.0234 0.9995
vn -0.0096 0.0155 0.9998
vn -0.0069 0.0145 0.9999
vn -0.6920 0.3103 0.6518
vn -0.5381 0.2840 0.7936
vn -0.1981 0.1216 0.9726
vn -0.8603 0.4070 0.3070
vn -0.7829 0.3998 0.4767
vn -0.7224 0.4647 0.5120
vn -0.5322 0.3829 0.7551
vn -0.4702 0.3854 0.7940
vn -0.4651 0.4621 0.7550
vn -0.3504 0.4476 0.8227
vn -0.3331 0.5304 0.7795
vn -0.2229 0.4836 0.8464
vn -0.8947 0.4360 0.0968
vn -0.9000 0.4347 -0.0320
vn -0.8958 0.4280 -0.1203
vn -0.8860 0.4177 -0.2016
vn -0.8965 0.4309 0.1027
vn -0.8284 0.5463 0.1238
vn -0.8380 0.5272 0.1409
vn -0.7828 0.6098 0.1240
vn -0.7160 0.6773 0.1691
vn -0.7049 0.6911 0.1597
vn -0.6135 0.7702 0.1741
vn -0.6138 0.7700 0.1743
vn -0.5154 0.8365 0.1861
vn -0.5129 0.8385 0.1840
vn -0.4151 0.8892 0.1926
vn -0.4092 0.8929 0.1876
vn -0.9030 0.4289 -0.0263
vn -0.8455 0.5338 -0.0140
vn -0.8493 0.5279 -0.0112
vn -0.7882 0.6154 -0.0002
vn -0.7919 0.6106 0.0022
vn -0.7132 0.7008 0.0143
vn -0.7157 0.6982 0.0158
vn -0.6221 0.7824 0.0279
vn -0.6222 0.7823 0.0280
vn -0.5204 0.8531 0.0390
vn -0.5168 0.8553 0.0369
vn -0.4150 0.9087 0.0461
vn -0.4071 0.9124 0.0411
vn -0.9000 0.4208 -0.1137
vn -0.8437 0.5263 -0.1058
vn -0.8485 0.5191 -0.1026
vn -0.7875 0.6090 -0.0947
vn -0.7922 0.6033 -0.0919
vn -0.7125 0.6969 -0.0823
vn -0.7160 0.6935 -0.0804
vn -0.6200 0.7815 -0.0696
vn -0.6209 0.7808 -0.0691
vn -0.5152 0.8551 -0.0581
vn -0.5124 0.8567 -0.0595
vn -0.4058 0.9126 -0.0492
vn -0.3986 0.9156 -0.0530
vn -0.8921 0.4085 -0.1932
vn -0.8365 0.5144 -0.1890
vn -0.8426 0.5058 -0.1851
vn -0.7814 0.5975 -0.1797
vn -0.7875 0.5905 -0.1763
vn -0.7068 0.6870 -0.1687
vn -0.7120 0.6823 -0.1661
vn -0.6135 0.7741 -0.1562
vn -0.6166 0.7719 -0.1548
vn -0.5067 0.8502 -0.1432
vn -0.5066 0.8502 -0.1432
vn -0.3943 0.9096 -0.1310
vn -0.3905 0.9110 -0.1328
vn -0.9802 0.0668 0.1865
vn -0.9699 0.1277 0.2076
vn -0.9474 0.2182 0.2343
vn -0.9081 0.3225 0.2670
vn -0.9783 0.0685 0.1956
vn -0.8675 0.0571 0.4942
vn -0.8516 0.0609 0.5207
vn -0.3999 0.0251 0.9162
vn -0.3541 0.0271 0.9348
vn -0.0551 0.0040 0.9985
vn -0.0572 0.0040 0.9984
vn -0.9686 0.1289 0.2127
vn -0.8384 0.1103 0.5338
vn -0.8312 0.1122 0.5446
vn -0.3988 0.0534 0.9155
vn -0.0427 0.0058 0.9991
vn -0.9453 0.2199 0.2407
vn -0.8016 0.1848 0.5686
vn -0.7927 0.1868 0.5803
vn -0.3251 0.0760 0.9426
vn -0.2868 0.0751 0.9551
vn -0.0465 0.0119 0.9988
vn -0.0559 0.0132 0.9983
vn -0.9014 0.3270 0.2838
vn -0.7500 0.2635 0.6067
vn -0.7277 0.2664 0.6321
vn -0.3283 0.1172 0.9373
vn -0.0331 0.0121 0.9994
vn -0.0043 0.0037 1.0000
vn 0.0187 0.0442 0.9988
vn -0.0024 0.0145 0.9999
vn -0.0048 -0.0368 0.9993
vn -0.0039 -0.0091 1.0000
vn -0.0003 0.0088 1.0000
vn -0.0010 0.0001 1.0000
vn 0.0222 0.0302 0.9993
vn -0.0005 0.0036 1.0000
vn 0.0091 -0.0079 0.9999
vn -0.9227 0.3270 -0.2043
vn -0.9239 0.3186 -0.2120
vn -0.9509 0.2237 -0.2137
vn -0.9509 0.2173 -0.2203
vn -0.9663 0.1318 -0.2210
vn -0.9656 0.1275 -0.2265
vn -0.9715 0.0692 -0.2266
vn -0.9707 0.0667 -0.2308
vn -0.9345 0.3328 -0.1265
vn -0.9356 0.3277 -0.1317
vn -0.9643 0.2263 -0.1374
vn -0.9645 0.2231 -0.1410
vn -0.9804 0.1328 -0.1453
vn -0.9803 0.1309 -0.1480
vn -0.9862 0.0696 -0.1503
vn -0.9859 0.0685 -0.1524
vn -0.9410 0.3358 -0.0427
vn -0.9419 0.3326 -0.0466
vn -0.9722 0.2270 -0.0571
vn -0.9724 0.2256 -0.0591
vn -0.9889 0.1327 -0.0675
vn -0.9889 0.1320 -0.0686
vn -0.9949 0.0693 -0.0735
vn -0.9948 0.0690 -0.0743
vn -0.9387 0.3355 0.0792
vn -0.9400 0.3330 0.0749
vn -0.9725 0.2260 0.0570
vn -0.9729 0.2248 0.0548
vn -0.9905 0.1318 0.0402
vn -0.9906 0.1312 0.0390
vn -0.9972 0.0688 0.0304
vn -0.9972 0.0685 0.0296
vn -0.8679 0.4030 -0.2904
vn -0.8421 0.3848 -0.3779
vn -0.8052 0.3747 -0.4596
vn -0.7659 0.3576 -0.5344
vn -0.8762 0.3923 -0.2801
vn -0.8213 0.4973 -0.2797
vn -0.8285 0.4878 -0.2750
vn -0.7680 0.5797 -0.2725
vn -0.7752 0.5719 -0.2684
vn -0.6948 0.6695 -0.2629
vn -0.7016 0.6636 -0.2595
vn -0.6024 0.7579 -0.2505
vn -0.6081 0.7542 -0.2479
vn -0.4956 0.8360 -0.2356
vn -0.4996 0.8341 -0.2339
vn -0.3826 0.8975 -0.2193
vn -0.3845 0.8969 -0.2184
vn -0.8430 0.3838 -0.3769
vn -0.8017 0.4773 -0.3598
vn -0.7416 0.5531 -0.3797
vn -0.7618 0.5357 -0.3644
vn -0.6749 0.6434 -0.3614
vn -0.6813 0.6383 -0.3583
vn -0.5854 0.7310 -0.3508
vn -0.5918 0.7271 -0.3480
vn -0.4817 0.8095 -0.3357
vn -0.4881 0.8067 -0.3332
vn -0.3715 0.8726 -0.3170
vn -0.3777 0.8709 -0.3145
vn -0.8119 0.3692 -0.4523
vn -0.7234 0.5152 -0.4597
vn -0.7277 0.5118 -0.4567
vn -0.6466 0.6114 -0.4562
vn -0.6511 0.6081 -0.4542
vn -0.5618 0.6952 -0.4484
vn -0.5674 0.6921 -0.4463
vn -0.4640 0.7717 -0.4349
vn -0.4711 0.7689 -0.4323
vn -0.3599 0.8351 -0.4160
vn -0.3685 0.8329 -0.4129
vn -0.7654 0.3579 -0.5348
vn -0.6857 0.4879 -0.5402
vn -0.6650 0.5025 -0.5526
vn -0.6164 0.5794 -0.5332
vn -0.5306 0.6503 -0.5437
vn -0.5473 0.6429 -0.5359
vn -0.4436 0.7259 -0.5256
vn -0.4513 0.7229 -0.5232
vn -0.3481 0.7879 -0.5080
vn -0.3584 0.7852 -0.5049
vn -0.9830 0.0091 0.1834
vn -0.8915 -0.0265 0.4523
vn -0.8826 -0.0279 0.4694
vn -0.7617 -0.0240 0.6475
vn -0.8860 0.0095 0.4636
vn -0.8135 0.0003 0.5816
vn -0.0539 0.0010 0.9985
vn -0.0436 -0.0014 0.9990
vn -0.3335 0.0031 0.9427
vn -0.9760 0.0036 0.2177
vn -0.9760 -0.0032 0.2177
vn -0.9840 -0.0091 0.1780
vn -0.9831 -0.0309 0.1807
vn -0.9831 0.0309 0.1803
vn -0.9816 0.0295 0.1885
vn -0.8733 0.0292 0.4862
vn -0.8866 0.0333 0.4613
vn -0.7034 0.0171 0.7106
vn -0.4348 0.0149 0.9004
vn -0.0494 0.0016 0.9988
vn -0.9806 -0.0327 0.1931
vn -0.8927 -0.0104 0.4506
vn -0.8120 -0.0002 0.5837
vn -0.6437 -0.0072 0.7652
vn -0.4195 -0.0046 0.9078
vn -0.3301 -0.0109 0.9439
vn -0.0525 -0.0023 0.9986
vn 0.0001 -0.0067 1.0000
vn -0.0001 -0.0001 1.0000
vn -0.0006 0.0020 1.0000
vn 0.0009 0.0008 1.0000
vn 0.0004 0.0306 0.9995
vn 0.0017 0.0023 1.0000
vn 0.0122 0.0106 0.9999
vn -0.0357 -0.0310 0.9989
vn 0.0002 -0.2604 0.9655
vn -0.0003 0.0020 1.0000
vn -0.0142 -0.0098 0.9999
vn -0.0144 -0.0100 0.9998
vn 0.0019 0.0116 0.9999
vn -0.0030 0.0071 1.0000
vn -0.9992 0.0317 0.0252
vn -0.9992 0.0316 0.0257
vn -0.9965 0.0320 -0.0771
vn -0.9966 0.0317 -0.0765
vn -0.9874 0.0320 -0.1547
vn -0.9877 0.0314 -0.1534
vn -0.9719 0.0318 -0.2334
vn -0.9725 0.0306 -0.2308
vn -0.9997 0.0094 0.0237
vn -0.9997 0.0093 0.0239
vn -0.9969 0.0094 -0.0780
vn -0.9969 0.0093 -0.0778
vn -0.9878 0.0094 -0.1555
vn -0.9879 0.0093 -0.1551
vn -0.9721 0.0094 -0.2343
vn -0.9723 0.0090 -0.2334
vn -0.9997 -0.0094 0.0239
vn -0.9997 -0.0093 0.0237
vn -0.9969 -0.0094 -0.0778
vn -0.9969 -0.0093 -0.0780
vn -0.9879 -0.0094 -0.1551
vn -0.9878 -0.0093 -0.1555
vn -0.9723 -0.0094 -0.2334
vn -0.9721 -0.0090 -0.2343
vn -0.9992 -0.0317 0.0257
vn -0.9992 -0.0316 0.0252
vn -0.9966 -0.0320 -0.0765
vn -0.9965 -0.0317 -0.0771
vn -0.9876 -0.0320 -0.1534
vn -0.9875 -0.0314 -0.1547
vn -0.9725 -0.0318 -0.2308
vn -0.9719 -0.0306 -0.2334
vn -0.9452 0.0678 -0.3193
vn -0.9140 0.0651 -0.4006
vn -0.8802 0.0617 -0.4706
vn -0.9479 0.0635 -0.3122
vn -0.9404 0.1289 -0.3146
vn -0.9445 0.1216 -0.3053
vn -0.9260 0.2180 -0.3084
vn -0.9317 0.2076 -0.2979
vn -0.8997 0.3169 -0.3002
vn -0.9072 0.3052 -0.2895
vn -0.9181 0.0598 -0.3918
vn -0.9097 0.1236 -0.3964
vn -0.9158 0.1147 -0.3849
vn -0.8962 0.2088 -0.3915
vn -0.9042 0.1968 -0.3790
vn -0.8716 0.3031 -0.3852
vn -0.8808 0.2909 -0.3736
vn -0.8853 0.0563 -0.4616
vn -0.8761 0.1174 -0.4677
vn -0.8834 0.1083 -0.4560
vn -0.8627 0.1986 -0.4651
vn -0.8717 0.1869 -0.4529
vn -0.8385 0.2887 -0.4622
vn -0.8474 0.2783 -0.4522
vn -0.8452 0.0586 -0.5312
vn -0.8504 0.0529 -0.5235
vn -0.8401 0.1115 -0.5308
vn -0.8478 0.1033 -0.5201
vn -0.8259 0.1892 -0.5312
vn -0.8346 0.1794 -0.5208
vn -0.8004 0.2759 -0.5322
vn -0.8074 0.2687 -0.5252
vn -0.5034 0.4425 -0.7421
vn -0.4997 0.4516 -0.7392
vn -0.5680 0.3638 -0.7383
vn -0.5960 0.3539 -0.7208
vn -0.5437 0.3291 -0.7721
vn -0.5383 0.3283 -0.7762
vn -0.4691 0.3832 -0.7957
vn -0.4521 0.3837 -0.8052
vn -0.3888 0.4480 -0.8050
vn -0.4091 0.5176 -0.7515
vn -0.3858 0.5514 -0.7396
vn -0.3780 0.7216 -0.5799
vn -0.6181 0.2583 -0.7425
vn -0.6494 0.2716 -0.7103
vn -0.6505 0.2768 -0.7073
vn -0.6890 0.2928 -0.6629
vn -0.6852 0.3269 -0.6509
vn -0.7221 0.3417 -0.6014
vn -0.7224 0.3447 -0.5995
vn -0.6330 0.4684 -0.6163
vn -0.6308 0.4783 -0.6110
vn -0.5062 0.6029 -0.6166
vn -0.5091 0.5962 -0.6208
vn -0.4281 0.6821 -0.5928
vn -0.3356 0.7281 -0.5977
vn -0.3350 0.5715 -0.7491
vn -0.3192 0.5120 -0.7975
vn -0.3582 0.4526 -0.8166
vn -0.3494 0.4408 -0.8268
vn -0.3439 0.6742 -0.6535
vn -0.4073 0.5982 -0.6901
vn -0.4808 0.5671 -0.6687
vn -0.5341 0.4859 -0.6918
vn -0.6009 0.4424 -0.6657
vn -0.6269 0.3805 -0.6798
vn 0.6934 0.6811 0.2352
vn 0.2291 0.1760 0.9574
vn 0.2170 0.1198 0.9688
vn 0.1307 0.1582 0.9787
vn 0.1401 0.2316 0.9627
vn 0.2364 0.3915 0.8893
vn 0.4703 0.7603 0.4480
vn 0.4124 0.6647 0.6229
vn 0.4371 0.5560 0.7070
vn 0.3847 0.4866 0.7844
vn 0.3485 0.3663 0.8628
vn 0.1725 0.1802 0.9684
vn 0.7961 0.5571 0.2362
vn 0.7963 0.5478 0.2565
vn 0.8521 0.4368 0.2882
vn 0.8704 0.4259 0.2471
vn 0.5291 0.2687 0.8049
vn 0.6880 0.3538 0.6337
vn 0.5863 0.4671 0.6619
vn 0.6016 0.4883 0.6322
vn 0.5393 0.6844 0.4906
vn 0.5990 0.7638 0.2405
vn 0.5061 0.8267 0.2460
vn 0.7181 0.3614 0.5947
vn 0.7882 0.4174 0.4522
vn 0.7589 0.5247 0.3857
vn 0.6690 0.5385 0.5123
vn 0.6658 0.6518 0.3631
vn 0.6900 0.6817 0.2431
vn 0.5950 0.7646 0.2476
vn 0.0128 0.0270 0.9996
vn 0.0186 0.0246 0.9995
vn 0.0228 0.0279 0.9994
vn 0.0294 0.0190 0.9994
vn 0.2593 0.5195 0.8142
vn 0.3297 0.6617 0.6734
vn 0.3045 0.6355 0.7095
vn 0.3899 0.8181 0.4228
vn 0.3701 0.8131 0.4493
vn 0.2516 0.1268 0.9595
vn 0.5154 0.2642 0.8152
vn 0.4377 0.3349 0.8344
vn 0.4678 0.3764 0.7997
vn 0.4836 0.5849 0.6512
vn 0.5660 0.6948 0.4438
vn 0.4697 0.7601 0.4490
vn 0.5087 0.8265 0.2412
vn 0.4347 0.8674 0.2421
vn -0.0463 -0.0032 0.9989
vn -0.0532 -0.0072 0.9986
vn -0.0434 -0.0103 0.9990
vn -0.0356 -0.0130 0.9993
vn -0.4154 -0.0285 0.9092
vn -0.6886 -0.0395 0.7241
vn -0.8746 -0.0683 0.4800
vn -0.8544 -0.0590 0.5163
vn -0.9778 -0.0655 0.1991
vn -0.9787 -0.0667 0.1941
vn -0.0476 -0.0057 0.9988
vn -0.3588 -0.0437 0.9324
vn -0.3680 -0.0475 0.9286
vn -0.8349 -0.1088 0.5396
vn -0.8349 -0.1088 0.5395
vn -0.9692 -0.1279 0.2103
vn -0.9690 -0.1275 0.2114
vn -0.0449 -0.0112 0.9989
vn -0.3411 -0.0846 0.9362
vn -0.3189 -0.0725 0.9450
vn -0.7978 -0.1827 0.5746
vn -0.7977 -0.1826 0.5748
vn -0.9464 -0.2187 0.2375
vn -0.9462 -0.2179 0.2392
vn -0.3342 -0.1236 0.9344
vn -0.7457 -0.2622 0.6125
vn -0.7530 -0.2725 0.5989
vn -0.9078 -0.3211 0.2700
vn -0.9080 -0.3225 0.2674
vn -0.0011 -0.0023 1.0000
vn -0.0008 0.0089 1.0000
vn -0.8600 -0.4174 0.2937
vn -0.1266 -0.2613 0.9569
vn -0.1153 -0.1957 0.9739
vn -0.1413 -0.1746 0.9745
vn -0.1369 -0.1599 0.9776
vn -0.2196 -0.1739 0.9600
vn -0.2112 -0.1100 0.9712
vn -0.0384 -0.0195 0.9991
vn -0.5794 -0.7270 0.3683
vn -0.4859 -0.7869 0.3805
vn -0.4867 -0.7870 0.3792
vn -0.3909 -0.8350 0.3873
vn -0.3962 -0.8365 0.3786
vn -0.5689 -0.5941 0.5687
vn -0.5413 -0.6785 0.4966
vn -0.4273 -0.6895 0.5848
vn -0.4492 -0.7022 0.5523
vn -0.3510 -0.7504 0.5601
vn -0.3375 -0.7427 0.5783
vn -0.8485 -0.4226 0.3185
vn -0.8012 -0.5369 0.2641
vn -0.7420 -0.5611 0.3670
vn -0.6863 -0.6536 0.3192
vn -0.7227 -0.3396 0.6020
vn -0.7044 -0.3368 0.6248
vn -0.7853 -0.4044 0.4689
vn -0.6840 -0.5150 0.5167
vn -0.6880 -0.5249 0.5011
vn -0.6066 -0.5987 0.5230
vn -0.6659 -0.6581 0.3515
vn -0.5802 -0.7270 0.3672
vn -0.0185 -0.0421 0.9989
vn -0.0107 -0.0418 0.9991
vn -0.0128 -0.0254 0.9996
vn -0.0146 -0.0223 0.9996
vn -0.0223 -0.0251 0.9994
vn -0.0256 -0.0344 0.9991
vn -0.0220 -0.0196 0.9996
vn -0.0281 -0.0182 0.9994
vn -0.0396 -0.0199 0.9990
vn -0.2747 -0.5896 0.7596
vn -0.2859 -0.5142 0.8086
vn -0.3338 -0.5205 0.7859
vn -0.3594 -0.4445 0.8205
vn -0.4429 -0.4618 0.7685
vn -0.4890 -0.3812 0.7846
vn -0.4961 -0.3971 0.7721
vn -0.5016 -0.3921 0.7712
vn -0.4914 -0.2580 0.8319
vn -0.2823 -0.1295 0.9505
vn -0.9397 -0.3328 0.0787
vn -0.9390 -0.3357 0.0754
vn -0.9728 -0.2248 0.0568
vn -0.9726 -0.2260 0.0550
vn -0.9905 -0.1312 0.0401
vn -0.9905 -0.1318 0.0391
vn -0.9972 -0.0685 0.0304
vn -0.9972 -0.0688 0.0297
vn -0.9421 -0.3326 -0.0430
vn -0.9408 -0.3358 -0.0462
vn -0.9726 -0.2255 -0.0573
vn -0.9721 -0.2270 -0.0589
vn -0.9890 -0.1320 -0.0675
vn -0.9888 -0.1327 -0.0685
vn -0.9949 -0.0690 -0.0735
vn -0.9948 -0.0693 -0.0743
vn -0.9362 -0.3277 -0.1268
vn -0.9338 -0.3328 -0.1314
vn -0.9650 -0.2231 -0.1376
vn -0.9638 -0.2263 -0.1409
vn -0.9807 -0.1308 -0.1453
vn -0.9800 -0.1328 -0.1479
vn -0.9863 -0.0684 -0.1504
vn -0.9859 -0.0696 -0.1523
vn -0.9256 -0.3186 -0.2044
vn -0.9211 -0.3269 -0.2117
vn -0.9524 -0.2172 -0.2137
vn -0.9495 -0.2237 -0.2202
vn -0.9669 -0.1274 -0.2210
vn -0.9651 -0.1318 -0.2265
vn -0.9717 -0.0666 -0.2266
vn -0.9705 -0.0692 -0.2308
vn -0.8455 0.0399 -0.5325
vn -0.8617 -0.0295 -0.5066
vn -0.8799 -0.0252 -0.4746
vn -0.8833 -0.0283 -0.4679
vn -0.9146 -0.0275 -0.4034
vn -0.9167 -0.0299 -0.3985
vn -0.9462 -0.0292 -0.3223
vn -0.9475 -0.0311 -0.3181
vn -0.9467 -0.0092 -0.3219
vn -0.9463 -0.0086 -0.3233
vn -0.9152 -0.0088 -0.4028
vn -0.9145 -0.0081 -0.4044
vn -0.8779 -0.0084 -0.4788
vn -0.8780 -0.0085 -0.4785
vn -0.9463 0.0092 -0.3233
vn -0.9467 0.0086 -0.3219
vn -0.9145 0.0088 -0.4044
vn -0.9153 0.0081 -0.4028
vn -0.8785 0.0083 -0.4777
vn -0.8755 0.0111 -0.4830
vn -0.8836 0.0244 -0.4676
vn -0.8813 0.0284 -0.4716
vn -0.9168 0.0275 -0.3984
vn -0.9145 0.0299 -0.4035
vn -0.9476 0.0292 -0.3181
vn -0.9461 0.0312 -0.3223
vn -0.6239 0.1059 -0.7743
vn -0.8113 0.0602 -0.5816
vn -0.6977 0.1007 -0.7093
vn -0.6996 0.0986 -0.7077
vn -0.6421 0.1418 -0.7534
vn -0.7364 0.1744 -0.6537
vn -0.6987 0.1764 -0.6933
vn -0.6818 0.1567 -0.7146
vn -0.6229 0.1601 -0.7657
vn -0.6216 0.1100 -0.7756
vn -0.7960 0.0925 -0.5982
vn -0.8064 0.1066 -0.5817
vn -0.7847 0.1817 -0.5926
vn -0.6070 0.2268 -0.7617
vn -0.7258 0.2560 -0.6385
vn -0.7632 0.2602 -0.5915
vn -0.7502 0.0961 -0.6542
vn -0.7584 0.1005 -0.6440
vn -0.7358 0.1748 -0.6542
vn -0.7933 0.1732 -0.5836
vn -0.7578 0.2651 -0.5963
vn -0.5566 0.1050 -0.8241
vn -0.3314 0.1389 -0.9332
vn -0.5327 0.1433 -0.8341
vn -0.5673 0.1604 -0.8077
vn -0.4843 0.1583 -0.8605
vn -0.4717 0.1544 -0.8682
vn -0.3427 0.1521 -0.9270
vn -0.3214 0.1996 -0.9257
vn -0.3477 0.2666 -0.8989
vn -0.5605 0.2252 -0.7969
vn -0.5048 0.2618 -0.8226
vn -0.5065 0.2584 -0.8226
vn -0.4299 0.3028 -0.8506
vn -0.3455 0.3366 -0.8760
vn -0.3362 0.2606 -0.9050
vn -0.3962 0.2367 -0.8871
vn -0.4255 0.1665 -0.8895
vn -0.3913 0.1450 -0.9088
vn -0.4400 0.3046 -0.8448
vn -0.3607 0.3451 -0.8665
vn -0.2555 0.7856 -0.5635
vn -0.0111 0.7307 -0.6826
vn -0.2612 0.4838 -0.8353
vn -0.1064 0.5591 -0.8223
vn -0.1001 0.5492 -0.8297
vn -0.0924 0.6330 -0.7686
vn -0.0865 0.6241 -0.7766
vn -0.0780 0.7118 -0.6981
vn -0.1057 0.8522 -0.5124
vn -0.0447 0.8599 -0.5085
vn 0.0134 0.8717 -0.4898
vn 0.0111 0.8730 -0.4877
vn -0.0300 0.8696 -0.4928
vn -0.2525 0.7168 -0.6500
vn -0.2598 0.7179 -0.6458
vn -0.2561 0.6370 -0.7271
vn -0.2478 0.4677 -0.8484
vn -0.2521 0.5283 -0.8107
vn -0.2313 0.5641 -0.7927
vn -0.2310 0.6376 -0.7349
vn -0.0431 0.5729 -0.8185
vn -0.0405 0.5683 -0.8219
vn -0.0294 0.6452 -0.7634
vn -0.0275 0.6420 -0.7662
vn -0.0141 0.7287 -0.6847
vn -0.0656 0.7222 -0.6886
vn -0.1853 0.8218 -0.5388
vn -0.1293 0.8310 -0.5410
vn -0.1263 0.7849 -0.6066
vn -0.0490 0.8021 -0.5952
vn -0.0578 0.8068 -0.5880
vn 0.0039 0.8135 -0.5815
vn 0.0023 0.8145 -0.5801
vn -0.1762 0.5302 -0.8294
vn -0.1670 0.5182 -0.8388
vn -0.1647 0.6041 -0.7797
vn -0.1554 0.5925 -0.7904
vn -0.1527 0.6928 -0.7048
vn -0.1411 0.6879 -0.7119
vn -0.1425 0.7659 -0.6269
vn -0.2466 0.7864 -0.5664
vn 0.4026 0.9115 0.0841
vn 0.8711 0.4901 -0.0296
vn 0.4035 0.9086 -0.1075
vn 0.4142 0.9045 -0.1014
vn 0.5016 0.8590 -0.1021
vn 0.5104 0.8545 -0.0965
vn 0.5874 0.8036 -0.0963
vn 0.5998 0.7953 -0.0882
vn 0.6801 0.7280 -0.0868
vn 0.6949 0.7155 -0.0723
vn 0.7922 0.6064 -0.0678
vn 0.8060 0.5897 -0.0514
vn 0.8794 0.4739 -0.0467
vn 0.8794 0.4704 0.0735
vn 0.8849 0.4568 0.0909
vn 0.3707 0.9081 -0.1949
vn 0.5943 0.7763 -0.2101
vn 0.6527 0.7360 -0.1799
vn 0.7422 0.6421 -0.1920
vn 0.7638 0.6219 -0.1724
vn 0.8479 0.5073 -0.1540
vn 0.8491 0.5048 -0.1557
vn 0.4486 0.8932 0.0306
vn 0.5148 0.8568 0.0305
vn 0.5199 0.8535 0.0351
vn 0.6039 0.7962 0.0362
vn 0.6117 0.7899 0.0434
vn 0.6978 0.7149 0.0435
vn 0.7093 0.7023 0.0597
vn 0.8074 0.5873 0.0572
vn 0.8169 0.5721 0.0742
vn 0.4299 0.8872 -0.1677
vn 0.4871 0.8568 -0.1695
vn 0.4953 0.8527 -0.1660
vn 0.5641 0.8095 -0.1629
vn 0.5813 0.7990 -0.1539
vn 0.6570 0.7381 -0.1535
vn 0.6746 0.7248 -0.1400
vn 0.7695 0.6236 -0.1381
vn 0.7865 0.6053 -0.1224
vn 0.8534 0.5077 -0.1183
vn 0.8655 0.4905 -0.1016
vn 0.8997 0.3327 0.2827
vn 0.9009 0.3318 0.2799
vn 0.7450 0.2721 0.6090
vn 0.7806 0.2650 0.5660
vn 0.5692 0.2218 0.7917
vn 0.3176 0.1054 0.9423
vn 0.2787 0.1029 0.9548
vn 0.0436 0.0108 0.9990
vn 0.0254 0.0093 0.9996
vn 0.9370 0.2211 0.2705
vn 0.9363 0.2216 0.2724
vn 0.7905 0.1855 0.5837
vn 0.7847 0.1870 0.5909
vn 0.3273 0.0775 0.9417
vn 0.3471 0.0778 0.9346
vn 0.0465 0.0104 0.9989
vn 0.0440 0.0104 0.9990
vn 0.9578 0.1276 0.2576
vn 0.9565 0.1287 0.2618
vn 0.8214 0.1095 0.5597
vn 0.8154 0.1112 0.5681
vn 0.3981 0.0539 0.9157
vn 0.0439 0.0059 0.9990
vn 0.9664 0.0662 0.2483
vn 0.9652 0.0671 0.2529
vn 0.8597 0.0593 0.5073
vn 0.8310 0.0644 0.5526
vn 0.6784 0.0411 0.7335
vn 0.3624 0.0269 0.9316
vn 0.3533 0.0273 0.9351
vn 0.0557 0.0041 0.9984
vn 0.0587 0.0041 0.9983
vn 0.0002 -0.0001 1.0000
vn 0.0002 0.0004 1.0000
vn -0.0022 -0.0022 1.0000
vn -0.0000 -0.0001 1.0000
vn -0.0008 0.0005 1.0000
vn -0.1806 -0.5240 0.8324
vn -0.1471 -0.7064 0.6923
vn -0.1816 -0.8360 0.5178
vn -0.1959 -0.8414 0.5036
vn -0.0126 -0.0272 0.9996
vn -0.0079 -0.0422 0.9991
vn 0.0126 -0.0289 0.9995
vn -0.0102 -0.0374 0.9992
vn -0.0775 -0.2618 0.9620
vn -0.0154 -0.0431 0.9990
vn -0.0153 -0.0435 0.9989
vn -0.2921 -0.8914 0.3465
vn -0.3000 -0.8735 0.3833
vn -0.2788 -0.8033 0.5263
vn -0.2230 -0.9010 0.3720
vn -0.2313 -0.7692 0.5957
vn -0.1622 -0.5576 0.8141
vn -0.1618 -0.5756 0.8015
vn -0.0857 -0.2773 0.9569
vn -0.4155 -0.8902 0.1871
vn -0.4150 -0.9089 0.0405
vn -0.4056 -0.9125 -0.0536
vn -0.3941 -0.9094 -0.1332
vn -0.4089 -0.8919 0.1931
vn -0.5156 -0.8369 0.1837
vn -0.5127 -0.8381 0.1863
vn -0.6135 -0.7702 0.1743
vn -0.6138 -0.7700 0.1741
vn -0.7125 -0.6835 0.1584
vn -0.7038 -0.6899 0.1697
vn -0.7946 -0.5958 0.1170
vn -0.8221 -0.5495 0.1490
vn -0.8953 -0.4364 0.0891
vn -0.8925 -0.4404 0.0975
vn -0.4071 -0.9122 0.0468
vn -0.5204 -0.8532 0.0365
vn -0.5168 -0.8552 0.0394
vn -0.6221 -0.7824 0.0280
vn -0.6222 -0.7823 0.0279
vn -0.7132 -0.7008 0.0162
vn -0.7157 -0.6983 0.0139
vn -0.7991 -0.6011 0.0010
vn -0.8030 -0.5959 -0.0049
vn -0.8959 -0.4435 -0.0238
vn -0.8983 -0.4383 -0.0316
vn -0.3987 -0.9158 -0.0485
vn -0.5151 -0.8550 -0.0598
vn -0.5125 -0.8568 -0.0578
vn -0.6200 -0.7815 -0.0690
vn -0.6209 -0.7808 -0.0697
vn -0.7126 -0.6970 -0.0800
vn -0.7158 -0.6934 -0.0827
vn -0.7984 -0.5949 -0.0927
vn -0.8026 -0.5882 -0.0988
vn -0.8925 -0.4371 -0.1115
vn -0.8948 -0.4300 -0.1202
vn -0.3907 -0.9112 -0.1306
vn -0.5067 -0.8502 -0.1432
vn -0.5066 -0.8502 -0.1431
vn -0.6137 -0.7742 -0.1545
vn -0.6164 -0.7718 -0.1565
vn -0.7072 -0.6873 -0.1657
vn -0.7115 -0.6820 -0.1692
vn -0.7925 -0.5837 -0.1767
vn -0.7971 -0.5752 -0.1837
vn -0.8838 -0.4270 -0.1911
vn -0.8860 -0.4175 -0.2016
vn -0.8501 -0.0551 -0.5238
vn -0.8034 -0.2684 -0.5315
vn -0.8043 -0.2762 -0.5262
vn -0.8424 -0.2782 -0.4615
vn -0.8432 -0.2891 -0.4533
vn -0.8761 -0.2908 -0.3847
vn -0.8762 -0.3035 -0.3744
vn -0.9038 -0.3052 -0.3001
vn -0.9030 -0.3172 -0.2898
vn -0.8286 -0.1798 -0.5302
vn -0.8316 -0.1891 -0.5222
vn -0.8657 -0.1874 -0.4642
vn -0.8685 -0.1985 -0.4542
vn -0.8991 -0.1971 -0.3909
vn -0.9012 -0.2088 -0.3799
vn -0.9283 -0.2079 -0.3082
vn -0.9292 -0.2180 -0.2983
vn -0.8417 -0.1038 -0.5299
vn -0.8461 -0.1111 -0.5213
vn -0.8776 -0.1088 -0.4669
vn -0.8817 -0.1171 -0.4570
vn -0.9111 -0.1151 -0.3959
vn -0.9143 -0.1234 -0.3857
vn -0.9414 -0.1218 -0.3144
vn -0.9434 -0.1288 -0.3056
vn -0.8416 -0.0587 -0.5368
vn -0.8807 -0.0566 -0.4703
vn -0.8847 -0.0616 -0.4622
vn -0.9144 -0.0601 -0.4003
vn -0.9176 -0.0649 -0.3923
vn -0.9456 -0.0637 -0.3192
vn -0.9475 -0.0677 -0.3124
vn -0.0564 0.4726 -0.8795
vn -0.0606 0.4786 -0.8759
vn -0.0741 0.3633 -0.9287
vn -0.0787 0.3694 -0.9259
vn -0.0892 0.2631 -0.9606
vn -0.0934 0.2682 -0.9588
vn -0.1012 0.1714 -0.9800
vn -0.1122 0.1878 -0.9758
vn -0.1153 0.4539 -0.8836
vn -0.1231 0.4637 -0.8774
vn -0.1318 0.3469 -0.9286
vn -0.1389 0.3557 -0.9242
vn -0.1453 0.2506 -0.9571
vn -0.1513 0.2573 -0.9544
vn -0.1548 0.1853 -0.9704
vn -0.1787 0.4260 -0.8869
vn -0.1889 0.4369 -0.8794
vn -0.1913 0.3243 -0.9264
vn -0.1999 0.3336 -0.9213
vn -0.2014 0.2338 -0.9512
vn -0.2082 0.2408 -0.9480
vn -0.2090 0.1701 -0.9630
vn -0.1886 0.1570 -0.9694
vn -0.2556 0.3917 -0.8839
vn -0.2632 0.3985 -0.8786
vn -0.2583 0.2968 -0.9193
vn -0.2662 0.3041 -0.9147
vn -0.2624 0.2144 -0.9408
vn -0.2683 0.2198 -0.9379
vn -0.2660 0.1511 -0.9521
vn -0.2600 0.1451 -0.9547
vn 0.2124 0.8350 -0.5075
vn 0.2150 0.8322 -0.5111
vn 0.1777 0.7745 -0.6071
vn 0.1517 0.8557 -0.4947
vn 0.1581 0.8498 -0.5029
vn 0.1295 0.7897 -0.5997
vn 0.1394 0.7737 -0.6180
vn 0.1161 0.7116 -0.6930
vn 0.1244 0.6890 -0.7140
vn 0.1066 0.6293 -0.7698
vn 0.1095 0.5989 -0.7933
vn 0.0986 0.5601 -0.8226
vn 0.1000 0.5413 -0.8349
vn 0.1020 0.8687 -0.4847
vn 0.1086 0.8634 -0.4927
vn 0.0896 0.8099 -0.5797
vn 0.0576 0.8754 -0.4799
vn 0.0619 0.8724 -0.4849
vn 0.0473 0.8149 -0.5777
vn 0.0600 0.8052 -0.5900
vn 0.0416 0.7317 -0.6804
vn 0.0486 0.7226 -0.6896
vn 0.0316 0.6469 -0.7619
vn 0.0344 0.6374 -0.7698
vn 0.0212 0.5751 -0.8178
vn 0.0231 0.5687 -0.8222
vn 0.4694 0.8477 -0.2471
vn 0.6862 0.6805 -0.2571
vn 0.8009 0.5407 -0.2572
vn 0.8044 0.5321 -0.2642
vn 0.8166 0.5329 -0.2216
vn 0.8377 0.5065 -0.2042
vn 0.3461 0.8478 -0.4019
vn 0.4779 0.7729 -0.4174
vn 0.7302 0.5432 -0.4144
vn 0.7234 0.5488 -0.4189
vn 0.6163 0.6723 -0.4101
vn 0.6000 0.6815 -0.4190
vn 0.4698 0.7846 -0.4046
vn 0.4778 0.8521 -0.2134
vn 0.4741 0.8539 -0.2148
vn 0.4065 0.8889 -0.2110
vn 0.6061 0.7683 -0.2055
vn 0.5931 0.7768 -0.2115
vn 0.5139 0.8124 -0.2756
vn 0.5908 0.7675 -0.2487
vn 0.6949 0.6650 -0.2737
vn 0.7078 0.6679 -0.2301
vn 0.7397 0.6406 -0.2064
vn 0.3499 0.8435 -0.4076
vn 0.3890 0.8604 -0.3293
vn 0.3737 0.8739 -0.3110
vn 0.3902 0.8859 -0.2510
vn 0.7769 0.5397 -0.3242
vn 0.7697 0.5468 -0.3296
vn 0.6636 0.6755 -0.3215
vn 0.6551 0.6808 -0.3275
vn 0.5149 0.7893 -0.3344
vn 0.4996 0.8066 -0.3159
vn 0.3706 0.8919 -0.2591
vn 0.3679 0.0034 0.9299
vn 0.9708 0.0090 0.2396
vn 0.3871 0.0045 0.9220
vn 0.6283 0.0071 0.7780
vn 0.7907 0.0001 0.6122
vn 0.8710 0.0103 0.4912
vn 0.8426 -0.0268 0.5379
vn 0.8654 -0.0342 0.4998
vn 0.6894 -0.0164 0.7242
vn 0.3741 -0.0128 0.9273
vn 0.9609 0.0031 0.2769
vn 0.9609 -0.0035 0.2769
vn 0.9696 -0.0090 0.2446
vn 0.9681 -0.0300 0.2486
vn 0.9689 -0.0305 0.2457
vn 0.0495 0.0014 0.9988
vn 0.0588 0.0006 0.9983
vn 0.0511 -0.0000 0.9987
vn 0.0524 -0.0015 0.9986
vn 0.9700 0.0306 0.2411
vn 0.9685 0.0316 0.2472
vn 0.8701 0.0269 0.4921
vn 0.8659 0.0276 0.4995
vn 0.7491 0.0238 0.6621
vn 0.0565 -0.0019 0.9984
vn 0.3672 -0.0122 0.9301
vn 0.7918 -0.0003 0.6108
vn 0.8642 -0.0094 0.5030
vn -0.0416 -0.0984 0.9943
vn 0.0021 0.0050 1.0000
vn 0.0021 0.0049 1.0000
vn 0.0003 -0.0056 1.0000
vn 0.0081 -0.0000 1.0000
vn 0.0055 -0.0047 1.0000
vn 0.0032 -0.0199 0.9998
vn 0.0003 -0.0055 1.0000
vn 0.0221 0.1335 0.9908
vn 0.0004 -0.0149 0.9999
vn -0.0001 0.0009 1.0000
vn -0.0000 0.0001 1.0000
vn 0.3096 -0.9199 0.2405
vn 0.1883 -0.9514 0.2438
vn 0.2319 -0.9189 0.3192
vn 0.1432 -0.7422 0.6548
vn 0.2136 -0.7869 0.5789
vn 0.1162 -0.6069 0.7863
vn 0.1262 -0.5096 0.8511
vn 0.0524 -0.2812 0.9582
vn 0.0076 -0.0291 0.9995
vn 0.0052 -0.0278 0.9996
vn 0.0051 -0.0282 0.9996
vn 0.2886 -0.9074 0.3054
vn 0.2847 -0.8470 0.4489
vn 0.2334 -0.7401 0.6307
vn 0.2273 -0.6633 0.7130
vn 0.1684 -0.4952 0.8523
vn 0.1665 -0.4855 0.8582
vn 0.0714 -0.2093 0.9753
vn 0.0727 -0.2193 0.9729
vn -0.2030 -0.9531 0.2244
vn -0.2231 -0.9572 0.1842
vn -0.1973 -0.9794 0.0424
vn -0.1887 -0.9789 0.0786
vn -0.1245 -0.9906 -0.0573
vn -0.0782 -0.9930 -0.0879
vn -0.0828 -0.9898 -0.1158
vn -0.0748 -0.9892 -0.1258
vn -0.0239 -0.9920 -0.1237
vn -0.1524 -0.9818 -0.1133
vn -0.1618 -0.9790 -0.1240
vn -0.1645 -0.9854 -0.0435
vn -0.1733 -0.9834 -0.0537
vn -0.1789 -0.9838 0.0137
vn -0.2623 -0.9577 -0.1185
vn -0.2693 -0.9548 -0.1260
vn -0.2729 -0.9611 -0.0415
vn -0.2843 -0.9572 -0.0536
vn -0.2860 -0.9569 0.0502
vn -0.2985 -0.9537 0.0359
vn -0.2946 -0.9356 0.1945
vn -0.3054 -0.9350 0.1805
vn -0.3827 -0.8977 -0.2182
vn -0.3720 -0.8736 -0.3137
vn -0.3608 -0.8368 -0.4118
vn -0.3490 -0.7899 -0.5042
vn -0.3844 -0.8967 -0.2195
vn -0.4959 -0.8364 -0.2334
vn -0.4993 -0.8337 -0.2360
vn -0.6029 -0.7585 -0.2475
vn -0.6075 -0.7536 -0.2511
vn -0.6956 -0.6701 -0.2591
vn -0.7007 -0.6630 -0.2634
vn -0.7791 -0.5664 -0.2686
vn -0.7837 -0.5564 -0.2761
vn -0.8673 -0.4126 -0.2785
vn -0.8688 -0.4010 -0.2904
vn -0.3771 -0.8699 -0.3179
vn -0.4824 -0.8104 -0.3325
vn -0.4874 -0.8058 -0.3365
vn -0.5862 -0.7318 -0.3475
vn -0.5909 -0.7262 -0.3513
vn -0.6759 -0.6442 -0.3580
vn -0.6802 -0.6375 -0.3617
vn -0.7566 -0.5429 -0.3644
vn -0.7600 -0.5339 -0.3705
vn -0.8422 -0.3942 -0.3678
vn -0.8426 -0.3837 -0.3778
vn -0.3677 -0.8311 -0.4173
vn -0.4649 -0.7731 -0.4316
vn -0.4702 -0.7675 -0.4358
vn -0.5626 -0.6961 -0.4459
vn -0.5776 -0.6761 -0.4575
vn -0.6514 -0.6152 -0.4441
vn -0.7185 -0.5127 -0.4701
vn -0.7156 -0.5253 -0.4604
vn -0.8086 -0.3752 -0.4532
vn -0.8084 -0.3683 -0.4592
vn -0.3555 -0.7837 -0.5093
vn -0.4446 -0.7275 -0.5225
vn -0.4503 -0.7211 -0.5265
vn -0.5470 -0.6431 -0.5359
vn -0.5523 -0.6334 -0.5420
vn -0.6766 -0.5022 -0.5386
vn -0.6784 -0.4937 -0.5441
vn -0.7681 -0.3576 -0.5312
vn -0.7678 -0.3538 -0.5341
vn -0.7582 -0.1003 -0.6442
vn -0.6947 -0.1701 -0.6989
vn -0.6569 -0.2558 -0.7092
vn -0.6416 -0.2500 -0.7251
vn -0.6527 -0.2580 -0.7124
vn -0.7044 -0.2675 -0.6574
vn -0.7187 -0.2551 -0.6468
vn -0.7632 -0.2602 -0.5915
vn -0.7578 -0.2651 -0.5963
vn -0.7933 -0.1732 -0.5836
vn -0.7847 -0.1817 -0.5926
vn -0.8064 -0.1066 -0.5817
vn -0.6210 -0.1079 -0.7764
vn -0.6164 -0.1167 -0.7787
vn -0.7089 -0.0930 -0.6992
vn -0.6962 -0.1064 -0.7099
vn -0.6826 -0.1541 -0.7144
vn -0.6382 -0.1577 -0.7536
vn -0.8219 -0.0479 -0.5676
vn -0.7976 -0.0947 -0.5957
vn -0.7584 -0.1004 -0.6440
vn -0.7358 -0.1748 -0.6542
vn -0.7441 -0.1676 -0.6467
vn -0.6158 -0.1913 -0.7643
vn 0.0852 0.4764 -0.8751
vn 0.0941 0.4362 -0.8949
vn 0.0804 0.3695 -0.9257
vn 0.0837 0.3480 -0.9338
vn 0.0741 0.2713 -0.9596
vn 0.0743 0.2702 -0.9599
vn 0.0708 0.2288 -0.9709
vn 0.0733 0.2203 -0.9727
vn 0.0204 0.1778 -0.9838
vn 0.0066 0.4810 -0.8767
vn 0.0086 0.4760 -0.8794
vn -0.0089 0.3719 -0.9282
vn -0.0095 0.3732 -0.9277
vn -0.0227 0.2703 -0.9625
vn -0.0250 0.2751 -0.9611
vn -0.0332 0.1897 -0.9813
vn -0.0417 0.2061 -0.9776
vn 0.6523 0.5363 -0.5356
vn 0.6518 0.5388 -0.5337
vn 0.5596 0.5126 -0.6513
vn 0.5600 0.5096 -0.6532
vn 0.4594 0.4680 -0.7549
vn 0.4605 0.4615 -0.7583
vn 0.3766 0.4085 -0.8314
vn 0.5304 0.6585 -0.5340
vn 0.5259 0.6693 -0.5249
vn 0.4360 0.6258 -0.6468
vn 0.4333 0.6327 -0.6418
vn 0.3375 0.5637 -0.7539
vn 0.3356 0.5701 -0.7499
vn 0.2590 0.4852 -0.8352
vn 0.2766 0.4451 -0.8517
vn 0.4021 0.7473 -0.5289
vn 0.3957 0.7579 -0.5188
vn 0.3197 0.7006 -0.6379
vn 0.3169 0.7052 -0.6342
vn 0.2498 0.6340 -0.7319
vn 0.2930 0.8024 -0.5200
vn 0.2895 0.8068 -0.5150
vn 0.2303 0.7413 -0.6304
vn 0.2287 0.7445 -0.6272
vn 0.1784 0.6686 -0.7219
vn 0.1922 0.6389 -0.7449
vn 0.1692 0.5906 -0.7891
vn 0.1689 0.5270 -0.8329
vn 0.1558 0.5115 -0.8451
vn 0.8645 0.2698 -0.4242
vn 0.9029 0.2804 -0.3257
vn 0.8886 0.1820 -0.4211
vn 0.8960 0.1703 -0.4102
vn 0.9272 0.1698 -0.3339
vn 0.8509 0.4108 -0.3274
vn 0.8506 0.4121 -0.3264
vn 0.8102 0.4108 -0.4180
vn 0.9288 0.1788 -0.3246
vn 0.9031 0.2780 -0.3274
vn 0.8647 0.2776 -0.4186
vn 0.8107 0.4081 -0.4198
vn 0.9759 0.1141 -0.1859
vn 0.9696 0.1540 -0.1903
vn 0.9678 0.1591 -0.1952
vn 0.9416 0.2774 -0.1910
vn 0.9431 0.2649 -0.2008
vn 0.8938 0.4055 -0.1916
vn 0.8981 0.3902 -0.2032
vn 0.9528 0.1665 -0.2540
vn 0.9532 0.1689 -0.2508
vn 0.9258 0.2797 -0.2542
vn 0.9260 0.2785 -0.2550
vn 0.8751 0.4105 -0.2564
vn 0.8762 0.4062 -0.2593
vn 0.9656 -0.0661 0.2516
vn 0.9659 -0.0664 0.2504
vn 0.8350 -0.0567 0.5474
vn 0.8344 -0.0564 0.5483
vn 0.4147 -0.0278 0.9095
vn 0.0473 -0.0033 0.9989
vn 0.9570 -0.1275 0.2607
vn 0.9571 -0.1277 0.2600
vn 0.8186 -0.1080 0.5640
vn 0.8181 -0.1076 0.5650
vn 0.3685 -0.0480 0.9284
vn 0.3586 -0.0439 0.9325
vn 0.0489 -0.0059 0.9988
vn 0.0542 -0.0073 0.9985
vn 0.9367 -0.2210 0.2716
vn 0.9364 -0.2201 0.2734
vn 0.7884 -0.1836 0.5872
vn 0.7870 -0.1822 0.5894
vn 0.3227 -0.0741 0.9436
vn 0.3437 -0.0857 0.9352
vn 0.0463 -0.0116 0.9989
vn 0.0446 -0.0106 0.9989
vn 0.9006 -0.3331 0.2792
vn 0.8999 -0.3293 0.2859
vn 0.7470 -0.2711 0.6071
vn 0.7430 -0.2651 0.6146
vn 0.3394 -0.1250 0.9323
vn 0.0368 -0.0135 0.9992
vn 0.1581 -0.1636 0.9738
vn 0.1707 -0.1704 0.9705
vn 0.1235 -0.1996 0.9721
vn 0.1206 -0.1974 0.9729
vn 0.4166 -0.8765 0.2413
vn 0.4546 -0.8756 0.1633
vn 0.5039 -0.8181 0.2770
vn 0.6128 -0.7579 0.2237
vn 0.6246 -0.7579 0.1880
vn 0.7584 -0.5970 0.2615
vn 0.3343 -0.6990 0.6322
vn 0.3617 -0.5919 0.7203
vn 0.4031 -0.6249 0.6686
vn 0.5278 -0.5350 0.6597
vn 0.5380 -0.5409 0.6465
vn 0.7323 -0.5166 0.4438
vn 0.8052 -0.5134 0.2967
vn 0.8548 -0.4471 0.2637
vn 0.3842 -0.8059 0.4504
vn 0.3848 -0.8062 0.4495
vn 0.4839 -0.7521 0.4474
vn 0.4563 -0.7375 0.4979
vn 0.5903 -0.7180 0.3688
vn 0.6046 -0.6134 0.5082
vn 0.7117 -0.6007 0.3642
vn 0.7596 -0.6303 0.1607
vn 0.2903 -0.1326 0.9477
vn 0.2285 -0.1161 0.9666
vn 0.0388 -0.0182 0.9991
vn 0.0327 -0.0164 0.9993
vn 0.7204 -0.3613 0.5920
vn 0.6566 -0.4432 0.6102
vn 0.5054 -0.3435 0.7916
vn 0.4191 -0.3192 0.8500
vn 0.2250 -0.1704 0.9593
vn 0.0218 -0.0150 0.9997
vn 0.0083 -0.0199 0.9998
vn 0.7010 -0.3337 0.6303
vn 0.5122 -0.2677 0.8161
vn 0.8540 -0.4311 0.2913
vn 0.6523 -0.4326 0.6224
vn 0.4138 -0.4149 0.8103
vn 0.3721 -0.3896 0.8424
vn 0.2813 -0.4549 0.8449
vn 0.2663 -0.4378 0.8587
vn 0.3215 -0.9465 0.0274
vn 0.1218 -0.9736 -0.1929
vn 0.1592 -0.9716 -0.1751
vn 0.2492 -0.9659 -0.0701
vn 0.3178 -0.9419 -0.1084
vn 0.3124 -0.9445 -0.1015
vn 0.2061 -0.9735 -0.0995
vn 0.2186 -0.9592 -0.1793
vn 0.1990 -0.9622 -0.1860
vn 0.2124 -0.9737 0.0830
vn 0.2461 -0.9689 0.0271
vn 0.3168 -0.9479 0.0345
vn 0.2406 -0.9583 -0.1540
vn 0.2163 -0.9619 -0.1670
vn 0.3145 -0.9347 -0.1654
vn 0.3137 -0.9349 -0.1659
vn -0.0149 -0.9493 -0.3140
vn -0.0275 -0.9147 -0.4032
vn -0.2569 -0.9453 -0.2011
vn 0.0440 -0.9817 -0.1851
vn 0.0530 -0.9838 -0.1712
vn -0.0969 -0.9563 -0.2758
vn -0.1230 -0.9604 -0.2501
vn -0.1876 -0.9385 -0.2898
vn -0.2735 -0.9190 -0.2840
vn 0.0431 -0.9722 -0.2303
vn 0.0430 -0.9722 -0.2301
vn -0.0146 -0.9715 -0.2368
vn -0.0150 -0.9716 -0.2363
vn -0.2566 -0.8369 -0.4835
vn -0.0994 -0.8969 -0.4309
vn -0.1003 -0.8972 -0.4302
vn -0.1823 -0.8662 -0.4653
vn -0.1818 -0.8662 -0.4654
vn -0.2629 -0.8359 -0.4817
vn 0.0092 -0.9860 -0.1665
vn -0.0166 -0.9832 -0.1816
vn -0.0110 -0.9823 -0.1871
vn -0.0736 -0.9832 -0.1668
vn -0.1232 -0.9715 -0.2023
vn -0.1494 -0.9723 -0.1796
vn -0.2686 -0.9438 -0.1926
vn -0.2559 -0.9206 -0.2951
vn 0.0175 -0.9175 -0.3974
vn 0.0302 -0.9249 -0.3791
vn 0.0343 -0.9509 -0.3077
vn 0.0350 -0.9512 -0.3067
vn -0.2603 -0.8815 -0.3940
vn -0.2700 -0.8802 -0.3904
vn -0.1807 -0.9099 -0.3735
vn -0.1907 -0.9095 -0.3694
vn -0.0940 -0.9319 -0.3504
vn -0.1035 -0.9349 -0.3396
vn -0.0224 -0.9451 -0.3259
vn -0.0237 -0.9131 -0.4070
vn -0.3327 -0.6912 -0.6415
vn -0.6002 -0.3496 -0.7194
vn -0.3974 -0.5283 -0.7503
vn -0.4081 -0.5251 -0.7469
vn -0.3093 -0.5888 -0.7468
vn -0.3823 -0.5678 -0.7290
vn -0.3582 -0.4531 -0.8163
vn -0.2990 -0.5239 -0.7976
vn -0.5718 -0.3612 -0.7366
vn -0.5346 -0.3334 -0.7766
vn -0.7228 -0.3406 -0.6013
vn -0.3451 -0.7262 -0.5945
vn -0.3349 -0.7274 -0.5989
vn -0.4276 -0.6814 -0.5940
vn -0.5030 -0.6027 -0.6195
vn -0.5206 -0.5955 -0.6118
vn -0.6307 -0.4712 -0.6166
vn -0.6401 -0.4667 -0.6103
vn -0.7229 -0.3414 -0.6007
vn -0.3648 -0.4348 -0.8233
vn -0.4333 -0.3745 -0.8198
vn -0.4701 -0.3840 -0.7947
vn -0.4834 -0.4525 -0.7494
vn -0.5025 -0.4470 -0.7401
vn -0.5740 -0.2527 -0.7789
vn -0.5345 -0.2917 -0.7932
vn -0.3652 -0.6449 -0.6713
vn -0.4225 -0.5929 -0.6856
vn -0.4796 -0.5676 -0.6692
vn -0.5309 -0.4894 -0.6919
vn -0.6009 -0.4433 -0.6652
vn -0.6290 -0.3740 -0.6815
vn -0.6901 -0.3296 -0.6443
vn 0.2510 0.3929 -0.8847
vn 0.1227 0.1712 -0.9776
vn 0.1380 0.2611 -0.9554
vn 0.1570 0.2139 -0.9642
vn 0.3522 0.1877 -0.9169
vn 0.3539 0.1885 -0.9161
vn 0.1498 0.3964 -0.9058
vn 0.1363 0.4503 -0.8824
vn 0.3443 0.2859 -0.8943
vn 0.2666 0.2139 -0.9398
vn 0.2126 0.1859 -0.9593
vn 0.1808 0.3857 -0.9047
vn 0.1372 0.3337 -0.9327
vn 0.2271 0.3063 -0.9244
vn 0.2592 0.3510 -0.8998
vn 0.7063 0.1822 -0.6841
vn 0.5852 0.2675 -0.7656
vn 0.5402 0.3602 -0.7606
vn 0.4687 0.1769 -0.8655
vn 0.4728 0.1743 -0.8638
vn 0.7313 0.1584 -0.6634
vn 0.5445 0.3175 -0.7764
vn 0.4428 0.3031 -0.8438
vn 0.4299 0.3121 -0.8472
vn 0.6048 0.1677 -0.7785
vn 0.5948 0.1759 -0.7844
vn 0.7346 0.4138 -0.5377
vn 0.7455 0.4021 -0.5316
vn 0.7802 0.2959 -0.5511
vn 0.8019 0.2668 -0.5346
vn 0.8315 0.1607 -0.5318
vn 0.8144 0.1832 -0.5506
vn 0.6874 0.2887 -0.6665
vn 0.6965 0.2791 -0.6610
vn 0.6348 0.3966 -0.6631
vn 0.6499 0.3834 -0.6562
vn 0.8655 -0.4905 -0.1016
vn 0.4155 -0.9029 -0.1105
vn 0.8711 -0.4901 -0.0296
vn 0.8794 -0.4739 -0.0467
vn 0.8036 -0.5929 -0.0515
vn 0.8158 -0.5750 -0.0614
vn 0.7424 -0.6668 -0.0647
vn 0.7558 -0.6506 -0.0747
vn 0.6696 -0.7387 -0.0774
vn 0.6827 -0.7256 -0.0867
vn 0.5880 -0.8040 -0.0883
vn 0.5993 -0.7948 -0.0961
vn 0.5021 -0.8594 -0.0965
vn 0.5100 -0.8541 -0.1022
vn 0.4285 -0.8978 -0.1016
vn 0.5716 -0.7980 -0.1911
vn 0.6255 -0.7568 -0.1897
vn 0.7285 -0.6594 -0.1856
vn 0.7756 -0.6083 -0.1683
vn 0.8303 -0.5292 -0.1751
vn 0.8783 -0.4693 0.0909
vn 0.8821 -0.4638 0.0825
vn 0.8176 -0.5726 0.0612
vn 0.7565 -0.6456 0.1046
vn 0.7823 -0.6197 0.0640
vn 0.6868 -0.7259 0.0377
vn 0.6028 -0.7929 0.0897
vn 0.6339 -0.7721 0.0446
vn 0.5147 -0.8571 0.0223
vn 0.4191 -0.9037 0.0873
vn 0.4597 -0.8877 0.0278
vn 0.8476 -0.5073 -0.1558
vn 0.8534 -0.5077 -0.1183
vn 0.7829 -0.6100 -0.1226
vn 0.7957 -0.5912 -0.1313
vn 0.7038 -0.6975 -0.1346
vn 0.7336 -0.6635 -0.1471
vn 0.6563 -0.7394 -0.1503
vn 0.6614 -0.7342 -0.1535
vn 0.5530 -0.8189 -0.1537
vn 0.5798 -0.7977 -0.1657
vn 0.4783 -0.8628 -0.1635
vn 0.4948 -0.8521 -0.1708
vn 0.4051 -0.8987 -0.1683
vn 0.4101 -0.8959 -0.1708
vn 0.0797 -0.9495 -0.3036
vn 0.2694 -0.9335 -0.2367
vn 0.1262 -0.9756 -0.1798
vn 0.0783 -0.9775 -0.1961
vn 0.0852 -0.9701 -0.2272
vn 0.0847 -0.9700 -0.2278
vn 0.0873 -0.9799 -0.1795
vn 0.1377 -0.9641 -0.2269
vn 0.1379 -0.9642 -0.2266
vn 0.2892 -0.9215 -0.2593
vn 0.2775 -0.9090 -0.3109
vn 0.0723 -0.9240 -0.3754
vn 0.0790 -0.9190 -0.3862
vn 0.1177 -0.9151 -0.3857
vn 0.1201 -0.9133 -0.3891
vn 0.1783 -0.9027 -0.3916
vn 0.2849 -0.9355 -0.2092
vn 0.3161 -0.9273 -0.2004
vn 0.2791 -0.9089 -0.3099
vn 0.1922 -0.9334 -0.3030
vn 0.2035 -0.9505 -0.2349
vn 0.1932 -0.9552 -0.2243
vn 0.2456 -0.8773 -0.4123
vn 0.2389 -0.8848 -0.4001
vn 0.1747 -0.9022 -0.3945
vn 0.1947 -0.9336 -0.3008
vn 0.1311 -0.9454 -0.2984
vn 0.1295 -0.9464 -0.2960
vn 0.0847 -0.9512 -0.2967
vn -0.1075 -0.5475 -0.8299
vn 0.0142 -0.8761 -0.4820
vn -0.0656 -0.7222 -0.6886
vn -0.0780 -0.7118 -0.6981
vn -0.0856 -0.6340 -0.7685
vn -0.0111 -0.7307 -0.6826
vn -0.0141 -0.7287 -0.6847
vn -0.0271 -0.6453 -0.7634
vn -0.0300 -0.6417 -0.7664
vn -0.0398 -0.5731 -0.8185
vn -0.1602 -0.5345 -0.8299
vn -0.1759 -0.5717 -0.8014
vn -0.2699 -0.5393 -0.7977
vn -0.2401 -0.6390 -0.7307
vn -0.2515 -0.6422 -0.7241
vn 0.0189 -0.8734 -0.4866
vn -0.0293 -0.8697 -0.4928
vn -0.0447 -0.8595 -0.5093
vn -0.0989 -0.8533 -0.5120
vn -0.2488 -0.5316 -0.8097
vn -0.2386 -0.7221 -0.6494
vn -0.2034 -0.7502 -0.6292
vn -0.1439 -0.7633 -0.6298
vn -0.1418 -0.6838 -0.7158
vn -0.1570 -0.6915 -0.7051
vn -0.1590 -0.6057 -0.7796
vn -0.0934 -0.6225 -0.7770
vn -0.0992 -0.5602 -0.8224
vn -0.0438 -0.5679 -0.8220
vn 0.0023 -0.8145 -0.5801
vn 0.0039 -0.8135 -0.5815
vn -0.0578 -0.8068 -0.5880
vn -0.0490 -0.8021 -0.5952
vn -0.1204 -0.7864 -0.6059
vn -0.1216 -0.8357 -0.5356
vn -0.2090 -0.8179 -0.5361
vn -0.1739 -0.8107 -0.5590
vn -0.2500 -0.7914 -0.5578
vn 0.3379 -0.8415 -0.4216
vn 0.8009 -0.5407 -0.2572
vn 0.3937 -0.8936 -0.2155
vn 0.5199 -0.8077 -0.2781
vn 0.5878 -0.7691 -0.2511
vn 0.4756 -0.8528 -0.2160
vn 0.6853 -0.6814 -0.2570
vn 0.7093 -0.6681 -0.2247
vn 0.6948 -0.6650 -0.2739
vn 0.6163 -0.6723 -0.4101
vn 0.7234 -0.5488 -0.4189
vn 0.7302 -0.5432 -0.4144
vn 0.3845 -0.8989 -0.2101
vn 0.3763 -0.8924 -0.2489
vn 0.3927 -0.8822 -0.2600
vn 0.3728 -0.8703 -0.3219
vn 0.3801 -0.8644 -0.3292
vn 0.3646 -0.8387 -0.4046
vn 0.4779 -0.7729 -0.4174
vn 0.4698 -0.7846 -0.4046
vn 0.6000 -0.6815 -0.4190
vn 0.8044 -0.5321 -0.2642
vn 0.8212 -0.5329 -0.2040
vn 0.8245 -0.5254 -0.2100
vn 0.5443 -0.8120 -0.2108
vn 0.5930 -0.7720 -0.2290
vn 0.6477 -0.7324 -0.2101
vn 0.7003 -0.6815 -0.2126
vn 0.4763 -0.8523 -0.2163
vn 0.4677 -0.8486 -0.2475
vn 0.5045 -0.8020 -0.3197
vn 0.5152 -0.7894 -0.3337
vn 0.6545 -0.6807 -0.3289
vn 0.6647 -0.6744 -0.3216
vn 0.7697 -0.5468 -0.3296
vn 0.7769 -0.5397 -0.3242
vn 0.0562 -0.8728 -0.4849
vn 0.0627 -0.8754 -0.4794
vn 0.0463 -0.8107 -0.5837
vn 0.0546 -0.8148 -0.5772
vn 0.0345 -0.7267 -0.6861
vn 0.0436 -0.7317 -0.6803
vn 0.0222 -0.6268 -0.7788
vn 0.0371 -0.6469 -0.7617
vn 0.0231 -0.5815 -0.8132
vn 0.0173 -0.5750 -0.8180
vn 0.1005 -0.8646 -0.4923
vn 0.1103 -0.8678 -0.4845
vn 0.0863 -0.7998 -0.5940
vn 0.1022 -0.8058 -0.5833
vn 0.0744 -0.7140 -0.6962
vn 0.0931 -0.7220 -0.6856
vn 0.0739 -0.6483 -0.7578
vn 0.0682 -0.5461 -0.8349
vn 0.1497 -0.8518 -0.5020
vn 0.1602 -0.8540 -0.4949
vn 0.1271 -0.7844 -0.6071
vn 0.1459 -0.7893 -0.5964
vn 0.1068 -0.6890 -0.7169
vn 0.1376 -0.7031 -0.6976
vn 0.1060 -0.6023 -0.7912
vn 0.1112 -0.6079 -0.7862
vn 0.1023 -0.5739 -0.8125
vn 0.2112 -0.8335 -0.5106
vn 0.2162 -0.8339 -0.5078
vn 0.1725 -0.7661 -0.6191
vn 0.1878 -0.7684 -0.6118
vn 0.1466 -0.6873 -0.7114
vn 0.1229 -0.5114 -0.8505
vn 0.1636 -0.5392 -0.8261
vn 0.2950 -0.8043 -0.5159
vn 0.2875 -0.8047 -0.5194
vn 0.2318 -0.7432 -0.6277
vn 0.2361 -0.7433 -0.6260
vn 0.1778 -0.6568 -0.7328
vn 0.1835 -0.6574 -0.7308
vn 0.1558 -0.5985 -0.7859
vn 0.4072 -0.7505 -0.5206
vn 0.3904 -0.7543 -0.5279
vn 0.3218 -0.7023 -0.6350
vn 0.3148 -0.7032 -0.6375
vn 0.2418 -0.6251 -0.7422
vn 0.2505 -0.6250 -0.7394
vn 0.1757 -0.5036 -0.8459
vn 0.2051 -0.5109 -0.8348
vn 0.5356 -0.6605 -0.5263
vn 0.5203 -0.6669 -0.5333
vn 0.4394 -0.6276 -0.6427
vn 0.4298 -0.6304 -0.6464
vn 0.3408 -0.5662 -0.7505
vn 0.3432 -0.5658 -0.7497
vn 0.2705 -0.4816 -0.8336
vn 0.6535 -0.5366 -0.5339
vn 0.6505 -0.5385 -0.5356
vn 0.5580 -0.5121 -0.6530
vn 0.5617 -0.5102 -0.6513
vn 0.4561 -0.4665 -0.7578
vn 0.4641 -0.4637 -0.7547
vn 0.3628 -0.3995 -0.8419
vn 0.3387 -0.4038 -0.8499
vn 0.9773 0.0430 0.2072
vn 0.9381 0.1240 0.3235
vn 0.9474 0.0930 0.3063
vn 0.7549 0.0498 0.6539
vn 0.8046 0.0048 0.5938
vn 0.8741 0.0479 0.4834
vn 0.8443 0.1280 0.5204
vn 0.9174 0.0436 0.3956
vn 0.6420 0.0434 0.7655
vn 0.6542 0.0184 0.7561
vn 0.7466 0.0274 0.6647
vn 0.4691 0.1028 0.8771
vn 0.4914 0.0405 0.8700
vn 0.5860 -0.0019 0.8103
vn 0.2789 -0.0079 0.9603
vn 0.2259 0.2467 0.9424
vn 0.3649 0.0118 0.9310
vn -0.0709 0.1387 0.9878
vn 0.0766 -0.1112 0.9908
vn 0.0259 0.2565 0.9662
vn 0.1251 0.0167 0.9920
vn 0.0008 1.0000 0.0017
vn -0.0009 1.0000 0.0003
vn 0.0358 0.9992 0.0198
vn -0.0826 0.9965 -0.0149
vn -0.0096 0.9999 0.0055
vn 0.0013 1.0000 0.0014
vn -0.0079 -1.0000 0.0058
vn 0.0101 -0.9999 -0.0007
vn 0.0006 -1.0000 0.0002
vn 0.0097 -0.9999 0.0054
vn -0.0010 -1.0000 0.0015
vn -0.0009 -1.0000 0.0012
vn -0.0019 -1.0000 0.0016
vn 0.9401 0.0004 -0.3410
vn 0.9386 -0.0000 -0.3451
vn 0.9004 -0.0000 -0.4350
vn 0.8979 -0.0011 -0.4402
vn 0.8326 0.0003 -0.5539
vn 0.8322 0.0004 -0.5545
vn 0.7501 0.0003 -0.6614
vn 0.7491 -0.0000 -0.6624
vn 0.6776 -0.0000 -0.7355
vn 0.6761 -0.0003 -0.7368
vn 0.5707 -0.0006 -0.8211
vn 0.5693 -0.0001 -0.8222
vn 0.4517 0.0006 -0.8922
vn 0.4468 -0.0007 -0.8946
vn 0.3248 0.0005 -0.9458
vn 0.3220 -0.0000 -0.9468
vn 0.2232 -0.0000 -0.9748
vn 0.2225 -0.0001 -0.9749
vn 0.0889 0.0001 -0.9960
vn 0.0878 -0.0001 -0.9961
vn -0.0478 0.0002 -0.9989
vn -0.0488 -0.0000 -0.9988
vn -0.1516 -0.0000 -0.9884
vn -0.1532 -0.0003 -0.9882
vn -0.2858 0.0003 -0.9583
vn -0.2869 -0.0000 -0.9580
vn -0.4708 -0.0000 -0.8823
vn -0.4696 -0.0008 -0.8829
vn -0.4116 -0.0000 -0.9114
vn 0.0002 1.0000 0.0013
vn -0.0005 1.0000 -0.0007
vn 0.0015 1.0000 0.0005
vn -0.0001 -1.0000 0.0001
vn -0.0033 -1.0000 -0.0035
vn 0.0008 -1.0000 0.0001
vn -0.3630 -0.6385 -0.6787
vn -0.4164 -0.4616 -0.7833
vn -0.4171 -0.4537 -0.7875
vn -0.4438 -0.3332 -0.8319
vn -0.4444 -0.3089 -0.8409
vn -0.4657 -0.1567 -0.8710
vn -0.4616 -0.1057 -0.8808
vn -0.2762 -0.8102 -0.5171
vn -0.2917 -0.7733 -0.5629
vn -0.3388 -0.6924 -0.6371
vn -0.3695 -0.5882 -0.7193
vn -0.1906 -0.9168 -0.3509
vn -0.2114 -0.8889 -0.4064
vn -0.1405 -0.9519 -0.2722
vn -0.0956 -0.9807 -0.1704
vn -0.0408 -0.9952 -0.0887
vn -0.4096 -0.0978 -0.9070
vn -0.4154 -0.1041 -0.9037
vn -0.3748 -0.2900 -0.8806
vn -0.3913 -0.3103 -0.8664
vn -0.3674 -0.4508 -0.8135
vn -0.3410 -0.4711 -0.8135
vn -0.3270 -0.6217 -0.7117
vn 0.6718 -0.7071 -0.2206
vn 0.3008 -0.9515 -0.0642
vn 0.2591 -0.9453 -0.1982
vn 0.2049 -0.9785 -0.0215
vn 0.8208 -0.4747 -0.3177
vn 0.8093 -0.5047 -0.3007
vn -0.2899 -0.0978 -0.9520
vn -0.2866 -0.0919 -0.9536
vn -0.1654 -0.1191 -0.9790
vn -0.1512 -0.0979 -0.9836
vn -0.0498 -0.0979 -0.9940
vn -0.0389 -0.1140 -0.9927
vn 0.0886 -0.0931 -0.9917
vn 0.0877 -0.0947 -0.9916
vn 0.2143 -0.1096 -0.9706
vn 0.2221 -0.0979 -0.9701
vn 0.3371 -0.0978 -0.9364
vn 0.3174 -0.1296 -0.9394
vn 0.4459 -0.0867 -0.8909
vn 0.4539 -0.1020 -0.8852
vn 0.5637 -0.0970 -0.8203
vn 0.5672 -0.0904 -0.8186
vn 0.6624 -0.1185 -0.7397
vn 0.6744 -0.0979 -0.7318
vn 0.7451 -0.0979 -0.6597
vn 0.7518 -0.1159 -0.6492
vn 0.8306 -0.0932 -0.5490
vn 0.8288 -0.0978 -0.5509
vn 0.8936 -0.0978 -0.4381
vn 0.9143 -0.0980 -0.3929
vn 0.9293 -0.1645 -0.3307
vn 0.8840 -0.2903 -0.3665
vn 0.8594 -0.2897 -0.4213
vn 0.7984 -0.2897 -0.5278
vn 0.7244 -0.2897 -0.6255
vn 0.6385 -0.2897 -0.7130
vn 0.5420 -0.2897 -0.7888
vn 0.4367 -0.2897 -0.8517
vn 0.3242 -0.2897 -0.9005
vn 0.2064 -0.2897 -0.9346
vn 0.0852 -0.2897 -0.9533
vn -0.0374 -0.2897 -0.9564
vn -0.1594 -0.2897 -0.9437
vn -0.2788 -0.2897 -0.9156
vn 0.8848 -0.2996 -0.3570
vn 0.8212 -0.4713 -0.3217
vn 0.7922 -0.4706 -0.3884
vn 0.7361 -0.4706 -0.4865
vn 0.6678 -0.4706 -0.5767
vn 0.5886 -0.4706 -0.6573
vn 0.4997 -0.4706 -0.7272
vn 0.4026 -0.4706 -0.7851
vn 0.2989 -0.4706 -0.8302
vn 0.1903 -0.4706 -0.8616
vn 0.0785 -0.4706 -0.8788
vn -0.0345 -0.4706 -0.8816
vn -0.1470 -0.4706 -0.8700
vn -0.2570 -0.4706 -0.8441
vn 0.6995 -0.6621 -0.2689
vn 0.7280 -0.6340 -0.2608
vn 0.6947 -0.6336 -0.3406
vn 0.6454 -0.6336 -0.4266
vn 0.5855 -0.6336 -0.5056
vn 0.5161 -0.6336 -0.5764
vn 0.4381 -0.6336 -0.6376
vn 0.3530 -0.6336 -0.6884
vn 0.2621 -0.6336 -0.7279
vn 0.1668 -0.6336 -0.7554
vn 0.0688 -0.6336 -0.7706
vn -0.0303 -0.6336 -0.7731
vn -0.1289 -0.6336 -0.7628
vn -0.2254 -0.6336 -0.7401
vn -0.2288 -0.6394 -0.7341
vn 0.6027 -0.7744 -0.1926
vn 0.6013 -0.7724 -0.2044
vn 0.6014 -0.7724 -0.2044
vn 0.5703 -0.7724 -0.2796
vn 0.5299 -0.7724 -0.3502
vn 0.4807 -0.7724 -0.4151
vn 0.4237 -0.7724 -0.4732
vn 0.3597 -0.7724 -0.5235
vn 0.2898 -0.7724 -0.5652
vn 0.2152 -0.7724 -0.5976
vn 0.1370 -0.7724 -0.6202
vn 0.0565 -0.7724 -0.6327
vn -0.0248 -0.7724 -0.6347
vn -0.1058 -0.7724 -0.6263
vn -0.1897 -0.7722 -0.6064
vn -0.1939 -0.7795 -0.5956
vn 0.4714 -0.8740 -0.1178
vn 0.4517 -0.8831 -0.1264
vn 0.4604 -0.8738 -0.1565
vn 0.4119 -0.8886 -0.2019
vn 0.4068 -0.8908 -0.2025
vn 0.4075 -0.8726 -0.2693
vn 0.3467 -0.8889 -0.2994
vn 0.3422 -0.8909 -0.2987
vn 0.3258 -0.8726 -0.3639
vn 0.2594 -0.8889 -0.3775
vn 0.2751 -0.8812 -0.3843
vn 0.2154 -0.8815 -0.4201
vn 0.1992 -0.8884 -0.4136
vn 0.1655 -0.8726 -0.4596
vn 0.0988 -0.8889 -0.4473
vn 0.0956 -0.8909 -0.4441
vn 0.0435 -0.8726 -0.4865
vn -0.0179 -0.8889 -0.4577
vn -0.0202 -0.8909 -0.4538
vn -0.0814 -0.8726 -0.4816
vn -0.1323 -0.8886 -0.4392
vn -0.1305 -0.8830 -0.4508
vn 0.2956 -0.9536 -0.0570
vn 0.2568 -0.9579 -0.1285
vn 0.2596 -0.9571 -0.1287
vn 0.2201 -0.9564 -0.1921
vn 0.2175 -0.9571 -0.1913
vn 0.1691 -0.9567 -0.2371
vn 0.1561 -0.9602 -0.2317
vn 0.1330 -0.9522 -0.2751
vn 0.0892 -0.9628 -0.2550
vn 0.0658 -0.9499 -0.3054
vn 0.0216 -0.9628 -0.2693
vn -0.0139 -0.9499 -0.3121
vn -0.0415 -0.9608 -0.2742
vn -0.0823 -0.9548 -0.2855
vn -0.0836 -0.9557 -0.2823
vn 0.0878 -0.9955 -0.0358
vn 0.1046 -0.9943 -0.0229
vn 0.0736 -0.9969 -0.0277
vn 0.0890 -0.9951 -0.0435
vn 0.0880 -0.9931 -0.0774
vn 0.0457 -0.9967 -0.0678
vn 0.0437 -0.9968 -0.0663
vn 0.0382 -0.9933 -0.1093
vn 0.0082 -0.9947 -0.1024
vn -0.0017 -0.9967 -0.0814
vn -0.0153 -0.9949 -0.0996
vn -0.0351 -0.9943 -0.1009
vn -0.0432 0.9950 -0.0899
vn -0.2061 0.8957 -0.3940
vn -0.1484 0.9507 -0.2723
vn -0.1600 0.9361 -0.3133
vn -0.1080 0.9742 -0.1981
vn -0.0507 0.9937 -0.1003
vn -0.3952 0.5511 -0.7349
vn -0.3573 0.6337 -0.6861
vn -0.3486 0.6661 -0.6594
vn -0.2959 0.7701 -0.5652
vn -0.2730 0.8282 -0.4894
vn -0.2901 0.7684 -0.5704
vn -0.2480 0.8524 -0.4604
vn -0.4665 0.1046 -0.8783
vn -0.4598 0.0612 -0.8859
vn -0.4637 0.1988 -0.8634
vn -0.4431 0.3056 -0.8428
vn -0.4301 0.4457 -0.7851
vn -0.4271 0.3823 -0.8194
vn -0.1618 0.8830 -0.4405
vn -0.3338 0.6211 -0.7091
vn -0.3399 0.4712 -0.8139
vn -0.3682 0.4467 -0.8154
vn -0.3914 0.3090 -0.8668
vn -0.3749 0.2900 -0.8805
vn -0.4129 0.0978 -0.9055
vn -0.4095 0.1006 -0.9067
vn 0.9146 0.0980 -0.3923
vn 0.9282 0.1609 -0.3356
vn 0.8848 0.3041 -0.3529
vn 0.8073 0.5093 -0.2980
vn 0.6001 0.7775 -0.1881
vn 0.4774 0.8708 -0.1176
vn 0.4519 0.8829 -0.1279
vn 0.3459 0.9356 -0.0711
vn 0.2783 0.9577 -0.0733
vn 0.2210 0.9742 -0.0450
vn 0.0910 0.9955 -0.0252
vn 0.0863 0.9960 -0.0226
vn 0.2061 0.9628 -0.1747
vn 0.0674 0.9961 -0.0571
vn 0.0663 0.9963 -0.0552
vn -0.1385 0.8839 -0.4466
vn 0.5299 0.7724 -0.3502
vn 0.3821 0.8889 -0.2526
vn 0.3892 0.8812 -0.2682
vn 0.2502 0.9529 -0.1717
vn 0.6947 0.6336 -0.3406
vn 0.5703 0.7724 -0.2796
vn 0.4239 0.8815 -0.2078
vn 0.4174 0.8881 -0.1924
vn 0.2548 0.9595 -0.1199
vn 0.2591 0.9577 -0.1251
vn 0.1003 0.9938 -0.0487
vn 0.7081 0.6520 -0.2711
vn 0.7254 0.6341 -0.2676
vn 0.6549 0.7241 -0.2162
vn 0.6010 0.7724 -0.2055
vn 0.5996 0.7740 -0.2038
vn 0.4588 0.8747 -0.1559
vn 0.0647 0.9939 -0.0893
vn 0.1661 0.9593 -0.2282
vn 0.2091 0.9522 -0.2228
vn 0.3147 0.8884 -0.3343
vn 0.3697 0.8726 -0.3192
vn 0.4807 0.7724 -0.4151
vn 0.6454 0.6336 -0.4266
vn 0.7922 0.4706 -0.3884
vn 0.8220 0.4713 -0.3197
vn 0.8137 0.4825 -0.3242
vn -0.1470 0.4706 -0.8700
vn 0.0291 0.9966 -0.0764
vn 0.0436 0.9952 -0.0881
vn 0.1223 0.9608 -0.2489
vn 0.1637 0.9550 -0.2474
vn 0.2601 0.8812 -0.3947
vn 0.3150 0.8815 -0.3518
vn 0.4237 0.7724 -0.4732
vn 0.5855 0.6336 -0.5056
vn 0.7361 0.4706 -0.4865
vn 0.8594 0.2897 -0.4213
vn 0.8835 0.2903 -0.3675
vn -0.1594 0.2897 -0.9437
vn -0.0374 0.2897 -0.9564
vn 0.0886 0.0942 -0.9916
vn 0.0852 0.2897 -0.9533
vn -0.0345 0.4706 -0.8816
vn -0.1289 0.6336 -0.7628
vn 0.3242 0.2897 -0.9005
vn 0.2064 0.2897 -0.9346
vn 0.1903 0.4706 -0.8616
vn 0.0785 0.4706 -0.8788
vn 0.0688 0.6336 -0.7706
vn -0.0303 0.6336 -0.7731
vn -0.0248 0.7724 -0.6347
vn -0.1058 0.7724 -0.6263
vn -0.0814 0.8726 -0.4816
vn -0.1274 0.8900 -0.4378
vn -0.0888 0.9516 -0.2943
vn -0.0133 0.9956 -0.0929
vn -0.0385 0.9613 -0.2727
vn -0.0172 0.9529 -0.3029
vn -0.0276 0.8812 -0.4719
vn 0.0420 0.8815 -0.4703
vn 0.0565 0.7724 -0.6327
vn 0.1370 0.7724 -0.6202
vn 0.1668 0.6336 -0.7554
vn 0.2621 0.6336 -0.7279
vn 0.2989 0.4706 -0.8302
vn 0.4026 0.4706 -0.7851
vn 0.4367 0.2897 -0.8517
vn 0.5420 0.2897 -0.7888
vn 0.5639 0.0920 -0.8207
vn 0.0081 0.9941 -0.1085
vn 0.0221 0.9514 -0.3070
vn 0.1552 0.8889 -0.4310
vn 0.2152 0.7724 -0.5976
vn 0.2898 0.7724 -0.5652
vn 0.3530 0.6336 -0.6884
vn 0.4381 0.6336 -0.6376
vn 0.4997 0.4706 -0.7272
vn 0.5886 0.4706 -0.6573
vn 0.6385 0.2897 -0.7130
vn 0.7244 0.2897 -0.6255
vn 0.0245 0.9948 -0.0992
vn 0.0667 0.9613 -0.2672
vn 0.1074 0.9499 -0.2934
vn 0.1561 0.8909 -0.4266
vn 0.2229 0.8726 -0.4346
vn 0.3597 0.7724 -0.5235
vn 0.5161 0.6336 -0.5764
vn 0.6678 0.4706 -0.5767
vn 0.7984 0.2897 -0.5278
vn 0.8304 0.0959 -0.5489
vn -0.1894 0.7722 -0.6064
vn -0.2293 0.6335 -0.7390
vn -0.2241 0.6388 -0.7360
vn -0.2570 0.4706 -0.8441
vn -0.2788 0.2897 -0.9156
vn -0.2901 0.0898 -0.9528
vn -0.2860 0.0978 -0.9532
vn 0.0885 0.0939 -0.9916
vn -0.0389 0.1123 -0.9929
vn -0.0485 0.0979 -0.9940
vn -0.1658 0.0978 -0.9813
vn -0.1476 0.1268 -0.9809
vn -0.1894 0.7722 -0.6065
vn 0.2143 0.1109 -0.9704
vn 0.4507 0.0910 -0.8880
vn 0.3363 0.1206 -0.9340
vn 0.3220 0.0979 -0.9417
vn 0.2230 0.0979 -0.9699
vn 0.5662 0.0978 -0.8185
vn 0.4541 0.0978 -0.8856
vn -0.0179 0.8889 -0.4577
vn -0.0847 0.9535 -0.2893
vn -0.0359 0.9943 -0.1000
vn -0.0103 0.9961 -0.0881
vn 0.0315 0.9597 -0.2791
vn 0.0523 0.8884 -0.4561
vn 0.1053 0.8726 -0.4769
vn 0.6623 0.1188 -0.7397
vn 0.8293 0.0916 -0.5512
vn 0.7518 0.1156 -0.6492
vn 0.7453 0.0979 -0.6595
vn 0.6747 0.0979 -0.7316
vn 0.8961 0.0979 -0.4328
vn 0.8928 0.1069 -0.4377
vn 0.2594 0.8889 -0.3775
vn 0.1234 -0.0408 -0.9915
vn 0.1131 -0.4084 -0.9058
vn 0.1250 -0.0493 -0.9909
vn 0.2209 -0.0476 -0.9741
vn 0.2247 -0.0627 -0.9724
vn 0.3535 -0.0649 -0.9332
vn 0.3631 -0.1043 -0.9259
vn 0.1895 -0.5069 -0.8409
vn 0.1870 -0.4782 -0.8581
vn 0.3176 -0.4768 -0.8196
vn 0.3185 -0.4896 -0.8117
vn 0.1282 -0.7929 -0.5958
vn 0.1285 -0.8003 -0.5857
vn 0.2175 -0.7991 -0.5604
vn 0.2141 -0.8366 -0.5042
vn 0.0548 -0.9661 -0.2523
vn 0.0683 -0.9842 -0.1633
vn 0.0760 -0.9779 -0.1946
vn -0.0140 -0.9430 -0.3326
vn -0.0256 -0.7994 -0.6002
vn -0.0171 -0.8358 -0.5488
vn -0.0278 -0.5064 -0.8619
vn -0.0368 -0.4708 -0.8815
vn -0.0430 -0.0507 -0.9978
vn -0.0415 -0.0583 -0.9974
vn 0.0193 -0.4045 -0.9143
vn 0.0202 -0.0449 -0.9988
vn 0.0214 -0.0507 -0.9985
vn 0.0131 -0.9839 -0.1782
vn 0.0130 -0.9869 -0.1611
vn 0.0484 -0.7991 -0.5992
vn 0.0482 -0.7910 -0.6099
vn 0.0667 -0.5347 -0.8424
vn 0.0648 -0.5161 -0.8541
vn 0.0749 -0.0408 -0.9964
vn 0.0756 -0.0449 -0.9961
vn 0.4857 -0.0699 -0.8713
vn 0.4963 -0.1071 -0.8615
vn 0.6098 -0.0442 -0.7913
vn 0.6211 -0.1033 -0.7769
vn 0.7378 -0.0564 -0.6727
vn 0.7415 -0.0942 -0.6643
vn 0.8399 -0.0683 -0.5384
vn 0.8407 -0.0864 -0.5346
vn 0.4348 -0.4882 -0.7568
vn 0.4347 -0.4925 -0.7540
vn 0.5444 -0.4911 -0.6800
vn 0.5444 -0.4916 -0.6797
vn 0.6507 -0.4879 -0.5818
vn 0.6505 -0.4889 -0.5813
vn 0.7384 -0.4845 -0.4690
vn 0.7375 -0.4871 -0.4678
vn 0.3297 -0.7505 -0.5728
vn 0.3371 -0.8424 -0.4204
vn 0.3604 -0.8060 -0.4694
vn 0.4443 -0.8034 -0.3964
vn 0.4428 -0.8054 -0.3941
vn 0.5046 -0.8020 -0.3197
vn 0.4732 -0.8327 -0.2874
vn 0.1285 -0.9775 -0.1670
vn 0.1133 -0.9841 -0.1371
vn 0.1918 -0.9665 -0.1704
vn 0.1520 -0.9841 -0.0923
vn 0.2066 -0.9688 -0.1366
vn -0.0693 -0.9661 -0.2488
vn -0.1613 -0.8024 -0.5746
vn -0.1479 -0.8250 -0.5454
vn -0.2303 -0.4841 -0.8441
vn -0.2282 -0.4904 -0.8411
vn -0.2625 -0.0795 -0.9616
vn -0.2607 -0.0895 -0.9613
vn -0.0305 -0.9853 -0.1683
vn -0.0297 -0.9858 -0.1655
vn -0.0997 -0.8280 -0.5518
vn -0.1133 -0.8025 -0.5859
vn -0.1680 -0.4779 -0.8622
vn -0.1662 -0.4841 -0.8591
vn -0.1911 -0.0680 -0.9792
vn -0.1892 -0.0795 -0.9787
vn -0.0749 -0.7526 -0.6542
vn -0.1013 -0.4708 -0.8764
vn -0.0998 -0.4766 -0.8734
vn -0.1149 -0.0583 -0.9917
vn -0.1129 -0.0695 -0.9912
vn 0.1683 -0.9831 -0.0722
vn 0.5977 -0.7538 -0.2730
vn 0.7952 -0.4855 -0.3632
vn 0.7962 -0.4831 -0.3642
vn 0.9064 -0.0819 -0.4144
vn 0.9063 -0.0737 -0.4161
vn 0.1709 -0.9826 -0.0729
vn 0.5456 -0.8110 -0.2110
vn 0.5178 -0.8325 -0.1969
vn 0.8188 -0.4914 -0.2967
vn 0.8215 -0.4857 -0.2987
vn 0.9375 -0.0953 -0.3346
vn 0.9379 -0.0819 -0.3372
vn -0.0689 -0.9822 -0.1745
vn -0.0762 -0.9795 -0.1866
vn -0.2201 -0.8192 -0.5296
vn -0.4000 -0.0256 -0.9161
vn -0.2244 -0.7639 -0.6050
vn -0.2973 -0.4903 -0.8192
vn -0.3010 -0.4798 -0.8241
vn -0.3394 -0.0895 -0.9364
vn -0.3306 -0.1376 -0.9337
vn -0.0866 -0.8202 -0.5655
vn -0.0953 -0.8668 -0.4895
vn 0.0248 -0.7936 -0.6079
vn 0.0801 -0.9071 -0.4132
vn 0.0422 -0.9178 -0.3947
vn 0.1093 -0.9696 -0.2189
vn 0.1577 -0.9574 -0.2419
vn 0.3686 -0.7008 -0.6108
vn 0.3287 -0.7283 -0.6013
vn 0.4555 -0.7169 -0.5278
vn 0.3739 -0.8182 -0.4368
vn 0.4465 -0.7709 -0.4543
vn 0.4964 -0.8130 -0.3043
vn 0.5311 -0.7848 -0.3194
vn 0.7372 -0.4560 -0.4986
vn 0.7384 -0.4543 -0.4983
vn 0.7650 -0.4934 -0.4140
vn 0.7712 -0.4837 -0.4139
vn 0.7979 -0.5020 -0.3337
vn 0.7918 -0.5133 -0.3310
vn 0.9496 -0.1017 -0.2966
vn 0.9492 -0.1039 -0.2969
vn 0.9507 -0.0963 -0.2947
vn 0.9503 -0.0881 -0.2986
vn 0.9506 -0.0846 -0.2987
vn -0.0149 -0.9786 -0.2052
vn 0.0200 -0.9847 -0.1731
vn 0.1219 -0.9630 -0.2405
vn -0.1531 -0.8196 -0.5520
vn -0.1794 -0.8503 -0.4947
vn -0.1794 -0.8504 -0.4947
vn -0.3683 -0.4945 -0.7873
vn -0.3521 -0.5266 -0.7738
vn -0.3448 -0.5228 -0.7796
vn -0.4436 -0.1529 -0.8831
vn -0.4521 -0.1302 -0.8824
vn -0.5201 -0.0742 -0.8509
vn 0.7394 -0.3268 -0.5886
vn 0.3143 -0.5318 -0.7864
vn 0.3038 -0.5384 -0.7860
vn -0.1458 -0.5990 -0.7874
vn -0.1689 -0.6059 -0.7774
vn 0.9403 -0.1129 -0.3211
vn 0.9377 -0.1195 -0.3263
vn 0.7161 -0.3947 -0.5756
vn 0.6705 -0.4416 -0.5962
vn 0.3423 -0.6161 -0.7094
vn 0.3303 -0.6237 -0.7085
vn -0.0917 -0.7012 -0.7070
vn -0.1263 -0.7097 -0.6931
vn 0.6933 -0.5975 -0.4028
vn -0.7131 -0.0879 -0.6955
vn -0.7114 -0.0895 -0.6970
vn -0.6725 -0.1010 -0.7332
vn -0.6279 -0.1535 -0.7630
vn -0.6570 -0.0349 -0.7531
vn -0.4058 -0.3746 -0.8336
vn -0.3782 -0.3883 -0.8403
vn -0.4432 -0.3868 -0.8087
vn -0.4141 -0.4346 -0.7998
vn -0.4318 -0.4191 -0.7987
vn -0.5641 -0.1054 -0.8189
vn -0.5266 -0.1750 -0.8319
vn -0.4364 -0.3916 -0.8101
vn -0.0297 -0.5738 -0.8185
vn -0.0467 -0.5707 -0.8199
vn -0.0908 -0.6342 -0.7678
vn -0.1075 -0.6293 -0.7697
vn -0.1406 -0.6974 -0.7028
vn -0.1297 -0.7035 -0.6988
vn -0.2457 -0.6811 -0.6897
vn 0.3405 -0.5975 -0.7260
vn 0.3928 -0.6770 -0.6224
vn 0.3087 -0.6959 -0.6485
vn 0.2617 -0.7621 -0.5922
vn 0.2921 -0.7614 -0.5788
vn 0.1597 -0.7921 -0.5891
vn 0.2159 -0.8602 -0.4621
vn 0.1083 -0.8504 -0.5148
vn 0.0341 -0.8867 -0.4610
vn 0.0355 -0.8872 -0.4600
vn 0.6361 -0.6624 -0.3958
vn 0.5782 -0.7479 -0.3262
vn 0.6211 -0.7248 -0.2981
vn 0.4812 -0.8288 -0.2855
vn 0.3549 -0.8842 -0.3036
vn 0.3101 -0.9376 -0.1574
vn -0.2199 -0.1602 -0.9623
vn -0.2343 -0.1647 -0.9581
vn -0.2138 -0.3482 -0.9127
vn -0.2071 -0.3461 -0.9151
vn -0.1953 -0.4810 -0.8547
vn -0.1776 -0.4752 -0.8617
vn 0.2548 -0.1450 -0.9561
vn 0.2503 -0.1468 -0.9570
vn 0.2653 -0.3140 -0.9116
vn 0.2704 -0.3115 -0.9110
vn 0.2809 -0.4305 -0.8577
vn 0.2881 -0.4264 -0.8574
vn 0.6817 -0.0901 -0.7260
vn 0.6754 -0.0941 -0.7314
vn 0.6866 -0.2052 -0.6975
vn 0.6935 -0.2825 -0.6628
vn 0.6656 -0.3102 -0.6787
vn 0.9355 -0.0171 -0.3529
vn 0.9320 -0.0206 -0.3620
vn 0.9519 -0.0413 -0.3036
vn 0.9390 -0.0842 -0.3334
vn 0.9555 -0.0495 -0.2908
vn -0.2561 -0.0004 -0.9666
vn -0.2527 -0.0001 -0.9676
vn 0.2486 0.0057 -0.9686
vn 0.2398 0.0050 -0.9708
vn 0.6776 0.0095 -0.7353
vn 0.6724 0.0090 -0.7401
vn 0.9478 0.0113 -0.3188
vn 0.9492 0.0116 -0.3146
vn -0.2762 0.0012 -0.9611
vn 0.2499 -0.0045 -0.9683
vn 0.2486 -0.0045 -0.9686
vn 0.6765 -0.0088 -0.7364
vn 0.6776 -0.0088 -0.7354
vn 0.9450 -0.0113 -0.3270
vn 0.9451 -0.0113 -0.3266
vn -0.6833 -0.0910 -0.7244
vn -0.7050 -0.0801 -0.7047
vn -0.2964 -0.3071 -0.9044
vn -0.3860 -0.2909 -0.8754
vn 0.0220 -0.4508 -0.8923
vn 0.0122 -0.4506 -0.8927
vn 0.4423 -0.5251 -0.7271
vn 0.4557 -0.5216 -0.7213
vn 0.7458 -0.4676 -0.4745
vn -0.4159 -0.1952 -0.8882
vn 0.0649 -0.3312 -0.9413
vn 0.0582 -0.3319 -0.9415
vn 0.4771 -0.3826 -0.7912
vn 0.5020 -0.3747 -0.7795
vn 0.7908 -0.3742 -0.4843
vn -0.7434 -0.0141 -0.6687
vn -0.3516 -0.1127 -0.9293
vn -0.2979 -0.1102 -0.9482
vn 0.0870 -0.1645 -0.9825
vn 0.0893 -0.1640 -0.9824
vn 0.5070 -0.1944 -0.8397
vn 0.5064 -0.1946 -0.8401
vn 0.8150 -0.1870 -0.5484
vn 0.8231 -0.1825 -0.5378
vn -0.1834 0.3996 -0.8982
vn -0.2345 0.3856 -0.8924
vn -0.2032 0.2066 -0.9571
vn -0.2571 0.1883 -0.9479
vn -0.1918 0.0519 -0.9801
vn 0.2810 0.3487 -0.8941
vn 0.2615 0.3473 -0.9005
vn 0.2586 0.1645 -0.9519
vn 0.2587 0.1645 -0.9518
vn 0.6914 0.2263 -0.6861
vn 0.6818 0.2273 -0.6953
vn 0.6815 0.1016 -0.7247
vn 0.6829 0.1018 -0.7234
vn 0.9002 0.0996 -0.4240
vn 0.9136 0.0901 -0.3965
vn 0.9538 0.0099 -0.3002
vn 0.8441 0.0003 -0.5362
vn 0.8500 0.0010 -0.5268
vn 0.5286 -0.0035 -0.8489
vn 0.5350 -0.0030 -0.8448
vn 0.1049 -0.0069 -0.9945
vn 0.1148 -0.0063 -0.9934
vn -0.3399 -0.0090 -0.9404
vn -0.3316 -0.0085 -0.9434
vn -0.7221 -0.0095 -0.6918
vn -0.7274 -0.0100 -0.6862
vn 0.8526 -0.0008 -0.5225
vn 0.5216 0.0032 -0.8532
vn 0.5286 0.0036 -0.8489
vn 0.1002 0.0069 -0.9949
vn 0.1049 0.0071 -0.9945
vn -0.3415 0.0091 -0.9398
vn -0.3399 0.0092 -0.9404
vn -0.6978 0.0097 -0.7162
vn -0.7180 0.0084 -0.6960
vn 0.9522 0.0855 -0.2932
vn 0.7137 0.3954 -0.5782
vn 0.6954 0.4047 -0.5939
vn 0.3223 0.5973 -0.7344
vn 0.3369 0.5965 -0.7284
vn -0.1380 0.6745 -0.7253
vn -0.1036 0.6831 -0.7230
vn 0.9529 0.0706 -0.2951
vn 0.6943 0.3329 -0.6380
vn 0.7032 0.3303 -0.6296
vn 0.2880 0.5049 -0.8137
vn 0.3073 0.5049 -0.8066
vn -0.1870 0.5627 -0.8052
vn -0.1545 0.5715 -0.8059
vn 0.7451 0.4715 -0.4717
vn 0.4513 0.5265 -0.7204
vn 0.4535 0.5276 -0.7183
vn 0.0208 0.4547 -0.8904
vn 0.0186 0.4534 -0.8911
vn -0.2912 0.3388 -0.8947
vn -0.3741 0.2841 -0.8828
vn -0.7324 0.0611 -0.6781
vn 0.7848 0.3778 -0.4912
vn 0.4745 0.3792 -0.7944
vn 0.4848 0.3844 -0.7856
vn 0.0595 0.3337 -0.9408
vn 0.0579 0.3328 -0.9412
vn -0.4221 0.1947 -0.8854
vn 0.8253 0.1812 -0.5349
vn 0.8295 0.1830 -0.5277
vn 0.5111 0.1954 -0.8370
vn 0.5106 0.1951 -0.8374
vn 0.0904 0.1678 -0.9817
vn 0.0940 0.1693 -0.9811
vn -0.3509 0.1055 -0.9304
vn -0.2946 0.1347 -0.9461
vn -0.7014 0.0309 -0.7121
vn -0.6890 0.0377 -0.7238
vn 0.9429 0.1208 -0.3104
vn 0.1692 0.9729 -0.1575
vn 0.0793 0.9826 -0.1681
vn 0.1684 0.9490 -0.2667
vn -0.0044 0.9360 -0.3520
vn 0.0075 0.9359 -0.3523
vn 0.0119 0.8550 -0.5185
vn -0.0445 0.8517 -0.5222
vn -0.0681 0.7795 -0.6226
vn -0.1014 0.7732 -0.6260
vn 0.5221 0.8102 -0.2664
vn 0.5043 0.8211 -0.2674
vn 0.4737 0.7777 -0.4133
vn 0.4367 0.7957 -0.4196
vn 0.4126 0.7273 -0.5484
vn 0.3895 0.7345 -0.5557
vn 0.3699 0.6735 -0.6401
vn 0.3525 0.6763 -0.6468
vn 0.8117 0.5031 -0.2966
vn 0.8312 0.4614 -0.3102
vn 0.7678 0.5035 -0.3962
vn 0.7684 0.5028 -0.3959
vn 0.7542 0.4597 -0.4690
vn 0.7007 0.5013 -0.5077
vn 0.7562 0.4098 -0.5101
vn 0.9501 0.0869 -0.2997
vn 0.9515 0.0915 -0.2936
vn 0.9497 0.0987 -0.2973
vn 0.9496 0.1021 -0.2963
vn 0.9415 0.1206 -0.3146
vn 0.9296 0.1282 -0.3456
vn 0.1617 0.9845 -0.0682
vn 0.1957 0.9777 -0.0757
vn 0.5573 0.8028 -0.2121
vn 0.5624 0.7990 -0.2130
vn 0.8173 0.4851 -0.3110
vn 0.7880 0.5328 -0.3084
vn 0.9310 -0.0021 -0.3651
vn 0.2192 0.9691 -0.1135
vn 0.5244 0.8068 -0.2720
vn 0.5301 0.8026 -0.2736
vn 0.7695 0.4996 -0.3977
vn 0.7782 0.4849 -0.3990
vn 0.8847 0.0996 -0.4554
vn 0.8901 0.0630 -0.4514
vn 0.6913 0.6000 -0.4025
vn 0.3395 0.5975 -0.7265
vn 0.6037 0.7275 -0.3260
vn 0.4722 0.8311 -0.2938
vn 0.3953 0.8806 -0.2612
vn 0.2589 0.9479 -0.1859
vn 0.2334 0.9438 -0.2341
vn 0.4014 0.6968 -0.5944
vn 0.3496 0.6753 -0.6494
vn 0.2908 0.7713 -0.5661
vn 0.2874 0.7695 -0.5703
vn 0.1616 0.7917 -0.5892
vn 0.2158 0.8776 -0.4281
vn 0.1252 0.8383 -0.5306
vn 0.0263 0.8905 -0.4543
vn -0.0291 0.8471 -0.5307
vn -0.0400 0.5752 -0.8170
vn -0.0467 0.5705 -0.8199
vn -0.0940 0.6387 -0.7637
vn -0.0987 0.6349 -0.7663
vn -0.1520 0.6912 -0.7065
vn -0.1578 0.6856 -0.7106
vn -0.2158 0.6953 -0.6856
vn -0.1806 0.7501 -0.6362
vn -0.4132 0.3664 -0.8336
vn -0.3545 0.4271 -0.8318
vn -0.4429 0.3876 -0.8084
vn -0.4347 0.4166 -0.7984
vn -0.4295 0.4243 -0.7972
vn -0.4165 0.3951 -0.8188
vn -0.3863 0.4809 -0.7871
vn -0.7070 0.0952 -0.7008
vn -0.6974 0.1037 -0.7092
vn -0.6941 0.0804 -0.7154
vn -0.6218 0.1394 -0.7707
vn -0.6347 0.1007 -0.7662
vn -0.5705 0.0836 -0.8171
vn -0.5697 0.0890 -0.8170
vn 0.7958 0.1551 -0.5853
vn 0.7952 0.0953 -0.5989
vn 0.7141 0.0599 -0.6975
vn 0.6995 0.1070 -0.7066
vn 0.5993 0.0542 -0.7987
vn 0.5858 0.0964 -0.8047
vn 0.4810 0.0694 -0.8740
vn 0.4758 0.0854 -0.8754
vn 0.7043 0.4705 -0.5316
vn 0.6946 0.4874 -0.5291
vn 0.6149 0.4876 -0.6198
vn 0.6122 0.4920 -0.6189
vn 0.5134 0.4898 -0.7046
vn 0.5123 0.4916 -0.7041
vn 0.4145 0.4917 -0.7658
vn 0.3906 0.5309 -0.7521
vn 0.4764 0.8009 -0.3629
vn 0.4730 0.8035 -0.3614
vn 0.4190 0.8037 -0.4226
vn 0.3779 0.8345 -0.4011
vn 0.3860 0.7548 -0.5304
vn 0.2439 0.8476 -0.4712
vn 0.2829 0.8073 -0.5180
vn 0.1537 0.9811 -0.1176
vn 0.1235 0.9871 -0.1023
vn 0.1735 0.9676 -0.1835
vn 0.0879 0.9829 -0.1617
vn 0.0721 0.9873 -0.1412
vn -0.0153 0.7906 -0.6121
vn -0.4912 0.1068 -0.8645
vn -0.4915 0.1009 -0.8650
vn -0.3675 0.5067 -0.7799
vn -0.3771 0.4676 -0.7994
vn -0.1596 0.8202 -0.5493
vn -0.1484 0.8404 -0.5213
vn 0.1292 0.9798 -0.1525
vn 0.1183 0.9739 -0.1936
vn -0.0502 0.9680 -0.2460
vn 0.3373 0.4297 -0.8376
vn 0.3765 0.0513 -0.9250
vn 0.3623 0.0845 -0.9282
vn 0.0809 0.9477 -0.3086
vn 0.1427 0.8304 -0.5386
vn 0.1667 0.8007 -0.5754
vn 0.2506 0.4688 -0.8470
vn 0.2243 0.5300 -0.8178
vn 0.2707 0.0390 -0.9619
vn 0.2549 0.0812 -0.9635
vn 0.1073 0.7495 -0.6532
vn 0.1458 0.4609 -0.8754
vn 0.1430 0.4693 -0.8714
vn 0.1655 0.0356 -0.9856
vn 0.1628 0.0469 -0.9855
vn -0.0496 0.9903 -0.1298
vn -0.0708 0.9782 -0.1953
vn -0.2195 0.8208 -0.5273
vn -0.2258 0.8047 -0.5491
vn -0.3320 0.5268 -0.7825
vn -0.3357 0.4902 -0.8044
vn -0.3854 0.1037 -0.9169
vn -0.3850 0.0989 -0.9176
vn 0.0114 0.9870 -0.1600
vn 0.0148 0.9833 -0.1814
vn 0.0481 0.8000 -0.5980
vn 0.0429 0.8212 -0.5690
vn 0.0632 0.5182 -0.8529
vn 0.0757 0.4570 -0.8863
vn 0.0844 0.0441 -0.9955
vn 0.0847 0.0418 -0.9955
vn 0.0279 0.4104 -0.9115
vn 0.0297 0.0496 -0.9983
vn 0.0308 0.0441 -0.9986
vn -0.0150 0.9442 -0.3291
vn -0.0256 0.8326 -0.5532
vn -0.0184 0.7938 -0.6079
vn -0.0269 0.4706 -0.8819
vn -0.0312 0.5035 -0.8634
vn -0.0375 0.0583 -0.9976
vn -0.0361 0.0496 -0.9981
vn -0.0758 0.7538 -0.6527
vn -0.1023 0.4771 -0.8729
vn -0.1016 0.4708 -0.8764
vn -0.1163 0.0683 -0.9909
vn -0.1148 0.0583 -0.9917
vn -0.0303 0.9860 -0.1638
vn -0.0309 0.9848 -0.1711
vn -0.1066 0.8032 -0.5861
vn -0.1047 0.8299 -0.5481
vn -0.1655 0.4850 -0.8587
vn -0.1650 0.4771 -0.8632
vn -0.1887 0.0797 -0.9788
vn -0.1872 0.0683 -0.9800
vn -0.0704 0.9660 -0.2488
vn -0.1609 0.8091 -0.5652
vn -0.1620 0.8021 -0.5748
vn -0.2369 0.4962 -0.8353
vn -0.2370 0.4836 -0.8426
vn -0.2712 0.0923 -0.9581
vn -0.2700 0.0800 -0.9595
vn 0.1388 -0.9875 0.0750
vn 0.0983 -0.9881 0.1183
vn 0.0679 -0.9832 0.1694
vn -0.8486 -0.5100 0.1408
vn -0.9557 -0.1926 0.2224
vn -0.9394 -0.3045 0.1575
vn -0.9292 -0.2117 0.3028
vn -0.9045 -0.2903 0.3125
vn -0.6707 -0.1859 0.7180
vn -0.7302 -0.2939 0.6168
vn -0.7468 -0.2574 0.6132
vn -0.8564 -0.1977 0.4770
vn -0.7799 -0.3832 0.4948
vn -0.8809 -0.1764 0.4393
vn -0.5318 -0.4041 0.7442
vn -0.6131 -0.2005 0.7642
vn -0.4814 -0.2364 0.8440
vn -0.4429 -0.3003 0.8448
vn -0.3993 -0.1972 0.8954
vn -0.1535 -0.1478 0.9770
vn -0.2843 -0.2485 0.9260
vn -0.2786 -0.2219 0.9344
vn 0.9725 -0.1754 0.1530
vn 0.7070 -0.7009 0.0940
vn 0.8362 -0.5316 0.1347
vn 0.8717 -0.4730 0.1278
vn 0.5492 -0.8310 0.0881
vn 0.4624 -0.8845 0.0619
vn 0.1777 -0.9835 0.0350
vn 0.1688 -0.9851 0.0324
vn -0.0414 -0.9881 0.1481
vn -0.0483 -0.9856 0.1620
vn -0.1148 -0.9690 0.2189
vn -0.0942 -0.9881 0.1216
vn -0.1058 -0.9856 0.1318
vn -0.1888 -0.9690 0.1595
vn -0.1341 -0.9878 0.0787
vn -0.1527 -0.9846 0.0850
vn -0.2277 -0.9709 0.0742
vn -0.1826 -0.9822 0.0448
vn -0.3445 -0.9378 0.0438
vn -0.1592 -0.8303 0.5341
vn -0.2588 -0.8303 0.4936
vn -0.3488 -0.8303 0.4347
vn -0.4258 -0.8303 0.3597
vn -0.4869 -0.8303 0.2712
vn -0.5299 -0.8303 0.1727
vn -0.5494 -0.8310 0.0872
vn -0.6000 -0.7955 0.0852
vn -0.2379 -0.5538 0.7980
vn -0.3867 -0.5538 0.7374
vn -0.5211 -0.5538 0.6495
vn -0.6361 -0.5538 0.5373
vn -0.7274 -0.5538 0.4052
vn -0.7917 -0.5538 0.2580
vn -0.8236 -0.5545 0.1195
vn -0.0238 -0.9690 0.2460
vn -0.0537 -0.8303 0.5548
vn -0.0802 -0.5538 0.8288
vn -0.0945 -0.1942 0.9764
vn -0.0863 -0.2320 0.9689
vn 0.0056 -0.9819 0.1892
vn 0.0596 -0.8566 0.5126
vn 0.0538 -0.8303 0.5548
vn 0.0804 -0.5538 0.8288
vn 0.0923 -0.2953 0.9509
vn 0.0746 -0.1945 0.9781
vn 0.1515 -0.8299 0.5370
vn 0.1522 -0.8466 0.5100
vn 0.2433 -0.5250 0.8156
vn 0.2460 -0.5534 0.7958
vn 0.2698 -0.1762 0.9467
vn 0.1148 -0.9690 0.2188
vn 0.2589 -0.8303 0.4936
vn 0.3868 -0.5538 0.7374
vn 0.3891 -0.5291 0.7541
vn 0.4701 -0.1693 0.8662
vn 0.1058 -0.9856 0.1318
vn 0.3489 -0.8303 0.4347
vn 0.5212 -0.5538 0.6494
vn 0.6140 -0.1942 0.7650
vn 0.6109 -0.3433 0.7134
vn 0.1889 -0.9690 0.1595
vn 0.4259 -0.8303 0.3596
vn 0.6362 -0.5538 0.5372
vn 0.7350 -0.2731 0.6206
vn 0.7389 -0.1945 0.6451
vn 0.1477 -0.9856 0.0822
vn 0.4870 -0.8303 0.2711
vn 0.7427 -0.5266 0.4135
vn 0.7315 -0.5534 0.3983
vn 0.8530 -0.1802 0.4899
vn 0.2296 -0.9704 0.0748
vn 0.5300 -0.8303 0.1726
vn 0.8101 -0.5235 0.2638
vn 0.8092 -0.5255 0.2629
vn 0.0122 0.9881 0.1533
vn 0.0691 0.9881 0.1374
vn 0.1244 0.9848 0.1213
vn -0.8275 0.5485 0.1201
vn 0.1719 0.9843 0.0394
vn 0.2274 0.9731 0.0368
vn 0.5513 0.8307 0.0776
vn 0.4855 0.8701 0.0852
vn 0.9280 0.3504 0.1269
vn 0.8436 0.5177 0.1429
vn 0.7926 0.5975 0.1219
vn -0.4064 0.2076 0.8898
vn -0.4617 0.3588 0.8112
vn -0.4496 0.2517 0.8570
vn -0.5663 0.2105 0.7969
vn -0.5937 0.3166 0.7398
vn -0.6778 0.1967 0.7085
vn -0.8298 0.3129 0.4620
vn -0.8418 0.2082 0.4980
vn -0.7375 0.2612 0.6228
vn -0.7375 0.3132 0.5984
vn -0.9159 0.2687 0.2982
vn -0.9257 0.1513 0.3467
vn -0.9376 0.3125 0.1524
vn -0.9566 0.1903 0.2207
vn -0.1635 0.9860 0.0322
vn -0.1769 0.9836 0.0362
vn -0.2273 0.9710 0.0740
vn -0.1399 0.9872 0.0759
vn -0.1477 0.9856 0.0822
vn -0.1889 0.9690 0.1595
vn -0.0983 0.9881 0.1183
vn -0.1058 0.9856 0.1318
vn -0.1148 0.9690 0.2189
vn -0.0465 0.9881 0.1466
vn -0.0483 0.9856 0.1619
vn -0.5252 0.8480 0.0715
vn -0.5505 0.8308 0.0820
vn -0.5300 0.8303 0.1726
vn -0.4870 0.8303 0.2711
vn -0.4259 0.8303 0.3596
vn -0.3489 0.8303 0.4347
vn -0.2589 0.8303 0.4936
vn -0.1593 0.8303 0.5341
vn -0.8233 0.5546 0.1210
vn -0.7918 0.5538 0.2578
vn -0.7275 0.5538 0.4050
vn -0.6362 0.5538 0.5372
vn -0.5212 0.5538 0.6494
vn -0.3868 0.5538 0.7374
vn -0.2380 0.5538 0.7979
vn 0.2244 0.9717 0.0731
vn 0.5300 0.8303 0.1726
vn 0.8090 0.5254 0.2635
vn 0.8194 0.5098 0.2621
vn 0.1688 0.9821 0.0831
vn 0.4545 0.8513 0.2620
vn 0.4870 0.8303 0.2712
vn 0.7275 0.5538 0.4051
vn 0.7458 0.5266 0.4081
vn 0.8523 0.1843 0.4895
vn 0.4300 0.8300 0.3553
vn 0.4109 0.8431 0.3470
vn 0.6362 0.5538 0.5373
vn 0.7495 0.1942 0.6329
vn 0.7241 0.2750 0.6325
vn 0.1547 0.9690 0.1927
vn 0.3488 0.8303 0.4347
vn 0.5211 0.5538 0.6494
vn 0.5961 0.3049 0.7428
vn 0.6326 0.1946 0.7496
vn 0.0785 0.9856 0.1497
vn 0.2589 0.8303 0.4936
vn 0.3867 0.5538 0.7374
vn 0.4556 0.1942 0.8687
vn 0.4650 0.1577 0.8712
vn 0.0706 0.9690 0.2369
vn 0.1593 0.8303 0.5341
vn 0.2379 0.5538 0.7979
vn 0.2821 0.1588 0.9461
vn 0.2747 0.1941 0.9417
vn 0.0163 0.9856 0.1682
vn 0.0537 0.8303 0.5548
vn 0.0803 0.5538 0.8288
vn 0.0946 0.1942 0.9764
vn 0.0706 0.3018 0.9508
vn -0.3298 0.2053 0.9214
vn -0.2790 0.2181 0.9352
vn -0.2827 0.2459 0.9272
vn -0.1790 0.1556 0.9715
vn -0.0239 0.9690 0.2461
vn -0.0538 0.8303 0.5548
vn -0.0804 0.5538 0.8288
vn -0.0932 0.2584 0.9615
vn -0.0731 0.1946 0.9782
vn 0.4492 0.5066 0.7359
vn 0.4409 0.5603 0.7012
vn 0.2848 0.8742 0.3932
vn 0.3387 0.7773 0.5302
vn 0.0907 0.9950 0.0423
vn 0.0889 0.9953 0.0383
vn 0.4773 0.6097 0.6328
vn 0.3163 0.9104 0.2667
vn 0.6231 0.5646 0.5413
vn 0.6447 0.5064 0.5726
vn 0.0901 0.9946 0.0516
vn 0.3618 0.8605 0.3585
vn 0.5675 0.5172 0.6407
vn 0.5778 0.4875 0.6546
vn 0.5597 0.5660 0.6053
vn 0.1111 0.9870 0.1158
vn 0.3976 0.8765 0.2713
vn 0.5855 0.7130 0.3859
vn 0.7615 0.4590 0.4577
vn 0.6438 0.6027 0.4716
vn 0.8103 0.4167 0.4120
vn 0.3892 0.8930 0.2260
vn 0.7360 0.5941 0.3246
vn 0.3286 0.9143 0.2368
vn 0.8073 0.4982 0.3164
vn 0.7578 0.5728 0.3124
vn 0.4476 0.8381 0.3117
vn 0.0725 0.9562 0.2835
vn 0.0446 0.4854 0.8732
vn 0.0631 0.5802 0.8120
vn 0.0705 0.8874 0.4557
vn 0.0510 0.7954 0.6040
vn 0.0610 0.9981 0.0008
vn 0.1199 0.6403 0.7587
vn 0.2405 0.4410 0.8646
vn 0.1915 0.7317 0.6542
vn 0.1723 0.8663 0.4688
vn 0.0834 0.9950 0.0542
vn 0.1103 0.9722 0.2067
vn 0.3066 0.5675 0.7642
vn 0.2304 0.8934 0.3857
vn -0.2708 0.3598 0.8929
vn -0.3309 0.2061 0.9209
vn -0.2196 0.6158 0.7567
vn -0.1263 0.9049 0.4065
vn -0.1695 0.2511 0.9530
vn -0.2015 0.1949 0.9599
vn -0.0988 0.7998 0.5921
vn -0.1019 0.7942 0.5991
vn -0.0649 0.8870 0.4572
vn -0.0321 0.9427 0.3322
vn -0.0770 0.5447 0.8351
vn 0.0238 0.8968 0.4418
vn -0.0720 0.1337 0.9884
vn 0.1644 0.7819 0.6013
vn 0.4577 0.7986 0.3907
vn 0.1031 0.6426 0.7592
vn 0.1402 0.5593 0.8170
vn 0.3383 0.5931 0.7306
vn 0.0512 0.3289 0.9430
vn 0.4236 0.6076 0.6718
vn 0.3375 0.6250 0.7039
vn 0.8749 0.4746 -0.0969
vn 0.2572 0.7098 0.6557
vn 0.6849 0.6004 0.4129
vn -0.0274 0.8737 0.4857
vn 0.4173 0.7664 0.4883
vn 0.4248 0.7619 0.4889
vn 0.6787 0.6069 0.4136
vn -0.0015 0.2255 0.9742
vn -0.0009 0.2507 0.9681
vn -0.0020 0.5563 0.8310
vn -0.0000 0.6728 0.7398
vn -0.0016 0.8794 0.4762
vn 0.0015 0.9652 0.2615
vn -0.3161 0.6164 0.7212
vn -0.2190 0.8391 0.4980
vn 0.0332 0.9994 -0.0124
vn -0.7819 0.3835 0.4915
vn -0.3555 0.5403 0.7626
vn -0.3551 0.6854 0.6357
vn -0.4996 0.5424 0.6754
vn -0.5120 0.6470 0.5650
vn -0.6237 0.6218 0.4737
vn -0.2494 0.7994 0.5466
vn -0.1822 0.9349 0.3047
vn -0.4379 0.7702 0.4637
vn -0.4097 0.8008 0.4370
vn -0.3015 0.9185 0.2559
vn -0.4946 0.8191 0.2906
vn -0.5286 0.7917 0.3062
vn -0.4769 0.5339 0.6982
vn 0.0214 0.9993 -0.0303
vn -0.0808 0.9959 0.0415
vn 0.0086 0.9994 -0.0340
vn -0.0000 0.2374 0.9714
vn -0.8736 0.3785 0.3057
vn -0.7100 0.6528 0.2640
vn -0.3574 0.9241 0.1353
vn -0.9062 0.1348 0.4007
vn -0.7811 0.5056 0.3663
vn -0.3692 0.9193 0.1364
vn -0.0001 0.2378 0.9713
vn -0.3560 0.9145 0.1921
vn -0.4463 0.8752 0.1866
vn -0.7299 0.6429 0.2322
vn -0.8654 0.4475 0.2254
vn 0.0053 0.2304 0.9731
vn -0.0016 0.9668 0.2555
vn 0.0015 0.8939 0.4483
vn -0.0000 0.6729 0.7398
vn 0.0016 0.6001 0.7999
vn 0.0014 0.2891 0.9573
vn -0.0004 0.2374 0.9714
vn -0.7088 0.6422 0.2918
vn -0.6310 0.6995 0.3356
vn -0.6369 0.6667 0.3871
vn -0.5979 0.6676 0.4436
vn -0.3847 0.7634 0.5189
vn -0.3848 0.8090 0.4444
vn -0.1165 0.8001 0.5885
vn -0.3487 0.8543 0.3854
vn -0.4249 0.8305 0.3600
vn -0.1527 0.8035 0.5754
vn -0.3285 0.6562 0.6793
vn -0.3166 0.6589 0.6824
vn -0.2647 0.5561 0.7878
vn -0.2145 0.6057 0.7663
vn -0.2042 0.5695 0.7962
vn -0.0024 0.2380 0.9713
vn -0.8829 -0.1653 0.4395
vn -0.7035 -0.6435 0.3016
vn -0.9137 -0.2494 0.3208
vn -0.9331 -0.1545 0.3246
vn -0.8772 -0.3738 0.3012
vn -0.4110 -0.8970 0.1630
vn -0.4018 -0.9019 0.1584
vn 0.0059 -1.0000 -0.0011
vn 0.0168 -0.9996 0.0239
vn -0.2031 -0.8361 0.5095
vn -0.3300 -0.6044 0.7251
vn -0.0187 -0.9938 0.1092
vn 0.0135 -0.9998 0.0136
vn -0.0873 -0.9926 0.0839
vn 0.0545 -0.9946 -0.0886
vn 0.0197 -0.9990 -0.0404
vn 0.0126 -0.9993 -0.0352
vn -0.1647 -0.9039 0.3948
vn -0.2595 -0.8947 0.3636
vn -0.3544 -0.8549 0.3789
vn -0.2968 -0.9204 0.2546
vn -0.5205 -0.7914 0.3205
vn -0.3916 -0.8981 0.2001
vn -0.3437 -0.5293 0.7757
vn -0.3441 -0.6940 0.6324
vn -0.4578 -0.5695 0.6827
vn -0.4341 -0.6617 0.6113
vn -0.4941 -0.7079 0.5046
vn -0.5239 -0.6483 0.5524
vn -0.6191 -0.6272 0.4725
vn -0.7634 -0.4205 0.4903
vn -0.7346 -0.6419 0.2199
vn -0.2334 -0.9582 0.1654
vn -0.2385 -0.7594 0.6053
vn -0.5557 -0.7677 0.3191
vn -0.6743 -0.6523 0.3462
vn -0.6892 -0.6611 0.2965
vn -0.6554 -0.6941 0.2978
vn -0.1784 -0.5817 0.7936
vn -0.3502 -0.6546 0.6699
vn -0.3397 -0.6956 0.6330
vn -0.4200 -0.6725 0.6094
vn -0.2242 -0.8182 0.5295
vn -0.4109 -0.8432 0.3466
vn -0.3868 -0.8560 0.3431
vn -0.0086 -0.3233 0.9463
vn -0.0026 -0.6011 0.7992
vn -0.1504 -0.1640 0.9749
vn -0.1552 -0.4375 0.8857
vn -0.0690 -0.7854 0.6151
vn -0.0412 -0.9076 0.4177
vn 0.0417 -0.9976 0.0549
vn -0.2833 -0.3421 0.8959
vn -0.2225 -0.5542 0.8021
vn -0.1108 -0.9143 0.3895
vn 0.0006 -0.2338 0.9723
vn -0.0001 -0.2199 0.9755
vn 0.0016 -0.3379 0.9412
vn 0.0001 -0.6150 0.7885
vn -0.0015 -0.6730 0.7396
vn -0.0002 -0.9259 0.3778
vn -0.0024 -0.9662 0.2577
vn 0.2392 -0.6434 0.7272
vn 0.2063 -0.8994 0.3855
vn 0.2364 -0.8586 0.4549
vn 0.3521 -0.4145 0.8391
vn 0.3337 -0.4930 0.8035
vn 0.1716 -0.5788 0.7972
vn 0.1848 -0.5311 0.8269
vn 0.1012 -0.9387 0.3297
vn 0.0535 -0.4817 0.8747
vn 0.0374 -0.6623 0.7483
vn 0.0707 -0.8962 0.4379
vn 0.0876 -0.5634 0.8215
vn 0.0066 -0.6433 0.7656
vn 0.7901 -0.5270 0.3132
vn 0.2284 -0.9242 0.3062
vn -0.0067 -0.9592 0.2825
vn 0.4727 -0.8374 0.2745
vn 0.4101 -0.8711 0.2702
vn 0.8579 -0.3929 0.3312
vn 0.8128 -0.4753 0.3369
vn 0.3545 -0.9013 0.2491
vn 0.7542 -0.4616 0.4669
vn 0.7661 -0.4388 0.4697
vn 0.0767 -0.9920 0.1002
vn 0.4118 -0.8698 0.2717
vn 0.6909 -0.6194 0.3728
vn 0.6279 -0.6263 0.4620
vn 0.6451 -0.4745 0.5989
vn 0.6562 -0.4495 0.6060
vn 0.3398 -0.8918 0.2988
vn 0.3725 -0.8697 0.3237
vn 0.5335 -0.6146 0.5811
vn 0.5254 -0.4341 0.7318
vn 0.5190 -0.4533 0.7247
vn 0.3025 -0.8801 0.3660
vn 0.3025 -0.8801 0.3659
vn 0.3801 -0.6654 0.6425
vn 0.0007 -0.2170 0.9762
vn 0.0014 -0.9682 0.2503
vn -0.0012 -0.8895 0.4570
vn -0.0003 -0.7542 0.6567
vn -0.0011 -0.6014 0.7989
vn -0.0011 -0.5997 0.8002
vn -0.0006 -0.2497 0.9683
vn 0.0002 -0.2220 0.9750
vn 0.4007 -0.6488 0.6469
vn 0.6912 -0.6038 0.3972
vn 0.7135 -0.5861 0.3840
vn 0.5077 -0.7374 0.4455
vn 0.3634 -0.7888 0.4958
vn 0.0541 -0.8692 0.4915
vn 0.7287 -0.5933 0.3419
vn 0.6956 -0.6033 0.3901
vn 0.4791 -0.6895 0.5432
vn 0.3806 -0.8199 0.4276
vn 0.3807 -0.8176 0.4319
vn 0.1178 -0.8054 0.5810
vn 0.3112 -0.6123 0.7268
vn 0.3023 -0.5971 0.7430
vn 0.1510 -0.5015 0.8519
vn 0.2788 -0.7233 0.6318
vn 0.0394 -0.3404 0.9394
s 0
f 1//1 2//1 3//1
f 4//2 5//2 6//2
f 6//3 5//3 3//3
f 3//4 5//4 1//4
f 4//5 6//5 9//5
f 4//6 9//6 10//6
f 10//7 9//7 7//7
f 10//8 7//8 8//8
f 11//9 171//9 12//9
f 12//10 171//10 13//10
f 12//11 13//11 14//11
f 14//12 13//12 15//12
f 14//13 15//13 7//13
f 7//14 15//14 8//14
f 16//15 17//15 18//15
f 18//16 17//16 11//16
f 11//17 17//17 19//17
f 11//18 19//18 171//18
f 20//19 21//19 22//19
f 22//20 21//20 23//20
f 22//21 23//21 16//21
f 16//22 23//22 162//22
f 16//23 162//23 17//23
f 24//24 25//24 26//24
f 26//25 25//25 27//25
f 26//26 27//26 28//26
f 28//27 27//27 29//27
f 28//28 29//28 158//28
f 28//29 158//29 20//29
f 20//30 158//30 21//30
f 30//31 31//31 32//31
f 32//32 31//32 145//32
f 32//33 145//33 24//33
f 24//34 145//34 25//34
f 33//35 34//35 35//35
f 35//36 34//36 142//36
f 35//37 142//37 36//37
f 36//38 142//38 37//38
f 36//39 37//39 30//39
f 30//40 37//40 143//40
f 30//41 143//41 31//41
f 38//42 39//42 40//42
f 39//43 124//43 40//43
f 40//44 124//44 41//44
f 40//45 41//45 42//45
f 42//46 41//46 43//46
f 43//47 41//47 44//47
f 43//48 44//48 33//48
f 33//49 44//49 141//49
f 33//50 141//50 34//50
f 45//51 194//51 38//51
f 38//52 194//52 39//52
f 194//53 45//53 46//53
f 47//54 259//54 48//54
f 48//55 259//55 46//55
f 46//56 259//56 260//56
f 46//57 260//57 194//57
f 47//58 48//58 51//58
f 47//59 51//59 52//59
f 52//60 51//60 49//60
f 52//61 49//61 50//61
f 53//62 248//62 54//62
f 54//63 248//63 55//63
f 54//64 55//64 56//64
f 56//65 55//65 57//65
f 56//66 57//66 49//66
f 49//67 57//67 50//67
f 58//68 59//68 60//68
f 60//69 59//69 53//69
f 53//70 59//70 61//70
f 53//71 61//71 248//71
f 62//72 63//72 64//72
f 64//73 63//73 65//73
f 64//74 65//74 58//74
f 58//75 65//75 239//75
f 58//76 239//76 59//76
f 66//77 67//77 68//77
f 68//78 67//78 69//78
f 68//79 69//79 70//79
f 70//80 69//80 71//80
f 70//81 71//81 235//81
f 70//82 235//82 62//82
f 62//83 235//83 63//83
f 72//84 73//84 74//84
f 74//85 73//85 75//85
f 74//86 75//86 66//86
f 66//87 75//87 67//87
f 76//88 77//88 78//88
f 78//89 77//89 79//89
f 78//90 79//90 80//90
f 80//91 79//91 81//91
f 80//92 81//92 72//92
f 72//93 81//93 82//93
f 72//94 82//94 73//94
f 83//95 84//95 85//95
f 84//96 86//96 85//96
f 85//97 86//97 87//97
f 85//98 87//98 88//98
f 88//99 87//99 89//99
f 89//100 87//100 90//100
f 89//101 90//101 76//101
f 76//102 90//102 222//102
f 76//103 222//103 77//103
f 2//104 1//104 83//104
f 83//105 1//105 84//105
f 93//106 92//106 91//106
f 93//107 95//107 98//107
f 93//108 98//108 92//108
f 97//109 96//109 94//109
f 97//107 98//107 95//107
f 97//107 95//107 96//107
f 100//110 99//110 101//110
f 101//110 99//110 102//110
f 102//111 105//111 106//111
f 107//112 108//112 102//112
f 100//110 104//110 109//110
f 109//113 110//113 100//113
f 100//114 110//114 99//114
f 102//110 106//110 107//110
f 102//113 108//113 111//113
f 104//110 100//110 112//110
f 104//113 112//113 103//113
f 103//115 113//115 104//115
f 111//114 101//114 102//114
f 114//111 105//111 102//111
f 117//116 118//116 116//116
f 166//117 165//117 118//117
f 121//118 120//118 119//118
f 123//119 122//119 124//119
f 123//120 124//120 39//120
f 122//121 121//121 126//121
f 122//122 126//122 124//122
f 128//123 124//123 126//123
f 126//124 121//124 129//124
f 129//125 121//125 119//125
f 160//126 153//126 130//126
f 130//127 153//127 131//127
f 130//128 131//128 132//128
f 130//129 132//129 127//129
f 133//130 134//130 135//130
f 133//131 135//131 136//131
f 133//132 136//132 137//132
f 137//133 136//133 138//133
f 137//134 138//134 139//134
f 139//135 138//135 129//135
f 139//135 129//135 119//135
f 41//136 128//136 140//136
f 34//137 141//137 142//137
f 142//138 143//138 37//138
f 143//139 144//139 31//139
f 145//140 146//140 25//140
f 25//141 146//141 27//141
f 128//142 147//142 140//142
f 140//143 147//143 44//143
f 44//144 147//144 141//144
f 141//145 147//145 148//145
f 141//146 148//146 142//146
f 142//147 148//147 149//147
f 142//148 149//148 143//148
f 143//149 149//149 150//149
f 143//150 150//150 144//150
f 144//151 150//151 151//151
f 144//152 151//152 145//152
f 145//153 151//153 146//153
f 146//154 151//154 152//154
f 146//155 152//155 27//155
f 147//156 129//156 138//156
f 147//157 138//157 148//157
f 148//158 138//158 136//158
f 148//159 136//159 149//159
f 149//160 136//160 150//160
f 150//161 136//161 135//161
f 150//162 135//162 151//162
f 151//163 135//163 134//163
f 151//164 134//164 152//164
f 97//165 160//165 130//165
f 97//166 130//166 98//166
f 98//167 130//167 127//167
f 127//168 132//168 125//168
f 160//169 161//169 153//169
f 156//170 155//170 157//170
f 156//171 157//171 158//171
f 158//172 157//172 159//172
f 158//173 159//173 21//173
f 94//174 160//174 97//174
f 23//175 21//175 162//175
f 162//176 21//176 159//176
f 162//177 159//177 163//177
f 163//178 159//178 157//178
f 163//179 157//179 164//179
f 164//180 157//180 155//180
f 164//181 155//181 165//181
f 165//182 155//182 154//182
f 164//183 165//183 166//183
f 164//184 166//184 163//184
f 163//185 166//185 167//185
f 163//186 167//186 162//186
f 162//187 167//187 168//187
f 117//188 169//188 167//188
f 167//189 169//189 170//189
f 167//190 170//190 168//190
f 168//191 170//191 17//191
f 116//192 115//192 117//192
f 117//193 115//193 169//193
f 169//194 171//194 170//194
f 170//195 171//195 19//195
f 170//196 19//196 17//196
f 161//197 160//197 172//197
f 172//198 160//198 173//198
f 172//199 173//199 174//199
f 174//200 173//200 175//200
f 174//201 175//201 176//201
f 176//202 175//202 177//202
f 96//203 177//203 175//203
f 96//204 175//204 173//204
f 96//205 173//205 94//205
f 94//206 173//206 160//206
f 179//207 178//207 180//207
f 179//208 180//208 181//208
f 181//209 180//209 115//209
f 181//210 115//210 116//210
f 15//211 182//211 8//211
f 8//212 182//212 183//212
f 8//213 183//213 10//213
f 10//214 183//214 4//214
f 4//215 184//215 5//215
f 5//216 184//216 185//216
f 5//217 185//217 1//217
f 15//218 186//218 182//218
f 182//219 186//219 187//219
f 182//220 187//220 183//220
f 183//221 187//221 188//221
f 183//222 188//222 4//222
f 4//223 188//223 184//223
f 184//224 188//224 189//224
f 184//225 189//225 185//225
f 185//226 189//226 190//226
f 190//227 1//227 185//227
f 186//228 115//228 180//228
f 186//229 180//229 187//229
f 187//230 180//230 188//230
f 188//231 180//231 178//231
f 188//232 178//232 189//232
f 189//233 178//233 190//233
f 176//234 177//234 191//234
f 129//235 147//235 126//235
f 126//236 147//236 128//236
f 128//237 41//237 124//237
f 140//238 44//238 41//238
f 144//239 145//239 31//239
f 29//240 27//240 152//240
f 133//241 154//241 134//241
f 134//242 154//242 155//242
f 134//243 155//243 152//243
f 152//244 155//244 156//244
f 152//245 156//245 29//245
f 29//246 156//246 158//246
f 115//247 186//247 169//247
f 169//248 186//248 171//248
f 174//249 118//249 165//249
f 174//250 165//250 172//250
f 172//251 165//251 154//251
f 172//252 154//252 161//252
f 161//253 154//253 133//253
f 161//254 133//254 153//254
f 153//255 133//255 137//255
f 153//256 137//256 131//256
f 131//257 137//257 139//257
f 131//258 139//258 132//258
f 132//259 139//259 119//259
f 132//260 119//260 120//260
f 132//261 120//261 125//261
f 186//262 15//262 171//262
f 171//263 15//263 13//263
f 17//264 162//264 168//264
f 167//265 166//265 117//265
f 117//266 166//266 118//266
f 118//267 174//267 116//267
f 116//268 174//268 176//268
f 116//269 176//269 181//269
f 181//270 176//270 191//270
f 181//271 191//271 179//271
f 179//272 191//272 178//272
f 92//273 98//273 127//273
f 92//274 127//274 254//274
f 254//275 127//275 125//275
f 254//276 125//276 265//276
f 265//277 125//277 120//277
f 265//278 120//278 192//278
f 192//279 120//279 121//279
f 192//280 121//280 193//280
f 193//281 121//281 122//281
f 193//282 122//282 264//282
f 264//283 122//283 123//283
f 264//284 123//284 194//284
f 194//285 123//285 39//285
f 96//286 95//286 177//286
f 177//287 95//287 203//287
f 177//288 203//288 191//288
f 191//289 203//289 195//289
f 191//290 195//290 178//290
f 178//291 195//291 196//291
f 178//292 196//292 190//292
f 190//293 196//293 197//293
f 197//294 198//294 190//294
f 190//295 198//295 84//295
f 190//296 84//296 1//296
f 201//297 202//297 200//297
f 243//298 242//298 202//298
f 203//299 204//299 195//299
f 237//300 205//300 206//300
f 206//301 205//301 207//301
f 206//302 207//302 208//302
f 206//303 208//303 204//303
f 206//304 204//304 203//304
f 209//305 210//305 211//305
f 211//306 212//306 213//306
f 213//307 212//307 214//307
f 213//308 214//308 208//308
f 208//309 214//309 215//309
f 208//310 215//310 216//310
f 216//311 215//311 217//311
f 216//312 217//312 218//312
f 218//313 217//313 196//313
f 219//314 69//314 220//314
f 69//315 67//315 220//315
f 220//316 67//316 75//316
f 221//317 73//317 82//317
f 82//318 81//318 79//318
f 79//319 77//319 222//319
f 223//320 87//320 224//320
f 224//321 87//321 86//321
f 86//322 84//322 198//322
f 219//323 220//323 225//323
f 225//324 220//324 75//324
f 225//325 75//325 221//325
f 225//326 221//326 226//326
f 226//327 221//327 82//327
f 226//328 82//328 227//328
f 227//329 82//329 79//329
f 227//330 79//330 228//330
f 228//331 79//331 222//331
f 228//332 222//332 229//332
f 229//333 222//333 90//333
f 229//334 90//334 223//334
f 229//335 223//335 224//335
f 229//336 224//336 230//336
f 230//337 224//337 86//337
f 230//338 86//338 197//338
f 197//339 86//339 198//339
f 197//340 196//340 217//340
f 197//341 217//341 230//341
f 230//342 217//342 215//342
f 230//343 215//343 229//343
f 229//344 215//344 214//344
f 229//345 214//345 228//345
f 228//346 214//346 212//346
f 228//347 212//347 227//347
f 227//348 212//348 226//348
f 226//349 212//349 211//349
f 226//350 211//350 225//350
f 225//351 211//351 210//351
f 225//352 210//352 219//352
f 93//353 237//353 206//353
f 93//354 206//354 95//354
f 95//355 206//355 203//355
f 237//356 238//356 205//356
f 233//357 232//357 234//357
f 233//358 234//358 235//358
f 235//359 234//359 236//359
f 235//360 236//360 63//360
f 231//361 232//361 209//361
f 91//362 237//362 93//362
f 65//363 63//363 239//363
f 239//364 63//364 236//364
f 239//365 236//365 240//365
f 240//366 236//366 234//366
f 240//367 234//367 241//367
f 241//368 234//368 232//368
f 241//369 232//369 231//369
f 231//370 242//370 241//370
f 241//371 242//371 243//371
f 241//372 243//372 240//372
f 240//373 243//373 244//373
f 240//374 244//374 239//374
f 239//375 244//375 245//375
f 201//376 246//376 244//376
f 244//377 246//377 247//377
f 244//378 247//378 245//378
f 245//379 247//379 59//379
f 200//380 199//380 201//380
f 201//381 199//381 246//381
f 246//382 248//382 247//382
f 247//383 248//383 61//383
f 247//384 61//384 59//384
f 238//385 237//385 249//385
f 249//386 237//386 250//386
f 249//387 250//387 251//387
f 251//388 250//388 252//388
f 251//389 252//389 253//389
f 253//390 252//390 254//390
f 92//391 254//391 252//391
f 92//392 252//392 250//392
f 92//393 250//393 91//393
f 91//394 250//394 237//394
f 192//395 193//395 255//395
f 192//396 255//396 256//396
f 256//397 255//397 199//397
f 256//398 199//398 200//398
f 57//399 257//399 50//399
f 50//400 257//400 258//400
f 50//401 258//401 52//401
f 52//402 258//402 47//402
f 57//403 261//403 257//403
f 257//404 261//404 262//404
f 257//405 262//405 258//405
f 258//406 262//406 263//406
f 258//407 263//407 47//407
f 47//408 263//408 259//408
f 259//409 263//409 264//409
f 259//410 264//410 260//410
f 260//411 264//411 194//411
f 261//412 199//412 255//412
f 261//413 255//413 262//413
f 262//414 255//414 263//414
f 263//415 255//415 193//415
f 263//416 193//416 264//416
f 253//417 254//417 265//417
f 223//418 90//418 87//418
f 221//419 75//419 73//419
f 71//420 69//420 219//420
f 210//421 209//421 232//421
f 210//422 232//422 219//422
f 219//423 232//423 233//423
f 219//424 233//424 71//424
f 71//425 233//425 235//425
f 199//426 261//426 246//426
f 246//427 261//427 248//427
f 251//428 202//428 242//428
f 251//429 242//429 249//429
f 249//430 242//430 231//430
f 249//431 231//431 238//431
f 238//432 231//432 209//432
f 238//433 209//433 205//433
f 205//434 209//434 211//434
f 205//435 211//435 213//435
f 205//436 213//436 207//436
f 207//437 213//437 208//437
f 208//438 216//438 204//438
f 204//439 216//439 218//439
f 204//440 218//440 195//440
f 195//441 218//441 196//441
f 261//442 57//442 248//442
f 248//443 57//443 55//443
f 59//444 239//444 245//444
f 244//445 243//445 201//445
f 201//446 243//446 202//446
f 202//447 251//447 200//447
f 200//448 251//448 253//448
f 200//449 253//449 256//449
f 256//450 253//450 265//450
f 256//451 265//451 192//451
f 100//452 101//452 266//452
f 266//453 101//453 267//453
f 266//454 267//454 268//454
f 268//455 267//455 269//455
f 268//456 269//456 270//456
f 270//457 269//457 271//457
f 270//458 271//458 38//458
f 38//459 271//459 45//459
f 272//460 83//460 85//460
f 273//461 272//461 85//461
f 273//462 85//462 274//462
f 274//463 85//463 88//463
f 274//464 88//464 89//464
f 274//465 89//465 275//465
f 275//466 89//466 276//466
f 89//467 76//467 276//467
f 276//468 76//468 78//468
f 78//469 80//469 277//469
f 277//470 80//470 72//470
f 277//471 72//471 278//471
f 278//472 72//472 74//472
f 279//473 74//473 66//473
f 279//474 66//474 68//474
f 279//475 68//475 280//475
f 280//476 68//476 281//476
f 68//477 70//477 281//477
f 281//478 70//478 62//478
f 62//479 64//479 282//479
f 282//480 64//480 58//480
f 282//481 58//481 283//481
f 283//482 58//482 60//482
f 284//483 60//483 53//483
f 284//484 53//484 54//484
f 284//485 54//485 285//485
f 285//486 54//486 286//486
f 286//487 54//487 56//487
f 286//488 56//488 287//488
f 287//489 56//489 49//489
f 287//490 49//490 51//490
f 287//491 51//491 288//491
f 288//492 51//492 48//492
f 288//493 48//493 289//493
f 289//494 48//494 46//494
f 272//495 273//495 291//495
f 291//496 273//496 274//496
f 291//497 274//497 292//497
f 292//498 274//498 275//498
f 292//498 275//498 293//498
f 293//499 275//499 276//499
f 293//499 276//499 294//499
f 294//500 276//500 78//500
f 294//501 78//501 295//501
f 295//502 78//502 277//502
f 295//503 277//503 296//503
f 296//504 277//504 278//504
f 296//504 278//504 297//504
f 297//505 278//505 74//505
f 297//506 74//506 298//506
f 298//507 74//507 279//507
f 298//508 279//508 299//508
f 299//509 279//509 280//509
f 299//509 280//509 300//509
f 300//510 280//510 281//510
f 300//510 281//510 301//510
f 301//511 281//511 62//511
f 301//512 62//512 302//512
f 302//513 62//513 282//513
f 302//514 282//514 303//514
f 303//515 282//515 283//515
f 303//515 283//515 304//515
f 304//516 283//516 60//516
f 304//517 60//517 305//517
f 305//518 60//518 284//518
f 305//519 284//519 306//519
f 306//520 284//520 285//520
f 306//520 285//520 307//520
f 307//521 285//521 286//521
f 307//521 286//521 308//521
f 308//522 286//522 287//522
f 308//522 287//522 309//522
f 309//523 287//523 288//523
f 309//523 288//523 310//523
f 310//524 288//524 289//524
f 310//524 289//524 311//524
f 311//525 289//525 46//525
f 311//526 46//526 269//526
f 45//527 271//527 46//527
f 46//528 271//528 269//528
f 290//529 291//529 292//529
f 290//530 292//530 312//530
f 312//531 292//531 293//531
f 312//532 293//532 294//532
f 312//533 294//533 313//533
f 313//534 294//534 295//534
f 313//535 295//535 296//535
f 313//536 296//536 314//536
f 314//537 296//537 297//537
f 314//538 297//538 315//538
f 315//539 297//539 298//539
f 315//540 298//540 299//540
f 315//541 299//541 316//541
f 316//542 299//542 300//542
f 316//543 300//543 301//543
f 316//544 301//544 317//544
f 317//545 301//545 302//545
f 317//546 302//546 318//546
f 318//547 302//547 303//547
f 318//548 303//548 304//548
f 318//549 304//549 319//549
f 319//550 304//550 305//550
f 319//551 305//551 306//551
f 319//552 306//552 320//552
f 320//553 306//553 307//553
f 320//554 307//554 308//554
f 320//555 308//555 321//555
f 321//556 308//556 309//556
f 321//557 309//557 310//557
f 321//558 310//558 322//558
f 322//559 310//559 311//559
f 322//560 311//560 323//560
f 323//561 311//561 269//561
f 323//562 269//562 267//562
f 102//563 290//563 312//563
f 102//564 312//564 114//564
f 114//565 312//565 313//565
f 114//566 313//566 314//566
f 114//567 314//567 105//567
f 105//568 314//568 315//568
f 105//569 315//569 316//569
f 105//570 316//570 106//570
f 106//571 316//571 317//571
f 106//572 317//572 107//572
f 107//573 317//573 318//573
f 107//574 318//574 319//574
f 107//575 319//575 108//575
f 108//576 319//576 320//576
f 108//577 320//577 321//577
f 108//578 321//578 111//578
f 111//579 321//579 322//579
f 111//580 322//580 101//580
f 101//581 322//581 323//581
f 101//582 323//582 267//582
f 270//583 38//583 40//583
f 324//584 270//584 40//584
f 324//585 40//585 325//585
f 325//586 40//586 42//586
f 325//587 42//587 43//587
f 325//588 43//588 326//588
f 326//589 43//589 327//589
f 43//590 33//590 327//590
f 327//591 33//591 35//591
f 35//592 36//592 328//592
f 328//593 36//593 30//593
f 328//594 30//594 329//594
f 329//595 30//595 32//595
f 330//596 32//596 24//596
f 330//597 24//597 26//597
f 330//598 26//598 331//598
f 331//599 26//599 332//599
f 26//600 28//600 332//600
f 332//601 28//601 20//601
f 20//602 22//602 333//602
f 333//603 22//603 16//603
f 333//604 16//604 334//604
f 334//605 16//605 18//605
f 335//606 18//606 11//606
f 335//607 11//607 12//607
f 335//608 12//608 336//608
f 336//609 12//609 337//609
f 337//610 12//610 14//610
f 337//611 14//611 338//611
f 338//612 14//612 7//612
f 338//613 7//613 9//613
f 338//614 9//614 339//614
f 339//615 9//615 6//615
f 339//616 6//616 340//616
f 340//617 6//617 3//617
f 270//618 324//618 268//618
f 268//619 324//619 325//619
f 268//620 325//620 341//620
f 341//621 325//621 326//621
f 341//621 326//621 342//621
f 342//622 326//622 327//622
f 342//622 327//622 343//622
f 343//623 327//623 35//623
f 343//624 35//624 344//624
f 344//625 35//625 328//625
f 344//626 328//626 345//626
f 345//627 328//627 329//627
f 345//627 329//627 346//627
f 346//628 329//628 32//628
f 346//629 32//629 347//629
f 347//630 32//630 330//630
f 347//631 330//631 348//631
f 348//632 330//632 331//632
f 348//632 331//632 349//632
f 349//633 331//633 332//633
f 349//633 332//633 350//633
f 350//634 332//634 20//634
f 350//635 20//635 351//635
f 351//636 20//636 333//636
f 351//637 333//637 352//637
f 352//638 333//638 334//638
f 352//638 334//638 353//638
f 353//639 334//639 18//639
f 353//640 18//640 354//640
f 354//641 18//641 335//641
f 354//642 335//642 355//642
f 355//643 335//643 336//643
f 355//643 336//643 356//643
f 356//644 336//644 337//644
f 356//644 337//644 357//644
f 357//645 337//645 338//645
f 357//645 338//645 358//645
f 358//646 338//646 339//646
f 358//646 339//646 359//646
f 359//647 339//647 340//647
f 359//647 340//647 360//647
f 360//648 340//648 3//648
f 360//649 3//649 361//649
f 2//650 362//650 3//650
f 3//651 362//651 361//651
f 266//652 268//652 341//652
f 266//653 341//653 364//653
f 364//654 341//654 342//654
f 364//655 342//655 343//655
f 364//656 343//656 365//656
f 365//657 343//657 344//657
f 365//658 344//658 345//658
f 365//659 345//659 366//659
f 366//660 345//660 346//660
f 366//661 346//661 347//661
f 366//662 347//662 367//662
f 367//663 347//663 348//663
f 367//664 348//664 349//664
f 367//665 349//665 368//665
f 368//666 349//666 350//666
f 368//667 350//667 351//667
f 368//668 351//668 369//668
f 369//669 351//669 352//669
f 369//670 352//670 353//670
f 369//671 353//671 370//671
f 370//672 353//672 354//672
f 370//673 354//673 355//673
f 370//674 355//674 371//674
f 371//675 355//675 356//675
f 371//676 356//676 372//676
f 372//677 356//677 357//677
f 372//678 357//678 358//678
f 372//679 358//679 373//679
f 373//680 358//680 359//680
f 373//681 359//681 360//681
f 373//682 360//682 374//682
f 374//683 360//683 361//683
f 374//684 361//684 363//684
f 100//685 266//685 364//685
f 100//686 364//686 365//686
f 100//687 365//687 112//687
f 112//688 365//688 366//688
f 112//689 366//689 103//689
f 103//690 366//690 367//690
f 103//691 367//691 113//691
f 113//692 367//692 368//692
f 113//693 368//693 369//693
f 113//694 369//694 104//694
f 104//695 369//695 370//695
f 104//696 370//696 109//696
f 109//697 370//697 371//697
f 109//698 371//698 372//698
f 109//699 372//699 110//699
f 110//700 372//700 373//700
f 110//701 373//701 374//701
f 110//702 374//702 99//702
f 99//703 374//703 363//703
f 2//704 83//704 362//704
f 362//705 83//705 272//705
f 362//706 272//706 361//706
f 361//707 272//707 291//707
f 361//708 291//708 363//708
f 363//709 291//709 290//709
f 363//710 290//710 99//710
f 99//711 290//711 102//711
f 375//712 376//712 377//712
f 376//713 375//713 378//713
f 376//714 378//714 379//714
f 379//715 378//715 380//715
f 379//716 380//716 381//716
f 382//717 383//717 384//717
f 384//718 383//718 385//718
f 377//719 384//719 375//719
f 375//720 384//720 386//720
f 386//721 384//721 385//721
f 387//722 383//722 382//722
f 382//723 388//723 387//723
f 387//724 388//724 389//724
f 391//725 390//725 387//725
f 391//726 387//726 389//726
f 392//727 543//727 393//727
f 392//728 393//728 394//728
f 391//729 395//729 396//729
f 391//730 396//730 390//730
f 397//731 543//731 395//731
f 397//732 395//732 398//732
f 398//733 395//733 391//733
f 399//734 400//734 401//734
f 401//735 400//735 402//735
f 394//736 400//736 392//736
f 392//737 400//737 403//737
f 403//738 400//738 399//738
f 401//739 402//739 404//739
f 381//740 380//740 406//740
f 406//741 380//741 407//741
f 406//742 407//742 405//742
f 401//743 404//743 408//743
f 408//744 404//744 409//744
f 406//745 405//745 408//745
f 406//746 408//746 409//746
f 411//747 412//747 410//747
f 413//748 414//748 411//748
f 411//749 414//749 412//749
f 410//750 412//750 416//750
f 416//751 417//751 410//751
f 410//752 417//752 418//752
f 410//753 418//753 415//753
f 419//754 420//754 421//754
f 410//755 415//755 422//755
f 410//756 422//756 423//756
f 421//757 424//757 419//757
f 419//758 424//758 423//758
f 419//759 423//759 425//759
f 425//760 423//760 422//760
f 426//761 427//761 428//761
f 428//762 427//762 429//762
f 421//763 420//763 428//763
f 428//764 420//764 426//764
f 543//765 397//765 393//765
f 429//766 427//766 430//766
f 430//767 427//767 397//767
f 397//768 427//768 431//768
f 397//769 431//769 393//769
f 432//770 433//770 379//770
f 379//771 433//771 376//771
f 379//772 2528//772 432//772
f 432//773 2528//773 434//773
f 432//774 434//774 437//774
f 437//775 434//775 435//775
f 436//776 437//776 435//776
f 436//777 435//777 438//777
f 436//778 438//778 439//778
f 439//779 438//779 440//779
f 440//780 441//780 439//780
f 439//781 441//781 442//781
f 442//782 441//782 443//782
f 444//783 445//783 446//783
f 441//784 447//784 445//784
f 445//785 448//785 446//785
f 441//786 445//786 449//786
f 441//787 449//787 443//787
f 444//788 450//788 445//788
f 445//789 450//789 451//789
f 451//790 452//790 445//790
f 445//791 452//791 453//791
f 453//792 454//792 445//792
f 445//793 454//793 449//793
f 455//794 382//794 384//794
f 455//795 384//795 377//795
f 398//796 391//796 455//796
f 391//797 389//797 455//797
f 389//798 388//798 455//798
f 455//799 388//799 382//799
f 397//800 456//800 430//800
f 456//801 397//801 398//801
f 456//802 398//802 455//802
f 456//803 455//803 377//803
f 456//804 377//804 433//804
f 433//805 377//805 376//805
f 421//806 457//806 458//806
f 460//807 436//807 439//807
f 460//808 439//808 461//808
f 459//809 437//809 436//809
f 459//810 436//810 462//810
f 462//811 436//811 460//811
f 456//812 433//812 463//812
f 463//813 433//813 432//813
f 430//814 456//814 429//814
f 429//815 456//815 464//815
f 429//816 464//816 428//816
f 465//817 421//817 458//817
f 466//818 449//818 467//818
f 439//819 442//819 461//819
f 461//820 442//820 468//820
f 461//821 468//821 469//821
f 432//822 437//822 463//822
f 463//823 437//823 459//823
f 463//824 459//824 470//824
f 470//825 459//825 462//825
f 470//826 462//826 471//826
f 471//827 462//827 460//827
f 471//828 460//828 472//828
f 472//829 460//829 461//829
f 472//830 461//830 466//830
f 466//831 461//831 469//831
f 466//832 469//832 449//832
f 473//833 474//833 475//833
f 475//834 474//834 410//834
f 421//835 428//835 457//835
f 457//836 428//836 464//836
f 457//837 464//837 458//837
f 458//838 464//838 476//838
f 458//839 476//839 465//839
f 465//840 476//840 477//840
f 465//841 477//841 478//841
f 478//842 477//842 479//842
f 478//843 479//843 475//843
f 410//844 480//844 475//844
f 475//845 480//845 481//845
f 475//846 481//846 478//846
f 478//847 481//847 424//847
f 478//848 424//848 465//848
f 465//849 424//849 421//849
f 482//850 483//850 484//850
f 484//851 483//851 485//851
f 485//852 486//852 484//852
f 484//853 486//853 414//853
f 484//854 414//854 487//854
f 464//855 456//855 488//855
f 464//856 488//856 476//856
f 476//857 488//857 477//857
f 477//858 488//858 489//858
f 477//859 489//859 479//859
f 479//860 489//860 475//860
f 475//861 489//861 466//861
f 475//862 466//862 473//862
f 473//863 466//863 490//863
f 473//864 490//864 491//864
f 491//865 490//865 492//865
f 491//866 492//866 487//866
f 484//867 487//867 493//867
f 484//868 493//868 482//868
f 482//869 493//869 494//869
f 495//870 496//870 497//870
f 497//871 496//871 498//871
f 497//872 498//872 499//872
f 500//873 501//873 498//873
f 498//874 501//874 452//874
f 498//875 452//875 499//875
f 449//876 502//876 467//876
f 467//877 502//877 454//877
f 467//878 454//878 503//878
f 503//879 454//879 453//879
f 503//880 453//880 500//880
f 500//881 453//881 504//881
f 500//882 504//882 501//882
f 414//883 505//883 487//883
f 487//884 505//884 506//884
f 487//885 506//885 491//885
f 491//886 506//886 507//886
f 491//887 507//887 473//887
f 473//888 507//888 474//888
f 488//889 456//889 463//889
f 488//890 463//890 470//890
f 488//891 470//891 489//891
f 489//892 470//892 471//892
f 489//893 471//893 472//893
f 489//894 472//894 466//894
f 490//895 466//895 467//895
f 490//896 467//896 492//896
f 492//897 467//897 503//897
f 492//898 503//898 487//898
f 487//899 503//899 500//899
f 487//900 500//900 493//900
f 493//901 500//901 498//901
f 493//902 498//902 494//902
f 494//903 498//903 496//903
f 420//904 419//904 512//904
f 512//905 419//905 425//905
f 512//906 425//906 513//906
f 420//907 512//907 426//907
f 427//908 393//908 431//908
f 438//909 435//909 434//909
f 514//910 515//910 440//910
f 514//911 440//911 438//911
f 516//912 417//912 523//912
f 523//913 417//913 517//913
f 523//914 517//914 518//914
f 519//915 422//915 415//915
f 513//916 425//916 520//916
f 513//917 520//917 422//917
f 521//918 393//918 522//918
f 522//919 393//919 427//919
f 522//920 427//920 426//920
f 522//921 426//921 512//921
f 514//922 512//922 513//922
f 2528//923 521//923 434//923
f 434//924 521//924 522//924
f 434//925 522//925 438//925
f 438//926 522//926 512//926
f 438//927 512//927 514//927
f 515//928 514//928 513//928
f 483//929 482//929 511//929
f 511//930 482//930 494//930
f 511//931 494//931 496//931
f 511//932 496//932 495//932
f 511//933 495//933 510//933
f 510//934 523//934 511//934
f 511//935 523//935 518//935
f 511//936 518//936 483//936
f 510//937 524//937 523//937
f 523//938 524//938 525//938
f 523//939 525//939 448//939
f 516//940 523//940 509//940
f 509//941 523//941 448//941
f 509//942 448//942 445//942
f 415//943 516//943 519//943
f 519//944 516//944 509//944
f 519//945 509//945 508//945
f 508//946 509//946 445//946
f 422//947 519//947 513//947
f 513//948 519//948 508//948
f 513//949 508//949 515//949
f 515//950 508//950 441//950
f 468//951 442//951 443//951
f 450//952 495//952 451//952
f 451//953 495//953 497//953
f 451//954 497//954 499//954
f 451//955 499//955 452//955
f 501//956 504//956 452//956
f 452//957 504//957 453//957
f 454//958 502//958 449//958
f 443//959 449//959 469//959
f 443//960 469//960 468//960
f 441//961 440//961 515//961
f 447//962 441//962 508//962
f 447//963 508//963 445//963
f 446//964 448//964 525//964
f 525//965 524//965 446//965
f 446//966 524//966 510//966
f 446//967 510//967 444//967
f 444//968 510//968 495//968
f 444//969 495//969 450//969
f 424//970 481//970 423//970
f 423//971 481//971 480//971
f 423//972 480//972 410//972
f 410//973 474//973 411//973
f 474//974 507//974 411//974
f 411//975 507//975 413//975
f 413//976 507//976 506//976
f 413//977 506//977 505//977
f 413//978 505//978 414//978
f 486//979 485//979 414//979
f 414//980 485//980 483//980
f 414//981 483//981 412//981
f 412//982 483//982 416//982
f 483//983 518//983 416//983
f 416//984 518//984 517//984
f 416//985 517//985 417//985
f 417//986 516//986 418//986
f 418//987 516//987 415//987
f 422//988 520//988 425//988
f 390//989 396//989 385//989
f 375//990 386//990 526//990
f 543//991 526//991 395//991
f 526//992 378//992 375//992
f 385//993 383//993 387//993
f 386//994 385//994 396//994
f 386//995 396//995 526//995
f 526//996 396//996 395//996
f 387//997 390//997 385//997
f 521//998 394//998 393//998
f 521//999 404//999 402//999
f 402//1000 400//1000 521//1000
f 521//1001 379//1001 381//1001
f 521//1002 381//1002 406//1002
f 406//1003 409//1003 521//1003
f 521//1004 409//1004 404//1004
f 400//1005 394//1005 521//1005
f 379//1006 521//1006 2528//1006
f 405//1007 407//1007 399//1007
f 526//1008 407//1008 380//1008
f 526//1009 380//1009 378//1009
f 526//1010 543//1010 392//1010
f 399//1011 401//1011 408//1011
f 526//1012 392//1012 407//1012
f 407//1013 392//1013 403//1013
f 407//1014 403//1014 399//1014
f 408//1015 405//1015 399//1015
f 528//1016 378//1016 560//1016
f 529//1017 528//1017 530//1017
f 528//1018 560//1018 530//1018
f 531//1019 378//1019 532//1019
f 533//1020 534//1020 529//1020
f 529//1021 534//1021 535//1021
f 529//1022 535//1022 386//1022
f 529//1023 386//1023 528//1023
f 536//1024 537//1024 538//1024
f 538//1025 537//1025 533//1025
f 534//1026 533//1026 537//1026
f 536//1027 539//1027 537//1027
f 541//1028 540//1028 539//1028
f 541//1029 539//1029 536//1029
f 543//1030 544//1030 542//1030
f 541//1031 545//1031 396//1031
f 541//1032 396//1032 540//1032
f 546//1033 545//1033 541//1033
f 542//1034 548//1034 547//1034
f 542//1035 547//1035 549//1035
f 542//1036 549//1036 403//1036
f 542//1037 403//1037 543//1037
f 550//1038 551//1038 548//1038
f 548//1039 551//1039 547//1039
f 532//1040 378//1040 407//1040
f 532//1041 407//1041 552//1041
f 553//1042 554//1042 550//1042
f 550//1043 554//1043 551//1043
f 532//1044 552//1044 554//1044
f 532//1045 554//1045 553//1045
f 442//1046 555//1046 556//1046
f 556//1047 555//1047 557//1047
f 559//1048 558//1048 557//1048
f 559//1049 557//1049 555//1049
f 561//1050 560//1050 2528//1050
f 560//1051 378//1051 531//1051
f 560//1052 531//1052 2528//1052
f 558//1053 559//1053 561//1053
f 561//1054 559//1054 432//1054
f 561//1055 432//1055 560//1055
f 546//1056 544//1056 543//1056
f 546//1057 543//1057 545//1057
f 546//1058 430//1058 544//1058
f 544//1059 430//1059 431//1059
f 430//1060 562//1060 431//1060
f 430//1061 563//1061 562//1061
f 562//1062 563//1062 527//1062
f 564//1063 563//1063 424//1063
f 564//1064 565//1064 563//1064
f 563//1065 565//1065 527//1065
f 566//1066 567//1066 568//1066
f 568//1067 569//1067 566//1067
f 424//1068 570//1068 564//1068
f 564//1069 570//1069 571//1069
f 564//1070 571//1070 568//1070
f 568//1071 571//1071 569//1071
f 568//1072 573//1072 564//1072
f 567//1073 412//1073 568//1073
f 412//1074 574//1074 568//1074
f 568//1075 574//1075 572//1075
f 442//1076 556//1076 575//1076
f 575//1077 556//1077 576//1077
f 575//1078 576//1078 577//1078
f 578//1079 450//1079 577//1079
f 577//1080 576//1080 579//1080
f 579//1081 580//1081 577//1081
f 577//1082 580//1082 578//1082
f 581//1083 450//1083 582//1083
f 577//1084 450//1084 581//1084
f 581//1085 582//1085 583//1085
f 530//1086 560//1086 586//1086
f 586//1087 560//1087 432//1087
f 536//1088 538//1088 584//1088
f 584//1089 538//1089 533//1089
f 584//1090 533//1090 529//1090
f 529//1091 530//1091 584//1091
f 541//1092 536//1092 584//1092
f 546//1093 585//1093 430//1093
f 585//1094 546//1094 584//1094
f 584//1095 546//1095 541//1095
f 530//1096 586//1096 584//1096
f 584//1097 586//1097 585//1097
f 563//1098 457//1098 458//1098
f 463//1099 586//1099 432//1099
f 465//1100 563//1100 458//1100
f 473//833 474//833 587//833
f 587//1101 474//1101 571//1101
f 587//1102 571//1102 570//1102
f 563//1103 430//1103 457//1103
f 457//1104 430//1104 464//1104
f 478//843 479//843 587//843
f 570//1105 480//1105 587//1105
f 587//845 480//845 481//845
f 587//846 481//846 478//846
f 465//1106 424//1106 563//1106
f 588//1107 577//1107 467//1107
f 559//1108 555//1108 459//1108
f 459//1109 555//1109 462//1109
f 462//1110 555//1110 460//1110
f 460//1111 555//1111 442//1111
f 460//1112 442//1112 461//1112
f 432//1113 559//1113 463//1113
f 463//1114 559//1114 459//1114
f 472//830 461//830 588//830
f 588//831 461//831 469//831
f 588//1115 469//1115 577//1115
f 450//1116 496//1116 497//1116
f 589//873 501//873 498//873
f 498//1117 501//1117 582//1117
f 498//1118 582//1118 499//1118
f 496//903 590//903 498//903
f 498//902 590//902 591//902
f 498//901 591//901 589//901
f 589//900 591//900 592//900
f 589//899 592//899 503//899
f 503//898 592//898 593//898
f 503//897 593//897 467//897
f 467//896 593//896 594//896
f 467//895 594//895 588//895
f 472//1119 588//1119 595//1119
f 472//1120 595//1120 471//1120
f 471//1121 595//1121 596//1121
f 471//1122 596//1122 470//1122
f 470//1123 596//1123 463//1123
f 463//1124 596//1124 585//1124
f 463//1125 585//1125 586//1125
f 482//1126 412//1126 484//1126
f 484//1127 412//1127 485//1127
f 484//1128 486//1128 566//1128
f 484//1129 566//1129 592//1129
f 566//1130 505//1130 592//1130
f 592//884 505//884 506//884
f 592//885 506//885 491//885
f 491//1131 506//1131 569//1131
f 491//1132 569//1132 473//1132
f 473//1133 569//1133 474//1133
f 577//876 502//876 467//876
f 467//1134 502//1134 597//1134
f 467//1135 597//1135 503//1135
f 503//1136 597//1136 589//1136
f 589//1137 597//1137 504//1137
f 589//882 504//882 501//882
f 590//869 482//869 591//869
f 591//868 482//868 484//868
f 591//867 484//867 592//867
f 593//866 592//866 491//866
f 593//865 491//865 594//865
f 594//864 491//864 473//864
f 594//863 473//863 588//863
f 588//862 473//862 587//862
f 588//1138 587//1138 595//1138
f 595//1139 587//1139 479//1139
f 595//1140 479//1140 596//1140
f 596//1141 479//1141 477//1141
f 596//1142 477//1142 476//1142
f 596//1143 476//1143 585//1143
f 585//1144 476//1144 464//1144
f 585//1145 464//1145 430//1145
f 561//1146 2528//1146 600//1146
f 527//1147 565//1147 601//1147
f 601//1148 565//1148 602//1148
f 527//1149 601//1149 562//1149
f 557//1150 558//1150 561//1150
f 412//1151 482//1151 603//1151
f 607//914 517//914 518//914
f 517//1152 607//1152 568//1152
f 568//1153 599//1153 573//1153
f 573//1154 599//1154 604//1154
f 565//1155 520//1155 602//1155
f 602//1156 520//1156 564//1156
f 602//1157 564//1157 604//1157
f 604//1158 564//1158 573//1158
f 601//1159 605//1159 562//1159
f 562//1160 605//1160 431//1160
f 604//1161 515//1161 602//1161
f 602//1162 515//1162 556//1162
f 602//1163 556//1163 601//1163
f 601//1164 556//1164 557//1164
f 601//1165 557//1165 605//1165
f 605//1166 557//1166 561//1166
f 605//1167 561//1167 600//1167
f 605//1168 600//1168 431//1168
f 450//1169 606//1169 496//1169
f 496//1170 606//1170 590//1170
f 450//1171 510//1171 606//1171
f 607//1172 606//1172 524//1172
f 607//1173 524//1173 525//1173
f 482//1174 590//1174 603//1174
f 603//1175 590//1175 606//1175
f 603//1176 606//1176 607//1176
f 599//1177 607//1177 525//1177
f 599//1178 525//1178 579//1178
f 518//1179 603//1179 607//1179
f 598//1180 599//1180 579//1180
f 568//1181 607//1181 599//1181
f 604//1182 599//1182 598//1182
f 604//1183 598//1183 515//1183
f 515//1184 598//1184 576//1184
f 424//1185 481//1185 570//1185
f 570//1186 481//1186 480//1186
f 571//1187 474//1187 569//1187
f 569//1188 506//1188 566//1188
f 566//1189 506//1189 505//1189
f 566//1190 486//1190 567//1190
f 567//1191 486//1191 485//1191
f 567//1192 485//1192 412//1192
f 517//1193 574//1193 518//1193
f 518//1194 574//1194 603//1194
f 603//1195 574//1195 412//1195
f 568//1152 572//1152 517//1152
f 517//1196 572//1196 574//1196
f 520//1197 565//1197 564//1197
f 450//1198 497//1198 499//1198
f 450//1199 499//1199 582//1199
f 582//1200 501//1200 583//1200
f 583//1201 501//1201 504//1201
f 583//1202 504//1202 597//1202
f 583//1203 597//1203 581//1203
f 581//1204 597//1204 502//1204
f 581//1205 502//1205 577//1205
f 575//1206 577//1206 469//1206
f 575//1207 469//1207 468//1207
f 575//1208 468//1208 442//1208
f 556//1209 515//1209 576//1209
f 576//1210 598//1210 579//1210
f 579//1211 525//1211 580//1211
f 580//1212 525//1212 524//1212
f 580//1213 524//1213 578//1213
f 578//1214 524//1214 606//1214
f 578//1215 606//1215 510//1215
f 578//1216 510//1216 450//1216
f 396//1217 545//1217 608//1217
f 608//1218 545//1218 543//1218
f 378//1219 528//1219 608//1219
f 608//1220 528//1220 396//1220
f 386//1221 535//1221 540//1221
f 528//1222 386//1222 396//1222
f 396//994 386//994 540//994
f 535//1223 534//1223 540//1223
f 534//1224 537//1224 540//1224
f 540//1225 537//1225 539//1225
f 544//1226 431//1226 600//1226
f 548//1227 542//1227 600//1227
f 600//1228 542//1228 544//1228
f 532//1229 553//1229 600//1229
f 600//1230 553//1230 550//1230
f 600//1231 550//1231 548//1231
f 600//1232 2528//1232 531//1232
f 600//1233 531//1233 532//1233
f 407//1234 378//1234 608//1234
f 403//1235 549//1235 552//1235
f 608//1236 543//1236 403//1236
f 608//1237 403//1237 407//1237
f 407//1238 403//1238 552//1238
f 549//1239 547//1239 552//1239
f 547//1240 551//1240 552//1240
f 552//1241 551//1241 554//1241
f 609//1242 610//1242 611//1242
f 612//1243 609//1243 611//1243
f 609//1244 612//1244 613//1244
f 613//1245 612//1245 614//1245
f 615//1246 616//1246 617//1246
f 617//1247 616//1247 618//1247
f 617//1248 618//1248 619//1248
f 619//1249 618//1249 613//1249
f 619//1250 613//1250 614//1250
f 620//1251 621//1251 615//1251
f 615//1252 621//1252 616//1252
f 622//1253 623//1253 624//1253
f 624//1254 623//1254 625//1254
f 624//1255 625//1255 620//1255
f 620//1256 625//1256 621//1256
f 626//1257 627//1257 628//1257
f 628//1258 627//1258 629//1258
f 628//1259 629//1259 623//1259
f 628//1260 623//1260 622//1260
f 627//1261 626//1261 630//1261
f 630//1262 626//1262 631//1262
f 630//1263 631//1263 632//1263
f 632//1264 631//1264 633//1264
f 632//1265 633//1265 634//1265
f 634//1266 633//1266 635//1266
f 636//1267 634//1267 635//1267
f 637//1268 636//1268 635//1268
f 638//1269 636//1269 637//1269
f 639//1270 640//1270 641//1270
f 637//1271 642//1271 638//1271
f 638//1272 642//1272 641//1272
f 641//1273 642//1273 639//1273
f 643//1274 640//1274 639//1274
f 644//1275 645//1275 646//1275
f 646//1276 645//1276 643//1276
f 646//1277 643//1277 639//1277
f 645//1278 644//1278 647//1278
f 647//1279 644//1279 648//1279
f 647//1280 648//1280 649//1280
f 649//1281 648//1281 650//1281
f 651//1282 652//1282 650//1282
f 650//1283 652//1283 649//1283
f 652//1284 651//1284 653//1284
f 653//1285 651//1285 654//1285
f 653//1286 654//1286 655//1286
f 655//1287 654//1287 656//1287
f 655//1288 656//1288 657//1288
f 657//1289 656//1289 658//1289
f 657//1290 658//1290 610//1290
f 610//1291 658//1291 611//1291
f 610//1292 609//1292 659//1292
f 655//1293 657//1293 659//1293
f 659//1294 657//1294 610//1294
f 655//1295 659//1295 653//1295
f 653//1296 659//1296 652//1296
f 652//1297 659//1297 660//1297
f 659//1298 609//1298 661//1298
f 659//1299 661//1299 662//1299
f 659//1300 662//1300 660//1300
f 663//1301 613//1301 664//1301
f 664//1302 613//1302 618//1302
f 664//1303 618//1303 665//1303
f 665//1304 618//1304 616//1304
f 665//1305 616//1305 666//1305
f 662//1306 661//1306 663//1306
f 663//1307 661//1307 609//1307
f 663//1308 609//1308 613//1308
f 662//1309 663//1309 667//1309
f 667//1310 663//1310 664//1310
f 667//1311 664//1311 668//1311
f 668//1312 664//1312 665//1312
f 668//1313 665//1313 669//1313
f 669//1314 665//1314 666//1314
f 669//1315 666//1315 670//1315
f 627//1316 672//1316 629//1316
f 625//1317 623//1317 671//1317
f 625//1318 671//1318 621//1318
f 666//1319 616//1319 671//1319
f 671//1320 616//1320 621//1320
f 670//1321 666//1321 672//1321
f 672//1322 666//1322 671//1322
f 672//1323 671//1323 629//1323
f 629//1324 671//1324 623//1324
f 636//1325 670//1325 673//1325
f 634//1326 630//1326 632//1326
f 630//1327 634//1327 627//1327
f 627//1328 634//1328 673//1328
f 673//1329 634//1329 636//1329
f 672//1330 627//1330 673//1330
f 672//1331 673//1331 670//1331
f 640//1332 662//1332 667//1332
f 640//1333 667//1333 668//1333
f 640//1334 668//1334 641//1334
f 641//1335 668//1335 669//1335
f 641//1336 669//1336 638//1336
f 638//1337 669//1337 670//1337
f 638//1338 670//1338 636//1338
f 645//1339 647//1339 649//1339
f 652//1340 660//1340 649//1340
f 649//1341 660//1341 643//1341
f 649//1342 643//1342 645//1342
f 640//1343 643//1343 662//1343
f 662//1344 643//1344 660//1344
f 658//1345 656//1345 611//1345
f 611//1346 656//1346 654//1346
f 651//1347 674//1347 654//1347
f 674//1348 675//1348 654//1348
f 654//1349 675//1349 612//1349
f 654//1350 612//1350 611//1350
f 674//1351 676//1351 677//1351
f 674//1352 677//1352 675//1352
f 675//1353 677//1353 612//1353
f 614//1354 678//1354 619//1354
f 619//1355 678//1355 679//1355
f 619//1356 679//1356 680//1356
f 619//1357 680//1357 617//1357
f 615//1358 617//1358 681//1358
f 681//1359 617//1359 680//1359
f 682//1360 681//1360 680//1360
f 677//1361 678//1361 614//1361
f 677//1362 614//1362 612//1362
f 682//1363 680//1363 683//1363
f 683//1364 680//1364 679//1364
f 683//1365 679//1365 684//1365
f 684//1366 679//1366 678//1366
f 684//1367 678//1367 685//1367
f 685//1368 678//1368 677//1368
f 685//1369 677//1369 676//1369
f 682//1370 686//1370 687//1370
f 628//1371 622//1371 620//1371
f 620//1372 622//1372 624//1372
f 628//1373 687//1373 626//1373
f 626//1374 687//1374 686//1374
f 620//1375 615//1375 687//1375
f 681//1376 687//1376 615//1376
f 628//1377 620//1377 687//1377
f 687//1378 681//1378 682//1378
f 635//1379 633//1379 688//1379
f 688//1380 633//1380 631//1380
f 688//1381 682//1381 637//1381
f 688//1382 637//1382 635//1382
f 626//1383 688//1383 631//1383
f 686//1384 682//1384 688//1384
f 686//1385 688//1385 626//1385
f 637//1386 682//1386 683//1386
f 637//1387 683//1387 642//1387
f 642//1388 683//1388 684//1388
f 685//1389 676//1389 639//1389
f 685//1390 639//1390 684//1390
f 684//1391 639//1391 642//1391
f 646//1392 639//1392 676//1392
f 648//1393 644//1393 689//1393
f 648//1394 689//1394 650//1394
f 650//1395 689//1395 651//1395
f 651//1396 689//1396 674//1396
f 676//1397 674//1397 689//1397
f 676//1398 689//1398 646//1398
f 646//1399 689//1399 644//1399
f 690//1400 691//1400 692//1400
f 693//1401 694//1401 695//1401
f 696//1402 697//1402 698//1402
f 699//1403 700//1403 701//1403
f 702//1404 703//1404 701//1404
f 702//1405 701//1405 700//1405
f 704//1406 705//1406 698//1406
f 699//1407 701//1407 706//1407
f 699//1408 706//1408 707//1408
f 707//1409 706//1409 708//1409
f 707//1410 708//1410 698//1410
f 698//1411 708//1411 704//1411
f 705//1412 711//1412 712//1412
f 713//1413 714//1413 715//1413
f 714//1414 716//1414 715//1414
f 715//1415 716//1415 717//1415
f 717//1416 716//1416 691//1416
f 697//1417 718//1417 698//1417
f 705//1418 712//1418 713//1418
f 705//1419 713//1419 698//1419
f 698//1420 713//1420 715//1420
f 698//1421 715//1421 696//1421
f 718//1422 697//1422 719//1422
f 719//1423 697//1423 695//1423
f 695//1424 697//1424 693//1424
f 691//1425 716//1425 720//1425
f 691//1426 720//1426 692//1426
f 721//1427 722//1427 692//1427
f 692//1428 722//1428 690//1428
f 723//1429 724//1429 725//1429
f 723//1430 725//1430 726//1430
f 726//1431 725//1431 711//1431
f 726//1432 711//1432 710//1432
f 710//1433 711//1433 705//1433
f 710//1434 705//1434 709//1434
f 727//1435 724//1435 723//1435
f 722//1436 721//1436 730//1436
f 730//1437 721//1437 731//1437
f 731//1438 721//1438 732//1438
f 731//1439 732//1439 733//1439
f 731//1440 733//1440 734//1440
f 733//1441 728//1441 734//1441
f 733//1442 735//1442 728//1442
f 728//1443 735//1443 736//1443
f 728//1444 736//1444 737//1444
f 739//1445 738//1445 740//1445
f 739//1446 740//1446 741//1446
f 742//1447 743//1447 744//1447
f 745//1448 746//1448 747//1448
f 743//1449 748//1449 744//1449
f 744//1450 748//1450 745//1450
f 744//1451 745//1451 747//1451
f 741//1452 740//1452 737//1452
f 737//1453 740//1453 742//1453
f 737//1454 742//1454 728//1454
f 728//1455 742//1455 744//1455
f 728//1456 744//1456 729//1456
f 749//1457 1023//1457 750//1457
f 749//1458 750//1458 751//1458
f 749//1459 751//1459 752//1459
f 1023//1460 753//1460 750//1460
f 750//1461 753//1461 729//1461
f 729//1462 753//1462 754//1462
f 729//1463 754//1463 728//1463
f 745//1464 755//1464 746//1464
f 746//1465 755//1465 703//1465
f 746//1466 703//1466 702//1466
f 723//1467 756//1467 727//1467
f 727//1468 756//1468 738//1468
f 727//1469 738//1469 739//1469
f 758//1470 759//1470 757//1470
f 757//1471 759//1471 760//1471
f 760//1472 759//1472 761//1472
f 765//1473 762//1473 773//1473
f 757//1474 763//1474 758//1474
f 758//1475 763//1475 764//1475
f 764//1476 763//1476 765//1476
f 764//1477 765//1477 773//1477
f 773//1478 762//1478 766//1478
f 773//1479 766//1479 767//1479
f 768//1480 769//1480 770//1480
f 770//1481 769//1481 771//1481
f 767//1482 766//1482 770//1482
f 767//1483 770//1483 771//1483
f 767//1484 772//1484 773//1484
f 773//1485 772//1485 774//1485
f 774//1486 772//1486 775//1486
f 775//1487 772//1487 776//1487
f 775//1488 776//1488 777//1488
f 749//1489 752//1489 775//1489
f 749//1490 775//1490 777//1490
f 778//1491 779//1491 780//1491
f 769//1492 768//1492 780//1492
f 769//1493 780//1493 779//1493
f 781//1494 782//1494 783//1494
f 784//1495 785//1495 786//1495
f 786//1496 785//1496 787//1496
f 779//1497 778//1497 786//1497
f 779//1498 786//1498 787//1498
f 788//1499 789//1499 782//1499
f 791//1500 790//1500 792//1500
f 791//1501 792//1501 784//1501
f 784//1502 792//1502 785//1502
f 783//1503 782//1503 789//1503
f 791//1504 788//1504 790//1504
f 790//1505 788//1505 782//1505
f 790//1506 782//1506 793//1506
f 790//1507 793//1507 794//1507
f 794//1508 793//1508 795//1508
f 795//1509 793//1509 796//1509
f 795//1510 796//1510 797//1510
f 798//1511 799//1511 800//1511
f 800//1512 799//1512 795//1512
f 800//1513 795//1513 797//1513
f 781//1514 783//1514 801//1514
f 801//1515 783//1515 802//1515
f 801//1516 802//1516 761//1516
f 761//1517 802//1517 803//1517
f 761//1518 803//1518 760//1518
f 806//1519 804//1519 807//1519
f 806//1520 807//1520 808//1520
f 1061//1521 809//1521 812//1521
f 1061//1522 812//1522 813//1522
f 815//1523 814//1523 816//1523
f 815//1524 816//1524 817//1524
f 815//1525 817//1525 818//1525
f 818//1526 817//1526 819//1526
f 818//1527 819//1527 812//1527
f 812//1528 819//1528 820//1528
f 811//1529 814//1529 815//1529
f 811//1530 815//1530 810//1530
f 810//1531 815//1531 821//1531
f 821//1532 815//1532 818//1532
f 821//1533 818//1533 805//1533
f 805//1534 818//1534 804//1534
f 804//1535 818//1535 812//1535
f 820//1536 813//1536 812//1536
f 804//1537 812//1537 809//1537
f 804//1538 809//1538 807//1538
f 823//1539 808//1539 807//1539
f 829//1540 830//1540 834//1540
f 831//1541 832//1541 830//1541
f 831//1542 830//1542 829//1542
f 833//1543 832//1543 831//1543
f 831//1544 811//1544 833//1544
f 833//1545 811//1545 810//1545
f 834//1546 835//1546 829//1546
f 829//1547 835//1547 836//1547
f 829//1548 836//1548 831//1548
f 831//1549 836//1549 837//1549
f 831//1550 837//1550 838//1550
f 831//1551 838//1551 811//1551
f 811//1552 838//1552 814//1552
f 827//1553 834//1553 828//1553
f 828//1554 834//1554 830//1554
f 841//1555 842//1555 843//1555
f 843//1556 842//1556 844//1556
f 844//1557 842//1557 845//1557
f 846//1558 847//1558 848//1558
f 847//1559 852//1559 849//1559
f 849//1560 852//1560 853//1560
f 849//1561 853//1561 854//1561
f 849//1562 854//1562 850//1562
f 850//1563 854//1563 855//1563
f 850//1564 855//1564 1152//1564
f 850//1565 1152//1565 851//1565
f 851//1566 1152//1566 856//1566
f 851//1567 856//1567 834//1567
f 851//1568 834//1568 827//1568
f 848//1569 847//1569 849//1569
f 844//1570 845//1570 857//1570
f 861//1571 862//1571 863//1571
f 863//1572 862//1572 864//1572
f 863//1573 864//1573 865//1573
f 867//1574 866//1574 868//1574
f 867//1575 868//1575 869//1575
f 867//1576 869//1576 870//1576
f 870//1577 869//1577 871//1577
f 870//1578 871//1578 861//1578
f 861//1579 871//1579 872//1579
f 861//1580 872//1580 862//1580
f 845//1581 870//1581 857//1581
f 857//1582 870//1582 859//1582
f 870//1583 861//1583 859//1583
f 859//1584 861//1584 858//1584
f 858//1585 861//1585 863//1585
f 858//1586 863//1586 860//1586
f 860//1587 863//1587 874//1587
f 874//1588 863//1588 865//1588
f 1069//1589 866//1589 873//1589
f 873//1590 866//1590 867//1590
f 873//1591 867//1591 845//1591
f 845//1592 867//1592 870//1592
f 846//1593 876//1593 847//1593
f 847//1594 876//1594 877//1594
f 877//1595 876//1595 878//1595
f 878//1596 876//1596 879//1596
f 878//1597 879//1597 1158//1597
f 1158//1598 879//1598 1157//1598
f 1157//1599 879//1599 880//1599
f 1157//1600 880//1600 881//1600
f 881//1601 880//1601 882//1601
f 881//1602 882//1602 883//1602
f 880//1603 879//1603 875//1603
f 880//1604 875//1604 882//1604
f 884//1605 885//1605 886//1605
f 874//1606 865//1606 885//1606
f 885//1607 887//1607 874//1607
f 884//1608 886//1608 888//1608
f 886//1609 882//1609 888//1609
f 888//1610 882//1610 875//1610
f 883//1611 882//1611 886//1611
f 883//1612 886//1612 889//1612
f 889//1613 886//1613 890//1613
f 890//1614 886//1614 885//1614
f 890//1615 885//1615 891//1615
f 891//1616 885//1616 892//1616
f 892//1617 885//1617 865//1617
f 892//1618 865//1618 893//1618
f 893//1619 865//1619 864//1619
f 884//1620 887//1620 885//1620
f 695//1621 694//1621 894//1621
f 894//1622 694//1622 895//1622
f 895//1623 694//1623 896//1623
f 895//1624 896//1624 897//1624
f 898//1625 899//1625 900//1625
f 900//1626 899//1626 895//1626
f 900//1627 895//1627 897//1627
f 898//1628 901//1628 899//1628
f 902//1629 903//1629 904//1629
f 904//1630 903//1630 901//1630
f 904//1631 901//1631 905//1631
f 905//1632 901//1632 898//1632
f 902//1633 904//1633 908//1633
f 908//1634 904//1634 907//1634
f 907//1635 904//1635 909//1635
f 907//1636 909//1636 906//1636
f 910//1637 911//1637 912//1637
f 912//1638 911//1638 906//1638
f 906//1639 911//1639 913//1639
f 906//1640 913//1640 907//1640
f 910//1641 916//1641 911//1641
f 911//1642 916//1642 915//1642
f 911//1643 915//1643 917//1643
f 917//1644 915//1644 914//1644
f 914//1645 915//1645 918//1645
f 914//1646 918//1646 919//1646
f 919//1647 918//1647 920//1647
f 919//1648 920//1648 921//1648
f 922//1649 923//1649 924//1649
f 924//1650 923//1650 920//1650
f 920//1651 923//1651 925//1651
f 920//1652 925//1652 921//1652
f 926//1653 923//1653 922//1653
f 927//1654 930//1654 928//1654
f 926//1655 922//1655 928//1655
f 928//1656 922//1656 929//1656
f 928//1657 929//1657 927//1657
f 928//1658 930//1658 932//1658
f 932//1659 930//1659 931//1659
f 933//1660 934//1660 935//1660
f 935//1661 934//1661 936//1661
f 935//1662 936//1662 937//1662
f 937//1663 936//1663 930//1663
f 930//1664 936//1664 938//1664
f 930//1665 938//1665 931//1665
f 933//1666 935//1666 940//1666
f 933//1667 940//1667 939//1667
f 941//1668 942//1668 943//1668
f 943//1669 942//1669 944//1669
f 933//1670 939//1670 943//1670
f 933//1671 943//1671 944//1671
f 945//1672 946//1672 941//1672
f 945//1673 941//1673 947//1673
f 947//1674 941//1674 943//1674
f 946//1675 945//1675 948//1675
f 800//1676 1141//1676 949//1676
f 800//1677 949//1677 950//1677
f 800//1678 950//1678 798//1678
f 1141//1679 951//1679 949//1679
f 949//1680 951//1680 948//1680
f 948//1681 951//1681 952//1681
f 948//1682 952//1682 946//1682
f 959//1683 960//1683 961//1683
f 960//1684 962//1684 961//1684
f 961//1685 962//1685 963//1685
f 963//1686 962//1686 964//1686
f 966//1687 967//1687 968//1687
f 966//1688 968//1688 969//1688
f 971//1689 970//1689 972//1689
f 971//1690 972//1690 973//1690
f 973//1691 972//1691 974//1691
f 973//1692 974//1692 966//1692
f 966//1693 974//1693 975//1693
f 966//1694 975//1694 967//1694
f 953//1695 971//1695 954//1695
f 954//1696 971//1696 973//1696
f 954//1697 973//1697 955//1697
f 955//1698 973//1698 966//1698
f 955//1699 966//1699 956//1699
f 956//1700 966//1700 957//1700
f 957//1701 966//1701 969//1701
f 957//1702 969//1702 958//1702
f 980//1703 978//1703 981//1703
f 981//1704 978//1704 982//1704
f 981//1705 982//1705 983//1705
f 983//1706 982//1706 984//1706
f 984//1707 982//1707 985//1707
f 986//1708 958//1708 977//1708
f 977//1709 958//1709 969//1709
f 977//1710 969//1710 976//1710
f 976//1711 969//1711 968//1711
f 987//1712 977//1712 976//1712
f 987//1713 985//1713 977//1713
f 977//1714 985//1714 982//1714
f 977//1715 982//1715 986//1715
f 986//1716 982//1716 988//1716
f 988//1717 982//1717 978//1717
f 988//1718 978//1718 989//1718
f 989//1719 978//1719 979//1719
f 958//1720 986//1720 990//1720
f 986//1721 991//1721 990//1721
f 988//1722 991//1722 986//1722
f 992//1723 993//1723 970//1723
f 992//1724 970//1724 971//1724
f 995//1725 994//1725 996//1725
f 995//1726 996//1726 997//1726
f 995//1727 997//1727 998//1727
f 998//1728 997//1728 992//1728
f 992//1729 997//1729 771//1729
f 992//1730 771//1730 993//1730
f 999//1731 994//1731 995//1731
f 999//1732 995//1732 960//1732
f 960//1733 995//1733 962//1733
f 962//1734 995//1734 998//1734
f 962//1735 998//1735 964//1735
f 964//1736 998//1736 992//1736
f 964//1737 992//1737 965//1737
f 965//1738 992//1738 953//1738
f 953//1739 992//1739 971//1739
f 979//1740 978//1740 1000//1740
f 979//1741 1000//1741 1001//1741
f 1001//1742 1000//1742 1002//1742
f 1001//1743 1002//1743 1003//1743
f 1003//1744 1002//1744 1004//1744
f 1004//1745 1002//1745 1005//1745
f 1004//1746 1005//1746 1006//1746
f 1006//1747 1005//1747 1007//1747
f 1007//1748 1005//1748 1008//1748
f 1009//1749 1005//1749 1002//1749
f 1009//1750 1002//1750 1010//1750
f 1010//1751 1002//1751 1011//1751
f 1011//1752 1002//1752 1000//1752
f 1011//1753 1000//1753 980//1753
f 980//1754 1000//1754 978//1754
f 1015//1755 1014//1755 1012//1755
f 1014//1756 1015//1756 1016//1756
f 1016//1757 960//1757 959//1757
f 1012//1758 1017//1758 1018//1758
f 1019//1759 1020//1759 1013//1759
f 1013//1760 1020//1760 1017//1760
f 1021//1761 1022//1761 1023//1761
f 1021//1762 1023//1762 999//1762
f 999//1763 1023//1763 994//1763
f 1020//1764 1024//1764 1017//1764
f 1017//1765 1024//1765 1025//1765
f 1017//1766 1025//1766 1018//1766
f 1018//1767 1025//1767 1026//1767
f 1018//1768 1026//1768 1021//1768
f 1021//1769 1026//1769 1027//1769
f 1021//1770 1027//1770 1022//1770
f 1020//1771 1028//1771 1024//1771
f 1012//1772 1018//1772 1015//1772
f 1016//1773 1015//1773 960//1773
f 960//1774 1015//1774 999//1774
f 1012//1775 1013//1775 1017//1775
f 1015//1776 1018//1776 1021//1776
f 1015//1777 1021//1777 999//1777
f 1031//1778 1032//1778 1029//1778
f 1029//1779 1032//1779 1030//1779
f 1033//1780 1031//1780 1034//1780
f 1034//1781 1031//1781 1029//1781
f 1029//1782 1030//1782 1130//1782
f 1130//1783 1030//1783 1129//1783
f 1129//1784 1030//1784 1008//1784
f 1129//1785 1008//1785 1035//1785
f 1035//1786 1008//1786 1005//1786
f 1037//1787 1038//1787 1036//1787
f 1039//1788 1040//1788 1038//1788
f 1039//1789 1038//1789 1037//1789
f 1042//1790 1041//1790 1039//1790
f 1039//1791 1041//1791 1040//1791
f 1041//1792 1042//1792 1019//1792
f 1019//1793 1042//1793 1020//1793
f 1042//1794 1043//1794 1044//1794
f 1042//1795 1044//1795 1028//1795
f 1042//1796 1028//1796 1020//1796
f 1037//1797 1045//1797 1046//1797
f 1037//1798 1046//1798 1039//1798
f 1039//1799 1046//1799 1047//1799
f 1049//1800 1048//1800 1037//1800
f 1037//1801 1048//1801 1045//1801
f 1036//1802 1049//1802 1037//1802
f 1042//1803 1039//1803 1047//1803
f 1042//1804 1047//1804 1043//1804
f 1033//1805 1034//1805 1050//1805
f 1033//1806 1050//1806 1051//1806
f 1048//1807 1049//1807 1052//1807
f 1052//1808 1049//1808 1053//1808
f 1052//1809 1053//1809 1139//1809
f 1139//1810 1053//1810 1054//1810
f 1054//1811 1053//1811 1138//1811
f 1138//1812 1053//1812 1050//1812
f 1138//1813 1050//1813 1055//1813
f 1051//1814 1050//1814 1053//1814
f 1051//1815 1053//1815 1056//1815
f 1056//1816 1053//1816 1049//1816
f 1056//1817 1049//1817 1036//1817
f 1057//1818 1058//1818 1059//1818
f 1057//1819 1059//1819 1060//1819
f 1062//1820 1061//1820 1063//1820
f 1062//1821 1063//1821 1064//1821
f 1064//1822 1063//1822 1065//1822
f 1064//1823 1065//1823 1057//1823
f 1057//1824 1065//1824 1066//1824
f 1057//1825 1066//1825 1058//1825
f 809//1826 1061//1826 1062//1826
f 809//1827 1062//1827 807//1827
f 807//1828 1062//1828 823//1828
f 823//1829 1062//1829 1064//1829
f 823//1830 1064//1830 822//1830
f 822//1831 1064//1831 1057//1831
f 822//1832 1057//1832 824//1832
f 824//1833 1057//1833 1060//1833
f 824//1834 1060//1834 825//1834
f 825//1835 1060//1835 826//1835
f 1067//1836 1068//1836 1069//1836
f 1067//1837 1069//1837 873//1837
f 1070//1838 1059//1838 1071//1838
f 1070//1839 1071//1839 1072//1839
f 1070//1840 1072//1840 1073//1840
f 1073//1841 1072//1841 1067//1841
f 1067//1842 1072//1842 774//1842
f 1067//1843 774//1843 1068//1843
f 1060//1844 1059//1844 1070//1844
f 1060//1845 1070//1845 826//1845
f 826//1846 1070//1846 839//1846
f 839//1847 1070//1847 1073//1847
f 839//1848 1073//1848 840//1848
f 840//1849 1073//1849 1067//1849
f 840//1850 1067//1850 841//1850
f 841//1851 1067//1851 842//1851
f 842//1852 1067//1852 873//1852
f 842//1853 873//1853 845//1853
f 1006//1854 1007//1854 1078//1854
f 964//1855 1079//1855 1080//1855
f 964//1856 1080//1856 963//1856
f 963//1857 1080//1857 961//1857
f 961//1858 1080//1858 1081//1858
f 1016//1859 959//1859 1082//1859
f 1082//1860 959//1860 1081//1860
f 1081//1861 959//1861 961//1861
f 1012//1862 1014//1862 1083//1862
f 1083//1863 1014//1863 1082//1863
f 1082//1864 1014//1864 1016//1864
f 1012//1865 1083//1865 1084//1865
f 1012//1866 1084//1866 1013//1866
f 1041//1867 1019//1867 1085//1867
f 1085//1868 1019//1868 1084//1868
f 1084//1869 1019//1869 1013//1869
f 1086//1870 1040//1870 1041//1870
f 1086//1871 1041//1871 1085//1871
f 1040//1872 1086//1872 1038//1872
f 1038//1873 1086//1873 1087//1873
f 1038//1874 1087//1874 1036//1874
f 1088//1875 1056//1875 1036//1875
f 1088//1876 1036//1876 1087//1876
f 1056//1877 1088//1877 1089//1877
f 1056//1878 1089//1878 1051//1878
f 1090//1879 1033//1879 1051//1879
f 1090//1880 1051//1880 1089//1880
f 1091//1881 1032//1881 1090//1881
f 1090//1882 1032//1882 1031//1882
f 1090//1883 1031//1883 1033//1883
f 1008//1884 1030//1884 1092//1884
f 1092//1885 1030//1885 1091//1885
f 1091//1886 1030//1886 1032//1886
f 1078//1887 1007//1887 1092//1887
f 1092//1888 1007//1888 1008//1888
f 1003//1889 1004//1889 1093//1889
f 1093//1890 1004//1890 1078//1890
f 1078//1891 1004//1891 1006//1891
f 1077//1892 1001//1892 1093//1892
f 1093//1893 1001//1893 1003//1893
f 1076//1894 979//1894 1077//1894
f 1077//1895 979//1895 1001//1895
f 991//1896 988//1896 1094//1896
f 1094//1897 988//1897 1076//1897
f 1076//1898 988//1898 989//1898
f 1076//1899 989//1899 979//1899
f 1095//1900 990//1900 991//1900
f 1095//1901 991//1901 1094//1901
f 1075//1902 956//1902 1096//1902
f 1096//1903 956//1903 957//1903
f 957//1904 958//1904 1096//1904
f 1096//1905 958//1905 1095//1905
f 1095//1906 958//1906 990//1906
f 1074//1907 955//1907 1075//1907
f 1075//1908 955//1908 956//1908
f 964//1909 965//1909 1079//1909
f 1079//1910 965//1910 953//1910
f 1079//1911 953//1911 1097//1911
f 1097//1912 953//1912 1074//1912
f 1074//1913 953//1913 954//1913
f 1074//1914 954//1914 955//1914
f 1080//107 1079//107 1097//107
f 1080//107 1097//107 1074//107
f 1083//107 1082//107 1080//107
f 1080//107 1082//107 1081//107
f 1086//107 1085//107 1080//107
f 1080//107 1085//107 1084//107
f 1080//107 1084//107 1083//107
f 1089//107 1088//107 1080//107
f 1080//107 1088//107 1087//107
f 1080//107 1087//107 1086//107
f 1092//107 1091//107 1080//107
f 1080//107 1091//107 1090//107
f 1080//107 1090//107 1089//107
f 1077//107 1093//107 1080//107
f 1080//107 1093//107 1078//107
f 1080//107 1078//107 1092//107
f 1095//107 1094//107 1080//107
f 1080//107 1094//107 1076//107
f 1080//107 1076//107 1077//107
f 1074//107 1075//107 1080//107
f 1080//107 1075//107 1096//107
f 1080//107 1096//107 1095//107
f 860//1915 874//1915 1099//1915
f 810//1916 1100//1916 1101//1916
f 810//1917 1101//1917 833//1917
f 830//1918 832//1918 1102//1918
f 1102//1919 832//1919 1101//1919
f 1101//1920 832//1920 833//1920
f 827//1921 828//1921 1103//1921
f 1103//1922 828//1922 1102//1922
f 1102//1923 828//1923 830//1923
f 827//1924 1103//1924 1104//1924
f 827//1925 1104//1925 851//1925
f 1105//1926 849//1926 850//1926
f 1105//1927 850//1927 1104//1927
f 1104//1928 850//1928 851//1928
f 849//1929 1105//1929 848//1929
f 848//1930 1105//1930 1106//1930
f 1106//1931 846//1931 848//1931
f 879//1932 1107//1932 1108//1932
f 879//1933 876//1933 1107//1933
f 1107//1934 876//1934 1106//1934
f 1106//1935 876//1935 846//1935
f 879//1936 1108//1936 875//1936
f 875//1937 1108//1937 1109//1937
f 1110//1938 884//1938 888//1938
f 1110//1939 888//1939 1109//1939
f 1109//1940 888//1940 875//1940
f 1099//1941 874//1941 1111//1941
f 874//1942 887//1942 1111//1942
f 1111//1943 887//1943 1110//1943
f 1110//1944 887//1944 884//1944
f 859//1945 858//1945 1112//1945
f 1112//1946 858//1946 1099//1946
f 1099//1947 858//1947 860//1947
f 844//1948 857//1948 1113//1948
f 1113//1949 857//1949 1112//1949
f 1112//1950 857//1950 859//1950
f 843//1951 1114//1951 841//1951
f 841//1952 1114//1952 1115//1952
f 841//1953 1115//1953 840//1953
f 1114//1954 843//1954 844//1954
f 1114//1955 844//1955 1113//1955
f 1098//1956 839//1956 1115//1956
f 1115//1957 839//1957 840//1957
f 1116//1958 824//1958 825//1958
f 1116//1959 825//1959 1117//1959
f 1117//1960 825//1960 826//1960
f 1117//1961 826//1961 1098//1961
f 1098//1962 826//1962 839//1962
f 824//1963 1116//1963 1118//1963
f 824//1964 1118//1964 822//1964
f 808//1965 823//1965 1119//1965
f 1119//1966 823//1966 822//1966
f 1119//1967 822//1967 1118//1967
f 1120//1968 806//1968 808//1968
f 1120//1969 808//1969 1119//1969
f 1100//1970 810//1970 821//1970
f 1100//1971 821//1971 1121//1971
f 1121//1972 821//1972 805//1972
f 805//1973 804//1973 1121//1973
f 1121//1974 804//1974 1120//1974
f 1120//1975 804//1975 806//1975
f 1116//110 1117//110 1098//110
f 1121//110 1120//110 1116//110
f 1116//110 1120//110 1119//110
f 1116//110 1119//110 1118//110
f 1102//110 1101//110 1116//110
f 1116//110 1101//110 1100//110
f 1116//110 1100//110 1121//110
f 1105//110 1104//110 1116//110
f 1116//110 1104//110 1103//110
f 1116//110 1103//110 1102//110
f 1108//110 1107//110 1116//110
f 1116//110 1107//110 1106//110
f 1116//110 1106//110 1105//110
f 1111//110 1110//110 1116//110
f 1116//110 1110//110 1109//110
f 1116//110 1109//110 1108//110
f 1113//110 1112//110 1116//110
f 1116//110 1112//110 1099//110
f 1116//110 1099//110 1111//110
f 1098//110 1115//110 1116//110
f 1116//110 1115//110 1114//110
f 1116//110 1114//110 1113//110
f 922//1976 1122//1976 929//1976
f 1123//1977 939//1977 940//1977
f 937//1978 930//1978 1124//1978
f 1124//1979 930//1979 927//1979
f 1123//1980 940//1980 935//1980
f 1123//1981 935//1981 1011//1981
f 1011//1982 935//1982 937//1982
f 1011//1983 937//1983 1125//1983
f 1125//1984 937//1984 1124//1984
f 1125//1985 1124//1985 1010//1985
f 1010//1986 1124//1986 927//1986
f 1010//1987 927//1987 1126//1987
f 1126//1988 927//1988 929//1988
f 1126//1989 929//1989 1122//1989
f 1126//1990 1122//1990 1127//1990
f 980//1991 1123//1991 1011//1991
f 1011//1992 1125//1992 1010//1992
f 1010//1993 1126//1993 1009//1993
f 1009//1994 1126//1994 1127//1994
f 1009//1995 1127//1995 1005//1995
f 798//1996 976//1996 968//1996
f 798//1997 950//1997 976//1997
f 976//1998 950//1998 949//1998
f 976//1999 949//1999 987//1999
f 987//2000 949//2000 948//2000
f 987//2001 948//2001 985//2001
f 985//2002 948//2002 945//2002
f 985//2003 945//2003 984//2003
f 984//2004 945//2004 947//2004
f 984//2005 947//2005 983//2005
f 983//2006 947//2006 943//2006
f 983//2007 943//2007 981//2007
f 981//2008 943//2008 939//2008
f 981//2009 939//2009 1123//2009
f 981//2010 1123//2010 980//2010
f 1122//2011 922//2011 924//2011
f 1127//2012 1122//2012 1128//2012
f 1005//2013 1127//2013 1035//2013
f 1122//2014 924//2014 1128//2014
f 1128//2015 924//2015 920//2015
f 1128//2016 920//2016 918//2016
f 1128//2017 918//2017 1129//2017
f 1129//2018 918//2018 915//2018
f 1129//2019 915//2019 1130//2019
f 1130//2020 915//2020 916//2020
f 1130//2021 916//2021 1131//2021
f 1131//2022 916//2022 910//2022
f 1131//2023 910//2023 1132//2023
f 1132//2024 910//2024 912//2024
f 1132//2025 912//2025 1133//2025
f 1133//2026 912//2026 906//2026
f 1127//2027 1128//2027 1035//2027
f 1035//2028 1128//2028 1129//2028
f 1131//2029 1132//2029 1029//2029
f 1029//2030 1132//2030 1133//2030
f 1029//2031 1133//2031 1134//2031
f 1130//2032 1131//2032 1029//2032
f 1029//2033 1134//2033 1034//2033
f 1135//2034 779//2034 787//2034
f 970//2035 1135//2035 787//2035
f 792//2036 790//2036 974//2036
f 974//2037 790//2037 794//2037
f 795//2038 967//2038 794//2038
f 794//2039 967//2039 975//2039
f 794//2040 975//2040 974//2040
f 967//2041 795//2041 799//2041
f 970//2042 787//2042 785//2042
f 970//2043 785//2043 972//2043
f 972//2044 785//2044 792//2044
f 972//2045 792//2045 974//2045
f 967//2046 799//2046 968//2046
f 968//2047 799//2047 798//2047
f 1133//2048 906//2048 909//2048
f 1134//2049 1133//2049 1136//2049
f 1034//2050 1134//2050 1136//2050
f 909//2051 904//2051 1137//2051
f 1137//2052 904//2052 905//2052
f 1133//2053 909//2053 1136//2053
f 1136//2054 909//2054 1137//2054
f 905//2055 898//2055 1138//2055
f 1138//2056 898//2056 900//2056
f 900//2057 897//2057 1139//2057
f 1139//2058 897//2058 896//2058
f 896//2059 694//2059 1140//2059
f 1136//2060 1137//2060 905//2060
f 1136//2061 905//2061 1055//2061
f 1055//2062 905//2062 1138//2062
f 1138//2063 900//2063 1054//2063
f 1054//2064 900//2064 1139//2064
f 1139//2065 896//2065 1052//2065
f 1052//2066 896//2066 1140//2066
f 1034//2067 1136//2067 1050//2067
f 1050//2068 1136//2068 1055//2068
f 1052//2069 1140//2069 1048//2069
f 777//2070 776//2070 996//2070
f 996//2071 776//2071 772//2071
f 769//2072 993//2072 771//2072
f 993//2073 769//2073 779//2073
f 993//2074 779//2074 1135//2074
f 994//2075 777//2075 996//2075
f 996//2076 772//2076 997//2076
f 997//2077 772//2077 767//2077
f 997//2078 767//2078 771//2078
f 993//2079 1135//2079 970//2079
f 1140//2080 694//2080 693//2080
f 1140//2081 693//2081 697//2081
f 1140//2082 697//2082 1045//2082
f 1045//2083 697//2083 696//2083
f 1045//2084 696//2084 1046//2084
f 1046//2085 696//2085 715//2085
f 1046//2086 715//2086 1047//2086
f 1047//2087 715//2087 717//2087
f 1047//2088 717//2088 691//2088
f 1047//2089 691//2089 1043//2089
f 1043//2090 691//2090 690//2090
f 1043//2091 690//2091 1044//2091
f 1044//2092 690//2092 722//2092
f 1044//2093 722//2093 1028//2093
f 1048//2094 1140//2094 1045//2094
f 1023//2095 749//2095 777//2095
f 994//2096 1023//2096 777//2096
f 1023//2097 1022//2097 753//2097
f 753//2098 1022//2098 1027//2098
f 753//2099 1027//2099 754//2099
f 754//2100 1027//2100 1026//2100
f 754//2101 1026//2101 728//2101
f 728//2102 1026//2102 1025//2102
f 728//2103 1025//2103 734//2103
f 734//2104 1025//2104 1024//2104
f 734//2105 1024//2105 731//2105
f 731//2106 1024//2106 1028//2106
f 731//2107 1028//2107 730//2107
f 730//2108 1028//2108 722//2108
f 1141//2109 800//2109 797//2109
f 1061//2110 1141//2110 797//2110
f 793//2111 782//2111 1065//2111
f 1065//2112 782//2112 781//2112
f 801//2113 1058//2113 781//2113
f 781//2114 1058//2114 1066//2114
f 781//2115 1066//2115 1065//2115
f 1058//2116 801//2116 761//2116
f 1058//2117 761//2117 1142//2117
f 1061//2118 797//2118 796//2118
f 1061//2119 796//2119 1063//2119
f 1063//2120 796//2120 793//2120
f 1063//2121 793//2121 1065//2121
f 1058//2122 1142//2122 1059//2122
f 814//2123 1143//2123 816//2123
f 813//2124 1141//2124 1061//2124
f 1141//2125 813//2125 951//2125
f 951//2126 813//2126 820//2126
f 951//2127 820//2127 952//2127
f 952//2128 820//2128 819//2128
f 952//2129 819//2129 946//2129
f 946//2130 819//2130 817//2130
f 946//2131 817//2131 941//2131
f 941//2132 817//2132 816//2132
f 941//2133 816//2133 942//2133
f 942//2134 816//2134 1143//2134
f 942//2135 1143//2135 944//2135
f 944//2136 1143//2136 933//2136
f 1142//2137 761//2137 759//2137
f 1059//2138 1142//2138 759//2138
f 759//2139 758//2139 1071//2139
f 1071//2140 758//2140 764//2140
f 775//2141 1068//2141 774//2141
f 1068//2142 775//2142 752//2142
f 1059//2143 759//2143 1071//2143
f 1071//2144 764//2144 1072//2144
f 1072//2145 764//2145 773//2145
f 1072//2146 773//2146 774//2146
f 1068//2147 752//2147 1069//2147
f 1144//2148 923//2148 926//2148
f 834//2149 1144//2149 1145//2149
f 926//2150 928//2150 1146//2150
f 1146//2151 928//2151 932//2151
f 1144//2152 926//2152 1145//2152
f 1145//2153 926//2153 1146//2153
f 1146//2154 932//2154 1147//2154
f 1147//2155 932//2155 931//2155
f 1147//2156 931//2156 836//2156
f 836//2157 931//2157 938//2157
f 836//2158 938//2158 936//2158
f 836//2159 936//2159 837//2159
f 837//2160 936//2160 934//2160
f 837//2161 934//2161 838//2161
f 838//2162 934//2162 933//2162
f 838//2163 933//2163 1143//2163
f 834//2164 1145//2164 1146//2164
f 834//2165 1146//2165 835//2165
f 835//2166 1146//2166 1147//2166
f 835//2167 1147//2167 836//2167
f 838//2168 1143//2168 814//2168
f 1069//2169 752//2169 866//2169
f 752//2170 751//2170 866//2170
f 866//2171 751//2171 750//2171
f 866//2172 750//2172 868//2172
f 868//2173 750//2173 729//2173
f 868//2174 729//2174 869//2174
f 869//2175 729//2175 744//2175
f 869//2176 744//2176 871//2176
f 871//2177 744//2177 747//2177
f 871//2178 747//2178 872//2178
f 872//2179 747//2179 746//2179
f 872//2180 746//2180 862//2180
f 862//2181 746//2181 702//2181
f 862//2182 702//2182 864//2182
f 1148//2183 907//2183 913//2183
f 1149//2184 1148//2184 913//2184
f 847//2185 1149//2185 852//2185
f 913//2186 911//2186 1150//2186
f 1150//2187 911//2187 917//2187
f 917//2188 914//2188 1151//2188
f 1151//2189 914//2189 919//2189
f 919//2190 921//2190 1152//2190
f 1152//2191 921//2191 925//2191
f 1152//2192 925//2192 1144//2192
f 1144//2193 925//2193 923//2193
f 1149//2194 913//2194 852//2194
f 852//2195 913//2195 1150//2195
f 852//2196 1150//2196 917//2196
f 852//2197 917//2197 853//2197
f 853//2198 917//2198 1151//2198
f 853//2199 1151//2199 854//2199
f 854//2200 1151//2200 919//2200
f 854//2201 919//2201 855//2201
f 855//2202 919//2202 1152//2202
f 1152//2203 1144//2203 856//2203
f 856//2204 1144//2204 834//2204
f 864//2205 702//2205 700//2205
f 698//2206 1153//2206 707//2206
f 1153//2207 698//2207 718//2207
f 864//2208 700//2208 893//2208
f 893//2209 700//2209 699//2209
f 893//2210 699//2210 892//2210
f 892//2211 699//2211 707//2211
f 892//2212 707//2212 891//2212
f 891//2213 707//2213 1153//2213
f 891//2214 1153//2214 890//2214
f 890//2215 1153//2215 718//2215
f 890//2216 718//2216 889//2216
f 889//2217 718//2217 719//2217
f 889//2218 719//2218 883//2218
f 883//2219 719//2219 695//2219
f 883//2220 695//2220 1154//2220
f 1154//2221 695//2221 1155//2221
f 883//2222 1154//2222 1155//2222
f 695//2223 894//2223 1155//2223
f 1155//2224 894//2224 895//2224
f 1155//2225 895//2225 1156//2225
f 1156//2226 895//2226 899//2226
f 1156//2227 899//2227 1157//2227
f 1157//2228 899//2228 901//2228
f 1157//2229 901//2229 1158//2229
f 1158//2230 901//2230 903//2230
f 903//2231 902//2231 1159//2231
f 1159//2232 902//2232 908//2232
f 1159//2233 908//2233 1148//2233
f 1148//2234 908//2234 907//2234
f 1158//2235 903//2235 878//2235
f 878//2236 903//2236 1159//2236
f 878//2237 1159//2237 877//2237
f 877//2238 1159//2238 1148//2238
f 877//2239 1148//2239 1149//2239
f 883//2240 1155//2240 881//2240
f 881//2241 1155//2241 1156//2241
f 881//2242 1156//2242 1157//2242
f 877//2243 1149//2243 847//2243
f 766//2244 1160//2244 770//2244
f 770//2245 1160//2245 768//2245
f 768//2246 1160//2246 1161//2246
f 1162//2247 778//2247 1161//2247
f 1161//2248 778//2248 780//2248
f 1161//2249 780//2249 768//2249
f 788//2250 791//2250 1163//2250
f 1163//2251 791//2251 784//2251
f 1163//2252 784//2252 1162//2252
f 1162//2253 784//2253 786//2253
f 1162//2254 786//2254 778//2254
f 783//2255 789//2255 1164//2255
f 760//2256 1165//2256 757//2256
f 757//2257 1165//2257 1166//2257
f 757//2258 1166//2258 763//2258
f 1167//2259 765//2259 1166//2259
f 1166//2260 765//2260 763//2260
f 762//2261 765//2261 1167//2261
f 1165//2262 760//2262 803//2262
f 1165//2263 803//2263 1164//2263
f 1164//2264 803//2264 802//2264
f 1164//2265 802//2265 783//2265
f 766//2266 762//2266 1160//2266
f 1160//2267 762//2267 1167//2267
f 1160//2268 1167//2268 1161//2268
f 1161//2268 1167//2268 1162//2268
f 1166//2268 1165//2268 788//2268
f 788//2268 1165//2268 1164//2268
f 788//2268 1164//2268 789//2268
f 1166//2268 788//2268 1167//2268
f 1167//2268 788//2268 1163//2268
f 1167//2268 1163//2268 1162//2268
f 709//2269 705//2269 1168//2269
f 1169//2270 756//2270 723//2270
f 1169//2271 723//2271 1170//2271
f 1171//2272 738//2272 1169//2272
f 1169//2273 738//2273 756//2273
f 742//2274 740//2274 1171//2274
f 1171//2275 740//2275 738//2275
f 723//2276 726//2276 1170//2276
f 1170//2277 726//2277 710//2277
f 1170//2278 710//2278 1168//2278
f 1168//2279 710//2279 709//2279
f 1170//2280 701//2280 1169//2280
f 1169//2281 701//2281 703//2281
f 704//2282 708//2282 1168//2282
f 1168//2283 708//2283 1170//2283
f 1170//2284 708//2284 706//2284
f 1170//2285 706//2285 701//2285
f 743//2286 1171//2286 748//2286
f 748//2287 1171//2287 745//2287
f 703//2288 755//2288 1169//2288
f 1169//2289 755//2289 1171//2289
f 1171//2290 755//2290 745//2290
f 705//2291 704//2291 1168//2291
f 742//2292 1171//2292 743//2292
f 714//2293 1172//2293 716//2293
f 716//2294 1172//2294 720//2294
f 720//2295 1172//2295 1173//2295
f 720//2296 1173//2296 692//2296
f 692//2297 1173//2297 721//2297
f 721//2298 1173//2298 1174//2298
f 721//2299 1174//2299 732//2299
f 1175//2300 733//2300 1174//2300
f 1174//2301 733//2301 732//2301
f 736//2302 735//2302 1175//2302
f 1175//2303 735//2303 733//2303
f 737//2304 1175//2304 741//2304
f 741//2305 1175//2305 739//2305
f 1174//2306 727//2306 1175//2306
f 1175//2307 727//2307 739//2307
f 1173//2308 725//2308 1174//2308
f 1174//2309 725//2309 724//2309
f 1174//2310 724//2310 727//2310
f 713//2311 712//2311 1172//2311
f 1172//2312 712//2312 1173//2312
f 1173//2313 712//2313 711//2313
f 1173//2314 711//2314 725//2314
f 737//2315 736//2315 1175//2315
f 713//2316 1172//2316 714//2316
f 1178//2317 1179//2317 1180//2317
f 1178//2318 1180//2318 1181//2318
f 1181//2319 1180//2319 1182//2319
f 1181//2320 1182//2320 1177//2320
f 1177//2321 1182//2321 1183//2321
f 1177//2322 1183//2322 1184//2322
f 1177//2323 1184//2323 1176//2323
f 1178//2324 1185//2324 1179//2324
f 1179//2325 1185//2325 1180//2325
f 1189//2326 1188//2326 1190//2326
f 1191//2327 1192//2327 1193//2327
f 1193//2328 1194//2328 1191//2328
f 1191//2329 1194//2329 1195//2329
f 1195//2330 1194//2330 1196//2330
f 1195//2331 1196//2331 1197//2331
f 1195//2332 1197//2332 1198//2332
f 1192//2333 1191//2333 1199//2333
f 1200//2334 1190//2334 1201//2334
f 1201//2335 1202//2335 1200//2335
f 1200//2336 1202//2336 1186//2336
f 1185//2337 1178//2337 1203//2337
f 1203//2338 1178//2338 1199//2338
f 1203//2339 1199//2339 1204//2339
f 1204//2340 1199//2340 1191//2340
f 1204//2341 1191//2341 1205//2341
f 1186//2342 1187//2342 1200//2342
f 1200//2343 1187//2343 1206//2343
f 1200//2344 1206//2344 1205//2344
f 1205//2345 1191//2345 1200//2345
f 1200//2346 1191//2346 1195//2346
f 1200//2347 1195//2347 1190//2347
f 1190//2348 1195//2348 1189//2348
f 1189//2349 1195//2349 1198//2349
f 1189//2350 1198//2350 1188//2350
f 1208//2351 1207//2351 1209//2351
f 1211//2352 1212//2352 1213//2352
f 1213//2353 1212//2353 1214//2353
f 1213//2354 1214//2354 1215//2354
f 1213//2355 1215//2355 1216//2355
f 1216//2356 1215//2356 1176//2356
f 1184//2357 1210//2357 1176//2357
f 1218//2358 1217//2358 1219//2358
f 1216//2359 1176//2359 1210//2359
f 1216//2360 1210//2360 1213//2360
f 1213//2361 1210//2361 1220//2361
f 1213//2362 1220//2362 1207//2362
f 1221//2363 1218//2363 1219//2363
f 1221//2364 1219//2364 1222//2364
f 1209//2365 1217//2365 1208//2365
f 1208//2366 1217//2366 1218//2366
f 1208//2367 1218//2367 1223//2367
f 1223//2368 1218//2368 1221//2368
f 1223//2369 1221//2369 1224//2369
f 1207//2370 1208//2370 1213//2370
f 1213//2371 1208//2371 1223//2371
f 1213//2372 1223//2372 1211//2372
f 1211//2373 1223//2373 1224//2373
f 1211//2374 1224//2374 1225//2374
f 1226//2375 1227//2375 1228//2375
f 1229//2376 411//2376 1230//2376
f 1230//2377 411//2377 1231//2377
f 1230//2378 1231//2378 1227//2378
f 1227//2379 1231//2379 424//2379
f 1227//2380 424//2380 1228//2380
f 1232//2381 412//2381 1233//2381
f 1233//2382 412//2382 1234//2382
f 1233//2383 1234//2383 1230//2383
f 1230//2384 1234//2384 1235//2384
f 1230//2385 1235//2385 1229//2385
f 389//2386 1236//2386 1237//2386
f 1237//2387 1236//2387 398//2387
f 398//2388 1236//2388 1238//2388
f 1228//2389 428//2389 1226//2389
f 1226//2390 428//2390 1239//2390
f 1239//2391 428//2391 430//2391
f 1239//2392 430//2392 1240//2392
f 1239//2393 1240//2393 1241//2393
f 1241//2394 1240//2394 398//2394
f 1241//2395 398//2395 1238//2395
f 1242//2396 1243//2396 382//2396
f 382//2397 1243//2397 1244//2397
f 1244//2398 1243//2398 389//2398
f 389//2399 1243//2399 1236//2399
f 1245//2400 1246//2400 377//2400
f 377//2401 1246//2401 1242//2401
f 377//2402 1242//2402 1247//2402
f 1247//2403 1242//2403 382//2403
f 1245//2404 377//2404 1248//2404
f 1245//2405 1248//2405 1249//2405
f 1249//2406 1248//2406 432//2406
f 1250//2407 439//2407 442//2407
f 1250//2408 442//2408 1251//2408
f 432//2409 1252//2409 1249//2409
f 1249//2410 1252//2410 1250//2410
f 1250//2411 1252//2411 439//2411
f 450//2412 1253//2412 1254//2412
f 453//2413 1255//2413 1254//2413
f 1254//2414 1255//2414 1256//2414
f 1254//2415 1256//2415 450//2415
f 442//2416 1257//2416 1251//2416
f 1251//2417 1257//2417 1254//2417
f 1254//2418 1257//2418 1258//2418
f 1254//2419 1258//2419 453//2419
f 428//2420 1228//2420 1259//2420
f 428//2421 1259//2421 430//2421
f 1233//2422 1230//2422 1260//2422
f 1230//2423 1227//2423 1260//2423
f 1260//2424 1227//2424 1261//2424
f 1227//2425 1226//2425 1261//2425
f 1261//2426 1226//2426 1239//2426
f 1239//2427 1241//2427 1261//2427
f 1261//2428 1241//2428 1238//2428
f 1262//2429 1260//2429 1263//2429
f 1263//2430 1260//2430 1264//2430
f 1263//2431 1264//2431 1265//2431
f 1262//2432 1266//2432 1260//2432
f 1260//2433 1266//2433 1267//2433
f 1260//2434 1267//2434 1268//2434
f 1260//2435 1268//2435 1233//2435
f 1233//2436 1268//2436 1269//2436
f 1233//2437 1269//2437 1232//2437
f 1270//2438 1271//2438 1272//2438
f 1271//2439 1273//2439 1272//2439
f 1272//2440 1273//2440 1274//2440
f 1272//2441 1274//2441 1275//2441
f 1270//2442 1272//2442 1276//2442
f 1276//2443 1272//2443 1277//2443
f 1276//2444 1277//2444 1278//2444
f 1275//2440 1279//2440 1272//2440
f 1272//2445 1279//2445 1280//2445
f 1272//2446 1280//2446 1277//2446
f 1281//2447 1282//2447 1277//2447
f 1277//2448 1282//2448 1283//2448
f 1277//2449 1283//2449 1278//2449
f 1281//2450 1284//2450 1282//2450
f 1282//2451 1284//2451 1285//2451
f 1282//2452 1285//2452 1264//2452
f 1264//2453 1285//2453 1286//2453
f 1264//2454 1286//2454 1265//2454
f 1249//2455 1287//2455 1245//2455
f 1245//2456 1287//2456 1288//2456
f 1245//2457 1288//2457 1246//2457
f 1287//2458 1249//2458 1250//2458
f 1287//2459 1250//2459 1289//2459
f 1289//2460 1250//2460 1251//2460
f 1289//2461 1251//2461 1290//2461
f 1290//2462 1251//2462 1254//2462
f 1253//2463 1291//2463 1254//2463
f 1254//2464 1291//2464 1292//2464
f 1254//2462 1292//2462 1290//2462
f 1290//2465 1292//2465 1293//2465
f 1294//2466 1295//2466 1296//2466
f 1296//2467 1295//2467 1297//2467
f 1298//2468 1299//2468 1295//2468
f 1295//2469 1299//2469 1300//2469
f 1295//2470 1300//2470 1297//2470
f 1296//2471 1301//2471 1302//2471
f 1302//2472 1301//2472 1303//2472
f 1302//2473 1304//2473 1305//2473
f 1306//2474 1304//2474 1307//2474
f 1307//2472 1304//2472 1302//2472
f 1307//2474 1302//2474 1308//2474
f 1308//2474 1302//2474 1303//2474
f 1305//2473 1309//2473 1302//2473
f 1302//2475 1309//2475 1310//2475
f 1302//2476 1310//2476 1296//2476
f 1296//2477 1310//2477 1311//2477
f 1296//2477 1311//2477 1294//2477
f 1293//2478 1312//2478 1290//2478
f 1290//2479 1312//2479 1313//2479
f 1290//2480 1313//2480 1314//2480
f 1290//2481 1314//2481 1295//2481
f 1295//2482 1314//2482 1315//2482
f 1295//2483 1315//2483 1298//2483
f 1316//2484 1317//2484 1318//2484
f 1318//2485 1317//2485 1319//2485
f 1320//2486 1321//2486 1322//2486
f 1317//2487 1316//2487 1323//2487
f 1317//2488 1323//2488 1322//2488
f 1322//2489 1323//2489 1320//2489
f 1321//2490 1324//2490 1325//2490
f 1324//2491 1326//2491 1325//2491
f 1325//2492 1326//2492 1327//2492
f 1327//2493 1326//2493 1328//2493
f 1327//2494 1328//2494 1329//2494
f 1329//2495 1328//2495 1330//2495
f 1329//2496 1330//2496 1331//2496
f 1321//2497 1325//2497 1322//2497
f 1322//2498 1325//2498 1332//2498
f 1333//2499 1334//2499 1335//2499
f 1335//2500 1334//2500 1336//2500
f 1337//2501 1338//2501 1339//2501
f 1339//2502 1338//2502 1340//2502
f 1336//2503 1340//2503 1335//2503
f 1335//2504 1340//2504 1338//2504
f 1335//2505 1338//2505 1341//2505
f 1341//2506 1338//2506 1337//2506
f 1341//2507 1337//2507 1342//2507
f 1344//2508 1345//2508 1343//2508
f 1343//2509 1345//2509 1322//2509
f 1343//2510 1322//2510 1335//2510
f 1335//2511 1322//2511 1332//2511
f 1335//2512 1332//2512 1333//2512
f 1346//2513 1347//2513 1344//2513
f 1344//2514 1347//2514 1348//2514
f 1344//2515 1348//2515 1349//2515
f 1350//2516 1351//2516 1346//2516
f 1346//2517 1351//2517 1352//2517
f 1346//2518 1352//2518 1353//2518
f 1353//2519 1352//2519 1354//2519
f 1353//2520 1354//2520 1355//2520
f 1343//2521 1356//2521 1344//2521
f 1344//2522 1356//2522 1357//2522
f 1344//2523 1357//2523 1346//2523
f 1346//2524 1357//2524 1358//2524
f 1346//2525 1358//2525 1350//2525
f 1359//2526 1360//2526 1361//2526
f 1361//2527 1360//2527 1362//2527
f 1361//2528 1362//2528 1348//2528
f 1348//2529 1362//2529 1363//2529
f 1348//2530 1363//2530 1349//2530
f 1364//2531 1365//2531 1330//2531
f 1330//2532 1365//2532 1366//2532
f 1330//2533 1366//2533 1331//2533
f 1367//2534 1368//2534 1369//2534
f 1370//2535 1371//2535 1372//2535
f 1372//2536 1371//2536 1373//2536
f 1370//2537 1372//2537 1374//2537
f 1370//2538 1374//2538 1375//2538
f 1375//2539 1374//2539 1376//2539
f 1376//2540 1374//2540 1368//2540
f 1368//2541 1374//2541 1377//2541
f 1368//2542 1377//2542 1369//2542
f 1377//2543 1378//2543 1369//2543
f 1369//2544 1378//2544 1379//2544
f 1369//2545 1379//2545 1380//2545
f 1380//2546 1379//2546 1381//2546
f 1380//2547 1381//2547 1382//2547
f 1382//2548 1381//2548 1383//2548
f 1373//2549 1371//2549 1384//2549
f 1373//2550 1384//2550 1364//2550
f 1384//2551 1365//2551 1364//2551
f 1385//2552 1386//2552 1387//2552
f 1387//2553 1388//2553 1385//2553
f 1385//2554 1388//2554 1389//2554
f 1385//2555 1389//2555 1390//2555
f 1391//2556 1386//2556 1392//2556
f 1392//2557 1386//2557 1385//2557
f 1392//2558 1385//2558 1393//2558
f 1393//2559 1385//2559 1390//2559
f 1393//2560 1390//2560 1394//2560
f 1394//2561 1390//2561 1940//2561
f 1395//2562 1396//2562 1397//2562
f 1397//2563 1398//2563 1395//2563
f 1395//2563 1398//2563 1399//2563
f 1395//2564 1399//2564 1400//2564
f 1401//2565 1396//2565 1402//2565
f 1402//2566 1396//2566 1395//2566
f 1402//2567 1395//2567 1403//2567
f 1403//2568 1395//2568 1400//2568
f 1403//2569 1400//2569 1404//2569
f 1405//2570 1369//2570 1406//2570
f 1406//2571 1369//2571 1407//2571
f 1407//2572 1369//2572 1394//2572
f 1407//2573 1394//2573 1402//2573
f 1402//2574 1394//2574 1940//2574
f 1402//2575 1940//2575 1401//2575
f 1367//2576 1408//2576 1409//2576
f 1409//2577 1408//2577 1410//2577
f 1409//2578 1410//2578 1411//2578
f 1412//2579 1410//2579 1413//2579
f 1413//2580 1410//2580 1408//2580
f 1413//2581 1408//2581 1414//2581
f 1414//2582 1408//2582 1367//2582
f 1414//2583 1367//2583 1415//2583
f 1415//2584 1367//2584 1369//2584
f 1415//2585 1369//2585 1416//2585
f 1416//2586 1369//2586 1405//2586
f 1382//2587 1383//2587 1318//2587
f 1382//2588 1318//2588 1417//2588
f 1417//2589 1318//2589 1319//2589
f 1421//2590 1422//2590 1423//2590
f 1418//2591 1420//2591 1424//2591
f 1425//2592 1424//2592 1426//2592
f 1425//2593 1426//2593 1423//2593
f 1423//2594 1426//2594 1421//2594
f 1419//2595 1420//2595 1418//2595
f 1418//2596 1424//2596 1425//2596
f 1428//2597 1225//2597 1224//2597
f 1430//2598 1431//2598 1432//2598
f 1429//2599 1430//2599 1432//2599
f 1432//2600 1431//2600 1433//2600
f 1434//2601 1422//2601 1421//2601
f 1435//2602 1436//2602 1432//2602
f 1432//2603 1436//2603 1434//2603
f 1432//2604 1434//2604 1429//2604
f 1429//2605 1434//2605 1421//2605
f 1221//2606 1222//2606 1427//2606
f 1427//2607 1222//2607 1437//2607
f 1435//2608 1432//2608 1428//2608
f 1428//2609 1432//2609 1433//2609
f 1428//2610 1433//2610 1225//2610
f 1224//2611 1221//2611 1427//2611
f 1224//2612 1427//2612 1428//2612
f 1428//2613 1427//2613 1435//2613
f 1435//2614 1427//2614 1437//2614
f 1435//2615 1437//2615 1438//2615
f 1439//2616 1440//2616 1441//2616
f 1441//2617 1440//2617 1442//2617
f 1441//2618 1442//2618 1443//2618
f 1443//2619 1442//2619 1444//2619
f 1443//2620 1444//2620 1445//2620
f 1445//2621 1444//2621 1446//2621
f 1445//2622 1446//2622 1447//2622
f 1447//2623 1446//2623 1448//2623
f 1449//2624 1439//2624 1450//2624
f 1450//2625 1439//2625 1441//2625
f 1450//2626 1441//2626 1451//2626
f 1451//2627 1441//2627 1443//2627
f 1451//2628 1443//2628 1452//2628
f 1452//2629 1443//2629 1445//2629
f 1452//2630 1445//2630 1453//2630
f 1453//2631 1445//2631 1447//2631
f 1454//2632 1449//2632 1455//2632
f 1455//2633 1449//2633 1450//2633
f 1455//2634 1450//2634 1456//2634
f 1456//2635 1450//2635 1451//2635
f 1456//2636 1451//2636 1457//2636
f 1457//2637 1451//2637 1452//2637
f 1457//2638 1452//2638 1458//2638
f 1458//2639 1452//2639 1453//2639
f 1422//2640 1454//2640 1423//2640
f 1423//2641 1454//2641 1455//2641
f 1423//2642 1455//2642 1425//2642
f 1425//2643 1455//2643 1456//2643
f 1425//2644 1456//2644 1418//2644
f 1418//2645 1456//2645 1457//2645
f 1418//2646 1457//2646 1419//2646
f 1419//2647 1457//2647 1458//2647
f 1197//2648 1459//2648 1460//2648
f 1460//2649 1459//2649 1461//2649
f 1460//2650 1461//2650 1462//2650
f 1419//2651 1462//2651 1420//2651
f 1464//2652 1465//2652 1463//2652
f 1463//2653 1465//2653 1466//2653
f 1466//2654 1188//2654 1463//2654
f 1468//2655 1467//2655 1463//2655
f 1468//2656 1463//2656 1198//2656
f 1198//2657 1463//2657 1188//2657
f 1464//2658 1463//2658 1469//2658
f 1469//2659 1463//2659 1467//2659
f 1469//2660 1467//2660 1470//2660
f 1471//2661 1470//2661 1472//2661
f 1472//2662 1470//2662 1467//2662
f 1472//2663 1467//2663 1460//2663
f 1460//2664 1467//2664 1468//2664
f 1460//2665 1468//2665 1197//2665
f 1197//2666 1468//2666 1198//2666
f 1462//2667 1419//2667 1473//2667
f 1462//2668 1473//2668 1460//2668
f 1460//2669 1473//2669 1474//2669
f 1460//2670 1474//2670 1472//2670
f 1477//2671 1475//2671 1476//2671
f 1476//2672 1478//2672 1479//2672
f 1479//2673 1480//2673 1484//2673
f 1484//2674 1480//2674 1481//2674
f 1481//2675 1482//2675 1485//2675
f 1485//2676 1482//2676 1483//2676
f 1485//2677 1483//2677 1486//2677
f 1477//2678 1476//2678 1479//2678
f 1477//2679 1479//2679 1487//2679
f 1487//2680 1479//2680 1484//2680
f 1487//2681 1484//2681 1488//2681
f 1488//2682 1484//2682 1481//2682
f 1488//2683 1481//2683 1489//2683
f 1489//2684 1481//2684 1485//2684
f 1485//2685 1486//2685 1490//2685
f 1495//2686 1493//2686 1494//2686
f 1496//2687 1495//2687 1497//2687
f 1495//2688 1494//2688 1497//2688
f 1497//2689 1494//2689 1498//2689
f 1497//2690 1498//2690 1499//2690
f 1499//2691 1500//2691 1501//2691
f 1501//2692 1502//2692 1503//2692
f 1503//2693 1502//2693 1492//2693
f 1492//2694 1491//2694 1504//2694
f 1497//2695 1499//2695 1505//2695
f 1505//2696 1499//2696 1501//2696
f 1505//2697 1501//2697 1506//2697
f 1506//2698 1501//2698 1503//2698
f 1503//2699 1492//2699 1507//2699
f 1507//2700 1492//2700 1504//2700
f 1507//2701 1504//2701 1508//2701
f 1510//2702 1511//2702 1512//2702
f 1513//2703 1514//2703 1511//2703
f 1516//2704 1509//2704 1515//2704
f 1515//2705 1517//2705 1516//2705
f 1187//2706 1186//2706 1518//2706
f 1187//2707 1518//2707 1509//2707
f 1519//2708 1520//2708 1521//2708
f 1521//2709 1520//2709 1522//2709
f 1521//2710 1522//2710 1523//2710
f 1523//2711 1522//2711 1524//2711
f 1523//2712 1524//2712 1525//2712
f 1525//2713 1524//2713 1526//2713
f 1525//2714 1526//2714 1516//2714
f 1526//2715 1527//2715 1516//2715
f 1516//2716 1527//2716 1528//2716
f 1516//2717 1528//2717 1509//2717
f 1509//2718 1528//2718 1206//2718
f 1509//2719 1206//2719 1187//2719
f 1529//2720 1530//2720 1531//2720
f 1531//2721 1530//2721 1532//2721
f 1531//2722 1532//2722 1533//2722
f 1533//2723 1532//2723 1534//2723
f 1533//2724 1534//2724 1514//2724
f 1514//2725 1534//2725 1512//2725
f 1514//2726 1512//2726 1511//2726
f 1530//2727 1519//2727 1532//2727
f 1532//2728 1519//2728 1521//2728
f 1532//2729 1521//2729 1534//2729
f 1534//2730 1521//2730 1523//2730
f 1534//2731 1523//2731 1512//2731
f 1512//2732 1523//2732 1525//2732
f 1512//2733 1525//2733 1510//2733
f 1510//2734 1525//2734 1516//2734
f 1510//2735 1516//2735 1517//2735
f 1217//2736 1209//2736 1537//2736
f 1537//2737 1209//2737 1538//2737
f 1537//2738 1538//2738 1539//2738
f 1539//2739 1538//2739 1540//2739
f 1539//2740 1540//2740 1541//2740
f 1541//2741 1540//2741 1542//2741
f 1541//2742 1542//2742 1543//2742
f 1543//2743 1542//2743 1544//2743
f 1543//2744 1544//2744 1545//2744
f 1545//2745 1544//2745 1546//2745
f 1545//2746 1546//2746 1547//2746
f 1547//2747 1546//2747 1548//2747
f 1549//2748 1550//2748 1536//2748
f 1536//2749 1550//2749 1535//2749
f 1535//2750 1550//2750 1551//2750
f 1217//2751 1535//2751 1219//2751
f 1219//2752 1535//2752 1551//2752
f 1219//2753 1551//2753 1222//2753
f 1552//2754 1553//2754 1554//2754
f 1554//2755 1553//2755 1555//2755
f 1554//2756 1555//2756 1556//2756
f 1556//2757 1555//2757 1549//2757
f 1556//2758 1549//2758 1557//2758
f 1557//2759 1549//2759 1536//2759
f 1535//2760 1217//2760 1537//2760
f 1535//2761 1537//2761 1536//2761
f 1536//2762 1537//2762 1539//2762
f 1536//2763 1539//2763 1557//2763
f 1557//2764 1539//2764 1541//2764
f 1557//2765 1541//2765 1556//2765
f 1556//2766 1541//2766 1543//2766
f 1556//2767 1543//2767 1554//2767
f 1554//2768 1543//2768 1545//2768
f 1554//2769 1545//2769 1552//2769
f 1552//2770 1545//2770 1547//2770
f 1704//2771 1702//2771 1561//2771
f 1704//2772 1561//2772 1566//2772
f 1566//2773 1561//2773 1563//2773
f 1566//2774 1563//2774 1567//2774
f 1567//2775 1563//2775 1564//2775
f 1567//2776 1564//2776 1560//2776
f 1560//2777 1564//2777 1565//2777
f 1560//2778 1565//2778 1559//2778
f 1705//2779 1704//2779 1562//2779
f 1562//2780 1704//2780 1566//2780
f 1562//2781 1566//2781 1568//2781
f 1568//2782 1566//2782 1567//2782
f 1569//2783 1567//2783 1560//2783
f 1558//2784 1560//2784 1559//2784
f 1570//2785 1571//2785 1574//2785
f 1570//2786 1574//2786 1578//2786
f 1578//2787 1574//2787 1575//2787
f 1578//2788 1575//2788 1579//2788
f 1579//2789 1575//2789 1576//2789
f 1579//2790 1576//2790 1580//2790
f 1580//2791 1576//2791 1577//2791
f 1580//2792 1577//2792 1581//2792
f 1572//2793 1570//2793 1578//2793
f 1572//2794 1578//2794 1582//2794
f 1582//2795 1578//2795 1579//2795
f 1582//2796 1579//2796 1583//2796
f 1579//2797 1580//2797 1584//2797
f 1584//2798 1580//2798 1585//2798
f 1585//2799 1580//2799 1581//2799
f 1585//2800 1581//2800 1586//2800
f 1573//2801 1572//2801 1582//2801
f 1587//2802 1588//2802 1589//2802
f 1589//2803 1588//2803 1590//2803
f 1589//2804 1590//2804 1591//2804
f 1591//2805 1590//2805 1592//2805
f 1591//2806 1592//2806 1593//2806
f 1593//2807 1592//2807 1594//2807
f 1593//2808 1594//2808 1439//2808
f 1439//2809 1594//2809 1440//2809
f 1595//2810 1587//2810 1596//2810
f 1596//2811 1587//2811 1589//2811
f 1596//2812 1589//2812 1597//2812
f 1597//2813 1589//2813 1591//2813
f 1597//2814 1591//2814 1598//2814
f 1598//2815 1591//2815 1593//2815
f 1598//2816 1593//2816 1449//2816
f 1449//2817 1593//2817 1439//2817
f 1599//2818 1595//2818 1600//2818
f 1600//2819 1595//2819 1596//2819
f 1600//2820 1596//2820 1436//2820
f 1436//2821 1596//2821 1597//2821
f 1436//2822 1597//2822 1601//2822
f 1601//2823 1597//2823 1598//2823
f 1601//2824 1598//2824 1454//2824
f 1454//2825 1598//2825 1449//2825
f 1438//2826 1599//2826 1435//2826
f 1435//2827 1599//2827 1600//2827
f 1435//2828 1600//2828 1436//2828
f 1434//2829 1436//2829 1601//2829
f 1434//2830 1601//2830 1422//2830
f 1422//2831 1601//2831 1454//2831
f 1602//2832 1603//2832 1604//2832
f 1605//2833 1602//2833 1604//2833
f 1606//2834 1605//2834 1607//2834
f 1605//2835 1604//2835 1607//2835
f 1607//2836 1604//2836 1609//2836
f 1607//2837 1609//2837 1610//2837
f 1607//2838 1610//2838 1611//2838
f 1611//2839 1610//2839 1586//2839
f 1611//2840 1586//2840 1581//2840
f 1606//2841 1607//2841 1608//2841
f 1608//2842 1607//2842 1611//2842
f 1608//2843 1611//2843 1612//2843
f 1612//2844 1611//2844 1581//2844
f 1612//2845 1581//2845 1577//2845
f 1606//2846 1608//2846 1612//2846
f 1612//2847 1577//2847 1576//2847
f 1613//2848 1614//2848 1615//2848
f 1620//2849 1621//2849 1617//2849
f 1599//2850 1438//2850 1616//2850
f 1622//2851 1623//2851 1624//2851
f 1624//2852 1623//2852 1625//2852
f 1626//2853 1627//2853 1628//2853
f 1628//2854 1627//2854 1629//2854
f 1626//2855 1628//2855 1620//2855
f 1630//2856 1614//2856 1613//2856
f 1630//2857 1613//2857 1631//2857
f 1614//2858 1632//2858 1615//2858
f 1615//2859 1632//2859 1626//2859
f 1626//2860 1632//2860 1627//2860
f 1619//2861 1618//2861 1633//2861
f 1619//2862 1633//2862 1615//2862
f 1615//2863 1633//2863 1613//2863
f 1613//2864 1634//2864 1631//2864
f 1625//2865 1623//2865 1587//2865
f 1587//2866 1623//2866 1588//2866
f 1616//2867 1617//2867 1599//2867
f 1599//2868 1617//2868 1621//2868
f 1599//2869 1621//2869 1595//2869
f 1629//2870 1622//2870 1628//2870
f 1628//2871 1622//2871 1624//2871
f 1628//2872 1624//2872 1620//2872
f 1620//2873 1624//2873 1625//2873
f 1620//2874 1625//2874 1621//2874
f 1621//2875 1625//2875 1587//2875
f 1621//2876 1587//2876 1595//2876
f 1615//2877 1626//2877 1619//2877
f 1619//2878 1626//2878 1620//2878
f 1619//2879 1620//2879 1617//2879
f 1619//2880 1617//2880 1618//2880
f 1618//2881 1617//2881 1616//2881
f 1635//2882 1618//2882 1616//2882
f 1616//2883 1438//2883 1437//2883
f 1636//2884 1631//2884 1637//2884
f 1637//2885 1631//2885 1634//2885
f 1637//2886 1634//2886 1638//2886
f 1638//2887 1634//2887 1613//2887
f 1638//2888 1613//2888 1633//2888
f 1635//2889 1633//2889 1618//2889
f 1639//2890 1640//2890 1549//2890
f 1549//2891 1640//2891 1550//2891
f 1555//2892 1637//2892 1549//2892
f 1549//2893 1637//2893 1638//2893
f 1549//2894 1638//2894 1639//2894
f 1641//2895 1437//2895 1222//2895
f 1641//2896 1222//2896 1551//2896
f 1555//2897 1553//2897 1637//2897
f 1637//2898 1553//2898 1636//2898
f 1616//2899 1437//2899 1642//2899
f 1642//2900 1437//2900 1641//2900
f 1642//2901 1641//2901 1640//2901
f 1640//2902 1641//2902 1551//2902
f 1640//2903 1551//2903 1550//2903
f 1639//2904 1638//2904 1633//2904
f 1639//2905 1633//2905 1640//2905
f 1640//2906 1633//2906 1635//2906
f 1640//2907 1635//2907 1642//2907
f 1642//2908 1635//2908 1616//2908
f 1644//2909 1604//2909 1643//2909
f 1643//2910 1604//2910 1603//2910
f 1610//2911 1609//2911 1644//2911
f 1644//2912 1609//2912 1604//2912
f 1644//2913 1645//2913 1610//2913
f 1610//2914 1645//2914 1646//2914
f 1610//2915 1646//2915 1586//2915
f 1643//2916 1553//2916 1552//2916
f 1643//2917 1552//2917 1644//2917
f 1644//2918 1552//2918 1547//2918
f 1644//2919 1547//2919 1645//2919
f 1645//2920 1547//2920 1548//2920
f 1645//2921 1548//2921 1646//2921
f 1485//2922 1647//2922 1489//2922
f 1489//2923 1647//2923 1648//2923
f 1489//2924 1648//2924 1488//2924
f 1488//2925 1648//2925 1649//2925
f 1488//2926 1649//2926 1487//2926
f 1487//2927 1649//2927 1650//2927
f 1487//2928 1650//2928 1477//2928
f 1477//2929 1650//2929 1651//2929
f 1631//2930 1652//2930 1630//2930
f 1630//2931 1652//2931 1653//2931
f 1630//2932 1653//2932 1654//2932
f 1630//2933 1654//2933 1614//2933
f 1614//2934 1654//2934 1655//2934
f 1655//2935 1632//2935 1614//2935
f 1656//2936 1632//2936 1655//2936
f 1490//2937 1657//2937 1647//2937
f 1647//2938 1657//2938 1629//2938
f 1647//2939 1629//2939 1658//2939
f 1658//2940 1629//2940 1627//2940
f 1658//2941 1627//2941 1656//2941
f 1656//2942 1627//2942 1632//2942
f 1652//2943 1651//2943 1653//2943
f 1653//2944 1651//2944 1650//2944
f 1653//2945 1650//2945 1654//2945
f 1654//2946 1650//2946 1649//2946
f 1654//2947 1649//2947 1655//2947
f 1655//2948 1649//2948 1656//2948
f 1656//2949 1649//2949 1648//2949
f 1656//2950 1648//2950 1658//2950
f 1658//2951 1648//2951 1647//2951
f 1647//2952 1485//2952 1490//2952
f 430//2953 1259//2953 1240//2953
f 1240//2954 1259//2954 1659//2954
f 1660//2955 389//2955 1237//2955
f 1660//2956 1237//2956 398//2956
f 1661//2957 377//2957 1247//2957
f 1662//2958 1663//2958 432//2958
f 398//2959 1240//2959 1659//2959
f 398//2960 1659//2960 1660//2960
f 1660//2961 1659//2961 1664//2961
f 1660//2962 1664//2962 1665//2962
f 1665//2963 1664//2963 1666//2963
f 1665//2964 1666//2964 1667//2964
f 1667//2965 1666//2965 1668//2965
f 1667//2966 1668//2966 1669//2966
f 1669//2967 1668//2967 1670//2967
f 1669//2968 1670//2968 1671//2968
f 1671//2969 1670//2969 1672//2969
f 1671//2970 1672//2970 1446//2970
f 1446//2971 1672//2971 1448//2971
f 1446//2972 1444//2972 1671//2972
f 1671//2973 1444//2973 1673//2973
f 1671//2974 1673//2974 1669//2974
f 1669//2975 1673//2975 1674//2975
f 1669//2976 1674//2976 1667//2976
f 1667//2977 1674//2977 1675//2977
f 1667//2978 1675//2978 1665//2978
f 1665//2979 1675//2979 1676//2979
f 1665//2980 1676//2980 1660//2980
f 1660//2981 1676//2981 1244//2981
f 1660//2982 1244//2982 389//2982
f 1444//2983 1442//2983 1673//2983
f 1673//2984 1442//2984 1677//2984
f 1673//2985 1677//2985 1674//2985
f 1674//2986 1677//2986 1678//2986
f 1674//2987 1678//2987 1675//2987
f 1675//2988 1678//2988 1679//2988
f 1675//2989 1679//2989 1676//2989
f 1676//2990 1679//2990 1680//2990
f 1676//2991 1680//2991 1244//2991
f 1244//2992 1680//2992 1661//2992
f 1244//2993 1661//2993 382//2993
f 382//2994 1661//2994 1247//2994
f 432//2995 1248//2995 1662//2995
f 1662//2996 1248//2996 377//2996
f 1662//2997 377//2997 1681//2997
f 1681//2998 377//2998 1661//2998
f 1681//2999 1661//2999 1682//2999
f 1682//3000 1661//3000 1680//3000
f 1682//3001 1680//3001 1683//3001
f 1683//3002 1680//3002 1679//3002
f 1683//3003 1679//3003 1684//3003
f 1684//3004 1679//3004 1678//3004
f 1684//3005 1678//3005 1677//3005
f 1684//3006 1677//3006 1440//3006
f 1440//3007 1677//3007 1442//3007
f 1685//3008 1686//3008 1687//3008
f 1687//3009 1686//3009 1688//3009
f 1687//3010 1688//3010 1689//3010
f 1689//3011 1688//3011 1690//3011
f 1689//3012 1690//3012 1691//3012
f 1691//3013 1690//3013 1692//3013
f 1691//3014 1692//3014 1472//3014
f 1472//3015 1692//3015 1471//3015
f 1693//3016 1685//3016 1694//3016
f 1694//3017 1685//3017 1687//3017
f 1694//3018 1687//3018 1695//3018
f 1695//3019 1687//3019 1689//3019
f 1695//3020 1689//3020 1474//3020
f 1474//3021 1689//3021 1691//3021
f 1474//3022 1691//3022 1472//3022
f 1696//3023 1693//3023 1697//3023
f 1697//3024 1693//3024 1694//3024
f 1697//3025 1694//3025 1698//3025
f 1698//3026 1694//3026 1695//3026
f 1698//3027 1695//3027 1473//3027
f 1473//3028 1695//3028 1474//3028
f 1448//3029 1696//3029 1447//3029
f 1447//3030 1696//3030 1697//3030
f 1447//3031 1697//3031 1453//3031
f 1453//3032 1697//3032 1698//3032
f 1453//3033 1698//3033 1458//3033
f 1458//3034 1698//3034 1473//3034
f 1458//3035 1473//3035 1419//3035
f 1701//3036 1561//3036 1702//3036
f 1701//3037 1702//3037 1703//3037
f 1703//3038 1702//3038 1704//3038
f 1703//3039 1704//3039 1699//3039
f 1699//3040 1704//3040 1705//3040
f 1700//3041 1703//3041 1699//3041
f 1706//3042 1701//3042 1703//3042
f 1706//3043 1703//3043 1707//3043
f 1707//3044 1703//3044 1700//3044
f 1708//3045 1701//3045 1706//3045
f 1708//3046 1706//3046 1709//3046
f 1709//3047 1706//3047 1710//3047
f 1710//3048 1706//3048 1707//3048
f 1710//3049 1707//3049 2050//3049
f 1713//3050 1688//3050 1686//3050
f 1714//3051 1715//3051 1716//3051
f 1716//3052 1715//3052 1717//3052
f 1718//3053 1714//3053 1719//3053
f 1719//3054 1714//3054 1716//3054
f 1716//3055 1717//3055 1720//3055
f 1720//3056 1717//3056 1721//3056
f 1725//3057 1724//3057 1726//3057
f 1721//3058 1727//3058 1720//3058
f 1716//3059 1720//3059 1725//3059
f 1716//3060 1725//3060 1719//3060
f 1719//3061 1725//3061 1726//3061
f 1719//3062 1726//3062 1718//3062
f 1690//3063 1688//3063 1728//3063
f 1728//3064 1688//3064 1713//3064
f 1728//3065 1713//3065 1729//3065
f 1721//3066 1730//3066 1727//3066
f 1727//3067 1730//3067 1731//3067
f 1731//3068 1730//3068 1471//3068
f 1731//3069 1471//3069 1692//3069
f 1732//3070 1711//3070 1712//3070
f 1732//3071 1712//3071 1733//3071
f 1733//3072 1712//3072 1734//3072
f 1733//3073 1734//3073 1735//3073
f 1722//3074 1711//3074 1723//3074
f 1686//3075 1735//3075 1713//3075
f 1713//3076 1735//3076 1734//3076
f 1713//3077 1734//3077 1729//3077
f 1729//3078 1734//3078 1712//3078
f 1729//3079 1712//3079 1722//3079
f 1722//3080 1712//3080 1711//3080
f 1724//3081 1725//3081 1723//3081
f 1723//3082 1725//3082 1720//3082
f 1723//3083 1720//3083 1722//3083
f 1722//3084 1720//3084 1727//3084
f 1722//3085 1727//3085 1729//3085
f 1729//3086 1727//3086 1731//3086
f 1729//3087 1731//3087 1728//3087
f 1728//3088 1731//3088 1692//3088
f 1728//3089 1692//3089 1690//3089
f 1736//3090 1470//3090 1471//3090
f 1737//3091 1738//3091 1739//3091
f 1740//3092 1464//3092 1469//3092
f 1469//3093 1741//3093 1740//3093
f 1738//3094 1737//3094 1742//3094
f 1738//3095 1742//3095 1743//3095
f 1743//3096 1741//3096 1738//3096
f 1738//3097 1741//3097 1744//3097
f 1744//3098 1741//3098 1469//3098
f 1744//3099 1469//3099 1470//3099
f 1745//3100 1717//3100 1746//3100
f 1746//3101 1717//3101 1715//3101
f 1746//3102 1715//3102 1747//3102
f 1747//3103 1715//3103 1714//3103
f 1714//3104 1718//3104 1747//3104
f 1747//3105 1718//3105 1748//3105
f 1471//3106 1730//3106 1736//3106
f 1736//3107 1730//3107 1749//3107
f 1749//3108 1730//3108 1721//3108
f 1749//3109 1721//3109 1745//3109
f 1745//3110 1721//3110 1717//3110
f 1748//3111 1529//3111 1747//3111
f 1747//3112 1529//3112 1531//3112
f 1747//3113 1531//3113 1750//3113
f 1750//3114 1531//3114 1533//3114
f 1750//3115 1533//3115 1739//3115
f 1739//3116 1533//3116 1514//3116
f 1739//3117 1514//3117 1737//3117
f 1737//3118 1514//3118 1513//3118
f 1746//3119 1747//3119 1750//3119
f 1746//3120 1750//3120 1745//3120
f 1745//3121 1750//3121 1739//3121
f 1745//3122 1739//3122 1749//3122
f 1749//3123 1739//3123 1738//3123
f 1749//3124 1738//3124 1736//3124
f 1736//3125 1738//3125 1744//3125
f 1736//3126 1744//3126 1470//3126
f 2050//3127 1707//3127 1751//3127
f 1705//3128 1752//3128 1699//3128
f 1699//3129 1752//3129 1753//3129
f 1751//3130 1707//3130 1753//3130
f 1753//3131 1707//3131 1700//3131
f 1753//3132 1700//3132 1699//3132
f 1754//3133 2050//3133 1751//3133
f 1754//3134 1751//3134 1529//3134
f 1529//3135 1751//3135 1530//3135
f 1530//3136 1751//3136 1753//3136
f 1530//3137 1753//3137 1519//3137
f 1519//3138 1753//3138 1752//3138
f 1519//3139 1752//3139 1520//3139
f 1756//3140 1755//3140 1718//3140
f 1507//3141 1757//3141 1758//3141
f 1507//3142 1758//3142 1503//3142
f 1503//3143 1758//3143 1506//3143
f 1506//3144 1758//3144 1759//3144
f 1506//3145 1759//3145 1505//3145
f 1505//3146 1759//3146 1760//3146
f 1505//3147 1760//3147 1761//3147
f 1505//3148 1761//3148 1497//3148
f 1497//3149 1761//3149 1496//3149
f 1762//3150 1724//3150 1763//3150
f 1763//3151 1724//3151 1723//3151
f 1718//3152 1726//3152 1756//3152
f 1756//3153 1726//3153 1762//3153
f 1762//3154 1726//3154 1724//3154
f 1757//3155 1755//3155 1756//3155
f 1763//3156 1723//3156 1764//3156
f 1764//3157 1723//3157 1711//3157
f 1711//3158 1732//3158 1764//3158
f 1764//3159 1732//3159 1765//3159
f 1757//3160 1756//3160 1758//3160
f 1758//3161 1756//3161 1762//3161
f 1758//3162 1762//3162 1759//3162
f 1759//3163 1762//3163 1763//3163
f 1759//3164 1763//3164 1764//3164
f 1759//3165 1764//3165 1760//3165
f 1760//3166 1764//3166 1761//3166
f 1761//3167 1764//3167 1765//3167
f 1769//3168 1776//3168 1768//3168
f 1776//3169 1769//3169 1770//3169
f 1770//3170 1769//3170 1771//3170
f 1770//3171 1771//3171 1774//3171
f 1774//3172 1771//3172 1772//3172
f 1774//3173 1772//3173 1773//3173
f 1774//3174 1773//3174 1775//3174
f 1766//3175 1767//3175 1773//3175
f 1773//3176 1767//3176 1775//3176
f 1777//3177 1775//3177 1767//3177
f 1777//3178 1767//3178 1778//3178
f 1477//3179 1777//3179 1475//3179
f 1475//3180 1777//3180 1778//3180
f 1482//3181 1494//3181 1483//3181
f 1483//3182 1494//3182 1493//3182
f 1494//3183 1482//3183 1481//3183
f 1494//3184 1481//3184 1498//3184
f 1498//3185 1481//3185 1480//3185
f 1498//3186 1480//3186 1499//3186
f 1502//3187 1501//3187 1478//3187
f 1478//3188 1501//3188 1500//3188
f 1478//3189 1500//3189 1479//3189
f 1499//3190 1480//3190 1500//3190
f 1500//3191 1480//3191 1479//3191
f 1502//3192 1478//3192 1492//3192
f 1492//3193 1478//3193 1491//3193
f 1491//3194 1478//3194 1476//3194
f 1491//3195 1476//3195 1475//3195
f 1504//3196 1491//3196 1782//3196
f 1504//3197 1782//3197 1783//3197
f 1784//3198 1785//3198 1786//3198
f 1786//3199 1787//3199 1788//3199
f 1788//3200 1787//3200 1781//3200
f 1508//3201 1504//3201 1783//3201
f 1508//3202 1783//3202 1789//3202
f 1789//3203 1783//3203 1784//3203
f 1789//3204 1784//3204 1786//3204
f 1789//3205 1786//3205 1790//3205
f 1790//3206 1786//3206 1788//3206
f 1788//3207 1781//3207 1779//3207
f 1779//3208 1781//3208 1780//3208
f 1779//3209 1780//3209 1791//3209
f 1772//3210 1771//3210 1369//3210
f 1369//3211 1771//3211 1769//3211
f 1369//3212 1769//3212 1394//3212
f 1394//3213 1769//3213 1768//3213
f 1772//3214 1369//3214 1380//3214
f 1772//3215 1380//3215 1382//3215
f 1772//3216 1382//3216 1417//3216
f 1787//3217 1319//3217 1317//3217
f 1787//3218 1317//3218 1322//3218
f 1787//3219 1322//3219 1345//3219
f 1787//3220 1345//3220 1781//3220
f 1781//3221 1345//3221 1344//3221
f 1781//3222 1344//3222 1780//3222
f 1773//3223 1787//3223 1766//3223
f 1766//3224 1787//3224 1786//3224
f 1766//3225 1786//3225 1785//3225
f 1417//3226 1319//3226 1772//3226
f 1772//3227 1319//3227 1787//3227
f 1772//3228 1787//3228 1773//3228
f 1785//3229 1784//3229 1766//3229
f 1766//3230 1784//3230 1783//3230
f 1766//3231 1783//3231 1767//3231
f 1767//3232 1783//3232 1782//3232
f 1767//3233 1782//3233 1778//3233
f 1778//3234 1782//3234 1491//3234
f 1778//3235 1491//3235 1475//3235
f 1185//3236 1792//3236 1180//3236
f 1797//3237 1796//3237 1798//3237
f 1797//3238 1798//3238 1799//3238
f 1794//3239 1800//3239 1801//3239
f 1794//3240 1801//3240 1795//3240
f 1795//3241 1801//3241 1802//3241
f 1795//3242 1802//3242 1796//3242
f 1796//3243 1802//3243 1803//3243
f 1796//3244 1803//3244 1798//3244
f 1798//3245 1803//3245 1799//3245
f 1799//3246 1803//3246 1804//3246
f 1800//3247 1805//3247 1801//3247
f 1803//3248 1802//3248 1806//3248
f 1803//3249 1806//3249 1804//3249
f 1804//3250 1806//3250 1807//3250
f 1808//3251 1793//3251 1809//3251
f 1809//3252 1793//3252 1794//3252
f 1809//3253 1794//3253 1810//3253
f 1810//3254 1794//3254 1795//3254
f 1810//3255 1795//3255 1811//3255
f 1811//3256 1795//3256 1796//3256
f 1811//3257 1796//3257 1797//3257
f 1811//3258 1797//3258 1792//3258
f 1792//3259 1797//3259 1180//3259
f 1180//3260 1797//3260 1799//3260
f 1180//3261 1799//3261 1182//3261
f 1182//3262 1799//3262 1804//3262
f 1182//3263 1804//3263 1183//3263
f 1183//3264 1804//3264 1807//3264
f 1183//3265 1807//3265 1184//3265
f 1812//3266 1813//3266 1814//3266
f 1814//3267 1813//3267 1809//3267
f 1814//3268 1809//3268 1815//3268
f 1815//3269 1809//3269 1810//3269
f 1815//3270 1810//3270 1816//3270
f 1815//3271 1816//3271 1817//3271
f 1817//3272 1816//3272 1818//3272
f 1818//3273 1816//3273 1819//3273
f 1818//3274 1819//3274 1204//3274
f 1204//3275 1819//3275 1203//3275
f 1820//3276 1821//3276 1814//3276
f 1814//3277 1821//3277 1822//3277
f 1814//3278 1822//3278 1823//3278
f 1205//3279 1206//3279 1824//3279
f 1824//3280 1206//3280 1825//3280
f 1824//3281 1825//3281 1826//3281
f 1826//3282 1825//3282 1827//3282
f 1826//3283 1827//3283 1820//3283
f 1820//3284 1827//3284 1828//3284
f 1820//3285 1828//3285 1821//3285
f 1813//3286 1808//3286 1809//3286
f 1816//3287 1810//3287 1811//3287
f 1816//3288 1811//3288 1819//3288
f 1819//3289 1811//3289 1792//3289
f 1819//3290 1792//3290 1203//3290
f 1203//3291 1792//3291 1185//3291
f 1204//3292 1205//3292 1818//3292
f 1818//3293 1205//3293 1824//3293
f 1818//3294 1824//3294 1817//3294
f 1817//3295 1824//3295 1826//3295
f 1817//3296 1826//3296 1815//3296
f 1815//3297 1826//3297 1820//3297
f 1815//3298 1820//3298 1814//3298
f 1814//3299 1823//3299 1812//3299
f 1801//3300 1805//3300 1829//3300
f 1829//3301 1805//3301 1830//3301
f 1220//3302 1210//3302 1831//3302
f 1220//3303 1831//3303 1832//3303
f 1832//3304 1831//3304 1833//3304
f 1832//3305 1833//3305 1834//3305
f 1834//3306 1833//3306 1835//3306
f 1830//3307 1836//3307 1829//3307
f 1829//3308 1836//3308 1837//3308
f 1829//3309 1837//3309 1838//3309
f 1209//3310 1207//3310 1839//3310
f 1839//3311 1207//3311 1840//3311
f 1839//3312 1840//3312 1841//3312
f 1841//3313 1840//3313 1842//3313
f 1841//3314 1842//3314 1843//3314
f 1843//3315 1842//3315 1844//3315
f 1843//3316 1844//3316 1838//3316
f 1845//3317 1838//3317 1837//3317
f 1210//3318 1184//3318 1831//3318
f 1831//3319 1184//3319 1807//3319
f 1831//3320 1807//3320 1833//3320
f 1833//3321 1807//3321 1806//3321
f 1833//3322 1806//3322 1835//3322
f 1835//3323 1806//3323 1802//3323
f 1840//3324 1207//3324 1220//3324
f 1840//3325 1220//3325 1832//3325
f 1840//3326 1832//3326 1842//3326
f 1842//3327 1832//3327 1844//3327
f 1844//3328 1832//3328 1834//3328
f 1844//3329 1834//3329 1838//3329
f 1838//3330 1834//3330 1829//3330
f 1829//3331 1834//3331 1835//3331
f 1829//3332 1835//3332 1802//3332
f 1829//3333 1802//3333 1801//3333
f 1384//3334 1805//3334 1800//3334
f 1384//3334 1800//3334 1365//3334
f 1365//3335 1800//3335 1794//3335
f 1365//3336 1794//3336 1793//3336
f 1365//3334 1793//3334 1366//3334
f 1366//3334 1793//3334 1808//3334
f 1366//3334 1808//3334 1331//3334
f 1846//3337 1548//3337 1847//3337
f 1847//3338 1548//3338 1546//3338
f 1847//3339 1546//3339 1848//3339
f 1848//3340 1546//3340 1544//3340
f 1848//3341 1544//3341 1849//3341
f 1849//3342 1544//3342 1542//3342
f 1849//3343 1542//3343 1850//3343
f 1850//3344 1542//3344 1540//3344
f 1850//3345 1540//3345 1851//3345
f 1851//3346 1540//3346 1538//3346
f 1851//3347 1538//3347 1839//3347
f 1839//3348 1538//3348 1209//3348
f 1852//3349 1846//3349 1853//3349
f 1853//3350 1846//3350 1847//3350
f 1853//3351 1847//3351 1854//3351
f 1854//3352 1847//3352 1848//3352
f 1854//3353 1848//3353 1855//3353
f 1855//3354 1848//3354 1849//3354
f 1855//3355 1849//3355 1856//3355
f 1856//3356 1849//3356 1850//3356
f 1856//3357 1850//3357 1857//3357
f 1857//3358 1850//3358 1851//3358
f 1857//3359 1851//3359 1839//3359
f 1858//3360 1852//3360 1859//3360
f 1859//3361 1852//3361 1853//3361
f 1859//3362 1853//3362 1860//3362
f 1860//3363 1853//3363 1854//3363
f 1860//3364 1854//3364 1855//3364
f 1860//3365 1855//3365 1861//3365
f 1861//3366 1855//3366 1856//3366
f 1861//3367 1856//3367 1862//3367
f 1862//3368 1856//3368 1857//3368
f 1862//3369 1857//3369 1841//3369
f 1841//3370 1857//3370 1839//3370
f 1863//3371 1858//3371 1859//3371
f 1863//3372 1859//3372 1864//3372
f 1864//3373 1859//3373 1860//3373
f 1864//3374 1860//3374 1865//3374
f 1865//3375 1860//3375 1861//3375
f 1865//3376 1861//3376 1866//3376
f 1866//3377 1861//3377 1862//3377
f 1866//3378 1862//3378 1843//3378
f 1843//3379 1862//3379 1841//3379
f 1867//3380 1863//3380 1868//3380
f 1868//3381 1863//3381 1864//3381
f 1868//3382 1864//3382 1865//3382
f 1868//3383 1865//3383 1869//3383
f 1869//3384 1865//3384 1866//3384
f 1869//3385 1866//3385 1838//3385
f 1838//3386 1866//3386 1843//3386
f 1870//3387 1867//3387 1871//3387
f 1871//3388 1867//3388 1872//3388
f 1872//3389 1867//3389 1868//3389
f 1872//3390 1868//3390 1873//3390
f 1873//3391 1868//3391 1869//3391
f 1873//3392 1869//3392 1845//3392
f 1845//3393 1869//3393 1838//3393
f 1875//3394 1573//3394 1874//3394
f 1585//3395 1586//3395 1646//3395
f 1583//3396 1579//3396 1877//3396
f 1877//3397 1579//3397 1584//3397
f 1877//3398 1584//3398 1878//3398
f 1878//3399 1584//3399 1585//3399
f 1878//3400 1585//3400 1879//3400
f 1879//3401 1585//3401 1646//3401
f 1573//3402 1582//3402 1583//3402
f 1646//3403 1548//3403 1846//3403
f 1646//3404 1846//3404 1879//3404
f 1879//3405 1846//3405 1852//3405
f 1879//3406 1852//3406 1878//3406
f 1878//3407 1852//3407 1858//3407
f 1878//3408 1858//3408 1877//3408
f 1877//3409 1858//3409 1863//3409
f 1877//3410 1863//3410 1583//3410
f 1583//3411 1863//3411 1867//3411
f 1583//3412 1867//3412 1573//3412
f 1573//3413 1867//3413 1870//3413
f 1573//3414 1870//3414 1874//3414
f 1880//3334 1845//3334 1837//3334
f 1376//3334 1880//3334 1375//3334
f 1375//3334 1880//3334 1837//3334
f 1375//3334 1837//3334 1370//3334
f 1837//3334 1836//3334 1370//3334
f 1370//3334 1836//3334 1830//3334
f 1370//3334 1830//3334 1371//3334
f 1805//3334 1384//3334 1830//3334
f 1830//3334 1384//3334 1371//3334
f 1874//3415 1881//3415 1875//3415
f 1876//3416 1368//3416 1367//3416
f 1876//3417 1875//3417 1368//3417
f 1368//3418 1875//3418 1882//3418
f 1368//3334 1882//3334 1376//3334
f 1874//3334 1870//3334 1883//3334
f 1883//3334 1870//3334 1871//3334
f 1883//3334 1871//3334 1884//3334
f 1884//3419 1871//3419 1872//3419
f 1875//3420 1881//3420 1885//3420
f 1885//3421 1881//3421 1872//3421
f 1885//3422 1872//3422 1886//3422
f 1376//3334 1882//3334 1880//3334
f 1880//3334 1882//3334 1873//3334
f 1880//3334 1873//3334 1845//3334
f 1884//3423 1872//3423 1881//3423
f 1884//3334 1881//3334 1883//3334
f 1883//3334 1881//3334 1874//3334
f 1872//3424 1873//3424 1886//3424
f 1886//3334 1873//3334 1882//3334
f 1886//3334 1882//3334 1885//3334
f 1885//3425 1882//3425 1875//3425
f 1876//3426 1887//3426 1875//3426
f 1875//3427 1887//3427 1572//3427
f 1875//3428 1572//3428 1573//3428
f 1888//3429 1571//3429 1570//3429
f 1887//3430 1888//3430 1572//3430
f 1572//3431 1888//3431 1570//3431
f 1889//3432 1571//3432 1888//3432
f 1889//107 1414//107 1415//107
f 1889//3433 1415//3433 1891//3433
f 1889//108 1891//108 1571//108
f 1571//3434 1891//3434 1892//3434
f 1571//3435 1892//3435 1890//3435
f 1890//107 1892//107 1893//107
f 1876//3436 1367//3436 1409//3436
f 1413//3437 1414//3437 1889//3437
f 1413//3438 1889//3438 1412//3438
f 1889//3439 1888//3439 1412//3439
f 1412//3440 1888//3440 1410//3440
f 1410//3441 1888//3441 1887//3441
f 1410//3442 1887//3442 1411//3442
f 1411//3443 1887//3443 1876//3443
f 1411//3444 1876//3444 1409//3444
f 1575//3445 1894//3445 1895//3445
f 1571//3446 1890//3446 1896//3446
f 1571//3447 1896//3447 1574//3447
f 1894//3448 1575//3448 1896//3448
f 1896//3449 1575//3449 1574//3449
f 1576//3450 1895//3450 1897//3450
f 1895//3451 1576//3451 1575//3451
f 1416//3452 1405//3452 1898//3452
f 1899//3453 1407//3453 1402//3453
f 1416//3454 1898//3454 1415//3454
f 1402//3455 1900//3455 1899//3455
f 1899//3456 1900//3456 1901//3456
f 1901//3457 1900//3457 1902//3457
f 1901//3458 1902//3458 1903//3458
f 1902//3459 1904//3459 1903//3459
f 1903//3460 1904//3460 1905//3460
f 1905//3461 1907//3461 1906//3461
f 1906//3462 1907//3462 1908//3462
f 1908//3463 1907//3463 1909//3463
f 1908//3464 1909//3464 1910//3464
f 1897//3465 1895//3465 1911//3465
f 1911//3466 1895//3466 1910//3466
f 1911//3467 1910//3467 1909//3467
f 1895//3468 1894//3468 1910//3468
f 1910//3468 1894//3468 1912//3468
f 1910//3469 1912//3469 1908//3469
f 1908//3470 1912//3470 1913//3470
f 1908//3471 1913//3471 1906//3471
f 1906//3471 1913//3471 1914//3471
f 1906//3472 1914//3472 1905//3472
f 1905//3473 1914//3473 1915//3473
f 1905//3474 1915//3474 1903//3474
f 1903//3475 1915//3475 1916//3475
f 1903//3476 1916//3476 1901//3476
f 1901//3476 1916//3476 1917//3476
f 1901//3477 1917//3477 1899//3477
f 1899//3477 1917//3477 1918//3477
f 1899//3478 1918//3478 1407//3478
f 1407//3479 1918//3479 1406//3479
f 1894//3480 1896//3480 1912//3480
f 1912//3481 1896//3481 1919//3481
f 1912//3482 1919//3482 1913//3482
f 1913//3482 1919//3482 1920//3482
f 1913//3483 1920//3483 1914//3483
f 1914//3483 1920//3483 1921//3483
f 1914//3484 1921//3484 1915//3484
f 1915//3484 1921//3484 1922//3484
f 1915//3485 1922//3485 1916//3485
f 1916//3485 1922//3485 1923//3485
f 1916//3486 1923//3486 1917//3486
f 1917//3486 1923//3486 1924//3486
f 1917//3487 1924//3487 1918//3487
f 1918//3487 1924//3487 1898//3487
f 1918//3488 1898//3488 1406//3488
f 1406//3489 1898//3489 1405//3489
f 1896//3490 1890//3490 1919//3490
f 1919//3491 1890//3491 1920//3491
f 1920//3492 1890//3492 1893//3492
f 1920//3493 1893//3493 1921//3493
f 1921//3494 1893//3494 1922//3494
f 1922//3495 1893//3495 1892//3495
f 1922//3496 1892//3496 1923//3496
f 1923//3497 1892//3497 1924//3497
f 1924//3498 1892//3498 1891//3498
f 1924//3499 1891//3499 1898//3499
f 1898//3500 1891//3500 1415//3500
f 1606//3501 1612//3501 1897//3501
f 1612//3502 1576//3502 1897//3502
f 1603//3503 1931//3503 1932//3503
f 1926//3504 1932//3504 1931//3504
f 1933//3505 1643//3505 1932//3505
f 1932//3506 1643//3506 1603//3506
f 1935//3507 1932//3507 1934//3507
f 1927//3508 1933//3508 1935//3508
f 1927//3509 1631//3509 1933//3509
f 1933//3510 1631//3510 1636//3510
f 1926//3511 1930//3511 1925//3511
f 1925//3512 1930//3512 1936//3512
f 1933//3513 1636//3513 1643//3513
f 1643//3514 1636//3514 1553//3514
f 1935//3515 1933//3515 1932//3515
f 1932//3516 1926//3516 1934//3516
f 1934//3517 1926//3517 1925//3517
f 1927//3518 1652//3518 1631//3518
f 1477//3519 1937//3519 1777//3519
f 1777//3520 1937//3520 1775//3520
f 1775//3521 1937//3521 1938//3521
f 1775//3522 1938//3522 1925//3522
f 1775//3523 1925//3523 1774//3523
f 1774//3524 1925//3524 1936//3524
f 1925//3525 1938//3525 1934//3525
f 1939//3526 1927//3526 1935//3526
f 1939//3527 1935//3527 1934//3527
f 1928//3528 1940//3528 1770//3528
f 1770//3529 1940//3529 1776//3529
f 1651//3530 1652//3530 1927//3530
f 1651//3531 1927//3531 1939//3531
f 1774//3532 1936//3532 1770//3532
f 1770//3533 1936//3533 1929//3533
f 1770//3534 1929//3534 1928//3534
f 1477//3535 1651//3535 1937//3535
f 1937//3536 1651//3536 1939//3536
f 1937//3537 1939//3537 1938//3537
f 1938//3538 1939//3538 1934//3538
f 1928//3539 1929//3539 1942//3539
f 1942//3540 1929//3540 1943//3540
f 1942//3541 1943//3541 1941//3541
f 1941//3542 1943//3542 1944//3542
f 1929//3543 1936//3543 1946//3543
f 1929//3544 1946//3544 1943//3544
f 1943//3545 1946//3545 1945//3545
f 1945//3546 1946//3546 1947//3546
f 1944//3547 1943//3547 1945//3547
f 1948//3548 1947//3548 1949//3548
f 1949//3549 1947//3549 1946//3549
f 1949//3550 1946//3550 1930//3550
f 1930//3551 1946//3551 1936//3551
f 1950//3552 1948//3552 1949//3552
f 1930//3553 1926//3553 1951//3553
f 1930//3554 1951//3554 1949//3554
f 1949//3555 1951//3555 1950//3555
f 1950//3556 1951//3556 1952//3556
f 1951//3557 1926//3557 1954//3557
f 1951//3558 1954//3558 1955//3558
f 1951//3559 1955//3559 1952//3559
f 1952//3560 1955//3560 1953//3560
f 1956//3561 1953//3561 1957//3561
f 1957//3562 1953//3562 1955//3562
f 1957//3563 1955//3563 1954//3563
f 1957//3564 1954//3564 1931//3564
f 1931//3565 1954//3565 1926//3565
f 1958//3566 1956//3566 1959//3566
f 1959//3567 1956//3567 1957//3567
f 1959//3568 1957//3568 1960//3568
f 1960//3569 1957//3569 1931//3569
f 1958//3570 1959//3570 1961//3570
f 1606//3571 1962//3571 1605//3571
f 1605//3572 1962//3572 1963//3572
f 1605//3573 1963//3573 1602//3573
f 1602//3574 1963//3574 1603//3574
f 1931//3575 1603//3575 1960//3575
f 1960//3576 1603//3576 1963//3576
f 1960//3577 1963//3577 1959//3577
f 1959//3578 1963//3578 1961//3578
f 1961//3579 1963//3579 1962//3579
f 1396//3580 1401//3580 1928//3580
f 1907//3581 1956//3581 1909//3581
f 1909//3582 1956//3582 1958//3582
f 1909//3583 1958//3583 1911//3583
f 1958//3584 1961//3584 1911//3584
f 1911//3585 1961//3585 1962//3585
f 1911//3586 1962//3586 1897//3586
f 1897//3587 1962//3587 1606//3587
f 1956//3588 1907//3588 1953//3588
f 1953//3589 1907//3589 1905//3589
f 1953//3590 1905//3590 1952//3590
f 1904//3591 1948//3591 1950//3591
f 1904//3592 1950//3592 1905//3592
f 1905//3593 1950//3593 1952//3593
f 1900//3594 1945//3594 1902//3594
f 1902//3595 1945//3595 1947//3595
f 1902//3596 1947//3596 1904//3596
f 1904//3597 1947//3597 1948//3597
f 1402//3598 1403//3598 1941//3598
f 1402//3599 1941//3599 1900//3599
f 1900//3600 1941//3600 1944//3600
f 1900//3601 1944//3601 1945//3601
f 1396//3602 1928//3602 1397//3602
f 1397//3603 1928//3603 1398//3603
f 1398//3604 1928//3604 1399//3604
f 1399//3605 1928//3605 1942//3605
f 1399//3606 1942//3606 1400//3606
f 1400//3607 1942//3607 1941//3607
f 1400//3608 1941//3608 1404//3608
f 1404//3609 1941//3609 1403//3609
f 1394//3610 1768//3610 1393//3610
f 1389//3611 1776//3611 1390//3611
f 1390//3612 1776//3612 1940//3612
f 1940//3613 1928//3613 1401//3613
f 1393//3614 1768//3614 1392//3614
f 1392//3615 1768//3615 1391//3615
f 1391//3616 1768//3616 1386//3616
f 1386//3617 1768//3617 1387//3617
f 1388//3618 1387//3618 1776//3618
f 1388//3619 1776//3619 1389//3619
f 1776//3620 1387//3620 1768//3620
f 1705//3621 1562//3621 1964//3621
f 1965//3622 1966//3622 1558//3622
f 2000//3623 1967//3623 1968//3623
f 1558//3624 1968//3624 1965//3624
f 1567//3625 1569//3625 1969//3625
f 1969//3626 1569//3626 1560//3626
f 1969//3627 1560//3627 1558//3627
f 1969//3628 1970//3628 1567//3628
f 1567//3629 1970//3629 1971//3629
f 1567//3630 1971//3630 1568//3630
f 1964//3631 1562//3631 1971//3631
f 1971//3632 1562//3632 1568//3632
f 1752//3633 1705//3633 1964//3633
f 1752//3634 1964//3634 1520//3634
f 1520//3635 1964//3635 1972//3635
f 1972//3636 1964//3636 1971//3636
f 1972//3637 1971//3637 1973//3637
f 1973//3638 1971//3638 1970//3638
f 1973//3639 1970//3639 1974//3639
f 1974//3640 1970//3640 1969//3640
f 1974//3641 1969//3641 1975//3641
f 1975//3642 1969//3642 1558//3642
f 1975//3643 1558//3643 1966//3643
f 1825//3644 1206//3644 1977//3644
f 1977//3645 1206//3645 1528//3645
f 1977//3646 1528//3646 1978//3646
f 1978//3647 1528//3647 1527//3647
f 1978//3648 1527//3648 1979//3648
f 1979//3649 1527//3649 1526//3649
f 1979//3650 1526//3650 1980//3650
f 1980//3651 1526//3651 1524//3651
f 1980//3652 1524//3652 1981//3652
f 1981//3653 1524//3653 1522//3653
f 1981//3654 1522//3654 1972//3654
f 1972//3655 1522//3655 1520//3655
f 1982//3656 1977//3656 1978//3656
f 1982//3657 1978//3657 1983//3657
f 1983//3658 1978//3658 1979//3658
f 1983//3659 1979//3659 1984//3659
f 1984//3660 1979//3660 1980//3660
f 1984//3661 1980//3661 1985//3661
f 1985//3662 1980//3662 1981//3662
f 1985//3663 1981//3663 1973//3663
f 1973//3664 1981//3664 1972//3664
f 1827//3665 1825//3665 1986//3665
f 1986//3666 1825//3666 1977//3666
f 1986//3667 1977//3667 1987//3667
f 1987//3668 1977//3668 1982//3668
f 1987//3669 1982//3669 1988//3669
f 1988//3670 1982//3670 1983//3670
f 1988//3671 1983//3671 1984//3671
f 1988//3672 1984//3672 1989//3672
f 1989//3673 1984//3673 1985//3673
f 1989//3674 1985//3674 1974//3674
f 1974//3675 1985//3675 1973//3675
f 1828//3676 1827//3676 1990//3676
f 1990//3677 1827//3677 1986//3677
f 1990//3678 1986//3678 1991//3678
f 1991//3679 1986//3679 1987//3679
f 1991//3680 1987//3680 1992//3680
f 1992//3681 1987//3681 1988//3681
f 1992//3682 1988//3682 1975//3682
f 1975//3683 1988//3683 1989//3683
f 1975//3684 1989//3684 1974//3684
f 1821//3685 1828//3685 1993//3685
f 1993//3686 1828//3686 1990//3686
f 1993//3687 1990//3687 1994//3687
f 1994//3688 1990//3688 1991//3688
f 1994//3689 1991//3689 1992//3689
f 1994//3690 1992//3690 1966//3690
f 1966//3691 1992//3691 1975//3691
f 1822//3692 1821//3692 1995//3692
f 1995//3693 1821//3693 1993//3693
f 1993//3694 1994//3694 1996//3694
f 1997//3695 1994//3695 1966//3695
f 1997//3696 1966//3696 1976//3696
f 1331//3334 1808//3334 1329//3334
f 1823//3334 1822//3334 1998//3334
f 1808//3334 1813//3334 1329//3334
f 1329//3334 1813//3334 1812//3334
f 1329//3334 1812//3334 1327//3334
f 1327//3334 1812//3334 1823//3334
f 1327//3334 1823//3334 1998//3334
f 1327//3334 1998//3334 1325//3334
f 1968//3697 1967//3697 1999//3697
f 1999//3334 1967//3334 2000//3334
f 2000//3698 1333//3698 1332//3698
f 2001//3334 2002//3334 1999//3334
f 2000//3334 1332//3334 1999//3334
f 1999//3334 1332//3334 1325//3334
f 1999//3334 1325//3334 2001//3334
f 2002//3334 2003//3334 1999//3334
f 1999//3334 2003//3334 2004//3334
f 1999//3699 2004//3699 1968//3699
f 1966//3700 2005//3700 1976//3700
f 1976//3334 2005//3334 1997//3334
f 1965//3701 1968//3701 2004//3701
f 1966//3702 2006//3702 2005//3702
f 2005//3334 2006//3334 2007//3334
f 2005//3334 2007//3334 1997//3334
f 2008//3703 1993//3703 2009//3703
f 2009//3704 1993//3704 1996//3704
f 2009//3334 1996//3334 2007//3334
f 2007//3705 1996//3705 1994//3705
f 2007//3706 1994//3706 1997//3706
f 1325//3334 1998//3334 2001//3334
f 2001//3334 1998//3334 1822//3334
f 2001//3334 1822//3334 1995//3334
f 1966//3707 1965//3707 2006//3707
f 2006//3334 1965//3334 2004//3334
f 2006//3334 2004//3334 2007//3334
f 2007//3334 2004//3334 2003//3334
f 2007//3334 2003//3334 2009//3334
f 2009//3334 2003//3334 2002//3334
f 2009//3334 2002//3334 2008//3334
f 2008//3334 2002//3334 2001//3334
f 2008//3708 2001//3708 1993//3708
f 1993//3709 2001//3709 1995//3709
f 1565//3710 2011//3710 1559//3710
f 1968//3711 1558//3711 2010//3711
f 1968//3712 2010//3712 2000//3712
f 1558//3713 1559//3713 2010//3713
f 2010//3714 1559//3714 2011//3714
f 1561//3715 2012//3715 1563//3715
f 2012//3716 1561//3716 2013//3716
f 1563//3717 2012//3717 2014//3717
f 1563//3718 2014//3718 1564//3718
f 1564//3719 2014//3719 2015//3719
f 1564//3720 2015//3720 1565//3720
f 1565//3721 2015//3721 2016//3721
f 1333//3722 2000//3722 1334//3722
f 1335//110 1341//110 2017//110
f 2017//3723 1341//3723 2011//3723
f 2018//3724 1565//3724 2016//3724
f 1565//3725 2018//3725 2011//3725
f 2011//3726 2018//3726 2017//3726
f 2018//114 2016//114 2019//114
f 1334//3727 2000//3727 1336//3727
f 1336//3728 2000//3728 2010//3728
f 1336//3729 2010//3729 1340//3729
f 1340//3730 2010//3730 1339//3730
f 1339//3731 2010//3731 1337//3731
f 1337//3732 2010//3732 2011//3732
f 1337//3733 2011//3733 1342//3733
f 1342//3734 2011//3734 1341//3734
f 1701//3735 1708//3735 2013//3735
f 2013//3736 1561//3736 1701//3736
f 2020//3737 2021//3737 1356//3737
f 1356//3738 2021//3738 1357//3738
f 2022//3739 2012//3739 2013//3739
f 2013//3740 2023//3740 2022//3740
f 2022//3741 2023//3741 2024//3741
f 2024//3742 2023//3742 2025//3742
f 2024//3743 2025//3743 2026//3743
f 2025//3744 2027//3744 2026//3744
f 2026//3745 2027//3745 2028//3745
f 2028//3746 2030//3746 2029//3746
f 2029//3747 2030//3747 2031//3747
f 2031//3748 2030//3748 2032//3748
f 2031//3749 2032//3749 2020//3749
f 2020//3750 2032//3750 2021//3750
f 1356//3751 1343//3751 2020//3751
f 2020//3752 1343//3752 2033//3752
f 2020//3753 2033//3753 2031//3753
f 2031//3753 2033//3753 2034//3753
f 2031//3754 2034//3754 2029//3754
f 2029//3754 2034//3754 2035//3754
f 2029//3755 2035//3755 2028//3755
f 2028//3756 2035//3756 2036//3756
f 2028//3757 2036//3757 2026//3757
f 2026//3758 2036//3758 2037//3758
f 2026//3759 2037//3759 2024//3759
f 2024//3759 2037//3759 2038//3759
f 2024//3760 2038//3760 2022//3760
f 2022//3761 2038//3761 2039//3761
f 2022//3762 2039//3762 2012//3762
f 2012//3762 2039//3762 2014//3762
f 2033//3763 1343//3763 2040//3763
f 2033//3764 2040//3764 2034//3764
f 2034//3764 2040//3764 2041//3764
f 2034//3765 2041//3765 2035//3765
f 2035//3765 2041//3765 2042//3765
f 2035//3766 2042//3766 2036//3766
f 2036//3767 2042//3767 2043//3767
f 2036//3768 2043//3768 2037//3768
f 2037//3768 2043//3768 2044//3768
f 2037//3769 2044//3769 2038//3769
f 2038//3769 2044//3769 2045//3769
f 2038//3770 2045//3770 2039//3770
f 2039//3771 2045//3771 2015//3771
f 2039//3772 2015//3772 2014//3772
f 1343//3773 1335//3773 2040//3773
f 2040//3774 1335//3774 2017//3774
f 2040//3775 2017//3775 2041//3775
f 2041//3776 2017//3776 2042//3776
f 2042//3777 2017//3777 2018//3777
f 2042//3778 2018//3778 2043//3778
f 2043//3779 2018//3779 2044//3779
f 2044//3780 2018//3780 2019//3780
f 2044//3781 2019//3781 2045//3781
f 2045//3782 2019//3782 2015//3782
f 2015//3783 2019//3783 2016//3783
f 2046//3784 1748//3784 1718//3784
f 2047//3785 2048//3785 2049//3785
f 2049//3786 2048//3786 2050//3786
f 2049//3787 2056//3787 2047//3787
f 2053//3788 2054//3788 2055//3788
f 2052//3789 2047//3789 2056//3789
f 2057//3790 2049//3790 2058//3790
f 2058//3791 2049//3791 2046//3791
f 2058//3792 2046//3792 1718//3792
f 2051//3793 2047//3793 2052//3793
f 2051//3794 2052//3794 2053//3794
f 1529//3795 1748//3795 1754//3795
f 1754//3796 1748//3796 2046//3796
f 1754//3797 2046//3797 2050//3797
f 2050//3798 2046//3798 2049//3798
f 2056//3799 2049//3799 2057//3799
f 1779//3800 2054//3800 2053//3800
f 1779//3801 2053//3801 1788//3801
f 1788//3802 2053//3802 2060//3802
f 1788//3803 2060//3803 1790//3803
f 1790//3804 2060//3804 2052//3804
f 1790//3805 2052//3805 2061//3805
f 1790//3806 2061//3806 1789//3806
f 1789//3807 2061//3807 2059//3807
f 1789//3808 2059//3808 1508//3808
f 1508//3809 2059//3809 1757//3809
f 1508//3810 1757//3810 1507//3810
f 2058//3811 1718//3811 1755//3811
f 2052//3812 2056//3812 2061//3812
f 2061//3813 2056//3813 2057//3813
f 1779//3814 2055//3814 2054//3814
f 2060//3815 2053//3815 2052//3815
f 2059//3816 2061//3816 2057//3816
f 2059//3817 2057//3817 2058//3817
f 2059//3818 2058//3818 1757//3818
f 1757//3819 2058//3819 1755//3819
f 2048//3820 2068//3820 2069//3820
f 2048//3821 2069//3821 2070//3821
f 2048//3822 2070//3822 2050//3822
f 2050//3823 2070//3823 1710//3823
f 2047//3824 2071//3824 2048//3824
f 2048//3825 2071//3825 2068//3825
f 2071//3826 2047//3826 2051//3826
f 2075//3827 2051//3827 2053//3827
f 2053//3828 2055//3828 2076//3828
f 2076//3829 2055//3829 2077//3829
f 1709//3830 1710//3830 2070//3830
f 1709//3831 2070//3831 2078//3831
f 2078//3832 2070//3832 2069//3832
f 2069//3833 2068//3833 2079//3833
f 2079//3834 2068//3834 2071//3834
f 2071//3835 2051//3835 2080//3835
f 2080//3836 2051//3836 2075//3836
f 2075//3837 2053//3837 2081//3837
f 2081//3838 2053//3838 2076//3838
f 1708//3839 1709//3839 2065//3839
f 2065//3840 1709//3840 2078//3840
f 2065//3841 2078//3841 2064//3841
f 2064//3842 2078//3842 2066//3842
f 2066//3843 2078//3843 2069//3843
f 2066//3844 2069//3844 2067//3844
f 2067//3845 2069//3845 2079//3845
f 2067//3846 2079//3846 2074//3846
f 2074//3847 2079//3847 2073//3847
f 2073//3848 2079//3848 2071//3848
f 2073//3849 2071//3849 2072//3849
f 2072//3850 2071//3850 2080//3850
f 2072//3851 2080//3851 2063//3851
f 2063//3852 2080//3852 2062//3852
f 2062//3853 2080//3853 2075//3853
f 2062//3854 2075//3854 2082//3854
f 2082//3855 2075//3855 2081//3855
f 2082//3856 2081//3856 2083//3856
f 2083//3857 2081//3857 2084//3857
f 2084//3858 2081//3858 2076//3858
f 2084//3859 2076//3859 2085//3859
f 2085//3860 2076//3860 2077//3860
f 2085//3861 2077//3861 2086//3861
f 2021//3862 2086//3862 1357//3862
f 1357//3863 2086//3863 1358//3863
f 2030//3864 2082//3864 2032//3864
f 2032//3865 2082//3865 2083//3865
f 2032//3866 2083//3866 2021//3866
f 2021//3867 2083//3867 2084//3867
f 2021//3868 2084//3868 2085//3868
f 2021//3869 2085//3869 2086//3869
f 2030//3870 2062//3870 2082//3870
f 2028//3871 2027//3871 2073//3871
f 2073//3872 2072//3872 2028//3872
f 2028//3873 2072//3873 2030//3873
f 2030//3874 2072//3874 2063//3874
f 2030//3875 2063//3875 2062//3875
f 2023//3876 2066//3876 2025//3876
f 2025//3877 2066//3877 2067//3877
f 2025//3878 2067//3878 2027//3878
f 2027//3879 2067//3879 2074//3879
f 2027//3880 2074//3880 2073//3880
f 2013//3881 1708//3881 2065//3881
f 2013//3882 2065//3882 2023//3882
f 2023//3883 2065//3883 2064//3883
f 2023//3884 2064//3884 2066//3884
f 1353//3885 2055//3885 1346//3885
f 1358//3886 2086//3886 1350//3886
f 1350//3887 2086//3887 1351//3887
f 1351//3888 2086//3888 2077//3888
f 1351//3889 2077//3889 1352//3889
f 1352//3890 2077//3890 1354//3890
f 1354//3891 2077//3891 1355//3891
f 1355//3892 2077//3892 2055//3892
f 1355//3893 2055//3893 1353//3893
f 1346//3894 2055//3894 1779//3894
f 1346//3895 1779//3895 1347//3895
f 1347//3896 1779//3896 1348//3896
f 1361//3897 1348//3897 1791//3897
f 1791//3898 1348//3898 1779//3898
f 1349//3899 1780//3899 1344//3899
f 1361//3900 1791//3900 1359//3900
f 1359//3901 1791//3901 1360//3901
f 1360//3902 1791//3902 1362//3902
f 1363//3903 1362//3903 1780//3903
f 1363//3904 1780//3904 1349//3904
f 1362//3905 1791//3905 1780//3905
f 1486//3906 1483//3906 2087//3906
f 1486//3907 2087//3907 2093//3907
f 2093//3908 2087//3908 2088//3908
f 2093//3909 2088//3909 2094//3909
f 2094//3910 2088//3910 2089//3910
f 2094//3911 2089//3911 2095//3911
f 2095//3912 2089//3912 2090//3912
f 2095//3913 2090//3913 2096//3913
f 2096//3914 2090//3914 2091//3914
f 2096//3915 2091//3915 2097//3915
f 2097//3916 2091//3916 2092//3916
f 2097//3917 2092//3917 2098//3917
f 1490//3918 1486//3918 2093//3918
f 1490//3919 2093//3919 2099//3919
f 2099//3920 2093//3920 2094//3920
f 2099//3921 2094//3921 2095//3921
f 2099//3922 2095//3922 2100//3922
f 2100//3923 2095//3923 2096//3923
f 2100//3924 2096//3924 2097//3924
f 2100//3925 2097//3925 2101//3925
f 2101//3926 2097//3926 2098//3926
f 2101//3927 2098//3927 2102//3927
f 1493//3928 1495//3928 2104//3928
f 2106//3929 2105//3929 2108//3929
f 2106//3930 2108//3930 2113//3930
f 2113//3931 2108//3931 2109//3931
f 2113//3932 2109//3932 2114//3932
f 2114//3933 2109//3933 2110//3933
f 2114//3934 2110//3934 2115//3934
f 2115//3935 2110//3935 2111//3935
f 2115//3936 2111//3936 2116//3936
f 2116//3937 2111//3937 2112//3937
f 2116//3938 2112//3938 2104//3938
f 2104//3939 2112//3939 1493//3939
f 2107//3940 2106//3940 2113//3940
f 2107//3941 2113//3941 2117//3941
f 2117//3942 2113//3942 2114//3942
f 2117//3943 2114//3943 2115//3943
f 2117//3944 2115//3944 2118//3944
f 2118//3945 2115//3945 2116//3945
f 2118//3946 2116//3946 2104//3946
f 2118//3947 2104//3947 2103//3947
f 2103//3948 2104//3948 1495//3948
f 2103//3949 1495//3949 1496//3949
f 2105//3950 2092//3950 2091//3950
f 2105//3951 2091//3951 2108//3951
f 2108//3952 2091//3952 2109//3952
f 2109//3953 2091//3953 2090//3953
f 2109//3954 2090//3954 2110//3954
f 2110//3955 2090//3955 2089//3955
f 2110//3956 2089//3956 2111//3956
f 2111//3957 2089//3957 2088//3957
f 2111//3958 2088//3958 2112//3958
f 2112//3959 2088//3959 2087//3959
f 2112//3960 2087//3960 1493//3960
f 1493//3961 2087//3961 1483//3961
f 1594//3962 1592//3962 2119//3962
f 1590//3963 1588//3963 2120//3963
f 2120//3964 1588//3964 2121//3964
f 2122//3965 2123//3965 2124//3965
f 2124//3966 2123//3966 2125//3966
f 2124//3967 2125//3967 2126//3967
f 2124//3968 2126//3968 2127//3968
f 2127//3969 2126//3969 2128//3969
f 2127//3970 2128//3970 2129//3970
f 2127//3971 2129//3971 2121//3971
f 2121//3972 2129//3972 2120//3972
f 2130//3973 2131//3973 2132//3973
f 2132//3974 2131//3974 2133//3974
f 2132//3975 2133//3975 2134//3975
f 2134//3976 2133//3976 2135//3976
f 2134//3977 2135//3977 2136//3977
f 2136//3978 2135//3978 2137//3978
f 2136//3979 2137//3979 2138//3979
f 2138//3980 2137//3980 2139//3980
f 2138//3981 2139//3981 2140//3981
f 2138//3982 2140//3982 2119//3982
f 2119//3983 2140//3983 2141//3983
f 2119//3984 2141//3984 1594//3984
f 1594//3985 2141//3985 1440//3985
f 2131//3986 1663//3986 2133//3986
f 2133//3987 1663//3987 1662//3987
f 2133//3988 1662//3988 2135//3988
f 2135//3989 1662//3989 1681//3989
f 2135//3990 1681//3990 2137//3990
f 2137//3991 1681//3991 1682//3991
f 2137//3992 1682//3992 2139//3992
f 2139//3993 1682//3993 1683//3993
f 2139//3994 1683//3994 2140//3994
f 2140//3995 1683//3995 1684//3995
f 2140//3996 1684//3996 2141//3996
f 2141//3997 1684//3997 1440//3997
f 1592//3998 1590//3998 2119//3998
f 2119//3999 1590//3999 2120//3999
f 2119//4000 2120//4000 2138//4000
f 2138//4001 2120//4001 2129//4001
f 2138//4002 2129//4002 2136//4002
f 2136//4003 2129//4003 2128//4003
f 2136//4004 2128//4004 2134//4004
f 2134//4005 2128//4005 2126//4005
f 2134//4006 2126//4006 2132//4006
f 2132//4007 2126//4007 2125//4007
f 2132//4008 2125//4008 2130//4008
f 2130//4009 2125//4009 2123//4009
f 2142//4010 2143//4010 2122//4010
f 2144//4011 1623//4011 1622//4011
f 2145//4012 2146//4012 2147//4012
f 2148//4013 2149//4013 2127//4013
f 2127//4014 2149//4014 2124//4014
f 1622//4015 1629//4015 2151//4015
f 2151//4016 1629//4016 2145//4016
f 1622//4017 2151//4017 2144//4017
f 2144//4018 2151//4018 2148//4018
f 1623//4019 2144//4019 1588//4019
f 2150//4020 2152//4020 2142//4020
f 2142//4021 2152//4021 2143//4021
f 2146//4022 2150//4022 2149//4022
f 2149//4023 2150//4023 2142//4023
f 2149//4024 2142//4024 2124//4024
f 2124//4025 2142//4025 2122//4025
f 2151//4026 2145//4026 2147//4026
f 2151//4027 2147//4027 2148//4027
f 2148//4028 2147//4028 2146//4028
f 2148//4029 2146//4029 2149//4029
f 2121//4030 1588//4030 2144//4030
f 2121//4031 2144//4031 2148//4031
f 2121//4032 2148//4032 2127//4032
f 1257//4033 2153//4033 2154//4033
f 1313//4034 1312//4034 2155//4034
f 1256//4035 1292//4035 1291//4035
f 2153//4036 1257//4036 2156//4036
f 2154//4037 453//4037 1258//4037
f 2154//4038 1258//4038 1257//4038
f 2154//4039 2157//4039 453//4039
f 453//4040 2157//4040 1255//4040
f 1256//4041 1291//4041 450//4041
f 2156//4042 1257//4042 442//4042
f 2156//4043 442//4043 2158//4043
f 2158//4044 442//4044 2159//4044
f 2158//4045 2159//4045 2131//4045
f 2131//4046 2159//4046 1663//4046
f 2131//4047 2130//4047 2158//4047
f 2158//4048 2130//4048 2160//4048
f 2158//4049 2160//4049 2156//4049
f 2156//4050 2160//4050 2161//4050
f 2156//4051 2161//4051 2153//4051
f 2153//4052 2161//4052 2162//4052
f 2153//4053 2162//4053 2154//4053
f 2154//4054 2162//4054 2163//4054
f 2154//4055 2163//4055 2157//4055
f 1255//4056 2157//4056 2164//4056
f 1255//4057 2164//4057 1256//4057
f 1256//4058 2164//4058 2165//4058
f 1256//4059 2165//4059 1292//4059
f 1292//4060 2165//4060 1293//4060
f 2130//4061 2123//4061 2160//4061
f 2160//4062 2123//4062 2166//4062
f 2160//4063 2166//4063 2161//4063
f 2161//4064 2166//4064 2167//4064
f 2161//4065 2167//4065 2162//4065
f 2162//4066 2167//4066 2168//4066
f 2162//4067 2168//4067 2163//4067
f 2163//4068 2168//4068 2169//4068
f 2163//4069 2169//4069 2157//4069
f 2157//4070 2169//4070 2170//4070
f 2157//4071 2170//4071 2164//4071
f 2164//4072 2170//4072 2171//4072
f 2164//4073 2171//4073 2165//4073
f 2165//4074 2171//4074 2155//4074
f 2165//4075 2155//4075 1293//4075
f 1293//4076 2155//4076 1312//4076
f 2172//4077 1313//4077 2155//4077
f 2172//4078 2155//4078 2173//4078
f 2173//4079 2155//4079 2171//4079
f 2173//4080 2171//4080 2174//4080
f 2174//4081 2171//4081 2170//4081
f 2174//4082 2170//4082 2175//4082
f 2175//4083 2170//4083 2169//4083
f 2175//4084 2169//4084 2176//4084
f 2176//4085 2169//4085 2168//4085
f 2176//4086 2168//4086 2177//4086
f 2177//4087 2168//4087 2167//4087
f 2177//4088 2167//4088 2178//4088
f 2178//4089 2167//4089 2166//4089
f 2178//4090 2166//4090 2122//4090
f 2122//4091 2166//4091 2123//4091
f 2102//4092 2179//4092 2180//4092
f 2102//4093 2180//4093 2101//4093
f 2101//4094 2180//4094 2181//4094
f 2101//4095 2181//4095 2100//4095
f 2100//4096 2181//4096 2182//4096
f 2100//4097 2182//4097 2099//4097
f 1657//4098 1490//4098 2099//4098
f 1657//4099 2099//4099 2182//4099
f 1657//4100 2182//4100 1629//4100
f 2179//4101 2152//4101 2180//4101
f 2180//4102 2152//4102 2150//4102
f 2180//4103 2150//4103 2181//4103
f 2181//4104 2150//4104 2146//4104
f 2181//4105 2146//4105 2182//4105
f 2182//4106 2146//4106 2145//4106
f 2182//4107 2145//4107 1629//4107
f 1313//4108 2172//4108 1314//4108
f 2175//4109 2183//4109 2174//4109
f 2174//4110 2183//4110 2184//4110
f 2174//4111 2184//4111 2173//4111
f 2173//4112 2184//4112 2185//4112
f 2173//4113 2185//4113 2172//4113
f 2172//4114 2185//4114 2186//4114
f 2172//4115 2186//4115 1314//4115
f 1299//4116 1298//4116 2187//4116
f 2187//4117 1298//4117 2188//4117
f 2187//4118 2188//4118 2189//4118
f 2187//4119 2189//4119 2190//4119
f 2190//4120 2189//4120 2191//4120
f 2190//4121 2191//4121 2192//4121
f 2190//4122 2192//4122 2193//4122
f 2193//4123 2192//4123 2194//4123
f 2193//4124 2194//4124 2195//4124
f 2193//4125 2195//4125 2196//4125
f 2196//4126 2195//4126 2197//4126
f 2196//4127 2197//4127 2152//4127
f 2152//4128 2197//4128 2143//4128
f 2122//4129 2143//4129 2178//4129
f 2178//4130 2143//4130 2198//4130
f 2178//4131 2198//4131 2177//4131
f 2177//4132 2198//4132 2199//4132
f 2177//4133 2199//4133 2176//4133
f 2176//4134 2199//4134 2200//4134
f 2176//4135 2200//4135 2201//4135
f 2175//4136 2176//4136 2183//4136
f 2183//4137 2176//4137 2201//4137
f 2183//4138 2201//4138 2184//4138
f 2184//4139 2201//4139 2202//4139
f 2184//4140 2202//4140 2185//4140
f 2185//4141 2202//4141 2203//4141
f 2185//4142 2203//4142 2186//4142
f 1314//4143 2186//4143 1315//4143
f 1298//4144 1315//4144 2188//4144
f 2188//4145 1315//4145 2186//4145
f 2188//4146 2186//4146 2189//4146
f 2189//4147 2186//4147 2203//4147
f 2189//4148 2203//4148 2191//4148
f 2191//4149 2203//4149 2202//4149
f 2191//4150 2202//4150 2192//4150
f 2192//4151 2202//4151 2201//4151
f 2192//4152 2201//4152 2194//4152
f 2194//4153 2201//4153 2200//4153
f 2194//4154 2200//4154 2195//4154
f 2195//4155 2200//4155 2199//4155
f 2195//4156 2199//4156 2197//4156
f 2197//4157 2199//4157 2198//4157
f 2197//4158 2198//4158 2143//4158
f 2159//4159 1252//4159 1663//4159
f 1663//4160 1252//4160 432//4160
f 442//4161 439//4161 2159//4161
f 2159//4162 439//4162 1252//4162
f 1685//4163 1693//4163 2206//4163
f 1696//4164 1448//4164 2207//4164
f 2207//4165 1448//4165 1672//4165
f 2207//4166 1672//4166 2208//4166
f 2208//4167 1672//4167 1670//4167
f 2208//4168 1670//4168 2209//4168
f 2209//4169 1670//4169 1668//4169
f 2209//4170 1668//4170 2210//4170
f 2210//4171 1668//4171 1666//4171
f 2210//4172 1666//4172 2211//4172
f 2211//4173 1666//4173 1664//4173
f 2211//4174 1664//4174 2212//4174
f 2212//4175 1664//4175 1659//4175
f 2212//4176 1659//4176 2213//4176
f 2213//4177 1659//4177 1259//4177
f 2204//4178 2205//4178 2214//4178
f 2214//4179 2205//4179 2215//4179
f 2216//4180 2217//4180 2218//4180
f 2218//4181 2217//4181 2219//4181
f 2218//4182 2219//4182 2220//4182
f 2220//4183 2219//4183 2221//4183
f 2220//4184 2221//4184 2222//4184
f 2222//4185 2221//4185 2223//4185
f 2222//4186 2223//4186 2224//4186
f 2224//4187 2223//4187 2204//4187
f 2224//4188 2204//4188 2225//4188
f 2225//4189 2204//4189 2206//4189
f 2206//4190 2204//4190 2214//4190
f 2206//4191 2214//4191 1685//4191
f 1685//4192 2214//4192 2215//4192
f 1685//4193 2215//4193 1686//4193
f 2217//4194 2226//4194 2219//4194
f 2219//4195 2226//4195 2227//4195
f 2219//4196 2227//4196 2221//4196
f 2221//4197 2227//4197 2228//4197
f 2221//4198 2228//4198 2223//4198
f 2223//4199 2228//4199 2229//4199
f 2223//4200 2229//4200 2204//4200
f 2204//4201 2229//4201 2205//4201
f 1693//4202 1696//4202 2206//4202
f 2206//4203 1696//4203 2207//4203
f 2206//4204 2207//4204 2225//4204
f 2225//4205 2207//4205 2208//4205
f 2225//4206 2208//4206 2224//4206
f 2224//4207 2208//4207 2209//4207
f 2224//4208 2209//4208 2222//4208
f 2222//4209 2209//4209 2210//4209
f 2222//4210 2210//4210 2220//4210
f 2220//4211 2210//4211 2211//4211
f 2220//4212 2211//4212 2218//4212
f 2218//4213 2211//4213 2212//4213
f 2218//4214 2212//4214 2216//4214
f 2216//4215 2212//4215 2213//4215
f 2215//4216 2233//4216 2232//4216
f 2232//4217 2233//4217 2234//4217
f 1733//4218 2234//4218 1732//4218
f 1732//4219 2234//4219 2235//4219
f 2234//4220 1733//4220 1735//4220
f 2234//4221 1735//4221 2232//4221
f 2232//4222 1735//4222 1686//4222
f 2232//4223 1686//4223 2215//4223
f 2236//4224 2230//4224 2237//4224
f 2237//4225 2230//4225 2231//4225
f 2237//4226 2231//4226 2238//4226
f 2238//4227 2231//4227 2239//4227
f 2238//4228 2239//4228 2240//4228
f 2240//4229 2239//4229 2241//4229
f 2215//4230 2205//4230 2233//4230
f 2233//4231 2205//4231 2240//4231
f 2233//4232 2240//4232 2241//4232
f 2233//4233 2241//4233 2234//4233
f 2234//4234 2241//4234 2235//4234
f 2226//4235 2236//4235 2227//4235
f 2227//4236 2236//4236 2237//4236
f 2227//4237 2237//4237 2228//4237
f 2228//4238 2237//4238 2238//4238
f 2228//4239 2238//4239 2229//4239
f 2229//4240 2238//4240 2240//4240
f 2229//4241 2240//4241 2205//4241
f 1268//4242 1267//4242 2242//4242
f 1268//4243 2242//4243 1269//4243
f 1229//4244 2243//4244 411//4244
f 411//4245 2243//4245 2244//4245
f 411//4246 2244//4246 1231//4246
f 1231//4247 2244//4247 2245//4247
f 1231//4248 2245//4248 424//4248
f 424//4249 2245//4249 2246//4249
f 424//4250 2246//4250 1228//4250
f 2247//4251 2226//4251 2217//4251
f 1266//4252 1262//4252 2248//4252
f 2248//4253 1262//4253 2249//4253
f 2248//4254 2249//4254 2250//4254
f 2251//4255 2250//4255 2252//4255
f 2251//4256 2252//4256 2253//4256
f 2253//4257 2252//4257 2254//4257
f 2253//4258 2254//4258 2255//4258
f 2255//4259 2254//4259 2256//4259
f 2255//4260 2256//4260 2257//4260
f 2257//4261 2256//4261 2258//4261
f 2257//4262 2258//4262 2259//4262
f 2259//4263 2258//4263 2247//4263
f 2259//4264 2260//4264 2257//4264
f 2257//4265 2260//4265 2261//4265
f 2257//4266 2261//4266 2255//4266
f 2255//4267 2261//4267 2262//4267
f 2255//4268 2262//4268 2253//4268
f 2253//4269 2262//4269 2263//4269
f 2253//4270 2263//4270 2251//4270
f 2251//4271 2263//4271 2264//4271
f 2251//4272 2264//4272 2250//4272
f 2250//4273 2264//4273 2265//4273
f 2250//4274 2265//4274 2248//4274
f 2248//4275 2265//4275 2242//4275
f 2248//4276 2242//4276 1266//4276
f 1266//4277 2242//4277 1267//4277
f 2260//4278 2246//4278 2261//4278
f 2261//4279 2246//4279 2245//4279
f 2261//4280 2245//4280 2262//4280
f 2262//4281 2245//4281 2244//4281
f 2262//4282 2244//4282 2263//4282
f 2263//4283 2244//4283 2243//4283
f 2263//4284 2243//4284 2264//4284
f 2264//4285 2243//4285 1229//4285
f 2264//4286 1229//4286 2265//4286
f 2265//4287 1229//4287 1235//4287
f 2265//4288 1235//4288 2242//4288
f 2242//4289 1235//4289 1234//4289
f 2242//4290 1234//4290 1269//4290
f 1269//4291 1234//4291 412//4291
f 2247//4292 2217//4292 2259//4292
f 2259//4293 2217//4293 2216//4293
f 2259//4294 2216//4294 2260//4294
f 2260//4295 2216//4295 2213//4295
f 2260//4296 2213//4296 2246//4296
f 2246//4297 2213//4297 1259//4297
f 2246//4298 1259//4298 1228//4298
f 2266//4299 2241//4299 2239//4299
f 1496//4300 1761//4300 2103//4300
f 1761//4301 1765//4301 2103//4301
f 2103//4302 1765//4302 2267//4302
f 2103//4303 2267//4303 2118//4303
f 2118//4304 2267//4304 2268//4304
f 2118//4305 2268//4305 2117//4305
f 2117//4306 2268//4306 2269//4306
f 2117//4307 2269//4307 2107//4307
f 2107//4308 2269//4308 2270//4308
f 2241//4309 2266//4309 2235//4309
f 2266//4310 2271//4310 2235//4310
f 2235//4311 2271//4311 1765//4311
f 2235//4312 1765//4312 1732//4312
f 2267//4313 1765//4313 2271//4313
f 2267//4314 2271//4314 2268//4314
f 2268//4315 2271//4315 2266//4315
f 2268//4316 2266//4316 2239//4316
f 2268//4317 2239//4317 2269//4317
f 2269//4318 2239//4318 2231//4318
f 2269//4319 2231//4319 2270//4319
f 2272//4320 2273//4320 2274//4320
f 2274//4321 2273//4321 2275//4321
f 2274//4322 2275//4322 1286//4322
f 1286//4323 2275//4323 1265//4323
f 2230//4324 2236//4324 2276//4324
f 2276//4325 2236//4325 2277//4325
f 2276//4326 2277//4326 2278//4326
f 2276//4327 2278//4327 2279//4327
f 2279//4328 2278//4328 2280//4328
f 2279//4329 2280//4329 2272//4329
f 2272//4330 2280//4330 2281//4330
f 1263//4331 1265//4331 2249//4331
f 2249//4332 1265//4332 2275//4332
f 2249//4333 2275//4333 2273//4333
f 2281//4334 2273//4334 2272//4334
f 2231//4335 2230//4335 2282//4335
f 2282//4336 2230//4336 2276//4336
f 2282//4337 2276//4337 2283//4337
f 2283//4338 2276//4338 2279//4338
f 2283//4339 2279//4339 2284//4339
f 2284//4340 2279//4340 2272//4340
f 2284//4341 2272//4341 2285//4341
f 2285//4342 2272//4342 2274//4342
f 2285//4343 2274//4343 1285//4343
f 1285//4344 2274//4344 1286//4344
f 2236//4345 2226//4345 2277//4345
f 2277//4346 2226//4346 2247//4346
f 2277//4347 2247//4347 2278//4347
f 2278//4348 2247//4348 2258//4348
f 2278//4349 2258//4349 2280//4349
f 2280//4350 2258//4350 2256//4350
f 2280//4351 2256//4351 2254//4351
f 2280//4352 2254//4352 2281//4352
f 2281//4353 2254//4353 2252//4353
f 2281//4354 2252//4354 2273//4354
f 2273//4355 2252//4355 2250//4355
f 2273//4356 2250//4356 2249//4356
f 1263//4357 2249//4357 1262//4357
f 1296//4358 1297//4358 2286//4358
f 1300//4359 1299//4359 2187//4359
f 2287//4360 1301//4360 1296//4360
f 1296//4361 2286//4361 2287//4361
f 2287//4362 2286//4362 2288//4362
f 2179//4363 2102//4363 2289//4363
f 2179//4364 2289//4364 2290//4364
f 2290//4365 2289//4365 2288//4365
f 2290//4366 2288//4366 2291//4366
f 2291//4367 2288//4367 2286//4367
f 2152//4368 2179//4368 2196//4368
f 2196//4369 2179//4369 2193//4369
f 2193//4370 2179//4370 2290//4370
f 2193//4371 2290//4371 2190//4371
f 2190//4372 2290//4372 2291//4372
f 2190//4373 2291//4373 2187//4373
f 2187//4374 2291//4374 2286//4374
f 2187//4375 2286//4375 1300//4375
f 1300//4376 2286//4376 1297//4376
f 2292//4377 1283//4377 1282//4377
f 1282//4378 1264//4378 2292//4378
f 2292//4379 1264//4379 1260//4379
f 2292//4380 1260//4380 2293//4380
f 2293//4381 1260//4381 1261//4381
f 2293//4382 1261//4382 2294//4382
f 2294//4383 1261//4383 1238//4383
f 1238//4384 1236//4384 2294//4384
f 2294//4385 1236//4385 1243//4385
f 1246//4386 1288//4386 1242//4386
f 2294//4387 1243//4387 2295//4387
f 2294//4388 2295//4388 2296//4388
f 2296//4389 2295//4389 2297//4389
f 2296//4390 2297//4390 2298//4390
f 2298//4391 2297//4391 2299//4391
f 2298//4392 2299//4392 2105//4392
f 2105//4393 2299//4393 2092//4393
f 1242//4394 1288//4394 1243//4394
f 1243//4395 1288//4395 1287//4395
f 1243//4396 1287//4396 2295//4396
f 2295//4397 1287//4397 1289//4397
f 2295//4398 1289//4398 2300//4398
f 2300//4399 1289//4399 1290//4399
f 2300//4400 1290//4400 2301//4400
f 2301//4401 1290//4401 1295//4401
f 2301//4402 1295//4402 1294//4402
f 2107//4403 2270//4403 2302//4403
f 2270//4404 2303//4404 2302//4404
f 2302//4405 2303//4405 2304//4405
f 2302//4406 2304//4406 2305//4406
f 2305//4407 2304//4407 2306//4407
f 2305//4408 2306//4408 2307//4408
f 2307//4409 2306//4409 2308//4409
f 2307//4410 2308//4410 1277//4410
f 2307//4411 1277//4411 2310//4411
f 2310//4412 1277//4412 1280//4412
f 1285//4413 1284//4413 2308//4413
f 2308//4414 1284//4414 1281//4414
f 2308//4415 1281//4415 1277//4415
f 2270//4416 2231//4416 2303//4416
f 2303//4417 2231//4417 2282//4417
f 2303//4418 2282//4418 2304//4418
f 2304//4419 2282//4419 2283//4419
f 2304//4420 2283//4420 2306//4420
f 2306//4421 2283//4421 2284//4421
f 2306//4422 2284//4422 2285//4422
f 2306//4423 2285//4423 2308//4423
f 2308//4424 2285//4424 1285//4424
f 1270//4425 1276//4425 2309//4425
f 1276//4426 1278//4426 2309//4426
f 2309//4427 1278//4427 1283//4427
f 2309//4428 1283//4428 2292//4428
f 2309//4429 1271//4429 1270//4429
f 1274//4430 1273//4430 2310//4430
f 2310//4431 1273//4431 1271//4431
f 1280//4432 1279//4432 2310//4432
f 2310//4433 1279//4433 1275//4433
f 2310//4434 1275//4434 1274//4434
f 2309//4435 2292//4435 2311//4435
f 2311//4436 2292//4436 2293//4436
f 2311//4437 2293//4437 2312//4437
f 2312//4438 2293//4438 2294//4438
f 2312//4439 2294//4439 2313//4439
f 2313//4440 2294//4440 2296//4440
f 2313//4441 2296//4441 2314//4441
f 2314//4442 2296//4442 2298//4442
f 2314//4443 2298//4443 2315//4443
f 2315//4444 2298//4444 2105//4444
f 2315//4444 2105//4444 2106//4444
f 1271//4445 2309//4445 2310//4445
f 2310//4446 2309//4446 2311//4446
f 2310//4447 2311//4447 2307//4447
f 2307//4448 2311//4448 2312//4448
f 2307//4449 2312//4449 2313//4449
f 2307//4450 2313//4450 2305//4450
f 2305//4451 2313//4451 2314//4451
f 2305//4452 2314//4452 2315//4452
f 2305//4453 2315//4453 2302//4453
f 2302//4454 2315//4454 2106//4454
f 2302//4455 2106//4455 2107//4455
f 1307//4456 1308//4456 2287//4456
f 2287//4457 1308//4457 1303//4457
f 1304//4458 1306//4458 2316//4458
f 2316//4459 1306//4459 1307//4459
f 1309//4460 1305//4460 2316//4460
f 2316//4461 1305//4461 1304//4461
f 2301//4462 1310//4462 1309//4462
f 2301//4463 1294//4463 1311//4463
f 2301//4464 1311//4464 1310//4464
f 1309//4465 2316//4465 2301//4465
f 2301//4466 2316//4466 2317//4466
f 2301//4467 2317//4467 2300//4467
f 2300//4468 2317//4468 2318//4468
f 2300//4469 2318//4469 2295//4469
f 2295//4470 2318//4470 2319//4470
f 2295//4471 2319//4471 2297//4471
f 2297//4472 2319//4472 2320//4472
f 2297//4473 2320//4473 2299//4473
f 2299//4474 2320//4474 2098//4474
f 2299//4475 2098//4475 2092//4475
f 1307//4476 2287//4476 2316//4476
f 2316//4477 2287//4477 2288//4477
f 2316//4478 2288//4478 2317//4478
f 2317//4479 2288//4479 2318//4479
f 2318//4480 2288//4480 2289//4480
f 2318//4481 2289//4481 2319//4481
f 2319//4482 2289//4482 2320//4482
f 2320//4483 2289//4483 2102//4483
f 2320//4484 2102//4484 2098//4484
f 2287//4485 1303//4485 1301//4485
f 1269//4486 412//4486 1232//4486
f 1253//4487 450//4487 1291//4487
f 1461//4488 1323//4488 1462//4488
f 1462//4489 1323//4489 1316//4489
f 1462//3334 1316//3334 1420//3334
f 1430//4490 1429//4490 1381//4490
f 1381//3334 1429//3334 1383//3334
f 1318//3334 1420//3334 1316//3334
f 1318//3334 1426//3334 1424//3334
f 1318//3334 1424//3334 1420//3334
f 1429//3421 1421//3421 1383//3421
f 1383//3334 1421//3334 1318//3334
f 1318//3334 1421//3334 1426//3334
f 1323//4491 1461//4491 1320//4491
f 1320//4492 1461//4492 1459//4492
f 1320//4493 1459//4493 1321//4493
f 1194//4494 1324//4494 1196//4494
f 1196//4495 1324//4495 1197//4495
f 1197//4496 1324//4496 1321//4496
f 1197//4497 1321//4497 1459//4497
f 1193//4498 1324//4498 1194//4498
f 1324//4499 1193//4499 1326//4499
f 1193//4500 1192//4500 1326//4500
f 1326//4501 1192//4501 1328//4501
f 1192//4502 1199//4502 1328//4502
f 1328//4503 1199//4503 1330//4503
f 1177//2268 1364//2268 1181//2268
f 1181//2268 1364//2268 1178//2268
f 1178//2268 1364//2268 1330//2268
f 1178//4504 1330//4504 1199//4504
f 1215//4505 1372//4505 1176//4505
f 1176//2268 1372//2268 1373//2268
f 1176//2268 1373//2268 1364//2268
f 1176//2268 1364//2268 1177//2268
f 1377//4506 1214//4506 1212//4506
f 1374//4507 1214//4507 1377//4507
f 1372//4508 1215//4508 1374//4508
f 1374//4509 1215//4509 1214//4509
f 1211//4510 1377//4510 1212//4510
f 1433//4511 1378//4511 1225//4511
f 1225//4512 1378//4512 1377//4512
f 1225//4513 1377//4513 1211//4513
f 1378//4514 1433//4514 1431//4514
f 1378//4515 1431//4515 1379//4515
f 1431//4516 1430//4516 1379//4516
f 1379//4517 1430//4517 1381//4517
f 2322//4518 1518//4518 2321//4518
f 2321//4519 1518//4519 1186//4519
f 2323//4520 1515//4520 2322//4520
f 2322//4521 1515//4521 1509//4521
f 2322//4522 1509//4522 1518//4522
f 2324//4523 1517//4523 1515//4523
f 2324//4524 1515//4524 2323//4524
f 2325//4525 1511//4525 2324//4525
f 2324//4526 1511//4526 1510//4526
f 2324//4527 1510//4527 1517//4527
f 2326//4528 2327//4528 1201//4528
f 1201//4529 1190//4529 2326//4529
f 1186//4530 1202//4530 2321//4530
f 2321//4531 1202//4531 2327//4531
f 2327//4532 1202//4532 1201//4532
f 1188//4533 2328//4533 2326//4533
f 1188//4534 2326//4534 1190//4534
f 2330//4535 1737//4535 2331//4535
f 2331//4536 1737//4536 1513//4536
f 1737//4537 2330//4537 1742//4537
f 1742//4538 2330//4538 2332//4538
f 1740//4539 1741//4539 2333//4539
f 2333//4540 1741//4540 1743//4540
f 2333//4541 1743//4541 2332//4541
f 2332//4542 1743//4542 1742//4542
f 1740//4543 2333//4543 2334//4543
f 1740//4544 2334//4544 1464//4544
f 1466//4545 1465//4545 2329//4545
f 2329//4546 1465//4546 2334//4546
f 2334//4547 1465//4547 1464//4547
f 2328//4548 1188//4548 2329//4548
f 2329//4549 1188//4549 1466//4549
f 2331//4550 1513//4550 2325//4550
f 2325//4551 1513//4551 1511//4551
f 2321//4552 2327//4552 2326//4552
f 2330//4552 2331//4552 2332//4552
f 2332//4552 2331//4552 2329//4552
f 2332//4553 2329//4553 2333//4553
f 2333//4552 2329//4552 2334//4552
f 2324//4552 2323//4552 2325//4552
f 2325//4552 2323//4552 2322//4552
f 2322//4552 2321//4552 2325//4552
f 2325//4552 2321//4552 2326//4552
f 2325//4552 2326//4552 2331//4552
f 2331//4552 2326//4552 2328//4552
f 2331//4552 2328//4552 2329//4552
f 2335//4554 2336//4554 2337//4554
f 2337//4555 2336//4555 2338//4555
f 2337//4556 2338//4556 2339//4556
f 2339//4557 2338//4557 2340//4557
f 2339//4558 2340//4558 2341//4558
f 2341//4559 2340//4559 2342//4559
f 2343//4560 2344//4560 2345//4560
f 2345//4561 2344//4561 2346//4561
f 2345//4562 2346//4562 2342//4562
f 2342//4563 2346//4563 2341//4563
f 2344//4564 2343//4564 2347//4564
f 2347//4565 2343//4565 2348//4565
f 2347//4566 2348//4566 2349//4566
f 2349//4567 2348//4567 2350//4567
f 2349//4568 2350//4568 2351//4568
f 2351//4569 2350//4569 2352//4569
f 2351//4570 2352//4570 2353//4570
f 2353//4571 2352//4571 2354//4571
f 2355//4572 2356//4572 2357//4572
f 2357//4573 2356//4573 2358//4573
f 2357//4574 2358//4574 2359//4574
f 2359//4575 2358//4575 2360//4575
f 2359//4576 2360//4576 2361//4576
f 2359//4577 2361//4577 2362//4577
f 2362//4578 2361//4578 2363//4578
f 2363//4579 2361//4579 2364//4579
f 2363//4580 2364//4580 2365//4580
f 2363//4581 2365//4581 2366//4581
f 2353//4582 2354//4582 2367//4582
f 2367//4583 2354//4583 2366//4583
f 2367//4584 2366//4584 2365//4584
f 2368//4585 2356//4585 2355//4585
f 2369//4586 2370//4586 2371//4586
f 2371//4587 2370//4587 2368//4587
f 2371//4588 2368//4588 2355//4588
f 2370//4589 2369//4589 2372//4589
f 2372//4590 2369//4590 2373//4590
f 2372//4591 2373//4591 2374//4591
f 2374//4592 2373//4592 2375//4592
f 2374//4593 2375//4593 2376//4593
f 2376//4594 2375//4594 2377//4594
f 2376//4595 2377//4595 2378//4595
f 2378//4596 2377//4596 2379//4596
f 2378//4597 2379//4597 2380//4597
f 2380//4598 2379//4598 2381//4598
f 2380//4599 2381//4599 2335//4599
f 2335//4600 2381//4600 2336//4600
f 2384//4601 2385//4601 2335//4601
f 2335//4602 2385//4602 2380//4602
f 2380//4603 2385//4603 2378//4603
f 2378//4604 2385//4604 2374//4604
f 2378//4605 2374//4605 2376//4605
f 2370//4606 2372//4606 2374//4606
f 2368//4607 2386//4607 2387//4607
f 2360//4608 2356//4608 2368//4608
f 2360//4609 2368//4609 2387//4609
f 2388//4610 2389//4610 2390//4610
f 2383//4611 2382//4611 2390//4611
f 2390//4612 2382//4612 2388//4612
f 2383//4613 2387//4613 2382//4613
f 2382//4614 2387//4614 2386//4614
f 2368//4615 2370//4615 2386//4615
f 2386//4616 2370//4616 2374//4616
f 2386//4617 2374//4617 2382//4617
f 2382//4618 2374//4618 2385//4618
f 2382//4619 2385//4619 2388//4619
f 2388//4620 2385//4620 2384//4620
f 2344//4621 2349//4621 2346//4621
f 2346//4622 2349//4622 2391//4622
f 2346//4623 2391//4623 2341//4623
f 2341//4624 2391//4624 2384//4624
f 2384//4625 2337//4625 2339//4625
f 2339//4626 2341//4626 2384//4626
f 2384//4627 2335//4627 2337//4627
f 2384//4628 2391//4628 2388//4628
f 2388//4629 2391//4629 2389//4629
f 2389//4630 2391//4630 2349//4630
f 2351//4631 2353//4631 2389//4631
f 2389//4632 2349//4632 2351//4632
f 2344//4633 2347//4633 2349//4633
f 2358//4634 2356//4634 2360//4634
f 2387//4635 2361//4635 2360//4635
f 2387//4636 2364//4636 2361//4636
f 2383//4637 2364//4637 2387//4637
f 2390//4638 2367//4638 2365//4638
f 2390//4639 2365//4639 2383//4639
f 2383//4640 2365//4640 2364//4640
f 2367//4641 2390//4641 2353//4641
f 2353//4642 2390//4642 2389//4642
f 2373//4643 2369//4643 2392//4643
f 2377//4644 2375//4644 2393//4644
f 2355//4645 2359//4645 2371//4645
f 2375//4646 2373//4646 2392//4646
f 2375//4647 2392//4647 2393//4647
f 2369//4648 2371//4648 2394//4648
f 2394//4649 2396//4649 2397//4649
f 2397//4650 2396//4650 2398//4650
f 2399//4651 2336//4651 2381//4651
f 2381//4652 2400//4652 2399//4652
f 2400//4653 2381//4653 2393//4653
f 2393//4654 2381//4654 2379//4654
f 2393//4655 2379//4655 2377//4655
f 2398//4656 2395//4656 2400//4656
f 2398//4657 2400//4657 2397//4657
f 2397//4658 2400//4658 2393//4658
f 2394//4659 2371//4659 2359//4659
f 2394//4660 2359//4660 2362//4660
f 2394//4661 2362//4661 2396//4661
f 2369//4662 2394//4662 2392//4662
f 2392//4663 2394//4663 2393//4663
f 2393//4664 2394//4664 2397//4664
f 2343//4665 2345//4665 2401//4665
f 2338//4666 2336//4666 2399//4666
f 2399//4667 2342//4667 2340//4667
f 2399//4668 2340//4668 2338//4668
f 2342//4669 2399//4669 2401//4669
f 2342//4670 2401//4670 2345//4670
f 2350//4671 2343//4671 2401//4671
f 2350//4672 2401//4672 2395//4672
f 2395//4673 2401//4673 2400//4673
f 2400//4674 2401//4674 2399//4674
f 2350//4675 2348//4675 2343//4675
f 2354//4676 2352//4676 2395//4676
f 2395//4677 2352//4677 2350//4677
f 2354//4678 2395//4678 2398//4678
f 2354//4679 2398//4679 2366//4679
f 2366//4680 2398//4680 2363//4680
f 2363//4681 2398//4681 2396//4681
f 2396//4682 2362//4682 2363//4682
f 2359//4683 2355//4683 2357//4683
f 2404//4684 2405//4684 2406//4684
f 2406//4685 2405//4685 2407//4685
f 2406//4686 2407//4686 2408//4686
f 2408//4687 2409//4687 2406//4687
f 2409//4688 2410//4688 2406//4688
f 2412//4689 2413//4689 2414//4689
f 2414//4690 2413//4690 2415//4690
f 2415//4691 2416//4691 2414//4691
f 2414//4692 2416//4692 2417//4692
f 2414//4693 2417//4693 2418//4693
f 2411//4694 2421//4694 2410//4694
f 2410//4695 2421//4695 2422//4695
f 2410//4696 2422//4696 2406//4696
f 2423//4697 2419//4697 2420//4697
f 2423//4698 2420//4698 2424//4698
f 2412//4699 2414//4699 2420//4699
f 2420//4700 2414//4700 2424//4700
f 2422//4701 2402//4701 2406//4701
f 2406//4702 2402//4702 2403//4702
f 2406//4703 2403//4703 2404//4703
f 2404//4704 2403//4704 2427//4704
f 2404//4705 2427//4705 2418//4705
f 2418//4706 2427//4706 2425//4706
f 2418//4707 2425//4707 2414//4707
f 2414//4708 2425//4708 2426//4708
f 2528//4709 2428//4709 2429//4709
f 2528//4710 2429//4710 2430//4710
f 2431//4711 381//4711 2432//4711
f 2431//4712 2432//4712 409//4712
f 402//4713 2433//4713 2432//4713
f 2432//4714 2433//4714 409//4714
f 431//4715 394//4715 2434//4715
f 402//4716 2435//4716 2436//4716
f 2436//4717 2435//4717 2434//4717
f 2436//4718 2434//4718 394//4718
f 2437//4719 2438//4719 431//4719
f 2440//4720 2439//4720 2423//4720
f 2423//4721 2439//4721 2419//4721
f 2442//4722 2441//4722 2443//4722
f 2442//4723 2443//4723 2444//4723
f 2448//4724 2445//4724 2446//4724
f 2446//4725 2445//4725 2443//4725
f 2443//4726 2445//4726 2444//4726
f 2447//4727 2448//4727 2449//4727
f 2451//4728 2452//4728 2453//4728
f 2453//4729 2452//4729 2454//4729
f 2447//4730 2449//4730 2453//4730
f 2447//4731 2453//4731 2454//4731
f 2421//4732 2411//4732 2455//4732
f 2455//4733 2411//4733 2456//4733
f 2455//4734 2456//4734 2450//4734
f 2441//4735 2439//4735 2440//4735
f 2441//4736 2440//4736 2443//4736
f 2443//4737 2440//4737 2457//4737
f 2443//4738 2457//4738 2446//4738
f 2446//4739 2457//4739 2458//4739
f 2446//4740 2458//4740 2459//4740
f 2459//4741 2458//4741 2460//4741
f 2459//4742 2460//4742 2435//4742
f 2435//4743 2460//4743 2461//4743
f 2435//4744 2461//4744 2434//4744
f 2434//4745 2461//4745 2437//4745
f 2434//4746 2437//4746 431//4746
f 2435//4747 402//4747 2432//4747
f 2435//4748 2432//4748 2459//4748
f 2459//4749 2432//4749 2462//4749
f 2459//4750 2462//4750 2446//4750
f 2446//4751 2462//4751 2449//4751
f 2446//4752 2449//4752 2448//4752
f 2455//4753 2450//4753 2451//4753
f 2455//4754 2451//4754 2463//4754
f 2463//4755 2451//4755 2453//4755
f 2463//4756 2453//4756 2464//4756
f 2464//4757 2453//4757 2449//4757
f 2464//4758 2449//4758 2465//4758
f 2465//4759 2449//4759 2462//4759
f 2465//4760 2462//4760 2466//4760
f 2466//4761 2462//4761 2432//4761
f 2466//4762 2432//4762 2429//4762
f 2429//4763 2432//4763 381//4763
f 2429//4764 381//4764 2430//4764
f 2468//4765 2467//4765 714//4765
f 2468//4766 714//4766 713//4766
f 713//4767 2469//4767 2470//4767
f 2470//4768 2469//4768 2471//4768
f 2470//4769 2471//4769 2472//4769
f 2473//4770 2474//4770 2475//4770
f 705//4771 704//4771 2476//4771
f 2476//4772 704//4772 2473//4772
f 2476//4773 2473//4773 2477//4773
f 2473//4774 2475//4774 2477//4774
f 2472//4775 2471//4775 2478//4775
f 2478//4776 2471//4776 2479//4776
f 2478//4777 2479//4777 723//4777
f 723//4778 2479//4778 724//4778
f 2467//4779 2468//4779 2480//4779
f 2467//4780 2480//4780 2481//4780
f 2481//4781 2480//4781 2482//4781
f 2481//4782 2482//4782 2483//4782
f 2484//4783 721//4783 2483//4783
f 2484//4784 2483//4784 2482//4784
f 2485//4785 2486//4785 2487//4785
f 2487//4786 2486//4786 2468//4786
f 2487//4787 2468//4787 2476//4787
f 2476//4788 2468//4788 713//4788
f 2476//4789 713//4789 705//4789
f 705//4790 713//4790 2470//4790
f 2488//4791 2489//4791 2485//4791
f 2485//4792 2489//4792 2490//4792
f 2485//4793 2490//4793 2486//4793
f 703//4794 2491//4794 2492//4794
f 2474//4795 2492//4795 2475//4795
f 2475//4796 2492//4796 2493//4796
f 2493//4797 2492//4797 2491//4797
f 2496//4798 2509//4798 2497//4798
f 2496//4799 2497//4799 743//4799
f 2496//4800 743//4800 742//4800
f 2498//4801 2499//4801 2500//4801
f 2498//4802 2500//4802 736//4802
f 736//4803 2500//4803 2501//4803
f 736//4804 2501//4804 737//4804
f 2501//4805 2496//4805 737//4805
f 737//4800 2496//4800 742//4800
f 737//4806 742//4806 2502//4806
f 2502//4806 742//4806 2503//4806
f 2502//4807 2503//4807 2504//4807
f 2504//4808 2503//4808 2505//4808
f 2504//4809 2505//4809 2506//4809
f 2506//4810 2505//4810 2507//4810
f 2506//4811 2507//4811 724//4811
f 724//4812 2507//4812 723//4812
f 2508//4813 2509//4813 2494//4813
f 2494//4814 2509//4814 2510//4814
f 2494//4815 2510//4815 2495//4815
f 2497//4816 2509//4816 2508//4816
f 2494//4817 2495//4817 703//4817
f 703//4818 2495//4818 2491//4818
f 2511//4819 2512//4819 2513//4819
f 2513//4820 2512//4820 2514//4820
f 2496//4821 2501//4821 2513//4821
f 2496//4822 2513//4822 2514//4822
f 721//4823 2484//4823 2515//4823
f 2515//4824 2484//4824 2516//4824
f 2515//4825 2516//4825 2517//4825
f 2515//4826 2517//4826 2518//4826
f 2518//4827 2517//4827 2499//4827
f 2518//4828 2499//4828 2498//4828
f 2521//4829 447//4829 2522//4829
f 2522//4830 447//4830 440//4830
f 2521//4831 1253//4831 2523//4831
f 2523//4832 2524//4832 2521//4832
f 2521//4833 2524//4833 2525//4833
f 2521//4834 2525//4834 447//4834
f 2520//4835 2519//4835 2526//4835
f 2522//4836 440//4836 2520//4836
f 2520//4837 440//4837 2519//4837
f 2430//4838 381//4838 378//4838
f 2430//4839 378//4839 2528//4839
f 378//4840 2527//4840 2526//4840
f 378//4841 2526//4841 2528//4841
f 2519//4842 435//4842 2526//4842
f 2526//4843 435//4843 2528//4843
f 378//4844 2529//4844 2527//4844
f 2527//4845 2529//4845 1246//4845
f 2530//4846 381//4846 2531//4846
f 2531//4847 381//4847 2431//4847
f 2531//4848 2431//4848 2532//4848
f 378//4849 381//4849 2530//4849
f 2436//4850 543//4850 2533//4850
f 2431//4851 409//4851 2532//4851
f 2532//4852 409//4852 2433//4852
f 2436//4853 2533//4853 2534//4853
f 2436//4854 2534//4854 402//4854
f 402//4855 2534//4855 2532//4855
f 402//4856 2532//4856 2433//4856
f 1239//4857 431//4857 2535//4857
f 1239//4858 2535//4858 2536//4858
f 543//4859 1239//4859 2537//4859
f 543//4860 2436//4860 394//4860
f 543//4861 394//4861 1239//4861
f 1239//4862 394//4862 431//4862
f 1238//4863 2538//4863 2537//4863
f 2537//4864 2538//4864 543//4864
f 2539//4865 418//4865 2540//4865
f 2540//4866 418//4866 2541//4866
f 2540//4867 2541//4867 2542//4867
f 2542//4868 2541//4868 2543//4868
f 2542//4869 2543//4869 1232//4869
f 2536//4870 2535//4870 420//4870
f 2536//4871 420//4871 1227//4871
f 1227//4872 420//4872 425//4872
f 1227//4873 425//4873 2540//4873
f 2540//4874 425//4874 2544//4874
f 2540//4875 2544//4875 2539//4875
f 2538//4876 1238//4876 2545//4876
f 2538//4877 2546//4877 543//4877
f 543//4878 2546//4878 2547//4878
f 2538//4879 2545//4879 2548//4879
f 1283//4880 2546//4880 1282//4880
f 1282//4881 2546//4881 2538//4881
f 1282//4882 2538//4882 2549//4882
f 2549//4883 2538//4883 2548//4883
f 431//4884 2438//4884 2535//4884
f 2535//4885 2438//4885 420//4885
f 420//4886 2438//4886 2550//4886
f 420//4887 2550//4887 425//4887
f 2521//4888 1293//4888 1291//4888
f 2521//4889 1291//4889 1253//4889
f 1289//4890 1293//4890 2521//4890
f 2520//4891 2551//4891 2522//4891
f 2522//4892 2551//4892 1289//4892
f 2522//4893 1289//4893 2521//4893
f 2552//4894 1313//4894 1289//4894
f 1289//4895 1313//4895 1293//4895
f 2552//4896 1289//4896 1314//4896
f 1314//4897 1289//4897 2553//4897
f 1314//4898 2553//4898 1315//4898
f 1304//4899 1306//4899 1302//4899
f 1302//4900 1306//4900 1307//4900
f 1294//4901 1296//4901 2553//4901
f 2553//4902 1296//4902 2554//4902
f 2553//4903 2554//4903 1300//4903
f 1300//4904 1299//4904 2553//4904
f 2553//4905 1299//4905 2555//4905
f 2553//4906 2555//4906 1315//4906
f 2520//4907 2526//4907 2551//4907
f 2551//4908 2526//4908 2527//4908
f 2551//4909 2527//4909 1246//4909
f 1284//4910 2556//4910 1282//4910
f 1282//4911 2556//4911 1277//4911
f 1273//4912 1271//4912 1274//4912
f 1274//4913 1271//4913 1272//4913
f 2549//4914 1263//4914 2557//4914
f 2557//4915 1265//4915 2549//4915
f 2549//4916 1265//4916 2558//4916
f 2549//4917 2558//4917 1282//4917
f 1282//4918 2558//4918 1285//4918
f 1263//4919 2549//4919 1262//4919
f 1262//4920 2549//4920 2548//4920
f 1262//4921 2548//4921 2559//4921
f 2548//4922 1267//4922 2559//4922
f 1238//4923 2537//4923 2545//4923
f 2545//4924 2537//4924 1239//4924
f 2545//4925 1239//4925 2536//4925
f 2545//4926 2536//4926 2548//4926
f 2548//4927 2536//4927 1227//4927
f 2548//4928 1227//4928 2540//4928
f 2548//4929 2540//4929 1267//4929
f 1267//4930 2540//4930 2542//4930
f 1267//4931 2542//4931 1269//4931
f 1269//4932 2542//4932 1232//4932
f 1319//4933 1365//4933 2560//4933
f 2561//4934 1380//4934 1370//4934
f 1370//4935 1380//4935 2562//4935
f 1370//4936 2562//4936 1384//4936
f 1384//4937 2562//4937 2560//4937
f 2560//4938 2562//4938 2563//4938
f 2560//4939 2563//4939 1319//4939
f 1370//4940 1376//4940 2561//4940
f 2561//4941 1376//4941 1415//4941
f 1415//4942 1376//4942 1367//4942
f 1413//4943 1408//4943 1412//4943
f 1409//4944 1411//4944 1408//4944
f 1408//4945 1411//4945 1410//4945
f 1408//4946 1410//4946 1412//4946
f 1415//4947 1416//4947 2561//4947
f 2561//4948 1416//4948 1405//4948
f 1405//4949 1406//4949 2561//4949
f 2561//4950 1406//4950 2564//4950
f 2561//4951 2564//4951 1394//4951
f 1394//4952 2564//4952 1407//4952
f 1403//4953 1404//4953 1395//4953
f 1395//4954 1404//4954 1400//4954
f 1402//4955 1401//4955 1394//4955
f 1401//4956 2565//4956 1394//4956
f 1394//4957 2565//4957 1390//4957
f 1392//4958 1385//4958 1391//4958
f 1385//4959 1388//4959 1386//4959
f 1385//4960 1386//4960 1391//4960
f 1338//4961 1341//4961 1342//4961
f 1338//4961 1342//4961 1337//4961
f 1335//4962 1333//4962 2566//4962
f 2566//4963 1333//4963 1325//4963
f 2566//4964 1325//4964 1329//4964
f 2566//4965 1329//4965 1317//4965
f 1357//4966 2567//4966 1344//4966
f 1349//4967 1363//4967 2568//4967
f 2568//4968 1363//4968 1360//4968
f 1360//4969 1361//4969 2568//4969
f 2568//4970 1361//4970 1347//4970
f 2568//4971 1347//4971 1349//4971
f 1346//4972 1357//4972 1347//4972
f 1347//4973 1357//4973 1344//4973
f 1347//4974 1344//4974 1349//4974
f 1344//4975 2567//4975 2569//4975
f 1344//4976 2569//4976 2570//4976
f 2570//4977 2569//4977 2566//4977
f 2566//4978 2569//4978 1335//4978
f 1317//4979 1329//4979 2571//4979
f 1317//4980 2571//4980 1331//4980
f 1317//4981 1331//4981 2572//4981
f 2572//4982 1331//4982 1365//4982
f 2572//4983 1365//4983 1319//4983
f 2574//4984 378//4984 2575//4984
f 2575//4985 378//4985 2576//4985
f 2576//4986 378//4986 2573//4986
f 378//4987 2530//4987 2573//4987
f 2573//4988 2530//4988 2531//4988
f 2532//4989 2577//4989 2531//4989
f 2531//4990 2577//4990 2573//4990
f 2578//4991 2579//4991 2534//4991
f 2534//4992 2579//4992 2532//4992
f 2577//4993 2532//4993 2579//4993
f 2577//4994 2579//4994 2580//4994
f 2580//4995 2579//4995 2581//4995
f 2580//4996 2581//4996 2582//4996
f 2581//4997 2583//4997 2582//4997
f 2582//4998 2583//4998 2511//4998
f 2511//4999 2583//4999 2512//4999
f 2534//5000 2533//5000 2578//5000
f 543//5001 2547//5001 2584//5001
f 2533//5002 543//5002 2578//5002
f 2578//5003 543//5003 2584//5003
f 2574//5004 1294//5004 2553//5004
f 378//5005 2574//5005 2553//5005
f 378//5006 2553//5006 2529//5006
f 2529//5007 2553//5007 1289//5007
f 2529//5008 1289//5008 2551//5008
f 2529//5009 2551//5009 1246//5009
f 1394//5010 1344//5010 2561//5010
f 1344//5011 2570//5011 2561//5011
f 2561//5012 2570//5012 2566//5012
f 2561//5013 2566//5013 1380//5013
f 1317//5014 2572//5014 2562//5014
f 2562//5015 2572//5015 1319//5015
f 2562//5016 1319//5016 2563//5016
f 2566//5017 1317//5017 1380//5017
f 1380//5018 1317//5018 2562//5018
f 2585//5019 2586//5019 3446//5019
f 3446//5020 2586//5020 2489//5020
f 3446//5021 2489//5021 2587//5021
f 2587//5022 2489//5022 2488//5022
f 2585//5023 3446//5023 2588//5023
f 2588//5024 3446//5024 2589//5024
f 2589//5025 3446//5025 2590//5025
f 2590//5026 3446//5026 2591//5026
f 2590//5027 2591//5027 2592//5027
f 2590//5028 2592//5028 2593//5028
f 2590//5029 2593//5029 2594//5029
f 1393//5030 2595//5030 1394//5030
f 1394//5031 2595//5031 1344//5031
f 1349//5032 1344//5032 2596//5032
f 2596//5033 1344//5033 2595//5033
f 2596//5034 2595//5034 2593//5034
f 2593//5035 2595//5035 2594//5035
f 2597//3334 1384//3334 2598//3334
f 2598//3334 1384//3334 2560//3334
f 2598//3334 2560//3334 2599//3334
f 2599//3334 2560//3334 1365//3334
f 2599//3334 1365//3334 2600//3334
f 2600//3334 1365//3334 1331//3334
f 2601//5036 2602//5036 2603//5036
f 2604//5037 2605//5037 2606//5037
f 2606//5038 2605//5038 2607//5038
f 2608//5039 2609//5039 2610//5039
f 2612//5040 2611//5040 2613//5040
f 2612//5041 2613//5041 2607//5041
f 2607//5042 2613//5042 2606//5042
f 2614//5043 2608//5043 2601//5043
f 2601//5044 2608//5044 2610//5044
f 2601//5045 2610//5045 2615//5045
f 2615//5046 2610//5046 2611//5046
f 2615//5047 2611//5047 2616//5047
f 2616//5048 2611//5048 2612//5048
f 2616//5049 2612//5049 2617//5049
f 2617//5050 2612//5050 2618//5050
f 2618//5051 2612//5051 2607//5051
f 2618//5052 2607//5052 2619//5052
f 2619//5053 2607//5053 2605//5053
f 2602//5054 2601//5054 2620//5054
f 2620//5055 2601//5055 2615//5055
f 2620//5056 2615//5056 2621//5056
f 2621//5057 2615//5057 2616//5057
f 2621//5058 2616//5058 2622//5058
f 2621//5059 2622//5059 2623//5059
f 2623//5060 2622//5060 2624//5060
f 2623//5061 2624//5061 2625//5061
f 2623//5062 2625//5062 2626//5062
f 2619//5063 2625//5063 2618//5063
f 2618//5064 2625//5064 2624//5064
f 2618//5065 2624//5065 2617//5065
f 2617//5066 2624//5066 2622//5066
f 2617//5067 2622//5067 2616//5067
f 2614//5068 2601//5068 2603//5068
f 2627//3334 2597//3334 2598//3334
f 2603//3334 2627//3334 2628//3334
f 2627//3334 2598//3334 2628//3334
f 2628//3334 2598//3334 2599//3334
f 2628//3334 2599//3334 2629//3334
f 2629//3334 2599//3334 2600//3334
f 2629//3334 2600//3334 2630//3334
f 2603//3334 2628//3334 2614//3334
f 2614//3334 2628//3334 2629//3334
f 2614//3334 2629//3334 2608//3334
f 2608//3334 2629//3334 2630//3334
f 2608//3334 2630//3334 2609//3334
f 1325//3334 2631//3334 2632//3334
f 1329//3334 1325//3334 2632//3334
f 2632//3334 2633//3334 1329//3334
f 1329//3334 2633//3334 2634//3334
f 1329//3334 2634//3334 2571//3334
f 2571//3334 2634//3334 2600//3334
f 2571//3334 2600//3334 1331//3334
f 1384//3334 2597//3334 2635//3334
f 1384//3334 2635//3334 1370//3334
f 2636//3334 1376//3334 2637//3334
f 2637//3334 1376//3334 1370//3334
f 2637//3334 1370//3334 2638//3334
f 2638//3334 1370//3334 2635//3334
f 2630//3334 2600//3334 2634//3334
f 2639//3334 2609//3334 2630//3334
f 2632//3334 2631//3334 2640//3334
f 2630//3334 2634//3334 2639//3334
f 2639//3334 2634//3334 2633//3334
f 2639//3334 2633//3334 2641//3334
f 2641//3334 2633//3334 2632//3334
f 2641//3334 2632//3334 2642//3334
f 2642//3334 2632//3334 2640//3334
f 2642//3334 2640//3334 2643//3334
f 2644//5069 2604//5069 2606//5069
f 2645//5070 2644//5070 2646//5070
f 2647//5071 2645//5071 2648//5071
f 2649//5072 2647//5072 2650//5072
f 2644//5073 2606//5073 2646//5073
f 2646//5074 2606//5074 2613//5074
f 2646//5075 2613//5075 2651//5075
f 2651//5076 2613//5076 2652//5076
f 2652//5077 2613//5077 2611//5077
f 2652//5078 2611//5078 2610//5078
f 2652//5079 2610//5079 2653//5079
f 2653//5080 2610//5080 2609//5080
f 2653//5081 2609//5081 2639//5081
f 2645//5082 2646//5082 2648//5082
f 2648//5083 2646//5083 2651//5083
f 2648//5084 2651//5084 2654//5084
f 2654//5085 2651//5085 2652//5085
f 2654//5086 2652//5086 2655//5086
f 2655//5087 2652//5087 2653//5087
f 2653//5088 2639//5088 2641//5088
f 2647//5089 2648//5089 2650//5089
f 2650//5090 2648//5090 2654//5090
f 2650//5091 2654//5091 2656//5091
f 2656//5092 2654//5092 2655//5092
f 2656//5093 2655//5093 2657//5093
f 2657//5094 2655//5094 2653//5094
f 2657//5095 2653//5095 2658//5095
f 2658//5096 2653//5096 2641//5096
f 2658//5097 2641//5097 2642//5097
f 2649//5098 2650//5098 2659//5098
f 2659//5099 2650//5099 2656//5099
f 2659//5100 2656//5100 2660//5100
f 2660//5101 2656//5101 2657//5101
f 2660//5102 2657//5102 2661//5102
f 2661//5103 2657//5103 2662//5103
f 2662//5104 2657//5104 2658//5104
f 2658//5105 2642//5105 2643//5105
f 2604//5106 2665//5106 2666//5106
f 2604//5107 2666//5107 2605//5107
f 2605//5108 2666//5108 2667//5108
f 2605//5109 2667//5109 2619//5109
f 2619//5110 2667//5110 2668//5110
f 2619//5111 2668//5111 2625//5111
f 2669//5112 2670//5112 2671//5112
f 2671//5112 2670//5112 2672//5112
f 2663//5113 2664//5113 2673//5113
f 2673//5114 2664//5114 2667//5114
f 2673//5115 2667//5115 2666//5115
f 2664//5116 2672//5116 2667//5116
f 2667//5117 2672//5117 2670//5117
f 2667//5118 2670//5118 2668//5118
f 2668//5119 2670//5119 2669//5119
f 2668//5120 2669//5120 2674//5120
f 2626//5121 2625//5121 2674//5121
f 2674//5122 2625//5122 2668//5122
f 2666//5123 2665//5123 2673//5123
f 2673//5124 2665//5124 2675//5124
f 2673//5125 2675//5125 2663//5125
f 2663//5126 2675//5126 2676//5126
f 2679//5127 2677//5127 2680//5127
f 2681//5128 2679//5128 2682//5128
f 2626//5129 2681//5129 2683//5129
f 2677//5130 2678//5130 2680//5130
f 2680//5131 2678//5131 2684//5131
f 2680//5132 2684//5132 2685//5132
f 2680//5133 2685//5133 2686//5133
f 2686//5134 2685//5134 2687//5134
f 2686//5135 2687//5135 2688//5135
f 2688//5136 2687//5136 2689//5136
f 2689//5137 2690//5137 2691//5137
f 2679//5138 2680//5138 2682//5138
f 2682//5139 2680//5139 2686//5139
f 2682//5140 2686//5140 2692//5140
f 2692//5141 2686//5141 2688//5141
f 2692//5142 2688//5142 2693//5142
f 2693//5143 2688//5143 2694//5143
f 2694//5144 2688//5144 2689//5144
f 2694//5145 2689//5145 2691//5145
f 2694//5146 2691//5146 2695//5146
f 2681//5147 2682//5147 2683//5147
f 2683//5148 2682//5148 2692//5148
f 2683//5149 2692//5149 2696//5149
f 2696//5150 2692//5150 2693//5150
f 2696//5151 2693//5151 2694//5151
f 2696//5152 2694//5152 2620//5152
f 2620//5153 2694//5153 2602//5153
f 2602//5154 2694//5154 2695//5154
f 2602//5155 2695//5155 2697//5155
f 2626//5156 2683//5156 2623//5156
f 2623//5157 2683//5157 2696//5157
f 2623//5158 2696//5158 2621//5158
f 2621//5159 2696//5159 2620//5159
f 2602//5160 2697//5160 2603//5160
f 2698//3334 2636//3334 2637//3334
f 2635//3334 2697//3334 2638//3334
f 2638//3334 2697//3334 2695//3334
f 2638//3334 2695//3334 2637//3334
f 2637//3334 2695//3334 2691//3334
f 2637//3334 2691//3334 2698//3334
f 2698//3334 2691//3334 2690//3334
f 2635//3334 2597//3334 2697//3334
f 2697//3334 2597//3334 2627//3334
f 2697//3334 2627//3334 2603//3334
f 1376//3334 2636//3334 2699//3334
f 1376//3334 2699//3334 1367//3334
f 2700//5161 2701//5161 2702//5161
f 2704//5162 1325//5162 1333//5162
f 2704//5162 1333//5162 1334//5162
f 2703//5163 1325//5163 2705//5163
f 2706//5164 2707//5164 2708//5164
f 2708//3334 2707//3334 2709//3334
f 2708//3334 2709//3334 2710//3334
f 2710//3334 2709//3334 2711//3334
f 2702//5165 2701//5165 2712//5165
f 2712//3334 2701//3334 2713//3334
f 2712//3334 2713//3334 2714//3334
f 2631//3334 1325//3334 2640//3334
f 2640//3334 1325//3334 2703//3334
f 2640//3334 2703//3334 2643//3334
f 2704//3334 2715//3334 1325//3334
f 2716//5166 2706//5166 2700//5166
f 2700//5167 2706//5167 2708//5167
f 2700//3334 2708//3334 2701//3334
f 2701//3334 2708//3334 2710//3334
f 2701//3334 2710//3334 2713//3334
f 2713//3334 2710//3334 2711//3334
f 2713//3334 2711//3334 2714//3334
f 2711//3334 2705//3334 2714//3334
f 2714//3334 2705//3334 1325//3334
f 2714//3334 1325//3334 2712//3334
f 2712//3334 1325//3334 2715//3334
f 2712//5168 2715//5168 2702//5168
f 2700//5169 2702//5169 2716//5169
f 1341//5170 1335//5170 2718//5170
f 1341//5171 2718//5171 2717//5171
f 2717//5172 2718//5172 2719//5172
f 2717//5172 2719//5172 2722//5172
f 2720//5173 2719//5173 2721//5173
f 2719//5174 2720//5174 2722//5174
f 2717//5175 2722//5175 2723//5175
f 2717//5176 2723//5176 2724//5176
f 2725//5177 2726//5177 2723//5177
f 2723//5178 2726//5178 2724//5178
f 2727//5179 2725//5179 2728//5179
f 2728//5180 2725//5180 2729//5180
f 2725//5181 2727//5181 2726//5181
f 2659//5182 2660//5182 2730//5182
f 2730//5183 2660//5183 2731//5183
f 2730//5184 2731//5184 2732//5184
f 2733//5185 2659//5185 2730//5185
f 2733//5186 2730//5186 2734//5186
f 2734//5187 2730//5187 2732//5187
f 2734//5188 2732//5188 2735//5188
f 2735//5189 2732//5189 2736//5189
f 2735//5190 2736//5190 2737//5190
f 2737//5191 2736//5191 2738//5191
f 2737//5192 2738//5192 2739//5192
f 2740//5193 2741//5193 2742//5193
f 2742//5194 2741//5194 2743//5194
f 2742//5195 2743//5195 2744//5195
f 2744//5196 2743//5196 2745//5196
f 2744//5197 2745//5197 2746//5197
f 2746//5198 2745//5198 2747//5198
f 2746//5199 2747//5199 2748//5199
f 2748//5200 2747//5200 2749//5200
f 2748//5201 2749//5201 2750//5201
f 2750//5202 2749//5202 2751//5202
f 2750//5203 2751//5203 2649//5203
f 2643//5204 2703//5204 2752//5204
f 2752//5205 2703//5205 2753//5205
f 2753//5206 2703//5206 2705//5206
f 2753//5207 2705//5207 2711//5207
f 2753//5208 2711//5208 2754//5208
f 2754//5209 2711//5209 2709//5209
f 2754//5210 2709//5210 2707//5210
f 2739//5211 2740//5211 2737//5211
f 2737//5212 2740//5212 2742//5212
f 2737//5213 2742//5213 2735//5213
f 2735//5214 2742//5214 2744//5214
f 2735//5215 2744//5215 2746//5215
f 2735//5216 2746//5216 2734//5216
f 2734//5217 2746//5217 2748//5217
f 2734//5218 2748//5218 2733//5218
f 2733//5219 2748//5219 2750//5219
f 2733//5220 2750//5220 2659//5220
f 2659//5221 2750//5221 2649//5221
f 2661//5222 2662//5222 2752//5222
f 2752//5223 2662//5223 2658//5223
f 2752//5224 2658//5224 2643//5224
f 2741//5225 2755//5225 2743//5225
f 2743//5226 2755//5226 2756//5226
f 2743//5227 2756//5227 2745//5227
f 2745//5228 2756//5228 2757//5228
f 2745//5229 2757//5229 2747//5229
f 2747//5230 2757//5230 2758//5230
f 2747//5231 2758//5231 2749//5231
f 2749//5232 2758//5232 2759//5232
f 2749//5233 2759//5233 2751//5233
f 2660//5234 2661//5234 2731//5234
f 2731//5235 2661//5235 2752//5235
f 2731//5236 2752//5236 2732//5236
f 2732//5237 2752//5237 2753//5237
f 2732//5238 2753//5238 2736//5238
f 2736//5239 2753//5239 2738//5239
f 2738//5240 2753//5240 2754//5240
f 2760//5241 2761//5241 2762//5241
f 2762//5242 2761//5242 2763//5242
f 2762//5243 2763//5243 2764//5243
f 2764//5244 2763//5244 2765//5244
f 2764//5245 2765//5245 2766//5245
f 2766//5246 2765//5246 2767//5246
f 2766//5247 2767//5247 2675//5247
f 2675//5248 2767//5248 2676//5248
f 2768//5249 2760//5249 2769//5249
f 2769//5250 2760//5250 2762//5250
f 2769//5251 2762//5251 2770//5251
f 2770//5252 2762//5252 2764//5252
f 2770//5253 2764//5253 2771//5253
f 2771//5254 2764//5254 2766//5254
f 2771//5255 2766//5255 2665//5255
f 2665//5256 2766//5256 2675//5256
f 2649//5257 2768//5257 2647//5257
f 2647//5258 2768//5258 2769//5258
f 2647//5259 2769//5259 2645//5259
f 2645//5260 2769//5260 2770//5260
f 2645//5261 2770//5261 2644//5261
f 2644//5262 2770//5262 2771//5262
f 2644//5263 2771//5263 2604//5263
f 2604//5264 2771//5264 2665//5264
f 2772//5265 2426//5265 2425//5265
f 2676//5266 2772//5266 2773//5266
f 2772//5267 2425//5267 2773//5267
f 2773//5268 2425//5268 2427//5268
f 2773//5269 2427//5269 2774//5269
f 2774//5270 2427//5270 2403//5270
f 2774//5271 2403//5271 2775//5271
f 2775//5272 2403//5272 2402//5272
f 2775//5273 2402//5273 2776//5273
f 2676//5274 2773//5274 2663//5274
f 2663//5275 2773//5275 2774//5275
f 2663//5276 2774//5276 2664//5276
f 2664//5277 2774//5277 2775//5277
f 2664//5278 2775//5278 2672//5278
f 2672//5279 2775//5279 2776//5279
f 2672//5280 2776//5280 2671//5280
f 2669//5281 2671//5281 2777//5281
f 2777//5282 2671//5282 2778//5282
f 2777//5283 2778//5283 2779//5283
f 2779//5284 2778//5284 2780//5284
f 2779//5285 2780//5285 2781//5285
f 2781//5286 2780//5286 2782//5286
f 2781//5287 2782//5287 2783//5287
f 2783//5288 2782//5288 2784//5288
f 2674//5289 2669//5289 2785//5289
f 2785//5290 2669//5290 2777//5290
f 2785//5291 2777//5291 2786//5291
f 2786//5292 2777//5292 2779//5292
f 2786//5293 2779//5293 2787//5293
f 2787//5294 2779//5294 2781//5294
f 2787//5295 2781//5295 2788//5295
f 2788//5296 2781//5296 2783//5296
f 2626//5297 2674//5297 2681//5297
f 2681//5298 2674//5298 2785//5298
f 2681//5299 2785//5299 2679//5299
f 2679//5300 2785//5300 2786//5300
f 2679//5301 2786//5301 2677//5301
f 2677//5302 2786//5302 2787//5302
f 2677//5303 2787//5303 2678//5303
f 2678//5304 2787//5304 2788//5304
f 2791//5305 2690//5305 2689//5305
f 2793//5306 2794//5306 2795//5306
f 2796//5307 2797//5307 2798//5307
f 2798//5308 2797//5308 2799//5308
f 2798//5309 2799//5309 2800//5309
f 2800//5310 2799//5310 2801//5310
f 2800//5311 2801//5311 2802//5311
f 2802//5312 2801//5312 2803//5312
f 2802//5313 2803//5313 2792//5313
f 2792//5314 2803//5314 2804//5314
f 2792//5315 2804//5315 2793//5315
f 2797//5316 2805//5316 2799//5316
f 2799//5317 2805//5317 2806//5317
f 2799//5318 2806//5318 2801//5318
f 2801//5319 2806//5319 2807//5319
f 2801//5320 2807//5320 2803//5320
f 2793//5321 2804//5321 2808//5321
f 2793//5322 2808//5322 2794//5322
f 2794//5323 2808//5323 2809//5323
f 2678//5324 2810//5324 2811//5324
f 2678//5325 2811//5325 2684//5325
f 2684//5326 2811//5326 2812//5326
f 2684//5327 2812//5327 2685//5327
f 2685//5328 2812//5328 2813//5328
f 2685//5329 2813//5329 2687//5329
f 2687//5330 2813//5330 2814//5330
f 2687//5331 2814//5331 2789//5331
f 2687//5332 2789//5332 2689//5332
f 2689//5333 2789//5333 2790//5333
f 2689//5334 2790//5334 2791//5334
f 2815//5335 2816//5335 2817//5335
f 2817//5336 2816//5336 2818//5336
f 2817//5337 2818//5337 2819//5337
f 2819//5338 2818//5338 2820//5338
f 2819//5339 2820//5339 2821//5339
f 2821//5340 2820//5340 2822//5340
f 2821//5341 2822//5341 2823//5341
f 2805//5342 2815//5342 2806//5342
f 2806//5343 2815//5343 2817//5343
f 2806//5344 2817//5344 2807//5344
f 2807//5345 2817//5345 2819//5345
f 2807//5346 2819//5346 2803//5346
f 2803//5347 2819//5347 2821//5347
f 2803//5348 2821//5348 2804//5348
f 2804//5349 2821//5349 2823//5349
f 2804//5350 2823//5350 2808//5350
f 2810//5351 2796//5351 2811//5351
f 2811//5352 2796//5352 2798//5352
f 2811//5353 2798//5353 2812//5353
f 2812//5354 2798//5354 2800//5354
f 2812//5355 2800//5355 2813//5355
f 2813//5356 2800//5356 2802//5356
f 2813//5357 2802//5357 2814//5357
f 2814//5358 2802//5358 2792//5358
f 2814//5359 2792//5359 2789//5359
f 2789//5360 2792//5360 2793//5360
f 2789//5361 2793//5361 2795//5361
f 2699//3334 2825//3334 1367//3334
f 1367//3334 2825//3334 1409//3334
f 2828//5362 2829//5362 2825//5362
f 2825//5362 2829//5362 2830//5362
f 2825//5363 2830//5363 2824//5363
f 2690//3334 2791//3334 2698//3334
f 2698//3334 2791//3334 2828//3334
f 2698//3334 2828//3334 2636//3334
f 2636//3334 2828//3334 2825//3334
f 2636//3334 2825//3334 2699//3334
f 2828//3334 2831//3334 2829//3334
f 2829//3334 2831//3334 2794//3334
f 2829//3334 2794//3334 2830//3334
f 2830//5364 2794//5364 2832//5364
f 2830//3334 2832//3334 2827//3334
f 2827//3334 2832//3334 2833//3334
f 2827//3334 2833//3334 2826//3334
f 2826//3334 2834//3334 2827//3334
f 2827//3334 2834//3334 2835//3334
f 2827//3334 2835//3334 2830//3334
f 2830//5362 2835//5362 2836//5362
f 2830//5365 2836//5365 2824//5365
f 2791//3334 2790//3334 2828//3334
f 2828//5366 2790//5366 2789//5366
f 2828//5367 2789//5367 2831//5367
f 2831//5368 2789//5368 2795//5368
f 2831//3334 2795//3334 2794//3334
f 2832//3334 2794//3334 2833//3334
f 2833//3334 2794//3334 2809//3334
f 2833//3334 2809//3334 2826//3334
f 2837//5369 2838//5369 1414//5369
f 1414//107 2838//107 2839//107
f 1414//107 2839//107 1415//107
f 2837//3434 2840//3434 2838//3434
f 2837//5370 2842//5370 2841//5370
f 2837//5371 2841//5371 2840//5371
f 2841//5372 2842//5372 2843//5372
f 2844//5373 2845//5373 2849//5373
f 2845//5374 2844//5374 2846//5374
f 2848//5375 2847//5375 2849//5375
f 2848//5376 2849//5376 2845//5376
f 2847//5377 2848//5377 2837//5377
f 2837//5378 2848//5378 2842//5378
f 2528//5379 435//5379 2428//5379
f 2428//5380 435//5380 2519//5380
f 2569//5381 2567//5381 2851//5381
f 2567//5382 1357//5382 2852//5382
f 2723//5383 2722//5383 2853//5383
f 2853//5384 2722//5384 2720//5384
f 2853//5385 2720//5385 2854//5385
f 2854//5386 2720//5386 2721//5386
f 2854//5387 2721//5387 2855//5387
f 2855//5388 2721//5388 2719//5388
f 2855//5389 2719//5389 2856//5389
f 2856//5390 2719//5390 2718//5390
f 2856//5391 2718//5391 2850//5391
f 2850//5392 2718//5392 2569//5392
f 2569//5393 2718//5393 1335//5393
f 2857//5394 2725//5394 2723//5394
f 2857//5395 2723//5395 2858//5395
f 2858//5396 2723//5396 2853//5396
f 2858//5397 2853//5397 2859//5397
f 2859//5398 2853//5398 2860//5398
f 2860//5399 2853//5399 2854//5399
f 2860//5400 2854//5400 2861//5400
f 2861//5401 2854//5401 2862//5401
f 2862//5402 2854//5402 2855//5402
f 2862//5403 2855//5403 2863//5403
f 2863//5404 2855//5404 2864//5404
f 2864//5405 2855//5405 2856//5405
f 2864//5406 2856//5406 2865//5406
f 2865//5407 2856//5407 2866//5407
f 2866//5408 2856//5408 2850//5408
f 2866//5409 2850//5409 2851//5409
f 2851//5410 2850//5410 2569//5410
f 2729//5411 2725//5411 2867//5411
f 2867//5412 2725//5412 2857//5412
f 2867//5413 2857//5413 2868//5413
f 2868//5414 2857//5414 2858//5414
f 2868//5415 2858//5415 2869//5415
f 2869//5416 2858//5416 2859//5416
f 2869//5417 2859//5417 2870//5417
f 2870//5417 2859//5417 2860//5417
f 2870//5418 2860//5418 2871//5418
f 2871//5418 2860//5418 2861//5418
f 2871//5419 2861//5419 2872//5419
f 2872//5419 2861//5419 2862//5419
f 2872//5420 2862//5420 2873//5420
f 2873//5420 2862//5420 2863//5420
f 2873//5421 2863//5421 2874//5421
f 2874//5421 2863//5421 2864//5421
f 2874//5422 2864//5422 2875//5422
f 2875//5422 2864//5422 2865//5422
f 2875//5423 2865//5423 2876//5423
f 2876//5423 2865//5423 2866//5423
f 2876//5424 2866//5424 2852//5424
f 2852//5424 2866//5424 2851//5424
f 2852//5425 2851//5425 2567//5425
f 2702//5426 2877//5426 2716//5426
f 2877//5427 2702//5427 2715//5427
f 2878//5428 2879//5428 2880//5428
f 2881//5429 2878//5429 2882//5429
f 2882//5430 2878//5430 2883//5430
f 2883//5431 2878//5431 2880//5431
f 2884//5432 2885//5432 2881//5432
f 2881//5433 2885//5433 2886//5433
f 2881//5434 2886//5434 2878//5434
f 2716//5435 2877//5435 2706//5435
f 2706//5436 2887//5436 2884//5436
f 2884//5437 2887//5437 2885//5437
f 2880//5438 2755//5438 2741//5438
f 2880//5439 2741//5439 2883//5439
f 2883//5440 2741//5440 2740//5440
f 2883//5441 2740//5441 2882//5441
f 2882//5442 2740//5442 2739//5442
f 2882//5443 2739//5443 2881//5443
f 2881//5444 2739//5444 2738//5444
f 2881//5445 2738//5445 2884//5445
f 2884//5446 2738//5446 2754//5446
f 2884//5447 2754//5447 2706//5447
f 2706//5448 2754//5448 2707//5448
f 2729//5449 2888//5449 2728//5449
f 2728//5450 2888//5450 2889//5450
f 2890//5451 2891//5451 2892//5451
f 2891//5452 2893//5452 2894//5452
f 2892//5453 2891//5453 2894//5453
f 2892//5454 2894//5454 2895//5454
f 2895//5455 2894//5455 2896//5455
f 2895//5456 2896//5456 2897//5456
f 2897//5457 2896//5457 2898//5457
f 2897//5458 2898//5458 2899//5458
f 2899//5459 2898//5459 2900//5459
f 2899//5460 2900//5460 2901//5460
f 2901//5461 2900//5461 2902//5461
f 2901//5462 2902//5462 2760//5462
f 2760//5463 2902//5463 2761//5463
f 2903//5464 2890//5464 2892//5464
f 2903//5465 2892//5465 2904//5465
f 2904//5466 2892//5466 2895//5466
f 2904//5467 2895//5467 2905//5467
f 2905//5468 2895//5468 2897//5468
f 2905//5469 2897//5469 2906//5469
f 2906//5470 2897//5470 2899//5470
f 2906//5471 2899//5471 2907//5471
f 2907//5472 2899//5472 2901//5472
f 2907//5473 2901//5473 2768//5473
f 2768//5474 2901//5474 2760//5474
f 2756//5475 2903//5475 2757//5475
f 2757//5476 2903//5476 2904//5476
f 2757//5477 2904//5477 2758//5477
f 2758//5478 2904//5478 2905//5478
f 2758//5479 2905//5479 2759//5479
f 2759//5480 2905//5480 2906//5480
f 2759//5481 2906//5481 2751//5481
f 2751//5482 2906//5482 2907//5482
f 2751//5483 2907//5483 2649//5483
f 2649//5484 2907//5484 2768//5484
f 2756//5485 2755//5485 2903//5485
f 2903//5486 2755//5486 2890//5486
f 2908//5487 2909//5487 2910//5487
f 2761//5488 2908//5488 2911//5488
f 2908//5489 2910//5489 2911//5489
f 2911//5490 2910//5490 2912//5490
f 2911//5491 2912//5491 2913//5491
f 2913//5492 2912//5492 2914//5492
f 2913//5493 2914//5493 2915//5493
f 2915//5494 2914//5494 2426//5494
f 2915//5495 2426//5495 2772//5495
f 2761//5496 2911//5496 2763//5496
f 2763//5497 2911//5497 2913//5497
f 2763//5498 2913//5498 2765//5498
f 2765//5499 2913//5499 2915//5499
f 2765//5500 2915//5500 2767//5500
f 2767//5501 2915//5501 2772//5501
f 2767//5502 2772//5502 2676//5502
f 2776//5503 2402//5503 2918//5503
f 2671//5504 2776//5504 2919//5504
f 2776//5505 2918//5505 2919//5505
f 2919//5506 2918//5506 2920//5506
f 2919//5507 2920//5507 2921//5507
f 2921//5508 2920//5508 2922//5508
f 2921//5509 2922//5509 2917//5509
f 2917//5510 2922//5510 2923//5510
f 2917//5511 2923//5511 2916//5511
f 2671//5512 2919//5512 2778//5512
f 2778//5513 2919//5513 2921//5513
f 2778//5514 2921//5514 2780//5514
f 2780//5515 2921//5515 2917//5515
f 2780//5516 2917//5516 2782//5516
f 2782//5517 2917//5517 2916//5517
f 2782//5518 2916//5518 2784//5518
f 2924//5519 2816//5519 2815//5519
f 2926//5520 2927//5520 2928//5520
f 2783//5521 2784//5521 2929//5521
f 2929//5522 2784//5522 2930//5522
f 2929//5523 2930//5523 2931//5523
f 2931//5524 2930//5524 2932//5524
f 2931//5525 2932//5525 2933//5525
f 2933//5526 2932//5526 2934//5526
f 2933//5527 2934//5527 2935//5527
f 2935//5528 2934//5528 2936//5528
f 2935//5529 2936//5529 2928//5529
f 2928//5530 2936//5530 2937//5530
f 2928//5531 2937//5531 2926//5531
f 2924//5532 2925//5532 2927//5532
f 2788//5533 2783//5533 2938//5533
f 2938//5534 2783//5534 2929//5534
f 2938//5535 2929//5535 2939//5535
f 2939//5536 2929//5536 2931//5536
f 2939//5537 2931//5537 2940//5537
f 2940//5538 2931//5538 2933//5538
f 2940//5539 2933//5539 2941//5539
f 2941//5540 2933//5540 2935//5540
f 2941//5541 2935//5541 2925//5541
f 2925//5542 2935//5542 2928//5542
f 2925//5543 2928//5543 2927//5543
f 2678//5544 2788//5544 2810//5544
f 2810//5545 2788//5545 2938//5545
f 2810//5546 2938//5546 2796//5546
f 2796//5547 2938//5547 2939//5547
f 2796//5548 2939//5548 2797//5548
f 2797//5549 2939//5549 2940//5549
f 2797//5550 2940//5550 2805//5550
f 2805//5551 2940//5551 2941//5551
f 2805//5552 2941//5552 2815//5552
f 2815//5553 2941//5553 2925//5553
f 2815//5554 2925//5554 2924//5554
f 2951//5555 2942//5555 2943//5555
f 2824//5556 2836//5556 2944//5556
f 2836//5557 2835//5557 2944//5557
f 2944//5558 2835//5558 2834//5558
f 3378//5559 2946//5559 2945//5559
f 2945//5560 2946//5560 3376//5560
f 2945//5561 3376//5561 2944//5561
f 2945//5562 2947//5562 3378//5562
f 3378//5563 2947//5563 2948//5563
f 3378//5564 2948//5564 2949//5564
f 2943//5565 2942//5565 2948//5565
f 2948//5566 2942//5566 2949//5566
f 2950//5567 2951//5567 2943//5567
f 2950//5568 2943//5568 2816//5568
f 2944//5569 2834//5569 2826//5569
f 2816//5570 2943//5570 2818//5570
f 2818//5571 2943//5571 2948//5571
f 2818//5572 2948//5572 2820//5572
f 2820//5573 2948//5573 2947//5573
f 2820//5574 2947//5574 2822//5574
f 2822//5575 2947//5575 2945//5575
f 2822//5576 2945//5576 2823//5576
f 2823//5577 2945//5577 2944//5577
f 2823//5578 2944//5578 2808//5578
f 2808//5579 2944//5579 2826//5579
f 2808//5580 2826//5580 2809//5580
f 2846//5581 2844//5581 2952//5581
f 1407//5582 2564//5582 2953//5582
f 1406//5583 2954//5583 2955//5583
f 1416//5584 1415//5584 2839//5584
f 1416//5585 2839//5585 1405//5585
f 1406//5586 1405//5586 2954//5586
f 2954//5587 1405//5587 2839//5587
f 2954//5588 2839//5588 2955//5588
f 2955//5589 2839//5589 2838//5589
f 2955//5590 2838//5590 2956//5590
f 2956//5591 2838//5591 2840//5591
f 2956//5592 2840//5592 2957//5592
f 2957//5593 2840//5593 2841//5593
f 2957//5594 2841//5594 2958//5594
f 2958//5595 2841//5595 2843//5595
f 2958//5596 2843//5596 2959//5596
f 2959//5597 2843//5597 2842//5597
f 2959//5598 2842//5598 2960//5598
f 2960//5599 2842//5599 2848//5599
f 2564//5600 1406//5600 2953//5600
f 2953//5601 1406//5601 2955//5601
f 2953//5602 2955//5602 2961//5602
f 2961//5603 2955//5603 2956//5603
f 2961//5604 2956//5604 2962//5604
f 2962//5605 2956//5605 2963//5605
f 2963//5606 2956//5606 2957//5606
f 2963//5607 2957//5607 2964//5607
f 2964//5608 2957//5608 2965//5608
f 2965//5609 2957//5609 2958//5609
f 2965//5610 2958//5610 2966//5610
f 2966//5611 2958//5611 2967//5611
f 2967//5612 2958//5612 2959//5612
f 2967//5613 2959//5613 2968//5613
f 2968//5614 2959//5614 2969//5614
f 2969//5615 2959//5615 2960//5615
f 2969//5616 2960//5616 2845//5616
f 2845//5617 2960//5617 2848//5617
f 1402//5618 1407//5618 2970//5618
f 2970//5619 1407//5619 2953//5619
f 2970//5620 2953//5620 2971//5620
f 2971//5620 2953//5620 2961//5620
f 2971//5621 2961//5621 2972//5621
f 2972//5621 2961//5621 2962//5621
f 2972//5622 2962//5622 2973//5622
f 2973//5622 2962//5622 2963//5622
f 2973//5623 2963//5623 2974//5623
f 2974//5623 2963//5623 2964//5623
f 2974//5624 2964//5624 2975//5624
f 2975//5624 2964//5624 2965//5624
f 2975//5625 2965//5625 2976//5625
f 2976//5625 2965//5625 2966//5625
f 2976//5626 2966//5626 2977//5626
f 2977//5626 2966//5626 2967//5626
f 2977//5627 2967//5627 2978//5627
f 2978//5627 2967//5627 2968//5627
f 2978//5628 2968//5628 2979//5628
f 2979//5628 2968//5628 2969//5628
f 2979//5629 2969//5629 2980//5629
f 2980//5630 2969//5630 2845//5630
f 2980//5631 2845//5631 2846//5631
f 1313//5632 2552//5632 2981//5632
f 1313//5633 2981//5633 1293//5633
f 1291//5634 1293//5634 2981//5634
f 2523//5635 1253//5635 1291//5635
f 2982//5636 447//5636 2983//5636
f 2983//5637 447//5637 2525//5637
f 2984//5638 440//5638 2982//5638
f 2982//5639 440//5639 447//5639
f 1291//5640 2981//5640 2985//5640
f 2985//5641 2986//5641 2987//5641
f 2985//5642 2987//5642 2988//5642
f 2988//5643 2987//5643 2989//5643
f 2988//5644 2989//5644 2990//5644
f 2990//5645 2989//5645 2991//5645
f 2990//5646 2991//5646 2992//5646
f 2992//5647 2991//5647 2993//5647
f 2992//5648 2993//5648 2994//5648
f 2994//5649 2993//5649 2995//5649
f 2994//5650 2995//5650 2996//5650
f 2552//5651 2986//5651 2981//5651
f 2981//5652 2986//5652 2985//5652
f 2988//5653 2990//5653 2997//5653
f 2997//5654 2990//5654 2992//5654
f 2997//5655 2992//5655 2983//5655
f 2983//5656 2992//5656 2994//5656
f 2983//5657 2994//5657 2998//5657
f 2998//5658 2994//5658 2996//5658
f 2998//5659 2996//5659 2999//5659
f 1291//5660 2985//5660 2523//5660
f 2523//5661 2985//5661 2988//5661
f 2523//5662 2988//5662 2524//5662
f 2524//5663 2988//5663 2997//5663
f 2524//5664 2997//5664 2525//5664
f 2525//5665 2997//5665 2983//5665
f 2983//5666 2998//5666 2982//5666
f 2982//5667 2998//5667 2999//5667
f 2982//5668 2999//5668 2984//5668
f 2519//5669 440//5669 3000//5669
f 3000//5670 440//5670 2984//5670
f 3000//5671 2984//5671 3001//5671
f 3001//5672 2984//5672 2999//5672
f 3001//5673 2999//5673 3002//5673
f 3002//5674 2999//5674 2996//5674
f 3002//5675 2996//5675 3003//5675
f 3003//5676 2996//5676 2995//5676
f 2428//5677 2519//5677 3000//5677
f 2428//5678 3000//5678 3004//5678
f 3004//5679 3000//5679 3001//5679
f 3004//5680 3001//5680 3005//5680
f 3005//5681 3001//5681 3002//5681
f 3005//5682 3002//5682 3006//5682
f 3006//5683 3002//5683 3003//5683
f 3007//5684 3008//5684 3009//5684
f 3005//5685 3006//5685 3010//5685
f 3010//5686 3006//5686 3011//5686
f 3010//5687 3011//5687 3012//5687
f 3012//5688 3011//5688 3013//5688
f 3012//5689 3013//5689 3014//5689
f 3014//5690 3013//5690 3015//5690
f 3014//5691 3015//5691 3016//5691
f 3016//5692 3015//5692 3017//5692
f 3016//5693 3017//5693 3018//5693
f 2428//5694 3004//5694 3019//5694
f 3019//5695 3004//5695 3020//5695
f 3019//5696 3020//5696 3021//5696
f 3021//5697 3020//5697 3022//5697
f 3021//5698 3022//5698 3023//5698
f 3023//5699 3022//5699 3024//5699
f 3023//5700 3024//5700 3025//5700
f 3025//5701 3024//5701 3026//5701
f 3008//5702 3027//5702 3009//5702
f 3009//5703 3027//5703 3028//5703
f 3029//5704 3007//5704 3009//5704
f 3029//5705 3009//5705 3026//5705
f 3026//5706 3009//5706 3028//5706
f 3026//5707 3028//5707 3025//5707
f 2429//5708 2428//5708 3019//5708
f 2429//5709 3019//5709 2466//5709
f 2466//5710 3019//5710 3021//5710
f 2466//5711 3021//5711 2465//5711
f 2465//5712 3021//5712 3023//5712
f 2465//5713 3023//5713 2464//5713
f 2464//5714 3023//5714 3025//5714
f 2464//5715 3025//5715 2463//5715
f 2463//5716 3025//5716 3028//5716
f 2463//5717 3028//5717 2455//5717
f 2455//5718 3028//5718 2421//5718
f 2421//5719 3028//5719 3027//5719
f 3018//5720 3007//5720 3029//5720
f 3018//5721 3029//5721 3016//5721
f 3016//5722 3029//5722 3026//5722
f 3016//5723 3026//5723 3014//5723
f 3014//5724 3026//5724 3024//5724
f 3014//5725 3024//5725 3012//5725
f 3012//5726 3024//5726 3022//5726
f 3012//5727 3022//5727 3010//5727
f 3010//5728 3022//5728 3020//5728
f 3010//5729 3020//5729 3005//5729
f 3005//5730 3020//5730 3004//5730
f 3032//5731 2920//5731 2918//5731
f 3007//5732 3030//5732 3031//5732
f 3031//5733 3030//5733 3033//5733
f 3031//5734 3033//5734 3034//5734
f 3034//5735 3033//5735 2923//5735
f 2402//5736 2422//5736 3035//5736
f 3035//5737 2422//5737 3036//5737
f 3036//5738 2422//5738 3027//5738
f 3027//5739 2422//5739 2421//5739
f 3008//5740 3007//5740 3037//5740
f 3037//5741 3007//5741 3031//5741
f 3037//5742 3031//5742 3032//5742
f 3032//5743 3031//5743 3034//5743
f 3032//5744 3034//5744 2920//5744
f 2918//5745 2402//5745 3035//5745
f 2918//5746 3035//5746 3032//5746
f 3032//5747 3035//5747 3036//5747
f 3032//5748 3036//5748 3037//5748
f 3037//5749 3036//5749 3027//5749
f 3037//5750 3027//5750 3008//5750
f 2920//5751 3034//5751 2922//5751
f 2922//5752 3034//5752 2923//5752
f 3038//5753 3039//5753 3040//5753
f 2916//5754 2923//5754 3041//5754
f 2784//5755 2916//5755 3042//5755
f 3041//5756 3043//5756 3044//5756
f 3044//5757 3043//5757 3045//5757
f 3044//5758 3045//5758 3046//5758
f 3046//5759 3045//5759 3047//5759
f 3047//5760 3045//5760 3048//5760
f 3047//5761 3048//5761 3040//5761
f 3040//5762 3048//5762 3038//5762
f 2916//5763 3041//5763 3042//5763
f 3042//5764 3041//5764 3044//5764
f 2784//5765 3042//5765 2930//5765
f 2930//5766 3042//5766 3044//5766
f 2930//5767 3044//5767 2932//5767
f 2932//5768 3044//5768 3046//5768
f 2932//5769 3046//5769 2934//5769
f 2934//5770 3046//5770 3047//5770
f 2934//5771 3047//5771 2936//5771
f 2936//5772 3047//5772 3040//5772
f 2936//5773 3040//5773 2937//5773
f 2937//5774 3040//5774 3039//5774
f 2937//5775 3039//5775 2926//5775
f 3055//5776 3049//5776 3050//5776
f 3050//5777 3049//5777 3051//5777
f 3050//5778 3051//5778 3052//5778
f 3052//5779 3051//5779 3053//5779
f 3052//5780 3053//5780 2951//5780
f 3052//5781 2951//5781 2950//5781
f 3054//5782 3055//5782 3050//5782
f 3054//5783 3050//5783 2926//5783
f 2926//5784 3050//5784 2927//5784
f 2927//5785 3050//5785 3052//5785
f 2927//5786 3052//5786 2924//5786
f 2924//5787 3052//5787 2950//5787
f 2924//5788 2950//5788 2816//5788
f 3056//5789 2979//5789 2846//5789
f 2846//5790 2979//5790 2980//5790
f 2972//5791 2973//5791 3057//5791
f 1403//5792 1402//5792 3058//5792
f 3058//5793 1402//5793 2970//5793
f 3058//5794 2970//5794 3059//5794
f 3059//5795 2970//5795 2971//5795
f 3059//5796 2971//5796 2972//5796
f 3059//5797 2972//5797 3060//5797
f 3060//5798 2972//5798 3057//5798
f 2979//5799 3056//5799 3061//5799
f 2979//5800 3061//5800 2978//5800
f 2978//5801 3061//5801 3062//5801
f 2978//5802 3062//5802 2977//5802
f 2977//5803 3062//5803 3063//5803
f 2977//5804 3063//5804 2976//5804
f 2976//5805 3063//5805 3064//5805
f 2976//5806 3064//5806 2975//5806
f 2975//5807 3064//5807 3065//5807
f 2975//5808 3065//5808 2974//5808
f 2974//5809 3065//5809 3066//5809
f 2974//5810 3066//5810 2973//5810
f 2973//5811 3066//5811 3057//5811
f 3067//5812 2555//5812 1299//5812
f 1315//5813 2555//5813 3068//5813
f 1315//5814 3068//5814 1314//5814
f 1314//5815 3068//5815 2552//5815
f 3098//5816 2554//5816 1296//5816
f 3098//5817 1296//5817 1301//5817
f 1299//5818 1300//5818 2554//5818
f 2554//5819 3067//5819 1299//5819
f 3069//5820 3006//5820 3070//5820
f 3070//5821 3006//5821 3003//5821
f 3070//5822 3003//5822 2995//5822
f 3071//5823 2995//5823 2993//5823
f 3071//5824 2993//5824 3072//5824
f 3072//5825 2993//5825 2991//5825
f 3072//5826 2991//5826 3073//5826
f 3073//5827 2991//5827 2989//5827
f 3073//5828 2989//5828 2987//5828
f 3074//5829 3069//5829 3075//5829
f 3075//5830 3069//5830 3070//5830
f 3075//5831 3070//5831 3076//5831
f 3077//5832 3076//5832 3071//5832
f 3077//5833 3071//5833 3078//5833
f 3078//5834 3071//5834 3072//5834
f 3078//5835 3072//5835 3079//5835
f 3079//5836 3072//5836 3073//5836
f 3079//5837 3073//5837 3080//5837
f 3080//5838 3073//5838 3081//5838
f 3080//5839 3081//5839 3082//5839
f 3082//5840 3081//5840 3083//5840
f 3082//5841 3083//5841 2555//5841
f 2555//5842 3083//5842 3068//5842
f 2555//5843 3067//5843 3082//5843
f 3082//5844 3067//5844 3084//5844
f 3082//5845 3084//5845 3080//5845
f 3080//5846 3084//5846 3085//5846
f 3080//5847 3085//5847 3079//5847
f 3079//5848 3085//5848 3086//5848
f 3079//5849 3086//5849 3078//5849
f 3078//5850 3086//5850 3077//5850
f 3077//5851 3086//5851 3087//5851
f 3077//5852 3087//5852 3076//5852
f 3076//5853 3087//5853 3075//5853
f 3076//5854 3070//5854 2995//5854
f 3076//5855 2995//5855 3071//5855
f 3081//5856 3073//5856 2987//5856
f 3081//5857 2987//5857 3083//5857
f 3083//5858 2987//5858 2986//5858
f 3083//5859 2986//5859 3068//5859
f 3068//5860 2986//5860 2552//5860
f 3088//5861 3089//5861 3090//5861
f 3088//5862 3090//5862 3091//5862
f 3091//5863 3090//5863 3092//5863
f 3091//5864 3092//5864 3093//5864
f 3093//5865 3092//5865 3094//5865
f 3094//5866 3092//5866 3095//5866
f 3094//5867 3095//5867 3096//5867
f 3096//5868 3095//5868 3097//5868
f 3096//5869 3097//5869 3098//5869
f 3098//5870 3097//5870 2554//5870
f 3067//5871 2554//5871 3084//5871
f 3084//5872 2554//5872 3097//5872
f 3084//5873 3097//5873 3085//5873
f 3085//5874 3097//5874 3095//5874
f 3085//5875 3095//5875 3086//5875
f 3086//5876 3095//5876 3092//5876
f 3086//5877 3092//5877 3087//5877
f 3087//5878 3092//5878 3090//5878
f 3087//5879 3090//5879 3075//5879
f 3075//5880 3090//5880 3074//5880
f 3074//5881 3090//5881 3089//5881
f 3100//5882 3007//5882 3018//5882
f 3101//5883 3102//5883 3103//5883
f 3101//5884 3103//5884 3104//5884
f 3069//5885 3074//5885 3099//5885
f 3099//5886 3074//5886 3105//5886
f 3099//5887 3105//5887 3106//5887
f 3106//5888 3105//5888 3107//5888
f 3106//5889 3107//5889 3108//5889
f 3106//5890 3108//5890 3109//5890
f 3109//5891 3108//5891 3110//5891
f 3109//5892 3110//5892 3102//5892
f 3102//5893 3110//5893 3103//5893
f 3006//5894 3069//5894 3011//5894
f 3011//5895 3069//5895 3099//5895
f 3011//5896 3099//5896 3013//5896
f 3013//5897 3099//5897 3106//5897
f 3013//5898 3106//5898 3015//5898
f 3015//5899 3106//5899 3017//5899
f 3017//5900 3106//5900 3109//5900
f 3017//5901 3109//5901 3018//5901
f 3018//5902 3109//5902 3102//5902
f 3018//5903 3102//5903 3100//5903
f 3100//5904 3102//5904 3101//5904
f 3111//5905 3112//5905 3113//5905
f 3114//5906 3115//5906 3116//5906
f 3117//5907 3038//5907 3048//5907
f 3116//5908 3115//5908 3118//5908
f 3118//5909 3115//5909 3043//5909
f 3118//5910 3043//5910 3041//5910
f 3119//5911 3117//5911 3048//5911
f 3119//5912 3048//5912 3045//5912
f 3113//5913 3117//5913 3114//5913
f 3114//5914 3117//5914 3119//5914
f 3114//5915 3119//5915 3115//5915
f 3115//5916 3119//5916 3045//5916
f 3115//5917 3045//5917 3043//5917
f 3112//5918 3111//5918 3120//5918
f 3120//5919 3111//5919 3121//5919
f 3122//5920 3033//5920 3030//5920
f 3122//5921 3030//5921 3123//5921
f 3041//5922 2923//5922 3122//5922
f 3041//5923 3122//5923 3118//5923
f 3100//5924 3101//5924 3124//5924
f 3124//5925 3101//5925 3121//5925
f 3121//5926 3101//5926 3104//5926
f 3121//5927 3104//5927 3120//5927
f 3007//5928 3100//5928 3030//5928
f 3030//5929 3100//5929 3124//5929
f 3030//5930 3124//5930 3123//5930
f 3123//5931 3124//5931 3121//5931
f 3123//5932 3121//5932 3111//5932
f 3116//5933 3111//5933 3113//5933
f 3113//5934 3114//5934 3116//5934
f 3111//5935 3116//5935 3118//5935
f 3111//5936 3118//5936 3123//5936
f 3123//5937 3118//5937 3122//5937
f 3122//5938 2923//5938 3033//5938
f 3126//5939 3125//5939 3127//5939
f 3127//5940 3125//5940 3128//5940
f 3129//5941 3110//5941 3108//5941
f 3129//5942 3108//5942 3130//5942
f 3130//5943 3108//5943 3107//5943
f 3130//5944 3107//5944 3131//5944
f 3131//5945 3107//5945 3132//5945
f 3089//5946 3088//5946 3132//5946
f 3132//5947 3088//5947 3131//5947
f 3126//5948 3127//5948 3104//5948
f 3126//5949 3104//5949 3103//5949
f 3074//5950 3089//5950 3105//5950
f 3105//5951 3089//5951 3132//5951
f 3105//5952 3132//5952 3107//5952
f 3103//5953 3110//5953 3129//5953
f 3103//5954 3129//5954 3126//5954
f 3126//5955 3129//5955 3133//5955
f 3126//5956 3133//5956 3125//5956
f 3135//5957 3137//5957 3134//5957
f 1401//5958 1396//5958 3141//5958
f 3142//5959 3145//5959 3135//5959
f 3135//5960 3145//5960 3143//5960
f 3135//5961 3143//5961 3137//5961
f 3137//5962 3143//5962 3144//5962
f 3137//5963 3144//5963 3136//5963
f 3134//5964 3055//5964 3135//5964
f 3135//5965 3055//5965 3142//5965
f 3142//5966 3055//5966 3054//5966
f 3136//5967 3144//5967 3139//5967
f 3136//5968 3139//5968 3138//5968
f 3138//5969 3139//5969 3140//5969
f 3038//5970 3145//5970 3039//5970
f 3039//5971 3145//5971 3142//5971
f 3039//5972 3142//5972 3054//5972
f 3039//5973 3054//5973 2926//5973
f 3146//5974 3147//5974 3148//5974
f 3146//5975 3148//5975 3149//5975
f 3146//5976 3149//5976 3150//5976
f 3150//5977 3149//5977 3151//5977
f 3150//5978 3151//5978 3152//5978
f 3152//5979 3151//5979 3153//5979
f 3152//5980 3153//5980 3154//5980
f 3154//5981 3153//5981 3155//5981
f 3154//5982 3155//5982 3156//5982
f 3156//5983 3155//5983 3157//5983
f 3156//5984 3157//5984 3158//5984
f 3158//5985 3157//5985 3159//5985
f 3158//5986 3159//5986 3128//5986
f 3161//5987 3160//5987 3038//5987
f 3148//5988 3160//5988 3161//5988
f 3162//5989 3113//5989 3155//5989
f 3155//5990 3113//5990 3112//5990
f 3155//5991 3112//5991 3157//5991
f 3157//5992 3112//5992 3120//5992
f 3157//5993 3120//5993 3159//5993
f 3159//5994 3120//5994 3104//5994
f 3148//5995 3161//5995 3149//5995
f 3149//5996 3161//5996 3151//5996
f 3151//5997 3161//5997 3162//5997
f 3151//5998 3162//5998 3153//5998
f 3153//5999 3162//5999 3155//5999
f 3104//6000 3127//6000 3159//6000
f 3159//6001 3127//6001 3128//6001
f 3038//6002 3117//6002 3161//6002
f 3161//6003 3117//6003 3162//6003
f 3162//6004 3117//6004 3113//6004
f 3163//6005 3164//6005 3165//6005
f 3165//6006 3164//6006 3166//6006
f 3165//6007 3166//6007 3139//6007
f 3139//6008 3166//6008 3167//6008
f 3167//6009 3166//6009 3168//6009
f 3167//6010 3168//6010 3169//6010
f 3169//6011 3168//6011 1389//6011
f 3164//6012 3163//6012 3147//6012
f 3167//6013 2565//6013 1401//6013
f 3143//6014 3145//6014 3170//6014
f 3170//6015 3145//6015 3038//6015
f 3143//6016 3163//6016 3165//6016
f 2565//6017 3167//6017 3169//6017
f 2565//6018 3169//6018 1390//6018
f 1390//6019 3169//6019 1389//6019
f 3170//6020 3160//6020 3148//6020
f 3170//6021 3148//6021 3163//6021
f 3163//6022 3148//6022 3147//6022
f 3038//6023 3160//6023 3170//6023
f 3143//6024 3170//6024 3163//6024
f 1401//6025 3141//6025 3167//6025
f 3167//6026 3141//6026 3140//6026
f 3167//6027 3140//6027 3139//6027
f 3165//6028 3139//6028 3144//6028
f 3165//6029 3144//6029 3143//6029
f 2543//6030 1269//6030 1232//6030
f 2539//6031 2544//6031 3171//6031
f 3171//6032 2544//6032 425//6032
f 3171//6033 425//6033 3172//6033
f 3172//6034 425//6034 2550//6034
f 3173//6035 2550//6035 2438//6035
f 1267//6036 1269//6036 3174//6036
f 3174//6037 1269//6037 2543//6037
f 3174//6038 2543//6038 3175//6038
f 3175//6039 2543//6039 2541//6039
f 3175//6040 2541//6040 3176//6040
f 3176//6041 2541//6041 418//6041
f 3176//6042 418//6042 3177//6042
f 3177//6043 418//6043 2539//6043
f 3177//6044 2539//6044 3171//6044
f 3178//6045 3172//6045 2550//6045
f 3178//6046 2550//6046 3179//6046
f 3179//6047 2550//6047 3173//6047
f 3180//6048 3174//6048 3181//6048
f 3181//6049 3174//6049 3175//6049
f 3181//6050 3175//6050 3182//6050
f 3182//6051 3175//6051 3183//6051
f 3182//6052 3183//6052 3184//6052
f 3184//6053 3183//6053 3185//6053
f 3184//6054 3185//6054 3186//6054
f 3186//6055 3185//6055 3187//6055
f 3186//6056 3187//6056 3188//6056
f 3188//6057 3187//6057 3189//6057
f 3188//6058 3189//6058 3190//6058
f 3190//6059 3189//6059 3191//6059
f 3190//6060 3191//6060 3192//6060
f 3192//6061 3191//6061 3193//6061
f 3179//6062 3193//6062 3178//6062
f 3178//6063 3193//6063 3191//6063
f 3178//6064 3191//6064 3172//6064
f 3172//6065 3191//6065 3189//6065
f 3172//6066 3189//6066 3171//6066
f 3171//6067 3189//6067 3187//6067
f 3171//6068 3187//6068 3177//6068
f 3177//6069 3187//6069 3185//6069
f 3177//6070 3185//6070 3176//6070
f 3176//6071 3185//6071 3183//6071
f 3176//6072 3183//6072 3175//6072
f 1267//6073 3174//6073 3180//6073
f 1267//6074 3180//6074 2559//6074
f 2460//6075 2458//6075 3194//6075
f 3173//6076 2438//6076 3195//6076
f 3195//6077 2438//6077 2437//6077
f 3195//6078 2437//6078 3196//6078
f 3196//6079 2437//6079 2461//6079
f 3196//6080 2461//6080 3197//6080
f 3193//6081 3179//6081 3198//6081
f 3198//6082 3179//6082 3199//6082
f 3198//6083 3199//6083 3200//6083
f 3200//6084 3199//6084 3201//6084
f 3200//6085 3201//6085 3202//6085
f 3202//6086 3201//6086 3203//6086
f 3202//6087 3203//6087 3204//6087
f 3204//6088 3203//6088 3205//6088
f 3204//6089 3205//6089 3206//6089
f 3206//6090 3205//6090 3207//6090
f 3206//6091 3207//6091 3208//6091
f 3208//6092 3207//6092 3209//6092
f 2423//6093 3209//6093 3210//6093
f 3194//6094 2458//6094 2457//6094
f 3194//6095 2457//6095 3210//6095
f 3210//6096 2457//6096 2440//6096
f 3210//6097 2440//6097 2423//6097
f 3179//6098 3173//6098 3199//6098
f 3199//6099 3173//6099 3195//6099
f 3199//6100 3195//6100 3201//6100
f 3201//6101 3195//6101 3196//6101
f 3201//6102 3196//6102 3203//6102
f 3203//6103 3196//6103 3197//6103
f 3203//6104 3197//6104 3205//6104
f 3192//6105 3193//6105 3211//6105
f 3211//6106 3193//6106 3198//6106
f 3211//6107 3198//6107 3212//6107
f 3212//6108 3198//6108 3200//6108
f 3212//6109 3200//6109 3213//6109
f 3213//6110 3200//6110 3202//6110
f 3213//6111 3202//6111 3214//6111
f 3214//6112 3202//6112 3204//6112
f 3214//6113 3204//6113 3215//6113
f 3215//6114 3204//6114 3206//6114
f 3215//6115 3206//6115 3216//6115
f 3216//6116 3206//6116 3208//6116
f 3210//6117 3209//6117 3207//6117
f 3210//6118 3207//6118 3194//6118
f 3194//6119 3207//6119 3205//6119
f 3194//6120 3205//6120 3197//6120
f 3194//6121 3197//6121 2460//6121
f 2460//6122 3197//6122 2461//6122
f 2868//6123 3217//6123 2867//6123
f 2867//6124 3217//6124 2729//6124
f 2872//6125 3218//6125 2871//6125
f 2871//6126 3218//6126 3219//6126
f 2871//6127 3219//6127 2870//6127
f 2870//6128 3219//6128 3220//6128
f 2870//6129 3220//6129 2869//6129
f 2869//6130 3220//6130 3221//6130
f 2869//6131 3221//6131 2868//6131
f 2874//6132 3222//6132 2873//6132
f 2873//6133 3222//6133 3223//6133
f 2873//6134 3223//6134 2872//6134
f 2872//6135 3223//6135 3218//6135
f 1357//6136 1358//6136 2852//6136
f 2852//6137 1358//6137 3224//6137
f 2852//6138 3224//6138 2876//6138
f 2876//6139 3224//6139 3225//6139
f 2876//6140 3225//6140 2875//6140
f 2875//6141 3225//6141 3226//6141
f 2875//6142 3226//6142 2874//6142
f 2874//6143 3226//6143 3227//6143
f 2874//6144 3227//6144 3222//6144
f 3230//6145 3231//6145 3232//6145
f 3232//6146 3233//6146 3230//6146
f 3230//6147 3233//6147 3234//6147
f 3229//6148 3228//6148 3233//6148
f 3233//6149 3228//6149 3234//6149
f 2879//6150 3228//6150 2880//6150
f 2880//6151 3228//6151 3229//6151
f 2880//6152 3229//6152 2755//6152
f 3232//6153 2893//6153 2891//6153
f 3232//6154 2891//6154 3233//6154
f 3233//6155 2891//6155 2890//6155
f 3233//6156 2890//6156 3229//6156
f 3229//6157 2890//6157 2755//6157
f 3235//6158 3236//6158 3237//6158
f 3236//6159 3235//6159 2908//6159
f 2908//6160 3235//6160 2909//6160
f 3238//6161 3239//6161 3240//6161
f 3241//6162 3240//6162 3242//6162
f 3242//6163 3240//6163 3239//6163
f 3240//6164 3243//6164 3238//6164
f 3238//6165 3243//6165 3244//6165
f 3244//6166 3245//6166 3237//6166
f 3237//6167 3245//6167 3246//6167
f 3247//6168 3238//6168 3244//6168
f 3247//6169 3244//6169 3237//6169
f 3235//6170 3237//6170 3246//6170
f 2893//6171 3242//6171 2894//6171
f 2894//6172 3242//6172 3239//6172
f 2894//6173 3239//6173 2896//6173
f 2896//6174 3239//6174 3238//6174
f 2896//6175 3238//6175 2898//6175
f 2898//6176 3238//6176 3247//6176
f 2898//6177 3247//6177 2900//6177
f 2900//6178 3247//6178 3237//6178
f 2900//6179 3237//6179 2902//6179
f 2902//6180 3237//6180 3236//6180
f 2902//6181 3236//6181 2761//6181
f 2761//6182 3236//6182 2908//6182
f 3248//6183 3249//6183 3250//6183
f 3251//6184 3252//6184 3253//6184
f 3253//6185 3252//6185 3254//6185
f 3253//6186 3254//6186 3255//6186
f 3255//6187 3254//6187 2424//6187
f 3255//6188 2424//6188 2414//6188
f 2414//6189 2426//6189 2914//6189
f 3251//6190 3208//6190 3252//6190
f 3252//6191 3208//6191 3209//6191
f 3252//6192 3209//6192 3254//6192
f 3254//6193 3209//6193 2423//6193
f 3254//6194 2423//6194 2424//6194
f 2910//6195 2909//6195 3249//6195
f 2912//6196 2910//6196 3248//6196
f 3248//6197 2910//6197 3249//6197
f 2414//6198 2914//6198 3255//6198
f 3255//6199 2914//6199 2912//6199
f 3255//6200 2912//6200 3253//6200
f 3253//6201 2912//6201 3248//6201
f 3253//6202 3248//6202 3251//6202
f 3251//6203 3248//6203 3250//6203
f 3251//6204 3250//6204 3208//6204
f 3208//6205 3250//6205 3216//6205
f 2558//6206 1265//6206 2557//6206
f 3256//6207 2557//6207 1263//6207
f 3256//6208 1263//6208 1262//6208
f 3257//6209 1285//6209 2558//6209
f 3257//6210 2558//6210 2557//6210
f 3257//6211 2557//6211 3258//6211
f 1262//6212 2559//6212 3256//6212
f 3257//6213 3258//6213 3259//6213
f 3192//6214 3260//6214 3190//6214
f 3190//6215 3260//6215 3261//6215
f 3190//6216 3261//6216 3262//6216
f 2557//6217 3256//6217 3263//6217
f 3263//6218 3256//6218 3264//6218
f 3263//6219 3264//6219 3265//6219
f 3265//6220 3264//6220 3266//6220
f 3265//6221 3266//6221 3267//6221
f 3267//6222 3266//6222 3268//6222
f 3267//6223 3268//6223 3269//6223
f 3269//6224 3268//6224 3270//6224
f 3269//6225 3270//6225 3271//6225
f 3271//6226 3270//6226 3272//6226
f 3271//6227 3272//6227 3262//6227
f 3262//6228 3272//6228 3188//6228
f 3262//6229 3188//6229 3190//6229
f 3273//6230 3257//6230 3259//6230
f 3273//6231 3259//6231 3274//6231
f 3274//6232 3259//6232 3275//6232
f 3274//6233 3275//6233 3276//6233
f 3276//6234 3275//6234 3277//6234
f 3276//6235 3277//6235 3278//6235
f 3278//6236 3277//6236 3279//6236
f 3278//6237 3279//6237 3280//6237
f 3280//6238 3279//6238 3281//6238
f 3280//6239 3281//6239 3282//6239
f 3282//6240 3281//6240 3283//6240
f 3282//6241 3283//6241 3284//6241
f 3256//6242 2559//6242 3264//6242
f 3264//6243 2559//6243 3180//6243
f 3264//6244 3180//6244 3266//6244
f 3266//6245 3180//6245 3181//6245
f 3266//6246 3181//6246 3268//6246
f 3268//6247 3181//6247 3182//6247
f 3268//6248 3182//6248 3270//6248
f 3270//6249 3182//6249 3184//6249
f 3270//6250 3184//6250 3272//6250
f 3272//6251 3184//6251 3186//6251
f 3272//6252 3186//6252 3188//6252
f 3258//6253 2557//6253 3259//6253
f 3259//6254 2557//6254 3263//6254
f 3259//6255 3263//6255 3275//6255
f 3275//6256 3263//6256 3265//6256
f 3275//6257 3265//6257 3277//6257
f 3277//6258 3265//6258 3267//6258
f 3277//6259 3267//6259 3279//6259
f 3279//6260 3267//6260 3269//6260
f 3279//6261 3269//6261 3281//6261
f 3281//6262 3269//6262 3271//6262
f 3281//6263 3271//6263 3283//6263
f 3283//6264 3271//6264 3262//6264
f 3283//6265 3262//6265 3284//6265
f 3284//6266 3262//6266 3261//6266
f 3284//6267 3261//6267 3285//6267
f 3285//6268 3261//6268 3260//6268
f 1280//6269 1277//6269 2556//6269
f 3286//6270 1280//6270 2556//6270
f 3257//6271 2556//6271 1284//6271
f 3257//6272 1284//6272 1285//6272
f 3285//6273 3260//6273 3287//6273
f 3288//6274 3289//6274 3290//6274
f 3291//6275 3285//6275 3287//6275
f 3291//6276 3287//6276 3292//6276
f 3292//6277 3287//6277 3293//6277
f 3292//6278 3293//6278 3294//6278
f 3294//6279 3293//6279 3295//6279
f 3294//6280 3295//6280 3296//6280
f 3296//6281 3295//6281 3297//6281
f 3296//6282 3297//6282 3298//6282
f 3298//6283 3297//6283 3290//6283
f 3298//6284 3290//6284 3299//6284
f 3299//6285 3290//6285 3289//6285
f 3299//6286 3289//6286 3300//6286
f 3216//6287 3288//6287 3215//6287
f 3215//6288 3288//6288 3290//6288
f 3215//6289 3290//6289 3214//6289
f 3214//6290 3290//6290 3297//6290
f 3214//6291 3297//6291 3213//6291
f 3213//6292 3297//6292 3295//6292
f 3213//6293 3295//6293 3212//6293
f 3212//6294 3295//6294 3293//6294
f 3212//6295 3293//6295 3211//6295
f 3211//6296 3293//6296 3287//6296
f 3211//6297 3287//6297 3192//6297
f 3192//6298 3287//6298 3260//6298
f 3286//6299 2556//6299 3301//6299
f 2556//6300 3302//6300 3301//6300
f 3301//6301 3302//6301 3303//6301
f 3301//6302 3303//6302 3304//6302
f 3304//6303 3303//6303 3305//6303
f 3304//6304 3305//6304 3306//6304
f 3306//6305 3305//6305 3307//6305
f 3307//6306 3305//6306 3308//6306
f 3307//6307 3308//6307 3309//6307
f 3309//6308 3308//6308 3310//6308
f 3310//6309 3308//6309 3311//6309
f 3285//6310 3311//6310 3284//6310
f 3284//6311 3311//6311 3308//6311
f 3284//6312 3308//6312 3282//6312
f 3282//6313 3308//6313 3280//6313
f 3280//6314 3308//6314 3305//6314
f 3280//6315 3305//6315 3278//6315
f 3278//6316 3305//6316 3276//6316
f 3276//6317 3305//6317 3303//6317
f 3276//6318 3303//6318 3274//6318
f 3274//6319 3303//6319 3302//6319
f 3274//6320 3302//6320 3273//6320
f 3273//6321 3302//6321 3257//6321
f 3257//6322 3302//6322 2556//6322
f 3232//6323 3231//6323 3315//6323
f 1353//6324 1346//6324 3316//6324
f 3316//6325 1346//6325 3317//6325
f 3317//6326 3318//6326 3316//6326
f 3315//6327 3231//6327 3320//6327
f 3314//6328 3312//6328 3320//6328
f 3320//6329 3312//6329 3315//6329
f 3321//6330 3313//6330 3322//6330
f 3314//6331 3318//6331 3319//6331
f 3314//6332 3319//6332 3312//6332
f 3321//6333 3241//6333 3242//6333
f 3321//6334 3242//6334 2893//6334
f 3312//6335 3313//6335 3315//6335
f 3315//6336 3313//6336 3321//6336
f 3315//6337 3321//6337 3232//6337
f 3232//6338 3321//6338 2893//6338
f 3323//6339 3324//6339 3300//6339
f 2909//6340 3235//6340 3325//6340
f 3326//6341 3327//6341 3325//6341
f 3328//6342 3324//6342 3329//6342
f 3329//6343 3324//6343 3323//6343
f 3329//6344 3323//6344 3326//6344
f 3330//6345 3331//6345 3243//6345
f 3330//6346 3328//6346 3332//6346
f 3243//6347 3240//6347 3241//6347
f 3243//6348 3241//6348 3330//6348
f 3330//6349 3332//6349 3331//6349
f 3331//6350 3332//6350 3245//6350
f 3331//6351 3245//6351 3243//6351
f 3243//6352 3245//6352 3244//6352
f 3333//6353 3289//6353 3288//6353
f 3333//6354 3288//6354 3216//6354
f 3333//6355 3216//6355 3250//6355
f 2909//6356 3325//6356 3249//6356
f 3249//6357 3325//6357 3327//6357
f 3300//6358 3289//6358 3323//6358
f 3323//6359 3289//6359 3333//6359
f 3323//6360 3333//6360 3326//6360
f 3326//6361 3333//6361 3327//6361
f 3327//6362 3333//6362 3250//6362
f 3327//6363 3250//6363 3249//6363
f 3235//6364 3246//6364 3325//6364
f 3325//6365 3246//6365 3326//6365
f 3326//6366 3246//6366 3245//6366
f 3326//6367 3245//6367 3329//6367
f 3329//6368 3245//6368 3332//6368
f 3329//6369 3332//6369 3328//6369
f 3310//6370 3311//6370 3334//6370
f 3334//6371 3311//6371 3292//6371
f 3334//6372 3292//6372 3294//6372
f 3334//6373 3294//6373 3335//6373
f 3335//6374 3294//6374 3296//6374
f 3335//6375 3296//6375 3336//6375
f 3336//6376 3296//6376 3298//6376
f 3299//6377 3337//6377 3298//6377
f 3298//6378 3337//6378 3336//6378
f 3339//6379 3338//6379 3340//6379
f 3339//6380 3340//6380 3299//6380
f 3341//6381 3338//6381 3339//6381
f 3340//6382 3337//6382 3299//6382
f 3339//6383 3299//6383 3300//6383
f 3339//6384 3300//6384 3341//6384
f 3311//6385 3285//6385 3291//6385
f 3311//6386 3291//6386 3292//6386
f 3322//6387 3342//6387 3241//6387
f 3353//6388 3344//6388 3345//6388
f 3353//6389 3345//6389 3346//6389
f 3346//6390 3345//6390 3347//6390
f 3346//6391 3347//6391 3348//6391
f 3348//6392 3347//6392 3319//6392
f 3348//6393 3319//6393 3349//6393
f 3348//6394 3349//6394 3350//6394
f 3350//6395 3349//6395 3343//6395
f 3350//6396 3343//6396 1347//6396
f 3350//6397 1347//6397 1361//6397
f 3312//6398 3347//6398 3313//6398
f 3344//6399 3342//6399 3322//6399
f 3241//6400 3321//6400 3322//6400
f 3345//6401 3344//6401 3322//6401
f 3345//6402 3322//6402 3313//6402
f 3345//6403 3313//6403 3347//6403
f 1346//6404 1347//6404 3317//6404
f 3317//6405 1347//6405 3343//6405
f 3317//6406 3343//6406 3318//6406
f 3318//6407 3343//6407 3349//6407
f 3318//6408 3349//6408 3319//6408
f 3312//6409 3319//6409 3347//6409
f 3351//6410 3352//6410 3324//6410
f 3353//6411 3354//6411 3355//6411
f 3355//6412 3354//6412 3356//6412
f 3356//6413 3354//6413 3357//6413
f 3356//6414 3357//6414 3358//6414
f 3358//6415 3357//6415 3359//6415
f 3358//6416 3359//6416 3360//6416
f 3360//6417 3359//6417 3361//6417
f 3361//6418 3359//6418 3362//6418
f 3361//6419 3362//6419 3363//6419
f 3363//6420 3362//6420 3364//6420
f 3355//6421 3365//6421 3342//6421
f 3344//6422 3353//6422 3355//6422
f 3344//6423 3355//6423 3342//6423
f 3338//6424 3341//6424 3352//6424
f 3352//6425 3341//6425 3300//6425
f 3352//6426 3300//6426 3324//6426
f 3365//6427 3355//6427 3356//6427
f 3365//6428 3356//6428 3366//6428
f 3366//6429 3356//6429 3358//6429
f 3366//6430 3358//6430 3367//6430
f 3367//6431 3358//6431 3360//6431
f 3367//6432 3360//6432 3351//6432
f 3351//6433 3360//6433 3361//6433
f 3351//6434 3361//6434 3352//6434
f 3352//6435 3361//6435 3363//6435
f 3352//6436 3363//6436 3364//6436
f 3352//6437 3364//6437 3338//6437
f 3366//6438 3328//6438 3330//6438
f 3365//6439 3330//6439 3241//6439
f 3365//6440 3241//6440 3342//6440
f 3328//6441 3366//6441 3367//6441
f 3328//6442 3367//6442 3324//6442
f 3351//6443 3324//6443 3367//6443
f 3366//6444 3330//6444 3365//6444
f 2952//6445 2844//6445 3368//6445
f 2952//6446 3368//6446 3369//6446
f 3369//6447 3368//6447 3370//6447
f 3369//6448 3370//6448 3053//6448
f 3053//6449 3370//6449 2951//6449
f 3051//6450 3369//6450 3053//6450
f 3371//6451 2952//6451 3369//6451
f 3371//6452 3369//6452 3049//6452
f 3049//6453 3369//6453 3051//6453
f 2846//6454 2952//6454 3372//6454
f 3372//6455 2952//6455 3371//6455
f 3372//6456 3371//6456 3373//6456
f 3373//6457 3371//6457 3374//6457
f 3374//6458 3371//6458 3049//6458
f 3374//6459 3049//6459 3055//6459
f 3370//6460 3368//6460 2844//6460
f 3370//6461 2844//6461 3377//6461
f 3377//6462 2844//6462 2849//6462
f 3377//6463 2849//6463 3378//6463
f 3378//6464 2849//6464 2847//6464
f 3378//6465 2847//6465 3376//6465
f 3376//6466 2847//6466 2837//6466
f 3376//6467 2837//6467 3375//6467
f 2951//6468 3370//6468 2942//6468
f 2942//6469 3370//6469 3377//6469
f 2942//6470 3377//6470 2949//6470
f 2949//6471 3377//6471 3378//6471
f 2946//6472 3378//6472 3376//6472
f 2944//6473 3376//6473 3375//6473
f 3058//6474 1404//6474 1403//6474
f 1398//6475 1399//6475 3379//6475
f 3379//6476 1399//6476 1400//6476
f 3379//6477 1400//6477 1404//6477
f 3141//6478 1396//6478 1397//6478
f 3056//6479 2846//6479 3372//6479
f 3374//6480 3055//6480 3134//6480
f 3374//6481 3134//6481 3380//6481
f 3380//6482 3134//6482 3381//6482
f 3381//6483 3134//6483 3137//6483
f 3381//6484 3137//6484 3382//6484
f 3382//6485 3137//6485 3136//6485
f 3383//6486 3138//6486 3140//6486
f 3141//6487 1397//6487 1398//6487
f 1398//6488 3379//6488 3141//6488
f 3141//6489 3379//6489 3384//6489
f 3141//6490 3384//6490 3140//6490
f 3140//6491 3384//6491 3383//6491
f 3383//6492 3385//6492 3138//6492
f 3138//6493 3385//6493 3386//6493
f 3138//6494 3386//6494 3136//6494
f 3136//6495 3386//6495 3387//6495
f 3136//6496 3387//6496 3382//6496
f 3382//6497 3387//6497 3381//6497
f 3381//6498 3388//6498 3380//6498
f 3380//6499 3388//6499 3373//6499
f 3380//6500 3373//6500 3374//6500
f 1404//6501 3058//6501 3379//6501
f 3379//6502 3058//6502 3059//6502
f 3379//6503 3059//6503 3384//6503
f 3384//6504 3059//6504 3060//6504
f 3384//6505 3060//6505 3383//6505
f 3383//6506 3060//6506 3057//6506
f 3383//6507 3057//6507 3385//6507
f 3385//6508 3057//6508 3066//6508
f 3385//6509 3066//6509 3065//6509
f 3385//6510 3065//6510 3386//6510
f 3386//6511 3065//6511 3064//6511
f 3386//6512 3064//6512 3387//6512
f 3387//6513 3064//6513 3063//6513
f 3387//6514 3063//6514 3062//6514
f 3387//6515 3062//6515 3381//6515
f 3381//6516 3062//6516 3061//6516
f 3381//6517 3061//6517 3388//6517
f 3388//6518 3061//6518 3056//6518
f 3388//6519 3056//6519 3372//6519
f 3388//6520 3372//6520 3373//6520
f 2824//6521 2944//6521 3389//6521
f 2824//6522 3389//6522 2825//6522
f 2944//6523 3375//6523 3389//6523
f 2837//6524 1414//6524 3375//6524
f 3375//6525 1414//6525 1413//6525
f 3375//6526 1413//6526 1412//6526
f 1409//6527 2825//6527 1411//6527
f 1411//6528 2825//6528 3389//6528
f 1411//6529 3389//6529 1410//6529
f 1410//6530 3389//6530 3375//6530
f 1410//6531 3375//6531 1412//6531
f 1354//6532 1355//6532 3316//6532
f 3316//6533 1355//6533 1353//6533
f 1351//6534 1352//6534 3390//6534
f 3390//6535 1352//6535 1354//6535
f 3224//6536 1358//6536 1350//6536
f 3224//6537 1350//6537 1351//6537
f 3316//6538 3318//6538 3391//6538
f 3391//6539 3318//6539 3392//6539
f 3392//6540 3318//6540 3393//6540
f 3393//6541 3318//6541 3314//6541
f 3314//6542 3320//6542 3394//6542
f 3394//6543 3320//6543 3395//6543
f 1354//6544 3316//6544 3390//6544
f 3390//6545 3316//6545 3391//6545
f 3391//6546 3392//6546 3396//6546
f 3396//6547 3392//6547 3393//6547
f 3393//6548 3314//6548 3397//6548
f 3397//6549 3314//6549 3394//6549
f 3394//6550 3395//6550 3398//6550
f 1351//6551 3390//6551 3224//6551
f 3224//6552 3390//6552 3225//6552
f 3225//6553 3390//6553 3391//6553
f 3225//6554 3391//6554 3226//6554
f 3226//6555 3391//6555 3396//6555
f 3226//6556 3396//6556 3227//6556
f 3227//6557 3396//6557 3222//6557
f 3222//6558 3396//6558 3393//6558
f 3222//6559 3393//6559 3223//6559
f 3223//6560 3393//6560 3397//6560
f 3223//6561 3397//6561 3218//6561
f 3218//6562 3397//6562 3219//6562
f 3219//6563 3397//6563 3394//6563
f 3219//6564 3394//6564 3220//6564
f 3220//6565 3394//6565 3398//6565
f 3220//6566 3398//6566 3221//6566
f 3320//6567 3231//6567 3395//6567
f 3395//6568 3231//6568 3399//6568
f 3395//6569 3399//6569 3398//6569
f 3398//6570 3399//6570 3221//6570
f 3221//6571 3399//6571 3217//6571
f 3221//6572 3217//6572 2868//6572
f 2729//6573 3217//6573 3400//6573
f 3400//6574 3217//6574 3401//6574
f 3401//6575 3217//6575 3399//6575
f 3401//6576 3399//6576 3402//6576
f 3402//6577 3399//6577 3231//6577
f 2704//6578 1334//6578 1336//6578
f 1337//6579 1342//6579 3403//6579
f 3403//6580 1342//6580 1341//6580
f 3403//6581 1341//6581 2717//6581
f 2704//6582 1336//6582 3404//6582
f 3404//6583 1336//6583 1340//6583
f 3404//6584 1340//6584 1339//6584
f 1337//6585 3403//6585 3404//6585
f 1337//6586 3404//6586 1339//6586
f 3402//6587 3231//6587 3230//6587
f 3401//6588 3402//6588 3230//6588
f 3400//6589 3401//6589 3405//6589
f 2729//6590 3400//6590 2888//6590
f 3401//6591 3230//6591 3405//6591
f 3405//6592 3230//6592 3234//6592
f 3405//6593 3234//6593 3228//6593
f 3405//6594 3228//6594 3406//6594
f 3406//6595 3228//6595 2879//6595
f 3406//6596 2879//6596 3407//6596
f 3400//6597 3405//6597 2888//6597
f 2888//6598 3405//6598 3406//6598
f 2888//6599 3406//6599 2889//6599
f 2889//6600 3406//6600 3407//6600
f 2704//6601 3404//6601 2715//6601
f 2715//6602 3404//6602 2877//6602
f 2877//6603 3404//6603 3408//6603
f 3404//6604 3403//6604 3408//6604
f 3408//6605 3403//6605 2717//6605
f 2726//6606 2727//6606 2728//6606
f 3408//6607 2717//6607 2724//6607
f 3408//6608 2724//6608 3409//6608
f 3409//6609 2724//6609 2726//6609
f 3409//6610 2726//6610 3410//6610
f 3410//6611 2726//6611 2728//6611
f 3410//6612 2728//6612 3411//6612
f 3411//6613 2728//6613 2889//6613
f 3411//6614 2889//6614 3407//6614
f 3408//6615 3409//6615 2887//6615
f 2887//6616 3409//6616 3410//6616
f 2887//6617 3410//6617 2885//6617
f 2885//6618 3410//6618 2886//6618
f 2886//6619 3410//6619 3411//6619
f 2886//6620 3411//6620 2878//6620
f 2878//6621 3411//6621 3407//6621
f 2878//6622 3407//6622 2879//6622
f 2877//6623 3408//6623 2887//6623
f 2877//6624 2887//6624 2706//6624
f 1304//6625 1305//6625 3412//6625
f 1294//6626 2574//6626 1311//6626
f 1311//6627 2574//6627 1310//6627
f 3412//6628 1305//6628 2574//6628
f 2574//6629 1305//6629 1309//6629
f 2574//6630 1309//6630 1310//6630
f 1304//6631 3412//6631 1306//6631
f 1306//6632 3412//6632 1307//6632
f 1307//6633 3412//6633 3098//6633
f 1307//6634 3098//6634 1308//6634
f 3098//6635 1301//6635 1303//6635
f 3098//6636 1303//6636 1308//6636
f 3168//6637 1388//6637 1389//6637
f 3168//6638 1386//6638 1388//6638
f 1392//6639 1391//6639 2595//6639
f 2595//6640 1391//6640 1386//6640
f 1392//6641 2595//6641 1393//6641
f 1386//6642 3168//6642 2595//6642
f 2595//6643 3168//6643 2594//6643
f 2594//6644 2589//6644 2590//6644
f 2585//6645 2588//6645 2586//6645
f 2586//6646 3413//6646 2489//6646
f 2594//6647 3168//6647 3166//6647
f 2594//6648 3166//6648 2589//6648
f 2589//6649 3166//6649 3164//6649
f 2589//6650 3164//6650 2588//6650
f 2588//6651 3164//6651 3147//6651
f 2588//6652 3147//6652 2586//6652
f 2586//6653 3147//6653 3146//6653
f 2586//6654 3146//6654 3413//6654
f 3412//6655 2574//6655 2575//6655
f 3412//6656 2575//6656 2576//6656
f 3412//6657 2576//6657 3414//6657
f 3414//6658 2576//6658 2573//6658
f 3414//6659 2573//6659 3415//6659
f 3415//6660 2573//6660 2577//6660
f 3415//6661 2577//6661 3416//6661
f 3416//6662 2577//6662 2580//6662
f 3416//6663 2580//6663 3417//6663
f 3417//6664 2580//6664 2582//6664
f 3417//6665 2582//6665 3418//6665
f 3418//6666 2582//6666 2511//6666
f 3418//6667 2511//6667 3419//6667
f 3418//6668 3419//6668 3420//6668
f 3098//6669 3412//6669 3414//6669
f 3098//6670 3414//6670 3096//6670
f 3096//6671 3414//6671 3415//6671
f 3096//6672 3415//6672 3416//6672
f 3096//6673 3416//6673 3094//6673
f 3094//6674 3416//6674 3417//6674
f 3094//6675 3417//6675 3093//6675
f 3093//6676 3417//6676 3418//6676
f 3093//6677 3418//6677 3091//6677
f 3091//6678 3418//6678 3420//6678
f 3091//6679 3420//6679 3088//6679
f 3128//6680 3421//6680 3422//6680
f 3128//6681 3422//6681 3158//6681
f 3158//6682 3422//6682 3423//6682
f 3158//6683 3423//6683 3156//6683
f 3156//6684 3423//6684 3154//6684
f 3152//6685 2490//6685 3150//6685
f 3150//6686 2490//6686 3413//6686
f 3150//6687 3413//6687 3146//6687
f 3421//6688 2484//6688 2482//6688
f 3421//6689 2482//6689 3422//6689
f 3422//6690 2482//6690 2480//6690
f 3422//6691 2480//6691 3423//6691
f 3423//6692 2480//6692 2468//6692
f 3423//6693 2468//6693 3154//6693
f 3154//6694 2468//6694 2486//6694
f 3154//6695 2486//6695 3152//6695
f 3152//6696 2486//6696 2490//6696
f 2490//6697 2489//6697 3413//6697
f 3419//6698 2511//6698 2513//6698
f 3419//6699 2513//6699 2501//6699
f 3419//6700 2501//6700 3424//6700
f 3424//6701 2501//6701 2500//6701
f 3424//6702 2500//6702 3425//6702
f 3425//6703 2500//6703 2499//6703
f 3425//6704 2499//6704 3426//6704
f 3426//6705 2499//6705 2517//6705
f 3426//6706 2517//6706 3427//6706
f 3427//6707 2517//6707 2516//6707
f 3427//6708 2516//6708 3428//6708
f 3428//6709 2516//6709 2484//6709
f 3428//6710 2484//6710 3421//6710
f 3420//6711 3419//6711 3424//6711
f 3088//6712 3420//6712 3131//6712
f 3131//6713 3420//6713 3424//6713
f 3131//6714 3424//6714 3425//6714
f 3131//6715 3425//6715 3130//6715
f 3130//6716 3425//6716 3426//6716
f 3130//6717 3426//6717 3129//6717
f 3129//6718 3426//6718 3427//6718
f 3129//6719 3427//6719 3133//6719
f 3133//6720 3427//6720 3428//6720
f 3133//6721 3428//6721 3125//6721
f 3125//6722 3428//6722 3421//6722
f 3125//6723 3421//6723 3128//6723
f 1278//6724 2546//6724 1283//6724
f 1279//6725 1280//6725 3286//6725
f 1279//6726 3286//6726 1275//6726
f 1275//6727 3286//6727 1274//6727
f 1274//6728 3286//6728 3429//6728
f 1274//6729 3429//6729 1273//6729
f 1273//6730 3429//6730 1271//6730
f 1271//6731 3429//6731 1270//6731
f 1270//6732 3429//6732 2547//6732
f 1270//6733 2547//6733 1276//6733
f 1276//6734 2547//6734 1278//6734
f 1278//6735 2547//6735 2546//6735
f 3430//6736 2512//6736 2583//6736
f 3430//6737 2583//6737 3431//6737
f 3431//6738 2583//6738 2581//6738
f 3431//6739 2581//6739 3432//6739
f 3432//6740 2581//6740 2579//6740
f 3432//6741 2579//6741 3433//6741
f 3433//6742 2579//6742 2578//6742
f 3433//6743 2578//6743 3434//6743
f 3434//6744 2578//6744 2584//6744
f 3434//6745 2584//6745 3435//6745
f 3435//6746 2584//6746 2547//6746
f 3435//6747 2547//6747 3429//6747
f 3310//6748 3430//6748 3431//6748
f 3310//6749 3431//6749 3309//6749
f 3309//6750 3431//6750 3432//6750
f 3309//6751 3432//6751 3307//6751
f 3307//6752 3432//6752 3433//6752
f 3307//6753 3433//6753 3306//6753
f 3306//6754 3433//6754 3434//6754
f 3306//6755 3434//6755 3304//6755
f 3304//6756 3434//6756 3435//6756
f 3304//6757 3435//6757 3301//6757
f 3301//6758 3435//6758 3429//6758
f 3301//6759 3429//6759 3286//6759
f 3436//6760 2491//6760 2495//6760
f 3436//6761 2495//6761 3437//6761
f 3437//6762 2495//6762 2510//6762
f 3437//6763 2510//6763 3438//6763
f 3438//6764 2510//6764 2509//6764
f 3438//6765 2509//6765 3439//6765
f 3439//6766 2509//6766 2496//6766
f 3439//6767 2496//6767 3440//6767
f 3440//6768 2496//6768 2514//6768
f 3440//6769 2514//6769 3441//6769
f 3441//6770 2514//6770 2512//6770
f 3441//6771 2512//6771 3430//6771
f 3338//6772 3436//6772 3437//6772
f 3338//6773 3437//6773 3340//6773
f 3340//6774 3437//6774 3438//6774
f 3340//6775 3438//6775 3337//6775
f 3337//6776 3438//6776 3439//6776
f 3337//6777 3439//6777 3336//6777
f 3336//6778 3439//6778 3440//6778
f 3336//6779 3440//6779 3335//6779
f 3335//6780 3440//6780 3441//6780
f 3335//6781 3441//6781 3334//6781
f 3334//6782 3441//6782 3430//6782
f 3334//6783 3430//6783 3310//6783
f 3442//6784 2488//6784 2485//6784
f 2487//6785 2476//6785 3443//6785
f 3443//6786 2476//6786 2477//6786
f 3443//6787 2477//6787 2475//6787
f 3443//6788 2475//6788 3444//6788
f 3444//6789 2475//6789 2493//6789
f 3444//6790 2493//6790 3445//6790
f 3445//6791 2493//6791 2491//6791
f 3445//6792 2491//6792 3436//6792
f 3442//6793 2485//6793 3354//6793
f 3354//6794 2485//6794 2487//6794
f 3353//6795 3442//6795 3354//6795
f 3354//6796 2487//6796 3357//6796
f 3357//6797 2487//6797 3443//6797
f 3357//6798 3443//6798 3359//6798
f 3359//6799 3443//6799 3444//6799
f 3359//6800 3444//6800 3362//6800
f 3362//6801 3444//6801 3445//6801
f 3362//6802 3445//6802 3364//6802
f 3364//6803 3445//6803 3436//6803
f 3364//6804 3436//6804 3338//6804
f 2596//6805 1363//6805 1349//6805
f 2596//6806 1360//6806 1363//6806
f 3350//6807 1361//6807 1359//6807
f 2596//6808 2593//6808 2592//6808
f 1360//6809 2596//6809 3350//6809
f 3350//6810 2596//6810 2592//6810
f 3350//6811 2592//6811 2591//6811
f 3350//6812 2591//6812 3348//6812
f 3350//6813 1359//6813 1360//6813
f 3346//6814 3348//6814 3446//6814
f 3446//6815 3348//6815 2591//6815
f 2587//6816 3346//6816 3446//6816
f 3353//6817 3346//6817 3442//6817
f 3442//6818 3346//6818 2587//6818
f 3442//6819 2587//6819 2488//6819
f 713//6820 714//6820 3447//6820
f 705//6820 3450//6820 704//6820
f 742//6820 743//6820 3451//6820
f 737//2315 3455//2315 736//2315
f 2408//6821 2407//6821 2467//6821
f 2473//6822 2417//6822 2416//6822
f 2473//6823 2416//6823 2415//6823
f 2473//6824 2415//6824 2474//6824
f 2474//6825 2415//6825 2413//6825
f 2474//6826 2413//6826 2492//6826
f 2492//6827 2413//6827 2412//6827
f 2492//6828 2412//6828 703//6828
f 703//6829 2412//6829 2420//6829
f 703//6830 2420//6830 2494//6830
f 2420//6831 2419//6831 2494//6831
f 2494//6832 2419//6832 2439//6832
f 2494//6833 2439//6833 2508//6833
f 3451//6834 743//6834 2442//6834
f 2442//6835 743//6835 2497//6835
f 2442//6836 2497//6836 2441//6836
f 2441//6837 2497//6837 2508//6837
f 2441//6838 2508//6838 2439//6838
f 2498//6839 2452//6839 2518//6839
f 2452//6840 2451//6840 2518//6840
f 2518//6841 2451//6841 2450//6841
f 2518//6842 2450//6842 2515//6842
f 2515//6843 2450//6843 2456//6843
f 2515//6844 2456//6844 2411//6844
f 2515//6845 2411//6845 721//6845
f 2481//6846 2409//6846 2467//6846
f 721//6847 2411//6847 2410//6847
f 721//6848 2410//6848 2483//6848
f 2483//6849 2410//6849 2481//6849
f 2481//6850 2410//6850 2409//6850
f 2467//6851 2409//6851 2408//6851
f 2473//6852 704//6852 2417//6852
f 2417//6853 704//6853 3450//6853
f 2417//6854 3450//6854 3449//6854
f 2417//6855 3449//6855 2418//6855
f 3448//6856 2404//6856 3449//6856
f 3449//6857 2404//6857 2418//6857
f 2404//6858 3448//6858 2405//6858
f 2405//6859 3448//6859 3447//6859
f 2405//6860 3447//6860 2407//6860
f 2407//6861 3447//6861 714//6861
f 2407//6862 714//6862 2467//6862
f 2498//6863 736//6863 2452//6863
f 2452//6864 736//6864 3455//6864
f 2452//6865 3455//6865 2454//6865
f 2454//6866 3455//6866 2447//6866
f 3453//6867 2448//6867 3454//6867
f 2448//6868 2447//6868 3454//6868
f 3454//6869 2447//6869 3455//6869
f 3452//6870 2445//6870 3453//6870
f 3453//6871 2445//6871 2448//6871
f 3451//6872 2442//6872 2444//6872
f 3451//6873 2444//6873 3452//6873
f 3452//6874 2444//6874 2445//6874
f 3456//6875 3457//6875 3449//6875
f 3458//6876 3459//6876 2469//6876
f 2469//6877 3459//6877 3460//6877
f 2469//6878 3460//6878 2471//6878
f 2471//6879 3460//6879 3461//6879
f 2471//6880 3461//6880 2479//6880
f 2479//6881 3461//6881 724//6881
f 724//6882 3461//6882 3462//6882
f 724//6883 3462//6883 2506//6883
f 2502//6884 3463//6884 737//6884
f 737//6885 3463//6885 3455//6885
f 3462//6886 3464//6886 2506//6886
f 2506//6887 3464//6887 3465//6887
f 2506//6888 3465//6888 2504//6888
f 2504//6889 3465//6889 3466//6889
f 2504//6890 3466//6890 2502//6890
f 2502//6891 3466//6891 3463//6891
f 2503//6892 3467//6892 2505//6892
f 2505//6893 3467//6893 3468//6893
f 2503//6894 742//6894 3467//6894
f 3467//6895 742//6895 3451//6895
f 3468//6896 3469//6896 2505//6896
f 2505//6897 3469//6897 2507//6897
f 3470//6898 2478//6898 723//6898
f 2507//6899 3469//6899 3471//6899
f 2507//6900 3471//6900 723//6900
f 723//6901 3471//6901 3472//6901
f 723//6902 3472//6902 3470//6902
f 2478//6903 3470//6903 3473//6903
f 2478//6904 3473//6904 2472//6904
f 3473//6905 3474//6905 2472//6905
f 2472//6906 3474//6906 2470//6906
f 2470//6907 3474//6907 3475//6907
f 2470//6908 3475//6908 3476//6908
f 3477//6909 3478//6909 3452//6909
f 3452//6910 3478//6910 3451//6910
f 3451//6911 3478//6911 3479//6911
f 3451//6912 3479//6912 3467//6912
f 3477//6913 3452//6913 3480//6913
f 3480//6914 3452//6914 3453//6914
f 3454//6915 3481//6915 3453//6915
f 3453//6916 3481//6916 3480//6916
f 3455//6917 3463//6917 3482//6917
f 3455//6918 3482//6918 3454//6918
f 3454//6919 3482//6919 3481//6919
f 2469//6920 713//6920 3458//6920
f 3458//6921 713//6921 3447//6921
f 3458//6922 3447//6922 3483//6922
f 3483//6923 3447//6923 3448//6923
f 3483//6924 3448//6924 3484//6924
f 3449//6925 3457//6925 3484//6925
f 3449//6926 3484//6926 3448//6926
f 3456//6927 3449//6927 3450//6927
f 3456//6928 3450//6928 3476//6928
f 3476//6929 3450//6929 705//6929
f 3476//6930 705//6930 2470//6930
f 3486//6931 3485//6931 3487//6931
f 3487//6932 3485//6932 3488//6932
f 3487//6933 3488//6933 3489//6933
f 3489//6934 3488//6934 3490//6934
f 3489//6935 3490//6935 3491//6935
f 3491//6936 3490//6936 3492//6936
f 3491//6937 3492//6937 3493//6937
f 3493//6938 3492//6938 3494//6938
f 3496//6939 3495//6939 3497//6939
f 3496//6940 3497//6940 3498//6940
f 3499//6941 3500//6941 3496//6941
f 3496//6942 3500//6942 3501//6942
f 3496//6943 3501//6943 3495//6943
f 3502//6944 3519//6944 3503//6944
f 3502//6945 3503//6945 3504//6945
f 3504//6946 3503//6946 3505//6946
f 3504//6947 3505//6947 3506//6947
f 3505//6948 3507//6948 3506//6948
f 3506//6949 3507//6949 3508//6949
f 3506//6950 3508//6950 3509//6950
f 3509//6951 3508//6951 3510//6951
f 3509//6952 3510//6952 3511//6952
f 3511//6953 3510//6953 3512//6953
f 3512//6954 3510//6954 3513//6954
f 3494//6955 3514//6955 3515//6955
f 3515//6956 3514//6956 3516//6956
f 3515//6957 3516//6957 3512//6957
f 3515//6958 3512//6958 3513//6958
f 3517//6959 3518//6959 3519//6959
f 3517//6960 3519//6960 3520//6960
f 3521//6961 3522//6961 3518//6961
f 3521//6962 3518//6962 3517//6962
f 3523//6963 3522//6963 3524//6963
f 3523//6964 3524//6964 3525//6964
f 3527//6965 3526//6965 3528//6965
f 3527//6966 3528//6966 3529//6966
f 3524//6967 3526//6967 3525//6967
f 3525//6968 3526//6968 3527//6968
f 3529//6969 3530//6969 3527//6969
f 3503//6970 3519//6970 3531//6970
f 3531//6971 3519//6971 3532//6971
f 3532//6972 3519//6972 3518//6972
f 3532//6972 3518//6972 3533//6972
f 3533//6973 3518//6973 3522//6973
f 3533//6974 3522//6974 3534//6974
f 3534//6975 3522//6975 3523//6975
f 3535//6976 3510//6976 3508//6976
f 3535//6977 3508//6977 3536//6977
f 3536//6978 3508//6978 3507//6978
f 3537//6979 3515//6979 3513//6979
f 3537//6980 3513//6980 3538//6980
f 3538//6981 3513//6981 3510//6981
f 3538//6982 3510//6982 3535//6982
f 3493//6983 3494//6983 3539//6983
f 3539//6984 3494//6984 3515//6984
f 3539//6985 3515//6985 3537//6985
f 3487//6986 3489//6986 3486//6986
f 3486//6987 3489//6987 3491//6987
f 3486//6988 3491//6988 3493//6988
f 3536//6989 3507//6989 3540//6989
f 3540//6990 3507//6990 3505//6990
f 3540//6991 3505//6991 3541//6991
f 3541//6992 3505//6992 3503//6992
f 3514//6993 3494//6993 3542//6993
f 3542//6994 3494//6994 3543//6994
f 3543//6995 3494//6995 3492//6995
f 3485//6996 3544//6996 3545//6996
f 3485//6997 3545//6997 3488//6997
f 3488//6998 3545//6998 3490//6998
f 3490//6999 3545//6999 3546//6999
f 3490//7000 3546//7000 3492//7000
f 3492//7001 3546//7001 3543//7001
f 3550//7002 3495//7002 3547//7002
f 3547//7003 3495//7003 3501//7003
f 3548//7004 3498//7004 3549//7004
f 3549//7005 3498//7005 3497//7005
f 3549//7006 3497//7006 3550//7006
f 3550//7007 3497//7007 3495//7007
f 3551//7008 3499//7008 3552//7008
f 3552//7009 3499//7009 3496//7009
f 3552//7010 3496//7010 3548//7010
f 3548//7011 3496//7011 3498//7011
f 3553//7012 3500//7012 3551//7012
f 3551//7013 3500//7013 3499//7013
f 3547//7014 3501//7014 3553//7014
f 3553//7015 3501//7015 3500//7015
f 3554//7016 3512//7016 3555//7016
f 3555//7017 3512//7017 3516//7017
f 3555//7018 3516//7018 3556//7018
f 3556//7019 3516//7019 3514//7019
f 3557//7020 3502//7020 3558//7020
f 3558//7021 3502//7021 3504//7021
f 3558//7022 3504//7022 3559//7022
f 3559//7023 3504//7023 3506//7023
f 3559//7024 3506//7024 3560//7024
f 3560//7025 3506//7025 3509//7025
f 3560//7026 3509//7026 3561//7026
f 3561//7027 3509//7027 3511//7027
f 3561//7028 3511//7028 3554//7028
f 3554//7029 3511//7029 3512//7029
f 3520//7030 3519//7030 3557//7030
f 3557//7031 3519//7031 3502//7031
f 3521//7032 3517//7032 3520//7032
f 3562//7033 3526//7033 3563//7033
f 3563//7034 3526//7034 3524//7034
f 3563//7035 3524//7035 3521//7035
f 3521//7036 3524//7036 3522//7036
f 3564//7037 3528//7037 3526//7037
f 3564//7038 3526//7038 3562//7038
f 3565//7039 3529//7039 3564//7039
f 3564//7040 3529//7040 3528//7040
f 3566//7041 3523//7041 3567//7041
f 3567//7042 3523//7042 3525//7042
f 3567//7043 3525//7043 3568//7043
f 3568//7044 3525//7044 3527//7044
f 3568//7045 3527//7045 3569//7045
f 3569//7046 3527//7046 3530//7046
f 3569//7047 3530//7047 3565//7047
f 3565//7048 3530//7048 3529//7048
f 3570//7049 3531//7049 3571//7049
f 3571//7050 3531//7050 3532//7050
f 3571//7051 3532//7051 3572//7051
f 3572//7052 3532//7052 3533//7052
f 3572//7053 3533//7053 3573//7053
f 3573//7054 3533//7054 3574//7054
f 3574//7055 3533//7055 3534//7055
f 3574//7056 3534//7056 3566//7056
f 3566//7057 3534//7057 3523//7057
f 3541//7058 3503//7058 3570//7058
f 3570//7059 3503//7059 3531//7059
f 3493//7060 3539//7060 3486//7060
f 3486//7061 3539//7061 3537//7061
f 3537//7062 3538//7062 3486//7062
f 3538//7063 3535//7063 3486//7063
f 3486//7064 3535//7064 3536//7064
f 3486//7065 3536//7065 3540//7065
f 3486//7066 3540//7066 3541//7066
f 3575//7067 3544//7067 3486//7067
f 3486//7068 3544//7068 3485//7068
f 3576//7069 3546//7069 3577//7069
f 3577//7070 3546//7070 3545//7070
f 3577//7071 3545//7071 3575//7071
f 3575//7072 3545//7072 3544//7072
f 3578//7073 3542//7073 3579//7073
f 3579//7074 3542//7074 3543//7074
f 3579//7075 3543//7075 3576//7075
f 3576//7076 3543//7076 3546//7076
f 3556//7077 3514//7077 3578//7077
f 3578//7078 3514//7078 3542//7078
f 3541//7079 3570//7079 3580//7079
f 3580//7080 3570//7080 3571//7080
f 3572//7081 3469//7081 3580//7081
f 3572//7082 3580//7082 3571//7082
f 3572//7083 3573//7083 3469//7083
f 3469//7084 3573//7084 3574//7084
f 3469//7085 3574//7085 3471//7085
f 3471//7086 3574//7086 3566//7086
f 3462//7087 3556//7087 3464//7087
f 3464//7088 3556//7088 3578//7088
f 3464//7089 3578//7089 3465//7089
f 3579//7090 3466//7090 3578//7090
f 3578//7091 3466//7091 3465//7091
f 3576//7092 3577//7092 3580//7092
f 3486//7093 3541//7093 3575//7093
f 3575//7094 3541//7094 3577//7094
f 3577//7095 3541//7095 3580//7095
f 3480//7096 3481//7096 3580//7096
f 3580//7097 3481//7097 3482//7097
f 3580//7098 3482//7098 3463//7098
f 3579//7099 3576//7099 3466//7099
f 3466//7100 3576//7100 3580//7100
f 3466//7101 3580//7101 3463//7101
f 3469//7102 3468//7102 3580//7102
f 3580//7103 3468//7103 3467//7103
f 3467//7104 3479//7104 3580//7104
f 3580//7105 3479//7105 3478//7105
f 3478//7106 3477//7106 3580//7106
f 3580//7107 3477//7107 3480//7107
f 3550//7108 3547//7108 3581//7108
f 3559//7109 3581//7109 3558//7109
f 3558//7110 3581//7110 3547//7110
f 3558//7111 3547//7111 3553//7111
f 3561//7112 3460//7112 3560//7112
f 3460//7113 3561//7113 3461//7113
f 3461//7114 3561//7114 3554//7114
f 3461//7115 3554//7115 3462//7115
f 3462//7116 3554//7116 3555//7116
f 3462//7117 3555//7117 3556//7117
f 3472//7118 3471//7118 3566//7118
f 3566//7119 3567//7119 3472//7119
f 3472//7120 3567//7120 3470//7120
f 3470//7121 3567//7121 3568//7121
f 3470//7122 3568//7122 3473//7122
f 3568//7123 3569//7123 3473//7123
f 3569//7124 3565//7124 3473//7124
f 3548//7125 3564//7125 3562//7125
f 3548//7126 3562//7126 3552//7126
f 3552//7127 3562//7127 3563//7127
f 3552//7128 3563//7128 3521//7128
f 3552//7129 3521//7129 3551//7129
f 3551//7130 3521//7130 3520//7130
f 3551//7131 3520//7131 3553//7131
f 3553//7132 3520//7132 3557//7132
f 3553//7133 3557//7133 3558//7133
f 3564//7134 3548//7134 3549//7134
f 3564//7135 3549//7135 3581//7135
f 3581//7136 3549//7136 3550//7136
f 3581//7137 3484//7137 3457//7137
f 3457//7138 3456//7138 3581//7138
f 3581//7139 3456//7139 3476//7139
f 3581//7140 3476//7140 3475//7140
f 3581//7141 3475//7141 3474//7141
f 3565//7142 3564//7142 3473//7142
f 3473//7143 3564//7143 3581//7143
f 3473//7144 3581//7144 3474//7144
f 3460//7145 3581//7145 3559//7145
f 3460//7146 3559//7146 3560//7146
f 3581//7147 3460//7147 3459//7147
f 3581//7148 3459//7148 3458//7148
f 3458//7149 3483//7149 3581//7149
f 3581//7150 3483//7150 3484//7150
f 3582//7151 3583//7151 3584//7151
f 3585//7152 3586//7152 3587//7152
f 3587//7153 3586//7153 3584//7153
f 3584//7154 3586//7154 3582//7154
f 3585//7155 3587//7155 3590//7155
f 3585//7156 3590//7156 3591//7156
f 3591//7157 3590//7157 3588//7157
f 3591//7158 3588//7158 3589//7158
f 3592//7159 3752//7159 3593//7159
f 3593//7160 3752//7160 3594//7160
f 3593//7161 3594//7161 3595//7161
f 3595//7162 3594//7162 3596//7162
f 3595//7163 3596//7163 3588//7163
f 3588//7164 3596//7164 3589//7164
f 3597//7165 3598//7165 3599//7165
f 3599//7166 3598//7166 3592//7166
f 3592//7167 3598//7167 3600//7167
f 3592//7168 3600//7168 3752//7168
f 3601//7169 3602//7169 3603//7169
f 3603//7170 3602//7170 3604//7170
f 3603//7171 3604//7171 3597//7171
f 3597//7172 3604//7172 3743//7172
f 3597//7173 3743//7173 3598//7173
f 3605//7174 3606//7174 3607//7174
f 3607//7175 3606//7175 3608//7175
f 3607//7176 3608//7176 3609//7176
f 3609//7177 3608//7177 3610//7177
f 3609//7178 3610//7178 3739//7178
f 3609//7179 3739//7179 3601//7179
f 3601//7180 3739//7180 3602//7180
f 3611//7181 3612//7181 3613//7181
f 3613//7182 3612//7182 3726//7182
f 3613//7183 3726//7183 3605//7183
f 3605//7184 3726//7184 3606//7184
f 3614//7185 3615//7185 3616//7185
f 3616//7186 3615//7186 3723//7186
f 3616//7187 3723//7187 3617//7187
f 3617//7188 3723//7188 3618//7188
f 3617//7189 3618//7189 3611//7189
f 3611//7190 3618//7190 3724//7190
f 3611//7191 3724//7191 3612//7191
f 3619//7192 3620//7192 3621//7192
f 3620//7193 3705//7193 3621//7193
f 3621//7194 3705//7194 3622//7194
f 3621//7195 3622//7195 3623//7195
f 3623//7196 3622//7196 3624//7196
f 3624//7197 3622//7197 3625//7197
f 3624//7198 3625//7198 3614//7198
f 3614//7199 3625//7199 3722//7199
f 3614//7200 3722//7200 3615//7200
f 3626//7201 3775//7201 3619//7201
f 3619//7202 3775//7202 3620//7202
f 3775//7203 3626//7203 3627//7203
f 3628//7204 3840//7204 3629//7204
f 3629//7205 3840//7205 3627//7205
f 3627//7206 3840//7206 3841//7206
f 3627//7207 3841//7207 3775//7207
f 3628//7208 3629//7208 3632//7208
f 3628//7209 3632//7209 3633//7209
f 3633//7210 3632//7210 3630//7210
f 3633//7211 3630//7211 3631//7211
f 3634//7212 3829//7212 3635//7212
f 3635//7213 3829//7213 3636//7213
f 3635//7214 3636//7214 3637//7214
f 3637//7215 3636//7215 3638//7215
f 3637//7216 3638//7216 3630//7216
f 3630//7217 3638//7217 3631//7217
f 3639//7218 3640//7218 3641//7218
f 3641//7219 3640//7219 3634//7219
f 3634//7220 3640//7220 3642//7220
f 3634//7221 3642//7221 3829//7221
f 3643//7222 3644//7222 3645//7222
f 3645//7223 3644//7223 3646//7223
f 3645//7224 3646//7224 3639//7224
f 3639//7225 3646//7225 3820//7225
f 3639//7226 3820//7226 3640//7226
f 3647//7227 3648//7227 3649//7227
f 3649//7228 3648//7228 3650//7228
f 3649//7229 3650//7229 3651//7229
f 3651//7230 3650//7230 3652//7230
f 3651//7231 3652//7231 3816//7231
f 3651//7232 3816//7232 3643//7232
f 3643//7233 3816//7233 3644//7233
f 3653//7234 3654//7234 3655//7234
f 3655//7235 3654//7235 3656//7235
f 3655//7236 3656//7236 3647//7236
f 3647//7237 3656//7237 3648//7237
f 3657//7238 3658//7238 3659//7238
f 3659//7239 3658//7239 3660//7239
f 3659//7240 3660//7240 3661//7240
f 3661//7241 3660//7241 3662//7241
f 3661//7242 3662//7242 3653//7242
f 3653//7243 3662//7243 3663//7243
f 3653//7244 3663//7244 3654//7244
f 3664//7245 3665//7245 3666//7245
f 3665//7246 3667//7246 3666//7246
f 3666//7247 3667//7247 3668//7247
f 3666//7248 3668//7248 3669//7248
f 3669//7249 3668//7249 3670//7249
f 3670//7250 3668//7250 3671//7250
f 3670//7251 3671//7251 3657//7251
f 3657//7252 3671//7252 3803//7252
f 3657//7253 3803//7253 3658//7253
f 3583//7254 3582//7254 3664//7254
f 3664//7255 3582//7255 3665//7255
f 3674//115 3673//115 3672//115
f 3674//110 3676//110 3679//110
f 3674//7256 3679//7256 3673//7256
f 3678//7257 3677//7257 3675//7257
f 3678//110 3679//110 3676//110
f 3678//110 3676//110 3677//110
f 3681//107 3680//107 3682//107
f 3682//107 3680//107 3683//107
f 3683//7258 3695//7258 3686//7258
f 3687//3433 3688//3433 3683//3433
f 3681//107 3685//107 3689//107
f 3689//3434 3690//3434 3681//3434
f 3681//7259 3690//7259 3680//7259
f 3683//107 3686//107 3687//107
f 3683//3434 3688//3434 3692//3434
f 3685//107 3681//107 3693//107
f 3685//3434 3693//3434 3684//3434
f 3684//106 3694//106 3685//106
f 3683//3434 3691//3434 3695//3434
f 3692//7259 3682//7259 3683//7259
f 3698//7260 3699//7260 3697//7260
f 3747//7261 3746//7261 3699//7261
f 3702//7262 3701//7262 3700//7262
f 3704//7263 3703//7263 3705//7263
f 3704//7264 3705//7264 3620//7264
f 3703//7265 3702//7265 3707//7265
f 3703//7266 3707//7266 3705//7266
f 3709//7267 3705//7267 3707//7267
f 3707//7268 3702//7268 3710//7268
f 3710//7269 3702//7269 3700//7269
f 3741//7270 3734//7270 3711//7270
f 3711//7271 3734//7271 3712//7271
f 3711//7272 3712//7272 3713//7272
f 3711//7273 3713//7273 3708//7273
f 3714//7274 3715//7274 3716//7274
f 3714//7275 3716//7275 3717//7275
f 3714//7276 3717//7276 3718//7276
f 3718//7277 3717//7277 3719//7277
f 3718//7278 3719//7278 3720//7278
f 3720//7279 3719//7279 3710//7279
f 3720//7279 3710//7279 3700//7279
f 3622//7280 3709//7280 3721//7280
f 3615//7281 3722//7281 3723//7281
f 3723//7282 3724//7282 3618//7282
f 3724//7283 3725//7283 3612//7283
f 3726//7284 3727//7284 3606//7284
f 3606//7285 3727//7285 3608//7285
f 3709//7286 3728//7286 3721//7286
f 3721//7287 3728//7287 3625//7287
f 3625//7288 3728//7288 3722//7288
f 3722//7289 3728//7289 3729//7289
f 3722//7290 3729//7290 3723//7290
f 3723//7291 3729//7291 3730//7291
f 3723//7292 3730//7292 3724//7292
f 3724//7293 3730//7293 3731//7293
f 3724//7294 3731//7294 3725//7294
f 3725//7295 3731//7295 3732//7295
f 3725//7296 3732//7296 3726//7296
f 3726//7297 3732//7297 3727//7297
f 3727//7298 3732//7298 3733//7298
f 3727//7299 3733//7299 3608//7299
f 3728//7300 3710//7300 3719//7300
f 3728//7301 3719//7301 3729//7301
f 3729//7302 3719//7302 3717//7302
f 3729//7303 3717//7303 3730//7303
f 3730//7304 3717//7304 3731//7304
f 3731//7305 3717//7305 3716//7305
f 3731//7306 3716//7306 3732//7306
f 3732//7307 3716//7307 3715//7307
f 3732//7308 3715//7308 3733//7308
f 3678//7309 3741//7309 3711//7309
f 3678//7310 3711//7310 3679//7310
f 3679//7311 3711//7311 3708//7311
f 3708//7312 3713//7312 3706//7312
f 3741//7313 3742//7313 3734//7313
f 3737//7314 3736//7314 3738//7314
f 3737//7315 3738//7315 3739//7315
f 3739//7316 3738//7316 3740//7316
f 3739//7317 3740//7317 3602//7317
f 3675//7318 3741//7318 3678//7318
f 3604//7319 3602//7319 3743//7319
f 3743//7320 3602//7320 3740//7320
f 3743//7321 3740//7321 3744//7321
f 3744//7322 3740//7322 3738//7322
f 3744//7323 3738//7323 3745//7323
f 3745//7324 3738//7324 3736//7324
f 3745//7325 3736//7325 3746//7325
f 3746//7326 3736//7326 3735//7326
f 3745//7327 3746//7327 3747//7327
f 3745//7328 3747//7328 3744//7328
f 3744//7329 3747//7329 3748//7329
f 3744//7330 3748//7330 3743//7330
f 3743//7331 3748//7331 3749//7331
f 3698//7332 3750//7332 3748//7332
f 3748//7333 3750//7333 3751//7333
f 3748//7334 3751//7334 3749//7334
f 3749//7335 3751//7335 3598//7335
f 3697//7336 3696//7336 3698//7336
f 3698//7337 3696//7337 3750//7337
f 3750//7338 3752//7338 3751//7338
f 3751//7339 3752//7339 3600//7339
f 3751//7340 3600//7340 3598//7340
f 3742//7341 3741//7341 3753//7341
f 3753//7342 3741//7342 3754//7342
f 3753//7343 3754//7343 3755//7343
f 3755//7344 3754//7344 3756//7344
f 3755//7345 3756//7345 3757//7345
f 3757//7346 3756//7346 3758//7346
f 3677//7347 3758//7347 3756//7347
f 3677//7348 3756//7348 3754//7348
f 3677//7349 3754//7349 3675//7349
f 3675//7350 3754//7350 3741//7350
f 3760//7351 3759//7351 3761//7351
f 3760//7352 3761//7352 3762//7352
f 3762//7353 3761//7353 3696//7353
f 3762//7354 3696//7354 3697//7354
f 3596//7355 3763//7355 3589//7355
f 3589//7356 3763//7356 3764//7356
f 3589//7357 3764//7357 3591//7357
f 3591//7358 3764//7358 3585//7358
f 3585//7359 3765//7359 3586//7359
f 3586//7360 3765//7360 3766//7360
f 3586//7361 3766//7361 3582//7361
f 3596//7362 3767//7362 3763//7362
f 3763//7363 3767//7363 3768//7363
f 3763//7364 3768//7364 3764//7364
f 3764//7365 3768//7365 3769//7365
f 3764//7366 3769//7366 3585//7366
f 3585//7367 3769//7367 3765//7367
f 3765//7368 3769//7368 3770//7368
f 3765//7369 3770//7369 3766//7369
f 3766//7370 3770//7370 3771//7370
f 3771//7371 3582//7371 3766//7371
f 3767//7372 3696//7372 3761//7372
f 3767//7373 3761//7373 3768//7373
f 3768//7374 3761//7374 3769//7374
f 3769//7375 3761//7375 3759//7375
f 3769//7376 3759//7376 3770//7376
f 3770//7377 3759//7377 3771//7377
f 3757//7378 3758//7378 3772//7378
f 3710//7379 3728//7379 3707//7379
f 3707//7380 3728//7380 3709//7380
f 3709//7381 3622//7381 3705//7381
f 3721//7382 3625//7382 3622//7382
f 3725//7383 3726//7383 3612//7383
f 3610//7384 3608//7384 3733//7384
f 3714//7385 3735//7385 3715//7385
f 3715//7386 3735//7386 3736//7386
f 3715//7387 3736//7387 3733//7387
f 3733//7388 3736//7388 3737//7388
f 3733//7389 3737//7389 3610//7389
f 3610//7390 3737//7390 3739//7390
f 3696//7391 3767//7391 3750//7391
f 3750//7392 3767//7392 3752//7392
f 3755//7393 3699//7393 3746//7393
f 3755//7394 3746//7394 3753//7394
f 3753//7395 3746//7395 3735//7395
f 3753//7396 3735//7396 3742//7396
f 3742//7397 3735//7397 3714//7397
f 3742//7398 3714//7398 3734//7398
f 3734//7399 3714//7399 3718//7399
f 3734//7400 3718//7400 3712//7400
f 3712//7401 3718//7401 3720//7401
f 3712//7402 3720//7402 3713//7402
f 3713//7403 3720//7403 3700//7403
f 3713//7404 3700//7404 3701//7404
f 3713//7405 3701//7405 3706//7405
f 3767//7406 3596//7406 3752//7406
f 3752//7407 3596//7407 3594//7407
f 3598//7408 3743//7408 3749//7408
f 3748//7409 3747//7409 3698//7409
f 3698//7410 3747//7410 3699//7410
f 3699//7411 3755//7411 3697//7411
f 3697//7412 3755//7412 3757//7412
f 3697//7413 3757//7413 3762//7413
f 3762//7414 3757//7414 3772//7414
f 3762//7415 3772//7415 3760//7415
f 3760//7416 3772//7416 3759//7416
f 3673//7417 3679//7417 3708//7417
f 3673//7418 3708//7418 3835//7418
f 3835//7419 3708//7419 3706//7419
f 3835//7420 3706//7420 3846//7420
f 3846//7421 3706//7421 3701//7421
f 3846//7422 3701//7422 3773//7422
f 3773//7423 3701//7423 3702//7423
f 3773//7424 3702//7424 3774//7424
f 3774//7425 3702//7425 3703//7425
f 3774//7426 3703//7426 3845//7426
f 3845//7427 3703//7427 3704//7427
f 3845//7428 3704//7428 3775//7428
f 3775//7429 3704//7429 3620//7429
f 3677//7430 3676//7430 3758//7430
f 3758//7431 3676//7431 3784//7431
f 3758//7432 3784//7432 3772//7432
f 3772//7433 3784//7433 3776//7433
f 3772//7434 3776//7434 3759//7434
f 3759//7435 3776//7435 3777//7435
f 3759//7436 3777//7436 3771//7436
f 3771//7437 3777//7437 3778//7437
f 3778//7438 3779//7438 3771//7438
f 3771//7439 3779//7439 3665//7439
f 3771//7440 3665//7440 3582//7440
f 3782//7441 3783//7441 3781//7441
f 3824//7442 3823//7442 3783//7442
f 3784//7443 3785//7443 3776//7443
f 3818//7444 3786//7444 3787//7444
f 3787//7445 3786//7445 3788//7445
f 3787//7446 3788//7446 3789//7446
f 3787//7447 3789//7447 3785//7447
f 3787//7448 3785//7448 3784//7448
f 3790//7449 3791//7449 3792//7449
f 3790//7450 3792//7450 3793//7450
f 3790//7451 3793//7451 3794//7451
f 3794//7452 3793//7452 3795//7452
f 3794//7453 3795//7453 3789//7453
f 3789//7454 3795//7454 3796//7454
f 3789//7455 3796//7455 3797//7455
f 3797//7456 3796//7456 3798//7456
f 3797//7457 3798//7457 3799//7457
f 3799//7458 3798//7458 3777//7458
f 3800//7459 3650//7459 3801//7459
f 3650//7460 3648//7460 3801//7460
f 3801//7461 3648//7461 3656//7461
f 3802//7462 3654//7462 3663//7462
f 3663//7463 3662//7463 3660//7463
f 3660//7464 3658//7464 3803//7464
f 3804//7465 3668//7465 3805//7465
f 3805//7466 3668//7466 3667//7466
f 3667//7467 3665//7467 3779//7467
f 3800//7468 3801//7468 3806//7468
f 3806//7469 3801//7469 3656//7469
f 3806//7470 3656//7470 3802//7470
f 3806//7471 3802//7471 3807//7471
f 3807//7472 3802//7472 3663//7472
f 3807//7473 3663//7473 3808//7473
f 3808//7474 3663//7474 3660//7474
f 3808//7475 3660//7475 3809//7475
f 3809//7476 3660//7476 3803//7476
f 3809//7477 3803//7477 3810//7477
f 3810//7478 3803//7478 3671//7478
f 3810//7479 3671//7479 3804//7479
f 3810//7480 3804//7480 3805//7480
f 3810//7481 3805//7481 3811//7481
f 3811//7482 3805//7482 3667//7482
f 3811//7483 3667//7483 3778//7483
f 3778//7484 3667//7484 3779//7484
f 3778//7485 3777//7485 3798//7485
f 3778//7486 3798//7486 3811//7486
f 3811//7487 3798//7487 3796//7487
f 3811//7488 3796//7488 3810//7488
f 3810//7489 3796//7489 3795//7489
f 3810//7490 3795//7490 3809//7490
f 3809//7491 3795//7491 3793//7491
f 3809//7492 3793//7492 3808//7492
f 3808//7493 3793//7493 3807//7493
f 3807//7494 3793//7494 3792//7494
f 3807//7495 3792//7495 3806//7495
f 3806//7496 3792//7496 3791//7496
f 3806//7497 3791//7497 3800//7497
f 3674//7498 3818//7498 3787//7498
f 3674//7499 3787//7499 3676//7499
f 3676//7500 3787//7500 3784//7500
f 3818//7501 3819//7501 3786//7501
f 3814//7502 3813//7502 3815//7502
f 3814//7503 3815//7503 3816//7503
f 3816//7504 3815//7504 3817//7504
f 3816//7505 3817//7505 3644//7505
f 3672//7506 3818//7506 3674//7506
f 3646//7507 3644//7507 3820//7507
f 3820//7508 3644//7508 3817//7508
f 3820//7509 3817//7509 3821//7509
f 3821//7510 3817//7510 3815//7510
f 3821//7511 3815//7511 3822//7511
f 3822//7512 3815//7512 3813//7512
f 3822//7513 3813//7513 3823//7513
f 3823//7514 3813//7514 3812//7514
f 3822//7515 3823//7515 3824//7515
f 3822//7516 3824//7516 3821//7516
f 3821//7517 3824//7517 3825//7517
f 3821//7518 3825//7518 3820//7518
f 3820//7519 3825//7519 3826//7519
f 3782//7520 3827//7520 3825//7520
f 3825//7521 3827//7521 3828//7521
f 3825//7522 3828//7522 3826//7522
f 3826//7523 3828//7523 3640//7523
f 3781//7524 3780//7524 3782//7524
f 3782//7525 3780//7525 3827//7525
f 3827//7526 3829//7526 3828//7526
f 3828//7527 3829//7527 3642//7527
f 3828//7528 3642//7528 3640//7528
f 3819//7529 3818//7529 3830//7529
f 3830//7530 3818//7530 3831//7530
f 3830//7531 3831//7531 3832//7531
f 3832//7532 3831//7532 3833//7532
f 3832//7533 3833//7533 3834//7533
f 3834//7534 3833//7534 3835//7534
f 3673//7535 3835//7535 3833//7535
f 3673//7536 3833//7536 3831//7536
f 3673//7537 3831//7537 3672//7537
f 3672//7538 3831//7538 3818//7538
f 3773//7539 3774//7539 3836//7539
f 3773//7540 3836//7540 3837//7540
f 3837//7541 3836//7541 3780//7541
f 3837//7542 3780//7542 3781//7542
f 3638//7543 3838//7543 3631//7543
f 3631//7544 3838//7544 3839//7544
f 3631//7545 3839//7545 3633//7545
f 3633//7546 3839//7546 3628//7546
f 3638//7547 3842//7547 3838//7547
f 3838//7548 3842//7548 3843//7548
f 3838//7549 3843//7549 3839//7549
f 3839//7550 3843//7550 3844//7550
f 3839//7551 3844//7551 3628//7551
f 3628//7552 3844//7552 3840//7552
f 3840//7553 3844//7553 3845//7553
f 3840//7554 3845//7554 3841//7554
f 3841//7555 3845//7555 3775//7555
f 3842//7556 3780//7556 3836//7556
f 3842//7557 3836//7557 3843//7557
f 3843//7558 3836//7558 3844//7558
f 3844//7559 3836//7559 3774//7559
f 3844//7560 3774//7560 3845//7560
f 3834//7561 3835//7561 3846//7561
f 3804//7562 3671//7562 3668//7562
f 3802//7563 3656//7563 3654//7563
f 3652//7564 3650//7564 3800//7564
f 3790//7565 3812//7565 3791//7565
f 3791//7566 3812//7566 3813//7566
f 3791//7567 3813//7567 3800//7567
f 3800//7568 3813//7568 3814//7568
f 3800//7569 3814//7569 3652//7569
f 3652//7570 3814//7570 3816//7570
f 3780//7571 3842//7571 3827//7571
f 3827//7572 3842//7572 3829//7572
f 3832//7573 3783//7573 3823//7573
f 3832//7574 3823//7574 3830//7574
f 3830//7575 3823//7575 3812//7575
f 3830//7576 3812//7576 3819//7576
f 3819//7577 3812//7577 3790//7577
f 3819//7578 3790//7578 3786//7578
f 3786//7579 3790//7579 3794//7579
f 3786//7580 3794//7580 3788//7580
f 3788//7581 3794//7581 3789//7581
f 3789//7582 3797//7582 3785//7582
f 3785//7583 3797//7583 3799//7583
f 3785//7584 3799//7584 3776//7584
f 3776//7585 3799//7585 3777//7585
f 3842//7586 3638//7586 3829//7586
f 3829//7587 3638//7587 3636//7587
f 3640//7588 3820//7588 3826//7588
f 3825//7589 3824//7589 3782//7589
f 3782//7590 3824//7590 3783//7590
f 3783//7591 3832//7591 3781//7591
f 3781//7592 3832//7592 3834//7592
f 3781//7593 3834//7593 3837//7593
f 3837//7594 3834//7594 3846//7594
f 3837//7595 3846//7595 3773//7595
f 3681//7596 3682//7596 3847//7596
f 3847//7597 3682//7597 3848//7597
f 3847//7598 3848//7598 3849//7598
f 3849//7599 3848//7599 3850//7599
f 3849//7600 3850//7600 3851//7600
f 3851//7601 3850//7601 3852//7601
f 3851//7602 3852//7602 3619//7602
f 3619//7603 3852//7603 3626//7603
f 3853//7604 3664//7604 3666//7604
f 3854//7605 3853//7605 3666//7605
f 3854//7606 3666//7606 3855//7606
f 3855//7607 3666//7607 3669//7607
f 3855//7608 3669//7608 3670//7608
f 3855//7609 3670//7609 3856//7609
f 3856//7610 3670//7610 3857//7610
f 3670//7611 3657//7611 3857//7611
f 3857//7612 3657//7612 3659//7612
f 3659//7613 3661//7613 3858//7613
f 3858//7614 3661//7614 3653//7614
f 3858//7615 3653//7615 3859//7615
f 3859//7616 3653//7616 3655//7616
f 3860//7617 3655//7617 3647//7617
f 3860//7618 3647//7618 3649//7618
f 3860//7619 3649//7619 3861//7619
f 3861//7620 3649//7620 3862//7620
f 3649//7621 3651//7621 3862//7621
f 3862//7622 3651//7622 3643//7622
f 3643//7623 3645//7623 3863//7623
f 3863//7624 3645//7624 3639//7624
f 3863//7625 3639//7625 3864//7625
f 3864//7626 3639//7626 3641//7626
f 3865//7627 3641//7627 3634//7627
f 3865//7628 3634//7628 3635//7628
f 3865//7629 3635//7629 3866//7629
f 3866//7630 3635//7630 3867//7630
f 3867//7631 3635//7631 3637//7631
f 3867//7632 3637//7632 3868//7632
f 3868//7633 3637//7633 3630//7633
f 3868//7634 3630//7634 3632//7634
f 3868//7635 3632//7635 3869//7635
f 3869//7636 3632//7636 3629//7636
f 3869//7637 3629//7637 3870//7637
f 3870//7638 3629//7638 3627//7638
f 3853//7639 3854//7639 3872//7639
f 3872//7640 3854//7640 3855//7640
f 3872//7641 3855//7641 3873//7641
f 3873//7642 3855//7642 3856//7642
f 3873//7642 3856//7642 3874//7642
f 3874//7643 3856//7643 3857//7643
f 3874//7643 3857//7643 3875//7643
f 3875//7644 3857//7644 3659//7644
f 3875//7645 3659//7645 3876//7645
f 3876//7646 3659//7646 3858//7646
f 3876//7647 3858//7647 3877//7647
f 3877//7648 3858//7648 3859//7648
f 3877//7648 3859//7648 3878//7648
f 3878//7649 3859//7649 3655//7649
f 3878//7650 3655//7650 3879//7650
f 3879//7651 3655//7651 3860//7651
f 3879//7652 3860//7652 3880//7652
f 3880//7653 3860//7653 3861//7653
f 3880//7653 3861//7653 3881//7653
f 3881//7654 3861//7654 3862//7654
f 3881//7654 3862//7654 3882//7654
f 3882//7655 3862//7655 3643//7655
f 3882//7656 3643//7656 3883//7656
f 3883//7657 3643//7657 3863//7657
f 3883//7658 3863//7658 3884//7658
f 3884//7659 3863//7659 3864//7659
f 3884//7659 3864//7659 3885//7659
f 3885//7660 3864//7660 3641//7660
f 3885//7661 3641//7661 3886//7661
f 3886//7662 3641//7662 3865//7662
f 3886//7663 3865//7663 3887//7663
f 3887//7664 3865//7664 3866//7664
f 3887//7664 3866//7664 3888//7664
f 3888//7665 3866//7665 3867//7665
f 3888//7665 3867//7665 3889//7665
f 3889//7666 3867//7666 3868//7666
f 3889//7666 3868//7666 3890//7666
f 3890//7667 3868//7667 3869//7667
f 3890//7667 3869//7667 3891//7667
f 3891//7668 3869//7668 3870//7668
f 3891//7668 3870//7668 3892//7668
f 3892//7669 3870//7669 3627//7669
f 3892//7670 3627//7670 3850//7670
f 3626//7671 3852//7671 3627//7671
f 3627//7672 3852//7672 3850//7672
f 3871//7673 3872//7673 3873//7673
f 3871//7674 3873//7674 3893//7674
f 3893//7675 3873//7675 3874//7675
f 3893//7676 3874//7676 3875//7676
f 3893//7677 3875//7677 3894//7677
f 3894//7678 3875//7678 3876//7678
f 3894//7679 3876//7679 3877//7679
f 3894//7680 3877//7680 3895//7680
f 3895//7681 3877//7681 3878//7681
f 3895//7682 3878//7682 3896//7682
f 3896//7683 3878//7683 3879//7683
f 3896//7684 3879//7684 3880//7684
f 3896//7685 3880//7685 3897//7685
f 3897//7686 3880//7686 3881//7686
f 3897//7687 3881//7687 3882//7687
f 3897//7688 3882//7688 3898//7688
f 3898//7689 3882//7689 3883//7689
f 3898//7690 3883//7690 3884//7690
f 3898//7691 3884//7691 3899//7691
f 3899//7692 3884//7692 3885//7692
f 3899//7693 3885//7693 3886//7693
f 3899//7694 3886//7694 3900//7694
f 3900//7695 3886//7695 3887//7695
f 3900//7696 3887//7696 3901//7696
f 3901//7697 3887//7697 3888//7697
f 3901//7698 3888//7698 3889//7698
f 3901//7699 3889//7699 3902//7699
f 3902//7700 3889//7700 3890//7700
f 3902//7701 3890//7701 3891//7701
f 3902//7702 3891//7702 3903//7702
f 3903//7703 3891//7703 3892//7703
f 3903//7704 3892//7704 3904//7704
f 3904//7705 3892//7705 3850//7705
f 3904//7706 3850//7706 3848//7706
f 3683//7707 3871//7707 3893//7707
f 3683//7708 3893//7708 3691//7708
f 3691//7709 3893//7709 3894//7709
f 3691//7710 3894//7710 3695//7710
f 3695//7711 3894//7711 3895//7711
f 3695//7712 3895//7712 3896//7712
f 3695//7713 3896//7713 3897//7713
f 3695//7714 3897//7714 3686//7714
f 3686//7715 3897//7715 3898//7715
f 3686//7716 3898//7716 3687//7716
f 3687//7717 3898//7717 3899//7717
f 3687//7718 3899//7718 3688//7718
f 3688//7719 3899//7719 3900//7719
f 3688//7720 3900//7720 3901//7720
f 3688//7721 3901//7721 3902//7721
f 3688//7722 3902//7722 3692//7722
f 3692//7723 3902//7723 3903//7723
f 3692//7724 3903//7724 3682//7724
f 3682//7725 3903//7725 3904//7725
f 3682//7726 3904//7726 3848//7726
f 3851//7727 3619//7727 3621//7727
f 3905//7728 3851//7728 3621//7728
f 3905//7729 3621//7729 3906//7729
f 3906//7730 3621//7730 3623//7730
f 3906//7731 3623//7731 3624//7731
f 3906//7732 3624//7732 3907//7732
f 3907//7733 3624//7733 3908//7733
f 3624//7734 3614//7734 3908//7734
f 3908//7735 3614//7735 3616//7735
f 3616//7736 3617//7736 3909//7736
f 3909//7737 3617//7737 3611//7737
f 3909//7738 3611//7738 3910//7738
f 3910//7739 3611//7739 3613//7739
f 3911//7740 3613//7740 3605//7740
f 3911//7741 3605//7741 3607//7741
f 3911//7742 3607//7742 3912//7742
f 3912//7743 3607//7743 3913//7743
f 3607//7744 3609//7744 3913//7744
f 3913//7745 3609//7745 3601//7745
f 3601//7746 3603//7746 3914//7746
f 3914//7747 3603//7747 3597//7747
f 3914//7748 3597//7748 3915//7748
f 3915//7749 3597//7749 3599//7749
f 3916//7750 3599//7750 3592//7750
f 3916//7751 3592//7751 3593//7751
f 3916//7752 3593//7752 3917//7752
f 3917//7753 3593//7753 3918//7753
f 3918//7754 3593//7754 3595//7754
f 3918//7755 3595//7755 3919//7755
f 3919//7756 3595//7756 3588//7756
f 3919//7757 3588//7757 3590//7757
f 3919//7758 3590//7758 3920//7758
f 3920//7759 3590//7759 3587//7759
f 3920//7760 3587//7760 3921//7760
f 3921//7761 3587//7761 3584//7761
f 3851//7762 3905//7762 3849//7762
f 3849//7763 3905//7763 3906//7763
f 3849//7764 3906//7764 3922//7764
f 3922//7765 3906//7765 3907//7765
f 3922//7765 3907//7765 3923//7765
f 3923//7766 3907//7766 3908//7766
f 3923//7766 3908//7766 3924//7766
f 3924//7767 3908//7767 3616//7767
f 3924//7768 3616//7768 3925//7768
f 3925//7769 3616//7769 3909//7769
f 3925//7770 3909//7770 3926//7770
f 3926//7771 3909//7771 3910//7771
f 3926//7771 3910//7771 3927//7771
f 3927//7772 3910//7772 3613//7772
f 3927//7773 3613//7773 3928//7773
f 3928//7774 3613//7774 3911//7774
f 3928//7775 3911//7775 3929//7775
f 3929//7776 3911//7776 3912//7776
f 3929//7776 3912//7776 3930//7776
f 3930//7777 3912//7777 3913//7777
f 3930//7777 3913//7777 3931//7777
f 3931//7778 3913//7778 3601//7778
f 3931//7779 3601//7779 3932//7779
f 3932//7780 3601//7780 3914//7780
f 3932//7781 3914//7781 3933//7781
f 3933//7782 3914//7782 3915//7782
f 3933//7782 3915//7782 3934//7782
f 3934//7783 3915//7783 3599//7783
f 3934//7784 3599//7784 3935//7784
f 3935//7785 3599//7785 3916//7785
f 3935//7786 3916//7786 3936//7786
f 3936//7787 3916//7787 3917//7787
f 3936//7787 3917//7787 3937//7787
f 3937//7788 3917//7788 3918//7788
f 3937//7788 3918//7788 3938//7788
f 3938//7789 3918//7789 3919//7789
f 3938//7789 3919//7789 3939//7789
f 3939//7790 3919//7790 3920//7790
f 3939//7790 3920//7790 3940//7790
f 3940//7791 3920//7791 3921//7791
f 3940//7791 3921//7791 3941//7791
f 3941//7792 3921//7792 3584//7792
f 3941//7793 3584//7793 3942//7793
f 3583//7794 3943//7794 3584//7794
f 3584//7795 3943//7795 3942//7795
f 3847//7796 3849//7796 3922//7796
f 3847//7797 3922//7797 3945//7797
f 3945//7798 3922//7798 3923//7798
f 3945//7799 3923//7799 3924//7799
f 3945//7800 3924//7800 3946//7800
f 3946//7801 3924//7801 3925//7801
f 3946//7802 3925//7802 3926//7802
f 3946//7803 3926//7803 3947//7803
f 3947//7804 3926//7804 3927//7804
f 3947//7805 3927//7805 3928//7805
f 3947//7806 3928//7806 3948//7806
f 3948//7807 3928//7807 3929//7807
f 3948//7808 3929//7808 3930//7808
f 3948//7809 3930//7809 3949//7809
f 3949//7810 3930//7810 3931//7810
f 3949//7811 3931//7811 3932//7811
f 3949//7812 3932//7812 3950//7812
f 3950//7813 3932//7813 3933//7813
f 3950//7814 3933//7814 3934//7814
f 3950//7815 3934//7815 3951//7815
f 3951//7816 3934//7816 3935//7816
f 3951//7817 3935//7817 3936//7817
f 3951//7818 3936//7818 3952//7818
f 3952//7819 3936//7819 3937//7819
f 3952//7820 3937//7820 3953//7820
f 3953//7821 3937//7821 3938//7821
f 3953//7822 3938//7822 3939//7822
f 3953//7823 3939//7823 3954//7823
f 3954//7824 3939//7824 3940//7824
f 3954//7825 3940//7825 3941//7825
f 3954//7826 3941//7826 3955//7826
f 3955//7827 3941//7827 3942//7827
f 3955//7828 3942//7828 3944//7828
f 3681//7829 3847//7829 3945//7829
f 3681//7830 3945//7830 3946//7830
f 3681//7831 3946//7831 3693//7831
f 3693//7832 3946//7832 3947//7832
f 3693//7833 3947//7833 3684//7833
f 3684//7834 3947//7834 3948//7834
f 3684//7835 3948//7835 3694//7835
f 3694//7836 3948//7836 3949//7836
f 3694//7837 3949//7837 3950//7837
f 3694//7838 3950//7838 3685//7838
f 3685//7839 3950//7839 3951//7839
f 3685//7840 3951//7840 3689//7840
f 3689//7841 3951//7841 3952//7841
f 3689//7842 3952//7842 3953//7842
f 3689//7843 3953//7843 3690//7843
f 3690//7844 3953//7844 3954//7844
f 3690//7845 3954//7845 3955//7845
f 3690//7846 3955//7846 3680//7846
f 3680//7847 3955//7847 3944//7847
f 3583//7848 3664//7848 3943//7848
f 3943//7849 3664//7849 3853//7849
f 3943//7850 3853//7850 3942//7850
f 3942//7851 3853//7851 3872//7851
f 3942//7852 3872//7852 3944//7852
f 3944//7853 3872//7853 3871//7853
f 3944//7854 3871//7854 3680//7854
f 3680//7855 3871//7855 3683//7855
f 3959//7856 3960//7856 3961//7856
f 3961//7857 3960//7857 3962//7857
f 3961//7858 3962//7858 3956//7858
f 3964//7859 3963//7859 3965//7859
f 3964//7860 3965//7860 3959//7860
f 3959//7861 3965//7861 3966//7861
f 3959//7862 3966//7862 3960//7862
f 3963//7863 3964//7863 3967//7863
f 3967//7864 3964//7864 3968//7864
f 3967//7865 3968//7865 3969//7865
f 3969//7866 3968//7866 3970//7866
f 3970//7867 3968//7867 3971//7867
f 3970//7868 3971//7868 3972//7868
f 3972//7869 3971//7869 3973//7869
f 3972//7870 3973//7870 3974//7870
f 3974//7871 3973//7871 3975//7871
f 3975//7872 3973//7872 3976//7872
f 3975//7873 3976//7873 3977//7873
f 3978//7874 3979//7874 3976//7874
f 3976//7875 3979//7875 3977//7875
f 3978//7876 3980//7876 3979//7876
f 3984//7877 3983//7877 3985//7877
f 3984//7878 3985//7878 3986//7878
f 3987//7879 3988//7879 3989//7879
f 3990//7880 3987//7880 3991//7880
f 3992//7881 3990//7881 3993//7881
f 3994//7882 3992//7882 3995//7882
f 3996//7883 3997//7883 3995//7883
f 3995//7884 3997//7884 3998//7884
f 3995//7885 3998//7885 3994//7885
f 3984//7886 3986//7886 3996//7886
f 3996//7887 3986//7887 3997//7887
f 3987//7888 3989//7888 3991//7888
f 3991//7889 3989//7889 3999//7889
f 3991//7890 3999//7890 4000//7890
f 4000//7891 3999//7891 4001//7891
f 4000//7892 4001//7892 4002//7892
f 4002//7893 4001//7893 4003//7893
f 4002//7894 4003//7894 4004//7894
f 3990//7895 3991//7895 3993//7895
f 3993//7896 3991//7896 4000//7896
f 3993//7897 4000//7897 4005//7897
f 4005//7898 4000//7898 4002//7898
f 4005//7899 4002//7899 4006//7899
f 4006//7900 4002//7900 4004//7900
f 4006//7901 4004//7901 4007//7901
f 3992//7902 3993//7902 3995//7902
f 3995//7903 3993//7903 4005//7903
f 3995//7904 4005//7904 3996//7904
f 3996//7905 4005//7905 4006//7905
f 3996//7906 4006//7906 3984//7906
f 3984//7907 4006//7907 4007//7907
f 3984//7908 4007//7908 3983//7908
f 4009//7909 4010//7909 4011//7909
f 4011//7910 4010//7910 4012//7910
f 4008//7911 4013//7911 4009//7911
f 4009//7912 4013//7912 4010//7912
f 4008//7913 4009//7913 4014//7913
f 4015//7914 4009//7914 4011//7914
f 4015//7915 4011//7915 4016//7915
f 4017//7916 4843//7916 4018//7916
f 4020//7917 4019//7917 4017//7917
f 4020//7918 4017//7918 4021//7918
f 4021//7919 4017//7919 4018//7919
f 4014//7920 4009//7920 4015//7920
f 4015//7921 4016//7921 4022//7921
f 4012//7922 4019//7922 4020//7922
f 4011//7923 4020//7923 4021//7923
f 4011//7924 4021//7924 4016//7924
f 4016//7925 4021//7925 4018//7925
f 4016//7926 4018//7926 4022//7926
f 4020//7927 4011//7927 4012//7927
f 4025//7928 4024//7928 4023//7928
f 4007//7929 4026//7929 4027//7929
f 4007//7930 4027//7930 3983//7930
f 4029//7931 4030//7931 4031//7931
f 4031//7932 4030//7932 4032//7932
f 4031//7933 4032//7933 4033//7933
f 4033//7934 4032//7934 4034//7934
f 4030//7935 4035//7935 4032//7935
f 4032//7936 4035//7936 4036//7936
f 4032//7937 4036//7937 4034//7937
f 4034//7938 4036//7938 4037//7938
f 4035//7939 4038//7939 4036//7939
f 4036//7940 4038//7940 4039//7940
f 4036//7941 4039//7941 4037//7941
f 4037//7942 4039//7942 4024//7942
f 4003//7943 4029//7943 4004//7943
f 4004//7944 4029//7944 4031//7944
f 4004//7945 4031//7945 4007//7945
f 4007//7946 4031//7946 4033//7946
f 4007//7947 4033//7947 4026//7947
f 4026//7948 4033//7948 4034//7948
f 4026//7949 4034//7949 4028//7949
f 4028//7950 4034//7950 4037//7950
f 4028//7951 4037//7951 4025//7951
f 4025//7952 4037//7952 4024//7952
f 4040//7953 4843//7953 4041//7953
f 4041//7954 4843//7954 4017//7954
f 4041//7955 4017//7955 4042//7955
f 4042//7956 4017//7956 4019//7956
f 4042//7957 4019//7957 4043//7957
f 4043//7958 4019//7958 4044//7958
f 4044//7959 4019//7959 4012//7959
f 4045//7960 4040//7960 4046//7960
f 4046//7961 4040//7961 4041//7961
f 4046//7962 4041//7962 4047//7962
f 4047//7963 4041//7963 4042//7963
f 4047//7964 4042//7964 4048//7964
f 4048//7965 4042//7965 4043//7965
f 4048//7966 4043//7966 4044//7966
f 4049//7967 4045//7967 4050//7967
f 4050//7968 4045//7968 4046//7968
f 4050//7969 4046//7969 4051//7969
f 4051//7970 4046//7970 4047//7970
f 4051//7971 4047//7971 4048//7971
f 4052//7972 4048//7972 4044//7972
f 4053//7973 4049//7973 4054//7973
f 4054//7974 4049//7974 4050//7974
f 4054//7975 4050//7975 4055//7975
f 4055//7976 4050//7976 4051//7976
f 4055//7977 4051//7977 4056//7977
f 4056//7978 4051//7978 4048//7978
f 4056//7979 4048//7979 4057//7979
f 4057//7980 4048//7980 4052//7980
f 4061//7981 4023//7981 4060//7981
f 4038//7982 4062//7982 4039//7982
f 4039//7983 4062//7983 4063//7983
f 4039//7984 4063//7984 4024//7984
f 4024//7985 4063//7985 4064//7985
f 4024//7986 4064//7986 4060//7986
f 4024//7987 4060//7987 4023//7987
f 4058//7988 4061//7988 4059//7988
f 4059//7989 4061//7989 4060//7989
f 4059//7990 4060//7990 4065//7990
f 4065//7991 4060//7991 4064//7991
f 4065//7992 4064//7992 4066//7992
f 4066//7993 4064//7993 4063//7993
f 4066//7994 4063//7994 4067//7994
f 4067//7995 4063//7995 4062//7995
f 4068//7996 4058//7996 4069//7996
f 4069//7997 4058//7997 4059//7997
f 4069//7998 4059//7998 4070//7998
f 4070//7999 4059//7999 4065//7999
f 4070//8000 4065//8000 4071//8000
f 4071//8001 4065//8001 4066//8001
f 4071//8002 4066//8002 4072//8002
f 4072//8003 4066//8003 4067//8003
f 4073//8004 4068//8004 4074//8004
f 4074//8005 4068//8005 4069//8005
f 4074//8006 4069//8006 4075//8006
f 4075//8007 4069//8007 4070//8007
f 4075//8008 4070//8008 4076//8008
f 4076//8009 4070//8009 4071//8009
f 4076//8010 4071//8010 4077//8010
f 4077//8011 4071//8011 4072//8011
f 4078//8012 4053//8012 4079//8012
f 4079//8013 4053//8013 4054//8013
f 4079//8014 4054//8014 4080//8014
f 4080//8015 4054//8015 4055//8015
f 4080//8016 4055//8016 4081//8016
f 4081//8017 4055//8017 4056//8017
f 4081//8018 4056//8018 4082//8018
f 4082//8019 4056//8019 4057//8019
f 4083//8020 4078//8020 4084//8020
f 4084//8021 4078//8021 4079//8021
f 4084//8022 4079//8022 4080//8022
f 4085//8023 4081//8023 4082//8023
f 4086//8024 4084//8024 4087//8024
f 4087//8025 4084//8025 4080//8025
f 4087//8026 4080//8026 4088//8026
f 4088//8027 4080//8027 4081//8027
f 4088//8028 4081//8028 4089//8028
f 4089//8029 4081//8029 4085//8029
f 4086//8030 4090//8030 4084//8030
f 4084//8031 4090//8031 4083//8031
f 4092//8032 4093//8032 4094//8032
f 4061//8033 4093//8033 4023//8033
f 4094//8034 4095//8034 4092//8034
f 4096//8035 4097//8035 4098//8035
f 4098//8036 4097//8036 4099//8036
f 4058//8037 4091//8037 4061//8037
f 4099//8038 4097//8038 4095//8038
f 4099//8039 4095//8039 4100//8039
f 4100//8040 4095//8040 4091//8040
f 4091//8041 4095//8041 4094//8041
f 4091//8042 4094//8042 4061//8042
f 4061//8043 4094//8043 4093//8043
f 4101//8044 4098//8044 4102//8044
f 4102//8045 4098//8045 4099//8045
f 4102//8046 4099//8046 4103//8046
f 4103//8047 4099//8047 4100//8047
f 4103//8048 4100//8048 4104//8048
f 4104//8049 4100//8049 4091//8049
f 4104//8050 4091//8050 4068//8050
f 4068//8051 4091//8051 4058//8051
f 4105//8052 4101//8052 4106//8052
f 4106//8053 4101//8053 4102//8053
f 4106//8054 4102//8054 4107//8054
f 4107//8055 4102//8055 4103//8055
f 4107//8056 4103//8056 4108//8056
f 4108//8057 4103//8057 4104//8057
f 4108//8058 4104//8058 4073//8058
f 4073//8059 4104//8059 4068//8059
f 4109//8060 4110//8060 4111//8060
f 4111//8061 4110//8061 4112//8061
f 4111//8062 4112//8062 4113//8062
f 4114//8063 4088//8063 4089//8063
f 4087//8064 4088//8064 4113//8064
f 4113//8065 4088//8065 4114//8065
f 4113//8066 4114//8066 4111//8066
f 4112//8067 4115//8067 4116//8067
f 4112//8068 4116//8068 4113//8068
f 4113//8069 4116//8069 4086//8069
f 4086//8070 4116//8070 4090//8070
f 4110//8071 4115//8071 4112//8071
f 4087//8072 4113//8072 4086//8072
f 4117//8073 4118//8073 4119//8073
f 4110//8074 4109//8074 4121//8074
f 4121//8075 4109//8075 4120//8075
f 4121//8076 4120//8076 4122//8076
f 4122//8077 4120//8077 4119//8077
f 4122//8078 4119//8078 4123//8078
f 4123//8079 4119//8079 4118//8079
f 4115//8080 4110//8080 4121//8080
f 4124//8081 4121//8081 4122//8081
f 4124//8082 4122//8082 4125//8082
f 4125//8083 4122//8083 4123//8083
f 4125//8084 4123//8084 4101//8084
f 4101//8085 4123//8085 4118//8085
f 4101//8086 4118//8086 4098//8086
f 4098//8087 4118//8087 4117//8087
f 4098//8088 4117//8088 4096//8088
f 4126//8089 4115//8089 4121//8089
f 4126//8090 4121//8090 4127//8090
f 4127//8091 4121//8091 4124//8091
f 4127//8092 4124//8092 4128//8092
f 4128//8093 4124//8093 4125//8093
f 4128//8094 4125//8094 4105//8094
f 4105//8095 4125//8095 4101//8095
f 1967//8096 4131//8096 4132//8096
f 4133//8097 4142//8097 1965//8097
f 4134//8098 4135//8098 4136//8098
f 4137//8099 4138//8099 4139//8099
f 1965//8100 4132//8100 4133//8100
f 4134//8101 4136//8101 4140//8101
f 4134//8102 4140//8102 4141//8102
f 4129//8103 4137//8103 4130//8103
f 4130//8104 4137//8104 4139//8104
f 4141//8105 4139//8105 4134//8105
f 4134//8106 4139//8106 4138//8106
f 4134//8107 4138//8107 4135//8107
f 4133//8108 4129//8108 4130//8108
f 4133//8109 4130//8109 4142//8109
f 4130//8110 4139//8110 4143//8110
f 4143//8111 4139//8111 4141//8111
f 4146//8112 4147//8112 4148//8112
f 4147//8113 4150//8113 4148//8113
f 4148//8114 4144//8114 4146//8114
f 4136//8115 4135//8115 4151//8115
f 4151//8116 4135//8116 4152//8116
f 4153//8117 4154//8117 4155//8117
f 4155//8118 4154//8118 4156//8118
f 4155//8119 4156//8119 4157//8119
f 4157//8120 4156//8120 4158//8120
f 4157//8121 4158//8121 4151//8121
f 4151//8122 4158//8122 4159//8122
f 4151//8123 4159//8123 4136//8123
f 4136//8124 4159//8124 4140//8124
f 4150//8125 4153//8125 4148//8125
f 4148//8126 4153//8126 4155//8126
f 4148//8127 4155//8127 4144//8127
f 4144//8128 4155//8128 4157//8128
f 4144//8129 4157//8129 4145//8129
f 4145//8130 4157//8130 4151//8130
f 4145//8131 4151//8131 4152//8131
f 4161//8132 2716//8132 4160//8132
f 4162//8133 4163//8133 4160//8133
f 4160//8134 4163//8134 4161//8134
f 4162//8135 4164//8135 4165//8135
f 4165//8136 4164//8136 4166//8136
f 4166//8137 4164//8137 4167//8137
f 4166//8138 4167//8138 4168//8138
f 4168//8139 4167//8139 4169//8139
f 4170//8140 4169//8140 4167//8140
f 4170//8141 4167//8141 4171//8141
f 4171//8142 4167//8142 4164//8142
f 4171//8143 4164//8143 4172//8143
f 4172//8144 4164//8144 4173//8144
f 4173//8145 4164//8145 4162//8145
f 4173//8146 4162//8146 4174//8146
f 4174//8147 4162//8147 4160//8147
f 4174//8148 4160//8148 2707//8148
f 4177//8149 4178//8149 4179//8149
f 4149//8150 4181//8150 4180//8150
f 4180//8151 4181//8151 4182//8151
f 4180//8152 4182//8152 4183//8152
f 4183//8153 4184//8153 4180//8153
f 4180//8154 4184//8154 4185//8154
f 4180//8155 4185//8155 4149//8155
f 4149//8156 4185//8156 4147//8156
f 4153//8157 4150//8157 4186//8157
f 4187//8158 4188//8158 4189//8158
f 4189//8159 4188//8159 4190//8159
f 4189//8160 4190//8160 4191//8160
f 4191//8161 4190//8161 4186//8161
f 4175//8162 4176//8162 4193//8162
f 4175//8163 4192//8163 4176//8163
f 4176//8164 4192//8164 4194//8164
f 4176//8165 4194//8165 4177//8165
f 4177//8166 4194//8166 4178//8166
f 4188//8167 4154//8167 4190//8167
f 4190//8168 4154//8168 4153//8168
f 4190//8169 4153//8169 4186//8169
f 4195//8170 4187//8170 4196//8170
f 4196//8171 4187//8171 4189//8171
f 4196//8172 4189//8172 4197//8172
f 4197//8173 4189//8173 4191//8173
f 4197//8174 4191//8174 4184//8174
f 4184//8175 4191//8175 4186//8175
f 4184//8176 4186//8176 4185//8176
f 4185//8177 4186//8177 4150//8177
f 4185//8178 4150//8178 4147//8178
f 4198//8179 4195//8179 4199//8179
f 4199//8180 4195//8180 4196//8180
f 4199//8181 4196//8181 4179//8181
f 4179//8182 4196//8182 4197//8182
f 4179//8183 4197//8183 4177//8183
f 4177//8184 4197//8184 4184//8184
f 4177//8185 4184//8185 4176//8185
f 4176//8186 4184//8186 4183//8186
f 4176//8187 4183//8187 4193//8187
f 4193//8188 4183//8188 4182//8188
f 4200//8189 4201//8189 4202//8189
f 4200//8190 4215//8190 4201//8190
f 4168//8191 4169//8191 4203//8191
f 4203//8192 4169//8192 4204//8192
f 4203//8193 4204//8193 4205//8193
f 4205//8194 4204//8194 4206//8194
f 4205//8195 4206//8195 4207//8195
f 4208//8196 4206//8196 4209//8196
f 4209//8197 4206//8197 4204//8197
f 4209//8198 4204//8198 4169//8198
f 4209//8199 4169//8199 4170//8199
f 4208//8200 4210//8200 4211//8200
f 4208//8201 4211//8201 4206//8201
f 4211//8202 4202//8202 4206//8202
f 4201//8203 4207//8203 4202//8203
f 4202//8204 4207//8204 4206//8204
f 4212//8205 4213//8205 4192//8205
f 4214//8206 4181//8206 4215//8206
f 4214//8207 4215//8207 4200//8207
f 4217//8208 4175//8208 4193//8208
f 4217//8209 4193//8209 4214//8209
f 4214//8210 4193//8210 4182//8210
f 4214//8211 4182//8211 4181//8211
f 4218//8212 4213//8212 4219//8212
f 4219//8213 4213//8213 4212//8213
f 4219//8214 4212//8214 4220//8214
f 4221//8215 4222//8215 4223//8215
f 4223//8216 4222//8216 4224//8216
f 4221//8217 4223//8217 4225//8217
f 4221//8218 4225//8218 4226//8218
f 4220//8219 4200//8219 4227//8219
f 4227//8220 4200//8220 4202//8220
f 4227//8221 4202//8221 4216//8221
f 4216//8222 4202//8222 4211//8222
f 4192//8223 4175//8223 4212//8223
f 4212//8224 4175//8224 4217//8224
f 4212//8225 4217//8225 4220//8225
f 4220//8226 4217//8226 4214//8226
f 4220//8226 4214//8226 4200//8226
f 4211//8227 4210//8227 4216//8227
f 4216//8228 4210//8228 4226//8228
f 4216//8229 4226//8229 4227//8229
f 4227//8230 4226//8230 4225//8230
f 4227//8231 4225//8231 4220//8231
f 4220//8232 4225//8232 4223//8232
f 4220//8233 4223//8233 4219//8233
f 4219//8234 4223//8234 4224//8234
f 4219//8235 4224//8235 4218//8235
f 4228//8236 4229//8236 4230//8236
f 4231//8237 4232//8237 4233//8237
f 4231//8238 4233//8238 4234//8238
f 4234//8239 4233//8239 4142//8239
f 4234//8240 4142//8240 4130//8240
f 4231//8241 4235//8241 4232//8241
f 4236//8242 1995//8242 4232//8242
f 4229//8243 4228//8243 4237//8243
f 4237//8244 4228//8244 4238//8244
f 4141//8245 4140//8245 4241//8245
f 4241//8246 4140//8246 4242//8246
f 4241//8247 4242//8247 4243//8247
f 4243//8248 4242//8248 4244//8248
f 4243//8249 4244//8249 4245//8249
f 4245//8250 4244//8250 4246//8250
f 4245//8251 4246//8251 4237//8251
f 4237//8252 4246//8252 4247//8252
f 4143//8253 4141//8253 4241//8253
f 4143//8254 4241//8254 4248//8254
f 4248//8255 4241//8255 4243//8255
f 4248//8256 4243//8256 4245//8256
f 4248//8257 4245//8257 4238//8257
f 4238//8258 4245//8258 4237//8258
f 4237//8259 4247//8259 4229//8259
f 4235//8260 4249//8260 4236//8260
f 4236//8261 1822//8261 1995//8261
f 4233//8262 4232//8262 1996//8262
f 4233//8263 1996//8263 4250//8263
f 4233//8264 4250//8264 4142//8264
f 4142//8265 4250//8265 1997//8265
f 4142//8266 1997//8266 1976//8266
f 4239//8267 4249//8267 4240//8267
f 4240//8268 4249//8268 4235//8268
f 4235//8269 4236//8269 4232//8269
f 4230//8270 4239//8270 4228//8270
f 4228//8271 4239//8271 4240//8271
f 4228//8272 4240//8272 4238//8272
f 4238//8273 4240//8273 4235//8273
f 4238//8274 4235//8274 4231//8274
f 4238//8275 4231//8275 4248//8275
f 4248//8276 4231//8276 4234//8276
f 4248//8277 4234//8277 4143//8277
f 4143//8278 4234//8278 4130//8278
f 4251//8279 4230//8279 4229//8279
f 4252//8280 4251//8280 4253//8280
f 4254//8281 4252//8281 4255//8281
f 4256//8282 4254//8282 4257//8282
f 4251//8283 4229//8283 4253//8283
f 4253//8284 4229//8284 4247//8284
f 4253//8285 4247//8285 4258//8285
f 4258//8286 4247//8286 4259//8286
f 4259//8287 4247//8287 4246//8287
f 4259//8288 4246//8288 4260//8288
f 4260//8289 4246//8289 4244//8289
f 4260//8290 4244//8290 4261//8290
f 4261//8291 4244//8291 4242//8291
f 4261//8292 4242//8292 4262//8292
f 4262//8293 4242//8293 4140//8293
f 4262//8294 4140//8294 4159//8294
f 4252//8295 4253//8295 4255//8295
f 4255//8296 4253//8296 4258//8296
f 4255//8297 4258//8297 4263//8297
f 4263//8298 4258//8298 4259//8298
f 4263//8299 4259//8299 4264//8299
f 4264//8300 4259//8300 4260//8300
f 4264//8301 4260//8301 4265//8301
f 4265//8302 4260//8302 4261//8302
f 4265//8303 4261//8303 4266//8303
f 4266//8304 4261//8304 4262//8304
f 4266//8305 4262//8305 4267//8305
f 4267//8306 4262//8306 4159//8306
f 4267//8307 4159//8307 4158//8307
f 4254//8308 4255//8308 4257//8308
f 4257//8309 4255//8309 4263//8309
f 4257//8310 4263//8310 4268//8310
f 4268//8311 4263//8311 4264//8311
f 4268//8312 4264//8312 4269//8312
f 4269//8313 4264//8313 4265//8313
f 4269//8314 4265//8314 4270//8314
f 4270//8315 4265//8315 4266//8315
f 4270//8316 4266//8316 4271//8316
f 4271//8317 4266//8317 4267//8317
f 4271//8318 4267//8318 4272//8318
f 4272//8319 4267//8319 4158//8319
f 4272//8320 4158//8320 4156//8320
f 4256//8321 4257//8321 4273//8321
f 4273//8322 4257//8322 4268//8322
f 4273//8323 4268//8323 4274//8323
f 4274//8324 4268//8324 4269//8324
f 4274//8325 4269//8325 4275//8325
f 4275//8326 4269//8326 4270//8326
f 4275//8327 4270//8327 4276//8327
f 4276//8328 4270//8328 4271//8328
f 4276//8329 4271//8329 4277//8329
f 4277//8330 4271//8330 4272//8330
f 4277//8331 4272//8331 4278//8331
f 4278//8332 4272//8332 4156//8332
f 4278//8333 4156//8333 4154//8333
f 4279//8334 4280//8334 4281//8334
f 4282//8335 4279//8335 4283//8335
f 4284//8336 4282//8336 4285//8336
f 4230//8337 4284//8337 4286//8337
f 4279//8338 4281//8338 4283//8338
f 4283//8339 4281//8339 4287//8339
f 4283//8340 4287//8340 4288//8340
f 4288//8341 4287//8341 4289//8341
f 4288//8342 4289//8342 4290//8342
f 4290//8343 4289//8343 1808//8343
f 4290//8344 1808//8344 1813//8344
f 4282//8345 4283//8345 4285//8345
f 4285//8346 4283//8346 4288//8346
f 4285//8347 4288//8347 4291//8347
f 4291//8348 4288//8348 4290//8348
f 4290//8349 1813//8349 1812//8349
f 4284//8350 4285//8350 4286//8350
f 4286//8351 4285//8351 4291//8351
f 4286//8352 4291//8352 4292//8352
f 4292//8353 4291//8353 4290//8353
f 4292//8354 4290//8354 4236//8354
f 4236//8355 4290//8355 1812//8355
f 4236//8356 1812//8356 1823//8356
f 4230//8357 4286//8357 4239//8357
f 4239//8358 4286//8358 4292//8358
f 4239//8359 4292//8359 4249//8359
f 4249//8360 4292//8360 4236//8360
f 4236//8361 1823//8361 1822//8361
f 1995//2268 1822//2268 1998//2268
f 2006//2268 2007//2268 2003//2268
f 4349//2268 2000//2268 4131//2268
f 2006//8362 1965//8362 4142//8362
f 4142//8363 1976//8363 2005//8363
f 2005//2268 1997//2268 4250//2268
f 2003//2268 2007//2268 2002//2268
f 2002//2268 2007//2268 2009//2268
f 4349//2268 4131//2268 1999//2268
f 4349//2268 1999//2268 2631//2268
f 2006//8364 4142//8364 2005//8364
f 2007//2268 2005//2268 4250//2268
f 2007//2268 4250//2268 2009//2268
f 2009//2268 4250//2268 1996//2268
f 2009//2268 1996//2268 2008//2268
f 2008//8365 1996//8365 4232//8365
f 2008//8366 4232//8366 2001//8366
f 2001//8367 4232//8367 1995//8367
f 4131//2268 1967//2268 1999//2268
f 1999//8368 1967//8368 4132//8368
f 1999//8369 4132//8369 2004//8369
f 1995//2268 1998//2268 2001//2268
f 2001//2268 1998//2268 2631//2268
f 2001//2268 2631//2268 2002//2268
f 2002//2268 2631//2268 1999//2268
f 2003//2268 2004//2268 2006//2268
f 2006//8370 2004//8370 4132//8370
f 2006//8371 4132//8371 1965//8371
f 4254//8372 4256//8372 4293//8372
f 4293//8373 4256//8373 4294//8373
f 4293//8374 4294//8374 4295//8374
f 4295//8375 4294//8375 4296//8375
f 4295//8376 4296//8376 4297//8376
f 4297//8377 4296//8377 4298//8377
f 4297//8378 4298//8378 4299//8378
f 4299//8379 4298//8379 4300//8379
f 4252//8380 4254//8380 4301//8380
f 4301//8381 4254//8381 4293//8381
f 4301//8382 4293//8382 4302//8382
f 4302//8383 4293//8383 4295//8383
f 4302//8384 4295//8384 4303//8384
f 4303//8385 4295//8385 4297//8385
f 4303//8386 4297//8386 4304//8386
f 4304//8387 4297//8387 4299//8387
f 4251//8388 4252//8388 4305//8388
f 4305//8389 4252//8389 4301//8389
f 4305//8390 4301//8390 4306//8390
f 4306//8391 4301//8391 4302//8391
f 4306//8392 4302//8392 4307//8392
f 4307//8393 4302//8393 4303//8393
f 4307//8394 4303//8394 4308//8394
f 4308//8395 4303//8395 4304//8395
f 4230//8396 4251//8396 4284//8396
f 4284//8397 4251//8397 4305//8397
f 4284//8398 4305//8398 4282//8398
f 4282//8399 4305//8399 4306//8399
f 4282//8400 4306//8400 4279//8400
f 4279//8401 4306//8401 4307//8401
f 4279//8402 4307//8402 4280//8402
f 4280//8403 4307//8403 4308//8403
f 4309//8404 4256//8404 4273//8404
f 4310//8405 4309//8405 4311//8405
f 4312//8406 4310//8406 4313//8406
f 4314//8407 4312//8407 4315//8407
f 4309//8408 4273//8408 4311//8408
f 4311//8409 4273//8409 4274//8409
f 4311//8410 4274//8410 4316//8410
f 4316//8411 4274//8411 4275//8411
f 4316//8412 4275//8412 4317//8412
f 4317//8413 4275//8413 4276//8413
f 4317//8414 4276//8414 4318//8414
f 4318//8415 4276//8415 4277//8415
f 4318//8416 4277//8416 4319//8416
f 4319//8417 4277//8417 4278//8417
f 4319//8418 4278//8418 4320//8418
f 4320//8419 4278//8419 4154//8419
f 4320//8420 4154//8420 4188//8420
f 4310//8421 4311//8421 4313//8421
f 4313//8422 4311//8422 4316//8422
f 4313//8423 4316//8423 4317//8423
f 4313//8424 4317//8424 4321//8424
f 4321//8425 4317//8425 4318//8425
f 4321//8426 4318//8426 4322//8426
f 4322//8427 4318//8427 4319//8427
f 4322//8428 4319//8428 4323//8428
f 4323//8429 4319//8429 4320//8429
f 4323//8430 4320//8430 4324//8430
f 4324//8431 4320//8431 4188//8431
f 4324//8432 4188//8432 4187//8432
f 4312//8433 4313//8433 4315//8433
f 4315//8434 4313//8434 4321//8434
f 4315//8435 4321//8435 4325//8435
f 4325//8436 4321//8436 4322//8436
f 4325//8437 4322//8437 4326//8437
f 4326//8438 4322//8438 4323//8438
f 4326//8439 4323//8439 4327//8439
f 4327//8440 4323//8440 4324//8440
f 4327//8441 4324//8441 4328//8441
f 4328//8442 4324//8442 4187//8442
f 4328//8443 4187//8443 4195//8443
f 4314//8444 4315//8444 4329//8444
f 4329//8445 4315//8445 4325//8445
f 4329//8446 4325//8446 4330//8446
f 4330//8447 4325//8447 4326//8447
f 4330//8448 4326//8448 4327//8448
f 4330//8449 4327//8449 4331//8449
f 4331//8450 4327//8450 4328//8450
f 4331//8451 4328//8451 4332//8451
f 4332//8452 4328//8452 4195//8452
f 4332//8453 4195//8453 4198//8453
f 4333//8454 4334//8454 4335//8454
f 4337//8455 4336//8455 4338//8455
f 4338//8456 4336//8456 4339//8456
f 4338//8457 4339//8457 4340//8457
f 4333//8458 4342//8458 4343//8458
f 4343//8459 4342//8459 4344//8459
f 4345//8460 1793//8460 4289//8460
f 1805//8461 1800//8461 4345//8461
f 4344//8462 4345//8462 4289//8462
f 4342//8463 4333//8463 4335//8463
f 4342//8464 4335//8464 4337//8464
f 4337//8465 4335//8465 4346//8465
f 4337//8466 4346//8466 4347//8466
f 4280//8467 4334//8467 4281//8467
f 4281//8468 4334//8468 4333//8468
f 4281//8469 4333//8469 4287//8469
f 4287//8470 4333//8470 4343//8470
f 4287//8471 4343//8471 4344//8471
f 4287//8472 4344//8472 4289//8472
f 1808//8473 4289//8473 1793//8473
f 4347//8474 4336//8474 4337//8474
f 4342//8475 4337//8475 4338//8475
f 4342//8476 4338//8476 4344//8476
f 4344//8477 4338//8477 4340//8477
f 4344//8478 4340//8478 4345//8478
f 4345//8479 4340//8479 4341//8479
f 4345//8480 4341//8480 1805//8480
f 1808//2268 2600//2268 2634//2268
f 2632//2268 2631//2268 1998//2268
f 1808//2268 2634//2268 1813//2268
f 1813//2268 2634//2268 2633//2268
f 1813//2268 2633//2268 1812//2268
f 1812//2268 2633//2268 2632//2268
f 1812//2268 2632//2268 1823//2268
f 1823//2268 2632//2268 1998//2268
f 4348//8481 2703//8481 4349//8481
f 2704//8482 2000//8482 4349//8482
f 2714//2268 2703//2268 2713//2268
f 2709//2268 2710//2268 2703//2268
f 2713//2268 2703//2268 2710//2268
f 4349//8483 2712//8483 4161//8483
f 4349//8484 4161//8484 2704//8484
f 2643//8485 4348//8485 2640//8485
f 2640//8486 4348//8486 4349//8486
f 2640//2268 4349//2268 2631//2268
f 4160//8487 2716//8487 2700//8487
f 2700//8488 2716//8488 4161//8488
f 4161//8489 2702//8489 2704//8489
f 4349//2268 2703//2268 2714//2268
f 4349//2268 2714//2268 2712//2268
f 2712//8490 2713//8490 4161//8490
f 4161//8491 2713//8491 2701//8491
f 4161//8492 2701//8492 2700//8492
f 2700//8493 2708//8493 4160//8493
f 4160//8494 2708//8494 2707//8494
f 4334//8495 4280//8495 4350//8495
f 4350//8496 4280//8496 4308//8496
f 4350//8497 4308//8497 4351//8497
f 4351//8498 4308//8498 4304//8498
f 4351//8499 4304//8499 4352//8499
f 4352//8500 4304//8500 4299//8500
f 4352//8501 4299//8501 4353//8501
f 4353//8502 4299//8502 4300//8502
f 4335//8503 4334//8503 4354//8503
f 4354//8504 4334//8504 4350//8504
f 4354//8505 4350//8505 4355//8505
f 4355//8506 4350//8506 4351//8506
f 4355//8507 4351//8507 4356//8507
f 4356//8508 4351//8508 4352//8508
f 4356//8509 4352//8509 4357//8509
f 4357//8510 4352//8510 4353//8510
f 4346//8511 4335//8511 4358//8511
f 4358//8512 4335//8512 4354//8512
f 4358//8513 4354//8513 4359//8513
f 4359//8514 4354//8514 4355//8514
f 4359//8515 4355//8515 4360//8515
f 4360//8516 4355//8516 4356//8516
f 4360//8517 4356//8517 4361//8517
f 4361//8518 4356//8518 4357//8518
f 4347//8519 4346//8519 4362//8519
f 4362//8520 4346//8520 4358//8520
f 4362//8521 4358//8521 4363//8521
f 4363//8522 4358//8522 4359//8522
f 4363//8523 4359//8523 4364//8523
f 4364//8524 4359//8524 4360//8524
f 4364//8525 4360//8525 4365//8525
f 4365//8526 4360//8526 4361//8526
f 4366//8527 4300//8527 4298//8527
f 4367//8528 4366//8528 4368//8528
f 4369//8529 4367//8529 4370//8529
f 4366//8530 4298//8530 4368//8530
f 4368//8531 4298//8531 4296//8531
f 4368//8532 4296//8532 4371//8532
f 4371//8533 4296//8533 4294//8533
f 4371//8534 4294//8534 4372//8534
f 4372//8535 4294//8535 4256//8535
f 4372//8536 4256//8536 4309//8536
f 4367//8537 4368//8537 4370//8537
f 4370//8538 4368//8538 4371//8538
f 4370//8539 4371//8539 4373//8539
f 4373//8540 4371//8540 4372//8540
f 4373//8541 4372//8541 4374//8541
f 4374//8542 4372//8542 4309//8542
f 4374//8543 4309//8543 4310//8543
f 4369//8544 4370//8544 4375//8544
f 4375//8545 4370//8545 4373//8545
f 4375//8546 4373//8546 4376//8546
f 4376//8547 4373//8547 4374//8547
f 4376//8548 4374//8548 4377//8548
f 4377//8549 4374//8549 4310//8549
f 4377//8550 4310//8550 4312//8550
f 4378//8551 4369//8551 4375//8551
f 4378//8552 4375//8552 4379//8552
f 4379//8553 4375//8553 4376//8553
f 4379//8554 4376//8554 4380//8554
f 4380//8555 4376//8555 4377//8555
f 4380//8556 4377//8556 4381//8556
f 4381//8557 4377//8557 4312//8557
f 4381//8558 4312//8558 4314//8558
f 4384//8559 4385//8559 4386//8559
f 4386//8560 4385//8560 4387//8560
f 4386//8561 4387//8561 4388//8561
f 4386//8562 4388//8562 4389//8562
f 4390//8563 4388//8563 4387//8563
f 4390//8564 4387//8564 4391//8564
f 4391//8565 4387//8565 4385//8565
f 4391//8566 4385//8566 4392//8566
f 4392//8567 4385//8567 4393//8567
f 4393//8568 4385//8568 4384//8568
f 4393//8569 4384//8569 4394//8569
f 4382//8570 4383//8570 4198//8570
f 4390//8571 4395//8571 4388//8571
f 4388//8572 4395//8572 4396//8572
f 4388//8573 4396//8573 4389//8573
f 4389//8574 4396//8574 4397//8574
f 4389//8575 4397//8575 4398//8575
f 4397//8576 4314//8576 4398//8576
f 4398//8577 4314//8577 4329//8577
f 4398//8578 4329//8578 4399//8578
f 4399//8579 4329//8579 4330//8579
f 4399//8580 4330//8580 4383//8580
f 4383//8581 4330//8581 4331//8581
f 4383//8582 4331//8582 4332//8582
f 4383//8583 4332//8583 4198//8583
f 4394//8584 4402//8584 4393//8584
f 4393//8585 4402//8585 4400//8585
f 4393//8586 4400//8586 4392//8586
f 4392//8587 4400//8587 4401//8587
f 4382//8588 4394//8588 4383//8588
f 4383//8589 4394//8589 4384//8589
f 4383//8590 4384//8590 4399//8590
f 4399//8591 4384//8591 4386//8591
f 4399//8592 4386//8592 4398//8592
f 4398//8593 4386//8593 4389//8593
f 4405//8594 4406//8594 4407//8594
f 4408//8595 4409//8595 4410//8595
f 4410//8596 4409//8596 4348//8596
f 4409//8597 4404//8597 4174//8597
f 4173//8598 4174//8598 4404//8598
f 4173//8599 4404//8599 4403//8599
f 4412//8600 4411//8600 4413//8600
f 4413//8601 4411//8601 4403//8601
f 4413//8602 4403//8602 4414//8602
f 4414//8603 4403//8603 4404//8603
f 4414//8604 4404//8604 4408//8604
f 4408//8605 4404//8605 4409//8605
f 4406//8606 4405//8606 4415//8606
f 4415//8607 4405//8607 4416//8607
f 3988//8608 4415//8608 4417//8608
f 4417//8609 4415//8609 4416//8609
f 4418//8610 4419//8610 4420//8610
f 4420//8611 4419//8611 4421//8611
f 4420//8612 4421//8612 4414//8612
f 4414//8613 4421//8613 4422//8613
f 4422//8614 4423//8614 4424//8614
f 4424//8615 4423//8615 4425//8615
f 4424//8616 4425//8616 4426//8616
f 4419//8617 4417//8617 4421//8617
f 4421//8618 4417//8618 4416//8618
f 4421//8619 4416//8619 4405//8619
f 4421//8620 4405//8620 4422//8620
f 4422//8621 4405//8621 4423//8621
f 4423//8622 4405//8622 4407//8622
f 4423//8623 4407//8623 4425//8623
f 4174//8624 2707//8624 2709//8624
f 4174//8625 2709//8625 2703//8625
f 4174//8626 2703//8626 4409//8626
f 4409//8627 2703//8627 4348//8627
f 4172//8628 4173//8628 4403//8628
f 4172//8629 4403//8629 4171//8629
f 4171//8630 4403//8630 4411//8630
f 4171//8631 4411//8631 4170//8631
f 4170//8632 4411//8632 4412//8632
f 4348//8633 4418//8633 4410//8633
f 4410//8634 4418//8634 4420//8634
f 4410//8635 4420//8635 4408//8635
f 4408//8636 4420//8636 4414//8636
f 4414//8637 4422//8637 4413//8637
f 4413//8638 4422//8638 4424//8638
f 4413//8639 4424//8639 4412//8639
f 4412//8640 4424//8640 4426//8640
f 4412//8641 4426//8641 4170//8641
f 1830//8642 1805//8642 4341//8642
f 1836//8643 1830//8643 4341//8643
f 1837//8644 1836//8644 4427//8644
f 1845//8645 1837//8645 4428//8645
f 4341//8646 4340//8646 4429//8646
f 4429//8647 4340//8647 4339//8647
f 4429//8648 4339//8648 4336//8648
f 4429//8649 4336//8649 4430//8649
f 4430//8650 4336//8650 4347//8650
f 4430//8651 4347//8651 4431//8651
f 1836//8652 4341//8652 4427//8652
f 4427//8653 4341//8653 4429//8653
f 4427//8654 4429//8654 4432//8654
f 4432//8655 4429//8655 4430//8655
f 4432//8656 4430//8656 4433//8656
f 4433//8657 4430//8657 4431//8657
f 4433//8658 4431//8658 4434//8658
f 1837//8659 4427//8659 4428//8659
f 4428//8660 4427//8660 4432//8660
f 4428//8661 4432//8661 4435//8661
f 4435//8662 4432//8662 4433//8662
f 4435//8663 4433//8663 4436//8663
f 4436//8664 4433//8664 4434//8664
f 4436//8665 4434//8665 4437//8665
f 4428//8666 4435//8666 4438//8666
f 4438//8667 4435//8667 4436//8667
f 4438//8668 4436//8668 4439//8668
f 4439//8669 4436//8669 4437//8669
f 4439//8670 4437//8670 4440//8670
f 1805//2268 2597//2268 1800//2268
f 1800//2268 2597//2268 2598//2268
f 2600//2268 1808//2268 2599//2268
f 2599//2268 1808//2268 1793//2268
f 2599//2268 1793//2268 2598//2268
f 2598//8671 1793//8671 4345//8671
f 2598//8672 4345//8672 1800//8672
f 2642//2268 2633//2268 2641//2268
f 2641//2268 2633//2268 2634//2268
f 2641//2268 2634//2268 2639//2268
f 2639//2268 2634//2268 2600//2268
f 2639//2268 2600//2268 2630//2268
f 2642//2268 2632//2268 2633//2268
f 4439//8673 4440//8673 4443//8673
f 4441//8674 4444//8674 4442//8674
f 4442//8675 4444//8675 4445//8675
f 4442//8676 4445//8676 4446//8676
f 4446//8677 4445//8677 4447//8677
f 4446//8678 4447//8678 4448//8678
f 4448//8679 4447//8679 4428//8679
f 4428//8680 4447//8680 1845//8680
f 4449//8681 4450//8681 4451//8681
f 4451//8682 4450//8682 4452//8682
f 4451//8683 4452//8683 4453//8683
f 4453//8684 4452//8684 4454//8684
f 4453//8685 4454//8685 4455//8685
f 4456//8686 4449//8686 4457//8686
f 4457//8687 4449//8687 4451//8687
f 4457//8688 4451//8688 4453//8688
f 4457//8689 4453//8689 4458//8689
f 4458//8690 4453//8690 4455//8690
f 4458//8691 4455//8691 4459//8691
f 4460//8692 4439//8692 4443//8692
f 4460//8693 4443//8693 4461//8693
f 4460//8694 4461//8694 4462//8694
f 4462//8695 4461//8695 4463//8695
f 4464//8696 4438//8696 4465//8696
f 4438//8697 4439//8697 4465//8697
f 4465//8698 4439//8698 4460//8698
f 4465//8699 4460//8699 4456//8699
f 4456//8700 4460//8700 4462//8700
f 4456//8701 4462//8701 4449//8701
f 4449//8702 4462//8702 4463//8702
f 4449//8703 4463//8703 4450//8703
f 1870//8704 4466//8704 4444//8704
f 4444//8705 4466//8705 4445//8705
f 4445//8706 4466//8706 1871//8706
f 4445//8707 1871//8707 4467//8707
f 4445//8708 4467//8708 4447//8708
f 4447//8709 4467//8709 1872//8709
f 4447//8710 1872//8710 4468//8710
f 4447//8711 4468//8711 1873//8711
f 4447//8712 1873//8712 1845//8712
f 4459//8713 4441//8713 4458//8713
f 4458//8714 4441//8714 4442//8714
f 4458//8715 4442//8715 4457//8715
f 4457//8716 4442//8716 4446//8716
f 4457//8717 4446//8717 4456//8717
f 4456//8718 4446//8718 4465//8718
f 4465//8719 4446//8719 4448//8719
f 4465//8720 4448//8720 4464//8720
f 4464//8721 4448//8721 4438//8721
f 4438//8722 4448//8722 4428//8722
f 4469//8723 4440//8723 4470//8723
f 4470//8724 4440//8724 4437//8724
f 4470//8725 4437//8725 4471//8725
f 4471//8726 4437//8726 4434//8726
f 4471//8727 4434//8727 4472//8727
f 4472//8728 4434//8728 4431//8728
f 4472//8729 4431//8729 4362//8729
f 4362//8730 4431//8730 4347//8730
f 4473//8731 4469//8731 4474//8731
f 4474//8732 4469//8732 4470//8732
f 4474//8733 4470//8733 4475//8733
f 4475//8734 4470//8734 4471//8734
f 4475//8735 4471//8735 4476//8735
f 4476//8736 4471//8736 4472//8736
f 4476//8737 4472//8737 4363//8737
f 4363//8738 4472//8738 4362//8738
f 4477//8739 4473//8739 4478//8739
f 4478//8740 4473//8740 4474//8740
f 4478//8741 4474//8741 4479//8741
f 4479//8742 4474//8742 4475//8742
f 4479//8743 4475//8743 4480//8743
f 4480//8744 4475//8744 4476//8744
f 4480//8745 4476//8745 4364//8745
f 4364//8746 4476//8746 4363//8746
f 4481//8747 4477//8747 4482//8747
f 4482//8748 4477//8748 4478//8748
f 4482//8749 4478//8749 4483//8749
f 4483//8750 4478//8750 4479//8750
f 4483//8751 4479//8751 4484//8751
f 4484//8752 4479//8752 4480//8752
f 4484//8753 4480//8753 4365//8753
f 4365//8754 4480//8754 4364//8754
f 4378//8755 4485//8755 4369//8755
f 4486//8756 4487//8756 4488//8756
f 4487//8757 4486//8757 4489//8757
f 4489//8758 4486//8758 4490//8758
f 4489//8759 4490//8759 4491//8759
f 4491//8760 4490//8760 4492//8760
f 4491//8761 4492//8761 4361//8761
f 4361//8762 4492//8762 4365//8762
f 4361//8763 4357//8763 4491//8763
f 4491//8764 4357//8764 4493//8764
f 4491//8765 4493//8765 4489//8765
f 4489//8766 4493//8766 4494//8766
f 4489//8767 4494//8767 4487//8767
f 4487//8768 4494//8768 4495//8768
f 4357//8769 4353//8769 4493//8769
f 4493//8770 4353//8770 4496//8770
f 4493//8771 4496//8771 4494//8771
f 4494//8772 4496//8772 4497//8772
f 4494//8773 4497//8773 4495//8773
f 4495//8774 4497//8774 4485//8774
f 4369//8775 4485//8775 4367//8775
f 4367//8776 4485//8776 4497//8776
f 4367//8777 4497//8777 4366//8777
f 4366//8778 4497//8778 4496//8778
f 4366//8779 4496//8779 4300//8779
f 4300//8780 4496//8780 4353//8780
f 4498//8781 4499//8781 4500//8781
f 4378//8782 4379//8782 4501//8782
f 4499//8783 4498//8783 4503//8783
f 4503//8784 4498//8784 4502//8784
f 4395//8785 4505//8785 4506//8785
f 4504//8786 4396//8786 4503//8786
f 4503//8787 4396//8787 4395//8787
f 4503//8788 4395//8788 4499//8788
f 4499//8789 4395//8789 4506//8789
f 4499//8790 4506//8790 4500//8790
f 4501//8791 4379//8791 4507//8791
f 4507//8792 4379//8792 4380//8792
f 4507//8793 4380//8793 4381//8793
f 4390//8794 4505//8794 4395//8794
f 4396//8795 4504//8795 4397//8795
f 4397//8796 4504//8796 4314//8796
f 4502//8797 4501//8797 4503//8797
f 4503//8798 4501//8798 4507//8798
f 4503//8799 4507//8799 4504//8799
f 4504//8800 4507//8800 4381//8800
f 4504//8801 4381//8801 4314//8801
f 4500//8802 4506//8802 4510//8802
f 4511//8803 4512//8803 4513//8803
f 4514//8804 4510//8804 4506//8804
f 4514//8805 4506//8805 4505//8805
f 4514//8806 4515//8806 4510//8806
f 4510//8807 4515//8807 4509//8807
f 4513//8808 4516//8808 4511//8808
f 4511//8809 4516//8809 4517//8809
f 4517//8810 4516//8810 4508//8810
f 4505//8811 4390//8811 4514//8811
f 4514//8812 4390//8812 4515//8812
f 4515//8813 4390//8813 4391//8813
f 4515//8814 4391//8814 4392//8814
f 4401//8815 4508//8815 4518//8815
f 4518//8816 4508//8816 4516//8816
f 4518//8817 4516//8817 4515//8817
f 4515//8818 4516//8818 4509//8818
f 4509//8819 4516//8819 4513//8819
f 4518//8820 4515//8820 4392//8820
f 4518//8821 4392//8821 4401//8821
f 4382//8822 4198//8822 4199//8822
f 4519//8823 4520//8823 4521//8823
f 4522//8824 4523//8824 4401//8824
f 4524//8825 4525//8825 4526//8825
f 4526//8826 4525//8826 4527//8826
f 4526//8827 4527//8827 4528//8827
f 4528//8828 4527//8828 4529//8828
f 4528//8829 4529//8829 4530//8829
f 4179//8830 4178//8830 4531//8830
f 4531//8831 4178//8831 4532//8831
f 4192//8832 4533//8832 4532//8832
f 4192//8833 4532//8833 4194//8833
f 4194//8834 4532//8834 4178//8834
f 4382//8835 4534//8835 4394//8835
f 4394//8836 4534//8836 4535//8836
f 4394//8837 4535//8837 4402//8837
f 4401//8838 4400//8838 4522//8838
f 4522//8839 4400//8839 4402//8839
f 4522//8840 4402//8840 4536//8840
f 4536//8841 4402//8841 4535//8841
f 4537//8842 4524//8842 4538//8842
f 4538//8843 4524//8843 4526//8843
f 4538//8844 4526//8844 4521//8844
f 4521//8845 4526//8845 4528//8845
f 4521//8846 4528//8846 4519//8846
f 4519//8847 4528//8847 4530//8847
f 4199//8848 4179//8848 4534//8848
f 4534//8849 4179//8849 4531//8849
f 4534//8850 4531//8850 4530//8850
f 4530//8851 4531//8851 4532//8851
f 4530//8852 4532//8852 4519//8852
f 4519//8853 4532//8853 4533//8853
f 4519//8854 4533//8854 4520//8854
f 4525//8855 4523//8855 4527//8855
f 4527//8856 4523//8856 4522//8856
f 4527//8857 4522//8857 4529//8857
f 4529//8858 4522//8858 4536//8858
f 4529//8859 4536//8859 4530//8859
f 4530//8860 4536//8860 4535//8860
f 4530//8861 4535//8861 4534//8861
f 4199//8862 4534//8862 4382//8862
f 4209//8863 4170//8863 4426//8863
f 3987//8864 3990//8864 4539//8864
f 4208//8865 4209//8865 4540//8865
f 4540//8866 4209//8866 4541//8866
f 4540//8867 4541//8867 4542//8867
f 4542//8868 4541//8868 4543//8868
f 4542//8869 4543//8869 4544//8869
f 4544//8870 4543//8870 4545//8870
f 4544//8871 4545//8871 4546//8871
f 4546//8872 4545//8872 4547//8872
f 4546//8873 4547//8873 4539//8873
f 4539//8874 4547//8874 4548//8874
f 4539//8875 4548//8875 3987//8875
f 3987//8876 4548//8876 4415//8876
f 3987//8877 4415//8877 3988//8877
f 4210//8878 4208//8878 4549//8878
f 4550//8879 4551//8879 4552//8879
f 4552//8880 4551//8880 4553//8880
f 4552//8881 4553//8881 4554//8881
f 4554//8882 4553//8882 4555//8882
f 4554//8883 4555//8883 3992//8883
f 4554//8884 3992//8884 3994//8884
f 4541//8885 4209//8885 4426//8885
f 4541//8886 4426//8886 4543//8886
f 4543//8887 4426//8887 4425//8887
f 4543//8888 4425//8888 4545//8888
f 4545//8889 4425//8889 4407//8889
f 4545//8890 4407//8890 4547//8890
f 4547//8891 4407//8891 4406//8891
f 4547//8892 4406//8892 4548//8892
f 4548//8893 4406//8893 4415//8893
f 4549//8894 4208//8894 4540//8894
f 4549//8895 4540//8895 4550//8895
f 4550//8896 4540//8896 4542//8896
f 4550//8897 4542//8897 4551//8897
f 4551//8898 4542//8898 4544//8898
f 4551//8899 4544//8899 4553//8899
f 4553//8900 4544//8900 4546//8900
f 4553//8901 4546//8901 4555//8901
f 4555//8902 4546//8902 4539//8902
f 4555//8903 4539//8903 3992//8903
f 3992//8904 4539//8904 3990//8904
f 3989//8905 3988//8905 4556//8905
f 4556//8906 3988//8906 4417//8906
f 4556//8907 4417//8907 4557//8907
f 4557//8908 4417//8908 4419//8908
f 4557//8909 4419//8909 4418//8909
f 4557//8910 4418//8910 4558//8910
f 4558//8911 4418//8911 4348//8911
f 4558//8912 4348//8912 2642//8912
f 2642//8913 4348//8913 2643//8913
f 3999//8914 3989//8914 4559//8914
f 4559//8915 3989//8915 4556//8915
f 4559//8916 4556//8916 4560//8916
f 4560//8917 4556//8917 4557//8917
f 4560//8918 4557//8918 4561//8918
f 4561//8919 4557//8919 4558//8919
f 4561//8920 4558//8920 2641//8920
f 2641//8921 4558//8921 2642//8921
f 4001//8922 3999//8922 4562//8922
f 4562//8923 3999//8923 4559//8923
f 4562//8924 4559//8924 4563//8924
f 4563//8925 4559//8925 4560//8925
f 4563//8926 4560//8926 4561//8926
f 2639//8927 4561//8927 2641//8927
f 4003//8928 4001//8928 4564//8928
f 4564//8929 4001//8929 4562//8929
f 4564//8930 4562//8930 4565//8930
f 4565//8931 4562//8931 4563//8931
f 4565//8932 4563//8932 4566//8932
f 4566//8933 4563//8933 4567//8933
f 4567//8934 4563//8934 4561//8934
f 4567//8935 4561//8935 2609//8935
f 2609//8936 4561//8936 2639//8936
f 1880//2268 2636//2268 2637//2268
f 1880//2268 2637//2268 1837//2268
f 1837//2268 2637//2268 2638//2268
f 1837//2268 2638//2268 1836//2268
f 1836//2268 2638//2268 2635//2268
f 1836//2268 2635//2268 1830//2268
f 1830//2268 2635//2268 2597//2268
f 1830//2268 2597//2268 1805//2268
f 2627//2268 2603//2268 2614//2268
f 2597//2268 2627//2268 2628//2268
f 2627//2268 2614//2268 2628//2268
f 2628//2268 2614//2268 2608//2268
f 2628//2268 2608//2268 2629//2268
f 2629//2268 2608//2268 2609//2268
f 2629//2268 2609//2268 2630//2268
f 2597//2268 2628//2268 2598//2268
f 2598//2268 2628//2268 2629//2268
f 2598//2268 2629//2268 2599//2268
f 2599//2268 2629//2268 2630//2268
f 2599//2268 2630//2268 2600//2268
f 1884//2268 4467//2268 1871//2268
f 4568//8937 1876//8937 2699//8937
f 4569//8938 1875//8938 4568//8938
f 1886//2268 4468//2268 4467//2268
f 4467//8939 4468//8939 1872//8939
f 1883//2268 1871//2268 4466//2268
f 1883//2268 4466//2268 1870//2268
f 4467//2268 1884//2268 1881//2268
f 1882//2268 1885//2268 4569//2268
f 1880//2268 1882//2268 2636//2268
f 2636//2268 1882//2268 4569//2268
f 2636//2268 4569//2268 2699//2268
f 2699//2268 4569//2268 4568//2268
f 4570//8940 1874//8940 4571//8940
f 4570//2268 4571//2268 4569//2268
f 4569//8941 4571//8941 1875//8941
f 1880//2268 1845//2268 1882//2268
f 1882//2268 1845//2268 1873//2268
f 1882//2268 1873//2268 4468//2268
f 1882//2268 4468//2268 1886//2268
f 1885//2268 1886//2268 4467//2268
f 1885//2268 4467//2268 4569//2268
f 4569//2268 4467//2268 1881//2268
f 4569//2268 1881//2268 4570//2268
f 4570//2268 1881//2268 1883//2268
f 4570//2268 1883//2268 1870//2268
f 4577//8942 4576//8942 4578//8942
f 4577//8943 4578//8943 4579//8943
f 4573//8944 4572//8944 4578//8944
f 4578//8945 4572//8945 4579//8945
f 1875//8946 4571//8946 4574//8946
f 4574//8947 4571//8947 1874//8947
f 4574//8948 1874//8948 4575//8948
f 4575//8949 1874//8949 4570//8949
f 4576//8950 4575//8950 4444//8950
f 4444//8951 4575//8951 4570//8951
f 4444//8952 4570//8952 1870//8952
f 4454//8953 4580//8953 4573//8953
f 4454//8954 4573//8954 4455//8954
f 4455//8955 4573//8955 4459//8955
f 4580//8956 4572//8956 4573//8956
f 4573//8957 4578//8957 4459//8957
f 4459//8958 4578//8958 4576//8958
f 4459//8959 4576//8959 4441//8959
f 4441//8960 4576//8960 4444//8960
f 4581//8961 4454//8961 4452//8961
f 4582//8962 4581//8962 4583//8962
f 4584//8963 4582//8963 4585//8963
f 4586//8964 4584//8964 4587//8964
f 4581//8965 4452//8965 4583//8965
f 4583//8966 4452//8966 4450//8966
f 4583//8967 4450//8967 4588//8967
f 4588//8968 4450//8968 4463//8968
f 4588//8969 4463//8969 4589//8969
f 4589//8970 4463//8970 4461//8970
f 4589//8971 4461//8971 4590//8971
f 4590//8972 4461//8972 4591//8972
f 4591//8973 4461//8973 4443//8973
f 4591//8974 4443//8974 4440//8974
f 4591//8975 4440//8975 4469//8975
f 4582//8976 4583//8976 4585//8976
f 4585//8977 4583//8977 4588//8977
f 4585//8978 4588//8978 4592//8978
f 4592//8979 4588//8979 4589//8979
f 4592//8980 4589//8980 4593//8980
f 4593//8981 4589//8981 4590//8981
f 4593//8982 4590//8982 4594//8982
f 4594//8983 4590//8983 4591//8983
f 4594//8984 4591//8984 4595//8984
f 4595//8985 4591//8985 4469//8985
f 4595//8986 4469//8986 4473//8986
f 4584//8987 4585//8987 4587//8987
f 4587//8988 4585//8988 4592//8988
f 4587//8989 4592//8989 4596//8989
f 4596//8990 4592//8990 4593//8990
f 4596//8991 4593//8991 4597//8991
f 4597//8992 4593//8992 4594//8992
f 4597//8993 4594//8993 4598//8993
f 4598//8994 4594//8994 4595//8994
f 4598//8995 4595//8995 4599//8995
f 4599//8996 4595//8996 4473//8996
f 4599//8997 4473//8997 4477//8997
f 4586//8998 4587//8998 4600//8998
f 4600//8999 4587//8999 4596//8999
f 4600//9000 4596//9000 4601//9000
f 4601//9001 4596//9001 4597//9001
f 4601//9002 4597//9002 4602//9002
f 4602//9003 4597//9003 4598//9003
f 4602//9004 4598//9004 4603//9004
f 4603//9005 4598//9005 4599//9005
f 4603//9006 4599//9006 4604//9006
f 4604//9007 4599//9007 4477//9007
f 4604//9008 4477//9008 4481//9008
f 4488//9009 4605//9009 4606//9009
f 4607//9010 4608//9010 4609//9010
f 4609//9011 4608//9011 4610//9011
f 4609//9012 4610//9012 4611//9012
f 4611//9013 4610//9013 4612//9013
f 4611//9014 4612//9014 4613//9014
f 4613//9015 4612//9015 4614//9015
f 4613//9016 4614//9016 4482//9016
f 4482//9017 4614//9017 4481//9017
f 4615//9018 4607//9018 4616//9018
f 4616//9019 4607//9019 4609//9019
f 4616//9020 4609//9020 4617//9020
f 4617//9021 4609//9021 4611//9021
f 4617//9022 4611//9022 4618//9022
f 4618//9023 4611//9023 4613//9023
f 4618//9024 4613//9024 4483//9024
f 4483//9025 4613//9025 4482//9025
f 4605//9026 4615//9026 4606//9026
f 4606//9027 4615//9027 4616//9027
f 4606//9028 4616//9028 4619//9028
f 4619//9029 4616//9029 4617//9029
f 4619//9030 4617//9030 4620//9030
f 4620//9031 4617//9031 4618//9031
f 4620//9032 4618//9032 4484//9032
f 4484//9033 4618//9033 4483//9033
f 4486//9034 4488//9034 4606//9034
f 4486//9035 4606//9035 4490//9035
f 4490//9036 4606//9036 4619//9036
f 4490//9037 4619//9037 4492//9037
f 4492//9038 4619//9038 4620//9038
f 4492//9039 4620//9039 4365//9039
f 4365//9040 4620//9040 4484//9040
f 4524//9041 4537//9041 4621//9041
f 4621//9042 4537//9042 4622//9042
f 4621//9043 4622//9043 4623//9043
f 4623//9044 4622//9044 4624//9044
f 4623//9045 4624//9045 4625//9045
f 4625//9046 4624//9046 4626//9046
f 4625//9047 4626//9047 4627//9047
f 4627//9048 4626//9048 4628//9048
f 4525//9049 4524//9049 4629//9049
f 4629//9050 4524//9050 4621//9050
f 4629//9051 4621//9051 4630//9051
f 4630//9052 4621//9052 4623//9052
f 4630//9053 4623//9053 4631//9053
f 4631//9054 4623//9054 4625//9054
f 4631//9055 4625//9055 4627//9055
f 4523//9056 4525//9056 4632//9056
f 4632//9057 4525//9057 4629//9057
f 4632//9058 4629//9058 4633//9058
f 4633//9059 4629//9059 4630//9059
f 4633//9060 4630//9060 4634//9060
f 4634//9061 4630//9061 4631//9061
f 4634//9062 4631//9062 4635//9062
f 4635//9063 4631//9063 4627//9063
f 4401//9064 4523//9064 4508//9064
f 4508//9065 4523//9065 4632//9065
f 4508//9066 4632//9066 4517//9066
f 4517//9067 4632//9067 4633//9067
f 4517//9068 4633//9068 4511//9068
f 4511//9069 4633//9069 4634//9069
f 4511//9070 4634//9070 4512//9070
f 4512//9071 4634//9071 4635//9071
f 4224//9072 4222//9072 4636//9072
f 4636//9073 4222//9073 4637//9073
f 4636//9074 4637//9074 4638//9074
f 4218//9075 4224//9075 4642//9075
f 4642//9076 4224//9076 4636//9076
f 4642//9077 4636//9077 4643//9077
f 4643//9078 4636//9078 4638//9078
f 4643//9079 4638//9079 4644//9079
f 4644//9080 4638//9080 4639//9080
f 4644//9081 4639//9081 4645//9081
f 4645//9082 4639//9082 4640//9082
f 4645//9083 4640//9083 4646//9083
f 4646//9084 4640//9084 4641//9084
f 4213//9085 4218//9085 4647//9085
f 4647//9086 4218//9086 4642//9086
f 4647//9087 4642//9087 4643//9087
f 4192//9088 4213//9088 4533//9088
f 4533//9089 4213//9089 4647//9089
f 4533//9090 4647//9090 4520//9090
f 4520//9091 4647//9091 4643//9091
f 4520//9092 4643//9092 4521//9092
f 4521//9093 4643//9093 4644//9093
f 4521//9094 4644//9094 4538//9094
f 4538//9095 4644//9095 4645//9095
f 4538//9096 4645//9096 4537//9096
f 4537//9097 4645//9097 4646//9097
f 4649//9098 4648//9098 4650//9098
f 4651//9099 4652//9099 4653//9099
f 4654//9100 4655//9100 4652//9100
f 4652//9101 4651//9101 4654//9101
f 4654//9102 4651//9102 4554//9102
f 4654//9103 4554//9103 3994//9103
f 4222//9104 4656//9104 4657//9104
f 4657//9105 4656//9105 4658//9105
f 4659//9106 4660//9106 4661//9106
f 4661//9107 4660//9107 4662//9107
f 4661//9108 4662//9108 4658//9108
f 4658//9109 4662//9109 4663//9109
f 4658//9110 4663//9110 4657//9110
f 4550//9111 4648//9111 4549//9111
f 4549//9112 4648//9112 4649//9112
f 4549//9113 4649//9113 4210//9113
f 4648//9114 4550//9114 4664//9114
f 4664//9115 4550//9115 4552//9115
f 4650//9116 4648//9116 4653//9116
f 4653//9117 4648//9117 4664//9117
f 4653//9118 4664//9118 4651//9118
f 4651//9119 4664//9119 4552//9119
f 4651//9120 4552//9120 4554//9120
f 4222//9121 4221//9121 4656//9121
f 4656//9122 4221//9122 4650//9122
f 4650//9123 4221//9123 4226//9123
f 4650//9124 4226//9124 4210//9124
f 4655//9125 4659//9125 4652//9125
f 4652//9126 4659//9126 4661//9126
f 4652//9127 4661//9127 4653//9127
f 4653//9128 4661//9128 4658//9128
f 4653//9129 4658//9129 4656//9129
f 4653//9130 4656//9130 4650//9130
f 4649//9131 4650//9131 4210//9131
f 4567//9132 4665//9132 4666//9132
f 4030//9133 4029//9133 4667//9133
f 4566//9134 4567//9134 4666//9134
f 4566//9135 4666//9135 4668//9135
f 4668//9136 4666//9136 4669//9136
f 4668//9137 4669//9137 4667//9137
f 4670//9138 4671//9138 4672//9138
f 4672//9139 4671//9139 4673//9139
f 4672//9140 4673//9140 4666//9140
f 4672//9141 4666//9141 4674//9141
f 4667//9142 4669//9142 4030//9142
f 4030//9143 4669//9143 4671//9143
f 4030//9144 4671//9144 4035//9144
f 4035//9145 4671//9145 4670//9145
f 4035//9146 4670//9146 4038//9146
f 4567//9147 2609//9147 2608//9147
f 4567//9148 2608//9148 4665//9148
f 4665//9149 2608//9149 2614//9149
f 4665//9150 2614//9150 2603//9150
f 4029//9151 4003//9151 4667//9151
f 4667//9152 4003//9152 4564//9152
f 4667//9153 4564//9153 4668//9153
f 4668//9154 4564//9154 4565//9154
f 4668//9155 4565//9155 4566//9155
f 2603//9156 4674//9156 4665//9156
f 4665//9157 4674//9157 4666//9157
f 4666//9158 4673//9158 4669//9158
f 4669//9159 4673//9159 4671//9159
f 2635//2268 2697//2268 2627//2268
f 2635//2268 2627//2268 2597//2268
f 2790//2268 2690//2268 2698//2268
f 4675//9160 2809//9160 2833//9160
f 2833//9161 2809//9161 4676//9161
f 2830//2268 2832//2268 2829//2268
f 2829//9162 2832//9162 4676//9162
f 2829//9163 4676//9163 2831//9163
f 2699//9164 1876//9164 2636//9164
f 2834//9165 4675//9165 2827//9165
f 2827//9166 4675//9166 2833//9166
f 2832//9161 2833//9161 4676//9161
f 2831//9167 4676//9167 2795//9167
f 2831//2268 2795//2268 2828//2268
f 2828//9168 2795//9168 4677//9168
f 2828//9169 4677//9169 2790//9169
f 1876//9170 2825//9170 2836//9170
f 2790//2268 2698//2268 2828//2268
f 2828//2268 2636//2268 2829//2268
f 2829//2268 2636//2268 1876//2268
f 2829//2268 1876//2268 2830//2268
f 2830//8940 1876//8940 2827//8940
f 2827//9171 1876//9171 2836//9171
f 2827//2268 2836//2268 2834//2268
f 4678//9172 4679//9172 4680//9172
f 4681//9173 4682//9173 4678//9173
f 4678//9174 4682//9174 4683//9174
f 4682//9175 4681//9175 4684//9175
f 4682//9176 4684//9176 4685//9176
f 4685//9177 4684//9177 4686//9177
f 4686//9178 4684//9178 4687//9178
f 4686//9179 4687//9179 4688//9179
f 4688//9180 4675//9180 2834//9180
f 2834//9181 2836//9181 4688//9181
f 4688//9182 2836//9182 2825//9182
f 4681//9183 4678//9183 4680//9183
f 4681//9184 4680//9184 4689//9184
f 4681//9185 4689//9185 4684//9185
f 4684//9186 4689//9186 4690//9186
f 4684//9187 4690//9187 4687//9187
f 4687//9188 4690//9188 4691//9188
f 4687//9189 4691//9189 4688//9189
f 4688//9190 4691//9190 4675//9190
f 4572//9191 4580//9191 4692//9191
f 4692//9192 4580//9192 4693//9192
f 4694//9193 4695//9193 4693//9193
f 4693//9194 4695//9194 4692//9194
f 4697//9195 4696//9195 4698//9195
f 4697//9196 4698//9196 4699//9196
f 4698//9197 4702//9197 4699//9197
f 4699//9198 4702//9198 4700//9198
f 4699//9199 4700//9199 4701//9199
f 4703//9200 4702//9200 4704//9200
f 4704//9201 4702//9201 4698//9201
f 4704//9202 4698//9202 4694//9202
f 4694//9203 4698//9203 4696//9203
f 4694//9204 4696//9204 4695//9204
f 4586//9205 4703//9205 4584//9205
f 4584//9206 4703//9206 4704//9206
f 4584//9207 4704//9207 4582//9207
f 4582//9208 4704//9208 4694//9208
f 4582//9209 4694//9209 4581//9209
f 4581//9210 4694//9210 4693//9210
f 4581//9211 4693//9211 4454//9211
f 4454//9212 4693//9212 4580//9212
f 4705//9213 4586//9213 4600//9213
f 4706//9214 4705//9214 4707//9214
f 4708//9215 4706//9215 4709//9215
f 4710//9216 4708//9216 4711//9216
f 4705//9217 4600//9217 4707//9217
f 4707//9218 4600//9218 4601//9218
f 4707//9219 4601//9219 4712//9219
f 4712//9220 4601//9220 4602//9220
f 4712//9221 4602//9221 4713//9221
f 4713//9222 4602//9222 4603//9222
f 4713//9223 4603//9223 4714//9223
f 4714//9224 4603//9224 4604//9224
f 4714//9225 4604//9225 4715//9225
f 4715//9226 4604//9226 4481//9226
f 4715//9227 4481//9227 4614//9227
f 4706//9228 4707//9228 4709//9228
f 4709//9229 4707//9229 4712//9229
f 4709//9230 4712//9230 4716//9230
f 4716//9231 4712//9231 4713//9231
f 4716//9232 4713//9232 4717//9232
f 4717//9233 4713//9233 4714//9233
f 4717//9234 4714//9234 4718//9234
f 4718//9235 4714//9235 4715//9235
f 4718//9236 4715//9236 4719//9236
f 4719//9237 4715//9237 4614//9237
f 4719//9238 4614//9238 4612//9238
f 4708//9239 4709//9239 4711//9239
f 4711//9240 4709//9240 4716//9240
f 4711//9241 4716//9241 4720//9241
f 4720//9242 4716//9242 4717//9242
f 4720//9243 4717//9243 4721//9243
f 4721//9244 4717//9244 4718//9244
f 4721//9245 4718//9245 4719//9245
f 4721//9246 4719//9246 4722//9246
f 4722//9247 4719//9247 4612//9247
f 4722//9248 4612//9248 4610//9248
f 4710//9249 4711//9249 4723//9249
f 4723//9250 4711//9250 4720//9250
f 4723//9251 4720//9251 4724//9251
f 4724//9252 4720//9252 4721//9252
f 4724//9253 4721//9253 4725//9253
f 4725//9254 4721//9254 4722//9254
f 4725//9255 4722//9255 4726//9255
f 4726//9256 4722//9256 4610//9256
f 4726//9257 4610//9257 4608//9257
f 4728//9258 4737//9258 4729//9258
f 4727//9259 4730//9259 4729//9259
f 4731//9260 4730//9260 4727//9260
f 4727//9261 4014//9261 4837//9261
f 4727//9262 4837//9262 4731//9262
f 4730//9263 4731//9263 4732//9263
f 4730//9264 4732//9264 4733//9264
f 4732//9265 4608//9265 4733//9265
f 4733//9266 4608//9266 4607//9266
f 4733//9267 4607//9267 4734//9267
f 4734//9268 4607//9268 4615//9268
f 4734//9269 4615//9269 4605//9269
f 4736//9270 4735//9270 4013//9270
f 4736//9271 4013//9271 4008//9271
f 4737//9272 4735//9272 4729//9272
f 4729//9273 4735//9273 4736//9273
f 4729//9274 4736//9274 4727//9274
f 4727//9275 4736//9275 4008//9275
f 4488//9276 4728//9276 4605//9276
f 4605//9277 4728//9277 4734//9277
f 4734//9278 4728//9278 4729//9278
f 4734//9279 4729//9279 4733//9279
f 4733//9280 4729//9280 4730//9280
f 4727//9281 4008//9281 4014//9281
f 4646//9282 4641//9282 4739//9282
f 4739//9283 4641//9283 4738//9283
f 4739//9284 4738//9284 4740//9284
f 4740//9285 4738//9285 4741//9285
f 4740//9286 4741//9286 4742//9286
f 4742//9287 4741//9287 4743//9287
f 4742//9288 4743//9288 4744//9288
f 4744//9289 4743//9289 4745//9289
f 4746//9290 4742//9290 4744//9290
f 4537//9291 4646//9291 4622//9291
f 4622//9292 4646//9292 4739//9292
f 4622//9293 4739//9293 4624//9293
f 4624//9294 4739//9294 4740//9294
f 4624//9295 4740//9295 4626//9295
f 4626//9296 4740//9296 4742//9296
f 4626//9297 4742//9297 4628//9297
f 4628//9298 4742//9298 4746//9298
f 4662//9299 4660//9299 4747//9299
f 4747//9300 4660//9300 4748//9300
f 4747//9301 4748//9301 4749//9301
f 4749//9302 4748//9302 4750//9302
f 4749//9303 4750//9303 4751//9303
f 4751//9304 4750//9304 4752//9304
f 4751//9305 4752//9305 4753//9305
f 4663//9306 4662//9306 4754//9306
f 4754//9307 4662//9307 4747//9307
f 4754//9308 4747//9308 4755//9308
f 4755//9309 4747//9309 4749//9309
f 4755//9310 4749//9310 4756//9310
f 4756//9311 4749//9311 4751//9311
f 4756//9312 4751//9312 4757//9312
f 4757//9313 4751//9313 4753//9313
f 4657//9314 4663//9314 4758//9314
f 4758//9315 4663//9315 4754//9315
f 4758//9316 4754//9316 4759//9316
f 4759//9317 4754//9317 4755//9317
f 4759//9318 4755//9318 4756//9318
f 4222//9319 4657//9319 4637//9319
f 4637//9320 4657//9320 4758//9320
f 4637//9321 4758//9321 4638//9321
f 4638//9322 4758//9322 4759//9322
f 4638//9323 4759//9323 4639//9323
f 4639//9324 4759//9324 4756//9324
f 4639//9325 4756//9325 4640//9325
f 4640//9326 4756//9326 4757//9326
f 4640//9327 4757//9327 4641//9327
f 4760//9328 4761//9328 4762//9328
f 4763//9329 4764//9329 4765//9329
f 4766//9330 4761//9330 4760//9330
f 4766//9331 4760//9331 4767//9331
f 4767//9332 4760//9332 4768//9332
f 4655//9333 4764//9333 4659//9333
f 4659//9334 4764//9334 4763//9334
f 4659//9335 4763//9335 4660//9335
f 4765//9336 4768//9336 4760//9336
f 4765//9337 4760//9337 4763//9337
f 4763//9338 4760//9338 4762//9338
f 4763//9339 4762//9339 4660//9339
f 3986//9340 3985//9340 4769//9340
f 3986//9341 4769//9341 3997//9341
f 3997//9342 4769//9342 4770//9342
f 3997//9343 4770//9343 4771//9343
f 3997//9344 4771//9344 3998//9344
f 3998//9345 4771//9345 4654//9345
f 3998//9346 4654//9346 3994//9346
f 4769//9347 4768//9347 4765//9347
f 4769//9348 4765//9348 4770//9348
f 4770//9349 4765//9349 4764//9349
f 4770//9350 4764//9350 4771//9350
f 4771//9351 4764//9351 4655//9351
f 4771//9352 4655//9352 4654//9352
f 4062//9353 4038//9353 4772//9353
f 4772//9354 4038//9354 4670//9354
f 4772//9355 4670//9355 4773//9355
f 4773//9356 4670//9356 4672//9356
f 4773//9357 4672//9357 4674//9357
f 2697//9358 4674//9358 2603//9358
f 4067//9359 4062//9359 4774//9359
f 4774//9360 4062//9360 4772//9360
f 4774//9361 4772//9361 4775//9361
f 4775//9362 4772//9362 4773//9362
f 4775//9363 4773//9363 4776//9363
f 4776//9364 4773//9364 4674//9364
f 4776//9365 4674//9365 2695//9365
f 2695//9366 4674//9366 2697//9366
f 4072//9367 4067//9367 4777//9367
f 4777//9368 4067//9368 4774//9368
f 4777//9369 4774//9369 4778//9369
f 4778//9370 4774//9370 4775//9370
f 4778//9371 4775//9371 4779//9371
f 4779//9372 4775//9372 4776//9372
f 4779//9373 4776//9373 2691//9373
f 2691//9374 4776//9374 2695//9374
f 4077//9375 4072//9375 4780//9375
f 4780//9376 4072//9376 4777//9376
f 4780//9377 4777//9377 4781//9377
f 4781//9378 4777//9378 4778//9378
f 4781//9379 4778//9379 4779//9379
f 2690//9380 4779//9380 2691//9380
f 4782//9381 4677//9381 4783//9381
f 4783//9382 4677//9382 4676//9382
f 4783//9383 4676//9383 4691//9383
f 4691//9384 4676//9384 4675//9384
f 4680//9385 4679//9385 4784//9385
f 4784//9386 4679//9386 4785//9386
f 4784//9387 4785//9387 4786//9387
f 4786//9388 4785//9388 4787//9388
f 4787//9389 4785//9389 4788//9389
f 4787//9390 4788//9390 4789//9390
f 4690//9391 4689//9391 4790//9391
f 4690//9392 4790//9392 4791//9392
f 4791//9393 4790//9393 4792//9393
f 4791//9394 4792//9394 4793//9394
f 4793//9395 4792//9395 4794//9395
f 4794//9396 4795//9396 4796//9396
f 4796//9397 4795//9397 4789//9397
f 4796//9398 4789//9398 4077//9398
f 4689//9399 4680//9399 4790//9399
f 4790//9400 4680//9400 4784//9400
f 4790//9401 4784//9401 4792//9401
f 4792//9402 4784//9402 4786//9402
f 4792//9403 4786//9403 4787//9403
f 4792//9404 4787//9404 4794//9404
f 4794//9405 4787//9405 4795//9405
f 4795//9406 4787//9406 4789//9406
f 4797//9407 4781//9407 4779//9407
f 4797//9408 4779//9408 4677//9408
f 4677//9409 4779//9409 2690//9409
f 4677//9410 2690//9410 2790//9410
f 4796//9411 4780//9411 4798//9411
f 4796//9412 4798//9412 4793//9412
f 4793//9413 4798//9413 4797//9413
f 4793//9414 4797//9414 4782//9414
f 4782//9415 4797//9415 4677//9415
f 4677//9416 2795//9416 4676//9416
f 4675//9417 4676//9417 2809//9417
f 4780//9418 4781//9418 4798//9418
f 4798//9419 4781//9419 4797//9419
f 4077//9420 4780//9420 4796//9420
f 4794//9421 4796//9421 4793//9421
f 4793//9422 4782//9422 4791//9422
f 4791//9423 4782//9423 4783//9423
f 4791//9424 4783//9424 4690//9424
f 4690//9425 4783//9425 4691//9425
f 4799//9426 4800//9426 4679//9426
f 4804//9427 4803//9427 4805//9427
f 4803//9428 4804//9428 4801//9428
f 4802//9429 4806//9429 4807//9429
f 4808//9430 4800//9430 4806//9430
f 4806//9431 4800//9431 4799//9431
f 4806//9432 4799//9432 4807//9432
f 4810//9433 4801//9433 4811//9433
f 4811//9434 4801//9434 4804//9434
f 4683//9435 4807//9435 4678//9435
f 4678//9436 4807//9436 4799//9436
f 4678//9437 4799//9437 4679//9437
f 4802//9438 4801//9438 4810//9438
f 4802//9439 4810//9439 4806//9439
f 4806//9440 4810//9440 4809//9440
f 4806//9441 4809//9441 4808//9441
f 4812//9442 4813//9442 4814//9442
f 4815//9443 4816//9443 4812//9443
f 4703//9444 4586//9444 4705//9444
f 4817//9445 4818//9445 4819//9445
f 4817//9446 4819//9446 4820//9446
f 4814//9447 4821//9447 4822//9447
f 4822//9448 4821//9448 4823//9448
f 4822//9449 4823//9449 4824//9449
f 4824//9450 4823//9450 4706//9450
f 4825//9451 4819//9451 4813//9451
f 4813//9452 4819//9452 4818//9452
f 4813//9453 4818//9453 4814//9453
f 4814//9454 4818//9454 4821//9454
f 4827//9455 4708//9455 4710//9455
f 4815//9456 4828//9456 4829//9456
f 4829//9457 4828//9457 4830//9457
f 4829//9458 4830//9458 4831//9458
f 4831//9459 4830//9459 4827//9459
f 4831//9460 4827//9460 4710//9460
f 4818//9461 4817//9461 4701//9461
f 4818//9462 4701//9462 4821//9462
f 4821//9463 4701//9463 4700//9463
f 4821//9464 4700//9464 4702//9464
f 4821//9465 4702//9465 4823//9465
f 4823//9466 4702//9466 4703//9466
f 4823//9467 4703//9467 4705//9467
f 4823//9468 4705//9468 4706//9468
f 4816//9469 4826//9469 4812//9469
f 4812//9470 4826//9470 4832//9470
f 4812//9471 4832//9471 4813//9471
f 4813//9472 4832//9472 4825//9472
f 4706//9473 4708//9473 4824//9473
f 4824//9474 4708//9474 4827//9474
f 4824//9475 4827//9475 4822//9475
f 4822//9476 4827//9476 4830//9476
f 4822//9477 4830//9477 4814//9477
f 4814//9478 4830//9478 4828//9478
f 4814//9479 4828//9479 4812//9479
f 4812//9480 4828//9480 4815//9480
f 4833//9481 4834//9481 4835//9481
f 4836//9482 4731//9482 4837//9482
f 4838//9483 4839//9483 4840//9483
f 4840//9484 4839//9484 4841//9484
f 4840//9485 4841//9485 4833//9485
f 4833//9486 4841//9486 4842//9486
f 4841//9487 4839//9487 4843//9487
f 4841//9488 4843//9488 4842//9488
f 4844//9489 4836//9489 4837//9489
f 4844//9490 4837//9490 4022//9490
f 4608//9491 4732//9491 4845//9491
f 4834//9492 4710//9492 4835//9492
f 4835//9493 4710//9493 4723//9493
f 4835//9494 4723//9494 4724//9494
f 4835//9495 4724//9495 4846//9495
f 4846//9496 4724//9496 4725//9496
f 4846//9497 4725//9497 4845//9497
f 4845//9498 4725//9498 4726//9498
f 4845//9499 4726//9499 4608//9499
f 4018//9500 4843//9500 4839//9500
f 4018//9501 4839//9501 4022//9501
f 4022//9502 4839//9502 4844//9502
f 4844//9503 4839//9503 4838//9503
f 4844//9504 4838//9504 4836//9504
f 4837//9505 4014//9505 4015//9505
f 4837//9506 4015//9506 4022//9506
f 4840//9507 4833//9507 4835//9507
f 4840//9508 4835//9508 4838//9508
f 4838//9509 4835//9509 4846//9509
f 4838//9510 4846//9510 4836//9510
f 4836//9511 4846//9511 4845//9511
f 4836//9512 4845//9512 4731//9512
f 4731//9513 4845//9513 4732//9513
f 4847//9514 4757//9514 4753//9514
f 4850//9515 4745//9515 4743//9515
f 4741//9516 4851//9516 4743//9516
f 4743//9517 4851//9517 4850//9517
f 4853//9518 4852//9518 4848//9518
f 4853//9519 4848//9519 4849//9519
f 4757//9520 4847//9520 4738//9520
f 4757//9521 4738//9521 4641//9521
f 4753//9522 4852//9522 4853//9522
f 4851//9523 4853//9523 4849//9523
f 4851//9524 4849//9524 4850//9524
f 4741//9525 4738//9525 4851//9525
f 4851//9526 4738//9526 4847//9526
f 4851//9527 4847//9527 4853//9527
f 4853//9528 4847//9528 4753//9528
f 4854//9529 4855//9529 4856//9529
f 4857//9530 4858//9530 4856//9530
f 4752//9531 4750//9531 4858//9531
f 4852//9532 4857//9532 4848//9532
f 4848//9533 4857//9533 4859//9533
f 4860//9534 4855//9534 4854//9534
f 4858//9535 4857//9535 4752//9535
f 4752//9536 4857//9536 4852//9536
f 4752//9537 4852//9537 4753//9537
f 4855//9538 4859//9538 4856//9538
f 4856//9539 4859//9539 4857//9539
f 4748//9540 4660//9540 4861//9540
f 4861//9541 4660//9541 4762//9541
f 4861//9542 4762//9542 4854//9542
f 4854//9543 4762//9543 4761//9543
f 4766//9544 4860//9544 4761//9544
f 4761//9545 4860//9545 4854//9545
f 4854//9546 4856//9546 4861//9546
f 4861//9547 4856//9547 4858//9547
f 4861//9548 4858//9548 4748//9548
f 4748//9549 4858//9549 4750//9549
f 4074//9550 4075//9550 4862//9550
f 4800//9551 4808//9551 4863//9551
f 4075//9552 4076//9552 4862//9552
f 4862//9553 4076//9553 4864//9553
f 4862//9554 4864//9554 4865//9554
f 4865//9555 4864//9555 4866//9555
f 4865//9556 4866//9556 4867//9556
f 4867//9557 4866//9557 4868//9557
f 4867//9558 4868//9558 4869//9558
f 4869//9559 4868//9559 4870//9559
f 4869//9560 4870//9560 4871//9560
f 4871//9561 4870//9561 4872//9561
f 4871//9562 4872//9562 4863//9562
f 4863//9563 4872//9563 4873//9563
f 4863//9564 4873//9564 4800//9564
f 4875//9565 4877//9565 4876//9565
f 4876//9566 4877//9566 4878//9566
f 4879//9567 4878//9567 4880//9567
f 4879//9568 4880//9568 4881//9568
f 4881//9569 4880//9569 4073//9569
f 4076//9570 4077//9570 4864//9570
f 4864//9571 4077//9571 4789//9571
f 4864//9572 4789//9572 4866//9572
f 4866//9573 4789//9573 4868//9573
f 4868//9574 4789//9574 4788//9574
f 4868//9575 4788//9575 4870//9575
f 4870//9576 4788//9576 4872//9576
f 4872//9577 4788//9577 4785//9577
f 4872//9578 4785//9578 4873//9578
f 4873//9579 4785//9579 4800//9579
f 4800//9580 4785//9580 4679//9580
f 4073//9581 4074//9581 4881//9581
f 4881//9582 4074//9582 4862//9582
f 4881//9583 4862//9583 4879//9583
f 4879//9584 4862//9584 4865//9584
f 4879//9585 4865//9585 4878//9585
f 4878//9586 4865//9586 4867//9586
f 4878//9587 4867//9587 4876//9587
f 4876//9588 4867//9588 4869//9588
f 4876//9589 4869//9589 4875//9589
f 4875//9590 4869//9590 4871//9590
f 4875//9591 4871//9591 4874//9591
f 4874//9592 4871//9592 4863//9592
f 4874//9593 4863//9593 4809//9593
f 4809//9594 4863//9594 4808//9594
f 4825//9595 4832//9595 4883//9595
f 4882//9596 4811//9596 4885//9596
f 4804//9597 4805//9597 4886//9597
f 4886//9598 4805//9598 4820//9598
f 4825//9599 4887//9599 4819//9599
f 4819//9600 4887//9600 4886//9600
f 4819//9601 4886//9601 4820//9601
f 4887//9602 4888//9602 4886//9602
f 4886//9603 4888//9603 4804//9603
f 4889//9604 4882//9604 4885//9604
f 4889//9605 4885//9605 4890//9605
f 4832//9606 4826//9606 4883//9606
f 4883//9607 4826//9607 4884//9607
f 4883//9608 4884//9608 4891//9608
f 4891//9609 4884//9609 4892//9609
f 4891//9610 4892//9610 4893//9610
f 4810//9611 4811//9611 4882//9611
f 4810//9612 4882//9612 4809//9612
f 4894//9613 4890//9613 4885//9613
f 4894//9614 4885//9614 4888//9614
f 4888//9615 4885//9615 4811//9615
f 4888//9616 4811//9616 4804//9616
f 4895//9617 4890//9617 4893//9617
f 4893//9618 4890//9618 4894//9618
f 4893//9619 4894//9619 4891//9619
f 4891//9620 4894//9620 4888//9620
f 4891//9621 4888//9621 4883//9621
f 4883//9622 4888//9622 4887//9622
f 4883//9623 4887//9623 4825//9623
f 4896//9624 4045//9624 4049//9624
f 4897//9625 4898//9625 4826//9625
f 4899//9626 4900//9626 4901//9626
f 4901//9627 4900//9627 4902//9627
f 4901//9628 4902//9628 4903//9628
f 4904//9629 4899//9629 4905//9629
f 4905//9630 4899//9630 4901//9630
f 4905//9631 4901//9631 4906//9631
f 4906//9632 4901//9632 4903//9632
f 4906//9633 4903//9633 4053//9633
f 4040//9634 4045//9634 4896//9634
f 4040//9635 4896//9635 4907//9635
f 4843//9636 4907//9636 4842//9636
f 4842//9637 4907//9637 4908//9637
f 4842//9638 4908//9638 4833//9638
f 4826//9639 4816//9639 4897//9639
f 4897//9640 4816//9640 4815//9640
f 4897//9641 4815//9641 4909//9641
f 4909//9642 4815//9642 4829//9642
f 4843//9643 4040//9643 4907//9643
f 4834//9644 4833//9644 4908//9644
f 4834//9645 4908//9645 4910//9645
f 4910//9646 4908//9646 4900//9646
f 4900//9647 4908//9647 4907//9647
f 4900//9648 4907//9648 4902//9648
f 4902//9649 4907//9649 4896//9649
f 4902//9650 4896//9650 4903//9650
f 4903//9651 4896//9651 4049//9651
f 4903//9652 4049//9652 4053//9652
f 4904//9653 4898//9653 4899//9653
f 4899//9654 4898//9654 4897//9654
f 4899//9655 4897//9655 4900//9655
f 4900//9656 4897//9656 4909//9656
f 4900//9657 4909//9657 4910//9657
f 4910//9658 4909//9658 4829//9658
f 4910//9659 4829//9659 4834//9659
f 4834//9660 4829//9660 4831//9660
f 4834//9661 4831//9661 4710//9661
f 4890//9662 4895//9662 4911//9662
f 4912//9663 4107//9663 4108//9663
f 4874//9664 4809//9664 4882//9664
f 4914//9665 4915//9665 4916//9665
f 4914//9666 4916//9666 4917//9666
f 4874//9667 4913//9667 4875//9667
f 4916//9668 4912//9668 4918//9668
f 4918//9669 4880//9669 4917//9669
f 4918//9670 4917//9670 4916//9670
f 4919//9671 4920//9671 4921//9671
f 4921//9672 4920//9672 4105//9672
f 4921//9673 4105//9673 4106//9673
f 4874//9674 4882//9674 4913//9674
f 4913//9675 4882//9675 4889//9675
f 4913//9676 4889//9676 4915//9676
f 4915//9677 4889//9677 4890//9677
f 4915//9678 4890//9678 4922//9678
f 4922//9679 4890//9679 4911//9679
f 4922//9680 4911//9680 4919//9680
f 4919//9681 4911//9681 4923//9681
f 4919//9682 4923//9682 4920//9682
f 4912//9683 4108//9683 4918//9683
f 4918//9684 4108//9684 4073//9684
f 4918//9685 4073//9685 4880//9685
f 4875//9686 4914//9686 4877//9686
f 4877//9687 4914//9687 4917//9687
f 4877//9688 4917//9688 4878//9688
f 4878//9689 4917//9689 4880//9689
f 4875//9690 4913//9690 4914//9690
f 4914//9691 4913//9691 4915//9691
f 4915//9692 4922//9692 4916//9692
f 4916//9693 4922//9693 4919//9693
f 4916//9694 4919//9694 4921//9694
f 4916//9695 4921//9695 4912//9695
f 4912//9696 4921//9696 4106//9696
f 4912//9697 4106//9697 4107//9697
f 4884//9698 4826//9698 4924//9698
f 4924//9699 4826//9699 4898//9699
f 4924//9700 4898//9700 4925//9700
f 4925//9701 4898//9701 4904//9701
f 4925//9702 4904//9702 4926//9702
f 4926//9703 4904//9703 4905//9703
f 4926//9704 4905//9704 4927//9704
f 4927//9705 4905//9705 4906//9705
f 4927//9706 4906//9706 4078//9706
f 4078//9707 4906//9707 4053//9707
f 4892//9708 4884//9708 4928//9708
f 4928//9709 4884//9709 4924//9709
f 4928//9710 4924//9710 4929//9710
f 4929//9711 4924//9711 4925//9711
f 4929//9712 4925//9712 4930//9712
f 4930//9713 4925//9713 4926//9713
f 4930//9714 4926//9714 4927//9714
f 4083//9715 4927//9715 4078//9715
f 4893//9716 4892//9716 4931//9716
f 4931//9717 4892//9717 4928//9717
f 4931//9718 4928//9718 4932//9718
f 4932//9719 4928//9719 4929//9719
f 4932//9720 4929//9720 4933//9720
f 4933//9721 4929//9721 4930//9721
f 4933//9722 4930//9722 4934//9722
f 4934//9723 4930//9723 4927//9723
f 4934//9724 4927//9724 4083//9724
f 4895//9725 4893//9725 4935//9725
f 4935//9726 4893//9726 4931//9726
f 4935//9727 4931//9727 4936//9727
f 4936//9728 4931//9728 4932//9728
f 4936//9729 4932//9729 4933//9729
f 4090//9730 4934//9730 4083//9730
f 4934//9731 4090//9731 4937//9731
f 4911//9732 4895//9732 4938//9732
f 4938//9733 4895//9733 4935//9733
f 4938//9734 4935//9734 4939//9734
f 4939//9735 4935//9735 4936//9735
f 4939//9736 4936//9736 4937//9736
f 4937//9737 4936//9737 4933//9737
f 4937//9738 4933//9738 4934//9738
f 4923//9739 4911//9739 4940//9739
f 4940//9740 4911//9740 4938//9740
f 4940//9741 4938//9741 4941//9741
f 4941//9742 4938//9742 4939//9742
f 4941//9743 4939//9743 4942//9743
f 4942//9744 4939//9744 4937//9744
f 4942//9745 4937//9745 4116//9745
f 4116//9746 4937//9746 4090//9746
f 4920//9747 4923//9747 4943//9747
f 4943//9748 4923//9748 4940//9748
f 4943//9749 4940//9749 4944//9749
f 4944//9750 4940//9750 4941//9750
f 4944//9751 4941//9751 4945//9751
f 4945//9752 4941//9752 4942//9752
f 4945//9753 4942//9753 4116//9753
f 4105//9754 4920//9754 4128//9754
f 4128//9755 4920//9755 4943//9755
f 4128//9756 4943//9756 4127//9756
f 4127//9757 4943//9757 4944//9757
f 4127//9758 4944//9758 4126//9758
f 4126//9759 4944//9759 4945//9759
f 4126//9760 4945//9760 4115//9760
f 4115//9761 4945//9761 4116//9761
f 4946//9762 4947//9762 4948//9762
f 4946//9763 4948//9763 4949//9763
f 4949//9764 4948//9764 4950//9764
f 4951//9765 4952//9765 4953//9765
f 4953//9766 4952//9766 4954//9766
f 4953//9767 4954//9767 4950//9767
f 4950//9768 4954//9768 5570//9768
f 4950//9769 5570//9769 4949//9769
f 4955//9770 4956//9770 4951//9770
f 4951//9771 4956//9771 4957//9771
f 4951//9772 4957//9772 4952//9772
f 4959//9773 4958//9773 4955//9773
f 4955//9774 4958//9774 4960//9774
f 4955//9775 4960//9775 4956//9775
f 4961//9776 4962//9776 4959//9776
f 4959//9777 4962//9777 4963//9777
f 4959//9778 4963//9778 4958//9778
f 4967//9779 4966//9779 4968//9779
f 4967//9780 4968//9780 4961//9780
f 4961//9781 4968//9781 4969//9781
f 4961//9782 4969//9782 4962//9782
f 4972//9783 4971//9783 4973//9783
f 4973//9784 4971//9784 4974//9784
f 4973//110 4974//110 4975//110
f 4975//110 4974//110 4976//110
f 4972//9785 4979//9785 4971//9785
f 4971//9786 4979//9786 4970//9786
f 4977//9787 4978//9787 4980//9787
f 4977//9788 4980//9788 4974//9788
f 4974//110 4980//110 4976//110
f 4984//9789 4985//9789 4986//9789
f 4985//9790 4984//9790 4989//9790
f 4985//107 4989//107 4990//107
f 4985//9791 4990//9791 4991//9791
f 4988//9792 4992//9792 4987//9792
f 4987//9793 4992//9793 4985//9793
f 4985//107 4992//107 4986//107
f 4991//9794 4990//9794 4993//9794
f 4993//9795 4994//9795 4991//9795
f 4997//9796 4995//9796 4998//9796
f 4998//9797 4995//9797 4996//9797
f 4998//9798 4996//9798 4999//9798
f 4999//9799 4996//9799 5000//9799
f 4999//9800 5000//9800 5001//9800
f 4999//9801 5001//9801 5002//9801
f 5002//9802 5001//9802 5003//9802
f 5003//9803 5001//9803 5004//9803
f 5003//9804 5004//9804 5005//9804
f 5005//9805 5004//9805 5006//9805
f 5005//9806 5006//9806 5007//9806
f 5005//9807 5007//9807 5008//9807
f 5008//9808 5007//9808 5009//9808
f 5009//9809 5007//9809 5010//9809
f 5009//9810 5010//9810 5011//9810
f 5011//9811 5010//9811 5012//9811
f 5011//9812 5012//9812 5013//9812
f 5013//9813 5012//9813 5014//9813
f 5013//9814 5014//9814 5015//9814
f 5015//9815 5014//9815 5016//9815
f 5015//9816 5016//9816 5017//9816
f 5017//9817 5016//9817 5018//9817
f 5017//9818 5018//9818 5019//9818
f 5019//9819 5018//9819 5020//9819
f 5019//9820 5020//9820 5021//9820
f 5021//9821 5020//9821 5022//9821
f 5023//9822 5024//9822 5025//9822
f 5025//9823 5024//9823 5026//9823
f 5021//9824 5022//9824 5025//9824
f 5025//9824 5022//9824 5023//9824
f 5027//9825 5028//9825 5030//9825
f 5030//9826 5028//9826 5029//9826
f 5030//110 5029//110 5033//110
f 5030//110 5037//110 5034//110
f 5030//110 5034//110 5031//110
f 5031//110 5034//110 5032//110
f 5032//9827 5035//9827 5036//9827
f 5036//7256 5031//7256 5032//7256
f 5030//110 5033//110 5037//110
f 5043//107 5046//107 5038//107
f 5038//107 5046//107 5041//107
f 5042//9828 5040//9828 5043//9828
f 5038//9829 5044//9829 5045//9829
f 5040//107 5046//107 5043//107
f 5040//9830 5042//9830 5039//9830
f 5041//107 5047//107 5038//107
f 5038//107 5047//107 5048//107
f 5038//107 5048//107 5044//107
f 5049//9831 5050//9831 5051//9831
f 5051//9832 5050//9832 5052//9832
f 5051//9833 5052//9833 5053//9833
f 5053//9834 5052//9834 5054//9834
f 5053//9835 5054//9835 5055//9835
f 5055//9836 5054//9836 5024//9836
f 5055//9837 5024//9837 5023//9837
f 5056//9838 5057//9838 5058//9838
f 5058//9839 5057//9839 5049//9839
f 5049//9840 5057//9840 5059//9840
f 5049//9841 5059//9841 5050//9841
f 5061//9842 5060//9842 5056//9842
f 5061//9843 5056//9843 5058//9843
f 5061//9844 5062//9844 5060//9844
f 5060//9845 5062//9845 5045//9845
f 5045//9846 5062//9846 5038//9846
f 5022//9847 5063//9847 5023//9847
f 5023//9848 5063//9848 5055//9848
f 5055//9849 5063//9849 5064//9849
f 5055//9850 5064//9850 5053//9850
f 5053//9851 5064//9851 5051//9851
f 5051//9852 5064//9852 5065//9852
f 5051//9853 5065//9853 5049//9853
f 5066//9854 5067//9854 5068//9854
f 5070//9855 5071//9855 5072//9855
f 5072//9856 5071//9856 5073//9856
f 5072//9857 5073//9857 5069//9857
f 5074//9858 5075//9858 5076//9858
f 5076//9859 5075//9859 5077//9859
f 5081//9860 5063//9860 5022//9860
f 5022//9861 5020//9861 5081//9861
f 5081//9862 5020//9862 5082//9862
f 5020//9863 5018//9863 5082//9863
f 5082//9864 5018//9864 5016//9864
f 5082//9865 5016//9865 5083//9865
f 5083//9866 5016//9866 5084//9866
f 5016//9867 5014//9867 5084//9867
f 5084//9868 5014//9868 5085//9868
f 5085//9869 5014//9869 5012//9869
f 5085//9870 5012//9870 5086//9870
f 5086//9871 5012//9871 5010//9871
f 5086//9872 5010//9872 5007//9872
f 5086//9873 5007//9873 5087//9873
f 5087//9874 5007//9874 5088//9874
f 5007//9875 5006//9875 5088//9875
f 5088//9876 5006//9876 5089//9876
f 5006//9877 5004//9877 5089//9877
f 5089//9878 5004//9878 5001//9878
f 5089//9879 5001//9879 5090//9879
f 5090//9880 5001//9880 5091//9880
f 5091//9881 5001//9881 5000//9881
f 5091//9882 5000//9882 5080//9882
f 5080//9882 5000//9882 4996//9882
f 5080//9883 4996//9883 4995//9883
f 4995//9884 5078//9884 5080//9884
f 5080//9885 5078//9885 5079//9885
f 5080//9886 5079//9886 5091//9886
f 5091//9886 5079//9886 5092//9886
f 5091//9887 5092//9887 5090//9887
f 5090//9887 5092//9887 5093//9887
f 5090//9888 5093//9888 5089//9888
f 5089//9888 5093//9888 5094//9888
f 5089//9889 5094//9889 5088//9889
f 5088//9889 5094//9889 5095//9889
f 5088//9890 5095//9890 5087//9890
f 5087//9890 5095//9890 5096//9890
f 5087//9891 5096//9891 5086//9891
f 5086//9891 5096//9891 5097//9891
f 5086//9892 5097//9892 5085//9892
f 5085//9892 5097//9892 5098//9892
f 5085//9893 5098//9893 5084//9893
f 5084//9893 5098//9893 5099//9893
f 5084//9894 5099//9894 5083//9894
f 5083//9894 5099//9894 5100//9894
f 5083//9895 5100//9895 5082//9895
f 5082//9895 5100//9895 5101//9895
f 5082//9896 5101//9896 5081//9896
f 5081//9896 5101//9896 5102//9896
f 5081//9897 5102//9897 5063//9897
f 5063//9897 5102//9897 5064//9897
f 5078//9898 5074//9898 5079//9898
f 5079//9899 5074//9899 5076//9899
f 5079//9900 5076//9900 5092//9900
f 5092//9900 5076//9900 5103//9900
f 5092//9901 5103//9901 5093//9901
f 5093//9901 5103//9901 5104//9901
f 5093//9902 5104//9902 5094//9902
f 5094//9902 5104//9902 5105//9902
f 5094//9903 5105//9903 5095//9903
f 5095//9903 5105//9903 5106//9903
f 5095//9904 5106//9904 5096//9904
f 5096//9904 5106//9904 5107//9904
f 5096//9905 5107//9905 5097//9905
f 5097//9905 5107//9905 5108//9905
f 5097//9906 5108//9906 5098//9906
f 5098//9906 5108//9906 5109//9906
f 5098//9907 5109//9907 5099//9907
f 5099//9907 5109//9907 5110//9907
f 5099//9908 5110//9908 5100//9908
f 5100//9908 5110//9908 5111//9908
f 5100//9909 5111//9909 5101//9909
f 5101//9909 5111//9909 5112//9909
f 5101//9910 5112//9910 5102//9910
f 5102//9910 5112//9910 5113//9910
f 5102//9911 5113//9911 5064//9911
f 5064//9911 5113//9911 5065//9911
f 5077//9912 5066//9912 5076//9912
f 5076//9913 5066//9913 5068//9913
f 5076//9914 5068//9914 5103//9914
f 5103//9914 5068//9914 5114//9914
f 5103//9915 5114//9915 5104//9915
f 5104//9915 5114//9915 5115//9915
f 5104//9916 5115//9916 5105//9916
f 5105//9916 5115//9916 5116//9916
f 5105//9917 5116//9917 5106//9917
f 5106//9917 5116//9917 5117//9917
f 5106//9918 5117//9918 5107//9918
f 5107//9918 5117//9918 5118//9918
f 5107//9919 5118//9919 5108//9919
f 5108//9919 5118//9919 5119//9919
f 5108//9920 5119//9920 5109//9920
f 5109//9920 5119//9920 5120//9920
f 5109//9921 5120//9921 5110//9921
f 5110//9921 5120//9921 5121//9921
f 5110//9922 5121//9922 5111//9922
f 5111//9922 5121//9922 5122//9922
f 5111//9923 5122//9923 5112//9923
f 5112//9923 5122//9923 5123//9923
f 5112//9924 5123//9924 5113//9924
f 5113//9924 5123//9924 5124//9924
f 5113//9925 5124//9925 5065//9925
f 5065//9926 5124//9926 5049//9926
f 5067//9927 5125//9927 5126//9927
f 5067//9928 5126//9928 5068//9928
f 5068//9929 5126//9929 5127//9929
f 5068//9930 5127//9930 5114//9930
f 5114//9930 5127//9930 5128//9930
f 5114//9931 5128//9931 5115//9931
f 5115//9931 5128//9931 5129//9931
f 5115//9932 5129//9932 5116//9932
f 5116//9932 5129//9932 5130//9932
f 5116//9933 5130//9933 5117//9933
f 5117//9933 5130//9933 5131//9933
f 5117//9934 5131//9934 5118//9934
f 5118//9934 5131//9934 5132//9934
f 5118//9935 5132//9935 5119//9935
f 5119//9935 5132//9935 5133//9935
f 5119//9936 5133//9936 5120//9936
f 5120//9936 5133//9936 5134//9936
f 5120//9937 5134//9937 5121//9937
f 5121//9937 5134//9937 5135//9937
f 5121//9938 5135//9938 5122//9938
f 5122//9938 5135//9938 5136//9938
f 5122//9939 5136//9939 5123//9939
f 5123//9939 5136//9939 5137//9939
f 5123//9940 5137//9940 5124//9940
f 5124//9940 5137//9940 5138//9940
f 5124//9941 5138//9941 5049//9941
f 5049//9942 5138//9942 5058//9942
f 5125//9943 5071//9943 5126//9943
f 5126//9944 5071//9944 5139//9944
f 5126//9945 5139//9945 5127//9945
f 5127//9946 5139//9946 5128//9946
f 5128//9947 5139//9947 5140//9947
f 5128//9948 5140//9948 5129//9948
f 5129//9949 5140//9949 5130//9949
f 5130//9950 5140//9950 5141//9950
f 5130//9951 5141//9951 5131//9951
f 5131//9952 5141//9952 5132//9952
f 5132//9953 5141//9953 5142//9953
f 5132//9954 5142//9954 5133//9954
f 5133//9955 5142//9955 5143//9955
f 5133//9956 5143//9956 5134//9956
f 5134//9957 5143//9957 5135//9957
f 5135//9958 5143//9958 5144//9958
f 5135//9959 5144//9959 5136//9959
f 5136//9960 5144//9960 5137//9960
f 5137//9961 5144//9961 5145//9961
f 5137//9962 5145//9962 5138//9962
f 5138//9963 5145//9963 5058//9963
f 5058//9964 5145//9964 5061//9964
f 5139//9965 5071//9965 5070//9965
f 5139//9966 5070//9966 5140//9966
f 5140//9967 5070//9967 5146//9967
f 5140//9968 5146//9968 5141//9968
f 5141//9969 5146//9969 5147//9969
f 5141//9970 5147//9970 5142//9970
f 5142//9971 5147//9971 5148//9971
f 5142//9972 5148//9972 5143//9972
f 5143//9973 5148//9973 5149//9973
f 5143//9974 5149//9974 5144//9974
f 5144//9975 5149//9975 5150//9975
f 5144//9976 5150//9976 5145//9976
f 5145//9977 5150//9977 5151//9977
f 5145//9978 5151//9978 5061//9978
f 5061//9979 5151//9979 5062//9979
f 5072//9980 5069//9980 5039//9980
f 5072//9981 5039//9981 5070//9981
f 5070//9982 5039//9982 5042//9982
f 5070//9983 5042//9983 5146//9983
f 5146//9984 5042//9984 5147//9984
f 5147//9985 5042//9985 5148//9985
f 5148//9986 5042//9986 5043//9986
f 5148//9987 5043//9987 5149//9987
f 5149//9988 5043//9988 5150//9988
f 5150//9989 5043//9989 5038//9989
f 5150//9990 5038//9990 5151//9990
f 5151//9991 5038//9991 5062//9991
f 5028//9992 5027//9992 5152//9992
f 5153//9993 5154//9993 5155//9993
f 5155//9994 5154//9994 5152//9994
f 5152//9995 5154//9995 5156//9995
f 5152//9996 5156//9996 5157//9996
f 5152//9997 5157//9997 5028//9997
f 5158//9998 5159//9998 5160//9998
f 5158//9999 5160//9999 5161//9999
f 5161//10000 5160//10000 5162//10000
f 5161//10001 5162//10001 5163//10001
f 5163//10002 5162//10002 5153//10002
f 5153//10003 5162//10003 5164//10003
f 5153//10004 5164//10004 5154//10004
f 5025//10005 5026//10005 5165//10005
f 5165//10006 5026//10006 5166//10006
f 5165//10007 5166//10007 5167//10007
f 5165//10008 5167//10008 5168//10008
f 5168//10009 5167//10009 5158//10009
f 5158//10010 5167//10010 5159//10010
f 5153//10011 5155//10011 5163//10011
f 5161//10012 5169//10012 5158//10012
f 5158//10013 5169//10013 5170//10013
f 5158//10014 5170//10014 5168//10014
f 5168//10015 5170//10015 5165//10015
f 5165//10016 5170//10016 5171//10016
f 5165//10017 5171//10017 5021//10017
f 5165//10018 5021//10018 5025//10018
f 4997//10019 4998//10019 5174//10019
f 4997//10020 5174//10020 5175//10020
f 5176//10021 5177//10021 5175//10021
f 5178//10022 5179//10022 5180//10022
f 5182//10023 5183//10023 5184//10023
f 5184//10024 5183//10024 5185//10024
f 5185//10025 5183//10025 5186//10025
f 5185//10026 5186//10026 5187//10026
f 5187//10027 5186//10027 5189//10027
f 5187//10028 5189//10028 5188//10028
f 5188//10029 5189//10029 5036//10029
f 5188//10030 5036//10030 5035//10030
f 5173//10031 5172//10031 5191//10031
f 5191//10032 5172//10032 5031//10032
f 5191//10033 5031//10033 5036//10033
f 5192//10034 5163//10034 5155//10034
f 5193//10035 5190//10035 5194//10035
f 5194//10036 5190//10036 5173//10036
f 5194//10037 5173//10037 5195//10037
f 5195//10038 5173//10038 5191//10038
f 5179//10039 5193//10039 5196//10039
f 5196//10040 5193//10040 5194//10040
f 5196//10040 5194//10040 5197//10040
f 5197//10041 5194//10041 5195//10041
f 5197//10042 5195//10042 5186//10042
f 5186//10043 5195//10043 5191//10043
f 5186//10044 5191//10044 5189//10044
f 5189//10045 5191//10045 5036//10045
f 5180//10046 5179//10046 5181//10046
f 5181//10047 5179//10047 5196//10047
f 5181//10048 5196//10048 5182//10048
f 5182//10049 5196//10049 5197//10049
f 5182//10050 5197//10050 5183//10050
f 5183//10051 5197//10051 5186//10051
f 5198//10052 5031//10052 5172//10052
f 5198//10053 5172//10053 5199//10053
f 5199//10054 5172//10054 5173//10054
f 5199//10055 5173//10055 5200//10055
f 5200//10056 5173//10056 5190//10056
f 5200//10057 5190//10057 5201//10057
f 5201//10035 5190//10035 5193//10035
f 5201//10058 5193//10058 5202//10058
f 5202//10039 5193//10039 5179//10039
f 5202//10059 5179//10059 5176//10059
f 5176//10060 5179//10060 5178//10060
f 5176//10061 5178//10061 5177//10061
f 5203//10062 5204//10062 5205//10062
f 5030//10063 5031//10063 5206//10063
f 5206//10064 5031//10064 5198//10064
f 5206//10065 5198//10065 5207//10065
f 5207//10066 5198//10066 5199//10066
f 5207//10067 5199//10067 5208//10067
f 5208//10068 5199//10068 5200//10068
f 5208//10069 5200//10069 5209//10069
f 5209//10057 5200//10057 5201//10057
f 5209//10070 5201//10070 5210//10070
f 5210//10058 5201//10058 5202//10058
f 5210//10071 5202//10071 5211//10071
f 5211//10059 5202//10059 5176//10059
f 5211//10072 5176//10072 5174//10072
f 5174//10073 5176//10073 5175//10073
f 5212//10074 5204//10074 5213//10074
f 5213//10074 5204//10074 5203//10074
f 5213//10075 5203//10075 5214//10075
f 5215//10076 5013//10076 5214//10076
f 5215//10077 5214//10077 5216//10077
f 5216//10075 5214//10075 5203//10075
f 5216//10078 5203//10078 5217//10078
f 5217//10062 5203//10062 5205//10062
f 5217//10079 5205//10079 5218//10079
f 5219//10080 5220//10080 5221//10080
f 5221//10081 5220//10081 5222//10081
f 5221//10082 5222//10082 5223//10082
f 5223//10083 5222//10083 5224//10083
f 5223//10084 5224//10084 5225//10084
f 5225//10085 5224//10085 5226//10085
f 5225//10086 5226//10086 5227//10086
f 5227//10087 5226//10087 5192//10087
f 5227//10088 5192//10088 5228//10088
f 5228//10089 5192//10089 5155//10089
f 5228//10090 5155//10090 5152//10090
f 5229//10091 5027//10091 5230//10091
f 5229//10092 5230//10092 5228//10092
f 5228//10093 5230//10093 5231//10093
f 5228//10094 5231//10094 5232//10094
f 5232//10095 5231//10095 5233//10095
f 5232//10096 5233//10096 5234//10096
f 5234//10097 5233//10097 5235//10097
f 5234//10098 5235//10098 5236//10098
f 5236//10099 5235//10099 5237//10099
f 5236//10100 5237//10100 5238//10100
f 5238//10101 5237//10101 5239//10101
f 5238//10102 5239//10102 5240//10102
f 5240//10103 5239//10103 5241//10103
f 5240//10104 5241//10104 5005//10104
f 5230//10105 5030//10105 5242//10105
f 5230//10106 5242//10106 5243//10106
f 5244//10107 5243//10107 5245//10107
f 5244//10108 5245//10108 5246//10108
f 5246//10109 5245//10109 5247//10109
f 5246//10110 5247//10110 5248//10110
f 5248//10111 5247//10111 5249//10111
f 5248//10112 5249//10112 5250//10112
f 5250//10113 5249//10113 5251//10113
f 5250//10114 5251//10114 5252//10114
f 5252//10115 5251//10115 5253//10115
f 5242//10116 5030//10116 5206//10116
f 5242//10117 5206//10117 5243//10117
f 5243//10118 5206//10118 5207//10118
f 5243//10119 5207//10119 5245//10119
f 5245//10120 5207//10120 5254//10120
f 5245//10109 5254//10109 5247//10109
f 5247//10121 5254//10121 5255//10121
f 5247//10111 5255//10111 5249//10111
f 5249//10122 5255//10122 5256//10122
f 5249//10113 5256//10113 5251//10113
f 5251//10123 5256//10123 5257//10123
f 5251//10115 5257//10115 5253//10115
f 5253//10124 5257//10124 5258//10124
f 5253//10125 5258//10125 4999//10125
f 5163//10126 5218//10126 5161//10126
f 5161//10127 5218//10127 5205//10127
f 5161//10128 5205//10128 5169//10128
f 5169//10129 5205//10129 5204//10129
f 5169//10129 5204//10129 5170//10129
f 5170//10130 5204//10130 5212//10130
f 5170//10130 5212//10130 5171//10130
f 5171//10131 5212//10131 5019//10131
f 5171//10132 5019//10132 5021//10132
f 5013//10133 5015//10133 5214//10133
f 5214//10134 5015//10134 5213//10134
f 5213//10135 5015//10135 5017//10135
f 5213//10136 5017//10136 5212//10136
f 5212//10137 5017//10137 5019//10137
f 5163//10138 5192//10138 5218//10138
f 5218//10087 5192//10087 5226//10087
f 5218//10079 5226//10079 5217//10079
f 5217//10085 5226//10085 5224//10085
f 5217//10078 5224//10078 5216//10078
f 5216//10083 5224//10083 5222//10083
f 5216//10077 5222//10077 5215//10077
f 5215//10081 5222//10081 5220//10081
f 5215//10139 5220//10139 5013//10139
f 5008//10140 5009//10140 5219//10140
f 5219//10141 5009//10141 5220//10141
f 5220//10142 5009//10142 5011//10142
f 5220//10143 5011//10143 5013//10143
f 5005//10144 5008//10144 5240//10144
f 5240//10145 5008//10145 5219//10145
f 5240//10102 5219//10102 5238//10102
f 5238//10080 5219//10080 5221//10080
f 5238//10100 5221//10100 5236//10100
f 5236//10082 5221//10082 5223//10082
f 5236//10098 5223//10098 5234//10098
f 5234//10084 5223//10084 5225//10084
f 5234//10096 5225//10096 5232//10096
f 5232//10086 5225//10086 5227//10086
f 5232//10146 5227//10146 5228//10146
f 5229//10147 5228//10147 5152//10147
f 5229//10148 5152//10148 5027//10148
f 5027//10149 5030//10149 5230//10149
f 5231//10150 5230//10150 5243//10150
f 5231//10151 5243//10151 5233//10151
f 5233//10152 5243//10152 5244//10152
f 5233//10097 5244//10097 5235//10097
f 5235//10108 5244//10108 5246//10108
f 5235//10099 5246//10099 5237//10099
f 5237//10110 5246//10110 5248//10110
f 5237//10101 5248//10101 5239//10101
f 5239//10112 5248//10112 5250//10112
f 5239//10103 5250//10103 5241//10103
f 5241//10114 5250//10114 5252//10114
f 5241//10153 5252//10153 5005//10153
f 4999//10154 5002//10154 5253//10154
f 5253//10155 5002//10155 5252//10155
f 5252//10156 5002//10156 5003//10156
f 5252//10157 5003//10157 5005//10157
f 4998//10158 4999//10158 5174//10158
f 5174//10159 4999//10159 5258//10159
f 5174//10072 5258//10072 5211//10072
f 5211//10124 5258//10124 5257//10124
f 5211//10071 5257//10071 5210//10071
f 5210//10123 5257//10123 5256//10123
f 5210//10070 5256//10070 5209//10070
f 5209//10122 5256//10122 5255//10122
f 5209//10069 5255//10069 5208//10069
f 5208//10121 5255//10121 5254//10121
f 5208//10160 5254//10160 5207//10160
f 5259//10161 4745//10161 4850//10161
f 5260//10162 5259//10162 5261//10162
f 5259//10163 4850//10163 5261//10163
f 5261//10164 4850//10164 4849//10164
f 5261//10165 4849//10165 5263//10165
f 5263//10166 4849//10166 4848//10166
f 5263//10167 4848//10167 5264//10167
f 5260//10168 5261//10168 5263//10168
f 5260//10169 5263//10169 5265//10169
f 5265//10170 5263//10170 5264//10170
f 5265//10171 5264//10171 5266//10171
f 5262//10172 5260//10172 5265//10172
f 5262//10173 5265//10173 5267//10173
f 5267//10174 5265//10174 5266//10174
f 5267//10175 5266//10175 5268//10175
f 5041//10176 5262//10176 5267//10176
f 5041//10177 5267//10177 5268//10177
f 5041//10178 5268//10178 5047//10178
f 5269//10179 5046//10179 5270//10179
f 5269//10180 5270//10180 5271//10180
f 5271//10181 5270//10181 5272//10181
f 5271//10182 5272//10182 5273//10182
f 5273//10183 5272//10183 5274//10183
f 5273//10184 5274//10184 4746//10184
f 4746//10185 5274//10185 4628//10185
f 5275//10186 5271//10186 5273//10186
f 5275//10187 5273//10187 4744//10187
f 4744//10188 5273//10188 4746//10188
f 5041//10189 5046//10189 5262//10189
f 5262//10190 5046//10190 5269//10190
f 5262//10191 5269//10191 5260//10191
f 5260//10192 5269//10192 5271//10192
f 5260//10193 5271//10193 5259//10193
f 5259//10194 5271//10194 5275//10194
f 5259//10195 5275//10195 4745//10195
f 4745//10196 5275//10196 4744//10196
f 5264//10197 4848//10197 4859//10197
f 5264//10198 4859//10198 5276//10198
f 5276//10199 4859//10199 4855//10199
f 5276//10200 4855//10200 5277//10200
f 5277//10201 4855//10201 4860//10201
f 5277//10202 4860//10202 5278//10202
f 5278//10203 4860//10203 4766//10203
f 5278//10204 4766//10204 5279//10204
f 5266//10205 5264//10205 5276//10205
f 5266//10206 5276//10206 5280//10206
f 5280//10207 5276//10207 5277//10207
f 5280//10208 5277//10208 5281//10208
f 5281//10209 5277//10209 5278//10209
f 5281//10210 5278//10210 5282//10210
f 5282//10211 5278//10211 5279//10211
f 5282//10212 5279//10212 5283//10212
f 5268//10213 5266//10213 5280//10213
f 5268//10214 5280//10214 5281//10214
f 5268//10215 5281//10215 5284//10215
f 5284//10216 5281//10216 5282//10216
f 5284//10217 5282//10217 5285//10217
f 5285//10218 5282//10218 5283//10218
f 5285//10219 5283//10219 5286//10219
f 5047//10220 5268//10220 5284//10220
f 5047//10221 5284//10221 5048//10221
f 5048//10222 5284//10222 5285//10222
f 5048//10223 5285//10223 5286//10223
f 5048//10224 5286//10224 5044//10224
f 5287//10225 5040//10225 5288//10225
f 5287//10226 5288//10226 5289//10226
f 5289//10227 5288//10227 5290//10227
f 5289//10228 5290//10228 5291//10228
f 5291//10229 5290//10229 5292//10229
f 5291//10230 5292//10230 4635//10230
f 4635//10231 5292//10231 4512//10231
f 5046//10232 5040//10232 5270//10232
f 5270//10233 5040//10233 5287//10233
f 5270//10234 5287//10234 5293//10234
f 5293//10235 5287//10235 5289//10235
f 5293//10236 5289//10236 5294//10236
f 5294//10237 5289//10237 5291//10237
f 5294//10238 5291//10238 4627//10238
f 4627//10239 5291//10239 4635//10239
f 5272//10240 5270//10240 5293//10240
f 5272//10241 5293//10241 5274//10241
f 5274//10242 5293//10242 5294//10242
f 5274//10243 5294//10243 4628//10243
f 4628//10244 5294//10244 4627//10244
f 5045//10245 5044//10245 5286//10245
f 5295//10246 5286//10246 5283//10246
f 5295//10247 5283//10247 5296//10247
f 5296//10248 5283//10248 5279//10248
f 5296//10249 5279//10249 4767//10249
f 4767//10250 5279//10250 4766//10250
f 5297//10251 5045//10251 5286//10251
f 5297//10252 5286//10252 5298//10252
f 5298//10253 5286//10253 5295//10253
f 5298//10254 5295//10254 5299//10254
f 5299//10255 5295//10255 5296//10255
f 5299//10256 5296//10256 4768//10256
f 4768//10257 5296//10257 4767//10257
f 5040//10258 5039//10258 5288//10258
f 5288//10259 5039//10259 5300//10259
f 5288//10260 5300//10260 5301//10260
f 4513//10261 5302//10261 4509//10261
f 5290//10262 5288//10262 5301//10262
f 5290//10263 5301//10263 5292//10263
f 5292//10264 5301//10264 5302//10264
f 5292//10265 5302//10265 4512//10265
f 4512//10266 5302//10266 4513//10266
f 5056//10267 5304//10267 5057//10267
f 5056//10268 5306//10268 5307//10268
f 5056//10269 5307//10269 5304//10269
f 5306//10270 5056//10270 5060//10270
f 5306//10271 5060//10271 5308//10271
f 5308//10272 5060//10272 5045//10272
f 5308//10273 5045//10273 5297//10273
f 5303//10274 5304//10274 5307//10274
f 5303//10275 5307//10275 5309//10275
f 5309//10276 5307//10276 5306//10276
f 5309//10277 5306//10277 5308//10277
f 5309//10278 5308//10278 5310//10278
f 5310//10279 5308//10279 5297//10279
f 5310//10280 5297//10280 5298//10280
f 5305//10281 5303//10281 5309//10281
f 5305//10282 5309//10282 5311//10282
f 5311//10283 5309//10283 5310//10283
f 5311//10284 5310//10284 5312//10284
f 5312//10285 5310//10285 5298//10285
f 5312//10286 5298//10286 5299//10286
f 3985//10287 5305//10287 5311//10287
f 3985//10288 5311//10288 5312//10288
f 3985//10289 5312//10289 4769//10289
f 4769//10290 5312//10290 5299//10290
f 4769//10291 5299//10291 4768//10291
f 5300//10292 5039//10292 5069//10292
f 5300//10293 5069//10293 5313//10293
f 5313//10294 5069//10294 5073//10294
f 5073//10295 5314//10295 5313//10295
f 5313//10296 5314//10296 5301//10296
f 5313//10297 5301//10297 5300//10297
f 5302//10298 5301//10298 5314//10298
f 5302//10299 5314//10299 5316//10299
f 5316//10300 5314//10300 5315//10300
f 4509//10301 5302//10301 5316//10301
f 4509//10302 5316//10302 4510//10302
f 4510//10303 5316//10303 4500//10303
f 5320//10304 5317//10304 5318//10304
f 5320//10305 5318//10305 5321//10305
f 5321//10306 5318//10306 5319//10306
f 5321//10307 5319//10307 5059//10307
f 5059//10308 5319//10308 5050//10308
f 3985//10309 3983//10309 5305//10309
f 5305//10310 3983//10310 5317//10310
f 5305//10311 5317//10311 5303//10311
f 5303//10312 5317//10312 5320//10312
f 5303//10313 5320//10313 5304//10313
f 5304//10314 5320//10314 5321//10314
f 5304//10315 5321//10315 5057//10315
f 5057//10316 5321//10316 5059//10316
f 5075//10317 5325//10317 5077//10317
f 5322//10318 4378//10318 4501//10318
f 5322//10319 4501//10319 5326//10319
f 5326//10320 4501//10320 4502//10320
f 5326//10321 4502//10321 5327//10321
f 5327//10322 4502//10322 4498//10322
f 5323//10323 5322//10323 5326//10323
f 5323//10324 5326//10324 5328//10324
f 5328//10325 5326//10325 5329//10325
f 5329//10326 5326//10326 5327//10326
f 5329//10327 5327//10327 5315//10327
f 4498//10328 4500//10328 5327//10328
f 5327//10329 4500//10329 5316//10329
f 5327//10330 5316//10330 5315//10330
f 5324//10331 5323//10331 5328//10331
f 5324//10332 5328//10332 5330//10332
f 5330//10333 5328//10333 5329//10333
f 5330//10334 5329//10334 5331//10334
f 5331//10335 5329//10335 5315//10335
f 5331//10336 5315//10336 5332//10336
f 5332//10337 5315//10337 5314//10337
f 5325//10338 5324//10338 5077//10338
f 5077//10339 5324//10339 5330//10339
f 5077//10340 5330//10340 5333//10340
f 5333//10341 5330//10341 5331//10341
f 5333//10342 5331//10342 5334//10342
f 5334//10343 5331//10343 5125//10343
f 5125//10344 5331//10344 5332//10344
f 5125//10345 5332//10345 5335//10345
f 5335//10346 5332//10346 5314//10346
f 5335//10347 5314//10347 5073//10347
f 5077//10348 5333//10348 5066//10348
f 5066//10349 5333//10349 5334//10349
f 5066//10350 5334//10350 5067//10350
f 5067//10351 5334//10351 5125//10351
f 5125//10352 5335//10352 5071//10352
f 5071//10353 5335//10353 5073//10353
f 5336//10354 5024//10354 5054//10354
f 5336//10355 5054//10355 5339//10355
f 5339//10356 5054//10356 5052//10356
f 5339//10357 5052//10357 5340//10357
f 5340//10358 5052//10358 5050//10358
f 5340//10359 5050//10359 5319//10359
f 5337//10360 5336//10360 5339//10360
f 5337//10361 5339//10361 5341//10361
f 5341//10362 5339//10362 5340//10362
f 5341//10363 5340//10363 5342//10363
f 5342//10364 5340//10364 5319//10364
f 5342//10365 5319//10365 5318//10365
f 5338//10366 5337//10366 5341//10366
f 5338//10367 5341//10367 5343//10367
f 5343//10368 5341//10368 5342//10368
f 5343//10368 5342//10368 5344//10368
f 5344//10369 5342//10369 5318//10369
f 5344//10370 5318//10370 5317//10370
f 4026//10371 5338//10371 5343//10371
f 4026//10372 5343//10372 4027//10372
f 4027//10373 5343//10373 5344//10373
f 4027//10374 5344//10374 5317//10374
f 4027//10375 5317//10375 3983//10375
f 5026//10376 5024//10376 5345//10376
f 5345//10377 5024//10377 5336//10377
f 5345//10378 5336//10378 5346//10378
f 5346//10379 5336//10379 5337//10379
f 5346//10380 5337//10380 5347//10380
f 5347//10381 5337//10381 5338//10381
f 5347//10382 5338//10382 4028//10382
f 4028//10383 5338//10383 4026//10383
f 5348//10384 5026//10384 5345//10384
f 5348//10385 5345//10385 5349//10385
f 5349//10386 5345//10386 5346//10386
f 5349//10387 5346//10387 5350//10387
f 5350//10388 5346//10388 5347//10388
f 5350//10389 5347//10389 4025//10389
f 4025//10390 5347//10390 4028//10390
f 4485//10391 4378//10391 5351//10391
f 5351//10392 4378//10392 5322//10392
f 5351//10393 5322//10393 5352//10393
f 5352//10394 5322//10394 5323//10394
f 5352//10395 5323//10395 5353//10395
f 5353//10396 5323//10396 5324//10396
f 5353//10397 5324//10397 5074//10397
f 5074//10398 5324//10398 5325//10398
f 5074//10399 5325//10399 5075//10399
f 5354//10400 5351//10400 5352//10400
f 5354//10401 5352//10401 5355//10401
f 5355//10402 5352//10402 5353//10402
f 5355//10403 5353//10403 5356//10403
f 5356//10404 5353//10404 5074//10404
f 5356//10405 5074//10405 5078//10405
f 5357//10406 4485//10406 5351//10406
f 5357//10407 5351//10407 5358//10407
f 5358//10408 5351//10408 5354//10408
f 5358//10409 5354//10409 5359//10409
f 5359//10410 5354//10410 5355//10410
f 5359//10411 5355//10411 5360//10411
f 5360//10412 5355//10412 5356//10412
f 5360//10413 5356//10413 4995//10413
f 4995//10414 5356//10414 5078//10414
f 5361//10415 5159//10415 5167//10415
f 5361//10416 5167//10416 5364//10416
f 5364//10417 5167//10417 5166//10417
f 5364//10418 5166//10418 5348//10418
f 5348//10419 5166//10419 5026//10419
f 5362//10420 5361//10420 5364//10420
f 5362//10421 5364//10421 5365//10421
f 5365//10422 5364//10422 5348//10422
f 5365//10423 5348//10423 5349//10423
f 5363//10424 5362//10424 5365//10424
f 5363//10425 5365//10425 5366//10425
f 5366//10426 5365//10426 5349//10426
f 5366//10427 5349//10427 5350//10427
f 4023//10428 5363//10428 5366//10428
f 4023//10429 5366//10429 4025//10429
f 4025//10430 5366//10430 5350//10430
f 4995//10431 4997//10431 5367//10431
f 5367//10432 4997//10432 5368//10432
f 5367//10433 5368//10433 5369//10433
f 5369//10434 5368//10434 5370//10434
f 5369//10435 5370//10435 5371//10435
f 5371//10436 5370//10436 5372//10436
f 5371//10437 5372//10437 5373//10437
f 5373//10438 5372//10438 5374//10438
f 5373//10439 5374//10439 4495//10439
f 4495//10440 5374//10440 4487//10440
f 5360//10441 4995//10441 5367//10441
f 5360//10442 5367//10442 5359//10442
f 5359//10443 5367//10443 5369//10443
f 5359//10444 5369//10444 5358//10444
f 5358//10445 5369//10445 5371//10445
f 5358//10446 5371//10446 5357//10446
f 5357//10447 5371//10447 5373//10447
f 5357//10448 5373//10448 4485//10448
f 4485//10449 5373//10449 4495//10449
f 5378//10450 4023//10450 5375//10450
f 5378//10451 5375//10451 5379//10451
f 5379//10452 5375//10452 5376//10452
f 5379//10453 5376//10453 5380//10453
f 5380//10454 5376//10454 5377//10454
f 5380//10455 5377//10455 5160//10455
f 5160//10456 5377//10456 5162//10456
f 5363//10457 4023//10457 5378//10457
f 5363//10458 5378//10458 5362//10458
f 5362//10459 5378//10459 5379//10459
f 5362//10460 5379//10460 5361//10460
f 5361//10461 5379//10461 5380//10461
f 5361//10462 5380//10462 5159//10462
f 5159//10463 5380//10463 5160//10463
f 5177//10464 5178//10464 5381//10464
f 5177//10465 5381//10465 5382//10465
f 5382//10466 5381//10466 5383//10466
f 5382//10467 5383//10467 5384//10467
f 5384//10468 5383//10468 5385//10468
f 5384//10469 5385//10469 5386//10469
f 5386//10470 5385//10470 5387//10470
f 5386//10471 5387//10471 4488//10471
f 5175//10472 5177//10472 5388//10472
f 5388//10473 5177//10473 5389//10473
f 5389//10474 5177//10474 5382//10474
f 5389//10475 5382//10475 5390//10475
f 5390//10476 5382//10476 5384//10476
f 5390//10477 5384//10477 5386//10477
f 4997//10478 5175//10478 5368//10478
f 5368//10479 5175//10479 5388//10479
f 5368//10480 5388//10480 5370//10480
f 5370//10481 5388//10481 5389//10481
f 5370//10482 5389//10482 5372//10482
f 5372//10483 5389//10483 5390//10483
f 5372//10484 5390//10484 5374//10484
f 5374//10485 5390//10485 5386//10485
f 5374//10486 5386//10486 4487//10486
f 4487//10487 5386//10487 4488//10487
f 4095//10488 5393//10488 5394//10488
f 5391//10489 5028//10489 5157//10489
f 5391//10490 5157//10490 5395//10490
f 5395//10491 5157//10491 5156//10491
f 5395//10492 5156//10492 5154//10492
f 5395//10493 5154//10493 5396//10493
f 5396//10494 5154//10494 5164//10494
f 5396//10495 5164//10495 5397//10495
f 5397//10496 5164//10496 5162//10496
f 5397//10497 5162//10497 5377//10497
f 5392//10498 5391//10498 5395//10498
f 5392//10499 5395//10499 5398//10499
f 5398//10500 5395//10500 5396//10500
f 5398//10501 5396//10501 5399//10501
f 5399//10502 5396//10502 5397//10502
f 5399//10503 5397//10503 5400//10503
f 5400//10504 5397//10504 5377//10504
f 5400//10505 5377//10505 5376//10505
f 5393//10506 5392//10506 5394//10506
f 5394//10507 5392//10507 5398//10507
f 5394//10508 5398//10508 5399//10508
f 5394//10509 5399//10509 5401//10509
f 5401//10510 5399//10510 5400//10510
f 5401//10511 5400//10511 5375//10511
f 5375//10512 5400//10512 5376//10512
f 4095//10513 5394//10513 4092//10513
f 4092//10514 5394//10514 5401//10514
f 4092//10515 5401//10515 4093//10515
f 4093//10516 5401//10516 5375//10516
f 4093//10517 5375//10517 4023//10517
f 4097//10518 5402//10518 4095//10518
f 5029//10519 5028//10519 5403//10519
f 5403//10520 5028//10520 5391//10520
f 5403//10521 5391//10521 5404//10521
f 5404//10522 5391//10522 5392//10522
f 5404//10523 5392//10523 5402//10523
f 5402//10524 5392//10524 5393//10524
f 5402//10525 5393//10525 4095//10525
f 5405//10526 5029//10526 5403//10526
f 5405//10527 5403//10527 5406//10527
f 5406//10528 5403//10528 5404//10528
f 5406//10529 5404//10529 5407//10529
f 5407//10530 5404//10530 5402//10530
f 5407//10531 5402//10531 4096//10531
f 4096//10532 5402//10532 4097//10532
f 5381//10533 5178//10533 5180//10533
f 5383//10534 5381//10534 5180//10534
f 5181//10535 5182//10535 5410//10535
f 5410//10536 5182//10536 5184//10536
f 5184//10537 5185//10537 5411//10537
f 5411//10538 5185//10538 5187//10538
f 5411//10539 5187//10539 5412//10539
f 5383//10540 5180//10540 5181//10540
f 5383//10541 5181//10541 5413//10541
f 5413//10542 5181//10542 5410//10542
f 5413//10543 5410//10543 5414//10543
f 5414//10544 5410//10544 5184//10544
f 5414//10545 5184//10545 5411//10545
f 5414//10546 5411//10546 5415//10546
f 5415//10547 5411//10547 5412//10547
f 5415//10548 5412//10548 5416//10548
f 5385//10549 5383//10549 5413//10549
f 5385//10550 5413//10550 5417//10550
f 5417//10551 5413//10551 5414//10551
f 5417//10552 5414//10552 5418//10552
f 5418//10553 5414//10553 5415//10553
f 5418//10554 5415//10554 5409//10554
f 5409//10555 5415//10555 5416//10555
f 5409//10556 5416//10556 5408//10556
f 5387//10557 5385//10557 5417//10557
f 5387//10558 5417//10558 5419//10558
f 5419//10559 5417//10559 5418//10559
f 5419//10560 5418//10560 5409//10560
f 5419//10561 5409//10561 5420//10561
f 5420//10562 5409//10562 5408//10562
f 5420//10563 5408//10563 5421//10563
f 4488//10564 5387//10564 4728//10564
f 4728//10565 5387//10565 5419//10565
f 4728//10566 5419//10566 4737//10566
f 4737//10567 5419//10567 5420//10567
f 4737//10568 5420//10568 4735//10568
f 4735//10569 5420//10569 5421//10569
f 4735//10570 5421//10570 4013//10570
f 4117//10571 5422//10571 4096//10571
f 4096//10572 5422//10572 5407//10572
f 5422//10573 4117//10573 4119//10573
f 5422//10574 4119//10574 5423//10574
f 5423//10575 4119//10575 4120//10575
f 5423//10576 4120//10576 5424//10576
f 5424//10577 4120//10577 4109//10577
f 5424//10578 4109//10578 5425//10578
f 5406//10579 5407//10579 5422//10579
f 5406//10580 5422//10580 5426//10580
f 5426//10581 5422//10581 5423//10581
f 5426//10582 5423//10582 5427//10582
f 5427//10583 5423//10583 5424//10583
f 5427//10584 5424//10584 5428//10584
f 5428//10585 5424//10585 5425//10585
f 5428//10586 5425//10586 5429//10586
f 5405//10587 5406//10587 5426//10587
f 5405//10588 5426//10588 5430//10588
f 5430//10589 5426//10589 5427//10589
f 5430//10590 5427//10590 5431//10590
f 5431//10591 5427//10591 5428//10591
f 5431//10592 5428//10592 5429//10592
f 5431//10593 5429//10593 5432//10593
f 5029//10594 5405//10594 5430//10594
f 5029//10595 5430//10595 5033//10595
f 5033//10596 5430//10596 5431//10596
f 5033//10597 5431//10597 5432//10597
f 5033//10598 5432//10598 5037//10598
f 5416//10599 5412//10599 5408//10599
f 4010//10600 4013//10600 5433//10600
f 5433//10601 4013//10601 5421//10601
f 5433//10602 5421//10602 5434//10602
f 5434//10603 5421//10603 5408//10603
f 5434//10604 5408//10604 5435//10604
f 5435//10605 5408//10605 5412//10605
f 5435//10606 5412//10606 5188//10606
f 5188//10607 5412//10607 5187//10607
f 5035//10608 5435//10608 5188//10608
f 5436//10609 5429//10609 5425//10609
f 5436//10610 5425//10610 4111//10610
f 4111//10611 5425//10611 4109//10611
f 5437//10612 5037//10612 5432//10612
f 5437//10613 5432//10613 5438//10613
f 5438//10614 5432//10614 5429//10614
f 5438//10615 5429//10615 5439//10615
f 5439//10616 5429//10616 5436//10616
f 5439//10617 5436//10617 4114//10617
f 4114//10618 5436//10618 4111//10618
f 5440//10619 5437//10619 5438//10619
f 5440//10620 5438//10620 5441//10620
f 5441//10621 5438//10621 5439//10621
f 5441//10622 5439//10622 4089//10622
f 4089//10623 5439//10623 4114//10623
f 5035//10624 5032//10624 5435//10624
f 5435//10625 5032//10625 5442//10625
f 5435//10626 5442//10626 5434//10626
f 5434//10627 5442//10627 5443//10627
f 5434//10628 5443//10628 5433//10628
f 5433//10629 5443//10629 5444//10629
f 5433//10630 5444//10630 4010//10630
f 4010//10631 5444//10631 4012//10631
f 5034//10632 5037//10632 5445//10632
f 5445//10633 5037//10633 5437//10633
f 5445//10634 5437//10634 5446//10634
f 5446//10635 5437//10635 5440//10635
f 5446//10636 5440//10636 5447//10636
f 5447//10637 5440//10637 5441//10637
f 5447//10638 5441//10638 4085//10638
f 4085//10639 5441//10639 4089//10639
f 5448//10640 5446//10640 5447//10640
f 5448//10641 5447//10641 4082//10641
f 4082//10642 5447//10642 4085//10642
f 5449//10643 5034//10643 5445//10643
f 5449//10644 5445//10644 5450//10644
f 5450//10645 5445//10645 5446//10645
f 5450//10646 5446//10646 5451//10646
f 5451//10647 5446//10647 5448//10647
f 5451//10648 5448//10648 4057//10648
f 4057//10649 5448//10649 4082//10649
f 5452//10650 5449//10650 5450//10650
f 5452//10651 5450//10651 5453//10651
f 5453//10652 5450//10652 5451//10652
f 5453//10653 5451//10653 4052//10653
f 4052//10654 5451//10654 4057//10654
f 5032//10655 5034//10655 5454//10655
f 5454//10656 5034//10656 5449//10656
f 5454//10657 5449//10657 5455//10657
f 5455//10658 5449//10658 5452//10658
f 5455//10659 5452//10659 5456//10659
f 5456//10660 5452//10660 5453//10660
f 5456//10661 5453//10661 4044//10661
f 4044//10662 5453//10662 4052//10662
f 5442//10663 5032//10663 5454//10663
f 5442//10664 5454//10664 5443//10664
f 5443//10665 5454//10665 5455//10665
f 5443//10666 5455//10666 5444//10666
f 5444//10667 5455//10667 5456//10667
f 5444//10668 5456//10668 4012//10668
f 4012//10669 5456//10669 4044//10669
f 4992//10670 4988//10670 5459//10670
f 4986//10671 4992//10671 5461//10671
f 4984//10672 4986//10672 5463//10672
f 5465//10673 5466//10673 5467//10673
f 4983//10674 5468//10674 5469//10674
f 5469//10675 5468//10675 5467//10675
f 5470//10676 4982//10676 5469//10676
f 5469//10677 4982//10677 4983//10677
f 5471//10678 5472//10678 5473//10678
f 5473//10679 5472//10679 5474//10679
f 5474//10680 5472//10680 5611//10680
f 5474//10681 5611//10681 5470//10681
f 5470//10682 5611//10682 4981//10682
f 5470//10683 4981//10683 4982//10683
f 5471//10684 5473//10684 5475//10684
f 5475//10685 5473//10685 5476//10685
f 5475//10686 5476//10686 5477//10686
f 5477//10687 5476//10687 5478//10687
f 5477//10688 5478//10688 3958//10688
f 3956//10689 3957//10689 5479//10689
f 5479//10690 3957//10690 3958//10690
f 5479//10691 3958//10691 5478//10691
f 3980//10692 3978//10692 5480//10692
f 5481//10693 5482//10693 5483//10693
f 5483//10694 5482//10694 3978//10694
f 3978//10695 5482//10695 5480//10695
f 5481//10696 5483//10696 5458//10696
f 5481//10697 5458//10697 5484//10697
f 5484//10698 5458//10698 4988//10698
f 5484//10699 4988//10699 4987//10699
f 4989//10700 5485//10700 4990//10700
f 4990//10701 5485//10701 5486//10701
f 4990//10702 5486//10702 5487//10702
f 4990//10703 5487//10703 4993//10703
f 4993//10704 5487//10704 5488//10704
f 4993//10705 5488//10705 5489//10705
f 4993//10706 5489//10706 4994//10706
f 4994//10707 5489//10707 5490//10707
f 4994//10708 5490//10708 5491//10708
f 4994//10709 5491//10709 4991//10709
f 4991//10710 5491//10710 5492//10710
f 5485//10711 5493//10711 5486//10711
f 5486//10711 5493//10711 5494//10711
f 5486//10712 5494//10712 5487//10712
f 5487//10712 5494//10712 5495//10712
f 5487//10713 5495//10713 5488//10713
f 5488//10713 5495//10713 5496//10713
f 5488//10714 5496//10714 5489//10714
f 5489//10714 5496//10714 5497//10714
f 5489//10715 5497//10715 5490//10715
f 5490//10715 5497//10715 5498//10715
f 5490//10716 5498//10716 5491//10716
f 5491//10716 5498//10716 5466//10716
f 5491//10717 5466//10717 5492//10717
f 5492//10718 5466//10718 5465//10718
f 5493//10719 5479//10719 5494//10719
f 5494//10719 5479//10719 5478//10719
f 5494//10720 5478//10720 5495//10720
f 5495//10720 5478//10720 5476//10720
f 5495//10721 5476//10721 5496//10721
f 5496//10721 5476//10721 5473//10721
f 5496//10722 5473//10722 5497//10722
f 5497//10722 5473//10722 5474//10722
f 5497//10723 5474//10723 5498//10723
f 5498//10723 5474//10723 5470//10723
f 5498//10724 5470//10724 5466//10724
f 5466//10724 5470//10724 5469//10724
f 5466//10725 5469//10725 5467//10725
f 4989//10726 5464//10726 5485//10726
f 5485//10727 5464//10727 5499//10727
f 5485//10727 5499//10727 5493//10727
f 5493//10728 5499//10728 5500//10728
f 5493//10728 5500//10728 5479//10728
f 5479//10729 5500//10729 3961//10729
f 5479//10730 3961//10730 3956//10730
f 4989//10731 4984//10731 5464//10731
f 5464//10732 4984//10732 5502//10732
f 5464//10733 5502//10733 5499//10733
f 5499//10734 5502//10734 5501//10734
f 5499//10734 5501//10734 5500//10734
f 5500//10735 5501//10735 3959//10735
f 5500//10736 3959//10736 3961//10736
f 4984//10737 5463//10737 5503//10737
f 4984//10738 5503//10738 5502//10738
f 5502//10739 5503//10739 3964//10739
f 5502//10740 3964//10740 5501//10740
f 5501//10741 3964//10741 3959//10741
f 4986//10742 5462//10742 5463//10742
f 5463//10743 5462//10743 5504//10743
f 5463//10743 5504//10743 5503//10743
f 5503//10744 5504//10744 5457//10744
f 5503//10745 5457//10745 3964//10745
f 3964//10746 5457//10746 3968//10746
f 4986//10747 5461//10747 5462//10747
f 5462//10748 5461//10748 5505//10748
f 5462//10748 5505//10748 5504//10748
f 5504//10749 5505//10749 5506//10749
f 5504//10749 5506//10749 5457//10749
f 5457//10750 5506//10750 3971//10750
f 5457//10751 3971//10751 3968//10751
f 4992//10752 5460//10752 5461//10752
f 5461//10753 5460//10753 5508//10753
f 5461//10753 5508//10753 5505//10753
f 5505//10754 5508//10754 5507//10754
f 5505//10754 5507//10754 5506//10754
f 5506//10755 5507//10755 3973//10755
f 5506//10756 3973//10756 3971//10756
f 4992//10757 5459//10757 5460//10757
f 5460//10758 5459//10758 5509//10758
f 5460//10758 5509//10758 5508//10758
f 5508//10759 5509//10759 3976//10759
f 5508//10760 3976//10760 5507//10760
f 5507//10761 3976//10761 3973//10761
f 4988//10762 5458//10762 5459//10762
f 5459//10763 5458//10763 5483//10763
f 5459//10763 5483//10763 5509//10763
f 5509//10764 5483//10764 3978//10764
f 5509//10765 3978//10765 3976//10765
f 4973//10766 4975//10766 5512//10766
f 4972//10767 4973//10767 5514//10767
f 4979//10768 4972//10768 5516//10768
f 5520//10769 5522//10769 5523//10769
f 4971//10770 4970//10770 5524//10770
f 4971//10771 5524//10771 5525//10771
f 5525//10772 5524//10772 5526//10772
f 5525//10773 5526//10773 5527//10773
f 4948//10774 4947//10774 5528//10774
f 4948//10775 5528//10775 5526//10775
f 5526//10776 5528//10776 5527//10776
f 5529//10777 5579//10777 5530//10777
f 5529//10778 5530//10778 5531//10778
f 5531//10779 5530//10779 5532//10779
f 5531//10780 5532//10780 5533//10780
f 5533//10781 5532//10781 5534//10781
f 5533//10782 5534//10782 5535//10782
f 5536//10783 3982//10783 5537//10783
f 5537//10784 3982//10784 5538//10784
f 5537//10785 5538//10785 5534//10785
f 5534//10786 5538//10786 5535//10786
f 5523//10787 3981//10787 5536//10787
f 5536//10788 3981//10788 3982//10788
f 5523//10789 5522//10789 5539//10789
f 5523//10790 5539//10790 3981//10790
f 4977//10791 5518//10791 4978//10791
f 4978//10792 5518//10792 5519//10792
f 4978//10793 5519//10793 5540//10793
f 4978//10794 5540//10794 4980//10794
f 4980//10795 5540//10795 5541//10795
f 4980//10796 5541//10796 5542//10796
f 4980//10797 5542//10797 4976//10797
f 4976//10798 5542//10798 5543//10798
f 4976//10799 5543//10799 5544//10799
f 4976//10800 5544//10800 4975//10800
f 4975//10801 5544//10801 5545//10801
f 5518//10802 5520//10802 5519//10802
f 5519//10803 5520//10803 5521//10803
f 5519//10804 5521//10804 5540//10804
f 5540//10804 5521//10804 5546//10804
f 5540//10805 5546//10805 5541//10805
f 5541//10805 5546//10805 5547//10805
f 5541//10806 5547//10806 5542//10806
f 5542//10806 5547//10806 5548//10806
f 5542//10807 5548//10807 5543//10807
f 5543//10807 5548//10807 5549//10807
f 5543//10808 5549//10808 5544//10808
f 5544//10808 5549//10808 5550//10808
f 5544//10809 5550//10809 5545//10809
f 5545//10809 5550//10809 5551//10809
f 5521//10810 5520//10810 5523//10810
f 5521//10811 5523//10811 5546//10811
f 5546//10811 5523//10811 5536//10811
f 5546//10812 5536//10812 5547//10812
f 5547//10812 5536//10812 5537//10812
f 5547//10813 5537//10813 5548//10813
f 5548//10813 5537//10813 5534//10813
f 5548//10814 5534//10814 5549//10814
f 5549//10814 5534//10814 5532//10814
f 5549//10815 5532//10815 5550//10815
f 5550//10815 5532//10815 5530//10815
f 5550//10816 5530//10816 5551//10816
f 5551//10816 5530//10816 5552//10816
f 4970//10817 5517//10817 5524//10817
f 5524//10818 5517//10818 5553//10818
f 5524//10818 5553//10818 5526//10818
f 5526//10819 5553//10819 4950//10819
f 5526//10820 4950//10820 4948//10820
f 4970//10821 4979//10821 5517//10821
f 5517//10822 4979//10822 5554//10822
f 5517//10823 5554//10823 5553//10823
f 5553//10824 5554//10824 5511//10824
f 5553//10825 5511//10825 4950//10825
f 4950//10826 5511//10826 4953//10826
f 4979//10827 5516//10827 5555//10827
f 4979//10828 5555//10828 5554//10828
f 5554//10829 5555//10829 5556//10829
f 5554//10829 5556//10829 5511//10829
f 5511//10830 5556//10830 4951//10830
f 5511//10831 4951//10831 4953//10831
f 4972//10832 5515//10832 5516//10832
f 5516//10833 5515//10833 5558//10833
f 5516//10833 5558//10833 5555//10833
f 5555//10834 5558//10834 5557//10834
f 5555//10834 5557//10834 5556//10834
f 5556//10835 5557//10835 4955//10835
f 5556//10836 4955//10836 4951//10836
f 4972//10837 5514//10837 5515//10837
f 5515//10838 5514//10838 5559//10838
f 5515//10838 5559//10838 5558//10838
f 5558//10839 5559//10839 5560//10839
f 5558//10839 5560//10839 5557//10839
f 5557//10840 5560//10840 4959//10840
f 5557//10841 4959//10841 4955//10841
f 4973//10842 5513//10842 5514//10842
f 5514//10843 5513//10843 5561//10843
f 5514//10843 5561//10843 5559//10843
f 5559//10844 5561//10844 5510//10844
f 5559//10844 5510//10844 5560//10844
f 5560//10845 5510//10845 4961//10845
f 5560//10846 4961//10846 4959//10846
f 4973//10847 5512//10847 5513//10847
f 5513//10848 5512//10848 5562//10848
f 5513//10848 5562//10848 5561//10848
f 5561//10849 5562//10849 5563//10849
f 5561//10849 5563//10849 5510//10849
f 5510//10850 5563//10850 4967//10850
f 5510//10851 4967//10851 4961//10851
f 5579//10852 4964//10852 5530//10852
f 5530//10853 4964//10853 5552//10853
f 5552//10854 4964//10854 4965//10854
f 5552//10855 4965//10855 4966//10855
f 4975//10856 5545//10856 5512//10856
f 5512//10857 5545//10857 5551//10857
f 5512//10857 5551//10857 5562//10857
f 5562//10858 5551//10858 5552//10858
f 5562//10858 5552//10858 5563//10858
f 5563//10859 5552//10859 4966//10859
f 5563//10860 4966//10860 4967//10860
f 4960//10861 4958//10861 5566//10861
f 5566//10862 4958//10862 5564//10862
f 5566//10863 5564//10863 5567//10863
f 5567//10864 5564//10864 5565//10864
f 5567//10865 5565//10865 4147//10865
f 4147//10866 5565//10866 4149//10866
f 4960//10867 5566//10867 4956//10867
f 5568//10868 4146//10868 5569//10868
f 5568//10869 5569//10869 4957//10869
f 4957//10870 5569//10870 4952//10870
f 5567//10871 4147//10871 4146//10871
f 5567//10872 4146//10872 5566//10872
f 5566//10873 4146//10873 5568//10873
f 5566//10874 5568//10874 4956//10874
f 4956//10875 5568//10875 4957//10875
f 4146//10876 4144//10876 4145//10876
f 4146//10877 4145//10877 5569//10877
f 5569//10878 4145//10878 5570//10878
f 5569//10879 5570//10879 4954//10879
f 4952//10880 5569//10880 4954//10880
f 4949//10881 5570//10881 5571//10881
f 5571//10882 5570//10882 4145//10882
f 4946//10883 4949//10883 5571//10883
f 4152//10884 5571//10884 4145//10884
f 4947//10885 4946//10885 5572//10885
f 5572//10886 4946//10886 5571//10886
f 5572//10887 5571//10887 5573//10887
f 5573//10887 5571//10887 4152//10887
f 5573//10888 4152//10888 4135//10888
f 4969//10889 4968//10889 5574//10889
f 5574//10890 4968//10890 5575//10890
f 5574//10891 5575//10891 5576//10891
f 5576//10892 5575//10892 5577//10892
f 5576//10893 5577//10893 4181//10893
f 4962//10894 4969//10894 5574//10894
f 4963//10895 4962//10895 5574//10895
f 4963//10896 5574//10896 5565//10896
f 5565//10897 5574//10897 5576//10897
f 5565//10898 5576//10898 4149//10898
f 4149//10899 5576//10899 4181//10899
f 4958//10900 4963//10900 5564//10900
f 5564//10901 4963//10901 5565//10901
f 4965//10902 4964//10902 5578//10902
f 5578//10903 4964//10903 5579//10903
f 5578//10904 5579//10904 5580//10904
f 5578//10905 5580//10905 5581//10905
f 4966//10906 4965//10906 5582//10906
f 5582//10907 4965//10907 5578//10907
f 5582//10908 5578//10908 5577//10908
f 5577//10909 5578//10909 5581//10909
f 5577//10910 5581//10910 4181//10910
f 4181//10911 5581//10911 4215//10911
f 4968//10912 5582//10912 5575//10912
f 5575//10913 5582//10913 5577//10913
f 5582//10914 4968//10914 4966//10914
f 5583//10915 4971//10915 5525//10915
f 5583//10916 5525//10916 5527//10916
f 5584//10917 5583//10917 4133//10917
f 4133//10918 5583//10918 5527//10918
f 4133//10919 5527//10919 4129//10919
f 4133//10920 4132//10920 5584//10920
f 4137//10921 4129//10921 5585//10921
f 5585//10922 4129//10922 5527//10922
f 5585//10923 5527//10923 5528//10923
f 4138//10924 4137//10924 5585//10924
f 4947//10925 5585//10925 5528//10925
f 4135//10926 4138//10926 5573//10926
f 5573//10927 4138//10927 5572//10927
f 5572//10928 4138//10928 5585//10928
f 5572//10929 5585//10929 4947//10929
f 4132//10930 4131//10930 5584//10930
f 5584//10931 4131//10931 5586//10931
f 5584//10932 5586//10932 5583//10932
f 5583//10933 5586//10933 5587//10933
f 5583//10934 5587//10934 4971//10934
f 4971//10935 5587//10935 4974//10935
f 5580//10936 5579//10936 5529//10936
f 5581//10937 5580//10937 5588//10937
f 4215//10938 5581//10938 5589//10938
f 5538//10939 3982//10939 5590//10939
f 5580//10940 5529//10940 5588//10940
f 5588//10941 5529//10941 5531//10941
f 5588//10942 5531//10942 5533//10942
f 5533//10943 5535//10943 5591//10943
f 5591//10944 5535//10944 5538//10944
f 5581//10945 5588//10945 5589//10945
f 5589//10946 5588//10946 5533//10946
f 5589//10947 5533//10947 5591//10947
f 5589//10948 5591//10948 5592//10948
f 5592//10949 5591//10949 5538//10949
f 5592//10950 5538//10950 5590//10950
f 5592//10951 5590//10951 4205//10951
f 4215//10952 5589//10952 4201//10952
f 4201//10953 5589//10953 5592//10953
f 4201//10954 5592//10954 4207//10954
f 4207//10955 5592//10955 4205//10955
f 5586//10956 4131//10956 2000//10956
f 3982//10957 3981//10957 5593//10957
f 5593//10958 3981//10958 5594//10958
f 4205//10959 5594//10959 4203//10959
f 5590//10960 3982//10960 5593//10960
f 5590//10961 5593//10961 5594//10961
f 5590//10962 5594//10962 4205//10962
f 2000//10963 2704//10963 5586//10963
f 4168//10964 4203//10964 5595//10964
f 5595//10965 4203//10965 5594//10965
f 5595//10966 5594//10966 5539//10966
f 5539//10967 5594//10967 3981//10967
f 2702//10968 4161//10968 5596//10968
f 4977//10969 4974//10969 5587//10969
f 4977//10970 5587//10970 5597//10970
f 5597//10971 5587//10971 5586//10971
f 5597//10972 5586//10972 5596//10972
f 5596//10973 5586//10973 2702//10973
f 2702//10974 5586//10974 2704//10974
f 5595//10975 5539//10975 5522//10975
f 5595//10976 5522//10976 5598//10976
f 5598//10977 5522//10977 5520//10977
f 5598//10978 5520//10978 5599//10978
f 5599//10979 5520//10979 5518//10979
f 5599//10980 5518//10980 5597//10980
f 5597//10981 5518//10981 4977//10981
f 4168//10982 5595//10982 5598//10982
f 4168//10983 5598//10983 4166//10983
f 4166//10984 5598//10984 4165//10984
f 4165//10985 5598//10985 4162//10985
f 4162//10986 5598//10986 5599//10986
f 4162//10987 5599//10987 4163//10987
f 4163//10988 5599//10988 5597//10988
f 4163//10989 5597//10989 5596//10989
f 4163//10990 5596//10990 4161//10990
f 4982//10991 4981//10991 5600//10991
f 5600//10992 4981//10992 5601//10992
f 4983//10993 4982//10993 5600//10993
f 4983//10994 5600//10994 5603//10994
f 5603//10995 5600//10995 5601//10995
f 5603//10996 5601//10996 4807//10996
f 4807//10997 5601//10997 5602//10997
f 4807//10998 5602//10998 4802//10998
f 5604//10999 4805//10999 4803//10999
f 5605//11000 5604//11000 5606//11000
f 3958//11001 5605//11001 5607//11001
f 5604//11002 4803//11002 5606//11002
f 5606//11003 4803//11003 5608//11003
f 5608//11004 4803//11004 4801//11004
f 5608//11005 4801//11005 5609//11005
f 5609//11006 4801//11006 4802//11006
f 5609//11007 4802//11007 5602//11007
f 5605//11008 5606//11008 5607//11008
f 5607//11009 5606//11009 5608//11009
f 5608//11010 5609//11010 5610//11010
f 5610//11011 5609//11011 5611//11011
f 5611//11012 5609//11012 5602//11012
f 5611//11013 5602//11013 5601//11013
f 3958//11014 5607//11014 5477//11014
f 5477//11015 5607//11015 5475//11015
f 5475//11016 5607//11016 5608//11016
f 5475//11017 5608//11017 5471//11017
f 5471//11018 5608//11018 5610//11018
f 5471//11019 5610//11019 5472//11019
f 5472//11020 5610//11020 5611//11020
f 5611//11021 5601//11021 4981//11021
f 5468//11022 4983//11022 5603//11022
f 4683//11023 5603//11023 4807//11023
f 5612//11024 4991//11024 5492//11024
f 5612//11025 5492//11025 5465//11025
f 5465//11026 5467//11026 5614//11026
f 5614//11027 5467//11027 5468//11027
f 5614//11028 5468//11028 5603//11028
f 5613//11029 5612//11029 5465//11029
f 5613//11030 5465//11030 4686//11030
f 4686//11031 5465//11031 5614//11031
f 4686//11032 5614//11032 4685//11032
f 4685//11033 5614//11033 4682//11033
f 4682//11034 5614//11034 5603//11034
f 4682//11035 5603//11035 4683//11035
f 4688//11036 5613//11036 4686//11036
f 3956//11037 3962//11037 5615//11037
f 3957//11038 3956//11038 5616//11038
f 5616//11039 3956//11039 5615//11039
f 5616//11040 5615//11040 5604//11040
f 5604//11041 5615//11041 4820//11041
f 5604//11042 4820//11042 4805//11042
f 3958//11043 3957//11043 5616//11043
f 3958//11044 5616//11044 5605//11044
f 5605//11045 5616//11045 5604//11045
f 4688//11046 2825//11046 5617//11046
f 5617//11047 2825//11047 1876//11047
f 5613//11048 4688//11048 5617//11048
f 5613//11049 5617//11049 5612//11049
f 5617//11050 5618//11050 5612//11050
f 5612//11051 5618//11051 4991//11051
f 4991//11052 5618//11052 4985//11052
f 3965//11053 5619//11053 3966//11053
f 4701//11054 4817//11054 5620//11054
f 5620//11055 4817//11055 5619//11055
f 5620//11056 5619//11056 3963//11056
f 3963//11057 5619//11057 3965//11057
f 3960//11058 3966//11058 5621//11058
f 5621//11059 3966//11059 5619//11059
f 5621//11060 5619//11060 4817//11060
f 3962//11061 3960//11061 5615//11061
f 5615//11062 3960//11062 5621//11062
f 5615//11063 5621//11063 4820//11063
f 4820//11064 5621//11064 4817//11064
f 5622//11065 5618//11065 5617//11065
f 3979//11066 3980//11066 5623//11066
f 4692//11067 5623//11067 5624//11067
f 4692//11068 5624//11068 4572//11068
f 4692//11069 4695//11069 5623//11069
f 5623//11070 4695//11070 5625//11070
f 5623//11071 5625//11071 3979//11071
f 3979//11072 5625//11072 3977//11072
f 5625//11073 4697//11073 5626//11073
f 5625//11074 5626//11074 3975//11074
f 3975//11075 5626//11075 3974//11075
f 4695//11076 4696//11076 4697//11076
f 4695//11077 4697//11077 5625//11077
f 3977//11078 5625//11078 3975//11078
f 3972//11079 3974//11079 5626//11079
f 3970//11080 3972//11080 5627//11080
f 5627//11081 3972//11081 5626//11081
f 5627//11082 5626//11082 4699//11082
f 4699//11083 5626//11083 4697//11083
f 3969//11084 3970//11084 5627//11084
f 3967//11085 3969//11085 5620//11085
f 5620//11086 3969//11086 5627//11086
f 5620//11087 5627//11087 4701//11087
f 4701//11088 5627//11088 4699//11088
f 3963//11089 3967//11089 5620//11089
f 4568//11090 5617//11090 1876//11090
f 4987//11091 4985//11091 5618//11091
f 4987//11092 5618//11092 5628//11092
f 5628//11093 5618//11093 5622//11093
f 5628//11094 5622//11094 4574//11094
f 4574//11095 5622//11095 5617//11095
f 4574//11096 5617//11096 1875//11096
f 1875//11097 5617//11097 4568//11097
f 4577//11098 5629//11098 5630//11098
f 3980//11099 5480//11099 5623//11099
f 5623//11100 5480//11100 5629//11100
f 5623//11101 5629//11101 5624//11101
f 5624//11102 5629//11102 4579//11102
f 5624//11103 4579//11103 4572//11103
f 5480//11104 5482//11104 5629//11104
f 5629//11105 5482//11105 5630//11105
f 5630//11106 5482//11106 5481//11106
f 5630//11107 5481//11107 5484//11107
f 5630//11108 5484//11108 5628//11108
f 5628//11109 5484//11109 4987//11109
f 4577//11110 5630//11110 4576//11110
f 4576//11111 5630//11111 4574//11111
f 4574//11112 5630//11112 5628//11112
f 4579//11113 5629//11113 4577//11113
f 4576//11114 4574//11114 4575//11114
