# Blender 5.0.1
# www.blender.org
mtllib Yaw-link.mtl
o Yaw_link
v 0.045840 0.080000 0.232424
v 0.029873 0.080000 0.115119
v 0.021778 0.080000 0.116594
v 0.053095 0.080000 0.115753
v 0.042767 0.080000 0.114352
v 0.032354 0.080000 0.114783
v -0.013256 0.080000 0.147183
v -0.015945 0.080000 0.154030
v -0.017083 0.080000 0.157762
v -0.018958 0.080000 0.168014
v 0.063016 0.080000 0.118943
v 0.056081 0.080000 0.230487
v 0.065823 0.080000 0.226785
v 0.074766 0.080000 0.221432
v 0.082631 0.080000 0.214595
v 0.089176 0.080000 0.206484
v 0.094197 0.080000 0.197351
v 0.097539 0.080000 0.187479
v 0.099099 0.080000 0.177174
v 0.098828 0.080000 0.166756
v 0.096734 0.080000 0.156546
v 0.092883 0.080000 0.146862
v 0.019897 0.080000 0.117083
v 0.014406 0.080000 0.119028
v 0.010862 0.080000 0.120710
v 0.005615 0.080000 0.123888
v 0.000731 0.080000 0.127725
v -0.001776 0.080000 0.130103
v -0.005967 0.080000 0.134892
v -0.009592 0.080000 0.140190
v -0.019007 0.080000 0.178436
v -0.017228 0.080000 0.188705
v -0.013675 0.080000 0.198503
v 0.087393 0.080000 0.138003
v 0.080435 0.080000 0.130243
v 0.072225 0.080000 0.123824
v -0.008460 0.080000 0.207526
v -0.001744 0.080000 0.215495
v 0.006266 0.080000 0.222164
v 0.015320 0.080000 0.227325
v 0.025139 0.080000 0.230818
v 0.035419 0.080000 0.232535
v 0.102085 -0.077217 0.177360
v 0.102204 -0.077217 0.173072
v 0.102494 -0.073103 0.173070
v 0.100447 -0.077217 0.188186
v 0.101355 -0.077217 0.183750
v 0.101641 -0.073103 0.183798
v 0.096936 -0.077217 0.198556
v 0.098687 -0.077217 0.194124
v 0.098960 -0.073103 0.194220
v 0.091661 -0.077217 0.208150
v 0.094279 -0.077217 0.203886
v 0.094531 -0.073103 0.204028
v 0.084785 -0.077217 0.216671
v 0.088261 -0.077217 0.212747
v 0.088486 -0.073103 0.212930
v 0.104111 0.001038 0.184211
v 0.103404 0.039123 0.184092
v 0.100647 0.039123 0.194813
v 0.099601 0.077217 0.155690
v 0.101208 0.077217 0.162407
v 0.103252 0.039123 0.162037
v 0.101800 0.077217 0.166415
v 0.102204 0.077217 0.173072
v 0.104281 0.039123 0.173058
v 0.084785 0.077217 0.216671
v 0.080812 0.077217 0.220445
v 0.082175 0.039123 0.222013
v 0.076523 0.077217 0.223855
v 0.072154 0.077217 0.226751
v 0.073227 0.039123 0.228529
v 0.067128 0.077217 0.229478
v 0.062542 0.077217 0.231477
v 0.063294 0.039123 0.233413
v 0.056894 0.077217 0.233367
v 0.052261 0.077217 0.234485
v 0.052671 0.039123 0.236521
v 0.046136 0.077217 0.235402
v 0.041617 0.077217 0.235684
v 0.041671 0.039123 0.237761
v 0.035188 0.077217 0.235519
v 0.030925 0.077217 0.235040
v 0.030622 0.039123 0.237095
v 0.024389 0.077217 0.233714
v 0.020502 0.077217 0.232570
v 0.019851 0.039123 0.234543
v -0.002073 0.058498 0.220923
v 0.002354 0.055704 0.224694
v 0.001683 0.077217 0.222503
v 0.035510 0.075924 0.111364
v 0.031968 0.077217 0.111816
v 0.040762 0.077217 0.111300
v 0.050447 0.065222 0.111366
v 0.047137 0.068730 0.111121
v 0.051422 0.077217 0.112352
v 0.043361 0.071731 0.111002
v 0.040431 0.073560 0.111038
v 0.060630 0.039713 0.112641
v 0.058653 0.047640 0.112345
v 0.061742 0.077217 0.115218
v 0.056815 0.053567 0.112106
v 0.054802 0.058362 0.111849
v 0.052362 0.062626 0.111560
v 0.062036 0.031327 0.112838
v 0.062469 0.039123 0.113272
v 0.062767 0.022661 0.112875
v 0.072468 0.039123 0.118020
v 0.062847 0.020937 0.112867
v 0.063040 0.008060 0.112753
v 0.072830 0.001038 0.117401
v 0.063040 -0.008546 0.112757
v 0.063036 -0.010988 0.112779
v 0.060566 -0.040005 0.112631
v 0.061931 -0.032158 0.112827
v 0.062495 -0.037023 0.113202
v 0.062734 -0.023286 0.112877
v 0.072506 -0.037023 0.117955
v 0.051475 -0.073103 0.112067
v 0.051325 -0.064096 0.111451
v 0.061844 -0.073103 0.114947
v 0.053078 -0.061505 0.111640
v 0.055593 -0.056650 0.111949
v 0.057712 -0.050882 0.112222
v 0.058644 -0.047673 0.112344
v 0.042853 -0.072075 0.111000
v 0.044636 -0.070810 0.111022
v 0.048236 -0.067675 0.111189
v 0.040762 -0.077217 0.111300
v 0.031968 -0.077217 0.111816
v 0.033868 -0.076553 0.111550
v -0.019968 -0.077217 0.156966
v -0.021702 -0.077217 0.165604
v -0.020297 -0.077033 0.158157
v -0.021659 -0.076049 0.164662
v -0.022142 -0.077217 0.176306
v -0.022391 -0.074598 0.173381
v -0.021954 -0.075712 0.166824
v -0.017804 -0.073103 0.197256
v -0.020637 -0.071206 0.189149
v -0.021022 -0.073103 0.186988
v -0.021222 -0.071873 0.186460
v -0.022147 -0.073329 0.179933
v -0.012871 -0.073103 0.206821
v -0.016305 -0.067559 0.201450
v -0.018783 -0.069480 0.195420
v -0.006371 -0.073103 0.215397
v -0.012044 -0.064666 0.209074
v -0.013211 -0.065427 0.207217
v 0.001504 -0.073103 0.222731
v -0.003869 -0.059601 0.219182
v -0.008194 -0.062248 0.214359
v 0.012114 -0.048239 0.231004
v 0.008809 -0.051137 0.229126
v 0.010521 -0.073103 0.228605
v 0.004394 -0.054351 0.226217
v 0.000879 -0.056653 0.223512
v 0.014291 -0.045786 0.232128
v 0.020411 -0.073103 0.232846
v 0.015838 -0.043331 0.232893
v 0.016001 -0.042991 0.232974
v 0.018998 -0.024545 0.234715
v 0.017845 -0.034430 0.234016
v 0.019828 -0.037023 0.234614
v 0.017428 -0.037088 0.233767
v 0.016845 -0.040316 0.233420
v 0.016984 0.039590 0.233502
v 0.018253 0.031453 0.234262
v 0.018778 0.026849 0.234580
v 0.019696 0.014305 0.235147
v 0.030517 0.001038 0.237804
v 0.020036 0.000716 0.235358
v 0.020016 -0.003492 0.235346
v 0.015544 0.043889 0.232748
v 0.016379 0.042066 0.233165
v 0.010657 0.077217 0.228350
v 0.006769 0.052683 0.227844
v 0.009075 0.050924 0.229286
v 0.014073 0.077217 0.230044
v 0.012075 0.048276 0.230984
v 0.014005 0.046153 0.231985
v -0.006156 0.077217 0.215203
v -0.007315 0.061708 0.215422
v -0.002885 0.058998 0.220152
v -0.012626 0.077217 0.206666
v -0.017536 0.077217 0.197146
v -0.017940 0.068794 0.197677
v -0.015216 0.066785 0.203646
v -0.014742 0.066457 0.204540
v -0.011285 0.064180 0.210209
v -0.020739 0.077217 0.186925
v -0.022142 0.077217 0.176306
v -0.022331 0.073878 0.177208
v -0.021691 0.072505 0.183742
v -0.021492 0.072222 0.184982
v -0.020037 0.070601 0.191452
v -0.019968 0.077217 0.156966
v -0.021396 0.076285 0.163090
v -0.021702 0.077217 0.165604
v -0.021557 0.076145 0.164025
v -0.022291 0.075083 0.170629
v 0.091661 0.077217 0.208150
v 0.088261 0.077217 0.212747
v 0.089873 0.039123 0.214058
v 0.096936 0.077217 0.198556
v 0.094279 0.077217 0.203886
v 0.096091 0.039123 0.204901
v 0.102085 0.077217 0.177360
v 0.101355 0.077217 0.183750
v 0.100447 0.077217 0.188186
v 0.098687 0.077217 0.194124
v 0.071419 0.077217 0.119813
v 0.081504 0.039123 0.124412
v 0.080163 0.077217 0.125998
v 0.089310 0.039123 0.132260
v 0.087717 0.077217 0.133593
v 0.095654 0.039123 0.141331
v 0.093856 0.077217 0.142371
v 0.100348 0.039123 0.151356
v 0.098398 0.077217 0.152071
v 0.104998 0.001038 0.173053
v 0.104356 -0.037023 0.173058
v 0.101021 0.001038 0.151109
v 0.096275 0.001038 0.140972
v 0.089860 0.001038 0.131800
v 0.081967 0.001038 0.123865
v 0.103958 0.001038 0.161909
v 0.103326 -0.037023 0.162024
v 0.101493 -0.073103 0.162356
v 0.100418 -0.037023 0.151330
v 0.095719 -0.037023 0.141293
v 0.089368 -0.037023 0.132212
v 0.081553 -0.037023 0.124355
v 0.030883 -0.073103 0.235326
v 0.019598 -0.016197 0.235086
v 0.030611 -0.037023 0.237169
v 0.041673 -0.037023 0.237836
v 0.041625 -0.073103 0.235974
v 0.052318 -0.073103 0.234769
v 0.041690 0.001038 0.238478
v 0.052812 0.001038 0.237224
v 0.052685 -0.037023 0.236595
v 0.063321 -0.037023 0.233483
v 0.062647 -0.073103 0.231747
v 0.072303 -0.073103 0.226999
v 0.098670 -0.073103 0.151971
v 0.094107 -0.073103 0.142226
v 0.087939 -0.073103 0.133407
v 0.080350 -0.073103 0.125777
v 0.071565 -0.073103 0.119562
v 0.010657 -0.077217 0.228350
v 0.001683 -0.077217 0.222503
v -0.006156 -0.077217 0.215203
v -0.012626 -0.077217 0.206666
v -0.017536 -0.077217 0.197146
v -0.020739 -0.077217 0.186925
v 0.014073 -0.077217 0.230044
v 0.020502 -0.077217 0.232570
v 0.024389 -0.077217 0.233714
v 0.030925 -0.077217 0.235040
v 0.035188 -0.077217 0.235519
v 0.041617 -0.077217 0.235684
v 0.046136 -0.077217 0.235402
v 0.052261 -0.077217 0.234485
v 0.056894 -0.077217 0.233367
v 0.062542 -0.077217 0.231477
v 0.067128 -0.077217 0.229478
v 0.072154 -0.077217 0.226751
v 0.076523 -0.077217 0.223855
v 0.063554 0.001038 0.234082
v 0.073266 -0.037023 0.228593
v 0.081003 -0.073103 0.220664
v 0.080812 -0.077217 0.220445
v 0.073598 0.001038 0.229143
v 0.082224 -0.037023 0.222069
v 0.082646 0.001038 0.222554
v 0.089931 -0.037023 0.214105
v 0.090429 0.001038 0.214511
v 0.096157 -0.037023 0.204938
v 0.096717 0.001038 0.205251
v 0.100717 -0.037023 0.194838
v 0.101323 0.001038 0.195050
v 0.103478 -0.037023 0.184105
v 0.101800 -0.077217 0.166415
v 0.101208 -0.077217 0.162407
v 0.038552 -0.074555 0.111122
v 0.051422 -0.077217 0.112352
v 0.061742 -0.077217 0.115218
v 0.071419 -0.077217 0.119813
v 0.080163 -0.077217 0.125998
v 0.087717 -0.077217 0.133593
v 0.093856 -0.077217 0.142371
v 0.098398 -0.077217 0.152071
v 0.099601 -0.077217 0.155690
v -0.011704 -0.080000 0.143980
v -0.011090 -0.080000 0.142817
v 0.094197 -0.080000 0.197351
v -0.014740 -0.080000 0.150706
v 0.021778 -0.080000 0.116594
v 0.029873 -0.080000 0.115119
v -0.018958 -0.080000 0.168014
v -0.017083 -0.080000 0.157762
v 0.074766 -0.080000 0.221432
v 0.082631 -0.080000 0.214595
v 0.032354 -0.080000 0.114783
v 0.042767 -0.080000 0.114352
v 0.053095 -0.080000 0.115753
v 0.089176 -0.080000 0.206484
v -0.009592 -0.080000 0.140190
v -0.005967 -0.080000 0.134892
v -0.001776 -0.080000 0.130103
v 0.063016 -0.080000 0.118943
v 0.072225 -0.080000 0.123824
v 0.080435 -0.080000 0.130243
v 0.087393 -0.080000 0.138003
v 0.092883 -0.080000 0.146862
v 0.096734 -0.080000 0.156546
v 0.098828 -0.080000 0.166756
v 0.099099 -0.080000 0.177174
v 0.097539 -0.080000 0.187479
v 0.065823 -0.080000 0.226785
v -0.001744 -0.080000 0.215495
v -0.008460 -0.080000 0.207526
v -0.013675 -0.080000 0.198503
v -0.017228 -0.080000 0.188705
v -0.019007 -0.080000 0.178436
v 0.000731 -0.080000 0.127725
v 0.005615 -0.080000 0.123888
v 0.010862 -0.080000 0.120710
v 0.014406 -0.080000 0.119028
v 0.019897 -0.080000 0.117083
v 0.025139 -0.080000 0.230818
v 0.015320 -0.080000 0.227325
v 0.035419 -0.080000 0.232535
v 0.045840 -0.080000 0.232424
v 0.056081 -0.080000 0.230487
v 0.006266 -0.080000 0.222164
v 0.061333 0.050913 0.079922
v 0.056135 0.056792 0.081323
v 0.056075 0.056805 0.087469
v 0.050448 0.062026 0.083116
v -0.015356 0.076049 0.123416
v 0.000150 0.077199 0.117165
v 0.000006 0.078007 0.099342
v -0.031186 0.069975 0.162389
v -0.025089 0.072175 0.157982
v -0.027427 0.072354 0.149131
v -0.046804 -0.050680 0.186397
v -0.050599 -0.043951 0.188170
v -0.055966 -0.044054 0.177999
v -0.037700 -0.070179 0.111178
v -0.030692 -0.072993 0.108815
v -0.030171 -0.072690 0.129674
v -0.061653 -0.007555 0.191174
v -0.060650 -0.015061 0.190899
v -0.053244 -0.014971 0.200485
v 0.079596 -0.007855 0.065420
v 0.080002 0.000000 0.065374
v 0.080004 0.000000 0.077024
v 0.007940 -0.078361 0.079464
v 0.000003 -0.078711 0.081119
v 0.000000 -0.080227 0.002462
v 0.074264 -0.029748 -0.101500
v 0.078483 -0.015506 -0.101500
v 0.078412 -0.015922 0.007166
v -0.068132 0.041929 -0.101500
v -0.074752 0.028497 -0.101500
v -0.073713 0.031183 -0.002024
v 0.004368 -0.077047 0.116830
v -0.001246 -0.077028 0.120960
v 0.000150 -0.077199 0.117165
v -0.025701 -0.071249 0.165720
v -0.025936 -0.070223 0.172595
v -0.027693 -0.069928 0.170968
v -0.015472 -0.061934 0.207290
v -0.014222 -0.061255 0.209163
v -0.014414 -0.056954 0.214025
v -0.000620 -0.054189 0.223563
v 0.003027 -0.052187 0.226218
v 0.002453 -0.050397 0.226999
v -0.017120 0.062855 0.204585
v -0.019566 0.062447 0.203189
v -0.022748 0.056935 0.207836
v -0.025924 0.070669 0.169716
v -0.027693 0.069928 0.170968
v -0.025749 0.069564 0.176582
v 0.044532 0.065275 0.105343
v 0.043038 0.066594 0.104454
v 0.040946 0.067877 0.105521
v 0.063765 0.008139 0.103189
v 0.063844 0.000000 0.103134
v 0.066998 0.000000 0.102242
v 0.040461 -0.068179 0.105548
v 0.036328 -0.070380 0.105840
v 0.037412 -0.070104 0.101524
v 0.030472 -0.072690 0.104656
v 0.031757 -0.072186 0.106362
v 0.025104 -0.074152 0.107585
v 0.023192 -0.074633 0.107787
v 0.019116 -0.075480 0.109304
v 0.015782 -0.077320 0.077810
v 0.043038 -0.066594 0.104454
v 0.042159 -0.067073 0.105459
v 0.043947 -0.066565 0.098485
v 0.052652 -0.056849 0.103263
v 0.050299 -0.059140 0.104903
v 0.048995 -0.062149 0.101316
v 0.048549 -0.061334 0.105080
v 0.045576 -0.064372 0.105287
v 0.057492 -0.050765 0.100993
v 0.055590 -0.049797 0.104118
v 0.053002 -0.054966 0.104533
v 0.058960 -0.044054 0.102906
v 0.065617 -0.029929 0.101335
v 0.059484 -0.039392 0.103753
v 0.061453 -0.031923 0.103642
v 0.065658 -0.015061 0.102612
v 0.062841 -0.023303 0.103476
v 0.061876 -0.029790 0.103604
v 0.063754 -0.008628 0.103196
v 0.063686 -0.011082 0.103233
v 0.063520 -0.015013 0.103304
v 0.061618 0.031125 0.103628
v 0.061876 0.029790 0.103604
v 0.065617 0.029929 0.101335
v 0.062911 0.022689 0.103464
v 0.054512 0.056834 0.098657
v 0.049575 0.060089 0.104982
v 0.052652 0.056849 0.103263
v 0.052118 0.056452 0.104666
v 0.054450 0.052238 0.104301
v 0.037412 0.070104 0.101524
v 0.043947 0.066565 0.098485
v 0.050055 0.062106 0.095707
v 0.030472 0.072690 0.104656
v 0.033368 0.071614 0.106150
v 0.038140 0.069492 0.105695
v 0.019116 0.075480 0.109304
v 0.024122 0.074398 0.107825
v 0.027813 0.073416 0.107004
v 0.000627 0.077072 0.119496
v 0.004553 0.077041 0.116706
v 0.009850 0.076741 0.113477
v -0.004843 0.076837 0.124048
v -0.009744 0.076340 0.129018
v -0.025383 0.071650 0.162768
v -0.025300 0.071731 0.162151
v -0.025236 0.071783 0.161776
v -0.023684 0.072742 0.154913
v -0.021436 0.073697 0.148250
v -0.018493 0.074626 0.141809
v -0.033006 0.066686 0.175696
v -0.032731 0.062341 0.188631
v -0.028232 0.066719 0.183898
v -0.022946 0.066586 0.191264
v -0.024640 0.068055 0.184623
v -0.017633 0.063149 0.203679
v -0.020605 0.064955 0.197618
v -0.026607 0.062393 0.196332
v -0.013412 0.060822 0.210306
v -0.009202 0.058627 0.215533
v -0.014414 0.056954 0.214025
v -0.004547 0.056241 0.220243
v -0.016862 0.050495 0.217681
v -0.007447 0.050447 0.222921
v 0.007855 0.049226 0.229204
v 0.005481 0.050744 0.227805
v 0.002453 0.050397 0.226999
v 0.000913 0.053363 0.224726
v -0.003698 0.055802 0.221006
v 0.001079 0.043274 0.229230
v 0.010930 0.046945 0.230840
v 0.011763 0.043155 0.232030
v 0.012896 0.045119 0.231796
v 0.014454 0.043169 0.232520
v 0.010188 0.028696 0.233325
v 0.017043 0.031266 0.234001
v 0.015874 0.039333 0.233234
v 0.015698 0.040305 0.233120
v 0.015291 0.041597 0.232912
v 0.008852 0.000000 0.234354
v 0.018649 0.000712 0.235118
v 0.018347 0.014227 0.234902
v 0.009193 -0.014387 0.234085
v 0.018259 -0.016109 0.234840
v 0.018632 -0.003473 0.235106
v 0.017720 -0.024407 0.234461
v 0.010188 -0.028696 0.233325
v 0.016670 -0.034220 0.233753
v 0.010969 -0.046913 0.230859
v 0.013187 -0.044803 0.231933
v 0.011763 -0.043155 0.232030
v 0.014750 -0.042688 0.232657
v 0.014913 -0.042395 0.232733
v 0.015698 -0.040305 0.233120
v 0.015745 -0.040051 0.233150
v 0.016286 -0.036855 0.233501
v 0.007581 -0.049410 0.229049
v 0.001079 -0.043274 0.229230
v -0.007447 -0.050447 0.222921
v -0.005578 -0.056770 0.219280
v -0.010131 -0.059106 0.214471
v -0.016862 -0.050495 0.217681
v -0.025467 -0.071561 0.163440
v -0.031186 -0.069975 0.162389
v -0.025300 -0.071731 0.162151
v -0.019258 -0.074409 0.143323
v -0.022022 -0.073475 0.149785
v -0.027427 -0.072354 0.149131
v -0.024110 -0.072517 0.156501
v -0.015205 -0.075419 0.136172
v -0.018554 -0.074609 0.141927
v -0.006397 -0.076710 0.125516
v -0.015356 -0.076049 0.123416
v -0.009830 -0.076328 0.129116
v -0.013883 -0.075683 0.134224
v 0.000006 -0.078007 0.099342
v 0.013571 -0.076349 0.111566
v 0.007844 -0.076890 0.114630
v -0.023431 0.075606 0.086079
v -0.023642 0.076582 0.001031
v -0.030812 0.073256 0.087727
v -0.031066 0.073822 0.000562
v -0.037829 0.070245 0.089369
v -0.038102 0.070387 0.000100
v -0.044414 0.066468 0.090959
v -0.044683 0.066370 -0.000346
v -0.050553 0.061957 0.092419
v -0.050801 0.061808 -0.000760
v -0.056227 0.056768 0.093674
v -0.066219 0.044968 -0.001683
v -0.066070 0.044654 0.095368
v -0.061592 0.051105 -0.001438
v -0.061409 0.050974 0.094668
v -0.056444 0.056717 -0.001128
v -0.015777 0.077320 0.084428
v -0.008015 0.079816 0.001983
v -0.015929 0.078593 0.001505
v -0.003169 0.079937 -0.101500
v -0.017726 0.078012 -0.101500
v -0.044643 0.066385 -0.101500
v -0.044225 0.066664 -0.101500
v -0.031584 0.073501 -0.101500
v -0.055455 0.057661 -0.101500
v -0.056412 0.056725 -0.101500
v -0.059191 0.053819 -0.101500
v -0.066197 0.044921 -0.101500
v 0.015929 0.078593 0.003419
v 0.015782 0.077320 0.077810
v 0.023642 0.076582 0.003894
v 0.023436 0.075606 0.076159
v 0.031066 0.073822 0.004363
v 0.030818 0.073256 0.074511
v 0.038102 0.070387 0.004825
v 0.037835 0.070245 0.072869
v 0.044683 0.066370 0.005271
v 0.044420 0.066468 0.071279
v 0.050801 0.061808 0.005685
v 0.050559 0.061957 0.069819
v 0.056444 0.056717 0.006053
v 0.056232 0.056768 0.068564
v 0.061592 0.051105 0.006363
v 0.061414 0.050974 0.067570
v 0.066219 0.044968 0.006608
v 0.066075 0.044654 0.066870
v 0.070285 0.038305 0.006793
v 0.070171 0.037886 0.066425
v 0.073713 0.031183 0.006948
v 0.026013 0.075652 -0.101500
v 0.039677 0.069467 -0.101500
v 0.044643 0.066385 -0.101500
v 0.051771 0.060990 -0.101500
v 0.056412 0.056725 -0.101500
v 0.057884 0.055221 -0.101500
v 0.066197 0.044921 -0.101500
v 0.066804 0.044014 -0.101500
v 0.073653 0.031229 -0.101500
v 0.078122 0.017232 -0.101500
v 0.080000 0.000000 0.007242
v 0.079603 -0.007989 0.007223
v 0.066075 -0.044654 0.066870
v 0.066219 -0.044968 0.006608
v 0.070171 -0.037886 0.066425
v 0.070285 -0.038305 0.006793
v 0.044683 -0.066370 0.005271
v 0.050801 -0.061808 0.005685
v 0.050559 -0.061957 0.069819
v 0.006944 -0.079698 -0.101500
v 0.021378 -0.077091 -0.101500
v 0.015929 -0.078593 0.003419
v 0.023642 -0.076582 0.003894
v 0.023436 -0.075606 0.076159
v 0.079995 -0.000860 -0.101500
v 0.058275 -0.054808 -0.101500
v 0.066197 -0.044921 -0.101500
v 0.061592 -0.051105 0.006363
v 0.008015 -0.079816 0.002942
v -0.073713 -0.031183 -0.002024
v -0.070285 -0.038305 -0.001869
v -0.070165 -0.037886 0.095813
v -0.066070 -0.044654 0.095368
v -0.066219 -0.044968 -0.001683
v -0.061409 -0.050974 0.094668
v -0.061592 -0.051105 -0.001438
v -0.056227 -0.056768 0.093674
v -0.056444 -0.056717 -0.001128
v -0.050553 -0.061957 0.092419
v -0.050801 -0.061808 -0.000760
v -0.044414 -0.066468 0.090959
v -0.044683 -0.066370 -0.000346
v -0.037829 -0.070245 0.089369
v -0.048844 -0.063359 -0.101500
v -0.036317 -0.071282 -0.101500
v -0.038102 -0.070387 0.000100
v -0.031066 -0.073822 0.000562
v -0.030812 -0.073256 0.087727
v -0.074628 -0.028822 -0.101500
v -0.068175 -0.041859 -0.101500
v -0.066197 -0.044921 -0.101500
v -0.059607 -0.053357 -0.101500
v -0.056412 -0.056725 -0.101500
v 0.068912 -0.030066 0.098048
v 0.071496 -0.022723 0.097525
v 0.069831 -0.015148 0.100360
v 0.061848 -0.044154 0.099511
v 0.056841 -0.046793 0.103939
v 0.059559 -0.050805 0.096617
v 0.071464 -0.030197 0.093912
v 0.064100 -0.044249 0.095271
v 0.060882 -0.050843 0.091527
v 0.079594 -0.007793 0.077084
v 0.079999 0.000000 0.082636
v 0.079587 -0.007758 0.082702
v 0.079486 0.000000 0.087992
v 0.079075 -0.007721 0.088063
v 0.077721 0.000000 0.092766
v 0.077318 -0.007682 0.092842
v 0.074917 0.000000 0.096817
v 0.074531 -0.007641 0.096899
v 0.071279 0.000000 0.100016
v 0.070915 -0.007599 0.100104
v 0.078383 -0.015656 0.065554
v 0.078371 -0.015532 0.077257
v 0.078358 -0.015464 0.082893
v 0.077851 -0.015390 0.088269
v 0.076122 -0.015313 0.093065
v 0.073382 -0.015232 0.097139
v 0.074158 -0.022836 0.093425
v 0.075841 -0.022944 0.088603
v 0.076337 -0.023047 0.083200
v 0.076357 -0.023143 0.077537
v 0.076382 -0.023316 0.065770
v 0.076438 -0.023689 0.007073
v 0.066010 -0.044508 0.078963
v 0.073589 -0.030552 0.077915
v 0.065967 -0.044427 0.084773
v 0.073562 -0.030440 0.083616
v 0.065536 -0.044340 0.090312
v 0.073082 -0.030322 0.089054
v 0.073628 -0.030752 0.066062
v 0.073713 -0.031183 0.006948
v 0.054512 -0.056834 0.098657
v 0.050055 -0.062106 0.095707
v 0.055710 -0.056819 0.093347
v 0.050448 -0.062026 0.083116
v 0.056135 -0.056792 0.081323
v 0.056232 -0.056768 0.068564
v 0.056444 -0.056717 0.006053
v 0.037712 -0.070179 0.087506
v 0.044299 -0.066513 0.085215
v 0.037835 -0.070245 0.072869
v 0.044420 -0.066468 0.071279
v 0.038102 -0.070387 0.004825
v 0.030704 -0.072993 0.089869
v 0.030818 -0.073256 0.074511
v 0.031066 -0.073822 0.004363
v 0.034965 -0.071955 -0.101500
v 0.056412 -0.056725 -0.101500
v 0.047254 -0.064553 -0.101500
v 0.061414 -0.050974 0.067570
v 0.061333 -0.050913 0.079922
v -0.001150 -0.028860 0.230823
v -0.002560 -0.014488 0.231780
v -0.025675 0.000000 0.223465
v -0.014433 -0.007317 0.228381
v -0.014592 0.000000 0.228480
v -0.002922 -0.007266 0.232032
v -0.003044 0.000000 0.232118
v -0.021538 -0.065573 0.195318
v -0.018815 -0.063844 0.201452
v -0.019566 -0.062447 0.203189
v -0.022748 -0.056935 0.207836
v -0.025660 -0.050543 0.211327
v -0.028280 -0.043623 0.213522
v -0.044149 -0.043844 0.197561
v -0.040716 -0.050636 0.195632
v -0.036900 -0.056899 0.192616
v -0.009234 -0.043392 0.225192
v -0.019065 -0.043509 0.219939
v -0.012130 -0.029021 0.226995
v -0.022638 -0.029181 0.221866
v -0.013963 -0.014588 0.228092
v -0.024898 -0.014686 0.223047
v -0.025479 -0.007366 0.223358
v -0.035911 -0.007415 0.217016
v -0.036144 -0.000000 0.217125
v -0.045798 -0.000000 0.209556
v -0.032530 -0.029338 0.215487
v -0.035220 -0.014783 0.216697
v -0.045528 -0.007463 0.209449
v -0.054456 -0.000000 0.200880
v -0.015704 -0.076728 0.104080
v -0.015777 -0.077320 0.084428
v -0.007934 -0.078361 0.082774
v -0.015929 -0.078593 0.001505
v -0.008015 -0.079816 0.001983
v -0.025089 -0.072175 0.157982
v -0.033903 -0.070020 0.153095
v -0.035871 -0.070063 0.143195
v -0.042241 -0.066594 0.146630
v -0.043646 -0.066565 0.135845
v -0.049754 -0.062106 0.138623
v -0.050378 -0.062065 0.127152
v -0.056074 -0.056805 0.129225
v -0.056123 -0.056792 0.117361
v -0.061322 -0.050913 0.118761
v -0.029111 -0.072526 0.139656
v -0.037111 -0.070104 0.132806
v -0.044224 -0.066539 0.124719
v -0.044287 -0.066513 0.113469
v -0.050436 -0.062026 0.115568
v -0.007759 -0.079622 -0.101500
v -0.022374 -0.076807 -0.101500
v -0.023642 -0.076582 0.001031
v -0.023431 -0.075606 0.086079
v -0.064033 -0.037220 0.167993
v -0.059574 -0.037087 0.178875
v -0.053934 -0.036950 0.189111
v -0.047167 -0.036808 0.198570
v -0.070667 -0.030197 0.157173
v -0.067269 -0.030066 0.168642
v -0.062623 -0.029929 0.179570
v -0.056754 -0.029788 0.189855
v -0.049718 -0.029642 0.199367
v -0.066837 -0.015148 0.180545
v -0.064947 -0.007577 0.186074
v -0.067921 -0.007599 0.180802
v -0.071739 -0.015232 0.169551
v -0.075540 -0.022944 0.145727
v -0.073361 -0.022836 0.157659
v -0.069854 -0.022723 0.169165
v -0.065060 -0.022605 0.180131
v -0.059006 -0.022483 0.190456
v -0.051756 -0.022356 0.200010
v -0.070569 -0.007620 0.175370
v -0.072888 -0.007641 0.169790
v -0.075325 -0.015313 0.158019
v -0.074874 -0.007662 0.164077
v -0.076521 -0.007682 0.158242
v -0.077824 -0.007702 0.152300
v -0.077550 -0.015390 0.146061
v -0.078357 -0.015464 0.133801
v -0.036936 -0.066654 0.166668
v -0.040008 -0.066623 0.156944
v -0.045719 -0.062195 0.160456
v -0.048198 -0.062149 0.149768
v -0.053715 -0.056834 0.152427
v -0.055409 -0.056819 0.140983
v -0.060582 -0.050843 0.142804
v -0.061281 -0.050879 0.130834
v -0.065966 -0.044427 0.131921
v -0.065998 -0.044508 0.119720
v -0.024317 -0.067738 0.186143
v -0.023632 -0.067134 0.188904
v -0.028232 -0.066719 0.183898
v -0.032731 -0.062341 0.188631
v -0.037979 -0.062291 0.180006
v -0.042587 -0.056882 0.183640
v -0.047300 -0.056865 0.173867
v -0.051861 -0.050723 0.176375
v -0.055849 -0.050765 0.165696
v -0.060205 -0.044154 0.167179
v -0.063303 -0.044249 0.155814
v -0.067294 -0.037347 0.156569
v -0.069325 -0.037469 0.144716
v -0.072781 -0.030322 0.145276
v -0.073561 -0.030440 0.133078
v -0.076336 -0.023047 0.133494
v -0.076345 -0.023143 0.121147
v -0.078359 -0.015532 0.121426
v -0.078378 -0.015656 0.096684
v -0.079591 -0.007855 0.096818
v -0.079603 -0.007989 -0.002298
v -0.080000 -0.000000 -0.002318
v -0.078412 -0.015922 -0.002241
v -0.076376 -0.023316 0.096468
v -0.073577 -0.030552 0.120769
v -0.070083 -0.037584 0.132561
v -0.065236 -0.044340 0.144018
v -0.058762 -0.050805 0.154467
v -0.051009 -0.056849 0.163427
v -0.042315 -0.062242 0.170571
v -0.033006 -0.066686 0.175696
v -0.025472 -0.069063 0.179410
v -0.078774 -0.007721 0.146268
v -0.079364 -0.007740 0.140160
v -0.079586 -0.007758 0.133992
v -0.079582 -0.007793 0.121600
v -0.079992 -0.000000 0.121659
v -0.079996 -0.000000 0.096864
v -0.079591 0.007855 0.096818
v -0.079603 0.007989 -0.002298
v -0.078412 0.015922 -0.002241
v -0.078644 -0.014668 -0.101500
v -0.076438 -0.023689 -0.002149
v -0.073622 -0.030752 0.096176
v -0.009234 0.043392 0.225192
v -0.019065 0.043509 0.219939
v -0.001150 0.028860 0.230823
v -0.012130 0.029021 0.226995
v -0.022638 0.029181 0.221866
v -0.041613 0.029492 0.207950
v -0.032530 0.029338 0.215487
v -0.039360 0.036662 0.207104
v -0.028280 0.043623 0.213522
v -0.025660 0.050543 0.211327
v -0.061653 0.007555 0.191174
v -0.054151 0.007510 0.200779
v -0.044727 0.014878 0.209136
v -0.035220 0.014783 0.216697
v -0.024898 0.014686 0.223047
v -0.013963 0.014588 0.228092
v -0.002560 0.014488 0.231780
v 0.009193 0.014387 0.234085
v 0.017521 0.026695 0.234324
v -0.056754 0.029788 0.189855
v -0.049718 0.029642 0.199367
v -0.053934 0.036950 0.189111
v -0.047167 0.036808 0.198570
v -0.050599 0.043951 0.188170
v -0.044149 0.043844 0.197561
v -0.046804 0.050680 0.186397
v -0.030290 0.056917 0.200671
v -0.033661 0.050590 0.203947
v -0.036694 0.043735 0.206029
v -0.067921 0.007599 0.180802
v -0.065299 -0.000000 0.186165
v -0.061990 -0.000000 0.191269
v -0.054151 -0.007510 0.200779
v -0.044727 -0.014878 0.209136
v -0.041613 -0.029492 0.207950
v -0.039360 -0.036662 0.207104
v -0.036694 -0.043735 0.206029
v -0.033661 -0.050590 0.203947
v -0.030290 -0.056917 0.200671
v -0.026607 -0.062393 0.196332
v -0.072888 0.007641 0.169790
v -0.070946 -0.000000 0.175455
v -0.068286 -0.000000 0.180890
v -0.062623 0.029929 0.179570
v -0.059574 0.037087 0.178875
v -0.055966 0.044054 0.177999
v -0.051861 0.050723 0.176375
v -0.047300 0.056865 0.173867
v -0.076521 0.007682 0.158242
v -0.075269 -0.000000 0.164156
v -0.073275 -0.000000 0.169873
v -0.079777 -0.000000 0.140228
v -0.079185 -0.000000 0.146338
v -0.078774 0.007721 0.146268
v -0.078232 -0.000000 0.152374
v -0.076924 -0.000000 0.158318
v -0.067269 0.030066 0.168642
v -0.064033 0.037220 0.167993
v -0.060205 0.044154 0.167179
v -0.055849 0.050765 0.165696
v -0.051009 0.056849 0.163427
v -0.045719 0.062195 0.160456
v -0.024883 0.068313 0.183346
v -0.036900 0.056899 0.192616
v -0.037979 0.062291 0.180006
v -0.036936 0.066654 0.166668
v -0.033903 0.070020 0.153095
v -0.029111 0.072526 0.139656
v -0.015205 0.075419 0.136172
v -0.070667 0.030197 0.157173
v -0.067294 0.037347 0.156569
v -0.063303 0.044249 0.155814
v -0.058762 0.050805 0.154467
v -0.053715 0.056834 0.152427
v -0.048198 0.062149 0.149768
v -0.042241 0.066594 0.146630
v -0.040716 0.050636 0.195632
v -0.042587 0.056882 0.183640
v -0.042315 0.062242 0.170571
v -0.040008 0.066623 0.156944
v -0.035871 0.070063 0.143195
v -0.030171 0.072690 0.129674
v -0.011385 0.076107 0.130945
v -0.072781 0.030322 0.145276
v -0.069325 0.037469 0.144716
v -0.065236 0.044340 0.144018
v -0.060582 0.050843 0.142804
v -0.055409 0.056819 0.140983
v -0.049754 0.062106 0.138623
v -0.043646 0.066565 0.135845
v -0.037111 0.070104 0.132806
v -0.079998 -0.000000 0.134057
v -0.079586 0.007758 0.133992
v -0.079582 0.007793 0.121600
v -0.078378 0.015656 0.096684
v -0.078359 0.015532 0.121426
v -0.078357 0.015464 0.133801
v -0.077550 0.015390 0.146061
v -0.075325 0.015313 0.158019
v -0.071739 0.015232 0.169551
v -0.066837 0.015148 0.180545
v -0.060650 0.015061 0.190899
v -0.053244 0.014971 0.200485
v -0.076438 0.023689 -0.002149
v -0.076376 0.023316 0.096468
v -0.076345 0.023143 0.121147
v -0.076336 0.023047 0.133494
v -0.075540 0.022944 0.145727
v -0.073361 0.022836 0.157659
v -0.069854 0.022723 0.169165
v -0.065060 0.022605 0.180131
v -0.059006 0.022483 0.190456
v -0.051756 0.022356 0.200010
v -0.070285 0.038305 -0.001869
v -0.073622 0.030752 0.096176
v -0.070165 0.037886 0.095813
v -0.073577 0.030552 0.120769
v -0.065998 0.044508 0.119720
v -0.073561 0.030440 0.133078
v -0.070083 0.037584 0.132561
v -0.065966 0.044427 0.131921
v -0.061281 0.050879 0.130834
v -0.056074 0.056805 0.129225
v -0.050378 0.062065 0.127152
v -0.044224 0.066539 0.124719
v -0.037636 0.070143 0.122059
v -0.030633 0.072846 0.119317
v -0.015704 0.076728 0.104080
v -0.030692 0.072993 0.108815
v -0.037700 0.070179 0.111178
v -0.044287 0.066513 0.113469
v -0.050436 0.062026 0.115568
v -0.056123 0.056792 0.117361
v -0.061322 0.050913 0.118761
v 0.011527 0.079165 -0.101500
v 0.000000 0.080227 0.002462
v -0.007934 0.078361 0.082774
v 0.065658 0.015061 0.102612
v 0.070915 0.007599 0.100104
v 0.069831 0.015148 0.100360
v 0.060882 0.050843 0.091527
v 0.059559 0.050805 0.096617
v 0.057492 0.050765 0.100993
v 0.056853 0.046762 0.103938
v 0.065967 0.044427 0.084773
v 0.065536 0.044340 0.090312
v 0.064100 0.044249 0.095271
v 0.061848 0.044154 0.099511
v 0.058960 0.044054 0.102906
v 0.059572 0.039116 0.103749
v 0.073382 0.015232 0.097139
v 0.074531 0.007641 0.096899
v 0.077318 0.007682 0.092842
v 0.008015 0.079816 0.002942
v 0.000003 0.078711 0.081119
v 0.007940 0.078361 0.079464
v 0.015716 0.076728 0.094603
v 0.015151 0.076137 0.110847
v 0.030704 0.072993 0.089869
v 0.019103 0.075483 0.109309
v 0.037712 0.070179 0.087506
v 0.044299 0.066513 0.085215
v 0.047694 0.062287 0.105150
v 0.048995 0.062149 0.101316
v 0.055710 0.056819 0.093347
v 0.061282 0.050879 0.085860
v 0.066010 0.044508 0.078963
v 0.073589 0.030552 0.077915
v 0.073562 0.030440 0.083616
v 0.073082 0.030322 0.089054
v 0.071464 0.030197 0.093912
v 0.068912 0.030066 0.098048
v 0.076438 0.023689 0.007073
v 0.073628 0.030752 0.066062
v 0.076382 0.023316 0.065770
v 0.076357 0.023143 0.077537
v 0.076337 0.023047 0.083200
v 0.075841 0.022944 0.088603
v 0.074158 0.022836 0.093425
v 0.071496 0.022723 0.097525
v 0.063085 0.020991 0.103428
v 0.076122 0.015313 0.093065
v 0.079075 0.007721 0.088063
v 0.077851 0.015390 0.088269
v 0.079587 0.007758 0.082702
v 0.078358 0.015464 0.082893
v 0.079594 0.007793 0.077084
v 0.078371 0.015532 0.077257
v 0.079596 0.007855 0.065420
v 0.078383 0.015656 0.065554
v 0.079603 0.007989 0.007223
v 0.078412 0.015922 0.007166
v -0.080000 -0.000000 -0.101500
v -0.078730 0.014197 -0.101500
v 0.079958 0.002582 -0.101500
v 0.067413 -0.043075 -0.101500
v -0.009034 0.077387 0.133113
v -0.007995 0.078555 0.133320
v -0.007507 0.077515 0.131229
v -0.003500 0.078769 0.128401
v -0.002877 0.077785 0.126368
v -0.000839 0.078846 0.125957
v 0.002400 0.077892 0.121959
v 0.004294 0.078901 0.121980
v 0.006244 0.077841 0.119321
v 0.009759 0.078832 0.118606
v 0.011465 0.077606 0.116385
v 0.013441 0.078714 0.116763
v 0.016686 0.077184 0.114152
v 0.019173 0.078408 0.114534
v 0.020537 0.076763 0.112966
v 0.021154 0.078265 0.113946
v -0.011924 0.078265 0.138790
v -0.012541 0.077016 0.138198
v -0.013390 0.076125 0.137498
v 0.019805 0.075703 0.111291
v 0.020550 0.076762 0.112963
v 0.019792 0.075705 0.111294
v 0.015915 0.076305 0.112614
v 0.010674 0.076879 0.115010
v 0.005429 0.077184 0.118072
v 0.001554 0.077237 0.120780
v -0.003799 0.077062 0.125258
v -0.008534 0.076656 0.130175
v -0.010105 0.076465 0.132082
v -0.013724 0.075899 0.137241
v -0.018778 -0.075898 0.151381
v -0.017470 -0.077642 0.149640
v -0.020834 -0.074961 0.157719
v -0.013540 -0.078114 0.141492
v -0.014203 -0.078046 0.142691
v -0.015381 -0.076998 0.143988
v -0.016069 -0.076804 0.145300
v -0.011924 -0.078265 0.138790
v -0.012113 -0.077774 0.138593
v -0.012539 -0.077020 0.138200
v -0.013390 -0.076125 0.137498
v -0.016690 -0.075362 0.143042
v -0.017385 -0.075171 0.144389
v -0.020119 -0.074278 0.150631
v -0.022191 -0.073353 0.157129
v -0.023564 -0.072430 0.163856
v -0.023830 -0.072136 0.166073
v -0.024174 -0.071156 0.172776
v -0.023833 -0.070029 0.179449
v -0.022810 -0.068726 0.186068
v -0.022184 -0.068127 0.188790
v -0.020232 -0.066571 0.195131
v -0.017653 -0.064833 0.201218
v -0.014455 -0.062900 0.207033
v -0.013254 -0.062210 0.208903
v -0.009301 -0.060016 0.214220
v -0.004875 -0.057616 0.219059
v -0.000032 -0.054946 0.223392
v 0.003545 -0.052864 0.226091
v 0.008027 -0.049961 0.228984
v 0.011372 -0.047341 0.230843
v 0.013569 -0.045123 0.231951
v 0.015122 -0.042898 0.232701
v 0.015285 -0.042590 0.232779
v 0.016119 -0.040137 0.233211
v 0.016674 -0.036931 0.233558
v 0.017069 -0.034288 0.233808
v 0.018153 -0.024451 0.234508
v 0.018713 -0.016137 0.234881
v 0.019100 -0.003479 0.235142
v 0.019118 0.000713 0.235155
v 0.018803 0.014252 0.234942
v 0.017947 0.026745 0.234373
v 0.017454 0.031326 0.234054
v 0.016251 0.039417 0.233294
v 0.015662 0.041750 0.232965
v 0.014828 0.043405 0.232559
v 0.013281 0.045455 0.231810
v 0.011333 0.047375 0.230823
v 0.008297 0.049768 0.229143
v 0.005958 0.051358 0.227710
v 0.001470 0.054088 0.224573
v -0.003041 0.056617 0.220803
v -0.003870 0.057070 0.220031
v -0.008400 0.059526 0.215287
v -0.012473 0.061770 0.210046
v -0.016036 0.063834 0.204335
v -0.016526 0.064132 0.203433
v -0.019352 0.065951 0.197410
v -0.021549 0.067583 0.191120
v -0.023103 0.069039 0.184572
v -0.023320 0.069293 0.183315
v -0.024057 0.070518 0.176677
v -0.024114 0.071584 0.169966
v -0.023471 0.072514 0.163203
v -0.022212 -0.074023 0.164289
v -0.022503 -0.073716 0.166464
v -0.022926 -0.072697 0.173053
v -0.022668 -0.071523 0.179632
v -0.021732 -0.070166 0.186179
v -0.021142 -0.069543 0.188875
v -0.019279 -0.067923 0.195166
v -0.016789 -0.066112 0.201217
v -0.013681 -0.064097 0.207008
v -0.012508 -0.063377 0.208873
v -0.008641 -0.061086 0.214182
v -0.004296 -0.058576 0.219026
v 0.000474 -0.055778 0.223375
v 0.004005 -0.053592 0.226091
v 0.008439 -0.050541 0.229009
v 0.011755 -0.047785 0.230892
v 0.013938 -0.045452 0.232016
v 0.015486 -0.043113 0.232779
v 0.015648 -0.042789 0.232860
v 0.016486 -0.040226 0.233301
v 0.017055 -0.037009 0.233647
v 0.017461 -0.034359 0.233896
v 0.018580 -0.024498 0.234593
v 0.019160 -0.016167 0.234963
v 0.019563 -0.003486 0.235223
v 0.019582 0.000715 0.235235
v 0.019254 0.014278 0.235024
v 0.018367 0.026796 0.234459
v 0.017858 0.031389 0.234141
v 0.016622 0.039503 0.233383
v 0.016025 0.041907 0.233049
v 0.015192 0.043645 0.232635
v 0.013652 0.045801 0.231873
v 0.011717 0.047821 0.230871
v 0.008706 0.050338 0.229170
v 0.006391 0.052009 0.227724
v 0.001956 0.054877 0.224562
v -0.002491 0.057529 0.220775
v -0.003307 0.058004 0.220001
v -0.007758 0.060574 0.215249
v -0.011746 0.062917 0.210013
v -0.015219 0.065071 0.204320
v -0.015695 0.065381 0.203422
v -0.018431 0.067277 0.197431
v -0.020539 0.068976 0.191185
v -0.022005 0.070492 0.184697
v -0.022206 0.070757 0.183453
v -0.022858 0.072032 0.176896
v -0.022831 0.073142 0.170288
v -0.022112 0.074110 0.163649
v -0.021951 0.074240 0.162707
v -0.020413 0.075181 0.156218
v -0.018759 0.077441 0.153088
v -0.018203 0.076114 0.149935
v -0.015874 0.077855 0.145996
v -0.015321 0.077014 0.143877
v -0.016630 0.075378 0.142929
v -0.019538 0.074491 0.149147
v -0.021768 0.073570 0.155591
v -0.023315 0.072640 0.162240
v 0.019806 -0.075704 0.111293
v 0.019624 -0.075565 0.110812
v 0.025476 -0.074244 0.109126
v 0.033342 -0.075102 0.111248
v 0.026955 -0.077113 0.112409
v 0.026451 -0.075803 0.111667
v 0.029456 0.077502 0.112191
v 0.026014 0.077364 0.112636
v 0.029553 0.076360 0.111858
v 0.034940 0.074493 0.111055
v 0.024516 0.074488 0.109363
v 0.028126 0.073514 0.108552
v 0.033564 0.071723 0.107705
v 0.038239 0.069593 0.107259
v 0.040984 0.067962 0.107097
v 0.044473 0.065317 0.106947
v 0.047505 0.062262 0.106799
v 0.049271 0.060011 0.106665
v 0.051590 0.056295 0.106392
v 0.053639 0.052018 0.106042
v 0.055703 0.046498 0.105641
v 0.058074 0.038831 0.105348
v 0.059821 0.030914 0.105090
v 0.060875 0.022575 0.104783
v 0.061011 0.020895 0.104721
v 0.061499 0.008130 0.104335
v 0.061492 -0.008618 0.104345
v 0.061449 -0.011063 0.104403
v 0.039711 0.072207 0.110692
v 0.042536 0.070440 0.110621
v 0.046152 0.067544 0.110671
v 0.049289 0.064164 0.110826
v 0.051085 0.061663 0.110948
v 0.053355 0.057551 0.111117
v 0.055216 0.052905 0.111246
v 0.056923 0.047094 0.111343
v 0.058805 0.039243 0.111488
v 0.060115 0.031056 0.111556
v 0.060773 0.022555 0.111494
v 0.060841 0.020857 0.111470
v 0.060972 0.008073 0.111279
v 0.060974 -0.008559 0.111285
v 0.060978 -0.010994 0.111317
v 0.060744 -0.023170 0.111501
v 0.060018 -0.031868 0.111556
v 0.058744 -0.039528 0.111483
v 0.056915 -0.047126 0.111342
v 0.056046 -0.050284 0.111295
v 0.054087 -0.055896 0.111171
v 0.051753 -0.060583 0.110997
v 0.050114 -0.063079 0.110880
v 0.047198 -0.066527 0.110713
v 0.043761 -0.069551 0.110621
v 0.042048 -0.070772 0.110626
v 0.025513 0.076050 0.111896
v 0.029042 0.075064 0.111108
v 0.034391 0.073238 0.110285
v 0.039065 0.071021 0.109888
v 0.041821 0.069311 0.109781
v 0.045327 0.066513 0.109756
v 0.048349 0.063255 0.109802
v 0.050073 0.060847 0.109834
v 0.052252 0.056883 0.109845
v 0.054053 0.052379 0.109794
v 0.055741 0.046680 0.109692
v 0.057649 0.038901 0.109636
v 0.058978 0.030876 0.109535
v 0.059664 0.022499 0.109335
v 0.059737 0.020819 0.109289
v 0.059895 0.008093 0.108979
v 0.059896 -0.008578 0.108987
v 0.059897 -0.011012 0.109035
v 0.059633 -0.023107 0.109351
v 0.058879 -0.031673 0.109550
v 0.057588 -0.039180 0.109638
v 0.055733 -0.046712 0.109692
v 0.054868 -0.049819 0.109749
v 0.052958 -0.055283 0.109833
v 0.050714 -0.059807 0.109842
v 0.049142 -0.062210 0.109818
v 0.046336 -0.065533 0.109767
v 0.043011 -0.068451 0.109760
v 0.041345 -0.069633 0.109793
v 0.037287 -0.071954 0.110006
v 0.024996 0.075057 0.110767
v 0.028550 0.074082 0.109968
v 0.033916 0.072283 0.109130
v 0.038558 0.070120 0.108705
v 0.041285 0.068457 0.108566
v 0.044747 0.065744 0.108471
v 0.047732 0.062597 0.108409
v 0.049443 0.060274 0.108348
v 0.051636 0.056445 0.108198
v 0.053499 0.052068 0.107969
v 0.055310 0.046470 0.107676
v 0.057388 0.038755 0.107447
v 0.058873 0.030825 0.107212
v 0.059701 0.022506 0.106907
v 0.059798 0.020833 0.106844
v 0.060087 0.008114 0.106447
v 0.060085 -0.008600 0.106457
v 0.060069 -0.011037 0.106517
v 0.059661 -0.023111 0.106930
v 0.058759 -0.031614 0.107238
v 0.057322 -0.039030 0.107454
v 0.055301 -0.046501 0.107677
v 0.054366 -0.049562 0.107831
v 0.052359 -0.054894 0.108121
v 0.050084 -0.059271 0.108315
v 0.048517 -0.061589 0.108385
v 0.045743 -0.064796 0.108452
v 0.042462 -0.067622 0.108526
v 0.040815 -0.068769 0.108585
v 0.036794 -0.071029 0.108836
v 0.032351 -0.072862 0.109336
v 0.060821 -0.023182 0.104805
v 0.059683 -0.031704 0.105118
v 0.057998 -0.039105 0.105356
v 0.055692 -0.046530 0.105643
v 0.054620 -0.049554 0.105849
v 0.052375 -0.054783 0.106269
v 0.049940 -0.059039 0.106600
v 0.048312 -0.061286 0.106744
v 0.045481 -0.064395 0.106904
v 0.042168 -0.067147 0.107042
v 0.040510 -0.068268 0.107121
v 0.036464 -0.070487 0.107400
v 0.031985 -0.072296 0.107914
v 0.029457 -0.077502 0.112191
v 0.021154 -0.078265 0.113946
v 0.020731 -0.077143 0.113299
v 0.020552 -0.076765 0.112966
v 0.037893 -0.073169 0.110794
v 0.032819 -0.073830 0.110485
v 0.025941 -0.074813 0.110534
v 0.020181 -0.076139 0.112191
v -0.007995 -0.078555 0.133320
v -0.011333 -0.077160 0.136309
v -0.007586 -0.077511 0.131327
v -0.004354 -0.077719 0.127805
v -0.003500 -0.078769 0.128401
v 0.000583 -0.077881 0.123369
v -0.000839 -0.078846 0.125957
v 0.006063 -0.077848 0.119439
v 0.004294 -0.078901 0.121980
v 0.009487 -0.077719 0.117417
v 0.009759 -0.078832 0.118606
v 0.015136 -0.077331 0.114746
v 0.013441 -0.078714 0.116763
v 0.019173 -0.078408 0.114534
v -0.012476 -0.076116 0.135322
v 0.014357 -0.076505 0.113258
v 0.008687 -0.077027 0.116093
v 0.005246 -0.077191 0.118193
v -0.000285 -0.077210 0.122215
v -0.005307 -0.076960 0.126710
v -0.008616 -0.076648 0.130274
v -0.010542 -0.079788 0.139619
v -0.011358 -0.079181 0.139129
v -0.012109 -0.079767 0.142266
v -0.012971 -0.079104 0.141800
v -0.012754 -0.079757 0.143438
v -0.015960 -0.079699 0.150229
v -0.018468 -0.079633 0.157380
v -0.013634 -0.079069 0.142984
v -0.016935 -0.078857 0.149849
v -0.019515 -0.078623 0.157091
v 0.021524 -0.079788 0.115515
v 0.021305 -0.079181 0.114589
v 0.019608 -0.079807 0.116064
v 0.019356 -0.079252 0.115176
v 0.014035 -0.079847 0.118158
v 0.010444 -0.079862 0.119913
v 0.005119 -0.079871 0.123171
v 0.000137 -0.079864 0.127057
v -0.002434 -0.079854 0.129453
v -0.006762 -0.079826 0.134275
v 0.013702 -0.079403 0.117376
v 0.010065 -0.079460 0.119190
v 0.004666 -0.079493 0.122516
v -0.000402 -0.079467 0.126449
v -0.003028 -0.079430 0.128867
v -0.007465 -0.079325 0.133730
v 0.101334 -0.078623 0.166469
v 0.101617 -0.078623 0.177331
v 0.099991 -0.078623 0.188075
v 0.096506 -0.078623 0.198367
v 0.091271 -0.078623 0.207889
v 0.084447 -0.078623 0.216345
v 0.076247 -0.078623 0.223475
v 0.066924 -0.078623 0.229056
v 0.056766 -0.078623 0.232915
v 0.046089 -0.078623 0.234935
v 0.035224 -0.078623 0.235051
v 0.024506 -0.078623 0.233260
v -0.020389 -0.079633 0.167880
v 0.094166 -0.079633 0.146215
v 0.098111 -0.079633 0.156135
v 0.100255 -0.079633 0.166592
v 0.100533 -0.079633 0.177264
v 0.098936 -0.079633 0.187818
v 0.095512 -0.079633 0.197930
v -0.020439 -0.079633 0.178555
v -0.018616 -0.079633 0.189074
v -0.014978 -0.079633 0.199109
v -0.009636 -0.079633 0.208352
v -0.002757 -0.079633 0.216515
v 0.005447 -0.079633 0.223345
v 0.014721 -0.079633 0.228631
v 0.090369 -0.079633 0.207284
v 0.088543 -0.079633 0.137141
v 0.081417 -0.079633 0.129193
v 0.073007 -0.079633 0.122618
v 0.063575 -0.079633 0.117619
v 0.053412 -0.079633 0.114352
v 0.042834 -0.079633 0.112916
v 0.032168 -0.079633 0.113358
v -0.021470 -0.078623 0.167780
v -0.021521 -0.078623 0.178646
v -0.019666 -0.078623 0.189352
v -0.015962 -0.078623 0.199568
v -0.010525 -0.078623 0.208976
v -0.003522 -0.078623 0.217285
v 0.004828 -0.078623 0.224237
v 0.014269 -0.078623 0.229618
v 0.099151 -0.078623 0.155824
v 0.095136 -0.078623 0.145727
v 0.089412 -0.078623 0.136490
v 0.082158 -0.078623 0.128400
v 0.073598 -0.078623 0.121707
v 0.063997 -0.078623 0.116619
v 0.053652 -0.078623 0.113293
v 0.042885 -0.078623 0.111832
v 0.032028 -0.078623 0.112281
v 0.024779 -0.079633 0.232209
v 0.035308 -0.079633 0.233968
v 0.045982 -0.079633 0.233854
v 0.056471 -0.079633 0.231870
v 0.066450 -0.079633 0.228078
v 0.075609 -0.079633 0.222596
v 0.083666 -0.079633 0.215592
v 0.029533 -0.078781 0.112729
v 0.029683 -0.079678 0.113780
v 0.021305 0.079181 0.114589
v 0.021524 0.079788 0.115515
v 0.019356 0.079252 0.115176
v 0.019608 0.079807 0.116064
v 0.013702 0.079403 0.117376
v 0.010065 0.079460 0.119190
v 0.004666 0.079493 0.122516
v -0.000402 0.079467 0.126449
v -0.003028 0.079430 0.128867
v -0.007465 0.079325 0.133730
v -0.011358 0.079181 0.139129
v 0.014035 0.079847 0.118158
v 0.010444 0.079862 0.119913
v 0.005119 0.079871 0.123171
v 0.000137 0.079864 0.127057
v -0.002434 0.079854 0.129453
v -0.006762 0.079826 0.134275
v -0.010542 0.079788 0.139619
v 0.029682 0.079678 0.113781
v 0.032168 0.079633 0.113358
v 0.029533 0.078781 0.112729
v 0.032028 0.078623 0.112281
v -0.014388 0.079730 0.146670
v -0.015316 0.078970 0.146249
v -0.017244 0.079669 0.153595
v -0.018257 0.078748 0.153256
v -0.018468 0.079633 0.157380
v -0.019515 0.078623 0.157091
v -0.020389 0.079633 0.167880
v -0.021470 0.078623 0.167780
v -0.021521 0.078623 0.178646
v -0.019666 0.078623 0.189352
v -0.015962 0.078623 0.199568
v -0.010525 0.078623 0.208976
v -0.003522 0.078623 0.217285
v 0.004828 0.078623 0.224237
v 0.014269 0.078623 0.229618
v 0.024506 0.078623 0.233260
v 0.035224 0.078623 0.235051
v 0.046089 0.078623 0.234935
v 0.056766 0.078623 0.232915
v 0.066924 0.078623 0.229056
v 0.084447 0.078623 0.216345
v 0.076247 0.078623 0.223475
v 0.091271 0.078623 0.207889
v 0.096506 0.078623 0.198367
v 0.099991 0.078623 0.188075
v 0.101617 0.078623 0.177331
v 0.101334 0.078623 0.166469
v 0.099151 0.078623 0.155824
v 0.042885 0.078623 0.111832
v 0.053652 0.078623 0.113293
v 0.063997 0.078623 0.116619
v 0.073598 0.078623 0.121707
v 0.082158 0.078623 0.128400
v 0.089412 0.078623 0.136490
v 0.095136 0.078623 0.145727
v -0.020439 0.079633 0.178555
v -0.018616 0.079633 0.189074
v -0.014978 0.079633 0.199109
v -0.009636 0.079633 0.208352
v -0.002757 0.079633 0.216515
v 0.005447 0.079633 0.223345
v 0.014721 0.079633 0.228631
v 0.024779 0.079633 0.232209
v 0.035308 0.079633 0.233968
v 0.045982 0.079633 0.233854
v 0.056471 0.079633 0.231870
v 0.066450 0.079633 0.228078
v 0.075609 0.079633 0.222596
v 0.083666 0.079633 0.215592
v 0.090369 0.079633 0.207284
v 0.095512 0.079633 0.197930
v 0.098936 0.079633 0.187818
v 0.100533 0.079633 0.177264
v 0.100255 0.079633 0.166592
v 0.098111 0.079633 0.156135
v 0.094166 0.079633 0.146215
v 0.088543 0.079633 0.137141
v 0.081417 0.079633 0.129193
v 0.073007 0.079633 0.122618
v 0.063575 0.079633 0.117619
v 0.053412 0.079633 0.114352
v 0.042834 0.079633 0.112916
vn -0.0000 1.0000 -0.0000
vn 0.9971 -0.0702 0.0275
vn 0.9773 -0.0702 0.2001
vn 0.9277 -0.0702 0.3665
vn 0.8501 -0.0702 0.5219
vn 0.7467 -0.0702 0.6614
vn 0.9683 0.0188 0.2490
vn 0.9711 0.0544 -0.2323
vn 0.9967 0.0544 -0.0604
vn 0.6877 0.0544 0.7240
vn 0.5517 0.0544 0.8323
vn 0.3990 0.0544 0.9153
vn 0.2342 0.0544 0.9707
vn 0.0623 0.0544 0.9966
vn -0.1115 0.0544 0.9923
vn -0.2819 0.0544 0.9579
vn -0.6252 0.0598 0.7782
vn -0.0576 0.1849 -0.9811
vn 0.1464 0.0692 -0.9868
vn 0.1038 0.0913 -0.9904
vn 0.0978 0.1000 -0.9902
vn 0.0306 0.0686 -0.9972
vn -0.0305 0.0741 -0.9968
vn 0.3546 0.0536 -0.9335
vn 0.3142 0.0592 -0.9475
vn 0.2823 0.0671 -0.9570
vn 0.2668 0.0735 -0.9609
vn 0.2331 0.0677 -0.9701
vn 0.1878 0.0653 -0.9800
vn 0.3930 0.0293 -0.9191
vn 0.4287 0.0296 -0.9030
vn 0.4361 0.0242 -0.8996
vn 0.4287 -0.0002 -0.9034
vn 0.4357 -0.0090 -0.9000
vn 0.3320 -0.0342 -0.9427
vn 0.3720 -0.0284 -0.9278
vn 0.4287 -0.0288 -0.9030
vn 0.2671 -0.0614 -0.9617
vn 0.2416 -0.0927 -0.9659
vn 0.2632 -0.0753 -0.9618
vn 0.2931 -0.0625 -0.9540
vn 0.3191 -0.0567 -0.9460
vn 0.1062 -0.1326 -0.9855
vn 0.1219 -0.0874 -0.9887
vn 0.1587 -0.0648 -0.9852
vn -0.0571 -0.2263 -0.9724
vn -0.8833 -0.4340 -0.1774
vn -0.9757 -0.1147 -0.1869
vn -0.9894 -0.1397 -0.0407
vn -0.9905 -0.1306 -0.0438
vn -0.9900 -0.0645 -0.1253
vn -0.9441 -0.1452 0.2959
vn -0.9721 -0.0606 0.2266
vn -0.9830 -0.0910 0.1597
vn -0.8838 -0.1059 0.4558
vn -0.9182 -0.0491 0.3930
vn -0.9463 -0.1001 0.3072
vn -0.7942 -0.0828 0.6020
vn -0.8327 -0.0652 0.5499
vn -0.8694 -0.0637 0.4901
vn -0.6794 -0.0786 0.7295
vn -0.7275 -0.0568 0.6837
vn -0.7896 -0.0744 0.6091
vn -0.4554 -0.0566 0.8885
vn -0.5180 -0.0606 0.8532
vn -0.5445 -0.0715 0.8357
vn -0.5835 -0.0606 0.8098
vn -0.6518 -0.0607 0.7559
vn -0.3672 -0.0579 0.9283
vn -0.3491 -0.0551 0.9355
vn -0.3234 -0.0291 0.9458
vn -0.3319 -0.0364 0.9426
vn -0.3317 -0.0414 0.9425
vn -0.3359 0.0355 0.9412
vn -0.3119 0.0301 0.9497
vn -0.2535 0.0251 0.9670
vn -0.2093 0.0251 0.9775
vn -0.2275 0.0095 0.9737
vn -0.2272 -0.0017 0.9738
vn -0.3322 0.0544 0.9416
vn -0.3143 0.0725 0.9466
vn -0.3341 0.0467 0.9414
vn -0.5446 0.0682 0.8359
vn -0.5474 0.0696 0.8340
vn -0.4956 0.0607 0.8664
vn -0.4437 0.0586 0.8943
vn -0.4509 0.0600 0.8906
vn -0.3651 0.0554 0.9293
vn -0.4007 0.0666 0.9138
vn -0.3712 0.0602 0.9266
vn -0.6802 0.0612 0.7304
vn -0.7025 0.0850 0.7066
vn -0.6635 0.0702 0.7449
vn -0.8865 0.0713 0.4572
vn -0.8933 0.0946 0.4394
vn -0.8695 0.0745 0.4883
vn -0.7964 0.0373 0.6036
vn -0.8271 0.1146 0.5503
vn -0.7782 0.0670 0.6245
vn -0.9872 0.0913 0.1304
vn -0.9857 0.1173 0.1212
vn -0.9812 0.0796 0.1758
vn -0.9539 0.0275 0.2990
vn -0.9569 0.1453 0.2516
vn -0.9396 0.0662 0.3358
vn -0.9597 0.2047 -0.1927
vn -0.9832 0.0960 -0.1553
vn -0.9964 -0.0742 -0.0410
vn -0.9665 0.2476 -0.0676
vn -0.9983 0.0579 0.0045
vn -0.0257 0.0444 0.9987
vn 0.1479 0.0439 0.9880
vn 0.3170 0.0433 0.9474
vn 0.4766 0.0428 0.8781
vn 0.6217 0.0422 0.7822
vn 0.8028 0.0544 0.5937
vn 0.7475 0.0544 0.6621
vn 0.8936 0.0544 0.4455
vn 0.8510 0.0544 0.5224
vn 0.9921 0.0544 0.1134
vn 0.9782 0.0544 0.2003
vn 0.9673 0.0484 0.2488
vn 0.9574 0.0544 0.2837
vn 0.9287 0.0544 0.3669
vn 0.3342 0.0338 -0.9419
vn 0.3398 0.0545 -0.9389
vn 0.4283 0.0543 -0.9020
vn 0.5767 0.0543 -0.8152
vn 0.7080 0.0543 -0.7042
vn 0.8183 0.0543 -0.5723
vn 0.9043 0.0543 -0.4234
vn 0.9981 0.0544 0.0276
vn 0.9957 0.0485 0.0792
vn 0.9967 0.0188 0.0792
vn 0.9967 -0.0168 0.0792
vn 0.9055 0.0188 -0.4240
vn 0.8193 0.0188 -0.5730
vn 0.7089 0.0188 -0.7051
vn 0.5774 0.0188 -0.8162
vn 0.4398 0.0188 -0.8979
vn 0.4504 0.0147 -0.8927
vn 0.9878 0.0544 -0.1460
vn 0.9945 0.0486 -0.0928
vn 0.9955 0.0188 -0.0929
vn 0.9955 -0.0168 -0.0929
vn 0.9944 -0.0514 -0.0928
vn 0.9055 -0.0168 -0.4240
vn 0.8194 -0.0168 -0.5730
vn 0.7089 -0.0168 -0.7051
vn 0.5774 -0.0168 -0.8163
vn 0.4423 -0.0168 -0.8967
vn 0.4447 -0.0180 -0.8955
vn -0.2302 -0.0514 0.9718
vn -0.3217 -0.0516 0.9454
vn -0.3311 -0.0525 0.9421
vn -0.2227 -0.0126 0.9748
vn -0.2165 -0.0168 0.9761
vn -0.0602 -0.0168 0.9980
vn -0.0601 -0.0514 0.9969
vn 0.1118 -0.0514 0.9924
vn -0.0601 0.0543 0.9967
vn -0.0602 0.0188 0.9980
vn 0.1119 0.0188 0.9935
vn 0.1119 -0.0168 0.9936
vn 0.2807 -0.0168 0.9596
vn 0.2804 -0.0514 0.9585
vn 0.4407 -0.0514 0.8962
vn 0.9045 -0.0514 -0.4235
vn 0.8184 -0.0514 -0.5724
vn 0.7081 -0.0514 -0.7043
vn 0.5767 -0.0514 -0.8153
vn 0.5768 -0.0514 -0.8153
vn 0.4283 -0.0514 -0.9022
vn 0.3508 -0.0516 -0.9350
vn 0.3621 -0.0560 -0.9305
vn -0.5445 -0.0700 0.8358
vn -0.6798 -0.0700 0.7300
vn -0.7950 -0.0700 0.6025
vn -0.8866 -0.0700 0.4572
vn -0.9519 -0.0700 0.2984
vn -0.9890 -0.0700 0.1306
vn -0.9754 -0.1511 0.1604
vn -0.9980 -0.0441 0.0457
vn -0.4434 -0.0703 0.8936
vn -0.3940 -0.0187 0.9189
vn -0.3932 -0.0633 0.9173
vn -0.3987 -0.0653 0.9148
vn -0.3648 -0.0702 0.9284
vn -0.2817 -0.0703 0.9569
vn -0.2305 -0.0174 0.9729
vn -0.1982 -0.0702 0.9776
vn -0.1114 -0.0702 0.9913
vn -0.0602 -0.0163 0.9981
vn -0.2304 -0.0246 0.9728
vn -0.2538 -0.0247 0.9669
vn -0.0257 -0.0702 0.9972
vn 0.0622 -0.0702 0.9956
vn 0.1120 -0.0154 0.9936
vn 0.1477 -0.0702 0.9865
vn 0.2339 -0.0702 0.9697
vn 0.2808 -0.0147 0.9597
vn 0.1120 -0.0168 0.9936
vn -0.2305 0.0188 0.9729
vn -0.2302 0.0543 0.9716
vn -0.1985 0.0449 0.9791
vn 0.3166 -0.0702 0.9460
vn 0.3986 -0.0702 0.9144
vn 0.4412 -0.0143 0.8973
vn 0.4758 -0.0702 0.8767
vn 0.5511 -0.0702 0.8315
vn 0.1118 0.0543 0.9922
vn 0.2807 0.0188 0.9596
vn 0.4412 -0.0168 0.8972
vn 0.5879 -0.0514 0.8073
vn 0.5886 -0.0141 0.8083
vn 0.6207 -0.0702 0.7809
vn 0.2804 0.0543 0.9584
vn 0.4412 0.0188 0.8972
vn 0.5886 -0.0168 0.8082
vn 0.7177 -0.0514 0.6945
vn 0.7169 -0.0700 0.6937
vn 0.6882 0.0398 0.7245
vn 0.4406 0.0543 0.8961
vn 0.5886 0.0188 0.8082
vn 0.5886 -0.0168 0.8083
vn 0.7185 -0.0168 0.6953
vn 0.8262 -0.0514 0.5611
vn 0.8252 -0.0700 0.5604
vn 0.8035 0.0348 0.5943
vn 0.5878 0.0543 0.8072
vn 0.7185 0.0188 0.6953
vn 0.8272 -0.0168 0.5617
vn 0.9102 -0.0514 0.4110
vn 0.9092 -0.0700 0.4105
vn 0.8946 0.0298 0.4460
vn 0.7178 0.0482 0.6946
vn 0.8271 0.0188 0.5617
vn 0.9113 -0.0168 0.4115
vn 0.9672 -0.0514 0.2488
vn 0.9661 -0.0700 0.2485
vn 0.9585 0.0248 0.2841
vn 0.8263 0.0482 0.5611
vn 0.9112 0.0188 0.4115
vn 0.9683 -0.0168 0.2491
vn 0.9955 -0.0514 0.0791
vn 0.9944 -0.0700 0.0791
vn 0.9933 0.0198 0.1135
vn 0.9103 0.0483 0.4111
vn 0.9932 -0.0700 -0.0927
vn 0.9981 0.0148 -0.0605
vn 0.9868 -0.0703 -0.1458
vn 0.9626 -0.0700 -0.2617
vn 0.9637 -0.0514 -0.2620
vn 0.9648 -0.0168 -0.2623
vn 0.9648 0.0188 -0.2623
vn 0.9638 0.0487 -0.2621
vn 0.9475 0.0544 -0.3151
vn -0.0461 -0.1044 -0.9935
vn 0.0067 -0.0609 -0.9981
vn 0.0978 -0.0975 -0.9904
vn 0.1143 -0.0701 -0.9910
vn 0.2669 -0.0700 -0.9612
vn 0.4278 -0.0700 -0.9011
vn 0.5761 -0.0700 -0.8144
vn 0.7073 -0.0700 -0.7035
vn 0.8175 -0.0700 -0.5717
vn 0.9034 -0.0700 -0.4230
vn 0.9466 -0.0703 -0.3148
vn 0.9725 0.0098 -0.2327
vn -0.0000 -1.0000 -0.0000
vn 0.7498 0.6616 0.0060
vn 0.6781 0.7350 0.0051
vn -0.0555 0.9974 0.0457
vn -0.2779 0.9561 0.0928
vn -0.7489 -0.5279 0.4006
vn -0.3659 -0.9304 0.0226
vn -0.7843 -0.1270 0.6072
vn 0.9987 -0.0516 -0.0002
vn 0.0481 -0.9987 0.0192
vn 0.9588 -0.2841 -0.0005
vn -0.8970 0.4421 -0.0026
vn 0.0408 -0.9974 0.0600
vn -0.2820 -0.9503 0.1321
vn -0.4894 -0.6627 0.5669
vn -0.3395 -0.4654 0.8174
vn -0.4333 0.7139 0.5501
vn -0.2831 0.9458 0.1594
vn 0.5826 0.7896 0.1928
vn 0.2722 -0.0039 0.9622
vn 0.4725 -0.8791 0.0624
vn 0.2931 -0.9541 0.0612
vn 0.2392 -0.9699 -0.0456
vn 0.2565 -0.9538 0.1563
vn 0.2156 -0.9759 0.0342
vn 0.5454 -0.8345 0.0791
vn 0.5471 -0.8333 0.0796
vn 0.7573 -0.6091 0.2356
vn 0.7710 -0.5974 0.2208
vn 0.7035 -0.6727 0.2291
vn 0.7560 -0.3331 0.5634
vn 0.6186 -0.2072 0.7579
vn 0.5263 -0.1262 0.8409
vn 0.4891 -0.0760 0.8689
vn 0.5161 -0.0599 0.8544
vn 0.5143 -0.0869 0.8532
vn 0.3109 0.0057 0.9504
vn 0.3081 0.0042 0.9513
vn 0.3079 -0.0054 0.9514
vn 0.5145 0.0842 0.8533
vn 0.5162 0.0583 0.8545
vn 0.7662 0.5642 0.3076
vn 0.7579 0.4927 0.4276
vn 0.8078 0.4103 0.4232
vn 0.4928 0.8688 0.0482
vn 0.5505 0.8310 0.0799
vn 0.6136 0.7845 0.0897
vn 0.3489 0.9372 -0.0009
vn 0.4105 0.9098 0.0618
vn 0.5002 0.8650 0.0396
vn 0.1343 0.9595 -0.2478
vn 0.2549 0.9669 -0.0101
vn 0.3172 0.9460 0.0669
vn 0.0405 0.9981 0.0462
vn 0.0314 0.9986 -0.0415
vn 0.0641 0.9969 0.0447
vn 0.0021 0.9985 0.0541
vn -0.0746 0.9972 -0.0017
vn -0.0762 0.9968 0.0246
vn -0.2816 0.9555 0.0878
vn -0.2819 0.9558 0.0832
vn -0.2813 0.9556 0.0878
vn -0.1896 0.9774 0.0937
vn -0.2213 0.9721 0.0782
vn -0.2084 0.9756 0.0696
vn -0.2123 0.9762 0.0438
vn -0.4967 0.8195 0.2858
vn -0.4496 0.8270 0.3376
vn -0.3845 0.8758 0.2918
vn -0.4304 0.7853 0.4450
vn -0.4413 0.7163 0.5405
vn -0.3942 0.6018 0.6946
vn -0.4115 0.5621 0.7175
vn -0.4062 0.5430 0.7349
vn -0.2783 0.3784 0.8828
vn -0.2761 0.4903 0.8266
vn -0.3370 0.4563 0.8235
vn -0.3502 0.5229 0.7771
vn -0.3911 0.5401 0.7452
vn -0.2626 0.3030 0.9161
vn -0.2435 0.2414 0.9394
vn -0.2305 0.2450 0.9417
vn -0.1763 0.2159 0.9604
vn -0.1259 0.0758 0.9891
vn -0.2159 0.0745 0.9736
vn -0.2026 0.0933 0.9748
vn -0.1782 0.1475 0.9729
vn -0.0788 0.0142 0.9968
vn -0.0864 -0.0185 0.9961
vn -0.0903 -0.0395 0.9951
vn -0.1150 -0.0606 0.9915
vn -0.1158 -0.0592 0.9915
vn -0.2217 -0.2469 0.9433
vn -0.1707 -0.2040 0.9640
vn -0.1806 -0.1511 0.9719
vn -0.1916 -0.1087 0.9754
vn -0.2149 -0.0759 0.9737
vn -0.1903 -0.1082 0.9757
vn -0.1410 -0.0842 0.9864
vn -0.1297 -0.0757 0.9887
vn -0.2633 -0.3061 0.9149
vn -0.3688 -0.5433 0.7542
vn -0.4093 -0.6914 0.5954
vn -0.3869 -0.6308 0.6726
vn -0.4140 -0.5621 0.7159
vn -0.2831 -0.9537 0.1015
vn -0.2815 -0.9553 0.0900
vn -0.2088 -0.9766 0.0517
vn -0.2111 -0.9747 0.0735
vn -0.1907 -0.9813 0.0271
vn -0.0710 -0.9974 -0.0106
vn -0.0802 -0.9964 0.0290
vn -0.0989 -0.9940 0.0472
vn 0.0521 -0.9979 0.0385
vn 0.0778 -0.9958 0.0488
vn 0.0816 -0.9957 0.0445
vn -0.0453 -0.9659 -0.2551
vn 0.0348 -0.9993 -0.0162
vn -0.3010 0.9535 0.0117
vn -0.3488 0.9372 0.0071
vn -0.3929 0.9196 0.0071
vn -0.4389 0.8985 0.0028
vn -0.4970 0.8677 0.0029
vn -0.5210 0.8536 0.0006
vn -0.5920 0.8059 0.0009
vn -0.5978 0.8016 0.0003
vn -0.6748 0.7380 0.0006
vn -0.7985 0.6020 0.0032
vn -0.8047 0.5937 0.0023
vn -0.7370 0.6759 0.0023
vn -0.1535 0.9880 0.0155
vn -0.1523 0.9883 -0.0060
vn -0.1311 0.9914 -0.0033
vn -0.7452 0.6668 0.0014
vn -0.6699 0.7425 0.0011
vn -0.6696 0.7427 -0.0072
vn -0.5978 0.8016 -0.0001
vn -0.5554 0.8316 -0.0001
vn -0.5210 0.8536 0.0001
vn -0.4757 0.8796 -0.0036
vn -0.4387 0.8986 -0.0006
vn -0.3095 0.9509 -0.0014
vn -0.3480 0.9375 -0.0070
vn -0.2523 0.9676 -0.0011
vn -0.2530 0.9674 0.0117
vn -0.2153 0.9764 0.0154
vn -0.6280 0.7782 0.0011
vn -0.6992 0.7149 -0.0002
vn -0.7369 0.6760 -0.0002
vn -0.7228 0.6911 0.0014
vn -0.7984 0.6021 -0.0028
vn -0.7856 0.6187 -0.0005
vn 0.2514 0.9677 0.0171
vn 0.2213 0.9751 0.0138
vn 0.4383 0.8988 0.0088
vn 0.3950 0.9187 0.0035
vn 0.5208 0.8537 0.0038
vn 0.4977 0.8674 0.0007
vn 0.5978 0.8017 0.0012
vn 0.5922 0.8058 0.0004
vn 0.6698 0.7425 0.0008
vn 0.6751 0.7377 0.0017
vn 0.7369 0.6760 0.0019
vn 0.7457 0.6663 0.0036
vn 0.7984 0.6021 0.0036
vn 0.8051 0.5932 0.0050
vn 0.8536 0.5209 0.0048
vn 0.8557 0.5175 0.0053
vn 0.9010 0.4338 0.0048
vn 0.4123 0.9110 -0.0039
vn 0.4388 0.8986 -0.0013
vn 0.5274 0.8496 0.0005
vn 0.5210 0.8536 -0.0001
vn 0.6035 0.7973 -0.0001
vn 0.5978 0.8016 -0.0007
vn 0.6767 0.7363 0.0005
vn 0.6698 0.7425 -0.0001
vn 0.7144 0.6997 -0.0002
vn 0.7369 0.6760 0.0005
vn 0.7782 0.6280 -0.0028
vn 0.7985 0.6020 -0.0004
vn 0.8313 0.5558 -0.0004
vn 0.8537 0.5208 -0.0000
vn 0.8815 0.4722 -0.0034
vn 0.9011 0.4337 -0.0003
vn 0.9526 0.3042 -0.0004
vn 0.9988 -0.0496 -0.0000
vn 0.9987 -0.0516 0.0002
vn 0.9889 -0.1485 0.0005
vn 0.8557 -0.5175 0.0047
vn 0.8536 -0.5209 0.0053
vn 0.5978 -0.8016 0.0004
vn 0.1777 -0.9841 -0.0049
vn 0.2524 -0.9676 -0.0007
vn 0.2516 -0.9677 0.0138
vn 0.9889 -0.1485 0.0001
vn 0.9947 -0.1027 -0.0032
vn 0.9988 -0.0496 0.0003
vn 0.7804 -0.6253 -0.0025
vn 0.1704 -0.9846 0.0395
vn 0.1393 -0.9895 0.0376
vn 0.1355 -0.9906 0.0190
vn 0.0501 -0.9986 0.0190
vn -0.9011 -0.4337 0.0030
vn -0.8554 -0.5179 0.0033
vn -0.8537 -0.5208 0.0030
vn -0.8046 -0.5938 0.0032
vn -0.7985 -0.6020 0.0023
vn -0.7452 -0.6669 0.0023
vn -0.7370 -0.6759 0.0013
vn -0.6748 -0.7380 0.0012
vn -0.6699 -0.7425 0.0006
vn -0.5921 -0.8059 0.0003
vn -0.5979 -0.8016 0.0009
vn -0.4974 -0.8675 0.0005
vn -0.5346 -0.8451 -0.0019
vn -0.4387 -0.8986 0.0002
vn -0.4391 -0.8984 0.0071
vn -0.9010 -0.4337 -0.0020
vn -0.8962 -0.4436 -0.0032
vn -0.8537 -0.5208 0.0005
vn -0.8401 -0.5425 -0.0004
vn -0.7985 -0.6021 -0.0005
vn -0.7880 -0.6156 -0.0018
vn -0.7369 -0.6760 0.0006
vn -0.7254 -0.6883 -0.0002
vn -0.6698 -0.7425 -0.0002
vn -0.6592 -0.7520 -0.0012
vn -0.5978 -0.8016 0.0007
vn -0.5208 -0.8537 -0.0040
vn -0.5211 -0.8535 0.0029
vn -0.3938 -0.9192 0.0027
vn 0.6068 -0.1582 0.7789
vn 0.2722 0.0041 0.9622
vn 0.2871 -0.0021 0.9579
vn 0.4743 -0.0206 0.8801
vn 0.4721 -0.0767 0.8782
vn 0.6950 -0.1518 0.7028
vn 0.6800 -0.2435 0.6916
vn 0.7229 -0.2977 0.6236
vn 0.6315 -0.2068 0.7473
vn 0.6472 -0.2262 0.7280
vn 0.7240 -0.2931 0.6244
vn 0.7420 -0.3624 0.5640
vn 0.8078 -0.4458 0.3855
vn 0.8199 -0.2520 0.5140
vn 0.7935 -0.3459 0.5006
vn 0.8122 -0.3831 0.4400
vn 0.7824 -0.4546 0.4258
vn 0.8226 -0.5252 0.2179
vn 0.9986 -0.0531 0.0016
vn 0.9941 -0.0521 0.0952
vn 0.9369 -0.0467 0.3465
vn 0.9375 -0.0457 0.3450
vn 0.8217 -0.0374 0.5686
vn 0.8235 -0.0356 0.5662
vn 0.6601 -0.0253 0.7508
vn 0.6629 -0.0232 0.7483
vn 0.9877 -0.1560 0.0027
vn 0.9877 -0.1560 0.0022
vn 0.9875 -0.1574 0.0042
vn 0.9834 -0.1545 0.0949
vn 0.9835 -0.1544 0.0947
vn 0.9291 -0.1390 0.3426
vn 0.9313 -0.1361 0.3380
vn 0.8185 -0.1118 0.5635
vn 0.8240 -0.1071 0.5564
vn 0.6608 -0.0764 0.7467
vn 0.8135 -0.1861 0.5510
vn 0.9185 -0.2242 0.3256
vn 0.9146 -0.2287 0.3335
vn 0.9632 -0.2522 0.0932
vn 0.9629 -0.2528 0.0941
vn 0.9663 -0.2572 0.0078
vn 0.9668 -0.2556 0.0053
vn 0.9668 -0.2556 0.0058
vn 0.9675 -0.2527 0.0037
vn 0.9675 -0.2527 0.0025
vn 0.8791 -0.4764 0.0131
vn 0.8792 -0.4763 0.0135
vn 0.8789 -0.4710 0.0757
vn 0.8804 -0.4660 0.0878
vn 0.8791 -0.4766 0.0105
vn 0.8554 -0.5128 0.0729
vn 0.9001 -0.4356 0.0103
vn 0.9000 -0.4358 0.0048
vn 0.9010 -0.4338 0.0045
vn 0.8939 -0.3148 0.3191
vn 0.9346 -0.3440 0.0900
vn 0.9339 -0.3454 0.0923
vn 0.9364 -0.3508 0.0114
vn 0.9369 -0.3495 0.0093
vn 0.9369 -0.3495 0.0089
vn 0.9378 -0.3471 0.0071
vn 0.9378 -0.3472 0.0039
vn 0.9398 -0.3418 0.0031
vn 0.7329 -0.6136 0.2939
vn 0.7198 -0.6817 0.1308
vn 0.7087 -0.6876 0.1580
vn 0.6866 -0.7269 0.0168
vn 0.6809 -0.7321 0.0224
vn 0.6775 -0.7355 0.0018
vn 0.6754 -0.7375 0.0038
vn 0.6750 -0.7378 0.0008
vn 0.6698 -0.7426 0.0017
vn 0.4913 -0.8699 0.0437
vn 0.4815 -0.8763 0.0150
vn 0.4888 -0.8723 0.0095
vn 0.4884 -0.8726 0.0080
vn 0.4978 -0.8673 0.0015
vn 0.4982 -0.8670 0.0038
vn 0.5209 -0.8536 0.0008
vn 0.5923 -0.8057 0.0012
vn 0.5922 -0.8058 0.0007
vn 0.5900 -0.8074 0.0025
vn 0.5924 -0.8055 0.0134
vn 0.5933 -0.8049 0.0126
vn 0.6184 -0.7780 0.1109
vn 0.6261 -0.7744 0.0916
vn 0.6324 -0.7659 0.1158
vn 0.6161 -0.7685 0.1724
vn 0.3071 -0.9515 0.0186
vn 0.3062 -0.9519 0.0137
vn 0.3479 -0.9375 0.0088
vn 0.3486 -0.9373 -0.0030
vn 0.3536 -0.9354 -0.0035
vn 0.7169 -0.6972 -0.0002
vn 0.6698 -0.7425 -0.0001
vn 0.6498 -0.7601 -0.0020
vn 0.5978 -0.8017 0.0007
vn 0.5159 -0.8566 -0.0022
vn 0.5211 -0.8535 -0.0028
vn 0.4387 -0.8986 0.0003
vn 0.4385 -0.8987 0.0036
vn 0.3960 -0.9182 0.0088
vn 0.3958 -0.9183 0.0074
vn 0.3779 -0.9257 0.0187
vn 0.3763 -0.9264 0.0130
vn 0.7369 -0.6760 0.0006
vn 0.7368 -0.6761 0.0036
vn 0.7455 -0.6665 0.0020
vn 0.7460 -0.6659 0.0082
vn 0.7497 -0.6618 0.0045
vn 0.7526 -0.6576 0.0332
vn 0.7597 -0.6498 0.0254
vn 0.7701 -0.6041 0.2048
vn 0.7833 -0.5964 0.1751
vn 0.7704 -0.5202 0.3685
vn 0.7960 -0.5140 0.3198
vn 0.7731 -0.4474 0.4496
vn 0.7629 -0.4533 0.4611
vn -0.2435 -0.2411 0.9395
vn -0.2507 -0.1134 0.9614
vn -0.2114 -0.1396 0.9674
vn -0.2141 -0.0666 0.9745
vn -0.1911 -0.0838 0.9780
vn -0.4121 -0.0213 0.9109
vn -0.3022 -0.0195 0.9531
vn -0.3004 -0.0164 0.9537
vn -0.1847 -0.0148 0.9827
vn -0.3017 -0.0483 0.9522
vn -0.1919 -0.0438 0.9804
vn -0.1800 -0.0226 0.9834
vn -0.0840 -0.0206 0.9963
vn -0.0776 -0.0026 0.9970
vn -0.4638 -0.7773 0.4251
vn -0.3775 -0.7943 0.4761
vn -0.4496 -0.7131 0.5379
vn -0.4317 -0.6916 0.5791
vn -0.4870 -0.5790 0.6539
vn -0.4820 -0.5628 0.6716
vn -0.5266 -0.4317 0.7324
vn -0.7112 -0.5000 0.4941
vn -0.7098 -0.5243 0.4704
vn -0.6589 -0.6120 0.4373
vn -0.3343 -0.4695 0.8172
vn -0.3528 -0.3665 0.8609
vn -0.4336 -0.3737 0.8199
vn -0.4597 -0.2012 0.8650
vn -0.4248 -0.2239 0.8772
vn -0.4338 -0.1229 0.8926
vn -0.4139 -0.1379 0.8998
vn -0.4173 -0.0716 0.9060
vn -0.5177 -0.0773 0.8521
vn -0.5192 -0.0289 0.8542
vn -0.6167 -0.0310 0.7866
vn -0.4062 -0.5432 0.7348
vn -0.4443 -0.3993 0.8020
vn -0.5187 -0.4066 0.7521
vn -0.5520 -0.2449 0.7971
vn -0.5194 -0.2662 0.8120
vn -0.5341 -0.1511 0.8318
vn -0.5157 -0.1652 0.8407
vn -0.5215 -0.0857 0.8489
vn -0.6155 -0.0916 0.7828
vn -0.6179 -0.0336 0.7855
vn -0.7074 -0.0357 0.7059
vn -0.2539 -0.4540 0.8540
vn -0.2928 -0.3368 0.8949
vn -0.3395 -0.3402 0.8769
vn -0.3586 -0.1572 0.9202
vn -0.3214 -0.1814 0.9294
vn -0.3265 -0.0946 0.9405
vn -0.3049 -0.1106 0.9459
vn -0.3067 -0.0576 0.9500
vn -0.4129 -0.0628 0.9086
vn -0.4137 -0.0242 0.9101
vn -0.5178 -0.0261 0.8551
vn -0.1252 -0.9917 0.0303
vn -0.1284 -0.9916 0.0155
vn -0.1537 -0.9880 0.0179
vn -0.0656 -0.9976 0.0208
vn -0.0594 -0.9976 0.0361
vn -0.0673 -0.9967 0.0458
vn -0.0653 -0.9965 0.0526
vn -0.0360 -0.9986 0.0386
vn -0.0403 -0.9990 0.0180
vn -0.0524 -0.9984 0.0192
vn -0.2213 -0.9721 0.0782
vn -0.2857 -0.9536 0.0948
vn -0.3033 -0.9507 0.0644
vn -0.4380 -0.8944 0.0909
vn -0.4537 -0.8893 0.0568
vn -0.5667 -0.8208 0.0717
vn -0.5809 -0.8135 0.0287
vn -0.6714 -0.7403 0.0339
vn -0.6781 -0.7350 0.0020
vn -0.7488 -0.6627 0.0024
vn -0.2012 -0.9788 0.0375
vn -0.3288 -0.9431 0.0504
vn -0.3442 -0.9388 0.0127
vn -0.4622 -0.8866 0.0157
vn -0.4861 -0.8739 0.0008
vn -0.5891 -0.8080 0.0015
vn -0.6771 -0.7359 0.0009
vn -0.5879 -0.8089 0.0002
vn -0.5804 -0.8138 0.0282
vn -0.4680 -0.8834 0.0222
vn -0.4544 -0.8889 0.0577
vn -0.3225 -0.9456 0.0422
vn -0.3080 -0.9486 0.0720
vn -0.2045 -0.9774 0.0541
vn -0.2266 -0.9737 0.0257
vn 0.3706 -0.9282 0.0337
vn 0.3533 -0.9354 0.0103
vn 0.3589 -0.9330 0.0247
vn 0.2673 -0.9633 0.0239
vn 0.2848 -0.9581 0.0317
vn 0.2249 -0.9739 0.0317
vn 0.2220 -0.9749 0.0171
vn 0.1516 -0.9883 0.0172
vn 0.1528 -0.9883 -0.0027
vn 0.0513 -0.9987 -0.0017
vn -0.0051 -1.0000 -0.0054
vn -0.0511 -0.9987 -0.0020
vn -0.1891 -0.9819 -0.0023
vn -0.1522 -0.9883 -0.0076
vn -0.2523 -0.9676 -0.0010
vn -0.2532 -0.9673 0.0153
vn -0.2160 -0.9763 0.0117
vn -0.2122 -0.9768 0.0302
vn -0.2303 -0.9724 0.0382
vn -0.2303 -0.9724 0.0383
vn -0.2132 -0.9768 0.0195
vn -0.1965 -0.9787 0.0600
vn -0.1831 -0.9831 0.0089
vn -0.8168 -0.4657 0.3404
vn -0.7840 -0.4586 0.4184
vn -0.7867 -0.4338 0.4393
vn -0.7443 -0.4239 0.5160
vn -0.7439 -0.3962 0.5381
vn -0.8700 -0.4173 0.2625
vn -0.8413 -0.4122 0.3498
vn -0.8438 -0.3948 0.3636
vn -0.8055 -0.3868 0.4490
vn -0.8062 -0.3657 0.4651
vn -0.7577 -0.3552 0.5474
vn -0.7560 -0.3319 0.5643
vn -0.8504 -0.1322 0.5092
vn -0.8253 -0.1839 0.5339
vn -0.8622 -0.1403 0.4868
vn -0.9035 -0.1434 0.4039
vn -0.9215 -0.3486 0.1714
vn -0.8983 -0.3466 0.2701
vn -0.8998 -0.3365 0.2776
vn -0.8667 -0.3316 0.3726
vn -0.8675 -0.3178 0.3827
vn -0.8238 -0.3103 0.4744
vn -0.8231 -0.2938 0.4860
vn -0.7687 -0.2841 0.5730
vn -0.7662 -0.2660 0.5850
vn -0.8816 -0.1936 0.4305
vn -0.9127 -0.1501 0.3799
vn -0.9435 -0.1521 0.2944
vn -0.9252 -0.2006 0.3222
vn -0.9503 -0.1568 0.2689
vn -0.9645 -0.1574 0.2120
vn -0.9666 -0.1813 0.1811
vn -0.9636 -0.2593 0.0649
vn -0.9494 -0.2604 0.1757
vn -0.9499 -0.2565 0.1784
vn -0.9242 -0.2549 0.2842
vn -0.9247 -0.2477 0.2893
vn -0.8877 -0.2436 0.3907
vn -0.8874 -0.2336 0.3975
vn -0.8389 -0.2275 0.4945
vn -0.8375 -0.2155 0.5022
vn -0.7779 -0.2078 0.5930
vn -0.7753 -0.1948 0.6009
vn -0.2963 -0.9468 0.1258
vn -0.3972 -0.9025 0.1666
vn -0.4214 -0.8975 0.1303
vn -0.5379 -0.8263 0.1673
vn -0.5584 -0.8200 0.1260
vn -0.6486 -0.7468 0.1473
vn -0.6657 -0.7398 0.0976
vn -0.7352 -0.6692 0.1080
vn -0.7484 -0.6617 0.0457
vn -0.8043 -0.5922 0.0488
vn -0.8087 -0.5882 0.0060
vn -0.1989 -0.9755 0.0937
vn -0.2816 -0.9555 0.0874
vn -0.2819 -0.9555 0.0870
vn -0.4199 -0.8987 0.1271
vn -0.4389 -0.8937 0.0925
vn -0.5534 -0.8246 0.1175
vn -0.5701 -0.8180 0.0764
vn -0.6601 -0.7459 0.0893
vn -0.6741 -0.7377 0.0372
vn -0.7450 -0.6658 0.0413
vn -0.7506 -0.6608 0.0044
vn -0.8073 -0.5901 0.0044
vn -0.3926 -0.8733 0.2885
vn -0.4460 -0.8274 0.3413
vn -0.4901 -0.8208 0.2934
vn -0.5834 -0.7326 0.3507
vn -0.6190 -0.7270 0.2972
vn -0.6880 -0.6460 0.3307
vn -0.7169 -0.6427 0.2702
vn -0.7683 -0.5711 0.2892
vn -0.7911 -0.5707 0.2204
vn -0.8312 -0.5059 0.2308
vn -0.8486 -0.5072 0.1506
vn -0.8844 -0.4399 0.1561
vn -0.8967 -0.4384 0.0616
vn -0.9332 -0.3538 0.0631
vn -0.9362 -0.3516 0.0034
vn -0.9667 -0.2559 0.0027
vn -0.9667 -0.2559 0.0020
vn -0.9881 -0.1537 0.0015
vn -0.9881 -0.1537 0.0003
vn -0.9988 -0.0496 0.0002
vn -0.9889 -0.1485 0.0007
vn -0.9675 -0.2528 0.0010
vn -0.9675 -0.2528 0.0030
vn -0.9367 -0.3501 0.0036
vn -0.9367 -0.3501 0.0044
vn -0.8989 -0.4380 0.0052
vn -0.8958 -0.4404 0.0600
vn -0.8553 -0.5149 0.0582
vn -0.8442 -0.5169 0.1423
vn -0.8011 -0.5829 0.1358
vn -0.7842 -0.5855 0.2055
vn -0.7318 -0.6539 0.1921
vn -0.7097 -0.6583 0.2511
vn -0.6411 -0.7333 0.2266
vn -0.6134 -0.7392 0.2781
vn -0.5212 -0.8204 0.2353
vn -0.4876 -0.8268 0.2805
vn -0.3921 -0.8921 0.2246
vn -0.3711 -0.8970 0.2402
vn -0.9751 -0.1597 0.1541
vn -0.9826 -0.1593 0.0954
vn -0.9811 -0.1820 0.0656
vn -0.9867 -0.1582 0.0359
vn -0.9875 -0.1575 0.0002
vn -0.9986 -0.0526 -0.0001
vn -0.9986 -0.0526 0.0002
vn -0.9987 0.0516 0.0002
vn -0.9889 0.1485 0.0003
vn -0.9620 -0.2730 -0.0034
vn -0.9398 -0.3418 0.0005
vn -0.9398 -0.3418 0.0024
vn -0.8999 -0.4362 0.0027
vn -0.8986 -0.4372 0.0355
vn -0.8554 -0.5180 0.0056
vn -0.8072 -0.5902 0.0059
vn -0.8046 -0.5938 0.0044
vn -0.7486 -0.6630 0.0044
vn -0.7451 -0.6669 0.0026
vn -0.6768 -0.7361 0.0022
vn -0.5893 -0.8079 0.0006
vn -0.5919 -0.8060 0.0017
vn -0.4860 -0.8739 0.0010
vn -0.4965 -0.8680 0.0056
vn -0.3711 -0.9286 0.0050
vn -0.3916 -0.9201 0.0137
vn -0.3006 -0.9536 0.0136
vn -0.3020 -0.9533 0.0071
vn -0.3490 -0.9370 0.0116
vn -0.3481 -0.9374 -0.0054
vn -0.3684 -0.9297 -0.0025
vn -0.2923 0.3367 0.8951
vn -0.3566 0.3412 0.8697
vn -0.3359 0.3646 0.8684
vn -0.4494 0.3748 0.8109
vn -0.4287 0.3974 0.8113
vn -0.1859 0.1078 0.9767
vn -0.2507 0.1134 0.9614
vn -0.2114 0.1396 0.9674
vn -0.3586 0.1572 0.9202
vn -0.3214 0.1814 0.9294
vn -0.4597 0.2012 0.8650
vn -0.4248 0.2239 0.8772
vn -0.6104 0.2793 0.7413
vn -0.6076 0.2829 0.7421
vn -0.3967 0.6875 0.6082
vn -0.4385 0.6793 0.5884
vn -0.4938 0.5625 0.6631
vn -0.4755 0.5786 0.6627
vn -0.5332 0.4077 0.7413
vn -0.5124 0.4298 0.7434
vn -0.5520 0.2449 0.7971
vn -0.5194 0.2662 0.8120
vn -0.7874 0.0403 0.6152
vn -0.7073 0.0383 0.7059
vn -0.6920 0.0701 0.7185
vn -0.6157 0.0665 0.7852
vn -0.6209 0.0615 0.7815
vn -0.5172 0.0571 0.8540
vn -0.5230 0.0519 0.8508
vn -0.4118 0.0477 0.9100
vn -0.4182 0.0422 0.9074
vn -0.3002 0.0383 0.9531
vn -0.3073 0.0325 0.9511
vn -0.1846 0.0291 0.9824
vn -0.1922 0.0229 0.9811
vn -0.0885 0.0207 0.9959
vn -0.0881 0.0403 0.9953
vn -0.7495 0.3533 0.5598
vn -0.7644 0.3335 0.5518
vn -0.7346 0.4214 0.5318
vn -0.7540 0.3983 0.5224
vn -0.6998 0.5229 0.4866
vn -0.4048 0.7773 0.4816
vn -0.4015 0.8210 0.4059
vn -0.4946 0.7092 0.5024
vn -0.4789 0.7200 0.5023
vn -0.5624 0.5788 0.5906
vn -0.5427 0.5957 0.5921
vn -0.6075 0.4398 0.6614
vn -0.5865 0.4617 0.6655
vn -0.6225 0.3416 0.7041
vn -0.8536 0.0698 0.5162
vn -0.8383 0.0442 0.5435
vn -0.7863 0.0428 0.6164
vn -0.7864 -0.0403 0.6164
vn -0.7084 -0.0383 0.7048
vn -0.7048 -0.1057 0.7015
vn -0.6187 -0.0997 0.7793
vn -0.6096 -0.1923 0.7690
vn -0.6265 -0.1788 0.7586
vn -0.6104 -0.2793 0.7413
vn -0.6076 -0.2829 0.7421
vn -0.6225 -0.3416 0.7041
vn -0.5943 -0.4388 0.6740
vn -0.5993 -0.4635 0.6527
vn -0.5509 -0.5792 0.6009
vn -0.5538 -0.5960 0.5815
vn -0.4858 -0.7102 0.5096
vn -0.4872 -0.7196 0.4948
vn -0.4189 -0.8029 0.4240
vn -0.9090 0.0731 0.4103
vn -0.8972 0.0482 0.4391
vn -0.8692 0.0474 0.4921
vn -0.7992 0.3853 0.4614
vn -0.8127 0.3670 0.4527
vn -0.7766 0.4567 0.4340
vn -0.7944 0.4353 0.4236
vn -0.7366 0.5495 0.3943
vn -0.7571 0.5283 0.3843
vn -0.6801 0.6463 0.3460
vn -0.9511 0.0755 0.2995
vn -0.9430 0.0513 0.3290
vn -0.9217 0.0508 0.3846
vn -0.9939 0.0538 0.0962
vn -0.9863 0.0540 0.1559
vn -0.9798 0.0771 0.1846
vn -0.9753 0.0532 0.2146
vn -0.9607 0.0530 0.2723
vn -0.8370 0.4113 0.3610
vn -0.8481 0.3955 0.3524
vn -0.8071 0.4851 0.3367
vn -0.8220 0.4667 0.3263
vn -0.7627 0.5708 0.3041
vn -0.7805 0.5519 0.2936
vn -0.7038 0.6589 0.2654
vn -0.7232 0.6415 0.2559
vn -0.6285 0.7454 0.2221
vn -0.3815 0.8893 0.2521
vn -0.3903 0.8951 0.2156
vn -0.3826 0.8975 0.2191
vn -0.3819 0.9043 0.1909
vn -0.4003 0.9009 0.1679
vn -0.3039 0.9439 0.1289
vn -0.2824 0.9527 0.1126
vn -0.5958 0.7188 0.3583
vn -0.4817 0.8276 0.2882
vn -0.5274 0.8189 0.2266
vn -0.3956 0.9027 0.1690
vn -0.4229 0.8971 0.1280
vn -0.2891 0.9532 0.0891
vn -0.2998 0.9514 0.0705
vn -0.2043 0.9774 0.0540
vn -0.1983 0.9799 0.0221
vn -0.8644 0.4298 0.2610
vn -0.8725 0.4176 0.2537
vn -0.8282 0.5054 0.2420
vn -0.8395 0.4909 0.2329
vn -0.7808 0.5856 0.2177
vn -0.7947 0.5703 0.2081
vn -0.7205 0.6672 0.1892
vn -0.7359 0.6527 0.1801
vn -0.6447 0.7480 0.1575
vn -0.6598 0.7363 0.1499
vn -0.5505 0.8255 0.1242
vn -0.6691 0.6112 0.4228
vn -0.5748 0.7334 0.3628
vn -0.6270 0.7252 0.2844
vn -0.5115 0.8277 0.2308
vn -0.5480 0.8189 0.1705
vn -0.4186 0.8989 0.1294
vn -0.4396 0.8935 0.0913
vn -0.3110 0.9481 0.0659
vn -0.3190 0.9465 0.0494
vn -0.1947 0.9802 0.0368
vn -0.2004 0.9784 0.0507
vn -0.1100 0.9927 0.0503
vn -0.0925 0.9949 0.0411
vn -0.8834 0.4398 0.1616
vn -0.8881 0.4321 0.1566
vn -0.8429 0.5168 0.1497
vn -0.8499 0.5071 0.1432
vn -0.7937 0.5932 0.1346
vn -0.8029 0.5824 0.1272
vn -0.7331 0.6700 0.1166
vn -0.7437 0.6595 0.1093
vn -0.6580 0.7469 0.0965
vn -0.6681 0.7386 0.0904
vn -0.5653 0.8214 0.0757
vn -0.5717 0.8173 0.0723
vn -0.4548 0.8888 0.0569
vn -0.9942 0.1012 0.0356
vn -0.9964 0.0535 0.0660
vn -0.9986 0.0531 -0.0001
vn -0.9877 0.1561 0.0015
vn -0.9877 0.1561 0.0001
vn -0.9875 0.1575 0.0010
vn -0.9851 0.1587 0.0656
vn -0.9851 0.1589 0.0657
vn -0.9700 0.1597 0.1830
vn -0.9707 0.1575 0.1817
vn -0.9420 0.1563 0.2969
vn -0.9435 0.1521 0.2944
vn -0.9011 0.1492 0.4071
vn -0.9035 0.1434 0.4039
vn -0.8473 0.1391 0.5126
vn -0.8504 0.1322 0.5092
vn -0.7815 0.1267 0.6110
vn -0.7851 0.1194 0.6078
vn -0.7074 0.1135 0.6976
vn -0.9675 0.2528 0.0016
vn -0.9675 0.2528 0.0020
vn -0.9667 0.2559 0.0030
vn -0.9667 0.2559 0.0016
vn -0.9662 0.2576 0.0027
vn -0.9636 0.2594 0.0649
vn -0.9636 0.2593 0.0649
vn -0.9489 0.2604 0.1783
vn -0.9504 0.2565 0.1759
vn -0.9229 0.2548 0.2888
vn -0.9260 0.2478 0.2847
vn -0.8852 0.2433 0.3965
vn -0.8899 0.2339 0.3916
vn -0.8352 0.2269 0.5009
vn -0.8412 0.2160 0.4957
vn -0.7732 0.2071 0.5994
vn -0.7800 0.1953 0.5945
vn -0.6993 0.1852 0.6904
vn -0.6882 0.2032 0.6965
vn -0.6096 0.1923 0.7690
vn -0.6265 0.1788 0.7586
vn -0.5157 0.1652 0.8407
vn -0.5341 0.1511 0.8318
vn -0.4139 0.1379 0.8998
vn -0.4338 0.1229 0.8926
vn -0.3049 0.1106 0.9459
vn -0.3265 0.0946 0.9405
vn -0.1911 0.0838 0.9780
vn -0.2141 0.0666 0.9745
vn -0.1184 0.0608 0.9911
vn -0.1193 0.0576 0.9912
vn -0.9692 0.2463 0.0010
vn -0.9881 0.1537 0.0008
vn -0.9881 0.1537 0.0007
vn -0.9986 0.0526 0.0005
vn -0.9986 0.0525 -0.0005
vn -0.9986 -0.0531 -0.0005
vn -0.9979 -0.0534 0.0358
vn -0.9979 -0.0535 0.0360
vn -0.9939 -0.0539 0.0962
vn -0.9939 -0.0538 0.0962
vn -0.9863 -0.0540 0.1559
vn -0.9864 -0.0537 0.1555
vn -0.9752 -0.0537 0.2146
vn -0.9754 -0.0532 0.2140
vn -0.9607 -0.0530 0.2723
vn -0.9610 -0.0524 0.2715
vn -0.9429 -0.0521 0.3289
vn -0.9433 -0.0513 0.3280
vn -0.9217 -0.0508 0.3846
vn -0.9222 -0.0498 0.3835
vn -0.8971 -0.0492 0.4390
vn -0.8977 -0.0482 0.4379
vn -0.8692 -0.0474 0.4921
vn -0.8700 -0.0463 0.4909
vn -0.8382 -0.0455 0.5435
vn -0.8391 -0.0443 0.5422
vn -0.7873 -0.0429 0.6151
vn -0.7822 -0.1192 0.6115
vn -0.7074 -0.1135 0.6976
vn -0.6993 -0.1852 0.6904
vn -0.6882 -0.2032 0.6965
vn -0.7008 -0.2548 0.6663
vn -0.6921 -0.2952 0.6587
vn -0.6964 -0.3194 0.6426
vn -0.6867 -0.3552 0.6343
vn -0.6905 -0.3841 0.6129
vn -0.6595 -0.4700 0.5867
vn -0.6614 -0.4946 0.5639
vn -0.6109 -0.5955 0.5217
vn -0.6113 -0.6132 0.5003
vn -0.5414 -0.7148 0.4427
vn -0.9010 0.4338 -0.0037
vn -0.9011 0.4337 0.0027
vn -0.8999 0.4362 0.0030
vn -0.8998 0.4363 0.0052
vn -0.8779 0.4783 0.0205
vn -0.8956 0.4405 0.0615
vn -0.8968 0.4383 0.0601
vn -0.8530 0.5186 0.0581
vn -0.8555 0.5148 0.0553
vn -0.8038 0.5925 0.0528
vn -0.8079 0.5873 0.0490
vn -0.7443 0.6663 0.0455
vn -0.7492 0.6611 0.0416
vn -0.6707 0.7408 0.0370
vn -0.6749 0.7371 0.0341
vn -0.5803 0.8139 0.0287
vn -0.5810 0.8134 0.0282
vn -0.4728 0.8809 0.0225
vn -0.4666 0.8841 0.0260
vn -0.3530 0.9354 0.0206
vn -0.2374 0.9713 0.0149
vn -0.3550 0.9347 0.0150
vn -0.3710 0.9286 0.0053
vn -0.4781 0.8783 0.0058
vn -0.4861 0.8739 0.0008
vn -0.5876 0.8091 0.0015
vn -0.5894 0.8078 0.0002
vn -0.6783 0.7348 0.0009
vn -0.6769 0.7361 0.0020
vn -0.7509 0.6605 0.0024
vn -0.7486 0.6630 0.0044
vn -0.8088 0.5880 0.0044
vn -0.8072 0.5902 0.0060
vn -0.8566 0.5159 0.0057
vn -0.8793 0.4758 -0.0232
vn -0.8989 0.4380 0.0052
vn 0.0525 0.9986 -0.0044
vn -0.0512 0.9987 -0.0012
vn -0.0523 0.9985 0.0180
vn -0.1278 0.9916 0.0180
vn -0.1252 0.9917 0.0303
vn -0.2122 0.9768 0.0302
vn -0.2303 0.9724 0.0382
vn -0.3006 0.9536 0.0136
vn -0.3686 0.9295 0.0137
vn -0.3933 0.9194 0.0051
vn -0.4848 0.8746 0.0055
vn -0.4974 0.8675 0.0011
vn -0.5891 0.8081 0.0017
vn -0.5920 0.8059 0.0006
vn -0.6770 0.7360 0.0012
vn -0.6746 0.7381 0.0022
vn -0.7488 0.6628 0.0026
vn -0.7450 0.6671 0.0044
vn -0.8073 0.5901 0.0044
vn -0.8045 0.5939 0.0059
vn -0.8554 0.5180 0.0056
vn -0.8555 0.5179 0.0030
vn -0.8537 0.5208 0.0033
vn -0.8536 0.5209 -0.0004
vn -0.8398 0.5429 0.0016
vn 0.2856 0.0019 0.9583
vn 0.4516 0.0183 0.8921
vn 0.4738 0.0381 0.8798
vn 0.7835 0.5855 0.2082
vn 0.7778 0.5454 0.3123
vn 0.7883 0.4866 0.3767
vn 0.7550 0.4097 0.5120
vn 0.7650 0.2978 0.5710
vn 0.8174 0.5715 0.0725
vn 0.8127 0.5414 0.2154
vn 0.8196 0.5171 0.2469
vn 0.7951 0.4728 0.3798
vn 0.7947 0.4268 0.4317
vn 0.7169 0.3352 0.6113
vn 0.7165 0.3218 0.6189
vn 0.6308 0.2059 0.7481
vn 0.8190 0.1062 0.5638
vn 0.0480 0.9987 0.0190
vn 0.0521 0.9979 0.0385
vn 0.0980 0.9936 0.0568
vn 0.0892 0.9956 0.0271
vn 0.1330 0.9903 0.0407
vn 0.2559 0.9655 0.0484
vn 0.2256 0.9736 0.0352
vn 0.1388 0.9897 0.0354
vn 0.1351 0.9907 0.0172
vn 0.1515 0.9883 0.0189
vn 0.1790 0.9829 0.0420
vn 0.1972 0.9796 0.0376
vn 0.2491 0.9682 0.0246
vn 0.2476 0.9686 0.0237
vn 0.3797 0.9248 0.0249
vn 0.3542 0.9351 0.0126
vn 0.4903 0.8714 0.0152
vn 0.4794 0.8775 0.0093
vn 0.5922 0.8057 0.0126
vn 0.5936 0.8047 0.0134
vn 0.6733 0.7392 0.0163
vn 0.6829 0.7273 -0.0682
vn 0.6503 0.7344 0.1942
vn 0.6319 0.7667 0.1135
vn 0.7053 0.6973 0.1279
vn 0.6915 0.7212 0.0412
vn 0.7565 0.6524 0.0454
vn 0.7525 0.6585 0.0103
vn 0.8083 0.5886 0.0104
vn 0.8792 0.4763 0.0135
vn 0.8789 0.4710 0.0757
vn 0.8804 0.4660 0.0878
vn 0.8603 0.4400 0.2573
vn 0.8574 0.4207 0.2964
vn 0.8122 0.3831 0.4400
vn 0.7935 0.3459 0.5006
vn 0.7229 0.2977 0.6236
vn 0.6800 0.2435 0.6916
vn 0.6167 0.2061 0.7598
vn 0.5207 0.1205 0.8452
vn 0.9378 0.3472 0.0031
vn 0.9378 0.3470 0.0089
vn 0.9369 0.3496 0.0071
vn 0.9369 0.3494 0.0113
vn 0.9364 0.3509 0.0093
vn 0.9341 0.3455 0.0899
vn 0.9345 0.3438 0.0923
vn 0.8974 0.3168 0.3071
vn 0.8964 0.3069 0.3197
vn 0.8168 0.2650 0.5124
vn 0.8096 0.2471 0.5324
vn 0.6890 0.1928 0.6986
vn 0.6510 0.1364 0.7467
vn 0.4779 0.0786 0.8749
vn 0.4724 0.0720 0.8785
vn 0.3315 0.0140 0.9434
vn 0.2983 -0.0019 0.9545
vn 0.8234 0.1128 0.5561
vn 0.9296 0.1357 0.3428
vn 0.9308 0.1394 0.3379
vn 0.9834 0.1543 0.0949
vn 0.9834 0.1545 0.0947
vn 0.9875 0.1574 0.0022
vn 0.9877 0.1560 0.0042
vn 0.9877 0.1561 0.0010
vn 0.9881 0.1536 0.0027
vn 0.9881 0.1536 0.0005
vn 0.9889 0.1485 0.0012
vn 0.6612 0.0695 0.7470
vn 0.6689 0.0779 0.7393
vn 0.6646 0.1293 0.7359
vn 0.8150 0.1767 0.5518
vn 0.8213 0.1887 0.5384
vn 0.9158 0.2231 0.3338
vn 0.9173 0.2298 0.3253
vn 0.9631 0.2522 0.0941
vn 0.9630 0.2529 0.0932
vn 0.9663 0.2573 0.0054
vn 0.9668 0.2555 0.0078
vn 0.9668 0.2557 0.0037
vn 0.9676 0.2526 0.0058
vn 0.9675 0.2527 0.0016
vn 0.9692 0.2463 0.0025
vn -0.7216 0.5007 0.4781
vn -0.6466 0.6305 0.4293
vn -0.7019 0.6273 0.3374
vn -0.6061 0.7403 0.2910
vn -0.6473 0.7315 0.2144
vn -0.5336 0.8273 0.1757
vn -0.5616 0.8188 0.1192
vn -0.4375 0.8945 0.0921
vn -0.4533 0.8895 0.0576
vn -0.3317 0.9424 0.0433
vn -0.3375 0.9409 0.0292
vn -0.2113 0.9771 0.0241
vn -0.2148 0.9759 0.0382
vn -0.0702 0.9969 0.0363
vn -0.0653 0.9965 0.0526
vn -0.0360 0.9986 0.0386
vn -0.0401 0.9990 0.0193
vn 0.0501 0.9986 0.0192
vn 0.0515 0.9987 -0.0045
vn 0.1527 0.9883 -0.0010
vn 0.2357 0.9718 -0.0046
vn 0.2525 0.9676 -0.0029
vn 0.3484 0.9373 -0.0004
vn 0.3476 0.9375 0.0136
vn 0.3052 0.9522 0.0088
vn 0.3071 0.9515 0.0186
vn 0.3979 0.9172 0.0187
vn 0.3747 0.9271 0.0073
vn 0.4990 0.8666 0.0081
vn 0.4867 0.8736 0.0014
vn 0.5925 0.8056 0.0025
vn 0.5896 0.8077 0.0007
vn 0.6751 0.7377 0.0018
vn 0.6778 0.7352 0.0038
vn 0.7457 0.6662 0.0044
vn 0.7501 0.6613 0.0082
vn 0.8052 0.5929 0.0082
vn 0.8084 0.5885 0.0115
vn 0.8558 0.5172 0.0109
vn -0.3230 -0.9291 0.1802
vn -0.3803 -0.9045 0.1928
vn -0.3984 -0.9013 0.1702
vn -0.5169 -0.8267 0.2221
vn -0.5431 -0.8204 0.1789
vn -0.6341 -0.7442 0.2099
vn -0.6556 -0.7379 0.1602
vn -0.7243 -0.6663 0.1772
vn -0.7415 -0.6606 0.1178
vn -0.7954 -0.5928 0.1260
vn -0.8073 -0.5877 0.0530
vn -0.8533 -0.5185 0.0552
vn -0.8566 -0.5159 0.0057
vn -0.8793 -0.4758 -0.0232
vn -0.8786 -0.4776 0.0055
vn -0.9377 -0.3475 0.0045
vn -0.9377 -0.3474 0.0019
vn -0.9692 -0.2463 0.0015
vn -0.9692 -0.2463 -0.0009
vn -0.9889 -0.1485 0.0004
vn -0.9957 -0.0921 -0.0034
vn -0.9988 -0.0496 -0.0000
vn -0.9960 0.0891 -0.0000
vn 0.7477 0.6224 0.2313
vn 0.7312 0.6376 0.2425
vn 0.7240 0.6706 0.1615
vn 0.7702 0.6142 0.1721
vn 0.7635 0.6432 0.0579
vn 0.8125 0.5797 0.0610
vn 0.8102 0.5859 0.0142
vn 0.8791 0.4764 0.0131
vn 0.8793 0.4744 0.0412
vn 0.9001 0.4356 0.0103
vn 0.9000 0.4359 0.0045
vn 0.9397 0.3418 0.0038
vn 0.9398 0.3417 -0.0057
vn 0.9692 0.2463 0.0004
vn 0.9922 0.1244 -0.0012
vn 0.9889 0.1485 -0.0042
vn 0.9999 0.0108 0.0027
vn -0.4305 0.8232 0.3700
vn -0.4506 0.8200 0.3528
vn -0.5507 0.7135 0.4331
vn -0.5322 0.7263 0.4351
vn -0.6220 0.5949 0.5091
vn -0.6008 0.6130 0.5131
vn -0.6714 0.4709 0.5723
vn -0.6499 0.4929 0.5785
vn -0.6987 0.3575 0.6197
vn -0.6788 0.3812 0.6276
vn -0.7020 0.2970 0.6473
vn -0.6867 0.3172 0.6541
vn -0.7008 0.2548 0.6663
vn -0.7728 0.2670 0.5757
vn -0.7623 0.2829 0.5822
vn -0.8282 0.2946 0.4767
vn -0.8188 0.3094 0.4837
vn -0.8710 0.3184 0.3742
vn -0.8633 0.3310 0.3810
vn -0.9018 0.3367 0.2710
vn -0.8964 0.3463 0.2766
vn -0.9222 0.3486 0.1675
vn -0.9194 0.3543 0.1711
vn -0.9335 0.3530 0.0631
vn -0.9331 0.3538 0.0637
vn -0.9361 0.3516 0.0044
vn -0.9367 0.3501 0.0034
vn -0.9367 0.3502 0.0046
vn -0.9377 0.3475 0.0036
vn -0.9377 0.3474 0.0024
vn -0.9398 0.3418 0.0019
vn -0.9398 0.3418 0.0006
vn -0.9692 0.2464 -0.0045
vn -0.9634 0.2680 -0.0016
vn -0.9889 0.1485 0.0006
vn -0.9988 0.0496 -0.0057
vn -0.9988 0.0496 -0.0000
vn -0.9987 -0.0516 -0.0000
vn -0.9987 -0.0516 0.0005
vn -0.9877 -0.1561 0.0007
vn -0.9877 -0.1561 0.0010
vn -0.9663 -0.2576 0.0016
vn -0.9636 -0.2594 0.0649
vn -0.9335 -0.3530 0.0637
vn -0.9201 -0.3543 0.1672
vn -0.8871 -0.4321 0.1622
vn -0.8668 -0.4302 0.2522
vn -0.8365 -0.4905 0.2442
vn -0.8121 -0.4862 0.3226
vn -0.7747 -0.5520 0.3086
vn -0.7445 -0.5503 0.3780
vn -0.6935 -0.6283 0.3526
vn -0.6562 -0.6305 0.4145
vn -0.5865 -0.7204 0.3702
vn -0.5409 -0.7257 0.4252
vn -0.4450 -0.8250 0.3483
vn -0.4477 -0.8242 0.3466
vn 0.9988 0.0496 -0.0004
vn 0.9988 0.0496 0.0002
vn 0.9987 0.0516 -0.0000
vn 0.9987 0.0516 0.0005
vn 0.9986 0.0526 -0.0002
vn 0.9986 0.0525 0.0016
vn 0.9986 0.0531 0.0009
vn 0.9941 0.0521 0.0952
vn 0.9375 0.0468 0.3449
vn 0.9369 0.0456 0.3465
vn 0.8234 0.0375 0.5662
vn 0.8218 0.0355 0.5687
vn 0.6629 0.0255 0.7483
vn 0.6601 0.0230 0.7508
vn 0.4613 0.0119 0.8871
vn 0.4613 -0.0119 0.8871
vn 0.4315 -0.0313 0.9016
vn 0.6693 -0.0709 0.7396
vn 0.6646 -0.1293 0.7359
vn 0.8229 -0.1793 0.5391
vn 0.8066 -0.2601 0.5308
vn 0.8999 -0.3090 0.3077
vn 0.8574 -0.4207 0.2964
vn 0.8603 -0.4400 0.2573
vn 0.8096 -0.5338 0.2443
vn 0.8174 -0.5715 0.0725
vn 0.8007 -0.5980 0.0347
vn 0.8086 -0.5882 0.0142
vn 0.8082 -0.5888 0.0082
vn 0.8054 -0.5927 0.0115
vn 0.8050 -0.5933 0.0036
vn 0.7984 -0.6022 0.0050
vn 0.7985 -0.6020 -0.0004
vn 0.8537 -0.5208 -0.0004
vn 0.8352 -0.5500 0.0021
vn 0.9011 -0.4336 -0.0048
vn 0.8894 -0.4571 -0.0015
vn 0.9398 -0.3418 0.0002
vn 0.9692 -0.2462 -0.0057
vn 0.9692 -0.2463 0.0016
vn 0.9881 -0.1536 0.0012
vn 0.9881 -0.1536 0.0010
vn 0.9986 -0.0525 0.0005
vn 0.9986 -0.0525 0.0009
vn -0.0000 -0.0000 -1.0000
vn -0.6209 0.6342 -0.4607
vn -0.5490 0.6900 -0.4717
vn -0.5575 0.6673 -0.4939
vn -0.4776 0.7245 -0.4971
vn -0.4708 0.6924 -0.5468
vn -0.4011 0.7629 -0.5071
vn -0.3816 0.7278 -0.5698
vn -0.3282 0.7698 -0.5474
vn -0.3263 0.6987 -0.6367
vn -0.2886 0.7268 -0.6232
vn -0.2442 0.6732 -0.6980
vn -0.2316 0.6860 -0.6897
vn -0.1750 0.5995 -0.7810
vn -0.1903 0.5901 -0.7846
vn -0.6871 0.5592 -0.4639
vn -0.6483 0.6479 -0.3999
vn -0.5471 0.7731 -0.3209
vn 0.1316 0.9790 -0.1556
vn -0.0064 0.8463 -0.5327
vn 0.1261 0.9801 -0.1536
vn 0.1055 0.9835 -0.1470
vn 0.1049 0.9847 -0.1392
vn 0.0544 0.9915 -0.1180
vn 0.0543 0.9914 -0.1187
vn 0.0013 0.9959 -0.0906
vn -0.0021 0.9947 -0.1028
vn -0.0456 0.9961 -0.0750
vn -0.0505 0.9945 -0.0917
vn -0.0932 0.9938 -0.0607
vn -0.1085 0.9899 -0.0911
vn -0.1530 0.9869 -0.0522
vn -0.1740 0.9809 -0.0865
vn -0.2031 0.9776 -0.0552
vn -0.2075 0.9755 -0.0729
vn -0.2334 0.9715 -0.0426
vn -0.2578 0.9633 -0.0751
vn -0.4339 0.8766 -0.2082
vn -0.4879 0.8383 -0.2434
vn -0.4515 0.8448 -0.2870
vn -0.4242 0.8592 -0.2860
vn -0.3989 0.8619 -0.3129
vn -0.3528 0.8908 -0.2865
vn -0.3043 0.8940 -0.3289
vn -0.2757 0.9106 -0.3079
vn -0.2274 0.9114 -0.3430
vn -0.2200 0.9151 -0.3380
vn -0.1647 0.9131 -0.3731
vn -0.1727 0.9086 -0.3803
vn -0.0941 0.9017 -0.4220
vn -0.1196 0.8866 -0.4468
vn -0.0298 0.8742 -0.4847
vn -0.0643 0.8560 -0.5129
vn -0.0307 0.8508 -0.5246
vn -0.1347 0.5797 -0.8036
vn -0.8728 -0.4363 -0.2186
vn -0.9200 -0.2536 -0.2989
vn -0.8164 -0.3859 -0.4297
vn -0.8080 -0.4721 -0.3525
vn -0.8052 -0.4773 -0.3520
vn -0.8831 -0.3167 -0.3462
vn -0.7691 -0.4696 -0.4335
vn -0.8208 -0.3573 -0.4457
vn -0.7240 -0.5925 -0.3533
vn -0.5761 -0.7679 -0.2800
vn -0.3395 -0.9383 -0.0656
vn -0.3493 -0.9358 -0.0477
vn -0.3548 -0.9339 -0.0446
vn -0.3641 -0.9310 -0.0263
vn -0.3779 -0.9254 -0.0280
vn -0.3910 -0.9204 0.0064
vn -0.4012 -0.9160 0.0061
vn -0.4102 -0.9111 0.0403
vn -0.4081 -0.9120 0.0419
vn -0.4261 -0.9024 0.0642
vn -0.4268 -0.9018 0.0684
vn -0.4389 -0.8952 0.0774
vn -0.4423 -0.8904 0.1074
vn -0.4739 -0.8732 0.1140
vn -0.4746 -0.8636 0.1701
vn -0.5029 -0.8457 0.1783
vn -0.4972 -0.8335 0.2409
vn -0.5222 -0.8153 0.2500
vn -0.5136 -0.8056 0.2954
vn -0.5225 -0.7967 0.3039
vn -0.5110 -0.7852 0.3499
vn -0.5330 -0.7656 0.3602
vn -0.5087 -0.7466 0.4287
vn -0.5293 -0.7257 0.4396
vn -0.4971 -0.7039 0.5074
vn -0.5165 -0.6813 0.5187
vn -0.4912 -0.6660 0.5614
vn -0.4953 -0.6567 0.5687
vn -0.4669 -0.6393 0.6109
vn -0.4852 -0.6141 0.6225
vn -0.4334 -0.5843 0.6861
vn -0.4511 -0.5567 0.6975
vn -0.3905 -0.5222 0.7582
vn -0.4087 -0.4914 0.7691
vn -0.3506 -0.4572 0.8174
vn -0.3631 -0.4328 0.8251
vn -0.3036 -0.3951 0.8670
vn -0.3216 -0.3636 0.8743
vn -0.2587 -0.3173 0.9123
vn -0.2742 -0.2923 0.9162
vn -0.2254 -0.2474 0.9423
vn -0.2376 -0.2305 0.9436
vn -0.2000 -0.1846 0.9623
vn -0.2102 -0.1741 0.9620
vn -0.1946 -0.1449 0.9701
vn -0.1952 -0.1427 0.9703
vn -0.1804 -0.1132 0.9771
vn -0.1648 -0.1164 0.9794
vn -0.1780 -0.0835 0.9805
vn -0.1764 -0.0758 0.9814
vn -0.1621 -0.0803 0.9835
vn -0.1601 -0.0691 0.9847
vn -0.1494 -0.0725 0.9861
vn -0.1463 -0.0542 0.9877
vn -0.1137 -0.0595 0.9917
vn -0.1113 -0.0370 0.9931
vn -0.0926 -0.0393 0.9949
vn -0.0913 -0.0178 0.9957
vn -0.0776 -0.0187 0.9968
vn -0.0774 -0.0025 0.9970
vn -0.0768 -0.0026 0.9970
vn -0.0768 0.0139 0.9969
vn -0.0880 0.0140 0.9960
vn -0.0893 0.0392 0.9952
vn -0.1180 0.0381 0.9923
vn -0.1201 0.0562 0.9912
vn -0.1354 0.0558 0.9892
vn -0.1377 0.0724 0.9878
vn -0.1714 0.0686 0.9828
vn -0.1743 0.0829 0.9812
vn -0.1444 0.1023 0.9842
vn -0.1807 0.1007 0.9784
vn -0.1957 0.1396 0.9707
vn -0.1888 0.1416 0.9718
vn -0.2161 0.1870 0.9583
vn -0.2033 0.1940 0.9597
vn -0.2414 0.2384 0.9407
vn -0.2267 0.2491 0.9416
vn -0.2752 0.2937 0.9154
vn -0.2555 0.3118 0.9151
vn -0.3053 0.3490 0.8860
vn -0.2904 0.3622 0.8857
vn -0.3482 0.4013 0.8472
vn -0.3239 0.4274 0.8440
vn -0.3953 0.4706 0.7889
vn -0.3714 0.4954 0.7853
vn -0.4127 0.5194 0.7483
vn -0.4051 0.5222 0.7505
vn -0.4468 0.5456 0.7090
vn -0.4216 0.5698 0.7054
vn -0.4825 0.6045 0.6338
vn -0.4574 0.6263 0.6313
vn -0.5095 0.6572 0.5554
vn -0.4839 0.6772 0.5543
vn -0.5106 0.6947 0.5066
vn -0.5042 0.6959 0.5114
vn -0.5287 0.7115 0.4629
vn -0.5029 0.7294 0.4638
vn -0.5353 0.7532 0.3824
vn -0.5092 0.7696 0.3852
vn -0.5326 0.7906 0.3022
vn -0.5057 0.8061 0.3073
vn -0.5152 0.8183 0.2548
vn -0.5091 0.8198 0.2624
vn -0.5165 0.8300 0.2105
vn -0.4886 0.8446 0.2188
vn -0.4923 0.8590 0.1406
vn -0.4625 0.8734 0.1523
vn -0.4583 0.8853 0.0782
vn -0.4274 0.8992 0.0937
vn -0.9337 -0.2871 -0.2140
vn -0.9476 -0.2785 -0.1563
vn -0.9449 -0.2870 -0.1573
vn -0.9568 -0.2774 -0.0875
vn -0.9562 -0.2789 -0.0886
vn -0.9632 -0.2682 -0.0187
vn -0.9617 -0.2735 -0.0194
vn -0.9629 -0.2558 0.0854
vn -0.9610 -0.2632 0.0845
vn -0.9514 -0.2430 0.1891
vn -0.9491 -0.2527 0.1881
vn -0.9356 -0.2364 0.2623
vn -0.9349 -0.2415 0.2602
vn -0.9162 -0.2240 0.3324
vn -0.9133 -0.2366 0.3315
vn -0.8790 -0.2099 0.4281
vn -0.8758 -0.2244 0.4274
vn -0.8323 -0.1952 0.5188
vn -0.8286 -0.2115 0.5184
vn -0.7943 -0.1901 0.5770
vn -0.7941 -0.1967 0.5751
vn -0.7563 -0.1744 0.6305
vn -0.7517 -0.1928 0.6307
vn -0.6905 -0.1578 0.7059
vn -0.6849 -0.1778 0.7066
vn -0.6184 -0.1399 0.7733
vn -0.6115 -0.1615 0.7746
vn -0.5518 -0.1261 0.8244
vn -0.5464 -0.1427 0.8253
vn -0.4911 -0.1078 0.8644
vn -0.4816 -0.1293 0.8668
vn -0.4302 -0.0914 0.8981
vn -0.4206 -0.1091 0.9007
vn -0.3867 -0.0778 0.9189
vn -0.3779 -0.0905 0.9214
vn -0.3573 -0.0652 0.9317
vn -0.3481 -0.0746 0.9345
vn -0.3403 -0.0600 0.9384
vn -0.3398 -0.0623 0.9384
vn -0.3344 -0.0513 0.9410
vn -0.3264 -0.0557 0.9436
vn -0.3238 -0.0432 0.9451
vn -0.3141 -0.0465 0.9482
vn -0.3131 -0.0399 0.9489
vn -0.3060 -0.0424 0.9511
vn -0.3043 -0.0318 0.9521
vn -0.2836 -0.0355 0.9583
vn -0.2823 -0.0223 0.9591
vn -0.2713 -0.0238 0.9622
vn -0.2704 -0.0108 0.9627
vn -0.2625 -0.0114 0.9649
vn -0.2625 -0.0015 0.9649
vn -0.2620 -0.0016 0.9651
vn -0.2620 0.0085 0.9650
vn -0.2686 0.0085 0.9632
vn -0.2694 0.0237 0.9627
vn -0.2864 0.0229 0.9578
vn -0.2877 0.0334 0.9571
vn -0.2973 0.0331 0.9542
vn -0.2986 0.0424 0.9534
vn -0.3206 0.0395 0.9464
vn -0.3227 0.0500 0.9452
vn -0.3303 0.0490 0.9426
vn -0.3352 0.0615 0.9401
vn -0.3426 0.0593 0.9376
vn -0.3522 0.0752 0.9329
vn -0.3629 0.0692 0.9293
vn -0.3798 0.0888 0.9208
vn -0.3903 0.0808 0.9171
vn -0.4174 0.1057 0.9026
vn -0.4299 0.0928 0.8981
vn -0.4614 0.1163 0.8796
vn -0.4700 0.1072 0.8761
vn -0.5122 0.1359 0.8481
vn -0.5248 0.1178 0.8430
vn -0.5831 0.1531 0.7979
vn -0.5943 0.1355 0.7928
vn -0.6282 0.1547 0.7625
vn -0.6320 0.1526 0.7598
vn -0.6675 0.1731 0.7242
vn -0.6777 0.1553 0.7188
vn -0.7361 0.1885 0.6501
vn -0.7450 0.1720 0.6445
vn -0.7976 0.2031 0.5679
vn -0.8053 0.1879 0.5623
vn -0.8318 0.2044 0.5160
vn -0.8342 0.2031 0.5127
vn -0.8578 0.2187 0.4651
vn -0.8641 0.2054 0.4596
vn -0.8996 0.2314 0.3703
vn -0.9047 0.2196 0.3651
vn -0.9315 0.2434 0.2705
vn -0.9354 0.2333 0.2658
vn -0.9466 0.2461 0.2083
vn -0.9476 0.2448 0.2054
vn -0.9552 0.2566 0.1475
vn -0.9578 0.2488 0.1436
vn -0.9627 0.2672 0.0431
vn -0.9644 0.2613 0.0401
vn -0.9587 0.2776 -0.0619
vn -0.9597 0.2735 -0.0641
vn -0.9516 0.2820 -0.1220
vn -0.9515 0.2815 -0.1240
vn -0.9413 0.2884 -0.1757
vn -0.9439 0.2742 -0.1839
vn -0.9158 0.2990 -0.2682
vn -0.9172 0.2826 -0.2807
vn -0.8530 0.4099 -0.3230
vn -0.8675 0.3411 -0.3620
vn -0.6920 0.6852 -0.2273
vn -0.6947 0.6823 -0.2276
vn -0.7245 0.6716 -0.1552
vn -0.7255 0.6705 -0.1552
vn -0.7470 0.6598 -0.0813
vn -0.7465 0.6604 -0.0814
vn -0.7546 0.6550 -0.0389
vn -0.7560 0.6535 -0.0362
vn -0.7631 0.6462 0.0115
vn -0.7735 0.6337 0.0136
vn -0.7784 0.6196 0.1010
vn -0.7869 0.6084 0.1033
vn -0.7826 0.5919 0.1929
vn -0.7892 0.5823 0.1951
vn -0.7820 0.5718 0.2482
vn -0.7827 0.5697 0.2507
vn -0.7724 0.5573 0.3047
vn -0.7776 0.5490 0.3066
vn -0.7520 0.5262 0.3970
vn -0.7562 0.5188 0.3987
vn -0.7216 0.4934 0.4856
vn -0.7252 0.4865 0.4872
vn -0.7015 0.4712 0.5348
vn -0.7013 0.4698 0.5361
vn -0.6748 0.4528 0.5828
vn -0.6779 0.4462 0.5842
vn -0.6248 0.4148 0.6615
vn -0.6276 0.4085 0.6627
vn -0.5673 0.3741 0.7337
vn -0.5701 0.3678 0.7347
vn -0.5319 0.3460 0.7729
vn -0.5318 0.3445 0.7736
vn -0.4945 0.3230 0.8069
vn -0.4972 0.3170 0.8077
vn -0.4322 0.2776 0.8580
vn -0.4350 0.2716 0.8585
vn -0.3853 0.2379 0.8916
vn -0.3867 0.2346 0.8919
vn -0.3463 0.2045 0.9156
vn -0.3484 0.2008 0.9156
vn -0.3108 0.1662 0.9358
vn -0.3121 0.1643 0.9357
vn -0.2846 0.1323 0.9495
vn -0.2852 0.1316 0.9494
vn -0.2666 0.1007 0.9585
vn -0.2663 0.1010 0.9586
vn -0.2546 0.0708 0.9644
vn -0.2504 0.0728 0.9654
vn -0.2465 0.0528 0.9677
vn -0.2190 0.0590 0.9739
vn -0.2168 0.0434 0.9753
vn -0.2046 0.0461 0.9778
vn -0.2028 0.0298 0.9788
vn -0.1802 0.0324 0.9831
vn -0.1790 0.0110 0.9838
vn -0.1702 0.0115 0.9853
vn -0.1701 -0.0021 0.9854
vn -0.1707 -0.0021 0.9853
vn -0.1708 -0.0147 0.9852
vn -0.1817 -0.0148 0.9832
vn -0.1826 -0.0309 0.9827
vn -0.1977 -0.0306 0.9798
vn -0.1993 -0.0466 0.9788
vn -0.2263 -0.0443 0.9730
vn -0.2282 -0.0563 0.9720
vn -0.2375 -0.0561 0.9698
vn -0.2387 -0.0621 0.9691
vn -0.2512 -0.0612 0.9660
vn -0.2556 -0.0823 0.9633
vn -0.2579 -0.0818 0.9627
vn -0.2684 -0.1028 0.9578
vn -0.2684 -0.1029 0.9578
vn -0.2802 -0.1251 0.9518
vn -0.2798 -0.1253 0.9519
vn -0.3097 -0.1618 0.9370
vn -0.3077 -0.1633 0.9374
vn -0.3505 -0.2028 0.9143
vn -0.3473 -0.2060 0.9149
vn -0.4066 -0.2497 0.8788
vn -0.4024 -0.2547 0.8793
vn -0.4625 -0.2927 0.8369
vn -0.4591 -0.2968 0.8374
vn -0.5209 -0.3333 0.7858
vn -0.5166 -0.3390 0.7863
vn -0.5836 -0.3772 0.7191
vn -0.5794 -0.3826 0.7196
vn -0.6395 -0.4171 0.6458
vn -0.6352 -0.4225 0.6466
vn -0.6713 -0.4442 0.5934
vn -0.6692 -0.4457 0.5945
vn -0.7019 -0.4657 0.5389
vn -0.6972 -0.4714 0.5401
vn -0.7385 -0.4992 0.4532
vn -0.7333 -0.5053 0.4549
vn -0.7658 -0.5306 0.3635
vn -0.7601 -0.5371 0.3658
vn -0.7774 -0.5539 0.2981
vn -0.7744 -0.5566 0.3007
vn -0.7873 -0.5716 0.2311
vn -0.7805 -0.5794 0.2346
vn -0.7894 -0.5982 0.1376
vn -0.7814 -0.6075 0.1426
vn -0.7802 -0.6238 0.0465
vn -0.7712 -0.6343 0.0531
vn -0.7644 -0.6446 -0.0114
vn -0.7617 -0.6478 -0.0055
vn -0.7522 -0.6558 -0.0642
vn -0.7511 -0.6572 -0.0631
vn -0.7312 -0.6680 -0.1384
vn -0.7307 -0.6686 -0.1378
vn -0.7025 -0.6795 -0.2117
vn -0.7010 -0.6817 -0.2095
vn -0.6788 -0.6888 -0.2545
vn -0.6789 -0.6894 -0.2527
vn -0.6558 -0.6951 -0.2946
vn -0.3223 -0.9446 -0.0618
vn -0.7756 0.4905 -0.3973
vn -0.7525 0.5461 -0.3681
vn -0.6438 0.6974 -0.3148
vn -0.5954 0.7635 -0.2501
vn -0.4672 0.8697 -0.1590
vn -0.4225 0.9042 0.0620
vn -0.4177 0.9071 0.0515
vn -0.4177 0.9070 0.0534
vn -0.4136 0.9099 0.0310
vn -0.4073 0.9126 0.0354
vn -0.3953 0.9185 -0.0056
vn -0.3867 0.9222 0.0018
vn -0.3694 0.9284 -0.0403
vn -0.3588 0.9330 -0.0293
vn -0.3299 0.9404 -0.0824
vn -0.2866 0.9575 -0.0326
vn 0.1210 -0.9406 -0.3173
vn -0.0026 -0.4941 -0.8694
vn -0.1300 0.5233 -0.8422
vn -0.1342 0.2664 -0.9545
vn -0.1123 0.2688 -0.9566
vn -0.0825 0.1835 -0.9795
vn 0.1809 0.9780 -0.1036
vn 0.2342 0.9652 -0.1165
vn 0.2329 0.9664 -0.1083
vn 0.2937 0.9484 -0.1194
vn 0.2924 0.9506 -0.1040
vn 0.4028 0.9081 -0.1149
vn 0.3981 0.9134 -0.0845
vn 0.5050 0.8586 -0.0877
vn 0.4952 0.8668 -0.0588
vn 0.6016 0.7967 -0.0576
vn 0.5874 0.8093 0.0003
vn 0.7098 0.7043 0.0076
vn 0.6869 0.7213 0.0896
vn 0.7858 0.6105 0.0992
vn 0.7554 0.6339 0.1660
vn 0.8409 0.5118 0.1758
vn 0.7956 0.5309 0.2918
vn 0.8692 0.3917 0.3017
vn 0.8063 0.4091 0.4272
vn 0.8537 0.2877 0.4340
vn 0.7686 0.2998 0.5652
vn 0.7916 0.2231 0.5689
vn 0.6899 0.2284 0.6869
vn 0.7112 0.1344 0.6900
vn 0.6103 0.0733 0.7888
vn 0.6200 0.1059 0.7774
vn 0.6140 0.1455 0.7758
vn 0.5421 0.0376 0.8395
vn 0.5434 0.0129 0.8394
vn 0.5276 0.0361 0.8487
vn 0.5293 -0.0054 0.8484
vn 0.4600 0.0016 0.8879
vn 0.4511 -0.0017 0.8925
vn 0.4511 0.0074 0.8925
vn 0.4529 0.0004 0.8916
vn 0.4529 0.0130 0.8915
vn 0.4634 0.0005 0.8862
vn 0.4633 -0.0036 0.8862
vn -0.0413 0.2266 -0.9731
vn 0.0308 0.1993 -0.9795
vn 0.0360 0.2294 -0.9727
vn 0.1079 0.1919 -0.9755
vn 0.1105 0.2160 -0.9701
vn 0.1712 0.1770 -0.9692
vn 0.1832 0.2119 -0.9600
vn 0.2421 0.1617 -0.9567
vn 0.2599 0.1980 -0.9451
vn 0.3007 0.1515 -0.9416
vn 0.3123 0.1787 -0.9330
vn 0.3442 0.1341 -0.9293
vn 0.3691 0.1661 -0.9144
vn 0.3950 0.1169 -0.9112
vn 0.4218 0.1442 -0.8951
vn 0.4389 0.1001 -0.8929
vn 0.4683 0.1230 -0.8750
vn 0.4789 0.0869 -0.8736
vn 0.5112 0.1067 -0.8528
vn 0.5204 0.0672 -0.8513
vn 0.5454 0.0803 -0.8343
vn 0.5504 0.0430 -0.8338
vn 0.5669 0.0500 -0.8223
vn 0.5681 0.0299 -0.8224
vn 0.5702 0.0340 -0.8208
vn 0.5709 0.0158 -0.8208
vn 0.5804 0.0181 -0.8141
vn 0.5805 -0.0002 -0.8143
vn 0.5803 -0.0002 -0.8144
vn 0.5803 -0.0084 -0.8144
vn 0.5793 -0.0098 -0.8151
vn 0.5792 -0.0207 -0.8149
vn 0.5675 -0.0234 -0.8230
vn 0.5661 -0.0466 -0.8230
vn 0.5473 -0.0509 -0.8354
vn 0.5441 -0.0738 -0.8358
vn 0.5169 -0.0778 -0.8525
vn 0.5125 -0.0966 -0.8533
vn 0.4754 -0.0983 -0.8742
vn 0.4737 -0.1043 -0.8745
vn 0.4526 -0.1112 -0.8847
vn 0.4487 -0.1229 -0.8852
vn 0.4068 -0.1220 -0.9053
vn 0.3950 -0.1471 -0.9068
vn 0.3515 -0.1408 -0.9255
vn 0.3383 -0.1610 -0.9272
vn 0.3089 -0.1587 -0.9378
vn 0.2904 -0.1818 -0.9395
vn 0.2521 -0.1671 -0.9532
vn 0.2177 -0.1992 -0.9555
vn 0.1842 -0.1799 -0.9663
vn 0.1544 -0.2009 -0.9674
vn 0.1361 -0.1949 -0.9713
vn -0.0934 0.5710 -0.8156
vn -0.1299 0.5237 -0.8420
vn -0.0515 0.5048 -0.8617
vn -0.0427 0.5133 -0.8571
vn 0.0337 0.4909 -0.8706
vn 0.0475 0.5072 -0.8605
vn 0.1485 0.4691 -0.8706
vn 0.1690 0.4886 -0.8560
vn 0.2453 0.4492 -0.8591
vn 0.2667 0.4608 -0.8465
vn 0.3295 0.4202 -0.8455
vn 0.3632 0.4389 -0.8219
vn 0.4271 0.3846 -0.8183
vn 0.4699 0.4002 -0.7868
vn 0.5101 0.3549 -0.7835
vn 0.5470 0.3559 -0.7577
vn 0.5763 0.3148 -0.7542
vn 0.6277 0.3173 -0.7108
vn 0.6533 0.2691 -0.7077
vn 0.7039 0.2636 -0.6596
vn 0.7190 0.2249 -0.6576
vn 0.7676 0.2155 -0.6036
vn 0.7739 0.1941 -0.6028
vn 0.8178 0.1859 -0.5447
vn 0.8274 0.1439 -0.5429
vn 0.8588 0.1333 -0.4947
vn 0.8655 0.0827 -0.4940
vn 0.8864 0.0720 -0.4573
vn 0.8877 0.0511 -0.4575
vn 0.8912 0.0418 -0.4518
vn 0.8919 0.0221 -0.4518
vn 0.9056 0.0156 -0.4239
vn 0.9056 -0.0002 -0.4241
vn 0.9053 -0.0001 -0.4247
vn 0.9053 -0.0081 -0.4246
vn 0.9037 -0.0041 -0.4282
vn 0.9033 -0.0309 -0.4278
vn 0.8878 -0.0240 -0.4595
vn 0.8838 -0.0884 -0.4594
vn 0.8640 -0.0753 -0.4978
vn 0.8530 -0.1525 -0.4991
vn 0.8285 -0.1326 -0.5441
vn 0.8118 -0.2040 -0.5471
vn 0.7787 -0.1763 -0.6022
vn 0.7648 -0.2238 -0.6041
vn 0.7503 -0.1969 -0.6311
vn 0.7272 -0.2641 -0.6336
vn 0.6906 -0.2259 -0.6870
vn 0.6455 -0.3215 -0.6928
vn 0.6135 -0.2781 -0.7391
vn 0.5607 -0.3592 -0.7461
vn 0.5499 -0.3250 -0.7694
vn 0.4885 -0.4007 -0.7751
vn 0.4705 -0.3589 -0.8061
vn 0.3860 -0.4377 -0.8120
vn 0.3743 -0.3999 -0.8367
vn 0.3029 -0.4509 -0.8396
vn 0.3053 -0.4318 -0.8487
vn 0.2291 -0.4782 -0.8478
vn 0.0483 0.8341 -0.5494
vn -0.0314 0.7579 -0.6516
vn 0.0514 0.7384 -0.6724
vn 0.0591 0.7438 -0.6658
vn 0.1358 0.7211 -0.6794
vn 0.1475 0.7317 -0.6654
vn 0.2592 0.6894 -0.6764
vn 0.2778 0.7032 -0.6545
vn 0.3674 0.6573 -0.6580
vn 0.3878 0.6649 -0.6384
vn 0.4645 0.6151 -0.6372
vn 0.4968 0.6277 -0.5993
vn 0.5774 0.5593 -0.5948
vn 0.6197 0.5672 -0.5424
vn 0.6719 0.5091 -0.5380
vn 0.7099 0.5017 -0.4942
vn 0.7482 0.4478 -0.4896
vn 0.7980 0.4375 -0.4145
vn 0.8312 0.3752 -0.4103
vn 0.8766 0.3541 -0.3259
vn 0.8953 0.3064 -0.3234
vn 0.9322 0.2804 -0.2289
vn 0.9384 0.2596 -0.2280
vn 0.9627 0.2370 -0.1305
vn 0.9741 0.1861 -0.1284
vn 0.9853 0.1638 -0.0483
vn 0.9938 0.1007 -0.0473
vn 0.9966 0.0812 0.0154
vn 0.9982 0.0576 0.0154
vn 0.9988 0.0427 0.0254
vn 0.9994 0.0219 0.0253
vn 0.9971 0.0106 0.0757
vn 0.9971 -0.0001 0.0756
vn 0.9972 0.0001 0.0745
vn 0.9972 -0.0050 0.0745
vn 0.9977 0.0017 0.0679
vn 0.9972 -0.0314 0.0682
vn 0.9997 -0.0215 0.0115
vn 0.9944 -0.1050 0.0115
vn 0.9946 -0.0888 -0.0540
vn 0.9799 -0.1914 -0.0559
vn 0.9768 -0.1695 -0.1307
vn 0.9555 -0.2626 -0.1345
vn 0.9452 -0.2345 -0.2274
vn 0.9275 -0.2948 -0.2299
vn 0.9243 -0.2623 -0.2773
vn 0.8931 -0.3513 -0.2810
vn 0.8730 -0.3111 -0.3756
vn 0.8123 -0.4393 -0.3836
vn 0.7926 -0.3940 -0.4652
vn 0.7226 -0.5027 -0.4745
vn 0.7195 -0.4655 -0.5154
vn 0.6392 -0.5637 -0.5230
vn 0.6289 -0.5223 -0.5759
vn 0.5223 -0.6218 -0.5835
vn 0.5163 -0.5866 -0.6240
vn 0.4297 -0.6493 -0.6275
vn 0.4348 -0.6315 -0.6420
vn 0.3452 -0.6854 -0.6412
vn 0.3432 -0.6612 -0.6671
vn 0.2217 -0.7174 -0.6604
vn 0.1799 0.9687 -0.1712
vn 0.0738 0.9150 -0.3966
vn 0.1489 0.8975 -0.4151
vn 0.1552 0.8998 -0.4078
vn 0.2241 0.8793 -0.4202
vn 0.2332 0.8841 -0.4049
vn 0.3440 0.8419 -0.4157
vn 0.3596 0.8483 -0.3888
vn 0.4527 0.8009 -0.3920
vn 0.4707 0.8024 -0.3668
vn 0.5523 0.7491 -0.3657
vn 0.5799 0.7512 -0.3152
vn 0.6671 0.6773 -0.3102
vn 0.7023 0.6707 -0.2384
vn 0.7583 0.6087 -0.2334
vn 0.7908 0.5872 -0.1728
vn 0.8307 0.5307 -0.1681
vn 0.8649 0.4979 -0.0638
vn 0.8983 0.4353 -0.0594
vn 0.9197 0.3885 0.0565
vn 0.9364 0.3459 0.0588
vn 0.9378 0.2936 0.1853
vn 0.9407 0.2838 0.1857
vn 0.9205 0.2388 0.3093
vn 0.9302 0.1951 0.3109
vn 0.8993 0.1562 0.4085
vn 0.9069 0.0996 0.4095
vn 0.8721 0.0690 0.4845
vn 0.8732 0.0526 0.4846
vn 0.8675 0.0319 0.4965
vn 0.8680 0.0182 0.4963
vn 0.8314 0.0015 0.5557
vn 0.8314 -0.0000 0.5557
vn 0.8322 0.0002 0.5544
vn 0.8322 -0.0016 0.5544
vn 0.8373 0.0077 0.5467
vn 0.8369 -0.0252 0.5468
vn 0.8774 -0.0132 0.4796
vn 0.8719 -0.0989 0.4795
vn 0.9124 -0.0822 0.4010
vn 0.8968 -0.1913 0.3989
vn 0.9358 -0.1723 0.3077
vn 0.9131 -0.2718 0.3039
vn 0.9498 -0.2514 0.1864
vn 0.9304 -0.3174 0.1836
vn 0.9511 -0.2844 0.1208
vn 0.9161 -0.3839 0.1159
vn 0.9356 -0.3528 -0.0132
vn 0.8670 -0.4978 -0.0224
vn 0.8765 -0.4617 -0.1360
vn 0.7965 -0.5867 -0.1462
vn 0.8083 -0.5525 -0.2034
vn 0.7171 -0.6638 -0.2126
vn 0.7219 -0.6303 -0.2858
vn 0.6033 -0.7412 -0.2944
vn 0.6070 -0.7140 -0.3491
vn 0.5128 -0.7828 -0.3525
vn 0.5216 -0.7681 -0.3715
vn 0.4266 -0.8248 -0.3712
vn 0.4289 -0.8080 -0.4040
vn 0.3042 -0.8659 -0.3971
vn 0.3055 -0.8548 -0.4194
vn 0.1919 -0.8937 -0.4057
vn -0.0581 -0.2235 -0.9730
vn -0.1252 -0.1806 -0.9756
vn -0.1156 -0.1955 -0.9739
vn -0.1463 -0.4430 -0.8845
vn -0.1193 -0.5241 -0.8433
vn -0.1161 -0.5286 -0.8409
vn -0.0524 -0.6739 -0.7369
vn 0.0080 -0.2271 -0.9738
vn -0.0097 -0.2070 -0.9783
vn 0.1151 -0.4758 -0.8720
vn 0.0002 -0.5144 -0.8576
vn 0.0990 -0.7268 -0.6797
vn -0.0203 -0.7574 -0.6527
vn -0.0013 -0.7785 -0.6276
vn 0.0983 -0.2182 -0.9709
vn 0.0740 -0.1967 -0.9777
vn 0.2241 -0.4491 -0.8649
vn 0.1172 -0.4985 -0.8589
vn 0.2211 -0.6999 -0.6791
vn 0.1011 -0.7405 -0.6644
vn 0.1909 -0.8865 -0.4216
vn 0.0948 -0.9116 -0.4000
vn 0.0555 -0.8892 -0.4541
vn 0.4423 -0.0175 0.8967
vn 0.5495 -0.0007 0.8355
vn 0.5457 -0.0647 0.8355
vn 0.5966 -0.0503 0.8010
vn 0.6282 -0.1110 0.7701
vn 0.6272 -0.1179 0.7699
vn 0.7061 -0.1759 0.6859
vn 0.7025 -0.1917 0.6854
vn 0.7803 -0.2645 0.5667
vn 0.7873 -0.2405 0.5678
vn 0.8109 -0.3081 0.4975
vn 0.8491 -0.3969 0.3486
vn 0.8259 -0.4458 0.3454
vn 0.8295 -0.5190 0.2064
vn 0.7990 -0.5661 0.2028
vn 0.7802 -0.6122 0.1287
vn 0.7369 -0.6645 0.1241
vn 0.7155 -0.6978 0.0321
vn 0.6393 -0.7685 0.0266
vn 0.6184 -0.7849 -0.0400
vn 0.5584 -0.8285 -0.0418
vn 0.5424 -0.8377 -0.0643
vn 0.4764 -0.8769 -0.0644
vn 0.4620 -0.8811 -0.1006
vn 0.3634 -0.9267 -0.0952
vn 0.3533 -0.9281 -0.1175
vn 0.2667 -0.9578 -0.1069
vn 0.2609 -0.9579 -0.1201
vn 0.1904 -0.9762 -0.1041
vn 0.1830 -0.9762 -0.1167
vn -0.7253 -0.4776 -0.4957
vn -0.6324 -0.6662 -0.3952
vn -0.6568 -0.6040 -0.4515
vn -0.5587 -0.6819 -0.4721
vn -0.5402 -0.7026 -0.4631
vn -0.4919 -0.6967 -0.5221
vn -0.5082 -0.6773 -0.5319
vn -0.3459 -0.8008 -0.4889
vn -0.4691 -0.6512 -0.5965
vn -0.2816 -0.8012 -0.5280
vn -0.3572 -0.7213 -0.5934
vn -0.2479 -0.7349 -0.6312
vn -0.3343 -0.6225 -0.7077
vn -0.2021 -0.5453 -0.8135
vn -0.2236 -0.7060 -0.6719
vn -0.1973 -0.5851 -0.7866
vn -0.0415 -0.6714 -0.7400
vn -0.5941 -0.7637 -0.2527
vn -0.1315 -0.8943 -0.4277
vn -0.1262 -0.9083 -0.3989
vn -0.1810 -0.9121 -0.3678
vn -0.1805 -0.9137 -0.3640
vn -0.2355 -0.9147 -0.3284
vn -0.2419 -0.9070 -0.3448
vn -0.3081 -0.9049 -0.2938
vn -0.3259 -0.8857 -0.3305
vn -0.3826 -0.8811 -0.2780
vn -0.3990 -0.8611 -0.3151
vn -0.4530 -0.8538 -0.2564
vn -0.4840 -0.8197 -0.3063
vn -0.5138 -0.8153 -0.2672
vn -0.6943 -0.5993 -0.3984
vn 0.0987 -0.9857 -0.1366
vn 0.0371 -0.9934 -0.1087
vn 0.0336 -0.9931 -0.1124
vn -0.0070 -0.9960 -0.0892
vn -0.0154 -0.9953 -0.0953
vn -0.0498 -0.9961 -0.0733
vn -0.0701 -0.9934 -0.0908
vn -0.1060 -0.9924 -0.0632
vn -0.1352 -0.9873 -0.0839
vn -0.1593 -0.9853 -0.0615
vn -0.1867 -0.9796 -0.0744
vn -0.2054 -0.9772 -0.0541
vn -0.2429 -0.9675 -0.0704
vn -0.2226 -0.9700 -0.0975
vn -0.3091 -0.9475 -0.0815
vn 0.1298 -0.9865 -0.0994
vn 0.0361 -0.9565 -0.2896
vn -0.0395 -0.8822 -0.4691
vn -0.0068 -0.9010 -0.4338
vn -0.1109 -0.7987 -0.5915
vn -0.1635 -0.9821 -0.0932
vn -0.4656 -0.8431 -0.2691
vn -0.7018 -0.5847 -0.4069
vn -0.1729 -0.9804 -0.0947
vn -0.1743 -0.9804 -0.0921
vn -0.1794 -0.9796 -0.0907
vn -0.1835 -0.9795 -0.0828
vn -0.2057 -0.9746 -0.0887
vn -0.2128 -0.9745 -0.0707
vn -0.2360 -0.9689 -0.0739
vn -0.4902 -0.8281 -0.2721
vn -0.4940 -0.8281 -0.2650
vn -0.5078 -0.8212 -0.2605
vn -0.5191 -0.8209 -0.2380
vn -0.5743 -0.7789 -0.2521
vn -0.5941 -0.7788 -0.2013
vn -0.6490 -0.7319 -0.2076
vn -0.7316 -0.5471 -0.4068
vn -0.7369 -0.5471 -0.3970
vn -0.7544 -0.5300 -0.3872
vn -0.7708 -0.5296 -0.3542
vn -0.8276 -0.4271 -0.3643
vn -0.8561 -0.4271 -0.2912
vn -0.9034 -0.3162 -0.2896
vn -0.0473 -0.9821 -0.1821
vn -0.1403 -0.8430 -0.5193
vn -0.2143 -0.5845 -0.7826
vn -0.0403 -0.9837 -0.1751
vn -0.0600 -0.9837 -0.1694
vn -0.0501 -0.9871 -0.1523
vn -0.0686 -0.9871 -0.1444
vn -0.0633 -0.9884 -0.1381
vn -0.0787 -0.9884 -0.1300
vn -0.0756 -0.9891 -0.1263
vn -0.0909 -0.9891 -0.1157
vn -0.0937 -0.9885 -0.1184
vn -0.1038 -0.9886 -0.1094
vn -0.1084 -0.9877 -0.1123
vn -0.1176 -0.9877 -0.1030
vn -0.1295 -0.9854 -0.1106
vn -0.1407 -0.9854 -0.0962
vn -0.1570 -0.9821 -0.1040
vn -0.1196 -0.8569 -0.5014
vn -0.1761 -0.8565 -0.4851
vn -0.1476 -0.8858 -0.4400
vn -0.2005 -0.8862 -0.4177
vn -0.1856 -0.8972 -0.4006
vn -0.2295 -0.8971 -0.3776
vn -0.2208 -0.9035 -0.3674
vn -0.2644 -0.9035 -0.3373
vn -0.2721 -0.8985 -0.3446
vn -0.3009 -0.8987 -0.3191
vn -0.3137 -0.8915 -0.3268
vn -0.3399 -0.8913 -0.3001
vn -0.3721 -0.8710 -0.3208
vn -0.4040 -0.8710 -0.2795
vn -0.4470 -0.8428 -0.2997
vn -0.1819 -0.6198 -0.7634
vn -0.2704 -0.6190 -0.7374
vn -0.2285 -0.6939 -0.6829
vn -0.3122 -0.6947 -0.6480
vn -0.2903 -0.7234 -0.6264
vn -0.3591 -0.7231 -0.5900
vn -0.3466 -0.7398 -0.5767
vn -0.4148 -0.7399 -0.5296
vn -0.4256 -0.7267 -0.5393
vn -0.4707 -0.7271 -0.4998
vn -0.4884 -0.7084 -0.5094
vn -0.5291 -0.7080 -0.4676
vn -0.5713 -0.6558 -0.4935
vn -0.6206 -0.6557 -0.4299
vn -0.6735 -0.5843 -0.4528
vn 0.9385 -0.3163 -0.1387
vn 0.9483 -0.3163 0.0262
vn 0.9294 -0.3163 0.1903
vn 0.8823 -0.3163 0.3486
vn 0.8085 -0.3163 0.4963
vn 0.7101 -0.3162 0.6290
vn 0.5903 -0.3162 0.7427
vn 0.4525 -0.3162 0.8338
vn 0.3011 -0.3162 0.8997
vn 0.1405 -0.3161 0.9383
vn -0.0244 -0.3161 0.9484
vn -0.1885 -0.3161 0.9298
vn -0.6714 -0.7309 -0.1228
vn 0.2109 -0.9687 -0.1307
vn 0.2305 -0.9687 -0.0917
vn 0.2430 -0.9687 -0.0498
vn 0.2480 -0.9687 -0.0065
vn 0.2453 -0.9687 0.0371
vn 0.2350 -0.9687 0.0796
vn -0.2440 -0.9687 -0.0446
vn -0.2481 -0.9687 -0.0012
vn -0.2444 -0.9687 0.0424
vn -0.2332 -0.9687 0.0846
vn -0.2148 -0.9687 0.1241
vn -0.1897 -0.9687 0.1599
vn -0.1587 -0.9687 0.1906
vn -0.1228 -0.9687 0.2155
vn 0.2174 -0.9687 0.1195
vn 0.5981 -0.7309 0.3288
vn 0.1847 -0.9687 -0.1656
vn 0.1528 -0.9687 -0.1954
vn 0.1162 -0.9687 -0.2192
vn 0.0759 -0.9687 -0.2362
vn 0.0334 -0.9687 -0.2458
vn -0.0103 -0.9687 -0.2478
vn -0.0103 -0.9687 -0.2479
vn -0.6825 -0.7309 -0.0032
vn -0.6725 -0.7309 0.1165
vn -0.6417 -0.7309 0.2326
vn -0.5909 -0.7309 0.3415
vn -0.5219 -0.7309 0.4398
vn -0.4367 -0.7309 0.5245
vn -0.3380 -0.7309 0.5930
vn 0.6342 -0.7309 -0.2522
vn 0.5802 -0.7309 -0.3595
vn 0.5082 -0.7309 -0.4557
vn 0.5082 -0.7309 -0.4556
vn 0.4204 -0.7309 -0.5377
vn 0.3196 -0.7309 -0.6031
vn 0.2089 -0.7309 -0.6498
vn 0.0918 -0.7309 -0.6763
vn -0.0282 -0.7309 -0.6819
vn -0.9303 -0.3158 -0.1868
vn -0.9003 -0.4030 -0.1647
vn -0.9741 -0.2224 -0.0400
vn -0.9122 -0.4097 -0.0043
vn -0.9683 -0.2146 0.1279
vn -0.8961 -0.4158 0.1553
vn -0.9335 -0.2074 0.2926
vn -0.8526 -0.4214 0.3091
vn -0.8707 -0.2008 0.4490
vn -0.7831 -0.4265 0.4526
vn -0.7817 -0.1947 0.5925
vn -0.6900 -0.4310 0.5815
vn -0.6692 -0.1892 0.7186
vn -0.5761 -0.4350 0.6920
vn -0.5365 -0.1843 0.8235
vn -0.4450 -0.4386 0.7808
vn -0.4216 -0.3163 0.8498
vn -0.3469 -0.3160 0.8830
vn -0.2679 -0.3163 0.9100
vn -0.3007 -0.4416 0.8453
vn -0.2288 -0.7309 0.6430
vn -0.0831 -0.9687 0.2337
vn -0.1060 -0.3163 0.9427
vn -0.1476 -0.4442 0.8837
vn -0.1125 -0.7309 0.6732
vn -0.0409 -0.9687 0.2447
vn 0.0592 -0.3163 0.9468
vn 0.0096 -0.4463 0.8948
vn 0.0073 -0.7309 0.6825
vn 0.0026 -0.9687 0.2481
vn 0.0026 -0.9687 0.2480
vn 0.2225 -0.3163 0.9222
vn 0.1661 -0.4479 0.8785
vn 0.1268 -0.7309 0.6706
vn 0.0461 -0.9687 0.2438
vn 0.0461 -0.9687 0.2437
vn 0.3791 -0.3163 0.8697
vn 0.3174 -0.4491 0.8352
vn 0.2425 -0.7309 0.6380
vn 0.2424 -0.7309 0.6380
vn 0.0881 -0.9687 0.2319
vn 0.5242 -0.3162 0.7907
vn 0.4587 -0.4498 0.7663
vn 0.3506 -0.7309 0.5856
vn 0.3505 -0.7309 0.5856
vn 0.1274 -0.9687 0.2128
vn 0.1628 -0.9687 0.1872
vn 0.4478 -0.7309 0.5151
vn 0.5859 -0.4500 0.6740
vn 0.6534 -0.3162 0.6878
vn 0.1931 -0.9687 0.1558
vn 0.5312 -0.7309 0.4286
vn 0.6951 -0.4498 0.5609
vn 0.7628 -0.3162 0.5641
vn 0.6465 -0.7309 0.2189
vn 0.8316 -0.3154 0.4572
vn 0.7525 -0.5414 0.3751
vn 0.6748 -0.7309 0.1021
vn 0.8989 -0.3154 0.3043
vn 0.8115 -0.5325 0.2405
vn 0.6823 -0.7309 -0.0178
vn 0.9383 -0.3154 0.1420
vn 0.8466 -0.5234 0.0968
vn 0.6686 -0.7309 -0.1371
vn 0.9486 -0.3154 -0.0247
vn 0.8561 -0.5142 -0.0519
vn 0.9296 -0.3154 -0.1906
vn 0.8396 -0.5047 -0.2009
vn -0.0392 -0.3154 -0.9482
vn -0.0531 -0.4224 -0.9049
vn 0.1325 -0.1694 -0.9766
vn 0.0876 -0.4538 -0.8868
vn 0.3027 -0.1492 -0.9413
vn 0.2364 -0.4686 -0.8512
vn 0.4644 -0.1281 -0.8763
vn 0.3754 -0.4835 -0.7908
vn 0.6125 -0.1063 -0.7833
vn 0.5007 -0.4983 -0.7078
vn 0.7419 -0.0836 -0.6653
vn 0.6085 -0.5132 -0.6053
vn 0.8485 -0.0602 -0.5258
vn 0.6960 -0.5280 -0.4867
vn 0.9286 -0.0360 -0.3693
vn 0.7607 -0.5426 -0.3562
vn 0.9002 -0.3163 -0.2993
vn -0.0923 -0.3910 -0.9158
vn -0.1482 -0.3164 -0.9370
vn -0.0669 -0.7638 -0.6420
vn -0.1014 -0.7321 -0.6736
vn -0.0218 -0.9727 -0.2309
vn -0.0332 -0.9690 -0.2449
vn -0.1164 -0.5833 -0.8039
vn -0.1849 -0.3906 -0.9018
vn -0.0796 -0.8423 -0.5331
vn -0.1245 -0.7636 -0.6336
vn -0.0266 -0.9820 -0.1870
vn -0.0416 -0.9728 -0.2281
vn -0.1918 0.5848 -0.7882
vn -0.1265 0.8431 -0.5226
vn -0.0426 0.9821 -0.1832
vn -0.2054 0.6201 -0.7572
vn -0.2555 0.6195 -0.7422
vn -0.2447 0.6945 -0.6766
vn -0.3039 0.6948 -0.6518
vn -0.2989 0.7236 -0.6221
vn -0.3561 0.7233 -0.5917
vn -0.3496 0.7399 -0.5748
vn -0.4170 0.7398 -0.5280
vn -0.4236 0.7266 -0.5410
vn -0.4758 0.7270 -0.4951
vn -0.4836 0.7083 -0.5142
vn -0.5366 0.7077 -0.4596
vn -0.5648 0.6555 -0.5013
vn -0.6295 0.6553 -0.4175
vn -0.6658 0.5839 -0.4645
vn -0.1339 0.8571 -0.4975
vn -0.1670 0.8568 -0.4879
vn -0.1575 0.8861 -0.4360
vn -0.1954 0.8863 -0.4199
vn -0.1908 0.8973 -0.3980
vn -0.2277 0.8971 -0.3785
vn -0.2226 0.9035 -0.3662
vn -0.2657 0.9035 -0.3364
vn -0.2709 0.8984 -0.3456
vn -0.3041 0.8986 -0.3163
vn -0.3108 0.8915 -0.3298
vn -0.3446 0.8911 -0.2953
vn -0.3682 0.8709 -0.3256
vn -0.4096 0.8707 -0.2721
vn -0.4425 0.8426 -0.3069
vn -0.0451 0.9838 -0.1737
vn -0.0569 0.9837 -0.1703
vn -0.0535 0.9871 -0.1509
vn -0.0668 0.9871 -0.1452
vn -0.0651 0.9884 -0.1372
vn -0.0781 0.9884 -0.1303
vn -0.0762 0.9891 -0.1258
vn -0.0914 0.9891 -0.1154
vn -0.0933 0.9885 -0.1187
vn -0.1049 0.9886 -0.1084
vn -0.1074 0.9877 -0.1133
vn -0.1192 0.9877 -0.1013
vn -0.1283 0.9854 -0.1123
vn -0.1426 0.9853 -0.0938
vn -0.1555 0.9821 -0.1064
vn -0.0311 0.9728 -0.2295
vn -0.0245 0.9689 -0.2461
vn -0.0948 0.7640 -0.6382
vn -0.0752 0.7321 -0.6770
vn -0.1386 0.3912 -0.9098
vn -0.1049 0.3164 -0.9428
vn -0.0338 0.9821 -0.1853
vn -0.0356 0.9728 -0.2289
vn -0.1010 0.8429 -0.5285
vn -0.1068 0.7639 -0.6364
vn -0.1518 0.5844 -0.7971
vn -0.1559 0.3911 -0.9071
vn -0.1881 0.9772 -0.0985
vn -0.1689 0.9820 -0.0841
vn -0.5283 0.8010 -0.2816
vn -0.4811 0.8425 -0.2425
vn -0.7723 0.4809 -0.4151
vn -0.7256 0.5837 -0.3645
vn -0.2190 0.9719 -0.0860
vn -0.1994 0.9772 -0.0736
vn -0.6067 0.7567 -0.2435
vn -0.5608 0.8009 -0.2100
vn -0.8591 0.3747 -0.3487
vn -0.8216 0.4809 -0.3061
vn -0.2365 0.9690 -0.0721
vn -0.2263 0.9719 -0.0641
vn -0.6502 0.7320 -0.2035
vn -0.6277 0.7570 -0.1814
vn -0.9044 0.3163 -0.2865
vn -0.8910 0.3750 -0.2560
vn -0.2440 0.9687 -0.0446
vn -0.6714 0.7309 -0.1228
vn -0.9335 0.3154 -0.1707
vn -0.8887 0.4224 -0.1784
vn -0.9855 0.1694 -0.0046
vn -0.8903 0.4538 -0.0366
vn -0.9743 0.1492 0.1688
vn -0.8758 0.4686 0.1157
vn -0.9324 0.1281 0.3380
vn -0.8353 0.4835 0.2618
vn -0.8609 0.1063 0.4975
vn -0.7706 0.4983 0.3974
vn -0.7620 0.0836 0.6422
vn -0.6840 0.5132 0.5184
vn -0.6387 0.0602 0.7671
vn -0.5788 0.5279 0.6215
vn -0.4949 0.0360 0.8682
vn -0.4585 0.5426 0.7038
vn -0.4216 0.3164 0.8498
vn -0.3181 0.3154 0.8941
vn -0.3157 0.5047 0.8035
vn -0.2679 0.3163 0.9100
vn -0.1564 0.3154 0.9360
vn -0.1704 0.5142 0.8406
vn -0.1060 0.3163 0.9427
vn 0.0101 0.3154 0.9489
vn -0.0219 0.5234 0.8518
vn 0.0592 0.3163 0.9468
vn 0.1763 0.3154 0.9324
vn 0.1253 0.5325 0.8371
vn 0.2225 0.3163 0.9222
vn 0.3371 0.3154 0.8871
vn 0.2668 0.5414 0.7973
vn 0.5859 0.4500 0.6739
vn 0.3791 0.3163 0.8697
vn 0.4525 0.3162 0.8338
vn 0.4587 0.4498 0.7663
vn 0.5242 0.3162 0.7907
vn 0.5903 0.3162 0.7427
vn 0.6534 0.3162 0.6878
vn 0.7101 0.3162 0.6290
vn 0.6951 0.4498 0.5609
vn 0.7628 0.3162 0.5641
vn 0.8085 0.3163 0.4963
vn 0.7830 0.4491 0.4305
vn 0.8491 0.3162 0.4233
vn 0.8823 0.3163 0.3486
vn 0.8469 0.4479 0.2867
vn 0.9096 0.3161 0.2696
vn 0.9294 0.3163 0.1903
vn 0.8848 0.4463 0.1339
vn 0.9426 0.3161 0.1077
vn 0.9483 0.3163 0.0262
vn 0.8956 0.4442 -0.0233
vn 0.9470 0.3161 -0.0574
vn 0.9385 0.3163 -0.1387
vn 0.8789 0.4416 -0.1802
vn -0.0556 0.3158 -0.9472
vn -0.0379 0.4030 -0.9144
vn 0.0958 0.2224 -0.9702
vn 0.1227 0.4097 -0.9039
vn 0.2613 0.2146 -0.9411
vn 0.2784 0.4158 -0.8658
vn 0.4196 0.2074 -0.8837
vn 0.4247 0.4214 -0.8013
vn 0.5658 0.2008 -0.7998
vn 0.5571 0.4265 -0.7126
vn 0.6954 0.1947 -0.6917
vn 0.6718 0.4310 -0.6024
vn 0.8047 0.1892 -0.5628
vn 0.7654 0.4350 -0.4743
vn 0.8901 0.1843 -0.4168
vn 0.8351 0.4386 -0.3321
vn 0.9002 0.3163 -0.2993
vn 0.9227 0.3160 -0.2208
vn -0.6825 0.7309 -0.0032
vn -0.6725 0.7309 0.1165
vn -0.6417 0.7309 0.2326
vn -0.5909 0.7309 0.3415
vn -0.5219 0.7309 0.4398
vn -0.4367 0.7309 0.5245
vn -0.3380 0.7309 0.5930
vn -0.2288 0.7309 0.6430
vn -0.1125 0.7309 0.6732
vn 0.0073 0.7309 0.6825
vn 0.1268 0.7309 0.6706
vn 0.2424 0.7309 0.6380
vn 0.3506 0.7309 0.5856
vn 0.4478 0.7309 0.5151
vn 0.5312 0.7309 0.4286
vn 0.5981 0.7309 0.3288
vn 0.6465 0.7309 0.2189
vn 0.6748 0.7309 0.1021
vn 0.6823 0.7309 -0.0178
vn 0.6686 0.7309 -0.1371
vn 0.6342 0.7309 -0.2522
vn 0.5802 0.7309 -0.3595
vn 0.5082 0.7309 -0.4557
vn 0.5082 0.7309 -0.4556
vn 0.4204 0.7309 -0.5377
vn 0.3196 0.7309 -0.6031
vn 0.2089 0.7309 -0.6498
vn 0.0918 0.7309 -0.6763
vn -0.0282 0.7309 -0.6819
vn -0.2481 0.9687 -0.0012
vn -0.2444 0.9687 0.0424
vn -0.2332 0.9687 0.0846
vn -0.2332 0.9687 0.0845
vn -0.2148 0.9687 0.1241
vn -0.1897 0.9687 0.1599
vn -0.1587 0.9687 0.1907
vn -0.1587 0.9687 0.1906
vn -0.1228 0.9687 0.2155
vn -0.0831 0.9687 0.2337
vn -0.0409 0.9687 0.2447
vn 0.0026 0.9687 0.2481
vn 0.0026 0.9687 0.2480
vn 0.0461 0.9687 0.2438
vn 0.0461 0.9687 0.2437
vn 0.0881 0.9687 0.2319
vn 0.1274 0.9687 0.2128
vn 0.1628 0.9687 0.1872
vn 0.1931 0.9687 0.1558
vn 0.2174 0.9687 0.1195
vn 0.2350 0.9687 0.0796
vn 0.2350 0.9687 0.0795
vn 0.2453 0.9687 0.0371
vn 0.2480 0.9687 -0.0065
vn 0.2430 0.9687 -0.0498
vn 0.2305 0.9687 -0.0917
vn 0.2109 0.9687 -0.1307
vn 0.1847 0.9687 -0.1656
vn 0.1528 0.9687 -0.1954
vn 0.1162 0.9687 -0.2192
vn 0.0759 0.9687 -0.2362
vn 0.0334 0.9687 -0.2458
vn -0.0103 0.9687 -0.2479
s 0
f 1//1 2//1 3//1
f 4//1 5//1 1//1
f 1//1 5//1 6//1
f 1//1 6//1 2//1
f 7//1 8//1 1//1
f 1//1 8//1 9//1
f 1//1 9//1 10//1
f 4//1 1//1 11//1
f 11//1 1//1 12//1
f 11//1 12//1 13//1
f 13//1 14//1 11//1
f 11//1 14//1 15//1
f 11//1 15//1 16//1
f 16//1 17//1 11//1
f 11//1 17//1 18//1
f 11//1 18//1 19//1
f 19//1 20//1 11//1
f 11//1 20//1 21//1
f 11//1 21//1 22//1
f 3//1 23//1 1//1
f 1//1 23//1 24//1
f 1//1 24//1 25//1
f 25//1 26//1 1//1
f 1//1 26//1 27//1
f 1//1 27//1 28//1
f 28//1 29//1 1//1
f 1//1 29//1 30//1
f 1//1 30//1 7//1
f 10//1 31//1 1//1
f 1//1 31//1 32//1
f 1//1 32//1 33//1
f 22//1 34//1 11//1
f 11//1 34//1 35//1
f 11//1 35//1 36//1
f 33//1 37//1 1//1
f 1//1 37//1 38//1
f 1//1 38//1 39//1
f 39//1 40//1 1//1
f 1//1 40//1 41//1
f 1//1 41//1 42//1
f 43//2 44//2 45//2
f 46//3 47//3 48//3
f 49//4 50//4 51//4
f 52//5 53//5 54//5
f 55//6 56//6 57//6
f 58//7 59//7 60//7
f 61//8 62//8 63//8
f 64//9 65//9 66//9
f 67//10 68//10 69//10
f 70//11 71//11 72//11
f 73//12 74//12 75//12
f 76//13 77//13 78//13
f 79//14 80//14 81//14
f 82//15 83//15 84//15
f 85//16 86//16 87//16
f 88//17 89//17 90//17
f 91//18 92//18 93//18
f 94//19 95//19 96//19
f 96//20 95//20 97//20
f 96//21 97//21 93//21
f 93//22 97//22 98//22
f 93//23 98//23 91//23
f 99//24 100//24 101//24
f 100//25 102//25 101//25
f 101//26 102//26 103//26
f 101//27 103//27 96//27
f 96//28 103//28 104//28
f 96//29 104//29 94//29
f 105//30 106//30 107//30
f 107//31 106//31 108//31
f 107//32 108//32 109//32
f 110//33 111//33 112//33
f 112//34 111//34 113//34
f 114//35 115//35 116//35
f 116//36 115//36 117//36
f 116//37 117//37 118//37
f 119//38 120//38 121//38
f 121//39 120//39 122//39
f 122//40 123//40 121//40
f 121//41 123//41 124//41
f 121//42 124//42 125//42
f 126//43 127//43 119//43
f 119//44 127//44 128//44
f 119//45 128//45 120//45
f 129//46 130//46 131//46
f 132//47 133//47 134//47
f 134//48 133//48 135//48
f 136//49 137//49 133//49
f 133//50 137//50 138//50
f 133//51 138//51 135//51
f 139//52 140//52 141//52
f 141//53 140//53 142//53
f 141//54 142//54 143//54
f 144//55 145//55 139//55
f 139//56 145//56 146//56
f 139//57 146//57 140//57
f 147//58 148//58 144//58
f 144//59 148//59 149//59
f 144//60 149//60 145//60
f 150//61 151//61 147//61
f 147//62 151//62 152//62
f 147//63 152//63 148//63
f 153//64 154//64 155//64
f 155//65 154//65 156//65
f 155//66 156//66 150//66
f 150//67 156//67 157//67
f 150//68 157//68 151//68
f 158//69 159//69 160//69
f 160//70 159//70 161//70
f 162//71 163//71 164//71
f 164//72 163//72 165//72
f 164//73 165//73 166//73
f 87//74 167//74 168//74
f 168//75 169//75 87//75
f 87//76 169//76 170//76
f 87//77 170//77 171//77
f 171//78 170//78 172//78
f 171//79 172//79 173//79
f 86//80 174//80 87//80
f 87//81 174//81 175//81
f 87//82 175//82 167//82
f 90//83 89//83 176//83
f 89//84 177//84 176//84
f 176//85 177//85 178//85
f 176//86 178//86 179//86
f 179//87 178//87 180//87
f 179//88 180//88 86//88
f 86//89 180//89 181//89
f 86//90 181//90 174//90
f 182//91 183//91 90//91
f 90//92 183//92 184//92
f 90//93 184//93 88//93
f 185//94 186//94 187//94
f 187//95 188//95 185//95
f 185//96 188//96 189//96
f 185//97 189//97 182//97
f 182//98 189//98 190//98
f 182//99 190//99 183//99
f 191//100 192//100 193//100
f 193//101 194//101 191//101
f 191//102 194//102 195//102
f 191//103 195//103 186//103
f 186//104 195//104 196//104
f 186//105 196//105 187//105
f 197//106 198//106 199//106
f 199//107 198//107 200//107
f 199//108 200//108 192//108
f 192//109 200//109 201//109
f 192//110 201//110 193//110
f 82//111 84//111 80//111
f 79//112 81//112 77//112
f 76//113 78//113 74//113
f 73//114 75//114 71//114
f 70//115 72//115 68//115
f 202//116 203//116 204//116
f 204//117 203//117 67//117
f 205//118 206//118 207//118
f 207//119 206//119 202//119
f 208//120 209//120 59//120
f 59//121 209//121 210//121
f 59//122 210//122 60//122
f 60//123 210//123 211//123
f 60//124 211//124 205//124
f 105//125 99//125 106//125
f 106//126 99//126 101//126
f 106//127 101//127 108//127
f 108//127 101//127 212//127
f 108//128 212//128 213//128
f 213//128 212//128 214//128
f 213//129 214//129 215//129
f 215//129 214//129 216//129
f 215//130 216//130 217//130
f 217//130 216//130 218//130
f 217//131 218//131 219//131
f 219//131 218//131 220//131
f 65//132 208//132 66//132
f 66//133 208//133 59//133
f 66//134 59//134 221//134
f 221//134 59//134 58//134
f 221//135 58//135 222//135
f 219//136 223//136 224//136
f 219//136 224//136 217//136
f 217//137 224//137 225//137
f 217//137 225//137 215//137
f 215//138 225//138 226//138
f 215//138 226//138 213//138
f 213//139 226//139 111//139
f 213//139 111//139 108//139
f 108//140 111//140 110//140
f 108//141 110//141 109//141
f 62//142 64//142 63//142
f 63//143 64//143 66//143
f 63//144 66//144 227//144
f 227//144 66//144 221//144
f 227//145 221//145 228//145
f 228//145 221//145 222//145
f 228//146 222//146 229//146
f 223//147 230//147 231//147
f 223//147 231//147 224//147
f 224//148 231//148 232//148
f 224//148 232//148 225//148
f 225//149 232//149 233//149
f 225//149 233//149 226//149
f 226//150 233//150 118//150
f 226//150 118//150 111//150
f 111//151 118//151 117//151
f 111//152 117//152 113//152
f 234//153 164//153 159//153
f 159//154 164//154 166//154
f 159//155 166//155 161//155
f 173//156 235//156 171//156
f 171//157 235//157 236//157
f 171//158 236//158 237//158
f 237//159 236//159 238//159
f 237//160 238//160 239//160
f 80//161 84//161 81//161
f 81//162 84//162 240//162
f 81//163 240//163 241//163
f 241//164 240//164 242//164
f 241//165 242//165 243//165
f 243//166 242//166 244//166
f 243//167 244//167 245//167
f 230//168 246//168 247//168
f 230//168 247//168 231//168
f 231//169 247//169 248//169
f 231//169 248//169 232//169
f 232//170 248//170 249//170
f 232//170 249//170 233//170
f 233//171 249//171 250//171
f 233//172 250//172 118//172
f 118//173 250//173 121//173
f 118//173 121//173 116//173
f 116//174 121//174 125//174
f 116//175 125//175 114//175
f 251//176 155//176 252//176
f 252//176 155//176 150//176
f 252//177 150//177 253//177
f 253//177 150//177 147//177
f 253//178 147//178 254//178
f 254//178 147//178 144//178
f 254//179 144//179 255//179
f 255//179 144//179 139//179
f 255//180 139//180 256//180
f 256//180 139//180 141//180
f 256//181 141//181 136//181
f 136//182 141//182 143//182
f 136//183 143//183 137//183
f 251//184 257//184 155//184
f 155//185 257//185 159//185
f 155//186 159//186 153//186
f 153//187 159//187 158//187
f 257//188 258//188 159//188
f 159//189 258//189 259//189
f 159//190 259//190 234//190
f 234//191 259//191 260//191
f 234//192 260//192 261//192
f 261//193 238//193 234//193
f 234//159 238//159 236//159
f 234//153 236//153 164//153
f 164//194 236//194 235//194
f 164//195 235//195 162//195
f 261//196 262//196 238//196
f 238//197 262//197 263//197
f 238//198 263//198 239//198
f 239//199 263//199 264//199
f 239//200 264//200 265//200
f 265//201 244//201 239//201
f 239//166 244//166 242//166
f 239//160 242//160 237//160
f 237//202 242//202 240//202
f 237//158 240//158 171//158
f 171//162 240//162 84//162
f 171//203 84//203 87//203
f 87//204 84//204 83//204
f 87//205 83//205 85//205
f 265//206 266//206 244//206
f 244//207 266//207 267//207
f 244//208 267//208 245//208
f 245//209 267//209 268//209
f 245//210 268//210 269//210
f 77//211 81//211 78//211
f 78//163 81//163 241//163
f 78//212 241//212 270//212
f 270//165 241//165 243//165
f 270//213 243//213 271//213
f 271//167 243//167 245//167
f 271//214 245//214 272//214
f 272//215 245//215 269//215
f 272//216 269//216 273//216
f 74//217 78//217 75//217
f 75//212 78//212 270//212
f 75//218 270//218 274//218
f 274//213 270//213 271//213
f 274//219 271//219 275//219
f 275//214 271//214 272//214
f 275//220 272//220 57//220
f 57//221 272//221 273//221
f 57//222 273//222 55//222
f 71//223 75//223 72//223
f 72//218 75//218 274//218
f 72//224 274//224 276//224
f 276//225 274//225 275//225
f 276//226 275//226 277//226
f 277//220 275//220 57//220
f 277//227 57//227 54//227
f 54//228 57//228 56//228
f 54//229 56//229 52//229
f 68//230 72//230 69//230
f 69//224 72//224 276//224
f 69//231 276//231 278//231
f 278//226 276//226 277//226
f 278//232 277//232 279//232
f 279//227 277//227 54//227
f 279//233 54//233 51//233
f 51//234 54//234 53//234
f 51//235 53//235 49//235
f 67//236 69//236 204//236
f 204//231 69//231 278//231
f 204//237 278//237 280//237
f 280//232 278//232 279//232
f 280//238 279//238 281//238
f 281//233 279//233 51//233
f 281//239 51//239 48//239
f 48//240 51//240 50//240
f 48//241 50//241 46//241
f 202//242 204//242 207//242
f 207//237 204//237 280//237
f 207//243 280//243 282//243
f 282//238 280//238 281//238
f 282//244 281//244 283//244
f 283//239 281//239 48//239
f 283//245 48//245 45//245
f 45//246 48//246 47//246
f 45//247 47//247 43//247
f 205//248 207//248 60//248
f 60//243 207//243 282//243
f 60//7 282//7 58//7
f 58//244 282//244 283//244
f 58//135 283//135 222//135
f 222//245 283//245 45//245
f 222//146 45//146 229//146
f 229//249 45//249 44//249
f 229//250 44//250 284//250
f 284//251 285//251 229//251
f 229//252 285//252 246//252
f 229//253 246//253 228//253
f 228//253 246//253 230//253
f 228//254 230//254 227//254
f 227//254 230//254 223//254
f 227//255 223//255 63//255
f 63//255 223//255 219//255
f 63//256 219//256 61//256
f 61//257 219//257 220//257
f 131//258 286//258 129//258
f 129//259 286//259 126//259
f 129//260 126//260 287//260
f 287//261 126//261 119//261
f 287//262 119//262 288//262
f 288//262 119//262 121//262
f 288//263 121//263 289//263
f 289//263 121//263 250//263
f 289//264 250//264 290//264
f 290//264 250//264 249//264
f 290//265 249//265 291//265
f 291//265 249//265 248//265
f 291//266 248//266 292//266
f 292//266 248//266 247//266
f 292//267 247//267 293//267
f 293//267 247//267 246//267
f 293//268 246//268 294//268
f 294//269 246//269 285//269
f 295//270 296//270 297//270
f 295//270 297//270 298//270
f 299//270 300//270 297//270
f 301//270 302//270 303//270
f 303//270 302//270 304//270
f 300//270 305//270 297//270
f 297//270 305//270 306//270
f 297//270 306//270 307//270
f 298//270 297//270 302//270
f 302//270 297//270 308//270
f 302//270 308//270 304//270
f 296//270 309//270 297//270
f 297//270 309//270 310//270
f 297//270 310//270 311//270
f 307//270 312//270 297//270
f 297//270 312//270 313//270
f 297//270 313//270 314//270
f 315//270 316//270 314//270
f 314//270 316//270 317//270
f 314//270 317//270 318//270
f 318//270 319//270 314//270
f 314//270 319//270 320//270
f 314//270 320//270 297//270
f 321//270 322//270 303//270
f 303//270 322//270 323//270
f 303//270 323//270 324//270
f 324//270 325//270 303//270
f 303//270 325//270 326//270
f 303//270 326//270 301//270
f 311//270 327//270 297//270
f 297//270 327//270 328//270
f 297//270 328//270 329//270
f 329//270 330//270 297//270
f 297//270 330//270 331//270
f 297//270 331//270 299//270
f 332//270 333//270 334//270
f 334//270 333//270 335//270
f 321//270 336//270 322//270
f 322//270 336//270 335//270
f 322//270 335//270 337//270
f 337//270 335//270 333//270
f 338//271 339//271 340//271
f 340//272 339//272 341//272
f 342//273 343//273 344//273
f 345//274 346//274 347//274
f 348//275 349//275 350//275
f 351//276 352//276 353//276
f 354//277 355//277 356//277
f 357//278 358//278 359//278
f 360//279 361//279 362//279
f 363//280 364//280 365//280
f 366//281 367//281 368//281
f 369//282 370//282 371//282
f 372//283 373//283 374//283
f 375//284 376//284 377//284
f 378//285 379//285 380//285
f 381//286 382//286 383//286
f 384//287 385//287 386//287
f 387//288 388//288 389//288
f 390//289 391//289 392//289
f 393//290 394//290 395//290
f 396//291 397//291 398//291
f 396//292 398//292 399//292
f 399//293 398//293 400//293
f 399//294 400//294 401//294
f 402//295 403//295 404//295
f 404//296 403//296 393//296
f 405//297 406//297 407//297
f 407//298 406//298 408//298
f 407//299 408//299 409//299
f 410//300 411//300 412//300
f 413//301 414//301 415//301
f 415//302 414//302 416//302
f 417//303 418//303 414//303
f 414//304 418//304 419//304
f 414//305 419//305 416//305
f 420//306 421//306 417//306
f 417//307 421//307 422//307
f 417//308 422//308 418//308
f 423//309 424//309 425//309
f 425//310 424//310 426//310
f 427//311 428//311 429//311
f 429//312 428//312 430//312
f 429//313 430//313 431//313
f 432//314 389//314 433//314
f 433//315 389//315 388//315
f 433//316 388//316 434//316
f 435//317 436//317 432//317
f 432//318 436//318 437//318
f 432//319 437//319 389//319
f 438//320 439//320 435//320
f 435//321 439//321 440//321
f 435//322 440//322 436//322
f 441//323 442//323 343//323
f 343//324 442//324 443//324
f 343//325 443//325 344//325
f 441//326 343//326 444//326
f 444//327 343//327 342//327
f 444//328 342//328 445//328
f 446//329 447//329 345//329
f 345//330 447//330 448//330
f 345//331 448//331 346//331
f 346//332 448//332 449//332
f 346//333 449//333 347//333
f 347//334 449//334 450//334
f 347//335 450//335 451//335
f 452//336 453//336 454//336
f 454//337 453//337 455//337
f 454//338 455//338 456//338
f 457//339 458//339 459//339
f 381//340 383//340 460//340
f 461//341 462//341 463//341
f 463//342 462//342 464//342
f 463//343 464//343 465//343
f 466//344 467//344 468//344
f 468//345 467//345 469//345
f 468//346 469//346 465//346
f 465//347 469//347 470//347
f 465//348 470//348 463//348
f 466//349 471//349 472//349
f 472//350 471//350 473//350
f 472//351 473//351 474//351
f 474//352 473//352 475//352
f 476//353 477//353 478//353
f 478//354 479//354 473//354
f 473//355 479//355 480//355
f 473//356 480//356 475//356
f 481//357 482//357 483//357
f 484//358 485//358 486//358
f 485//359 484//359 487//359
f 487//360 484//360 488//360
f 487//361 488//361 489//361
f 490//362 491//362 492//362
f 492//363 491//363 493//363
f 492//364 493//364 494//364
f 494//365 495//365 492//365
f 492//366 495//366 496//366
f 492//367 496//367 488//367
f 488//368 496//368 497//368
f 488//369 497//369 489//369
f 498//370 490//370 499//370
f 500//371 501//371 378//371
f 376//372 502//372 377//372
f 377//373 502//373 501//373
f 377//374 501//374 503//374
f 504//375 372//375 505//375
f 504//376 505//376 506//376
f 507//377 508//377 509//377
f 509//378 508//378 510//378
f 353//379 511//379 512//379
f 370//380 513//380 514//380
f 514//381 513//381 515//381
f 514//382 515//382 516//382
f 361//383 360//383 517//383
f 517//384 360//384 518//384
f 517//385 518//385 371//385
f 371//386 518//386 519//386
f 371//387 519//387 369//387
f 520//388 521//388 522//388
f 522//389 521//389 523//389
f 522//390 523//390 524//390
f 524//391 523//391 525//391
f 524//392 525//392 526//392
f 526//393 525//393 527//393
f 526//394 527//394 528//394
f 528//395 527//395 529//395
f 528//396 529//396 530//396
f 531//397 532//397 533//397
f 533//398 532//398 534//398
f 533//399 534//399 535//399
f 536//400 537//400 538//400
f 538//401 537//401 539//401
f 538//402 539//402 540//402
f 534//403 530//403 535//403
f 535//404 530//404 529//404
f 535//405 529//405 541//405
f 541//406 529//406 527//406
f 541//407 527//407 542//407
f 542//408 527//408 525//408
f 542//409 525//409 543//409
f 543//410 525//410 523//410
f 543//411 523//411 540//411
f 540//412 523//412 521//412
f 540//413 521//413 538//413
f 538//414 521//414 520//414
f 538//415 520//415 536//415
f 541//416 544//416 535//416
f 535//417 544//417 545//417
f 535//418 545//418 533//418
f 533//419 545//419 546//419
f 533//420 546//420 531//420
f 531//421 546//421 547//421
f 548//422 549//422 550//422
f 550//423 549//423 551//423
f 552//424 553//424 554//424
f 554//425 553//425 555//425
f 554//426 555//426 556//426
f 556//427 555//427 557//427
f 556//428 557//428 558//428
f 558//429 557//429 559//429
f 558//430 559//430 560//430
f 560//431 559//431 561//431
f 560//432 561//432 562//432
f 562//433 561//433 563//433
f 562//434 563//434 564//434
f 564//435 563//435 565//435
f 564//436 565//436 566//436
f 566//437 565//437 567//437
f 566//438 567//438 568//438
f 569//439 552//439 570//439
f 570//440 552//440 554//440
f 570//441 554//441 571//441
f 571//442 554//442 556//442
f 571//443 556//443 572//443
f 572//444 556//444 558//444
f 572//445 558//445 573//445
f 573//446 558//446 560//446
f 573//447 560//447 574//447
f 574//448 560//448 562//448
f 574//449 562//449 575//449
f 575//450 562//450 564//450
f 575//451 564//451 576//451
f 576//452 564//452 566//452
f 576//453 566//453 577//453
f 577//454 566//454 568//454
f 577//455 568//455 578//455
f 579//456 358//456 580//456
f 580//457 358//457 357//457
f 580//458 357//458 365//458
f 581//459 582//459 583//459
f 583//460 582//460 584//460
f 585//461 586//461 587//461
f 588//462 589//462 590//462
f 590//463 589//463 591//463
f 590//464 591//464 592//464
f 365//465 364//465 580//465
f 580//466 364//466 593//466
f 580//467 593//467 579//467
f 594//468 595//468 596//468
f 400//469 518//469 401//469
f 401//470 518//470 360//470
f 401//471 360//471 597//471
f 597//472 360//472 362//472
f 598//473 599//473 600//473
f 600//474 599//474 601//474
f 601//475 599//475 602//475
f 601//476 602//476 603//476
f 603//477 602//477 604//477
f 603//478 604//478 605//478
f 605//479 604//479 606//479
f 605//480 606//480 607//480
f 607//481 606//481 608//481
f 607//482 608//482 609//482
f 609//483 608//483 610//483
f 609//484 610//484 611//484
f 612//485 613//485 614//485
f 614//486 613//486 615//486
f 614//487 615//487 616//487
f 598//488 617//488 599//488
f 599//489 617//489 618//489
f 599//490 618//490 602//490
f 602//491 618//491 619//491
f 602//492 619//492 604//492
f 604//493 619//493 620//493
f 604//494 620//494 606//494
f 606//495 620//495 621//495
f 606//496 621//496 608//496
f 608//497 621//497 612//497
f 608//498 612//498 610//498
f 610//499 612//499 614//499
f 610//500 614//500 611//500
f 611//501 614//501 616//501
f 622//502 623//502 624//502
f 391//503 420//503 392//503
f 392//504 420//504 417//504
f 392//505 417//505 624//505
f 624//506 417//506 414//506
f 624//507 414//507 622//507
f 622//508 414//508 413//508
f 622//509 413//509 625//509
f 415//510 626//510 413//510
f 413//511 626//511 411//511
f 413//512 411//512 625//512
f 625//513 411//513 410//513
f 625//514 410//514 627//514
f 623//515 622//515 628//515
f 628//516 622//516 625//516
f 628//517 625//517 629//517
f 629//518 625//518 627//518
f 629//519 627//519 630//519
f 631//520 632//520 633//520
f 633//521 632//521 634//521
f 633//521 634//521 635//521
f 635//522 634//522 636//522
f 635//523 636//523 637//523
f 637//524 636//524 638//524
f 637//525 638//525 639//525
f 639//526 638//526 640//526
f 639//527 640//527 641//527
f 642//528 631//528 643//528
f 643//529 631//529 633//529
f 643//530 633//530 644//530
f 644//531 633//531 635//531
f 644//532 635//532 645//532
f 645//533 635//533 637//533
f 645//534 637//534 646//534
f 646//535 637//535 639//535
f 646//536 639//536 647//536
f 647//537 639//537 641//537
f 647//538 648//538 646//538
f 646//539 648//539 649//539
f 646//540 649//540 645//540
f 645//541 649//541 650//541
f 645//542 650//542 644//542
f 644//543 650//543 651//543
f 644//544 651//544 643//544
f 643//545 651//545 652//545
f 643//546 652//546 642//546
f 642//547 652//547 653//547
f 654//548 655//548 656//548
f 656//549 655//549 657//549
f 656//550 657//550 658//550
f 658//551 657//551 659//551
f 654//552 581//552 655//552
f 655//553 581//553 583//553
f 655//554 583//554 660//554
f 660//555 583//555 584//555
f 660//556 584//556 661//556
f 648//557 659//557 649//557
f 649//558 659//558 657//558
f 649//559 657//559 650//559
f 650//560 657//560 655//560
f 650//561 655//561 651//561
f 651//562 655//562 660//562
f 651//563 660//563 652//563
f 652//564 660//564 661//564
f 652//565 661//565 653//565
f 405//566 407//566 662//566
f 662//567 407//567 663//567
f 662//568 663//568 664//568
f 664//569 663//569 665//569
f 664//570 665//570 666//570
f 666//571 665//571 587//571
f 666//572 587//572 667//572
f 667//573 587//573 586//573
f 667//574 586//574 668//574
f 393//575 395//575 404//575
f 404//576 395//576 669//576
f 404//577 669//577 670//577
f 670//578 669//578 671//578
f 670//579 671//579 672//579
f 672//580 671//580 673//580
f 672//581 673//581 585//581
f 585//582 587//582 672//582
f 672//583 587//583 665//583
f 672//584 665//584 670//584
f 670//585 665//585 663//585
f 670//586 663//586 404//586
f 404//587 663//587 407//587
f 404//588 407//588 402//588
f 402//589 407//589 409//589
f 402//590 409//590 403//590
f 674//591 592//591 675//591
f 675//592 592//592 591//592
f 675//593 591//593 676//593
f 676//594 591//594 589//594
f 676//595 589//595 677//595
f 594//596 668//596 678//596
f 678//597 668//597 586//597
f 678//598 586//598 679//598
f 679//599 586//599 585//599
f 679//600 585//600 677//600
f 677//601 585//601 673//601
f 677//602 673//602 676//602
f 676//603 673//603 671//603
f 676//604 671//604 675//604
f 675//605 671//605 669//605
f 675//606 669//606 674//606
f 674//607 669//607 395//607
f 594//608 596//608 668//608
f 668//609 596//609 680//609
f 668//610 680//610 667//610
f 667//611 680//611 681//611
f 667//612 681//612 666//612
f 666//613 681//613 630//613
f 666//614 630//614 664//614
f 664//615 630//615 627//615
f 664//616 627//616 662//616
f 662//617 627//617 410//617
f 662//618 410//618 405//618
f 405//619 410//619 412//619
f 405//620 412//620 406//620
f 490//621 492//621 499//621
f 499//622 492//622 488//622
f 499//623 488//623 682//623
f 682//624 488//624 484//624
f 682//625 484//625 683//625
f 684//626 685//626 686//626
f 686//627 685//627 687//627
f 686//628 687//628 688//628
f 688//629 687//629 481//629
f 685//630 683//630 687//630
f 687//631 683//631 484//631
f 687//632 484//632 481//632
f 481//633 484//633 486//633
f 481//634 486//634 482//634
f 689//635 690//635 691//635
f 691//636 690//636 375//636
f 691//637 375//637 692//637
f 692//638 375//638 377//638
f 692//639 377//639 693//639
f 693//640 377//640 503//640
f 693//641 503//641 694//641
f 695//642 349//642 696//642
f 696//643 349//643 348//643
f 696//644 348//644 697//644
f 378//645 380//645 500//645
f 500//646 380//646 698//646
f 500//647 698//647 699//647
f 699//648 698//648 700//648
f 699//649 700//649 701//649
f 701//650 700//650 702//650
f 701//651 702//651 703//651
f 703//652 702//652 704//652
f 703//653 704//653 705//653
f 705//654 704//654 706//654
f 705//655 706//655 707//655
f 501//656 500//656 503//656
f 503//657 500//657 699//657
f 503//658 699//658 694//658
f 694//659 699//659 701//659
f 694//660 701//660 708//660
f 708//661 701//661 703//661
f 708//662 703//662 709//662
f 709//663 703//663 705//663
f 709//664 705//664 710//664
f 710//665 705//665 707//665
f 710//666 707//666 711//666
f 379//667 498//667 380//667
f 380//668 498//668 499//668
f 380//669 499//669 698//669
f 698//670 499//670 682//670
f 698//671 682//671 700//671
f 700//672 682//672 683//672
f 700//673 683//673 702//673
f 702//674 683//674 685//674
f 702//675 685//675 704//675
f 704//676 685//676 684//676
f 704//677 684//677 706//677
f 712//678 713//678 714//678
f 714//679 713//679 715//679
f 714//680 715//680 716//680
f 370//681 514//681 371//681
f 371//682 514//682 712//682
f 371//683 712//683 517//683
f 517//684 712//684 714//684
f 517//685 714//685 361//685
f 361//686 714//686 716//686
f 361//687 716//687 362//687
f 510//688 717//688 509//688
f 509//689 717//689 718//689
f 509//690 718//690 719//690
f 719//691 718//691 720//691
f 719//692 720//692 721//692
f 721//693 720//693 722//693
f 721//694 722//694 723//694
f 723//695 722//695 724//695
f 723//696 724//696 725//696
f 725//697 724//697 726//697
f 512//698 727//698 353//698
f 353//699 727//699 728//699
f 353//700 728//700 351//700
f 351//701 728//701 729//701
f 351//702 729//702 730//702
f 730//703 729//703 731//703
f 725//704 731//704 723//704
f 723//705 731//705 729//705
f 723//706 729//706 721//706
f 721//707 729//707 728//707
f 721//708 728//708 719//708
f 719//709 728//709 727//709
f 719//710 727//710 509//710
f 509//711 727//711 512//711
f 509//712 512//712 507//712
f 394//713 397//713 395//713
f 395//714 397//714 396//714
f 395//715 396//715 674//715
f 674//716 396//716 399//716
f 674//717 399//717 592//717
f 592//718 399//718 401//718
f 592//719 401//719 590//719
f 590//720 401//720 597//720
f 590//721 597//721 588//721
f 588//722 597//722 362//722
f 588//723 362//723 732//723
f 732//724 362//724 716//724
f 732//725 716//725 733//725
f 733//726 716//726 715//726
f 733//727 715//727 734//727
f 734//728 715//728 713//728
f 734//729 713//729 735//729
f 735//730 713//730 712//730
f 735//731 712//731 352//731
f 352//732 712//732 514//732
f 352//733 514//733 353//733
f 353//734 514//734 516//734
f 353//735 516//735 511//735
f 736//736 350//736 737//736
f 737//737 350//737 349//737
f 737//738 349//738 738//738
f 738//739 349//739 695//739
f 738//740 695//740 739//740
f 740//741 736//741 741//741
f 741//742 736//742 737//742
f 741//743 737//743 742//743
f 742//744 737//744 738//744
f 742//745 738//745 743//745
f 743//746 738//746 739//746
f 743//747 739//747 744//747
f 355//748 354//748 745//748
f 354//749 746//749 745//749
f 745//750 746//750 747//750
f 745//751 747//751 748//751
f 749//752 740//752 750//752
f 750//753 740//753 741//753
f 750//754 741//754 751//754
f 751//755 741//755 742//755
f 751//756 742//756 752//756
f 752//757 742//757 743//757
f 752//758 743//758 753//758
f 753//759 743//759 744//759
f 753//760 744//760 754//760
f 747//761 755//761 748//761
f 748//762 755//762 756//762
f 748//763 756//763 757//763
f 757//764 756//764 758//764
f 758//765 759//765 757//765
f 757//766 759//766 760//766
f 757//767 760//767 761//767
f 762//768 749//768 761//768
f 761//769 749//769 750//769
f 761//770 750//770 757//770
f 757//771 750//771 751//771
f 757//772 751//772 748//772
f 748//773 751//773 752//773
f 748//774 752//774 745//774
f 745//775 752//775 753//775
f 745//776 753//776 355//776
f 355//777 753//777 754//777
f 355//778 754//778 356//778
f 372//779 374//779 505//779
f 505//780 374//780 763//780
f 505//781 763//781 764//781
f 764//782 763//782 765//782
f 764//783 765//783 766//783
f 766//784 765//784 767//784
f 766//785 767//785 768//785
f 768//786 767//786 769//786
f 768//787 769//787 770//787
f 770//788 769//788 771//788
f 770//789 771//789 772//789
f 510//790 506//790 717//790
f 717//791 506//791 505//791
f 717//792 505//792 718//792
f 718//793 505//793 764//793
f 718//794 764//794 720//794
f 720//795 764//795 766//795
f 720//796 766//796 722//796
f 722//797 766//797 768//797
f 722//798 768//798 724//798
f 724//799 768//799 770//799
f 724//800 770//800 726//800
f 726//801 770//801 772//801
f 773//802 774//802 775//802
f 775//803 774//803 776//803
f 775//804 776//804 777//804
f 777//805 776//805 778//805
f 777//806 778//806 779//806
f 779//807 778//807 780//807
f 779//808 780//808 781//808
f 781//809 780//809 782//809
f 781//810 782//810 783//810
f 783//811 782//811 784//811
f 783//812 784//812 785//812
f 785//813 784//813 786//813
f 785//814 786//814 787//814
f 787//815 786//815 788//815
f 787//816 788//816 789//816
f 789//817 788//817 790//817
f 789//818 790//818 791//818
f 791//819 790//819 792//819
f 791//820 792//820 793//820
f 793//821 792//821 794//821
f 793//822 795//822 791//822
f 791//823 795//823 796//823
f 791//824 796//824 789//824
f 789//825 796//825 797//825
f 789//826 797//826 787//826
f 787//827 797//827 798//827
f 787//828 798//828 785//828
f 785//829 798//829 799//829
f 785//830 799//830 783//830
f 783//831 799//831 800//831
f 783//832 800//832 781//832
f 781//833 800//833 801//833
f 781//834 801//834 779//834
f 779//835 801//835 802//835
f 779//836 802//836 777//836
f 777//837 802//837 803//837
f 777//838 803//838 775//838
f 775//839 803//839 804//839
f 775//840 804//840 773//840
f 760//841 805//841 761//841
f 761//842 805//842 806//842
f 761//843 806//843 762//843
f 762//844 806//844 807//844
f 762//845 807//845 808//845
f 808//846 807//846 809//846
f 808//847 809//847 810//847
f 810//848 809//848 811//848
f 810//848 811//848 812//848
f 812//849 811//849 813//849
f 814//850 617//850 815//850
f 815//851 617//851 598//851
f 815//852 598//852 816//852
f 816//853 598//853 600//853
f 816//854 600//854 772//854
f 772//855 600//855 601//855
f 772//856 601//856 726//856
f 726//857 601//857 603//857
f 726//858 603//858 725//858
f 725//859 603//859 605//859
f 725//860 605//860 731//860
f 731//480 605//480 607//480
f 731//861 607//861 730//861
f 730//862 607//862 609//862
f 730//863 609//863 351//863
f 351//864 609//864 611//864
f 351//865 611//865 352//865
f 352//866 611//866 616//866
f 352//867 616//867 735//867
f 735//868 616//868 615//868
f 735//869 615//869 734//869
f 734//870 615//870 613//870
f 734//871 613//871 733//871
f 466//872 468//872 471//872
f 471//873 468//873 465//873
f 471//874 465//874 817//874
f 817//875 465//875 464//875
f 817//876 464//876 818//876
f 478//877 473//877 476//877
f 476//878 473//878 471//878
f 476//879 471//879 819//879
f 819//880 471//880 817//880
f 819//881 817//881 820//881
f 820//882 817//882 818//882
f 820//883 818//883 821//883
f 822//884 823//884 824//884
f 824//885 823//885 825//885
f 461//886 460//886 462//886
f 462//887 460//887 383//887
f 462//888 383//888 464//888
f 464//889 383//889 826//889
f 464//890 826//890 818//890
f 818//891 826//891 825//891
f 818//892 825//892 821//892
f 821//893 825//893 823//893
f 827//894 711//894 828//894
f 828//895 711//895 707//895
f 828//896 707//896 829//896
f 829//897 707//897 706//897
f 829//898 706//898 830//898
f 830//899 706//899 684//899
f 830//900 684//900 831//900
f 831//901 684//901 686//901
f 831//902 686//902 832//902
f 832//903 686//903 688//903
f 832//904 688//904 833//904
f 833//905 688//905 481//905
f 833//906 481//906 834//906
f 834//907 481//907 483//907
f 834//908 483//908 835//908
f 836//909 837//909 838//909
f 838//910 837//910 839//910
f 838//911 839//911 840//911
f 840//912 839//912 841//912
f 840//913 841//913 842//913
f 381//914 457//914 382//914
f 382//915 457//915 459//915
f 382//916 459//916 383//916
f 383//917 459//917 843//917
f 383//918 843//918 826//918
f 826//919 843//919 844//919
f 826//920 844//920 825//920
f 825//921 844//921 845//921
f 825//922 845//922 824//922
f 846//923 847//923 827//923
f 827//924 847//924 848//924
f 827//925 848//925 711//925
f 711//926 848//926 849//926
f 711//927 849//927 710//927
f 710//928 849//928 850//928
f 710//929 850//929 709//929
f 709//930 850//930 851//930
f 709//931 851//931 708//931
f 708//932 851//932 852//932
f 708//933 852//933 694//933
f 694//934 852//934 853//934
f 694//935 853//935 693//935
f 693//936 853//936 854//936
f 693//937 854//937 692//937
f 692//938 854//938 855//938
f 692//939 855//939 691//939
f 691//940 855//940 856//940
f 691//941 856//941 689//941
f 857//942 858//942 846//942
f 846//943 858//943 859//943
f 846//944 859//944 847//944
f 860//945 836//945 861//945
f 861//946 836//946 838//946
f 861//947 838//947 862//947
f 862//948 838//948 840//948
f 862//949 840//949 863//949
f 863//950 840//950 842//950
f 863//951 842//951 864//951
f 865//952 866//952 857//952
f 857//953 866//953 867//953
f 857//954 867//954 858//954
f 868//955 869//955 870//955
f 870//956 869//956 871//956
f 870//957 871//957 865//957
f 865//958 871//958 872//958
f 865//959 872//959 866//959
f 873//960 860//960 874//960
f 874//961 860//961 861//961
f 874//962 861//962 875//962
f 875//963 861//963 862//963
f 875//964 862//964 876//964
f 876//965 862//965 863//965
f 876//966 863//966 877//966
f 877//967 863//967 864//967
f 877//968 864//968 878//968
f 456//969 879//969 454//969
f 454//970 879//970 386//970
f 454//971 386//971 452//971
f 452//972 386//972 385//972
f 452//973 385//973 345//973
f 345//974 385//974 384//974
f 345//975 384//975 446//975
f 880//976 453//976 881//976
f 881//977 453//977 452//977
f 881//978 452//978 882//978
f 882//979 452//979 345//979
f 882//980 345//980 883//980
f 883//981 345//981 347//981
f 883//982 347//982 884//982
f 884//983 347//983 451//983
f 884//984 451//984 885//984
f 886//985 873//985 887//985
f 887//986 873//986 874//986
f 887//987 874//987 888//987
f 888//988 874//988 875//988
f 888//989 875//989 889//989
f 889//990 875//990 876//990
f 889//991 876//991 890//991
f 890//992 876//992 877//992
f 890//993 877//993 891//993
f 891//994 877//994 878//994
f 891//995 878//995 892//995
f 893//996 880//996 894//996
f 894//997 880//997 881//997
f 894//998 881//998 895//998
f 895//999 881//999 882//999
f 895//1000 882//1000 896//1000
f 896//1001 882//1001 883//1001
f 896//1002 883//1002 897//1002
f 897//1003 883//1003 884//1003
f 897//1004 884//1004 898//1004
f 898//1005 884//1005 885//1005
f 898//1006 885//1006 342//1006
f 342//1007 885//1007 899//1007
f 342//1008 899//1008 445//1008
f 900//1009 886//1009 901//1009
f 901//1010 886//1010 887//1010
f 901//1011 887//1011 902//1011
f 902//1012 887//1012 888//1012
f 902//1013 888//1013 903//1013
f 903//1014 888//1014 889//1014
f 903//1015 889//1015 904//1015
f 904//1016 889//1016 890//1016
f 904//1017 890//1017 905//1017
f 905//1018 890//1018 891//1018
f 905//1019 891//1019 906//1019
f 906//1020 891//1020 892//1020
f 906//1021 892//1021 907//1021
f 868//1022 870//1022 908//1022
f 908//1023 870//1023 909//1023
f 908//1024 909//1024 910//1024
f 911//1025 910//1025 912//1025
f 912//1026 910//1026 909//1026
f 912//1027 909//1027 913//1027
f 913//1028 909//1028 870//1028
f 913//1029 870//1029 914//1029
f 914//1030 870//1030 865//1030
f 914//1031 865//1031 915//1031
f 915//1032 865//1032 857//1032
f 915//1033 857//1033 916//1033
f 916//1034 857//1034 846//1034
f 916//1035 846//1035 917//1035
f 917//1036 846//1036 827//1036
f 917//1037 827//1037 918//1037
f 918//1038 827//1038 828//1038
f 918//1039 828//1039 919//1039
f 919//1040 828//1040 829//1040
f 920//1041 911//1041 921//1041
f 921//1042 911//1042 912//1042
f 921//1043 912//1043 922//1043
f 922//1044 912//1044 913//1044
f 922//1045 913//1045 923//1045
f 923//1046 913//1046 914//1046
f 923//1047 914//1047 924//1047
f 924//1048 914//1048 915//1048
f 924//1049 915//1049 925//1049
f 925//1050 915//1050 916//1050
f 925//1051 916//1051 926//1051
f 926//1052 916//1052 917//1052
f 926//1053 917//1053 927//1053
f 927//1054 917//1054 918//1054
f 927//1055 918//1055 928//1055
f 928//1056 918//1056 919//1056
f 928//1057 919//1057 929//1057
f 929//1058 919//1058 829//1058
f 929//1059 829//1059 822//1059
f 822//1060 829//1060 830//1060
f 822//1061 830//1061 823//1061
f 823//1062 830//1062 831//1062
f 823//1063 831//1063 821//1063
f 821//1064 831//1064 832//1064
f 821//1065 832//1065 820//1065
f 820//1066 832//1066 833//1066
f 820//1067 833//1067 819//1067
f 819//1068 833//1068 834//1068
f 819//1069 834//1069 476//1069
f 476//1070 834//1070 835//1070
f 476//1071 835//1071 477//1071
f 920//1072 813//1072 911//1072
f 911//1073 813//1073 811//1073
f 911//1074 811//1074 910//1074
f 910//1075 811//1075 809//1075
f 910//1076 809//1076 908//1076
f 908//1077 809//1077 807//1077
f 908//1078 807//1078 868//1078
f 868//1079 807//1079 806//1079
f 868//1080 806//1080 869//1080
f 869//1081 806//1081 805//1081
f 869//1082 805//1082 871//1082
f 871//1083 805//1083 760//1083
f 871//1084 760//1084 872//1084
f 872//1085 760//1085 759//1085
f 872//1086 759//1086 866//1086
f 866//1087 759//1087 758//1087
f 866//1088 758//1088 867//1088
f 867//1089 758//1089 756//1089
f 867//1090 756//1090 858//1090
f 858//1091 756//1091 755//1091
f 858//1092 755//1092 859//1092
f 859//1093 755//1093 747//1093
f 859//1094 747//1094 847//1094
f 847//1095 747//1095 746//1095
f 847//1096 746//1096 848//1096
f 848//1097 746//1097 354//1097
f 848//1098 354//1098 849//1098
f 849//1099 354//1099 356//1099
f 849//1100 356//1100 850//1100
f 850//1101 356//1101 754//1101
f 850//1102 754//1102 851//1102
f 851//1103 754//1103 744//1103
f 851//1104 744//1104 852//1104
f 852//1105 744//1105 739//1105
f 852//1106 739//1106 853//1106
f 853//1107 739//1107 695//1107
f 853//1108 695//1108 854//1108
f 854//1109 695//1109 696//1109
f 854//1110 696//1110 855//1110
f 855//1111 696//1111 697//1111
f 855//1112 697//1112 856//1112
f 366//1113 368//1113 930//1113
f 930//1114 368//1114 931//1114
f 930//1115 931//1115 932//1115
f 932//1116 931//1116 933//1116
f 932//1117 933//1117 934//1117
f 935//1118 900//1118 936//1118
f 936//1119 900//1119 901//1119
f 936//1120 901//1120 937//1120
f 937//1121 901//1121 902//1121
f 937//1122 902//1122 938//1122
f 938//1123 902//1123 903//1123
f 938//1124 903//1124 939//1124
f 939//1125 903//1125 904//1125
f 939//1126 904//1126 940//1126
f 940//1127 904//1127 905//1127
f 940//1128 905//1128 941//1128
f 941//1129 905//1129 906//1129
f 941//1130 906//1130 942//1130
f 942//1131 906//1131 907//1131
f 942//1132 907//1132 943//1132
f 944//1133 945//1133 943//1133
f 943//1134 945//1134 942//1134
f 942//1135 945//1135 946//1135
f 942//1136 946//1136 941//1136
f 941//1137 946//1137 947//1137
f 941//1138 947//1138 940//1138
f 940//1139 947//1139 948//1139
f 940//1140 948//1140 939//1140
f 939//1141 948//1141 949//1141
f 939//1142 949//1142 938//1142
f 938//1143 949//1143 950//1143
f 938//1144 950//1144 937//1144
f 937//1145 950//1145 934//1145
f 937//1146 934//1146 936//1146
f 936//1147 934//1147 933//1147
f 936//1148 933//1148 935//1148
f 951//1149 539//1149 952//1149
f 952//1150 539//1150 537//1150
f 952//1151 537//1151 953//1151
f 953//1152 537//1152 536//1152
f 953//1153 536//1153 944//1153
f 944//1154 536//1154 520//1154
f 944//1155 520//1155 945//1155
f 945//1156 520//1156 522//1156
f 945//1157 522//1157 946//1157
f 946//1158 522//1158 524//1158
f 946//1159 524//1159 947//1159
f 947//1160 524//1160 526//1160
f 947//1161 526//1161 948//1161
f 948//1162 526//1162 528//1162
f 948//1163 528//1163 949//1163
f 949//1164 528//1164 530//1164
f 949//1165 530//1165 950//1165
f 950//1166 530//1166 534//1166
f 950//1167 534//1167 934//1167
f 934//1168 534//1168 532//1168
f 934//1169 532//1169 932//1169
f 932//1170 532//1170 531//1170
f 932//1171 531//1171 930//1171
f 930//1172 531//1172 547//1172
f 930//1173 547//1173 366//1173
f 390//1174 392//1174 954//1174
f 954//1175 392//1175 955//1175
f 954//1176 955//1176 956//1176
f 957//1177 427//1177 958//1177
f 958//1178 427//1178 429//1178
f 958//1179 429//1179 959//1179
f 959//1180 429//1180 431//1180
f 959//1181 431//1181 960//1181
f 961//1182 957//1182 962//1182
f 962//1183 957//1183 958//1183
f 962//1184 958//1184 963//1184
f 963//1185 958//1185 959//1185
f 963//1186 959//1186 964//1186
f 964//1187 959//1187 960//1187
f 964//1188 960//1188 965//1188
f 965//1189 960//1189 966//1189
f 967//1190 968//1190 969//1190
f 970//1191 971//1191 972//1191
f 972//1192 971//1192 344//1192
f 972//1193 344//1193 973//1193
f 973//1194 344//1194 443//1194
f 973//1195 443//1195 974//1195
f 975//1196 551//1196 973//1196
f 973//1197 551//1197 549//1197
f 973//1198 549//1198 972//1198
f 972//1199 549//1199 548//1199
f 972//1200 548//1200 970//1200
f 974//1201 976//1201 973//1201
f 973//1202 976//1202 438//1202
f 973//1203 438//1203 975//1203
f 975//1204 438//1204 435//1204
f 975//1205 435//1205 977//1205
f 977//1206 435//1206 432//1206
f 977//1207 432//1207 978//1207
f 978//1208 432//1208 433//1208
f 978//1209 433//1209 341//1209
f 341//1210 433//1210 434//1210
f 341//1211 434//1211 340//1211
f 387//1212 979//1212 388//1212
f 388//1213 979//1213 980//1213
f 388//1214 980//1214 434//1214
f 434//1215 980//1215 981//1215
f 434//1216 981//1216 340//1216
f 340//1217 981//1217 982//1217
f 340//1218 982//1218 338//1218
f 338//1219 982//1219 983//1219
f 984//1220 961//1220 985//1220
f 985//1221 961//1221 962//1221
f 985//1222 962//1222 986//1222
f 986//1223 962//1223 963//1223
f 986//1224 963//1224 987//1224
f 987//1225 963//1225 964//1225
f 987//1226 964//1226 988//1226
f 988//1227 964//1227 965//1227
f 988//1228 965//1228 425//1228
f 425//1229 965//1229 966//1229
f 425//1230 966//1230 423//1230
f 989//1231 990//1231 991//1231
f 991//1232 990//1232 984//1232
f 991//1233 984//1233 992//1233
f 992//1234 984//1234 985//1234
f 992//1235 985//1235 993//1235
f 993//1236 985//1236 986//1236
f 993//1237 986//1237 994//1237
f 994//1238 986//1238 987//1238
f 994//1239 987//1239 995//1239
f 995//1240 987//1240 988//1240
f 995//1241 988//1241 996//1241
f 996//1242 988//1242 425//1242
f 996//1243 425//1243 956//1243
f 956//1244 425//1244 426//1244
f 956//1245 426//1245 954//1245
f 954//1246 426//1246 997//1246
f 954//1247 997//1247 390//1247
f 967//1248 969//1248 998//1248
f 998//1249 969//1249 999//1249
f 998//1250 999//1250 1000//1250
f 1000//1251 999//1251 1001//1251
f 1000//1252 1001//1252 1002//1252
f 1002//1253 1001//1253 1003//1253
f 1002//1254 1003//1254 1004//1254
f 1004//1255 1003//1255 1005//1255
f 1004//1256 1005//1256 1006//1256
f 1006//1257 1005//1257 1007//1257
f 1006//1258 1007//1258 1008//1258
f 955//1259 968//1259 956//1259
f 956//1260 968//1260 967//1260
f 956//1261 967//1261 996//1261
f 996//1262 967//1262 998//1262
f 996//1263 998//1263 995//1263
f 995//1264 998//1264 1000//1264
f 995//1265 1000//1265 994//1265
f 994//1266 1000//1266 1002//1266
f 994//1267 1002//1267 993//1267
f 993//1268 1002//1268 1004//1268
f 993//1269 1004//1269 992//1269
f 992//1270 1004//1270 1006//1270
f 992//1271 1006//1271 991//1271
f 991//1272 1006//1272 1008//1272
f 991//1273 1008//1273 989//1273
f 841//1274 893//1274 842//1274
f 842//1275 893//1275 894//1275
f 842//1276 894//1276 864//1276
f 864//1277 894//1277 895//1277
f 864//1278 895//1278 878//1278
f 878//1279 895//1279 896//1279
f 878//1280 896//1280 892//1280
f 892//1281 896//1281 897//1281
f 892//1282 897//1282 907//1282
f 907//1283 897//1283 898//1283
f 907//1284 898//1284 943//1284
f 943//1285 898//1285 342//1285
f 943//1286 342//1286 944//1286
f 944//1287 342//1287 344//1287
f 944//1288 344//1288 953//1288
f 953//1289 344//1289 971//1289
f 953//1290 971//1290 952//1290
f 952//1291 971//1291 970//1291
f 952//1292 970//1292 951//1292
f 951//1293 970//1293 548//1293
f 951//1294 548//1294 569//1294
f 569//1295 548//1295 550//1295
f 569//1296 550//1296 552//1296
f 552//1297 550//1297 551//1297
f 552//1298 551//1298 553//1298
f 553//1299 551//1299 975//1299
f 553//1300 975//1300 555//1300
f 555//1301 975//1301 977//1301
f 555//1302 977//1302 557//1302
f 557//1303 977//1303 978//1303
f 557//1304 978//1304 559//1304
f 559//1305 978//1305 341//1305
f 559//1306 341//1306 561//1306
f 561//1307 341//1307 339//1307
f 561//1308 339//1308 563//1308
f 563//1309 339//1309 338//1309
f 563//1310 338//1310 565//1310
f 565//1311 338//1311 983//1311
f 565//1312 983//1312 567//1312
f 373//1313 804//1313 374//1313
f 374//1314 804//1314 803//1314
f 374//1315 803//1315 763//1315
f 763//1316 803//1316 802//1316
f 763//1317 802//1317 765//1317
f 765//1318 802//1318 801//1318
f 765//1319 801//1319 767//1319
f 767//1320 801//1320 800//1320
f 767//1321 800//1321 769//1321
f 769//1322 800//1322 799//1322
f 769//1323 799//1323 771//1323
f 771//1324 799//1324 798//1324
f 771//1325 798//1325 772//1325
f 772//1326 798//1326 797//1326
f 772//1327 797//1327 816//1327
f 816//1328 797//1328 796//1328
f 816//1329 796//1329 815//1329
f 815//1330 796//1330 795//1330
f 815//1331 795//1331 814//1331
f 814//1332 795//1332 793//1332
f 814//1333 793//1333 1009//1333
f 1009//1334 793//1334 794//1334
f 1009//1335 794//1335 1010//1335
f 979//1336 428//1336 980//1336
f 980//1337 428//1337 427//1337
f 980//1338 427//1338 981//1338
f 981//1339 427//1339 957//1339
f 981//1340 957//1340 982//1340
f 982//1341 957//1341 961//1341
f 982//1342 961//1342 983//1342
f 983//1343 961//1343 984//1343
f 983//1344 984//1344 567//1344
f 567//1345 984//1345 990//1345
f 567//1346 990//1346 568//1346
f 568//1347 990//1347 989//1347
f 568//1348 989//1348 578//1348
f 578//1349 989//1349 1008//1349
f 578//1350 1008//1350 1011//1350
f 1011//1351 1008//1351 1007//1351
f 1011//1352 1007//1352 593//1352
f 458//1353 455//1353 459//1353
f 459//1354 455//1354 453//1354
f 459//1355 453//1355 843//1355
f 843//1356 453//1356 880//1356
f 843//1357 880//1357 844//1357
f 844//1358 880//1358 893//1358
f 844//1359 893//1359 845//1359
f 845//1360 893//1360 841//1360
f 845//1361 841//1361 824//1361
f 824//1362 841//1362 839//1362
f 824//1363 839//1363 822//1363
f 822//1364 839//1364 837//1364
f 822//1365 837//1365 929//1365
f 929//1366 837//1366 836//1366
f 929//1367 836//1367 928//1367
f 928//1368 836//1368 860//1368
f 928//1369 860//1369 927//1369
f 927//1370 860//1370 873//1370
f 927//1371 873//1371 926//1371
f 926//1372 873//1372 886//1372
f 926//1373 886//1373 925//1373
f 925//1374 886//1374 900//1374
f 925//1375 900//1375 924//1375
f 924//1376 900//1376 935//1376
f 924//1377 935//1377 923//1377
f 923//1378 935//1378 933//1378
f 923//1379 933//1379 922//1379
f 922//1380 933//1380 931//1380
f 922//1381 931//1381 921//1381
f 921//1382 931//1382 368//1382
f 921//1383 368//1383 920//1383
f 920//1384 368//1384 367//1384
f 920//1385 367//1385 813//1385
f 813//1386 367//1386 1010//1386
f 813//1387 1010//1387 812//1387
f 812//1388 1010//1388 794//1388
f 812//1389 794//1389 810//1389
f 810//1390 794//1390 792//1390
f 810//1391 792//1391 808//1391
f 808//1392 792//1392 790//1392
f 808//1393 790//1393 762//1393
f 762//1394 790//1394 788//1394
f 762//1395 788//1395 749//1395
f 749//1396 788//1396 786//1396
f 749//1397 786//1397 740//1397
f 740//1398 786//1398 784//1398
f 740//1399 784//1399 736//1399
f 736//1400 784//1400 782//1400
f 736//1401 782//1401 350//1401
f 350//1402 782//1402 780//1402
f 350//1403 780//1403 348//1403
f 348//1404 780//1404 778//1404
f 348//1405 778//1405 697//1405
f 697//1406 778//1406 776//1406
f 697//1407 776//1407 856//1407
f 856//1408 776//1408 774//1408
f 856//1409 774//1409 689//1409
f 593//1410 1007//1410 579//1410
f 579//1411 1007//1411 1005//1411
f 579//1412 1005//1412 358//1412
f 358//1413 1005//1413 1003//1413
f 358//1414 1003//1414 359//1414
f 359//1415 1003//1415 1001//1415
f 359//1416 1001//1416 632//1416
f 632//1417 1001//1417 999//1417
f 632//1417 999//1417 634//1417
f 634//1418 999//1418 969//1418
f 634//1419 969//1419 636//1419
f 636//1420 969//1420 968//1420
f 636//1421 968//1421 638//1421
f 638//1422 968//1422 955//1422
f 638//1423 955//1423 640//1423
f 640//1424 955//1424 392//1424
f 640//1425 392//1425 641//1425
f 641//1426 392//1426 624//1426
f 641//1427 624//1427 647//1427
f 647//1428 624//1428 623//1428
f 647//1429 623//1429 648//1429
f 648//1430 623//1430 628//1430
f 648//1431 628//1431 659//1431
f 659//1432 628//1432 629//1432
f 659//1433 629//1433 658//1433
f 658//1434 629//1434 630//1434
f 658//1435 630//1435 656//1435
f 656//1436 630//1436 681//1436
f 656//1437 681//1437 654//1437
f 654//1438 681//1438 680//1438
f 654//1439 680//1439 581//1439
f 581//1440 680//1440 596//1440
f 581//1441 596//1441 582//1441
f 582//1442 596//1442 595//1442
f 582//1443 595//1443 584//1443
f 584//1444 595//1444 1012//1444
f 584//1445 1012//1445 661//1445
f 661//1446 1012//1446 363//1446
f 661//1447 363//1447 653//1447
f 653//1448 363//1448 365//1448
f 653//1449 365//1449 642//1449
f 642//1450 365//1450 357//1450
f 642//1451 357//1451 631//1451
f 631//1452 357//1452 359//1452
f 631//1453 359//1453 632//1453
f 620//1454 594//1454 621//1454
f 621//1454 594//1454 678//1454
f 621//1454 678//1454 612//1454
f 547//1454 546//1454 594//1454
f 594//1454 546//1454 545//1454
f 594//1454 545//1454 544//1454
f 573//1454 594//1454 572//1454
f 572//1454 594//1454 571//1454
f 573//1454 574//1454 594//1454
f 594//1454 574//1454 575//1454
f 594//1454 575//1454 595//1454
f 595//1454 575//1454 576//1454
f 620//1454 619//1454 594//1454
f 594//1454 619//1454 618//1454
f 594//1454 618//1454 617//1454
f 544//1454 541//1454 594//1454
f 594//1454 541//1454 542//1454
f 594//1454 542//1454 543//1454
f 678//1454 679//1454 612//1454
f 612//1454 679//1454 677//1454
f 612//1454 677//1454 589//1454
f 617//1454 814//1454 594//1454
f 594//1454 814//1454 1009//1454
f 594//1454 1009//1454 1010//1454
f 1010//1454 367//1454 594//1454
f 594//1454 367//1454 366//1454
f 594//1454 366//1454 547//1454
f 576//1454 593//1454 364//1454
f 593//1454 576//1454 1011//1454
f 1011//1454 576//1454 577//1454
f 1011//1454 577//1454 578//1454
f 364//1454 363//1454 576//1454
f 576//1454 363//1454 1012//1454
f 576//1454 1012//1454 595//1454
f 543//1454 540//1454 594//1454
f 594//1454 540//1454 539//1454
f 594//1454 539//1454 951//1454
f 589//1454 588//1454 612//1454
f 612//1454 588//1454 732//1454
f 612//1454 732//1454 613//1454
f 613//1454 732//1454 733//1454
f 951//1454 569//1454 594//1454
f 594//1454 569//1454 570//1454
f 594//1454 570//1454 571//1454
f 1013//1455 1014//1455 1015//1455
f 1015//1456 1014//1456 1016//1456
f 1015//1457 1016//1457 1017//1457
f 1017//1458 1016//1458 1018//1458
f 1017//1459 1018//1459 1019//1459
f 1019//1460 1018//1460 1020//1460
f 1019//1461 1020//1461 1021//1461
f 1021//1462 1020//1462 1022//1462
f 1021//1463 1022//1463 1023//1463
f 1023//1464 1022//1464 1024//1464
f 1023//1465 1024//1465 1025//1465
f 1025//1466 1024//1466 1026//1466
f 1025//1467 1026//1467 1027//1467
f 1027//1468 1026//1468 1028//1468
f 1029//1469 1014//1469 1030//1469
f 1030//1470 1014//1470 1013//1470
f 1030//1471 1013//1471 1031//1471
f 1032//1472 438//1472 976//1472
f 1033//1473 1032//1473 1034//1473
f 1032//1474 976//1474 1034//1474
f 1034//1475 976//1475 974//1475
f 1034//1476 974//1476 1035//1476
f 1035//1477 974//1477 443//1477
f 1035//1478 443//1478 1036//1478
f 1036//1479 443//1479 442//1479
f 1036//1480 442//1480 1037//1480
f 1037//1481 442//1481 441//1481
f 1037//1482 441//1482 1038//1482
f 1038//1483 441//1483 444//1483
f 1038//1484 444//1484 1039//1484
f 1039//1485 444//1485 445//1485
f 1039//1486 445//1486 1040//1486
f 1040//1487 445//1487 899//1487
f 1040//1488 899//1488 1041//1488
f 1041//1489 899//1489 885//1489
f 1041//1490 885//1490 1042//1490
f 1042//1491 1031//1491 1041//1491
f 1041//1492 1031//1492 1013//1492
f 1041//1493 1013//1493 1040//1493
f 1040//1494 1013//1494 1015//1494
f 1040//1495 1015//1495 1039//1495
f 1039//1496 1015//1496 1017//1496
f 1039//1497 1017//1497 1038//1497
f 1038//1498 1017//1498 1019//1498
f 1038//1499 1019//1499 1037//1499
f 1037//1500 1019//1500 1021//1500
f 1037//1501 1021//1501 1036//1501
f 1036//1502 1021//1502 1023//1502
f 1036//1503 1023//1503 1035//1503
f 1035//1504 1023//1504 1025//1504
f 1035//1505 1025//1505 1034//1505
f 1034//1506 1025//1506 1027//1506
f 1034//1507 1027//1507 1033//1507
f 1033//1508 1027//1508 1028//1508
f 1043//1509 1044//1509 1045//1509
f 1045//1510 1044//1510 132//1510
f 1046//1511 1047//1511 1048//1511
f 1048//1512 1047//1512 1044//1512
f 1048//1513 1044//1513 1049//1513
f 1049//1514 1044//1514 1043//1514
f 1050//1515 1046//1515 1051//1515
f 1051//1516 1046//1516 1048//1516
f 1051//1517 1048//1517 1052//1517
f 1052//1518 1048//1518 1053//1518
f 511//1519 1054//1519 512//1519
f 512//1520 1054//1520 1055//1520
f 512//1521 1055//1521 507//1521
f 507//1522 1055//1522 1056//1522
f 507//1523 1056//1523 508//1523
f 508//1524 1056//1524 1057//1524
f 508//1525 1057//1525 510//1525
f 510//1526 1057//1526 506//1526
f 506//1527 1057//1527 1058//1527
f 506//1528 1058//1528 504//1528
f 504//1529 1058//1529 1059//1529
f 504//1530 1059//1530 372//1530
f 372//1531 1059//1531 1060//1531
f 372//1532 1060//1532 373//1532
f 373//1533 1060//1533 1061//1533
f 373//1534 1061//1534 804//1534
f 804//1535 1061//1535 1062//1535
f 804//1536 1062//1536 773//1536
f 773//1537 1062//1537 1063//1537
f 773//1538 1063//1538 774//1538
f 774//1539 1063//1539 1064//1539
f 774//1540 1064//1540 689//1540
f 689//1541 1064//1541 1065//1541
f 689//1542 1065//1542 690//1542
f 690//1543 1065//1543 1066//1543
f 690//1544 1066//1544 375//1544
f 375//1545 1066//1545 1067//1545
f 375//1546 1067//1546 376//1546
f 376//1547 1067//1547 1068//1547
f 376//1548 1068//1548 502//1548
f 502//1549 1068//1549 1069//1549
f 502//1550 1069//1550 501//1550
f 501//1551 1069//1551 1070//1551
f 501//1552 1070//1552 378//1552
f 378//1553 1070//1553 1071//1553
f 378//1554 1071//1554 379//1554
f 379//1555 1071//1555 1072//1555
f 379//1556 1072//1556 498//1556
f 498//1557 1072//1557 1073//1557
f 498//1558 1073//1558 490//1558
f 490//1559 1073//1559 1074//1559
f 490//1560 1074//1560 491//1560
f 491//1561 1074//1561 1075//1561
f 491//1562 1075//1562 493//1562
f 493//1563 1075//1563 1076//1563
f 493//1564 1076//1564 494//1564
f 494//1565 1076//1565 495//1565
f 495//1566 1076//1566 1077//1566
f 495//1567 1077//1567 496//1567
f 496//1568 1077//1568 1078//1568
f 496//1569 1078//1569 497//1569
f 497//1570 1078//1570 1079//1570
f 497//1571 1079//1571 489//1571
f 489//1572 1079//1572 1080//1572
f 489//1573 1080//1573 487//1573
f 487//1574 1080//1574 1081//1574
f 487//1575 1081//1575 485//1575
f 485//1576 1081//1576 1082//1576
f 485//1577 1082//1577 486//1577
f 486//1578 1082//1578 1083//1578
f 486//1579 1083//1579 482//1579
f 482//1580 1083//1580 1084//1580
f 482//1581 1084//1581 483//1581
f 483//1582 1084//1582 1085//1582
f 483//1583 1085//1583 835//1583
f 835//1584 1085//1584 1086//1584
f 835//1585 1086//1585 477//1585
f 477//1586 1086//1586 1087//1586
f 477//1587 1087//1587 478//1587
f 478//1588 1087//1588 479//1588
f 479//1589 1087//1589 1088//1589
f 479//1590 1088//1590 480//1590
f 480//1591 1088//1591 1089//1591
f 480//1592 1089//1592 475//1592
f 475//1593 1089//1593 1090//1593
f 475//1594 1090//1594 474//1594
f 474//1595 1090//1595 1091//1595
f 474//1596 1091//1596 472//1596
f 472//1597 1091//1597 1092//1597
f 472//1598 1092//1598 466//1598
f 466//1599 1092//1599 1093//1599
f 466//1600 1093//1600 467//1600
f 467//1601 1093//1601 1094//1601
f 467//1602 1094//1602 469//1602
f 469//1603 1094//1603 1095//1603
f 469//1604 1095//1604 470//1604
f 470//1605 1095//1605 1096//1605
f 470//1606 1096//1606 463//1606
f 463//1607 1096//1607 1097//1607
f 463//1608 1097//1608 461//1608
f 461//1609 1097//1609 1098//1609
f 461//1610 1098//1610 460//1610
f 460//1611 1098//1611 1099//1611
f 460//1612 1099//1612 381//1612
f 381//1613 1099//1613 1100//1613
f 381//1614 1100//1614 457//1614
f 457//1615 1100//1615 1101//1615
f 457//1616 1101//1616 458//1616
f 458//1617 1101//1617 1102//1617
f 458//1618 1102//1618 455//1618
f 455//1619 1102//1619 1103//1619
f 455//1620 1103//1620 456//1620
f 456//1621 1103//1621 1104//1621
f 456//1622 1104//1622 879//1622
f 879//1623 1104//1623 1105//1623
f 879//1624 1105//1624 386//1624
f 386//1625 1105//1625 1106//1625
f 386//1626 1106//1626 384//1626
f 384//1627 1106//1627 1107//1627
f 384//1628 1107//1628 446//1628
f 132//1629 134//1629 1045//1629
f 1045//1630 134//1630 135//1630
f 1045//1631 135//1631 1108//1631
f 1108//1632 135//1632 138//1632
f 1108//1633 138//1633 1109//1633
f 1109//1634 138//1634 137//1634
f 1109//1635 137//1635 1110//1635
f 1110//1636 137//1636 143//1636
f 1110//1637 143//1637 1111//1637
f 1111//1638 143//1638 142//1638
f 1111//1639 142//1639 1112//1639
f 1112//1640 142//1640 140//1640
f 1112//1641 140//1641 1113//1641
f 1113//1642 140//1642 146//1642
f 1113//1643 146//1643 1114//1643
f 1114//1644 146//1644 145//1644
f 1114//1645 145//1645 1115//1645
f 1115//1646 145//1646 149//1646
f 1115//1647 149//1647 1116//1647
f 1116//1648 149//1648 148//1648
f 1116//1649 148//1649 1117//1649
f 1117//1650 148//1650 152//1650
f 1117//1651 152//1651 1118//1651
f 1118//1652 152//1652 151//1652
f 1118//1653 151//1653 1119//1653
f 1119//1654 151//1654 157//1654
f 1119//1655 157//1655 1120//1655
f 1120//1656 157//1656 156//1656
f 1120//1657 156//1657 1121//1657
f 1121//1658 156//1658 154//1658
f 1121//1659 154//1659 1122//1659
f 1122//1660 154//1660 153//1660
f 1122//1661 153//1661 1123//1661
f 1123//1662 153//1662 158//1662
f 1123//1663 158//1663 1124//1663
f 1124//1664 158//1664 160//1664
f 1124//1665 160//1665 1125//1665
f 1125//1666 160//1666 161//1666
f 1125//1667 161//1667 1126//1667
f 1126//1668 161//1668 166//1668
f 1126//1669 166//1669 1127//1669
f 1127//1670 166//1670 165//1670
f 1127//1671 165//1671 1128//1671
f 1128//1672 165//1672 163//1672
f 1128//1673 163//1673 1129//1673
f 1129//1674 163//1674 162//1674
f 1129//1675 162//1675 1130//1675
f 1130//1676 162//1676 235//1676
f 1130//1677 235//1677 1131//1677
f 1131//1678 235//1678 173//1678
f 1131//1679 173//1679 1132//1679
f 1132//1680 173//1680 172//1680
f 1132//1681 172//1681 1133//1681
f 1133//1682 172//1682 170//1682
f 1133//1683 170//1683 1134//1683
f 1134//1684 170//1684 169//1684
f 1134//1685 169//1685 1135//1685
f 1135//1686 169//1686 168//1686
f 1135//1687 168//1687 1136//1687
f 1136//1688 168//1688 167//1688
f 1136//1689 167//1689 1137//1689
f 1137//1690 167//1690 175//1690
f 1137//1691 175//1691 1138//1691
f 1138//1692 175//1692 174//1692
f 1138//1693 174//1693 1139//1693
f 1139//1694 174//1694 181//1694
f 1139//1695 181//1695 1140//1695
f 1140//1696 181//1696 180//1696
f 1140//1697 180//1697 1141//1697
f 1141//1698 180//1698 178//1698
f 1141//1699 178//1699 1142//1699
f 1142//1700 178//1700 177//1700
f 1142//1701 177//1701 1143//1701
f 1143//1702 177//1702 89//1702
f 1143//1703 89//1703 1144//1703
f 1144//1704 89//1704 88//1704
f 1144//1705 88//1705 1145//1705
f 1145//1706 88//1706 184//1706
f 1145//1707 184//1707 1146//1707
f 1146//1708 184//1708 183//1708
f 1146//1709 183//1709 1147//1709
f 1147//1710 183//1710 190//1710
f 1147//1711 190//1711 1148//1711
f 1148//1712 190//1712 189//1712
f 1148//1713 189//1713 1149//1713
f 1149//1714 189//1714 188//1714
f 1149//1715 188//1715 1150//1715
f 1150//1716 188//1716 187//1716
f 1150//1717 187//1717 1151//1717
f 1151//1718 187//1718 196//1718
f 1151//1719 196//1719 1152//1719
f 1152//1720 196//1720 195//1720
f 1152//1721 195//1721 1153//1721
f 1153//1722 195//1722 194//1722
f 1153//1723 194//1723 1154//1723
f 1154//1724 194//1724 193//1724
f 1154//1725 193//1725 1155//1725
f 1155//1726 193//1726 201//1726
f 1155//1727 201//1727 1156//1727
f 1156//1728 201//1728 200//1728
f 1156//1729 200//1729 1157//1729
f 1157//1730 200//1730 198//1730
f 1157//1731 198//1731 1158//1731
f 1158//1732 198//1732 197//1732
f 1158//1733 197//1733 1159//1733
f 1159//1734 197//1734 1160//1734
f 1159//1735 1160//1735 1161//1735
f 1161//1736 1160//1736 1162//1736
f 1161//1737 1162//1737 1163//1737
f 1163//1738 1164//1738 1161//1738
f 1161//1739 1164//1739 1165//1739
f 1161//1740 1165//1740 1159//1740
f 1159//1741 1165//1741 1166//1741
f 1159//1742 1166//1742 1158//1742
f 1158//1743 1166//1743 1167//1743
f 1158//1744 1167//1744 1157//1744
f 1157//1745 1167//1745 1107//1745
f 1157//1746 1107//1746 1156//1746
f 1156//1747 1107//1747 1106//1747
f 1156//1748 1106//1748 1155//1748
f 1155//1749 1106//1749 1105//1749
f 1155//1750 1105//1750 1154//1750
f 1154//1751 1105//1751 1104//1751
f 1154//1752 1104//1752 1153//1752
f 1153//1753 1104//1753 1103//1753
f 1153//1754 1103//1754 1152//1754
f 1152//1755 1103//1755 1102//1755
f 1152//1756 1102//1756 1151//1756
f 1151//1757 1102//1757 1101//1757
f 1151//1758 1101//1758 1150//1758
f 1150//1759 1101//1759 1100//1759
f 1150//1760 1100//1760 1149//1760
f 1149//1761 1100//1761 1099//1761
f 1149//1762 1099//1762 1148//1762
f 1148//1763 1099//1763 1098//1763
f 1148//1764 1098//1764 1147//1764
f 1147//1765 1098//1765 1097//1765
f 1147//1766 1097//1766 1146//1766
f 1146//1767 1097//1767 1096//1767
f 1146//1768 1096//1768 1145//1768
f 1145//1769 1096//1769 1095//1769
f 1145//1770 1095//1770 1144//1770
f 1144//1771 1095//1771 1094//1771
f 1144//1772 1094//1772 1143//1772
f 1143//1773 1094//1773 1093//1773
f 1143//1774 1093//1774 1142//1774
f 1142//1775 1093//1775 1092//1775
f 1142//1776 1092//1776 1141//1776
f 1141//1777 1092//1777 1091//1777
f 1141//1778 1091//1778 1140//1778
f 1140//1779 1091//1779 1090//1779
f 1140//1780 1090//1780 1139//1780
f 1139//1781 1090//1781 1089//1781
f 1139//1782 1089//1782 1138//1782
f 1138//1783 1089//1783 1088//1783
f 1138//1784 1088//1784 1137//1784
f 1137//1785 1088//1785 1087//1785
f 1137//1786 1087//1786 1136//1786
f 1136//1787 1087//1787 1086//1787
f 1136//1788 1086//1788 1135//1788
f 1135//1789 1086//1789 1085//1789
f 1135//1790 1085//1790 1134//1790
f 1134//1791 1085//1791 1084//1791
f 1134//1792 1084//1792 1133//1792
f 1133//1793 1084//1793 1083//1793
f 1133//1794 1083//1794 1132//1794
f 1132//1795 1083//1795 1082//1795
f 1132//1796 1082//1796 1131//1796
f 1131//1797 1082//1797 1081//1797
f 1131//1798 1081//1798 1130//1798
f 1130//1799 1081//1799 1080//1799
f 1130//1800 1080//1800 1129//1800
f 1129//1801 1080//1801 1079//1801
f 1129//1802 1079//1802 1128//1802
f 1128//1803 1079//1803 1078//1803
f 1128//1804 1078//1804 1127//1804
f 1127//1805 1078//1805 1077//1805
f 1127//1806 1077//1806 1126//1806
f 1126//1807 1077//1807 1076//1807
f 1126//1808 1076//1808 1125//1808
f 1125//1809 1076//1809 1075//1809
f 1125//1810 1075//1810 1124//1810
f 1124//1811 1075//1811 1074//1811
f 1124//1812 1074//1812 1123//1812
f 1123//1813 1074//1813 1073//1813
f 1123//1814 1073//1814 1122//1814
f 1122//1815 1073//1815 1072//1815
f 1122//1816 1072//1816 1121//1816
f 1121//1817 1072//1817 1071//1817
f 1121//1818 1071//1818 1120//1818
f 1120//1819 1071//1819 1070//1819
f 1120//1820 1070//1820 1119//1820
f 1119//1821 1070//1821 1069//1821
f 1119//1822 1069//1822 1118//1822
f 1118//1823 1069//1823 1068//1823
f 1118//1824 1068//1824 1117//1824
f 1117//1825 1068//1825 1067//1825
f 1117//1826 1067//1826 1116//1826
f 1116//1827 1067//1827 1066//1827
f 1116//1828 1066//1828 1115//1828
f 1115//1829 1066//1829 1065//1829
f 1115//1830 1065//1830 1114//1830
f 1114//1831 1065//1831 1064//1831
f 1114//1832 1064//1832 1113//1832
f 1113//1833 1064//1833 1063//1833
f 1113//1834 1063//1834 1112//1834
f 1112//1835 1063//1835 1062//1835
f 1112//1836 1062//1836 1111//1836
f 1111//1837 1062//1837 1061//1837
f 1111//1838 1061//1838 1110//1838
f 1110//1839 1061//1839 1060//1839
f 1110//1840 1060//1840 1109//1840
f 1109//1841 1060//1841 1059//1841
f 1109//1842 1059//1842 1108//1842
f 1108//1843 1059//1843 1058//1843
f 1108//1844 1058//1844 1045//1844
f 1045//1845 1058//1845 1057//1845
f 1045//1846 1057//1846 1043//1846
f 1043//1847 1057//1847 1056//1847
f 1043//1848 1056//1848 1049//1848
f 1049//1849 1056//1849 1055//1849
f 1049//1850 1055//1850 1048//1850
f 1048//1851 1055//1851 1054//1851
f 1048//1852 1054//1852 1053//1852
f 1053//1853 1054//1853 511//1853
f 1162//1854 1029//1854 1163//1854
f 1163//1855 1029//1855 1030//1855
f 1163//1856 1030//1856 1164//1856
f 1164//1857 1030//1857 1031//1857
f 1164//1858 1031//1858 1042//1858
f 446//1859 1107//1859 447//1859
f 447//1860 1107//1860 1167//1860
f 447//1861 1167//1861 448//1861
f 448//1862 1167//1862 1166//1862
f 448//1863 1166//1863 449//1863
f 449//1864 1166//1864 1165//1864
f 449//1865 1165//1865 450//1865
f 450//1866 1165//1866 1164//1866
f 450//1867 1164//1867 451//1867
f 451//1868 1164//1868 1042//1868
f 451//1869 1042//1869 885//1869
f 1168//1870 1169//1870 1170//1870
f 1171//1871 1172//1871 1173//1871
f 1174//1872 1175//1872 1028//1872
f 1175//1873 1174//1873 1176//1873
f 1176//1874 1174//1874 92//1874
f 1176//1875 92//1875 1177//1875
f 438//1876 1178//1876 439//1876
f 439//1877 1178//1877 1179//1877
f 439//1878 1179//1878 440//1878
f 440//1879 1179//1879 1180//1879
f 440//1880 1180//1880 436//1880
f 436//1881 1180//1881 1181//1881
f 436//1882 1181//1882 437//1882
f 437//1883 1181//1883 1182//1883
f 437//1884 1182//1884 389//1884
f 389//1885 1182//1885 1183//1885
f 389//1886 1183//1886 387//1886
f 387//1887 1183//1887 1184//1887
f 387//1888 1184//1888 979//1888
f 979//1889 1184//1889 1185//1889
f 979//1890 1185//1890 428//1890
f 428//1891 1185//1891 1186//1891
f 428//1892 1186//1892 430//1892
f 430//1893 1186//1893 1187//1893
f 430//1894 1187//1894 431//1894
f 431//1895 1187//1895 1188//1895
f 431//1896 1188//1896 960//1896
f 960//1897 1188//1897 1189//1897
f 960//1898 1189//1898 966//1898
f 966//1899 1189//1899 1190//1899
f 426//1900 424//1900 1190//1900
f 1190//1901 424//1901 423//1901
f 1190//1902 423//1902 966//1902
f 1190//1903 1191//1903 426//1903
f 426//1904 1191//1904 1192//1904
f 426//1905 1192//1905 997//1905
f 997//1906 1192//1906 1193//1906
f 420//1907 391//1907 1193//1907
f 1193//1908 391//1908 390//1908
f 1193//1909 390//1909 997//1909
f 1193//1910 1194//1910 420//1910
f 420//1911 1194//1911 1195//1911
f 420//1912 1195//1912 421//1912
f 421//1913 1195//1913 422//1913
f 92//1914 91//1914 1177//1914
f 1177//1915 91//1915 98//1915
f 1177//1916 98//1916 1196//1916
f 1196//1917 98//1917 97//1917
f 1196//1918 97//1918 1197//1918
f 1197//1919 97//1919 95//1919
f 1197//1920 95//1920 1198//1920
f 1198//1921 95//1921 94//1921
f 1198//1922 94//1922 1199//1922
f 1199//1923 94//1923 104//1923
f 1199//1924 104//1924 1200//1924
f 1200//1925 104//1925 103//1925
f 1200//1926 103//1926 1201//1926
f 1201//1927 103//1927 102//1927
f 1201//1928 102//1928 1202//1928
f 1202//1929 102//1929 100//1929
f 1202//1930 100//1930 1203//1930
f 1203//1931 100//1931 99//1931
f 1203//1932 99//1932 1204//1932
f 1204//1933 99//1933 105//1933
f 1204//1934 105//1934 1205//1934
f 1205//1935 105//1935 107//1935
f 1205//1936 107//1936 1206//1936
f 1206//1937 107//1937 109//1937
f 1206//1938 109//1938 1207//1938
f 1207//1939 109//1939 110//1939
f 1207//1940 110//1940 1208//1940
f 1208//1941 110//1941 112//1941
f 1208//1942 112//1942 1209//1942
f 1209//1943 112//1943 113//1943
f 1209//1944 113//1944 1210//1944
f 1210//1945 113//1945 117//1945
f 1210//1946 117//1946 1211//1946
f 1211//1947 117//1947 115//1947
f 1211//1948 115//1948 1212//1948
f 1212//1949 115//1949 114//1949
f 1212//1950 114//1950 1213//1950
f 1213//1951 114//1951 125//1951
f 1213//1952 125//1952 1214//1952
f 1214//1953 125//1953 124//1953
f 1214//1954 124//1954 1215//1954
f 1215//1955 124//1955 123//1955
f 1215//1956 123//1956 1216//1956
f 1216//1957 123//1957 122//1957
f 1216//1958 122//1958 1217//1958
f 1217//1959 122//1959 120//1959
f 1217//1960 120//1960 1218//1960
f 1218//1961 120//1961 128//1961
f 1218//1962 128//1962 1219//1962
f 1219//1963 128//1963 127//1963
f 1219//1964 127//1964 1220//1964
f 1220//1965 127//1965 126//1965
f 1220//1966 126//1966 1221//1966
f 1033//1967 1028//1967 1222//1967
f 1222//1968 1028//1968 1175//1968
f 1222//1969 1175//1969 1223//1969
f 1223//1970 1175//1970 1176//1970
f 1223//1971 1176//1971 1224//1971
f 1224//1972 1176//1972 1177//1972
f 1224//1973 1177//1973 1225//1973
f 1225//1974 1177//1974 1196//1974
f 1225//1975 1196//1975 1226//1975
f 1226//1976 1196//1976 1197//1976
f 1226//1977 1197//1977 1227//1977
f 1227//1978 1197//1978 1198//1978
f 1227//1979 1198//1979 1228//1979
f 1228//1980 1198//1980 1199//1980
f 1228//1981 1199//1981 1229//1981
f 1229//1982 1199//1982 1200//1982
f 1229//1983 1200//1983 1230//1983
f 1230//1984 1200//1984 1201//1984
f 1230//1985 1201//1985 1231//1985
f 1231//1986 1201//1986 1202//1986
f 1231//1987 1202//1987 1232//1987
f 1232//1988 1202//1988 1203//1988
f 1232//1989 1203//1989 1233//1989
f 1233//1990 1203//1990 1204//1990
f 1233//1991 1204//1991 1234//1991
f 1234//1992 1204//1992 1205//1992
f 1234//1993 1205//1993 1235//1993
f 1235//1994 1205//1994 1206//1994
f 1235//1995 1206//1995 1236//1995
f 1236//1996 1206//1996 1207//1996
f 1236//1997 1207//1997 1237//1997
f 1237//1998 1207//1998 1208//1998
f 1237//1999 1208//1999 1238//1999
f 1238//2000 1208//2000 1209//2000
f 1238//2001 1209//2001 1239//2001
f 1239//2002 1209//2002 1210//2002
f 1239//2003 1210//2003 1240//2003
f 1240//2004 1210//2004 1211//2004
f 1240//2005 1211//2005 1241//2005
f 1241//2006 1211//2006 1212//2006
f 1241//2007 1212//2007 1242//2007
f 1242//2008 1212//2008 1213//2008
f 1242//2009 1213//2009 1243//2009
f 1243//2010 1213//2010 1214//2010
f 1243//2011 1214//2011 1244//2011
f 1244//2012 1214//2012 1215//2012
f 1244//2013 1215//2013 1245//2013
f 1245//2014 1215//2014 1216//2014
f 1245//2015 1216//2015 1246//2015
f 1246//2016 1216//2016 1217//2016
f 1246//2017 1217//2017 1247//2017
f 1247//2018 1217//2018 1218//2018
f 1247//2019 1218//2019 1248//2019
f 1248//2020 1218//2020 1219//2020
f 1248//2021 1219//2021 1249//2021
f 1249//2022 1219//2022 1220//2022
f 1249//2023 1220//2023 1250//2023
f 1250//2024 1220//2024 1221//2024
f 1250//2025 1221//2025 1251//2025
f 1032//2026 1033//2026 1252//2026
f 1252//2027 1033//2027 1222//2027
f 1252//2028 1222//2028 1253//2028
f 1253//2029 1222//2029 1223//2029
f 1253//2030 1223//2030 1254//2030
f 1254//2031 1223//2031 1224//2031
f 1254//2032 1224//2032 1255//2032
f 1255//2033 1224//2033 1225//2033
f 1255//2034 1225//2034 1256//2034
f 1256//2035 1225//2035 1226//2035
f 1256//2036 1226//2036 1257//2036
f 1257//2037 1226//2037 1227//2037
f 1257//2038 1227//2038 1258//2038
f 1258//2039 1227//2039 1228//2039
f 1258//2040 1228//2040 1259//2040
f 1259//2041 1228//2041 1229//2041
f 1259//2042 1229//2042 1260//2042
f 1260//2043 1229//2043 1230//2043
f 1260//2044 1230//2044 1261//2044
f 1261//2045 1230//2045 1231//2045
f 1261//2046 1231//2046 1262//2046
f 1262//2047 1231//2047 1232//2047
f 1262//2048 1232//2048 1263//2048
f 1263//2049 1232//2049 1233//2049
f 1263//2050 1233//2050 1264//2050
f 1264//2051 1233//2051 1234//2051
f 1264//2052 1234//2052 1265//2052
f 1265//2053 1234//2053 1235//2053
f 1265//2054 1235//2054 1266//2054
f 1266//2055 1235//2055 1236//2055
f 1266//2056 1236//2056 1267//2056
f 1267//2057 1236//2057 1237//2057
f 1267//2058 1237//2058 1268//2058
f 1268//2059 1237//2059 1238//2059
f 1268//2060 1238//2060 1269//2060
f 1269//2061 1238//2061 1239//2061
f 1269//2062 1239//2062 1270//2062
f 1270//2063 1239//2063 1240//2063
f 1270//2064 1240//2064 1271//2064
f 1271//2065 1240//2065 1241//2065
f 1271//2066 1241//2066 1272//2066
f 1272//2067 1241//2067 1242//2067
f 1272//2068 1242//2068 1273//2068
f 1273//2069 1242//2069 1243//2069
f 1273//2070 1243//2070 1274//2070
f 1274//2071 1243//2071 1244//2071
f 1274//2072 1244//2072 1275//2072
f 1275//2073 1244//2073 1245//2073
f 1275//2074 1245//2074 1276//2074
f 1276//2075 1245//2075 1246//2075
f 1276//2076 1246//2076 1277//2076
f 1277//2077 1246//2077 1247//2077
f 1277//2078 1247//2078 1278//2078
f 1278//2079 1247//2079 1248//2079
f 1278//2080 1248//2080 1279//2080
f 1279//2081 1248//2081 1249//2081
f 1279//2082 1249//2082 1280//2082
f 1280//2083 1249//2083 1250//2083
f 1280//2084 1250//2084 1281//2084
f 1281//2085 1250//2085 1251//2085
f 1281//2086 1251//2086 1282//2086
f 438//2087 1032//2087 1178//2087
f 1178//2088 1032//2088 1252//2088
f 1178//2089 1252//2089 1179//2089
f 1179//2090 1252//2090 1253//2090
f 1179//2091 1253//2091 1180//2091
f 1180//2092 1253//2092 1254//2092
f 1180//2093 1254//2093 1181//2093
f 1181//2094 1254//2094 1255//2094
f 1181//2095 1255//2095 1182//2095
f 1182//2096 1255//2096 1256//2096
f 1182//2097 1256//2097 1183//2097
f 1183//2098 1256//2098 1257//2098
f 1183//2099 1257//2099 1184//2099
f 1184//2100 1257//2100 1258//2100
f 1184//2101 1258//2101 1185//2101
f 1185//2102 1258//2102 1259//2102
f 1185//2103 1259//2103 1186//2103
f 1186//2104 1259//2104 1260//2104
f 1186//2105 1260//2105 1187//2105
f 1187//2106 1260//2106 1261//2106
f 1187//2107 1261//2107 1188//2107
f 1188//2108 1261//2108 1262//2108
f 1188//2109 1262//2109 1189//2109
f 1189//2110 1262//2110 1263//2110
f 1189//2111 1263//2111 1190//2111
f 1190//2112 1263//2112 1264//2112
f 1190//2113 1264//2113 1191//2113
f 1191//2114 1264//2114 1265//2114
f 1191//2115 1265//2115 1192//2115
f 1192//2116 1265//2116 1266//2116
f 1192//2117 1266//2117 1193//2117
f 1193//2118 1266//2118 1267//2118
f 1193//2119 1267//2119 1194//2119
f 1194//2120 1267//2120 1268//2120
f 1194//2121 1268//2121 1195//2121
f 1195//2122 1268//2122 1269//2122
f 1195//2123 1269//2123 1283//2123
f 1283//2124 1269//2124 1270//2124
f 1283//2125 1270//2125 1284//2125
f 1284//2126 1270//2126 1271//2126
f 1284//2127 1271//2127 1285//2127
f 1285//2128 1271//2128 1272//2128
f 1285//2129 1272//2129 1286//2129
f 1286//2130 1272//2130 1273//2130
f 1286//2131 1273//2131 1287//2131
f 1287//2132 1273//2132 1274//2132
f 1287//2133 1274//2133 1288//2133
f 1288//2134 1274//2134 1275//2134
f 1288//2135 1275//2135 1289//2135
f 1289//2136 1275//2136 1276//2136
f 1289//2137 1276//2137 1290//2137
f 1290//2138 1276//2138 1277//2138
f 1290//2139 1277//2139 1291//2139
f 1291//2140 1277//2140 1278//2140
f 1291//2141 1278//2141 1292//2141
f 1292//2142 1278//2142 1279//2142
f 1292//2143 1279//2143 1293//2143
f 1293//2144 1279//2144 1280//2144
f 1293//2145 1280//2145 1294//2145
f 1294//2146 1280//2146 1281//2146
f 1294//2147 1281//2147 1295//2147
f 1295//2148 1281//2148 1282//2148
f 1295//2149 1282//2149 1170//2149
f 131//2150 130//2150 1171//2150
f 1171//2151 130//2151 1296//2151
f 1171//2152 1296//2152 1172//2152
f 1172//2153 1296//2153 1297//2153
f 1172//2154 1297//2154 1173//2154
f 1173//2155 1297//2155 1298//2155
f 1173//2156 1298//2156 1299//2156
f 286//2157 131//2157 1300//2157
f 1300//2158 131//2158 1171//2158
f 1300//2159 1171//2159 1301//2159
f 1301//2160 1171//2160 1173//2160
f 1301//2161 1173//2161 1302//2161
f 1302//2162 1173//2162 1299//2162
f 1302//2163 1299//2163 1303//2163
f 126//2164 286//2164 1221//2164
f 1221//2165 286//2165 1300//2165
f 1221//2166 1300//2166 1251//2166
f 1251//2167 1300//2167 1301//2167
f 1251//2168 1301//2168 1282//2168
f 1282//2169 1301//2169 1302//2169
f 1282//2170 1302//2170 1170//2170
f 1170//2171 1302//2171 1303//2171
f 1170//2172 1303//2172 1168//2172
f 422//2173 1195//2173 418//2173
f 418//2174 1195//2174 1283//2174
f 418//2175 1283//2175 419//2175
f 419//2176 1283//2176 1284//2176
f 419//2177 1284//2177 416//2177
f 416//2178 1284//2178 1285//2178
f 416//2179 1285//2179 415//2179
f 415//2180 1285//2180 1286//2180
f 415//2181 1286//2181 626//2181
f 626//2182 1286//2182 1287//2182
f 626//2183 1287//2183 411//2183
f 411//2183 1287//2183 1288//2183
f 411//2184 1288//2184 412//2184
f 412//2185 1288//2185 1289//2185
f 412//2186 1289//2186 406//2186
f 406//2187 1289//2187 1290//2187
f 406//2188 1290//2188 408//2188
f 408//2189 1290//2189 1291//2189
f 408//2190 1291//2190 409//2190
f 409//2191 1291//2191 1292//2191
f 409//2192 1292//2192 403//2192
f 403//2193 1292//2193 1293//2193
f 403//2194 1293//2194 393//2194
f 393//2195 1293//2195 1294//2195
f 393//2196 1294//2196 394//2196
f 394//2197 1294//2197 1295//2197
f 394//2198 1295//2198 397//2198
f 397//2199 1295//2199 1170//2199
f 397//2200 1170//2200 398//2200
f 398//2201 1170//2201 1169//2201
f 398//2202 1169//2202 400//2202
f 1304//2203 1050//2203 1051//2203
f 1304//2204 1051//2204 1305//2204
f 1305//2205 1306//2205 1304//2205
f 1304//2206 1306//2206 1307//2206
f 1304//2207 1307//2207 1308//2207
f 1308//2208 1307//2208 1309//2208
f 1308//2209 1309//2209 1310//2209
f 1310//2210 1309//2210 1311//2210
f 1310//2211 1311//2211 1312//2211
f 1312//2212 1311//2212 1313//2212
f 1312//2213 1313//2213 1314//2213
f 1314//2214 1313//2214 1315//2214
f 1314//2215 1315//2215 1316//2215
f 1298//2216 1297//2216 1317//2216
f 1316//2217 1315//2217 1317//2217
f 1317//2218 1315//2218 1299//2218
f 1317//2219 1299//2219 1298//2219
f 1052//2220 1053//2220 1318//2220
f 1319//2221 1315//2221 1320//2221
f 1320//2222 1315//2222 1313//2222
f 1320//2223 1313//2223 1321//2223
f 1321//2224 1313//2224 1311//2224
f 1321//2225 1311//2225 1322//2225
f 1322//2226 1311//2226 1309//2226
f 1322//2227 1309//2227 1323//2227
f 1323//2228 1309//2228 1307//2228
f 1323//2229 1307//2229 1324//2229
f 1324//2230 1307//2230 1306//2230
f 1324//2231 1306//2231 1318//2231
f 1318//2232 1306//2232 1305//2232
f 1318//2233 1305//2233 1052//2233
f 1052//2234 1305//2234 1051//2234
f 400//2235 1319//2235 518//2235
f 518//2236 1319//2236 1320//2236
f 518//2237 1320//2237 519//2237
f 519//2238 1320//2238 1321//2238
f 519//2239 1321//2239 369//2239
f 369//2240 1321//2240 1322//2240
f 369//2241 1322//2241 370//2241
f 370//2242 1322//2242 1323//2242
f 370//2243 1323//2243 513//2243
f 513//2244 1323//2244 1324//2244
f 513//2245 1324//2245 515//2245
f 515//2246 1324//2246 1318//2246
f 515//2247 1318//2247 516//2247
f 516//2248 1318//2248 1053//2248
f 516//2249 1053//2249 511//2249
f 400//2250 1169//2250 1319//2250
f 1319//2251 1169//2251 1168//2251
f 1319//2252 1168//2252 1315//2252
f 1315//2253 1168//2253 1303//2253
f 1315//2254 1303//2254 1299//2254
f 1325//2255 309//2255 296//2255
f 1326//2256 1325//2256 1327//2256
f 1050//2257 1326//2257 1328//2257
f 1325//2258 296//2258 1327//2258
f 1327//2259 296//2259 295//2259
f 1327//2260 295//2260 1329//2260
f 1329//2261 295//2261 298//2261
f 1329//2262 298//2262 1330//2262
f 1330//2263 298//2263 302//2263
f 1330//2264 302//2264 1331//2264
f 1326//2265 1327//2265 1328//2265
f 1328//2266 1327//2266 1329//2266
f 1328//2267 1329//2267 1332//2267
f 1332//2268 1329//2268 1330//2268
f 1332//2269 1330//2269 1333//2269
f 1333//2270 1330//2270 1331//2270
f 1333//2271 1331//2271 1334//2271
f 1050//2272 1328//2272 1046//2272
f 1046//2273 1328//2273 1332//2273
f 1046//2274 1332//2274 1047//2274
f 1047//2275 1332//2275 1333//2275
f 1047//2276 1333//2276 1044//2276
f 1044//2277 1333//2277 1334//2277
f 1044//2278 1334//2278 132//2278
f 1335//2279 299//2279 331//2279
f 1336//2280 1335//2280 1337//2280
f 1297//2281 1336//2281 1338//2281
f 1335//2282 331//2282 1337//2282
f 1337//2283 331//2283 330//2283
f 1337//2284 330//2284 1339//2284
f 1339//2285 330//2285 329//2285
f 1339//2286 329//2286 1340//2286
f 1340//2287 329//2287 328//2287
f 1340//2288 328//2288 1341//2288
f 1341//2289 328//2289 327//2289
f 1341//2290 327//2290 1342//2290
f 1342//2291 327//2291 311//2291
f 1342//2292 311//2292 1343//2292
f 1343//2293 311//2293 310//2293
f 1343//2294 310//2294 1344//2294
f 1344//2295 310//2295 309//2295
f 1344//2296 309//2296 1325//2296
f 1336//2297 1337//2297 1338//2297
f 1338//2298 1337//2298 1339//2298
f 1338//2299 1339//2299 1345//2299
f 1345//2300 1339//2300 1340//2300
f 1345//2301 1340//2301 1346//2301
f 1346//2302 1340//2302 1341//2302
f 1346//2303 1341//2303 1347//2303
f 1347//2304 1341//2304 1342//2304
f 1347//2305 1342//2305 1348//2305
f 1348//2306 1342//2306 1343//2306
f 1348//2307 1343//2307 1349//2307
f 1349//2308 1343//2308 1344//2308
f 1349//2309 1344//2309 1350//2309
f 1350//2310 1344//2310 1325//2310
f 1350//2311 1325//2311 1326//2311
f 1297//2312 1338//2312 1317//2312
f 1317//2313 1338//2313 1345//2313
f 1317//2314 1345//2314 1316//2314
f 1316//2315 1345//2315 1346//2315
f 1316//2316 1346//2316 1314//2316
f 1314//2317 1346//2317 1347//2317
f 1314//2318 1347//2318 1312//2318
f 1312//2319 1347//2319 1348//2319
f 1312//2320 1348//2320 1310//2320
f 1310//2321 1348//2321 1349//2321
f 1310//2322 1349//2322 1308//2322
f 1308//2323 1349//2323 1350//2323
f 1308//2324 1350//2324 1304//2324
f 1304//2325 1350//2325 1326//2325
f 1304//2326 1326//2326 1050//2326
f 285//2327 284//2327 1351//2327
f 44//2328 43//2328 1352//2328
f 47//2329 46//2329 1353//2329
f 50//2330 49//2330 1354//2330
f 53//2331 52//2331 1355//2331
f 56//2332 55//2332 1356//2332
f 273//2333 269//2333 1357//2333
f 268//2334 267//2334 1358//2334
f 266//2335 265//2335 1359//2335
f 264//2336 263//2336 1360//2336
f 262//2337 261//2337 1361//2337
f 260//2338 259//2338 1362//2338
f 1334//2339 1331//2339 1363//2339
f 1364//2340 316//2340 315//2340
f 1365//2341 317//2341 316//2341
f 1366//2342 318//2342 317//2342
f 1367//2343 319//2343 318//2343
f 1368//2344 320//2344 319//2344
f 1369//2345 297//2345 320//2345
f 1331//2346 302//2346 301//2346
f 1331//2346 301//2346 1363//2346
f 1363//2347 301//2347 326//2347
f 1363//2347 326//2347 1370//2347
f 1370//2348 326//2348 325//2348
f 1370//2348 325//2348 1371//2348
f 1371//2349 325//2349 324//2349
f 1371//2349 324//2349 1372//2349
f 1372//2350 324//2350 323//2350
f 1372//2350 323//2350 1373//2350
f 1373//2351 323//2351 322//2351
f 1373//2351 322//2351 1374//2351
f 1374//2352 322//2352 337//2352
f 1374//2352 337//2352 1375//2352
f 1375//2353 337//2353 333//2353
f 1375//2353 333//2353 1376//2353
f 308//2354 297//2354 1377//2354
f 1377//2354 297//2354 1369//2354
f 1377//2355 1369//2355 1355//2355
f 1364//2340 315//2340 1378//2340
f 1378//2356 315//2356 314//2356
f 1378//2356 314//2356 1379//2356
f 1379//2357 314//2357 313//2357
f 1379//2357 313//2357 1380//2357
f 1380//2358 313//2358 312//2358
f 1380//2358 312//2358 1381//2358
f 1381//2359 312//2359 307//2359
f 1381//2359 307//2359 1382//2359
f 1382//2360 307//2360 306//2360
f 1382//2360 306//2360 1383//2360
f 1383//2361 306//2361 305//2361
f 1383//2362 305//2362 1384//2362
f 1334//2339 1363//2339 1385//2339
f 1385//2363 1363//2363 1370//2363
f 1385//2363 1370//2363 1386//2363
f 1386//2364 1370//2364 1371//2364
f 1386//2364 1371//2364 1387//2364
f 1387//2365 1371//2365 1372//2365
f 1387//2365 1372//2365 1388//2365
f 1388//2366 1372//2366 1373//2366
f 1388//2366 1373//2366 1389//2366
f 1389//2367 1373//2367 1374//2367
f 1389//2367 1374//2367 1390//2367
f 1390//2368 1374//2368 1375//2368
f 1390//2368 1375//2368 1391//2368
f 1391//2369 1375//2369 1376//2369
f 1391//2369 1376//2369 1392//2369
f 1393//2370 1364//2370 1394//2370
f 1394//2371 1364//2371 1378//2371
f 1394//2371 1378//2371 1395//2371
f 1395//2372 1378//2372 1379//2372
f 1395//2373 1379//2373 1396//2373
f 1396//2374 1379//2374 1380//2374
f 1396//2374 1380//2374 1397//2374
f 1397//2375 1380//2375 1381//2375
f 1397//2375 1381//2375 1398//2375
f 1398//2376 1381//2376 1382//2376
f 1398//2376 1382//2376 1399//2376
f 1399//2377 1382//2377 1383//2377
f 1399//2377 1383//2377 1400//2377
f 1400//2378 1383//2378 1384//2378
f 1400//2378 1384//2378 1401//2378
f 132//2379 1334//2379 133//2379
f 133//2380 1334//2380 1385//2380
f 133//2381 1385//2381 136//2381
f 136//2382 1385//2382 1386//2382
f 136//2383 1386//2383 256//2383
f 256//2384 1386//2384 1387//2384
f 256//2385 1387//2385 255//2385
f 255//2386 1387//2386 1388//2386
f 255//2387 1388//2387 254//2387
f 254//2388 1388//2388 1389//2388
f 254//2389 1389//2389 253//2389
f 253//2390 1389//2390 1390//2390
f 253//2391 1390//2391 252//2391
f 252//2392 1390//2392 1391//2392
f 252//2393 1391//2393 251//2393
f 251//2394 1391//2394 1392//2394
f 251//2395 1392//2395 257//2395
f 257//2396 1392//2396 258//2396
f 259//2397 258//2397 1362//2397
f 1362//2398 258//2398 1392//2398
f 1362//2399 1392//2399 1402//2399
f 1402//2399 1392//2399 1376//2399
f 1402//2400 1376//2400 332//2400
f 332//2400 1376//2400 333//2400
f 261//2401 260//2401 1361//2401
f 1361//2402 260//2402 1362//2402
f 1361//2403 1362//2403 1403//2403
f 1403//2403 1362//2403 1402//2403
f 1403//2404 1402//2404 334//2404
f 334//2404 1402//2404 332//2404
f 263//2405 262//2405 1360//2405
f 1360//2406 262//2406 1361//2406
f 1360//2407 1361//2407 1404//2407
f 1404//2407 1361//2407 1403//2407
f 1404//2408 1403//2408 335//2408
f 335//2409 1403//2409 334//2409
f 265//2410 264//2410 1359//2410
f 1359//2411 264//2411 1360//2411
f 1359//2412 1360//2412 1405//2412
f 1405//2412 1360//2412 1404//2412
f 1405//2413 1404//2413 336//2413
f 336//2414 1404//2414 335//2414
f 267//2415 266//2415 1358//2415
f 1358//2416 266//2416 1359//2416
f 1358//2417 1359//2417 1406//2417
f 1406//2418 1359//2418 1405//2418
f 1406//2419 1405//2419 321//2419
f 321//2419 1405//2419 336//2419
f 269//2420 268//2420 1357//2420
f 1357//2421 268//2421 1358//2421
f 1357//2422 1358//2422 1407//2422
f 1407//2423 1358//2423 1406//2423
f 1407//2424 1406//2424 303//2424
f 303//2424 1406//2424 321//2424
f 303//2425 304//2425 1407//2425
f 1407//2425 304//2425 1408//2425
f 1407//2426 1408//2426 1357//2426
f 1357//2426 1408//2426 1356//2426
f 1357//2427 1356//2427 273//2427
f 273//2428 1356//2428 55//2428
f 304//2429 308//2429 1408//2429
f 1408//2429 308//2429 1377//2429
f 1408//2430 1377//2430 1356//2430
f 1356//2430 1377//2430 1355//2430
f 1356//2431 1355//2431 56//2431
f 56//2432 1355//2432 52//2432
f 320//2345 1368//2345 1369//2345
f 1369//2433 1368//2433 1354//2433
f 1369//2355 1354//2355 1355//2355
f 1355//2434 1354//2434 49//2434
f 1355//2435 49//2435 53//2435
f 319//2344 1367//2344 1368//2344
f 1368//2436 1367//2436 1353//2436
f 1368//2433 1353//2433 1354//2433
f 1354//2437 1353//2437 46//2437
f 1354//2438 46//2438 50//2438
f 318//2343 1366//2343 1367//2343
f 1367//2439 1366//2439 1352//2439
f 1367//2436 1352//2436 1353//2436
f 1353//2440 1352//2440 43//2440
f 1353//2441 43//2441 47//2441
f 317//2342 1365//2342 1366//2342
f 1366//2442 1365//2442 1351//2442
f 1366//2439 1351//2439 1352//2439
f 1352//2443 1351//2443 284//2443
f 1352//2444 284//2444 44//2444
f 316//2341 1364//2341 1365//2341
f 1365//2370 1364//2370 1393//2370
f 1365//2442 1393//2442 1351//2442
f 1351//2445 1393//2445 294//2445
f 1351//2446 294//2446 285//2446
f 1401//2447 130//2447 1400//2447
f 1400//2448 130//2448 129//2448
f 1400//2449 129//2449 1399//2449
f 1399//2450 129//2450 287//2450
f 1399//2451 287//2451 1398//2451
f 1398//2452 287//2452 288//2452
f 1398//2453 288//2453 1397//2453
f 1397//2454 288//2454 289//2454
f 1397//2455 289//2455 1396//2455
f 1396//2456 289//2456 290//2456
f 1396//2457 290//2457 1395//2457
f 1395//2458 290//2458 291//2458
f 1395//2459 291//2459 1394//2459
f 1394//2460 291//2460 292//2460
f 1394//2461 292//2461 1393//2461
f 1393//2462 292//2462 293//2462
f 1393//2463 293//2463 294//2463
f 1296//2464 130//2464 1409//2464
f 1409//2465 130//2465 1401//2465
f 1409//2466 1401//2466 1410//2466
f 1410//2467 1401//2467 1384//2467
f 1410//2468 1384//2468 300//2468
f 300//2469 1384//2469 305//2469
f 1297//2470 1296//2470 1336//2470
f 1336//2471 1296//2471 1409//2471
f 1336//2472 1409//2472 1335//2472
f 1335//2473 1409//2473 1410//2473
f 1335//2474 1410//2474 299//2474
f 299//2475 1410//2475 300//2475
f 1411//2476 1028//2476 1026//2476
f 1412//2477 1411//2477 1413//2477
f 3//2478 1412//2478 1414//2478
f 1411//2479 1026//2479 1413//2479
f 1413//2480 1026//2480 1024//2480
f 1413//2481 1024//2481 1415//2481
f 1415//2482 1024//2482 1022//2482
f 1415//2483 1022//2483 1416//2483
f 1416//2484 1022//2484 1020//2484
f 1416//2485 1020//2485 1417//2485
f 1417//2486 1020//2486 1018//2486
f 1417//2487 1018//2487 1418//2487
f 1418//2488 1018//2488 1016//2488
f 1418//2489 1016//2489 1419//2489
f 1419//2490 1016//2490 1014//2490
f 1419//2491 1014//2491 1420//2491
f 1420//2492 1014//2492 1029//2492
f 1420//2493 1029//2493 1421//2493
f 1412//2494 1413//2494 1414//2494
f 1414//2495 1413//2495 1415//2495
f 1414//2496 1415//2496 1422//2496
f 1422//2497 1415//2497 1416//2497
f 1422//2498 1416//2498 1423//2498
f 1423//2499 1416//2499 1417//2499
f 1423//2500 1417//2500 1424//2500
f 1424//2501 1417//2501 1418//2501
f 1424//2502 1418//2502 1425//2502
f 1425//2503 1418//2503 1419//2503
f 1425//2504 1419//2504 1426//2504
f 1426//2505 1419//2505 1420//2505
f 1426//2506 1420//2506 1427//2506
f 1427//2507 1420//2507 1421//2507
f 1427//2508 1421//2508 1428//2508
f 3//2509 1414//2509 23//2509
f 23//2510 1414//2510 1422//2510
f 23//2511 1422//2511 24//2511
f 24//2512 1422//2512 1423//2512
f 24//2513 1423//2513 25//2513
f 25//2514 1423//2514 1424//2514
f 25//2515 1424//2515 26//2515
f 26//2516 1424//2516 1425//2516
f 26//2517 1425//2517 27//2517
f 27//2518 1425//2518 1426//2518
f 27//2519 1426//2519 28//2519
f 28//2520 1426//2520 1427//2520
f 28//2521 1427//2521 29//2521
f 29//2522 1427//2522 1428//2522
f 29//2523 1428//2523 30//2523
f 2//2524 6//2524 1429//2524
f 1429//2525 6//2525 1430//2525
f 1429//2526 1430//2526 1431//2526
f 1431//2527 1430//2527 1432//2527
f 1431//2528 1432//2528 1174//2528
f 1174//2529 1432//2529 92//2529
f 3//2530 2//2530 1412//2530
f 1412//2531 2//2531 1429//2531
f 1412//2532 1429//2532 1411//2532
f 1411//2533 1429//2533 1431//2533
f 1411//2534 1431//2534 1028//2534
f 1028//2535 1431//2535 1174//2535
f 7//2536 30//2536 1433//2536
f 1433//2537 30//2537 1428//2537
f 1433//2538 1428//2538 1434//2538
f 1434//2539 1428//2539 1421//2539
f 1434//2540 1421//2540 1162//2540
f 1162//2541 1421//2541 1029//2541
f 8//2542 7//2542 1435//2542
f 1435//2543 7//2543 1433//2543
f 1435//2544 1433//2544 1436//2544
f 1436//2545 1433//2545 1434//2545
f 1436//2546 1434//2546 1160//2546
f 1160//2547 1434//2547 1162//2547
f 9//2548 8//2548 1437//2548
f 1437//2549 8//2549 1435//2549
f 1437//2550 1435//2550 1438//2550
f 1438//2551 1435//2551 1436//2551
f 1438//2552 1436//2552 197//2552
f 197//2553 1436//2553 1160//2553
f 9//2554 1437//2554 1439//2554
f 1437//2555 1438//2555 1440//2555
f 1438//2556 197//2556 1440//2556
f 1440//2557 197//2557 199//2557
f 1440//2558 199//2558 1441//2558
f 1441//2559 199//2559 192//2559
f 1441//2560 192//2560 1442//2560
f 1442//2561 192//2561 191//2561
f 1442//2562 191//2562 1443//2562
f 1443//2563 191//2563 186//2563
f 1443//2564 186//2564 1444//2564
f 1444//2565 186//2565 185//2565
f 1444//2566 185//2566 1445//2566
f 1445//2567 185//2567 182//2567
f 1445//2568 182//2568 1446//2568
f 1446//2569 182//2569 90//2569
f 1446//2570 90//2570 1447//2570
f 90//2571 176//2571 1447//2571
f 1447//2572 176//2572 179//2572
f 1447//2573 179//2573 1448//2573
f 179//2574 86//2574 1448//2574
f 1448//2575 86//2575 85//2575
f 1448//2576 85//2576 1449//2576
f 85//2577 83//2577 1449//2577
f 1449//2578 83//2578 82//2578
f 1449//2579 82//2579 1450//2579
f 82//2580 80//2580 1450//2580
f 1450//2581 80//2581 79//2581
f 1450//2582 79//2582 1451//2582
f 79//2583 77//2583 1451//2583
f 1451//2584 77//2584 76//2584
f 1451//2585 76//2585 1452//2585
f 1452//2586 76//2586 74//2586
f 68//2587 1453//2587 1454//2587
f 74//2588 73//2588 1452//2588
f 1452//2589 73//2589 71//2589
f 1452//2590 71//2590 1454//2590
f 1454//2591 71//2591 70//2591
f 1454//2592 70//2592 68//2592
f 68//2593 67//2593 1453//2593
f 1453//2594 67//2594 203//2594
f 1453//2595 203//2595 1455//2595
f 203//2596 202//2596 1455//2596
f 1455//2597 202//2597 206//2597
f 1455//2598 206//2598 1456//2598
f 206//2599 205//2599 1456//2599
f 1456//2600 205//2600 211//2600
f 1456//2601 211//2601 1457//2601
f 211//2602 210//2602 1457//2602
f 1457//2603 210//2603 209//2603
f 1457//2604 209//2604 1458//2604
f 209//2605 208//2605 1458//2605
f 1458//2606 208//2606 65//2606
f 1458//2607 65//2607 1459//2607
f 65//2608 64//2608 1459//2608
f 1459//2609 64//2609 62//2609
f 1459//2610 62//2610 1460//2610
f 92//2611 1432//2611 93//2611
f 93//2612 1432//2612 1461//2612
f 93//2613 1461//2613 96//2613
f 96//2614 1461//2614 1462//2614
f 96//2615 1462//2615 101//2615
f 101//2616 1462//2616 1463//2616
f 101//2617 1463//2617 212//2617
f 212//2618 1463//2618 1464//2618
f 212//2619 1464//2619 214//2619
f 214//2620 1464//2620 1465//2620
f 214//2621 1465//2621 216//2621
f 216//2622 1465//2622 1466//2622
f 216//2623 1466//2623 218//2623
f 218//2624 1466//2624 1467//2624
f 218//2625 1467//2625 220//2625
f 220//2626 1467//2626 1460//2626
f 220//2627 1460//2627 61//2627
f 61//2628 1460//2628 62//2628
f 1437//2555 1440//2555 1439//2555
f 1439//2629 1440//2629 1441//2629
f 1439//2629 1441//2629 1468//2629
f 1468//2630 1441//2630 1442//2630
f 1468//2630 1442//2630 1469//2630
f 1469//2631 1442//2631 1443//2631
f 1469//2631 1443//2631 1470//2631
f 1470//2632 1443//2632 1444//2632
f 1470//2632 1444//2632 1471//2632
f 1471//2633 1444//2633 1445//2633
f 1471//2633 1445//2633 1472//2633
f 1472//2634 1445//2634 1446//2634
f 1472//2634 1446//2634 1473//2634
f 1473//2635 1446//2635 1447//2635
f 1473//2635 1447//2635 1474//2635
f 1474//2636 1447//2636 1448//2636
f 1474//2636 1448//2636 1475//2636
f 1475//2637 1448//2637 1449//2637
f 1475//2637 1449//2637 1476//2637
f 1476//2638 1449//2638 1450//2638
f 1476//2638 1450//2638 1477//2638
f 1477//2639 1450//2639 1451//2639
f 1477//2639 1451//2639 1478//2639
f 1478//2640 1451//2640 1452//2640
f 1478//2640 1452//2640 1479//2640
f 1479//2641 1452//2641 1454//2641
f 1479//2641 1454//2641 1480//2641
f 1480//2642 1454//2642 1453//2642
f 1480//2642 1453//2642 1481//2642
f 1481//2643 1453//2643 1455//2643
f 1481//2643 1455//2643 1482//2643
f 1482//2644 1455//2644 1456//2644
f 1482//2644 1456//2644 1483//2644
f 1483//2645 1456//2645 1457//2645
f 1483//2645 1457//2645 1484//2645
f 1484//2646 1457//2646 1458//2646
f 1484//2646 1458//2646 1485//2646
f 1485//2647 1458//2647 1459//2647
f 1485//2647 1459//2647 1486//2647
f 1486//2648 1459//2648 1460//2648
f 1486//2648 1460//2648 1487//2648
f 1487//2649 1460//2649 1467//2649
f 1487//2649 1467//2649 1488//2649
f 1488//2650 1467//2650 1466//2650
f 1488//2650 1466//2650 1489//2650
f 1489//2651 1466//2651 1465//2651
f 1489//2652 1465//2652 1490//2652
f 1490//2653 1465//2653 1464//2653
f 1490//2653 1464//2653 1491//2653
f 1491//2654 1464//2654 1463//2654
f 1491//2654 1463//2654 1492//2654
f 1492//2655 1463//2655 1462//2655
f 1492//2655 1462//2655 1493//2655
f 1493//2656 1462//2656 1461//2656
f 1493//2656 1461//2656 1494//2656
f 1494//2657 1461//2657 1432//2657
f 1494//2657 1432//2657 1430//2657
f 9//2554 1439//2554 10//2554
f 10//2658 1439//2658 1468//2658
f 10//2658 1468//2658 31//2658
f 31//2659 1468//2659 1469//2659
f 31//2659 1469//2659 32//2659
f 32//2660 1469//2660 1470//2660
f 32//2661 1470//2661 33//2661
f 33//2662 1470//2662 1471//2662
f 33//2662 1471//2662 37//2662
f 37//2663 1471//2663 1472//2663
f 37//2663 1472//2663 38//2663
f 38//2664 1472//2664 1473//2664
f 38//2665 1473//2665 39//2665
f 39//2666 1473//2666 1474//2666
f 39//2666 1474//2666 40//2666
f 40//2667 1474//2667 1475//2667
f 40//2667 1475//2667 41//2667
f 41//2668 1475//2668 1476//2668
f 41//2668 1476//2668 42//2668
f 42//2669 1476//2669 1477//2669
f 42//2670 1477//2670 1//2670
f 1//2671 1477//2671 1478//2671
f 1//2672 1478//2672 12//2672
f 12//2673 1478//2673 1479//2673
f 12//2673 1479//2673 13//2673
f 13//2674 1479//2674 1480//2674
f 13//2674 1480//2674 14//2674
f 14//2675 1480//2675 1481//2675
f 14//2675 1481//2675 15//2675
f 15//2676 1481//2676 1482//2676
f 15//2676 1482//2676 16//2676
f 16//2677 1482//2677 1483//2677
f 16//2677 1483//2677 17//2677
f 17//2678 1483//2678 1484//2678
f 17//2679 1484//2679 18//2679
f 18//2680 1484//2680 1485//2680
f 18//2680 1485//2680 19//2680
f 19//2681 1485//2681 1486//2681
f 19//2681 1486//2681 20//2681
f 20//2682 1486//2682 1487//2682
f 20//2682 1487//2682 21//2682
f 21//2683 1487//2683 1488//2683
f 21//2683 1488//2683 22//2683
f 22//2684 1488//2684 1489//2684
f 22//2684 1489//2684 34//2684
f 34//2685 1489//2685 1490//2685
f 34//2685 1490//2685 35//2685
f 35//2686 1490//2686 1491//2686
f 35//2686 1491//2686 36//2686
f 36//2687 1491//2687 1492//2687
f 36//2687 1492//2687 11//2687
f 11//2688 1492//2688 1493//2688
f 11//2688 1493//2688 4//2688
f 4//2689 1493//2689 1494//2689
f 4//2689 1494//2689 5//2689
f 5//2690 1494//2690 1430//2690
f 5//2690 1430//2690 6//2690
